<?xml version="1.0" encoding="UTF-8"?>
<gpx version="1.1" creator="TubeRun route generator" xmlns="http://www.topografix.com/GPX/1/1">
  <metadata>
    <name>Bakerloo line — TubeRun</name>
    <desc>Above-ground running route tracing the Bakerloo line, station to station. Routed on pavements and footways from OpenStreetMap data (BRouter, hiking-beta).</desc>
    <author><name>TubeRun</name></author>
    <copyright author="OpenStreetMap contributors"><license>https://opendatacommons.org/licenses/odbl/1-0/</license></copyright>
    <link href="https://www.openstreetmap.org/copyright"><text>© OpenStreetMap contributors</text></link>
    <time>2026-07-05T08:28:35.531Z</time>
  </metadata>
  <wpt lat="51.4943" lon="-0.1001"><name>Elephant &amp; Castle</name></wpt>
  <wpt lat="51.4991" lon="-0.1115"><name>Lambeth North</name></wpt>
  <wpt lat="51.5036" lon="-0.1143"><name>Waterloo</name></wpt>
  <wpt lat="51.5074" lon="-0.1223"><name>Embankment</name></wpt>
  <wpt lat="51.5074" lon="-0.1278"><name>Charing Cross</name></wpt>
  <wpt lat="51.51" lon="-0.1337"><name>Piccadilly Circus</name></wpt>
  <wpt lat="51.5152" lon="-0.1418"><name>Oxford Circus</name></wpt>
  <wpt lat="51.5234" lon="-0.1466"><name>Regent's Park</name></wpt>
  <wpt lat="51.5226" lon="-0.1571"><name>Baker Street</name></wpt>
  <wpt lat="51.5225" lon="-0.1631"><name>Marylebone</name></wpt>
  <wpt lat="51.5203" lon="-0.1701"><name>Edgware Road</name></wpt>
  <wpt lat="51.5154" lon="-0.1755"><name>Paddington</name></wpt>
  <wpt lat="51.5232" lon="-0.1838"><name>Warwick Avenue</name></wpt>
  <wpt lat="51.5299" lon="-0.1855"><name>Maida Vale</name></wpt>
  <wpt lat="51.535" lon="-0.1944"><name>Kilburn Park</name></wpt>
  <wpt lat="51.5341" lon="-0.2047"><name>Queen's Park</name></wpt>
  <wpt lat="51.5304" lon="-0.2249"><name>Kensal Green</name></wpt>
  <wpt lat="51.532" lon="-0.2438"><name>Willesden Junction</name></wpt>
  <wpt lat="51.5362" lon="-0.2575"><name>Harlesden</name></wpt>
  <wpt lat="51.5439" lon="-0.2755"><name>Stonebridge Park</name></wpt>
  <wpt lat="51.5519" lon="-0.2963"><name>Wembley Central</name></wpt>
  <wpt lat="51.5621" lon="-0.3037"><name>North Wembley</name></wpt>
  <wpt lat="51.57" lon="-0.3081"><name>South Kenton</name></wpt>
  <wpt lat="51.5816" lon="-0.3162"><name>Kenton</name></wpt>
  <wpt lat="51.5925" lon="-0.3346"><name>Harrow &amp; Wealdstone</name></wpt>
  <trk>
    <name>Bakerloo line</name>
    <trkseg>
      <trkpt lat="51.494483" lon="-0.100198"><ele>2</ele></trkpt>
      <trkpt lat="51.494483" lon="-0.100244"><ele>2</ele></trkpt>
      <trkpt lat="51.494483" lon="-0.100262"><ele>2</ele></trkpt>
      <trkpt lat="51.494493" lon="-0.10027"><ele>2</ele></trkpt>
      <trkpt lat="51.494513" lon="-0.10027"><ele>2</ele></trkpt>
      <trkpt lat="51.494519" lon="-0.10027"><ele>2</ele></trkpt>
      <trkpt lat="51.494519" lon="-0.100261"><ele>2</ele></trkpt>
      <trkpt lat="51.494519" lon="-0.100254"><ele>2</ele></trkpt>
      <trkpt lat="51.494519" lon="-0.100244"><ele>2</ele></trkpt>
      <trkpt lat="51.494513" lon="-0.100244"><ele>2</ele></trkpt>
      <trkpt lat="51.494492" lon="-0.100244"><ele>2</ele></trkpt>
      <trkpt lat="51.494485" lon="-0.100255"><ele>2</ele></trkpt>
      <trkpt lat="51.494485" lon="-0.100262"><ele>2</ele></trkpt>
      <trkpt lat="51.494485" lon="-0.100274"><ele>2</ele></trkpt>
      <trkpt lat="51.494493" lon="-0.100274"><ele>2</ele></trkpt>
      <trkpt lat="51.494513" lon="-0.100274"><ele>2</ele></trkpt>
      <trkpt lat="51.494524" lon="-0.100288"><ele>2.25</ele></trkpt>
      <trkpt lat="51.494524" lon="-0.100298"><ele>2.25</ele></trkpt>
      <trkpt lat="51.494519" lon="-0.100305"><ele>2.25</ele></trkpt>
      <trkpt lat="51.494511" lon="-0.100315"><ele>2.25</ele></trkpt>
      <trkpt lat="51.494497" lon="-0.100335"><ele>2.25</ele></trkpt>
      <trkpt lat="51.494485" lon="-0.100353"><ele>2.25</ele></trkpt>
      <trkpt lat="51.494479" lon="-0.100443"><ele>2.5</ele></trkpt>
      <trkpt lat="51.494479" lon="-0.100459"><ele>2.75</ele></trkpt>
      <trkpt lat="51.494657" lon="-0.100459"><ele>3.25</ele></trkpt>
      <trkpt lat="51.494731" lon="-0.100453"><ele>3.5</ele></trkpt>
      <trkpt lat="51.494873" lon="-0.100508"><ele>3.75</ele></trkpt>
      <trkpt lat="51.494951" lon="-0.100463"><ele>3.75</ele></trkpt>
      <trkpt lat="51.494979" lon="-0.100429"><ele>3.75</ele></trkpt>
      <trkpt lat="51.495228" lon="-0.100436"><ele>4</ele></trkpt>
      <trkpt lat="51.49542" lon="-0.100612"><ele>4</ele></trkpt>
      <trkpt lat="51.495441" lon="-0.100618"><ele>4</ele></trkpt>
      <trkpt lat="51.495516" lon="-0.100655"><ele>4</ele></trkpt>
      <trkpt lat="51.495572" lon="-0.100685"><ele>4</ele></trkpt>
      <trkpt lat="51.49563" lon="-0.100708"><ele>4</ele></trkpt>
      <trkpt lat="51.495672" lon="-0.100718"><ele>4</ele></trkpt>
      <trkpt lat="51.495705" lon="-0.100726"><ele>4</ele></trkpt>
      <trkpt lat="51.495721" lon="-0.100728"><ele>4</ele></trkpt>
      <trkpt lat="51.495718" lon="-0.100774"><ele>4</ele></trkpt>
      <trkpt lat="51.495724" lon="-0.100818"><ele>4</ele></trkpt>
      <trkpt lat="51.495737" lon="-0.100849"><ele>3.75</ele></trkpt>
      <trkpt lat="51.49579" lon="-0.10092"><ele>3.5</ele></trkpt>
      <trkpt lat="51.495923" lon="-0.101076"><ele>3.25</ele></trkpt>
      <trkpt lat="51.496158" lon="-0.101348"><ele>3.25</ele></trkpt>
      <trkpt lat="51.496325" lon="-0.101565"><ele>3.75</ele></trkpt>
      <trkpt lat="51.496362" lon="-0.101614"><ele>3.75</ele></trkpt>
      <trkpt lat="51.496376" lon="-0.10163"><ele>3.75</ele></trkpt>
      <trkpt lat="51.496386" lon="-0.101644"><ele>3.75</ele></trkpt>
      <trkpt lat="51.496412" lon="-0.101675"><ele>3.75</ele></trkpt>
      <trkpt lat="51.496971" lon="-0.102361"><ele>3.75</ele></trkpt>
      <trkpt lat="51.497007" lon="-0.102423"><ele>3.75</ele></trkpt>
      <trkpt lat="51.497059" lon="-0.102532"><ele>3.5</ele></trkpt>
      <trkpt lat="51.497097" lon="-0.102594"><ele>3.25</ele></trkpt>
      <trkpt lat="51.497648" lon="-0.10329"><ele>3.75</ele></trkpt>
      <trkpt lat="51.497767" lon="-0.103429"><ele>4</ele></trkpt>
      <trkpt lat="51.497775" lon="-0.103441"><ele>4</ele></trkpt>
      <trkpt lat="51.497799" lon="-0.10347"><ele>4</ele></trkpt>
      <trkpt lat="51.497822" lon="-0.103499"><ele>4</ele></trkpt>
      <trkpt lat="51.497836" lon="-0.103517"><ele>4</ele></trkpt>
      <trkpt lat="51.498457" lon="-0.104298"><ele>4</ele></trkpt>
      <trkpt lat="51.498438" lon="-0.10433"><ele>4</ele></trkpt>
      <trkpt lat="51.498423" lon="-0.104355"><ele>4</ele></trkpt>
      <trkpt lat="51.49841" lon="-0.104375"><ele>4</ele></trkpt>
      <trkpt lat="51.498402" lon="-0.104391"><ele>4</ele></trkpt>
      <trkpt lat="51.498458" lon="-0.10447"><ele>3.75</ele></trkpt>
      <trkpt lat="51.498451" lon="-0.104485"><ele>3.75</ele></trkpt>
      <trkpt lat="51.498438" lon="-0.104508"><ele>3.5</ele></trkpt>
      <trkpt lat="51.498426" lon="-0.10453"><ele>3.5</ele></trkpt>
      <trkpt lat="51.498407" lon="-0.104565"><ele>3.25</ele></trkpt>
      <trkpt lat="51.498441" lon="-0.104625"><ele>3</ele></trkpt>
      <trkpt lat="51.498461" lon="-0.104695"><ele>3</ele></trkpt>
      <trkpt lat="51.498466" lon="-0.10478"><ele>2.75</ele></trkpt>
      <trkpt lat="51.498461" lon="-0.104845"><ele>2.75</ele></trkpt>
      <trkpt lat="51.498445" lon="-0.104908"><ele>2.75</ele></trkpt>
      <trkpt lat="51.498459" lon="-0.10493"><ele>2.75</ele></trkpt>
      <trkpt lat="51.498481" lon="-0.104963"><ele>3</ele></trkpt>
      <trkpt lat="51.498504" lon="-0.104996"><ele>3</ele></trkpt>
      <trkpt lat="51.498529" lon="-0.105059"><ele>3.5</ele></trkpt>
      <trkpt lat="51.498605" lon="-0.105126"><ele>3.75</ele></trkpt>
      <trkpt lat="51.4986" lon="-0.105198"><ele>3.75</ele></trkpt>
      <trkpt lat="51.498553" lon="-0.105748"><ele>3.5</ele></trkpt>
      <trkpt lat="51.498605" lon="-0.105768"><ele>3.75</ele></trkpt>
      <trkpt lat="51.49864" lon="-0.105784"><ele>4</ele></trkpt>
      <trkpt lat="51.498676" lon="-0.105802"><ele>4</ele></trkpt>
      <trkpt lat="51.4987" lon="-0.105817"><ele>4</ele></trkpt>
      <trkpt lat="51.498704" lon="-0.105868"><ele>3.75</ele></trkpt>
      <trkpt lat="51.498714" lon="-0.105928"><ele>3.5</ele></trkpt>
      <trkpt lat="51.498724" lon="-0.105984"><ele>3.25</ele></trkpt>
      <trkpt lat="51.498733" lon="-0.106033"><ele>3.25</ele></trkpt>
      <trkpt lat="51.498701" lon="-0.106054"><ele>3</ele></trkpt>
      <trkpt lat="51.498685" lon="-0.106196"><ele>3</ele></trkpt>
      <trkpt lat="51.498681" lon="-0.106236"><ele>3</ele></trkpt>
      <trkpt lat="51.498677" lon="-0.106277"><ele>3</ele></trkpt>
      <trkpt lat="51.498674" lon="-0.106307"><ele>3</ele></trkpt>
      <trkpt lat="51.498644" lon="-0.106651"><ele>3</ele></trkpt>
      <trkpt lat="51.49867" lon="-0.106659"><ele>3</ele></trkpt>
      <trkpt lat="51.498715" lon="-0.106673"><ele>3</ele></trkpt>
      <trkpt lat="51.498842" lon="-0.10687"><ele>3</ele></trkpt>
      <trkpt lat="51.498823" lon="-0.106907"><ele>3</ele></trkpt>
      <trkpt lat="51.498794" lon="-0.107339"><ele>3</ele></trkpt>
      <trkpt lat="51.498897" lon="-0.10743"><ele>3</ele></trkpt>
      <trkpt lat="51.498944" lon="-0.107372"><ele>3</ele></trkpt>
      <trkpt lat="51.499128" lon="-0.107664"><ele>3.5</ele></trkpt>
      <trkpt lat="51.499175" lon="-0.107697"><ele>3.5</ele></trkpt>
      <trkpt lat="51.499252" lon="-0.107865"><ele>3.25</ele></trkpt>
      <trkpt lat="51.499302" lon="-0.107969"><ele>3</ele></trkpt>
      <trkpt lat="51.499337" lon="-0.108037"><ele>3</ele></trkpt>
      <trkpt lat="51.499367" lon="-0.108066"><ele>3</ele></trkpt>
      <trkpt lat="51.49943" lon="-0.108192"><ele>3</ele></trkpt>
      <trkpt lat="51.499499" lon="-0.108342"><ele>3</ele></trkpt>
      <trkpt lat="51.499561" lon="-0.108471"><ele>3</ele></trkpt>
      <trkpt lat="51.499647" lon="-0.108697"><ele>3</ele></trkpt>
      <trkpt lat="51.499666" lon="-0.108747"><ele>3</ele></trkpt>
      <trkpt lat="51.49968" lon="-0.108805"><ele>3</ele></trkpt>
      <trkpt lat="51.499703" lon="-0.108791"><ele>3</ele></trkpt>
      <trkpt lat="51.499713" lon="-0.108785"><ele>3</ele></trkpt>
      <trkpt lat="51.49984" lon="-0.109312"><ele>3</ele></trkpt>
      <trkpt lat="51.499831" lon="-0.109318"><ele>3</ele></trkpt>
      <trkpt lat="51.499807" lon="-0.109332"><ele>3</ele></trkpt>
      <trkpt lat="51.49981" lon="-0.109344"><ele>3</ele></trkpt>
      <trkpt lat="51.499823" lon="-0.109397"><ele>3</ele></trkpt>
      <trkpt lat="51.499836" lon="-0.109451"><ele>3</ele></trkpt>
      <trkpt lat="51.499838" lon="-0.109459"><ele>3</ele></trkpt>
      <trkpt lat="51.499812" lon="-0.109474"><ele>3</ele></trkpt>
      <trkpt lat="51.499807" lon="-0.109492"><ele>3</ele></trkpt>
      <trkpt lat="51.499859" lon="-0.109718"><ele>3</ele></trkpt>
      <trkpt lat="51.499856" lon="-0.109774"><ele>3</ele></trkpt>
      <trkpt lat="51.49992" lon="-0.110047"><ele>3</ele></trkpt>
      <trkpt lat="51.499917" lon="-0.110074"><ele>3</ele></trkpt>
      <trkpt lat="51.49993" lon="-0.110136"><ele>3</ele></trkpt>
      <trkpt lat="51.499857" lon="-0.110188"><ele>3</ele></trkpt>
      <trkpt lat="51.499321" lon="-0.110563"><ele>3.5</ele></trkpt>
      <trkpt lat="51.499467" lon="-0.111104"><ele>3</ele></trkpt>
      <trkpt lat="51.499389" lon="-0.111211"><ele>3</ele></trkpt>
      <trkpt lat="51.499307" lon="-0.111263"><ele>3</ele></trkpt>
      <trkpt lat="51.499236" lon="-0.111258"><ele>3</ele></trkpt>
      <trkpt lat="51.499179" lon="-0.111237"><ele>3</ele></trkpt>
      <trkpt lat="51.499236" lon="-0.111258"><ele>3</ele></trkpt>
      <trkpt lat="51.499307" lon="-0.111263"><ele>3</ele></trkpt>
      <trkpt lat="51.499389" lon="-0.111211"><ele>3</ele></trkpt>
      <trkpt lat="51.499467" lon="-0.111104"><ele>3</ele></trkpt>
      <trkpt lat="51.499321" lon="-0.110563"><ele>3.5</ele></trkpt>
      <trkpt lat="51.499857" lon="-0.110188"><ele>3</ele></trkpt>
      <trkpt lat="51.49993" lon="-0.110136"><ele>3</ele></trkpt>
      <trkpt lat="51.499937" lon="-0.110189"><ele>3</ele></trkpt>
      <trkpt lat="51.499961" lon="-0.110206"><ele>3</ele></trkpt>
      <trkpt lat="51.500191" lon="-0.111013"><ele>3.75</ele></trkpt>
      <trkpt lat="51.500199" lon="-0.111008"><ele>3.75</ele></trkpt>
      <trkpt lat="51.500227" lon="-0.110988"><ele>3.75</ele></trkpt>
      <trkpt lat="51.500254" lon="-0.11097"><ele>3.75</ele></trkpt>
      <trkpt lat="51.500277" lon="-0.110952"><ele>3.75</ele></trkpt>
      <trkpt lat="51.500304" lon="-0.110932"><ele>4</ele></trkpt>
      <trkpt lat="51.500329" lon="-0.110912"><ele>4</ele></trkpt>
      <trkpt lat="51.500337" lon="-0.110939"><ele>4</ele></trkpt>
      <trkpt lat="51.500366" lon="-0.111034"><ele>4</ele></trkpt>
      <trkpt lat="51.500392" lon="-0.111118"><ele>4</ele></trkpt>
      <trkpt lat="51.500401" lon="-0.111146"><ele>4</ele></trkpt>
      <trkpt lat="51.500508" lon="-0.111053"><ele>4</ele></trkpt>
      <trkpt lat="51.500747" lon="-0.11087"><ele>4</ele></trkpt>
      <trkpt lat="51.501039" lon="-0.110713"><ele>4</ele></trkpt>
      <trkpt lat="51.501158" lon="-0.110672"><ele>4</ele></trkpt>
      <trkpt lat="51.501236" lon="-0.110651"><ele>4</ele></trkpt>
      <trkpt lat="51.501398" lon="-0.110626"><ele>4</ele></trkpt>
      <trkpt lat="51.50157" lon="-0.110614"><ele>4</ele></trkpt>
      <trkpt lat="51.501618" lon="-0.110624"><ele>4</ele></trkpt>
      <trkpt lat="51.50164" lon="-0.11066"><ele>4</ele></trkpt>
      <trkpt lat="51.501664" lon="-0.110653"><ele>4</ele></trkpt>
      <trkpt lat="51.50169" lon="-0.110646"><ele>4</ele></trkpt>
      <trkpt lat="51.501715" lon="-0.11064"><ele>4</ele></trkpt>
      <trkpt lat="51.501745" lon="-0.110645"><ele>4</ele></trkpt>
      <trkpt lat="51.501778" lon="-0.110664"><ele>4</ele></trkpt>
      <trkpt lat="51.50177" lon="-0.110738"><ele>4</ele></trkpt>
      <trkpt lat="51.501838" lon="-0.110839"><ele>3.75</ele></trkpt>
      <trkpt lat="51.501916" lon="-0.110966"><ele>3</ele></trkpt>
      <trkpt lat="51.501942" lon="-0.111036"><ele>2.75</ele></trkpt>
      <trkpt lat="51.501978" lon="-0.111157"><ele>2.75</ele></trkpt>
      <trkpt lat="51.501988" lon="-0.11125"><ele>2.75</ele></trkpt>
      <trkpt lat="51.501992" lon="-0.111376"><ele>2.75</ele></trkpt>
      <trkpt lat="51.501978" lon="-0.1115"><ele>2.75</ele></trkpt>
      <trkpt lat="51.501948" lon="-0.111607"><ele>2.75</ele></trkpt>
      <trkpt lat="51.501926" lon="-0.111662"><ele>2.75</ele></trkpt>
      <trkpt lat="51.501963" lon="-0.111698"><ele>2.75</ele></trkpt>
      <trkpt lat="51.502026" lon="-0.111774"><ele>2.75</ele></trkpt>
      <trkpt lat="51.502035" lon="-0.111785"><ele>2.75</ele></trkpt>
      <trkpt lat="51.501987" lon="-0.111886"><ele>2.5</ele></trkpt>
      <trkpt lat="51.50198" lon="-0.1119"><ele>2.5</ele></trkpt>
      <trkpt lat="51.501987" lon="-0.111909"><ele>2.5</ele></trkpt>
      <trkpt lat="51.502" lon="-0.11193"><ele>2.5</ele></trkpt>
      <trkpt lat="51.50239" lon="-0.111332"><ele>2.25</ele></trkpt>
      <trkpt lat="51.502414" lon="-0.111367"><ele>2.5</ele></trkpt>
      <trkpt lat="51.50248" lon="-0.111386"><ele>2.75</ele></trkpt>
      <trkpt lat="51.502491" lon="-0.111406"><ele>2.75</ele></trkpt>
      <trkpt lat="51.502531" lon="-0.111477"><ele>3</ele></trkpt>
      <trkpt lat="51.502582" lon="-0.111574"><ele>3</ele></trkpt>
      <trkpt lat="51.502545" lon="-0.111631"><ele>3</ele></trkpt>
      <trkpt lat="51.50266" lon="-0.111787"><ele>3</ele></trkpt>
      <trkpt lat="51.502724" lon="-0.111874"><ele>3</ele></trkpt>
      <trkpt lat="51.502808" lon="-0.111989"><ele>3</ele></trkpt>
      <trkpt lat="51.502881" lon="-0.11209"><ele>3.25</ele></trkpt>
      <trkpt lat="51.502931" lon="-0.112022"><ele>3.5</ele></trkpt>
      <trkpt lat="51.503037" lon="-0.112199"><ele>3.75</ele></trkpt>
      <trkpt lat="51.503" lon="-0.112255"><ele>3.75</ele></trkpt>
      <trkpt lat="51.503134" lon="-0.112553"><ele>4</ele></trkpt>
      <trkpt lat="51.503232" lon="-0.112776"><ele>4.5</ele></trkpt>
      <trkpt lat="51.503254" lon="-0.112826"><ele>4.5</ele></trkpt>
      <trkpt lat="51.503374" lon="-0.113209"><ele>5</ele></trkpt>
      <trkpt lat="51.503427" lon="-0.113378"><ele>5.25</ele></trkpt>
      <trkpt lat="51.503438" lon="-0.113414"><ele>5.25</ele></trkpt>
      <trkpt lat="51.503468" lon="-0.113507"><ele>5.25</ele></trkpt>
      <trkpt lat="51.503414" lon="-0.113548"><ele>5.25</ele></trkpt>
      <trkpt lat="51.503446" lon="-0.113658"><ele>5.25</ele></trkpt>
      <trkpt lat="51.503515" lon="-0.113863"><ele>5.5</ele></trkpt>
      <trkpt lat="51.503587" lon="-0.114137"><ele>5.75</ele></trkpt>
      <trkpt lat="51.503596" lon="-0.114174"><ele>5.75</ele></trkpt>
      <trkpt lat="51.503587" lon="-0.114137"><ele>5.75</ele></trkpt>
      <trkpt lat="51.503574" lon="-0.114149"><ele>5.75</ele></trkpt>
      <trkpt lat="51.503544" lon="-0.114068"><ele>5.75</ele></trkpt>
      <trkpt lat="51.503471" lon="-0.113937"><ele>5.25</ele></trkpt>
      <trkpt lat="51.503568" lon="-0.113823"><ele>5.75</ele></trkpt>
      <trkpt lat="51.503782" lon="-0.113835"><ele>6.5</ele></trkpt>
      <trkpt lat="51.503837" lon="-0.113831"><ele>6.75</ele></trkpt>
      <trkpt lat="51.503837" lon="-0.114026"><ele>6.75</ele></trkpt>
      <trkpt lat="51.503939" lon="-0.114119"><ele>6.5</ele></trkpt>
      <trkpt lat="51.503962" lon="-0.114102"><ele>6.25</ele></trkpt>
      <trkpt lat="51.503998" lon="-0.114212"><ele>6</ele></trkpt>
      <trkpt lat="51.504005" lon="-0.114232"><ele>5.75</ele></trkpt>
      <trkpt lat="51.504014" lon="-0.114255"><ele>5.5</ele></trkpt>
      <trkpt lat="51.504026" lon="-0.114295"><ele>5.5</ele></trkpt>
      <trkpt lat="51.504034" lon="-0.114319"><ele>5.25</ele></trkpt>
      <trkpt lat="51.504042" lon="-0.114346"><ele>5.25</ele></trkpt>
      <trkpt lat="51.504076" lon="-0.11446"><ele>5</ele></trkpt>
      <trkpt lat="51.504087" lon="-0.114454"><ele>5</ele></trkpt>
      <trkpt lat="51.504106" lon="-0.11444"><ele>5</ele></trkpt>
      <trkpt lat="51.504123" lon="-0.114428"><ele>5</ele></trkpt>
      <trkpt lat="51.504191" lon="-0.114393"><ele>5</ele></trkpt>
      <trkpt lat="51.504213" lon="-0.114506"><ele>5</ele></trkpt>
      <trkpt lat="51.504223" lon="-0.11454"><ele>5</ele></trkpt>
      <trkpt lat="51.504235" lon="-0.114585"><ele>5</ele></trkpt>
      <trkpt lat="51.504244" lon="-0.114619"><ele>5</ele></trkpt>
      <trkpt lat="51.50426" lon="-0.114657"><ele>5</ele></trkpt>
      <trkpt lat="51.504279" lon="-0.114702"><ele>5</ele></trkpt>
      <trkpt lat="51.504285" lon="-0.114723"><ele>4.75</ele></trkpt>
      <trkpt lat="51.504294" lon="-0.114752"><ele>4.75</ele></trkpt>
      <trkpt lat="51.504864" lon="-0.115442"><ele>3.75</ele></trkpt>
      <trkpt lat="51.504893" lon="-0.115477"><ele>3.75</ele></trkpt>
      <trkpt lat="51.505094" lon="-0.116066"><ele>4</ele></trkpt>
      <trkpt lat="51.505125" lon="-0.116157"><ele>4</ele></trkpt>
      <trkpt lat="51.505132" lon="-0.116178"><ele>4</ele></trkpt>
      <trkpt lat="51.50514" lon="-0.116201"><ele>4</ele></trkpt>
      <trkpt lat="51.505172" lon="-0.11617"><ele>4</ele></trkpt>
      <trkpt lat="51.505185" lon="-0.116208"><ele>4</ele></trkpt>
      <trkpt lat="51.505187" lon="-0.116213"><ele>4</ele></trkpt>
      <trkpt lat="51.505195" lon="-0.116238"><ele>4</ele></trkpt>
      <trkpt lat="51.505268" lon="-0.116448"><ele>4</ele></trkpt>
      <trkpt lat="51.50531" lon="-0.116566"><ele>3.75</ele></trkpt>
      <trkpt lat="51.505366" lon="-0.116738"><ele>4</ele></trkpt>
      <trkpt lat="51.505676" lon="-0.117651"><ele>4.25</ele></trkpt>
      <trkpt lat="51.505723" lon="-0.117786"><ele>4</ele></trkpt>
      <trkpt lat="51.505699" lon="-0.117879"><ele>4.25</ele></trkpt>
      <trkpt lat="51.505725" lon="-0.11793"><ele>4.5</ele></trkpt>
      <trkpt lat="51.505745" lon="-0.118042"><ele>4.75</ele></trkpt>
      <trkpt lat="51.505759" lon="-0.118084"><ele>4.5</ele></trkpt>
      <trkpt lat="51.506931" lon="-0.121869"><ele>4.25</ele></trkpt>
      <trkpt lat="51.50703" lon="-0.122205"><ele>4.25</ele></trkpt>
      <trkpt lat="51.507049" lon="-0.122188"><ele>4.25</ele></trkpt>
      <trkpt lat="51.507156" lon="-0.122107"><ele>4.25</ele></trkpt>
      <trkpt lat="51.507183" lon="-0.122088"><ele>4.25</ele></trkpt>
      <trkpt lat="51.507193" lon="-0.122119"><ele>4.5</ele></trkpt>
      <trkpt lat="51.507199" lon="-0.122138"><ele>4.5</ele></trkpt>
      <trkpt lat="51.507269" lon="-0.122353"><ele>5</ele></trkpt>
      <trkpt lat="51.507251" lon="-0.122365"><ele>5</ele></trkpt>
      <trkpt lat="51.507216" lon="-0.122394"><ele>4.75</ele></trkpt>
      <trkpt lat="51.5072" lon="-0.122341"><ele>4.75</ele></trkpt>
      <trkpt lat="51.507193" lon="-0.12232"><ele>4.75</ele></trkpt>
      <trkpt lat="51.507185" lon="-0.122292"><ele>4.75</ele></trkpt>
      <trkpt lat="51.507203" lon="-0.122279"><ele>4.75</ele></trkpt>
      <trkpt lat="51.5073" lon="-0.122198"><ele>4.75</ele></trkpt>
      <trkpt lat="51.507203" lon="-0.122279"><ele>4.75</ele></trkpt>
      <trkpt lat="51.507185" lon="-0.122292"><ele>4.75</ele></trkpt>
      <trkpt lat="51.507193" lon="-0.12232"><ele>4.75</ele></trkpt>
      <trkpt lat="51.5072" lon="-0.122341"><ele>4.75</ele></trkpt>
      <trkpt lat="51.507216" lon="-0.122394"><ele>4.75</ele></trkpt>
      <trkpt lat="51.507251" lon="-0.122365"><ele>5</ele></trkpt>
      <trkpt lat="51.507269" lon="-0.122353"><ele>5</ele></trkpt>
      <trkpt lat="51.507312" lon="-0.12248"><ele>5.25</ele></trkpt>
      <trkpt lat="51.507374" lon="-0.12267"><ele>5</ele></trkpt>
      <trkpt lat="51.507328" lon="-0.122679"><ele>5</ele></trkpt>
      <trkpt lat="51.507295" lon="-0.122701"><ele>5</ele></trkpt>
      <trkpt lat="51.506854" lon="-0.123075"><ele>5</ele></trkpt>
      <trkpt lat="51.506808" lon="-0.123113"><ele>5</ele></trkpt>
      <trkpt lat="51.506762" lon="-0.123136"><ele>5</ele></trkpt>
      <trkpt lat="51.50683" lon="-0.123597"><ele>5.75</ele></trkpt>
      <trkpt lat="51.506845" lon="-0.123637"><ele>6</ele></trkpt>
      <trkpt lat="51.506845" lon="-0.123669"><ele>6</ele></trkpt>
      <trkpt lat="51.506855" lon="-0.123734"><ele>6</ele></trkpt>
      <trkpt lat="51.50686" lon="-0.123774"><ele>6</ele></trkpt>
      <trkpt lat="51.506876" lon="-0.123812"><ele>6</ele></trkpt>
      <trkpt lat="51.507031" lon="-0.124693"><ele>6.25</ele></trkpt>
      <trkpt lat="51.507122" lon="-0.125218"><ele>6</ele></trkpt>
      <trkpt lat="51.507132" lon="-0.125278"><ele>6</ele></trkpt>
      <trkpt lat="51.50714" lon="-0.125322"><ele>6</ele></trkpt>
      <trkpt lat="51.507147" lon="-0.125367"><ele>6</ele></trkpt>
      <trkpt lat="51.507155" lon="-0.125406"><ele>6.25</ele></trkpt>
      <trkpt lat="51.507173" lon="-0.125505"><ele>6.5</ele></trkpt>
      <trkpt lat="51.507304" lon="-0.12629"><ele>7</ele></trkpt>
      <trkpt lat="51.507408" lon="-0.126847"><ele>7.5</ele></trkpt>
      <trkpt lat="51.507456" lon="-0.126987"><ele>7.75</ele></trkpt>
      <trkpt lat="51.507545" lon="-0.127018"><ele>8</ele></trkpt>
      <trkpt lat="51.507551" lon="-0.127088"><ele>8</ele></trkpt>
      <trkpt lat="51.507571" lon="-0.127158"><ele>8.25</ele></trkpt>
      <trkpt lat="51.507587" lon="-0.12721"><ele>8.25</ele></trkpt>
      <trkpt lat="51.507602" lon="-0.127272"><ele>8.25</ele></trkpt>
      <trkpt lat="51.507557" lon="-0.1273"><ele>8</ele></trkpt>
      <trkpt lat="51.507515" lon="-0.127355"><ele>8</ele></trkpt>
      <trkpt lat="51.507471" lon="-0.127413"><ele>7.75</ele></trkpt>
      <trkpt lat="51.507452" lon="-0.127477"><ele>7.75</ele></trkpt>
      <trkpt lat="51.507449" lon="-0.127713"><ele>8.25</ele></trkpt>
      <trkpt lat="51.507415" lon="-0.127843"><ele>8.25</ele></trkpt>
      <trkpt lat="51.507392" lon="-0.127818"><ele>7.25</ele></trkpt>
      <trkpt lat="51.507415" lon="-0.127843"><ele>8.25</ele></trkpt>
      <trkpt lat="51.507432" lon="-0.127937"><ele>8.5</ele></trkpt>
      <trkpt lat="51.507446" lon="-0.127996"><ele>8.75</ele></trkpt>
      <trkpt lat="51.507461" lon="-0.128058"><ele>8.75</ele></trkpt>
      <trkpt lat="51.507458" lon="-0.128226"><ele>8.75</ele></trkpt>
      <trkpt lat="51.507489" lon="-0.128226"><ele>8.75</ele></trkpt>
      <trkpt lat="51.507517" lon="-0.128227"><ele>9</ele></trkpt>
      <trkpt lat="51.507556" lon="-0.128229"><ele>9</ele></trkpt>
      <trkpt lat="51.50756" lon="-0.128431"><ele>9</ele></trkpt>
      <trkpt lat="51.507575" lon="-0.128589"><ele>9</ele></trkpt>
      <trkpt lat="51.507592" lon="-0.128639"><ele>9</ele></trkpt>
      <trkpt lat="51.507639" lon="-0.128692"><ele>9</ele></trkpt>
      <trkpt lat="51.50763" lon="-0.128746"><ele>9</ele></trkpt>
      <trkpt lat="51.507621" lon="-0.128799"><ele>9</ele></trkpt>
      <trkpt lat="51.507613" lon="-0.128833"><ele>9</ele></trkpt>
      <trkpt lat="51.507634" lon="-0.129094"><ele>9</ele></trkpt>
      <trkpt lat="51.507641" lon="-0.129174"><ele>9</ele></trkpt>
      <trkpt lat="51.507752" lon="-0.130211"><ele>10</ele></trkpt>
      <trkpt lat="51.507775" lon="-0.130245"><ele>10</ele></trkpt>
      <trkpt lat="51.507817" lon="-0.130259"><ele>10</ele></trkpt>
      <trkpt lat="51.507806" lon="-0.130312"><ele>10</ele></trkpt>
      <trkpt lat="51.507793" lon="-0.130363"><ele>10.25</ele></trkpt>
      <trkpt lat="51.507785" lon="-0.130407"><ele>10.25</ele></trkpt>
      <trkpt lat="51.507882" lon="-0.130482"><ele>10</ele></trkpt>
      <trkpt lat="51.507894" lon="-0.130491"><ele>10</ele></trkpt>
      <trkpt lat="51.507929" lon="-0.13052"><ele>9.75</ele></trkpt>
      <trkpt lat="51.507948" lon="-0.130536"><ele>9.75</ele></trkpt>
      <trkpt lat="51.507823" lon="-0.130918"><ele>10.75</ele></trkpt>
      <trkpt lat="51.507819" lon="-0.130954"><ele>10.75</ele></trkpt>
      <trkpt lat="51.507825" lon="-0.130992"><ele>11</ele></trkpt>
      <trkpt lat="51.507857" lon="-0.13103"><ele>11</ele></trkpt>
      <trkpt lat="51.508073" lon="-0.131221"><ele>12</ele></trkpt>
      <trkpt lat="51.508093" lon="-0.131226"><ele>12</ele></trkpt>
      <trkpt lat="51.50812" lon="-0.131254"><ele>12</ele></trkpt>
      <trkpt lat="51.508132" lon="-0.131268"><ele>12</ele></trkpt>
      <trkpt lat="51.508153" lon="-0.131292"><ele>12</ele></trkpt>
      <trkpt lat="51.508166" lon="-0.131306"><ele>12</ele></trkpt>
      <trkpt lat="51.508164" lon="-0.131319"><ele>12</ele></trkpt>
      <trkpt lat="51.50817" lon="-0.131331"><ele>12</ele></trkpt>
      <trkpt lat="51.508594" lon="-0.131691"><ele>12.75</ele></trkpt>
      <trkpt lat="51.508586" lon="-0.131724"><ele>12.75</ele></trkpt>
      <trkpt lat="51.508555" lon="-0.131809"><ele>12.75</ele></trkpt>
      <trkpt lat="51.508541" lon="-0.131859"><ele>12.5</ele></trkpt>
      <trkpt lat="51.508527" lon="-0.131898"><ele>12.5</ele></trkpt>
      <trkpt lat="51.50865" lon="-0.132012"><ele>13.25</ele></trkpt>
      <trkpt lat="51.509196" lon="-0.132503"><ele>16</ele></trkpt>
      <trkpt lat="51.50932" lon="-0.132612"><ele>16.5</ele></trkpt>
      <trkpt lat="51.509441" lon="-0.132726"><ele>16.75</ele></trkpt>
      <trkpt lat="51.509458" lon="-0.132742"><ele>17</ele></trkpt>
      <trkpt lat="51.509475" lon="-0.132762"><ele>17</ele></trkpt>
      <trkpt lat="51.509486" lon="-0.132771"><ele>17</ele></trkpt>
      <trkpt lat="51.5095" lon="-0.132786"><ele>17</ele></trkpt>
      <trkpt lat="51.50966" lon="-0.132948"><ele>17.75</ele></trkpt>
      <trkpt lat="51.509668" lon="-0.132958"><ele>17.75</ele></trkpt>
      <trkpt lat="51.509682" lon="-0.132972"><ele>17.75</ele></trkpt>
      <trkpt lat="51.509717" lon="-0.133006"><ele>17.75</ele></trkpt>
      <trkpt lat="51.509727" lon="-0.133015"><ele>18</ele></trkpt>
      <trkpt lat="51.509737" lon="-0.133018"><ele>18</ele></trkpt>
      <trkpt lat="51.510019" lon="-0.133342"><ele>19</ele></trkpt>
      <trkpt lat="51.510033" lon="-0.133362"><ele>19</ele></trkpt>
      <trkpt lat="51.510045" lon="-0.133402"><ele>19.25</ele></trkpt>
      <trkpt lat="51.510025" lon="-0.133568"><ele>19.75</ele></trkpt>
      <trkpt lat="51.510005" lon="-0.133704"><ele>19.75</ele></trkpt>
      <trkpt lat="51.509994" lon="-0.133779"><ele>19.75</ele></trkpt>
      <trkpt lat="51.509985" lon="-0.133906"><ele>19.75</ele></trkpt>
      <trkpt lat="51.509986" lon="-0.134175"><ele>19.75</ele></trkpt>
      <trkpt lat="51.509993" lon="-0.134261"><ele>19.75</ele></trkpt>
      <trkpt lat="51.510017" lon="-0.134258"><ele>20</ele></trkpt>
      <trkpt lat="51.510041" lon="-0.134253"><ele>20</ele></trkpt>
      <trkpt lat="51.510061" lon="-0.134251"><ele>19.75</ele></trkpt>
      <trkpt lat="51.510169" lon="-0.134242"><ele>20</ele></trkpt>
      <trkpt lat="51.510174" lon="-0.134249"><ele>20</ele></trkpt>
      <trkpt lat="51.510186" lon="-0.134256"><ele>20</ele></trkpt>
      <trkpt lat="51.510197" lon="-0.13429"><ele>20</ele></trkpt>
      <trkpt lat="51.510203" lon="-0.134308"><ele>20</ele></trkpt>
      <trkpt lat="51.51021" lon="-0.134328"><ele>20</ele></trkpt>
      <trkpt lat="51.51022" lon="-0.134354"><ele>20</ele></trkpt>
      <trkpt lat="51.510229" lon="-0.134379"><ele>20</ele></trkpt>
      <trkpt lat="51.510241" lon="-0.13441"><ele>20</ele></trkpt>
      <trkpt lat="51.510245" lon="-0.134423"><ele>19.75</ele></trkpt>
      <trkpt lat="51.510252" lon="-0.134439"><ele>20</ele></trkpt>
      <trkpt lat="51.510242" lon="-0.134452"><ele>20</ele></trkpt>
      <trkpt lat="51.510224" lon="-0.134509"><ele>20</ele></trkpt>
      <trkpt lat="51.510213" lon="-0.134622"><ele>20.25</ele></trkpt>
      <trkpt lat="51.510258" lon="-0.13483"><ele>20.75</ele></trkpt>
      <trkpt lat="51.510269" lon="-0.134872"><ele>20.75</ele></trkpt>
      <trkpt lat="51.510299" lon="-0.134989"><ele>20.25</ele></trkpt>
      <trkpt lat="51.510364" lon="-0.135209"><ele>20</ele></trkpt>
      <trkpt lat="51.510419" lon="-0.135864"><ele>22</ele></trkpt>
      <trkpt lat="51.510468" lon="-0.136554"><ele>22.25</ele></trkpt>
      <trkpt lat="51.510469" lon="-0.136566"><ele>22.25</ele></trkpt>
      <trkpt lat="51.510523" lon="-0.136601"><ele>22.5</ele></trkpt>
      <trkpt lat="51.51056" lon="-0.136623"><ele>22.75</ele></trkpt>
      <trkpt lat="51.510823" lon="-0.136781"><ele>23</ele></trkpt>
      <trkpt lat="51.510819" lon="-0.136788"><ele>23</ele></trkpt>
      <trkpt lat="51.510798" lon="-0.136829"><ele>23</ele></trkpt>
      <trkpt lat="51.510827" lon="-0.136841"><ele>23</ele></trkpt>
      <trkpt lat="51.510858" lon="-0.136854"><ele>23</ele></trkpt>
      <trkpt lat="51.511229" lon="-0.137234"><ele>24</ele></trkpt>
      <trkpt lat="51.511299" lon="-0.137306"><ele>24</ele></trkpt>
      <trkpt lat="51.511511" lon="-0.137529"><ele>24.25</ele></trkpt>
      <trkpt lat="51.511493" lon="-0.137574"><ele>24.25</ele></trkpt>
      <trkpt lat="51.511487" lon="-0.137589"><ele>24</ele></trkpt>
      <trkpt lat="51.511736" lon="-0.137848"><ele>23.75</ele></trkpt>
      <trkpt lat="51.511755" lon="-0.137854"><ele>23.75</ele></trkpt>
      <trkpt lat="51.512073" lon="-0.138195"><ele>25</ele></trkpt>
      <trkpt lat="51.512075" lon="-0.138189"><ele>25</ele></trkpt>
      <trkpt lat="51.512082" lon="-0.138176"><ele>25</ele></trkpt>
      <trkpt lat="51.512108" lon="-0.138203"><ele>25</ele></trkpt>
      <trkpt lat="51.512135" lon="-0.138215"><ele>25</ele></trkpt>
      <trkpt lat="51.512017" lon="-0.138485"><ele>25</ele></trkpt>
      <trkpt lat="51.512433" lon="-0.13902"><ele>25</ele></trkpt>
      <trkpt lat="51.512494" lon="-0.139092"><ele>25</ele></trkpt>
      <trkpt lat="51.512772" lon="-0.139459"><ele>24.75</ele></trkpt>
      <trkpt lat="51.513329" lon="-0.140167"><ele>24</ele></trkpt>
      <trkpt lat="51.51335" lon="-0.140193"><ele>24</ele></trkpt>
      <trkpt lat="51.513521" lon="-0.140417"><ele>23.75</ele></trkpt>
      <trkpt lat="51.51381" lon="-0.140717"><ele>24</ele></trkpt>
      <trkpt lat="51.513694" lon="-0.141"><ele>24</ele></trkpt>
      <trkpt lat="51.513702" lon="-0.141006"><ele>24</ele></trkpt>
      <trkpt lat="51.51375" lon="-0.141047"><ele>24</ele></trkpt>
      <trkpt lat="51.513781" lon="-0.141075"><ele>24</ele></trkpt>
      <trkpt lat="51.51379" lon="-0.141078"><ele>24</ele></trkpt>
      <trkpt lat="51.513823" lon="-0.141108"><ele>24</ele></trkpt>
      <trkpt lat="51.514109" lon="-0.141374"><ele>24.75</ele></trkpt>
      <trkpt lat="51.514394" lon="-0.141534"><ele>25</ele></trkpt>
      <trkpt lat="51.514399" lon="-0.141536"><ele>25</ele></trkpt>
      <trkpt lat="51.514408" lon="-0.141542"><ele>25</ele></trkpt>
      <trkpt lat="51.514442" lon="-0.141553"><ele>25</ele></trkpt>
      <trkpt lat="51.514451" lon="-0.141556"><ele>25</ele></trkpt>
      <trkpt lat="51.515194" lon="-0.141811"><ele>26.75</ele></trkpt>
      <trkpt lat="51.515201" lon="-0.141808"><ele>26.75</ele></trkpt>
      <trkpt lat="51.515233" lon="-0.141789"><ele>26.75</ele></trkpt>
      <trkpt lat="51.51524" lon="-0.141795"><ele>26.75</ele></trkpt>
      <trkpt lat="51.515261" lon="-0.141803"><ele>26.75</ele></trkpt>
      <trkpt lat="51.515285" lon="-0.14181"><ele>27</ele></trkpt>
      <trkpt lat="51.5153" lon="-0.141814"><ele>27</ele></trkpt>
      <trkpt lat="51.515323" lon="-0.141822"><ele>27</ele></trkpt>
      <trkpt lat="51.515352" lon="-0.141829"><ele>27</ele></trkpt>
      <trkpt lat="51.515374" lon="-0.141841"><ele>27</ele></trkpt>
      <trkpt lat="51.515388" lon="-0.141873"><ele>27</ele></trkpt>
      <trkpt lat="51.515436" lon="-0.141889"><ele>27</ele></trkpt>
      <trkpt lat="51.515891" lon="-0.142038"><ele>27</ele></trkpt>
      <trkpt lat="51.515911" lon="-0.142047"><ele>27</ele></trkpt>
      <trkpt lat="51.515925" lon="-0.142053"><ele>27</ele></trkpt>
      <trkpt lat="51.515949" lon="-0.142065"><ele>27</ele></trkpt>
      <trkpt lat="51.515983" lon="-0.14208"><ele>27</ele></trkpt>
      <trkpt lat="51.516369" lon="-0.142248"><ele>27</ele></trkpt>
      <trkpt lat="51.516422" lon="-0.142235"><ele>26.75</ele></trkpt>
      <trkpt lat="51.516447" lon="-0.142246"><ele>27</ele></trkpt>
      <trkpt lat="51.516453" lon="-0.14225"><ele>27</ele></trkpt>
      <trkpt lat="51.516472" lon="-0.142257"><ele>27</ele></trkpt>
      <trkpt lat="51.516512" lon="-0.142273"><ele>27</ele></trkpt>
      <trkpt lat="51.516536" lon="-0.142283"><ele>27</ele></trkpt>
      <trkpt lat="51.516539" lon="-0.142312"><ele>27</ele></trkpt>
      <trkpt lat="51.516562" lon="-0.14232"><ele>27</ele></trkpt>
      <trkpt lat="51.516929" lon="-0.142443"><ele>27</ele></trkpt>
      <trkpt lat="51.516936" lon="-0.142447"><ele>27</ele></trkpt>
      <trkpt lat="51.516947" lon="-0.142454"><ele>27</ele></trkpt>
      <trkpt lat="51.516968" lon="-0.142469"><ele>27</ele></trkpt>
      <trkpt lat="51.516979" lon="-0.142475"><ele>27</ele></trkpt>
      <trkpt lat="51.517306" lon="-0.142648"><ele>27</ele></trkpt>
      <trkpt lat="51.517368" lon="-0.142676"><ele>27</ele></trkpt>
      <trkpt lat="51.517387" lon="-0.142692"><ele>27</ele></trkpt>
      <trkpt lat="51.5174" lon="-0.1427"><ele>27</ele></trkpt>
      <trkpt lat="51.517441" lon="-0.142726"><ele>27</ele></trkpt>
      <trkpt lat="51.517448" lon="-0.142729"><ele>27</ele></trkpt>
      <trkpt lat="51.517445" lon="-0.142745"><ele>27</ele></trkpt>
      <trkpt lat="51.517506" lon="-0.142772"><ele>26.75</ele></trkpt>
      <trkpt lat="51.517569" lon="-0.142799"><ele>27</ele></trkpt>
      <trkpt lat="51.517796" lon="-0.142899"><ele>27</ele></trkpt>
      <trkpt lat="51.517817" lon="-0.14295"><ele>27</ele></trkpt>
      <trkpt lat="51.517881" lon="-0.143024"><ele>27.25</ele></trkpt>
      <trkpt lat="51.517926" lon="-0.143075"><ele>27.5</ele></trkpt>
      <trkpt lat="51.517934" lon="-0.143084"><ele>27.5</ele></trkpt>
      <trkpt lat="51.517921" lon="-0.143145"><ele>27.25</ele></trkpt>
      <trkpt lat="51.517918" lon="-0.143227"><ele>27</ele></trkpt>
      <trkpt lat="51.517944" lon="-0.143278"><ele>27.25</ele></trkpt>
      <trkpt lat="51.517981" lon="-0.143323"><ele>27.25</ele></trkpt>
      <trkpt lat="51.518055" lon="-0.143349"><ele>27.75</ele></trkpt>
      <trkpt lat="51.518059" lon="-0.143365"><ele>28</ele></trkpt>
      <trkpt lat="51.518067" lon="-0.143403"><ele>28</ele></trkpt>
      <trkpt lat="51.518077" lon="-0.143448"><ele>28</ele></trkpt>
      <trkpt lat="51.518101" lon="-0.143494"><ele>28</ele></trkpt>
      <trkpt lat="51.518124" lon="-0.143531"><ele>28</ele></trkpt>
      <trkpt lat="51.518134" lon="-0.143555"><ele>28</ele></trkpt>
      <trkpt lat="51.51815" lon="-0.143591"><ele>28</ele></trkpt>
      <trkpt lat="51.518159" lon="-0.143667"><ele>28</ele></trkpt>
      <trkpt lat="51.518211" lon="-0.143764"><ele>28</ele></trkpt>
      <trkpt lat="51.518277" lon="-0.143855"><ele>28</ele></trkpt>
      <trkpt lat="51.518387" lon="-0.14397"><ele>27.75</ele></trkpt>
      <trkpt lat="51.518505" lon="-0.144067"><ele>28</ele></trkpt>
      <trkpt lat="51.519174" lon="-0.144345"><ele>27.75</ele></trkpt>
      <trkpt lat="51.51918" lon="-0.144312"><ele>27.75</ele></trkpt>
      <trkpt lat="51.519228" lon="-0.144333"><ele>27.25</ele></trkpt>
      <trkpt lat="51.519264" lon="-0.14435"><ele>27</ele></trkpt>
      <trkpt lat="51.51966" lon="-0.144541"><ele>26.5</ele></trkpt>
      <trkpt lat="51.519737" lon="-0.144578"><ele>26.75</ele></trkpt>
      <trkpt lat="51.519751" lon="-0.144586"><ele>26.75</ele></trkpt>
      <trkpt lat="51.519789" lon="-0.144604"><ele>27</ele></trkpt>
      <trkpt lat="51.519815" lon="-0.144617"><ele>27</ele></trkpt>
      <trkpt lat="51.51984" lon="-0.144627"><ele>27</ele></trkpt>
      <trkpt lat="51.519837" lon="-0.144644"><ele>27</ele></trkpt>
      <trkpt lat="51.519862" lon="-0.144654"><ele>27</ele></trkpt>
      <trkpt lat="51.520905" lon="-0.145109"><ele>26.75</ele></trkpt>
      <trkpt lat="51.520949" lon="-0.145128"><ele>27</ele></trkpt>
      <trkpt lat="51.520972" lon="-0.145136"><ele>27</ele></trkpt>
      <trkpt lat="51.520999" lon="-0.145147"><ele>27.25</ele></trkpt>
      <trkpt lat="51.521035" lon="-0.14516"><ele>27.25</ele></trkpt>
      <trkpt lat="51.521058" lon="-0.145168"><ele>27.5</ele></trkpt>
      <trkpt lat="51.522008" lon="-0.145596"><ele>26.75</ele></trkpt>
      <trkpt lat="51.522027" lon="-0.145605"><ele>26.75</ele></trkpt>
      <trkpt lat="51.522033" lon="-0.145572"><ele>26.75</ele></trkpt>
      <trkpt lat="51.522045" lon="-0.145579"><ele>26.75</ele></trkpt>
      <trkpt lat="51.522089" lon="-0.145595"><ele>26.5</ele></trkpt>
      <trkpt lat="51.522132" lon="-0.145611"><ele>26.5</ele></trkpt>
      <trkpt lat="51.522145" lon="-0.145617"><ele>26.5</ele></trkpt>
      <trkpt lat="51.52214" lon="-0.145648"><ele>26.75</ele></trkpt>
      <trkpt lat="51.52217" lon="-0.14566"><ele>26.75</ele></trkpt>
      <trkpt lat="51.522682" lon="-0.145861"><ele>28</ele></trkpt>
      <trkpt lat="51.52268" lon="-0.145887"><ele>28</ele></trkpt>
      <trkpt lat="51.522829" lon="-0.14596"><ele>28</ele></trkpt>
      <trkpt lat="51.522826" lon="-0.145994"><ele>28</ele></trkpt>
      <trkpt lat="51.52282" lon="-0.146052"><ele>28</ele></trkpt>
      <trkpt lat="51.522801" lon="-0.146223"><ele>28</ele></trkpt>
      <trkpt lat="51.522797" lon="-0.146273"><ele>28</ele></trkpt>
      <trkpt lat="51.522792" lon="-0.146304"><ele>27.75</ele></trkpt>
      <trkpt lat="51.522788" lon="-0.146626"><ele>28</ele></trkpt>
      <trkpt lat="51.522855" lon="-0.147104"><ele>27.5</ele></trkpt>
      <trkpt lat="51.522945" lon="-0.147383"><ele>27.25</ele></trkpt>
      <trkpt lat="51.523229" lon="-0.147835"><ele>27.25</ele></trkpt>
      <trkpt lat="51.523369" lon="-0.147932"><ele>27.5</ele></trkpt>
      <trkpt lat="51.523374" lon="-0.147916"><ele>27.5</ele></trkpt>
      <trkpt lat="51.523389" lon="-0.147839"><ele>27.75</ele></trkpt>
      <trkpt lat="51.523425" lon="-0.147712"><ele>28</ele></trkpt>
      <trkpt lat="51.523426" lon="-0.147703"><ele>28</ele></trkpt>
      <trkpt lat="51.523434" lon="-0.147663"><ele>28</ele></trkpt>
      <trkpt lat="51.523448" lon="-0.14754"><ele>28</ele></trkpt>
      <trkpt lat="51.523539" lon="-0.147034"><ele>28</ele></trkpt>
      <trkpt lat="51.523519" lon="-0.147023"><ele>28</ele></trkpt>
      <trkpt lat="51.523578" lon="-0.14668"><ele>28</ele></trkpt>
      <trkpt lat="51.523519" lon="-0.147023"><ele>28</ele></trkpt>
      <trkpt lat="51.523539" lon="-0.147034"><ele>28</ele></trkpt>
      <trkpt lat="51.523448" lon="-0.14754"><ele>28</ele></trkpt>
      <trkpt lat="51.523434" lon="-0.147663"><ele>28</ele></trkpt>
      <trkpt lat="51.523426" lon="-0.147703"><ele>28</ele></trkpt>
      <trkpt lat="51.523425" lon="-0.147712"><ele>28</ele></trkpt>
      <trkpt lat="51.523389" lon="-0.147839"><ele>27.75</ele></trkpt>
      <trkpt lat="51.523374" lon="-0.147916"><ele>27.5</ele></trkpt>
      <trkpt lat="51.523369" lon="-0.147932"><ele>27.5</ele></trkpt>
      <trkpt lat="51.523392" lon="-0.147943"><ele>27.5</ele></trkpt>
      <trkpt lat="51.523325" lon="-0.148346"><ele>27</ele></trkpt>
      <trkpt lat="51.523321" lon="-0.148368"><ele>27</ele></trkpt>
      <trkpt lat="51.52331" lon="-0.148441"><ele>27</ele></trkpt>
      <trkpt lat="51.523307" lon="-0.148459"><ele>27</ele></trkpt>
      <trkpt lat="51.523253" lon="-0.148791"><ele>27</ele></trkpt>
      <trkpt lat="51.523258" lon="-0.148794"><ele>27</ele></trkpt>
      <trkpt lat="51.523285" lon="-0.148805"><ele>27</ele></trkpt>
      <trkpt lat="51.52332" lon="-0.148819"><ele>27</ele></trkpt>
      <trkpt lat="51.523332" lon="-0.148824"><ele>27</ele></trkpt>
      <trkpt lat="51.523314" lon="-0.148935"><ele>27</ele></trkpt>
      <trkpt lat="51.523323" lon="-0.14894"><ele>27</ele></trkpt>
      <trkpt lat="51.523362" lon="-0.148954"><ele>27</ele></trkpt>
      <trkpt lat="51.523426" lon="-0.148963"><ele>27</ele></trkpt>
      <trkpt lat="51.523436" lon="-0.148963"><ele>27</ele></trkpt>
      <trkpt lat="51.523418" lon="-0.14906"><ele>27</ele></trkpt>
      <trkpt lat="51.523333" lon="-0.149977"><ele>27</ele></trkpt>
      <trkpt lat="51.523317" lon="-0.150163"><ele>27</ele></trkpt>
      <trkpt lat="51.523256" lon="-0.150859"><ele>27</ele></trkpt>
      <trkpt lat="51.523241" lon="-0.151037"><ele>27</ele></trkpt>
      <trkpt lat="51.523249" lon="-0.151054"><ele>27</ele></trkpt>
      <trkpt lat="51.523263" lon="-0.15108"><ele>27</ele></trkpt>
      <trkpt lat="51.523262" lon="-0.151152"><ele>27</ele></trkpt>
      <trkpt lat="51.523262" lon="-0.1512"><ele>27</ele></trkpt>
      <trkpt lat="51.523274" lon="-0.151202"><ele>27</ele></trkpt>
      <trkpt lat="51.523187" lon="-0.152243"><ele>27.25</ele></trkpt>
      <trkpt lat="51.523179" lon="-0.152366"><ele>27.25</ele></trkpt>
      <trkpt lat="51.523189" lon="-0.152381"><ele>27.25</ele></trkpt>
      <trkpt lat="51.523187" lon="-0.152396"><ele>27.25</ele></trkpt>
      <trkpt lat="51.523176" lon="-0.152475"><ele>27.25</ele></trkpt>
      <trkpt lat="51.523171" lon="-0.152507"><ele>27.25</ele></trkpt>
      <trkpt lat="51.523166" lon="-0.15254"><ele>27.25</ele></trkpt>
      <trkpt lat="51.52316" lon="-0.152588"><ele>27.25</ele></trkpt>
      <trkpt lat="51.523152" lon="-0.152635"><ele>27</ele></trkpt>
      <trkpt lat="51.52315" lon="-0.152664"><ele>27</ele></trkpt>
      <trkpt lat="51.523123" lon="-0.152806"><ele>27</ele></trkpt>
      <trkpt lat="51.522947" lon="-0.153783"><ele>27</ele></trkpt>
      <trkpt lat="51.52289" lon="-0.15409"><ele>27.25</ele></trkpt>
      <trkpt lat="51.522706" lon="-0.155087"><ele>27.5</ele></trkpt>
      <trkpt lat="51.52268" lon="-0.155175"><ele>27.5</ele></trkpt>
      <trkpt lat="51.522664" lon="-0.155281"><ele>27.5</ele></trkpt>
      <trkpt lat="51.522664" lon="-0.155348"><ele>27.5</ele></trkpt>
      <trkpt lat="51.522678" lon="-0.155431"><ele>27.5</ele></trkpt>
      <trkpt lat="51.522658" lon="-0.155455"><ele>27.5</ele></trkpt>
      <trkpt lat="51.522626" lon="-0.155495"><ele>27.25</ele></trkpt>
      <trkpt lat="51.522614" lon="-0.15551"><ele>27.25</ele></trkpt>
      <trkpt lat="51.522595" lon="-0.155613"><ele>27.25</ele></trkpt>
      <trkpt lat="51.522588" lon="-0.155629"><ele>27.25</ele></trkpt>
      <trkpt lat="51.522635" lon="-0.15565"><ele>27.25</ele></trkpt>
      <trkpt lat="51.522678" lon="-0.155669"><ele>27.5</ele></trkpt>
      <trkpt lat="51.522486" lon="-0.156748"><ele>27.75</ele></trkpt>
      <trkpt lat="51.522501" lon="-0.156752"><ele>27.5</ele></trkpt>
      <trkpt lat="51.52256" lon="-0.156778"><ele>27.5</ele></trkpt>
      <trkpt lat="51.522604" lon="-0.156799"><ele>27.5</ele></trkpt>
      <trkpt lat="51.522599" lon="-0.156827"><ele>27.5</ele></trkpt>
      <trkpt lat="51.522579" lon="-0.156959"><ele>27.25</ele></trkpt>
      <trkpt lat="51.522554" lon="-0.157119"><ele>27.25</ele></trkpt>
      <trkpt lat="51.522565" lon="-0.157125"><ele>27.25</ele></trkpt>
      <trkpt lat="51.522592" lon="-0.157138"><ele>27.25</ele></trkpt>
      <trkpt lat="51.522565" lon="-0.157125"><ele>27.25</ele></trkpt>
      <trkpt lat="51.522554" lon="-0.157119"><ele>27.25</ele></trkpt>
      <trkpt lat="51.522543" lon="-0.157114"><ele>27</ele></trkpt>
      <trkpt lat="51.522445" lon="-0.157069"><ele>27.25</ele></trkpt>
      <trkpt lat="51.522435" lon="-0.157063"><ele>27.25</ele></trkpt>
      <trkpt lat="51.522416" lon="-0.157176"><ele>27</ele></trkpt>
      <trkpt lat="51.522363" lon="-0.157501"><ele>27</ele></trkpt>
      <trkpt lat="51.523016" lon="-0.157819"><ele>27.25</ele></trkpt>
      <trkpt lat="51.523013" lon="-0.157834"><ele>27.25</ele></trkpt>
      <trkpt lat="51.522996" lon="-0.157924"><ele>27.5</ele></trkpt>
      <trkpt lat="51.522985" lon="-0.157984"><ele>27.75</ele></trkpt>
      <trkpt lat="51.522976" lon="-0.158034"><ele>27.75</ele></trkpt>
      <trkpt lat="51.523025" lon="-0.158058"><ele>28</ele></trkpt>
      <trkpt lat="51.523021" lon="-0.158079"><ele>28</ele></trkpt>
      <trkpt lat="51.52296" lon="-0.158419"><ele>27.5</ele></trkpt>
      <trkpt lat="51.522871" lon="-0.158912"><ele>26.25</ele></trkpt>
      <trkpt lat="51.522872" lon="-0.158922"><ele>26.25</ele></trkpt>
      <trkpt lat="51.522857" lon="-0.15901"><ele>26.75</ele></trkpt>
      <trkpt lat="51.522847" lon="-0.159068"><ele>27</ele></trkpt>
      <trkpt lat="51.522816" lon="-0.159064"><ele>27.25</ele></trkpt>
      <trkpt lat="51.522781" lon="-0.15928"><ele>27.75</ele></trkpt>
      <trkpt lat="51.522686" lon="-0.159917"><ele>28</ele></trkpt>
      <trkpt lat="51.522669" lon="-0.159937"><ele>28</ele></trkpt>
      <trkpt lat="51.522664" lon="-0.159971"><ele>28</ele></trkpt>
      <trkpt lat="51.52265" lon="-0.16005"><ele>27.75</ele></trkpt>
      <trkpt lat="51.522637" lon="-0.160126"><ele>27.75</ele></trkpt>
      <trkpt lat="51.522633" lon="-0.160147"><ele>27.5</ele></trkpt>
      <trkpt lat="51.522647" lon="-0.160154"><ele>27.5</ele></trkpt>
      <trkpt lat="51.522639" lon="-0.160203"><ele>27.5</ele></trkpt>
      <trkpt lat="51.522419" lon="-0.161461"><ele>28.5</ele></trkpt>
      <trkpt lat="51.522414" lon="-0.161494"><ele>28.5</ele></trkpt>
      <trkpt lat="51.522408" lon="-0.16153"><ele>28.5</ele></trkpt>
      <trkpt lat="51.522402" lon="-0.161574"><ele>28.25</ele></trkpt>
      <trkpt lat="51.522395" lon="-0.161615"><ele>28.25</ele></trkpt>
      <trkpt lat="51.522296" lon="-0.162208"><ele>28.75</ele></trkpt>
      <trkpt lat="51.522314" lon="-0.162216"><ele>28.75</ele></trkpt>
      <trkpt lat="51.522341" lon="-0.162232"><ele>29</ele></trkpt>
      <trkpt lat="51.522384" lon="-0.162259"><ele>29</ele></trkpt>
      <trkpt lat="51.522405" lon="-0.162269"><ele>29</ele></trkpt>
      <trkpt lat="51.522388" lon="-0.162399"><ele>29.25</ele></trkpt>
      <trkpt lat="51.522425" lon="-0.162517"><ele>29.5</ele></trkpt>
      <trkpt lat="51.522425" lon="-0.162577"><ele>29.5</ele></trkpt>
      <trkpt lat="51.522487" lon="-0.162608"><ele>29.5</ele></trkpt>
      <trkpt lat="51.522561" lon="-0.162647"><ele>29.5</ele></trkpt>
      <trkpt lat="51.522621" lon="-0.16267"><ele>29.5</ele></trkpt>
      <trkpt lat="51.522635" lon="-0.162901"><ele>29.25</ele></trkpt>
      <trkpt lat="51.522598" lon="-0.163088"><ele>29</ele></trkpt>
      <trkpt lat="51.5225" lon="-0.163086"><ele>28</ele></trkpt>
      <trkpt lat="51.522598" lon="-0.163088"><ele>29</ele></trkpt>
      <trkpt lat="51.522525" lon="-0.163452"><ele>28.5</ele></trkpt>
      <trkpt lat="51.522506" lon="-0.163547"><ele>28.75</ele></trkpt>
      <trkpt lat="51.522508" lon="-0.163565"><ele>28.75</ele></trkpt>
      <trkpt lat="51.522518" lon="-0.16368"><ele>29.5</ele></trkpt>
      <trkpt lat="51.522525" lon="-0.163758"><ele>30</ele></trkpt>
      <trkpt lat="51.522514" lon="-0.163824"><ele>30.5</ele></trkpt>
      <trkpt lat="51.522551" lon="-0.163847"><ele>30.75</ele></trkpt>
      <trkpt lat="51.522529" lon="-0.163968"><ele>31</ele></trkpt>
      <trkpt lat="51.522523" lon="-0.163994"><ele>31</ele></trkpt>
      <trkpt lat="51.522293" lon="-0.163824"><ele>30</ele></trkpt>
      <trkpt lat="51.522284" lon="-0.163851"><ele>30</ele></trkpt>
      <trkpt lat="51.522269" lon="-0.163901"><ele>30</ele></trkpt>
      <trkpt lat="51.522243" lon="-0.163983"><ele>30.25</ele></trkpt>
      <trkpt lat="51.522238" lon="-0.164006"><ele>30.25</ele></trkpt>
      <trkpt lat="51.522133" lon="-0.16393"><ele>30</ele></trkpt>
      <trkpt lat="51.522103" lon="-0.163936"><ele>30</ele></trkpt>
      <trkpt lat="51.521866" lon="-0.164748"><ele>30.5</ele></trkpt>
      <trkpt lat="51.521869" lon="-0.164766"><ele>30.5</ele></trkpt>
      <trkpt lat="51.521888" lon="-0.164781"><ele>30.75</ele></trkpt>
      <trkpt lat="51.521902" lon="-0.16479"><ele>30.75</ele></trkpt>
      <trkpt lat="51.521896" lon="-0.164809"><ele>30.75</ele></trkpt>
      <trkpt lat="51.521873" lon="-0.164895"><ele>30.5</ele></trkpt>
      <trkpt lat="51.521864" lon="-0.164928"><ele>30.5</ele></trkpt>
      <trkpt lat="51.521858" lon="-0.164948"><ele>30.5</ele></trkpt>
      <trkpt lat="51.522151" lon="-0.165127"><ele>30.75</ele></trkpt>
      <trkpt lat="51.522024" lon="-0.165583"><ele>30.75</ele></trkpt>
      <trkpt lat="51.522018" lon="-0.165588"><ele>30.75</ele></trkpt>
      <trkpt lat="51.522018" lon="-0.165599"><ele>30.75</ele></trkpt>
      <trkpt lat="51.522012" lon="-0.16562"><ele>30.75</ele></trkpt>
      <trkpt lat="51.522003" lon="-0.16565"><ele>30.75</ele></trkpt>
      <trkpt lat="51.522005" lon="-0.165665"><ele>30.75</ele></trkpt>
      <trkpt lat="51.521893" lon="-0.166051"><ele>31</ele></trkpt>
      <trkpt lat="51.521886" lon="-0.166077"><ele>31</ele></trkpt>
      <trkpt lat="51.521867" lon="-0.166121"><ele>31.25</ele></trkpt>
      <trkpt lat="51.521852" lon="-0.166167"><ele>31.25</ele></trkpt>
      <trkpt lat="51.521837" lon="-0.166212"><ele>31.5</ele></trkpt>
      <trkpt lat="51.521832" lon="-0.166226"><ele>31.5</ele></trkpt>
      <trkpt lat="51.521823" lon="-0.166257"><ele>31.5</ele></trkpt>
      <trkpt lat="51.521572" lon="-0.167106"><ele>31</ele></trkpt>
      <trkpt lat="51.521567" lon="-0.167121"><ele>31</ele></trkpt>
      <trkpt lat="51.521554" lon="-0.167153"><ele>31</ele></trkpt>
      <trkpt lat="51.521548" lon="-0.16718"><ele>31</ele></trkpt>
      <trkpt lat="51.521545" lon="-0.167197"><ele>31</ele></trkpt>
      <trkpt lat="51.521304" lon="-0.167996"><ele>31.75</ele></trkpt>
      <trkpt lat="51.521293" lon="-0.168009"><ele>31.75</ele></trkpt>
      <trkpt lat="51.521279" lon="-0.168054"><ele>31.75</ele></trkpt>
      <trkpt lat="51.521275" lon="-0.16807"><ele>31.75</ele></trkpt>
      <trkpt lat="51.521274" lon="-0.168096"><ele>31.75</ele></trkpt>
      <trkpt lat="51.521232" lon="-0.168296"><ele>31.5</ele></trkpt>
      <trkpt lat="51.521" lon="-0.168887"><ele>31.75</ele></trkpt>
      <trkpt lat="51.520895" lon="-0.16913"><ele>32</ele></trkpt>
      <trkpt lat="51.52087" lon="-0.169179"><ele>31.75</ele></trkpt>
      <trkpt lat="51.520859" lon="-0.169203"><ele>31.75</ele></trkpt>
      <trkpt lat="51.520552" lon="-0.170027"><ele>31.75</ele></trkpt>
      <trkpt lat="51.520452" lon="-0.170298"><ele>32</ele></trkpt>
      <trkpt lat="51.520355" lon="-0.170446"><ele>32</ele></trkpt>
      <trkpt lat="51.520259" lon="-0.170354"><ele>31.75</ele></trkpt>
      <trkpt lat="51.520206" lon="-0.170282"><ele>31.5</ele></trkpt>
      <trkpt lat="51.520215" lon="-0.170264"><ele>31.5</ele></trkpt>
      <trkpt lat="51.52022" lon="-0.170253"><ele>31.5</ele></trkpt>
      <trkpt lat="51.520222" lon="-0.170227"><ele>31.5</ele></trkpt>
      <trkpt lat="51.520288" lon="-0.170136"><ele>31.5</ele></trkpt>
      <trkpt lat="51.520303" lon="-0.170105"><ele>31.25</ele></trkpt>
      <trkpt lat="51.520288" lon="-0.170136"><ele>31.5</ele></trkpt>
      <trkpt lat="51.520222" lon="-0.170227"><ele>31.5</ele></trkpt>
      <trkpt lat="51.52022" lon="-0.170253"><ele>31.5</ele></trkpt>
      <trkpt lat="51.520215" lon="-0.170264"><ele>31.5</ele></trkpt>
      <trkpt lat="51.520206" lon="-0.170282"><ele>31.5</ele></trkpt>
      <trkpt lat="51.520124" lon="-0.170132"><ele>31</ele></trkpt>
      <trkpt lat="51.520066" lon="-0.170051"><ele>31</ele></trkpt>
      <trkpt lat="51.520037" lon="-0.17001"><ele>31</ele></trkpt>
      <trkpt lat="51.519898" lon="-0.169807"><ele>30.75</ele></trkpt>
      <trkpt lat="51.519852" lon="-0.169727"><ele>30.75</ele></trkpt>
      <trkpt lat="51.519845" lon="-0.169715"><ele>30.75</ele></trkpt>
      <trkpt lat="51.519785" lon="-0.169617"><ele>30.5</ele></trkpt>
      <trkpt lat="51.5194" lon="-0.16905"><ele>31</ele></trkpt>
      <trkpt lat="51.519387" lon="-0.16903"><ele>31</ele></trkpt>
      <trkpt lat="51.519356" lon="-0.168981"><ele>31</ele></trkpt>
      <trkpt lat="51.519329" lon="-0.16895"><ele>31</ele></trkpt>
      <trkpt lat="51.519301" lon="-0.168919"><ele>31</ele></trkpt>
      <trkpt lat="51.519298" lon="-0.168915"><ele>31</ele></trkpt>
      <trkpt lat="51.519223" lon="-0.168829"><ele>30.75</ele></trkpt>
      <trkpt lat="51.51917" lon="-0.168914"><ele>31</ele></trkpt>
      <trkpt lat="51.519113" lon="-0.169011"><ele>30.75</ele></trkpt>
      <trkpt lat="51.518912" lon="-0.168712"><ele>30</ele></trkpt>
      <trkpt lat="51.518904" lon="-0.168727"><ele>30</ele></trkpt>
      <trkpt lat="51.518781" lon="-0.168945"><ele>29.25</ele></trkpt>
      <trkpt lat="51.518203" lon="-0.169968"><ele>28.5</ele></trkpt>
      <trkpt lat="51.518174" lon="-0.17002"><ele>28.25</ele></trkpt>
      <trkpt lat="51.518143" lon="-0.170078"><ele>28.5</ele></trkpt>
      <trkpt lat="51.51774" lon="-0.170822"><ele>28.75</ele></trkpt>
      <trkpt lat="51.517272" lon="-0.171652"><ele>28</ele></trkpt>
      <trkpt lat="51.517108" lon="-0.171949"><ele>27.25</ele></trkpt>
      <trkpt lat="51.516815" lon="-0.172479"><ele>27</ele></trkpt>
      <trkpt lat="51.516904" lon="-0.172607"><ele>27.5</ele></trkpt>
      <trkpt lat="51.51696" lon="-0.172694"><ele>28</ele></trkpt>
      <trkpt lat="51.517054" lon="-0.172836"><ele>28.25</ele></trkpt>
      <trkpt lat="51.517033" lon="-0.172872"><ele>28.25</ele></trkpt>
      <trkpt lat="51.517025" lon="-0.172886"><ele>28.25</ele></trkpt>
      <trkpt lat="51.51703" lon="-0.172909"><ele>28.25</ele></trkpt>
      <trkpt lat="51.517027" lon="-0.17293"><ele>28.25</ele></trkpt>
      <trkpt lat="51.516333" lon="-0.17417"><ele>25.5</ele></trkpt>
      <trkpt lat="51.515983" lon="-0.174767"><ele>26.75</ele></trkpt>
      <trkpt lat="51.51595" lon="-0.174818"><ele>26.75</ele></trkpt>
      <trkpt lat="51.515941" lon="-0.174834"><ele>26.75</ele></trkpt>
      <trkpt lat="51.515921" lon="-0.174872"><ele>26.5</ele></trkpt>
      <trkpt lat="51.515903" lon="-0.174907"><ele>26.5</ele></trkpt>
      <trkpt lat="51.515886" lon="-0.174939"><ele>26.25</ele></trkpt>
      <trkpt lat="51.515748" lon="-0.175192"><ele>25</ele></trkpt>
      <trkpt lat="51.515482" lon="-0.175661"><ele>25.25</ele></trkpt>
      <trkpt lat="51.515474" lon="-0.17565"><ele>25.25</ele></trkpt>
      <trkpt lat="51.515433" lon="-0.175588"><ele>25.25</ele></trkpt>
      <trkpt lat="51.515475" lon="-0.175516"><ele>25.25</ele></trkpt>
      <trkpt lat="51.515427" lon="-0.175449"><ele>25.25</ele></trkpt>
      <trkpt lat="51.515475" lon="-0.175516"><ele>25.25</ele></trkpt>
      <trkpt lat="51.515433" lon="-0.175588"><ele>25.25</ele></trkpt>
      <trkpt lat="51.515474" lon="-0.17565"><ele>25.25</ele></trkpt>
      <trkpt lat="51.515482" lon="-0.175661"><ele>25.25</ele></trkpt>
      <trkpt lat="51.515748" lon="-0.175192"><ele>25</ele></trkpt>
      <trkpt lat="51.515754" lon="-0.175201"><ele>25</ele></trkpt>
      <trkpt lat="51.515789" lon="-0.175247"><ele>25.5</ele></trkpt>
      <trkpt lat="51.515834" lon="-0.175307"><ele>25.75</ele></trkpt>
      <trkpt lat="51.515846" lon="-0.175323"><ele>25.75</ele></trkpt>
      <trkpt lat="51.515883" lon="-0.175257"><ele>26</ele></trkpt>
      <trkpt lat="51.515903" lon="-0.175242"><ele>26</ele></trkpt>
      <trkpt lat="51.515913" lon="-0.175222"><ele>26</ele></trkpt>
      <trkpt lat="51.515942" lon="-0.175167"><ele>26</ele></trkpt>
      <trkpt lat="51.515981" lon="-0.175222"><ele>26</ele></trkpt>
      <trkpt lat="51.515984" lon="-0.175226"><ele>26</ele></trkpt>
      <trkpt lat="51.516392" lon="-0.175857"><ele>24</ele></trkpt>
      <trkpt lat="51.516475" lon="-0.175996"><ele>24.5</ele></trkpt>
      <trkpt lat="51.516511" lon="-0.176146"><ele>24.25</ele></trkpt>
      <trkpt lat="51.516721" lon="-0.176056"><ele>26.25</ele></trkpt>
      <trkpt lat="51.516779" lon="-0.17599"><ele>27.25</ele></trkpt>
      <trkpt lat="51.516826" lon="-0.17601"><ele>27.75</ele></trkpt>
      <trkpt lat="51.517138" lon="-0.176434"><ele>27.25</ele></trkpt>
      <trkpt lat="51.517191" lon="-0.176409"><ele>28.25</ele></trkpt>
      <trkpt lat="51.517199" lon="-0.17642"><ele>28.25</ele></trkpt>
      <trkpt lat="51.517258" lon="-0.176388"><ele>29</ele></trkpt>
      <trkpt lat="51.517268" lon="-0.176399"><ele>29</ele></trkpt>
      <trkpt lat="51.517308" lon="-0.176448"><ele>28.75</ele></trkpt>
      <trkpt lat="51.517319" lon="-0.176467"><ele>28.5</ele></trkpt>
      <trkpt lat="51.517328" lon="-0.176535"><ele>28</ele></trkpt>
      <trkpt lat="51.517344" lon="-0.176662"><ele>27.25</ele></trkpt>
      <trkpt lat="51.518121" lon="-0.177762"><ele>26</ele></trkpt>
      <trkpt lat="51.518439" lon="-0.178296"><ele>23</ele></trkpt>
      <trkpt lat="51.518451" lon="-0.178316"><ele>22.75</ele></trkpt>
      <trkpt lat="51.518475" lon="-0.17829"><ele>23.5</ele></trkpt>
      <trkpt lat="51.518571" lon="-0.178214"><ele>26.5</ele></trkpt>
      <trkpt lat="51.518624" lon="-0.178107"><ele>28.75</ele></trkpt>
      <trkpt lat="51.518645" lon="-0.178063"><ele>28.75</ele></trkpt>
      <trkpt lat="51.518902" lon="-0.178412"><ele>27.5</ele></trkpt>
      <trkpt lat="51.519121" lon="-0.178764"><ele>29</ele></trkpt>
      <trkpt lat="51.51946" lon="-0.179317"><ele>30</ele></trkpt>
      <trkpt lat="51.519556" lon="-0.17947"><ele>30</ele></trkpt>
      <trkpt lat="51.519625" lon="-0.179567"><ele>30</ele></trkpt>
      <trkpt lat="51.51965" lon="-0.179551"><ele>30</ele></trkpt>
      <trkpt lat="51.519704" lon="-0.179553"><ele>30</ele></trkpt>
      <trkpt lat="51.519715" lon="-0.179544"><ele>30</ele></trkpt>
      <trkpt lat="51.519767" lon="-0.179538"><ele>30</ele></trkpt>
      <trkpt lat="51.519822" lon="-0.179512"><ele>30.25</ele></trkpt>
      <trkpt lat="51.519872" lon="-0.179468"><ele>30.25</ele></trkpt>
      <trkpt lat="51.519927" lon="-0.179393"><ele>30.25</ele></trkpt>
      <trkpt lat="51.519937" lon="-0.179386"><ele>30.25</ele></trkpt>
      <trkpt lat="51.519961" lon="-0.179327"><ele>30.5</ele></trkpt>
      <trkpt lat="51.519987" lon="-0.179279"><ele>30.5</ele></trkpt>
      <trkpt lat="51.519986" lon="-0.179503"><ele>30</ele></trkpt>
      <trkpt lat="51.520204" lon="-0.179858"><ele>30.25</ele></trkpt>
      <trkpt lat="51.52069" lon="-0.180577"><ele>30.25</ele></trkpt>
      <trkpt lat="51.520783" lon="-0.180819"><ele>30</ele></trkpt>
      <trkpt lat="51.520905" lon="-0.180972"><ele>31</ele></trkpt>
      <trkpt lat="51.520993" lon="-0.18082"><ele>31</ele></trkpt>
      <trkpt lat="51.521032" lon="-0.180849"><ele>31.25</ele></trkpt>
      <trkpt lat="51.52107" lon="-0.180817"><ele>31.75</ele></trkpt>
      <trkpt lat="51.521092" lon="-0.180814"><ele>31.75</ele></trkpt>
      <trkpt lat="51.521113" lon="-0.180822"><ele>32</ele></trkpt>
      <trkpt lat="51.521148" lon="-0.180885"><ele>31.5</ele></trkpt>
      <trkpt lat="51.521174" lon="-0.180845"><ele>31.75</ele></trkpt>
      <trkpt lat="51.521311" lon="-0.181049"><ele>31.5</ele></trkpt>
      <trkpt lat="51.52132" lon="-0.181033"><ele>31.5</ele></trkpt>
      <trkpt lat="51.521341" lon="-0.181001"><ele>31.5</ele></trkpt>
      <trkpt lat="51.521464" lon="-0.181178"><ele>31.25</ele></trkpt>
      <trkpt lat="51.52186" lon="-0.181746"><ele>31</ele></trkpt>
      <trkpt lat="51.521948" lon="-0.181889"><ele>31</ele></trkpt>
      <trkpt lat="51.521962" lon="-0.181918"><ele>31</ele></trkpt>
      <trkpt lat="51.522003" lon="-0.182"><ele>31.25</ele></trkpt>
      <trkpt lat="51.522073" lon="-0.182102"><ele>31.75</ele></trkpt>
      <trkpt lat="51.52221" lon="-0.18238"><ele>31.25</ele></trkpt>
      <trkpt lat="51.522442" lon="-0.18281"><ele>29.5</ele></trkpt>
      <trkpt lat="51.522463" lon="-0.182771"><ele>29.75</ele></trkpt>
      <trkpt lat="51.522476" lon="-0.182747"><ele>29.75</ele></trkpt>
      <trkpt lat="51.523026" lon="-0.183709"><ele>27.5</ele></trkpt>
      <trkpt lat="51.523094" lon="-0.183857"><ele>27</ele></trkpt>
      <trkpt lat="51.523127" lon="-0.183772"><ele>27</ele></trkpt>
      <trkpt lat="51.523152" lon="-0.18373"><ele>26.75</ele></trkpt>
      <trkpt lat="51.523208" lon="-0.183635"><ele>26.75</ele></trkpt>
      <trkpt lat="51.523266" lon="-0.183606"><ele>26.25</ele></trkpt>
      <trkpt lat="51.523398" lon="-0.183797"><ele>26.5</ele></trkpt>
      <trkpt lat="51.523421" lon="-0.183751"><ele>26.25</ele></trkpt>
      <trkpt lat="51.523444" lon="-0.183706"><ele>26</ele></trkpt>
      <trkpt lat="51.523475" lon="-0.183662"><ele>26</ele></trkpt>
      <trkpt lat="51.523486" lon="-0.183675"><ele>26</ele></trkpt>
      <trkpt lat="51.523544" lon="-0.18374"><ele>26</ele></trkpt>
      <trkpt lat="51.523584" lon="-0.183785"><ele>26</ele></trkpt>
      <trkpt lat="51.5236" lon="-0.183804"><ele>26</ele></trkpt>
      <trkpt lat="51.523595" lon="-0.183828"><ele>26</ele></trkpt>
      <trkpt lat="51.523619" lon="-0.183851"><ele>25.75</ele></trkpt>
      <trkpt lat="51.523771" lon="-0.183981"><ele>25</ele></trkpt>
      <trkpt lat="51.523906" lon="-0.184049"><ele>25</ele></trkpt>
      <trkpt lat="51.524028" lon="-0.184076"><ele>24.75</ele></trkpt>
      <trkpt lat="51.524413" lon="-0.184115"><ele>24.5</ele></trkpt>
      <trkpt lat="51.524771" lon="-0.184108"><ele>24.5</ele></trkpt>
      <trkpt lat="51.525273" lon="-0.18405"><ele>24.5</ele></trkpt>
      <trkpt lat="51.52567" lon="-0.183979"><ele>24.75</ele></trkpt>
      <trkpt lat="51.525845" lon="-0.18393"><ele>25</ele></trkpt>
      <trkpt lat="51.526175" lon="-0.183794"><ele>25.5</ele></trkpt>
      <trkpt lat="51.5271" lon="-0.18333"><ele>27</ele></trkpt>
      <trkpt lat="51.52736" lon="-0.183176"><ele>28</ele></trkpt>
      <trkpt lat="51.527382" lon="-0.183154"><ele>28</ele></trkpt>
      <trkpt lat="51.527395" lon="-0.183112"><ele>28</ele></trkpt>
      <trkpt lat="51.527413" lon="-0.183078"><ele>28</ele></trkpt>
      <trkpt lat="51.527425" lon="-0.183055"><ele>27.75</ele></trkpt>
      <trkpt lat="51.527475" lon="-0.183121"><ele>28</ele></trkpt>
      <trkpt lat="51.527498" lon="-0.183174"><ele>28</ele></trkpt>
      <trkpt lat="51.527545" lon="-0.183216"><ele>27.75</ele></trkpt>
      <trkpt lat="51.527598" lon="-0.183264"><ele>27.75</ele></trkpt>
      <trkpt lat="51.527613" lon="-0.183277"><ele>27.75</ele></trkpt>
      <trkpt lat="51.527649" lon="-0.183256"><ele>27.75</ele></trkpt>
      <trkpt lat="51.527878" lon="-0.183537"><ele>27.5</ele></trkpt>
      <trkpt lat="51.528388" lon="-0.184162"><ele>28</ele></trkpt>
      <trkpt lat="51.528591" lon="-0.184411"><ele>28.75</ele></trkpt>
      <trkpt lat="51.528925" lon="-0.184826"><ele>28.75</ele></trkpt>
      <trkpt lat="51.529346" lon="-0.185348"><ele>29.5</ele></trkpt>
      <trkpt lat="51.529523" lon="-0.185567"><ele>29.75</ele></trkpt>
      <trkpt lat="51.529598" lon="-0.185659"><ele>30</ele></trkpt>
      <trkpt lat="51.529766" lon="-0.185867"><ele>31</ele></trkpt>
      <trkpt lat="51.529908" lon="-0.186033"><ele>31.5</ele></trkpt>
      <trkpt lat="51.52993" lon="-0.1859"><ele>31.5</ele></trkpt>
      <trkpt lat="51.529945" lon="-0.185858"><ele>31.75</ele></trkpt>
      <trkpt lat="51.530035" lon="-0.185661"><ele>31.25</ele></trkpt>
      <trkpt lat="51.529945" lon="-0.185858"><ele>31.75</ele></trkpt>
      <trkpt lat="51.52993" lon="-0.1859"><ele>31.5</ele></trkpt>
      <trkpt lat="51.529908" lon="-0.186033"><ele>31.5</ele></trkpt>
      <trkpt lat="51.530005" lon="-0.186151"><ele>31.5</ele></trkpt>
      <trkpt lat="51.530178" lon="-0.186352"><ele>30.5</ele></trkpt>
      <trkpt lat="51.530265" lon="-0.186455"><ele>30.75</ele></trkpt>
      <trkpt lat="51.530611" lon="-0.186861"><ele>30.75</ele></trkpt>
      <trkpt lat="51.531" lon="-0.187317"><ele>31</ele></trkpt>
      <trkpt lat="51.531371" lon="-0.187754"><ele>31.75</ele></trkpt>
      <trkpt lat="51.531462" lon="-0.187859"><ele>31.25</ele></trkpt>
      <trkpt lat="51.531936" lon="-0.18841"><ele>31.25</ele></trkpt>
      <trkpt lat="51.532263" lon="-0.18879"><ele>31.75</ele></trkpt>
      <trkpt lat="51.532369" lon="-0.188912"><ele>31.75</ele></trkpt>
      <trkpt lat="51.532432" lon="-0.188983"><ele>31.75</ele></trkpt>
      <trkpt lat="51.532502" lon="-0.189063"><ele>32</ele></trkpt>
      <trkpt lat="51.532667" lon="-0.189248"><ele>32</ele></trkpt>
      <trkpt lat="51.532723" lon="-0.189311"><ele>32</ele></trkpt>
      <trkpt lat="51.53264" lon="-0.189574"><ele>32</ele></trkpt>
      <trkpt lat="51.532416" lon="-0.190315"><ele>31.5</ele></trkpt>
      <trkpt lat="51.532357" lon="-0.190553"><ele>31.25</ele></trkpt>
      <trkpt lat="51.532287" lon="-0.190854"><ele>30.75</ele></trkpt>
      <trkpt lat="51.532252" lon="-0.191036"><ele>30.25</ele></trkpt>
      <trkpt lat="51.532337" lon="-0.191117"><ele>30</ele></trkpt>
      <trkpt lat="51.532569" lon="-0.191421"><ele>29.5</ele></trkpt>
      <trkpt lat="51.532766" lon="-0.191761"><ele>28.5</ele></trkpt>
      <trkpt lat="51.532856" lon="-0.191886"><ele>28</ele></trkpt>
      <trkpt lat="51.532881" lon="-0.192015"><ele>28</ele></trkpt>
      <trkpt lat="51.532915" lon="-0.192039"><ele>28</ele></trkpt>
      <trkpt lat="51.533116" lon="-0.192273"><ele>29</ele></trkpt>
      <trkpt lat="51.533244" lon="-0.192412"><ele>29</ele></trkpt>
      <trkpt lat="51.533766" lon="-0.192951"><ele>28.75</ele></trkpt>
      <trkpt lat="51.533907" lon="-0.193094"><ele>28.75</ele></trkpt>
      <trkpt lat="51.53417" lon="-0.193372"><ele>28.75</ele></trkpt>
      <trkpt lat="51.53449" lon="-0.193708"><ele>28.75</ele></trkpt>
      <trkpt lat="51.534593" lon="-0.193791"><ele>28.75</ele></trkpt>
      <trkpt lat="51.534637" lon="-0.193789"><ele>28.75</ele></trkpt>
      <trkpt lat="51.534795" lon="-0.19368"><ele>28.25</ele></trkpt>
      <trkpt lat="51.53493" lon="-0.194138"><ele>28</ele></trkpt>
      <trkpt lat="51.534973" lon="-0.194285"><ele>28</ele></trkpt>
      <trkpt lat="51.534989" lon="-0.194318"><ele>28</ele></trkpt>
      <trkpt lat="51.535009" lon="-0.194394"><ele>28</ele></trkpt>
      <trkpt lat="51.535025" lon="-0.194449"><ele>28</ele></trkpt>
      <trkpt lat="51.535019" lon="-0.194486"><ele>28</ele></trkpt>
      <trkpt lat="51.534914" lon="-0.194576"><ele>28</ele></trkpt>
      <trkpt lat="51.534889" lon="-0.194611"><ele>28</ele></trkpt>
      <trkpt lat="51.53487" lon="-0.194664"><ele>28</ele></trkpt>
      <trkpt lat="51.534846" lon="-0.194783"><ele>28</ele></trkpt>
      <trkpt lat="51.534817" lon="-0.194979"><ele>28</ele></trkpt>
      <trkpt lat="51.534777" lon="-0.195302"><ele>28</ele></trkpt>
      <trkpt lat="51.534773" lon="-0.19534"><ele>28</ele></trkpt>
      <trkpt lat="51.534751" lon="-0.19557"><ele>28</ele></trkpt>
      <trkpt lat="51.534751" lon="-0.195747"><ele>28</ele></trkpt>
      <trkpt lat="51.534824" lon="-0.195788"><ele>28</ele></trkpt>
      <trkpt lat="51.53481" lon="-0.195958"><ele>28</ele></trkpt>
      <trkpt lat="51.534793" lon="-0.196155"><ele>28.25</ele></trkpt>
      <trkpt lat="51.534786" lon="-0.196395"><ele>29</ele></trkpt>
      <trkpt lat="51.534785" lon="-0.196437"><ele>29</ele></trkpt>
      <trkpt lat="51.534624" lon="-0.196701"><ele>29</ele></trkpt>
      <trkpt lat="51.534571" lon="-0.196788"><ele>29</ele></trkpt>
      <trkpt lat="51.534554" lon="-0.196809"><ele>29</ele></trkpt>
      <trkpt lat="51.534531" lon="-0.196847"><ele>29</ele></trkpt>
      <trkpt lat="51.534495" lon="-0.196888"><ele>29</ele></trkpt>
      <trkpt lat="51.534353" lon="-0.197121"><ele>28</ele></trkpt>
      <trkpt lat="51.534184" lon="-0.197401"><ele>28.75</ele></trkpt>
      <trkpt lat="51.533939" lon="-0.197812"><ele>29</ele></trkpt>
      <trkpt lat="51.533997" lon="-0.197895"><ele>29</ele></trkpt>
      <trkpt lat="51.534335" lon="-0.198372"><ele>30</ele></trkpt>
      <trkpt lat="51.534571" lon="-0.198752"><ele>30</ele></trkpt>
      <trkpt lat="51.534731" lon="-0.19901"><ele>30.25</ele></trkpt>
      <trkpt lat="51.53453" lon="-0.199528"><ele>31</ele></trkpt>
      <trkpt lat="51.534361" lon="-0.200059"><ele>31</ele></trkpt>
      <trkpt lat="51.534269" lon="-0.200379"><ele>31</ele></trkpt>
      <trkpt lat="51.534069" lon="-0.201163"><ele>32</ele></trkpt>
      <trkpt lat="51.534007" lon="-0.201405"><ele>32</ele></trkpt>
      <trkpt lat="51.533985" lon="-0.20149"><ele>31.75</ele></trkpt>
      <trkpt lat="51.533924" lon="-0.201737"><ele>32</ele></trkpt>
      <trkpt lat="51.533837" lon="-0.202069"><ele>32.75</ele></trkpt>
      <trkpt lat="51.533744" lon="-0.202411"><ele>33</ele></trkpt>
      <trkpt lat="51.533726" lon="-0.202479"><ele>33</ele></trkpt>
      <trkpt lat="51.53361" lon="-0.202905"><ele>33.25</ele></trkpt>
      <trkpt lat="51.533586" lon="-0.202992"><ele>33.5</ele></trkpt>
      <trkpt lat="51.533556" lon="-0.203104"><ele>33.75</ele></trkpt>
      <trkpt lat="51.533457" lon="-0.203468"><ele>34.25</ele></trkpt>
      <trkpt lat="51.533427" lon="-0.20358"><ele>34.5</ele></trkpt>
      <trkpt lat="51.533401" lon="-0.203732"><ele>34.75</ele></trkpt>
      <trkpt lat="51.533406" lon="-0.203869"><ele>35</ele></trkpt>
      <trkpt lat="51.533504" lon="-0.203971"><ele>35.5</ele></trkpt>
      <trkpt lat="51.533495" lon="-0.203997"><ele>35.5</ele></trkpt>
      <trkpt lat="51.533489" lon="-0.204047"><ele>35.5</ele></trkpt>
      <trkpt lat="51.533503" lon="-0.204056"><ele>35.5</ele></trkpt>
      <trkpt lat="51.533507" lon="-0.204088"><ele>35.5</ele></trkpt>
      <trkpt lat="51.533515" lon="-0.204132"><ele>35.5</ele></trkpt>
      <trkpt lat="51.533524" lon="-0.20418"><ele>35.5</ele></trkpt>
      <trkpt lat="51.533528" lon="-0.204207"><ele>35.5</ele></trkpt>
      <trkpt lat="51.533551" lon="-0.204203"><ele>35.5</ele></trkpt>
      <trkpt lat="51.533595" lon="-0.204214"><ele>35.75</ele></trkpt>
      <trkpt lat="51.533803" lon="-0.204351"><ele>34.5</ele></trkpt>
      <trkpt lat="51.534207" lon="-0.204568"><ele>32.75</ele></trkpt>
      <trkpt lat="51.534197" lon="-0.204615"><ele>32.5</ele></trkpt>
      <trkpt lat="51.534173" lon="-0.204729"><ele>32.25</ele></trkpt>
      <trkpt lat="51.534101" lon="-0.204691"><ele>32.75</ele></trkpt>
      <trkpt lat="51.534173" lon="-0.204729"><ele>33.25</ele></trkpt>
      <trkpt lat="51.534197" lon="-0.204615"><ele>34</ele></trkpt>
      <trkpt lat="51.534207" lon="-0.204568"><ele>34.25</ele></trkpt>
      <trkpt lat="51.534333" lon="-0.204635"><ele>35.5</ele></trkpt>
      <trkpt lat="51.534554" lon="-0.204751"><ele>35.5</ele></trkpt>
      <trkpt lat="51.534574" lon="-0.204781"><ele>35.25</ele></trkpt>
      <trkpt lat="51.534453" lon="-0.205459"><ele>35</ele></trkpt>
      <trkpt lat="51.53439" lon="-0.205886"><ele>34.75</ele></trkpt>
      <trkpt lat="51.534314" lon="-0.206462"><ele>35</ele></trkpt>
      <trkpt lat="51.534195" lon="-0.207239"><ele>35</ele></trkpt>
      <trkpt lat="51.533867" lon="-0.20904"><ele>35</ele></trkpt>
      <trkpt lat="51.533633" lon="-0.210251"><ele>35</ele></trkpt>
      <trkpt lat="51.5324" lon="-0.216051"><ele>37</ele></trkpt>
      <trkpt lat="51.532154" lon="-0.217235"><ele>37.75</ele></trkpt>
      <trkpt lat="51.532099" lon="-0.21743"><ele>37.75</ele></trkpt>
      <trkpt lat="51.532086" lon="-0.217473"><ele>37.75</ele></trkpt>
      <trkpt lat="51.532069" lon="-0.217532"><ele>38</ele></trkpt>
      <trkpt lat="51.532056" lon="-0.217576"><ele>38.25</ele></trkpt>
      <trkpt lat="51.53205" lon="-0.217615"><ele>38.25</ele></trkpt>
      <trkpt lat="51.532038" lon="-0.217733"><ele>38.75</ele></trkpt>
      <trkpt lat="51.53197" lon="-0.218011"><ele>39</ele></trkpt>
      <trkpt lat="51.531733" lon="-0.218998"><ele>39</ele></trkpt>
      <trkpt lat="51.531368" lon="-0.220539"><ele>39.75</ele></trkpt>
      <trkpt lat="51.53122" lon="-0.221878"><ele>41.75</ele></trkpt>
      <trkpt lat="51.53097" lon="-0.224241"><ele>44</ele></trkpt>
      <trkpt lat="51.530925" lon="-0.22481"><ele>44.5</ele></trkpt>
      <trkpt lat="51.53091" lon="-0.224942"><ele>44.75</ele></trkpt>
      <trkpt lat="51.530894" lon="-0.225025"><ele>45</ele></trkpt>
      <trkpt lat="51.53086" lon="-0.225123"><ele>45</ele></trkpt>
      <trkpt lat="51.530819" lon="-0.225208"><ele>44.75</ele></trkpt>
      <trkpt lat="51.530736" lon="-0.225315"><ele>44.5</ele></trkpt>
      <trkpt lat="51.530606" lon="-0.225388"><ele>44</ele></trkpt>
      <trkpt lat="51.530517" lon="-0.225396"><ele>43.75</ele></trkpt>
      <trkpt lat="51.530521" lon="-0.225348"><ele>43.75</ele></trkpt>
      <trkpt lat="51.530528" lon="-0.225249"><ele>43.25</ele></trkpt>
      <trkpt lat="51.530522" lon="-0.225153"><ele>41</ele></trkpt>
      <trkpt lat="51.530527" lon="-0.225089"><ele>39.75</ele></trkpt>
      <trkpt lat="51.530527" lon="-0.225077"><ele>39.5</ele></trkpt>
      <trkpt lat="51.530499" lon="-0.225073"><ele>39.5</ele></trkpt>
      <trkpt lat="51.53049" lon="-0.225042"><ele>38.75</ele></trkpt>
      <trkpt lat="51.530498" lon="-0.224919"><ele>36.5</ele></trkpt>
      <trkpt lat="51.53049" lon="-0.225042"><ele>38.75</ele></trkpt>
      <trkpt lat="51.530499" lon="-0.225073"><ele>39.5</ele></trkpt>
      <trkpt lat="51.530527" lon="-0.225077"><ele>39.5</ele></trkpt>
      <trkpt lat="51.530527" lon="-0.225089"><ele>39.75</ele></trkpt>
      <trkpt lat="51.530522" lon="-0.225153"><ele>41</ele></trkpt>
      <trkpt lat="51.530528" lon="-0.225249"><ele>43.25</ele></trkpt>
      <trkpt lat="51.530521" lon="-0.225348"><ele>43.75</ele></trkpt>
      <trkpt lat="51.530517" lon="-0.225396"><ele>43.75</ele></trkpt>
      <trkpt lat="51.530459" lon="-0.225392"><ele>43.5</ele></trkpt>
      <trkpt lat="51.530254" lon="-0.225375"><ele>42.75</ele></trkpt>
      <trkpt lat="51.530257" lon="-0.225407"><ele>42.75</ele></trkpt>
      <trkpt lat="51.530259" lon="-0.225473"><ele>42.75</ele></trkpt>
      <trkpt lat="51.53026" lon="-0.225533"><ele>42.75</ele></trkpt>
      <trkpt lat="51.530255" lon="-0.225579"><ele>43</ele></trkpt>
      <trkpt lat="51.530241" lon="-0.225679"><ele>43.25</ele></trkpt>
      <trkpt lat="51.530231" lon="-0.225876"><ele>43.75</ele></trkpt>
      <trkpt lat="51.530227" lon="-0.226577"><ele>44.25</ele></trkpt>
      <trkpt lat="51.530208" lon="-0.227316"><ele>44.5</ele></trkpt>
      <trkpt lat="51.530222" lon="-0.227696"><ele>44.75</ele></trkpt>
      <trkpt lat="51.530253" lon="-0.227899"><ele>44.75</ele></trkpt>
      <trkpt lat="51.530259" lon="-0.227984"><ele>44.75</ele></trkpt>
      <trkpt lat="51.530301" lon="-0.228159"><ele>45</ele></trkpt>
      <trkpt lat="51.530285" lon="-0.228168"><ele>45</ele></trkpt>
      <trkpt lat="51.53024" lon="-0.228196"><ele>44.75</ele></trkpt>
      <trkpt lat="51.530194" lon="-0.228225"><ele>44.5</ele></trkpt>
      <trkpt lat="51.530181" lon="-0.228234"><ele>44.5</ele></trkpt>
      <trkpt lat="51.530209" lon="-0.228361"><ele>44.75</ele></trkpt>
      <trkpt lat="51.530216" lon="-0.228379"><ele>44.75</ele></trkpt>
      <trkpt lat="51.530247" lon="-0.22846"><ele>44.75</ele></trkpt>
      <trkpt lat="51.530284" lon="-0.228557"><ele>45</ele></trkpt>
      <trkpt lat="51.53058" lon="-0.229118"><ele>45.75</ele></trkpt>
      <trkpt lat="51.53065" lon="-0.229284"><ele>46</ele></trkpt>
      <trkpt lat="51.530758" lon="-0.229719"><ele>45.5</ele></trkpt>
      <trkpt lat="51.530777" lon="-0.22984"><ele>45.75</ele></trkpt>
      <trkpt lat="51.530905" lon="-0.230318"><ele>46</ele></trkpt>
      <trkpt lat="51.530914" lon="-0.230378"><ele>46</ele></trkpt>
      <trkpt lat="51.53094" lon="-0.230452"><ele>46</ele></trkpt>
      <trkpt lat="51.530962" lon="-0.230515"><ele>46</ele></trkpt>
      <trkpt lat="51.531288" lon="-0.231395"><ele>45.25</ele></trkpt>
      <trkpt lat="51.531399" lon="-0.231711"><ele>45</ele></trkpt>
      <trkpt lat="51.531425" lon="-0.231765"><ele>45</ele></trkpt>
      <trkpt lat="51.531454" lon="-0.231819"><ele>45</ele></trkpt>
      <trkpt lat="51.531552" lon="-0.232025"><ele>44.75</ele></trkpt>
      <trkpt lat="51.531604" lon="-0.232099"><ele>44.75</ele></trkpt>
      <trkpt lat="51.531626" lon="-0.232151"><ele>44.75</ele></trkpt>
      <trkpt lat="51.531647" lon="-0.232203"><ele>44.75</ele></trkpt>
      <trkpt lat="51.532327" lon="-0.233584"><ele>45</ele></trkpt>
      <trkpt lat="51.532465" lon="-0.23391"><ele>44</ele></trkpt>
      <trkpt lat="51.532568" lon="-0.234162"><ele>43.75</ele></trkpt>
      <trkpt lat="51.532572" lon="-0.234195"><ele>43.5</ele></trkpt>
      <trkpt lat="51.532566" lon="-0.234209"><ele>43.5</ele></trkpt>
      <trkpt lat="51.532568" lon="-0.234219"><ele>43.5</ele></trkpt>
      <trkpt lat="51.532576" lon="-0.234252"><ele>43.5</ele></trkpt>
      <trkpt lat="51.532584" lon="-0.234293"><ele>43.25</ele></trkpt>
      <trkpt lat="51.532588" lon="-0.234306"><ele>43.25</ele></trkpt>
      <trkpt lat="51.532611" lon="-0.234316"><ele>43.25</ele></trkpt>
      <trkpt lat="51.532618" lon="-0.234434"><ele>43</ele></trkpt>
      <trkpt lat="51.532601" lon="-0.234589"><ele>43</ele></trkpt>
      <trkpt lat="51.532269" lon="-0.236217"><ele>40.5</ele></trkpt>
      <trkpt lat="51.532265" lon="-0.236269"><ele>40.5</ele></trkpt>
      <trkpt lat="51.532262" lon="-0.236312"><ele>40.25</ele></trkpt>
      <trkpt lat="51.532253" lon="-0.236355"><ele>40</ele></trkpt>
      <trkpt lat="51.532251" lon="-0.236374"><ele>40</ele></trkpt>
      <trkpt lat="51.532263" lon="-0.236395"><ele>40</ele></trkpt>
      <trkpt lat="51.532234" lon="-0.23661"><ele>40</ele></trkpt>
      <trkpt lat="51.532152" lon="-0.236862"><ele>40</ele></trkpt>
      <trkpt lat="51.532088" lon="-0.237138"><ele>40</ele></trkpt>
      <trkpt lat="51.532065" lon="-0.237148"><ele>40</ele></trkpt>
      <trkpt lat="51.532065" lon="-0.237166"><ele>40</ele></trkpt>
      <trkpt lat="51.532063" lon="-0.237209"><ele>40</ele></trkpt>
      <trkpt lat="51.532061" lon="-0.237251"><ele>40</ele></trkpt>
      <trkpt lat="51.532061" lon="-0.237272"><ele>40</ele></trkpt>
      <trkpt lat="51.532038" lon="-0.23727"><ele>40</ele></trkpt>
      <trkpt lat="51.532011" lon="-0.237267"><ele>40</ele></trkpt>
      <trkpt lat="51.53201" lon="-0.237291"><ele>40</ele></trkpt>
      <trkpt lat="51.532007" lon="-0.237355"><ele>40</ele></trkpt>
      <trkpt lat="51.532004" lon="-0.237416"><ele>40</ele></trkpt>
      <trkpt lat="51.532003" lon="-0.237442"><ele>40</ele></trkpt>
      <trkpt lat="51.532093" lon="-0.23753"><ele>40.5</ele></trkpt>
      <trkpt lat="51.532135" lon="-0.237619"><ele>40.5</ele></trkpt>
      <trkpt lat="51.532162" lon="-0.23773"><ele>40.75</ele></trkpt>
      <trkpt lat="51.532192" lon="-0.238011"><ele>41.5</ele></trkpt>
      <trkpt lat="51.532198" lon="-0.238055"><ele>41.5</ele></trkpt>
      <trkpt lat="51.532203" lon="-0.23808"><ele>41.75</ele></trkpt>
      <trkpt lat="51.532263" lon="-0.238457"><ele>42.25</ele></trkpt>
      <trkpt lat="51.532267" lon="-0.238483"><ele>42.25</ele></trkpt>
      <trkpt lat="51.532272" lon="-0.238513"><ele>42.25</ele></trkpt>
      <trkpt lat="51.53233" lon="-0.238812"><ele>40.5</ele></trkpt>
      <trkpt lat="51.532389" lon="-0.239024"><ele>40.25</ele></trkpt>
      <trkpt lat="51.532448" lon="-0.239244"><ele>40</ele></trkpt>
      <trkpt lat="51.532533" lon="-0.239498"><ele>39.5</ele></trkpt>
      <trkpt lat="51.532789" lon="-0.240018"><ele>39</ele></trkpt>
      <trkpt lat="51.532781" lon="-0.240036"><ele>39</ele></trkpt>
      <trkpt lat="51.532778" lon="-0.24006"><ele>38.75</ele></trkpt>
      <trkpt lat="51.532768" lon="-0.24024"><ele>39</ele></trkpt>
      <trkpt lat="51.532673" lon="-0.241599"><ele>38</ele></trkpt>
      <trkpt lat="51.532649" lon="-0.241843"><ele>38.25</ele></trkpt>
      <trkpt lat="51.532614" lon="-0.242085"><ele>38.75</ele></trkpt>
      <trkpt lat="51.532576" lon="-0.242318"><ele>38.75</ele></trkpt>
      <trkpt lat="51.532524" lon="-0.242551"><ele>38.75</ele></trkpt>
      <trkpt lat="51.532465" lon="-0.242774"><ele>38.5</ele></trkpt>
      <trkpt lat="51.532371" lon="-0.24305"><ele>37.5</ele></trkpt>
      <trkpt lat="51.532324" lon="-0.243145"><ele>36.75</ele></trkpt>
      <trkpt lat="51.532204" lon="-0.243417"><ele>36.25</ele></trkpt>
      <trkpt lat="51.532174" lon="-0.243484"><ele>36.5</ele></trkpt>
      <trkpt lat="51.532156" lon="-0.243572"><ele>36.75</ele></trkpt>
      <trkpt lat="51.532114" lon="-0.243581"><ele>37.5</ele></trkpt>
      <trkpt lat="51.532019" lon="-0.243734"><ele>38.25</ele></trkpt>
      <trkpt lat="51.531997" lon="-0.243799"><ele>37.75</ele></trkpt>
      <trkpt lat="51.531969" lon="-0.243883"><ele>37.75</ele></trkpt>
      <trkpt lat="51.531946" lon="-0.243954"><ele>37.5</ele></trkpt>
      <trkpt lat="51.531912" lon="-0.243932"><ele>37.25</ele></trkpt>
      <trkpt lat="51.531907" lon="-0.243942"><ele>37</ele></trkpt>
      <trkpt lat="51.531914" lon="-0.243973"><ele>37</ele></trkpt>
      <trkpt lat="51.531943" lon="-0.243985"><ele>37.25</ele></trkpt>
      <trkpt lat="51.532009" lon="-0.244018"><ele>36.5</ele></trkpt>
      <trkpt lat="51.532043" lon="-0.244053"><ele>36.25</ele></trkpt>
      <trkpt lat="51.532068" lon="-0.244084"><ele>36</ele></trkpt>
      <trkpt lat="51.532108" lon="-0.244176"><ele>35.25</ele></trkpt>
      <trkpt lat="51.532125" lon="-0.244287"><ele>35.75</ele></trkpt>
      <trkpt lat="51.532125" lon="-0.244354"><ele>36</ele></trkpt>
      <trkpt lat="51.532118" lon="-0.24442"><ele>36.25</ele></trkpt>
      <trkpt lat="51.532086" lon="-0.244526"><ele>36.25</ele></trkpt>
      <trkpt lat="51.532082" lon="-0.244595"><ele>36.5</ele></trkpt>
      <trkpt lat="51.532204" lon="-0.245114"><ele>38</ele></trkpt>
      <trkpt lat="51.53223" lon="-0.245138"><ele>38.25</ele></trkpt>
      <trkpt lat="51.532367" lon="-0.245723"><ele>36</ele></trkpt>
      <trkpt lat="51.532368" lon="-0.24587"><ele>35.75</ele></trkpt>
      <trkpt lat="51.532382" lon="-0.245968"><ele>35.5</ele></trkpt>
      <trkpt lat="51.532473" lon="-0.246356"><ele>35.25</ele></trkpt>
      <trkpt lat="51.532496" lon="-0.246439"><ele>35.25</ele></trkpt>
      <trkpt lat="51.532522" lon="-0.24647"><ele>35.25</ele></trkpt>
      <trkpt lat="51.53253" lon="-0.246473"><ele>35.25</ele></trkpt>
      <trkpt lat="51.532583" lon="-0.246471"><ele>35.25</ele></trkpt>
      <trkpt lat="51.532585" lon="-0.246492"><ele>35.25</ele></trkpt>
      <trkpt lat="51.532594" lon="-0.246561"><ele>35.25</ele></trkpt>
      <trkpt lat="51.532603" lon="-0.246626"><ele>35.25</ele></trkpt>
      <trkpt lat="51.532605" lon="-0.24664"><ele>35.25</ele></trkpt>
      <trkpt lat="51.532748" lon="-0.246604"><ele>35</ele></trkpt>
      <trkpt lat="51.532867" lon="-0.246625"><ele>35.25</ele></trkpt>
      <trkpt lat="51.532941" lon="-0.246648"><ele>35.5</ele></trkpt>
      <trkpt lat="51.532976" lon="-0.246657"><ele>35.5</ele></trkpt>
      <trkpt lat="51.533083" lon="-0.246728"><ele>35.75</ele></trkpt>
      <trkpt lat="51.533202" lon="-0.246831"><ele>35.5</ele></trkpt>
      <trkpt lat="51.533258" lon="-0.246916"><ele>35.75</ele></trkpt>
      <trkpt lat="51.533278" lon="-0.246951"><ele>35.75</ele></trkpt>
      <trkpt lat="51.53333" lon="-0.247015"><ele>35.5</ele></trkpt>
      <trkpt lat="51.533387" lon="-0.247086"><ele>35.5</ele></trkpt>
      <trkpt lat="51.533518" lon="-0.247256"><ele>35.5</ele></trkpt>
      <trkpt lat="51.533535" lon="-0.247282"><ele>35.5</ele></trkpt>
      <trkpt lat="51.533563" lon="-0.247321"><ele>35.75</ele></trkpt>
      <trkpt lat="51.53354" lon="-0.247423"><ele>35.5</ele></trkpt>
      <trkpt lat="51.533574" lon="-0.247647"><ele>35.75</ele></trkpt>
      <trkpt lat="51.533829" lon="-0.249016"><ele>36.5</ele></trkpt>
      <trkpt lat="51.533963" lon="-0.249"><ele>37.25</ele></trkpt>
      <trkpt lat="51.534215" lon="-0.249186"><ele>38</ele></trkpt>
      <trkpt lat="51.534251" lon="-0.249212"><ele>38</ele></trkpt>
      <trkpt lat="51.534297" lon="-0.249246"><ele>38</ele></trkpt>
      <trkpt lat="51.534325" lon="-0.249267"><ele>38</ele></trkpt>
      <trkpt lat="51.534514" lon="-0.249403"><ele>38.25</ele></trkpt>
      <trkpt lat="51.534518" lon="-0.249499"><ele>38.25</ele></trkpt>
      <trkpt lat="51.53452" lon="-0.249567"><ele>38.25</ele></trkpt>
      <trkpt lat="51.534583" lon="-0.249813"><ele>38.25</ele></trkpt>
      <trkpt lat="51.535391" lon="-0.252847"><ele>38.75</ele></trkpt>
      <trkpt lat="51.535433" lon="-0.252993"><ele>38.5</ele></trkpt>
      <trkpt lat="51.535475" lon="-0.253117"><ele>38.5</ele></trkpt>
      <trkpt lat="51.53575" lon="-0.253872"><ele>37.5</ele></trkpt>
      <trkpt lat="51.535843" lon="-0.254084"><ele>37.75</ele></trkpt>
      <trkpt lat="51.535945" lon="-0.254295"><ele>37.25</ele></trkpt>
      <trkpt lat="51.536206" lon="-0.254751"><ele>36.75</ele></trkpt>
      <trkpt lat="51.536618" lon="-0.255421"><ele>37</ele></trkpt>
      <trkpt lat="51.536664" lon="-0.2555"><ele>37</ele></trkpt>
      <trkpt lat="51.536659" lon="-0.255555"><ele>37</ele></trkpt>
      <trkpt lat="51.536664" lon="-0.255564"><ele>36.75</ele></trkpt>
      <trkpt lat="51.536672" lon="-0.255576"><ele>36.75</ele></trkpt>
      <trkpt lat="51.536702" lon="-0.255563"><ele>37</ele></trkpt>
      <trkpt lat="51.537055" lon="-0.256092"><ele>36.25</ele></trkpt>
      <trkpt lat="51.537039" lon="-0.256126"><ele>36.25</ele></trkpt>
      <trkpt lat="51.536807" lon="-0.256543"><ele>36.75</ele></trkpt>
      <trkpt lat="51.536735" lon="-0.256634"><ele>36.25</ele></trkpt>
      <trkpt lat="51.536692" lon="-0.256667"><ele>36</ele></trkpt>
      <trkpt lat="51.536662" lon="-0.256692"><ele>35.75</ele></trkpt>
      <trkpt lat="51.536572" lon="-0.256759"><ele>35.75</ele></trkpt>
      <trkpt lat="51.536578" lon="-0.256787"><ele>36</ele></trkpt>
      <trkpt lat="51.536595" lon="-0.256865"><ele>36.25</ele></trkpt>
      <trkpt lat="51.536607" lon="-0.256922"><ele>36.25</ele></trkpt>
      <trkpt lat="51.536611" lon="-0.256945"><ele>36.25</ele></trkpt>
      <trkpt lat="51.536367" lon="-0.257087"><ele>36.5</ele></trkpt>
      <trkpt lat="51.53637" lon="-0.257108"><ele>36.5</ele></trkpt>
      <trkpt lat="51.536325" lon="-0.257148"><ele>35.75</ele></trkpt>
      <trkpt lat="51.536307" lon="-0.257167"><ele>35.5</ele></trkpt>
      <trkpt lat="51.536287" lon="-0.257187"><ele>35</ele></trkpt>
      <trkpt lat="51.536258" lon="-0.257204"><ele>34.5</ele></trkpt>
      <trkpt lat="51.536226" lon="-0.257235"><ele>34</ele></trkpt>
      <trkpt lat="51.536185" lon="-0.257274"><ele>33.75</ele></trkpt>
      <trkpt lat="51.53617" lon="-0.257236"><ele>33.5</ele></trkpt>
      <trkpt lat="51.536078" lon="-0.257329"><ele>33</ele></trkpt>
      <trkpt lat="51.536096" lon="-0.257367"><ele>33</ele></trkpt>
      <trkpt lat="51.536141" lon="-0.25748"><ele>33</ele></trkpt>
      <trkpt lat="51.536096" lon="-0.257367"><ele>33.25</ele></trkpt>
      <trkpt lat="51.536078" lon="-0.257329"><ele>33.25</ele></trkpt>
      <trkpt lat="51.53617" lon="-0.257236"><ele>33.75</ele></trkpt>
      <trkpt lat="51.536185" lon="-0.257274"><ele>34</ele></trkpt>
      <trkpt lat="51.536226" lon="-0.257235"><ele>34</ele></trkpt>
      <trkpt lat="51.536258" lon="-0.257204"><ele>34.5</ele></trkpt>
      <trkpt lat="51.536287" lon="-0.257187"><ele>35</ele></trkpt>
      <trkpt lat="51.536307" lon="-0.257167"><ele>35.5</ele></trkpt>
      <trkpt lat="51.536325" lon="-0.257148"><ele>35.75</ele></trkpt>
      <trkpt lat="51.53637" lon="-0.257108"><ele>36.5</ele></trkpt>
      <trkpt lat="51.536367" lon="-0.257087"><ele>36.5</ele></trkpt>
      <trkpt lat="51.536611" lon="-0.256945"><ele>36.25</ele></trkpt>
      <trkpt lat="51.536697" lon="-0.256948"><ele>35.75</ele></trkpt>
      <trkpt lat="51.536697" lon="-0.25705"><ele>35.75</ele></trkpt>
      <trkpt lat="51.536766" lon="-0.257275"><ele>35.5</ele></trkpt>
      <trkpt lat="51.536857" lon="-0.25745"><ele>35</ele></trkpt>
      <trkpt lat="51.536888" lon="-0.257407"><ele>35</ele></trkpt>
      <trkpt lat="51.536921" lon="-0.257408"><ele>35</ele></trkpt>
      <trkpt lat="51.536961" lon="-0.257528"><ele>35</ele></trkpt>
      <trkpt lat="51.537139" lon="-0.257776"><ele>35</ele></trkpt>
      <trkpt lat="51.537332" lon="-0.257998"><ele>34.25</ele></trkpt>
      <trkpt lat="51.5377" lon="-0.258402"><ele>33.75</ele></trkpt>
      <trkpt lat="51.538034" lon="-0.258791"><ele>33.25</ele></trkpt>
      <trkpt lat="51.538092" lon="-0.258913"><ele>33</ele></trkpt>
      <trkpt lat="51.538142" lon="-0.259033"><ele>33</ele></trkpt>
      <trkpt lat="51.538253" lon="-0.259398"><ele>33</ele></trkpt>
      <trkpt lat="51.538372" lon="-0.259732"><ele>32</ele></trkpt>
      <trkpt lat="51.539171" lon="-0.261428"><ele>32</ele></trkpt>
      <trkpt lat="51.539657" lon="-0.262405"><ele>32</ele></trkpt>
      <trkpt lat="51.539684" lon="-0.262459"><ele>32</ele></trkpt>
      <trkpt lat="51.539755" lon="-0.262384"><ele>31.75</ele></trkpt>
      <trkpt lat="51.539833" lon="-0.262301"><ele>31.75</ele></trkpt>
      <trkpt lat="51.539974" lon="-0.262293"><ele>31.75</ele></trkpt>
      <trkpt lat="51.540047" lon="-0.262343"><ele>31.5</ele></trkpt>
      <trkpt lat="51.540095" lon="-0.26239"><ele>31.25</ele></trkpt>
      <trkpt lat="51.54014" lon="-0.26238"><ele>31.25</ele></trkpt>
      <trkpt lat="51.540222" lon="-0.262278"><ele>31.75</ele></trkpt>
      <trkpt lat="51.540265" lon="-0.26222"><ele>32</ele></trkpt>
      <trkpt lat="51.540302" lon="-0.262296"><ele>31.5</ele></trkpt>
      <trkpt lat="51.540358" lon="-0.262227"><ele>31.5</ele></trkpt>
      <trkpt lat="51.540515" lon="-0.262145"><ele>31.25</ele></trkpt>
      <trkpt lat="51.54061" lon="-0.262156"><ele>31</ele></trkpt>
      <trkpt lat="51.540681" lon="-0.262153"><ele>31</ele></trkpt>
      <trkpt lat="51.540813" lon="-0.262083"><ele>31.5</ele></trkpt>
      <trkpt lat="51.541068" lon="-0.262066"><ele>31.5</ele></trkpt>
      <trkpt lat="51.541092" lon="-0.262317"><ele>31</ele></trkpt>
      <trkpt lat="51.541166" lon="-0.26277"><ele>31</ele></trkpt>
      <trkpt lat="51.541325" lon="-0.263322"><ele>30</ele></trkpt>
      <trkpt lat="51.541334" lon="-0.263315"><ele>30</ele></trkpt>
      <trkpt lat="51.541378" lon="-0.263281"><ele>30</ele></trkpt>
      <trkpt lat="51.541423" lon="-0.263248"><ele>30</ele></trkpt>
      <trkpt lat="51.541434" lon="-0.263239"><ele>30</ele></trkpt>
      <trkpt lat="51.541655" lon="-0.263949"><ele>29.75</ele></trkpt>
      <trkpt lat="51.541743" lon="-0.264244"><ele>29.25</ele></trkpt>
      <trkpt lat="51.541924" lon="-0.264856"><ele>29</ele></trkpt>
      <trkpt lat="51.541939" lon="-0.264906"><ele>29</ele></trkpt>
      <trkpt lat="51.541952" lon="-0.264973"><ele>29</ele></trkpt>
      <trkpt lat="51.542094" lon="-0.265492"><ele>28.5</ele></trkpt>
      <trkpt lat="51.542493" lon="-0.266832"><ele>27.25</ele></trkpt>
      <trkpt lat="51.542549" lon="-0.267018"><ele>27</ele></trkpt>
      <trkpt lat="51.542564" lon="-0.267071"><ele>27</ele></trkpt>
      <trkpt lat="51.542579" lon="-0.267126"><ele>27.25</ele></trkpt>
      <trkpt lat="51.542864" lon="-0.268128"><ele>26</ele></trkpt>
      <trkpt lat="51.54292" lon="-0.268402"><ele>25.75</ele></trkpt>
      <trkpt lat="51.542949" lon="-0.268596"><ele>25.25</ele></trkpt>
      <trkpt lat="51.542959" lon="-0.268608"><ele>25.25</ele></trkpt>
      <trkpt lat="51.542954" lon="-0.268616"><ele>25.25</ele></trkpt>
      <trkpt lat="51.542959" lon="-0.268665"><ele>25.25</ele></trkpt>
      <trkpt lat="51.542967" lon="-0.268737"><ele>25</ele></trkpt>
      <trkpt lat="51.542972" lon="-0.268752"><ele>25</ele></trkpt>
      <trkpt lat="51.542968" lon="-0.268775"><ele>25</ele></trkpt>
      <trkpt lat="51.542992" lon="-0.268996"><ele>25</ele></trkpt>
      <trkpt lat="51.543034" lon="-0.269389"><ele>25</ele></trkpt>
      <trkpt lat="51.543064" lon="-0.269673"><ele>25</ele></trkpt>
      <trkpt lat="51.543081" lon="-0.269758"><ele>25</ele></trkpt>
      <trkpt lat="51.543102" lon="-0.269801"><ele>25</ele></trkpt>
      <trkpt lat="51.543099" lon="-0.269823"><ele>25</ele></trkpt>
      <trkpt lat="51.54312" lon="-0.269917"><ele>25</ele></trkpt>
      <trkpt lat="51.54313" lon="-0.26995"><ele>25</ele></trkpt>
      <trkpt lat="51.543141" lon="-0.269958"><ele>25</ele></trkpt>
      <trkpt lat="51.543185" lon="-0.270105"><ele>25</ele></trkpt>
      <trkpt lat="51.543258" lon="-0.27028"><ele>24.75</ele></trkpt>
      <trkpt lat="51.543489" lon="-0.270618"><ele>24</ele></trkpt>
      <trkpt lat="51.543953" lon="-0.271147"><ele>25</ele></trkpt>
      <trkpt lat="51.544103" lon="-0.271279"><ele>25</ele></trkpt>
      <trkpt lat="51.544106" lon="-0.271296"><ele>25</ele></trkpt>
      <trkpt lat="51.54414" lon="-0.271345"><ele>25</ele></trkpt>
      <trkpt lat="51.544181" lon="-0.271393"><ele>25</ele></trkpt>
      <trkpt lat="51.5442" lon="-0.271402"><ele>25</ele></trkpt>
      <trkpt lat="51.544204" lon="-0.271432"><ele>25</ele></trkpt>
      <trkpt lat="51.544217" lon="-0.271462"><ele>25</ele></trkpt>
      <trkpt lat="51.544365" lon="-0.271649"><ele>25</ele></trkpt>
      <trkpt lat="51.544436" lon="-0.271664"><ele>25</ele></trkpt>
      <trkpt lat="51.544503" lon="-0.271707"><ele>25</ele></trkpt>
      <trkpt lat="51.54459" lon="-0.271729"><ele>24.75</ele></trkpt>
      <trkpt lat="51.544585" lon="-0.271789"><ele>24.75</ele></trkpt>
      <trkpt lat="51.544586" lon="-0.271833"><ele>24.5</ele></trkpt>
      <trkpt lat="51.544587" lon="-0.271869"><ele>24.5</ele></trkpt>
      <trkpt lat="51.544584" lon="-0.271898"><ele>24.5</ele></trkpt>
      <trkpt lat="51.544625" lon="-0.271948"><ele>24</ele></trkpt>
      <trkpt lat="51.544654" lon="-0.271989"><ele>23</ele></trkpt>
      <trkpt lat="51.544679" lon="-0.272019"><ele>22.5</ele></trkpt>
      <trkpt lat="51.544682" lon="-0.272062"><ele>21.75</ele></trkpt>
      <trkpt lat="51.544883" lon="-0.272329"><ele>22.5</ele></trkpt>
      <trkpt lat="51.544909" lon="-0.272337"><ele>23</ele></trkpt>
      <trkpt lat="51.544938" lon="-0.27237"><ele>23.75</ele></trkpt>
      <trkpt lat="51.544966" lon="-0.272401"><ele>24.5</ele></trkpt>
      <trkpt lat="51.54499" lon="-0.272442"><ele>25.25</ele></trkpt>
      <trkpt lat="51.544979" lon="-0.272499"><ele>25.5</ele></trkpt>
      <trkpt lat="51.544949" lon="-0.272557"><ele>25</ele></trkpt>
      <trkpt lat="51.544917" lon="-0.272622"><ele>24.5</ele></trkpt>
      <trkpt lat="51.544901" lon="-0.272661"><ele>24.5</ele></trkpt>
      <trkpt lat="51.544926" lon="-0.272688"><ele>25</ele></trkpt>
      <trkpt lat="51.544913" lon="-0.272725"><ele>25</ele></trkpt>
      <trkpt lat="51.544897" lon="-0.272774"><ele>25</ele></trkpt>
      <trkpt lat="51.544879" lon="-0.272819"><ele>25.25</ele></trkpt>
      <trkpt lat="51.544875" lon="-0.27283"><ele>25.25</ele></trkpt>
      <trkpt lat="51.544863" lon="-0.272862"><ele>25.25</ele></trkpt>
      <trkpt lat="51.544865" lon="-0.272882"><ele>25.25</ele></trkpt>
      <trkpt lat="51.544865" lon="-0.272935"><ele>25.5</ele></trkpt>
      <trkpt lat="51.544865" lon="-0.272963"><ele>25.5</ele></trkpt>
      <trkpt lat="51.544867" lon="-0.272977"><ele>25.5</ele></trkpt>
      <trkpt lat="51.544822" lon="-0.273065"><ele>25.75</ele></trkpt>
      <trkpt lat="51.544775" lon="-0.273098"><ele>25.5</ele></trkpt>
      <trkpt lat="51.544732" lon="-0.27309"><ele>25.75</ele></trkpt>
      <trkpt lat="51.544706" lon="-0.27306"><ele>25.5</ele></trkpt>
      <trkpt lat="51.544674" lon="-0.273066"><ele>25</ele></trkpt>
      <trkpt lat="51.544587" lon="-0.27316"><ele>23.75</ele></trkpt>
      <trkpt lat="51.544509" lon="-0.273268"><ele>24</ele></trkpt>
      <trkpt lat="51.544448" lon="-0.273401"><ele>24.75</ele></trkpt>
      <trkpt lat="51.544412" lon="-0.273524"><ele>24.5</ele></trkpt>
      <trkpt lat="51.544378" lon="-0.273711"><ele>24.25</ele></trkpt>
      <trkpt lat="51.544268" lon="-0.274063"><ele>24.75</ele></trkpt>
      <trkpt lat="51.54422" lon="-0.274172"><ele>25</ele></trkpt>
      <trkpt lat="51.543975" lon="-0.27472"><ele>25</ele></trkpt>
      <trkpt lat="51.543964" lon="-0.274763"><ele>25</ele></trkpt>
      <trkpt lat="51.543969" lon="-0.27488"><ele>25</ele></trkpt>
      <trkpt lat="51.54408" lon="-0.275228"><ele>26.5</ele></trkpt>
      <trkpt lat="51.544045" lon="-0.275263"><ele>27</ele></trkpt>
      <trkpt lat="51.544011" lon="-0.275289"><ele>27.5</ele></trkpt>
      <trkpt lat="51.544004" lon="-0.275296"><ele>27.75</ele></trkpt>
      <trkpt lat="51.543985" lon="-0.275312"><ele>28</ele></trkpt>
      <trkpt lat="51.54402" lon="-0.275415"><ele>28</ele></trkpt>
      <trkpt lat="51.543905" lon="-0.275518"><ele>28</ele></trkpt>
      <trkpt lat="51.54402" lon="-0.275415"><ele>28</ele></trkpt>
      <trkpt lat="51.543985" lon="-0.275312"><ele>28</ele></trkpt>
      <trkpt lat="51.544004" lon="-0.275296"><ele>27.75</ele></trkpt>
      <trkpt lat="51.544011" lon="-0.275289"><ele>27.5</ele></trkpt>
      <trkpt lat="51.54392" lon="-0.275032"><ele>26</ele></trkpt>
      <trkpt lat="51.5439" lon="-0.274995"><ele>25.75</ele></trkpt>
      <trkpt lat="51.543861" lon="-0.274958"><ele>25.5</ele></trkpt>
      <trkpt lat="51.543792" lon="-0.27494"><ele>25</ele></trkpt>
      <trkpt lat="51.54374" lon="-0.274956"><ele>24.75</ele></trkpt>
      <trkpt lat="51.54372" lon="-0.274902"><ele>24.5</ele></trkpt>
      <trkpt lat="51.543702" lon="-0.274854"><ele>24.25</ele></trkpt>
      <trkpt lat="51.543664" lon="-0.274772"><ele>24</ele></trkpt>
      <trkpt lat="51.543643" lon="-0.274761"><ele>24</ele></trkpt>
      <trkpt lat="51.543623" lon="-0.274773"><ele>24</ele></trkpt>
      <trkpt lat="51.543556" lon="-0.274844"><ele>24</ele></trkpt>
      <trkpt lat="51.543414" lon="-0.275029"><ele>24</ele></trkpt>
      <trkpt lat="51.543325" lon="-0.275138"><ele>24</ele></trkpt>
      <trkpt lat="51.543254" lon="-0.275191"><ele>24.25</ele></trkpt>
      <trkpt lat="51.54309" lon="-0.275299"><ele>24.75</ele></trkpt>
      <trkpt lat="51.542312" lon="-0.276225"><ele>25.25</ele></trkpt>
      <trkpt lat="51.542181" lon="-0.276354"><ele>25</ele></trkpt>
      <trkpt lat="51.541795" lon="-0.276657"><ele>24.5</ele></trkpt>
      <trkpt lat="51.541673" lon="-0.276767"><ele>24.5</ele></trkpt>
      <trkpt lat="51.541689" lon="-0.276817"><ele>24.25</ele></trkpt>
      <trkpt lat="51.541696" lon="-0.276873"><ele>24</ele></trkpt>
      <trkpt lat="51.541673" lon="-0.276939"><ele>24</ele></trkpt>
      <trkpt lat="51.541687" lon="-0.276983"><ele>24</ele></trkpt>
      <trkpt lat="51.541702" lon="-0.277021"><ele>24</ele></trkpt>
      <trkpt lat="51.541725" lon="-0.277089"><ele>24</ele></trkpt>
      <trkpt lat="51.541698" lon="-0.277119"><ele>24</ele></trkpt>
      <trkpt lat="51.541683" lon="-0.277187"><ele>24</ele></trkpt>
      <trkpt lat="51.54165" lon="-0.277249"><ele>23.75</ele></trkpt>
      <trkpt lat="51.541637" lon="-0.277291"><ele>24</ele></trkpt>
      <trkpt lat="51.541638" lon="-0.277384"><ele>24</ele></trkpt>
      <trkpt lat="51.541667" lon="-0.277534"><ele>24</ele></trkpt>
      <trkpt lat="51.54166" lon="-0.27757"><ele>23.75</ele></trkpt>
      <trkpt lat="51.541638" lon="-0.277603"><ele>23.75</ele></trkpt>
      <trkpt lat="51.541609" lon="-0.277623"><ele>23.75</ele></trkpt>
      <trkpt lat="51.541665" lon="-0.27783"><ele>24</ele></trkpt>
      <trkpt lat="51.541675" lon="-0.277916"><ele>24.5</ele></trkpt>
      <trkpt lat="51.541676" lon="-0.277982"><ele>24.75</ele></trkpt>
      <trkpt lat="51.54166" lon="-0.278186"><ele>24.75</ele></trkpt>
      <trkpt lat="51.541698" lon="-0.278194"><ele>25</ele></trkpt>
      <trkpt lat="51.541749" lon="-0.27822"><ele>25.25</ele></trkpt>
      <trkpt lat="51.541795" lon="-0.278246"><ele>25.25</ele></trkpt>
      <trkpt lat="51.541839" lon="-0.278295"><ele>25.5</ele></trkpt>
      <trkpt lat="51.541871" lon="-0.278355"><ele>25.5</ele></trkpt>
      <trkpt lat="51.542203" lon="-0.279279"><ele>27.75</ele></trkpt>
      <trkpt lat="51.542346" lon="-0.279704"><ele>29.25</ele></trkpt>
      <trkpt lat="51.542593" lon="-0.280404"><ele>31.25</ele></trkpt>
      <trkpt lat="51.542668" lon="-0.280613"><ele>31.5</ele></trkpt>
      <trkpt lat="51.542844" lon="-0.281149"><ele>32</ele></trkpt>
      <trkpt lat="51.543121" lon="-0.281994"><ele>32.75</ele></trkpt>
      <trkpt lat="51.543266" lon="-0.282435"><ele>32.75</ele></trkpt>
      <trkpt lat="51.543375" lon="-0.282785"><ele>33</ele></trkpt>
      <trkpt lat="51.543567" lon="-0.283394"><ele>33</ele></trkpt>
      <trkpt lat="51.543654" lon="-0.283662"><ele>33.25</ele></trkpt>
      <trkpt lat="51.543811" lon="-0.28414"><ele>34.5</ele></trkpt>
      <trkpt lat="51.543832" lon="-0.284224"><ele>34.75</ele></trkpt>
      <trkpt lat="51.543831" lon="-0.284322"><ele>35</ele></trkpt>
      <trkpt lat="51.543804" lon="-0.284418"><ele>35.25</ele></trkpt>
      <trkpt lat="51.543751" lon="-0.284478"><ele>35</ele></trkpt>
      <trkpt lat="51.543572" lon="-0.284626"><ele>34.5</ele></trkpt>
      <trkpt lat="51.543231" lon="-0.284917"><ele>35.5</ele></trkpt>
      <trkpt lat="51.543174" lon="-0.284976"><ele>35.75</ele></trkpt>
      <trkpt lat="51.543219" lon="-0.285153"><ele>36.25</ele></trkpt>
      <trkpt lat="51.54322" lon="-0.285252"><ele>36.5</ele></trkpt>
      <trkpt lat="51.543069" lon="-0.285443"><ele>36.5</ele></trkpt>
      <trkpt lat="51.54309" lon="-0.285597"><ele>37</ele></trkpt>
      <trkpt lat="51.543225" lon="-0.2857"><ele>37.5</ele></trkpt>
      <trkpt lat="51.543099" lon="-0.285929"><ele>37</ele></trkpt>
      <trkpt lat="51.543241" lon="-0.286166"><ele>37.5</ele></trkpt>
      <trkpt lat="51.54333" lon="-0.286301"><ele>37.75</ele></trkpt>
      <trkpt lat="51.543582" lon="-0.286682"><ele>38.75</ele></trkpt>
      <trkpt lat="51.5437" lon="-0.286888"><ele>40</ele></trkpt>
      <trkpt lat="51.543824" lon="-0.28705"><ele>41</ele></trkpt>
      <trkpt lat="51.544049" lon="-0.28744"><ele>43</ele></trkpt>
      <trkpt lat="51.544127" lon="-0.287556"><ele>43.5</ele></trkpt>
      <trkpt lat="51.544321" lon="-0.28785"><ele>44.75</ele></trkpt>
      <trkpt lat="51.544472" lon="-0.28809"><ele>46</ele></trkpt>
      <trkpt lat="51.544534" lon="-0.288229"><ele>46</ele></trkpt>
      <trkpt lat="51.544625" lon="-0.288318"><ele>46</ele></trkpt>
      <trkpt lat="51.544843" lon="-0.288671"><ele>45.75</ele></trkpt>
      <trkpt lat="51.545113" lon="-0.289075"><ele>44.25</ele></trkpt>
      <trkpt lat="51.545318" lon="-0.289316"><ele>43.25</ele></trkpt>
      <trkpt lat="51.545683" lon="-0.289625"><ele>42</ele></trkpt>
      <trkpt lat="51.545898" lon="-0.289812"><ele>40.5</ele></trkpt>
      <trkpt lat="51.54604" lon="-0.289952"><ele>40</ele></trkpt>
      <trkpt lat="51.546185" lon="-0.290101"><ele>39.25</ele></trkpt>
      <trkpt lat="51.54637" lon="-0.290322"><ele>37.75</ele></trkpt>
      <trkpt lat="51.546627" lon="-0.290718"><ele>34.5</ele></trkpt>
      <trkpt lat="51.546754" lon="-0.290938"><ele>34</ele></trkpt>
      <trkpt lat="51.547016" lon="-0.291434"><ele>34</ele></trkpt>
      <trkpt lat="51.547186" lon="-0.291764"><ele>34</ele></trkpt>
      <trkpt lat="51.547349" lon="-0.292078"><ele>34</ele></trkpt>
      <trkpt lat="51.547641" lon="-0.292574"><ele>34</ele></trkpt>
      <trkpt lat="51.548005" lon="-0.293281"><ele>34</ele></trkpt>
      <trkpt lat="51.548162" lon="-0.293609"><ele>33.75</ele></trkpt>
      <trkpt lat="51.548283" lon="-0.293913"><ele>34</ele></trkpt>
      <trkpt lat="51.548314" lon="-0.294012"><ele>34</ele></trkpt>
      <trkpt lat="51.548424" lon="-0.294417"><ele>33.75</ele></trkpt>
      <trkpt lat="51.548451" lon="-0.29456"><ele>34</ele></trkpt>
      <trkpt lat="51.548657" lon="-0.294445"><ele>33.75</ele></trkpt>
      <trkpt lat="51.548963" lon="-0.294312"><ele>33.25</ele></trkpt>
      <trkpt lat="51.549124" lon="-0.293988"><ele>33.75</ele></trkpt>
      <trkpt lat="51.549163" lon="-0.293887"><ele>34</ele></trkpt>
      <trkpt lat="51.549434" lon="-0.294224"><ele>34.75</ele></trkpt>
      <trkpt lat="51.549494" lon="-0.294298"><ele>35</ele></trkpt>
      <trkpt lat="51.549847" lon="-0.294742"><ele>35.25</ele></trkpt>
      <trkpt lat="51.550768" lon="-0.295868"><ele>37.75</ele></trkpt>
      <trkpt lat="51.550794" lon="-0.295899"><ele>37.75</ele></trkpt>
      <trkpt lat="51.551343" lon="-0.296551"><ele>37</ele></trkpt>
      <trkpt lat="51.551601" lon="-0.296858"><ele>37</ele></trkpt>
      <trkpt lat="51.551632" lon="-0.296776"><ele>37</ele></trkpt>
      <trkpt lat="51.551669" lon="-0.296684"><ele>37</ele></trkpt>
      <trkpt lat="51.551649" lon="-0.296661"><ele>37</ele></trkpt>
      <trkpt lat="51.551623" lon="-0.296721"><ele>37</ele></trkpt>
      <trkpt lat="51.551604" lon="-0.2967"><ele>37</ele></trkpt>
      <trkpt lat="51.551691" lon="-0.296503"><ele>37</ele></trkpt>
      <trkpt lat="51.551726" lon="-0.296539"><ele>37</ele></trkpt>
      <trkpt lat="51.551849" lon="-0.296247"><ele>39</ele></trkpt>
      <trkpt lat="51.551726" lon="-0.296539"><ele>37</ele></trkpt>
      <trkpt lat="51.551691" lon="-0.296503"><ele>37</ele></trkpt>
      <trkpt lat="51.551604" lon="-0.2967"><ele>37</ele></trkpt>
      <trkpt lat="51.551623" lon="-0.296721"><ele>37</ele></trkpt>
      <trkpt lat="51.551649" lon="-0.296661"><ele>37</ele></trkpt>
      <trkpt lat="51.551669" lon="-0.296684"><ele>37</ele></trkpt>
      <trkpt lat="51.551632" lon="-0.296776"><ele>37</ele></trkpt>
      <trkpt lat="51.551601" lon="-0.296858"><ele>37</ele></trkpt>
      <trkpt lat="51.551429" lon="-0.297614"><ele>36</ele></trkpt>
      <trkpt lat="51.551364" lon="-0.297967"><ele>36</ele></trkpt>
      <trkpt lat="51.551317" lon="-0.298276"><ele>36</ele></trkpt>
      <trkpt lat="51.551258" lon="-0.298759"><ele>36.75</ele></trkpt>
      <trkpt lat="51.551507" lon="-0.298867"><ele>38.25</ele></trkpt>
      <trkpt lat="51.551855" lon="-0.299001"><ele>40</ele></trkpt>
      <trkpt lat="51.551869" lon="-0.299005"><ele>40</ele></trkpt>
      <trkpt lat="51.55189" lon="-0.29901"><ele>40.25</ele></trkpt>
      <trkpt lat="51.551922" lon="-0.299018"><ele>40.75</ele></trkpt>
      <trkpt lat="51.55202" lon="-0.299046"><ele>40.5</ele></trkpt>
      <trkpt lat="51.552128" lon="-0.299075"><ele>40</ele></trkpt>
      <trkpt lat="51.552279" lon="-0.299116"><ele>39.25</ele></trkpt>
      <trkpt lat="51.552554" lon="-0.299161"><ele>37.75</ele></trkpt>
      <trkpt lat="51.552692" lon="-0.299197"><ele>37.25</ele></trkpt>
      <trkpt lat="51.553349" lon="-0.299304"><ele>37</ele></trkpt>
      <trkpt lat="51.553442" lon="-0.299318"><ele>37</ele></trkpt>
      <trkpt lat="51.553743" lon="-0.299387"><ele>37</ele></trkpt>
      <trkpt lat="51.554003" lon="-0.29947"><ele>37.25</ele></trkpt>
      <trkpt lat="51.554248" lon="-0.299542"><ele>38.25</ele></trkpt>
      <trkpt lat="51.554349" lon="-0.299588"><ele>38.5</ele></trkpt>
      <trkpt lat="51.554757" lon="-0.299899"><ele>39.5</ele></trkpt>
      <trkpt lat="51.554937" lon="-0.300033"><ele>38.5</ele></trkpt>
      <trkpt lat="51.555572" lon="-0.300534"><ele>38</ele></trkpt>
      <trkpt lat="51.556015" lon="-0.300906"><ele>38</ele></trkpt>
      <trkpt lat="51.556333" lon="-0.301155"><ele>38</ele></trkpt>
      <trkpt lat="51.556591" lon="-0.301352"><ele>38</ele></trkpt>
      <trkpt lat="51.557013" lon="-0.301437"><ele>39</ele></trkpt>
      <trkpt lat="51.557256" lon="-0.301581"><ele>39</ele></trkpt>
      <trkpt lat="51.557584" lon="-0.301766"><ele>40</ele></trkpt>
      <trkpt lat="51.558028" lon="-0.302032"><ele>40.75</ele></trkpt>
      <trkpt lat="51.558209" lon="-0.302131"><ele>41.5</ele></trkpt>
      <trkpt lat="51.558244" lon="-0.302293"><ele>41.75</ele></trkpt>
      <trkpt lat="51.558243" lon="-0.302499"><ele>41.75</ele></trkpt>
      <trkpt lat="51.559171" lon="-0.302728"><ele>44</ele></trkpt>
      <trkpt lat="51.559239" lon="-0.302154"><ele>42.75</ele></trkpt>
      <trkpt lat="51.559676" lon="-0.302445"><ele>44.25</ele></trkpt>
      <trkpt lat="51.559966" lon="-0.302605"><ele>44.25</ele></trkpt>
      <trkpt lat="51.56068" lon="-0.303006"><ele>44</ele></trkpt>
      <trkpt lat="51.560735" lon="-0.302994"><ele>43.75</ele></trkpt>
      <trkpt lat="51.561718" lon="-0.303612"><ele>43.5</ele></trkpt>
      <trkpt lat="51.56165" lon="-0.304397"><ele>45</ele></trkpt>
      <trkpt lat="51.561811" lon="-0.304454"><ele>45</ele></trkpt>
      <trkpt lat="51.562772" lon="-0.30483"><ele>45.5</ele></trkpt>
      <trkpt lat="51.564512" lon="-0.305766"><ele>43</ele></trkpt>
      <trkpt lat="51.565593" lon="-0.306371"><ele>45</ele></trkpt>
      <trkpt lat="51.565585" lon="-0.306424"><ele>45</ele></trkpt>
      <trkpt lat="51.56555" lon="-0.306533"><ele>44.75</ele></trkpt>
      <trkpt lat="51.565538" lon="-0.306564"><ele>44.75</ele></trkpt>
      <trkpt lat="51.565758" lon="-0.306564"><ele>45.5</ele></trkpt>
      <trkpt lat="51.56581" lon="-0.306593"><ele>45.75</ele></trkpt>
      <trkpt lat="51.565842" lon="-0.306678"><ele>46</ele></trkpt>
      <trkpt lat="51.565915" lon="-0.306916"><ele>47</ele></trkpt>
      <trkpt lat="51.56653" lon="-0.307175"><ele>48.75</ele></trkpt>
      <trkpt lat="51.566685" lon="-0.307218"><ele>49</ele></trkpt>
      <trkpt lat="51.566856" lon="-0.307295"><ele>49.25</ele></trkpt>
      <trkpt lat="51.56688" lon="-0.307213"><ele>49</ele></trkpt>
      <trkpt lat="51.566892" lon="-0.307205"><ele>49</ele></trkpt>
      <trkpt lat="51.566904" lon="-0.307195"><ele>49</ele></trkpt>
      <trkpt lat="51.566965" lon="-0.30714"><ele>49</ele></trkpt>
      <trkpt lat="51.567533" lon="-0.307879"><ele>49.75</ele></trkpt>
      <trkpt lat="51.567689" lon="-0.30802"><ele>50</ele></trkpt>
      <trkpt lat="51.567733" lon="-0.308079"><ele>50</ele></trkpt>
      <trkpt lat="51.567755" lon="-0.308107"><ele>50</ele></trkpt>
      <trkpt lat="51.567765" lon="-0.308037"><ele>50</ele></trkpt>
      <trkpt lat="51.567768" lon="-0.308019"><ele>50</ele></trkpt>
      <trkpt lat="51.5678" lon="-0.30801"><ele>49.75</ele></trkpt>
      <trkpt lat="51.567874" lon="-0.308036"><ele>49.5</ele></trkpt>
      <trkpt lat="51.568373" lon="-0.3083"><ele>47.5</ele></trkpt>
      <trkpt lat="51.568615" lon="-0.308417"><ele>45.75</ele></trkpt>
      <trkpt lat="51.568641" lon="-0.308386"><ele>45.75</ele></trkpt>
      <trkpt lat="51.568688" lon="-0.308398"><ele>45.5</ele></trkpt>
      <trkpt lat="51.568721" lon="-0.308425"><ele>45.5</ele></trkpt>
      <trkpt lat="51.568742" lon="-0.308486"><ele>45.5</ele></trkpt>
      <trkpt lat="51.56943" lon="-0.308847"><ele>43</ele></trkpt>
      <trkpt lat="51.569506" lon="-0.308896"><ele>43</ele></trkpt>
      <trkpt lat="51.569658" lon="-0.309038"><ele>43</ele></trkpt>
      <trkpt lat="51.569775" lon="-0.309132"><ele>43</ele></trkpt>
      <trkpt lat="51.57046" lon="-0.309486"><ele>43</ele></trkpt>
      <trkpt lat="51.570482" lon="-0.309482"><ele>43</ele></trkpt>
      <trkpt lat="51.570503" lon="-0.309457"><ele>43</ele></trkpt>
      <trkpt lat="51.570578" lon="-0.309147"><ele>43</ele></trkpt>
      <trkpt lat="51.570568" lon="-0.309106"><ele>43</ele></trkpt>
      <trkpt lat="51.570571" lon="-0.309062"><ele>43.25</ele></trkpt>
      <trkpt lat="51.570588" lon="-0.309027"><ele>43.5</ele></trkpt>
      <trkpt lat="51.570614" lon="-0.30901"><ele>43.75</ele></trkpt>
      <trkpt lat="51.570669" lon="-0.308736"><ele>43.75</ele></trkpt>
      <trkpt lat="51.570686" lon="-0.308654"><ele>44</ele></trkpt>
      <trkpt lat="51.570766" lon="-0.3083"><ele>44.25</ele></trkpt>
      <trkpt lat="51.570609" lon="-0.308189"><ele>44.25</ele></trkpt>
      <trkpt lat="51.570623" lon="-0.308136"><ele>43.75</ele></trkpt>
      <trkpt lat="51.570569" lon="-0.308094"><ele>43.25</ele></trkpt>
      <trkpt lat="51.570565" lon="-0.308068"><ele>43</ele></trkpt>
      <trkpt lat="51.570573" lon="-0.308017"><ele>43</ele></trkpt>
      <trkpt lat="51.57028" lon="-0.307791"><ele>42</ele></trkpt>
      <trkpt lat="51.570573" lon="-0.308017"><ele>43</ele></trkpt>
      <trkpt lat="51.57059" lon="-0.307969"><ele>43</ele></trkpt>
      <trkpt lat="51.570612" lon="-0.307955"><ele>43</ele></trkpt>
      <trkpt lat="51.570689" lon="-0.307598"><ele>43</ele></trkpt>
      <trkpt lat="51.570692" lon="-0.307599"><ele>43</ele></trkpt>
      <trkpt lat="51.570695" lon="-0.307601"><ele>43</ele></trkpt>
      <trkpt lat="51.570721" lon="-0.30762"><ele>43.25</ele></trkpt>
      <trkpt lat="51.57074" lon="-0.307544"><ele>43</ele></trkpt>
      <trkpt lat="51.57084" lon="-0.307615"><ele>43.25</ele></trkpt>
      <trkpt lat="51.57093" lon="-0.307669"><ele>43.5</ele></trkpt>
      <trkpt lat="51.571748" lon="-0.308157"><ele>47.5</ele></trkpt>
      <trkpt lat="51.571984" lon="-0.308296"><ele>49.25</ele></trkpt>
      <trkpt lat="51.572555" lon="-0.308633"><ele>52</ele></trkpt>
      <trkpt lat="51.572725" lon="-0.308728"><ele>52</ele></trkpt>
      <trkpt lat="51.573308" lon="-0.309054"><ele>50.25</ele></trkpt>
      <trkpt lat="51.573429" lon="-0.309125"><ele>50</ele></trkpt>
      <trkpt lat="51.573912" lon="-0.309397"><ele>49</ele></trkpt>
      <trkpt lat="51.574197" lon="-0.30956"><ele>49</ele></trkpt>
      <trkpt lat="51.574333" lon="-0.308986"><ele>49.25</ele></trkpt>
      <trkpt lat="51.574408" lon="-0.308735"><ele>49.5</ele></trkpt>
      <trkpt lat="51.574533" lon="-0.30844"><ele>49.5</ele></trkpt>
      <trkpt lat="51.574651" lon="-0.308289"><ele>49.25</ele></trkpt>
      <trkpt lat="51.574904" lon="-0.308029"><ele>48.75</ele></trkpt>
      <trkpt lat="51.575423" lon="-0.307622"><ele>47.25</ele></trkpt>
      <trkpt lat="51.575475" lon="-0.307799"><ele>47.25</ele></trkpt>
      <trkpt lat="51.575731" lon="-0.308667"><ele>47</ele></trkpt>
      <trkpt lat="51.575814" lon="-0.308644"><ele>47</ele></trkpt>
      <trkpt lat="51.575872" lon="-0.308668"><ele>46.75</ele></trkpt>
      <trkpt lat="51.575903" lon="-0.308703"><ele>46.5</ele></trkpt>
      <trkpt lat="51.575954" lon="-0.308614"><ele>46.5</ele></trkpt>
      <trkpt lat="51.576045" lon="-0.308626"><ele>46</ele></trkpt>
      <trkpt lat="51.576094" lon="-0.308612"><ele>46</ele></trkpt>
      <trkpt lat="51.576319" lon="-0.308436"><ele>47.75</ele></trkpt>
      <trkpt lat="51.576529" lon="-0.308266"><ele>47.25</ele></trkpt>
      <trkpt lat="51.577055" lon="-0.307841"><ele>46</ele></trkpt>
      <trkpt lat="51.577076" lon="-0.307908"><ele>46</ele></trkpt>
      <trkpt lat="51.577093" lon="-0.307964"><ele>46.25</ele></trkpt>
      <trkpt lat="51.577127" lon="-0.308071"><ele>46.5</ele></trkpt>
      <trkpt lat="51.577447" lon="-0.309033"><ele>47.75</ele></trkpt>
      <trkpt lat="51.577548" lon="-0.309336"><ele>48</ele></trkpt>
      <trkpt lat="51.577739" lon="-0.309912"><ele>48.75</ele></trkpt>
      <trkpt lat="51.578056" lon="-0.310864"><ele>51</ele></trkpt>
      <trkpt lat="51.578111" lon="-0.311027"><ele>51</ele></trkpt>
      <trkpt lat="51.578405" lon="-0.311607"><ele>53.25</ele></trkpt>
      <trkpt lat="51.578527" lon="-0.311764"><ele>53.5</ele></trkpt>
      <trkpt lat="51.578643" lon="-0.311872"><ele>54</ele></trkpt>
      <trkpt lat="51.579064" lon="-0.312236"><ele>55</ele></trkpt>
      <trkpt lat="51.579229" lon="-0.312362"><ele>55.25</ele></trkpt>
      <trkpt lat="51.579315" lon="-0.312422"><ele>55.25</ele></trkpt>
      <trkpt lat="51.579457" lon="-0.31252"><ele>55</ele></trkpt>
      <trkpt lat="51.579839" lon="-0.312784"><ele>54.5</ele></trkpt>
      <trkpt lat="51.580419" lon="-0.313184"><ele>51.75</ele></trkpt>
      <trkpt lat="51.580887" lon="-0.31355"><ele>49.75</ele></trkpt>
      <trkpt lat="51.58139" lon="-0.313943"><ele>50</ele></trkpt>
      <trkpt lat="51.581373" lon="-0.314018"><ele>50</ele></trkpt>
      <trkpt lat="51.581377" lon="-0.314162"><ele>50</ele></trkpt>
      <trkpt lat="51.581373" lon="-0.314175"><ele>50</ele></trkpt>
      <trkpt lat="51.581463" lon="-0.314284"><ele>50.25</ele></trkpt>
      <trkpt lat="51.581529" lon="-0.314303"><ele>50.25</ele></trkpt>
      <trkpt lat="51.581577" lon="-0.314306"><ele>50.5</ele></trkpt>
      <trkpt lat="51.581638" lon="-0.314331"><ele>50.5</ele></trkpt>
      <trkpt lat="51.581735" lon="-0.314468"><ele>51</ele></trkpt>
      <trkpt lat="51.581774" lon="-0.314564"><ele>51</ele></trkpt>
      <trkpt lat="51.581803" lon="-0.314722"><ele>51</ele></trkpt>
      <trkpt lat="51.581847" lon="-0.314722"><ele>51</ele></trkpt>
      <trkpt lat="51.5819" lon="-0.314721"><ele>51</ele></trkpt>
      <trkpt lat="51.581931" lon="-0.314703"><ele>51</ele></trkpt>
      <trkpt lat="51.581956" lon="-0.314759"><ele>51</ele></trkpt>
      <trkpt lat="51.582009" lon="-0.314801"><ele>51</ele></trkpt>
      <trkpt lat="51.582064" lon="-0.315015"><ele>51</ele></trkpt>
      <trkpt lat="51.582091" lon="-0.315225"><ele>51</ele></trkpt>
      <trkpt lat="51.582111" lon="-0.31545"><ele>51</ele></trkpt>
      <trkpt lat="51.582061" lon="-0.315551"><ele>51</ele></trkpt>
      <trkpt lat="51.581957" lon="-0.315723"><ele>51</ele></trkpt>
      <trkpt lat="51.581874" lon="-0.316006"><ele>50.25</ele></trkpt>
      <trkpt lat="51.581817" lon="-0.31622"><ele>50</ele></trkpt>
      <trkpt lat="51.581828" lon="-0.316284"><ele>50</ele></trkpt>
      <trkpt lat="51.58185" lon="-0.316338"><ele>50</ele></trkpt>
      <trkpt lat="51.581886" lon="-0.316385"><ele>50</ele></trkpt>
      <trkpt lat="51.581955" lon="-0.316414"><ele>50</ele></trkpt>
      <trkpt lat="51.582016" lon="-0.316392"><ele>50.75</ele></trkpt>
      <trkpt lat="51.582054" lon="-0.316348"><ele>51</ele></trkpt>
      <trkpt lat="51.582089" lon="-0.316255"><ele>51.25</ele></trkpt>
      <trkpt lat="51.58209" lon="-0.316126"><ele>51</ele></trkpt>
      <trkpt lat="51.582058" lon="-0.316037"><ele>50.75</ele></trkpt>
      <trkpt lat="51.582006" lon="-0.315979"><ele>50.5</ele></trkpt>
      <trkpt lat="51.581936" lon="-0.315966"><ele>50.5</ele></trkpt>
      <trkpt lat="51.581874" lon="-0.316006"><ele>50.25</ele></trkpt>
      <trkpt lat="51.581957" lon="-0.315723"><ele>51</ele></trkpt>
      <trkpt lat="51.582098" lon="-0.315688"><ele>51</ele></trkpt>
      <trkpt lat="51.582198" lon="-0.31566"><ele>51</ele></trkpt>
      <trkpt lat="51.58224" lon="-0.315733"><ele>51</ele></trkpt>
      <trkpt lat="51.582398" lon="-0.315976"><ele>51.5</ele></trkpt>
      <trkpt lat="51.582426" lon="-0.316021"><ele>51.5</ele></trkpt>
      <trkpt lat="51.582476" lon="-0.316098"><ele>51.75</ele></trkpt>
      <trkpt lat="51.582549" lon="-0.31621"><ele>51.75</ele></trkpt>
      <trkpt lat="51.58256" lon="-0.316191"><ele>51.75</ele></trkpt>
      <trkpt lat="51.582624" lon="-0.316292"><ele>51.5</ele></trkpt>
      <trkpt lat="51.582649" lon="-0.316331"><ele>51.25</ele></trkpt>
      <trkpt lat="51.58268" lon="-0.316379"><ele>51.25</ele></trkpt>
      <trkpt lat="51.582853" lon="-0.316623"><ele>51.5</ele></trkpt>
      <trkpt lat="51.583053" lon="-0.316899"><ele>51</ele></trkpt>
      <trkpt lat="51.583957" lon="-0.318149"><ele>51</ele></trkpt>
      <trkpt lat="51.584581" lon="-0.31913"><ele>49.5</ele></trkpt>
      <trkpt lat="51.585152" lon="-0.319928"><ele>49.25</ele></trkpt>
      <trkpt lat="51.585175" lon="-0.31999"><ele>49.25</ele></trkpt>
      <trkpt lat="51.585226" lon="-0.320064"><ele>49.25</ele></trkpt>
      <trkpt lat="51.585233" lon="-0.320075"><ele>49.25</ele></trkpt>
      <trkpt lat="51.585035" lon="-0.3204"><ele>50.25</ele></trkpt>
      <trkpt lat="51.585001" lon="-0.320463"><ele>50.5</ele></trkpt>
      <trkpt lat="51.584968" lon="-0.320526"><ele>50.75</ele></trkpt>
      <trkpt lat="51.584908" lon="-0.320415"><ele>50.5</ele></trkpt>
      <trkpt lat="51.58465" lon="-0.320802"><ele>51</ele></trkpt>
      <trkpt lat="51.584631" lon="-0.320831"><ele>51</ele></trkpt>
      <trkpt lat="51.584612" lon="-0.32086"><ele>51</ele></trkpt>
      <trkpt lat="51.58465" lon="-0.320923"><ele>51.25</ele></trkpt>
      <trkpt lat="51.584497" lon="-0.321202"><ele>52</ele></trkpt>
      <trkpt lat="51.584744" lon="-0.321611"><ele>52</ele></trkpt>
      <trkpt lat="51.585232" lon="-0.32242"><ele>53</ele></trkpt>
      <trkpt lat="51.585717" lon="-0.323243"><ele>51.5</ele></trkpt>
      <trkpt lat="51.58573" lon="-0.323265"><ele>51.5</ele></trkpt>
      <trkpt lat="51.586168" lon="-0.32401"><ele>51</ele></trkpt>
      <trkpt lat="51.586185" lon="-0.324035"><ele>51</ele></trkpt>
      <trkpt lat="51.586202" lon="-0.324059"><ele>51</ele></trkpt>
      <trkpt lat="51.586219" lon="-0.324085"><ele>51.25</ele></trkpt>
      <trkpt lat="51.58638" lon="-0.324356"><ele>51.75</ele></trkpt>
      <trkpt lat="51.586614" lon="-0.324751"><ele>52</ele></trkpt>
      <trkpt lat="51.586738" lon="-0.324957"><ele>52</ele></trkpt>
      <trkpt lat="51.586983" lon="-0.325392"><ele>52</ele></trkpt>
      <trkpt lat="51.587145" lon="-0.325801"><ele>52</ele></trkpt>
      <trkpt lat="51.58723" lon="-0.326101"><ele>52.75</ele></trkpt>
      <trkpt lat="51.587277" lon="-0.326314"><ele>53</ele></trkpt>
      <trkpt lat="51.587271" lon="-0.326386"><ele>52.75</ele></trkpt>
      <trkpt lat="51.587157" lon="-0.326685"><ele>53.25</ele></trkpt>
      <trkpt lat="51.587076" lon="-0.327016"><ele>54</ele></trkpt>
      <trkpt lat="51.587106" lon="-0.327048"><ele>54</ele></trkpt>
      <trkpt lat="51.587085" lon="-0.327171"><ele>54.25</ele></trkpt>
      <trkpt lat="51.586958" lon="-0.327641"><ele>54.75</ele></trkpt>
      <trkpt lat="51.58685" lon="-0.32796"><ele>54.75</ele></trkpt>
      <trkpt lat="51.586608" lon="-0.328572"><ele>55</ele></trkpt>
      <trkpt lat="51.586596" lon="-0.328671"><ele>55</ele></trkpt>
      <trkpt lat="51.586549" lon="-0.328785"><ele>55</ele></trkpt>
      <trkpt lat="51.586881" lon="-0.329118"><ele>52.5</ele></trkpt>
      <trkpt lat="51.586977" lon="-0.329191"><ele>51.75</ele></trkpt>
      <trkpt lat="51.587083" lon="-0.329184"><ele>51.5</ele></trkpt>
      <trkpt lat="51.5874" lon="-0.329489"><ele>51.25</ele></trkpt>
      <trkpt lat="51.587383" lon="-0.329629"><ele>51.25</ele></trkpt>
      <trkpt lat="51.587723" lon="-0.329787"><ele>51</ele></trkpt>
      <trkpt lat="51.587738" lon="-0.329683"><ele>51</ele></trkpt>
      <trkpt lat="51.58776" lon="-0.329599"><ele>51</ele></trkpt>
      <trkpt lat="51.587781" lon="-0.329585"><ele>51</ele></trkpt>
      <trkpt lat="51.587798" lon="-0.329573"><ele>51</ele></trkpt>
      <trkpt lat="51.58786" lon="-0.329577"><ele>51</ele></trkpt>
      <trkpt lat="51.588061" lon="-0.329639"><ele>51.5</ele></trkpt>
      <trkpt lat="51.589218" lon="-0.33004"><ele>51</ele></trkpt>
      <trkpt lat="51.58932" lon="-0.330099"><ele>51</ele></trkpt>
      <trkpt lat="51.589378" lon="-0.330213"><ele>51</ele></trkpt>
      <trkpt lat="51.589397" lon="-0.330305"><ele>51</ele></trkpt>
      <trkpt lat="51.589401" lon="-0.330416"><ele>51</ele></trkpt>
      <trkpt lat="51.589401" lon="-0.330459"><ele>51</ele></trkpt>
      <trkpt lat="51.589479" lon="-0.330487"><ele>51</ele></trkpt>
      <trkpt lat="51.589686" lon="-0.3305"><ele>51</ele></trkpt>
      <trkpt lat="51.589972" lon="-0.331834"><ele>52</ele></trkpt>
      <trkpt lat="51.590031" lon="-0.332213"><ele>52</ele></trkpt>
      <trkpt lat="51.590144" lon="-0.332146"><ele>52</ele></trkpt>
      <trkpt lat="51.59022" lon="-0.332151"><ele>52</ele></trkpt>
      <trkpt lat="51.590479" lon="-0.332268"><ele>51.75</ele></trkpt>
      <trkpt lat="51.590566" lon="-0.332331"><ele>51.5</ele></trkpt>
      <trkpt lat="51.590645" lon="-0.332413"><ele>52</ele></trkpt>
      <trkpt lat="51.590723" lon="-0.332562"><ele>52.5</ele></trkpt>
      <trkpt lat="51.59077" lon="-0.332732"><ele>52</ele></trkpt>
      <trkpt lat="51.5908" lon="-0.332981"><ele>51.5</ele></trkpt>
      <trkpt lat="51.590803" lon="-0.333028"><ele>51.25</ele></trkpt>
      <trkpt lat="51.590817" lon="-0.333277"><ele>51</ele></trkpt>
      <trkpt lat="51.590825" lon="-0.33362"><ele>51</ele></trkpt>
      <trkpt lat="51.590829" lon="-0.333917"><ele>52</ele></trkpt>
      <trkpt lat="51.590819" lon="-0.334064"><ele>53.25</ele></trkpt>
      <trkpt lat="51.59081" lon="-0.334213"><ele>54.25</ele></trkpt>
      <trkpt lat="51.590864" lon="-0.334238"><ele>54.5</ele></trkpt>
      <trkpt lat="51.591004" lon="-0.334318"><ele>55.5</ele></trkpt>
      <trkpt lat="51.591007" lon="-0.334387"><ele>55.75</ele></trkpt>
      <trkpt lat="51.591234" lon="-0.334512"><ele>55.75</ele></trkpt>
      <trkpt lat="51.591549" lon="-0.334685"><ele>55.75</ele></trkpt>
      <trkpt lat="51.591567" lon="-0.334601"><ele>55.5</ele></trkpt>
      <trkpt lat="51.591596" lon="-0.334446"><ele>55</ele></trkpt>
      <trkpt lat="51.591623" lon="-0.334413"><ele>54.75</ele></trkpt>
      <trkpt lat="51.591678" lon="-0.334345"><ele>54.5</ele></trkpt>
      <trkpt lat="51.5917" lon="-0.334317"><ele>54.25</ele></trkpt>
      <trkpt lat="51.591895" lon="-0.334723"><ele>55</ele></trkpt>
      <trkpt lat="51.591909" lon="-0.33475"><ele>55</ele></trkpt>
      <trkpt lat="51.591928" lon="-0.33479"><ele>55.25</ele></trkpt>
      <trkpt lat="51.591937" lon="-0.334809"><ele>55.25</ele></trkpt>
      <trkpt lat="51.591956" lon="-0.334849"><ele>55</ele></trkpt>
      <trkpt lat="51.591973" lon="-0.334883"><ele>55</ele></trkpt>
      <trkpt lat="51.592074" lon="-0.334755"><ele>54.75</ele></trkpt>
      <trkpt lat="51.592181" lon="-0.334621"><ele>54.5</ele></trkpt>
      <trkpt lat="51.592284" lon="-0.334488"><ele>54.25</ele></trkpt>
      <trkpt lat="51.592386" lon="-0.334351"><ele>54</ele></trkpt>
      <trkpt lat="51.592401" lon="-0.334332"><ele>54</ele></trkpt>
      <trkpt lat="51.592411" lon="-0.334321"><ele>54</ele></trkpt>
      <trkpt lat="51.592417" lon="-0.334332"><ele>54</ele></trkpt>
      <trkpt lat="51.592432" lon="-0.334359"><ele>54</ele></trkpt>
      <trkpt lat="51.592437" lon="-0.334369"><ele>54</ele></trkpt>
      <trkpt lat="51.592454" lon="-0.3344"><ele>54</ele></trkpt>
      <trkpt lat="51.592459" lon="-0.334435"><ele>53.75</ele></trkpt>
      <trkpt lat="51.592474" lon="-0.334461"><ele>54</ele></trkpt>
      <trkpt lat="51.592492" lon="-0.334461"><ele>54</ele></trkpt>
      <trkpt lat="51.592502" lon="-0.334461"><ele>53.75</ele></trkpt>
      <trkpt lat="51.592531" lon="-0.334531"><ele>53.75</ele></trkpt>
      <trkpt lat="51.592537" lon="-0.334591"><ele>53.5</ele></trkpt>
    </trkseg>
  </trk>
</gpx>
