<?xml version="1.0" encoding="UTF-8"?>
<gpx version="1.1" creator="TubeRun route generator" xmlns="http://www.topografix.com/GPX/1/1">
  <metadata>
    <name>Chiltern Railways — TubeRun</name>
    <desc>Above-ground running route tracing the Chiltern Railways line, station to station. Routed on pavements and footways from OpenStreetMap data (BRouter, shortest).</desc>
    <author><name>TubeRun</name></author>
    <copyright author="OpenStreetMap contributors"><license>https://opendatacommons.org/licenses/odbl/1-0/</license></copyright>
    <link href="https://www.openstreetmap.org/copyright"><text>© OpenStreetMap contributors</text></link>
    <time>2026-07-14T08:30:30.260Z</time>
  </metadata>
  <wpt lat="51.71786" lon="-0.84388"><name>Princes Risborough</name></wpt>
  <wpt lat="51.6759" lon="-0.82547"><name>Saunderton</name></wpt>
  <wpt lat="51.62959" lon="-0.74541"><name>High Wycombe</name></wpt>
  <wpt lat="51.61129" lon="-0.64382"><name>Beaconsfield</name></wpt>
  <wpt lat="51.60985" lon="-0.60782"><name>Seer Green</name></wpt>
  <wpt lat="51.58902" lon="-0.55527"><name>Gerrards Cross</name></wpt>
  <wpt lat="51.5806" lon="-0.51779"><name>Denham Golf Club</name></wpt>
  <wpt lat="51.57884" lon="-0.49744"><name>Denham</name></wpt>
  <wpt lat="51.56976" lon="-0.43777"><name>West Ruislip</name></wpt>
  <wpt lat="51.55692" lon="-0.39926"><name>South Ruislip</name></wpt>
  <wpt lat="51.55754" lon="-0.35947"><name>Northolt Park</name></wpt>
  <wpt lat="51.55847" lon="-0.3358"><name>Sudbury Hill Harrow</name></wpt>
  <wpt lat="51.5544" lon="-0.31547"><name>Sudbury &amp; Harrow Road</name></wpt>
  <wpt lat="51.55442" lon="-0.28561"><name>Wembley Stadium</name></wpt>
  <wpt lat="51.52252" lon="-0.16291"><name>London Marylebone</name></wpt>
  <trk>
    <name>Chiltern Railways — TubeRun</name>
    <trkseg>
      <trkpt lat="51.717926" lon="-0.843884"><ele>104.25</ele></trkpt>
      <trkpt lat="51.717927" lon="-0.843856"><ele>104.25</ele></trkpt>
      <trkpt lat="51.717928" lon="-0.843743"><ele>104.25</ele></trkpt>
      <trkpt lat="51.717738" lon="-0.843749"><ele>105</ele></trkpt>
      <trkpt lat="51.717679" lon="-0.843752"><ele>105</ele></trkpt>
      <trkpt lat="51.717625" lon="-0.843623"><ele>105</ele></trkpt>
      <trkpt lat="51.717551" lon="-0.843597"><ele>104.75</ele></trkpt>
      <trkpt lat="51.717312" lon="-0.843486"><ele>103.5</ele></trkpt>
      <trkpt lat="51.716928" lon="-0.843406"><ele>104.25</ele></trkpt>
      <trkpt lat="51.716726" lon="-0.843392"><ele>104.75</ele></trkpt>
      <trkpt lat="51.716485" lon="-0.843395"><ele>104.75</ele></trkpt>
      <trkpt lat="51.716394" lon="-0.843406"><ele>105</ele></trkpt>
      <trkpt lat="51.716196" lon="-0.843449"><ele>105.25</ele></trkpt>
      <trkpt lat="51.716005" lon="-0.843537"><ele>105.5</ele></trkpt>
      <trkpt lat="51.715881" lon="-0.843621"><ele>105.75</ele></trkpt>
      <trkpt lat="51.715787" lon="-0.843683"><ele>105.75</ele></trkpt>
      <trkpt lat="51.71568" lon="-0.84376"><ele>106</ele></trkpt>
      <trkpt lat="51.715585" lon="-0.843842"><ele>106</ele></trkpt>
      <trkpt lat="51.715439" lon="-0.843903"><ele>106.25</ele></trkpt>
      <trkpt lat="51.714842" lon="-0.844047"><ele>107</ele></trkpt>
      <trkpt lat="51.714545" lon="-0.844156"><ele>107.5</ele></trkpt>
      <trkpt lat="51.714093" lon="-0.844295"><ele>109</ele></trkpt>
      <trkpt lat="51.71404" lon="-0.84432"><ele>109</ele></trkpt>
      <trkpt lat="51.714006" lon="-0.844291"><ele>109.25</ele></trkpt>
      <trkpt lat="51.713998" lon="-0.844323"><ele>109.25</ele></trkpt>
      <trkpt lat="51.713934" lon="-0.844181"><ele>110.5</ele></trkpt>
      <trkpt lat="51.713857" lon="-0.844087"><ele>111</ele></trkpt>
      <trkpt lat="51.713595" lon="-0.843815"><ele>111</ele></trkpt>
      <trkpt lat="51.713436" lon="-0.843644"><ele>111.5</ele></trkpt>
      <trkpt lat="51.712803" lon="-0.842794"><ele>113</ele></trkpt>
      <trkpt lat="51.71144" lon="-0.84083"><ele>117.75</ele></trkpt>
      <trkpt lat="51.710749" lon="-0.840122"><ele>121.25</ele></trkpt>
      <trkpt lat="51.710079" lon="-0.839288"><ele>124</ele></trkpt>
      <trkpt lat="51.709698" lon="-0.838814"><ele>125.5</ele></trkpt>
      <trkpt lat="51.709398" lon="-0.838441"><ele>124.75</ele></trkpt>
      <trkpt lat="51.709194" lon="-0.838187"><ele>124.25</ele></trkpt>
      <trkpt lat="51.708978" lon="-0.837919"><ele>124</ele></trkpt>
      <trkpt lat="51.708751" lon="-0.837636"><ele>125.5</ele></trkpt>
      <trkpt lat="51.708411" lon="-0.838384"><ele>126.75</ele></trkpt>
      <trkpt lat="51.708263" lon="-0.838685"><ele>128.5</ele></trkpt>
      <trkpt lat="51.708052" lon="-0.839008"><ele>130.75</ele></trkpt>
      <trkpt lat="51.707869" lon="-0.839244"><ele>132.25</ele></trkpt>
      <trkpt lat="51.707738" lon="-0.83939"><ele>132.75</ele></trkpt>
      <trkpt lat="51.707624" lon="-0.839486"><ele>133</ele></trkpt>
      <trkpt lat="51.707472" lon="-0.839587"><ele>133.25</ele></trkpt>
      <trkpt lat="51.706575" lon="-0.839018"><ele>134</ele></trkpt>
      <trkpt lat="51.704348" lon="-0.83738"><ele>133</ele></trkpt>
      <trkpt lat="51.703519" lon="-0.836758"><ele>134.5</ele></trkpt>
      <trkpt lat="51.703391" lon="-0.836689"><ele>134</ele></trkpt>
      <trkpt lat="51.702725" lon="-0.836554"><ele>132.75</ele></trkpt>
      <trkpt lat="51.701546" lon="-0.836432"><ele>131.25</ele></trkpt>
      <trkpt lat="51.70111" lon="-0.836555"><ele>133</ele></trkpt>
      <trkpt lat="51.700577" lon="-0.836605"><ele>133</ele></trkpt>
      <trkpt lat="51.700187" lon="-0.836633"><ele>133</ele></trkpt>
      <trkpt lat="51.69973" lon="-0.836451"><ele>132.75</ele></trkpt>
      <trkpt lat="51.699556" lon="-0.836507"><ele>131</ele></trkpt>
      <trkpt lat="51.698882" lon="-0.836101"><ele>131.75</ele></trkpt>
      <trkpt lat="51.69674" lon="-0.835097"><ele>131</ele></trkpt>
      <trkpt lat="51.696013" lon="-0.834942"><ele>131</ele></trkpt>
      <trkpt lat="51.695394" lon="-0.834765"><ele>130.5</ele></trkpt>
      <trkpt lat="51.694456" lon="-0.834214"><ele>130</ele></trkpt>
      <trkpt lat="51.69394" lon="-0.833887"><ele>130</ele></trkpt>
      <trkpt lat="51.692702" lon="-0.833392"><ele>130.25</ele></trkpt>
      <trkpt lat="51.692626" lon="-0.833322"><ele>130.25</ele></trkpt>
      <trkpt lat="51.692595" lon="-0.833188"><ele>130</ele></trkpt>
      <trkpt lat="51.69221" lon="-0.833137"><ele>128.75</ele></trkpt>
      <trkpt lat="51.691762" lon="-0.832991"><ele>128.25</ele></trkpt>
      <trkpt lat="51.691319" lon="-0.832823"><ele>127.5</ele></trkpt>
      <trkpt lat="51.691173" lon="-0.832757"><ele>127.25</ele></trkpt>
      <trkpt lat="51.689767" lon="-0.832209"><ele>126</ele></trkpt>
      <trkpt lat="51.689236" lon="-0.831992"><ele>125.25</ele></trkpt>
      <trkpt lat="51.688622" lon="-0.831762"><ele>125</ele></trkpt>
      <trkpt lat="51.688274" lon="-0.831578"><ele>125</ele></trkpt>
      <trkpt lat="51.687935" lon="-0.831297"><ele>125.5</ele></trkpt>
      <trkpt lat="51.687581" lon="-0.830911"><ele>125.5</ele></trkpt>
      <trkpt lat="51.687313" lon="-0.830531"><ele>125.25</ele></trkpt>
      <trkpt lat="51.687065" lon="-0.830077"><ele>126</ele></trkpt>
      <trkpt lat="51.686824" lon="-0.829685"><ele>126.5</ele></trkpt>
      <trkpt lat="51.68672" lon="-0.829543"><ele>126.75</ele></trkpt>
      <trkpt lat="51.686461" lon="-0.829235"><ele>127</ele></trkpt>
      <trkpt lat="51.686137" lon="-0.82895"><ele>125.75</ele></trkpt>
      <trkpt lat="51.685778" lon="-0.828726"><ele>124.25</ele></trkpt>
      <trkpt lat="51.685319" lon="-0.828534"><ele>123.25</ele></trkpt>
      <trkpt lat="51.6849" lon="-0.828472"><ele>122.75</ele></trkpt>
      <trkpt lat="51.68435" lon="-0.828507"><ele>122</ele></trkpt>
      <trkpt lat="51.683167" lon="-0.828644"><ele>120.75</ele></trkpt>
      <trkpt lat="51.682222" lon="-0.828767"><ele>120.25</ele></trkpt>
      <trkpt lat="51.68171" lon="-0.828792"><ele>120.25</ele></trkpt>
      <trkpt lat="51.681506" lon="-0.828783"><ele>119.75</ele></trkpt>
      <trkpt lat="51.681186" lon="-0.828714"><ele>118.75</ele></trkpt>
      <trkpt lat="51.680876" lon="-0.828507"><ele>118.5</ele></trkpt>
      <trkpt lat="51.680545" lon="-0.828227"><ele>118.5</ele></trkpt>
      <trkpt lat="51.680121" lon="-0.827815"><ele>118.5</ele></trkpt>
      <trkpt lat="51.679555" lon="-0.827086"><ele>118</ele></trkpt>
      <trkpt lat="51.679497" lon="-0.827012"><ele>118</ele></trkpt>
      <trkpt lat="51.679053" lon="-0.826528"><ele>117.5</ele></trkpt>
      <trkpt lat="51.678822" lon="-0.826269"><ele>117</ele></trkpt>
      <trkpt lat="51.678634" lon="-0.826053"><ele>116.75</ele></trkpt>
      <trkpt lat="51.678485" lon="-0.825893"><ele>117</ele></trkpt>
      <trkpt lat="51.678131" lon="-0.825509"><ele>116</ele></trkpt>
      <trkpt lat="51.677833" lon="-0.825262"><ele>116</ele></trkpt>
      <trkpt lat="51.677524" lon="-0.825052"><ele>116</ele></trkpt>
      <trkpt lat="51.676809" lon="-0.824616"><ele>115.5</ele></trkpt>
      <trkpt lat="51.676454" lon="-0.824425"><ele>115.5</ele></trkpt>
      <trkpt lat="51.676086" lon="-0.82414"><ele>115</ele></trkpt>
      <trkpt lat="51.675755" lon="-0.823812"><ele>115</ele></trkpt>
      <trkpt lat="51.675425" lon="-0.823436"><ele>114.75</ele></trkpt>
      <trkpt lat="51.67538" lon="-0.823384"><ele>114.75</ele></trkpt>
      <trkpt lat="51.675156" lon="-0.823147"><ele>115.25</ele></trkpt>
      <trkpt lat="51.674943" lon="-0.82291"><ele>115.25</ele></trkpt>
      <trkpt lat="51.674752" lon="-0.8227"><ele>115.25</ele></trkpt>
      <trkpt lat="51.674584" lon="-0.822481"><ele>116</ele></trkpt>
      <trkpt lat="51.674451" lon="-0.822312"><ele>116</ele></trkpt>
      <trkpt lat="51.674141" lon="-0.821812"><ele>115.75</ele></trkpt>
      <trkpt lat="51.673777" lon="-0.821072"><ele>114.5</ele></trkpt>
      <trkpt lat="51.67307" lon="-0.819729"><ele>113</ele></trkpt>
      <trkpt lat="51.672762" lon="-0.819238"><ele>112.75</ele></trkpt>
      <trkpt lat="51.672333" lon="-0.818594"><ele>111.75</ele></trkpt>
      <trkpt lat="51.671971" lon="-0.817855"><ele>110</ele></trkpt>
      <trkpt lat="51.671689" lon="-0.817054"><ele>110</ele></trkpt>
      <trkpt lat="51.671434" lon="-0.816376"><ele>109.25</ele></trkpt>
      <trkpt lat="51.671153" lon="-0.815773"><ele>109.5</ele></trkpt>
      <trkpt lat="51.670851" lon="-0.815227"><ele>109.25</ele></trkpt>
      <trkpt lat="51.670622" lon="-0.814835"><ele>109.25</ele></trkpt>
      <trkpt lat="51.670487" lon="-0.814603"><ele>109</ele></trkpt>
      <trkpt lat="51.670107" lon="-0.814056"><ele>108.75</ele></trkpt>
      <trkpt lat="51.669761" lon="-0.813627"><ele>108.25</ele></trkpt>
      <trkpt lat="51.669333" lon="-0.813192"><ele>108</ele></trkpt>
      <trkpt lat="51.669066" lon="-0.812993"><ele>107.5</ele></trkpt>
      <trkpt lat="51.668836" lon="-0.812821"><ele>107.5</ele></trkpt>
      <trkpt lat="51.667523" lon="-0.812049"><ele>105</ele></trkpt>
      <trkpt lat="51.666741" lon="-0.811554"><ele>105</ele></trkpt>
      <trkpt lat="51.665979" lon="-0.811008"><ele>104</ele></trkpt>
      <trkpt lat="51.665915" lon="-0.810953"><ele>104</ele></trkpt>
      <trkpt lat="51.665723" lon="-0.810785"><ele>104</ele></trkpt>
      <trkpt lat="51.665519" lon="-0.810603"><ele>103.75</ele></trkpt>
      <trkpt lat="51.663817" lon="-0.809094"><ele>103</ele></trkpt>
      <trkpt lat="51.662712" lon="-0.807925"><ele>103</ele></trkpt>
      <trkpt lat="51.662135" lon="-0.807509"><ele>101.5</ele></trkpt>
      <trkpt lat="51.661772" lon="-0.807304"><ele>101.5</ele></trkpt>
      <trkpt lat="51.661515" lon="-0.807122"><ele>101</ele></trkpt>
      <trkpt lat="51.661262" lon="-0.80686"><ele>101</ele></trkpt>
      <trkpt lat="51.661173" lon="-0.806768"><ele>101</ele></trkpt>
      <trkpt lat="51.660847" lon="-0.806347"><ele>101</ele></trkpt>
      <trkpt lat="51.660017" lon="-0.805102"><ele>100</ele></trkpt>
      <trkpt lat="51.659796" lon="-0.804814"><ele>99.25</ele></trkpt>
      <trkpt lat="51.659548" lon="-0.804532"><ele>99</ele></trkpt>
      <trkpt lat="51.658881" lon="-0.803861"><ele>97</ele></trkpt>
      <trkpt lat="51.658518" lon="-0.803477"><ele>97.25</ele></trkpt>
      <trkpt lat="51.657367" lon="-0.802289"><ele>96</ele></trkpt>
      <trkpt lat="51.656848" lon="-0.801852"><ele>95</ele></trkpt>
      <trkpt lat="51.655641" lon="-0.800886"><ele>94</ele></trkpt>
      <trkpt lat="51.655379" lon="-0.800694"><ele>94</ele></trkpt>
      <trkpt lat="51.654995" lon="-0.800474"><ele>93.75</ele></trkpt>
      <trkpt lat="51.654753" lon="-0.800373"><ele>93.25</ele></trkpt>
      <trkpt lat="51.654456" lon="-0.800275"><ele>93.75</ele></trkpt>
      <trkpt lat="51.654248" lon="-0.800242"><ele>94</ele></trkpt>
      <trkpt lat="51.653786" lon="-0.800235"><ele>93.5</ele></trkpt>
      <trkpt lat="51.65344" lon="-0.800194"><ele>92.5</ele></trkpt>
      <trkpt lat="51.653059" lon="-0.800124"><ele>92.5</ele></trkpt>
      <trkpt lat="51.652732" lon="-0.800001"><ele>92</ele></trkpt>
      <trkpt lat="51.652457" lon="-0.799816"><ele>92</ele></trkpt>
      <trkpt lat="51.652198" lon="-0.799616"><ele>92</ele></trkpt>
      <trkpt lat="51.651178" lon="-0.798771"><ele>91</ele></trkpt>
      <trkpt lat="51.650569" lon="-0.798305"><ele>90</ele></trkpt>
      <trkpt lat="51.650203" lon="-0.798092"><ele>90</ele></trkpt>
      <trkpt lat="51.649225" lon="-0.797694"><ele>89.25</ele></trkpt>
      <trkpt lat="51.648317" lon="-0.797336"><ele>89</ele></trkpt>
      <trkpt lat="51.647166" lon="-0.796895"><ele>88</ele></trkpt>
      <trkpt lat="51.646898" lon="-0.796808"><ele>87.75</ele></trkpt>
      <trkpt lat="51.64671" lon="-0.796751"><ele>87.5</ele></trkpt>
      <trkpt lat="51.646426" lon="-0.796699"><ele>87.75</ele></trkpt>
      <trkpt lat="51.646024" lon="-0.796642"><ele>88</ele></trkpt>
      <trkpt lat="51.646038" lon="-0.796582"><ele>88</ele></trkpt>
      <trkpt lat="51.645696" lon="-0.796511"><ele>87.75</ele></trkpt>
      <trkpt lat="51.645244" lon="-0.796358"><ele>87</ele></trkpt>
      <trkpt lat="51.644943" lon="-0.796242"><ele>86.75</ele></trkpt>
      <trkpt lat="51.644867" lon="-0.796205"><ele>86.75</ele></trkpt>
      <trkpt lat="51.644822" lon="-0.796171"><ele>86.75</ele></trkpt>
      <trkpt lat="51.644778" lon="-0.796138"><ele>86.75</ele></trkpt>
      <trkpt lat="51.644788" lon="-0.796091"><ele>87</ele></trkpt>
      <trkpt lat="51.644604" lon="-0.795884"><ele>86.75</ele></trkpt>
      <trkpt lat="51.644587" lon="-0.795907"><ele>86.75</ele></trkpt>
      <trkpt lat="51.644476" lon="-0.79592"><ele>86.5</ele></trkpt>
      <trkpt lat="51.644233" lon="-0.795146"><ele>87.75</ele></trkpt>
      <trkpt lat="51.644026" lon="-0.794484"><ele>88.25</ele></trkpt>
      <trkpt lat="51.643329" lon="-0.792187"><ele>92</ele></trkpt>
      <trkpt lat="51.642827" lon="-0.790554"><ele>93.25</ele></trkpt>
      <trkpt lat="51.642343" lon="-0.788937"><ele>94</ele></trkpt>
      <trkpt lat="51.641941" lon="-0.787607"><ele>94.5</ele></trkpt>
      <trkpt lat="51.641642" lon="-0.786641"><ele>93.75</ele></trkpt>
      <trkpt lat="51.641319" lon="-0.785568"><ele>94.5</ele></trkpt>
      <trkpt lat="51.641164" lon="-0.785058"><ele>93</ele></trkpt>
      <trkpt lat="51.640399" lon="-0.782514"><ele>92.25</ele></trkpt>
      <trkpt lat="51.640258" lon="-0.782052"><ele>93.25</ele></trkpt>
      <trkpt lat="51.639884" lon="-0.780824"><ele>95</ele></trkpt>
      <trkpt lat="51.639485" lon="-0.77952"><ele>90.5</ele></trkpt>
      <trkpt lat="51.639346" lon="-0.779042"><ele>89.25</ele></trkpt>
      <trkpt lat="51.639179" lon="-0.778473"><ele>89</ele></trkpt>
      <trkpt lat="51.638612" lon="-0.776665"><ele>87</ele></trkpt>
      <trkpt lat="51.638279" lon="-0.775566"><ele>84.25</ele></trkpt>
      <trkpt lat="51.637714" lon="-0.773701"><ele>81.25</ele></trkpt>
      <trkpt lat="51.637551" lon="-0.773185"><ele>81.75</ele></trkpt>
      <trkpt lat="51.637204" lon="-0.772013"><ele>81.5</ele></trkpt>
      <trkpt lat="51.637177" lon="-0.771922"><ele>81.5</ele></trkpt>
      <trkpt lat="51.636976" lon="-0.771241"><ele>81</ele></trkpt>
      <trkpt lat="51.636874" lon="-0.770889"><ele>81</ele></trkpt>
      <trkpt lat="51.636855" lon="-0.770829"><ele>81</ele></trkpt>
      <trkpt lat="51.636775" lon="-0.770567"><ele>80.75</ele></trkpt>
      <trkpt lat="51.636683" lon="-0.770261"><ele>81</ele></trkpt>
      <trkpt lat="51.636578" lon="-0.769915"><ele>80.5</ele></trkpt>
      <trkpt lat="51.636537" lon="-0.769782"><ele>80.75</ele></trkpt>
      <trkpt lat="51.636516" lon="-0.769712"><ele>80.75</ele></trkpt>
      <trkpt lat="51.636504" lon="-0.769675"><ele>80.75</ele></trkpt>
      <trkpt lat="51.636389" lon="-0.769302"><ele>80.5</ele></trkpt>
      <trkpt lat="51.636383" lon="-0.76928"><ele>80.5</ele></trkpt>
      <trkpt lat="51.636355" lon="-0.769186"><ele>80.5</ele></trkpt>
      <trkpt lat="51.636297" lon="-0.768993"><ele>80.75</ele></trkpt>
      <trkpt lat="51.636247" lon="-0.768827"><ele>81</ele></trkpt>
      <trkpt lat="51.636225" lon="-0.768746"><ele>81</ele></trkpt>
      <trkpt lat="51.636189" lon="-0.768632"><ele>80.75</ele></trkpt>
      <trkpt lat="51.636155" lon="-0.768523"><ele>80.25</ele></trkpt>
      <trkpt lat="51.636106" lon="-0.768362"><ele>79.75</ele></trkpt>
      <trkpt lat="51.636084" lon="-0.768296"><ele>80</ele></trkpt>
      <trkpt lat="51.636068" lon="-0.768244"><ele>80</ele></trkpt>
      <trkpt lat="51.635994" lon="-0.767999"><ele>80.25</ele></trkpt>
      <trkpt lat="51.635989" lon="-0.767982"><ele>80.25</ele></trkpt>
      <trkpt lat="51.635981" lon="-0.767955"><ele>80.25</ele></trkpt>
      <trkpt lat="51.635971" lon="-0.767922"><ele>80</ele></trkpt>
      <trkpt lat="51.635915" lon="-0.767738"><ele>80</ele></trkpt>
      <trkpt lat="51.635894" lon="-0.76767"><ele>80</ele></trkpt>
      <trkpt lat="51.635765" lon="-0.767242"><ele>80</ele></trkpt>
      <trkpt lat="51.635705" lon="-0.767044"><ele>79.75</ele></trkpt>
      <trkpt lat="51.635694" lon="-0.767008"><ele>79.75</ele></trkpt>
      <trkpt lat="51.635628" lon="-0.766791"><ele>79.5</ele></trkpt>
      <trkpt lat="51.635576" lon="-0.766618"><ele>79.25</ele></trkpt>
      <trkpt lat="51.635433" lon="-0.766146"><ele>79.5</ele></trkpt>
      <trkpt lat="51.635212" lon="-0.765432"><ele>78.5</ele></trkpt>
      <trkpt lat="51.635129" lon="-0.765157"><ele>78.5</ele></trkpt>
      <trkpt lat="51.63511" lon="-0.765093"><ele>78.25</ele></trkpt>
      <trkpt lat="51.63495" lon="-0.764564"><ele>78</ele></trkpt>
      <trkpt lat="51.634559" lon="-0.763295"><ele>77.25</ele></trkpt>
      <trkpt lat="51.634343" lon="-0.762576"><ele>76.5</ele></trkpt>
      <trkpt lat="51.634017" lon="-0.761493"><ele>75.5</ele></trkpt>
      <trkpt lat="51.633948" lon="-0.761217"><ele>75.75</ele></trkpt>
      <trkpt lat="51.633862" lon="-0.76092"><ele>75.75</ele></trkpt>
      <trkpt lat="51.63372" lon="-0.760488"><ele>76</ele></trkpt>
      <trkpt lat="51.633591" lon="-0.760125"><ele>75.75</ele></trkpt>
      <trkpt lat="51.633359" lon="-0.759654"><ele>75.75</ele></trkpt>
      <trkpt lat="51.633316" lon="-0.759597"><ele>75.5</ele></trkpt>
      <trkpt lat="51.633029" lon="-0.759007"><ele>73.75</ele></trkpt>
      <trkpt lat="51.632958" lon="-0.758874"><ele>73.5</ele></trkpt>
      <trkpt lat="51.632908" lon="-0.758717"><ele>73.5</ele></trkpt>
      <trkpt lat="51.632859" lon="-0.758539"><ele>73</ele></trkpt>
      <trkpt lat="51.632811" lon="-0.758249"><ele>72.25</ele></trkpt>
      <trkpt lat="51.632557" lon="-0.75705"><ele>71</ele></trkpt>
      <trkpt lat="51.632522" lon="-0.756935"><ele>71</ele></trkpt>
      <trkpt lat="51.632377" lon="-0.756483"><ele>71</ele></trkpt>
      <trkpt lat="51.632326" lon="-0.756366"><ele>71</ele></trkpt>
      <trkpt lat="51.632231" lon="-0.756215"><ele>71</ele></trkpt>
      <trkpt lat="51.632069" lon="-0.755989"><ele>71</ele></trkpt>
      <trkpt lat="51.632016" lon="-0.755919"><ele>71</ele></trkpt>
      <trkpt lat="51.63192" lon="-0.755794"><ele>70.75</ele></trkpt>
      <trkpt lat="51.631898" lon="-0.755765"><ele>70.75</ele></trkpt>
      <trkpt lat="51.631913" lon="-0.755714"><ele>70.75</ele></trkpt>
      <trkpt lat="51.631746" lon="-0.755509"><ele>70.25</ele></trkpt>
      <trkpt lat="51.631769" lon="-0.755468"><ele>70.5</ele></trkpt>
      <trkpt lat="51.631622" lon="-0.755305"><ele>70.75</ele></trkpt>
      <trkpt lat="51.63156" lon="-0.755257"><ele>70.5</ele></trkpt>
      <trkpt lat="51.631406" lon="-0.7551"><ele>70</ele></trkpt>
      <trkpt lat="51.6312" lon="-0.754825"><ele>70</ele></trkpt>
      <trkpt lat="51.631188" lon="-0.754805"><ele>70</ele></trkpt>
      <trkpt lat="51.631108" lon="-0.754673"><ele>70</ele></trkpt>
      <trkpt lat="51.631115" lon="-0.754563"><ele>70</ele></trkpt>
      <trkpt lat="51.63111" lon="-0.75443"><ele>70</ele></trkpt>
      <trkpt lat="51.631064" lon="-0.754319"><ele>70</ele></trkpt>
      <trkpt lat="51.631007" lon="-0.754235"><ele>70</ele></trkpt>
      <trkpt lat="51.630969" lon="-0.754213"><ele>70</ele></trkpt>
      <trkpt lat="51.630996" lon="-0.754083"><ele>70</ele></trkpt>
      <trkpt lat="51.631003" lon="-0.753916"><ele>70</ele></trkpt>
      <trkpt lat="51.630981" lon="-0.753728"><ele>70</ele></trkpt>
      <trkpt lat="51.630959" lon="-0.753653"><ele>70</ele></trkpt>
      <trkpt lat="51.630862" lon="-0.753384"><ele>70</ele></trkpt>
      <trkpt lat="51.630827" lon="-0.753257"><ele>70</ele></trkpt>
      <trkpt lat="51.63078" lon="-0.752998"><ele>70</ele></trkpt>
      <trkpt lat="51.630751" lon="-0.752862"><ele>70</ele></trkpt>
      <trkpt lat="51.630742" lon="-0.752798"><ele>70</ele></trkpt>
      <trkpt lat="51.630715" lon="-0.752697"><ele>70</ele></trkpt>
      <trkpt lat="51.630692" lon="-0.752642"><ele>70</ele></trkpt>
      <trkpt lat="51.630665" lon="-0.7526"><ele>70</ele></trkpt>
      <trkpt lat="51.630627" lon="-0.752571"><ele>70</ele></trkpt>
      <trkpt lat="51.630485" lon="-0.752509"><ele>69.5</ele></trkpt>
      <trkpt lat="51.630436" lon="-0.752478"><ele>69.5</ele></trkpt>
      <trkpt lat="51.630401" lon="-0.752439"><ele>69.5</ele></trkpt>
      <trkpt lat="51.630368" lon="-0.752362"><ele>69.5</ele></trkpt>
      <trkpt lat="51.630333" lon="-0.752207"><ele>70</ele></trkpt>
      <trkpt lat="51.630284" lon="-0.751942"><ele>70</ele></trkpt>
      <trkpt lat="51.630246" lon="-0.751699"><ele>70</ele></trkpt>
      <trkpt lat="51.630219" lon="-0.751623"><ele>70</ele></trkpt>
      <trkpt lat="51.630188" lon="-0.751573"><ele>70</ele></trkpt>
      <trkpt lat="51.630222" lon="-0.751506"><ele>70</ele></trkpt>
      <trkpt lat="51.630259" lon="-0.751361"><ele>70</ele></trkpt>
      <trkpt lat="51.630247" lon="-0.751307"><ele>70.5</ele></trkpt>
      <trkpt lat="51.630248" lon="-0.751171"><ele>71.25</ele></trkpt>
      <trkpt lat="51.63023" lon="-0.750677"><ele>73</ele></trkpt>
      <trkpt lat="51.630218" lon="-0.750502"><ele>73.75</ele></trkpt>
      <trkpt lat="51.630163" lon="-0.749924"><ele>76</ele></trkpt>
      <trkpt lat="51.630155" lon="-0.749849"><ele>76.25</ele></trkpt>
      <trkpt lat="51.630124" lon="-0.749646"><ele>77.25</ele></trkpt>
      <trkpt lat="51.630081" lon="-0.749427"><ele>77.75</ele></trkpt>
      <trkpt lat="51.630023" lon="-0.749162"><ele>78.25</ele></trkpt>
      <trkpt lat="51.629871" lon="-0.748614"><ele>78.5</ele></trkpt>
      <trkpt lat="51.629558" lon="-0.747484"><ele>77.75</ele></trkpt>
      <trkpt lat="51.62954" lon="-0.74741"><ele>77.75</ele></trkpt>
      <trkpt lat="51.629516" lon="-0.747262"><ele>78</ele></trkpt>
      <trkpt lat="51.629481" lon="-0.747099"><ele>78.5</ele></trkpt>
      <trkpt lat="51.629532" lon="-0.747036"><ele>79</ele></trkpt>
      <trkpt lat="51.629743" lon="-0.746623"><ele>81</ele></trkpt>
      <trkpt lat="51.629764" lon="-0.746573"><ele>81</ele></trkpt>
      <trkpt lat="51.629547" lon="-0.746027"><ele>81</ele></trkpt>
      <trkpt lat="51.629525" lon="-0.745953"><ele>81</ele></trkpt>
      <trkpt lat="51.629502" lon="-0.745724"><ele>80.75</ele></trkpt>
      <trkpt lat="51.629489" lon="-0.745565"><ele>80.75</ele></trkpt>
      <trkpt lat="51.629528" lon="-0.745551"><ele>80.5</ele></trkpt>
      <trkpt lat="51.629489" lon="-0.745565"><ele>80.75</ele></trkpt>
      <trkpt lat="51.62942" lon="-0.745608"><ele>81</ele></trkpt>
      <trkpt lat="51.629228" lon="-0.745803"><ele>81</ele></trkpt>
      <trkpt lat="51.629165" lon="-0.745844"><ele>80.75</ele></trkpt>
      <trkpt lat="51.629109" lon="-0.74594"><ele>80</ele></trkpt>
      <trkpt lat="51.629023" lon="-0.745879"><ele>78.75</ele></trkpt>
      <trkpt lat="51.628691" lon="-0.744449"><ele>78</ele></trkpt>
      <trkpt lat="51.62859" lon="-0.74385"><ele>78.75</ele></trkpt>
      <trkpt lat="51.628607" lon="-0.743818"><ele>79</ele></trkpt>
      <trkpt lat="51.628473" lon="-0.742993"><ele>78.5</ele></trkpt>
      <trkpt lat="51.628374" lon="-0.742558"><ele>78.25</ele></trkpt>
      <trkpt lat="51.628276" lon="-0.742415"><ele>77.75</ele></trkpt>
      <trkpt lat="51.628203" lon="-0.742339"><ele>77.5</ele></trkpt>
      <trkpt lat="51.627968" lon="-0.741513"><ele>76.75</ele></trkpt>
      <trkpt lat="51.627785" lon="-0.741634"><ele>75</ele></trkpt>
      <trkpt lat="51.627613" lon="-0.740967"><ele>74</ele></trkpt>
      <trkpt lat="51.627563" lon="-0.740773"><ele>74</ele></trkpt>
      <trkpt lat="51.627556" lon="-0.740745"><ele>74</ele></trkpt>
      <trkpt lat="51.627513" lon="-0.740583"><ele>74</ele></trkpt>
      <trkpt lat="51.627351" lon="-0.739973"><ele>73.25</ele></trkpt>
      <trkpt lat="51.627187" lon="-0.739346"><ele>73</ele></trkpt>
      <trkpt lat="51.627053" lon="-0.738836"><ele>73.25</ele></trkpt>
      <trkpt lat="51.626986" lon="-0.73858"><ele>73.25</ele></trkpt>
      <trkpt lat="51.626941" lon="-0.738405"><ele>72.75</ele></trkpt>
      <trkpt lat="51.626916" lon="-0.738309"><ele>72.75</ele></trkpt>
      <trkpt lat="51.626846" lon="-0.738041"><ele>72.5</ele></trkpt>
      <trkpt lat="51.62679" lon="-0.737827"><ele>72.75</ele></trkpt>
      <trkpt lat="51.626764" lon="-0.73772"><ele>72.5</ele></trkpt>
      <trkpt lat="51.626589" lon="-0.737052"><ele>70.75</ele></trkpt>
      <trkpt lat="51.626514" lon="-0.73673"><ele>70.25</ele></trkpt>
      <trkpt lat="51.626437" lon="-0.736554"><ele>69.25</ele></trkpt>
      <trkpt lat="51.626367" lon="-0.736476"><ele>68.75</ele></trkpt>
      <trkpt lat="51.626338" lon="-0.736443"><ele>68.75</ele></trkpt>
      <trkpt lat="51.626234" lon="-0.736381"><ele>68.25</ele></trkpt>
      <trkpt lat="51.626145" lon="-0.736388"><ele>68</ele></trkpt>
      <trkpt lat="51.626118" lon="-0.73639"><ele>68</ele></trkpt>
      <trkpt lat="51.626015" lon="-0.736461"><ele>67.5</ele></trkpt>
      <trkpt lat="51.625583" lon="-0.736758"><ele>66</ele></trkpt>
      <trkpt lat="51.62548" lon="-0.73639"><ele>66</ele></trkpt>
      <trkpt lat="51.625445" lon="-0.736265"><ele>66</ele></trkpt>
      <trkpt lat="51.625419" lon="-0.736172"><ele>66</ele></trkpt>
      <trkpt lat="51.625406" lon="-0.736125"><ele>66</ele></trkpt>
      <trkpt lat="51.625367" lon="-0.735963"><ele>66</ele></trkpt>
      <trkpt lat="51.625332" lon="-0.735976"><ele>66</ele></trkpt>
      <trkpt lat="51.625296" lon="-0.735969"><ele>66</ele></trkpt>
      <trkpt lat="51.625268" lon="-0.735947"><ele>66</ele></trkpt>
      <trkpt lat="51.625242" lon="-0.735906"><ele>66</ele></trkpt>
      <trkpt lat="51.625228" lon="-0.735863"><ele>66</ele></trkpt>
      <trkpt lat="51.625222" lon="-0.735805"><ele>66</ele></trkpt>
      <trkpt lat="51.625238" lon="-0.73572"><ele>66.25</ele></trkpt>
      <trkpt lat="51.62528" lon="-0.735658"><ele>66.5</ele></trkpt>
      <trkpt lat="51.625036" lon="-0.73486"><ele>67</ele></trkpt>
      <trkpt lat="51.624943" lon="-0.734573"><ele>67</ele></trkpt>
      <trkpt lat="51.624861" lon="-0.734319"><ele>67.25</ele></trkpt>
      <trkpt lat="51.624698" lon="-0.733807"><ele>67</ele></trkpt>
      <trkpt lat="51.624623" lon="-0.733583"><ele>67.5</ele></trkpt>
      <trkpt lat="51.624488" lon="-0.733185"><ele>66.75</ele></trkpt>
      <trkpt lat="51.624447" lon="-0.733097"><ele>66</ele></trkpt>
      <trkpt lat="51.624321" lon="-0.732825"><ele>66</ele></trkpt>
      <trkpt lat="51.62427" lon="-0.732714"><ele>65.75</ele></trkpt>
      <trkpt lat="51.623814" lon="-0.731958"><ele>63.25</ele></trkpt>
      <trkpt lat="51.623632" lon="-0.731613"><ele>63</ele></trkpt>
      <trkpt lat="51.623469" lon="-0.731298"><ele>62.75</ele></trkpt>
      <trkpt lat="51.623321" lon="-0.730891"><ele>62</ele></trkpt>
      <trkpt lat="51.623207" lon="-0.730487"><ele>63.25</ele></trkpt>
      <trkpt lat="51.623183" lon="-0.73038"><ele>63.5</ele></trkpt>
      <trkpt lat="51.623126" lon="-0.73013"><ele>63.5</ele></trkpt>
      <trkpt lat="51.622975" lon="-0.729433"><ele>63.75</ele></trkpt>
      <trkpt lat="51.622925" lon="-0.729108"><ele>64.5</ele></trkpt>
      <trkpt lat="51.6229" lon="-0.728889"><ele>64.75</ele></trkpt>
      <trkpt lat="51.622832" lon="-0.728367"><ele>64.5</ele></trkpt>
      <trkpt lat="51.622758" lon="-0.727667"><ele>64</ele></trkpt>
      <trkpt lat="51.622647" lon="-0.726554"><ele>64.5</ele></trkpt>
      <trkpt lat="51.622628" lon="-0.726315"><ele>64.25</ele></trkpt>
      <trkpt lat="51.622598" lon="-0.726303"><ele>64.25</ele></trkpt>
      <trkpt lat="51.622575" lon="-0.726271"><ele>64.25</ele></trkpt>
      <trkpt lat="51.622563" lon="-0.726225"><ele>64</ele></trkpt>
      <trkpt lat="51.622566" lon="-0.726176"><ele>64</ele></trkpt>
      <trkpt lat="51.622583" lon="-0.726135"><ele>64.25</ele></trkpt>
      <trkpt lat="51.622526" lon="-0.726055"><ele>64</ele></trkpt>
      <trkpt lat="51.622472" lon="-0.725827"><ele>63.75</ele></trkpt>
      <trkpt lat="51.622378" lon="-0.725473"><ele>63.25</ele></trkpt>
      <trkpt lat="51.6222" lon="-0.724806"><ele>61.75</ele></trkpt>
      <trkpt lat="51.622179" lon="-0.724729"><ele>61.5</ele></trkpt>
      <trkpt lat="51.622001" lon="-0.724223"><ele>60.75</ele></trkpt>
      <trkpt lat="51.621713" lon="-0.723241"><ele>61.5</ele></trkpt>
      <trkpt lat="51.621502" lon="-0.722723"><ele>61.25</ele></trkpt>
      <trkpt lat="51.621306" lon="-0.722255"><ele>61.25</ele></trkpt>
      <trkpt lat="51.621245" lon="-0.722107"><ele>61</ele></trkpt>
      <trkpt lat="51.620827" lon="-0.721239"><ele>60.75</ele></trkpt>
      <trkpt lat="51.620675" lon="-0.720883"><ele>60.25</ele></trkpt>
      <trkpt lat="51.620663" lon="-0.720834"><ele>60.25</ele></trkpt>
      <trkpt lat="51.620596" lon="-0.720572"><ele>60</ele></trkpt>
      <trkpt lat="51.620504" lon="-0.720152"><ele>60</ele></trkpt>
      <trkpt lat="51.62048" lon="-0.719939"><ele>60</ele></trkpt>
      <trkpt lat="51.620493" lon="-0.71988"><ele>60</ele></trkpt>
      <trkpt lat="51.620475" lon="-0.719294"><ele>60.25</ele></trkpt>
      <trkpt lat="51.620435" lon="-0.719076"><ele>60.5</ele></trkpt>
      <trkpt lat="51.620407" lon="-0.71896"><ele>60.25</ele></trkpt>
      <trkpt lat="51.620362" lon="-0.718845"><ele>60.25</ele></trkpt>
      <trkpt lat="51.62029" lon="-0.718673"><ele>60</ele></trkpt>
      <trkpt lat="51.620075" lon="-0.718298"><ele>60.5</ele></trkpt>
      <trkpt lat="51.61983" lon="-0.718104"><ele>58.5</ele></trkpt>
      <trkpt lat="51.62005" lon="-0.717321"><ele>66</ele></trkpt>
      <trkpt lat="51.620097" lon="-0.717154"><ele>67.75</ele></trkpt>
      <trkpt lat="51.620182" lon="-0.716911"><ele>70.25</ele></trkpt>
      <trkpt lat="51.6199" lon="-0.716321"><ele>69.5</ele></trkpt>
      <trkpt lat="51.618182" lon="-0.712837"><ele>64</ele></trkpt>
      <trkpt lat="51.617859" lon="-0.712176"><ele>64</ele></trkpt>
      <trkpt lat="51.618024" lon="-0.71184"><ele>65</ele></trkpt>
      <trkpt lat="51.618436" lon="-0.71118"><ele>73</ele></trkpt>
      <trkpt lat="51.618587" lon="-0.710961"><ele>72.25</ele></trkpt>
      <trkpt lat="51.618607" lon="-0.710605"><ele>73.25</ele></trkpt>
      <trkpt lat="51.618464" lon="-0.710537"><ele>76.25</ele></trkpt>
      <trkpt lat="51.618306" lon="-0.710233"><ele>81.25</ele></trkpt>
      <trkpt lat="51.618059" lon="-0.709544"><ele>87.75</ele></trkpt>
      <trkpt lat="51.61802" lon="-0.709572"><ele>87</ele></trkpt>
      <trkpt lat="51.617934" lon="-0.709544"><ele>86.5</ele></trkpt>
      <trkpt lat="51.617868" lon="-0.709446"><ele>86.75</ele></trkpt>
      <trkpt lat="51.617734" lon="-0.709202"><ele>87</ele></trkpt>
      <trkpt lat="51.617532" lon="-0.708914"><ele>87</ele></trkpt>
      <trkpt lat="51.617361" lon="-0.708593"><ele>86</ele></trkpt>
      <trkpt lat="51.617045" lon="-0.705516"><ele>91.75</ele></trkpt>
      <trkpt lat="51.616911" lon="-0.705317"><ele>91.25</ele></trkpt>
      <trkpt lat="51.616754" lon="-0.705179"><ele>91.25</ele></trkpt>
      <trkpt lat="51.616659" lon="-0.705055"><ele>91.5</ele></trkpt>
      <trkpt lat="51.616343" lon="-0.704618"><ele>91</ele></trkpt>
      <trkpt lat="51.616124" lon="-0.704219"><ele>90.75</ele></trkpt>
      <trkpt lat="51.616011" lon="-0.703991"><ele>90.5</ele></trkpt>
      <trkpt lat="51.615957" lon="-0.703872"><ele>90.25</ele></trkpt>
      <trkpt lat="51.615756" lon="-0.703447"><ele>90</ele></trkpt>
      <trkpt lat="51.615933" lon="-0.703057"><ele>92.25</ele></trkpt>
      <trkpt lat="51.616089" lon="-0.702711"><ele>94.5</ele></trkpt>
      <trkpt lat="51.615957" lon="-0.702429"><ele>93.25</ele></trkpt>
      <trkpt lat="51.615984" lon="-0.702312"><ele>93</ele></trkpt>
      <trkpt lat="51.61597" lon="-0.702028"><ele>90.75</ele></trkpt>
      <trkpt lat="51.615988" lon="-0.701753"><ele>87.75</ele></trkpt>
      <trkpt lat="51.61614" lon="-0.701334"><ele>79</ele></trkpt>
      <trkpt lat="51.616227" lon="-0.701135"><ele>76.5</ele></trkpt>
      <trkpt lat="51.6163" lon="-0.701141"><ele>77</ele></trkpt>
      <trkpt lat="51.61655" lon="-0.70107"><ele>77</ele></trkpt>
      <trkpt lat="51.616737" lon="-0.70084"><ele>75.5</ele></trkpt>
      <trkpt lat="51.616864" lon="-0.70038"><ele>74.25</ele></trkpt>
      <trkpt lat="51.616954" lon="-0.700028"><ele>74.75</ele></trkpt>
      <trkpt lat="51.617048" lon="-0.699785"><ele>74.25</ele></trkpt>
      <trkpt lat="51.617528" lon="-0.699034"><ele>79.75</ele></trkpt>
      <trkpt lat="51.617808" lon="-0.698518"><ele>84.75</ele></trkpt>
      <trkpt lat="51.617851" lon="-0.698335"><ele>86.5</ele></trkpt>
      <trkpt lat="51.618196" lon="-0.697532"><ele>94</ele></trkpt>
      <trkpt lat="51.617944" lon="-0.697301"><ele>98.25</ele></trkpt>
      <trkpt lat="51.61791" lon="-0.697245"><ele>99</ele></trkpt>
      <trkpt lat="51.617888" lon="-0.697167"><ele>99.75</ele></trkpt>
      <trkpt lat="51.617858" lon="-0.696987"><ele>101.5</ele></trkpt>
      <trkpt lat="51.617838" lon="-0.696889"><ele>102.25</ele></trkpt>
      <trkpt lat="51.617801" lon="-0.696809"><ele>102.75</ele></trkpt>
      <trkpt lat="51.617788" lon="-0.696744"><ele>103.25</ele></trkpt>
      <trkpt lat="51.617824" lon="-0.696523"><ele>105.5</ele></trkpt>
      <trkpt lat="51.617831" lon="-0.696305"><ele>108</ele></trkpt>
      <trkpt lat="51.617809" lon="-0.696167"><ele>110</ele></trkpt>
      <trkpt lat="51.617779" lon="-0.696066"><ele>111.25</ele></trkpt>
      <trkpt lat="51.617683" lon="-0.695892"><ele>112.25</ele></trkpt>
      <trkpt lat="51.617618" lon="-0.695831"><ele>112.25</ele></trkpt>
      <trkpt lat="51.617591" lon="-0.695775"><ele>112.5</ele></trkpt>
      <trkpt lat="51.617603" lon="-0.69569"><ele>113.25</ele></trkpt>
      <trkpt lat="51.617601" lon="-0.695615"><ele>114</ele></trkpt>
      <trkpt lat="51.617613" lon="-0.695575"><ele>114.5</ele></trkpt>
      <trkpt lat="51.617651" lon="-0.695546"><ele>115</ele></trkpt>
      <trkpt lat="51.617718" lon="-0.695452"><ele>116.5</ele></trkpt>
      <trkpt lat="51.61775" lon="-0.695384"><ele>117.5</ele></trkpt>
      <trkpt lat="51.617751" lon="-0.695343"><ele>118</ele></trkpt>
      <trkpt lat="51.617708" lon="-0.695226"><ele>119.5</ele></trkpt>
      <trkpt lat="51.617565" lon="-0.694982"><ele>121.25</ele></trkpt>
      <trkpt lat="51.617512" lon="-0.694824"><ele>120.5</ele></trkpt>
      <trkpt lat="51.617474" lon="-0.694668"><ele>121</ele></trkpt>
      <trkpt lat="51.617485" lon="-0.694593"><ele>121.75</ele></trkpt>
      <trkpt lat="51.617518" lon="-0.694545"><ele>123</ele></trkpt>
      <trkpt lat="51.617532" lon="-0.694459"><ele>124</ele></trkpt>
      <trkpt lat="51.617512" lon="-0.694355"><ele>124.25</ele></trkpt>
      <trkpt lat="51.617412" lon="-0.694072"><ele>125.75</ele></trkpt>
      <trkpt lat="51.617315" lon="-0.693541"><ele>129.25</ele></trkpt>
      <trkpt lat="51.617289" lon="-0.693303"><ele>130.25</ele></trkpt>
      <trkpt lat="51.617292" lon="-0.69315"><ele>130.5</ele></trkpt>
      <trkpt lat="51.61734" lon="-0.693062"><ele>131.25</ele></trkpt>
      <trkpt lat="51.61734" lon="-0.693018"><ele>131</ele></trkpt>
      <trkpt lat="51.617357" lon="-0.692963"><ele>130.75</ele></trkpt>
      <trkpt lat="51.617336" lon="-0.692663"><ele>129.5</ele></trkpt>
      <trkpt lat="51.617314" lon="-0.692156"><ele>127.25</ele></trkpt>
      <trkpt lat="51.61728" lon="-0.691865"><ele>126.25</ele></trkpt>
      <trkpt lat="51.617246" lon="-0.691758"><ele>126</ele></trkpt>
      <trkpt lat="51.617112" lon="-0.691575"><ele>125.25</ele></trkpt>
      <trkpt lat="51.617017" lon="-0.691463"><ele>124.5</ele></trkpt>
      <trkpt lat="51.616969" lon="-0.69142"><ele>124.25</ele></trkpt>
      <trkpt lat="51.616924" lon="-0.691337"><ele>124</ele></trkpt>
      <trkpt lat="51.616909" lon="-0.691211"><ele>124.25</ele></trkpt>
      <trkpt lat="51.616901" lon="-0.69095"><ele>124</ele></trkpt>
      <trkpt lat="51.616919" lon="-0.690736"><ele>123.75</ele></trkpt>
      <trkpt lat="51.616951" lon="-0.690535"><ele>123.75</ele></trkpt>
      <trkpt lat="51.616962" lon="-0.690159"><ele>122.5</ele></trkpt>
      <trkpt lat="51.617027" lon="-0.689883"><ele>121.5</ele></trkpt>
      <trkpt lat="51.617061" lon="-0.68984"><ele>121.25</ele></trkpt>
      <trkpt lat="51.617346" lon="-0.68978"><ele>120.25</ele></trkpt>
      <trkpt lat="51.61751" lon="-0.68981"><ele>119.5</ele></trkpt>
      <trkpt lat="51.617517" lon="-0.689717"><ele>118.75</ele></trkpt>
      <trkpt lat="51.617449" lon="-0.689228"><ele>113.75</ele></trkpt>
      <trkpt lat="51.617468" lon="-0.689052"><ele>111.75</ele></trkpt>
      <trkpt lat="51.617483" lon="-0.688783"><ele>108.5</ele></trkpt>
      <trkpt lat="51.617503" lon="-0.688606"><ele>105.75</ele></trkpt>
      <trkpt lat="51.617572" lon="-0.68848"><ele>105.75</ele></trkpt>
      <trkpt lat="51.617617" lon="-0.688376"><ele>106</ele></trkpt>
      <trkpt lat="51.61858" lon="-0.68621"><ele>130.75</ele></trkpt>
      <trkpt lat="51.618639" lon="-0.686161"><ele>131.75</ele></trkpt>
      <trkpt lat="51.61871" lon="-0.686153"><ele>132</ele></trkpt>
      <trkpt lat="51.619063" lon="-0.685383"><ele>134.5</ele></trkpt>
      <trkpt lat="51.619105" lon="-0.685317"><ele>134.75</ele></trkpt>
      <trkpt lat="51.619205" lon="-0.68508"><ele>134.25</ele></trkpt>
      <trkpt lat="51.619798" lon="-0.683687"><ele>131.25</ele></trkpt>
      <trkpt lat="51.619868" lon="-0.683475"><ele>131</ele></trkpt>
      <trkpt lat="51.619902" lon="-0.683324"><ele>130.5</ele></trkpt>
      <trkpt lat="51.620155" lon="-0.682576"><ele>128.75</ele></trkpt>
      <trkpt lat="51.620375" lon="-0.68202"><ele>127.25</ele></trkpt>
      <trkpt lat="51.620516" lon="-0.681772"><ele>125.75</ele></trkpt>
      <trkpt lat="51.620633" lon="-0.681544"><ele>124.5</ele></trkpt>
      <trkpt lat="51.620694" lon="-0.681362"><ele>124.25</ele></trkpt>
      <trkpt lat="51.620702" lon="-0.681203"><ele>123.75</ele></trkpt>
      <trkpt lat="51.620689" lon="-0.68116"><ele>123.5</ele></trkpt>
      <trkpt lat="51.620623" lon="-0.680774"><ele>122</ele></trkpt>
      <trkpt lat="51.620562" lon="-0.680279"><ele>119</ele></trkpt>
      <trkpt lat="51.620517" lon="-0.680049"><ele>118.25</ele></trkpt>
      <trkpt lat="51.620507" lon="-0.679998"><ele>118</ele></trkpt>
      <trkpt lat="51.620507" lon="-0.679911"><ele>117.75</ele></trkpt>
      <trkpt lat="51.6205" lon="-0.679426"><ele>115.75</ele></trkpt>
      <trkpt lat="51.620509" lon="-0.678736"><ele>113.25</ele></trkpt>
      <trkpt lat="51.620374" lon="-0.677977"><ele>116.5</ele></trkpt>
      <trkpt lat="51.620187" lon="-0.677095"><ele>118.5</ele></trkpt>
      <trkpt lat="51.620141" lon="-0.676927"><ele>118.5</ele></trkpt>
      <trkpt lat="51.620332" lon="-0.676259"><ele>120</ele></trkpt>
      <trkpt lat="51.620633" lon="-0.675202"><ele>117.5</ele></trkpt>
      <trkpt lat="51.620731" lon="-0.674829"><ele>114.5</ele></trkpt>
      <trkpt lat="51.620801" lon="-0.674746"><ele>113.25</ele></trkpt>
      <trkpt lat="51.620863" lon="-0.674537"><ele>110.75</ele></trkpt>
      <trkpt lat="51.620763" lon="-0.674339"><ele>109</ele></trkpt>
      <trkpt lat="51.62071" lon="-0.674142"><ele>106.75</ele></trkpt>
      <trkpt lat="51.62058" lon="-0.673822"><ele>103.25</ele></trkpt>
      <trkpt lat="51.620457" lon="-0.673699"><ele>103</ele></trkpt>
      <trkpt lat="51.620174" lon="-0.673277"><ele>101.5</ele></trkpt>
      <trkpt lat="51.619888" lon="-0.672768"><ele>99.5</ele></trkpt>
      <trkpt lat="51.619961" lon="-0.672674"><ele>100.5</ele></trkpt>
      <trkpt lat="51.619966" lon="-0.672668"><ele>100.5</ele></trkpt>
      <trkpt lat="51.619555" lon="-0.671749"><ele>101.25</ele></trkpt>
      <trkpt lat="51.618866" lon="-0.670472"><ele>109.25</ele></trkpt>
      <trkpt lat="51.618462" lon="-0.669263"><ele>116.25</ele></trkpt>
      <trkpt lat="51.61837" lon="-0.669074"><ele>115.75</ele></trkpt>
      <trkpt lat="51.618193" lon="-0.668713"><ele>114</ele></trkpt>
      <trkpt lat="51.617586" lon="-0.667185"><ele>104.25</ele></trkpt>
      <trkpt lat="51.617107" lon="-0.666143"><ele>98</ele></trkpt>
      <trkpt lat="51.617068" lon="-0.665872"><ele>97.75</ele></trkpt>
      <trkpt lat="51.616938" lon="-0.665369"><ele>100.25</ele></trkpt>
      <trkpt lat="51.616933" lon="-0.665232"><ele>100.75</ele></trkpt>
      <trkpt lat="51.616924" lon="-0.664995"><ele>100.75</ele></trkpt>
      <trkpt lat="51.617034" lon="-0.664329"><ele>102</ele></trkpt>
      <trkpt lat="51.617056" lon="-0.664194"><ele>101.75</ele></trkpt>
      <trkpt lat="51.617029" lon="-0.664124"><ele>101.5</ele></trkpt>
      <trkpt lat="51.617014" lon="-0.664112"><ele>101.25</ele></trkpt>
      <trkpt lat="51.616975" lon="-0.664021"><ele>101</ele></trkpt>
      <trkpt lat="51.616794" lon="-0.663472"><ele>98.5</ele></trkpt>
      <trkpt lat="51.616756" lon="-0.66334"><ele>98</ele></trkpt>
      <trkpt lat="51.616311" lon="-0.661914"><ele>87</ele></trkpt>
      <trkpt lat="51.616101" lon="-0.661272"><ele>93.5</ele></trkpt>
      <trkpt lat="51.615837" lon="-0.660415"><ele>105.25</ele></trkpt>
      <trkpt lat="51.615751" lon="-0.660096"><ele>106</ele></trkpt>
      <trkpt lat="51.615641" lon="-0.659518"><ele>106</ele></trkpt>
      <trkpt lat="51.615527" lon="-0.658936"><ele>105.75</ele></trkpt>
      <trkpt lat="51.615495" lon="-0.658547"><ele>105.75</ele></trkpt>
      <trkpt lat="51.615456" lon="-0.657856"><ele>104.5</ele></trkpt>
      <trkpt lat="51.615425" lon="-0.657416"><ele>104.5</ele></trkpt>
      <trkpt lat="51.615361" lon="-0.657166"><ele>104.25</ele></trkpt>
      <trkpt lat="51.615311" lon="-0.657031"><ele>104</ele></trkpt>
      <trkpt lat="51.615242" lon="-0.656806"><ele>104.25</ele></trkpt>
      <trkpt lat="51.615106" lon="-0.656482"><ele>104.75</ele></trkpt>
      <trkpt lat="51.614901" lon="-0.655966"><ele>105.25</ele></trkpt>
      <trkpt lat="51.614326" lon="-0.654596"><ele>104.25</ele></trkpt>
      <trkpt lat="51.614292" lon="-0.654511"><ele>104</ele></trkpt>
      <trkpt lat="51.614221" lon="-0.654482"><ele>104</ele></trkpt>
      <trkpt lat="51.614188" lon="-0.654401"><ele>104</ele></trkpt>
      <trkpt lat="51.614246" lon="-0.653909"><ele>103.25</ele></trkpt>
      <trkpt lat="51.614223" lon="-0.65387"><ele>103</ele></trkpt>
      <trkpt lat="51.613922" lon="-0.653646"><ele>103</ele></trkpt>
      <trkpt lat="51.613629" lon="-0.652964"><ele>103</ele></trkpt>
      <trkpt lat="51.613593" lon="-0.652944"><ele>103</ele></trkpt>
      <trkpt lat="51.613623" lon="-0.652638"><ele>103.25</ele></trkpt>
      <trkpt lat="51.613649" lon="-0.652369"><ele>103.75</ele></trkpt>
      <trkpt lat="51.613662" lon="-0.651978"><ele>103</ele></trkpt>
      <trkpt lat="51.613652" lon="-0.651508"><ele>103.75</ele></trkpt>
      <trkpt lat="51.613694" lon="-0.65093"><ele>103.5</ele></trkpt>
      <trkpt lat="51.613623" lon="-0.65041"><ele>103.75</ele></trkpt>
      <trkpt lat="51.613492" lon="-0.649862"><ele>103.25</ele></trkpt>
      <trkpt lat="51.613408" lon="-0.649714"><ele>103.5</ele></trkpt>
      <trkpt lat="51.61325" lon="-0.649392"><ele>104</ele></trkpt>
      <trkpt lat="51.613119" lon="-0.649132"><ele>103.75</ele></trkpt>
      <trkpt lat="51.613048" lon="-0.649095"><ele>104</ele></trkpt>
      <trkpt lat="51.612796" lon="-0.648612"><ele>104</ele></trkpt>
      <trkpt lat="51.612735" lon="-0.648497"><ele>104</ele></trkpt>
      <trkpt lat="51.612664" lon="-0.648361"><ele>104</ele></trkpt>
      <trkpt lat="51.612499" lon="-0.648042"><ele>103.75</ele></trkpt>
      <trkpt lat="51.612286" lon="-0.647533"><ele>103</ele></trkpt>
      <trkpt lat="51.612265" lon="-0.647446"><ele>103</ele></trkpt>
      <trkpt lat="51.612263" lon="-0.647362"><ele>103</ele></trkpt>
      <trkpt lat="51.612191" lon="-0.647365"><ele>103</ele></trkpt>
      <trkpt lat="51.612166" lon="-0.647347"><ele>103</ele></trkpt>
      <trkpt lat="51.612147" lon="-0.647317"><ele>103</ele></trkpt>
      <trkpt lat="51.612135" lon="-0.647277"><ele>103</ele></trkpt>
      <trkpt lat="51.612132" lon="-0.647234"><ele>103</ele></trkpt>
      <trkpt lat="51.612139" lon="-0.647191"><ele>103</ele></trkpt>
      <trkpt lat="51.612075" lon="-0.647152"><ele>103</ele></trkpt>
      <trkpt lat="51.611837" lon="-0.647"><ele>102.5</ele></trkpt>
      <trkpt lat="51.611754" lon="-0.646913"><ele>102.25</ele></trkpt>
      <trkpt lat="51.61159" lon="-0.646738"><ele>99.75</ele></trkpt>
      <trkpt lat="51.611514" lon="-0.64665"><ele>97.5</ele></trkpt>
      <trkpt lat="51.611183" lon="-0.646286"><ele>99.75</ele></trkpt>
      <trkpt lat="51.611103" lon="-0.646199"><ele>102</ele></trkpt>
      <trkpt lat="51.611121" lon="-0.645733"><ele>101.25</ele></trkpt>
      <trkpt lat="51.611153" lon="-0.645172"><ele>98.75</ele></trkpt>
      <trkpt lat="51.611187" lon="-0.644617"><ele>97.25</ele></trkpt>
      <trkpt lat="51.611198" lon="-0.644438"><ele>97</ele></trkpt>
      <trkpt lat="51.611186" lon="-0.644013"><ele>96.5</ele></trkpt>
      <trkpt lat="51.611171" lon="-0.643794"><ele>95.75</ele></trkpt>
      <trkpt lat="51.611221" lon="-0.643798"><ele>95</ele></trkpt>
      <trkpt lat="51.611247" lon="-0.643809"><ele>94.75</ele></trkpt>
      <trkpt lat="51.611266" lon="-0.64381"><ele>94.5</ele></trkpt>
      <trkpt lat="51.611247" lon="-0.643809"><ele>94.75</ele></trkpt>
      <trkpt lat="51.611221" lon="-0.643798"><ele>95</ele></trkpt>
      <trkpt lat="51.611171" lon="-0.643794"><ele>95.75</ele></trkpt>
      <trkpt lat="51.61116" lon="-0.643639"><ele>95.5</ele></trkpt>
      <trkpt lat="51.61112" lon="-0.643494"><ele>98.25</ele></trkpt>
      <trkpt lat="51.611049" lon="-0.643349"><ele>101.5</ele></trkpt>
      <trkpt lat="51.611008" lon="-0.643174"><ele>101.75</ele></trkpt>
      <trkpt lat="51.610935" lon="-0.643119"><ele>101.5</ele></trkpt>
      <trkpt lat="51.610597" lon="-0.643095"><ele>101</ele></trkpt>
      <trkpt lat="51.610266" lon="-0.643101"><ele>101</ele></trkpt>
      <trkpt lat="51.610275" lon="-0.643044"><ele>101</ele></trkpt>
      <trkpt lat="51.610328" lon="-0.642716"><ele>101.75</ele></trkpt>
      <trkpt lat="51.61042" lon="-0.642259"><ele>101.25</ele></trkpt>
      <trkpt lat="51.610427" lon="-0.642223"><ele>101.25</ele></trkpt>
      <trkpt lat="51.610416" lon="-0.641933"><ele>100.75</ele></trkpt>
      <trkpt lat="51.610469" lon="-0.641778"><ele>100.5</ele></trkpt>
      <trkpt lat="51.610507" lon="-0.64157"><ele>100</ele></trkpt>
      <trkpt lat="51.610534" lon="-0.640859"><ele>100</ele></trkpt>
      <trkpt lat="51.610551" lon="-0.640227"><ele>100</ele></trkpt>
      <trkpt lat="51.610562" lon="-0.639889"><ele>100</ele></trkpt>
      <trkpt lat="51.610579" lon="-0.639439"><ele>100</ele></trkpt>
      <trkpt lat="51.610581" lon="-0.639284"><ele>100</ele></trkpt>
      <trkpt lat="51.610591" lon="-0.638829"><ele>100.75</ele></trkpt>
      <trkpt lat="51.61058" lon="-0.638296"><ele>101.75</ele></trkpt>
      <trkpt lat="51.610584" lon="-0.638113"><ele>101.75</ele></trkpt>
      <trkpt lat="51.610585" lon="-0.638035"><ele>101.75</ele></trkpt>
      <trkpt lat="51.610585" lon="-0.637864"><ele>101.75</ele></trkpt>
      <trkpt lat="51.610593" lon="-0.637527"><ele>102.75</ele></trkpt>
      <trkpt lat="51.610596" lon="-0.637395"><ele>102.75</ele></trkpt>
      <trkpt lat="51.610626" lon="-0.636962"><ele>102.5</ele></trkpt>
      <trkpt lat="51.610649" lon="-0.636765"><ele>102.75</ele></trkpt>
      <trkpt lat="51.610719" lon="-0.636332"><ele>103</ele></trkpt>
      <trkpt lat="51.610772" lon="-0.635902"><ele>103</ele></trkpt>
      <trkpt lat="51.61079" lon="-0.635617"><ele>103</ele></trkpt>
      <trkpt lat="51.610784" lon="-0.635162"><ele>103</ele></trkpt>
      <trkpt lat="51.610126" lon="-0.635158"><ele>103.5</ele></trkpt>
      <trkpt lat="51.610073" lon="-0.635151"><ele>103.5</ele></trkpt>
      <trkpt lat="51.610045" lon="-0.635134"><ele>103.75</ele></trkpt>
      <trkpt lat="51.609945" lon="-0.635129"><ele>104</ele></trkpt>
      <trkpt lat="51.609851" lon="-0.635137"><ele>104</ele></trkpt>
      <trkpt lat="51.609824" lon="-0.634735"><ele>103.5</ele></trkpt>
      <trkpt lat="51.609676" lon="-0.632741"><ele>102.25</ele></trkpt>
      <trkpt lat="51.609672" lon="-0.632662"><ele>102.25</ele></trkpt>
      <trkpt lat="51.609567" lon="-0.632666"><ele>102.5</ele></trkpt>
      <trkpt lat="51.609534" lon="-0.632653"><ele>102.5</ele></trkpt>
      <trkpt lat="51.609489" lon="-0.632608"><ele>102.25</ele></trkpt>
      <trkpt lat="51.609435" lon="-0.632478"><ele>102</ele></trkpt>
      <trkpt lat="51.609537" lon="-0.63238"><ele>102</ele></trkpt>
      <trkpt lat="51.60966" lon="-0.632154"><ele>102</ele></trkpt>
      <trkpt lat="51.60979" lon="-0.631815"><ele>102</ele></trkpt>
      <trkpt lat="51.609805" lon="-0.631729"><ele>102</ele></trkpt>
      <trkpt lat="51.609821" lon="-0.631695"><ele>102</ele></trkpt>
      <trkpt lat="51.609815" lon="-0.631411"><ele>101</ele></trkpt>
      <trkpt lat="51.609789" lon="-0.631212"><ele>101</ele></trkpt>
      <trkpt lat="51.609642" lon="-0.630697"><ele>100</ele></trkpt>
      <trkpt lat="51.609317" lon="-0.629377"><ele>98.25</ele></trkpt>
      <trkpt lat="51.609242" lon="-0.629095"><ele>98.5</ele></trkpt>
      <trkpt lat="51.609274" lon="-0.629069"><ele>98.25</ele></trkpt>
      <trkpt lat="51.609293" lon="-0.629054"><ele>98.25</ele></trkpt>
      <trkpt lat="51.609253" lon="-0.628914"><ele>98.5</ele></trkpt>
      <trkpt lat="51.609315" lon="-0.628727"><ele>98.25</ele></trkpt>
      <trkpt lat="51.60939" lon="-0.628505"><ele>98</ele></trkpt>
      <trkpt lat="51.609783" lon="-0.626735"><ele>100.5</ele></trkpt>
      <trkpt lat="51.610448" lon="-0.623108"><ele>101</ele></trkpt>
      <trkpt lat="51.610865" lon="-0.622012"><ele>99.75</ele></trkpt>
      <trkpt lat="51.61126" lon="-0.620765"><ele>97.25</ele></trkpt>
      <trkpt lat="51.611309" lon="-0.620742"><ele>96.5</ele></trkpt>
      <trkpt lat="51.611572" lon="-0.620751"><ele>97.5</ele></trkpt>
      <trkpt lat="51.611668" lon="-0.620739"><ele>98.75</ele></trkpt>
      <trkpt lat="51.611671" lon="-0.618764"><ele>98.75</ele></trkpt>
      <trkpt lat="51.611564" lon="-0.616478"><ele>96.25</ele></trkpt>
      <trkpt lat="51.611391" lon="-0.614811"><ele>93.25</ele></trkpt>
      <trkpt lat="51.611474" lon="-0.613415"><ele>85.5</ele></trkpt>
      <trkpt lat="51.611928" lon="-0.611817"><ele>77</ele></trkpt>
      <trkpt lat="51.612203" lon="-0.611242"><ele>75.5</ele></trkpt>
      <trkpt lat="51.612065" lon="-0.610792"><ele>75.25</ele></trkpt>
      <trkpt lat="51.611732" lon="-0.610142"><ele>75.5</ele></trkpt>
      <trkpt lat="51.611364" lon="-0.609102"><ele>75</ele></trkpt>
      <trkpt lat="51.611313" lon="-0.609117"><ele>75</ele></trkpt>
      <trkpt lat="51.61073" lon="-0.609277"><ele>82.75</ele></trkpt>
      <trkpt lat="51.610174" lon="-0.60767"><ele>90.25</ele></trkpt>
      <trkpt lat="51.61005" lon="-0.607647"><ele>90.75</ele></trkpt>
      <trkpt lat="51.610011" lon="-0.60752"><ele>90.75</ele></trkpt>
      <trkpt lat="51.609916" lon="-0.607386"><ele>90.5</ele></trkpt>
      <trkpt lat="51.609914" lon="-0.607635"><ele>91</ele></trkpt>
      <trkpt lat="51.609931" lon="-0.60769"><ele>91</ele></trkpt>
      <trkpt lat="51.609858" lon="-0.607757"><ele>91.25</ele></trkpt>
      <trkpt lat="51.609864" lon="-0.607774"><ele>91.25</ele></trkpt>
      <trkpt lat="51.609872" lon="-0.607798"><ele>91.25</ele></trkpt>
      <trkpt lat="51.609864" lon="-0.607774"><ele>91.25</ele></trkpt>
      <trkpt lat="51.609858" lon="-0.607757"><ele>91.25</ele></trkpt>
      <trkpt lat="51.609931" lon="-0.60769"><ele>91</ele></trkpt>
      <trkpt lat="51.609914" lon="-0.607635"><ele>91</ele></trkpt>
      <trkpt lat="51.609916" lon="-0.607386"><ele>90.5</ele></trkpt>
      <trkpt lat="51.609828" lon="-0.607124"><ele>90</ele></trkpt>
      <trkpt lat="51.609662" lon="-0.606678"><ele>88.25</ele></trkpt>
      <trkpt lat="51.609529" lon="-0.606137"><ele>84.75</ele></trkpt>
      <trkpt lat="51.609508" lon="-0.605674"><ele>82.75</ele></trkpt>
      <trkpt lat="51.609519" lon="-0.60544"><ele>81.5</ele></trkpt>
      <trkpt lat="51.610018" lon="-0.604205"><ele>76.25</ele></trkpt>
      <trkpt lat="51.610176" lon="-0.603761"><ele>75</ele></trkpt>
      <trkpt lat="51.610401" lon="-0.60345"><ele>73.5</ele></trkpt>
      <trkpt lat="51.610691" lon="-0.603177"><ele>73</ele></trkpt>
      <trkpt lat="51.610197" lon="-0.602103"><ele>72</ele></trkpt>
      <trkpt lat="51.609354" lon="-0.60014"><ele>71.5</ele></trkpt>
      <trkpt lat="51.609191" lon="-0.599803"><ele>71.5</ele></trkpt>
      <trkpt lat="51.609012" lon="-0.599488"><ele>71.25</ele></trkpt>
      <trkpt lat="51.608826" lon="-0.599197"><ele>71</ele></trkpt>
      <trkpt lat="51.608653" lon="-0.59881"><ele>71</ele></trkpt>
      <trkpt lat="51.608507" lon="-0.598356"><ele>71.25</ele></trkpt>
      <trkpt lat="51.608427" lon="-0.597997"><ele>71.5</ele></trkpt>
      <trkpt lat="51.608346" lon="-0.597354"><ele>71</ele></trkpt>
      <trkpt lat="51.6083" lon="-0.595737"><ele>70.25</ele></trkpt>
      <trkpt lat="51.60822" lon="-0.595439"><ele>71</ele></trkpt>
      <trkpt lat="51.608376" lon="-0.595241"><ele>70</ele></trkpt>
      <trkpt lat="51.608506" lon="-0.595121"><ele>70.5</ele></trkpt>
      <trkpt lat="51.60874" lon="-0.594993"><ele>71.75</ele></trkpt>
      <trkpt lat="51.609327" lon="-0.594806"><ele>75</ele></trkpt>
      <trkpt lat="51.609443" lon="-0.594001"><ele>76.5</ele></trkpt>
      <trkpt lat="51.609507" lon="-0.593559"><ele>78.5</ele></trkpt>
      <trkpt lat="51.609592" lon="-0.593259"><ele>81</ele></trkpt>
      <trkpt lat="51.609612" lon="-0.592616"><ele>85.75</ele></trkpt>
      <trkpt lat="51.609649" lon="-0.591456"><ele>95</ele></trkpt>
      <trkpt lat="51.609614" lon="-0.590762"><ele>98.75</ele></trkpt>
      <trkpt lat="51.609686" lon="-0.589842"><ele>101.75</ele></trkpt>
      <trkpt lat="51.609754" lon="-0.589255"><ele>101.25</ele></trkpt>
      <trkpt lat="51.609778" lon="-0.589089"><ele>100.75</ele></trkpt>
      <trkpt lat="51.609784" lon="-0.589034"><ele>100.75</ele></trkpt>
      <trkpt lat="51.609787" lon="-0.588987"><ele>100.5</ele></trkpt>
      <trkpt lat="51.609575" lon="-0.58859"><ele>98.75</ele></trkpt>
      <trkpt lat="51.609449" lon="-0.588354"><ele>98</ele></trkpt>
      <trkpt lat="51.609138" lon="-0.587855"><ele>94</ele></trkpt>
      <trkpt lat="51.608784" lon="-0.587299"><ele>92.75</ele></trkpt>
      <trkpt lat="51.608333" lon="-0.586534"><ele>94.25</ele></trkpt>
      <trkpt lat="51.608252" lon="-0.586347"><ele>94.75</ele></trkpt>
      <trkpt lat="51.607994" lon="-0.585603"><ele>95</ele></trkpt>
      <trkpt lat="51.60785" lon="-0.58535"><ele>95.5</ele></trkpt>
      <trkpt lat="51.607109" lon="-0.584305"><ele>95.25</ele></trkpt>
      <trkpt lat="51.607089" lon="-0.584009"><ele>95</ele></trkpt>
      <trkpt lat="51.606038" lon="-0.581116"><ele>88</ele></trkpt>
      <trkpt lat="51.60602" lon="-0.580997"><ele>88.25</ele></trkpt>
      <trkpt lat="51.605925" lon="-0.580902"><ele>88.75</ele></trkpt>
      <trkpt lat="51.605787" lon="-0.580669"><ele>89.75</ele></trkpt>
      <trkpt lat="51.60533" lon="-0.579315"><ele>95.75</ele></trkpt>
      <trkpt lat="51.605072" lon="-0.578836"><ele>99</ele></trkpt>
      <trkpt lat="51.605043" lon="-0.578812"><ele>99.25</ele></trkpt>
      <trkpt lat="51.603484" lon="-0.577532"><ele>99.5</ele></trkpt>
      <trkpt lat="51.603064" lon="-0.576898"><ele>97</ele></trkpt>
      <trkpt lat="51.6025" lon="-0.576072"><ele>94.75</ele></trkpt>
      <trkpt lat="51.60212" lon="-0.575404"><ele>91.75</ele></trkpt>
      <trkpt lat="51.602172" lon="-0.575279"><ele>91.75</ele></trkpt>
      <trkpt lat="51.601871" lon="-0.574811"><ele>89</ele></trkpt>
      <trkpt lat="51.601659" lon="-0.574533"><ele>87.75</ele></trkpt>
      <trkpt lat="51.601491" lon="-0.574248"><ele>87.25</ele></trkpt>
      <trkpt lat="51.601199" lon="-0.573856"><ele>86</ele></trkpt>
      <trkpt lat="51.600692" lon="-0.573641"><ele>88.75</ele></trkpt>
      <trkpt lat="51.599583" lon="-0.573697"><ele>88.5</ele></trkpt>
      <trkpt lat="51.599136" lon="-0.573232"><ele>89</ele></trkpt>
      <trkpt lat="51.599034" lon="-0.573053"><ele>88.75</ele></trkpt>
      <trkpt lat="51.598933" lon="-0.57296"><ele>88.5</ele></trkpt>
      <trkpt lat="51.598569" lon="-0.572801"><ele>87.75</ele></trkpt>
      <trkpt lat="51.598332" lon="-0.572453"><ele>85.75</ele></trkpt>
      <trkpt lat="51.597599" lon="-0.570645"><ele>89.75</ele></trkpt>
      <trkpt lat="51.597521" lon="-0.570403"><ele>90.5</ele></trkpt>
      <trkpt lat="51.597419" lon="-0.570189"><ele>90.5</ele></trkpt>
      <trkpt lat="51.597229" lon="-0.569919"><ele>90.25</ele></trkpt>
      <trkpt lat="51.597178" lon="-0.569819"><ele>90.25</ele></trkpt>
      <trkpt lat="51.597153" lon="-0.569701"><ele>90.5</ele></trkpt>
      <trkpt lat="51.597142" lon="-0.569564"><ele>90.25</ele></trkpt>
      <trkpt lat="51.597182" lon="-0.569273"><ele>90.5</ele></trkpt>
      <trkpt lat="51.597182" lon="-0.56912"><ele>90.5</ele></trkpt>
      <trkpt lat="51.597164" lon="-0.568966"><ele>90.5</ele></trkpt>
      <trkpt lat="51.596862" lon="-0.568375"><ele>89.5</ele></trkpt>
      <trkpt lat="51.596768" lon="-0.568203"><ele>89.5</ele></trkpt>
      <trkpt lat="51.596694" lon="-0.568072"><ele>89.75</ele></trkpt>
      <trkpt lat="51.596659" lon="-0.568115"><ele>89.75</ele></trkpt>
      <trkpt lat="51.596265" lon="-0.568312"><ele>89</ele></trkpt>
      <trkpt lat="51.596163" lon="-0.56834"><ele>88.75</ele></trkpt>
      <trkpt lat="51.596046" lon="-0.568324"><ele>89</ele></trkpt>
      <trkpt lat="51.595947" lon="-0.568276"><ele>89</ele></trkpt>
      <trkpt lat="51.595892" lon="-0.568217"><ele>89</ele></trkpt>
      <trkpt lat="51.595845" lon="-0.568142"><ele>89</ele></trkpt>
      <trkpt lat="51.595737" lon="-0.567608"><ele>88.25</ele></trkpt>
      <trkpt lat="51.595555" lon="-0.566796"><ele>87</ele></trkpt>
      <trkpt lat="51.595464" lon="-0.566352"><ele>87.5</ele></trkpt>
      <trkpt lat="51.595375" lon="-0.566098"><ele>87.25</ele></trkpt>
      <trkpt lat="51.595278" lon="-0.56588"><ele>87.75</ele></trkpt>
      <trkpt lat="51.595165" lon="-0.565692"><ele>87.75</ele></trkpt>
      <trkpt lat="51.595073" lon="-0.565743"><ele>87.5</ele></trkpt>
      <trkpt lat="51.594547" lon="-0.565732"><ele>87</ele></trkpt>
      <trkpt lat="51.594279" lon="-0.565658"><ele>87</ele></trkpt>
      <trkpt lat="51.594108" lon="-0.565589"><ele>87</ele></trkpt>
      <trkpt lat="51.593995" lon="-0.565494"><ele>87</ele></trkpt>
      <trkpt lat="51.593614" lon="-0.5651"><ele>86.25</ele></trkpt>
      <trkpt lat="51.593447" lon="-0.564854"><ele>85.5</ele></trkpt>
      <trkpt lat="51.593299" lon="-0.564708"><ele>85</ele></trkpt>
      <trkpt lat="51.593236" lon="-0.564678"><ele>83.75</ele></trkpt>
      <trkpt lat="51.593174" lon="-0.56467"><ele>82.5</ele></trkpt>
      <trkpt lat="51.593155" lon="-0.564575"><ele>83</ele></trkpt>
      <trkpt lat="51.592781" lon="-0.563636"><ele>85.5</ele></trkpt>
      <trkpt lat="51.592126" lon="-0.562"><ele>83.75</ele></trkpt>
      <trkpt lat="51.592064" lon="-0.561794"><ele>84.25</ele></trkpt>
      <trkpt lat="51.591574" lon="-0.560597"><ele>84.25</ele></trkpt>
      <trkpt lat="51.591482" lon="-0.559914"><ele>86.5</ele></trkpt>
      <trkpt lat="51.59143" lon="-0.559348"><ele>87</ele></trkpt>
      <trkpt lat="51.59102" lon="-0.558354"><ele>87.75</ele></trkpt>
      <trkpt lat="51.590679" lon="-0.557553"><ele>87.75</ele></trkpt>
      <trkpt lat="51.590671" lon="-0.557505"><ele>87.75</ele></trkpt>
      <trkpt lat="51.590679" lon="-0.557436"><ele>88</ele></trkpt>
      <trkpt lat="51.59065" lon="-0.557415"><ele>88</ele></trkpt>
      <trkpt lat="51.590319" lon="-0.556636"><ele>87</ele></trkpt>
      <trkpt lat="51.589824" lon="-0.555621"><ele>86.25</ele></trkpt>
      <trkpt lat="51.589744" lon="-0.555555"><ele>87</ele></trkpt>
      <trkpt lat="51.589697" lon="-0.555498"><ele>86.25</ele></trkpt>
      <trkpt lat="51.589524" lon="-0.555287"><ele>83.5</ele></trkpt>
      <trkpt lat="51.58927" lon="-0.555069"><ele>81.5</ele></trkpt>
      <trkpt lat="51.589188" lon="-0.554941"><ele>81.5</ele></trkpt>
      <trkpt lat="51.589119" lon="-0.554944"><ele>80</ele></trkpt>
      <trkpt lat="51.588816" lon="-0.554055"><ele>82</ele></trkpt>
      <trkpt lat="51.588715" lon="-0.553768"><ele>83</ele></trkpt>
      <trkpt lat="51.588641" lon="-0.553594"><ele>84.25</ele></trkpt>
      <trkpt lat="51.588579" lon="-0.553326"><ele>85</ele></trkpt>
      <trkpt lat="51.58855" lon="-0.553222"><ele>85.5</ele></trkpt>
      <trkpt lat="51.588533" lon="-0.553169"><ele>85.5</ele></trkpt>
      <trkpt lat="51.588507" lon="-0.553068"><ele>85.75</ele></trkpt>
      <trkpt lat="51.588492" lon="-0.552969"><ele>86</ele></trkpt>
      <trkpt lat="51.588573" lon="-0.552882"><ele>86</ele></trkpt>
      <trkpt lat="51.588742" lon="-0.55267"><ele>86</ele></trkpt>
      <trkpt lat="51.588764" lon="-0.552639"><ele>86</ele></trkpt>
      <trkpt lat="51.588955" lon="-0.552378"><ele>85.5</ele></trkpt>
      <trkpt lat="51.589205" lon="-0.552035"><ele>85</ele></trkpt>
      <trkpt lat="51.589309" lon="-0.551941"><ele>84.75</ele></trkpt>
      <trkpt lat="51.589211" lon="-0.551631"><ele>84.75</ele></trkpt>
      <trkpt lat="51.589098" lon="-0.551368"><ele>84.75</ele></trkpt>
      <trkpt lat="51.588792" lon="-0.550638"><ele>83.5</ele></trkpt>
      <trkpt lat="51.588766" lon="-0.550574"><ele>83.25</ele></trkpt>
      <trkpt lat="51.58845" lon="-0.549831"><ele>82.5</ele></trkpt>
      <trkpt lat="51.588311" lon="-0.549502"><ele>83</ele></trkpt>
      <trkpt lat="51.588195" lon="-0.549227"><ele>82.5</ele></trkpt>
      <trkpt lat="51.588156" lon="-0.549126"><ele>82.25</ele></trkpt>
      <trkpt lat="51.588067" lon="-0.548923"><ele>82</ele></trkpt>
      <trkpt lat="51.587924" lon="-0.548583"><ele>81.25</ele></trkpt>
      <trkpt lat="51.587909" lon="-0.548418"><ele>81</ele></trkpt>
      <trkpt lat="51.587853" lon="-0.548295"><ele>80.25</ele></trkpt>
      <trkpt lat="51.587706" lon="-0.548039"><ele>78.25</ele></trkpt>
      <trkpt lat="51.587382" lon="-0.547692"><ele>74</ele></trkpt>
      <trkpt lat="51.587269" lon="-0.547526"><ele>73</ele></trkpt>
      <trkpt lat="51.587238" lon="-0.547378"><ele>72</ele></trkpt>
      <trkpt lat="51.587202" lon="-0.546527"><ele>67.75</ele></trkpt>
      <trkpt lat="51.5872" lon="-0.545561"><ele>63.25</ele></trkpt>
      <trkpt lat="51.587255" lon="-0.54508"><ele>60.5</ele></trkpt>
      <trkpt lat="51.587371" lon="-0.544554"><ele>57</ele></trkpt>
      <trkpt lat="51.587547" lon="-0.543955"><ele>52.25</ele></trkpt>
      <trkpt lat="51.586686" lon="-0.543205"><ele>53.5</ele></trkpt>
      <trkpt lat="51.586273" lon="-0.542938"><ele>54</ele></trkpt>
      <trkpt lat="51.585504" lon="-0.542197"><ele>51.5</ele></trkpt>
      <trkpt lat="51.585413" lon="-0.542085"><ele>52</ele></trkpt>
      <trkpt lat="51.585292" lon="-0.541874"><ele>50.5</ele></trkpt>
      <trkpt lat="51.585201" lon="-0.541646"><ele>50.25</ele></trkpt>
      <trkpt lat="51.584628" lon="-0.541128"><ele>50.25</ele></trkpt>
      <trkpt lat="51.584706" lon="-0.540886"><ele>50</ele></trkpt>
      <trkpt lat="51.584797" lon="-0.540733"><ele>49.25</ele></trkpt>
      <trkpt lat="51.584797" lon="-0.539525"><ele>49</ele></trkpt>
      <trkpt lat="51.584803" lon="-0.539095"><ele>48.5</ele></trkpt>
      <trkpt lat="51.584867" lon="-0.53599"><ele>54</ele></trkpt>
      <trkpt lat="51.585101" lon="-0.535329"><ele>59.25</ele></trkpt>
      <trkpt lat="51.585386" lon="-0.534694"><ele>65.25</ele></trkpt>
      <trkpt lat="51.585381" lon="-0.534382"><ele>65.75</ele></trkpt>
      <trkpt lat="51.585346" lon="-0.533158"><ele>68</ele></trkpt>
      <trkpt lat="51.585333" lon="-0.533038"><ele>69.25</ele></trkpt>
      <trkpt lat="51.585316" lon="-0.532954"><ele>69.75</ele></trkpt>
      <trkpt lat="51.585292" lon="-0.532873"><ele>70.25</ele></trkpt>
      <trkpt lat="51.585262" lon="-0.532799"><ele>70.75</ele></trkpt>
      <trkpt lat="51.585106" lon="-0.5325"><ele>74</ele></trkpt>
      <trkpt lat="51.585053" lon="-0.532342"><ele>75</ele></trkpt>
      <trkpt lat="51.585048" lon="-0.531953"><ele>77.75</ele></trkpt>
      <trkpt lat="51.585058" lon="-0.531419"><ele>78</ele></trkpt>
      <trkpt lat="51.585005" lon="-0.53085"><ele>79</ele></trkpt>
      <trkpt lat="51.584775" lon="-0.52902"><ele>79</ele></trkpt>
      <trkpt lat="51.584811" lon="-0.528889"><ele>79</ele></trkpt>
      <trkpt lat="51.58484" lon="-0.528768"><ele>79</ele></trkpt>
      <trkpt lat="51.584861" lon="-0.528606"><ele>79</ele></trkpt>
      <trkpt lat="51.584989" lon="-0.528407"><ele>79</ele></trkpt>
      <trkpt lat="51.585177" lon="-0.528158"><ele>79</ele></trkpt>
      <trkpt lat="51.585356" lon="-0.527922"><ele>79</ele></trkpt>
      <trkpt lat="51.58538" lon="-0.527889"><ele>79</ele></trkpt>
      <trkpt lat="51.586102" lon="-0.52688"><ele>78.75</ele></trkpt>
      <trkpt lat="51.586208" lon="-0.526733"><ele>79</ele></trkpt>
      <trkpt lat="51.58657" lon="-0.526227"><ele>79</ele></trkpt>
      <trkpt lat="51.586971" lon="-0.52553"><ele>78</ele></trkpt>
      <trkpt lat="51.587123" lon="-0.525039"><ele>78</ele></trkpt>
      <trkpt lat="51.587231" lon="-0.524385"><ele>76.75</ele></trkpt>
      <trkpt lat="51.586758" lon="-0.524263"><ele>77</ele></trkpt>
      <trkpt lat="51.586485" lon="-0.523952"><ele>77</ele></trkpt>
      <trkpt lat="51.586238" lon="-0.523565"><ele>75.75</ele></trkpt>
      <trkpt lat="51.586054" lon="-0.523318"><ele>75</ele></trkpt>
      <trkpt lat="51.585885" lon="-0.523201"><ele>75.25</ele></trkpt>
      <trkpt lat="51.585478" lon="-0.5231"><ele>74.5</ele></trkpt>
      <trkpt lat="51.585138" lon="-0.522954"><ele>72.75</ele></trkpt>
      <trkpt lat="51.584927" lon="-0.522821"><ele>72.25</ele></trkpt>
      <trkpt lat="51.584645" lon="-0.522772"><ele>73.25</ele></trkpt>
      <trkpt lat="51.584138" lon="-0.522893"><ele>74.25</ele></trkpt>
      <trkpt lat="51.583656" lon="-0.522755"><ele>73.75</ele></trkpt>
      <trkpt lat="51.583287" lon="-0.522694"><ele>72.25</ele></trkpt>
      <trkpt lat="51.58311" lon="-0.522586"><ele>70.75</ele></trkpt>
      <trkpt lat="51.582994" lon="-0.522424"><ele>70</ele></trkpt>
      <trkpt lat="51.582948" lon="-0.522086"><ele>70</ele></trkpt>
      <trkpt lat="51.582875" lon="-0.522093"><ele>70</ele></trkpt>
      <trkpt lat="51.582832" lon="-0.522029"><ele>70</ele></trkpt>
      <trkpt lat="51.582822" lon="-0.521966"><ele>70</ele></trkpt>
      <trkpt lat="51.582804" lon="-0.521695"><ele>69.75</ele></trkpt>
      <trkpt lat="51.582773" lon="-0.521517"><ele>70</ele></trkpt>
      <trkpt lat="51.582724" lon="-0.521377"><ele>70</ele></trkpt>
      <trkpt lat="51.582625" lon="-0.521188"><ele>70</ele></trkpt>
      <trkpt lat="51.582576" lon="-0.52109"><ele>70.25</ele></trkpt>
      <trkpt lat="51.582475" lon="-0.520807"><ele>70</ele></trkpt>
      <trkpt lat="51.582304" lon="-0.520413"><ele>69.75</ele></trkpt>
      <trkpt lat="51.582199" lon="-0.520196"><ele>69.5</ele></trkpt>
      <trkpt lat="51.582122" lon="-0.520077"><ele>69.5</ele></trkpt>
      <trkpt lat="51.582035" lon="-0.519988"><ele>69.5</ele></trkpt>
      <trkpt lat="51.581948" lon="-0.51988"><ele>69.5</ele></trkpt>
      <trkpt lat="51.581862" lon="-0.519768"><ele>69.25</ele></trkpt>
      <trkpt lat="51.581826" lon="-0.519737"><ele>69.25</ele></trkpt>
      <trkpt lat="51.581834" lon="-0.519715"><ele>69.25</ele></trkpt>
      <trkpt lat="51.581858" lon="-0.519623"><ele>68.75</ele></trkpt>
      <trkpt lat="51.581576" lon="-0.519517"><ele>68.5</ele></trkpt>
      <trkpt lat="51.581392" lon="-0.519306"><ele>68</ele></trkpt>
      <trkpt lat="51.581174" lon="-0.518841"><ele>63.75</ele></trkpt>
      <trkpt lat="51.580969" lon="-0.518305"><ele>62.25</ele></trkpt>
      <trkpt lat="51.580893" lon="-0.517817"><ele>59.25</ele></trkpt>
      <trkpt lat="51.580866" lon="-0.517608"><ele>57.75</ele></trkpt>
      <trkpt lat="51.580819" lon="-0.517095"><ele>54.5</ele></trkpt>
      <trkpt lat="51.580796" lon="-0.517005"><ele>54.5</ele></trkpt>
      <trkpt lat="51.580748" lon="-0.51691"><ele>54.5</ele></trkpt>
      <trkpt lat="51.580721" lon="-0.51688"><ele>54.5</ele></trkpt>
      <trkpt lat="51.580658" lon="-0.516842"><ele>55</ele></trkpt>
      <trkpt lat="51.58058" lon="-0.516842"><ele>55.75</ele></trkpt>
      <trkpt lat="51.580452" lon="-0.516871"><ele>54.25</ele></trkpt>
      <trkpt lat="51.580382" lon="-0.516869"><ele>53.25</ele></trkpt>
      <trkpt lat="51.580356" lon="-0.516863"><ele>52.75</ele></trkpt>
      <trkpt lat="51.580299" lon="-0.516824"><ele>51.75</ele></trkpt>
      <trkpt lat="51.580255" lon="-0.51677"><ele>51</ele></trkpt>
      <trkpt lat="51.580203" lon="-0.516676"><ele>50</ele></trkpt>
      <trkpt lat="51.580148" lon="-0.51653"><ele>50</ele></trkpt>
      <trkpt lat="51.580083" lon="-0.516308"><ele>49.75</ele></trkpt>
      <trkpt lat="51.579954" lon="-0.515933"><ele>48.5</ele></trkpt>
      <trkpt lat="51.579802" lon="-0.515612"><ele>48.75</ele></trkpt>
      <trkpt lat="51.579856" lon="-0.515528"><ele>50</ele></trkpt>
      <trkpt lat="51.580228" lon="-0.515449"><ele>55.25</ele></trkpt>
      <trkpt lat="51.58008" lon="-0.513676"><ele>55</ele></trkpt>
      <trkpt lat="51.579792" lon="-0.511163"><ele>52.25</ele></trkpt>
      <trkpt lat="51.579427" lon="-0.507775"><ele>46</ele></trkpt>
      <trkpt lat="51.579433" lon="-0.507676"><ele>46.5</ele></trkpt>
      <trkpt lat="51.579387" lon="-0.507673"><ele>46.5</ele></trkpt>
      <trkpt lat="51.579279" lon="-0.507645"><ele>46.25</ele></trkpt>
      <trkpt lat="51.579156" lon="-0.507576"><ele>45.75</ele></trkpt>
      <trkpt lat="51.579023" lon="-0.507464"><ele>45.5</ele></trkpt>
      <trkpt lat="51.578905" lon="-0.507334"><ele>45.5</ele></trkpt>
      <trkpt lat="51.578808" lon="-0.507165"><ele>45.5</ele></trkpt>
      <trkpt lat="51.578619" lon="-0.50677"><ele>45</ele></trkpt>
      <trkpt lat="51.578458" lon="-0.506401"><ele>45</ele></trkpt>
      <trkpt lat="51.578144" lon="-0.50561"><ele>45</ele></trkpt>
      <trkpt lat="51.577999" lon="-0.505301"><ele>45</ele></trkpt>
      <trkpt lat="51.577882" lon="-0.505073"><ele>45</ele></trkpt>
      <trkpt lat="51.577766" lon="-0.50489"><ele>45</ele></trkpt>
      <trkpt lat="51.577642" lon="-0.504736"><ele>45</ele></trkpt>
      <trkpt lat="51.577883" lon="-0.504162"><ele>46</ele></trkpt>
      <trkpt lat="51.577878" lon="-0.503985"><ele>46</ele></trkpt>
      <trkpt lat="51.577825" lon="-0.503839"><ele>46</ele></trkpt>
      <trkpt lat="51.577725" lon="-0.503525"><ele>46</ele></trkpt>
      <trkpt lat="51.57765" lon="-0.502654"><ele>45.75</ele></trkpt>
      <trkpt lat="51.577657" lon="-0.50205"><ele>45.5</ele></trkpt>
      <trkpt lat="51.577828" lon="-0.501919"><ele>45.75</ele></trkpt>
      <trkpt lat="51.578052" lon="-0.50173"><ele>45</ele></trkpt>
      <trkpt lat="51.578742" lon="-0.501054"><ele>45.25</ele></trkpt>
      <trkpt lat="51.579233" lon="-0.500584"><ele>45.75</ele></trkpt>
      <trkpt lat="51.579153" lon="-0.499923"><ele>46</ele></trkpt>
      <trkpt lat="51.578887" lon="-0.497538"><ele>47.5</ele></trkpt>
      <trkpt lat="51.578875" lon="-0.497431"><ele>50.5</ele></trkpt>
      <trkpt lat="51.578887" lon="-0.497538"><ele>47.5</ele></trkpt>
      <trkpt lat="51.578824" lon="-0.497555"><ele>48</ele></trkpt>
      <trkpt lat="51.578827" lon="-0.497579"><ele>48.25</ele></trkpt>
      <trkpt lat="51.578842" lon="-0.497717"><ele>49.75</ele></trkpt>
      <trkpt lat="51.578819" lon="-0.497723"><ele>49.75</ele></trkpt>
      <trkpt lat="51.578803" lon="-0.497578"><ele>48.5</ele></trkpt>
      <trkpt lat="51.57896" lon="-0.497541"><ele>46.25</ele></trkpt>
      <trkpt lat="51.579057" lon="-0.497509"><ele>44.5</ele></trkpt>
      <trkpt lat="51.579254" lon="-0.497446"><ele>43</ele></trkpt>
      <trkpt lat="51.579765" lon="-0.49675"><ele>40.75</ele></trkpt>
      <trkpt lat="51.581111" lon="-0.49489"><ele>38</ele></trkpt>
      <trkpt lat="51.581246" lon="-0.495136"><ele>37.75</ele></trkpt>
      <trkpt lat="51.58154" lon="-0.495551"><ele>37.25</ele></trkpt>
      <trkpt lat="51.582088" lon="-0.496163"><ele>38.25</ele></trkpt>
      <trkpt lat="51.582288" lon="-0.495623"><ele>38</ele></trkpt>
      <trkpt lat="51.582466" lon="-0.495231"><ele>38</ele></trkpt>
      <trkpt lat="51.582762" lon="-0.494757"><ele>38</ele></trkpt>
      <trkpt lat="51.583515" lon="-0.493765"><ele>37</ele></trkpt>
      <trkpt lat="51.58381" lon="-0.493392"><ele>36.75</ele></trkpt>
      <trkpt lat="51.583998" lon="-0.493157"><ele>36.75</ele></trkpt>
      <trkpt lat="51.584091" lon="-0.493017"><ele>36.75</ele></trkpt>
      <trkpt lat="51.584122" lon="-0.492938"><ele>36.75</ele></trkpt>
      <trkpt lat="51.584402" lon="-0.492504"><ele>36.75</ele></trkpt>
      <trkpt lat="51.585141" lon="-0.490926"><ele>36.5</ele></trkpt>
      <trkpt lat="51.585539" lon="-0.490077"><ele>37</ele></trkpt>
      <trkpt lat="51.58568" lon="-0.489771"><ele>36.5</ele></trkpt>
      <trkpt lat="51.586343" lon="-0.488396"><ele>37</ele></trkpt>
      <trkpt lat="51.586412" lon="-0.488254"><ele>37</ele></trkpt>
      <trkpt lat="51.586687" lon="-0.487689"><ele>37</ele></trkpt>
      <trkpt lat="51.586791" lon="-0.487419"><ele>37</ele></trkpt>
      <trkpt lat="51.58698" lon="-0.486925"><ele>37</ele></trkpt>
      <trkpt lat="51.587216" lon="-0.486294"><ele>38.5</ele></trkpt>
      <trkpt lat="51.587266" lon="-0.486162"><ele>38</ele></trkpt>
      <trkpt lat="51.587391" lon="-0.485787"><ele>38</ele></trkpt>
      <trkpt lat="51.587823" lon="-0.484631"><ele>37</ele></trkpt>
      <trkpt lat="51.58795" lon="-0.484279"><ele>37.5</ele></trkpt>
      <trkpt lat="51.588291" lon="-0.483373"><ele>37</ele></trkpt>
      <trkpt lat="51.588259" lon="-0.483339"><ele>37</ele></trkpt>
      <trkpt lat="51.588518" lon="-0.482762"><ele>37.5</ele></trkpt>
      <trkpt lat="51.588728" lon="-0.482359"><ele>37.75</ele></trkpt>
      <trkpt lat="51.58876" lon="-0.482299"><ele>38.25</ele></trkpt>
      <trkpt lat="51.588787" lon="-0.482251"><ele>38.5</ele></trkpt>
      <trkpt lat="51.588798" lon="-0.482232"><ele>38.5</ele></trkpt>
      <trkpt lat="51.588838" lon="-0.482157"><ele>39</ele></trkpt>
      <trkpt lat="51.588988" lon="-0.481876"><ele>40</ele></trkpt>
      <trkpt lat="51.589141" lon="-0.481587"><ele>41.25</ele></trkpt>
      <trkpt lat="51.589218" lon="-0.481425"><ele>41.75</ele></trkpt>
      <trkpt lat="51.589173" lon="-0.481372"><ele>42</ele></trkpt>
      <trkpt lat="51.58923" lon="-0.481252"><ele>42.75</ele></trkpt>
      <trkpt lat="51.589303" lon="-0.481086"><ele>43.5</ele></trkpt>
      <trkpt lat="51.589375" lon="-0.480923"><ele>43.75</ele></trkpt>
      <trkpt lat="51.589375" lon="-0.480886"><ele>44</ele></trkpt>
      <trkpt lat="51.589391" lon="-0.48085"><ele>44</ele></trkpt>
      <trkpt lat="51.589476" lon="-0.480661"><ele>45.25</ele></trkpt>
      <trkpt lat="51.589557" lon="-0.48048"><ele>46.25</ele></trkpt>
      <trkpt lat="51.589564" lon="-0.480418"><ele>46.25</ele></trkpt>
      <trkpt lat="51.589547" lon="-0.480306"><ele>46.75</ele></trkpt>
      <trkpt lat="51.589409" lon="-0.480016"><ele>47</ele></trkpt>
      <trkpt lat="51.58938" lon="-0.479956"><ele>47.25</ele></trkpt>
      <trkpt lat="51.589351" lon="-0.479907"><ele>47.75</ele></trkpt>
      <trkpt lat="51.589252" lon="-0.47978"><ele>48</ele></trkpt>
      <trkpt lat="51.589149" lon="-0.479648"><ele>48.25</ele></trkpt>
      <trkpt lat="51.589124" lon="-0.479615"><ele>48.25</ele></trkpt>
      <trkpt lat="51.589169" lon="-0.479518"><ele>48.5</ele></trkpt>
      <trkpt lat="51.589036" lon="-0.479344"><ele>49.25</ele></trkpt>
      <trkpt lat="51.58801" lon="-0.478009"><ele>50</ele></trkpt>
      <trkpt lat="51.587883" lon="-0.477847"><ele>50</ele></trkpt>
      <trkpt lat="51.587801" lon="-0.477725"><ele>50.25</ele></trkpt>
      <trkpt lat="51.587688" lon="-0.477569"><ele>50.5</ele></trkpt>
      <trkpt lat="51.587641" lon="-0.477484"><ele>50.5</ele></trkpt>
      <trkpt lat="51.587514" lon="-0.477262"><ele>50.75</ele></trkpt>
      <trkpt lat="51.586549" lon="-0.475301"><ele>49</ele></trkpt>
      <trkpt lat="51.586394" lon="-0.475002"><ele>48</ele></trkpt>
      <trkpt lat="51.586183" lon="-0.474666"><ele>47.75</ele></trkpt>
      <trkpt lat="51.585878" lon="-0.474203"><ele>46.25</ele></trkpt>
      <trkpt lat="51.585435" lon="-0.473557"><ele>45.5</ele></trkpt>
      <trkpt lat="51.584854" lon="-0.472709"><ele>46</ele></trkpt>
      <trkpt lat="51.58465" lon="-0.472411"><ele>46.25</ele></trkpt>
      <trkpt lat="51.584209" lon="-0.471797"><ele>47.5</ele></trkpt>
      <trkpt lat="51.583938" lon="-0.471419"><ele>48</ele></trkpt>
      <trkpt lat="51.583892" lon="-0.471355"><ele>48</ele></trkpt>
      <trkpt lat="51.583482" lon="-0.470977"><ele>48</ele></trkpt>
      <trkpt lat="51.583276" lon="-0.470863"><ele>48.75</ele></trkpt>
      <trkpt lat="51.583112" lon="-0.470804"><ele>49</ele></trkpt>
      <trkpt lat="51.583142" lon="-0.470598"><ele>49.25</ele></trkpt>
      <trkpt lat="51.583132" lon="-0.470508"><ele>49.25</ele></trkpt>
      <trkpt lat="51.58311" lon="-0.470442"><ele>49.5</ele></trkpt>
      <trkpt lat="51.582935" lon="-0.470183"><ele>50</ele></trkpt>
      <trkpt lat="51.582815" lon="-0.470055"><ele>50</ele></trkpt>
      <trkpt lat="51.582742" lon="-0.469977"><ele>50</ele></trkpt>
      <trkpt lat="51.582585" lon="-0.469814"><ele>49.5</ele></trkpt>
      <trkpt lat="51.582397" lon="-0.46955"><ele>48.75</ele></trkpt>
      <trkpt lat="51.582257" lon="-0.469292"><ele>48</ele></trkpt>
      <trkpt lat="51.582105" lon="-0.468979"><ele>47.5</ele></trkpt>
      <trkpt lat="51.582019" lon="-0.468713"><ele>46.5</ele></trkpt>
      <trkpt lat="51.581979" lon="-0.468591"><ele>46</ele></trkpt>
      <trkpt lat="51.581676" lon="-0.467198"><ele>42</ele></trkpt>
      <trkpt lat="51.581435" lon="-0.466124"><ele>41</ele></trkpt>
      <trkpt lat="51.581336" lon="-0.465686"><ele>41.5</ele></trkpt>
      <trkpt lat="51.581235" lon="-0.465326"><ele>42.75</ele></trkpt>
      <trkpt lat="51.581027" lon="-0.464518"><ele>43.75</ele></trkpt>
      <trkpt lat="51.580831" lon="-0.463759"><ele>45.25</ele></trkpt>
      <trkpt lat="51.58079" lon="-0.462509"><ele>49</ele></trkpt>
      <trkpt lat="51.580778" lon="-0.461663"><ele>51.25</ele></trkpt>
      <trkpt lat="51.580763" lon="-0.461317"><ele>52.25</ele></trkpt>
      <trkpt lat="51.580685" lon="-0.460877"><ele>53.25</ele></trkpt>
      <trkpt lat="51.580593" lon="-0.460416"><ele>54.25</ele></trkpt>
      <trkpt lat="51.580554" lon="-0.460026"><ele>55</ele></trkpt>
      <trkpt lat="51.580184" lon="-0.459928"><ele>57.5</ele></trkpt>
      <trkpt lat="51.578776" lon="-0.459244"><ele>70.5</ele></trkpt>
      <trkpt lat="51.578515" lon="-0.459094"><ele>71</ele></trkpt>
      <trkpt lat="51.578292" lon="-0.458891"><ele>70.75</ele></trkpt>
      <trkpt lat="51.5781" lon="-0.458582"><ele>69.25</ele></trkpt>
      <trkpt lat="51.57795" lon="-0.458088"><ele>68.25</ele></trkpt>
      <trkpt lat="51.577789" lon="-0.457738"><ele>66</ele></trkpt>
      <trkpt lat="51.57757" lon="-0.457393"><ele>63.25</ele></trkpt>
      <trkpt lat="51.576846" lon="-0.45682"><ele>57</ele></trkpt>
      <trkpt lat="51.576209" lon="-0.456491"><ele>53.75</ele></trkpt>
      <trkpt lat="51.575638" lon="-0.456026"><ele>50</ele></trkpt>
      <trkpt lat="51.574838" lon="-0.455258"><ele>45.25</ele></trkpt>
      <trkpt lat="51.574459" lon="-0.454787"><ele>44</ele></trkpt>
      <trkpt lat="51.574594" lon="-0.453551"><ele>42.75</ele></trkpt>
      <trkpt lat="51.574589" lon="-0.453379"><ele>42</ele></trkpt>
      <trkpt lat="51.574554" lon="-0.45324"><ele>41.75</ele></trkpt>
      <trkpt lat="51.574457" lon="-0.453026"><ele>41</ele></trkpt>
      <trkpt lat="51.574442" lon="-0.453063"><ele>41</ele></trkpt>
      <trkpt lat="51.574355" lon="-0.453092"><ele>41</ele></trkpt>
      <trkpt lat="51.574157" lon="-0.453497"><ele>41.5</ele></trkpt>
      <trkpt lat="51.574088" lon="-0.453608"><ele>41.25</ele></trkpt>
      <trkpt lat="51.574001" lon="-0.45373"><ele>40.75</ele></trkpt>
      <trkpt lat="51.573565" lon="-0.454534"><ele>40.75</ele></trkpt>
      <trkpt lat="51.573522" lon="-0.454595"><ele>41.25</ele></trkpt>
      <trkpt lat="51.573451" lon="-0.45465"><ele>41</ele></trkpt>
      <trkpt lat="51.573324" lon="-0.454756"><ele>40</ele></trkpt>
      <trkpt lat="51.573266" lon="-0.454853"><ele>40.5</ele></trkpt>
      <trkpt lat="51.57323" lon="-0.454797"><ele>40</ele></trkpt>
      <trkpt lat="51.572868" lon="-0.452601"><ele>39</ele></trkpt>
      <trkpt lat="51.572857" lon="-0.452465"><ele>38.75</ele></trkpt>
      <trkpt lat="51.572859" lon="-0.452262"><ele>38.25</ele></trkpt>
      <trkpt lat="51.572851" lon="-0.452204"><ele>38.25</ele></trkpt>
      <trkpt lat="51.572823" lon="-0.452139"><ele>38.5</ele></trkpt>
      <trkpt lat="51.572791" lon="-0.452053"><ele>38.75</ele></trkpt>
      <trkpt lat="51.572764" lon="-0.451933"><ele>39</ele></trkpt>
      <trkpt lat="51.572745" lon="-0.451239"><ele>40.5</ele></trkpt>
      <trkpt lat="51.572713" lon="-0.451065"><ele>41.25</ele></trkpt>
      <trkpt lat="51.572664" lon="-0.450798"><ele>42</ele></trkpt>
      <trkpt lat="51.572583" lon="-0.450447"><ele>42.5</ele></trkpt>
      <trkpt lat="51.572383" lon="-0.449022"><ele>44</ele></trkpt>
      <trkpt lat="51.572385" lon="-0.448756"><ele>44.25</ele></trkpt>
      <trkpt lat="51.572429" lon="-0.448504"><ele>44.75</ele></trkpt>
      <trkpt lat="51.572388" lon="-0.44838"><ele>44.5</ele></trkpt>
      <trkpt lat="51.572298" lon="-0.448292"><ele>44.25</ele></trkpt>
      <trkpt lat="51.572204" lon="-0.448164"><ele>44</ele></trkpt>
      <trkpt lat="51.572156" lon="-0.448002"><ele>44</ele></trkpt>
      <trkpt lat="51.572245" lon="-0.447507"><ele>44</ele></trkpt>
      <trkpt lat="51.571978" lon="-0.446957"><ele>44</ele></trkpt>
      <trkpt lat="51.571487" lon="-0.446133"><ele>43</ele></trkpt>
      <trkpt lat="51.571247" lon="-0.445888"><ele>43</ele></trkpt>
      <trkpt lat="51.571132" lon="-0.445721"><ele>43</ele></trkpt>
      <trkpt lat="51.570531" lon="-0.44497"><ele>43</ele></trkpt>
      <trkpt lat="51.570462" lon="-0.444628"><ele>43</ele></trkpt>
      <trkpt lat="51.570527" lon="-0.444501"><ele>43</ele></trkpt>
      <trkpt lat="51.570928" lon="-0.444031"><ele>42.25</ele></trkpt>
      <trkpt lat="51.570863" lon="-0.443816"><ele>42</ele></trkpt>
      <trkpt lat="51.570768" lon="-0.443386"><ele>42</ele></trkpt>
      <trkpt lat="51.570748" lon="-0.44327"><ele>42</ele></trkpt>
      <trkpt lat="51.570723" lon="-0.443044"><ele>42</ele></trkpt>
      <trkpt lat="51.570711" lon="-0.44295"><ele>42</ele></trkpt>
      <trkpt lat="51.570709" lon="-0.442937"><ele>42</ele></trkpt>
      <trkpt lat="51.570692" lon="-0.442831"><ele>42.25</ele></trkpt>
      <trkpt lat="51.570648" lon="-0.442579"><ele>42.5</ele></trkpt>
      <trkpt lat="51.570594" lon="-0.442389"><ele>42.75</ele></trkpt>
      <trkpt lat="51.570129" lon="-0.441314"><ele>44</ele></trkpt>
      <trkpt lat="51.569061" lon="-0.44038"><ele>45</ele></trkpt>
      <trkpt lat="51.569022" lon="-0.440332"><ele>45</ele></trkpt>
      <trkpt lat="51.568694" lon="-0.439826"><ele>45.5</ele></trkpt>
      <trkpt lat="51.568778" lon="-0.439706"><ele>46</ele></trkpt>
      <trkpt lat="51.56945" lon="-0.438665"><ele>48.75</ele></trkpt>
      <trkpt lat="51.569661" lon="-0.438297"><ele>49</ele></trkpt>
      <trkpt lat="51.569829" lon="-0.437986"><ele>49</ele></trkpt>
      <trkpt lat="51.569819" lon="-0.437972"><ele>49</ele></trkpt>
      <trkpt lat="51.569803" lon="-0.437951"><ele>49.25</ele></trkpt>
      <trkpt lat="51.569916" lon="-0.437734"><ele>49.25</ele></trkpt>
      <trkpt lat="51.569909" lon="-0.437725"><ele>49.25</ele></trkpt>
      <trkpt lat="51.569892" lon="-0.437703"><ele>49.25</ele></trkpt>
      <trkpt lat="51.569862" lon="-0.437661"><ele>49.25</ele></trkpt>
      <trkpt lat="51.569784" lon="-0.437806"><ele>49.5</ele></trkpt>
      <trkpt lat="51.569862" lon="-0.437661"><ele>49.5</ele></trkpt>
      <trkpt lat="51.569923" lon="-0.437545"><ele>49.75</ele></trkpt>
      <trkpt lat="51.569996" lon="-0.437403"><ele>49.75</ele></trkpt>
      <trkpt lat="51.570227" lon="-0.436951"><ele>48.5</ele></trkpt>
      <trkpt lat="51.570456" lon="-0.436469"><ele>47.75</ele></trkpt>
      <trkpt lat="51.570461" lon="-0.436427"><ele>47.75</ele></trkpt>
      <trkpt lat="51.570494" lon="-0.43636"><ele>48</ele></trkpt>
      <trkpt lat="51.570537" lon="-0.436274"><ele>48</ele></trkpt>
      <trkpt lat="51.570557" lon="-0.436234"><ele>47.75</ele></trkpt>
      <trkpt lat="51.570586" lon="-0.43618"><ele>47.75</ele></trkpt>
      <trkpt lat="51.570619" lon="-0.436119"><ele>47.75</ele></trkpt>
      <trkpt lat="51.570642" lon="-0.436096"><ele>48</ele></trkpt>
      <trkpt lat="51.570677" lon="-0.436031"><ele>48</ele></trkpt>
      <trkpt lat="51.57075" lon="-0.435893"><ele>48</ele></trkpt>
      <trkpt lat="51.570756" lon="-0.435824"><ele>48</ele></trkpt>
      <trkpt lat="51.57078" lon="-0.43578"><ele>47.75</ele></trkpt>
      <trkpt lat="51.570843" lon="-0.435678"><ele>47.75</ele></trkpt>
      <trkpt lat="51.570892" lon="-0.435594"><ele>48</ele></trkpt>
      <trkpt lat="51.570933" lon="-0.435524"><ele>48</ele></trkpt>
      <trkpt lat="51.570978" lon="-0.435449"><ele>48.25</ele></trkpt>
      <trkpt lat="51.571016" lon="-0.435387"><ele>48.5</ele></trkpt>
      <trkpt lat="51.571051" lon="-0.43532"><ele>48.75</ele></trkpt>
      <trkpt lat="51.571074" lon="-0.435275"><ele>49</ele></trkpt>
      <trkpt lat="51.57109" lon="-0.435251"><ele>49</ele></trkpt>
      <trkpt lat="51.571117" lon="-0.435243"><ele>49</ele></trkpt>
      <trkpt lat="51.571139" lon="-0.435228"><ele>49</ele></trkpt>
      <trkpt lat="51.571168" lon="-0.435169"><ele>48.75</ele></trkpt>
      <trkpt lat="51.571242" lon="-0.435015"><ele>49</ele></trkpt>
      <trkpt lat="51.571264" lon="-0.434934"><ele>49</ele></trkpt>
      <trkpt lat="51.571386" lon="-0.434352"><ele>50.25</ele></trkpt>
      <trkpt lat="51.571387" lon="-0.434292"><ele>50.5</ele></trkpt>
      <trkpt lat="51.57141" lon="-0.434194"><ele>50.75</ele></trkpt>
      <trkpt lat="51.571436" lon="-0.434079"><ele>51</ele></trkpt>
      <trkpt lat="51.571455" lon="-0.434037"><ele>51</ele></trkpt>
      <trkpt lat="51.571536" lon="-0.433706"><ele>51.75</ele></trkpt>
      <trkpt lat="51.571702" lon="-0.433146"><ele>52.75</ele></trkpt>
      <trkpt lat="51.571754" lon="-0.432927"><ele>53.25</ele></trkpt>
      <trkpt lat="51.571785" lon="-0.432755"><ele>54</ele></trkpt>
      <trkpt lat="51.571888" lon="-0.431904"><ele>55</ele></trkpt>
      <trkpt lat="51.57199" lon="-0.431361"><ele>56</ele></trkpt>
      <trkpt lat="51.572009" lon="-0.431282"><ele>56.25</ele></trkpt>
      <trkpt lat="51.572024" lon="-0.431207"><ele>56.25</ele></trkpt>
      <trkpt lat="51.572019" lon="-0.431158"><ele>56.5</ele></trkpt>
      <trkpt lat="51.572004" lon="-0.431122"><ele>56.75</ele></trkpt>
      <trkpt lat="51.572016" lon="-0.431081"><ele>56.75</ele></trkpt>
      <trkpt lat="51.571917" lon="-0.430975"><ele>57</ele></trkpt>
      <trkpt lat="51.571855" lon="-0.430901"><ele>57.25</ele></trkpt>
      <trkpt lat="51.571706" lon="-0.43066"><ele>58.25</ele></trkpt>
      <trkpt lat="51.571508" lon="-0.430335"><ele>59.25</ele></trkpt>
      <trkpt lat="51.57145" lon="-0.430206"><ele>59.75</ele></trkpt>
      <trkpt lat="51.57142" lon="-0.430115"><ele>59.75</ele></trkpt>
      <trkpt lat="51.571316" lon="-0.429767"><ele>60.25</ele></trkpt>
      <trkpt lat="51.571223" lon="-0.429423"><ele>59.75</ele></trkpt>
      <trkpt lat="51.571173" lon="-0.429207"><ele>59.25</ele></trkpt>
      <trkpt lat="51.571143" lon="-0.429025"><ele>58.5</ele></trkpt>
      <trkpt lat="51.571122" lon="-0.428842"><ele>57.75</ele></trkpt>
      <trkpt lat="51.571095" lon="-0.428353"><ele>56</ele></trkpt>
      <trkpt lat="51.571059" lon="-0.427409"><ele>52.75</ele></trkpt>
      <trkpt lat="51.571048" lon="-0.426518"><ele>50.25</ele></trkpt>
      <trkpt lat="51.571041" lon="-0.426339"><ele>50</ele></trkpt>
      <trkpt lat="51.571021" lon="-0.426107"><ele>49.75</ele></trkpt>
      <trkpt lat="51.570973" lon="-0.425746"><ele>49</ele></trkpt>
      <trkpt lat="51.570949" lon="-0.425593"><ele>49</ele></trkpt>
      <trkpt lat="51.570908" lon="-0.425332"><ele>48</ele></trkpt>
      <trkpt lat="51.570872" lon="-0.425069"><ele>48</ele></trkpt>
      <trkpt lat="51.570859" lon="-0.42489"><ele>48.25</ele></trkpt>
      <trkpt lat="51.570861" lon="-0.424788"><ele>48.5</ele></trkpt>
      <trkpt lat="51.570798" lon="-0.424503"><ele>47.75</ele></trkpt>
      <trkpt lat="51.570753" lon="-0.424335"><ele>47.25</ele></trkpt>
      <trkpt lat="51.570703" lon="-0.424187"><ele>47.25</ele></trkpt>
      <trkpt lat="51.570629" lon="-0.424012"><ele>47.5</ele></trkpt>
      <trkpt lat="51.570542" lon="-0.423833"><ele>47.75</ele></trkpt>
      <trkpt lat="51.570484" lon="-0.423733"><ele>47.75</ele></trkpt>
      <trkpt lat="51.570409" lon="-0.423641"><ele>47.75</ele></trkpt>
      <trkpt lat="51.570343" lon="-0.423578"><ele>47.75</ele></trkpt>
      <trkpt lat="51.570234" lon="-0.42351"><ele>47</ele></trkpt>
      <trkpt lat="51.569982" lon="-0.423393"><ele>46.5</ele></trkpt>
      <trkpt lat="51.569924" lon="-0.42335"><ele>46.5</ele></trkpt>
      <trkpt lat="51.569873" lon="-0.423285"><ele>46.25</ele></trkpt>
      <trkpt lat="51.569831" lon="-0.423351"><ele>46.25</ele></trkpt>
      <trkpt lat="51.56976" lon="-0.423256"><ele>46</ele></trkpt>
      <trkpt lat="51.569727" lon="-0.423225"><ele>46</ele></trkpt>
      <trkpt lat="51.569662" lon="-0.423222"><ele>46</ele></trkpt>
      <trkpt lat="51.569567" lon="-0.4232"><ele>46</ele></trkpt>
      <trkpt lat="51.569452" lon="-0.423146"><ele>45.75</ele></trkpt>
      <trkpt lat="51.56925" lon="-0.423037"><ele>46</ele></trkpt>
      <trkpt lat="51.569165" lon="-0.422975"><ele>46</ele></trkpt>
      <trkpt lat="51.569132" lon="-0.422951"><ele>46</ele></trkpt>
      <trkpt lat="51.569103" lon="-0.422938"><ele>46</ele></trkpt>
      <trkpt lat="51.568876" lon="-0.422829"><ele>46</ele></trkpt>
      <trkpt lat="51.568807" lon="-0.422795"><ele>46</ele></trkpt>
      <trkpt lat="51.568774" lon="-0.422775"><ele>46</ele></trkpt>
      <trkpt lat="51.568713" lon="-0.422739"><ele>46</ele></trkpt>
      <trkpt lat="51.568581" lon="-0.422631"><ele>46</ele></trkpt>
      <trkpt lat="51.568484" lon="-0.422506"><ele>46</ele></trkpt>
      <trkpt lat="51.568402" lon="-0.422355"><ele>46</ele></trkpt>
      <trkpt lat="51.568363" lon="-0.422206"><ele>45.75</ele></trkpt>
      <trkpt lat="51.568357" lon="-0.422113"><ele>45.5</ele></trkpt>
      <trkpt lat="51.568317" lon="-0.422006"><ele>45</ele></trkpt>
      <trkpt lat="51.568318" lon="-0.421873"><ele>45</ele></trkpt>
      <trkpt lat="51.568347" lon="-0.421285"><ele>44.5</ele></trkpt>
      <trkpt lat="51.568347" lon="-0.420894"><ele>44</ele></trkpt>
      <trkpt lat="51.568328" lon="-0.42063"><ele>43.75</ele></trkpt>
      <trkpt lat="51.568286" lon="-0.42038"><ele>43.25</ele></trkpt>
      <trkpt lat="51.568224" lon="-0.420207"><ele>43</ele></trkpt>
      <trkpt lat="51.568154" lon="-0.420071"><ele>43</ele></trkpt>
      <trkpt lat="51.567751" lon="-0.419476"><ele>41.75</ele></trkpt>
      <trkpt lat="51.567458" lon="-0.419162"><ele>40.75</ele></trkpt>
      <trkpt lat="51.567193" lon="-0.418859"><ele>39.75</ele></trkpt>
      <trkpt lat="51.566972" lon="-0.418622"><ele>39</ele></trkpt>
      <trkpt lat="51.566602" lon="-0.418182"><ele>39</ele></trkpt>
      <trkpt lat="51.566509" lon="-0.418084"><ele>39</ele></trkpt>
      <trkpt lat="51.56589" lon="-0.417348"><ele>38</ele></trkpt>
      <trkpt lat="51.565749" lon="-0.417184"><ele>38</ele></trkpt>
      <trkpt lat="51.565651" lon="-0.417072"><ele>38</ele></trkpt>
      <trkpt lat="51.565612" lon="-0.417028"><ele>38</ele></trkpt>
      <trkpt lat="51.565551" lon="-0.416955"><ele>38</ele></trkpt>
      <trkpt lat="51.565353" lon="-0.416708"><ele>38</ele></trkpt>
      <trkpt lat="51.565163" lon="-0.416497"><ele>38</ele></trkpt>
      <trkpt lat="51.565077" lon="-0.416351"><ele>38</ele></trkpt>
      <trkpt lat="51.565005" lon="-0.416206"><ele>38</ele></trkpt>
      <trkpt lat="51.564926" lon="-0.415926"><ele>37.5</ele></trkpt>
      <trkpt lat="51.56482" lon="-0.41568"><ele>37.25</ele></trkpt>
      <trkpt lat="51.564754" lon="-0.415559"><ele>37</ele></trkpt>
      <trkpt lat="51.564723" lon="-0.415502"><ele>37</ele></trkpt>
      <trkpt lat="51.564678" lon="-0.415419"><ele>37</ele></trkpt>
      <trkpt lat="51.564214" lon="-0.41497"><ele>37</ele></trkpt>
      <trkpt lat="51.564004" lon="-0.414807"><ele>37</ele></trkpt>
      <trkpt lat="51.563554" lon="-0.41448"><ele>37</ele></trkpt>
      <trkpt lat="51.563512" lon="-0.414444"><ele>37</ele></trkpt>
      <trkpt lat="51.563466" lon="-0.414415"><ele>36.75</ele></trkpt>
      <trkpt lat="51.563285" lon="-0.41427"><ele>37</ele></trkpt>
      <trkpt lat="51.563197" lon="-0.4142"><ele>37</ele></trkpt>
      <trkpt lat="51.562933" lon="-0.413989"><ele>37</ele></trkpt>
      <trkpt lat="51.562618" lon="-0.413735"><ele>37</ele></trkpt>
      <trkpt lat="51.562067" lon="-0.413264"><ele>37.75</ele></trkpt>
      <trkpt lat="51.561756" lon="-0.412958"><ele>39.25</ele></trkpt>
      <trkpt lat="51.561293" lon="-0.412483"><ele>36</ele></trkpt>
      <trkpt lat="51.56125" lon="-0.412455"><ele>36.25</ele></trkpt>
      <trkpt lat="51.561258" lon="-0.412378"><ele>36.75</ele></trkpt>
      <trkpt lat="51.561234" lon="-0.412282"><ele>37.25</ele></trkpt>
      <trkpt lat="51.561162" lon="-0.412187"><ele>36.75</ele></trkpt>
      <trkpt lat="51.561066" lon="-0.412033"><ele>37.25</ele></trkpt>
      <trkpt lat="51.560879" lon="-0.411789"><ele>37.5</ele></trkpt>
      <trkpt lat="51.560851" lon="-0.411751"><ele>37</ele></trkpt>
      <trkpt lat="51.560821" lon="-0.411706"><ele>37</ele></trkpt>
      <trkpt lat="51.560684" lon="-0.411495"><ele>37</ele></trkpt>
      <trkpt lat="51.560501" lon="-0.411235"><ele>36.75</ele></trkpt>
      <trkpt lat="51.559949" lon="-0.410554"><ele>37</ele></trkpt>
      <trkpt lat="51.558923" lon="-0.409454"><ele>39.75</ele></trkpt>
      <trkpt lat="51.558905" lon="-0.409434"><ele>39.75</ele></trkpt>
      <trkpt lat="51.558775" lon="-0.409288"><ele>40.25</ele></trkpt>
      <trkpt lat="51.558765" lon="-0.409277"><ele>40.25</ele></trkpt>
      <trkpt lat="51.558605" lon="-0.409092"><ele>41</ele></trkpt>
      <trkpt lat="51.558565" lon="-0.40904"><ele>41</ele></trkpt>
      <trkpt lat="51.558336" lon="-0.40876"><ele>41.75</ele></trkpt>
      <trkpt lat="51.558194" lon="-0.408591"><ele>42</ele></trkpt>
      <trkpt lat="51.557968" lon="-0.408323"><ele>42.25</ele></trkpt>
      <trkpt lat="51.557908" lon="-0.408245"><ele>42.5</ele></trkpt>
      <trkpt lat="51.557254" lon="-0.407447"><ele>43.75</ele></trkpt>
      <trkpt lat="51.557287" lon="-0.407378"><ele>43.75</ele></trkpt>
      <trkpt lat="51.556758" lon="-0.406756"><ele>44</ele></trkpt>
      <trkpt lat="51.556383" lon="-0.406318"><ele>43.75</ele></trkpt>
      <trkpt lat="51.555705" lon="-0.405518"><ele>41.5</ele></trkpt>
      <trkpt lat="51.555679" lon="-0.405432"><ele>41.25</ele></trkpt>
      <trkpt lat="51.55559" lon="-0.405335"><ele>41</ele></trkpt>
      <trkpt lat="51.555486" lon="-0.405235"><ele>40.5</ele></trkpt>
      <trkpt lat="51.555447" lon="-0.405222"><ele>40.5</ele></trkpt>
      <trkpt lat="51.555218" lon="-0.405011"><ele>39.75</ele></trkpt>
      <trkpt lat="51.555174" lon="-0.404964"><ele>39.5</ele></trkpt>
      <trkpt lat="51.555181" lon="-0.404945"><ele>39.5</ele></trkpt>
      <trkpt lat="51.555568" lon="-0.403981"><ele>40</ele></trkpt>
      <trkpt lat="51.555495" lon="-0.403898"><ele>39.75</ele></trkpt>
      <trkpt lat="51.555518" lon="-0.403851"><ele>39.75</ele></trkpt>
      <trkpt lat="51.55519" lon="-0.403508"><ele>38.5</ele></trkpt>
      <trkpt lat="51.555097" lon="-0.403352"><ele>38.25</ele></trkpt>
      <trkpt lat="51.555018" lon="-0.403093"><ele>38</ele></trkpt>
      <trkpt lat="51.554968" lon="-0.402748"><ele>37.75</ele></trkpt>
      <trkpt lat="51.554975" lon="-0.402656"><ele>37.75</ele></trkpt>
      <trkpt lat="51.555023" lon="-0.402629"><ele>38</ele></trkpt>
      <trkpt lat="51.555079" lon="-0.402579"><ele>38</ele></trkpt>
      <trkpt lat="51.555119" lon="-0.402531"><ele>38</ele></trkpt>
      <trkpt lat="51.555154" lon="-0.402471"><ele>38</ele></trkpt>
      <trkpt lat="51.555169" lon="-0.402431"><ele>38</ele></trkpt>
      <trkpt lat="51.555193" lon="-0.402366"><ele>38</ele></trkpt>
      <trkpt lat="51.555214" lon="-0.402266"><ele>38</ele></trkpt>
      <trkpt lat="51.555233" lon="-0.402074"><ele>38</ele></trkpt>
      <trkpt lat="51.555225" lon="-0.401992"><ele>38</ele></trkpt>
      <trkpt lat="51.555202" lon="-0.401914"><ele>37.75</ele></trkpt>
      <trkpt lat="51.55513" lon="-0.401726"><ele>37.5</ele></trkpt>
      <trkpt lat="51.555069" lon="-0.401645"><ele>37</ele></trkpt>
      <trkpt lat="51.555071" lon="-0.401589"><ele>37.25</ele></trkpt>
      <trkpt lat="51.555152" lon="-0.401388"><ele>37.5</ele></trkpt>
      <trkpt lat="51.555595" lon="-0.400295"><ele>37</ele></trkpt>
      <trkpt lat="51.555675" lon="-0.400096"><ele>37</ele></trkpt>
      <trkpt lat="51.55575" lon="-0.399912"><ele>37</ele></trkpt>
      <trkpt lat="51.555777" lon="-0.399861"><ele>37</ele></trkpt>
      <trkpt lat="51.555804" lon="-0.399831"><ele>37</ele></trkpt>
      <trkpt lat="51.555879" lon="-0.399853"><ele>37</ele></trkpt>
      <trkpt lat="51.556116" lon="-0.399481"><ele>38</ele></trkpt>
      <trkpt lat="51.556468" lon="-0.398846"><ele>38.25</ele></trkpt>
      <trkpt lat="51.556444" lon="-0.398709"><ele>37.75</ele></trkpt>
      <trkpt lat="51.556458" lon="-0.398609"><ele>37.75</ele></trkpt>
      <trkpt lat="51.556486" lon="-0.398545"><ele>38.25</ele></trkpt>
      <trkpt lat="51.556467" lon="-0.398515"><ele>38</ele></trkpt>
      <trkpt lat="51.556495" lon="-0.398469"><ele>38.5</ele></trkpt>
      <trkpt lat="51.556905" lon="-0.397731"><ele>37.5</ele></trkpt>
      <trkpt lat="51.557018" lon="-0.39754"><ele>37.25</ele></trkpt>
      <trkpt lat="51.557047" lon="-0.397491"><ele>37.25</ele></trkpt>
      <trkpt lat="51.557148" lon="-0.397298"><ele>37.5</ele></trkpt>
      <trkpt lat="51.557302" lon="-0.396982"><ele>37.25</ele></trkpt>
      <trkpt lat="51.557517" lon="-0.396563"><ele>37</ele></trkpt>
      <trkpt lat="51.557545" lon="-0.396443"><ele>37</ele></trkpt>
      <trkpt lat="51.557577" lon="-0.396325"><ele>37</ele></trkpt>
      <trkpt lat="51.557579" lon="-0.396253"><ele>37</ele></trkpt>
      <trkpt lat="51.55757" lon="-0.396091"><ele>37</ele></trkpt>
      <trkpt lat="51.557562" lon="-0.396021"><ele>37</ele></trkpt>
      <trkpt lat="51.557555" lon="-0.395967"><ele>37</ele></trkpt>
      <trkpt lat="51.557524" lon="-0.395802"><ele>37</ele></trkpt>
      <trkpt lat="51.557479" lon="-0.395714"><ele>37</ele></trkpt>
      <trkpt lat="51.557178" lon="-0.395295"><ele>36</ele></trkpt>
      <trkpt lat="51.557085" lon="-0.395153"><ele>36</ele></trkpt>
      <trkpt lat="51.556976" lon="-0.394977"><ele>36</ele></trkpt>
      <trkpt lat="51.556797" lon="-0.394645"><ele>36</ele></trkpt>
      <trkpt lat="51.556716" lon="-0.394474"><ele>36</ele></trkpt>
      <trkpt lat="51.556623" lon="-0.394264"><ele>35.25</ele></trkpt>
      <trkpt lat="51.556517" lon="-0.393977"><ele>35</ele></trkpt>
      <trkpt lat="51.556442" lon="-0.393732"><ele>35</ele></trkpt>
      <trkpt lat="51.556372" lon="-0.393458"><ele>34.75</ele></trkpt>
      <trkpt lat="51.556256" lon="-0.392895"><ele>34.25</ele></trkpt>
      <trkpt lat="51.556221" lon="-0.392669"><ele>34</ele></trkpt>
      <trkpt lat="51.556221" lon="-0.392327"><ele>34.25</ele></trkpt>
      <trkpt lat="51.556219" lon="-0.391933"><ele>34.25</ele></trkpt>
      <trkpt lat="51.556238" lon="-0.391529"><ele>34.25</ele></trkpt>
      <trkpt lat="51.556269" lon="-0.391124"><ele>34.5</ele></trkpt>
      <trkpt lat="51.556322" lon="-0.390766"><ele>34</ele></trkpt>
      <trkpt lat="51.556369" lon="-0.390551"><ele>34</ele></trkpt>
      <trkpt lat="51.556447" lon="-0.390223"><ele>34</ele></trkpt>
      <trkpt lat="51.556515" lon="-0.389974"><ele>34</ele></trkpt>
      <trkpt lat="51.556854" lon="-0.389066"><ele>34</ele></trkpt>
      <trkpt lat="51.556873" lon="-0.389015"><ele>34</ele></trkpt>
      <trkpt lat="51.55689" lon="-0.388963"><ele>34</ele></trkpt>
      <trkpt lat="51.55698" lon="-0.388688"><ele>34</ele></trkpt>
      <trkpt lat="51.557089" lon="-0.388297"><ele>34.25</ele></trkpt>
      <trkpt lat="51.557124" lon="-0.388249"><ele>34</ele></trkpt>
      <trkpt lat="51.557137" lon="-0.38821"><ele>34</ele></trkpt>
      <trkpt lat="51.557152" lon="-0.388133"><ele>34</ele></trkpt>
      <trkpt lat="51.557163" lon="-0.387932"><ele>34.25</ele></trkpt>
      <trkpt lat="51.557216" lon="-0.387815"><ele>34.75</ele></trkpt>
      <trkpt lat="51.557265" lon="-0.387745"><ele>34.75</ele></trkpt>
      <trkpt lat="51.557354" lon="-0.387648"><ele>34.5</ele></trkpt>
      <trkpt lat="51.557518" lon="-0.387175"><ele>35</ele></trkpt>
      <trkpt lat="51.557662" lon="-0.386734"><ele>35</ele></trkpt>
      <trkpt lat="51.557748" lon="-0.386449"><ele>35</ele></trkpt>
      <trkpt lat="51.557919" lon="-0.385858"><ele>35</ele></trkpt>
      <trkpt lat="51.55807" lon="-0.385326"><ele>35</ele></trkpt>
      <trkpt lat="51.558246" lon="-0.384727"><ele>35</ele></trkpt>
      <trkpt lat="51.558479" lon="-0.383932"><ele>35</ele></trkpt>
      <trkpt lat="51.558669" lon="-0.383279"><ele>35</ele></trkpt>
      <trkpt lat="51.558853" lon="-0.382634"><ele>35</ele></trkpt>
      <trkpt lat="51.558979" lon="-0.382214"><ele>35</ele></trkpt>
      <trkpt lat="51.559193" lon="-0.38149"><ele>35.5</ele></trkpt>
      <trkpt lat="51.559235" lon="-0.381118"><ele>35.75</ele></trkpt>
      <trkpt lat="51.559232" lon="-0.381081"><ele>36</ele></trkpt>
      <trkpt lat="51.559213" lon="-0.380839"><ele>36</ele></trkpt>
      <trkpt lat="51.559176" lon="-0.380717"><ele>36</ele></trkpt>
      <trkpt lat="51.559166" lon="-0.380583"><ele>36</ele></trkpt>
      <trkpt lat="51.559058" lon="-0.380481"><ele>36</ele></trkpt>
      <trkpt lat="51.559043" lon="-0.380467"><ele>36</ele></trkpt>
      <trkpt lat="51.558971" lon="-0.380354"><ele>36</ele></trkpt>
      <trkpt lat="51.558865" lon="-0.380287"><ele>36</ele></trkpt>
      <trkpt lat="51.55868" lon="-0.380137"><ele>36</ele></trkpt>
      <trkpt lat="51.558445" lon="-0.379947"><ele>36</ele></trkpt>
      <trkpt lat="51.558213" lon="-0.379759"><ele>36</ele></trkpt>
      <trkpt lat="51.55805" lon="-0.379637"><ele>36</ele></trkpt>
      <trkpt lat="51.557805" lon="-0.379482"><ele>36.75</ele></trkpt>
      <trkpt lat="51.55749" lon="-0.379307"><ele>37</ele></trkpt>
      <trkpt lat="51.557098" lon="-0.379143"><ele>38.25</ele></trkpt>
      <trkpt lat="51.556484" lon="-0.378906"><ele>39.5</ele></trkpt>
      <trkpt lat="51.556258" lon="-0.378724"><ele>40</ele></trkpt>
      <trkpt lat="51.555901" lon="-0.378461"><ele>40.5</ele></trkpt>
      <trkpt lat="51.555928" lon="-0.378354"><ele>40.75</ele></trkpt>
      <trkpt lat="51.55582" lon="-0.378266"><ele>41</ele></trkpt>
      <trkpt lat="51.555912" lon="-0.377376"><ele>42</ele></trkpt>
      <trkpt lat="51.555944" lon="-0.377032"><ele>42.25</ele></trkpt>
      <trkpt lat="51.556022" lon="-0.376234"><ele>43.25</ele></trkpt>
      <trkpt lat="51.556109" lon="-0.375354"><ele>43.5</ele></trkpt>
      <trkpt lat="51.556149" lon="-0.374948"><ele>43.75</ele></trkpt>
      <trkpt lat="51.556332" lon="-0.37309"><ele>44</ele></trkpt>
      <trkpt lat="51.55656" lon="-0.370751"><ele>45.5</ele></trkpt>
      <trkpt lat="51.556679" lon="-0.369501"><ele>45.75</ele></trkpt>
      <trkpt lat="51.556745" lon="-0.369006"><ele>45.5</ele></trkpt>
      <trkpt lat="51.556803" lon="-0.368677"><ele>44.5</ele></trkpt>
      <trkpt lat="51.557065" lon="-0.367272"><ele>43.5</ele></trkpt>
      <trkpt lat="51.557312" lon="-0.366001"><ele>44</ele></trkpt>
      <trkpt lat="51.55734" lon="-0.365856"><ele>44</ele></trkpt>
      <trkpt lat="51.557402" lon="-0.36549"><ele>44</ele></trkpt>
      <trkpt lat="51.557428" lon="-0.36525"><ele>45</ele></trkpt>
      <trkpt lat="51.557488" lon="-0.3647"><ele>45</ele></trkpt>
      <trkpt lat="51.557589" lon="-0.363787"><ele>46</ele></trkpt>
      <trkpt lat="51.557658" lon="-0.363185"><ele>46.75</ele></trkpt>
      <trkpt lat="51.557711" lon="-0.362784"><ele>47</ele></trkpt>
      <trkpt lat="51.557709" lon="-0.362699"><ele>47</ele></trkpt>
      <trkpt lat="51.557719" lon="-0.362555"><ele>47</ele></trkpt>
      <trkpt lat="51.557727" lon="-0.362469"><ele>47.25</ele></trkpt>
      <trkpt lat="51.557652" lon="-0.362388"><ele>47.5</ele></trkpt>
      <trkpt lat="51.557609" lon="-0.362328"><ele>47.75</ele></trkpt>
      <trkpt lat="51.557542" lon="-0.362223"><ele>47.75</ele></trkpt>
      <trkpt lat="51.557511" lon="-0.36217"><ele>48</ele></trkpt>
      <trkpt lat="51.557523" lon="-0.362153"><ele>48</ele></trkpt>
      <trkpt lat="51.557538" lon="-0.362133"><ele>48.25</ele></trkpt>
      <trkpt lat="51.557534" lon="-0.362087"><ele>48.25</ele></trkpt>
      <trkpt lat="51.557523" lon="-0.362067"><ele>48.5</ele></trkpt>
      <trkpt lat="51.557509" lon="-0.36204"><ele>48.5</ele></trkpt>
      <trkpt lat="51.557493" lon="-0.362007"><ele>48.75</ele></trkpt>
      <trkpt lat="51.557481" lon="-0.361983"><ele>48.75</ele></trkpt>
      <trkpt lat="51.557459" lon="-0.361937"><ele>49</ele></trkpt>
      <trkpt lat="51.557436" lon="-0.361893"><ele>49.25</ele></trkpt>
      <trkpt lat="51.557423" lon="-0.361892"><ele>49.25</ele></trkpt>
      <trkpt lat="51.55741" lon="-0.361903"><ele>49.25</ele></trkpt>
      <trkpt lat="51.557276" lon="-0.362068"><ele>49</ele></trkpt>
      <trkpt lat="51.557562" lon="-0.359926"><ele>54</ele></trkpt>
      <trkpt lat="51.557574" lon="-0.359584"><ele>55.25</ele></trkpt>
      <trkpt lat="51.55759" lon="-0.359495"><ele>55.25</ele></trkpt>
      <trkpt lat="51.557627" lon="-0.359295"><ele>55.25</ele></trkpt>
      <trkpt lat="51.557582" lon="-0.359287"><ele>55.5</ele></trkpt>
      <trkpt lat="51.557597" lon="-0.3592"><ele>55.5</ele></trkpt>
      <trkpt lat="51.557483" lon="-0.359156"><ele>56</ele></trkpt>
      <trkpt lat="51.557458" lon="-0.359257"><ele>56</ele></trkpt>
      <trkpt lat="51.557386" lon="-0.359257"><ele>56.25</ele></trkpt>
      <trkpt lat="51.557313" lon="-0.359341"><ele>56.25</ele></trkpt>
      <trkpt lat="51.55724" lon="-0.359355"><ele>56.25</ele></trkpt>
      <trkpt lat="51.556939" lon="-0.35923"><ele>58</ele></trkpt>
      <trkpt lat="51.556717" lon="-0.359125"><ele>58.75</ele></trkpt>
      <trkpt lat="51.556801" lon="-0.358489"><ele>59.75</ele></trkpt>
      <trkpt lat="51.556891" lon="-0.357801"><ele>60.75</ele></trkpt>
      <trkpt lat="51.556949" lon="-0.357278"><ele>61</ele></trkpt>
      <trkpt lat="51.557082" lon="-0.35614"><ele>61</ele></trkpt>
      <trkpt lat="51.557222" lon="-0.355315"><ele>60.75</ele></trkpt>
      <trkpt lat="51.55733" lon="-0.354674"><ele>60.25</ele></trkpt>
      <trkpt lat="51.557501" lon="-0.353666"><ele>59</ele></trkpt>
      <trkpt lat="51.557609" lon="-0.353006"><ele>58.75</ele></trkpt>
      <trkpt lat="51.557688" lon="-0.352558"><ele>58</ele></trkpt>
      <trkpt lat="51.557862" lon="-0.351504"><ele>57.5</ele></trkpt>
      <trkpt lat="51.557911" lon="-0.351198"><ele>57.25</ele></trkpt>
      <trkpt lat="51.558031" lon="-0.350468"><ele>58.25</ele></trkpt>
      <trkpt lat="51.558134" lon="-0.349844"><ele>59.5</ele></trkpt>
      <trkpt lat="51.558203" lon="-0.349444"><ele>60.5</ele></trkpt>
      <trkpt lat="51.558272" lon="-0.349026"><ele>60.75</ele></trkpt>
      <trkpt lat="51.558308" lon="-0.348677"><ele>61.5</ele></trkpt>
      <trkpt lat="51.558324" lon="-0.348344"><ele>61.75</ele></trkpt>
      <trkpt lat="51.558311" lon="-0.348"><ele>62.75</ele></trkpt>
      <trkpt lat="51.558278" lon="-0.347729"><ele>62.75</ele></trkpt>
      <trkpt lat="51.558202" lon="-0.34755"><ele>62.5</ele></trkpt>
      <trkpt lat="51.558118" lon="-0.34744"><ele>62</ele></trkpt>
      <trkpt lat="51.557979" lon="-0.347354"><ele>61.5</ele></trkpt>
      <trkpt lat="51.557609" lon="-0.347167"><ele>60.5</ele></trkpt>
      <trkpt lat="51.557751" lon="-0.346419"><ele>61.75</ele></trkpt>
      <trkpt lat="51.557835" lon="-0.346143"><ele>63</ele></trkpt>
      <trkpt lat="51.557939" lon="-0.345913"><ele>63.75</ele></trkpt>
      <trkpt lat="51.558227" lon="-0.345642"><ele>64.5</ele></trkpt>
      <trkpt lat="51.558377" lon="-0.345478"><ele>64.75</ele></trkpt>
      <trkpt lat="51.558606" lon="-0.345181"><ele>65.5</ele></trkpt>
      <trkpt lat="51.558735" lon="-0.344969"><ele>65.25</ele></trkpt>
      <trkpt lat="51.558834" lon="-0.34475"><ele>64.75</ele></trkpt>
      <trkpt lat="51.558894" lon="-0.344573"><ele>65</ele></trkpt>
      <trkpt lat="51.55893" lon="-0.344427"><ele>65.25</ele></trkpt>
      <trkpt lat="51.558958" lon="-0.344289"><ele>65.25</ele></trkpt>
      <trkpt lat="51.558965" lon="-0.344161"><ele>65.25</ele></trkpt>
      <trkpt lat="51.558961" lon="-0.343903"><ele>65.25</ele></trkpt>
      <trkpt lat="51.558619" lon="-0.343945"><ele>63.25</ele></trkpt>
      <trkpt lat="51.558528" lon="-0.343936"><ele>63</ele></trkpt>
      <trkpt lat="51.558486" lon="-0.343914"><ele>63</ele></trkpt>
      <trkpt lat="51.558427" lon="-0.343843"><ele>62.75</ele></trkpt>
      <trkpt lat="51.558333" lon="-0.34361"><ele>61.75</ele></trkpt>
      <trkpt lat="51.558252" lon="-0.343326"><ele>61.5</ele></trkpt>
      <trkpt lat="51.5582" lon="-0.34297"><ele>61.5</ele></trkpt>
      <trkpt lat="51.558148" lon="-0.34241"><ele>61</ele></trkpt>
      <trkpt lat="51.558121" lon="-0.340781"><ele>62</ele></trkpt>
      <trkpt lat="51.558094" lon="-0.340043"><ele>61</ele></trkpt>
      <trkpt lat="51.557758" lon="-0.337721"><ele>55.5</ele></trkpt>
      <trkpt lat="51.557636" lon="-0.336885"><ele>54.5</ele></trkpt>
      <trkpt lat="51.557612" lon="-0.336713"><ele>55.25</ele></trkpt>
      <trkpt lat="51.557567" lon="-0.336444"><ele>57</ele></trkpt>
      <trkpt lat="51.557507" lon="-0.336088"><ele>59</ele></trkpt>
      <trkpt lat="51.557444" lon="-0.335792"><ele>60</ele></trkpt>
      <trkpt lat="51.557434" lon="-0.335743"><ele>60</ele></trkpt>
      <trkpt lat="51.557475" lon="-0.335719"><ele>60</ele></trkpt>
      <trkpt lat="51.557778" lon="-0.335559"><ele>59.75</ele></trkpt>
      <trkpt lat="51.558141" lon="-0.335427"><ele>58.25</ele></trkpt>
      <trkpt lat="51.558151" lon="-0.335402"><ele>58.25</ele></trkpt>
      <trkpt lat="51.558175" lon="-0.335407"><ele>57.75</ele></trkpt>
      <trkpt lat="51.558469" lon="-0.335397"><ele>57</ele></trkpt>
      <trkpt lat="51.558523" lon="-0.335383"><ele>58</ele></trkpt>
      <trkpt lat="51.558547" lon="-0.33539"><ele>58.5</ele></trkpt>
      <trkpt lat="51.558554" lon="-0.335469"><ele>58.25</ele></trkpt>
      <trkpt lat="51.558594" lon="-0.335664"><ele>58</ele></trkpt>
      <trkpt lat="51.558536" lon="-0.335699"><ele>57.25</ele></trkpt>
      <trkpt lat="51.558456" lon="-0.335746"><ele>56.75</ele></trkpt>
      <trkpt lat="51.558536" lon="-0.335699"><ele>57.25</ele></trkpt>
      <trkpt lat="51.558594" lon="-0.335664"><ele>58</ele></trkpt>
      <trkpt lat="51.558554" lon="-0.335469"><ele>58.25</ele></trkpt>
      <trkpt lat="51.558547" lon="-0.33539"><ele>58.5</ele></trkpt>
      <trkpt lat="51.558542" lon="-0.335318"><ele>58.5</ele></trkpt>
      <trkpt lat="51.558589" lon="-0.335304"><ele>59.5</ele></trkpt>
      <trkpt lat="51.558673" lon="-0.335258"><ele>59.75</ele></trkpt>
      <trkpt lat="51.558721" lon="-0.335243"><ele>59.5</ele></trkpt>
      <trkpt lat="51.55884" lon="-0.335183"><ele>59.25</ele></trkpt>
      <trkpt lat="51.558913" lon="-0.335137"><ele>59.5</ele></trkpt>
      <trkpt lat="51.558929" lon="-0.335128"><ele>59.5</ele></trkpt>
      <trkpt lat="51.55904" lon="-0.335048"><ele>59.75</ele></trkpt>
      <trkpt lat="51.559159" lon="-0.334949"><ele>60</ele></trkpt>
      <trkpt lat="51.559485" lon="-0.334587"><ele>61</ele></trkpt>
      <trkpt lat="51.559687" lon="-0.334356"><ele>61.75</ele></trkpt>
      <trkpt lat="51.55982" lon="-0.334205"><ele>62.25</ele></trkpt>
      <trkpt lat="51.559922" lon="-0.33409"><ele>62.5</ele></trkpt>
      <trkpt lat="51.55999" lon="-0.334013"><ele>62.75</ele></trkpt>
      <trkpt lat="51.560326" lon="-0.333643"><ele>64</ele></trkpt>
      <trkpt lat="51.56087" lon="-0.333053"><ele>67</ele></trkpt>
      <trkpt lat="51.560932" lon="-0.332986"><ele>67.25</ele></trkpt>
      <trkpt lat="51.560972" lon="-0.332942"><ele>67.5</ele></trkpt>
      <trkpt lat="51.561018" lon="-0.332891"><ele>68</ele></trkpt>
      <trkpt lat="51.561125" lon="-0.332772"><ele>69</ele></trkpt>
      <trkpt lat="51.561154" lon="-0.33274"><ele>69</ele></trkpt>
      <trkpt lat="51.561188" lon="-0.332699"><ele>69.25</ele></trkpt>
      <trkpt lat="51.56124" lon="-0.332638"><ele>69.25</ele></trkpt>
      <trkpt lat="51.561274" lon="-0.3326"><ele>69.5</ele></trkpt>
      <trkpt lat="51.561474" lon="-0.332386"><ele>70.75</ele></trkpt>
      <trkpt lat="51.561498" lon="-0.332239"><ele>71.25</ele></trkpt>
      <trkpt lat="51.561559" lon="-0.332141"><ele>71.75</ele></trkpt>
      <trkpt lat="51.561602" lon="-0.332022"><ele>72.25</ele></trkpt>
      <trkpt lat="51.56162" lon="-0.331877"><ele>72.5</ele></trkpt>
      <trkpt lat="51.561615" lon="-0.331749"><ele>72.5</ele></trkpt>
      <trkpt lat="51.561585" lon="-0.331637"><ele>72.25</ele></trkpt>
      <trkpt lat="51.56155" lon="-0.331557"><ele>72.25</ele></trkpt>
      <trkpt lat="51.561418" lon="-0.331324"><ele>72</ele></trkpt>
      <trkpt lat="51.561428" lon="-0.331306"><ele>72</ele></trkpt>
      <trkpt lat="51.561467" lon="-0.331232"><ele>72.25</ele></trkpt>
      <trkpt lat="51.56145" lon="-0.331202"><ele>72.25</ele></trkpt>
      <trkpt lat="51.561437" lon="-0.331183"><ele>72.25</ele></trkpt>
      <trkpt lat="51.561413" lon="-0.331148"><ele>72</ele></trkpt>
      <trkpt lat="51.561316" lon="-0.330998"><ele>71.5</ele></trkpt>
      <trkpt lat="51.561154" lon="-0.330744"><ele>71</ele></trkpt>
      <trkpt lat="51.560871" lon="-0.330314"><ele>70</ele></trkpt>
      <trkpt lat="51.560562" lon="-0.329844"><ele>69</ele></trkpt>
      <trkpt lat="51.560493" lon="-0.329729"><ele>68.75</ele></trkpt>
      <trkpt lat="51.560348" lon="-0.329506"><ele>68.25</ele></trkpt>
      <trkpt lat="51.560155" lon="-0.329191"><ele>67.5</ele></trkpt>
      <trkpt lat="51.55993" lon="-0.328817"><ele>67</ele></trkpt>
      <trkpt lat="51.55979" lon="-0.328531"><ele>67</ele></trkpt>
      <trkpt lat="51.559399" lon="-0.327734"><ele>65.75</ele></trkpt>
      <trkpt lat="51.559111" lon="-0.327044"><ele>64.25</ele></trkpt>
      <trkpt lat="51.558916" lon="-0.326538"><ele>64</ele></trkpt>
      <trkpt lat="51.558906" lon="-0.326511"><ele>64</ele></trkpt>
      <trkpt lat="51.558658" lon="-0.325856"><ele>63</ele></trkpt>
      <trkpt lat="51.558563" lon="-0.325591"><ele>62</ele></trkpt>
      <trkpt lat="51.558519" lon="-0.325464"><ele>62</ele></trkpt>
      <trkpt lat="51.558474" lon="-0.325323"><ele>62</ele></trkpt>
      <trkpt lat="51.558203" lon="-0.324492"><ele>60</ele></trkpt>
      <trkpt lat="51.55805" lon="-0.324034"><ele>59.75</ele></trkpt>
      <trkpt lat="51.557615" lon="-0.322685"><ele>57.75</ele></trkpt>
      <trkpt lat="51.557574" lon="-0.322651"><ele>57.75</ele></trkpt>
      <trkpt lat="51.557538" lon="-0.322548"><ele>57.75</ele></trkpt>
      <trkpt lat="51.557485" lon="-0.322368"><ele>57.5</ele></trkpt>
      <trkpt lat="51.557492" lon="-0.322293"><ele>57.25</ele></trkpt>
      <trkpt lat="51.557473" lon="-0.322237"><ele>57</ele></trkpt>
      <trkpt lat="51.557449" lon="-0.322159"><ele>57</ele></trkpt>
      <trkpt lat="51.557261" lon="-0.321507"><ele>57</ele></trkpt>
      <trkpt lat="51.557189" lon="-0.321276"><ele>56.5</ele></trkpt>
      <trkpt lat="51.556758" lon="-0.319697"><ele>54.75</ele></trkpt>
      <trkpt lat="51.556743" lon="-0.319643"><ele>54.5</ele></trkpt>
      <trkpt lat="51.556717" lon="-0.319554"><ele>54.25</ele></trkpt>
      <trkpt lat="51.556663" lon="-0.319354"><ele>53.75</ele></trkpt>
      <trkpt lat="51.556471" lon="-0.318648"><ele>53</ele></trkpt>
      <trkpt lat="51.55636" lon="-0.318246"><ele>52.75</ele></trkpt>
      <trkpt lat="51.556124" lon="-0.31753"><ele>52</ele></trkpt>
      <trkpt lat="51.556032" lon="-0.317207"><ele>51</ele></trkpt>
      <trkpt lat="51.556026" lon="-0.317105"><ele>51</ele></trkpt>
      <trkpt lat="51.555986" lon="-0.317086"><ele>51</ele></trkpt>
      <trkpt lat="51.55597" lon="-0.317068"><ele>51</ele></trkpt>
      <trkpt lat="51.555946" lon="-0.317019"><ele>50.75</ele></trkpt>
      <trkpt lat="51.555936" lon="-0.316958"><ele>51</ele></trkpt>
      <trkpt lat="51.555938" lon="-0.316926"><ele>50.75</ele></trkpt>
      <trkpt lat="51.555945" lon="-0.316885"><ele>50.75</ele></trkpt>
      <trkpt lat="51.55596" lon="-0.31685"><ele>50.5</ele></trkpt>
      <trkpt lat="51.55587" lon="-0.31676"><ele>50.25</ele></trkpt>
      <trkpt lat="51.555773" lon="-0.316605"><ele>49.75</ele></trkpt>
      <trkpt lat="51.555708" lon="-0.316466"><ele>49.5</ele></trkpt>
      <trkpt lat="51.55562" lon="-0.316305"><ele>49</ele></trkpt>
      <trkpt lat="51.555456" lon="-0.316079"><ele>48.75</ele></trkpt>
      <trkpt lat="51.555104" lon="-0.315661"><ele>47.5</ele></trkpt>
      <trkpt lat="51.555073" lon="-0.315624"><ele>47.25</ele></trkpt>
      <trkpt lat="51.55503" lon="-0.315583"><ele>47</ele></trkpt>
      <trkpt lat="51.554826" lon="-0.315391"><ele>46.5</ele></trkpt>
      <trkpt lat="51.554642" lon="-0.315202"><ele>46.25</ele></trkpt>
      <trkpt lat="51.554596" lon="-0.315151"><ele>46.25</ele></trkpt>
      <trkpt lat="51.554482" lon="-0.31505"><ele>45.5</ele></trkpt>
      <trkpt lat="51.554394" lon="-0.314984"><ele>45.25</ele></trkpt>
      <trkpt lat="51.554153" lon="-0.31482"><ele>45.25</ele></trkpt>
      <trkpt lat="51.554032" lon="-0.314755"><ele>45</ele></trkpt>
      <trkpt lat="51.553908" lon="-0.31469"><ele>45</ele></trkpt>
      <trkpt lat="51.55385" lon="-0.314659"><ele>45</ele></trkpt>
      <trkpt lat="51.553724" lon="-0.314596"><ele>45.25</ele></trkpt>
      <trkpt lat="51.553577" lon="-0.314464"><ele>45</ele></trkpt>
      <trkpt lat="51.553451" lon="-0.314357"><ele>45.5</ele></trkpt>
      <trkpt lat="51.553347" lon="-0.314208"><ele>45.75</ele></trkpt>
      <trkpt lat="51.553303" lon="-0.314167"><ele>46</ele></trkpt>
      <trkpt lat="51.553212" lon="-0.314074"><ele>46</ele></trkpt>
      <trkpt lat="51.553145" lon="-0.313973"><ele>46</ele></trkpt>
      <trkpt lat="51.553044" lon="-0.313727"><ele>46</ele></trkpt>
      <trkpt lat="51.553042" lon="-0.313604"><ele>46</ele></trkpt>
      <trkpt lat="51.553026" lon="-0.313512"><ele>46</ele></trkpt>
      <trkpt lat="51.552997" lon="-0.313423"><ele>46.25</ele></trkpt>
      <trkpt lat="51.552965" lon="-0.313361"><ele>46.25</ele></trkpt>
      <trkpt lat="51.552903" lon="-0.313285"><ele>46.25</ele></trkpt>
      <trkpt lat="51.552845" lon="-0.313247"><ele>46.25</ele></trkpt>
      <trkpt lat="51.552791" lon="-0.313231"><ele>46.5</ele></trkpt>
      <trkpt lat="51.552732" lon="-0.313234"><ele>46.5</ele></trkpt>
      <trkpt lat="51.552643" lon="-0.313278"><ele>46.25</ele></trkpt>
      <trkpt lat="51.552439" lon="-0.312635"><ele>46</ele></trkpt>
      <trkpt lat="51.552334" lon="-0.312327"><ele>46</ele></trkpt>
      <trkpt lat="51.552242" lon="-0.312057"><ele>46</ele></trkpt>
      <trkpt lat="51.552201" lon="-0.311934"><ele>46</ele></trkpt>
      <trkpt lat="51.552094" lon="-0.31158"><ele>46.25</ele></trkpt>
      <trkpt lat="51.552018" lon="-0.31127"><ele>46.5</ele></trkpt>
      <trkpt lat="51.551981" lon="-0.311102"><ele>46.75</ele></trkpt>
      <trkpt lat="51.551924" lon="-0.310779"><ele>47.25</ele></trkpt>
      <trkpt lat="51.55178" lon="-0.309787"><ele>50.25</ele></trkpt>
      <trkpt lat="51.55162" lon="-0.309034"><ele>51</ele></trkpt>
      <trkpt lat="51.551576" lon="-0.308822"><ele>51</ele></trkpt>
      <trkpt lat="51.551548" lon="-0.308549"><ele>50.75</ele></trkpt>
      <trkpt lat="51.551588" lon="-0.307721"><ele>48.75</ele></trkpt>
      <trkpt lat="51.551625" lon="-0.307335"><ele>48</ele></trkpt>
      <trkpt lat="51.551645" lon="-0.307189"><ele>47.5</ele></trkpt>
      <trkpt lat="51.551666" lon="-0.307014"><ele>47</ele></trkpt>
      <trkpt lat="51.551708" lon="-0.306799"><ele>47</ele></trkpt>
      <trkpt lat="51.551723" lon="-0.306719"><ele>47</ele></trkpt>
      <trkpt lat="51.551797" lon="-0.30644"><ele>46</ele></trkpt>
      <trkpt lat="51.551858" lon="-0.306207"><ele>45.25</ele></trkpt>
      <trkpt lat="51.551884" lon="-0.306106"><ele>44.75</ele></trkpt>
      <trkpt lat="51.551907" lon="-0.305985"><ele>44.5</ele></trkpt>
      <trkpt lat="51.55194" lon="-0.305789"><ele>44</ele></trkpt>
      <trkpt lat="51.551946" lon="-0.305616"><ele>44</ele></trkpt>
      <trkpt lat="51.551939" lon="-0.305434"><ele>43.5</ele></trkpt>
      <trkpt lat="51.551924" lon="-0.30506"><ele>42</ele></trkpt>
      <trkpt lat="51.551924" lon="-0.304938"><ele>42</ele></trkpt>
      <trkpt lat="51.551936" lon="-0.304522"><ele>41.25</ele></trkpt>
      <trkpt lat="51.551949" lon="-0.304404"><ele>41</ele></trkpt>
      <trkpt lat="51.551967" lon="-0.304291"><ele>41</ele></trkpt>
      <trkpt lat="51.551991" lon="-0.304144"><ele>41</ele></trkpt>
      <trkpt lat="51.552014" lon="-0.303996"><ele>41</ele></trkpt>
      <trkpt lat="51.55204" lon="-0.303835"><ele>40.75</ele></trkpt>
      <trkpt lat="51.552082" lon="-0.303576"><ele>40</ele></trkpt>
      <trkpt lat="51.552184" lon="-0.302942"><ele>39</ele></trkpt>
      <trkpt lat="51.552207" lon="-0.302781"><ele>39</ele></trkpt>
      <trkpt lat="51.55224" lon="-0.302555"><ele>38</ele></trkpt>
      <trkpt lat="51.552308" lon="-0.30198"><ele>38</ele></trkpt>
      <trkpt lat="51.552291" lon="-0.301659"><ele>37</ele></trkpt>
      <trkpt lat="51.552224" lon="-0.30099"><ele>37.75</ele></trkpt>
      <trkpt lat="51.552124" lon="-0.300281"><ele>37.5</ele></trkpt>
      <trkpt lat="51.552118" lon="-0.300228"><ele>37.5</ele></trkpt>
      <trkpt lat="51.55204" lon="-0.299494"><ele>38.25</ele></trkpt>
      <trkpt lat="51.552027" lon="-0.29928"><ele>39.75</ele></trkpt>
      <trkpt lat="51.552025" lon="-0.299216"><ele>40.25</ele></trkpt>
      <trkpt lat="51.552024" lon="-0.299191"><ele>40.5</ele></trkpt>
      <trkpt lat="51.55202" lon="-0.299046"><ele>40.5</ele></trkpt>
      <trkpt lat="51.552027" lon="-0.298886"><ele>40.25</ele></trkpt>
      <trkpt lat="51.552029" lon="-0.298848"><ele>40.25</ele></trkpt>
      <trkpt lat="51.55206" lon="-0.298417"><ele>39.5</ele></trkpt>
      <trkpt lat="51.552096" lon="-0.298071"><ele>40.25</ele></trkpt>
      <trkpt lat="51.552164" lon="-0.297679"><ele>41.25</ele></trkpt>
      <trkpt lat="51.55221" lon="-0.297527"><ele>42.5</ele></trkpt>
      <trkpt lat="51.55227" lon="-0.297399"><ele>42.25</ele></trkpt>
      <trkpt lat="51.552377" lon="-0.297131"><ele>41.25</ele></trkpt>
      <trkpt lat="51.552547" lon="-0.296704"><ele>39</ele></trkpt>
      <trkpt lat="51.552576" lon="-0.296632"><ele>39</ele></trkpt>
      <trkpt lat="51.552605" lon="-0.296552"><ele>39</ele></trkpt>
      <trkpt lat="51.552711" lon="-0.29626"><ele>39.25</ele></trkpt>
      <trkpt lat="51.55287" lon="-0.295786"><ele>42.75</ele></trkpt>
      <trkpt lat="51.553058" lon="-0.29529"><ele>44.75</ele></trkpt>
      <trkpt lat="51.553095" lon="-0.2952"><ele>44.75</ele></trkpt>
      <trkpt lat="51.553127" lon="-0.295123"><ele>44.5</ele></trkpt>
      <trkpt lat="51.553151" lon="-0.295055"><ele>44.5</ele></trkpt>
      <trkpt lat="51.553429" lon="-0.294297"><ele>44.25</ele></trkpt>
      <trkpt lat="51.553653" lon="-0.293599"><ele>46</ele></trkpt>
      <trkpt lat="51.553667" lon="-0.293533"><ele>46</ele></trkpt>
      <trkpt lat="51.553693" lon="-0.293417"><ele>46.25</ele></trkpt>
      <trkpt lat="51.553705" lon="-0.293314"><ele>46.25</ele></trkpt>
      <trkpt lat="51.553706" lon="-0.293204"><ele>46.5</ele></trkpt>
      <trkpt lat="51.553703" lon="-0.293124"><ele>46.75</ele></trkpt>
      <trkpt lat="51.553703" lon="-0.293084"><ele>46.75</ele></trkpt>
      <trkpt lat="51.553694" lon="-0.292929"><ele>47</ele></trkpt>
      <trkpt lat="51.553644" lon="-0.29242"><ele>47.25</ele></trkpt>
      <trkpt lat="51.553579" lon="-0.291827"><ele>48.25</ele></trkpt>
      <trkpt lat="51.553569" lon="-0.2916"><ele>48.5</ele></trkpt>
      <trkpt lat="51.553571" lon="-0.291483"><ele>48.5</ele></trkpt>
      <trkpt lat="51.553576" lon="-0.291415"><ele>48.5</ele></trkpt>
      <trkpt lat="51.553583" lon="-0.291334"><ele>48.75</ele></trkpt>
      <trkpt lat="51.553618" lon="-0.291028"><ele>50</ele></trkpt>
      <trkpt lat="51.553638" lon="-0.290909"><ele>50</ele></trkpt>
      <trkpt lat="51.553705" lon="-0.290197"><ele>49.75</ele></trkpt>
      <trkpt lat="51.553715" lon="-0.289758"><ele>49.25</ele></trkpt>
      <trkpt lat="51.55371" lon="-0.289436"><ele>49.25</ele></trkpt>
      <trkpt lat="51.5537" lon="-0.289302"><ele>48.75</ele></trkpt>
      <trkpt lat="51.553696" lon="-0.289253"><ele>48.75</ele></trkpt>
      <trkpt lat="51.553663" lon="-0.289023"><ele>48.25</ele></trkpt>
      <trkpt lat="51.553549" lon="-0.288199"><ele>45.5</ele></trkpt>
      <trkpt lat="51.553539" lon="-0.288134"><ele>45.5</ele></trkpt>
      <trkpt lat="51.553428" lon="-0.287404"><ele>43.75</ele></trkpt>
      <trkpt lat="51.553409" lon="-0.287244"><ele>43.25</ele></trkpt>
      <trkpt lat="51.553486" lon="-0.287053"><ele>42.75</ele></trkpt>
      <trkpt lat="51.553453" lon="-0.287012"><ele>42.5</ele></trkpt>
      <trkpt lat="51.553587" lon="-0.286741"><ele>42</ele></trkpt>
      <trkpt lat="51.553557" lon="-0.286718"><ele>42</ele></trkpt>
      <trkpt lat="51.553578" lon="-0.286658"><ele>41.75</ele></trkpt>
      <trkpt lat="51.553613" lon="-0.286554"><ele>42</ele></trkpt>
      <trkpt lat="51.553489" lon="-0.286439"><ele>41.5</ele></trkpt>
      <trkpt lat="51.553459" lon="-0.286384"><ele>41.25</ele></trkpt>
      <trkpt lat="51.553349" lon="-0.286182"><ele>40.25</ele></trkpt>
      <trkpt lat="51.553291" lon="-0.286019"><ele>39.75</ele></trkpt>
      <trkpt lat="51.553223" lon="-0.285807"><ele>39.5</ele></trkpt>
      <trkpt lat="51.553159" lon="-0.285862"><ele>39.25</ele></trkpt>
      <trkpt lat="51.553122" lon="-0.285776"><ele>39</ele></trkpt>
      <trkpt lat="51.553072" lon="-0.285658"><ele>39</ele></trkpt>
      <trkpt lat="51.553002" lon="-0.285525"><ele>38.5</ele></trkpt>
      <trkpt lat="51.552941" lon="-0.285407"><ele>38.25</ele></trkpt>
      <trkpt lat="51.552869" lon="-0.28529"><ele>38</ele></trkpt>
      <trkpt lat="51.552721" lon="-0.285071"><ele>37.75</ele></trkpt>
      <trkpt lat="51.55248" lon="-0.284787"><ele>37</ele></trkpt>
      <trkpt lat="51.552402" lon="-0.284695"><ele>36.75</ele></trkpt>
      <trkpt lat="51.55202" lon="-0.284276"><ele>36.25</ele></trkpt>
      <trkpt lat="51.551888" lon="-0.28413"><ele>36</ele></trkpt>
      <trkpt lat="51.551645" lon="-0.283855"><ele>35</ele></trkpt>
      <trkpt lat="51.551579" lon="-0.283778"><ele>35</ele></trkpt>
      <trkpt lat="51.551524" lon="-0.283716"><ele>35</ele></trkpt>
      <trkpt lat="51.551469" lon="-0.283654"><ele>35</ele></trkpt>
      <trkpt lat="51.551361" lon="-0.283523"><ele>35</ele></trkpt>
      <trkpt lat="51.551276" lon="-0.283408"><ele>35</ele></trkpt>
      <trkpt lat="51.550748" lon="-0.282621"><ele>33.5</ele></trkpt>
      <trkpt lat="51.550505" lon="-0.28225"><ele>33</ele></trkpt>
      <trkpt lat="51.550362" lon="-0.282061"><ele>33</ele></trkpt>
      <trkpt lat="51.550321" lon="-0.282008"><ele>33</ele></trkpt>
      <trkpt lat="51.550149" lon="-0.281822"><ele>33</ele></trkpt>
      <trkpt lat="51.550134" lon="-0.281742"><ele>33</ele></trkpt>
      <trkpt lat="51.550109" lon="-0.281708"><ele>33</ele></trkpt>
      <trkpt lat="51.550029" lon="-0.281604"><ele>33</ele></trkpt>
      <trkpt lat="51.549773" lon="-0.28126"><ele>33.25</ele></trkpt>
      <trkpt lat="51.549592" lon="-0.280999"><ele>33.75</ele></trkpt>
      <trkpt lat="51.549469" lon="-0.280809"><ele>34.75</ele></trkpt>
      <trkpt lat="51.549073" lon="-0.280142"><ele>36.75</ele></trkpt>
      <trkpt lat="51.549026" lon="-0.280109"><ele>37</ele></trkpt>
      <trkpt lat="51.548945" lon="-0.279923"><ele>37.75</ele></trkpt>
      <trkpt lat="51.548879" lon="-0.279772"><ele>38</ele></trkpt>
      <trkpt lat="51.548729" lon="-0.279406"><ele>39</ele></trkpt>
      <trkpt lat="51.548705" lon="-0.279345"><ele>39</ele></trkpt>
      <trkpt lat="51.548683" lon="-0.279286"><ele>39</ele></trkpt>
      <trkpt lat="51.548594" lon="-0.27905"><ele>39</ele></trkpt>
      <trkpt lat="51.548551" lon="-0.278923"><ele>39</ele></trkpt>
      <trkpt lat="51.548438" lon="-0.278591"><ele>39.25</ele></trkpt>
      <trkpt lat="51.548408" lon="-0.278501"><ele>39.25</ele></trkpt>
      <trkpt lat="51.548205" lon="-0.277885"><ele>38.75</ele></trkpt>
      <trkpt lat="51.548082" lon="-0.27755"><ele>38.25</ele></trkpt>
      <trkpt lat="51.547908" lon="-0.277113"><ele>37.25</ele></trkpt>
      <trkpt lat="51.547381" lon="-0.27574"><ele>33.5</ele></trkpt>
      <trkpt lat="51.547165" lon="-0.275268"><ele>31.75</ele></trkpt>
      <trkpt lat="51.547" lon="-0.27493"><ele>30</ele></trkpt>
      <trkpt lat="51.546436" lon="-0.273984"><ele>27</ele></trkpt>
      <trkpt lat="51.54641" lon="-0.27394"><ele>27</ele></trkpt>
      <trkpt lat="51.546396" lon="-0.273917"><ele>27</ele></trkpt>
      <trkpt lat="51.546321" lon="-0.273803"><ele>26.75</ele></trkpt>
      <trkpt lat="51.546305" lon="-0.273778"><ele>26.75</ele></trkpt>
      <trkpt lat="51.546295" lon="-0.273763"><ele>26.75</ele></trkpt>
      <trkpt lat="51.54627" lon="-0.273725"><ele>26.5</ele></trkpt>
      <trkpt lat="51.546154" lon="-0.273574"><ele>26</ele></trkpt>
      <trkpt lat="51.546105" lon="-0.273528"><ele>26</ele></trkpt>
      <trkpt lat="51.545938" lon="-0.273406"><ele>26</ele></trkpt>
      <trkpt lat="51.545695" lon="-0.273246"><ele>26</ele></trkpt>
      <trkpt lat="51.545628" lon="-0.27313"><ele>26</ele></trkpt>
      <trkpt lat="51.54553" lon="-0.273059"><ele>25.75</ele></trkpt>
      <trkpt lat="51.545111" lon="-0.272735"><ele>26</ele></trkpt>
      <trkpt lat="51.545072" lon="-0.272693"><ele>26</ele></trkpt>
      <trkpt lat="51.54501" lon="-0.272637"><ele>26</ele></trkpt>
      <trkpt lat="51.544949" lon="-0.272557"><ele>25</ele></trkpt>
      <trkpt lat="51.544884" lon="-0.272473"><ele>23.25</ele></trkpt>
      <trkpt lat="51.54484" lon="-0.272411"><ele>23</ele></trkpt>
      <trkpt lat="51.544673" lon="-0.272167"><ele>22.75</ele></trkpt>
      <trkpt lat="51.544658" lon="-0.272146"><ele>22.75</ele></trkpt>
      <trkpt lat="51.544607" lon="-0.272072"><ele>22.75</ele></trkpt>
      <trkpt lat="51.544525" lon="-0.271965"><ele>24.75</ele></trkpt>
      <trkpt lat="51.544429" lon="-0.271842"><ele>25.5</ele></trkpt>
      <trkpt lat="51.544364" lon="-0.271765"><ele>25.25</ele></trkpt>
      <trkpt lat="51.544295" lon="-0.271685"><ele>25</ele></trkpt>
      <trkpt lat="51.5441" lon="-0.271438"><ele>25</ele></trkpt>
      <trkpt lat="51.543891" lon="-0.271202"><ele>25</ele></trkpt>
      <trkpt lat="51.543729" lon="-0.271089"><ele>24.75</ele></trkpt>
      <trkpt lat="51.543574" lon="-0.270893"><ele>25</ele></trkpt>
      <trkpt lat="51.543416" lon="-0.270708"><ele>24.5</ele></trkpt>
      <trkpt lat="51.543335" lon="-0.270592"><ele>24</ele></trkpt>
      <trkpt lat="51.543216" lon="-0.270406"><ele>24.5</ele></trkpt>
      <trkpt lat="51.543153" lon="-0.270288"><ele>24.75</ele></trkpt>
      <trkpt lat="51.543081" lon="-0.270057"><ele>25</ele></trkpt>
      <trkpt lat="51.543057" lon="-0.269948"><ele>25</ele></trkpt>
      <trkpt lat="51.542968" lon="-0.269409"><ele>25</ele></trkpt>
      <trkpt lat="51.542949" lon="-0.269274"><ele>25</ele></trkpt>
      <trkpt lat="51.542934" lon="-0.269169"><ele>25</ele></trkpt>
      <trkpt lat="51.542915" lon="-0.269016"><ele>25</ele></trkpt>
      <trkpt lat="51.542883" lon="-0.268694"><ele>25.25</ele></trkpt>
      <trkpt lat="51.542837" lon="-0.268252"><ele>26</ele></trkpt>
      <trkpt lat="51.542676" lon="-0.267674"><ele>27</ele></trkpt>
      <trkpt lat="51.542525" lon="-0.267139"><ele>27</ele></trkpt>
      <trkpt lat="51.542515" lon="-0.267107"><ele>27</ele></trkpt>
      <trkpt lat="51.542442" lon="-0.266861"><ele>27</ele></trkpt>
      <trkpt lat="51.542246" lon="-0.266201"><ele>27.75</ele></trkpt>
      <trkpt lat="51.542015" lon="-0.265522"><ele>28.25</ele></trkpt>
      <trkpt lat="51.541858" lon="-0.264959"><ele>29</ele></trkpt>
      <trkpt lat="51.541676" lon="-0.264298"><ele>29</ele></trkpt>
      <trkpt lat="51.541587" lon="-0.263994"><ele>29.25</ele></trkpt>
      <trkpt lat="51.541518" lon="-0.26376"><ele>29.25</ele></trkpt>
      <trkpt lat="51.541396" lon="-0.263341"><ele>29.75</ele></trkpt>
      <trkpt lat="51.541378" lon="-0.263281"><ele>30</ele></trkpt>
      <trkpt lat="51.541357" lon="-0.263221"><ele>30</ele></trkpt>
      <trkpt lat="51.541281" lon="-0.262964"><ele>30.25</ele></trkpt>
      <trkpt lat="51.541217" lon="-0.262755"><ele>31</ele></trkpt>
      <trkpt lat="51.541166" lon="-0.262493"><ele>31</ele></trkpt>
      <trkpt lat="51.541135" lon="-0.262255"><ele>31</ele></trkpt>
      <trkpt lat="51.541114" lon="-0.261933"><ele>32</ele></trkpt>
      <trkpt lat="51.541106" lon="-0.261554"><ele>33.25</ele></trkpt>
      <trkpt lat="51.541123" lon="-0.261173"><ele>33.75</ele></trkpt>
      <trkpt lat="51.541144" lon="-0.260929"><ele>34.5</ele></trkpt>
      <trkpt lat="51.541149" lon="-0.260869"><ele>34.5</ele></trkpt>
      <trkpt lat="51.541157" lon="-0.260804"><ele>34.75</ele></trkpt>
      <trkpt lat="51.541185" lon="-0.26057"><ele>35.25</ele></trkpt>
      <trkpt lat="51.541287" lon="-0.259888"><ele>38</ele></trkpt>
      <trkpt lat="51.541385" lon="-0.259334"><ele>40</ele></trkpt>
      <trkpt lat="51.541394" lon="-0.259127"><ele>40</ele></trkpt>
      <trkpt lat="51.541401" lon="-0.258956"><ele>40.75</ele></trkpt>
      <trkpt lat="51.541428" lon="-0.258809"><ele>41.25</ele></trkpt>
      <trkpt lat="51.541442" lon="-0.258708"><ele>41.75</ele></trkpt>
      <trkpt lat="51.541459" lon="-0.258586"><ele>42.25</ele></trkpt>
      <trkpt lat="51.541467" lon="-0.258446"><ele>42.5</ele></trkpt>
      <trkpt lat="51.541448" lon="-0.258078"><ele>43</ele></trkpt>
      <trkpt lat="51.541158" lon="-0.256959"><ele>43</ele></trkpt>
      <trkpt lat="51.541127" lon="-0.256841"><ele>41.75</ele></trkpt>
      <trkpt lat="51.541082" lon="-0.256685"><ele>40</ele></trkpt>
      <trkpt lat="51.540977" lon="-0.256325"><ele>43</ele></trkpt>
      <trkpt lat="51.540766" lon="-0.255632"><ele>44</ele></trkpt>
      <trkpt lat="51.540508" lon="-0.254758"><ele>44</ele></trkpt>
      <trkpt lat="51.540443" lon="-0.254581"><ele>44</ele></trkpt>
      <trkpt lat="51.540227" lon="-0.254072"><ele>43</ele></trkpt>
      <trkpt lat="51.540159" lon="-0.253963"><ele>43</ele></trkpt>
      <trkpt lat="51.540123" lon="-0.253892"><ele>43</ele></trkpt>
      <trkpt lat="51.540037" lon="-0.253703"><ele>42.75</ele></trkpt>
      <trkpt lat="51.539993" lon="-0.253612"><ele>43</ele></trkpt>
      <trkpt lat="51.53996" lon="-0.253491"><ele>42.5</ele></trkpt>
      <trkpt lat="51.539857" lon="-0.253293"><ele>42.25</ele></trkpt>
      <trkpt lat="51.539663" lon="-0.252913"><ele>42</ele></trkpt>
      <trkpt lat="51.539592" lon="-0.252733"><ele>42.25</ele></trkpt>
      <trkpt lat="51.539517" lon="-0.252508"><ele>42.5</ele></trkpt>
      <trkpt lat="51.539467" lon="-0.25234"><ele>42.25</ele></trkpt>
      <trkpt lat="51.539462" lon="-0.252323"><ele>42.25</ele></trkpt>
      <trkpt lat="51.539439" lon="-0.252242"><ele>42</ele></trkpt>
      <trkpt lat="51.539424" lon="-0.252187"><ele>42</ele></trkpt>
      <trkpt lat="51.53941" lon="-0.252141"><ele>42</ele></trkpt>
      <trkpt lat="51.539223" lon="-0.251489"><ele>41.75</ele></trkpt>
      <trkpt lat="51.538961" lon="-0.250613"><ele>42.5</ele></trkpt>
      <trkpt lat="51.538888" lon="-0.250429"><ele>43</ele></trkpt>
      <trkpt lat="51.538865" lon="-0.250374"><ele>43</ele></trkpt>
      <trkpt lat="51.538841" lon="-0.25032"><ele>43</ele></trkpt>
      <trkpt lat="51.53883" lon="-0.250298"><ele>43</ele></trkpt>
      <trkpt lat="51.538831" lon="-0.25026"><ele>43</ele></trkpt>
      <trkpt lat="51.538811" lon="-0.250083"><ele>43.25</ele></trkpt>
      <trkpt lat="51.538818" lon="-0.250045"><ele>43.25</ele></trkpt>
      <trkpt lat="51.538858" lon="-0.249687"><ele>43</ele></trkpt>
      <trkpt lat="51.538869" lon="-0.249488"><ele>43</ele></trkpt>
      <trkpt lat="51.53888" lon="-0.249267"><ele>43</ele></trkpt>
      <trkpt lat="51.538854" lon="-0.249095"><ele>43</ele></trkpt>
      <trkpt lat="51.53882" lon="-0.249022"><ele>43</ele></trkpt>
      <trkpt lat="51.538721" lon="-0.248913"><ele>43.5</ele></trkpt>
      <trkpt lat="51.538577" lon="-0.248761"><ele>44</ele></trkpt>
      <trkpt lat="51.538329" lon="-0.2485"><ele>45</ele></trkpt>
      <trkpt lat="51.538148" lon="-0.248308"><ele>45.5</ele></trkpt>
      <trkpt lat="51.537898" lon="-0.248048"><ele>45.75</ele></trkpt>
      <trkpt lat="51.537801" lon="-0.24792"><ele>45.75</ele></trkpt>
      <trkpt lat="51.537736" lon="-0.247833"><ele>46</ele></trkpt>
      <trkpt lat="51.537659" lon="-0.247629"><ele>46.25</ele></trkpt>
      <trkpt lat="51.537576" lon="-0.247409"><ele>46.5</ele></trkpt>
      <trkpt lat="51.537555" lon="-0.247353"><ele>46.75</ele></trkpt>
      <trkpt lat="51.537501" lon="-0.247205"><ele>46.75</ele></trkpt>
      <trkpt lat="51.537493" lon="-0.247145"><ele>47</ele></trkpt>
      <trkpt lat="51.53747" lon="-0.247091"><ele>47</ele></trkpt>
      <trkpt lat="51.537423" lon="-0.247025"><ele>47</ele></trkpt>
      <trkpt lat="51.537358" lon="-0.246865"><ele>47</ele></trkpt>
      <trkpt lat="51.537266" lon="-0.246681"><ele>47</ele></trkpt>
      <trkpt lat="51.537178" lon="-0.246507"><ele>46.75</ele></trkpt>
      <trkpt lat="51.53699" lon="-0.246226"><ele>46</ele></trkpt>
      <trkpt lat="51.53693" lon="-0.246148"><ele>45.75</ele></trkpt>
      <trkpt lat="51.536688" lon="-0.245849"><ele>45</ele></trkpt>
      <trkpt lat="51.536624" lon="-0.245778"><ele>44.75</ele></trkpt>
      <trkpt lat="51.536455" lon="-0.245623"><ele>44</ele></trkpt>
      <trkpt lat="51.536376" lon="-0.245545"><ele>44</ele></trkpt>
      <trkpt lat="51.536329" lon="-0.245505"><ele>44</ele></trkpt>
      <trkpt lat="51.536285" lon="-0.245464"><ele>44</ele></trkpt>
      <trkpt lat="51.536211" lon="-0.245364"><ele>44</ele></trkpt>
      <trkpt lat="51.536174" lon="-0.245292"><ele>44</ele></trkpt>
      <trkpt lat="51.536133" lon="-0.245155"><ele>44</ele></trkpt>
      <trkpt lat="51.53611" lon="-0.245072"><ele>44</ele></trkpt>
      <trkpt lat="51.536091" lon="-0.245003"><ele>43.75</ele></trkpt>
      <trkpt lat="51.536074" lon="-0.244942"><ele>43.75</ele></trkpt>
      <trkpt lat="51.535988" lon="-0.244742"><ele>43.25</ele></trkpt>
      <trkpt lat="51.535975" lon="-0.24471"><ele>43.5</ele></trkpt>
      <trkpt lat="51.535837" lon="-0.244467"><ele>43.75</ele></trkpt>
      <trkpt lat="51.535822" lon="-0.244441"><ele>43.75</ele></trkpt>
      <trkpt lat="51.535519" lon="-0.243984"><ele>43.75</ele></trkpt>
      <trkpt lat="51.534684" lon="-0.24282"><ele>45.75</ele></trkpt>
      <trkpt lat="51.534502" lon="-0.242538"><ele>46</ele></trkpt>
      <trkpt lat="51.534489" lon="-0.242517"><ele>46</ele></trkpt>
      <trkpt lat="51.534463" lon="-0.242477"><ele>46</ele></trkpt>
      <trkpt lat="51.534438" lon="-0.24244"><ele>45.75</ele></trkpt>
      <trkpt lat="51.534265" lon="-0.242174"><ele>45.25</ele></trkpt>
      <trkpt lat="51.534242" lon="-0.242139"><ele>45.25</ele></trkpt>
      <trkpt lat="51.534235" lon="-0.242128"><ele>45.25</ele></trkpt>
      <trkpt lat="51.534214" lon="-0.242096"><ele>45</ele></trkpt>
      <trkpt lat="51.534204" lon="-0.24208"><ele>45</ele></trkpt>
      <trkpt lat="51.534159" lon="-0.242012"><ele>44.75</ele></trkpt>
      <trkpt lat="51.534108" lon="-0.241935"><ele>44.75</ele></trkpt>
      <trkpt lat="51.534087" lon="-0.241902"><ele>44.5</ele></trkpt>
      <trkpt lat="51.534056" lon="-0.241856"><ele>44.5</ele></trkpt>
      <trkpt lat="51.533917" lon="-0.241644"><ele>44</ele></trkpt>
      <trkpt lat="51.53376" lon="-0.241406"><ele>43</ele></trkpt>
      <trkpt lat="51.533671" lon="-0.241273"><ele>43</ele></trkpt>
      <trkpt lat="51.533431" lon="-0.240886"><ele>42.75</ele></trkpt>
      <trkpt lat="51.533419" lon="-0.240867"><ele>42.75</ele></trkpt>
      <trkpt lat="51.533283" lon="-0.240648"><ele>43.25</ele></trkpt>
      <trkpt lat="51.533252" lon="-0.240599"><ele>43.25</ele></trkpt>
      <trkpt lat="51.533237" lon="-0.240575"><ele>43.5</ele></trkpt>
      <trkpt lat="51.533162" lon="-0.24045"><ele>43.5</ele></trkpt>
      <trkpt lat="51.533109" lon="-0.240363"><ele>43.75</ele></trkpt>
      <trkpt lat="51.533072" lon="-0.240306"><ele>43.75</ele></trkpt>
      <trkpt lat="51.53304" lon="-0.240256"><ele>43.5</ele></trkpt>
      <trkpt lat="51.532926" lon="-0.240081"><ele>43</ele></trkpt>
      <trkpt lat="51.532722" lon="-0.239739"><ele>42.5</ele></trkpt>
      <trkpt lat="51.532572" lon="-0.239414"><ele>42</ele></trkpt>
      <trkpt lat="51.532415" lon="-0.238905"><ele>41.5</ele></trkpt>
      <trkpt lat="51.532328" lon="-0.238459"><ele>41.5</ele></trkpt>
      <trkpt lat="51.532267" lon="-0.238026"><ele>41.25</ele></trkpt>
      <trkpt lat="51.532239" lon="-0.237796"><ele>40.75</ele></trkpt>
      <trkpt lat="51.53226" lon="-0.237704"><ele>40.75</ele></trkpt>
      <trkpt lat="51.532256" lon="-0.23763"><ele>40.75</ele></trkpt>
      <trkpt lat="51.532252" lon="-0.237555"><ele>40.75</ele></trkpt>
      <trkpt lat="51.532249" lon="-0.237505"><ele>40.75</ele></trkpt>
      <trkpt lat="51.532245" lon="-0.237358"><ele>40.25</ele></trkpt>
      <trkpt lat="51.532247" lon="-0.237263"><ele>40</ele></trkpt>
      <trkpt lat="51.53225" lon="-0.237195"><ele>40</ele></trkpt>
      <trkpt lat="51.532298" lon="-0.236782"><ele>40</ele></trkpt>
      <trkpt lat="51.53229" lon="-0.23672"><ele>40</ele></trkpt>
      <trkpt lat="51.532334" lon="-0.236343"><ele>40.5</ele></trkpt>
      <trkpt lat="51.532374" lon="-0.236182"><ele>40.75</ele></trkpt>
      <trkpt lat="51.532433" lon="-0.235878"><ele>41</ele></trkpt>
      <trkpt lat="51.532659" lon="-0.234735"><ele>42.75</ele></trkpt>
      <trkpt lat="51.532674" lon="-0.234619"><ele>43</ele></trkpt>
      <trkpt lat="51.532676" lon="-0.234507"><ele>43</ele></trkpt>
      <trkpt lat="51.532667" lon="-0.234387"><ele>43</ele></trkpt>
      <trkpt lat="51.532645" lon="-0.234242"><ele>43.25</ele></trkpt>
      <trkpt lat="51.532593" lon="-0.234083"><ele>43.75</ele></trkpt>
      <trkpt lat="51.532543" lon="-0.233958"><ele>43.75</ele></trkpt>
      <trkpt lat="51.53252" lon="-0.233899"><ele>43.75</ele></trkpt>
      <trkpt lat="51.532506" lon="-0.233867"><ele>44</ele></trkpt>
      <trkpt lat="51.532459" lon="-0.233744"><ele>44.5</ele></trkpt>
      <trkpt lat="51.532416" lon="-0.233635"><ele>44.75</ele></trkpt>
      <trkpt lat="51.532372" lon="-0.233531"><ele>45</ele></trkpt>
      <trkpt lat="51.532347" lon="-0.233477"><ele>45</ele></trkpt>
      <trkpt lat="51.532318" lon="-0.233415"><ele>44.75</ele></trkpt>
      <trkpt lat="51.53211" lon="-0.233018"><ele>45</ele></trkpt>
      <trkpt lat="51.531719" lon="-0.232195"><ele>45</ele></trkpt>
      <trkpt lat="51.531674" lon="-0.232098"><ele>45</ele></trkpt>
      <trkpt lat="51.531614" lon="-0.231955"><ele>44.75</ele></trkpt>
      <trkpt lat="51.531502" lon="-0.231717"><ele>45</ele></trkpt>
      <trkpt lat="51.53149" lon="-0.231692"><ele>45</ele></trkpt>
      <trkpt lat="51.53138" lon="-0.23144"><ele>45</ele></trkpt>
      <trkpt lat="51.531256" lon="-0.231117"><ele>45.75</ele></trkpt>
      <trkpt lat="51.531213" lon="-0.231006"><ele>46</ele></trkpt>
      <trkpt lat="51.531196" lon="-0.23096"><ele>46</ele></trkpt>
      <trkpt lat="51.530999" lon="-0.23041"><ele>46</ele></trkpt>
      <trkpt lat="51.530904" lon="-0.230054"><ele>46</ele></trkpt>
      <trkpt lat="51.530876" lon="-0.229941"><ele>46</ele></trkpt>
      <trkpt lat="51.530844" lon="-0.229802"><ele>46</ele></trkpt>
      <trkpt lat="51.530829" lon="-0.229739"><ele>45.75</ele></trkpt>
      <trkpt lat="51.530816" lon="-0.229683"><ele>45.75</ele></trkpt>
      <trkpt lat="51.530802" lon="-0.229622"><ele>45.75</ele></trkpt>
      <trkpt lat="51.530752" lon="-0.229408"><ele>46</ele></trkpt>
      <trkpt lat="51.530713" lon="-0.229255"><ele>46</ele></trkpt>
      <trkpt lat="51.530624" lon="-0.229039"><ele>45.5</ele></trkpt>
      <trkpt lat="51.530407" lon="-0.228608"><ele>45</ele></trkpt>
      <trkpt lat="51.530316" lon="-0.228426"><ele>45</ele></trkpt>
      <trkpt lat="51.530289" lon="-0.228343"><ele>45</ele></trkpt>
      <trkpt lat="51.53024" lon="-0.228196"><ele>44.75</ele></trkpt>
      <trkpt lat="51.530197" lon="-0.227949"><ele>44.5</ele></trkpt>
      <trkpt lat="51.530186" lon="-0.227894"><ele>44.5</ele></trkpt>
      <trkpt lat="51.530156" lon="-0.22756"><ele>44.5</ele></trkpt>
      <trkpt lat="51.530141" lon="-0.227397"><ele>44.5</ele></trkpt>
      <trkpt lat="51.530176" lon="-0.226773"><ele>44.25</ele></trkpt>
      <trkpt lat="51.53018" lon="-0.226491"><ele>43.75</ele></trkpt>
      <trkpt lat="51.53017" lon="-0.225851"><ele>43.5</ele></trkpt>
      <trkpt lat="51.530189" lon="-0.225801"><ele>43.5</ele></trkpt>
      <trkpt lat="51.530189" lon="-0.225746"><ele>43.25</ele></trkpt>
      <trkpt lat="51.530188" lon="-0.225681"><ele>43</ele></trkpt>
      <trkpt lat="51.530187" lon="-0.22559"><ele>42.75</ele></trkpt>
      <trkpt lat="51.530154" lon="-0.225472"><ele>42.5</ele></trkpt>
      <trkpt lat="51.530144" lon="-0.225254"><ele>42.25</ele></trkpt>
      <trkpt lat="51.53014" lon="-0.225194"><ele>41.5</ele></trkpt>
      <trkpt lat="51.530082" lon="-0.224601"><ele>39</ele></trkpt>
      <trkpt lat="51.530013" lon="-0.224126"><ele>39.75</ele></trkpt>
      <trkpt lat="51.529968" lon="-0.223821"><ele>38.75</ele></trkpt>
      <trkpt lat="51.529934" lon="-0.223645"><ele>38.75</ele></trkpt>
      <trkpt lat="51.529883" lon="-0.223429"><ele>38</ele></trkpt>
      <trkpt lat="51.52971" lon="-0.222864"><ele>36.75</ele></trkpt>
      <trkpt lat="51.529622" lon="-0.222619"><ele>36.5</ele></trkpt>
      <trkpt lat="51.529478" lon="-0.222259"><ele>36</ele></trkpt>
      <trkpt lat="51.529388" lon="-0.222015"><ele>35</ele></trkpt>
      <trkpt lat="51.529289" lon="-0.221643"><ele>34.25</ele></trkpt>
      <trkpt lat="51.52918" lon="-0.221071"><ele>34</ele></trkpt>
      <trkpt lat="51.528977" lon="-0.219808"><ele>33</ele></trkpt>
      <trkpt lat="51.528808" lon="-0.218859"><ele>31.5</ele></trkpt>
      <trkpt lat="51.528681" lon="-0.218198"><ele>32</ele></trkpt>
      <trkpt lat="51.528442" lon="-0.217281"><ele>32.75</ele></trkpt>
      <trkpt lat="51.528353" lon="-0.217054"><ele>33</ele></trkpt>
      <trkpt lat="51.528209" lon="-0.216709"><ele>32.5</ele></trkpt>
      <trkpt lat="51.52805" lon="-0.216321"><ele>31.75</ele></trkpt>
      <trkpt lat="51.528027" lon="-0.216262"><ele>31.75</ele></trkpt>
      <trkpt lat="51.528016" lon="-0.216229"><ele>31.5</ele></trkpt>
      <trkpt lat="51.527914" lon="-0.215952"><ele>31.25</ele></trkpt>
      <trkpt lat="51.527837" lon="-0.215743"><ele>30.75</ele></trkpt>
      <trkpt lat="51.527811" lon="-0.21567"><ele>30.5</ele></trkpt>
      <trkpt lat="51.527807" lon="-0.215659"><ele>30.5</ele></trkpt>
      <trkpt lat="51.527785" lon="-0.215597"><ele>30</ele></trkpt>
      <trkpt lat="51.527779" lon="-0.215576"><ele>30</ele></trkpt>
      <trkpt lat="51.52771" lon="-0.215377"><ele>30</ele></trkpt>
      <trkpt lat="51.52762" lon="-0.215138"><ele>30</ele></trkpt>
      <trkpt lat="51.527529" lon="-0.214902"><ele>29.5</ele></trkpt>
      <trkpt lat="51.527435" lon="-0.214571"><ele>29.5</ele></trkpt>
      <trkpt lat="51.527341" lon="-0.214241"><ele>29.5</ele></trkpt>
      <trkpt lat="51.527286" lon="-0.213987"><ele>29</ele></trkpt>
      <trkpt lat="51.527263" lon="-0.213884"><ele>29</ele></trkpt>
      <trkpt lat="51.527234" lon="-0.213698"><ele>29</ele></trkpt>
      <trkpt lat="51.527226" lon="-0.213648"><ele>29</ele></trkpt>
      <trkpt lat="51.527214" lon="-0.21358"><ele>29</ele></trkpt>
      <trkpt lat="51.527205" lon="-0.213521"><ele>29</ele></trkpt>
      <trkpt lat="51.527175" lon="-0.213335"><ele>29</ele></trkpt>
      <trkpt lat="51.527103" lon="-0.212877"><ele>29</ele></trkpt>
      <trkpt lat="51.527035" lon="-0.212298"><ele>29</ele></trkpt>
      <trkpt lat="51.527018" lon="-0.21213"><ele>29</ele></trkpt>
      <trkpt lat="51.526964" lon="-0.211514"><ele>29</ele></trkpt>
      <trkpt lat="51.526931" lon="-0.211045"><ele>29</ele></trkpt>
      <trkpt lat="51.526915" lon="-0.210795"><ele>29</ele></trkpt>
      <trkpt lat="51.526909" lon="-0.210727"><ele>29</ele></trkpt>
      <trkpt lat="51.526904" lon="-0.21066"><ele>29</ele></trkpt>
      <trkpt lat="51.526884" lon="-0.210417"><ele>29</ele></trkpt>
      <trkpt lat="51.526801" lon="-0.209554"><ele>29</ele></trkpt>
      <trkpt lat="51.526732" lon="-0.209123"><ele>29</ele></trkpt>
      <trkpt lat="51.526688" lon="-0.208885"><ele>29</ele></trkpt>
      <trkpt lat="51.526637" lon="-0.208588"><ele>29</ele></trkpt>
      <trkpt lat="51.526527" lon="-0.207959"><ele>29</ele></trkpt>
      <trkpt lat="51.526519" lon="-0.207908"><ele>29</ele></trkpt>
      <trkpt lat="51.526484" lon="-0.207681"><ele>29</ele></trkpt>
      <trkpt lat="51.526472" lon="-0.207609"><ele>29</ele></trkpt>
      <trkpt lat="51.526464" lon="-0.207538"><ele>29</ele></trkpt>
      <trkpt lat="51.52643" lon="-0.207265"><ele>29</ele></trkpt>
      <trkpt lat="51.526283" lon="-0.205889"><ele>30</ele></trkpt>
      <trkpt lat="51.526236" lon="-0.205612"><ele>30</ele></trkpt>
      <trkpt lat="51.526195" lon="-0.20544"><ele>30</ele></trkpt>
      <trkpt lat="51.526181" lon="-0.205392"><ele>30</ele></trkpt>
      <trkpt lat="51.52616" lon="-0.205328"><ele>30</ele></trkpt>
      <trkpt lat="51.526101" lon="-0.205178"><ele>30</ele></trkpt>
      <trkpt lat="51.526076" lon="-0.205128"><ele>30</ele></trkpt>
      <trkpt lat="51.525959" lon="-0.204905"><ele>30</ele></trkpt>
      <trkpt lat="51.525576" lon="-0.204252"><ele>30.75</ele></trkpt>
      <trkpt lat="51.525499" lon="-0.204122"><ele>31</ele></trkpt>
      <trkpt lat="51.525462" lon="-0.204058"><ele>31</ele></trkpt>
      <trkpt lat="51.525345" lon="-0.203846"><ele>30.75</ele></trkpt>
      <trkpt lat="51.525289" lon="-0.203749"><ele>31</ele></trkpt>
      <trkpt lat="51.525262" lon="-0.203702"><ele>31</ele></trkpt>
      <trkpt lat="51.525236" lon="-0.203651"><ele>31</ele></trkpt>
      <trkpt lat="51.525125" lon="-0.20343"><ele>31</ele></trkpt>
      <trkpt lat="51.525023" lon="-0.203242"><ele>31</ele></trkpt>
      <trkpt lat="51.524943" lon="-0.203087"><ele>31</ele></trkpt>
      <trkpt lat="51.524827" lon="-0.202867"><ele>31.5</ele></trkpt>
      <trkpt lat="51.524801" lon="-0.202819"><ele>31.75</ele></trkpt>
      <trkpt lat="51.524775" lon="-0.202765"><ele>32</ele></trkpt>
      <trkpt lat="51.524671" lon="-0.202556"><ele>32</ele></trkpt>
      <trkpt lat="51.524367" lon="-0.201899"><ele>32</ele></trkpt>
      <trkpt lat="51.524346" lon="-0.201854"><ele>32</ele></trkpt>
      <trkpt lat="51.52432" lon="-0.201804"><ele>32</ele></trkpt>
      <trkpt lat="51.524195" lon="-0.201503"><ele>32</ele></trkpt>
      <trkpt lat="51.524118" lon="-0.201333"><ele>32</ele></trkpt>
      <trkpt lat="51.524106" lon="-0.201297"><ele>32</ele></trkpt>
      <trkpt lat="51.524083" lon="-0.201233"><ele>32.25</ele></trkpt>
      <trkpt lat="51.523949" lon="-0.200836"><ele>32</ele></trkpt>
      <trkpt lat="51.523853" lon="-0.200395"><ele>33</ele></trkpt>
      <trkpt lat="51.523772" lon="-0.199909"><ele>32.5</ele></trkpt>
      <trkpt lat="51.523686" lon="-0.199251"><ele>32.25</ele></trkpt>
      <trkpt lat="51.523679" lon="-0.199196"><ele>32.25</ele></trkpt>
      <trkpt lat="51.52367" lon="-0.199127"><ele>32.25</ele></trkpt>
      <trkpt lat="51.523619" lon="-0.198735"><ele>33</ele></trkpt>
      <trkpt lat="51.523552" lon="-0.198327"><ele>32.75</ele></trkpt>
      <trkpt lat="51.523494" lon="-0.197994"><ele>32.5</ele></trkpt>
      <trkpt lat="51.523482" lon="-0.197923"><ele>32.75</ele></trkpt>
      <trkpt lat="51.523472" lon="-0.197865"><ele>32.75</ele></trkpt>
      <trkpt lat="51.523435" lon="-0.197652"><ele>33</ele></trkpt>
      <trkpt lat="51.52341" lon="-0.19751"><ele>33</ele></trkpt>
      <trkpt lat="51.523399" lon="-0.197448"><ele>33</ele></trkpt>
      <trkpt lat="51.523394" lon="-0.197422"><ele>33</ele></trkpt>
      <trkpt lat="51.523389" lon="-0.197389"><ele>33</ele></trkpt>
      <trkpt lat="51.523188" lon="-0.19597"><ele>32.5</ele></trkpt>
      <trkpt lat="51.52315" lon="-0.195671"><ele>32.25</ele></trkpt>
      <trkpt lat="51.52314" lon="-0.195609"><ele>32.25</ele></trkpt>
      <trkpt lat="51.52313" lon="-0.195536"><ele>32</ele></trkpt>
      <trkpt lat="51.523083" lon="-0.195204"><ele>32</ele></trkpt>
      <trkpt lat="51.523034" lon="-0.194917"><ele>32</ele></trkpt>
      <trkpt lat="51.523011" lon="-0.194838"><ele>32</ele></trkpt>
      <trkpt lat="51.522931" lon="-0.194614"><ele>32</ele></trkpt>
      <trkpt lat="51.522844" lon="-0.194393"><ele>32</ele></trkpt>
      <trkpt lat="51.522731" lon="-0.194187"><ele>32</ele></trkpt>
      <trkpt lat="51.522616" lon="-0.194014"><ele>32</ele></trkpt>
      <trkpt lat="51.522518" lon="-0.1939"><ele>31.75</ele></trkpt>
      <trkpt lat="51.52217" lon="-0.193608"><ele>31.75</ele></trkpt>
      <trkpt lat="51.522027" lon="-0.193484"><ele>31.25</ele></trkpt>
      <trkpt lat="51.521991" lon="-0.193447"><ele>31.25</ele></trkpt>
      <trkpt lat="51.522015" lon="-0.19337"><ele>31.25</ele></trkpt>
      <trkpt lat="51.522029" lon="-0.193199"><ele>30.5</ele></trkpt>
      <trkpt lat="51.522087" lon="-0.192946"><ele>29.75</ele></trkpt>
      <trkpt lat="51.522177" lon="-0.192693"><ele>29.75</ele></trkpt>
      <trkpt lat="51.522269" lon="-0.192473"><ele>30</ele></trkpt>
      <trkpt lat="51.522351" lon="-0.192274"><ele>30</ele></trkpt>
      <trkpt lat="51.522359" lon="-0.192136"><ele>29.75</ele></trkpt>
      <trkpt lat="51.522394" lon="-0.191947"><ele>29.5</ele></trkpt>
      <trkpt lat="51.522403" lon="-0.191657"><ele>29.5</ele></trkpt>
      <trkpt lat="51.522467" lon="-0.191443"><ele>29.75</ele></trkpt>
      <trkpt lat="51.522626" lon="-0.190734"><ele>28</ele></trkpt>
      <trkpt lat="51.52265" lon="-0.190667"><ele>28</ele></trkpt>
      <trkpt lat="51.522672" lon="-0.190533"><ele>27.75</ele></trkpt>
      <trkpt lat="51.522766" lon="-0.190297"><ele>28.75</ele></trkpt>
      <trkpt lat="51.522783" lon="-0.190147"><ele>29</ele></trkpt>
      <trkpt lat="51.522788" lon="-0.189994"><ele>29</ele></trkpt>
      <trkpt lat="51.522787" lon="-0.189778"><ele>28.25</ele></trkpt>
      <trkpt lat="51.522745" lon="-0.189604"><ele>27.5</ele></trkpt>
      <trkpt lat="51.522716" lon="-0.189447"><ele>27</ele></trkpt>
      <trkpt lat="51.522691" lon="-0.189332"><ele>27.25</ele></trkpt>
      <trkpt lat="51.522649" lon="-0.189139"><ele>27.5</ele></trkpt>
      <trkpt lat="51.522536" lon="-0.188774"><ele>26.75</ele></trkpt>
      <trkpt lat="51.522449" lon="-0.188623"><ele>26.5</ele></trkpt>
      <trkpt lat="51.522437" lon="-0.188603"><ele>26.5</ele></trkpt>
      <trkpt lat="51.522403" lon="-0.188546"><ele>26.5</ele></trkpt>
      <trkpt lat="51.522369" lon="-0.18847"><ele>26.75</ele></trkpt>
      <trkpt lat="51.522338" lon="-0.188317"><ele>27.25</ele></trkpt>
      <trkpt lat="51.522309" lon="-0.188097"><ele>27.75</ele></trkpt>
      <trkpt lat="51.522288" lon="-0.187944"><ele>27.5</ele></trkpt>
      <trkpt lat="51.522291" lon="-0.187906"><ele>27.5</ele></trkpt>
      <trkpt lat="51.522293" lon="-0.187881"><ele>27.75</ele></trkpt>
      <trkpt lat="51.522296" lon="-0.18784"><ele>27.75</ele></trkpt>
      <trkpt lat="51.522295" lon="-0.187796"><ele>27.75</ele></trkpt>
      <trkpt lat="51.522036" lon="-0.187025"><ele>28.25</ele></trkpt>
      <trkpt lat="51.521691" lon="-0.186022"><ele>29.25</ele></trkpt>
      <trkpt lat="51.521292" lon="-0.184783"><ele>29.25</ele></trkpt>
      <trkpt lat="51.521287" lon="-0.184767"><ele>29.25</ele></trkpt>
      <trkpt lat="51.521096" lon="-0.184107"><ele>30.75</ele></trkpt>
      <trkpt lat="51.521092" lon="-0.184091"><ele>30.75</ele></trkpt>
      <trkpt lat="51.521083" lon="-0.18406"><ele>30.75</ele></trkpt>
      <trkpt lat="51.521079" lon="-0.184046"><ele>30.75</ele></trkpt>
      <trkpt lat="51.521064" lon="-0.183989"><ele>30.75</ele></trkpt>
      <trkpt lat="51.521041" lon="-0.184002"><ele>30.5</ele></trkpt>
      <trkpt lat="51.521023" lon="-0.18393"><ele>30.5</ele></trkpt>
      <trkpt lat="51.521016" lon="-0.183901"><ele>30.5</ele></trkpt>
      <trkpt lat="51.520907" lon="-0.18345"><ele>29.5</ele></trkpt>
      <trkpt lat="51.520882" lon="-0.183177"><ele>30.25</ele></trkpt>
      <trkpt lat="51.520865" lon="-0.182895"><ele>30.75</ele></trkpt>
      <trkpt lat="51.520867" lon="-0.182507"><ele>30.75</ele></trkpt>
      <trkpt lat="51.520884" lon="-0.182063"><ele>30.5</ele></trkpt>
      <trkpt lat="51.52088" lon="-0.181978"><ele>30.5</ele></trkpt>
      <trkpt lat="51.520855" lon="-0.181886"><ele>31</ele></trkpt>
      <trkpt lat="51.520791" lon="-0.181736"><ele>31.5</ele></trkpt>
      <trkpt lat="51.520704" lon="-0.181526"><ele>31.75</ele></trkpt>
      <trkpt lat="51.520638" lon="-0.181426"><ele>32.25</ele></trkpt>
      <trkpt lat="51.520603" lon="-0.181372"><ele>32.5</ele></trkpt>
      <trkpt lat="51.520617" lon="-0.181344"><ele>32</ele></trkpt>
      <trkpt lat="51.520691" lon="-0.181129"><ele>31</ele></trkpt>
      <trkpt lat="51.520772" lon="-0.181001"><ele>30.75</ele></trkpt>
      <trkpt lat="51.52085" lon="-0.180842"><ele>30</ele></trkpt>
      <trkpt lat="51.520892" lon="-0.18076"><ele>30.5</ele></trkpt>
      <trkpt lat="51.520913" lon="-0.180595"><ele>31.25</ele></trkpt>
      <trkpt lat="51.520914" lon="-0.18049"><ele>31.5</ele></trkpt>
      <trkpt lat="51.520878" lon="-0.180268"><ele>31.75</ele></trkpt>
      <trkpt lat="51.520589" lon="-0.179789"><ele>32.25</ele></trkpt>
      <trkpt lat="51.520572" lon="-0.179764"><ele>32.5</ele></trkpt>
      <trkpt lat="51.520489" lon="-0.17964"><ele>32</ele></trkpt>
      <trkpt lat="51.520319" lon="-0.179279"><ele>32.5</ele></trkpt>
      <trkpt lat="51.520281" lon="-0.179174"><ele>32.75</ele></trkpt>
      <trkpt lat="51.520254" lon="-0.179066"><ele>32</ele></trkpt>
      <trkpt lat="51.520237" lon="-0.178958"><ele>31.5</ele></trkpt>
      <trkpt lat="51.520216" lon="-0.178341"><ele>30</ele></trkpt>
      <trkpt lat="51.520208" lon="-0.1782"><ele>30.25</ele></trkpt>
      <trkpt lat="51.520205" lon="-0.178097"><ele>30.25</ele></trkpt>
      <trkpt lat="51.520197" lon="-0.177661"><ele>30.25</ele></trkpt>
      <trkpt lat="51.520195" lon="-0.177329"><ele>30.5</ele></trkpt>
      <trkpt lat="51.520189" lon="-0.176912"><ele>30.5</ele></trkpt>
      <trkpt lat="51.520178" lon="-0.176199"><ele>31.25</ele></trkpt>
      <trkpt lat="51.520168" lon="-0.175498"><ele>32</ele></trkpt>
      <trkpt lat="51.520139" lon="-0.17448"><ele>32</ele></trkpt>
      <trkpt lat="51.520135" lon="-0.174287"><ele>32</ele></trkpt>
      <trkpt lat="51.520106" lon="-0.173259"><ele>32</ele></trkpt>
      <trkpt lat="51.520099" lon="-0.172912"><ele>32</ele></trkpt>
      <trkpt lat="51.520083" lon="-0.171951"><ele>32.25</ele></trkpt>
      <trkpt lat="51.520068" lon="-0.171187"><ele>32</ele></trkpt>
      <trkpt lat="51.520064" lon="-0.170907"><ele>31.75</ele></trkpt>
      <trkpt lat="51.520076" lon="-0.170822"><ele>31.5</ele></trkpt>
      <trkpt lat="51.520094" lon="-0.170761"><ele>31.5</ele></trkpt>
      <trkpt lat="51.520113" lon="-0.170712"><ele>31.5</ele></trkpt>
      <trkpt lat="51.520147" lon="-0.170671"><ele>31.5</ele></trkpt>
      <trkpt lat="51.520129" lon="-0.170633"><ele>31.25</ele></trkpt>
      <trkpt lat="51.520125" lon="-0.170615"><ele>31.25</ele></trkpt>
      <trkpt lat="51.520142" lon="-0.170591"><ele>31.5</ele></trkpt>
      <trkpt lat="51.520168" lon="-0.170531"><ele>31.5</ele></trkpt>
      <trkpt lat="51.520189" lon="-0.170492"><ele>31.5</ele></trkpt>
      <trkpt lat="51.520208" lon="-0.170454"><ele>31.5</ele></trkpt>
      <trkpt lat="51.520233" lon="-0.170403"><ele>31.75</ele></trkpt>
      <trkpt lat="51.520254" lon="-0.170363"><ele>31.75</ele></trkpt>
      <trkpt lat="51.520259" lon="-0.170354"><ele>31.75</ele></trkpt>
      <trkpt lat="51.520355" lon="-0.170446"><ele>32</ele></trkpt>
      <trkpt lat="51.520452" lon="-0.170298"><ele>32</ele></trkpt>
      <trkpt lat="51.520552" lon="-0.170027"><ele>31.75</ele></trkpt>
      <trkpt lat="51.520859" lon="-0.169203"><ele>31.75</ele></trkpt>
      <trkpt lat="51.52087" lon="-0.169179"><ele>31.75</ele></trkpt>
      <trkpt lat="51.520895" lon="-0.16913"><ele>32</ele></trkpt>
      <trkpt lat="51.521" lon="-0.168887"><ele>31.75</ele></trkpt>
      <trkpt lat="51.521232" lon="-0.168296"><ele>31.5</ele></trkpt>
      <trkpt lat="51.521274" lon="-0.168096"><ele>31.75</ele></trkpt>
      <trkpt lat="51.521275" lon="-0.16807"><ele>31.75</ele></trkpt>
      <trkpt lat="51.521279" lon="-0.168054"><ele>31.75</ele></trkpt>
      <trkpt lat="51.521293" lon="-0.168009"><ele>31.75</ele></trkpt>
      <trkpt lat="51.521304" lon="-0.167996"><ele>31.75</ele></trkpt>
      <trkpt lat="51.521545" lon="-0.167197"><ele>31</ele></trkpt>
      <trkpt lat="51.521548" lon="-0.16718"><ele>31</ele></trkpt>
      <trkpt lat="51.521554" lon="-0.167153"><ele>31</ele></trkpt>
      <trkpt lat="51.521567" lon="-0.167121"><ele>31</ele></trkpt>
      <trkpt lat="51.521572" lon="-0.167106"><ele>31</ele></trkpt>
      <trkpt lat="51.521823" lon="-0.166257"><ele>31.5</ele></trkpt>
      <trkpt lat="51.521832" lon="-0.166226"><ele>31.5</ele></trkpt>
      <trkpt lat="51.521837" lon="-0.166212"><ele>31.5</ele></trkpt>
      <trkpt lat="51.521852" lon="-0.166167"><ele>31.25</ele></trkpt>
      <trkpt lat="51.521867" lon="-0.166121"><ele>31.25</ele></trkpt>
      <trkpt lat="51.521886" lon="-0.166077"><ele>31</ele></trkpt>
      <trkpt lat="51.521893" lon="-0.166051"><ele>31</ele></trkpt>
      <trkpt lat="51.522005" lon="-0.165665"><ele>30.75</ele></trkpt>
      <trkpt lat="51.522003" lon="-0.16565"><ele>30.75</ele></trkpt>
      <trkpt lat="51.522012" lon="-0.16562"><ele>30.75</ele></trkpt>
      <trkpt lat="51.522018" lon="-0.165599"><ele>30.75</ele></trkpt>
      <trkpt lat="51.522018" lon="-0.165588"><ele>30.75</ele></trkpt>
      <trkpt lat="51.522024" lon="-0.165583"><ele>30.75</ele></trkpt>
      <trkpt lat="51.522151" lon="-0.165127"><ele>30.75</ele></trkpt>
      <trkpt lat="51.521858" lon="-0.164948"><ele>30.5</ele></trkpt>
      <trkpt lat="51.521864" lon="-0.164928"><ele>30.5</ele></trkpt>
      <trkpt lat="51.521873" lon="-0.164895"><ele>30.5</ele></trkpt>
      <trkpt lat="51.521896" lon="-0.164809"><ele>30.75</ele></trkpt>
      <trkpt lat="51.521902" lon="-0.16479"><ele>30.75</ele></trkpt>
      <trkpt lat="51.521888" lon="-0.164781"><ele>30.75</ele></trkpt>
      <trkpt lat="51.521869" lon="-0.164766"><ele>30.5</ele></trkpt>
      <trkpt lat="51.521866" lon="-0.164748"><ele>30.5</ele></trkpt>
      <trkpt lat="51.522103" lon="-0.163936"><ele>30</ele></trkpt>
      <trkpt lat="51.522133" lon="-0.16393"><ele>30</ele></trkpt>
      <trkpt lat="51.522238" lon="-0.164006"><ele>30.25</ele></trkpt>
      <trkpt lat="51.522243" lon="-0.163983"><ele>30.25</ele></trkpt>
      <trkpt lat="51.522269" lon="-0.163901"><ele>30</ele></trkpt>
      <trkpt lat="51.522284" lon="-0.163851"><ele>30</ele></trkpt>
      <trkpt lat="51.522293" lon="-0.163824"><ele>30</ele></trkpt>
      <trkpt lat="51.522523" lon="-0.163994"><ele>31</ele></trkpt>
      <trkpt lat="51.522529" lon="-0.163968"><ele>31</ele></trkpt>
      <trkpt lat="51.522551" lon="-0.163847"><ele>30.75</ele></trkpt>
      <trkpt lat="51.522514" lon="-0.163824"><ele>30.5</ele></trkpt>
      <trkpt lat="51.522525" lon="-0.163758"><ele>30</ele></trkpt>
      <trkpt lat="51.522518" lon="-0.16368"><ele>29.5</ele></trkpt>
      <trkpt lat="51.522508" lon="-0.163565"><ele>28.75</ele></trkpt>
      <trkpt lat="51.522506" lon="-0.163547"><ele>28.75</ele></trkpt>
      <trkpt lat="51.522525" lon="-0.163452"><ele>28.5</ele></trkpt>
      <trkpt lat="51.522598" lon="-0.163088"><ele>29</ele></trkpt>
      <trkpt lat="51.522622" lon="-0.162964"><ele>29.25</ele></trkpt>
    </trkseg>
  </trk>
</gpx>
