<?xml version="1.0" encoding="UTF-8"?>
<gpx version="1.1" creator="TubeRun route generator" xmlns="http://www.topografix.com/GPX/1/1">
  <metadata>
    <name>Circle line — TubeRun</name>
    <desc>Above-ground running route tracing the Circle line and its branches, station to station. Routed on pavements and footways from OpenStreetMap data (BRouter, hiking-beta).</desc>
    <author><name>TubeRun</name></author>
    <copyright author="OpenStreetMap contributors"><license>https://opendatacommons.org/licenses/odbl/1-0/</license></copyright>
    <link href="https://www.openstreetmap.org/copyright"><text>© OpenStreetMap contributors</text></link>
    <time>2026-07-06T10:27:03.648Z</time>
  </metadata>
  <wpt lat="51.49339" lon="-0.22503"><name>Hammersmith</name></wpt>
  <wpt lat="51.502005" lon="-0.226715"><name>Goldhawk Road</name></wpt>
  <wpt lat="51.505579" lon="-0.226375"><name>Shepherd's Bush Market</name></wpt>
  <wpt lat="51.509669" lon="-0.22453"><name>Wood Lane</name></wpt>
  <wpt lat="51.513389" lon="-0.217799"><name>Latimer Road</name></wpt>
  <wpt lat="51.517449" lon="-0.210391"><name>Ladbroke Grove</name></wpt>
  <wpt lat="51.52111" lon="-0.201065"><name>Westbourne Park</name></wpt>
  <wpt lat="51.519113" lon="-0.188748"><name>Royal Oak</name></wpt>
  <wpt lat="51.518187" lon="-0.178306"><name>Paddington (H&amp;C Line)-Underground</name></wpt>
  <wpt lat="51.519858" lon="-0.167832"><name>Edgware Road</name></wpt>
  <wpt lat="51.522883" lon="-0.15713"><name>Baker Street</name></wpt>
  <wpt lat="51.52384" lon="-0.144262"><name>Great Portland Street</name></wpt>
  <wpt lat="51.525604" lon="-0.135829"><name>Euston Square</name></wpt>
  <wpt lat="51.530663" lon="-0.123194"><name>King's Cross St. Pancras</name></wpt>
  <wpt lat="51.520252" lon="-0.104913"><name>Farringdon</name></wpt>
  <wpt lat="51.520275" lon="-0.097993"><name>Barbican</name></wpt>
  <wpt lat="51.518176" lon="-0.088322"><name>Moorgate</name></wpt>
  <wpt lat="51.517372" lon="-0.083182"><name>Liverpool Street</name></wpt>
  <wpt lat="51.514246" lon="-0.075689"><name>Aldgate</name></wpt>
  <wpt lat="51.509971" lon="-0.076546"><name>Tower Hill</name></wpt>
  <wpt lat="51.5107" lon="-0.085969"><name>Monument</name></wpt>
  <wpt lat="51.51151" lon="-0.090432"><name>Cannon Street</name></wpt>
  <wpt lat="51.512117" lon="-0.094009"><name>Mansion House</name></wpt>
  <wpt lat="51.511581" lon="-0.103659"><name>Blackfriars</name></wpt>
  <wpt lat="51.511006" lon="-0.11426"><name>Temple</name></wpt>
  <wpt lat="51.507058" lon="-0.122666"><name>Embankment</name></wpt>
  <wpt lat="51.50132" lon="-0.124861"><name>Westminster</name></wpt>
  <wpt lat="51.499544" lon="-0.133608"><name>St. James's Park</name></wpt>
  <wpt lat="51.496359" lon="-0.143102"><name>Victoria</name></wpt>
  <wpt lat="51.49227" lon="-0.156377"><name>Sloane Square</name></wpt>
  <wpt lat="51.494094" lon="-0.174138"><name>South Kensington</name></wpt>
  <wpt lat="51.494316" lon="-0.182658"><name>Gloucester Road</name></wpt>
  <wpt lat="51.501055" lon="-0.192792"><name>High Street Kensington</name></wpt>
  <wpt lat="51.509128" lon="-0.196104"><name>Notting Hill Gate</name></wpt>
  <wpt lat="51.512284" lon="-0.187938"><name>Bayswater</name></wpt>
  <wpt lat="51.516581" lon="-0.175689"><name>Paddington</name></wpt>
  <trk>
    <name>Circle line</name>
    <trkseg>
      <trkpt lat="51.493388" lon="-0.225032"><ele>5</ele></trkpt>
      <trkpt lat="51.49339" lon="-0.225037"><ele>5</ele></trkpt>
      <trkpt lat="51.493438" lon="-0.225168"><ele>5.25</ele></trkpt>
      <trkpt lat="51.493435" lon="-0.225219"><ele>5.25</ele></trkpt>
      <trkpt lat="51.493424" lon="-0.225387"><ele>5.5</ele></trkpt>
      <trkpt lat="51.493535" lon="-0.225737"><ele>5</ele></trkpt>
      <trkpt lat="51.493573" lon="-0.225859"><ele>5</ele></trkpt>
      <trkpt lat="51.493634" lon="-0.225913"><ele>5.25</ele></trkpt>
      <trkpt lat="51.493635" lon="-0.225939"><ele>5.25</ele></trkpt>
      <trkpt lat="51.493637" lon="-0.225971"><ele>5.25</ele></trkpt>
      <trkpt lat="51.493667" lon="-0.225981"><ele>5.25</ele></trkpt>
      <trkpt lat="51.494412" lon="-0.226218"><ele>4</ele></trkpt>
      <trkpt lat="51.494561" lon="-0.226265"><ele>4</ele></trkpt>
      <trkpt lat="51.494784" lon="-0.226341"><ele>4</ele></trkpt>
      <trkpt lat="51.494873" lon="-0.226372"><ele>4</ele></trkpt>
      <trkpt lat="51.495186" lon="-0.226477"><ele>4</ele></trkpt>
      <trkpt lat="51.495293" lon="-0.226515"><ele>4</ele></trkpt>
      <trkpt lat="51.495398" lon="-0.226551"><ele>4</ele></trkpt>
      <trkpt lat="51.495809" lon="-0.226691"><ele>4</ele></trkpt>
      <trkpt lat="51.495933" lon="-0.226734"><ele>4</ele></trkpt>
      <trkpt lat="51.496526" lon="-0.226936"><ele>3.75</ele></trkpt>
      <trkpt lat="51.497102" lon="-0.227133"><ele>3.75</ele></trkpt>
      <trkpt lat="51.497245" lon="-0.227181"><ele>3.75</ele></trkpt>
      <trkpt lat="51.497641" lon="-0.227316"><ele>4</ele></trkpt>
      <trkpt lat="51.498044" lon="-0.227453"><ele>4</ele></trkpt>
      <trkpt lat="51.498052" lon="-0.227387"><ele>4</ele></trkpt>
      <trkpt lat="51.498134" lon="-0.226736"><ele>3</ele></trkpt>
      <trkpt lat="51.498182" lon="-0.226753"><ele>3</ele></trkpt>
      <trkpt lat="51.498394" lon="-0.226827"><ele>3</ele></trkpt>
      <trkpt lat="51.498719" lon="-0.22694"><ele>4</ele></trkpt>
      <trkpt lat="51.499017" lon="-0.227024"><ele>4</ele></trkpt>
      <trkpt lat="51.499141" lon="-0.227055"><ele>4</ele></trkpt>
      <trkpt lat="51.499342" lon="-0.227088"><ele>4</ele></trkpt>
      <trkpt lat="51.499453" lon="-0.227108"><ele>3.75</ele></trkpt>
      <trkpt lat="51.499496" lon="-0.227116"><ele>3.75</ele></trkpt>
      <trkpt lat="51.499512" lon="-0.227119"><ele>3.75</ele></trkpt>
      <trkpt lat="51.499539" lon="-0.227158"><ele>3.75</ele></trkpt>
      <trkpt lat="51.499566" lon="-0.227154"><ele>3.75</ele></trkpt>
      <trkpt lat="51.499658" lon="-0.227141"><ele>3.5</ele></trkpt>
      <trkpt lat="51.499951" lon="-0.227098"><ele>3.75</ele></trkpt>
      <trkpt lat="51.500333" lon="-0.226999"><ele>4</ele></trkpt>
      <trkpt lat="51.500375" lon="-0.226992"><ele>4</ele></trkpt>
      <trkpt lat="51.500449" lon="-0.227015"><ele>4</ele></trkpt>
      <trkpt lat="51.500625" lon="-0.227079"><ele>3.75</ele></trkpt>
      <trkpt lat="51.501153" lon="-0.227253"><ele>4.75</ele></trkpt>
      <trkpt lat="51.501391" lon="-0.227312"><ele>4</ele></trkpt>
      <trkpt lat="51.501899" lon="-0.227458"><ele>4.5</ele></trkpt>
      <trkpt lat="51.502071" lon="-0.227508"><ele>5</ele></trkpt>
      <trkpt lat="51.502103" lon="-0.227534"><ele>5</ele></trkpt>
      <trkpt lat="51.502137" lon="-0.227547"><ele>5</ele></trkpt>
      <trkpt lat="51.502142" lon="-0.227513"><ele>5</ele></trkpt>
      <trkpt lat="51.502154" lon="-0.227478"><ele>4.75</ele></trkpt>
      <trkpt lat="51.502306" lon="-0.226783"><ele>5</ele></trkpt>
      <trkpt lat="51.502264" lon="-0.22677"><ele>5</ele></trkpt>
      <trkpt lat="51.502224" lon="-0.226749"><ele>5</ele></trkpt>
      <trkpt lat="51.502229" lon="-0.226671"><ele>5</ele></trkpt>
      <trkpt lat="51.502191" lon="-0.226663"><ele>5</ele></trkpt>
      <trkpt lat="51.5021" lon="-0.226643"><ele>5</ele></trkpt>
      <trkpt lat="51.502097" lon="-0.226693"><ele>5</ele></trkpt>
      <trkpt lat="51.502095" lon="-0.226721"><ele>5</ele></trkpt>
      <trkpt lat="51.502005" lon="-0.226709"><ele>5</ele></trkpt>
      <trkpt lat="51.502095" lon="-0.226721"><ele>5</ele></trkpt>
      <trkpt lat="51.502097" lon="-0.226693"><ele>5</ele></trkpt>
      <trkpt lat="51.5021" lon="-0.226643"><ele>5</ele></trkpt>
      <trkpt lat="51.502191" lon="-0.226663"><ele>5</ele></trkpt>
      <trkpt lat="51.502229" lon="-0.226671"><ele>5</ele></trkpt>
      <trkpt lat="51.502234" lon="-0.226597"><ele>5</ele></trkpt>
      <trkpt lat="51.502239" lon="-0.226545"><ele>5</ele></trkpt>
      <trkpt lat="51.502352" lon="-0.226571"><ele>5</ele></trkpt>
      <trkpt lat="51.502357" lon="-0.226548"><ele>5</ele></trkpt>
      <trkpt lat="51.502369" lon="-0.226484"><ele>5</ele></trkpt>
      <trkpt lat="51.502383" lon="-0.226487"><ele>5</ele></trkpt>
      <trkpt lat="51.502431" lon="-0.226498"><ele>5</ele></trkpt>
      <trkpt lat="51.502426" lon="-0.226526"><ele>5</ele></trkpt>
      <trkpt lat="51.502497" lon="-0.226559"><ele>5</ele></trkpt>
      <trkpt lat="51.502715" lon="-0.226623"><ele>5</ele></trkpt>
      <trkpt lat="51.503089" lon="-0.226646"><ele>5</ele></trkpt>
      <trkpt lat="51.503317" lon="-0.226639"><ele>5</ele></trkpt>
      <trkpt lat="51.503609" lon="-0.22662"><ele>5</ele></trkpt>
      <trkpt lat="51.503922" lon="-0.226581"><ele>5</ele></trkpt>
      <trkpt lat="51.504312" lon="-0.226516"><ele>5.5</ele></trkpt>
      <trkpt lat="51.504487" lon="-0.226486"><ele>6</ele></trkpt>
      <trkpt lat="51.504985" lon="-0.226393"><ele>6</ele></trkpt>
      <trkpt lat="51.505383" lon="-0.226274"><ele>6.25</ele></trkpt>
      <trkpt lat="51.505452" lon="-0.226242"><ele>6</ele></trkpt>
      <trkpt lat="51.505461" lon="-0.22629"><ele>6</ele></trkpt>
      <trkpt lat="51.505518" lon="-0.226278"><ele>6</ele></trkpt>
      <trkpt lat="51.505533" lon="-0.226347"><ele>6</ele></trkpt>
      <trkpt lat="51.505571" lon="-0.22634"><ele>6</ele></trkpt>
      <trkpt lat="51.505575" lon="-0.22634"><ele>6</ele></trkpt>
      <trkpt lat="51.505571" lon="-0.22634"><ele>6</ele></trkpt>
      <trkpt lat="51.505533" lon="-0.226347"><ele>6</ele></trkpt>
      <trkpt lat="51.505518" lon="-0.226278"><ele>6</ele></trkpt>
      <trkpt lat="51.505503" lon="-0.226206"><ele>6</ele></trkpt>
      <trkpt lat="51.505494" lon="-0.226157"><ele>6</ele></trkpt>
      <trkpt lat="51.505474" lon="-0.226056"><ele>6.25</ele></trkpt>
      <trkpt lat="51.505383" lon="-0.225556"><ele>6</ele></trkpt>
      <trkpt lat="51.505374" lon="-0.225505"><ele>6</ele></trkpt>
      <trkpt lat="51.505369" lon="-0.225482"><ele>6</ele></trkpt>
      <trkpt lat="51.505363" lon="-0.225457"><ele>6</ele></trkpt>
      <trkpt lat="51.505352" lon="-0.225405"><ele>6</ele></trkpt>
      <trkpt lat="51.505345" lon="-0.225377"><ele>6</ele></trkpt>
      <trkpt lat="51.50525" lon="-0.22482"><ele>6</ele></trkpt>
      <trkpt lat="51.505248" lon="-0.224796"><ele>6</ele></trkpt>
      <trkpt lat="51.505256" lon="-0.224777"><ele>6</ele></trkpt>
      <trkpt lat="51.505276" lon="-0.224768"><ele>6</ele></trkpt>
      <trkpt lat="51.505399" lon="-0.22473"><ele>5.75</ele></trkpt>
      <trkpt lat="51.505794" lon="-0.224731"><ele>5.75</ele></trkpt>
      <trkpt lat="51.505826" lon="-0.224727"><ele>5.75</ele></trkpt>
      <trkpt lat="51.505866" lon="-0.224701"><ele>6</ele></trkpt>
      <trkpt lat="51.505878" lon="-0.2247"><ele>6</ele></trkpt>
      <trkpt lat="51.505884" lon="-0.22469"><ele>6</ele></trkpt>
      <trkpt lat="51.506598" lon="-0.224681"><ele>6</ele></trkpt>
      <trkpt lat="51.506598" lon="-0.224659"><ele>6</ele></trkpt>
      <trkpt lat="51.506599" lon="-0.224641"><ele>6</ele></trkpt>
      <trkpt lat="51.506594" lon="-0.224617"><ele>6</ele></trkpt>
      <trkpt lat="51.506592" lon="-0.224532"><ele>6</ele></trkpt>
      <trkpt lat="51.506939" lon="-0.224542"><ele>6</ele></trkpt>
      <trkpt lat="51.507442" lon="-0.224517"><ele>6.5</ele></trkpt>
      <trkpt lat="51.507879" lon="-0.224514"><ele>6.75</ele></trkpt>
      <trkpt lat="51.508167" lon="-0.224521"><ele>6.5</ele></trkpt>
      <trkpt lat="51.508261" lon="-0.22449"><ele>6.75</ele></trkpt>
      <trkpt lat="51.508806" lon="-0.224466"><ele>6.75</ele></trkpt>
      <trkpt lat="51.509176" lon="-0.224462"><ele>6.75</ele></trkpt>
      <trkpt lat="51.509216" lon="-0.224439"><ele>7</ele></trkpt>
      <trkpt lat="51.509253" lon="-0.224377"><ele>7</ele></trkpt>
      <trkpt lat="51.509265" lon="-0.224297"><ele>7</ele></trkpt>
      <trkpt lat="51.509268" lon="-0.224157"><ele>7</ele></trkpt>
      <trkpt lat="51.509301" lon="-0.224156"><ele>7</ele></trkpt>
      <trkpt lat="51.509301" lon="-0.22429"><ele>7</ele></trkpt>
      <trkpt lat="51.509339" lon="-0.224408"><ele>7</ele></trkpt>
      <trkpt lat="51.509333" lon="-0.224544"><ele>6.5</ele></trkpt>
      <trkpt lat="51.509585" lon="-0.22455"><ele>6.75</ele></trkpt>
      <trkpt lat="51.509624" lon="-0.224549"><ele>6.75</ele></trkpt>
      <trkpt lat="51.509665" lon="-0.22455"><ele>6.75</ele></trkpt>
      <trkpt lat="51.509668" lon="-0.224551"><ele>7.25</ele></trkpt>
      <trkpt lat="51.509665" lon="-0.22455"><ele>6.75</ele></trkpt>
      <trkpt lat="51.509624" lon="-0.224549"><ele>6.75</ele></trkpt>
      <trkpt lat="51.509585" lon="-0.22455"><ele>6.75</ele></trkpt>
      <trkpt lat="51.509333" lon="-0.224544"><ele>6.5</ele></trkpt>
      <trkpt lat="51.509339" lon="-0.224408"><ele>7</ele></trkpt>
      <trkpt lat="51.509372" lon="-0.224299"><ele>7</ele></trkpt>
      <trkpt lat="51.509371" lon="-0.224274"><ele>7</ele></trkpt>
      <trkpt lat="51.509369" lon="-0.224155"><ele>7</ele></trkpt>
      <trkpt lat="51.50939" lon="-0.224155"><ele>7</ele></trkpt>
      <trkpt lat="51.509382" lon="-0.223967"><ele>7</ele></trkpt>
      <trkpt lat="51.509367" lon="-0.223828"><ele>7</ele></trkpt>
      <trkpt lat="51.50934" lon="-0.223751"><ele>7.25</ele></trkpt>
      <trkpt lat="51.509352" lon="-0.223698"><ele>7.25</ele></trkpt>
      <trkpt lat="51.509279" lon="-0.223474"><ele>7.25</ele></trkpt>
      <trkpt lat="51.509245" lon="-0.223414"><ele>7.25</ele></trkpt>
      <trkpt lat="51.509657" lon="-0.222807"><ele>7.25</ele></trkpt>
      <trkpt lat="51.509685" lon="-0.2228"><ele>7</ele></trkpt>
      <trkpt lat="51.509655" lon="-0.222209"><ele>7</ele></trkpt>
      <trkpt lat="51.50963" lon="-0.221333"><ele>7</ele></trkpt>
      <trkpt lat="51.509643" lon="-0.221185"><ele>7</ele></trkpt>
      <trkpt lat="51.509565" lon="-0.219673"><ele>7.25</ele></trkpt>
      <trkpt lat="51.50959" lon="-0.219554"><ele>7</ele></trkpt>
      <trkpt lat="51.509594" lon="-0.219478"><ele>7</ele></trkpt>
      <trkpt lat="51.509447" lon="-0.219461"><ele>7</ele></trkpt>
      <trkpt lat="51.509441" lon="-0.219452"><ele>7</ele></trkpt>
      <trkpt lat="51.509409" lon="-0.219365"><ele>7</ele></trkpt>
      <trkpt lat="51.509393" lon="-0.219327"><ele>7</ele></trkpt>
      <trkpt lat="51.509369" lon="-0.219267"><ele>7.25</ele></trkpt>
      <trkpt lat="51.509329" lon="-0.219244"><ele>7.25</ele></trkpt>
      <trkpt lat="51.509304" lon="-0.219237"><ele>7.25</ele></trkpt>
      <trkpt lat="51.509262" lon="-0.219224"><ele>7.25</ele></trkpt>
      <trkpt lat="51.509253" lon="-0.2192"><ele>7.25</ele></trkpt>
      <trkpt lat="51.509258" lon="-0.219145"><ele>7.25</ele></trkpt>
      <trkpt lat="51.509246" lon="-0.219129"><ele>7.25</ele></trkpt>
      <trkpt lat="51.509217" lon="-0.219119"><ele>7.25</ele></trkpt>
      <trkpt lat="51.509181" lon="-0.219106"><ele>7.5</ele></trkpt>
      <trkpt lat="51.509141" lon="-0.219094"><ele>7.5</ele></trkpt>
      <trkpt lat="51.509148" lon="-0.219054"><ele>7.5</ele></trkpt>
      <trkpt lat="51.509144" lon="-0.218968"><ele>7.5</ele></trkpt>
      <trkpt lat="51.50913" lon="-0.218868"><ele>7.5</ele></trkpt>
      <trkpt lat="51.509135" lon="-0.218814"><ele>7.5</ele></trkpt>
      <trkpt lat="51.509139" lon="-0.218787"><ele>7.75</ele></trkpt>
      <trkpt lat="51.509147" lon="-0.218727"><ele>8.5</ele></trkpt>
      <trkpt lat="51.509258" lon="-0.218762"><ele>8.5</ele></trkpt>
      <trkpt lat="51.509282" lon="-0.218668"><ele>9.5</ele></trkpt>
      <trkpt lat="51.509286" lon="-0.21865"><ele>9.75</ele></trkpt>
      <trkpt lat="51.509298" lon="-0.218596"><ele>10.25</ele></trkpt>
      <trkpt lat="51.509303" lon="-0.218578"><ele>10.25</ele></trkpt>
      <trkpt lat="51.509313" lon="-0.218531"><ele>10</ele></trkpt>
      <trkpt lat="51.509321" lon="-0.218488"><ele>9.75</ele></trkpt>
      <trkpt lat="51.509318" lon="-0.218469"><ele>9.75</ele></trkpt>
      <trkpt lat="51.509316" lon="-0.218449"><ele>9.5</ele></trkpt>
      <trkpt lat="51.509309" lon="-0.2184"><ele>9.25</ele></trkpt>
      <trkpt lat="51.509336" lon="-0.218388"><ele>9.25</ele></trkpt>
      <trkpt lat="51.509365" lon="-0.218356"><ele>9</ele></trkpt>
      <trkpt lat="51.509385" lon="-0.218311"><ele>8.75</ele></trkpt>
      <trkpt lat="51.509397" lon="-0.218259"><ele>8.5</ele></trkpt>
      <trkpt lat="51.509396" lon="-0.218192"><ele>8</ele></trkpt>
      <trkpt lat="51.509384" lon="-0.218133"><ele>7.5</ele></trkpt>
      <trkpt lat="51.509372" lon="-0.21802"><ele>7</ele></trkpt>
      <trkpt lat="51.50937" lon="-0.2179"><ele>7</ele></trkpt>
      <trkpt lat="51.509384" lon="-0.217831"><ele>7</ele></trkpt>
      <trkpt lat="51.509424" lon="-0.217703"><ele>7</ele></trkpt>
      <trkpt lat="51.509453" lon="-0.217552"><ele>7</ele></trkpt>
      <trkpt lat="51.509461" lon="-0.217467"><ele>7</ele></trkpt>
      <trkpt lat="51.509453" lon="-0.217311"><ele>7</ele></trkpt>
      <trkpt lat="51.509463" lon="-0.21723"><ele>7</ele></trkpt>
      <trkpt lat="51.509472" lon="-0.217203"><ele>7</ele></trkpt>
      <trkpt lat="51.509487" lon="-0.217183"><ele>7</ele></trkpt>
      <trkpt lat="51.509613" lon="-0.217133"><ele>7</ele></trkpt>
      <trkpt lat="51.51" lon="-0.216983"><ele>6.75</ele></trkpt>
      <trkpt lat="51.510039" lon="-0.216955"><ele>7</ele></trkpt>
      <trkpt lat="51.510067" lon="-0.216902"><ele>7</ele></trkpt>
      <trkpt lat="51.51041" lon="-0.217188"><ele>6.75</ele></trkpt>
      <trkpt lat="51.510604" lon="-0.217359"><ele>7</ele></trkpt>
      <trkpt lat="51.511055" lon="-0.217735"><ele>7</ele></trkpt>
      <trkpt lat="51.511188" lon="-0.217845"><ele>7</ele></trkpt>
      <trkpt lat="51.511286" lon="-0.217904"><ele>7</ele></trkpt>
      <trkpt lat="51.511343" lon="-0.217914"><ele>7</ele></trkpt>
      <trkpt lat="51.511554" lon="-0.21789"><ele>7</ele></trkpt>
      <trkpt lat="51.511884" lon="-0.217836"><ele>7</ele></trkpt>
      <trkpt lat="51.511914" lon="-0.217795"><ele>7</ele></trkpt>
      <trkpt lat="51.511934" lon="-0.217736"><ele>7</ele></trkpt>
      <trkpt lat="51.511975" lon="-0.217668"><ele>7</ele></trkpt>
      <trkpt lat="51.512006" lon="-0.217694"><ele>7</ele></trkpt>
      <trkpt lat="51.51209" lon="-0.217758"><ele>7.25</ele></trkpt>
      <trkpt lat="51.512099" lon="-0.217792"><ele>7.5</ele></trkpt>
      <trkpt lat="51.512091" lon="-0.217894"><ele>7.5</ele></trkpt>
      <trkpt lat="51.512102" lon="-0.217909"><ele>7.5</ele></trkpt>
      <trkpt lat="51.512435" lon="-0.217894"><ele>8</ele></trkpt>
      <trkpt lat="51.513229" lon="-0.217827"><ele>8</ele></trkpt>
      <trkpt lat="51.513388" lon="-0.217811"><ele>8</ele></trkpt>
      <trkpt lat="51.513652" lon="-0.217783"><ele>8</ele></trkpt>
      <trkpt lat="51.513726" lon="-0.217776"><ele>8</ele></trkpt>
      <trkpt lat="51.513755" lon="-0.217774"><ele>8</ele></trkpt>
      <trkpt lat="51.513783" lon="-0.217773"><ele>8</ele></trkpt>
      <trkpt lat="51.51383" lon="-0.217767"><ele>8</ele></trkpt>
      <trkpt lat="51.51433" lon="-0.217727"><ele>8</ele></trkpt>
      <trkpt lat="51.514358" lon="-0.217751"><ele>8</ele></trkpt>
      <trkpt lat="51.514368" lon="-0.217749"><ele>8</ele></trkpt>
      <trkpt lat="51.514407" lon="-0.217744"><ele>8</ele></trkpt>
      <trkpt lat="51.514442" lon="-0.217739"><ele>8</ele></trkpt>
      <trkpt lat="51.514459" lon="-0.217715"><ele>8</ele></trkpt>
      <trkpt lat="51.514517" lon="-0.21771"><ele>8</ele></trkpt>
      <trkpt lat="51.514516" lon="-0.217678"><ele>8</ele></trkpt>
      <trkpt lat="51.514515" lon="-0.217617"><ele>8</ele></trkpt>
      <trkpt lat="51.514513" lon="-0.217558"><ele>8</ele></trkpt>
      <trkpt lat="51.514512" lon="-0.21753"><ele>8</ele></trkpt>
      <trkpt lat="51.514884" lon="-0.217489"><ele>8</ele></trkpt>
      <trkpt lat="51.514984" lon="-0.217478"><ele>8</ele></trkpt>
      <trkpt lat="51.515007" lon="-0.217476"><ele>8</ele></trkpt>
      <trkpt lat="51.515044" lon="-0.217473"><ele>8</ele></trkpt>
      <trkpt lat="51.515075" lon="-0.217471"><ele>8</ele></trkpt>
      <trkpt lat="51.515099" lon="-0.21747"><ele>8</ele></trkpt>
      <trkpt lat="51.515138" lon="-0.217468"><ele>8</ele></trkpt>
      <trkpt lat="51.515592" lon="-0.217434"><ele>8</ele></trkpt>
      <trkpt lat="51.515644" lon="-0.217011"><ele>8.25</ele></trkpt>
      <trkpt lat="51.515701" lon="-0.216319"><ele>8.5</ele></trkpt>
      <trkpt lat="51.51584" lon="-0.216207"><ele>9</ele></trkpt>
      <trkpt lat="51.51596" lon="-0.21575"><ele>9</ele></trkpt>
      <trkpt lat="51.516333" lon="-0.21537"><ele>9.75</ele></trkpt>
      <trkpt lat="51.516375" lon="-0.215331"><ele>9.75</ele></trkpt>
      <trkpt lat="51.516685" lon="-0.214477"><ele>12</ele></trkpt>
      <trkpt lat="51.516879" lon="-0.213945"><ele>12.75</ele></trkpt>
      <trkpt lat="51.516907" lon="-0.213987"><ele>12.75</ele></trkpt>
      <trkpt lat="51.517444" lon="-0.212173"><ele>13.75</ele></trkpt>
      <trkpt lat="51.517739" lon="-0.210889"><ele>14.75</ele></trkpt>
      <trkpt lat="51.517766" lon="-0.210773"><ele>15</ele></trkpt>
      <trkpt lat="51.517868" lon="-0.210331"><ele>15</ele></trkpt>
      <trkpt lat="51.517567" lon="-0.210146"><ele>14.5</ele></trkpt>
      <trkpt lat="51.517529" lon="-0.210119"><ele>14.5</ele></trkpt>
      <trkpt lat="51.517483" lon="-0.210086"><ele>14.5</ele></trkpt>
      <trkpt lat="51.517376" lon="-0.210006"><ele>14</ele></trkpt>
      <trkpt lat="51.517333" lon="-0.210171"><ele>13.75</ele></trkpt>
      <trkpt lat="51.51732" lon="-0.210225"><ele>13.75</ele></trkpt>
      <trkpt lat="51.517304" lon="-0.210293"><ele>14</ele></trkpt>
      <trkpt lat="51.517292" lon="-0.210345"><ele>14.25</ele></trkpt>
      <trkpt lat="51.517334" lon="-0.210372"><ele>14.25</ele></trkpt>
      <trkpt lat="51.51735" lon="-0.210312"><ele>14</ele></trkpt>
      <trkpt lat="51.517453" lon="-0.210371"><ele>14.75</ele></trkpt>
      <trkpt lat="51.51735" lon="-0.210312"><ele>14</ele></trkpt>
      <trkpt lat="51.517334" lon="-0.210372"><ele>14.25</ele></trkpt>
      <trkpt lat="51.517292" lon="-0.210345"><ele>14.25</ele></trkpt>
      <trkpt lat="51.517304" lon="-0.210293"><ele>14</ele></trkpt>
      <trkpt lat="51.51732" lon="-0.210225"><ele>13.75</ele></trkpt>
      <trkpt lat="51.517333" lon="-0.210171"><ele>13.75</ele></trkpt>
      <trkpt lat="51.517376" lon="-0.210006"><ele>14</ele></trkpt>
      <trkpt lat="51.517344" lon="-0.209983"><ele>13.75</ele></trkpt>
      <trkpt lat="51.517058" lon="-0.209759"><ele>13</ele></trkpt>
      <trkpt lat="51.517011" lon="-0.209721"><ele>13</ele></trkpt>
      <trkpt lat="51.516988" lon="-0.209704"><ele>13</ele></trkpt>
      <trkpt lat="51.516947" lon="-0.209674"><ele>13</ele></trkpt>
      <trkpt lat="51.516845" lon="-0.209603"><ele>13</ele></trkpt>
      <trkpt lat="51.516869" lon="-0.209458"><ele>13</ele></trkpt>
      <trkpt lat="51.516878" lon="-0.20941"><ele>13</ele></trkpt>
      <trkpt lat="51.516925" lon="-0.209171"><ele>13</ele></trkpt>
      <trkpt lat="51.516944" lon="-0.209074"><ele>13</ele></trkpt>
      <trkpt lat="51.51716" lon="-0.20802"><ele>13.75</ele></trkpt>
      <trkpt lat="51.517526" lon="-0.206268"><ele>16.25</ele></trkpt>
      <trkpt lat="51.517799" lon="-0.206519"><ele>16</ele></trkpt>
      <trkpt lat="51.518032" lon="-0.206734"><ele>16</ele></trkpt>
      <trkpt lat="51.518073" lon="-0.206619"><ele>16</ele></trkpt>
      <trkpt lat="51.518365" lon="-0.205842"><ele>18</ele></trkpt>
      <trkpt lat="51.518406" lon="-0.205775"><ele>18.25</ele></trkpt>
      <trkpt lat="51.518787" lon="-0.204861"><ele>20</ele></trkpt>
      <trkpt lat="51.518939" lon="-0.204514"><ele>21.75</ele></trkpt>
      <trkpt lat="51.519419" lon="-0.20339"><ele>23.5</ele></trkpt>
      <trkpt lat="51.519579" lon="-0.203031"><ele>25</ele></trkpt>
      <trkpt lat="51.51972" lon="-0.202619"><ele>25.5</ele></trkpt>
      <trkpt lat="51.519899" lon="-0.202116"><ele>25</ele></trkpt>
      <trkpt lat="51.520231" lon="-0.201203"><ele>26.5</ele></trkpt>
      <trkpt lat="51.520353" lon="-0.200948"><ele>26</ele></trkpt>
      <trkpt lat="51.520476" lon="-0.20064"><ele>26</ele></trkpt>
      <trkpt lat="51.520595" lon="-0.200344"><ele>26.25</ele></trkpt>
      <trkpt lat="51.520673" lon="-0.200418"><ele>26.25</ele></trkpt>
      <trkpt lat="51.520842" lon="-0.200537"><ele>26.25</ele></trkpt>
      <trkpt lat="51.520893" lon="-0.200573"><ele>26.25</ele></trkpt>
      <trkpt lat="51.52087" lon="-0.200668"><ele>26.25</ele></trkpt>
      <trkpt lat="51.52086" lon="-0.200715"><ele>26.25</ele></trkpt>
      <trkpt lat="51.521016" lon="-0.200835"><ele>26.25</ele></trkpt>
      <trkpt lat="51.521106" lon="-0.200909"><ele>26.25</ele></trkpt>
      <trkpt lat="51.521016" lon="-0.200835"><ele>26.25</ele></trkpt>
      <trkpt lat="51.52086" lon="-0.200715"><ele>26.25</ele></trkpt>
      <trkpt lat="51.52087" lon="-0.200668"><ele>26.25</ele></trkpt>
      <trkpt lat="51.520893" lon="-0.200573"><ele>26.25</ele></trkpt>
      <trkpt lat="51.520842" lon="-0.200537"><ele>26.25</ele></trkpt>
      <trkpt lat="51.520673" lon="-0.200418"><ele>26.25</ele></trkpt>
      <trkpt lat="51.520595" lon="-0.200344"><ele>26.25</ele></trkpt>
      <trkpt lat="51.520476" lon="-0.20064"><ele>26</ele></trkpt>
      <trkpt lat="51.520353" lon="-0.200948"><ele>26</ele></trkpt>
      <trkpt lat="51.520231" lon="-0.201203"><ele>26.5</ele></trkpt>
      <trkpt lat="51.518325" lon="-0.199507"><ele>22.75</ele></trkpt>
      <trkpt lat="51.518545" lon="-0.198664"><ele>22</ele></trkpt>
      <trkpt lat="51.518554" lon="-0.198629"><ele>22.25</ele></trkpt>
      <trkpt lat="51.5186" lon="-0.198454"><ele>22.75</ele></trkpt>
      <trkpt lat="51.518721" lon="-0.197965"><ele>23</ele></trkpt>
      <trkpt lat="51.519081" lon="-0.198238"><ele>22.75</ele></trkpt>
      <trkpt lat="51.519258" lon="-0.197387"><ele>22.75</ele></trkpt>
      <trkpt lat="51.519322" lon="-0.19704"><ele>22.75</ele></trkpt>
      <trkpt lat="51.519289" lon="-0.196922"><ele>22.75</ele></trkpt>
      <trkpt lat="51.519298" lon="-0.196838"><ele>22.75</ele></trkpt>
      <trkpt lat="51.51935" lon="-0.196607"><ele>22.25</ele></trkpt>
      <trkpt lat="51.519357" lon="-0.196571"><ele>22.5</ele></trkpt>
      <trkpt lat="51.519371" lon="-0.1965"><ele>22.5</ele></trkpt>
      <trkpt lat="51.519337" lon="-0.196456"><ele>22.75</ele></trkpt>
      <trkpt lat="51.519319" lon="-0.1964"><ele>22.75</ele></trkpt>
      <trkpt lat="51.519317" lon="-0.19632"><ele>23</ele></trkpt>
      <trkpt lat="51.519155" lon="-0.196238"><ele>23</ele></trkpt>
      <trkpt lat="51.519065" lon="-0.196361"><ele>23</ele></trkpt>
      <trkpt lat="51.519239" lon="-0.195486"><ele>23.5</ele></trkpt>
      <trkpt lat="51.519269" lon="-0.195335"><ele>23.5</ele></trkpt>
      <trkpt lat="51.51927" lon="-0.195191"><ele>23.5</ele></trkpt>
      <trkpt lat="51.519261" lon="-0.195101"><ele>23.75</ele></trkpt>
      <trkpt lat="51.519234" lon="-0.195023"><ele>23.75</ele></trkpt>
      <trkpt lat="51.519194" lon="-0.194963"><ele>23.75</ele></trkpt>
      <trkpt lat="51.519256" lon="-0.1948"><ele>23.75</ele></trkpt>
      <trkpt lat="51.519219" lon="-0.194347"><ele>24</ele></trkpt>
      <trkpt lat="51.519155" lon="-0.19373"><ele>24.75</ele></trkpt>
      <trkpt lat="51.519152" lon="-0.1937"><ele>24.75</ele></trkpt>
      <trkpt lat="51.519125" lon="-0.193433"><ele>24.25</ele></trkpt>
      <trkpt lat="51.519073" lon="-0.192935"><ele>24</ele></trkpt>
      <trkpt lat="51.519013" lon="-0.192346"><ele>24.5</ele></trkpt>
      <trkpt lat="51.51893" lon="-0.191448"><ele>25.25</ele></trkpt>
      <trkpt lat="51.518848" lon="-0.190567"><ele>24.25</ele></trkpt>
      <trkpt lat="51.518795" lon="-0.190027"><ele>23.5</ele></trkpt>
      <trkpt lat="51.518747" lon="-0.189536"><ele>23</ele></trkpt>
      <trkpt lat="51.518732" lon="-0.189395"><ele>23</ele></trkpt>
      <trkpt lat="51.518702" lon="-0.189107"><ele>23</ele></trkpt>
      <trkpt lat="51.518701" lon="-0.189075"><ele>23.25</ele></trkpt>
      <trkpt lat="51.518669" lon="-0.189082"><ele>23.5</ele></trkpt>
      <trkpt lat="51.51859" lon="-0.189086"><ele>24.25</ele></trkpt>
      <trkpt lat="51.518587" lon="-0.189053"><ele>24.25</ele></trkpt>
      <trkpt lat="51.51858" lon="-0.18899"><ele>24.5</ele></trkpt>
      <trkpt lat="51.518575" lon="-0.188946"><ele>24.5</ele></trkpt>
      <trkpt lat="51.518572" lon="-0.188916"><ele>24.75</ele></trkpt>
      <trkpt lat="51.51873" lon="-0.188861"><ele>23</ele></trkpt>
      <trkpt lat="51.519111" lon="-0.188743"><ele>21.75</ele></trkpt>
      <trkpt lat="51.51914" lon="-0.188734"><ele>21.75</ele></trkpt>
      <trkpt lat="51.519407" lon="-0.18865"><ele>22.75</ele></trkpt>
      <trkpt lat="51.519484" lon="-0.188626"><ele>23.25</ele></trkpt>
      <trkpt lat="51.519512" lon="-0.188597"><ele>23.5</ele></trkpt>
      <trkpt lat="51.519523" lon="-0.188551"><ele>23.75</ele></trkpt>
      <trkpt lat="51.519582" lon="-0.188547"><ele>24.25</ele></trkpt>
      <trkpt lat="51.519608" lon="-0.188547"><ele>24.75</ele></trkpt>
      <trkpt lat="51.519744" lon="-0.188542"><ele>26</ele></trkpt>
      <trkpt lat="51.519786" lon="-0.188541"><ele>26.25</ele></trkpt>
      <trkpt lat="51.519772" lon="-0.187948"><ele>26</ele></trkpt>
      <trkpt lat="51.51986" lon="-0.187895"><ele>26</ele></trkpt>
      <trkpt lat="51.520005" lon="-0.187873"><ele>26.25</ele></trkpt>
      <trkpt lat="51.519975" lon="-0.187552"><ele>26</ele></trkpt>
      <trkpt lat="51.520011" lon="-0.186819"><ele>27.25</ele></trkpt>
      <trkpt lat="51.519981" lon="-0.186558"><ele>26.5</ele></trkpt>
      <trkpt lat="51.51992" lon="-0.186337"><ele>26</ele></trkpt>
      <trkpt lat="51.519912" lon="-0.18584"><ele>26.75</ele></trkpt>
      <trkpt lat="51.519915" lon="-0.185756"><ele>27</ele></trkpt>
      <trkpt lat="51.519965" lon="-0.185667"><ele>27</ele></trkpt>
      <trkpt lat="51.520016" lon="-0.185645"><ele>26.75</ele></trkpt>
      <trkpt lat="51.520016" lon="-0.185612"><ele>26.75</ele></trkpt>
      <trkpt lat="51.520034" lon="-0.185564"><ele>26.75</ele></trkpt>
      <trkpt lat="51.520099" lon="-0.185503"><ele>26.25</ele></trkpt>
      <trkpt lat="51.520658" lon="-0.185176"><ele>28</ele></trkpt>
      <trkpt lat="51.520623" lon="-0.185039"><ele>28</ele></trkpt>
      <trkpt lat="51.5205" lon="-0.18452"><ele>27.75</ele></trkpt>
      <trkpt lat="51.520481" lon="-0.184441"><ele>27.75</ele></trkpt>
      <trkpt lat="51.521015" lon="-0.184103"><ele>30.5</ele></trkpt>
      <trkpt lat="51.52105" lon="-0.18408"><ele>30.75</ele></trkpt>
      <trkpt lat="51.521083" lon="-0.18406"><ele>30.75</ele></trkpt>
      <trkpt lat="51.521117" lon="-0.184025"><ele>31</ele></trkpt>
      <trkpt lat="51.521105" lon="-0.183954"><ele>30.75</ele></trkpt>
      <trkpt lat="51.521089" lon="-0.183854"><ele>30.75</ele></trkpt>
      <trkpt lat="51.521056" lon="-0.183739"><ele>30.25</ele></trkpt>
      <trkpt lat="51.520988" lon="-0.183484"><ele>29.5</ele></trkpt>
      <trkpt lat="51.520971" lon="-0.183366"><ele>29.5</ele></trkpt>
      <trkpt lat="51.520957" lon="-0.181967"><ele>30</ele></trkpt>
      <trkpt lat="51.520966" lon="-0.181675"><ele>30.5</ele></trkpt>
      <trkpt lat="51.520944" lon="-0.181436"><ele>30.5</ele></trkpt>
      <trkpt lat="51.520891" lon="-0.181166"><ele>31.5</ele></trkpt>
      <trkpt lat="51.520852" lon="-0.181114"><ele>31.75</ele></trkpt>
      <trkpt lat="51.520737" lon="-0.180909"><ele>30.25</ele></trkpt>
      <trkpt lat="51.520634" lon="-0.180854"><ele>30</ele></trkpt>
      <trkpt lat="51.520528" lon="-0.180744"><ele>29.5</ele></trkpt>
      <trkpt lat="51.520425" lon="-0.180602"><ele>28.75</ele></trkpt>
      <trkpt lat="51.520365" lon="-0.180518"><ele>28.75</ele></trkpt>
      <trkpt lat="51.520311" lon="-0.180462"><ele>28.75</ele></trkpt>
      <trkpt lat="51.520203" lon="-0.180323"><ele>29.25</ele></trkpt>
      <trkpt lat="51.519713" lon="-0.17967"><ele>30</ele></trkpt>
      <trkpt lat="51.519625" lon="-0.179567"><ele>30</ele></trkpt>
      <trkpt lat="51.519556" lon="-0.17947"><ele>30</ele></trkpt>
      <trkpt lat="51.51946" lon="-0.179317"><ele>30</ele></trkpt>
      <trkpt lat="51.519121" lon="-0.178764"><ele>29</ele></trkpt>
      <trkpt lat="51.518902" lon="-0.178412"><ele>27.5</ele></trkpt>
      <trkpt lat="51.518645" lon="-0.178063"><ele>28.75</ele></trkpt>
      <trkpt lat="51.518624" lon="-0.178107"><ele>27.75</ele></trkpt>
      <trkpt lat="51.518524" lon="-0.17821"><ele>24.75</ele></trkpt>
      <trkpt lat="51.518439" lon="-0.178296"><ele>23</ele></trkpt>
      <trkpt lat="51.518121" lon="-0.177762"><ele>23</ele></trkpt>
      <trkpt lat="51.517891" lon="-0.178153"><ele>23</ele></trkpt>
      <trkpt lat="51.51786" lon="-0.178172"><ele>23</ele></trkpt>
      <trkpt lat="51.517824" lon="-0.178169"><ele>23</ele></trkpt>
      <trkpt lat="51.517792" lon="-0.178153"><ele>23</ele></trkpt>
      <trkpt lat="51.517778" lon="-0.178178"><ele>23</ele></trkpt>
      <trkpt lat="51.517802" lon="-0.178207"><ele>23</ele></trkpt>
      <trkpt lat="51.517826" lon="-0.178242"><ele>23</ele></trkpt>
      <trkpt lat="51.517901" lon="-0.178337"><ele>23.25</ele></trkpt>
      <trkpt lat="51.518025" lon="-0.178222"><ele>23.75</ele></trkpt>
      <trkpt lat="51.518169" lon="-0.178113"><ele>23.75</ele></trkpt>
      <trkpt lat="51.518181" lon="-0.178159"><ele>23.75</ele></trkpt>
      <trkpt lat="51.518218" lon="-0.178277"><ele>23.25</ele></trkpt>
      <trkpt lat="51.518181" lon="-0.178159"><ele>23.75</ele></trkpt>
      <trkpt lat="51.518169" lon="-0.178113"><ele>23.75</ele></trkpt>
      <trkpt lat="51.518025" lon="-0.178222"><ele>23.25</ele></trkpt>
      <trkpt lat="51.517901" lon="-0.178337"><ele>23</ele></trkpt>
      <trkpt lat="51.517826" lon="-0.178242"><ele>23</ele></trkpt>
      <trkpt lat="51.517802" lon="-0.178207"><ele>22.75</ele></trkpt>
      <trkpt lat="51.517778" lon="-0.178178"><ele>23</ele></trkpt>
      <trkpt lat="51.517792" lon="-0.178153"><ele>23</ele></trkpt>
      <trkpt lat="51.517824" lon="-0.178169"><ele>23</ele></trkpt>
      <trkpt lat="51.51786" lon="-0.178172"><ele>23</ele></trkpt>
      <trkpt lat="51.517891" lon="-0.178153"><ele>23</ele></trkpt>
      <trkpt lat="51.518121" lon="-0.177762"><ele>23</ele></trkpt>
      <trkpt lat="51.518439" lon="-0.178296"><ele>23</ele></trkpt>
      <trkpt lat="51.518524" lon="-0.17821"><ele>24.75</ele></trkpt>
      <trkpt lat="51.518624" lon="-0.178107"><ele>27.75</ele></trkpt>
      <trkpt lat="51.518645" lon="-0.178063"><ele>28.75</ele></trkpt>
      <trkpt lat="51.51834" lon="-0.177576"><ele>29.5</ele></trkpt>
      <trkpt lat="51.518135" lon="-0.177273"><ele>29</ele></trkpt>
      <trkpt lat="51.518146" lon="-0.177253"><ele>29.25</ele></trkpt>
      <trkpt lat="51.518195" lon="-0.177177"><ele>29.25</ele></trkpt>
      <trkpt lat="51.518299" lon="-0.177009"><ele>29.75</ele></trkpt>
      <trkpt lat="51.518313" lon="-0.177032"><ele>29.75</ele></trkpt>
      <trkpt lat="51.518335" lon="-0.176998"><ele>30</ele></trkpt>
      <trkpt lat="51.518369" lon="-0.176949"><ele>30</ele></trkpt>
      <trkpt lat="51.518382" lon="-0.176971"><ele>30</ele></trkpt>
      <trkpt lat="51.518343" lon="-0.177039"><ele>30</ele></trkpt>
      <trkpt lat="51.518339" lon="-0.177031"><ele>30</ele></trkpt>
      <trkpt lat="51.518302" lon="-0.176968"><ele>29.75</ele></trkpt>
      <trkpt lat="51.518294" lon="-0.176955"><ele>29.75</ele></trkpt>
      <trkpt lat="51.518211" lon="-0.176793"><ele>30</ele></trkpt>
      <trkpt lat="51.518173" lon="-0.176669"><ele>30</ele></trkpt>
      <trkpt lat="51.518141" lon="-0.176433"><ele>30</ele></trkpt>
      <trkpt lat="51.518136" lon="-0.176357"><ele>30</ele></trkpt>
      <trkpt lat="51.518141" lon="-0.176208"><ele>30</ele></trkpt>
      <trkpt lat="51.518209" lon="-0.175746"><ele>30.25</ele></trkpt>
      <trkpt lat="51.518186" lon="-0.17574"><ele>30.25</ele></trkpt>
      <trkpt lat="51.518194" lon="-0.175695"><ele>30.25</ele></trkpt>
      <trkpt lat="51.518227" lon="-0.175578"><ele>30</ele></trkpt>
      <trkpt lat="51.518321" lon="-0.175141"><ele>29.5</ele></trkpt>
      <trkpt lat="51.518378" lon="-0.174813"><ele>30</ele></trkpt>
      <trkpt lat="51.51838" lon="-0.174804"><ele>30</ele></trkpt>
      <trkpt lat="51.518409" lon="-0.17464"><ele>29.75</ele></trkpt>
      <trkpt lat="51.518411" lon="-0.174627"><ele>29.75</ele></trkpt>
      <trkpt lat="51.518522" lon="-0.173963"><ele>29.25</ele></trkpt>
      <trkpt lat="51.518736" lon="-0.17278"><ele>30.25</ele></trkpt>
      <trkpt lat="51.518749" lon="-0.172707"><ele>30.25</ele></trkpt>
      <trkpt lat="51.518838" lon="-0.172246"><ele>30</ele></trkpt>
      <trkpt lat="51.518891" lon="-0.171909"><ele>30</ele></trkpt>
      <trkpt lat="51.518939" lon="-0.171596"><ele>30</ele></trkpt>
      <trkpt lat="51.518963" lon="-0.171456"><ele>30</ele></trkpt>
      <trkpt lat="51.519011" lon="-0.17118"><ele>30</ele></trkpt>
      <trkpt lat="51.519066" lon="-0.170814"><ele>30</ele></trkpt>
      <trkpt lat="51.518929" lon="-0.170751"><ele>30.25</ele></trkpt>
      <trkpt lat="51.518928" lon="-0.170608"><ele>30.5</ele></trkpt>
      <trkpt lat="51.518923" lon="-0.170394"><ele>30.75</ele></trkpt>
      <trkpt lat="51.518913" lon="-0.170032"><ele>31</ele></trkpt>
      <trkpt lat="51.518965" lon="-0.169925"><ele>31</ele></trkpt>
      <trkpt lat="51.518911" lon="-0.16985"><ele>31</ele></trkpt>
      <trkpt lat="51.518914" lon="-0.169834"><ele>31</ele></trkpt>
      <trkpt lat="51.518933" lon="-0.169801"><ele>31</ele></trkpt>
      <trkpt lat="51.518954" lon="-0.169758"><ele>31</ele></trkpt>
      <trkpt lat="51.519145" lon="-0.169418"><ele>30.75</ele></trkpt>
      <trkpt lat="51.519143" lon="-0.16938"><ele>30.75</ele></trkpt>
      <trkpt lat="51.519203" lon="-0.169285"><ele>31</ele></trkpt>
      <trkpt lat="51.519256" lon="-0.169254"><ele>31</ele></trkpt>
      <trkpt lat="51.519289" lon="-0.169234"><ele>31</ele></trkpt>
      <trkpt lat="51.519307" lon="-0.169206"><ele>31</ele></trkpt>
      <trkpt lat="51.519328" lon="-0.169171"><ele>31</ele></trkpt>
      <trkpt lat="51.519341" lon="-0.169149"><ele>31</ele></trkpt>
      <trkpt lat="51.519363" lon="-0.169112"><ele>31</ele></trkpt>
      <trkpt lat="51.519387" lon="-0.169072"><ele>31</ele></trkpt>
      <trkpt lat="51.5194" lon="-0.16905"><ele>31</ele></trkpt>
      <trkpt lat="51.519387" lon="-0.16903"><ele>31</ele></trkpt>
      <trkpt lat="51.519586" lon="-0.168135"><ele>30.5</ele></trkpt>
      <trkpt lat="51.51959" lon="-0.168112"><ele>30.75</ele></trkpt>
      <trkpt lat="51.519597" lon="-0.168079"><ele>30.75</ele></trkpt>
      <trkpt lat="51.519605" lon="-0.168047"><ele>30.75</ele></trkpt>
      <trkpt lat="51.519613" lon="-0.168021"><ele>30.75</ele></trkpt>
      <trkpt lat="51.519638" lon="-0.168012"><ele>30.75</ele></trkpt>
      <trkpt lat="51.519727" lon="-0.167947"><ele>30.75</ele></trkpt>
      <trkpt lat="51.519816" lon="-0.167747"><ele>30.5</ele></trkpt>
      <trkpt lat="51.519847" lon="-0.167739"><ele>30.25</ele></trkpt>
      <trkpt lat="51.519816" lon="-0.167747"><ele>30.5</ele></trkpt>
      <trkpt lat="51.519727" lon="-0.167947"><ele>30.75</ele></trkpt>
      <trkpt lat="51.519638" lon="-0.168012"><ele>30.75</ele></trkpt>
      <trkpt lat="51.519613" lon="-0.168021"><ele>30.75</ele></trkpt>
      <trkpt lat="51.519637" lon="-0.167906"><ele>30.5</ele></trkpt>
      <trkpt lat="51.519756" lon="-0.167276"><ele>30.5</ele></trkpt>
      <trkpt lat="51.519769" lon="-0.167221"><ele>30.25</ele></trkpt>
      <trkpt lat="51.519789" lon="-0.167128"><ele>29.75</ele></trkpt>
      <trkpt lat="51.519936" lon="-0.166428"><ele>29.75</ele></trkpt>
      <trkpt lat="51.519972" lon="-0.166251"><ele>30</ele></trkpt>
      <trkpt lat="51.520029" lon="-0.165972"><ele>29.5</ele></trkpt>
      <trkpt lat="51.520047" lon="-0.165914"><ele>29.25</ele></trkpt>
      <trkpt lat="51.520066" lon="-0.165875"><ele>29</ele></trkpt>
      <trkpt lat="51.520111" lon="-0.165795"><ele>28.5</ele></trkpt>
      <trkpt lat="51.520166" lon="-0.165743"><ele>28.25</ele></trkpt>
      <trkpt lat="51.52025" lon="-0.165688"><ele>28</ele></trkpt>
      <trkpt lat="51.520378" lon="-0.165607"><ele>28.75</ele></trkpt>
      <trkpt lat="51.520516" lon="-0.165532"><ele>29</ele></trkpt>
      <trkpt lat="51.520569" lon="-0.165514"><ele>29</ele></trkpt>
      <trkpt lat="51.520585" lon="-0.165414"><ele>29.5</ele></trkpt>
      <trkpt lat="51.520586" lon="-0.165393"><ele>29.5</ele></trkpt>
      <trkpt lat="51.520583" lon="-0.165363"><ele>29.75</ele></trkpt>
      <trkpt lat="51.520573" lon="-0.165333"><ele>29.75</ele></trkpt>
      <trkpt lat="51.52056" lon="-0.165298"><ele>29.75</ele></trkpt>
      <trkpt lat="51.520626" lon="-0.165218"><ele>30</ele></trkpt>
      <trkpt lat="51.52068" lon="-0.165077"><ele>30</ele></trkpt>
      <trkpt lat="51.52071" lon="-0.164943"><ele>29.75</ele></trkpt>
      <trkpt lat="51.520785" lon="-0.164485"><ele>29.75</ele></trkpt>
      <trkpt lat="51.520839" lon="-0.164117"><ele>29.75</ele></trkpt>
      <trkpt lat="51.520816" lon="-0.164065"><ele>29.5</ele></trkpt>
      <trkpt lat="51.52083" lon="-0.163983"><ele>29.25</ele></trkpt>
      <trkpt lat="51.520845" lon="-0.163897"><ele>29</ele></trkpt>
      <trkpt lat="51.520878" lon="-0.163864"><ele>29</ele></trkpt>
      <trkpt lat="51.520881" lon="-0.163843"><ele>29</ele></trkpt>
      <trkpt lat="51.521042" lon="-0.16295"><ele>28.25</ele></trkpt>
      <trkpt lat="51.521029" lon="-0.162915"><ele>28.25</ele></trkpt>
      <trkpt lat="51.521031" lon="-0.162901"><ele>28.25</ele></trkpt>
      <trkpt lat="51.521036" lon="-0.162871"><ele>28</ele></trkpt>
      <trkpt lat="51.521046" lon="-0.162814"><ele>28</ele></trkpt>
      <trkpt lat="51.521068" lon="-0.162799"><ele>28</ele></trkpt>
      <trkpt lat="51.521083" lon="-0.162713"><ele>27.75</ele></trkpt>
      <trkpt lat="51.521163" lon="-0.162235"><ele>28</ele></trkpt>
      <trkpt lat="51.521143" lon="-0.162195"><ele>27.75</ele></trkpt>
      <trkpt lat="51.521147" lon="-0.162163"><ele>27.75</ele></trkpt>
      <trkpt lat="51.521152" lon="-0.162137"><ele>27.5</ele></trkpt>
      <trkpt lat="51.521156" lon="-0.162111"><ele>27.5</ele></trkpt>
      <trkpt lat="51.521188" lon="-0.162091"><ele>27.5</ele></trkpt>
      <trkpt lat="51.52126" lon="-0.161664"><ele>27.5</ele></trkpt>
      <trkpt lat="51.521243" lon="-0.161656"><ele>27.25</ele></trkpt>
      <trkpt lat="51.521245" lon="-0.161643"><ele>27.25</ele></trkpt>
      <trkpt lat="51.521248" lon="-0.161626"><ele>27.25</ele></trkpt>
      <trkpt lat="51.521254" lon="-0.161593"><ele>27.25</ele></trkpt>
      <trkpt lat="51.521257" lon="-0.161578"><ele>27.25</ele></trkpt>
      <trkpt lat="51.521273" lon="-0.161586"><ele>27.25</ele></trkpt>
      <trkpt lat="51.52135" lon="-0.161157"><ele>27</ele></trkpt>
      <trkpt lat="51.521334" lon="-0.161103"><ele>26.75</ele></trkpt>
      <trkpt lat="51.521345" lon="-0.161045"><ele>26.75</ele></trkpt>
      <trkpt lat="51.521357" lon="-0.160982"><ele>26.75</ele></trkpt>
      <trkpt lat="51.521384" lon="-0.160968"><ele>26.75</ele></trkpt>
      <trkpt lat="51.5214" lon="-0.160876"><ele>27</ele></trkpt>
      <trkpt lat="51.521452" lon="-0.160585"><ele>27</ele></trkpt>
      <trkpt lat="51.521565" lon="-0.159955"><ele>26</ele></trkpt>
      <trkpt lat="51.521606" lon="-0.159719"><ele>25.75</ele></trkpt>
      <trkpt lat="51.521573" lon="-0.159648"><ele>25.75</ele></trkpt>
      <trkpt lat="51.521575" lon="-0.15964"><ele>25.75</ele></trkpt>
      <trkpt lat="51.52159" lon="-0.159551"><ele>25.75</ele></trkpt>
      <trkpt lat="51.521599" lon="-0.159495"><ele>25.75</ele></trkpt>
      <trkpt lat="51.521606" lon="-0.159458"><ele>25.75</ele></trkpt>
      <trkpt lat="51.521663" lon="-0.159429"><ele>25.75</ele></trkpt>
      <trkpt lat="51.521947" lon="-0.157843"><ele>26.75</ele></trkpt>
      <trkpt lat="51.521975" lon="-0.157856"><ele>26.5</ele></trkpt>
      <trkpt lat="51.522011" lon="-0.157872"><ele>26.5</ele></trkpt>
      <trkpt lat="51.522042" lon="-0.157887"><ele>26.5</ele></trkpt>
      <trkpt lat="51.522053" lon="-0.157892"><ele>26.5</ele></trkpt>
      <trkpt lat="51.522086" lon="-0.157711"><ele>27</ele></trkpt>
      <trkpt lat="51.522099" lon="-0.157717"><ele>27</ele></trkpt>
      <trkpt lat="51.522142" lon="-0.15773"><ele>27</ele></trkpt>
      <trkpt lat="51.522203" lon="-0.157749"><ele>27</ele></trkpt>
      <trkpt lat="51.522235" lon="-0.15776"><ele>27</ele></trkpt>
      <trkpt lat="51.522247" lon="-0.157701"><ele>27</ele></trkpt>
      <trkpt lat="51.522267" lon="-0.157683"><ele>27</ele></trkpt>
      <trkpt lat="51.522272" lon="-0.157652"><ele>27</ele></trkpt>
      <trkpt lat="51.522282" lon="-0.157592"><ele>27</ele></trkpt>
      <trkpt lat="51.5223" lon="-0.157489"><ele>27</ele></trkpt>
      <trkpt lat="51.522302" lon="-0.157479"><ele>27</ele></trkpt>
      <trkpt lat="51.522338" lon="-0.157381"><ele>27</ele></trkpt>
      <trkpt lat="51.522362" lon="-0.157319"><ele>27</ele></trkpt>
      <trkpt lat="51.522358" lon="-0.15725"><ele>27</ele></trkpt>
      <trkpt lat="51.522348" lon="-0.157238"><ele>27</ele></trkpt>
      <trkpt lat="51.522416" lon="-0.157176"><ele>27</ele></trkpt>
      <trkpt lat="51.522435" lon="-0.157063"><ele>27.25</ele></trkpt>
      <trkpt lat="51.522445" lon="-0.157069"><ele>27.25</ele></trkpt>
      <trkpt lat="51.522543" lon="-0.157114"><ele>27.25</ele></trkpt>
      <trkpt lat="51.522554" lon="-0.157119"><ele>27.25</ele></trkpt>
      <trkpt lat="51.522565" lon="-0.157125"><ele>27.25</ele></trkpt>
      <trkpt lat="51.522605" lon="-0.157144"><ele>27.25</ele></trkpt>
      <trkpt lat="51.522835" lon="-0.157304"><ele>27.25</ele></trkpt>
      <trkpt lat="51.522605" lon="-0.157144"><ele>27.5</ele></trkpt>
      <trkpt lat="51.522565" lon="-0.157125"><ele>27.5</ele></trkpt>
      <trkpt lat="51.522554" lon="-0.157119"><ele>27.5</ele></trkpt>
      <trkpt lat="51.522579" lon="-0.156959"><ele>27.5</ele></trkpt>
      <trkpt lat="51.522599" lon="-0.156827"><ele>27.5</ele></trkpt>
      <trkpt lat="51.522604" lon="-0.156799"><ele>27.5</ele></trkpt>
      <trkpt lat="51.52256" lon="-0.156778"><ele>27.5</ele></trkpt>
      <trkpt lat="51.522501" lon="-0.156752"><ele>27.75</ele></trkpt>
      <trkpt lat="51.522486" lon="-0.156748"><ele>27.75</ele></trkpt>
      <trkpt lat="51.522678" lon="-0.155669"><ele>27.5</ele></trkpt>
      <trkpt lat="51.522635" lon="-0.15565"><ele>27.25</ele></trkpt>
      <trkpt lat="51.522588" lon="-0.155629"><ele>27.25</ele></trkpt>
      <trkpt lat="51.522595" lon="-0.155613"><ele>27.25</ele></trkpt>
      <trkpt lat="51.522614" lon="-0.15551"><ele>27.25</ele></trkpt>
      <trkpt lat="51.522626" lon="-0.155495"><ele>27.25</ele></trkpt>
      <trkpt lat="51.522658" lon="-0.155455"><ele>27.5</ele></trkpt>
      <trkpt lat="51.522678" lon="-0.155431"><ele>27.5</ele></trkpt>
      <trkpt lat="51.522664" lon="-0.155348"><ele>27.5</ele></trkpt>
      <trkpt lat="51.522664" lon="-0.155281"><ele>27.5</ele></trkpt>
      <trkpt lat="51.52268" lon="-0.155175"><ele>27.5</ele></trkpt>
      <trkpt lat="51.522706" lon="-0.155087"><ele>27.5</ele></trkpt>
      <trkpt lat="51.52289" lon="-0.15409"><ele>27.25</ele></trkpt>
      <trkpt lat="51.522947" lon="-0.153783"><ele>27</ele></trkpt>
      <trkpt lat="51.523123" lon="-0.152806"><ele>27</ele></trkpt>
      <trkpt lat="51.52315" lon="-0.152664"><ele>27</ele></trkpt>
      <trkpt lat="51.523152" lon="-0.152635"><ele>27</ele></trkpt>
      <trkpt lat="51.52316" lon="-0.152588"><ele>27.25</ele></trkpt>
      <trkpt lat="51.523166" lon="-0.15254"><ele>27.25</ele></trkpt>
      <trkpt lat="51.523171" lon="-0.152507"><ele>27.25</ele></trkpt>
      <trkpt lat="51.523176" lon="-0.152475"><ele>27.25</ele></trkpt>
      <trkpt lat="51.523187" lon="-0.152396"><ele>27.25</ele></trkpt>
      <trkpt lat="51.523189" lon="-0.152381"><ele>27.25</ele></trkpt>
      <trkpt lat="51.523179" lon="-0.152366"><ele>27.25</ele></trkpt>
      <trkpt lat="51.523187" lon="-0.152243"><ele>27.25</ele></trkpt>
      <trkpt lat="51.523274" lon="-0.151202"><ele>27</ele></trkpt>
      <trkpt lat="51.523262" lon="-0.1512"><ele>27</ele></trkpt>
      <trkpt lat="51.523262" lon="-0.151152"><ele>27</ele></trkpt>
      <trkpt lat="51.523263" lon="-0.15108"><ele>27</ele></trkpt>
      <trkpt lat="51.523249" lon="-0.151054"><ele>27</ele></trkpt>
      <trkpt lat="51.523241" lon="-0.151037"><ele>27</ele></trkpt>
      <trkpt lat="51.523256" lon="-0.150859"><ele>27</ele></trkpt>
      <trkpt lat="51.523317" lon="-0.150163"><ele>27</ele></trkpt>
      <trkpt lat="51.523333" lon="-0.149977"><ele>27</ele></trkpt>
      <trkpt lat="51.523418" lon="-0.14906"><ele>27</ele></trkpt>
      <trkpt lat="51.523436" lon="-0.148963"><ele>27</ele></trkpt>
      <trkpt lat="51.523426" lon="-0.148963"><ele>27</ele></trkpt>
      <trkpt lat="51.523362" lon="-0.148954"><ele>27</ele></trkpt>
      <trkpt lat="51.523323" lon="-0.14894"><ele>27</ele></trkpt>
      <trkpt lat="51.523314" lon="-0.148935"><ele>27</ele></trkpt>
      <trkpt lat="51.523332" lon="-0.148824"><ele>27</ele></trkpt>
      <trkpt lat="51.52332" lon="-0.148819"><ele>27</ele></trkpt>
      <trkpt lat="51.523285" lon="-0.148805"><ele>27</ele></trkpt>
      <trkpt lat="51.523258" lon="-0.148794"><ele>27</ele></trkpt>
      <trkpt lat="51.523253" lon="-0.148791"><ele>27</ele></trkpt>
      <trkpt lat="51.523307" lon="-0.148459"><ele>27</ele></trkpt>
      <trkpt lat="51.52331" lon="-0.148441"><ele>27</ele></trkpt>
      <trkpt lat="51.523321" lon="-0.148368"><ele>27</ele></trkpt>
      <trkpt lat="51.523325" lon="-0.148346"><ele>27</ele></trkpt>
      <trkpt lat="51.523392" lon="-0.147943"><ele>27.5</ele></trkpt>
      <trkpt lat="51.523369" lon="-0.147932"><ele>27.5</ele></trkpt>
      <trkpt lat="51.523374" lon="-0.147916"><ele>27.5</ele></trkpt>
      <trkpt lat="51.523389" lon="-0.147839"><ele>27.75</ele></trkpt>
      <trkpt lat="51.523425" lon="-0.147712"><ele>28</ele></trkpt>
      <trkpt lat="51.523426" lon="-0.147703"><ele>28</ele></trkpt>
      <trkpt lat="51.523434" lon="-0.147663"><ele>28</ele></trkpt>
      <trkpt lat="51.523448" lon="-0.14754"><ele>28</ele></trkpt>
      <trkpt lat="51.523539" lon="-0.147034"><ele>28</ele></trkpt>
      <trkpt lat="51.523549" lon="-0.146989"><ele>28</ele></trkpt>
      <trkpt lat="51.523562" lon="-0.146912"><ele>28</ele></trkpt>
      <trkpt lat="51.523578" lon="-0.146814"><ele>28</ele></trkpt>
      <trkpt lat="51.523592" lon="-0.146728"><ele>28</ele></trkpt>
      <trkpt lat="51.523602" lon="-0.146677"><ele>28</ele></trkpt>
      <trkpt lat="51.523817" lon="-0.145416"><ele>28</ele></trkpt>
      <trkpt lat="51.52384" lon="-0.145293"><ele>28</ele></trkpt>
      <trkpt lat="51.523825" lon="-0.145267"><ele>28</ele></trkpt>
      <trkpt lat="51.523829" lon="-0.145247"><ele>28</ele></trkpt>
      <trkpt lat="51.523847" lon="-0.145145"><ele>28</ele></trkpt>
      <trkpt lat="51.523858" lon="-0.14503"><ele>28</ele></trkpt>
      <trkpt lat="51.523861" lon="-0.145007"><ele>28</ele></trkpt>
      <trkpt lat="51.523887" lon="-0.144984"><ele>28</ele></trkpt>
      <trkpt lat="51.523903" lon="-0.144935"><ele>28.25</ele></trkpt>
      <trkpt lat="51.523927" lon="-0.144754"><ele>28.75</ele></trkpt>
      <trkpt lat="51.523942" lon="-0.144438"><ele>28</ele></trkpt>
      <trkpt lat="51.523926" lon="-0.144369"><ele>28.25</ele></trkpt>
      <trkpt lat="51.523911" lon="-0.144338"><ele>28.25</ele></trkpt>
      <trkpt lat="51.523912" lon="-0.144293"><ele>28.5</ele></trkpt>
      <trkpt lat="51.523913" lon="-0.144233"><ele>28.75</ele></trkpt>
      <trkpt lat="51.523878" lon="-0.144231"><ele>28.5</ele></trkpt>
      <trkpt lat="51.52384" lon="-0.144231"><ele>28.25</ele></trkpt>
      <trkpt lat="51.523878" lon="-0.144231"><ele>28.5</ele></trkpt>
      <trkpt lat="51.523913" lon="-0.144233"><ele>28.75</ele></trkpt>
      <trkpt lat="51.523911" lon="-0.14411"><ele>29</ele></trkpt>
      <trkpt lat="51.52391" lon="-0.144072"><ele>29</ele></trkpt>
      <trkpt lat="51.523941" lon="-0.144063"><ele>29</ele></trkpt>
      <trkpt lat="51.523966" lon="-0.144056"><ele>28.75</ele></trkpt>
      <trkpt lat="51.523997" lon="-0.144047"><ele>29</ele></trkpt>
      <trkpt lat="51.52402" lon="-0.14404"><ele>29</ele></trkpt>
      <trkpt lat="51.524062" lon="-0.14403"><ele>29</ele></trkpt>
      <trkpt lat="51.524115" lon="-0.144014"><ele>29</ele></trkpt>
      <trkpt lat="51.524138" lon="-0.144007"><ele>29</ele></trkpt>
      <trkpt lat="51.524089" lon="-0.143573"><ele>29</ele></trkpt>
      <trkpt lat="51.52409" lon="-0.143481"><ele>29</ele></trkpt>
      <trkpt lat="51.524089" lon="-0.143462"><ele>29</ele></trkpt>
      <trkpt lat="51.524087" lon="-0.143416"><ele>29</ele></trkpt>
      <trkpt lat="51.524082" lon="-0.143372"><ele>29</ele></trkpt>
      <trkpt lat="51.524079" lon="-0.143352"><ele>29</ele></trkpt>
      <trkpt lat="51.524082" lon="-0.143337"><ele>29</ele></trkpt>
      <trkpt lat="51.524089" lon="-0.143299"><ele>29</ele></trkpt>
      <trkpt lat="51.524095" lon="-0.143264"><ele>29</ele></trkpt>
      <trkpt lat="51.524107" lon="-0.143222"><ele>29</ele></trkpt>
      <trkpt lat="51.524074" lon="-0.143166"><ele>29</ele></trkpt>
      <trkpt lat="51.524064" lon="-0.143083"><ele>29</ele></trkpt>
      <trkpt lat="51.524109" lon="-0.142518"><ele>28</ele></trkpt>
      <trkpt lat="51.524156" lon="-0.14216"><ele>28</ele></trkpt>
      <trkpt lat="51.524252" lon="-0.141684"><ele>28</ele></trkpt>
      <trkpt lat="51.524374" lon="-0.141296"><ele>28</ele></trkpt>
      <trkpt lat="51.524632" lon="-0.140372"><ele>28</ele></trkpt>
      <trkpt lat="51.524737" lon="-0.140053"><ele>27</ele></trkpt>
      <trkpt lat="51.524999" lon="-0.139215"><ele>27</ele></trkpt>
      <trkpt lat="51.525195" lon="-0.138494"><ele>26.25</ele></trkpt>
      <trkpt lat="51.525255" lon="-0.138503"><ele>27.5</ele></trkpt>
      <trkpt lat="51.525283" lon="-0.138482"><ele>27.75</ele></trkpt>
      <trkpt lat="51.525306" lon="-0.138469"><ele>27.75</ele></trkpt>
      <trkpt lat="51.525323" lon="-0.13841"><ele>27.75</ele></trkpt>
      <trkpt lat="51.525338" lon="-0.138358"><ele>27.75</ele></trkpt>
      <trkpt lat="51.52535" lon="-0.138316"><ele>27.5</ele></trkpt>
      <trkpt lat="51.52535" lon="-0.138313"><ele>27.5</ele></trkpt>
      <trkpt lat="51.525369" lon="-0.138236"><ele>27</ele></trkpt>
      <trkpt lat="51.525392" lon="-0.138168"><ele>26.75</ele></trkpt>
      <trkpt lat="51.525402" lon="-0.138111"><ele>26.5</ele></trkpt>
      <trkpt lat="51.525325" lon="-0.137948"><ele>25</ele></trkpt>
      <trkpt lat="51.525488" lon="-0.137287"><ele>26</ele></trkpt>
      <trkpt lat="51.525702" lon="-0.13648"><ele>25.5</ele></trkpt>
      <trkpt lat="51.525734" lon="-0.136392"><ele>25.75</ele></trkpt>
      <trkpt lat="51.525757" lon="-0.136367"><ele>25.75</ele></trkpt>
      <trkpt lat="51.525745" lon="-0.136294"><ele>26</ele></trkpt>
      <trkpt lat="51.525753" lon="-0.136228"><ele>26</ele></trkpt>
      <trkpt lat="51.525757" lon="-0.136202"><ele>26</ele></trkpt>
      <trkpt lat="51.525762" lon="-0.136178"><ele>26</ele></trkpt>
      <trkpt lat="51.525778" lon="-0.136094"><ele>25.75</ele></trkpt>
      <trkpt lat="51.525767" lon="-0.136042"><ele>25.75</ele></trkpt>
      <trkpt lat="51.52578" lon="-0.135798"><ele>25.25</ele></trkpt>
      <trkpt lat="51.525791" lon="-0.135749"><ele>25.25</ele></trkpt>
      <trkpt lat="51.525815" lon="-0.135775"><ele>25.25</ele></trkpt>
      <trkpt lat="51.525835" lon="-0.135793"><ele>25</ele></trkpt>
      <trkpt lat="51.52585" lon="-0.135806"><ele>25</ele></trkpt>
      <trkpt lat="51.525841" lon="-0.13583"><ele>25</ele></trkpt>
      <trkpt lat="51.525822" lon="-0.135884"><ele>25</ele></trkpt>
      <trkpt lat="51.525786" lon="-0.135981"><ele>25</ele></trkpt>
      <trkpt lat="51.525606" lon="-0.135823"><ele>25</ele></trkpt>
      <trkpt lat="51.525786" lon="-0.135981"><ele>25</ele></trkpt>
      <trkpt lat="51.525822" lon="-0.135884"><ele>25</ele></trkpt>
      <trkpt lat="51.525841" lon="-0.13583"><ele>25</ele></trkpt>
      <trkpt lat="51.52585" lon="-0.135806"><ele>25</ele></trkpt>
      <trkpt lat="51.525835" lon="-0.135793"><ele>25</ele></trkpt>
      <trkpt lat="51.525815" lon="-0.135775"><ele>25.25</ele></trkpt>
      <trkpt lat="51.525791" lon="-0.135749"><ele>25.25</ele></trkpt>
      <trkpt lat="51.525853" lon="-0.135471"><ele>25.75</ele></trkpt>
      <trkpt lat="51.526328" lon="-0.134088"><ele>24.25</ele></trkpt>
      <trkpt lat="51.526415" lon="-0.133946"><ele>24.5</ele></trkpt>
      <trkpt lat="51.526439" lon="-0.133894"><ele>24.75</ele></trkpt>
      <trkpt lat="51.52645" lon="-0.133862"><ele>24.75</ele></trkpt>
      <trkpt lat="51.52648" lon="-0.13376"><ele>24.5</ele></trkpt>
      <trkpt lat="51.526511" lon="-0.133669"><ele>24.5</ele></trkpt>
      <trkpt lat="51.526509" lon="-0.133636"><ele>24.5</ele></trkpt>
      <trkpt lat="51.526506" lon="-0.133582"><ele>24.5</ele></trkpt>
      <trkpt lat="51.526502" lon="-0.133526"><ele>24.25</ele></trkpt>
      <trkpt lat="51.526509" lon="-0.133473"><ele>24.25</ele></trkpt>
      <trkpt lat="51.526542" lon="-0.133376"><ele>24</ele></trkpt>
      <trkpt lat="51.526831" lon="-0.132578"><ele>24</ele></trkpt>
      <trkpt lat="51.526901" lon="-0.132461"><ele>24</ele></trkpt>
      <trkpt lat="51.526921" lon="-0.132443"><ele>24</ele></trkpt>
      <trkpt lat="51.526921" lon="-0.132415"><ele>24</ele></trkpt>
      <trkpt lat="51.526922" lon="-0.132378"><ele>24</ele></trkpt>
      <trkpt lat="51.526924" lon="-0.132336"><ele>24</ele></trkpt>
      <trkpt lat="51.526947" lon="-0.132248"><ele>23.75</ele></trkpt>
      <trkpt lat="51.526959" lon="-0.132212"><ele>23.75</ele></trkpt>
      <trkpt lat="51.526969" lon="-0.132186"><ele>23.75</ele></trkpt>
      <trkpt lat="51.526982" lon="-0.13215"><ele>23.75</ele></trkpt>
      <trkpt lat="51.527331" lon="-0.131141"><ele>23</ele></trkpt>
      <trkpt lat="51.52737" lon="-0.131029"><ele>23</ele></trkpt>
      <trkpt lat="51.527387" lon="-0.130962"><ele>23</ele></trkpt>
      <trkpt lat="51.527409" lon="-0.130897"><ele>23</ele></trkpt>
      <trkpt lat="51.527433" lon="-0.130824"><ele>23</ele></trkpt>
      <trkpt lat="51.527436" lon="-0.130812"><ele>23</ele></trkpt>
      <trkpt lat="51.527449" lon="-0.130761"><ele>23</ele></trkpt>
      <trkpt lat="51.527757" lon="-0.12989"><ele>22.5</ele></trkpt>
      <trkpt lat="51.527775" lon="-0.129875"><ele>22.5</ele></trkpt>
      <trkpt lat="51.527806" lon="-0.129882"><ele>22.25</ele></trkpt>
      <trkpt lat="51.527821" lon="-0.129845"><ele>22.25</ele></trkpt>
      <trkpt lat="51.527844" lon="-0.129783"><ele>21.75</ele></trkpt>
      <trkpt lat="51.527871" lon="-0.129707"><ele>21.5</ele></trkpt>
      <trkpt lat="51.527879" lon="-0.129681"><ele>21.5</ele></trkpt>
      <trkpt lat="51.527864" lon="-0.129611"><ele>21.75</ele></trkpt>
      <trkpt lat="51.528203" lon="-0.128746"><ele>21</ele></trkpt>
      <trkpt lat="51.528242" lon="-0.128756"><ele>21</ele></trkpt>
      <trkpt lat="51.528247" lon="-0.128742"><ele>21</ele></trkpt>
      <trkpt lat="51.528272" lon="-0.128677"><ele>21</ele></trkpt>
      <trkpt lat="51.528287" lon="-0.128638"><ele>21</ele></trkpt>
      <trkpt lat="51.528296" lon="-0.128616"><ele>21</ele></trkpt>
      <trkpt lat="51.52827" lon="-0.128589"><ele>21</ele></trkpt>
      <trkpt lat="51.52849" lon="-0.12804"><ele>21</ele></trkpt>
      <trkpt lat="51.528592" lon="-0.127787"><ele>21</ele></trkpt>
      <trkpt lat="51.528617" lon="-0.127751"><ele>20.75</ele></trkpt>
      <trkpt lat="51.528659" lon="-0.127735"><ele>20.75</ele></trkpt>
      <trkpt lat="51.528665" lon="-0.127712"><ele>20.75</ele></trkpt>
      <trkpt lat="51.528681" lon="-0.127673"><ele>20.75</ele></trkpt>
      <trkpt lat="51.528696" lon="-0.127634"><ele>20.75</ele></trkpt>
      <trkpt lat="51.528704" lon="-0.127614"><ele>20.75</ele></trkpt>
      <trkpt lat="51.528716" lon="-0.127588"><ele>20.75</ele></trkpt>
      <trkpt lat="51.528729" lon="-0.127562"><ele>20.75</ele></trkpt>
      <trkpt lat="51.528737" lon="-0.127529"><ele>20.75</ele></trkpt>
      <trkpt lat="51.528742" lon="-0.127515"><ele>20.75</ele></trkpt>
      <trkpt lat="51.52878" lon="-0.127415"><ele>20.5</ele></trkpt>
      <trkpt lat="51.528813" lon="-0.127333"><ele>20.25</ele></trkpt>
      <trkpt lat="51.529122" lon="-0.126555"><ele>19.5</ele></trkpt>
      <trkpt lat="51.529166" lon="-0.126452"><ele>19</ele></trkpt>
      <trkpt lat="51.52918" lon="-0.126409"><ele>19</ele></trkpt>
      <trkpt lat="51.529202" lon="-0.126344"><ele>19</ele></trkpt>
      <trkpt lat="51.529236" lon="-0.12625"><ele>19</ele></trkpt>
      <trkpt lat="51.529259" lon="-0.126164"><ele>19</ele></trkpt>
      <trkpt lat="51.529267" lon="-0.126116"><ele>19</ele></trkpt>
      <trkpt lat="51.52931" lon="-0.126003"><ele>19</ele></trkpt>
      <trkpt lat="51.52938" lon="-0.125823"><ele>19</ele></trkpt>
      <trkpt lat="51.52944" lon="-0.125668"><ele>19</ele></trkpt>
      <trkpt lat="51.529751" lon="-0.124914"><ele>17.75</ele></trkpt>
      <trkpt lat="51.529857" lon="-0.124636"><ele>17.5</ele></trkpt>
      <trkpt lat="51.53002" lon="-0.124255"><ele>17</ele></trkpt>
      <trkpt lat="51.53007" lon="-0.124302"><ele>17</ele></trkpt>
      <trkpt lat="51.530084" lon="-0.124257"><ele>17</ele></trkpt>
      <trkpt lat="51.530101" lon="-0.124218"><ele>17</ele></trkpt>
      <trkpt lat="51.530122" lon="-0.12417"><ele>17</ele></trkpt>
      <trkpt lat="51.530159" lon="-0.124086"><ele>17</ele></trkpt>
      <trkpt lat="51.530182" lon="-0.124038"><ele>17</ele></trkpt>
      <trkpt lat="51.53021" lon="-0.123977"><ele>17</ele></trkpt>
      <trkpt lat="51.530289" lon="-0.123914"><ele>17</ele></trkpt>
      <trkpt lat="51.530369" lon="-0.123662"><ele>17</ele></trkpt>
      <trkpt lat="51.530538" lon="-0.123165"><ele>16.25</ele></trkpt>
      <trkpt lat="51.530663" lon="-0.123185"><ele>17</ele></trkpt>
      <trkpt lat="51.530538" lon="-0.123165"><ele>16.25</ele></trkpt>
      <trkpt lat="51.530762" lon="-0.122602"><ele>16</ele></trkpt>
      <trkpt lat="51.530733" lon="-0.122565"><ele>16</ele></trkpt>
      <trkpt lat="51.530713" lon="-0.122536"><ele>16</ele></trkpt>
      <trkpt lat="51.530681" lon="-0.122495"><ele>16</ele></trkpt>
      <trkpt lat="51.530656" lon="-0.122463"><ele>16</ele></trkpt>
      <trkpt lat="51.530682" lon="-0.122387"><ele>16</ele></trkpt>
      <trkpt lat="51.530701" lon="-0.12231"><ele>16</ele></trkpt>
      <trkpt lat="51.530671" lon="-0.122198"><ele>16</ele></trkpt>
      <trkpt lat="51.530692" lon="-0.122168"><ele>16</ele></trkpt>
      <trkpt lat="51.530718" lon="-0.12213"><ele>16</ele></trkpt>
      <trkpt lat="51.530739" lon="-0.122085"><ele>16</ele></trkpt>
      <trkpt lat="51.53076" lon="-0.121992"><ele>16</ele></trkpt>
      <trkpt lat="51.530817" lon="-0.121089"><ele>16</ele></trkpt>
      <trkpt lat="51.530784" lon="-0.121081"><ele>16</ele></trkpt>
      <trkpt lat="51.530782" lon="-0.121046"><ele>16</ele></trkpt>
      <trkpt lat="51.530784" lon="-0.120973"><ele>16</ele></trkpt>
      <trkpt lat="51.530786" lon="-0.120904"><ele>16</ele></trkpt>
      <trkpt lat="51.530787" lon="-0.120859"><ele>16</ele></trkpt>
      <trkpt lat="51.530815" lon="-0.120863"><ele>16</ele></trkpt>
      <trkpt lat="51.53088" lon="-0.119828"><ele>15</ele></trkpt>
      <trkpt lat="51.530864" lon="-0.119743"><ele>15</ele></trkpt>
      <trkpt lat="51.530741" lon="-0.119098"><ele>15.25</ele></trkpt>
      <trkpt lat="51.530617" lon="-0.118508"><ele>14.25</ele></trkpt>
      <trkpt lat="51.530613" lon="-0.118491"><ele>14.25</ele></trkpt>
      <trkpt lat="51.530606" lon="-0.118456"><ele>14.25</ele></trkpt>
      <trkpt lat="51.5306" lon="-0.118427"><ele>14.25</ele></trkpt>
      <trkpt lat="51.530597" lon="-0.118415"><ele>14.25</ele></trkpt>
      <trkpt lat="51.530547" lon="-0.118173"><ele>14</ele></trkpt>
      <trkpt lat="51.530476" lon="-0.117902"><ele>14</ele></trkpt>
      <trkpt lat="51.530467" lon="-0.117867"><ele>14</ele></trkpt>
      <trkpt lat="51.530457" lon="-0.117824"><ele>14</ele></trkpt>
      <trkpt lat="51.530446" lon="-0.117783"><ele>14</ele></trkpt>
      <trkpt lat="51.530433" lon="-0.11774"><ele>14</ele></trkpt>
      <trkpt lat="51.530263" lon="-0.117174"><ele>14</ele></trkpt>
      <trkpt lat="51.530247" lon="-0.11712"><ele>14</ele></trkpt>
      <trkpt lat="51.530234" lon="-0.11707"><ele>14</ele></trkpt>
      <trkpt lat="51.530208" lon="-0.116976"><ele>14</ele></trkpt>
      <trkpt lat="51.530198" lon="-0.11695"><ele>14</ele></trkpt>
      <trkpt lat="51.529914" lon="-0.116197"><ele>14</ele></trkpt>
      <trkpt lat="51.529906" lon="-0.116176"><ele>14</ele></trkpt>
      <trkpt lat="51.529896" lon="-0.116153"><ele>14</ele></trkpt>
      <trkpt lat="51.529885" lon="-0.116129"><ele>14</ele></trkpt>
      <trkpt lat="51.529877" lon="-0.116114"><ele>14</ele></trkpt>
      <trkpt lat="51.529827" lon="-0.116037"><ele>14.25</ele></trkpt>
      <trkpt lat="51.529744" lon="-0.115951"><ele>14.5</ele></trkpt>
      <trkpt lat="51.529679" lon="-0.115921"><ele>14.5</ele></trkpt>
      <trkpt lat="51.529481" lon="-0.115888"><ele>14.75</ele></trkpt>
      <trkpt lat="51.529456" lon="-0.115911"><ele>14.75</ele></trkpt>
      <trkpt lat="51.529438" lon="-0.115964"><ele>14.75</ele></trkpt>
      <trkpt lat="51.529422" lon="-0.115957"><ele>14.75</ele></trkpt>
      <trkpt lat="51.529384" lon="-0.115935"><ele>14.75</ele></trkpt>
      <trkpt lat="51.529336" lon="-0.115906"><ele>14.75</ele></trkpt>
      <trkpt lat="51.529328" lon="-0.115896"><ele>14.75</ele></trkpt>
      <trkpt lat="51.529312" lon="-0.115878"><ele>14.75</ele></trkpt>
      <trkpt lat="51.529006" lon="-0.11582"><ele>15</ele></trkpt>
      <trkpt lat="51.528973" lon="-0.115819"><ele>15</ele></trkpt>
      <trkpt lat="51.52894" lon="-0.115854"><ele>15</ele></trkpt>
      <trkpt lat="51.52893" lon="-0.115831"><ele>15</ele></trkpt>
      <trkpt lat="51.52891" lon="-0.115801"><ele>15</ele></trkpt>
      <trkpt lat="51.528886" lon="-0.115778"><ele>15</ele></trkpt>
      <trkpt lat="51.528868" lon="-0.115764"><ele>15</ele></trkpt>
      <trkpt lat="51.528861" lon="-0.115741"><ele>15</ele></trkpt>
      <trkpt lat="51.528854" lon="-0.115695"><ele>15</ele></trkpt>
      <trkpt lat="51.528847" lon="-0.115652"><ele>15</ele></trkpt>
      <trkpt lat="51.528843" lon="-0.11562"><ele>15</ele></trkpt>
      <trkpt lat="51.528658" lon="-0.11561"><ele>15</ele></trkpt>
      <trkpt lat="51.528499" lon="-0.115582"><ele>14.5</ele></trkpt>
      <trkpt lat="51.528212" lon="-0.115544"><ele>14</ele></trkpt>
      <trkpt lat="51.527921" lon="-0.115433"><ele>14.5</ele></trkpt>
      <trkpt lat="51.527911" lon="-0.115422"><ele>14.75</ele></trkpt>
      <trkpt lat="51.527907" lon="-0.115379"><ele>14.75</ele></trkpt>
      <trkpt lat="51.527894" lon="-0.11537"><ele>14.75</ele></trkpt>
      <trkpt lat="51.527857" lon="-0.115344"><ele>14.75</ele></trkpt>
      <trkpt lat="51.527796" lon="-0.115305"><ele>14.75</ele></trkpt>
      <trkpt lat="51.527751" lon="-0.115318"><ele>14.75</ele></trkpt>
      <trkpt lat="51.527727" lon="-0.115301"><ele>14.75</ele></trkpt>
      <trkpt lat="51.52744" lon="-0.114901"><ele>13.25</ele></trkpt>
      <trkpt lat="51.527169" lon="-0.114456"><ele>14.75</ele></trkpt>
      <trkpt lat="51.527144" lon="-0.114421"><ele>15</ele></trkpt>
      <trkpt lat="51.527081" lon="-0.114336"><ele>15</ele></trkpt>
      <trkpt lat="51.526861" lon="-0.113975"><ele>14.75</ele></trkpt>
      <trkpt lat="51.526777" lon="-0.113853"><ele>15</ele></trkpt>
      <trkpt lat="51.526673" lon="-0.11367"><ele>15.75</ele></trkpt>
      <trkpt lat="51.526646" lon="-0.113604"><ele>16</ele></trkpt>
      <trkpt lat="51.526603" lon="-0.11344"><ele>16.5</ele></trkpt>
      <trkpt lat="51.526574" lon="-0.113297"><ele>17</ele></trkpt>
      <trkpt lat="51.526569" lon="-0.113249"><ele>17.25</ele></trkpt>
      <trkpt lat="51.526594" lon="-0.113228"><ele>17.25</ele></trkpt>
      <trkpt lat="51.52659" lon="-0.113211"><ele>17.25</ele></trkpt>
      <trkpt lat="51.526579" lon="-0.113169"><ele>17.5</ele></trkpt>
      <trkpt lat="51.526569" lon="-0.113127"><ele>17.5</ele></trkpt>
      <trkpt lat="51.526565" lon="-0.11311"><ele>17.75</ele></trkpt>
      <trkpt lat="51.526538" lon="-0.113119"><ele>17.75</ele></trkpt>
      <trkpt lat="51.526531" lon="-0.113113"><ele>17.75</ele></trkpt>
      <trkpt lat="51.526477" lon="-0.112937"><ele>18</ele></trkpt>
      <trkpt lat="51.526469" lon="-0.112897"><ele>18</ele></trkpt>
      <trkpt lat="51.526471" lon="-0.112875"><ele>18</ele></trkpt>
      <trkpt lat="51.526489" lon="-0.11282"><ele>18.25</ele></trkpt>
      <trkpt lat="51.52647" lon="-0.112797"><ele>18.25</ele></trkpt>
      <trkpt lat="51.526438" lon="-0.112758"><ele>18</ele></trkpt>
      <trkpt lat="51.526404" lon="-0.11269"><ele>18</ele></trkpt>
      <trkpt lat="51.526395" lon="-0.112672"><ele>18</ele></trkpt>
      <trkpt lat="51.526376" lon="-0.11266"><ele>18</ele></trkpt>
      <trkpt lat="51.526061" lon="-0.112112"><ele>19.25</ele></trkpt>
      <trkpt lat="51.525247" lon="-0.110728"><ele>21.25</ele></trkpt>
      <trkpt lat="51.525236" lon="-0.110689"><ele>21.5</ele></trkpt>
      <trkpt lat="51.52523" lon="-0.110634"><ele>21.5</ele></trkpt>
      <trkpt lat="51.525222" lon="-0.110561"><ele>21.75</ele></trkpt>
      <trkpt lat="51.52521" lon="-0.110479"><ele>22</ele></trkpt>
      <trkpt lat="51.525204" lon="-0.110469"><ele>22</ele></trkpt>
      <trkpt lat="51.525176" lon="-0.110478"><ele>22</ele></trkpt>
      <trkpt lat="51.52515" lon="-0.110475"><ele>22</ele></trkpt>
      <trkpt lat="51.525112" lon="-0.11043"><ele>22</ele></trkpt>
      <trkpt lat="51.52507" lon="-0.110407"><ele>22</ele></trkpt>
      <trkpt lat="51.525022" lon="-0.110403"><ele>22</ele></trkpt>
      <trkpt lat="51.524953" lon="-0.110356"><ele>21.5</ele></trkpt>
      <trkpt lat="51.52462" lon="-0.109954"><ele>19.5</ele></trkpt>
      <trkpt lat="51.52461" lon="-0.109942"><ele>19.5</ele></trkpt>
      <trkpt lat="51.52458" lon="-0.109906"><ele>19.25</ele></trkpt>
      <trkpt lat="51.524571" lon="-0.109894"><ele>19.25</ele></trkpt>
      <trkpt lat="51.524567" lon="-0.10989"><ele>19.25</ele></trkpt>
      <trkpt lat="51.524559" lon="-0.109908"><ele>19.25</ele></trkpt>
      <trkpt lat="51.5245" lon="-0.109833"><ele>19</ele></trkpt>
      <trkpt lat="51.524123" lon="-0.109341"><ele>17.75</ele></trkpt>
      <trkpt lat="51.523876" lon="-0.108971"><ele>16.75</ele></trkpt>
      <trkpt lat="51.523885" lon="-0.108912"><ele>16.75</ele></trkpt>
      <trkpt lat="51.523853" lon="-0.108859"><ele>16.5</ele></trkpt>
      <trkpt lat="51.523825" lon="-0.108824"><ele>16.25</ele></trkpt>
      <trkpt lat="51.523814" lon="-0.108817"><ele>16.25</ele></trkpt>
      <trkpt lat="51.523794" lon="-0.108803"><ele>16</ele></trkpt>
      <trkpt lat="51.523628" lon="-0.108526"><ele>15</ele></trkpt>
      <trkpt lat="51.523481" lon="-0.108303"><ele>14.25</ele></trkpt>
      <trkpt lat="51.523441" lon="-0.108258"><ele>14</ele></trkpt>
      <trkpt lat="51.523412" lon="-0.108225"><ele>13.75</ele></trkpt>
      <trkpt lat="51.523404" lon="-0.108214"><ele>13.75</ele></trkpt>
      <trkpt lat="51.523269" lon="-0.108032"><ele>12.75</ele></trkpt>
      <trkpt lat="51.523132" lon="-0.107843"><ele>11</ele></trkpt>
      <trkpt lat="51.52312" lon="-0.10779"><ele>10.5</ele></trkpt>
      <trkpt lat="51.523114" lon="-0.107783"><ele>10.25</ele></trkpt>
      <trkpt lat="51.523076" lon="-0.107748"><ele>9.75</ele></trkpt>
      <trkpt lat="51.523047" lon="-0.107725"><ele>9.5</ele></trkpt>
      <trkpt lat="51.523022" lon="-0.107711"><ele>9.75</ele></trkpt>
      <trkpt lat="51.523004" lon="-0.1077"><ele>9.75</ele></trkpt>
      <trkpt lat="51.522642" lon="-0.107302"><ele>6.5</ele></trkpt>
      <trkpt lat="51.522391" lon="-0.107064"><ele>7.5</ele></trkpt>
      <trkpt lat="51.522357" lon="-0.107032"><ele>7.75</ele></trkpt>
      <trkpt lat="51.522318" lon="-0.106995"><ele>8</ele></trkpt>
      <trkpt lat="51.522276" lon="-0.106955"><ele>8.5</ele></trkpt>
      <trkpt lat="51.522258" lon="-0.106906"><ele>8.5</ele></trkpt>
      <trkpt lat="51.522261" lon="-0.106874"><ele>8.5</ele></trkpt>
      <trkpt lat="51.522247" lon="-0.106864"><ele>8.5</ele></trkpt>
      <trkpt lat="51.522193" lon="-0.106827"><ele>8.5</ele></trkpt>
      <trkpt lat="51.522149" lon="-0.106798"><ele>8.75</ele></trkpt>
      <trkpt lat="51.522137" lon="-0.106789"><ele>8.75</ele></trkpt>
      <trkpt lat="51.522175" lon="-0.106267"><ele>9.25</ele></trkpt>
      <trkpt lat="51.52217" lon="-0.106236"><ele>9.25</ele></trkpt>
      <trkpt lat="51.522066" lon="-0.106183"><ele>9.25</ele></trkpt>
      <trkpt lat="51.521966" lon="-0.106116"><ele>9.25</ele></trkpt>
      <trkpt lat="51.521716" lon="-0.105941"><ele>9.25</ele></trkpt>
      <trkpt lat="51.521578" lon="-0.10581"><ele>9.25</ele></trkpt>
      <trkpt lat="51.52152" lon="-0.105741"><ele>9</ele></trkpt>
      <trkpt lat="51.521375" lon="-0.105577"><ele>9.25</ele></trkpt>
      <trkpt lat="51.521227" lon="-0.105349"><ele>10</ele></trkpt>
      <trkpt lat="51.521158" lon="-0.105266"><ele>10.25</ele></trkpt>
      <trkpt lat="51.52112" lon="-0.105214"><ele>10.25</ele></trkpt>
      <trkpt lat="51.521113" lon="-0.105232"><ele>10</ele></trkpt>
      <trkpt lat="51.521095" lon="-0.105273"><ele>9.75</ele></trkpt>
      <trkpt lat="51.52097" lon="-0.105172"><ele>9</ele></trkpt>
      <trkpt lat="51.520941" lon="-0.105112"><ele>9.25</ele></trkpt>
      <trkpt lat="51.520922" lon="-0.105075"><ele>9.5</ele></trkpt>
      <trkpt lat="51.520832" lon="-0.105006"><ele>9.75</ele></trkpt>
      <trkpt lat="51.520726" lon="-0.104926"><ele>9.25</ele></trkpt>
      <trkpt lat="51.520589" lon="-0.104823"><ele>9.5</ele></trkpt>
      <trkpt lat="51.520396" lon="-0.104676"><ele>10.25</ele></trkpt>
      <trkpt lat="51.52037" lon="-0.104665"><ele>10.25</ele></trkpt>
      <trkpt lat="51.520355" lon="-0.104714"><ele>10.25</ele></trkpt>
      <trkpt lat="51.520312" lon="-0.104679"><ele>10.25</ele></trkpt>
      <trkpt lat="51.520258" lon="-0.104853"><ele>8.5</ele></trkpt>
      <trkpt lat="51.520263" lon="-0.104911"><ele>7.25</ele></trkpt>
      <trkpt lat="51.520258" lon="-0.104853"><ele>8.5</ele></trkpt>
      <trkpt lat="51.520228" lon="-0.104828"><ele>8.5</ele></trkpt>
      <trkpt lat="51.520125" lon="-0.104743"><ele>8.75</ele></trkpt>
      <trkpt lat="51.520066" lon="-0.104695"><ele>8.5</ele></trkpt>
      <trkpt lat="51.520141" lon="-0.104449"><ele>10</ele></trkpt>
      <trkpt lat="51.52016" lon="-0.104408"><ele>10.25</ele></trkpt>
      <trkpt lat="51.520145" lon="-0.104385"><ele>10</ele></trkpt>
      <trkpt lat="51.520125" lon="-0.104251"><ele>9.75</ele></trkpt>
      <trkpt lat="51.520113" lon="-0.104066"><ele>10</ele></trkpt>
      <trkpt lat="51.520119" lon="-0.103557"><ele>13</ele></trkpt>
      <trkpt lat="51.520118" lon="-0.103133"><ele>14.25</ele></trkpt>
      <trkpt lat="51.520103" lon="-0.102941"><ele>14.75</ele></trkpt>
      <trkpt lat="51.520085" lon="-0.102597"><ele>15</ele></trkpt>
      <trkpt lat="51.520067" lon="-0.102421"><ele>14.75</ele></trkpt>
      <trkpt lat="51.520042" lon="-0.102342"><ele>14.75</ele></trkpt>
      <trkpt lat="51.520012" lon="-0.102291"><ele>14.75</ele></trkpt>
      <trkpt lat="51.519996" lon="-0.102264"><ele>15</ele></trkpt>
      <trkpt lat="51.519981" lon="-0.102242"><ele>15</ele></trkpt>
      <trkpt lat="51.519864" lon="-0.102086"><ele>15.25</ele></trkpt>
      <trkpt lat="51.519836" lon="-0.102043"><ele>15.5</ele></trkpt>
      <trkpt lat="51.519828" lon="-0.102006"><ele>15.5</ele></trkpt>
      <trkpt lat="51.519839" lon="-0.10187"><ele>15.5</ele></trkpt>
      <trkpt lat="51.519761" lon="-0.101887"><ele>15.75</ele></trkpt>
      <trkpt lat="51.519758" lon="-0.101861"><ele>15.75</ele></trkpt>
      <trkpt lat="51.519756" lon="-0.101832"><ele>15.75</ele></trkpt>
      <trkpt lat="51.519753" lon="-0.101803"><ele>15.75</ele></trkpt>
      <trkpt lat="51.519752" lon="-0.101773"><ele>15.75</ele></trkpt>
      <trkpt lat="51.519731" lon="-0.10176"><ele>15.75</ele></trkpt>
      <trkpt lat="51.519709" lon="-0.101741"><ele>16</ele></trkpt>
      <trkpt lat="51.519697" lon="-0.101729"><ele>16</ele></trkpt>
      <trkpt lat="51.519657" lon="-0.10169"><ele>16</ele></trkpt>
      <trkpt lat="51.519676" lon="-0.101634"><ele>16</ele></trkpt>
      <trkpt lat="51.519649" lon="-0.101614"><ele>16</ele></trkpt>
      <trkpt lat="51.519657" lon="-0.101589"><ele>16</ele></trkpt>
      <trkpt lat="51.519673" lon="-0.101544"><ele>16</ele></trkpt>
      <trkpt lat="51.520053" lon="-0.100331"><ele>16</ele></trkpt>
      <trkpt lat="51.520056" lon="-0.100287"><ele>16</ele></trkpt>
      <trkpt lat="51.520054" lon="-0.100274"><ele>16</ele></trkpt>
      <trkpt lat="51.520057" lon="-0.100255"><ele>16</ele></trkpt>
      <trkpt lat="51.520064" lon="-0.100213"><ele>16</ele></trkpt>
      <trkpt lat="51.520078" lon="-0.100133"><ele>16</ele></trkpt>
      <trkpt lat="51.520081" lon="-0.100117"><ele>16</ele></trkpt>
      <trkpt lat="51.52009" lon="-0.100067"><ele>16</ele></trkpt>
      <trkpt lat="51.520213" lon="-0.099678"><ele>16.5</ele></trkpt>
      <trkpt lat="51.520227" lon="-0.099643"><ele>16.25</ele></trkpt>
      <trkpt lat="51.520246" lon="-0.099588"><ele>15.75</ele></trkpt>
      <trkpt lat="51.520305" lon="-0.099401"><ele>15</ele></trkpt>
      <trkpt lat="51.520405" lon="-0.099036"><ele>14.75</ele></trkpt>
      <trkpt lat="51.520473" lon="-0.098753"><ele>15.75</ele></trkpt>
      <trkpt lat="51.520528" lon="-0.098442"><ele>17</ele></trkpt>
      <trkpt lat="51.52065" lon="-0.097676"><ele>18.25</ele></trkpt>
      <trkpt lat="51.52065" lon="-0.097626"><ele>18.25</ele></trkpt>
      <trkpt lat="51.520346" lon="-0.097541"><ele>17.5</ele></trkpt>
      <trkpt lat="51.520241" lon="-0.097513"><ele>17.75</ele></trkpt>
      <trkpt lat="51.520177" lon="-0.097502"><ele>17.75</ele></trkpt>
      <trkpt lat="51.520174" lon="-0.097563"><ele>17.5</ele></trkpt>
      <trkpt lat="51.520172" lon="-0.097617"><ele>17</ele></trkpt>
      <trkpt lat="51.5202" lon="-0.097619"><ele>17</ele></trkpt>
      <trkpt lat="51.520235" lon="-0.097636"><ele>16.5</ele></trkpt>
      <trkpt lat="51.520271" lon="-0.097639"><ele>16</ele></trkpt>
      <trkpt lat="51.520279" lon="-0.09764"><ele>15.75</ele></trkpt>
      <trkpt lat="51.520278" lon="-0.09767"><ele>15.5</ele></trkpt>
      <trkpt lat="51.52027" lon="-0.097669"><ele>15.5</ele></trkpt>
      <trkpt lat="51.520243" lon="-0.097666"><ele>15</ele></trkpt>
      <trkpt lat="51.520232" lon="-0.097677"><ele>15</ele></trkpt>
      <trkpt lat="51.520209" lon="-0.097695"><ele>14.5</ele></trkpt>
      <trkpt lat="51.520202" lon="-0.097868"><ele>13.25</ele></trkpt>
      <trkpt lat="51.520297" lon="-0.097876"><ele>11.75</ele></trkpt>
      <trkpt lat="51.520291" lon="-0.097996"><ele>12.5</ele></trkpt>
      <trkpt lat="51.520297" lon="-0.097876"><ele>13.25</ele></trkpt>
      <trkpt lat="51.520202" lon="-0.097868"><ele>14.25</ele></trkpt>
      <trkpt lat="51.520209" lon="-0.097695"><ele>15.5</ele></trkpt>
      <trkpt lat="51.520232" lon="-0.097677"><ele>15.75</ele></trkpt>
      <trkpt lat="51.520243" lon="-0.097666"><ele>15.75</ele></trkpt>
      <trkpt lat="51.52027" lon="-0.097669"><ele>16</ele></trkpt>
      <trkpt lat="51.520278" lon="-0.09767"><ele>16.25</ele></trkpt>
      <trkpt lat="51.520279" lon="-0.09764"><ele>16.5</ele></trkpt>
      <trkpt lat="51.520271" lon="-0.097639"><ele>16.5</ele></trkpt>
      <trkpt lat="51.520235" lon="-0.097636"><ele>16.75</ele></trkpt>
      <trkpt lat="51.5202" lon="-0.097619"><ele>17</ele></trkpt>
      <trkpt lat="51.520172" lon="-0.097617"><ele>17</ele></trkpt>
      <trkpt lat="51.520174" lon="-0.097563"><ele>17.5</ele></trkpt>
      <trkpt lat="51.52018" lon="-0.097599"><ele>17.25</ele></trkpt>
      <trkpt lat="51.520224" lon="-0.097604"><ele>17</ele></trkpt>
      <trkpt lat="51.520224" lon="-0.097581"><ele>17.25</ele></trkpt>
      <trkpt lat="51.520213" lon="-0.09758"><ele>17.25</ele></trkpt>
      <trkpt lat="51.520213" lon="-0.097566"><ele>17.25</ele></trkpt>
      <trkpt lat="51.520366" lon="-0.097274"><ele>17.75</ele></trkpt>
      <trkpt lat="51.520371" lon="-0.097251"><ele>18</ele></trkpt>
      <trkpt lat="51.520373" lon="-0.097232"><ele>18</ele></trkpt>
      <trkpt lat="51.520374" lon="-0.097222"><ele>17.75</ele></trkpt>
      <trkpt lat="51.520276" lon="-0.097202"><ele>18</ele></trkpt>
      <trkpt lat="51.520243" lon="-0.097125"><ele>18</ele></trkpt>
      <trkpt lat="51.520277" lon="-0.096941"><ele>17.75</ele></trkpt>
      <trkpt lat="51.520281" lon="-0.096922"><ele>17.75</ele></trkpt>
      <trkpt lat="51.520106" lon="-0.096838"><ele>17.75</ele></trkpt>
      <trkpt lat="51.520182" lon="-0.096428"><ele>16.75</ele></trkpt>
      <trkpt lat="51.52015" lon="-0.096296"><ele>15.75</ele></trkpt>
      <trkpt lat="51.520134" lon="-0.096221"><ele>15</ele></trkpt>
      <trkpt lat="51.520177" lon="-0.096194"><ele>15</ele></trkpt>
      <trkpt lat="51.520213" lon="-0.096169"><ele>14.75</ele></trkpt>
      <trkpt lat="51.520219" lon="-0.096155"><ele>14.75</ele></trkpt>
      <trkpt lat="51.520186" lon="-0.096"><ele>14.5</ele></trkpt>
      <trkpt lat="51.519956" lon="-0.095017"><ele>14.5</ele></trkpt>
      <trkpt lat="51.520121" lon="-0.094644"><ele>15.25</ele></trkpt>
      <trkpt lat="51.520202" lon="-0.094459"><ele>15.5</ele></trkpt>
      <trkpt lat="51.520171" lon="-0.09438"><ele>15.5</ele></trkpt>
      <trkpt lat="51.520334" lon="-0.094279"><ele>16</ele></trkpt>
      <trkpt lat="51.520394" lon="-0.094219"><ele>16.25</ele></trkpt>
      <trkpt lat="51.520475" lon="-0.094078"><ele>16.5</ele></trkpt>
      <trkpt lat="51.520516" lon="-0.093942"><ele>16.75</ele></trkpt>
      <trkpt lat="51.520532" lon="-0.093805"><ele>16.75</ele></trkpt>
      <trkpt lat="51.520527" lon="-0.0937"><ele>16.75</ele></trkpt>
      <trkpt lat="51.520512" lon="-0.093592"><ele>16.75</ele></trkpt>
      <trkpt lat="51.520432" lon="-0.093411"><ele>16.5</ele></trkpt>
      <trkpt lat="51.520381" lon="-0.093351"><ele>16.25</ele></trkpt>
      <trkpt lat="51.520314" lon="-0.093289"><ele>15.75</ele></trkpt>
      <trkpt lat="51.520248" lon="-0.093255"><ele>15.5</ele></trkpt>
      <trkpt lat="51.520171" lon="-0.09325"><ele>15.5</ele></trkpt>
      <trkpt lat="51.520076" lon="-0.092773"><ele>16</ele></trkpt>
      <trkpt lat="51.520016" lon="-0.092524"><ele>16</ele></trkpt>
      <trkpt lat="51.519933" lon="-0.092554"><ele>15.75</ele></trkpt>
      <trkpt lat="51.519785" lon="-0.091912"><ele>15</ele></trkpt>
      <trkpt lat="51.519751" lon="-0.091763"><ele>15</ele></trkpt>
      <trkpt lat="51.519745" lon="-0.091735"><ele>15</ele></trkpt>
      <trkpt lat="51.519745" lon="-0.091677"><ele>15</ele></trkpt>
      <trkpt lat="51.519746" lon="-0.09158"><ele>15</ele></trkpt>
      <trkpt lat="51.519571" lon="-0.090825"><ele>13.75</ele></trkpt>
      <trkpt lat="51.51949" lon="-0.090477"><ele>14</ele></trkpt>
      <trkpt lat="51.519481" lon="-0.090482"><ele>14</ele></trkpt>
      <trkpt lat="51.518606" lon="-0.091003"><ele>13.75</ele></trkpt>
      <trkpt lat="51.518598" lon="-0.09097"><ele>13.75</ele></trkpt>
      <trkpt lat="51.518517" lon="-0.090655"><ele>14</ele></trkpt>
      <trkpt lat="51.518474" lon="-0.090562"><ele>14</ele></trkpt>
      <trkpt lat="51.518407" lon="-0.090413"><ele>14</ele></trkpt>
      <trkpt lat="51.518396" lon="-0.090376"><ele>14</ele></trkpt>
      <trkpt lat="51.518247" lon="-0.089863"><ele>14</ele></trkpt>
      <trkpt lat="51.518105" lon="-0.089315"><ele>13.75</ele></trkpt>
      <trkpt lat="51.518097" lon="-0.089282"><ele>13.75</ele></trkpt>
      <trkpt lat="51.518025" lon="-0.08898"><ele>14</ele></trkpt>
      <trkpt lat="51.518005" lon="-0.088901"><ele>14</ele></trkpt>
      <trkpt lat="51.518056" lon="-0.088872"><ele>14</ele></trkpt>
      <trkpt lat="51.51809" lon="-0.088852"><ele>13.75</ele></trkpt>
      <trkpt lat="51.51808" lon="-0.088797"><ele>14</ele></trkpt>
      <trkpt lat="51.518027" lon="-0.088497"><ele>14</ele></trkpt>
      <trkpt lat="51.51802" lon="-0.088446"><ele>14</ele></trkpt>
      <trkpt lat="51.518149" lon="-0.088376"><ele>14</ele></trkpt>
      <trkpt lat="51.518182" lon="-0.088358"><ele>14</ele></trkpt>
      <trkpt lat="51.518149" lon="-0.088376"><ele>14</ele></trkpt>
      <trkpt lat="51.518145" lon="-0.088351"><ele>14</ele></trkpt>
      <trkpt lat="51.518132" lon="-0.088285"><ele>14</ele></trkpt>
      <trkpt lat="51.518118" lon="-0.088209"><ele>14</ele></trkpt>
      <trkpt lat="51.518114" lon="-0.088189"><ele>14</ele></trkpt>
      <trkpt lat="51.518148" lon="-0.088159"><ele>14</ele></trkpt>
      <trkpt lat="51.51807" lon="-0.087615"><ele>14</ele></trkpt>
      <trkpt lat="51.518044" lon="-0.087513"><ele>13.75</ele></trkpt>
      <trkpt lat="51.518003" lon="-0.087477"><ele>13.5</ele></trkpt>
      <trkpt lat="51.518002" lon="-0.087466"><ele>13.5</ele></trkpt>
      <trkpt lat="51.517997" lon="-0.087431"><ele>13.5</ele></trkpt>
      <trkpt lat="51.517989" lon="-0.087368"><ele>13.5</ele></trkpt>
      <trkpt lat="51.517981" lon="-0.087313"><ele>13.5</ele></trkpt>
      <trkpt lat="51.517973" lon="-0.087257"><ele>13.5</ele></trkpt>
      <trkpt lat="51.517963" lon="-0.087194"><ele>13.5</ele></trkpt>
      <trkpt lat="51.518036" lon="-0.08714"><ele>13.75</ele></trkpt>
      <trkpt lat="51.518119" lon="-0.087024"><ele>13.5</ele></trkpt>
      <trkpt lat="51.518153" lon="-0.086935"><ele>13.25</ele></trkpt>
      <trkpt lat="51.518175" lon="-0.086837"><ele>13.25</ele></trkpt>
      <trkpt lat="51.518183" lon="-0.086791"><ele>13.25</ele></trkpt>
      <trkpt lat="51.51819" lon="-0.086592"><ele>13.5</ele></trkpt>
      <trkpt lat="51.518183" lon="-0.086459"><ele>13.5</ele></trkpt>
      <trkpt lat="51.518167" lon="-0.086336"><ele>13.5</ele></trkpt>
      <trkpt lat="51.518142" lon="-0.0862"><ele>13.25</ele></trkpt>
      <trkpt lat="51.518111" lon="-0.086096"><ele>13.5</ele></trkpt>
      <trkpt lat="51.518073" lon="-0.085987"><ele>13.75</ele></trkpt>
      <trkpt lat="51.518019" lon="-0.085882"><ele>14</ele></trkpt>
      <trkpt lat="51.517971" lon="-0.08582"><ele>13.75</ele></trkpt>
      <trkpt lat="51.517863" lon="-0.085732"><ele>13.5</ele></trkpt>
      <trkpt lat="51.51779" lon="-0.085726"><ele>13.5</ele></trkpt>
      <trkpt lat="51.517736" lon="-0.085743"><ele>13.25</ele></trkpt>
      <trkpt lat="51.517725" lon="-0.085681"><ele>13</ele></trkpt>
      <trkpt lat="51.517706" lon="-0.085552"><ele>12.25</ele></trkpt>
      <trkpt lat="51.517688" lon="-0.085436"><ele>11.5</ele></trkpt>
      <trkpt lat="51.517671" lon="-0.085442"><ele>11.5</ele></trkpt>
      <trkpt lat="51.517655" lon="-0.085458"><ele>11.5</ele></trkpt>
      <trkpt lat="51.517602" lon="-0.085173"><ele>10.5</ele></trkpt>
      <trkpt lat="51.517549" lon="-0.084904"><ele>11.5</ele></trkpt>
      <trkpt lat="51.51752" lon="-0.084837"><ele>11.75</ele></trkpt>
      <trkpt lat="51.517547" lon="-0.084821"><ele>11.75</ele></trkpt>
      <trkpt lat="51.517588" lon="-0.084777"><ele>11.5</ele></trkpt>
      <trkpt lat="51.517571" lon="-0.084685"><ele>11.25</ele></trkpt>
      <trkpt lat="51.517626" lon="-0.084623"><ele>11</ele></trkpt>
      <trkpt lat="51.517793" lon="-0.084435"><ele>12</ele></trkpt>
      <trkpt lat="51.517852" lon="-0.084348"><ele>12.25</ele></trkpt>
      <trkpt lat="51.51784" lon="-0.084308"><ele>12.25</ele></trkpt>
      <trkpt lat="51.517834" lon="-0.084271"><ele>12.5</ele></trkpt>
      <trkpt lat="51.517797" lon="-0.084034"><ele>12.75</ele></trkpt>
      <trkpt lat="51.517764" lon="-0.083976"><ele>12.5</ele></trkpt>
      <trkpt lat="51.517711" lon="-0.083652"><ele>11.5</ele></trkpt>
      <trkpt lat="51.517681" lon="-0.083553"><ele>11.5</ele></trkpt>
      <trkpt lat="51.517587" lon="-0.08309"><ele>13</ele></trkpt>
      <trkpt lat="51.517583" lon="-0.083076"><ele>13</ele></trkpt>
      <trkpt lat="51.517374" lon="-0.083197"><ele>13.25</ele></trkpt>
      <trkpt lat="51.517583" lon="-0.083076"><ele>13</ele></trkpt>
      <trkpt lat="51.517566" lon="-0.083023"><ele>13.25</ele></trkpt>
      <trkpt lat="51.517541" lon="-0.082942"><ele>13.5</ele></trkpt>
      <trkpt lat="51.517531" lon="-0.082902"><ele>13.5</ele></trkpt>
      <trkpt lat="51.517472" lon="-0.082654"><ele>14</ele></trkpt>
      <trkpt lat="51.517432" lon="-0.082416"><ele>14</ele></trkpt>
      <trkpt lat="51.517338" lon="-0.081984"><ele>14.5</ele></trkpt>
      <trkpt lat="51.517302" lon="-0.081865"><ele>14.5</ele></trkpt>
      <trkpt lat="51.517267" lon="-0.08178"><ele>14.5</ele></trkpt>
      <trkpt lat="51.517243" lon="-0.081739"><ele>14.75</ele></trkpt>
      <trkpt lat="51.517149" lon="-0.081593"><ele>15</ele></trkpt>
      <trkpt lat="51.517104" lon="-0.081496"><ele>15</ele></trkpt>
      <trkpt lat="51.517054" lon="-0.081296"><ele>15</ele></trkpt>
      <trkpt lat="51.517042" lon="-0.081246"><ele>15</ele></trkpt>
      <trkpt lat="51.517025" lon="-0.081191"><ele>15</ele></trkpt>
      <trkpt lat="51.516991" lon="-0.081096"><ele>15</ele></trkpt>
      <trkpt lat="51.516972" lon="-0.081124"><ele>15</ele></trkpt>
      <trkpt lat="51.516955" lon="-0.081132"><ele>15</ele></trkpt>
      <trkpt lat="51.516921" lon="-0.081153"><ele>15</ele></trkpt>
      <trkpt lat="51.516906" lon="-0.081112"><ele>15</ele></trkpt>
      <trkpt lat="51.516876" lon="-0.081016"><ele>15</ele></trkpt>
      <trkpt lat="51.516851" lon="-0.080935"><ele>15</ele></trkpt>
      <trkpt lat="51.516704" lon="-0.081038"><ele>15.5</ele></trkpt>
      <trkpt lat="51.516594" lon="-0.081028"><ele>15.5</ele></trkpt>
      <trkpt lat="51.516524" lon="-0.081056"><ele>15.75</ele></trkpt>
      <trkpt lat="51.516278" lon="-0.080425"><ele>15</ele></trkpt>
      <trkpt lat="51.516196" lon="-0.080339"><ele>15</ele></trkpt>
      <trkpt lat="51.516154" lon="-0.080313"><ele>15</ele></trkpt>
      <trkpt lat="51.516139" lon="-0.080303"><ele>15</ele></trkpt>
      <trkpt lat="51.516163" lon="-0.08023"><ele>15</ele></trkpt>
      <trkpt lat="51.51616" lon="-0.080143"><ele>15</ele></trkpt>
      <trkpt lat="51.516097" lon="-0.080001"><ele>15</ele></trkpt>
      <trkpt lat="51.515912" lon="-0.07969"><ele>14.25</ele></trkpt>
      <trkpt lat="51.51577" lon="-0.079479"><ele>14</ele></trkpt>
      <trkpt lat="51.515733" lon="-0.079429"><ele>14</ele></trkpt>
      <trkpt lat="51.515696" lon="-0.07937"><ele>14</ele></trkpt>
      <trkpt lat="51.515412" lon="-0.078871"><ele>13.5</ele></trkpt>
      <trkpt lat="51.515396" lon="-0.078865"><ele>13.25</ele></trkpt>
      <trkpt lat="51.515388" lon="-0.078879"><ele>13.25</ele></trkpt>
      <trkpt lat="51.515385" lon="-0.078876"><ele>13.25</ele></trkpt>
      <trkpt lat="51.515377" lon="-0.078863"><ele>13.25</ele></trkpt>
      <trkpt lat="51.515358" lon="-0.078834"><ele>13.25</ele></trkpt>
      <trkpt lat="51.515349" lon="-0.078821"><ele>13.25</ele></trkpt>
      <trkpt lat="51.515354" lon="-0.078804"><ele>13.25</ele></trkpt>
      <trkpt lat="51.515057" lon="-0.078346"><ele>14</ele></trkpt>
      <trkpt lat="51.515018" lon="-0.078286"><ele>13.75</ele></trkpt>
      <trkpt lat="51.514779" lon="-0.077891"><ele>14.25</ele></trkpt>
      <trkpt lat="51.514614" lon="-0.077562"><ele>14.75</ele></trkpt>
      <trkpt lat="51.514529" lon="-0.077396"><ele>15</ele></trkpt>
      <trkpt lat="51.514486" lon="-0.077322"><ele>15</ele></trkpt>
      <trkpt lat="51.514427" lon="-0.077229"><ele>15</ele></trkpt>
      <trkpt lat="51.514342" lon="-0.077078"><ele>15.25</ele></trkpt>
      <trkpt lat="51.514327" lon="-0.077089"><ele>15.25</ele></trkpt>
      <trkpt lat="51.514305" lon="-0.077026"><ele>15.5</ele></trkpt>
      <trkpt lat="51.51428" lon="-0.076946"><ele>15.5</ele></trkpt>
      <trkpt lat="51.514267" lon="-0.07693"><ele>15.5</ele></trkpt>
      <trkpt lat="51.514256" lon="-0.076919"><ele>15.5</ele></trkpt>
      <trkpt lat="51.514242" lon="-0.076904"><ele>15.5</ele></trkpt>
      <trkpt lat="51.514221" lon="-0.076903"><ele>15.75</ele></trkpt>
      <trkpt lat="51.514212" lon="-0.076903"><ele>15.75</ele></trkpt>
      <trkpt lat="51.514241" lon="-0.076787"><ele>15.5</ele></trkpt>
      <trkpt lat="51.51438" lon="-0.076359"><ele>15.75</ele></trkpt>
      <trkpt lat="51.514528" lon="-0.075808"><ele>14.5</ele></trkpt>
      <trkpt lat="51.514483" lon="-0.075663"><ele>15.25</ele></trkpt>
      <trkpt lat="51.514317" lon="-0.075501"><ele>16</ele></trkpt>
      <trkpt lat="51.51413" lon="-0.075317"><ele>16</ele></trkpt>
      <trkpt lat="51.51407" lon="-0.075483"><ele>16</ele></trkpt>
      <trkpt lat="51.514027" lon="-0.075606"><ele>16</ele></trkpt>
      <trkpt lat="51.514017" lon="-0.075696"><ele>16</ele></trkpt>
      <trkpt lat="51.513958" lon="-0.075877"><ele>16</ele></trkpt>
      <trkpt lat="51.513939" lon="-0.075932"><ele>16.25</ele></trkpt>
      <trkpt lat="51.513898" lon="-0.075971"><ele>16.25</ele></trkpt>
      <trkpt lat="51.51384" lon="-0.076143"><ele>16.75</ele></trkpt>
      <trkpt lat="51.513744" lon="-0.07641"><ele>16.25</ele></trkpt>
      <trkpt lat="51.513716" lon="-0.076501"><ele>16</ele></trkpt>
      <trkpt lat="51.513697" lon="-0.076485"><ele>16</ele></trkpt>
      <trkpt lat="51.513655" lon="-0.076449"><ele>16</ele></trkpt>
      <trkpt lat="51.513617" lon="-0.076416"><ele>16</ele></trkpt>
      <trkpt lat="51.5136" lon="-0.076401"><ele>16</ele></trkpt>
      <trkpt lat="51.513532" lon="-0.076611"><ele>16</ele></trkpt>
      <trkpt lat="51.513514" lon="-0.076681"><ele>16</ele></trkpt>
      <trkpt lat="51.513359" lon="-0.076648"><ele>16</ele></trkpt>
      <trkpt lat="51.513245" lon="-0.076619"><ele>15.5</ele></trkpt>
      <trkpt lat="51.513238" lon="-0.076618"><ele>15.5</ele></trkpt>
      <trkpt lat="51.513205" lon="-0.076657"><ele>15.5</ele></trkpt>
      <trkpt lat="51.513128" lon="-0.076644"><ele>15.25</ele></trkpt>
      <trkpt lat="51.513098" lon="-0.076636"><ele>15</ele></trkpt>
      <trkpt lat="51.512778" lon="-0.076595"><ele>14.25</ele></trkpt>
      <trkpt lat="51.512669" lon="-0.076592"><ele>14</ele></trkpt>
      <trkpt lat="51.512639" lon="-0.076591"><ele>14</ele></trkpt>
      <trkpt lat="51.512615" lon="-0.076592"><ele>14</ele></trkpt>
      <trkpt lat="51.51246" lon="-0.076609"><ele>13.75</ele></trkpt>
      <trkpt lat="51.512404" lon="-0.076626"><ele>13.5</ele></trkpt>
      <trkpt lat="51.512352" lon="-0.076663"><ele>13.25</ele></trkpt>
      <trkpt lat="51.512307" lon="-0.076679"><ele>13.25</ele></trkpt>
      <trkpt lat="51.512248" lon="-0.076713"><ele>13</ele></trkpt>
      <trkpt lat="51.512152" lon="-0.0768"><ele>13</ele></trkpt>
      <trkpt lat="51.511836" lon="-0.077155"><ele>13</ele></trkpt>
      <trkpt lat="51.511659" lon="-0.077335"><ele>13</ele></trkpt>
      <trkpt lat="51.511615" lon="-0.077346"><ele>13</ele></trkpt>
      <trkpt lat="51.511544" lon="-0.077338"><ele>13</ele></trkpt>
      <trkpt lat="51.511515" lon="-0.077326"><ele>13</ele></trkpt>
      <trkpt lat="51.511493" lon="-0.077317"><ele>13</ele></trkpt>
      <trkpt lat="51.51145" lon="-0.0773"><ele>13</ele></trkpt>
      <trkpt lat="51.511348" lon="-0.077259"><ele>13</ele></trkpt>
      <trkpt lat="51.511112" lon="-0.077159"><ele>13</ele></trkpt>
      <trkpt lat="51.511084" lon="-0.077147"><ele>13.25</ele></trkpt>
      <trkpt lat="51.510937" lon="-0.077084"><ele>13.75</ele></trkpt>
      <trkpt lat="51.510911" lon="-0.077055"><ele>13.75</ele></trkpt>
      <trkpt lat="51.510874" lon="-0.077042"><ele>13.75</ele></trkpt>
      <trkpt lat="51.510843" lon="-0.07704"><ele>13.75</ele></trkpt>
      <trkpt lat="51.510802" lon="-0.077001"><ele>14</ele></trkpt>
      <trkpt lat="51.510669" lon="-0.076942"><ele>13.75</ele></trkpt>
      <trkpt lat="51.510509" lon="-0.076887"><ele>13.75</ele></trkpt>
      <trkpt lat="51.510351" lon="-0.076865"><ele>13.5</ele></trkpt>
      <trkpt lat="51.510215" lon="-0.076848"><ele>13.5</ele></trkpt>
      <trkpt lat="51.510071" lon="-0.076828"><ele>13.75</ele></trkpt>
      <trkpt lat="51.51002" lon="-0.076826"><ele>13.75</ele></trkpt>
      <trkpt lat="51.510002" lon="-0.076825"><ele>13.75</ele></trkpt>
      <trkpt lat="51.509966" lon="-0.076691"><ele>13.75</ele></trkpt>
      <trkpt lat="51.509976" lon="-0.076565"><ele>13.75</ele></trkpt>
      <trkpt lat="51.509977" lon="-0.076549"><ele>13.5</ele></trkpt>
      <trkpt lat="51.509976" lon="-0.076565"><ele>13.75</ele></trkpt>
      <trkpt lat="51.509966" lon="-0.076691"><ele>13.75</ele></trkpt>
      <trkpt lat="51.510002" lon="-0.076825"><ele>13.75</ele></trkpt>
      <trkpt lat="51.509978" lon="-0.076908"><ele>13.75</ele></trkpt>
      <trkpt lat="51.509957" lon="-0.076977"><ele>13.75</ele></trkpt>
      <trkpt lat="51.50991" lon="-0.076979"><ele>13.5</ele></trkpt>
      <trkpt lat="51.509866" lon="-0.076993"><ele>13.5</ele></trkpt>
      <trkpt lat="51.509777" lon="-0.077061"><ele>13</ele></trkpt>
      <trkpt lat="51.509731" lon="-0.077117"><ele>13</ele></trkpt>
      <trkpt lat="51.509679" lon="-0.077211"><ele>12.75</ele></trkpt>
      <trkpt lat="51.509652" lon="-0.077277"><ele>12.5</ele></trkpt>
      <trkpt lat="51.50963" lon="-0.077359"><ele>12.5</ele></trkpt>
      <trkpt lat="51.509618" lon="-0.077482"><ele>12.5</ele></trkpt>
      <trkpt lat="51.509604" lon="-0.077801"><ele>12</ele></trkpt>
      <trkpt lat="51.509603" lon="-0.077833"><ele>12</ele></trkpt>
      <trkpt lat="51.509618" lon="-0.077938"><ele>12.5</ele></trkpt>
      <trkpt lat="51.509546" lon="-0.077964"><ele>12.5</ele></trkpt>
      <trkpt lat="51.50953" lon="-0.077969"><ele>12.5</ele></trkpt>
      <trkpt lat="51.509546" lon="-0.078042"><ele>12.75</ele></trkpt>
      <trkpt lat="51.509525" lon="-0.07805"><ele>12.75</ele></trkpt>
      <trkpt lat="51.509514" lon="-0.078054"><ele>12.75</ele></trkpt>
      <trkpt lat="51.509459" lon="-0.078077"><ele>13</ele></trkpt>
      <trkpt lat="51.50938" lon="-0.078114"><ele>12.75</ele></trkpt>
      <trkpt lat="51.509361" lon="-0.078122"><ele>12.5</ele></trkpt>
      <trkpt lat="51.509429" lon="-0.078397"><ele>12.75</ele></trkpt>
      <trkpt lat="51.509444" lon="-0.078467"><ele>12.75</ele></trkpt>
      <trkpt lat="51.509478" lon="-0.078687"><ele>13</ele></trkpt>
      <trkpt lat="51.509504" lon="-0.078931"><ele>13</ele></trkpt>
      <trkpt lat="51.509519" lon="-0.079107"><ele>13</ele></trkpt>
      <trkpt lat="51.509545" lon="-0.079515"><ele>12.25</ele></trkpt>
      <trkpt lat="51.509546" lon="-0.079547"><ele>12.25</ele></trkpt>
      <trkpt lat="51.509546" lon="-0.079579"><ele>12.25</ele></trkpt>
      <trkpt lat="51.509542" lon="-0.079687"><ele>12.25</ele></trkpt>
      <trkpt lat="51.509531" lon="-0.079728"><ele>12.25</ele></trkpt>
      <trkpt lat="51.509458" lon="-0.0799"><ele>12.5</ele></trkpt>
      <trkpt lat="51.509369" lon="-0.080183"><ele>12.5</ele></trkpt>
      <trkpt lat="51.509356" lon="-0.080221"><ele>12.25</ele></trkpt>
      <trkpt lat="51.509346" lon="-0.080247"><ele>12.25</ele></trkpt>
      <trkpt lat="51.50938" lon="-0.08026"><ele>12.5</ele></trkpt>
      <trkpt lat="51.5094" lon="-0.080297"><ele>12.5</ele></trkpt>
      <trkpt lat="51.509422" lon="-0.080338"><ele>12.5</ele></trkpt>
      <trkpt lat="51.509435" lon="-0.080363"><ele>12.5</ele></trkpt>
      <trkpt lat="51.509448" lon="-0.080386"><ele>12.5</ele></trkpt>
      <trkpt lat="51.509461" lon="-0.080409"><ele>12.5</ele></trkpt>
      <trkpt lat="51.509467" lon="-0.08042"><ele>12.5</ele></trkpt>
      <trkpt lat="51.509477" lon="-0.08044"><ele>12.25</ele></trkpt>
      <trkpt lat="51.509488" lon="-0.080459"><ele>12.25</ele></trkpt>
      <trkpt lat="51.5095" lon="-0.08048"><ele>12.25</ele></trkpt>
      <trkpt lat="51.509555" lon="-0.080495"><ele>12.5</ele></trkpt>
      <trkpt lat="51.509599" lon="-0.080592"><ele>12.5</ele></trkpt>
      <trkpt lat="51.509676" lon="-0.080815"><ele>12.75</ele></trkpt>
      <trkpt lat="51.510029" lon="-0.0818"><ele>14</ele></trkpt>
      <trkpt lat="51.510034" lon="-0.081812"><ele>14</ele></trkpt>
      <trkpt lat="51.510044" lon="-0.081843"><ele>14</ele></trkpt>
      <trkpt lat="51.510053" lon="-0.081869"><ele>14</ele></trkpt>
      <trkpt lat="51.510058" lon="-0.081881"><ele>13.75</ele></trkpt>
      <trkpt lat="51.510337" lon="-0.082649"><ele>14.25</ele></trkpt>
      <trkpt lat="51.510346" lon="-0.082666"><ele>14.25</ele></trkpt>
      <trkpt lat="51.510357" lon="-0.082695"><ele>14.25</ele></trkpt>
      <trkpt lat="51.510497" lon="-0.083112"><ele>14.5</ele></trkpt>
      <trkpt lat="51.510504" lon="-0.083169"><ele>14.5</ele></trkpt>
      <trkpt lat="51.510511" lon="-0.083195"><ele>14.75</ele></trkpt>
      <trkpt lat="51.510517" lon="-0.083241"><ele>14.75</ele></trkpt>
      <trkpt lat="51.510524" lon="-0.083285"><ele>14.75</ele></trkpt>
      <trkpt lat="51.510525" lon="-0.083293"><ele>14.75</ele></trkpt>
      <trkpt lat="51.510533" lon="-0.083365"><ele>14.75</ele></trkpt>
      <trkpt lat="51.510577" lon="-0.083861"><ele>15</ele></trkpt>
      <trkpt lat="51.510584" lon="-0.083934"><ele>15</ele></trkpt>
      <trkpt lat="51.51059" lon="-0.083984"><ele>15</ele></trkpt>
      <trkpt lat="51.510637" lon="-0.084335"><ele>14.5</ele></trkpt>
      <trkpt lat="51.510638" lon="-0.084345"><ele>14.5</ele></trkpt>
      <trkpt lat="51.510642" lon="-0.084388"><ele>14.25</ele></trkpt>
      <trkpt lat="51.510646" lon="-0.084433"><ele>14.25</ele></trkpt>
      <trkpt lat="51.510647" lon="-0.084463"><ele>14.25</ele></trkpt>
      <trkpt lat="51.510664" lon="-0.085268"><ele>14.25</ele></trkpt>
      <trkpt lat="51.510664" lon="-0.085276"><ele>14.25</ele></trkpt>
      <trkpt lat="51.510649" lon="-0.085309"><ele>14.25</ele></trkpt>
      <trkpt lat="51.510662" lon="-0.085334"><ele>14.25</ele></trkpt>
      <trkpt lat="51.510659" lon="-0.085351"><ele>14.25</ele></trkpt>
      <trkpt lat="51.510658" lon="-0.085363"><ele>14.25</ele></trkpt>
      <trkpt lat="51.510684" lon="-0.085695"><ele>13.5</ele></trkpt>
      <trkpt lat="51.510695" lon="-0.085776"><ele>13.5</ele></trkpt>
      <trkpt lat="51.510708" lon="-0.085865"><ele>13.5</ele></trkpt>
      <trkpt lat="51.510731" lon="-0.085924"><ele>13.5</ele></trkpt>
      <trkpt lat="51.510733" lon="-0.085936"><ele>13.5</ele></trkpt>
      <trkpt lat="51.510714" lon="-0.085945"><ele>13.5</ele></trkpt>
      <trkpt lat="51.510733" lon="-0.085936"><ele>13.75</ele></trkpt>
      <trkpt lat="51.510764" lon="-0.086069"><ele>13.75</ele></trkpt>
      <trkpt lat="51.510788" lon="-0.086198"><ele>13.75</ele></trkpt>
      <trkpt lat="51.510784" lon="-0.086261"><ele>13.75</ele></trkpt>
      <trkpt lat="51.510766" lon="-0.086327"><ele>13.75</ele></trkpt>
      <trkpt lat="51.510768" lon="-0.086406"><ele>13.75</ele></trkpt>
      <trkpt lat="51.510746" lon="-0.086468"><ele>13.75</ele></trkpt>
      <trkpt lat="51.510739" lon="-0.086487"><ele>13.75</ele></trkpt>
      <trkpt lat="51.510744" lon="-0.086492"><ele>13.75</ele></trkpt>
      <trkpt lat="51.510752" lon="-0.086504"><ele>13.75</ele></trkpt>
      <trkpt lat="51.510805" lon="-0.086663"><ele>14</ele></trkpt>
      <trkpt lat="51.510857" lon="-0.086855"><ele>14</ele></trkpt>
      <trkpt lat="51.510873" lon="-0.08689"><ele>14</ele></trkpt>
      <trkpt lat="51.510898" lon="-0.086916"><ele>14.25</ele></trkpt>
      <trkpt lat="51.510916" lon="-0.086967"><ele>14.25</ele></trkpt>
      <trkpt lat="51.510923" lon="-0.086993"><ele>14.25</ele></trkpt>
      <trkpt lat="51.510955" lon="-0.087125"><ele>14.25</ele></trkpt>
      <trkpt lat="51.511028" lon="-0.0875"><ele>14.75</ele></trkpt>
      <trkpt lat="51.511032" lon="-0.087522"><ele>14.75</ele></trkpt>
      <trkpt lat="51.511038" lon="-0.087561"><ele>14.75</ele></trkpt>
      <trkpt lat="51.511117" lon="-0.087977"><ele>14</ele></trkpt>
      <trkpt lat="51.511122" lon="-0.088003"><ele>14</ele></trkpt>
      <trkpt lat="51.511128" lon="-0.088034"><ele>13.75</ele></trkpt>
      <trkpt lat="51.511239" lon="-0.088608"><ele>14</ele></trkpt>
      <trkpt lat="51.511247" lon="-0.088654"><ele>14</ele></trkpt>
      <trkpt lat="51.511353" lon="-0.089245"><ele>13</ele></trkpt>
      <trkpt lat="51.511356" lon="-0.08926"><ele>13</ele></trkpt>
      <trkpt lat="51.511364" lon="-0.089301"><ele>13</ele></trkpt>
      <trkpt lat="51.511373" lon="-0.089349"><ele>13</ele></trkpt>
      <trkpt lat="51.511375" lon="-0.089361"><ele>13</ele></trkpt>
      <trkpt lat="51.511408" lon="-0.089533"><ele>13</ele></trkpt>
      <trkpt lat="51.511477" lon="-0.089904"><ele>12.25</ele></trkpt>
      <trkpt lat="51.51155" lon="-0.090302"><ele>10.75</ele></trkpt>
      <trkpt lat="51.511568" lon="-0.090404"><ele>10.5</ele></trkpt>
      <trkpt lat="51.511607" lon="-0.090609"><ele>10.5</ele></trkpt>
      <trkpt lat="51.511621" lon="-0.090684"><ele>10.25</ele></trkpt>
      <trkpt lat="51.511579" lon="-0.090703"><ele>10</ele></trkpt>
      <trkpt lat="51.511583" lon="-0.090725"><ele>10</ele></trkpt>
      <trkpt lat="51.511592" lon="-0.090772"><ele>9.75</ele></trkpt>
      <trkpt lat="51.511599" lon="-0.090808"><ele>9.75</ele></trkpt>
      <trkpt lat="51.511601" lon="-0.090816"><ele>9.75</ele></trkpt>
      <trkpt lat="51.511513" lon="-0.090861"><ele>9.25</ele></trkpt>
      <trkpt lat="51.511521" lon="-0.090897"><ele>9.25</ele></trkpt>
      <trkpt lat="51.511741" lon="-0.092042"><ele>9.5</ele></trkpt>
      <trkpt lat="51.51175" lon="-0.092084"><ele>9.5</ele></trkpt>
      <trkpt lat="51.511757" lon="-0.092116"><ele>9.5</ele></trkpt>
      <trkpt lat="51.511831" lon="-0.092607"><ele>10.5</ele></trkpt>
      <trkpt lat="51.511823" lon="-0.092648"><ele>10.5</ele></trkpt>
      <trkpt lat="51.511827" lon="-0.09268"><ele>10.5</ele></trkpt>
      <trkpt lat="51.511846" lon="-0.092827"><ele>10.75</ele></trkpt>
      <trkpt lat="51.51185" lon="-0.092852"><ele>10.75</ele></trkpt>
      <trkpt lat="51.511919" lon="-0.093379"><ele>11.75</ele></trkpt>
      <trkpt lat="51.511977" lon="-0.093772"><ele>13</ele></trkpt>
      <trkpt lat="51.511974" lon="-0.093784"><ele>13</ele></trkpt>
      <trkpt lat="51.511973" lon="-0.093824"><ele>13</ele></trkpt>
      <trkpt lat="51.511972" lon="-0.09384"><ele>13</ele></trkpt>
      <trkpt lat="51.511974" lon="-0.093848"><ele>13</ele></trkpt>
      <trkpt lat="51.512098" lon="-0.093819"><ele>13.5</ele></trkpt>
      <trkpt lat="51.511974" lon="-0.093848"><ele>13</ele></trkpt>
      <trkpt lat="51.511952" lon="-0.093961"><ele>13</ele></trkpt>
      <trkpt lat="51.512037" lon="-0.094411"><ele>13.75</ele></trkpt>
      <trkpt lat="51.512061" lon="-0.09455"><ele>14</ele></trkpt>
      <trkpt lat="51.512078" lon="-0.094648"><ele>14</ele></trkpt>
      <trkpt lat="51.512114" lon="-0.094672"><ele>14</ele></trkpt>
      <trkpt lat="51.512102" lon="-0.094736"><ele>14</ele></trkpt>
      <trkpt lat="51.512092" lon="-0.094781"><ele>14</ele></trkpt>
      <trkpt lat="51.51208" lon="-0.094832"><ele>14</ele></trkpt>
      <trkpt lat="51.512025" lon="-0.095125"><ele>14</ele></trkpt>
      <trkpt lat="51.511949" lon="-0.095538"><ele>13.75</ele></trkpt>
      <trkpt lat="51.511944" lon="-0.095574"><ele>13.75</ele></trkpt>
      <trkpt lat="51.511883" lon="-0.095999"><ele>13</ele></trkpt>
      <trkpt lat="51.511859" lon="-0.096237"><ele>13</ele></trkpt>
      <trkpt lat="51.511829" lon="-0.09668"><ele>12</ele></trkpt>
      <trkpt lat="51.511813" lon="-0.097159"><ele>11.5</ele></trkpt>
      <trkpt lat="51.511812" lon="-0.09721"><ele>11.5</ele></trkpt>
      <trkpt lat="51.511812" lon="-0.097263"><ele>11.25</ele></trkpt>
      <trkpt lat="51.511872" lon="-0.098349"><ele>10.75</ele></trkpt>
      <trkpt lat="51.511896" lon="-0.098676"><ele>10.5</ele></trkpt>
      <trkpt lat="51.511867" lon="-0.098849"><ele>10</ele></trkpt>
      <trkpt lat="51.511888" lon="-0.099162"><ele>9.25</ele></trkpt>
      <trkpt lat="51.511891" lon="-0.099196"><ele>9.25</ele></trkpt>
      <trkpt lat="51.511892" lon="-0.099271"><ele>9.25</ele></trkpt>
      <trkpt lat="51.511899" lon="-0.099313"><ele>9.25</ele></trkpt>
      <trkpt lat="51.511914" lon="-0.0994"><ele>9.5</ele></trkpt>
      <trkpt lat="51.511925" lon="-0.099467"><ele>9.5</ele></trkpt>
      <trkpt lat="51.511934" lon="-0.099522"><ele>9.5</ele></trkpt>
      <trkpt lat="51.511947" lon="-0.099739"><ele>8.75</ele></trkpt>
      <trkpt lat="51.511979" lon="-0.100399"><ele>6.75</ele></trkpt>
      <trkpt lat="51.511982" lon="-0.100464"><ele>6.75</ele></trkpt>
      <trkpt lat="51.511985" lon="-0.100527"><ele>6.5</ele></trkpt>
      <trkpt lat="51.511985" lon="-0.100538"><ele>6.5</ele></trkpt>
      <trkpt lat="51.512035" lon="-0.101299"><ele>7.25</ele></trkpt>
      <trkpt lat="51.512039" lon="-0.101344"><ele>7.5</ele></trkpt>
      <trkpt lat="51.512043" lon="-0.101404"><ele>7.5</ele></trkpt>
      <trkpt lat="51.512063" lon="-0.10184"><ele>6.75</ele></trkpt>
      <trkpt lat="51.51206" lon="-0.101871"><ele>6.75</ele></trkpt>
      <trkpt lat="51.512053" lon="-0.101931"><ele>6.75</ele></trkpt>
      <trkpt lat="51.512057" lon="-0.101971"><ele>6.75</ele></trkpt>
      <trkpt lat="51.51206" lon="-0.102015"><ele>6.75</ele></trkpt>
      <trkpt lat="51.512062" lon="-0.102039"><ele>6.75</ele></trkpt>
      <trkpt lat="51.512063" lon="-0.102093"><ele>6.75</ele></trkpt>
      <trkpt lat="51.512063" lon="-0.102146"><ele>6.75</ele></trkpt>
      <trkpt lat="51.512065" lon="-0.102184"><ele>6.75</ele></trkpt>
      <trkpt lat="51.512067" lon="-0.102223"><ele>7</ele></trkpt>
      <trkpt lat="51.512048" lon="-0.102267"><ele>7</ele></trkpt>
      <trkpt lat="51.51203" lon="-0.102311"><ele>7</ele></trkpt>
      <trkpt lat="51.512021" lon="-0.102338"><ele>7</ele></trkpt>
      <trkpt lat="51.51201" lon="-0.102425"><ele>7</ele></trkpt>
      <trkpt lat="51.512002" lon="-0.102481"><ele>7</ele></trkpt>
      <trkpt lat="51.511955" lon="-0.103102"><ele>6</ele></trkpt>
      <trkpt lat="51.511929" lon="-0.103568"><ele>6.75</ele></trkpt>
      <trkpt lat="51.511895" lon="-0.103689"><ele>6.75</ele></trkpt>
      <trkpt lat="51.511852" lon="-0.10381"><ele>7</ele></trkpt>
      <trkpt lat="51.511813" lon="-0.103887"><ele>7.25</ele></trkpt>
      <trkpt lat="51.511764" lon="-0.103891"><ele>7.5</ele></trkpt>
      <trkpt lat="51.511678" lon="-0.103896"><ele>7.75</ele></trkpt>
      <trkpt lat="51.511652" lon="-0.103789"><ele>7.25</ele></trkpt>
      <trkpt lat="51.511562" lon="-0.103721"><ele>6.75</ele></trkpt>
      <trkpt lat="51.511652" lon="-0.103789"><ele>7.25</ele></trkpt>
      <trkpt lat="51.511678" lon="-0.103896"><ele>7.75</ele></trkpt>
      <trkpt lat="51.511581" lon="-0.104025"><ele>8</ele></trkpt>
      <trkpt lat="51.511576" lon="-0.104072"><ele>8</ele></trkpt>
      <trkpt lat="51.511589" lon="-0.104148"><ele>8.25</ele></trkpt>
      <trkpt lat="51.511609" lon="-0.104214"><ele>8</ele></trkpt>
      <trkpt lat="51.511667" lon="-0.104257"><ele>7.75</ele></trkpt>
      <trkpt lat="51.511687" lon="-0.104304"><ele>7.75</ele></trkpt>
      <trkpt lat="51.511711" lon="-0.104348"><ele>7.75</ele></trkpt>
      <trkpt lat="51.511726" lon="-0.104378"><ele>7.75</ele></trkpt>
      <trkpt lat="51.511736" lon="-0.104401"><ele>7.75</ele></trkpt>
      <trkpt lat="51.511746" lon="-0.104423"><ele>7.5</ele></trkpt>
      <trkpt lat="51.511765" lon="-0.104471"><ele>7.5</ele></trkpt>
      <trkpt lat="51.511587" lon="-0.104656"><ele>8</ele></trkpt>
      <trkpt lat="51.511544" lon="-0.104722"><ele>8</ele></trkpt>
      <trkpt lat="51.511445" lon="-0.104878"><ele>7.75</ele></trkpt>
      <trkpt lat="51.511328" lon="-0.105112"><ele>7.5</ele></trkpt>
      <trkpt lat="51.511258" lon="-0.10532"><ele>7</ele></trkpt>
      <trkpt lat="51.511224" lon="-0.105475"><ele>6.75</ele></trkpt>
      <trkpt lat="51.511217" lon="-0.105509"><ele>6.75</ele></trkpt>
      <trkpt lat="51.511209" lon="-0.105547"><ele>6.5</ele></trkpt>
      <trkpt lat="51.511183" lon="-0.105678"><ele>6.25</ele></trkpt>
      <trkpt lat="51.511178" lon="-0.105957"><ele>6</ele></trkpt>
      <trkpt lat="51.511181" lon="-0.106168"><ele>5.5</ele></trkpt>
      <trkpt lat="51.511181" lon="-0.10618"><ele>5.5</ele></trkpt>
      <trkpt lat="51.51119" lon="-0.106193"><ele>5.5</ele></trkpt>
      <trkpt lat="51.51119" lon="-0.106257"><ele>5.25</ele></trkpt>
      <trkpt lat="51.51119" lon="-0.106304"><ele>5</ele></trkpt>
      <trkpt lat="51.511183" lon="-0.106309"><ele>5</ele></trkpt>
      <trkpt lat="51.511184" lon="-0.106354"><ele>4.75</ele></trkpt>
      <trkpt lat="51.511189" lon="-0.106838"><ele>5</ele></trkpt>
      <trkpt lat="51.511189" lon="-0.106866"><ele>5</ele></trkpt>
      <trkpt lat="51.511189" lon="-0.10689"><ele>5</ele></trkpt>
      <trkpt lat="51.51119" lon="-0.106923"><ele>5</ele></trkpt>
      <trkpt lat="51.511188" lon="-0.106961"><ele>5</ele></trkpt>
      <trkpt lat="51.511189" lon="-0.107811"><ele>4.75</ele></trkpt>
      <trkpt lat="51.511178" lon="-0.107908"><ele>4.75</ele></trkpt>
      <trkpt lat="51.511174" lon="-0.107942"><ele>4.75</ele></trkpt>
      <trkpt lat="51.511174" lon="-0.107994"><ele>4.75</ele></trkpt>
      <trkpt lat="51.511174" lon="-0.108035"><ele>4.75</ele></trkpt>
      <trkpt lat="51.511151" lon="-0.108069"><ele>4.75</ele></trkpt>
      <trkpt lat="51.511139" lon="-0.108498"><ele>4.25</ele></trkpt>
      <trkpt lat="51.511141" lon="-0.110719"><ele>4</ele></trkpt>
      <trkpt lat="51.511129" lon="-0.111547"><ele>5</ele></trkpt>
      <trkpt lat="51.511132" lon="-0.111889"><ele>4.75</ele></trkpt>
      <trkpt lat="51.511127" lon="-0.111958"><ele>4.75</ele></trkpt>
      <trkpt lat="51.511123" lon="-0.112035"><ele>4.75</ele></trkpt>
      <trkpt lat="51.511119" lon="-0.112117"><ele>4.75</ele></trkpt>
      <trkpt lat="51.511115" lon="-0.112156"><ele>4.75</ele></trkpt>
      <trkpt lat="51.511096" lon="-0.112243"><ele>4.75</ele></trkpt>
      <trkpt lat="51.510993" lon="-0.113473"><ele>5</ele></trkpt>
      <trkpt lat="51.510991" lon="-0.113492"><ele>5</ele></trkpt>
      <trkpt lat="51.511017" lon="-0.113505"><ele>5</ele></trkpt>
      <trkpt lat="51.51113" lon="-0.113558"><ele>5</ele></trkpt>
      <trkpt lat="51.511117" lon="-0.113645"><ele>5</ele></trkpt>
      <trkpt lat="51.511212" lon="-0.113696"><ele>5.5</ele></trkpt>
      <trkpt lat="51.511199" lon="-0.113757"><ele>5.5</ele></trkpt>
      <trkpt lat="51.511083" lon="-0.114304"><ele>5.5</ele></trkpt>
      <trkpt lat="51.510977" lon="-0.114805"><ele>5.5</ele></trkpt>
      <trkpt lat="51.510988" lon="-0.114811"><ele>5.5</ele></trkpt>
      <trkpt lat="51.510897" lon="-0.115191"><ele>5</ele></trkpt>
      <trkpt lat="51.510878" lon="-0.115238"><ele>5</ele></trkpt>
      <trkpt lat="51.510854" lon="-0.115273"><ele>5</ele></trkpt>
      <trkpt lat="51.510809" lon="-0.115289"><ele>4.75</ele></trkpt>
      <trkpt lat="51.510765" lon="-0.115282"><ele>4.5</ele></trkpt>
      <trkpt lat="51.510739" lon="-0.115248"><ele>4.5</ele></trkpt>
      <trkpt lat="51.510734" lon="-0.115275"><ele>4.5</ele></trkpt>
      <trkpt lat="51.510728" lon="-0.115309"><ele>4.5</ele></trkpt>
      <trkpt lat="51.510714" lon="-0.115381"><ele>4.5</ele></trkpt>
      <trkpt lat="51.510712" lon="-0.115394"><ele>4.5</ele></trkpt>
      <trkpt lat="51.510683" lon="-0.115452"><ele>4.5</ele></trkpt>
      <trkpt lat="51.510663" lon="-0.115442"><ele>4.5</ele></trkpt>
      <trkpt lat="51.510647" lon="-0.115435"><ele>4.5</ele></trkpt>
      <trkpt lat="51.510631" lon="-0.115428"><ele>4.5</ele></trkpt>
      <trkpt lat="51.510606" lon="-0.115415"><ele>4.25</ele></trkpt>
      <trkpt lat="51.510586" lon="-0.115406"><ele>4.25</ele></trkpt>
      <trkpt lat="51.510554" lon="-0.11539"><ele>4.25</ele></trkpt>
      <trkpt lat="51.510537" lon="-0.115383"><ele>4.25</ele></trkpt>
      <trkpt lat="51.510515" lon="-0.115494"><ele>4.5</ele></trkpt>
      <trkpt lat="51.51051" lon="-0.115492"><ele>4.25</ele></trkpt>
      <trkpt lat="51.510501" lon="-0.115488"><ele>4.25</ele></trkpt>
      <trkpt lat="51.510482" lon="-0.11548"><ele>4.25</ele></trkpt>
      <trkpt lat="51.510464" lon="-0.115469"><ele>4</ele></trkpt>
      <trkpt lat="51.510256" lon="-0.116482"><ele>4</ele></trkpt>
      <trkpt lat="51.509993" lon="-0.117373"><ele>4.5</ele></trkpt>
      <trkpt lat="51.509983" lon="-0.117404"><ele>4.5</ele></trkpt>
      <trkpt lat="51.50987" lon="-0.117772"><ele>4.5</ele></trkpt>
      <trkpt lat="51.509716" lon="-0.118223"><ele>4.5</ele></trkpt>
      <trkpt lat="51.509551" lon="-0.118673"><ele>4.25</ele></trkpt>
      <trkpt lat="51.509465" lon="-0.11888"><ele>4</ele></trkpt>
      <trkpt lat="51.509372" lon="-0.119078"><ele>4</ele></trkpt>
      <trkpt lat="51.509061" lon="-0.119648"><ele>4.25</ele></trkpt>
      <trkpt lat="51.508955" lon="-0.119818"><ele>4.5</ele></trkpt>
      <trkpt lat="51.508704" lon="-0.120198"><ele>4.25</ele></trkpt>
      <trkpt lat="51.508582" lon="-0.120351"><ele>4.5</ele></trkpt>
      <trkpt lat="51.50852" lon="-0.120429"><ele>4</ele></trkpt>
      <trkpt lat="51.508249" lon="-0.120754"><ele>3.75</ele></trkpt>
      <trkpt lat="51.507934" lon="-0.121048"><ele>3.75</ele></trkpt>
      <trkpt lat="51.507198" lon="-0.1216"><ele>3.5</ele></trkpt>
      <trkpt lat="51.50722" lon="-0.121671"><ele>3.75</ele></trkpt>
      <trkpt lat="51.507233" lon="-0.121709"><ele>4</ele></trkpt>
      <trkpt lat="51.507158" lon="-0.121772"><ele>3.75</ele></trkpt>
      <trkpt lat="51.507189" lon="-0.121884"><ele>3.75</ele></trkpt>
      <trkpt lat="51.50722" lon="-0.121984"><ele>4</ele></trkpt>
      <trkpt lat="51.507165" lon="-0.122031"><ele>4</ele></trkpt>
      <trkpt lat="51.506683" lon="-0.122412"><ele>4.5</ele></trkpt>
      <trkpt lat="51.506631" lon="-0.122466"><ele>4.75</ele></trkpt>
      <trkpt lat="51.506606" lon="-0.122479"><ele>4.75</ele></trkpt>
      <trkpt lat="51.506565" lon="-0.122496"><ele>4.75</ele></trkpt>
      <trkpt lat="51.506541" lon="-0.122504"><ele>5</ele></trkpt>
      <trkpt lat="51.506534" lon="-0.12251"><ele>5</ele></trkpt>
      <trkpt lat="51.506527" lon="-0.122516"><ele>5</ele></trkpt>
      <trkpt lat="51.506489" lon="-0.122537"><ele>5</ele></trkpt>
      <trkpt lat="51.506462" lon="-0.122556"><ele>5</ele></trkpt>
      <trkpt lat="51.506431" lon="-0.122568"><ele>5</ele></trkpt>
      <trkpt lat="51.506433" lon="-0.122615"><ele>5</ele></trkpt>
      <trkpt lat="51.506425" lon="-0.122647"><ele>5</ele></trkpt>
      <trkpt lat="51.506418" lon="-0.122683"><ele>5</ele></trkpt>
      <trkpt lat="51.506415" lon="-0.1227"><ele>4.75</ele></trkpt>
      <trkpt lat="51.506478" lon="-0.122786"><ele>5</ele></trkpt>
      <trkpt lat="51.506536" lon="-0.122941"><ele>5</ele></trkpt>
      <trkpt lat="51.506568" lon="-0.123064"><ele>5</ele></trkpt>
      <trkpt lat="51.506584" lon="-0.123249"><ele>5</ele></trkpt>
      <trkpt lat="51.506547" lon="-0.123264"><ele>5</ele></trkpt>
      <trkpt lat="51.506532" lon="-0.123173"><ele>5</ele></trkpt>
      <trkpt lat="51.506706" lon="-0.1231"><ele>5</ele></trkpt>
      <trkpt lat="51.506778" lon="-0.12307"><ele>5</ele></trkpt>
      <trkpt lat="51.507102" lon="-0.122811"><ele>5</ele></trkpt>
      <trkpt lat="51.506778" lon="-0.12307"><ele>5</ele></trkpt>
      <trkpt lat="51.506706" lon="-0.1231"><ele>5</ele></trkpt>
      <trkpt lat="51.506532" lon="-0.123173"><ele>5</ele></trkpt>
      <trkpt lat="51.506547" lon="-0.123264"><ele>5</ele></trkpt>
      <trkpt lat="51.506584" lon="-0.123249"><ele>5</ele></trkpt>
      <trkpt lat="51.506568" lon="-0.123064"><ele>5</ele></trkpt>
      <trkpt lat="51.506536" lon="-0.122941"><ele>5</ele></trkpt>
      <trkpt lat="51.506478" lon="-0.122786"><ele>5</ele></trkpt>
      <trkpt lat="51.506415" lon="-0.1227"><ele>4.75</ele></trkpt>
      <trkpt lat="51.506418" lon="-0.122683"><ele>5</ele></trkpt>
      <trkpt lat="51.506425" lon="-0.122647"><ele>5</ele></trkpt>
      <trkpt lat="51.506433" lon="-0.122615"><ele>5</ele></trkpt>
      <trkpt lat="51.506431" lon="-0.122568"><ele>5</ele></trkpt>
      <trkpt lat="51.506408" lon="-0.122538"><ele>5</ele></trkpt>
      <trkpt lat="51.506393" lon="-0.12248"><ele>4.75</ele></trkpt>
      <trkpt lat="51.506373" lon="-0.122399"><ele>4.5</ele></trkpt>
      <trkpt lat="51.506367" lon="-0.12238"><ele>4.25</ele></trkpt>
      <trkpt lat="51.506294" lon="-0.122426"><ele>4.25</ele></trkpt>
      <trkpt lat="51.506291" lon="-0.122418"><ele>4.25</ele></trkpt>
      <trkpt lat="51.506285" lon="-0.122399"><ele>4.25</ele></trkpt>
      <trkpt lat="51.506276" lon="-0.122368"><ele>4</ele></trkpt>
      <trkpt lat="51.506265" lon="-0.12233"><ele>3.75</ele></trkpt>
      <trkpt lat="51.50625" lon="-0.12234"><ele>3.75</ele></trkpt>
      <trkpt lat="51.506046" lon="-0.122467"><ele>3.5</ele></trkpt>
      <trkpt lat="51.504846" lon="-0.122941"><ele>3.75</ele></trkpt>
      <trkpt lat="51.504654" lon="-0.122997"><ele>3.75</ele></trkpt>
      <trkpt lat="51.504561" lon="-0.123025"><ele>3.75</ele></trkpt>
      <trkpt lat="51.50448" lon="-0.123037"><ele>3.75</ele></trkpt>
      <trkpt lat="51.504441" lon="-0.12305"><ele>3.75</ele></trkpt>
      <trkpt lat="51.503299" lon="-0.12334"><ele>4</ele></trkpt>
      <trkpt lat="51.502827" lon="-0.123481"><ele>4.5</ele></trkpt>
      <trkpt lat="51.501981" lon="-0.123717"><ele>5.25</ele></trkpt>
      <trkpt lat="51.501444" lon="-0.123805"><ele>6</ele></trkpt>
      <trkpt lat="51.501156" lon="-0.123841"><ele>7.25</ele></trkpt>
      <trkpt lat="51.501154" lon="-0.123787"><ele>6.5</ele></trkpt>
      <trkpt lat="51.501112" lon="-0.123788"><ele>6.75</ele></trkpt>
      <trkpt lat="51.501113" lon="-0.123821"><ele>7.25</ele></trkpt>
      <trkpt lat="51.501153" lon="-0.12382"><ele>7</ele></trkpt>
      <trkpt lat="51.501161" lon="-0.12433"><ele>7.75</ele></trkpt>
      <trkpt lat="51.501161" lon="-0.124383"><ele>7.75</ele></trkpt>
      <trkpt lat="51.50117" lon="-0.124398"><ele>7.75</ele></trkpt>
      <trkpt lat="51.501164" lon="-0.124876"><ele>7</ele></trkpt>
      <trkpt lat="51.501206" lon="-0.124875"><ele>7</ele></trkpt>
      <trkpt lat="51.501226" lon="-0.124842"><ele>7</ele></trkpt>
      <trkpt lat="51.501246" lon="-0.124808"><ele>7.25</ele></trkpt>
      <trkpt lat="51.501261" lon="-0.124784"><ele>7.25</ele></trkpt>
      <trkpt lat="51.501346" lon="-0.124787"><ele>7.5</ele></trkpt>
      <trkpt lat="51.501331" lon="-0.124787"><ele>7.5</ele></trkpt>
      <trkpt lat="51.501333" lon="-0.124838"><ele>7.25</ele></trkpt>
      <trkpt lat="51.501319" lon="-0.124862"><ele>7.25</ele></trkpt>
      <trkpt lat="51.501333" lon="-0.124838"><ele>7.25</ele></trkpt>
      <trkpt lat="51.501331" lon="-0.124787"><ele>7.5</ele></trkpt>
      <trkpt lat="51.501346" lon="-0.124787"><ele>7.5</ele></trkpt>
      <trkpt lat="51.501261" lon="-0.124784"><ele>7.25</ele></trkpt>
      <trkpt lat="51.501246" lon="-0.124808"><ele>7.25</ele></trkpt>
      <trkpt lat="51.501226" lon="-0.124842"><ele>7</ele></trkpt>
      <trkpt lat="51.501206" lon="-0.124875"><ele>7</ele></trkpt>
      <trkpt lat="51.501164" lon="-0.124876"><ele>7</ele></trkpt>
      <trkpt lat="51.501079" lon="-0.124885"><ele>6.75</ele></trkpt>
      <trkpt lat="51.501062" lon="-0.124886"><ele>6.75</ele></trkpt>
      <trkpt lat="51.501057" lon="-0.124887"><ele>6.75</ele></trkpt>
      <trkpt lat="51.501059" lon="-0.124928"><ele>6.75</ele></trkpt>
      <trkpt lat="51.501077" lon="-0.125457"><ele>5.75</ele></trkpt>
      <trkpt lat="51.501078" lon="-0.125484"><ele>5.75</ele></trkpt>
      <trkpt lat="51.501081" lon="-0.125523"><ele>5.75</ele></trkpt>
      <trkpt lat="51.501085" lon="-0.12584"><ele>5.75</ele></trkpt>
      <trkpt lat="51.501071" lon="-0.125843"><ele>5.75</ele></trkpt>
      <trkpt lat="51.501062" lon="-0.125844"><ele>5.75</ele></trkpt>
      <trkpt lat="51.500995" lon="-0.125851"><ele>5.75</ele></trkpt>
      <trkpt lat="51.500912" lon="-0.12586"><ele>5.75</ele></trkpt>
      <trkpt lat="51.500893" lon="-0.12586"><ele>5.75</ele></trkpt>
      <trkpt lat="51.500869" lon="-0.12585"><ele>5.75</ele></trkpt>
      <trkpt lat="51.500788" lon="-0.125974"><ele>5.25</ele></trkpt>
      <trkpt lat="51.500739" lon="-0.125977"><ele>5.25</ele></trkpt>
      <trkpt lat="51.500736" lon="-0.12605"><ele>5</ele></trkpt>
      <trkpt lat="51.500737" lon="-0.12615"><ele>5</ele></trkpt>
      <trkpt lat="51.500738" lon="-0.126243"><ele>5</ele></trkpt>
      <trkpt lat="51.50074" lon="-0.126266"><ele>5</ele></trkpt>
      <trkpt lat="51.500344" lon="-0.126325"><ele>5</ele></trkpt>
      <trkpt lat="51.500326" lon="-0.126336"><ele>5</ele></trkpt>
      <trkpt lat="51.50031" lon="-0.126362"><ele>5</ele></trkpt>
      <trkpt lat="51.500301" lon="-0.126391"><ele>5</ele></trkpt>
      <trkpt lat="51.5003" lon="-0.126423"><ele>5</ele></trkpt>
      <trkpt lat="51.500345" lon="-0.127202"><ele>5</ele></trkpt>
      <trkpt lat="51.500351" lon="-0.127296"><ele>5</ele></trkpt>
      <trkpt lat="51.500341" lon="-0.127303"><ele>5</ele></trkpt>
      <trkpt lat="51.500329" lon="-0.127314"><ele>5</ele></trkpt>
      <trkpt lat="51.500281" lon="-0.127366"><ele>5</ele></trkpt>
      <trkpt lat="51.500236" lon="-0.127425"><ele>5</ele></trkpt>
      <trkpt lat="51.500213" lon="-0.127459"><ele>5</ele></trkpt>
      <trkpt lat="51.500273" lon="-0.127567"><ele>4.75</ele></trkpt>
      <trkpt lat="51.500288" lon="-0.127606"><ele>4.5</ele></trkpt>
      <trkpt lat="51.500298" lon="-0.127637"><ele>4.5</ele></trkpt>
      <trkpt lat="51.500333" lon="-0.127678"><ele>4.25</ele></trkpt>
      <trkpt lat="51.500293" lon="-0.127688"><ele>4.25</ele></trkpt>
      <trkpt lat="51.500251" lon="-0.127744"><ele>4</ele></trkpt>
      <trkpt lat="51.500225" lon="-0.127777"><ele>4</ele></trkpt>
      <trkpt lat="51.500216" lon="-0.127807"><ele>4</ele></trkpt>
      <trkpt lat="51.500184" lon="-0.127912"><ele>4</ele></trkpt>
      <trkpt lat="51.500136" lon="-0.128153"><ele>4</ele></trkpt>
      <trkpt lat="51.500113" lon="-0.128219"><ele>4</ele></trkpt>
      <trkpt lat="51.500104" lon="-0.128248"><ele>4.25</ele></trkpt>
      <trkpt lat="51.500078" lon="-0.128326"><ele>4.25</ele></trkpt>
      <trkpt lat="51.500053" lon="-0.128391"><ele>4.5</ele></trkpt>
      <trkpt lat="51.50004" lon="-0.128427"><ele>4.75</ele></trkpt>
      <trkpt lat="51.49994" lon="-0.128683"><ele>4.75</ele></trkpt>
      <trkpt lat="51.499732" lon="-0.129212"><ele>4.75</ele></trkpt>
      <trkpt lat="51.499669" lon="-0.129327"><ele>4.25</ele></trkpt>
      <trkpt lat="51.499647" lon="-0.129368"><ele>4</ele></trkpt>
      <trkpt lat="51.499613" lon="-0.129442"><ele>4</ele></trkpt>
      <trkpt lat="51.499605" lon="-0.129462"><ele>4</ele></trkpt>
      <trkpt lat="51.499596" lon="-0.129484"><ele>4</ele></trkpt>
      <trkpt lat="51.499563" lon="-0.129573"><ele>3.75</ele></trkpt>
      <trkpt lat="51.499592" lon="-0.129688"><ele>4</ele></trkpt>
      <trkpt lat="51.499629" lon="-0.130137"><ele>4.25</ele></trkpt>
      <trkpt lat="51.499639" lon="-0.13068"><ele>3.5</ele></trkpt>
      <trkpt lat="51.499641" lon="-0.130758"><ele>3.25</ele></trkpt>
      <trkpt lat="51.499643" lon="-0.131876"><ele>2.75</ele></trkpt>
      <trkpt lat="51.499639" lon="-0.131906"><ele>2.75</ele></trkpt>
      <trkpt lat="51.499635" lon="-0.131935"><ele>2.75</ele></trkpt>
      <trkpt lat="51.499638" lon="-0.131935"><ele>2.75</ele></trkpt>
      <trkpt lat="51.499636" lon="-0.131963"><ele>3</ele></trkpt>
      <trkpt lat="51.49963" lon="-0.131983"><ele>3</ele></trkpt>
      <trkpt lat="51.499639" lon="-0.131987"><ele>3</ele></trkpt>
      <trkpt lat="51.499643" lon="-0.132262"><ele>3</ele></trkpt>
      <trkpt lat="51.499639" lon="-0.132668"><ele>3.25</ele></trkpt>
      <trkpt lat="51.499592" lon="-0.132747"><ele>3.25</ele></trkpt>
      <trkpt lat="51.499603" lon="-0.132868"><ele>3.5</ele></trkpt>
      <trkpt lat="51.499606" lon="-0.132979"><ele>3.75</ele></trkpt>
      <trkpt lat="51.499609" lon="-0.133126"><ele>4</ele></trkpt>
      <trkpt lat="51.499606" lon="-0.133196"><ele>4</ele></trkpt>
      <trkpt lat="51.499603" lon="-0.133278"><ele>4</ele></trkpt>
      <trkpt lat="51.499489" lon="-0.133552"><ele>4</ele></trkpt>
      <trkpt lat="51.49941" lon="-0.133743"><ele>4</ele></trkpt>
      <trkpt lat="51.499611" lon="-0.133942"><ele>4</ele></trkpt>
      <trkpt lat="51.499626" lon="-0.133951"><ele>4</ele></trkpt>
      <trkpt lat="51.499619" lon="-0.134077"><ele>4</ele></trkpt>
      <trkpt lat="51.499627" lon="-0.134079"><ele>4</ele></trkpt>
      <trkpt lat="51.49963" lon="-0.134079"><ele>4</ele></trkpt>
      <trkpt lat="51.499684" lon="-0.134088"><ele>4</ele></trkpt>
      <trkpt lat="51.499673" lon="-0.134275"><ele>4</ele></trkpt>
      <trkpt lat="51.499642" lon="-0.135051"><ele>3.5</ele></trkpt>
      <trkpt lat="51.499633" lon="-0.135199"><ele>4</ele></trkpt>
      <trkpt lat="51.499607" lon="-0.135393"><ele>4</ele></trkpt>
      <trkpt lat="51.499591" lon="-0.135513"><ele>4</ele></trkpt>
      <trkpt lat="51.499583" lon="-0.135565"><ele>4</ele></trkpt>
      <trkpt lat="51.499576" lon="-0.135639"><ele>4</ele></trkpt>
      <trkpt lat="51.49937" lon="-0.13637"><ele>3.5</ele></trkpt>
      <trkpt lat="51.499323" lon="-0.136585"><ele>3.75</ele></trkpt>
      <trkpt lat="51.499304" lon="-0.136674"><ele>4</ele></trkpt>
      <trkpt lat="51.499272" lon="-0.136822"><ele>4</ele></trkpt>
      <trkpt lat="51.499273" lon="-0.136887"><ele>3.75</ele></trkpt>
      <trkpt lat="51.499246" lon="-0.137073"><ele>3.5</ele></trkpt>
      <trkpt lat="51.499229" lon="-0.137191"><ele>3.25</ele></trkpt>
      <trkpt lat="51.499211" lon="-0.137244"><ele>3</ele></trkpt>
      <trkpt lat="51.499144" lon="-0.137785"><ele>3.75</ele></trkpt>
      <trkpt lat="51.499121" lon="-0.137867"><ele>3.5</ele></trkpt>
      <trkpt lat="51.499097" lon="-0.137907"><ele>3.5</ele></trkpt>
      <trkpt lat="51.499108" lon="-0.137959"><ele>3.25</ele></trkpt>
      <trkpt lat="51.499114" lon="-0.138016"><ele>3.25</ele></trkpt>
      <trkpt lat="51.499121" lon="-0.138042"><ele>3</ele></trkpt>
      <trkpt lat="51.499081" lon="-0.138134"><ele>3.25</ele></trkpt>
      <trkpt lat="51.49905" lon="-0.138169"><ele>3.25</ele></trkpt>
      <trkpt lat="51.498832" lon="-0.138416"><ele>3</ele></trkpt>
      <trkpt lat="51.498722" lon="-0.138582"><ele>3.5</ele></trkpt>
      <trkpt lat="51.498405" lon="-0.139209"><ele>4</ele></trkpt>
      <trkpt lat="51.498141" lon="-0.139791"><ele>3.75</ele></trkpt>
      <trkpt lat="51.49811" lon="-0.139861"><ele>4.25</ele></trkpt>
      <trkpt lat="51.497954" lon="-0.139695"><ele>4.25</ele></trkpt>
      <trkpt lat="51.497854" lon="-0.139622"><ele>4.5</ele></trkpt>
      <trkpt lat="51.497837" lon="-0.139762"><ele>4.75</ele></trkpt>
      <trkpt lat="51.49781" lon="-0.13999"><ele>4.75</ele></trkpt>
      <trkpt lat="51.497765" lon="-0.140215"><ele>5</ele></trkpt>
      <trkpt lat="51.497751" lon="-0.140286"><ele>5</ele></trkpt>
      <trkpt lat="51.497638" lon="-0.140625"><ele>5</ele></trkpt>
      <trkpt lat="51.497507" lon="-0.140839"><ele>4.75</ele></trkpt>
      <trkpt lat="51.497364" lon="-0.141022"><ele>5</ele></trkpt>
      <trkpt lat="51.496968" lon="-0.141329"><ele>5</ele></trkpt>
      <trkpt lat="51.496921" lon="-0.141369"><ele>5</ele></trkpt>
      <trkpt lat="51.496726" lon="-0.141551"><ele>5</ele></trkpt>
      <trkpt lat="51.496714" lon="-0.141562"><ele>5</ele></trkpt>
      <trkpt lat="51.496685" lon="-0.141599"><ele>5</ele></trkpt>
      <trkpt lat="51.496659" lon="-0.141629"><ele>5</ele></trkpt>
      <trkpt lat="51.496648" lon="-0.141708"><ele>5</ele></trkpt>
      <trkpt lat="51.496619" lon="-0.141698"><ele>5</ele></trkpt>
      <trkpt lat="51.496579" lon="-0.141685"><ele>5</ele></trkpt>
      <trkpt lat="51.496541" lon="-0.141672"><ele>5</ele></trkpt>
      <trkpt lat="51.496504" lon="-0.141872"><ele>5</ele></trkpt>
      <trkpt lat="51.4965" lon="-0.14192"><ele>5</ele></trkpt>
      <trkpt lat="51.496496" lon="-0.141963"><ele>5</ele></trkpt>
      <trkpt lat="51.496474" lon="-0.142165"><ele>4.75</ele></trkpt>
      <trkpt lat="51.496434" lon="-0.142338"><ele>4.75</ele></trkpt>
      <trkpt lat="51.496374" lon="-0.142423"><ele>4.75</ele></trkpt>
      <trkpt lat="51.496391" lon="-0.14253"><ele>4.75</ele></trkpt>
      <trkpt lat="51.496402" lon="-0.14261"><ele>4.75</ele></trkpt>
      <trkpt lat="51.496416" lon="-0.142719"><ele>4.75</ele></trkpt>
      <trkpt lat="51.496443" lon="-0.142737"><ele>4.75</ele></trkpt>
      <trkpt lat="51.496448" lon="-0.142835"><ele>4.5</ele></trkpt>
      <trkpt lat="51.496451" lon="-0.142911"><ele>4.25</ele></trkpt>
      <trkpt lat="51.496453" lon="-0.142979"><ele>4</ele></trkpt>
      <trkpt lat="51.496454" lon="-0.143023"><ele>4</ele></trkpt>
      <trkpt lat="51.496397" lon="-0.143065"><ele>4</ele></trkpt>
      <trkpt lat="51.496379" lon="-0.143117"><ele>4</ele></trkpt>
      <trkpt lat="51.496222" lon="-0.143316"><ele>4</ele></trkpt>
      <trkpt lat="51.496202" lon="-0.143328"><ele>4</ele></trkpt>
      <trkpt lat="51.496175" lon="-0.143363"><ele>4</ele></trkpt>
      <trkpt lat="51.49615" lon="-0.143396"><ele>4</ele></trkpt>
      <trkpt lat="51.496117" lon="-0.143457"><ele>4</ele></trkpt>
      <trkpt lat="51.496091" lon="-0.143512"><ele>4</ele></trkpt>
      <trkpt lat="51.496066" lon="-0.143569"><ele>4</ele></trkpt>
      <trkpt lat="51.496043" lon="-0.14362"><ele>4</ele></trkpt>
      <trkpt lat="51.496016" lon="-0.14368"><ele>4</ele></trkpt>
      <trkpt lat="51.496052" lon="-0.144518"><ele>4</ele></trkpt>
      <trkpt lat="51.496036" lon="-0.144538"><ele>4</ele></trkpt>
      <trkpt lat="51.495994" lon="-0.144599"><ele>4</ele></trkpt>
      <trkpt lat="51.495969" lon="-0.144644"><ele>4</ele></trkpt>
      <trkpt lat="51.495983" lon="-0.144704"><ele>4</ele></trkpt>
      <trkpt lat="51.496066" lon="-0.145099"><ele>4.75</ele></trkpt>
      <trkpt lat="51.496049" lon="-0.145155"><ele>4.75</ele></trkpt>
      <trkpt lat="51.496056" lon="-0.145182"><ele>4.75</ele></trkpt>
      <trkpt lat="51.496071" lon="-0.145243"><ele>4.75</ele></trkpt>
      <trkpt lat="51.496084" lon="-0.145303"><ele>5</ele></trkpt>
      <trkpt lat="51.496088" lon="-0.145315"><ele>5</ele></trkpt>
      <trkpt lat="51.496094" lon="-0.145338"><ele>5</ele></trkpt>
      <trkpt lat="51.496099" lon="-0.14536"><ele>5</ele></trkpt>
      <trkpt lat="51.496104" lon="-0.145384"><ele>5</ele></trkpt>
      <trkpt lat="51.496049" lon="-0.145428"><ele>5</ele></trkpt>
      <trkpt lat="51.496033" lon="-0.145451"><ele>5</ele></trkpt>
      <trkpt lat="51.49602" lon="-0.145477"><ele>5</ele></trkpt>
      <trkpt lat="51.496006" lon="-0.145532"><ele>5</ele></trkpt>
      <trkpt lat="51.495994" lon="-0.145581"><ele>5</ele></trkpt>
      <trkpt lat="51.495942" lon="-0.145548"><ele>5</ele></trkpt>
      <trkpt lat="51.495885" lon="-0.145589"><ele>5</ele></trkpt>
      <trkpt lat="51.495865" lon="-0.145576"><ele>5</ele></trkpt>
      <trkpt lat="51.495734" lon="-0.145673"><ele>5.25</ele></trkpt>
      <trkpt lat="51.495722" lon="-0.145692"><ele>5.25</ele></trkpt>
      <trkpt lat="51.495673" lon="-0.145735"><ele>5.25</ele></trkpt>
      <trkpt lat="51.495874" lon="-0.146417"><ele>6</ele></trkpt>
      <trkpt lat="51.496056" lon="-0.147061"><ele>6.5</ele></trkpt>
      <trkpt lat="51.49607" lon="-0.147159"><ele>6.75</ele></trkpt>
      <trkpt lat="51.496146" lon="-0.147289"><ele>7</ele></trkpt>
      <trkpt lat="51.496371" lon="-0.147626"><ele>6.75</ele></trkpt>
      <trkpt lat="51.496617" lon="-0.148026"><ele>6.75</ele></trkpt>
      <trkpt lat="51.497097" lon="-0.148799"><ele>6.5</ele></trkpt>
      <trkpt lat="51.497049" lon="-0.148874"><ele>6.25</ele></trkpt>
      <trkpt lat="51.496157" lon="-0.150283"><ele>7</ele></trkpt>
      <trkpt lat="51.496103" lon="-0.150366"><ele>6.75</ele></trkpt>
      <trkpt lat="51.496077" lon="-0.150409"><ele>6.75</ele></trkpt>
      <trkpt lat="51.49478" lon="-0.152487"><ele>6.75</ele></trkpt>
      <trkpt lat="51.494767" lon="-0.152508"><ele>7</ele></trkpt>
      <trkpt lat="51.494729" lon="-0.152569"><ele>7</ele></trkpt>
      <trkpt lat="51.494697" lon="-0.152621"><ele>6.75</ele></trkpt>
      <trkpt lat="51.494693" lon="-0.152627"><ele>6.75</ele></trkpt>
      <trkpt lat="51.494682" lon="-0.152644"><ele>6.5</ele></trkpt>
      <trkpt lat="51.494087" lon="-0.153608"><ele>6.5</ele></trkpt>
      <trkpt lat="51.494058" lon="-0.153652"><ele>6.25</ele></trkpt>
      <trkpt lat="51.494238" lon="-0.153943"><ele>6</ele></trkpt>
      <trkpt lat="51.494271" lon="-0.153995"><ele>6</ele></trkpt>
      <trkpt lat="51.494293" lon="-0.154032"><ele>6</ele></trkpt>
      <trkpt lat="51.494264" lon="-0.154092"><ele>5.75</ele></trkpt>
      <trkpt lat="51.494259" lon="-0.154091"><ele>5.75</ele></trkpt>
      <trkpt lat="51.494252" lon="-0.154119"><ele>5.5</ele></trkpt>
      <trkpt lat="51.494216" lon="-0.154166"><ele>5.25</ele></trkpt>
      <trkpt lat="51.494173" lon="-0.154233"><ele>5.5</ele></trkpt>
      <trkpt lat="51.493848" lon="-0.15476"><ele>6</ele></trkpt>
      <trkpt lat="51.493833" lon="-0.154767"><ele>6</ele></trkpt>
      <trkpt lat="51.493828" lon="-0.154783"><ele>6</ele></trkpt>
      <trkpt lat="51.493781" lon="-0.154835"><ele>6</ele></trkpt>
      <trkpt lat="51.493743" lon="-0.154884"><ele>5.75</ele></trkpt>
      <trkpt lat="51.49372" lon="-0.154886"><ele>5.75</ele></trkpt>
      <trkpt lat="51.493735" lon="-0.154932"><ele>5.75</ele></trkpt>
      <trkpt lat="51.493182" lon="-0.15582"><ele>5.75</ele></trkpt>
      <trkpt lat="51.493155" lon="-0.155842"><ele>5.75</ele></trkpt>
      <trkpt lat="51.493147" lon="-0.155859"><ele>5.75</ele></trkpt>
      <trkpt lat="51.493132" lon="-0.155887"><ele>5.75</ele></trkpt>
      <trkpt lat="51.493109" lon="-0.155929"><ele>5.5</ele></trkpt>
      <trkpt lat="51.493107" lon="-0.155942"><ele>5.5</ele></trkpt>
      <trkpt lat="51.493102" lon="-0.15597"><ele>5.5</ele></trkpt>
      <trkpt lat="51.492991" lon="-0.156294"><ele>5.5</ele></trkpt>
      <trkpt lat="51.492911" lon="-0.156558"><ele>6</ele></trkpt>
      <trkpt lat="51.492868" lon="-0.156688"><ele>5.75</ele></trkpt>
      <trkpt lat="51.492853" lon="-0.156706"><ele>6</ele></trkpt>
      <trkpt lat="51.492834" lon="-0.156709"><ele>6</ele></trkpt>
      <trkpt lat="51.492466" lon="-0.156609"><ele>6</ele></trkpt>
      <trkpt lat="51.492442" lon="-0.156601"><ele>6</ele></trkpt>
      <trkpt lat="51.492357" lon="-0.156585"><ele>6</ele></trkpt>
      <trkpt lat="51.492331" lon="-0.156584"><ele>6</ele></trkpt>
      <trkpt lat="51.492302" lon="-0.156569"><ele>6</ele></trkpt>
      <trkpt lat="51.49225" lon="-0.156457"><ele>6</ele></trkpt>
      <trkpt lat="51.492234" lon="-0.156404"><ele>2.75</ele></trkpt>
      <trkpt lat="51.49225" lon="-0.156457"><ele>6</ele></trkpt>
      <trkpt lat="51.492302" lon="-0.156569"><ele>6</ele></trkpt>
      <trkpt lat="51.492331" lon="-0.156584"><ele>6</ele></trkpt>
      <trkpt lat="51.492357" lon="-0.156585"><ele>6</ele></trkpt>
      <trkpt lat="51.492341" lon="-0.156655"><ele>6</ele></trkpt>
      <trkpt lat="51.492338" lon="-0.15668"><ele>6</ele></trkpt>
      <trkpt lat="51.492335" lon="-0.156705"><ele>6</ele></trkpt>
      <trkpt lat="51.492329" lon="-0.156771"><ele>6</ele></trkpt>
      <trkpt lat="51.492341" lon="-0.156835"><ele>6.25</ele></trkpt>
      <trkpt lat="51.492352" lon="-0.15689"><ele>6.25</ele></trkpt>
      <trkpt lat="51.492286" lon="-0.157476"><ele>6.25</ele></trkpt>
      <trkpt lat="51.492257" lon="-0.157491"><ele>6</ele></trkpt>
      <trkpt lat="51.492255" lon="-0.157508"><ele>6</ele></trkpt>
      <trkpt lat="51.492249" lon="-0.15756"><ele>6.25</ele></trkpt>
      <trkpt lat="51.492244" lon="-0.157611"><ele>6.25</ele></trkpt>
      <trkpt lat="51.492242" lon="-0.157634"><ele>6.5</ele></trkpt>
      <trkpt lat="51.492254" lon="-0.157655"><ele>6.5</ele></trkpt>
      <trkpt lat="51.492259" lon="-0.15768"><ele>6.5</ele></trkpt>
      <trkpt lat="51.492209" lon="-0.158188"><ele>6.75</ele></trkpt>
      <trkpt lat="51.4922" lon="-0.158272"><ele>6.75</ele></trkpt>
      <trkpt lat="51.492189" lon="-0.158339"><ele>7</ele></trkpt>
      <trkpt lat="51.492153" lon="-0.158429"><ele>7</ele></trkpt>
      <trkpt lat="51.491774" lon="-0.159247"><ele>7</ele></trkpt>
      <trkpt lat="51.491733" lon="-0.159282"><ele>7</ele></trkpt>
      <trkpt lat="51.491687" lon="-0.159321"><ele>7</ele></trkpt>
      <trkpt lat="51.491628" lon="-0.159448"><ele>7</ele></trkpt>
      <trkpt lat="51.491296" lon="-0.16014"><ele>7</ele></trkpt>
      <trkpt lat="51.491155" lon="-0.160454"><ele>7</ele></trkpt>
      <trkpt lat="51.491027" lon="-0.160698"><ele>7</ele></trkpt>
      <trkpt lat="51.491048" lon="-0.160724"><ele>7</ele></trkpt>
      <trkpt lat="51.491086" lon="-0.160772"><ele>7</ele></trkpt>
      <trkpt lat="51.491124" lon="-0.16082"><ele>7</ele></trkpt>
      <trkpt lat="51.491141" lon="-0.160841"><ele>6.75</ele></trkpt>
      <trkpt lat="51.491125" lon="-0.160904"><ele>6.75</ele></trkpt>
      <trkpt lat="51.491117" lon="-0.160919"><ele>6.75</ele></trkpt>
      <trkpt lat="51.491106" lon="-0.160939"><ele>7</ele></trkpt>
      <trkpt lat="51.49141" lon="-0.161411"><ele>7</ele></trkpt>
      <trkpt lat="51.491397" lon="-0.161433"><ele>7</ele></trkpt>
      <trkpt lat="51.491409" lon="-0.161447"><ele>7</ele></trkpt>
      <trkpt lat="51.491409" lon="-0.161468"><ele>7</ele></trkpt>
      <trkpt lat="51.491418" lon="-0.161468"><ele>7</ele></trkpt>
      <trkpt lat="51.491552" lon="-0.161675"><ele>6.75</ele></trkpt>
      <trkpt lat="51.49155" lon="-0.161697"><ele>6.75</ele></trkpt>
      <trkpt lat="51.49136" lon="-0.162023"><ele>6</ele></trkpt>
      <trkpt lat="51.491374" lon="-0.162046"><ele>6</ele></trkpt>
      <trkpt lat="51.491396" lon="-0.162078"><ele>6</ele></trkpt>
      <trkpt lat="51.491352" lon="-0.16215"><ele>6</ele></trkpt>
      <trkpt lat="51.491368" lon="-0.162189"><ele>6</ele></trkpt>
      <trkpt lat="51.491442" lon="-0.162371"><ele>5.75</ele></trkpt>
      <trkpt lat="51.491457" lon="-0.162406"><ele>5.75</ele></trkpt>
      <trkpt lat="51.491463" lon="-0.16242"><ele>5.75</ele></trkpt>
      <trkpt lat="51.491484" lon="-0.162471"><ele>5.5</ele></trkpt>
      <trkpt lat="51.491508" lon="-0.162526"><ele>5.5</ele></trkpt>
      <trkpt lat="51.49152" lon="-0.162554"><ele>5.5</ele></trkpt>
      <trkpt lat="51.492007" lon="-0.163666"><ele>5.75</ele></trkpt>
      <trkpt lat="51.492156" lon="-0.163991"><ele>5.75</ele></trkpt>
      <trkpt lat="51.492188" lon="-0.164061"><ele>5.75</ele></trkpt>
      <trkpt lat="51.492208" lon="-0.164098"><ele>5.75</ele></trkpt>
      <trkpt lat="51.492398" lon="-0.164529"><ele>5.5</ele></trkpt>
      <trkpt lat="51.492411" lon="-0.164558"><ele>5.5</ele></trkpt>
      <trkpt lat="51.492513" lon="-0.164806"><ele>5.75</ele></trkpt>
      <trkpt lat="51.492686" lon="-0.165222"><ele>5.75</ele></trkpt>
      <trkpt lat="51.492791" lon="-0.16548"><ele>6</ele></trkpt>
      <trkpt lat="51.492883" lon="-0.165701"><ele>6</ele></trkpt>
      <trkpt lat="51.492988" lon="-0.165956"><ele>6</ele></trkpt>
      <trkpt lat="51.493052" lon="-0.166143"><ele>6</ele></trkpt>
      <trkpt lat="51.493177" lon="-0.166507"><ele>6</ele></trkpt>
      <trkpt lat="51.493375" lon="-0.167134"><ele>6</ele></trkpt>
      <trkpt lat="51.493466" lon="-0.167475"><ele>6</ele></trkpt>
      <trkpt lat="51.493438" lon="-0.167494"><ele>6</ele></trkpt>
      <trkpt lat="51.493445" lon="-0.167521"><ele>6</ele></trkpt>
      <trkpt lat="51.49343" lon="-0.167547"><ele>6</ele></trkpt>
      <trkpt lat="51.493458" lon="-0.167589"><ele>6</ele></trkpt>
      <trkpt lat="51.493634" lon="-0.168266"><ele>6.75</ele></trkpt>
      <trkpt lat="51.49368" lon="-0.168667"><ele>7</ele></trkpt>
      <trkpt lat="51.49368" lon="-0.168722"><ele>7</ele></trkpt>
      <trkpt lat="51.493673" lon="-0.16874"><ele>6.75</ele></trkpt>
      <trkpt lat="51.493657" lon="-0.168786"><ele>7</ele></trkpt>
      <trkpt lat="51.493646" lon="-0.168794"><ele>7</ele></trkpt>
      <trkpt lat="51.493648" lon="-0.168809"><ele>7</ele></trkpt>
      <trkpt lat="51.493654" lon="-0.168852"><ele>7</ele></trkpt>
      <trkpt lat="51.493659" lon="-0.168886"><ele>7</ele></trkpt>
      <trkpt lat="51.493661" lon="-0.168903"><ele>6.75</ele></trkpt>
      <trkpt lat="51.49361" lon="-0.168919"><ele>6.75</ele></trkpt>
      <trkpt lat="51.493612" lon="-0.168938"><ele>6.75</ele></trkpt>
      <trkpt lat="51.493618" lon="-0.168982"><ele>6.75</ele></trkpt>
      <trkpt lat="51.493626" lon="-0.169036"><ele>6.75</ele></trkpt>
      <trkpt lat="51.493643" lon="-0.169049"><ele>6.5</ele></trkpt>
      <trkpt lat="51.493796" lon="-0.168996"><ele>5.75</ele></trkpt>
      <trkpt lat="51.493928" lon="-0.168938"><ele>6.25</ele></trkpt>
      <trkpt lat="51.494282" lon="-0.168837"><ele>7</ele></trkpt>
      <trkpt lat="51.494528" lon="-0.168812"><ele>6.75</ele></trkpt>
      <trkpt lat="51.494649" lon="-0.168848"><ele>7</ele></trkpt>
      <trkpt lat="51.494749" lon="-0.168865"><ele>7</ele></trkpt>
      <trkpt lat="51.494772" lon="-0.168874"><ele>6.75</ele></trkpt>
      <trkpt lat="51.494724" lon="-0.169166"><ele>6.75</ele></trkpt>
      <trkpt lat="51.4944" lon="-0.170848"><ele>6</ele></trkpt>
      <trkpt lat="51.494211" lon="-0.171824"><ele>3</ele></trkpt>
      <trkpt lat="51.494749" lon="-0.172137"><ele>7</ele></trkpt>
      <trkpt lat="51.494721" lon="-0.172281"><ele>6.75</ele></trkpt>
      <trkpt lat="51.494538" lon="-0.173314"><ele>6.75</ele></trkpt>
      <trkpt lat="51.494523" lon="-0.173398"><ele>7</ele></trkpt>
      <trkpt lat="51.494476" lon="-0.173393"><ele>7</ele></trkpt>
      <trkpt lat="51.494347" lon="-0.174178"><ele>6.5</ele></trkpt>
      <trkpt lat="51.49433" lon="-0.174178"><ele>6.5</ele></trkpt>
      <trkpt lat="51.494222" lon="-0.174184"><ele>6.5</ele></trkpt>
      <trkpt lat="51.494149" lon="-0.174188"><ele>6.5</ele></trkpt>
      <trkpt lat="51.494094" lon="-0.174193"><ele>6.5</ele></trkpt>
      <trkpt lat="51.493997" lon="-0.1742"><ele>6.5</ele></trkpt>
      <trkpt lat="51.494041" lon="-0.174387"><ele>6.25</ele></trkpt>
      <trkpt lat="51.494075" lon="-0.17448"><ele>6.25</ele></trkpt>
      <trkpt lat="51.494086" lon="-0.174536"><ele>6.5</ele></trkpt>
      <trkpt lat="51.494072" lon="-0.174646"><ele>6.75</ele></trkpt>
      <trkpt lat="51.494057" lon="-0.174759"><ele>7</ele></trkpt>
      <trkpt lat="51.494068" lon="-0.174775"><ele>7</ele></trkpt>
      <trkpt lat="51.494072" lon="-0.174847"><ele>7</ele></trkpt>
      <trkpt lat="51.494116" lon="-0.174854"><ele>7</ele></trkpt>
      <trkpt lat="51.494089" lon="-0.175361"><ele>7.25</ele></trkpt>
      <trkpt lat="51.494109" lon="-0.175566"><ele>7</ele></trkpt>
      <trkpt lat="51.494082" lon="-0.175899"><ele>7</ele></trkpt>
      <trkpt lat="51.494069" lon="-0.176051"><ele>7.75</ele></trkpt>
      <trkpt lat="51.49402" lon="-0.176653"><ele>8</ele></trkpt>
      <trkpt lat="51.494005" lon="-0.17683"><ele>8</ele></trkpt>
      <trkpt lat="51.493964" lon="-0.177347"><ele>8</ele></trkpt>
      <trkpt lat="51.493946" lon="-0.177584"><ele>7.75</ele></trkpt>
      <trkpt lat="51.493872" lon="-0.178339"><ele>6.75</ele></trkpt>
      <trkpt lat="51.493866" lon="-0.178393"><ele>7</ele></trkpt>
      <trkpt lat="51.493861" lon="-0.178447"><ele>7.25</ele></trkpt>
      <trkpt lat="51.493919" lon="-0.17846"><ele>7.25</ele></trkpt>
      <trkpt lat="51.493932" lon="-0.178463"><ele>7.25</ele></trkpt>
      <trkpt lat="51.493927" lon="-0.178526"><ele>7.5</ele></trkpt>
      <trkpt lat="51.493946" lon="-0.178531"><ele>7.5</ele></trkpt>
      <trkpt lat="51.493944" lon="-0.17856"><ele>7.75</ele></trkpt>
      <trkpt lat="51.493939" lon="-0.178617"><ele>7.75</ele></trkpt>
      <trkpt lat="51.493935" lon="-0.178681"><ele>7.5</ele></trkpt>
      <trkpt lat="51.493931" lon="-0.178728"><ele>7.5</ele></trkpt>
      <trkpt lat="51.493928" lon="-0.17877"><ele>7.25</ele></trkpt>
      <trkpt lat="51.493925" lon="-0.178813"><ele>7.25</ele></trkpt>
      <trkpt lat="51.493917" lon="-0.178845"><ele>7</ele></trkpt>
      <trkpt lat="51.493906" lon="-0.178892"><ele>6.75</ele></trkpt>
      <trkpt lat="51.493894" lon="-0.178942"><ele>6.75</ele></trkpt>
      <trkpt lat="51.493839" lon="-0.179329"><ele>6.5</ele></trkpt>
      <trkpt lat="51.49383" lon="-0.179388"><ele>6.5</ele></trkpt>
      <trkpt lat="51.493827" lon="-0.179407"><ele>6.5</ele></trkpt>
      <trkpt lat="51.49375" lon="-0.179888"><ele>6.75</ele></trkpt>
      <trkpt lat="51.493739" lon="-0.179974"><ele>6.75</ele></trkpt>
      <trkpt lat="51.493729" lon="-0.180045"><ele>7</ele></trkpt>
      <trkpt lat="51.493731" lon="-0.180088"><ele>7</ele></trkpt>
      <trkpt lat="51.49372" lon="-0.180112"><ele>7</ele></trkpt>
      <trkpt lat="51.49367" lon="-0.180419"><ele>7</ele></trkpt>
      <trkpt lat="51.493614" lon="-0.180776"><ele>7.75</ele></trkpt>
      <trkpt lat="51.493612" lon="-0.180807"><ele>7.75</ele></trkpt>
      <trkpt lat="51.493617" lon="-0.18083"><ele>7.75</ele></trkpt>
      <trkpt lat="51.493607" lon="-0.180888"><ele>7.5</ele></trkpt>
      <trkpt lat="51.493602" lon="-0.180918"><ele>7.25</ele></trkpt>
      <trkpt lat="51.493598" lon="-0.180943"><ele>7</ele></trkpt>
      <trkpt lat="51.493581" lon="-0.181005"><ele>6.5</ele></trkpt>
      <trkpt lat="51.493504" lon="-0.181521"><ele>7.25</ele></trkpt>
      <trkpt lat="51.493469" lon="-0.18175"><ele>7.25</ele></trkpt>
      <trkpt lat="51.493456" lon="-0.181832"><ele>7</ele></trkpt>
      <trkpt lat="51.493455" lon="-0.181841"><ele>7</ele></trkpt>
      <trkpt lat="51.493444" lon="-0.18191"><ele>7</ele></trkpt>
      <trkpt lat="51.493432" lon="-0.181986"><ele>7</ele></trkpt>
      <trkpt lat="51.493429" lon="-0.182001"><ele>7</ele></trkpt>
      <trkpt lat="51.4941" lon="-0.182406"><ele>7</ele></trkpt>
      <trkpt lat="51.494113" lon="-0.182448"><ele>7</ele></trkpt>
      <trkpt lat="51.494172" lon="-0.182482"><ele>7</ele></trkpt>
      <trkpt lat="51.494201" lon="-0.182498"><ele>7</ele></trkpt>
      <trkpt lat="51.494334" lon="-0.182567"><ele>7</ele></trkpt>
      <trkpt lat="51.494381" lon="-0.18259"><ele>7</ele></trkpt>
      <trkpt lat="51.494403" lon="-0.182592"><ele>7</ele></trkpt>
      <trkpt lat="51.494438" lon="-0.182589"><ele>7</ele></trkpt>
      <trkpt lat="51.494485" lon="-0.182616"><ele>7</ele></trkpt>
      <trkpt lat="51.494511" lon="-0.182632"><ele>7</ele></trkpt>
      <trkpt lat="51.49453" lon="-0.182689"><ele>7</ele></trkpt>
      <trkpt lat="51.494679" lon="-0.182769"><ele>7</ele></trkpt>
      <trkpt lat="51.494708" lon="-0.182804"><ele>7</ele></trkpt>
      <trkpt lat="51.494783" lon="-0.182841"><ele>7</ele></trkpt>
      <trkpt lat="51.49484" lon="-0.182949"><ele>7</ele></trkpt>
      <trkpt lat="51.494862" lon="-0.182923"><ele>7</ele></trkpt>
      <trkpt lat="51.494875" lon="-0.182908"><ele>7</ele></trkpt>
      <trkpt lat="51.49489" lon="-0.182892"><ele>7</ele></trkpt>
      <trkpt lat="51.494903" lon="-0.182877"><ele>7</ele></trkpt>
      <trkpt lat="51.494925" lon="-0.182907"><ele>7</ele></trkpt>
      <trkpt lat="51.494951" lon="-0.182923"><ele>7</ele></trkpt>
      <trkpt lat="51.494978" lon="-0.182937"><ele>7</ele></trkpt>
      <trkpt lat="51.495012" lon="-0.182954"><ele>6.75</ele></trkpt>
      <trkpt lat="51.49503" lon="-0.182963"><ele>7</ele></trkpt>
      <trkpt lat="51.495059" lon="-0.182978"><ele>7</ele></trkpt>
      <trkpt lat="51.495096" lon="-0.182997"><ele>7</ele></trkpt>
      <trkpt lat="51.495118" lon="-0.183008"><ele>7</ele></trkpt>
      <trkpt lat="51.495141" lon="-0.182982"><ele>7</ele></trkpt>
      <trkpt lat="51.495822" lon="-0.183262"><ele>7</ele></trkpt>
      <trkpt lat="51.495849" lon="-0.183282"><ele>7</ele></trkpt>
      <trkpt lat="51.495889" lon="-0.183301"><ele>7</ele></trkpt>
      <trkpt lat="51.495937" lon="-0.183324"><ele>7</ele></trkpt>
      <trkpt lat="51.495959" lon="-0.183324"><ele>7</ele></trkpt>
      <trkpt lat="51.496585" lon="-0.183561"><ele>7.5</ele></trkpt>
      <trkpt lat="51.496616" lon="-0.183583"><ele>7.5</ele></trkpt>
      <trkpt lat="51.496652" lon="-0.183595"><ele>7.75</ele></trkpt>
      <trkpt lat="51.496689" lon="-0.183606"><ele>7.75</ele></trkpt>
      <trkpt lat="51.496721" lon="-0.183607"><ele>7.75</ele></trkpt>
      <trkpt lat="51.497079" lon="-0.18374"><ele>7.5</ele></trkpt>
      <trkpt lat="51.497113" lon="-0.183753"><ele>7.5</ele></trkpt>
      <trkpt lat="51.497155" lon="-0.183771"><ele>7.5</ele></trkpt>
      <trkpt lat="51.497448" lon="-0.183848"><ele>8</ele></trkpt>
      <trkpt lat="51.49746" lon="-0.183851"><ele>8</ele></trkpt>
      <trkpt lat="51.497516" lon="-0.183864"><ele>8</ele></trkpt>
      <trkpt lat="51.497509" lon="-0.184107"><ele>7.75</ele></trkpt>
      <trkpt lat="51.497517" lon="-0.184339"><ele>7.75</ele></trkpt>
      <trkpt lat="51.49756" lon="-0.184825"><ele>8</ele></trkpt>
      <trkpt lat="51.497573" lon="-0.184977"><ele>8</ele></trkpt>
      <trkpt lat="51.498068" lon="-0.185003"><ele>9</ele></trkpt>
      <trkpt lat="51.498716" lon="-0.185046"><ele>9.75</ele></trkpt>
      <trkpt lat="51.499022" lon="-0.185079"><ele>10</ele></trkpt>
      <trkpt lat="51.499041" lon="-0.185115"><ele>10</ele></trkpt>
      <trkpt lat="51.49906" lon="-0.185131"><ele>10</ele></trkpt>
      <trkpt lat="51.499121" lon="-0.185158"><ele>10</ele></trkpt>
      <trkpt lat="51.499182" lon="-0.185188"><ele>10</ele></trkpt>
      <trkpt lat="51.499209" lon="-0.18522"><ele>10</ele></trkpt>
      <trkpt lat="51.499239" lon="-0.185284"><ele>10</ele></trkpt>
      <trkpt lat="51.499269" lon="-0.185401"><ele>10</ele></trkpt>
      <trkpt lat="51.499278" lon="-0.185482"><ele>10</ele></trkpt>
      <trkpt lat="51.49928" lon="-0.185943"><ele>9.75</ele></trkpt>
      <trkpt lat="51.499292" lon="-0.186458"><ele>8.75</ele></trkpt>
      <trkpt lat="51.499332" lon="-0.188135"><ele>9.25</ele></trkpt>
      <trkpt lat="51.49937" lon="-0.188133"><ele>9</ele></trkpt>
      <trkpt lat="51.499399" lon="-0.188132"><ele>9</ele></trkpt>
      <trkpt lat="51.500218" lon="-0.187857"><ele>10.5</ele></trkpt>
      <trkpt lat="51.500264" lon="-0.187858"><ele>10.75</ele></trkpt>
      <trkpt lat="51.500321" lon="-0.187999"><ele>11</ele></trkpt>
      <trkpt lat="51.500407" lon="-0.188512"><ele>10.75</ele></trkpt>
      <trkpt lat="51.500478" lon="-0.188901"><ele>10.25</ele></trkpt>
      <trkpt lat="51.500474" lon="-0.188981"><ele>10.5</ele></trkpt>
      <trkpt lat="51.500458" lon="-0.18906"><ele>10.5</ele></trkpt>
      <trkpt lat="51.500389" lon="-0.189318"><ele>10.75</ele></trkpt>
      <trkpt lat="51.500112" lon="-0.190476"><ele>10.25</ele></trkpt>
      <trkpt lat="51.500106" lon="-0.190513"><ele>10.25</ele></trkpt>
      <trkpt lat="51.500112" lon="-0.190538"><ele>10.25</ele></trkpt>
      <trkpt lat="51.500126" lon="-0.190555"><ele>10.25</ele></trkpt>
      <trkpt lat="51.500154" lon="-0.190569"><ele>10.5</ele></trkpt>
      <trkpt lat="51.500623" lon="-0.190773"><ele>11</ele></trkpt>
      <trkpt lat="51.500662" lon="-0.190783"><ele>11.25</ele></trkpt>
      <trkpt lat="51.500674" lon="-0.190836"><ele>11.25</ele></trkpt>
      <trkpt lat="51.500682" lon="-0.190859"><ele>11.25</ele></trkpt>
      <trkpt lat="51.500755" lon="-0.190899"><ele>11.5</ele></trkpt>
      <trkpt lat="51.500794" lon="-0.190939"><ele>11.75</ele></trkpt>
      <trkpt lat="51.5008" lon="-0.190951"><ele>11.75</ele></trkpt>
      <trkpt lat="51.50084" lon="-0.190997"><ele>12</ele></trkpt>
      <trkpt lat="51.501089" lon="-0.191182"><ele>12</ele></trkpt>
      <trkpt lat="51.501553" lon="-0.191582"><ele>13.75</ele></trkpt>
      <trkpt lat="51.501533" lon="-0.191626"><ele>13.75</ele></trkpt>
      <trkpt lat="51.501497" lon="-0.191716"><ele>14</ele></trkpt>
      <trkpt lat="51.501131" lon="-0.192548"><ele>13</ele></trkpt>
      <trkpt lat="51.501039" lon="-0.192777"><ele>13</ele></trkpt>
      <trkpt lat="51.501131" lon="-0.192548"><ele>13</ele></trkpt>
      <trkpt lat="51.501497" lon="-0.191716"><ele>14</ele></trkpt>
      <trkpt lat="51.501533" lon="-0.191626"><ele>13.75</ele></trkpt>
      <trkpt lat="51.501553" lon="-0.191582"><ele>13.75</ele></trkpt>
      <trkpt lat="51.501573" lon="-0.19154"><ele>13.75</ele></trkpt>
      <trkpt lat="51.501615" lon="-0.191496"><ele>13.75</ele></trkpt>
      <trkpt lat="51.501799" lon="-0.191112"><ele>14.25</ele></trkpt>
      <trkpt lat="51.501851" lon="-0.19098"><ele>14.5</ele></trkpt>
      <trkpt lat="51.501873" lon="-0.191004"><ele>14.5</ele></trkpt>
      <trkpt lat="51.501907" lon="-0.19104"><ele>14.75</ele></trkpt>
      <trkpt lat="51.501931" lon="-0.191066"><ele>14.75</ele></trkpt>
      <trkpt lat="51.501947" lon="-0.191083"><ele>14.75</ele></trkpt>
      <trkpt lat="51.501974" lon="-0.191111"><ele>15</ele></trkpt>
      <trkpt lat="51.502007" lon="-0.191146"><ele>15</ele></trkpt>
      <trkpt lat="51.502019" lon="-0.191159"><ele>15</ele></trkpt>
      <trkpt lat="51.502086" lon="-0.191031"><ele>15</ele></trkpt>
      <trkpt lat="51.50222" lon="-0.19108"><ele>15</ele></trkpt>
      <trkpt lat="51.502615" lon="-0.191314"><ele>16.25</ele></trkpt>
      <trkpt lat="51.503283" lon="-0.191771"><ele>18.75</ele></trkpt>
      <trkpt lat="51.503293" lon="-0.191797"><ele>18.75</ele></trkpt>
      <trkpt lat="51.503306" lon="-0.191805"><ele>18.75</ele></trkpt>
      <trkpt lat="51.503327" lon="-0.191816"><ele>18.75</ele></trkpt>
      <trkpt lat="51.50334" lon="-0.191812"><ele>19</ele></trkpt>
      <trkpt lat="51.503374" lon="-0.191831"><ele>19</ele></trkpt>
      <trkpt lat="51.503468" lon="-0.191885"><ele>19.25</ele></trkpt>
      <trkpt lat="51.503803" lon="-0.192111"><ele>20.5</ele></trkpt>
      <trkpt lat="51.503821" lon="-0.192123"><ele>20.75</ele></trkpt>
      <trkpt lat="51.50384" lon="-0.192134"><ele>20.75</ele></trkpt>
      <trkpt lat="51.503906" lon="-0.192188"><ele>21</ele></trkpt>
      <trkpt lat="51.503985" lon="-0.192279"><ele>21.25</ele></trkpt>
      <trkpt lat="51.504028" lon="-0.192356"><ele>21.5</ele></trkpt>
      <trkpt lat="51.504058" lon="-0.192431"><ele>22</ele></trkpt>
      <trkpt lat="51.504076" lon="-0.192514"><ele>22.25</ele></trkpt>
      <trkpt lat="51.504085" lon="-0.192602"><ele>22.25</ele></trkpt>
      <trkpt lat="51.504087" lon="-0.192712"><ele>22</ele></trkpt>
      <trkpt lat="51.504099" lon="-0.192843"><ele>22.25</ele></trkpt>
      <trkpt lat="51.504127" lon="-0.193052"><ele>22.5</ele></trkpt>
      <trkpt lat="51.504157" lon="-0.193178"><ele>22.5</ele></trkpt>
      <trkpt lat="51.504186" lon="-0.193264"><ele>22.25</ele></trkpt>
      <trkpt lat="51.504286" lon="-0.193438"><ele>23.25</ele></trkpt>
      <trkpt lat="51.504402" lon="-0.193574"><ele>24.5</ele></trkpt>
      <trkpt lat="51.504428" lon="-0.193589"><ele>24.75</ele></trkpt>
      <trkpt lat="51.504466" lon="-0.193612"><ele>25</ele></trkpt>
      <trkpt lat="51.504843" lon="-0.193807"><ele>26.25</ele></trkpt>
      <trkpt lat="51.504866" lon="-0.193839"><ele>26.5</ele></trkpt>
      <trkpt lat="51.504902" lon="-0.193858"><ele>26.5</ele></trkpt>
      <trkpt lat="51.504959" lon="-0.193889"><ele>26.75</ele></trkpt>
      <trkpt lat="51.505159" lon="-0.193991"><ele>27.5</ele></trkpt>
      <trkpt lat="51.50579" lon="-0.194348"><ele>29.75</ele></trkpt>
      <trkpt lat="51.505813" lon="-0.194386"><ele>29.75</ele></trkpt>
      <trkpt lat="51.505841" lon="-0.194403"><ele>29.75</ele></trkpt>
      <trkpt lat="51.505882" lon="-0.194428"><ele>29.75</ele></trkpt>
      <trkpt lat="51.506426" lon="-0.194601"><ele>28.75</ele></trkpt>
      <trkpt lat="51.506444" lon="-0.19461"><ele>28.75</ele></trkpt>
      <trkpt lat="51.506468" lon="-0.194614"><ele>28.75</ele></trkpt>
      <trkpt lat="51.506522" lon="-0.194625"><ele>28.5</ele></trkpt>
      <trkpt lat="51.506531" lon="-0.194611"><ele>28.5</ele></trkpt>
      <trkpt lat="51.506958" lon="-0.194707"><ele>27.75</ele></trkpt>
      <trkpt lat="51.506986" lon="-0.194739"><ele>28</ele></trkpt>
      <trkpt lat="51.507006" lon="-0.194745"><ele>28</ele></trkpt>
      <trkpt lat="51.507028" lon="-0.19475"><ele>28</ele></trkpt>
      <trkpt lat="51.507055" lon="-0.194735"><ele>28</ele></trkpt>
      <trkpt lat="51.507322" lon="-0.194823"><ele>27.75</ele></trkpt>
      <trkpt lat="51.507345" lon="-0.19483"><ele>27.75</ele></trkpt>
      <trkpt lat="51.507381" lon="-0.194842"><ele>27.75</ele></trkpt>
      <trkpt lat="51.507486" lon="-0.194869"><ele>27.25</ele></trkpt>
      <trkpt lat="51.507648" lon="-0.194929"><ele>27</ele></trkpt>
      <trkpt lat="51.507703" lon="-0.194949"><ele>27</ele></trkpt>
      <trkpt lat="51.507743" lon="-0.194964"><ele>27</ele></trkpt>
      <trkpt lat="51.50778" lon="-0.194979"><ele>26.75</ele></trkpt>
      <trkpt lat="51.507931" lon="-0.195053"><ele>26.25</ele></trkpt>
      <trkpt lat="51.507953" lon="-0.19506"><ele>26.25</ele></trkpt>
      <trkpt lat="51.508006" lon="-0.195077"><ele>26</ele></trkpt>
      <trkpt lat="51.50878" lon="-0.195278"><ele>26.5</ele></trkpt>
      <trkpt lat="51.509097" lon="-0.1954"><ele>27.25</ele></trkpt>
      <trkpt lat="51.509104" lon="-0.195387"><ele>27.25</ele></trkpt>
      <trkpt lat="51.509115" lon="-0.195362"><ele>27</ele></trkpt>
      <trkpt lat="51.509132" lon="-0.195323"><ele>27</ele></trkpt>
      <trkpt lat="51.509137" lon="-0.195296"><ele>27</ele></trkpt>
      <trkpt lat="51.509162" lon="-0.195306"><ele>27</ele></trkpt>
      <trkpt lat="51.5092" lon="-0.195323"><ele>27</ele></trkpt>
      <trkpt lat="51.509234" lon="-0.19534"><ele>27</ele></trkpt>
      <trkpt lat="51.509247" lon="-0.195346"><ele>27</ele></trkpt>
      <trkpt lat="51.509284" lon="-0.195364"><ele>27</ele></trkpt>
      <trkpt lat="51.509319" lon="-0.195381"><ele>27</ele></trkpt>
      <trkpt lat="51.509329" lon="-0.195386"><ele>27</ele></trkpt>
      <trkpt lat="51.509198" lon="-0.196102"><ele>27.75</ele></trkpt>
      <trkpt lat="51.509214" lon="-0.196172"><ele>27.5</ele></trkpt>
      <trkpt lat="51.509189" lon="-0.196337"><ele>27.75</ele></trkpt>
      <trkpt lat="51.509182" lon="-0.19638"><ele>27.75</ele></trkpt>
      <trkpt lat="51.509107" lon="-0.196358"><ele>27.75</ele></trkpt>
      <trkpt lat="51.50915" lon="-0.196116"><ele>27.25</ele></trkpt>
      <trkpt lat="51.509107" lon="-0.196358"><ele>27.75</ele></trkpt>
      <trkpt lat="51.509182" lon="-0.19638"><ele>27.75</ele></trkpt>
      <trkpt lat="51.509997" lon="-0.196627"><ele>26.75</ele></trkpt>
      <trkpt lat="51.511266" lon="-0.19681"><ele>24.5</ele></trkpt>
      <trkpt lat="51.51129" lon="-0.196721"><ele>24.5</ele></trkpt>
      <trkpt lat="51.511405" lon="-0.195966"><ele>25</ele></trkpt>
      <trkpt lat="51.511552" lon="-0.195004"><ele>24.5</ele></trkpt>
      <trkpt lat="51.511708" lon="-0.193983"><ele>24.75</ele></trkpt>
      <trkpt lat="51.51173" lon="-0.193856"><ele>24.5</ele></trkpt>
      <trkpt lat="51.511723" lon="-0.19379"><ele>24.5</ele></trkpt>
      <trkpt lat="51.511704" lon="-0.193726"><ele>24.75</ele></trkpt>
      <trkpt lat="51.511693" lon="-0.193644"><ele>24.75</ele></trkpt>
      <trkpt lat="51.511694" lon="-0.193569"><ele>24.75</ele></trkpt>
      <trkpt lat="51.511772" lon="-0.193177"><ele>24.75</ele></trkpt>
      <trkpt lat="51.511848" lon="-0.192931"><ele>25.25</ele></trkpt>
      <trkpt lat="51.511892" lon="-0.192858"><ele>25</ele></trkpt>
      <trkpt lat="51.511999" lon="-0.192477"><ele>25.5</ele></trkpt>
      <trkpt lat="51.51202" lon="-0.192398"><ele>25.25</ele></trkpt>
      <trkpt lat="51.512091" lon="-0.192107"><ele>24</ele></trkpt>
      <trkpt lat="51.512168" lon="-0.19171"><ele>25.25</ele></trkpt>
      <trkpt lat="51.512316" lon="-0.19104"><ele>25.5</ele></trkpt>
      <trkpt lat="51.512394" lon="-0.19038"><ele>25</ele></trkpt>
      <trkpt lat="51.512439" lon="-0.189834"><ele>24.25</ele></trkpt>
      <trkpt lat="51.512443" lon="-0.189795"><ele>24.25</ele></trkpt>
      <trkpt lat="51.51251" lon="-0.189276"><ele>24.75</ele></trkpt>
      <trkpt lat="51.512536" lon="-0.189076"><ele>24.75</ele></trkpt>
      <trkpt lat="51.512612" lon="-0.188555"><ele>23.75</ele></trkpt>
      <trkpt lat="51.512676" lon="-0.188112"><ele>23.5</ele></trkpt>
      <trkpt lat="51.512737" lon="-0.187703"><ele>23</ele></trkpt>
      <trkpt lat="51.512748" lon="-0.187618"><ele>23</ele></trkpt>
      <trkpt lat="51.512354" lon="-0.187548"><ele>23.5</ele></trkpt>
      <trkpt lat="51.51231" lon="-0.187541"><ele>24</ele></trkpt>
      <trkpt lat="51.512354" lon="-0.187548"><ele>23.5</ele></trkpt>
      <trkpt lat="51.512748" lon="-0.187618"><ele>23</ele></trkpt>
      <trkpt lat="51.513615" lon="-0.187761"><ele>22</ele></trkpt>
      <trkpt lat="51.513662" lon="-0.187768"><ele>22</ele></trkpt>
      <trkpt lat="51.513711" lon="-0.187773"><ele>22</ele></trkpt>
      <trkpt lat="51.513783" lon="-0.187773"><ele>22</ele></trkpt>
      <trkpt lat="51.51377" lon="-0.187639"><ele>22</ele></trkpt>
      <trkpt lat="51.513776" lon="-0.187588"><ele>22</ele></trkpt>
      <trkpt lat="51.513775" lon="-0.187514"><ele>22</ele></trkpt>
      <trkpt lat="51.513791" lon="-0.187349"><ele>21.75</ele></trkpt>
      <trkpt lat="51.513834" lon="-0.187032"><ele>21.75</ele></trkpt>
      <trkpt lat="51.513838" lon="-0.18699"><ele>21.75</ele></trkpt>
      <trkpt lat="51.513845" lon="-0.186957"><ele>21.75</ele></trkpt>
      <trkpt lat="51.513851" lon="-0.186902"><ele>22</ele></trkpt>
      <trkpt lat="51.513863" lon="-0.186788"><ele>22</ele></trkpt>
      <trkpt lat="51.513914" lon="-0.186366"><ele>22</ele></trkpt>
      <trkpt lat="51.513953" lon="-0.186034"><ele>22</ele></trkpt>
      <trkpt lat="51.513965" lon="-0.185943"><ele>22</ele></trkpt>
      <trkpt lat="51.51398" lon="-0.185814"><ele>22</ele></trkpt>
      <trkpt lat="51.513995" lon="-0.185693"><ele>22.5</ele></trkpt>
      <trkpt lat="51.514013" lon="-0.185543"><ele>23</ele></trkpt>
      <trkpt lat="51.514021" lon="-0.185478"><ele>23</ele></trkpt>
      <trkpt lat="51.514028" lon="-0.185416"><ele>23</ele></trkpt>
      <trkpt lat="51.514075" lon="-0.185028"><ele>22.25</ele></trkpt>
      <trkpt lat="51.51414" lon="-0.185054"><ele>22.25</ele></trkpt>
      <trkpt lat="51.514202" lon="-0.185082"><ele>22.25</ele></trkpt>
      <trkpt lat="51.514215" lon="-0.185"><ele>22</ele></trkpt>
      <trkpt lat="51.514389" lon="-0.183952"><ele>21</ele></trkpt>
      <trkpt lat="51.513856" lon="-0.183785"><ele>22</ele></trkpt>
      <trkpt lat="51.513875" lon="-0.183672"><ele>22</ele></trkpt>
      <trkpt lat="51.514092" lon="-0.182945"><ele>20.75</ele></trkpt>
      <trkpt lat="51.514342" lon="-0.182146"><ele>20</ele></trkpt>
      <trkpt lat="51.514587" lon="-0.181363"><ele>19</ele></trkpt>
      <trkpt lat="51.514606" lon="-0.181295"><ele>19</ele></trkpt>
      <trkpt lat="51.51462" lon="-0.181177"><ele>19.25</ele></trkpt>
      <trkpt lat="51.514614" lon="-0.181112"><ele>19</ele></trkpt>
      <trkpt lat="51.514587" lon="-0.181015"><ele>19.25</ele></trkpt>
      <trkpt lat="51.514629" lon="-0.18102"><ele>19.5</ele></trkpt>
      <trkpt lat="51.514658" lon="-0.181013"><ele>19.5</ele></trkpt>
      <trkpt lat="51.514691" lon="-0.180964"><ele>19.75</ele></trkpt>
      <trkpt lat="51.514792" lon="-0.180774"><ele>19.5</ele></trkpt>
      <trkpt lat="51.514812" lon="-0.180736"><ele>19.5</ele></trkpt>
      <trkpt lat="51.515062" lon="-0.180273"><ele>21</ele></trkpt>
      <trkpt lat="51.515237" lon="-0.17996"><ele>21.75</ele></trkpt>
      <trkpt lat="51.515565" lon="-0.179371"><ele>23</ele></trkpt>
      <trkpt lat="51.515588" lon="-0.179403"><ele>23</ele></trkpt>
      <trkpt lat="51.51561" lon="-0.179435"><ele>23</ele></trkpt>
      <trkpt lat="51.515625" lon="-0.179409"><ele>23.25</ele></trkpt>
      <trkpt lat="51.51564" lon="-0.179383"><ele>23.25</ele></trkpt>
      <trkpt lat="51.515653" lon="-0.179358"><ele>23.25</ele></trkpt>
      <trkpt lat="51.515661" lon="-0.179345"><ele>23.25</ele></trkpt>
      <trkpt lat="51.515676" lon="-0.179315"><ele>23.25</ele></trkpt>
      <trkpt lat="51.515693" lon="-0.179284"><ele>23.25</ele></trkpt>
      <trkpt lat="51.5157" lon="-0.17927"><ele>23.5</ele></trkpt>
      <trkpt lat="51.51584" lon="-0.179004"><ele>23.75</ele></trkpt>
      <trkpt lat="51.516042" lon="-0.178648"><ele>23.25</ele></trkpt>
      <trkpt lat="51.516068" lon="-0.178601"><ele>23.5</ele></trkpt>
      <trkpt lat="51.516314" lon="-0.178182"><ele>25.25</ele></trkpt>
      <trkpt lat="51.516722" lon="-0.178769"><ele>26.5</ele></trkpt>
      <trkpt lat="51.516747" lon="-0.178728"><ele>26.25</ele></trkpt>
      <trkpt lat="51.516785" lon="-0.178664"><ele>25.75</ele></trkpt>
      <trkpt lat="51.516833" lon="-0.17858"><ele>25</ele></trkpt>
      <trkpt lat="51.516816" lon="-0.178549"><ele>25</ele></trkpt>
      <trkpt lat="51.516701" lon="-0.178374"><ele>25</ele></trkpt>
      <trkpt lat="51.51668" lon="-0.178345"><ele>25</ele></trkpt>
      <trkpt lat="51.51672" lon="-0.178263"><ele>24.5</ele></trkpt>
      <trkpt lat="51.516451" lon="-0.177878"><ele>24.5</ele></trkpt>
      <trkpt lat="51.516332" lon="-0.177709"><ele>24.25</ele></trkpt>
      <trkpt lat="51.51644" lon="-0.177521"><ele>24</ele></trkpt>
      <trkpt lat="51.51645" lon="-0.177503"><ele>24</ele></trkpt>
      <trkpt lat="51.516393" lon="-0.177411"><ele>24</ele></trkpt>
      <trkpt lat="51.51609" lon="-0.176926"><ele>24</ele></trkpt>
      <trkpt lat="51.516176" lon="-0.17678"><ele>23.75</ele></trkpt>
      <trkpt lat="51.516226" lon="-0.176674"><ele>24</ele></trkpt>
      <trkpt lat="51.516299" lon="-0.176537"><ele>24</ele></trkpt>
      <trkpt lat="51.516358" lon="-0.176426"><ele>24</ele></trkpt>
      <trkpt lat="51.516447" lon="-0.176259"><ele>24</ele></trkpt>
      <trkpt lat="51.516511" lon="-0.176146"><ele>24.25</ele></trkpt>
      <trkpt lat="51.516475" lon="-0.175996"><ele>24.5</ele></trkpt>
      <trkpt lat="51.516512" lon="-0.175934"><ele>25.25</ele></trkpt>
      <trkpt lat="51.516513" lon="-0.1759"><ele>25.25</ele></trkpt>
      <trkpt lat="51.51652" lon="-0.175826"><ele>25.75</ele></trkpt>
      <trkpt lat="51.516531" lon="-0.17577"><ele>25.75</ele></trkpt>
      <trkpt lat="51.516541" lon="-0.17572"><ele>25.75</ele></trkpt>
      <trkpt lat="51.516553" lon="-0.175738"><ele>26.75</ele></trkpt>
      <trkpt lat="51.516541" lon="-0.17572"><ele>25.75</ele></trkpt>
      <trkpt lat="51.516529" lon="-0.175701"><ele>25.5</ele></trkpt>
      <trkpt lat="51.516524" lon="-0.175692"><ele>25.25</ele></trkpt>
      <trkpt lat="51.516319" lon="-0.175367"><ele>24.5</ele></trkpt>
      <trkpt lat="51.516221" lon="-0.175232"><ele>25.75</ele></trkpt>
      <trkpt lat="51.51647" lon="-0.174747"><ele>27.75</ele></trkpt>
      <trkpt lat="51.516343" lon="-0.174545"><ele>27</ele></trkpt>
      <trkpt lat="51.516305" lon="-0.174483"><ele>26.5</ele></trkpt>
      <trkpt lat="51.51629" lon="-0.174458"><ele>26.25</ele></trkpt>
      <trkpt lat="51.516359" lon="-0.174332"><ele>26.5</ele></trkpt>
      <trkpt lat="51.516377" lon="-0.174322"><ele>26.75</ele></trkpt>
      <trkpt lat="51.51641" lon="-0.174259"><ele>27</ele></trkpt>
      <trkpt lat="51.516444" lon="-0.174195"><ele>27</ele></trkpt>
      <trkpt lat="51.516452" lon="-0.17416"><ele>27</ele></trkpt>
      <trkpt lat="51.516656" lon="-0.173794"><ele>27</ele></trkpt>
      <trkpt lat="51.517128" lon="-0.172946"><ele>28.5</ele></trkpt>
      <trkpt lat="51.517093" lon="-0.172896"><ele>28.5</ele></trkpt>
      <trkpt lat="51.517054" lon="-0.172836"><ele>28.25</ele></trkpt>
      <trkpt lat="51.51696" lon="-0.172694"><ele>28</ele></trkpt>
      <trkpt lat="51.516904" lon="-0.172607"><ele>27.5</ele></trkpt>
      <trkpt lat="51.516815" lon="-0.172479"><ele>27</ele></trkpt>
      <trkpt lat="51.517108" lon="-0.171949"><ele>27.25</ele></trkpt>
      <trkpt lat="51.517272" lon="-0.171652"><ele>28</ele></trkpt>
      <trkpt lat="51.51774" lon="-0.170822"><ele>28.75</ele></trkpt>
      <trkpt lat="51.518143" lon="-0.170078"><ele>28.5</ele></trkpt>
      <trkpt lat="51.518174" lon="-0.17002"><ele>28.25</ele></trkpt>
      <trkpt lat="51.518203" lon="-0.169968"><ele>28.5</ele></trkpt>
      <trkpt lat="51.518781" lon="-0.168945"><ele>29.25</ele></trkpt>
      <trkpt lat="51.518904" lon="-0.168727"><ele>30</ele></trkpt>
      <trkpt lat="51.518912" lon="-0.168712"><ele>30</ele></trkpt>
      <trkpt lat="51.519113" lon="-0.169011"><ele>30.75</ele></trkpt>
      <trkpt lat="51.51917" lon="-0.168914"><ele>31</ele></trkpt>
      <trkpt lat="51.519223" lon="-0.168829"><ele>30.75</ele></trkpt>
      <trkpt lat="51.519298" lon="-0.168915"><ele>31</ele></trkpt>
      <trkpt lat="51.519466" lon="-0.168092"><ele>30.75</ele></trkpt>
      <trkpt lat="51.519478" lon="-0.168078"><ele>30.75</ele></trkpt>
      <trkpt lat="51.519487" lon="-0.168026"><ele>30.75</ele></trkpt>
      <trkpt lat="51.519497" lon="-0.168031"><ele>30.75</ele></trkpt>
      <trkpt lat="51.51953" lon="-0.168048"><ele>30.75</ele></trkpt>
      <trkpt lat="51.519577" lon="-0.16807"><ele>30.75</ele></trkpt>
      <trkpt lat="51.519597" lon="-0.168079"><ele>30.75</ele></trkpt>
      <trkpt lat="51.519605" lon="-0.168047"><ele>30.75</ele></trkpt>
      <trkpt lat="51.519613" lon="-0.168021"><ele>30.75</ele></trkpt>
      <trkpt lat="51.519638" lon="-0.168012"><ele>30.75</ele></trkpt>
      <trkpt lat="51.519727" lon="-0.167947"><ele>30.75</ele></trkpt>
      <trkpt lat="51.519816" lon="-0.167747"><ele>30.5</ele></trkpt>
      <trkpt lat="51.519847" lon="-0.167739"><ele>30.25</ele></trkpt>
    </trkseg>
    <trkseg>
      <trkpt lat="51.493388" lon="-0.225032"><ele>5</ele></trkpt>
      <trkpt lat="51.49339" lon="-0.225037"><ele>5</ele></trkpt>
      <trkpt lat="51.493438" lon="-0.225168"><ele>5.25</ele></trkpt>
      <trkpt lat="51.493435" lon="-0.225219"><ele>5.25</ele></trkpt>
      <trkpt lat="51.493424" lon="-0.225387"><ele>5.5</ele></trkpt>
      <trkpt lat="51.493535" lon="-0.225737"><ele>5</ele></trkpt>
      <trkpt lat="51.493573" lon="-0.225859"><ele>5</ele></trkpt>
      <trkpt lat="51.493634" lon="-0.225913"><ele>5.25</ele></trkpt>
      <trkpt lat="51.493635" lon="-0.225939"><ele>5.25</ele></trkpt>
      <trkpt lat="51.493637" lon="-0.225971"><ele>5.25</ele></trkpt>
      <trkpt lat="51.493667" lon="-0.225981"><ele>5.25</ele></trkpt>
      <trkpt lat="51.494412" lon="-0.226218"><ele>4</ele></trkpt>
      <trkpt lat="51.494561" lon="-0.226265"><ele>4</ele></trkpt>
      <trkpt lat="51.494784" lon="-0.226341"><ele>4</ele></trkpt>
      <trkpt lat="51.494873" lon="-0.226372"><ele>4</ele></trkpt>
      <trkpt lat="51.495186" lon="-0.226477"><ele>4</ele></trkpt>
      <trkpt lat="51.495293" lon="-0.226515"><ele>4</ele></trkpt>
      <trkpt lat="51.495398" lon="-0.226551"><ele>4</ele></trkpt>
      <trkpt lat="51.495809" lon="-0.226691"><ele>4</ele></trkpt>
      <trkpt lat="51.495933" lon="-0.226734"><ele>4</ele></trkpt>
      <trkpt lat="51.496526" lon="-0.226936"><ele>3.75</ele></trkpt>
      <trkpt lat="51.497102" lon="-0.227133"><ele>3.75</ele></trkpt>
      <trkpt lat="51.497245" lon="-0.227181"><ele>3.75</ele></trkpt>
      <trkpt lat="51.497641" lon="-0.227316"><ele>4</ele></trkpt>
      <trkpt lat="51.498044" lon="-0.227453"><ele>4</ele></trkpt>
      <trkpt lat="51.498052" lon="-0.227387"><ele>4</ele></trkpt>
      <trkpt lat="51.498134" lon="-0.226736"><ele>3</ele></trkpt>
      <trkpt lat="51.498182" lon="-0.226753"><ele>3</ele></trkpt>
      <trkpt lat="51.498394" lon="-0.226827"><ele>3</ele></trkpt>
      <trkpt lat="51.498719" lon="-0.22694"><ele>4</ele></trkpt>
      <trkpt lat="51.499017" lon="-0.227024"><ele>4</ele></trkpt>
      <trkpt lat="51.499141" lon="-0.227055"><ele>4</ele></trkpt>
      <trkpt lat="51.499342" lon="-0.227088"><ele>4</ele></trkpt>
      <trkpt lat="51.499453" lon="-0.227108"><ele>3.75</ele></trkpt>
      <trkpt lat="51.499496" lon="-0.227116"><ele>3.75</ele></trkpt>
      <trkpt lat="51.499512" lon="-0.227119"><ele>3.75</ele></trkpt>
      <trkpt lat="51.499539" lon="-0.227158"><ele>3.75</ele></trkpt>
      <trkpt lat="51.499566" lon="-0.227154"><ele>3.75</ele></trkpt>
      <trkpt lat="51.499658" lon="-0.227141"><ele>3.5</ele></trkpt>
      <trkpt lat="51.499951" lon="-0.227098"><ele>3.75</ele></trkpt>
      <trkpt lat="51.500333" lon="-0.226999"><ele>4</ele></trkpt>
      <trkpt lat="51.500375" lon="-0.226992"><ele>4</ele></trkpt>
      <trkpt lat="51.500449" lon="-0.227015"><ele>4</ele></trkpt>
      <trkpt lat="51.500625" lon="-0.227079"><ele>3.75</ele></trkpt>
      <trkpt lat="51.501153" lon="-0.227253"><ele>4.75</ele></trkpt>
      <trkpt lat="51.501391" lon="-0.227312"><ele>4</ele></trkpt>
      <trkpt lat="51.501899" lon="-0.227458"><ele>4.5</ele></trkpt>
      <trkpt lat="51.502071" lon="-0.227508"><ele>5</ele></trkpt>
      <trkpt lat="51.502103" lon="-0.227534"><ele>5</ele></trkpt>
      <trkpt lat="51.502137" lon="-0.227547"><ele>5</ele></trkpt>
      <trkpt lat="51.502142" lon="-0.227513"><ele>5</ele></trkpt>
      <trkpt lat="51.502154" lon="-0.227478"><ele>4.75</ele></trkpt>
      <trkpt lat="51.502306" lon="-0.226783"><ele>5</ele></trkpt>
      <trkpt lat="51.502264" lon="-0.22677"><ele>5</ele></trkpt>
      <trkpt lat="51.502224" lon="-0.226749"><ele>5</ele></trkpt>
      <trkpt lat="51.502229" lon="-0.226671"><ele>5</ele></trkpt>
      <trkpt lat="51.502191" lon="-0.226663"><ele>5</ele></trkpt>
      <trkpt lat="51.5021" lon="-0.226643"><ele>5</ele></trkpt>
      <trkpt lat="51.502097" lon="-0.226693"><ele>5</ele></trkpt>
      <trkpt lat="51.502095" lon="-0.226721"><ele>5</ele></trkpt>
      <trkpt lat="51.502005" lon="-0.226709"><ele>5</ele></trkpt>
      <trkpt lat="51.502095" lon="-0.226721"><ele>5</ele></trkpt>
      <trkpt lat="51.502097" lon="-0.226693"><ele>5</ele></trkpt>
      <trkpt lat="51.5021" lon="-0.226643"><ele>5</ele></trkpt>
      <trkpt lat="51.502191" lon="-0.226663"><ele>5</ele></trkpt>
      <trkpt lat="51.502229" lon="-0.226671"><ele>5</ele></trkpt>
      <trkpt lat="51.502234" lon="-0.226597"><ele>5</ele></trkpt>
      <trkpt lat="51.502239" lon="-0.226545"><ele>5</ele></trkpt>
      <trkpt lat="51.502352" lon="-0.226571"><ele>5</ele></trkpt>
      <trkpt lat="51.502357" lon="-0.226548"><ele>5</ele></trkpt>
      <trkpt lat="51.502369" lon="-0.226484"><ele>5</ele></trkpt>
      <trkpt lat="51.502383" lon="-0.226487"><ele>5</ele></trkpt>
      <trkpt lat="51.502431" lon="-0.226498"><ele>5</ele></trkpt>
      <trkpt lat="51.502426" lon="-0.226526"><ele>5</ele></trkpt>
      <trkpt lat="51.502497" lon="-0.226559"><ele>5</ele></trkpt>
      <trkpt lat="51.502715" lon="-0.226623"><ele>5</ele></trkpt>
      <trkpt lat="51.503089" lon="-0.226646"><ele>5</ele></trkpt>
      <trkpt lat="51.503317" lon="-0.226639"><ele>5</ele></trkpt>
      <trkpt lat="51.503609" lon="-0.22662"><ele>5</ele></trkpt>
      <trkpt lat="51.503922" lon="-0.226581"><ele>5</ele></trkpt>
      <trkpt lat="51.504312" lon="-0.226516"><ele>5.5</ele></trkpt>
      <trkpt lat="51.504487" lon="-0.226486"><ele>6</ele></trkpt>
      <trkpt lat="51.504985" lon="-0.226393"><ele>6</ele></trkpt>
      <trkpt lat="51.505383" lon="-0.226274"><ele>6.25</ele></trkpt>
      <trkpt lat="51.505452" lon="-0.226242"><ele>6</ele></trkpt>
      <trkpt lat="51.505461" lon="-0.22629"><ele>6</ele></trkpt>
      <trkpt lat="51.505518" lon="-0.226278"><ele>6</ele></trkpt>
      <trkpt lat="51.505533" lon="-0.226347"><ele>6</ele></trkpt>
      <trkpt lat="51.505571" lon="-0.22634"><ele>6</ele></trkpt>
      <trkpt lat="51.505575" lon="-0.22634"><ele>6</ele></trkpt>
      <trkpt lat="51.505571" lon="-0.22634"><ele>6</ele></trkpt>
      <trkpt lat="51.505533" lon="-0.226347"><ele>6</ele></trkpt>
      <trkpt lat="51.505518" lon="-0.226278"><ele>6</ele></trkpt>
      <trkpt lat="51.505503" lon="-0.226206"><ele>6</ele></trkpt>
      <trkpt lat="51.505494" lon="-0.226157"><ele>6</ele></trkpt>
      <trkpt lat="51.505474" lon="-0.226056"><ele>6.25</ele></trkpt>
      <trkpt lat="51.505383" lon="-0.225556"><ele>6</ele></trkpt>
      <trkpt lat="51.505374" lon="-0.225505"><ele>6</ele></trkpt>
      <trkpt lat="51.505369" lon="-0.225482"><ele>6</ele></trkpt>
      <trkpt lat="51.505363" lon="-0.225457"><ele>6</ele></trkpt>
      <trkpt lat="51.505352" lon="-0.225405"><ele>6</ele></trkpt>
      <trkpt lat="51.505345" lon="-0.225377"><ele>6</ele></trkpt>
      <trkpt lat="51.50525" lon="-0.22482"><ele>6</ele></trkpt>
      <trkpt lat="51.505248" lon="-0.224796"><ele>6</ele></trkpt>
      <trkpt lat="51.505256" lon="-0.224777"><ele>6</ele></trkpt>
      <trkpt lat="51.505276" lon="-0.224768"><ele>6</ele></trkpt>
      <trkpt lat="51.505399" lon="-0.22473"><ele>5.75</ele></trkpt>
      <trkpt lat="51.505794" lon="-0.224731"><ele>5.75</ele></trkpt>
      <trkpt lat="51.505826" lon="-0.224727"><ele>5.75</ele></trkpt>
      <trkpt lat="51.505866" lon="-0.224701"><ele>6</ele></trkpt>
      <trkpt lat="51.505878" lon="-0.2247"><ele>6</ele></trkpt>
      <trkpt lat="51.505884" lon="-0.22469"><ele>6</ele></trkpt>
      <trkpt lat="51.506598" lon="-0.224681"><ele>6</ele></trkpt>
      <trkpt lat="51.506598" lon="-0.224659"><ele>6</ele></trkpt>
      <trkpt lat="51.506599" lon="-0.224641"><ele>6</ele></trkpt>
      <trkpt lat="51.506594" lon="-0.224617"><ele>6</ele></trkpt>
      <trkpt lat="51.506592" lon="-0.224532"><ele>6</ele></trkpt>
      <trkpt lat="51.506939" lon="-0.224542"><ele>6</ele></trkpt>
      <trkpt lat="51.507442" lon="-0.224517"><ele>6.5</ele></trkpt>
      <trkpt lat="51.507879" lon="-0.224514"><ele>6.75</ele></trkpt>
      <trkpt lat="51.508167" lon="-0.224521"><ele>6.5</ele></trkpt>
      <trkpt lat="51.508261" lon="-0.22449"><ele>6.75</ele></trkpt>
      <trkpt lat="51.508806" lon="-0.224466"><ele>6.75</ele></trkpt>
      <trkpt lat="51.509176" lon="-0.224462"><ele>6.75</ele></trkpt>
      <trkpt lat="51.509216" lon="-0.224439"><ele>7</ele></trkpt>
      <trkpt lat="51.509253" lon="-0.224377"><ele>7</ele></trkpt>
      <trkpt lat="51.509265" lon="-0.224297"><ele>7</ele></trkpt>
      <trkpt lat="51.509268" lon="-0.224157"><ele>7</ele></trkpt>
      <trkpt lat="51.509301" lon="-0.224156"><ele>7</ele></trkpt>
      <trkpt lat="51.509301" lon="-0.22429"><ele>7</ele></trkpt>
      <trkpt lat="51.509339" lon="-0.224408"><ele>7</ele></trkpt>
      <trkpt lat="51.509333" lon="-0.224544"><ele>6.5</ele></trkpt>
      <trkpt lat="51.509585" lon="-0.22455"><ele>6.75</ele></trkpt>
      <trkpt lat="51.509624" lon="-0.224549"><ele>6.75</ele></trkpt>
      <trkpt lat="51.509665" lon="-0.22455"><ele>6.75</ele></trkpt>
      <trkpt lat="51.509668" lon="-0.224551"><ele>7.25</ele></trkpt>
      <trkpt lat="51.509665" lon="-0.22455"><ele>6.75</ele></trkpt>
      <trkpt lat="51.509624" lon="-0.224549"><ele>6.75</ele></trkpt>
      <trkpt lat="51.509585" lon="-0.22455"><ele>6.75</ele></trkpt>
      <trkpt lat="51.509333" lon="-0.224544"><ele>6.5</ele></trkpt>
      <trkpt lat="51.509339" lon="-0.224408"><ele>7</ele></trkpt>
      <trkpt lat="51.509372" lon="-0.224299"><ele>7</ele></trkpt>
      <trkpt lat="51.509371" lon="-0.224274"><ele>7</ele></trkpt>
      <trkpt lat="51.509369" lon="-0.224155"><ele>7</ele></trkpt>
      <trkpt lat="51.50939" lon="-0.224155"><ele>7</ele></trkpt>
      <trkpt lat="51.509382" lon="-0.223967"><ele>7</ele></trkpt>
      <trkpt lat="51.509367" lon="-0.223828"><ele>7</ele></trkpt>
      <trkpt lat="51.50934" lon="-0.223751"><ele>7.25</ele></trkpt>
      <trkpt lat="51.509352" lon="-0.223698"><ele>7.25</ele></trkpt>
      <trkpt lat="51.509279" lon="-0.223474"><ele>7.25</ele></trkpt>
      <trkpt lat="51.509245" lon="-0.223414"><ele>7.25</ele></trkpt>
      <trkpt lat="51.509657" lon="-0.222807"><ele>7.25</ele></trkpt>
      <trkpt lat="51.509685" lon="-0.2228"><ele>7</ele></trkpt>
      <trkpt lat="51.509655" lon="-0.222209"><ele>7</ele></trkpt>
      <trkpt lat="51.50963" lon="-0.221333"><ele>7</ele></trkpt>
      <trkpt lat="51.509643" lon="-0.221185"><ele>7</ele></trkpt>
      <trkpt lat="51.509565" lon="-0.219673"><ele>7.25</ele></trkpt>
      <trkpt lat="51.50959" lon="-0.219554"><ele>7</ele></trkpt>
      <trkpt lat="51.509594" lon="-0.219478"><ele>7</ele></trkpt>
      <trkpt lat="51.509447" lon="-0.219461"><ele>7</ele></trkpt>
      <trkpt lat="51.509441" lon="-0.219452"><ele>7</ele></trkpt>
      <trkpt lat="51.509409" lon="-0.219365"><ele>7</ele></trkpt>
      <trkpt lat="51.509393" lon="-0.219327"><ele>7</ele></trkpt>
      <trkpt lat="51.509369" lon="-0.219267"><ele>7.25</ele></trkpt>
      <trkpt lat="51.509329" lon="-0.219244"><ele>7.25</ele></trkpt>
      <trkpt lat="51.509304" lon="-0.219237"><ele>7.25</ele></trkpt>
      <trkpt lat="51.509262" lon="-0.219224"><ele>7.25</ele></trkpt>
      <trkpt lat="51.509253" lon="-0.2192"><ele>7.25</ele></trkpt>
      <trkpt lat="51.509258" lon="-0.219145"><ele>7.25</ele></trkpt>
      <trkpt lat="51.509246" lon="-0.219129"><ele>7.25</ele></trkpt>
      <trkpt lat="51.509217" lon="-0.219119"><ele>7.25</ele></trkpt>
      <trkpt lat="51.509181" lon="-0.219106"><ele>7.5</ele></trkpt>
      <trkpt lat="51.509141" lon="-0.219094"><ele>7.5</ele></trkpt>
      <trkpt lat="51.509148" lon="-0.219054"><ele>7.5</ele></trkpt>
      <trkpt lat="51.509144" lon="-0.218968"><ele>7.5</ele></trkpt>
      <trkpt lat="51.50913" lon="-0.218868"><ele>7.5</ele></trkpt>
      <trkpt lat="51.509135" lon="-0.218814"><ele>7.5</ele></trkpt>
      <trkpt lat="51.509139" lon="-0.218787"><ele>7.75</ele></trkpt>
      <trkpt lat="51.509147" lon="-0.218727"><ele>8.5</ele></trkpt>
      <trkpt lat="51.509258" lon="-0.218762"><ele>8.5</ele></trkpt>
      <trkpt lat="51.509282" lon="-0.218668"><ele>9.5</ele></trkpt>
      <trkpt lat="51.509286" lon="-0.21865"><ele>9.75</ele></trkpt>
      <trkpt lat="51.509298" lon="-0.218596"><ele>10.25</ele></trkpt>
      <trkpt lat="51.509303" lon="-0.218578"><ele>10.25</ele></trkpt>
      <trkpt lat="51.509313" lon="-0.218531"><ele>10</ele></trkpt>
      <trkpt lat="51.509321" lon="-0.218488"><ele>9.75</ele></trkpt>
      <trkpt lat="51.509318" lon="-0.218469"><ele>9.75</ele></trkpt>
      <trkpt lat="51.509316" lon="-0.218449"><ele>9.5</ele></trkpt>
      <trkpt lat="51.509309" lon="-0.2184"><ele>9.25</ele></trkpt>
      <trkpt lat="51.509336" lon="-0.218388"><ele>9.25</ele></trkpt>
      <trkpt lat="51.509365" lon="-0.218356"><ele>9</ele></trkpt>
      <trkpt lat="51.509385" lon="-0.218311"><ele>8.75</ele></trkpt>
      <trkpt lat="51.509397" lon="-0.218259"><ele>8.5</ele></trkpt>
      <trkpt lat="51.509396" lon="-0.218192"><ele>8</ele></trkpt>
      <trkpt lat="51.509384" lon="-0.218133"><ele>7.5</ele></trkpt>
      <trkpt lat="51.509372" lon="-0.21802"><ele>7</ele></trkpt>
      <trkpt lat="51.50937" lon="-0.2179"><ele>7</ele></trkpt>
      <trkpt lat="51.509384" lon="-0.217831"><ele>7</ele></trkpt>
      <trkpt lat="51.509424" lon="-0.217703"><ele>7</ele></trkpt>
      <trkpt lat="51.509453" lon="-0.217552"><ele>7</ele></trkpt>
      <trkpt lat="51.509461" lon="-0.217467"><ele>7</ele></trkpt>
      <trkpt lat="51.509453" lon="-0.217311"><ele>7</ele></trkpt>
      <trkpt lat="51.509463" lon="-0.21723"><ele>7</ele></trkpt>
      <trkpt lat="51.509472" lon="-0.217203"><ele>7</ele></trkpt>
      <trkpt lat="51.509487" lon="-0.217183"><ele>7</ele></trkpt>
      <trkpt lat="51.509613" lon="-0.217133"><ele>7</ele></trkpt>
      <trkpt lat="51.51" lon="-0.216983"><ele>6.75</ele></trkpt>
      <trkpt lat="51.510039" lon="-0.216955"><ele>7</ele></trkpt>
      <trkpt lat="51.510067" lon="-0.216902"><ele>7</ele></trkpt>
      <trkpt lat="51.51041" lon="-0.217188"><ele>6.75</ele></trkpt>
      <trkpt lat="51.510604" lon="-0.217359"><ele>7</ele></trkpt>
      <trkpt lat="51.511055" lon="-0.217735"><ele>7</ele></trkpt>
      <trkpt lat="51.511188" lon="-0.217845"><ele>7</ele></trkpt>
      <trkpt lat="51.511286" lon="-0.217904"><ele>7</ele></trkpt>
      <trkpt lat="51.511343" lon="-0.217914"><ele>7</ele></trkpt>
      <trkpt lat="51.511554" lon="-0.21789"><ele>7</ele></trkpt>
      <trkpt lat="51.511884" lon="-0.217836"><ele>7</ele></trkpt>
      <trkpt lat="51.511914" lon="-0.217795"><ele>7</ele></trkpt>
      <trkpt lat="51.511934" lon="-0.217736"><ele>7</ele></trkpt>
      <trkpt lat="51.511975" lon="-0.217668"><ele>7</ele></trkpt>
      <trkpt lat="51.512006" lon="-0.217694"><ele>7</ele></trkpt>
      <trkpt lat="51.51209" lon="-0.217758"><ele>7.25</ele></trkpt>
      <trkpt lat="51.512099" lon="-0.217792"><ele>7.5</ele></trkpt>
      <trkpt lat="51.512091" lon="-0.217894"><ele>7.5</ele></trkpt>
      <trkpt lat="51.512102" lon="-0.217909"><ele>7.5</ele></trkpt>
      <trkpt lat="51.512435" lon="-0.217894"><ele>8</ele></trkpt>
      <trkpt lat="51.513229" lon="-0.217827"><ele>8</ele></trkpt>
      <trkpt lat="51.513388" lon="-0.217811"><ele>8</ele></trkpt>
      <trkpt lat="51.513652" lon="-0.217783"><ele>8</ele></trkpt>
      <trkpt lat="51.513726" lon="-0.217776"><ele>8</ele></trkpt>
      <trkpt lat="51.513755" lon="-0.217774"><ele>8</ele></trkpt>
      <trkpt lat="51.513783" lon="-0.217773"><ele>8</ele></trkpt>
      <trkpt lat="51.51383" lon="-0.217767"><ele>8</ele></trkpt>
      <trkpt lat="51.51433" lon="-0.217727"><ele>8</ele></trkpt>
      <trkpt lat="51.514358" lon="-0.217751"><ele>8</ele></trkpt>
      <trkpt lat="51.514368" lon="-0.217749"><ele>8</ele></trkpt>
      <trkpt lat="51.514407" lon="-0.217744"><ele>8</ele></trkpt>
      <trkpt lat="51.514442" lon="-0.217739"><ele>8</ele></trkpt>
      <trkpt lat="51.514459" lon="-0.217715"><ele>8</ele></trkpt>
      <trkpt lat="51.514517" lon="-0.21771"><ele>8</ele></trkpt>
      <trkpt lat="51.514516" lon="-0.217678"><ele>8</ele></trkpt>
      <trkpt lat="51.514515" lon="-0.217617"><ele>8</ele></trkpt>
      <trkpt lat="51.514513" lon="-0.217558"><ele>8</ele></trkpt>
      <trkpt lat="51.514512" lon="-0.21753"><ele>8</ele></trkpt>
      <trkpt lat="51.514884" lon="-0.217489"><ele>8</ele></trkpt>
      <trkpt lat="51.514984" lon="-0.217478"><ele>8</ele></trkpt>
      <trkpt lat="51.515007" lon="-0.217476"><ele>8</ele></trkpt>
      <trkpt lat="51.515044" lon="-0.217473"><ele>8</ele></trkpt>
      <trkpt lat="51.515075" lon="-0.217471"><ele>8</ele></trkpt>
      <trkpt lat="51.515099" lon="-0.21747"><ele>8</ele></trkpt>
      <trkpt lat="51.515138" lon="-0.217468"><ele>8</ele></trkpt>
      <trkpt lat="51.515592" lon="-0.217434"><ele>8</ele></trkpt>
      <trkpt lat="51.515644" lon="-0.217011"><ele>8.25</ele></trkpt>
      <trkpt lat="51.515701" lon="-0.216319"><ele>8.5</ele></trkpt>
      <trkpt lat="51.51584" lon="-0.216207"><ele>9</ele></trkpt>
      <trkpt lat="51.51596" lon="-0.21575"><ele>9</ele></trkpt>
      <trkpt lat="51.516333" lon="-0.21537"><ele>9.75</ele></trkpt>
      <trkpt lat="51.516375" lon="-0.215331"><ele>9.75</ele></trkpt>
      <trkpt lat="51.516685" lon="-0.214477"><ele>12</ele></trkpt>
      <trkpt lat="51.516879" lon="-0.213945"><ele>12.75</ele></trkpt>
      <trkpt lat="51.516907" lon="-0.213987"><ele>12.75</ele></trkpt>
      <trkpt lat="51.517444" lon="-0.212173"><ele>13.75</ele></trkpt>
      <trkpt lat="51.517739" lon="-0.210889"><ele>14.75</ele></trkpt>
      <trkpt lat="51.517766" lon="-0.210773"><ele>15</ele></trkpt>
      <trkpt lat="51.517868" lon="-0.210331"><ele>15</ele></trkpt>
      <trkpt lat="51.517567" lon="-0.210146"><ele>14.5</ele></trkpt>
      <trkpt lat="51.517529" lon="-0.210119"><ele>14.5</ele></trkpt>
      <trkpt lat="51.517483" lon="-0.210086"><ele>14.5</ele></trkpt>
      <trkpt lat="51.517376" lon="-0.210006"><ele>14</ele></trkpt>
      <trkpt lat="51.517333" lon="-0.210171"><ele>13.75</ele></trkpt>
      <trkpt lat="51.51732" lon="-0.210225"><ele>13.75</ele></trkpt>
      <trkpt lat="51.517304" lon="-0.210293"><ele>14</ele></trkpt>
      <trkpt lat="51.517292" lon="-0.210345"><ele>14.25</ele></trkpt>
      <trkpt lat="51.517334" lon="-0.210372"><ele>14.25</ele></trkpt>
      <trkpt lat="51.51735" lon="-0.210312"><ele>14</ele></trkpt>
      <trkpt lat="51.517453" lon="-0.210371"><ele>14.75</ele></trkpt>
      <trkpt lat="51.51735" lon="-0.210312"><ele>14</ele></trkpt>
      <trkpt lat="51.517334" lon="-0.210372"><ele>14.25</ele></trkpt>
      <trkpt lat="51.517292" lon="-0.210345"><ele>14.25</ele></trkpt>
      <trkpt lat="51.517304" lon="-0.210293"><ele>14</ele></trkpt>
      <trkpt lat="51.51732" lon="-0.210225"><ele>13.75</ele></trkpt>
      <trkpt lat="51.517333" lon="-0.210171"><ele>13.75</ele></trkpt>
      <trkpt lat="51.517376" lon="-0.210006"><ele>14</ele></trkpt>
      <trkpt lat="51.517344" lon="-0.209983"><ele>13.75</ele></trkpt>
      <trkpt lat="51.517058" lon="-0.209759"><ele>13</ele></trkpt>
      <trkpt lat="51.517011" lon="-0.209721"><ele>13</ele></trkpt>
      <trkpt lat="51.516988" lon="-0.209704"><ele>13</ele></trkpt>
      <trkpt lat="51.516947" lon="-0.209674"><ele>13</ele></trkpt>
      <trkpt lat="51.516845" lon="-0.209603"><ele>13</ele></trkpt>
      <trkpt lat="51.516869" lon="-0.209458"><ele>13</ele></trkpt>
      <trkpt lat="51.516878" lon="-0.20941"><ele>13</ele></trkpt>
      <trkpt lat="51.516925" lon="-0.209171"><ele>13</ele></trkpt>
      <trkpt lat="51.516944" lon="-0.209074"><ele>13</ele></trkpt>
      <trkpt lat="51.51716" lon="-0.20802"><ele>13.75</ele></trkpt>
      <trkpt lat="51.517526" lon="-0.206268"><ele>16.25</ele></trkpt>
      <trkpt lat="51.517799" lon="-0.206519"><ele>16</ele></trkpt>
      <trkpt lat="51.518032" lon="-0.206734"><ele>16</ele></trkpt>
      <trkpt lat="51.518073" lon="-0.206619"><ele>16</ele></trkpt>
      <trkpt lat="51.518365" lon="-0.205842"><ele>18</ele></trkpt>
      <trkpt lat="51.518406" lon="-0.205775"><ele>18.25</ele></trkpt>
      <trkpt lat="51.518787" lon="-0.204861"><ele>20</ele></trkpt>
      <trkpt lat="51.518939" lon="-0.204514"><ele>21.75</ele></trkpt>
      <trkpt lat="51.519419" lon="-0.20339"><ele>23.5</ele></trkpt>
      <trkpt lat="51.519579" lon="-0.203031"><ele>25</ele></trkpt>
      <trkpt lat="51.51972" lon="-0.202619"><ele>25.5</ele></trkpt>
      <trkpt lat="51.519899" lon="-0.202116"><ele>25</ele></trkpt>
      <trkpt lat="51.520231" lon="-0.201203"><ele>26.5</ele></trkpt>
      <trkpt lat="51.520353" lon="-0.200948"><ele>26</ele></trkpt>
      <trkpt lat="51.520476" lon="-0.20064"><ele>26</ele></trkpt>
      <trkpt lat="51.520595" lon="-0.200344"><ele>26.25</ele></trkpt>
      <trkpt lat="51.520673" lon="-0.200418"><ele>26.25</ele></trkpt>
      <trkpt lat="51.520842" lon="-0.200537"><ele>26.25</ele></trkpt>
      <trkpt lat="51.520893" lon="-0.200573"><ele>26.25</ele></trkpt>
      <trkpt lat="51.52087" lon="-0.200668"><ele>26.25</ele></trkpt>
      <trkpt lat="51.52086" lon="-0.200715"><ele>26.25</ele></trkpt>
      <trkpt lat="51.521016" lon="-0.200835"><ele>26.25</ele></trkpt>
      <trkpt lat="51.521106" lon="-0.200909"><ele>26.25</ele></trkpt>
      <trkpt lat="51.521016" lon="-0.200835"><ele>26.25</ele></trkpt>
      <trkpt lat="51.52086" lon="-0.200715"><ele>26.25</ele></trkpt>
      <trkpt lat="51.52087" lon="-0.200668"><ele>26.25</ele></trkpt>
      <trkpt lat="51.520893" lon="-0.200573"><ele>26.25</ele></trkpt>
      <trkpt lat="51.520842" lon="-0.200537"><ele>26.25</ele></trkpt>
      <trkpt lat="51.520673" lon="-0.200418"><ele>26.25</ele></trkpt>
      <trkpt lat="51.520595" lon="-0.200344"><ele>26.25</ele></trkpt>
      <trkpt lat="51.520476" lon="-0.20064"><ele>26</ele></trkpt>
      <trkpt lat="51.520353" lon="-0.200948"><ele>26</ele></trkpt>
      <trkpt lat="51.520231" lon="-0.201203"><ele>26.5</ele></trkpt>
      <trkpt lat="51.518325" lon="-0.199507"><ele>22.75</ele></trkpt>
      <trkpt lat="51.518545" lon="-0.198664"><ele>22</ele></trkpt>
      <trkpt lat="51.518554" lon="-0.198629"><ele>22.25</ele></trkpt>
      <trkpt lat="51.5186" lon="-0.198454"><ele>22.75</ele></trkpt>
      <trkpt lat="51.518721" lon="-0.197965"><ele>23</ele></trkpt>
      <trkpt lat="51.519081" lon="-0.198238"><ele>22.75</ele></trkpt>
      <trkpt lat="51.519258" lon="-0.197387"><ele>22.75</ele></trkpt>
      <trkpt lat="51.519322" lon="-0.19704"><ele>22.75</ele></trkpt>
      <trkpt lat="51.519289" lon="-0.196922"><ele>22.75</ele></trkpt>
      <trkpt lat="51.519298" lon="-0.196838"><ele>22.75</ele></trkpt>
      <trkpt lat="51.51935" lon="-0.196607"><ele>22.25</ele></trkpt>
      <trkpt lat="51.519357" lon="-0.196571"><ele>22.5</ele></trkpt>
      <trkpt lat="51.519371" lon="-0.1965"><ele>22.5</ele></trkpt>
      <trkpt lat="51.519337" lon="-0.196456"><ele>22.75</ele></trkpt>
      <trkpt lat="51.519319" lon="-0.1964"><ele>22.75</ele></trkpt>
      <trkpt lat="51.519317" lon="-0.19632"><ele>23</ele></trkpt>
      <trkpt lat="51.519155" lon="-0.196238"><ele>23</ele></trkpt>
      <trkpt lat="51.519065" lon="-0.196361"><ele>23</ele></trkpt>
      <trkpt lat="51.519239" lon="-0.195486"><ele>23.5</ele></trkpt>
      <trkpt lat="51.519269" lon="-0.195335"><ele>23.5</ele></trkpt>
      <trkpt lat="51.51927" lon="-0.195191"><ele>23.5</ele></trkpt>
      <trkpt lat="51.519261" lon="-0.195101"><ele>23.75</ele></trkpt>
      <trkpt lat="51.519234" lon="-0.195023"><ele>23.75</ele></trkpt>
      <trkpt lat="51.519194" lon="-0.194963"><ele>23.75</ele></trkpt>
      <trkpt lat="51.519256" lon="-0.1948"><ele>23.75</ele></trkpt>
      <trkpt lat="51.519219" lon="-0.194347"><ele>24</ele></trkpt>
      <trkpt lat="51.519155" lon="-0.19373"><ele>24.75</ele></trkpt>
      <trkpt lat="51.519152" lon="-0.1937"><ele>24.75</ele></trkpt>
      <trkpt lat="51.519125" lon="-0.193433"><ele>24.25</ele></trkpt>
      <trkpt lat="51.519073" lon="-0.192935"><ele>24</ele></trkpt>
      <trkpt lat="51.519013" lon="-0.192346"><ele>24.5</ele></trkpt>
      <trkpt lat="51.51893" lon="-0.191448"><ele>25.25</ele></trkpt>
      <trkpt lat="51.518848" lon="-0.190567"><ele>24.25</ele></trkpt>
      <trkpt lat="51.518795" lon="-0.190027"><ele>23.5</ele></trkpt>
      <trkpt lat="51.518747" lon="-0.189536"><ele>23</ele></trkpt>
      <trkpt lat="51.518732" lon="-0.189395"><ele>23</ele></trkpt>
      <trkpt lat="51.518702" lon="-0.189107"><ele>23</ele></trkpt>
      <trkpt lat="51.518701" lon="-0.189075"><ele>23.25</ele></trkpt>
      <trkpt lat="51.518669" lon="-0.189082"><ele>23.5</ele></trkpt>
      <trkpt lat="51.51859" lon="-0.189086"><ele>24.25</ele></trkpt>
      <trkpt lat="51.518587" lon="-0.189053"><ele>24.25</ele></trkpt>
      <trkpt lat="51.51858" lon="-0.18899"><ele>24.5</ele></trkpt>
      <trkpt lat="51.518575" lon="-0.188946"><ele>24.5</ele></trkpt>
      <trkpt lat="51.518572" lon="-0.188916"><ele>24.75</ele></trkpt>
      <trkpt lat="51.51873" lon="-0.188861"><ele>23</ele></trkpt>
      <trkpt lat="51.519111" lon="-0.188743"><ele>21.75</ele></trkpt>
      <trkpt lat="51.51914" lon="-0.188734"><ele>21.75</ele></trkpt>
      <trkpt lat="51.519407" lon="-0.18865"><ele>22.75</ele></trkpt>
      <trkpt lat="51.519484" lon="-0.188626"><ele>23.25</ele></trkpt>
      <trkpt lat="51.519512" lon="-0.188597"><ele>23.5</ele></trkpt>
      <trkpt lat="51.519523" lon="-0.188551"><ele>23.75</ele></trkpt>
      <trkpt lat="51.519582" lon="-0.188547"><ele>24.25</ele></trkpt>
      <trkpt lat="51.519608" lon="-0.188547"><ele>24.75</ele></trkpt>
      <trkpt lat="51.519744" lon="-0.188542"><ele>26</ele></trkpt>
      <trkpt lat="51.519786" lon="-0.188541"><ele>26.25</ele></trkpt>
      <trkpt lat="51.519772" lon="-0.187948"><ele>26</ele></trkpt>
      <trkpt lat="51.51986" lon="-0.187895"><ele>26</ele></trkpt>
      <trkpt lat="51.520005" lon="-0.187873"><ele>26.25</ele></trkpt>
      <trkpt lat="51.519975" lon="-0.187552"><ele>26</ele></trkpt>
      <trkpt lat="51.520011" lon="-0.186819"><ele>27.25</ele></trkpt>
      <trkpt lat="51.519981" lon="-0.186558"><ele>26.5</ele></trkpt>
      <trkpt lat="51.51992" lon="-0.186337"><ele>26</ele></trkpt>
      <trkpt lat="51.519912" lon="-0.18584"><ele>26.75</ele></trkpt>
      <trkpt lat="51.519915" lon="-0.185756"><ele>27</ele></trkpt>
      <trkpt lat="51.519965" lon="-0.185667"><ele>27</ele></trkpt>
      <trkpt lat="51.520016" lon="-0.185645"><ele>26.75</ele></trkpt>
      <trkpt lat="51.520016" lon="-0.185612"><ele>26.75</ele></trkpt>
      <trkpt lat="51.520034" lon="-0.185564"><ele>26.75</ele></trkpt>
      <trkpt lat="51.520099" lon="-0.185503"><ele>26.25</ele></trkpt>
      <trkpt lat="51.520658" lon="-0.185176"><ele>28</ele></trkpt>
      <trkpt lat="51.520623" lon="-0.185039"><ele>28</ele></trkpt>
      <trkpt lat="51.5205" lon="-0.18452"><ele>27.75</ele></trkpt>
      <trkpt lat="51.520481" lon="-0.184441"><ele>27.75</ele></trkpt>
      <trkpt lat="51.521015" lon="-0.184103"><ele>30.5</ele></trkpt>
      <trkpt lat="51.52105" lon="-0.18408"><ele>30.75</ele></trkpt>
      <trkpt lat="51.521083" lon="-0.18406"><ele>30.75</ele></trkpt>
      <trkpt lat="51.521117" lon="-0.184025"><ele>31</ele></trkpt>
      <trkpt lat="51.521105" lon="-0.183954"><ele>30.75</ele></trkpt>
      <trkpt lat="51.521089" lon="-0.183854"><ele>30.75</ele></trkpt>
      <trkpt lat="51.521056" lon="-0.183739"><ele>30.25</ele></trkpt>
      <trkpt lat="51.520988" lon="-0.183484"><ele>29.5</ele></trkpt>
      <trkpt lat="51.520971" lon="-0.183366"><ele>29.5</ele></trkpt>
      <trkpt lat="51.520957" lon="-0.181967"><ele>30</ele></trkpt>
      <trkpt lat="51.520966" lon="-0.181675"><ele>30.5</ele></trkpt>
      <trkpt lat="51.520944" lon="-0.181436"><ele>30.5</ele></trkpt>
      <trkpt lat="51.520891" lon="-0.181166"><ele>31.5</ele></trkpt>
      <trkpt lat="51.520852" lon="-0.181114"><ele>31.75</ele></trkpt>
      <trkpt lat="51.520737" lon="-0.180909"><ele>30.25</ele></trkpt>
      <trkpt lat="51.520634" lon="-0.180854"><ele>30</ele></trkpt>
      <trkpt lat="51.520528" lon="-0.180744"><ele>29.5</ele></trkpt>
      <trkpt lat="51.520425" lon="-0.180602"><ele>28.75</ele></trkpt>
      <trkpt lat="51.520365" lon="-0.180518"><ele>28.75</ele></trkpt>
      <trkpt lat="51.520311" lon="-0.180462"><ele>28.75</ele></trkpt>
      <trkpt lat="51.520203" lon="-0.180323"><ele>29.25</ele></trkpt>
      <trkpt lat="51.519713" lon="-0.17967"><ele>30</ele></trkpt>
      <trkpt lat="51.519625" lon="-0.179567"><ele>30</ele></trkpt>
      <trkpt lat="51.519556" lon="-0.17947"><ele>30</ele></trkpt>
      <trkpt lat="51.51946" lon="-0.179317"><ele>30</ele></trkpt>
      <trkpt lat="51.519121" lon="-0.178764"><ele>29</ele></trkpt>
      <trkpt lat="51.518902" lon="-0.178412"><ele>27.5</ele></trkpt>
      <trkpt lat="51.518645" lon="-0.178063"><ele>28.75</ele></trkpt>
      <trkpt lat="51.518624" lon="-0.178107"><ele>27.75</ele></trkpt>
      <trkpt lat="51.518524" lon="-0.17821"><ele>24.75</ele></trkpt>
      <trkpt lat="51.518439" lon="-0.178296"><ele>23</ele></trkpt>
      <trkpt lat="51.518121" lon="-0.177762"><ele>23</ele></trkpt>
      <trkpt lat="51.517891" lon="-0.178153"><ele>23</ele></trkpt>
      <trkpt lat="51.51786" lon="-0.178172"><ele>23</ele></trkpt>
      <trkpt lat="51.517824" lon="-0.178169"><ele>23</ele></trkpt>
      <trkpt lat="51.517792" lon="-0.178153"><ele>23</ele></trkpt>
      <trkpt lat="51.517778" lon="-0.178178"><ele>23</ele></trkpt>
      <trkpt lat="51.517802" lon="-0.178207"><ele>23</ele></trkpt>
      <trkpt lat="51.517826" lon="-0.178242"><ele>23</ele></trkpt>
      <trkpt lat="51.517901" lon="-0.178337"><ele>23.25</ele></trkpt>
      <trkpt lat="51.518025" lon="-0.178222"><ele>23.75</ele></trkpt>
      <trkpt lat="51.518169" lon="-0.178113"><ele>23.75</ele></trkpt>
      <trkpt lat="51.518181" lon="-0.178159"><ele>23.75</ele></trkpt>
      <trkpt lat="51.518218" lon="-0.178277"><ele>23.25</ele></trkpt>
      <trkpt lat="51.518181" lon="-0.178159"><ele>23.75</ele></trkpt>
      <trkpt lat="51.518169" lon="-0.178113"><ele>23.75</ele></trkpt>
      <trkpt lat="51.518025" lon="-0.178222"><ele>23.25</ele></trkpt>
      <trkpt lat="51.517901" lon="-0.178337"><ele>23</ele></trkpt>
      <trkpt lat="51.517826" lon="-0.178242"><ele>23</ele></trkpt>
      <trkpt lat="51.517802" lon="-0.178207"><ele>22.75</ele></trkpt>
      <trkpt lat="51.517778" lon="-0.178178"><ele>23</ele></trkpt>
      <trkpt lat="51.517792" lon="-0.178153"><ele>23</ele></trkpt>
      <trkpt lat="51.517824" lon="-0.178169"><ele>23</ele></trkpt>
      <trkpt lat="51.51786" lon="-0.178172"><ele>23</ele></trkpt>
      <trkpt lat="51.517891" lon="-0.178153"><ele>23</ele></trkpt>
      <trkpt lat="51.518121" lon="-0.177762"><ele>23</ele></trkpt>
      <trkpt lat="51.518439" lon="-0.178296"><ele>23</ele></trkpt>
      <trkpt lat="51.518524" lon="-0.17821"><ele>24.75</ele></trkpt>
      <trkpt lat="51.518624" lon="-0.178107"><ele>27.75</ele></trkpt>
      <trkpt lat="51.518645" lon="-0.178063"><ele>28.75</ele></trkpt>
      <trkpt lat="51.51834" lon="-0.177576"><ele>29.5</ele></trkpt>
      <trkpt lat="51.518135" lon="-0.177273"><ele>29</ele></trkpt>
      <trkpt lat="51.518146" lon="-0.177253"><ele>29.25</ele></trkpt>
      <trkpt lat="51.518195" lon="-0.177177"><ele>29.25</ele></trkpt>
      <trkpt lat="51.518299" lon="-0.177009"><ele>29.75</ele></trkpt>
      <trkpt lat="51.518313" lon="-0.177032"><ele>29.75</ele></trkpt>
      <trkpt lat="51.518335" lon="-0.176998"><ele>30</ele></trkpt>
      <trkpt lat="51.518369" lon="-0.176949"><ele>30</ele></trkpt>
      <trkpt lat="51.518382" lon="-0.176971"><ele>30</ele></trkpt>
      <trkpt lat="51.518343" lon="-0.177039"><ele>30</ele></trkpt>
      <trkpt lat="51.518339" lon="-0.177031"><ele>30</ele></trkpt>
      <trkpt lat="51.518302" lon="-0.176968"><ele>29.75</ele></trkpt>
      <trkpt lat="51.518294" lon="-0.176955"><ele>29.75</ele></trkpt>
      <trkpt lat="51.518211" lon="-0.176793"><ele>30</ele></trkpt>
      <trkpt lat="51.518173" lon="-0.176669"><ele>30</ele></trkpt>
      <trkpt lat="51.518141" lon="-0.176433"><ele>30</ele></trkpt>
      <trkpt lat="51.518136" lon="-0.176357"><ele>30</ele></trkpt>
      <trkpt lat="51.518141" lon="-0.176208"><ele>30</ele></trkpt>
      <trkpt lat="51.518209" lon="-0.175746"><ele>30.25</ele></trkpt>
      <trkpt lat="51.518186" lon="-0.17574"><ele>30.25</ele></trkpt>
      <trkpt lat="51.518194" lon="-0.175695"><ele>30.25</ele></trkpt>
      <trkpt lat="51.518227" lon="-0.175578"><ele>30</ele></trkpt>
      <trkpt lat="51.518321" lon="-0.175141"><ele>29.5</ele></trkpt>
      <trkpt lat="51.518378" lon="-0.174813"><ele>30</ele></trkpt>
      <trkpt lat="51.51838" lon="-0.174804"><ele>30</ele></trkpt>
      <trkpt lat="51.518409" lon="-0.17464"><ele>29.75</ele></trkpt>
      <trkpt lat="51.518411" lon="-0.174627"><ele>29.75</ele></trkpt>
      <trkpt lat="51.518522" lon="-0.173963"><ele>29.25</ele></trkpt>
      <trkpt lat="51.518736" lon="-0.17278"><ele>30.25</ele></trkpt>
      <trkpt lat="51.518749" lon="-0.172707"><ele>30.25</ele></trkpt>
      <trkpt lat="51.518838" lon="-0.172246"><ele>30</ele></trkpt>
      <trkpt lat="51.518891" lon="-0.171909"><ele>30</ele></trkpt>
      <trkpt lat="51.518939" lon="-0.171596"><ele>30</ele></trkpt>
      <trkpt lat="51.518963" lon="-0.171456"><ele>30</ele></trkpt>
      <trkpt lat="51.519011" lon="-0.17118"><ele>30</ele></trkpt>
      <trkpt lat="51.519066" lon="-0.170814"><ele>30</ele></trkpt>
      <trkpt lat="51.518929" lon="-0.170751"><ele>30.25</ele></trkpt>
      <trkpt lat="51.518928" lon="-0.170608"><ele>30.5</ele></trkpt>
      <trkpt lat="51.518923" lon="-0.170394"><ele>30.75</ele></trkpt>
      <trkpt lat="51.518913" lon="-0.170032"><ele>31</ele></trkpt>
      <trkpt lat="51.518965" lon="-0.169925"><ele>31</ele></trkpt>
      <trkpt lat="51.518911" lon="-0.16985"><ele>31</ele></trkpt>
      <trkpt lat="51.518914" lon="-0.169834"><ele>31</ele></trkpt>
      <trkpt lat="51.518933" lon="-0.169801"><ele>31</ele></trkpt>
      <trkpt lat="51.518954" lon="-0.169758"><ele>31</ele></trkpt>
      <trkpt lat="51.519145" lon="-0.169418"><ele>30.75</ele></trkpt>
      <trkpt lat="51.519143" lon="-0.16938"><ele>30.75</ele></trkpt>
      <trkpt lat="51.519203" lon="-0.169285"><ele>31</ele></trkpt>
      <trkpt lat="51.519256" lon="-0.169254"><ele>31</ele></trkpt>
      <trkpt lat="51.519289" lon="-0.169234"><ele>31</ele></trkpt>
      <trkpt lat="51.519307" lon="-0.169206"><ele>31</ele></trkpt>
      <trkpt lat="51.519328" lon="-0.169171"><ele>31</ele></trkpt>
      <trkpt lat="51.519341" lon="-0.169149"><ele>31</ele></trkpt>
      <trkpt lat="51.519363" lon="-0.169112"><ele>31</ele></trkpt>
      <trkpt lat="51.519387" lon="-0.169072"><ele>31</ele></trkpt>
      <trkpt lat="51.5194" lon="-0.16905"><ele>31</ele></trkpt>
      <trkpt lat="51.519387" lon="-0.16903"><ele>31</ele></trkpt>
      <trkpt lat="51.519586" lon="-0.168135"><ele>30.5</ele></trkpt>
      <trkpt lat="51.51959" lon="-0.168112"><ele>30.75</ele></trkpt>
      <trkpt lat="51.519597" lon="-0.168079"><ele>30.75</ele></trkpt>
      <trkpt lat="51.519605" lon="-0.168047"><ele>30.75</ele></trkpt>
      <trkpt lat="51.519613" lon="-0.168021"><ele>30.75</ele></trkpt>
      <trkpt lat="51.519638" lon="-0.168012"><ele>30.75</ele></trkpt>
      <trkpt lat="51.519727" lon="-0.167947"><ele>30.75</ele></trkpt>
      <trkpt lat="51.519816" lon="-0.167747"><ele>30.5</ele></trkpt>
      <trkpt lat="51.519847" lon="-0.167739"><ele>30.25</ele></trkpt>
    </trkseg>
    <trkseg>
      <trkpt lat="51.519847" lon="-0.167739"><ele>30.25</ele></trkpt>
      <trkpt lat="51.519816" lon="-0.167747"><ele>30.5</ele></trkpt>
      <trkpt lat="51.519727" lon="-0.167947"><ele>30.75</ele></trkpt>
      <trkpt lat="51.519638" lon="-0.168012"><ele>30.75</ele></trkpt>
      <trkpt lat="51.519613" lon="-0.168021"><ele>30.75</ele></trkpt>
      <trkpt lat="51.519637" lon="-0.167906"><ele>30.5</ele></trkpt>
      <trkpt lat="51.519756" lon="-0.167276"><ele>30.5</ele></trkpt>
      <trkpt lat="51.519769" lon="-0.167221"><ele>30.25</ele></trkpt>
      <trkpt lat="51.519789" lon="-0.167128"><ele>29.75</ele></trkpt>
      <trkpt lat="51.519936" lon="-0.166428"><ele>29.75</ele></trkpt>
      <trkpt lat="51.519972" lon="-0.166251"><ele>30</ele></trkpt>
      <trkpt lat="51.520029" lon="-0.165972"><ele>29.5</ele></trkpt>
      <trkpt lat="51.520047" lon="-0.165914"><ele>29.25</ele></trkpt>
      <trkpt lat="51.520066" lon="-0.165875"><ele>29</ele></trkpt>
      <trkpt lat="51.520111" lon="-0.165795"><ele>28.5</ele></trkpt>
      <trkpt lat="51.520166" lon="-0.165743"><ele>28.25</ele></trkpt>
      <trkpt lat="51.52025" lon="-0.165688"><ele>28</ele></trkpt>
      <trkpt lat="51.520378" lon="-0.165607"><ele>28.75</ele></trkpt>
      <trkpt lat="51.520516" lon="-0.165532"><ele>29</ele></trkpt>
      <trkpt lat="51.520569" lon="-0.165514"><ele>29</ele></trkpt>
      <trkpt lat="51.520585" lon="-0.165414"><ele>29.5</ele></trkpt>
      <trkpt lat="51.520586" lon="-0.165393"><ele>29.5</ele></trkpt>
      <trkpt lat="51.520583" lon="-0.165363"><ele>29.75</ele></trkpt>
      <trkpt lat="51.520573" lon="-0.165333"><ele>29.75</ele></trkpt>
      <trkpt lat="51.52056" lon="-0.165298"><ele>29.75</ele></trkpt>
      <trkpt lat="51.520626" lon="-0.165218"><ele>30</ele></trkpt>
      <trkpt lat="51.52068" lon="-0.165077"><ele>30</ele></trkpt>
      <trkpt lat="51.52071" lon="-0.164943"><ele>29.75</ele></trkpt>
      <trkpt lat="51.520785" lon="-0.164485"><ele>29.75</ele></trkpt>
      <trkpt lat="51.520839" lon="-0.164117"><ele>29.75</ele></trkpt>
      <trkpt lat="51.520816" lon="-0.164065"><ele>29.5</ele></trkpt>
      <trkpt lat="51.52083" lon="-0.163983"><ele>29.25</ele></trkpt>
      <trkpt lat="51.520845" lon="-0.163897"><ele>29</ele></trkpt>
      <trkpt lat="51.520878" lon="-0.163864"><ele>29</ele></trkpt>
      <trkpt lat="51.520881" lon="-0.163843"><ele>29</ele></trkpt>
      <trkpt lat="51.521042" lon="-0.16295"><ele>28.25</ele></trkpt>
      <trkpt lat="51.521029" lon="-0.162915"><ele>28.25</ele></trkpt>
      <trkpt lat="51.521031" lon="-0.162901"><ele>28.25</ele></trkpt>
      <trkpt lat="51.521036" lon="-0.162871"><ele>28</ele></trkpt>
      <trkpt lat="51.521046" lon="-0.162814"><ele>28</ele></trkpt>
      <trkpt lat="51.521068" lon="-0.162799"><ele>28</ele></trkpt>
      <trkpt lat="51.521083" lon="-0.162713"><ele>27.75</ele></trkpt>
      <trkpt lat="51.521163" lon="-0.162235"><ele>28</ele></trkpt>
      <trkpt lat="51.521143" lon="-0.162195"><ele>27.75</ele></trkpt>
      <trkpt lat="51.521147" lon="-0.162163"><ele>27.75</ele></trkpt>
      <trkpt lat="51.521152" lon="-0.162137"><ele>27.5</ele></trkpt>
      <trkpt lat="51.521156" lon="-0.162111"><ele>27.5</ele></trkpt>
      <trkpt lat="51.521188" lon="-0.162091"><ele>27.5</ele></trkpt>
      <trkpt lat="51.52126" lon="-0.161664"><ele>27.5</ele></trkpt>
      <trkpt lat="51.521243" lon="-0.161656"><ele>27.25</ele></trkpt>
      <trkpt lat="51.521245" lon="-0.161643"><ele>27.25</ele></trkpt>
      <trkpt lat="51.521248" lon="-0.161626"><ele>27.25</ele></trkpt>
      <trkpt lat="51.521254" lon="-0.161593"><ele>27.25</ele></trkpt>
      <trkpt lat="51.521257" lon="-0.161578"><ele>27.25</ele></trkpt>
      <trkpt lat="51.521273" lon="-0.161586"><ele>27.25</ele></trkpt>
      <trkpt lat="51.52135" lon="-0.161157"><ele>27</ele></trkpt>
      <trkpt lat="51.521334" lon="-0.161103"><ele>26.75</ele></trkpt>
      <trkpt lat="51.521345" lon="-0.161045"><ele>26.75</ele></trkpt>
      <trkpt lat="51.521357" lon="-0.160982"><ele>26.75</ele></trkpt>
      <trkpt lat="51.521384" lon="-0.160968"><ele>26.75</ele></trkpt>
      <trkpt lat="51.5214" lon="-0.160876"><ele>27</ele></trkpt>
      <trkpt lat="51.521452" lon="-0.160585"><ele>27</ele></trkpt>
      <trkpt lat="51.521565" lon="-0.159955"><ele>26</ele></trkpt>
      <trkpt lat="51.521606" lon="-0.159719"><ele>25.75</ele></trkpt>
      <trkpt lat="51.521573" lon="-0.159648"><ele>25.75</ele></trkpt>
      <trkpt lat="51.521575" lon="-0.15964"><ele>25.75</ele></trkpt>
      <trkpt lat="51.52159" lon="-0.159551"><ele>25.75</ele></trkpt>
      <trkpt lat="51.521599" lon="-0.159495"><ele>25.75</ele></trkpt>
      <trkpt lat="51.521606" lon="-0.159458"><ele>25.75</ele></trkpt>
      <trkpt lat="51.521663" lon="-0.159429"><ele>25.75</ele></trkpt>
      <trkpt lat="51.521947" lon="-0.157843"><ele>26.75</ele></trkpt>
      <trkpt lat="51.521975" lon="-0.157856"><ele>26.5</ele></trkpt>
      <trkpt lat="51.522011" lon="-0.157872"><ele>26.5</ele></trkpt>
      <trkpt lat="51.522042" lon="-0.157887"><ele>26.5</ele></trkpt>
      <trkpt lat="51.522053" lon="-0.157892"><ele>26.5</ele></trkpt>
      <trkpt lat="51.522086" lon="-0.157711"><ele>27</ele></trkpt>
      <trkpt lat="51.522099" lon="-0.157717"><ele>27</ele></trkpt>
      <trkpt lat="51.522142" lon="-0.15773"><ele>27</ele></trkpt>
      <trkpt lat="51.522203" lon="-0.157749"><ele>27</ele></trkpt>
      <trkpt lat="51.522235" lon="-0.15776"><ele>27</ele></trkpt>
      <trkpt lat="51.522247" lon="-0.157701"><ele>27</ele></trkpt>
      <trkpt lat="51.522267" lon="-0.157683"><ele>27</ele></trkpt>
      <trkpt lat="51.522272" lon="-0.157652"><ele>27</ele></trkpt>
      <trkpt lat="51.522282" lon="-0.157592"><ele>27</ele></trkpt>
      <trkpt lat="51.5223" lon="-0.157489"><ele>27</ele></trkpt>
      <trkpt lat="51.522302" lon="-0.157479"><ele>27</ele></trkpt>
      <trkpt lat="51.522338" lon="-0.157381"><ele>27</ele></trkpt>
      <trkpt lat="51.522362" lon="-0.157319"><ele>27</ele></trkpt>
      <trkpt lat="51.522358" lon="-0.15725"><ele>27</ele></trkpt>
      <trkpt lat="51.522348" lon="-0.157238"><ele>27</ele></trkpt>
      <trkpt lat="51.522416" lon="-0.157176"><ele>27</ele></trkpt>
      <trkpt lat="51.522435" lon="-0.157063"><ele>27.25</ele></trkpt>
      <trkpt lat="51.522445" lon="-0.157069"><ele>27.25</ele></trkpt>
      <trkpt lat="51.522543" lon="-0.157114"><ele>27.25</ele></trkpt>
      <trkpt lat="51.522554" lon="-0.157119"><ele>27.25</ele></trkpt>
      <trkpt lat="51.522565" lon="-0.157125"><ele>27.25</ele></trkpt>
      <trkpt lat="51.522605" lon="-0.157144"><ele>27.25</ele></trkpt>
      <trkpt lat="51.522835" lon="-0.157304"><ele>27.25</ele></trkpt>
      <trkpt lat="51.522605" lon="-0.157144"><ele>27.5</ele></trkpt>
      <trkpt lat="51.522565" lon="-0.157125"><ele>27.5</ele></trkpt>
      <trkpt lat="51.522554" lon="-0.157119"><ele>27.5</ele></trkpt>
      <trkpt lat="51.522579" lon="-0.156959"><ele>27.5</ele></trkpt>
      <trkpt lat="51.522599" lon="-0.156827"><ele>27.5</ele></trkpt>
      <trkpt lat="51.522604" lon="-0.156799"><ele>27.5</ele></trkpt>
      <trkpt lat="51.52256" lon="-0.156778"><ele>27.5</ele></trkpt>
      <trkpt lat="51.522501" lon="-0.156752"><ele>27.75</ele></trkpt>
      <trkpt lat="51.522486" lon="-0.156748"><ele>27.75</ele></trkpt>
      <trkpt lat="51.522678" lon="-0.155669"><ele>27.5</ele></trkpt>
      <trkpt lat="51.522635" lon="-0.15565"><ele>27.25</ele></trkpt>
      <trkpt lat="51.522588" lon="-0.155629"><ele>27.25</ele></trkpt>
      <trkpt lat="51.522595" lon="-0.155613"><ele>27.25</ele></trkpt>
      <trkpt lat="51.522614" lon="-0.15551"><ele>27.25</ele></trkpt>
      <trkpt lat="51.522626" lon="-0.155495"><ele>27.25</ele></trkpt>
      <trkpt lat="51.522658" lon="-0.155455"><ele>27.5</ele></trkpt>
      <trkpt lat="51.522678" lon="-0.155431"><ele>27.5</ele></trkpt>
      <trkpt lat="51.522664" lon="-0.155348"><ele>27.5</ele></trkpt>
      <trkpt lat="51.522664" lon="-0.155281"><ele>27.5</ele></trkpt>
      <trkpt lat="51.52268" lon="-0.155175"><ele>27.5</ele></trkpt>
      <trkpt lat="51.522706" lon="-0.155087"><ele>27.5</ele></trkpt>
      <trkpt lat="51.52289" lon="-0.15409"><ele>27.25</ele></trkpt>
      <trkpt lat="51.522947" lon="-0.153783"><ele>27</ele></trkpt>
      <trkpt lat="51.523123" lon="-0.152806"><ele>27</ele></trkpt>
      <trkpt lat="51.52315" lon="-0.152664"><ele>27</ele></trkpt>
      <trkpt lat="51.523152" lon="-0.152635"><ele>27</ele></trkpt>
      <trkpt lat="51.52316" lon="-0.152588"><ele>27.25</ele></trkpt>
      <trkpt lat="51.523166" lon="-0.15254"><ele>27.25</ele></trkpt>
      <trkpt lat="51.523171" lon="-0.152507"><ele>27.25</ele></trkpt>
      <trkpt lat="51.523176" lon="-0.152475"><ele>27.25</ele></trkpt>
      <trkpt lat="51.523187" lon="-0.152396"><ele>27.25</ele></trkpt>
      <trkpt lat="51.523189" lon="-0.152381"><ele>27.25</ele></trkpt>
      <trkpt lat="51.523179" lon="-0.152366"><ele>27.25</ele></trkpt>
      <trkpt lat="51.523187" lon="-0.152243"><ele>27.25</ele></trkpt>
      <trkpt lat="51.523274" lon="-0.151202"><ele>27</ele></trkpt>
      <trkpt lat="51.523262" lon="-0.1512"><ele>27</ele></trkpt>
      <trkpt lat="51.523262" lon="-0.151152"><ele>27</ele></trkpt>
      <trkpt lat="51.523263" lon="-0.15108"><ele>27</ele></trkpt>
      <trkpt lat="51.523249" lon="-0.151054"><ele>27</ele></trkpt>
      <trkpt lat="51.523241" lon="-0.151037"><ele>27</ele></trkpt>
      <trkpt lat="51.523256" lon="-0.150859"><ele>27</ele></trkpt>
      <trkpt lat="51.523317" lon="-0.150163"><ele>27</ele></trkpt>
      <trkpt lat="51.523333" lon="-0.149977"><ele>27</ele></trkpt>
      <trkpt lat="51.523418" lon="-0.14906"><ele>27</ele></trkpt>
      <trkpt lat="51.523436" lon="-0.148963"><ele>27</ele></trkpt>
      <trkpt lat="51.523426" lon="-0.148963"><ele>27</ele></trkpt>
      <trkpt lat="51.523362" lon="-0.148954"><ele>27</ele></trkpt>
      <trkpt lat="51.523323" lon="-0.14894"><ele>27</ele></trkpt>
      <trkpt lat="51.523314" lon="-0.148935"><ele>27</ele></trkpt>
      <trkpt lat="51.523332" lon="-0.148824"><ele>27</ele></trkpt>
      <trkpt lat="51.52332" lon="-0.148819"><ele>27</ele></trkpt>
      <trkpt lat="51.523285" lon="-0.148805"><ele>27</ele></trkpt>
      <trkpt lat="51.523258" lon="-0.148794"><ele>27</ele></trkpt>
      <trkpt lat="51.523253" lon="-0.148791"><ele>27</ele></trkpt>
      <trkpt lat="51.523307" lon="-0.148459"><ele>27</ele></trkpt>
      <trkpt lat="51.52331" lon="-0.148441"><ele>27</ele></trkpt>
      <trkpt lat="51.523321" lon="-0.148368"><ele>27</ele></trkpt>
      <trkpt lat="51.523325" lon="-0.148346"><ele>27</ele></trkpt>
      <trkpt lat="51.523392" lon="-0.147943"><ele>27.5</ele></trkpt>
      <trkpt lat="51.523369" lon="-0.147932"><ele>27.5</ele></trkpt>
      <trkpt lat="51.523374" lon="-0.147916"><ele>27.5</ele></trkpt>
      <trkpt lat="51.523389" lon="-0.147839"><ele>27.75</ele></trkpt>
      <trkpt lat="51.523425" lon="-0.147712"><ele>28</ele></trkpt>
      <trkpt lat="51.523426" lon="-0.147703"><ele>28</ele></trkpt>
      <trkpt lat="51.523434" lon="-0.147663"><ele>28</ele></trkpt>
      <trkpt lat="51.523448" lon="-0.14754"><ele>28</ele></trkpt>
      <trkpt lat="51.523539" lon="-0.147034"><ele>28</ele></trkpt>
      <trkpt lat="51.523549" lon="-0.146989"><ele>28</ele></trkpt>
      <trkpt lat="51.523562" lon="-0.146912"><ele>28</ele></trkpt>
      <trkpt lat="51.523578" lon="-0.146814"><ele>28</ele></trkpt>
      <trkpt lat="51.523592" lon="-0.146728"><ele>28</ele></trkpt>
      <trkpt lat="51.523602" lon="-0.146677"><ele>28</ele></trkpt>
      <trkpt lat="51.523817" lon="-0.145416"><ele>28</ele></trkpt>
      <trkpt lat="51.52384" lon="-0.145293"><ele>28</ele></trkpt>
      <trkpt lat="51.523825" lon="-0.145267"><ele>28</ele></trkpt>
      <trkpt lat="51.523829" lon="-0.145247"><ele>28</ele></trkpt>
      <trkpt lat="51.523847" lon="-0.145145"><ele>28</ele></trkpt>
      <trkpt lat="51.523858" lon="-0.14503"><ele>28</ele></trkpt>
      <trkpt lat="51.523861" lon="-0.145007"><ele>28</ele></trkpt>
      <trkpt lat="51.523887" lon="-0.144984"><ele>28</ele></trkpt>
      <trkpt lat="51.523903" lon="-0.144935"><ele>28.25</ele></trkpt>
      <trkpt lat="51.523927" lon="-0.144754"><ele>28.75</ele></trkpt>
      <trkpt lat="51.523942" lon="-0.144438"><ele>28</ele></trkpt>
      <trkpt lat="51.523926" lon="-0.144369"><ele>28.25</ele></trkpt>
      <trkpt lat="51.523911" lon="-0.144338"><ele>28.25</ele></trkpt>
      <trkpt lat="51.523912" lon="-0.144293"><ele>28.5</ele></trkpt>
      <trkpt lat="51.523913" lon="-0.144233"><ele>28.75</ele></trkpt>
      <trkpt lat="51.523878" lon="-0.144231"><ele>28.5</ele></trkpt>
      <trkpt lat="51.52384" lon="-0.144231"><ele>28.25</ele></trkpt>
      <trkpt lat="51.523878" lon="-0.144231"><ele>28.5</ele></trkpt>
      <trkpt lat="51.523913" lon="-0.144233"><ele>28.75</ele></trkpt>
      <trkpt lat="51.523911" lon="-0.14411"><ele>29</ele></trkpt>
      <trkpt lat="51.52391" lon="-0.144072"><ele>29</ele></trkpt>
      <trkpt lat="51.523941" lon="-0.144063"><ele>29</ele></trkpt>
      <trkpt lat="51.523966" lon="-0.144056"><ele>28.75</ele></trkpt>
      <trkpt lat="51.523997" lon="-0.144047"><ele>29</ele></trkpt>
      <trkpt lat="51.52402" lon="-0.14404"><ele>29</ele></trkpt>
      <trkpt lat="51.524062" lon="-0.14403"><ele>29</ele></trkpt>
      <trkpt lat="51.524115" lon="-0.144014"><ele>29</ele></trkpt>
      <trkpt lat="51.524138" lon="-0.144007"><ele>29</ele></trkpt>
      <trkpt lat="51.524089" lon="-0.143573"><ele>29</ele></trkpt>
      <trkpt lat="51.52409" lon="-0.143481"><ele>29</ele></trkpt>
      <trkpt lat="51.524089" lon="-0.143462"><ele>29</ele></trkpt>
      <trkpt lat="51.524087" lon="-0.143416"><ele>29</ele></trkpt>
      <trkpt lat="51.524082" lon="-0.143372"><ele>29</ele></trkpt>
      <trkpt lat="51.524079" lon="-0.143352"><ele>29</ele></trkpt>
      <trkpt lat="51.524082" lon="-0.143337"><ele>29</ele></trkpt>
      <trkpt lat="51.524089" lon="-0.143299"><ele>29</ele></trkpt>
      <trkpt lat="51.524095" lon="-0.143264"><ele>29</ele></trkpt>
      <trkpt lat="51.524107" lon="-0.143222"><ele>29</ele></trkpt>
      <trkpt lat="51.524074" lon="-0.143166"><ele>29</ele></trkpt>
      <trkpt lat="51.524064" lon="-0.143083"><ele>29</ele></trkpt>
      <trkpt lat="51.524109" lon="-0.142518"><ele>28</ele></trkpt>
      <trkpt lat="51.524156" lon="-0.14216"><ele>28</ele></trkpt>
      <trkpt lat="51.524252" lon="-0.141684"><ele>28</ele></trkpt>
      <trkpt lat="51.524374" lon="-0.141296"><ele>28</ele></trkpt>
      <trkpt lat="51.524632" lon="-0.140372"><ele>28</ele></trkpt>
      <trkpt lat="51.524737" lon="-0.140053"><ele>27</ele></trkpt>
      <trkpt lat="51.524999" lon="-0.139215"><ele>27</ele></trkpt>
      <trkpt lat="51.525195" lon="-0.138494"><ele>26.25</ele></trkpt>
      <trkpt lat="51.525255" lon="-0.138503"><ele>27.5</ele></trkpt>
      <trkpt lat="51.525283" lon="-0.138482"><ele>27.75</ele></trkpt>
      <trkpt lat="51.525306" lon="-0.138469"><ele>27.75</ele></trkpt>
      <trkpt lat="51.525323" lon="-0.13841"><ele>27.75</ele></trkpt>
      <trkpt lat="51.525338" lon="-0.138358"><ele>27.75</ele></trkpt>
      <trkpt lat="51.52535" lon="-0.138316"><ele>27.5</ele></trkpt>
      <trkpt lat="51.52535" lon="-0.138313"><ele>27.5</ele></trkpt>
      <trkpt lat="51.525369" lon="-0.138236"><ele>27</ele></trkpt>
      <trkpt lat="51.525392" lon="-0.138168"><ele>26.75</ele></trkpt>
      <trkpt lat="51.525402" lon="-0.138111"><ele>26.5</ele></trkpt>
      <trkpt lat="51.525325" lon="-0.137948"><ele>25</ele></trkpt>
      <trkpt lat="51.525488" lon="-0.137287"><ele>26</ele></trkpt>
      <trkpt lat="51.525702" lon="-0.13648"><ele>25.5</ele></trkpt>
      <trkpt lat="51.525734" lon="-0.136392"><ele>25.75</ele></trkpt>
      <trkpt lat="51.525757" lon="-0.136367"><ele>25.75</ele></trkpt>
      <trkpt lat="51.525745" lon="-0.136294"><ele>26</ele></trkpt>
      <trkpt lat="51.525753" lon="-0.136228"><ele>26</ele></trkpt>
      <trkpt lat="51.525757" lon="-0.136202"><ele>26</ele></trkpt>
      <trkpt lat="51.525762" lon="-0.136178"><ele>26</ele></trkpt>
      <trkpt lat="51.525778" lon="-0.136094"><ele>25.75</ele></trkpt>
      <trkpt lat="51.525767" lon="-0.136042"><ele>25.75</ele></trkpt>
      <trkpt lat="51.52578" lon="-0.135798"><ele>25.25</ele></trkpt>
      <trkpt lat="51.525791" lon="-0.135749"><ele>25.25</ele></trkpt>
      <trkpt lat="51.525815" lon="-0.135775"><ele>25.25</ele></trkpt>
      <trkpt lat="51.525835" lon="-0.135793"><ele>25</ele></trkpt>
      <trkpt lat="51.52585" lon="-0.135806"><ele>25</ele></trkpt>
      <trkpt lat="51.525841" lon="-0.13583"><ele>25</ele></trkpt>
      <trkpt lat="51.525822" lon="-0.135884"><ele>25</ele></trkpt>
      <trkpt lat="51.525786" lon="-0.135981"><ele>25</ele></trkpt>
      <trkpt lat="51.525606" lon="-0.135823"><ele>25</ele></trkpt>
      <trkpt lat="51.525786" lon="-0.135981"><ele>25</ele></trkpt>
      <trkpt lat="51.525822" lon="-0.135884"><ele>25</ele></trkpt>
      <trkpt lat="51.525841" lon="-0.13583"><ele>25</ele></trkpt>
      <trkpt lat="51.52585" lon="-0.135806"><ele>25</ele></trkpt>
      <trkpt lat="51.525835" lon="-0.135793"><ele>25</ele></trkpt>
      <trkpt lat="51.525815" lon="-0.135775"><ele>25.25</ele></trkpt>
      <trkpt lat="51.525791" lon="-0.135749"><ele>25.25</ele></trkpt>
      <trkpt lat="51.525853" lon="-0.135471"><ele>25.75</ele></trkpt>
      <trkpt lat="51.526328" lon="-0.134088"><ele>24.25</ele></trkpt>
      <trkpt lat="51.526415" lon="-0.133946"><ele>24.5</ele></trkpt>
      <trkpt lat="51.526439" lon="-0.133894"><ele>24.75</ele></trkpt>
      <trkpt lat="51.52645" lon="-0.133862"><ele>24.75</ele></trkpt>
      <trkpt lat="51.52648" lon="-0.13376"><ele>24.5</ele></trkpt>
      <trkpt lat="51.526511" lon="-0.133669"><ele>24.5</ele></trkpt>
      <trkpt lat="51.526509" lon="-0.133636"><ele>24.5</ele></trkpt>
      <trkpt lat="51.526506" lon="-0.133582"><ele>24.5</ele></trkpt>
      <trkpt lat="51.526502" lon="-0.133526"><ele>24.25</ele></trkpt>
      <trkpt lat="51.526509" lon="-0.133473"><ele>24.25</ele></trkpt>
      <trkpt lat="51.526542" lon="-0.133376"><ele>24</ele></trkpt>
      <trkpt lat="51.526831" lon="-0.132578"><ele>24</ele></trkpt>
      <trkpt lat="51.526901" lon="-0.132461"><ele>24</ele></trkpt>
      <trkpt lat="51.526921" lon="-0.132443"><ele>24</ele></trkpt>
      <trkpt lat="51.526921" lon="-0.132415"><ele>24</ele></trkpt>
      <trkpt lat="51.526922" lon="-0.132378"><ele>24</ele></trkpt>
      <trkpt lat="51.526924" lon="-0.132336"><ele>24</ele></trkpt>
      <trkpt lat="51.526947" lon="-0.132248"><ele>23.75</ele></trkpt>
      <trkpt lat="51.526959" lon="-0.132212"><ele>23.75</ele></trkpt>
      <trkpt lat="51.526969" lon="-0.132186"><ele>23.75</ele></trkpt>
      <trkpt lat="51.526982" lon="-0.13215"><ele>23.75</ele></trkpt>
      <trkpt lat="51.527331" lon="-0.131141"><ele>23</ele></trkpt>
      <trkpt lat="51.52737" lon="-0.131029"><ele>23</ele></trkpt>
      <trkpt lat="51.527387" lon="-0.130962"><ele>23</ele></trkpt>
      <trkpt lat="51.527409" lon="-0.130897"><ele>23</ele></trkpt>
      <trkpt lat="51.527433" lon="-0.130824"><ele>23</ele></trkpt>
      <trkpt lat="51.527436" lon="-0.130812"><ele>23</ele></trkpt>
      <trkpt lat="51.527449" lon="-0.130761"><ele>23</ele></trkpt>
      <trkpt lat="51.527757" lon="-0.12989"><ele>22.5</ele></trkpt>
      <trkpt lat="51.527775" lon="-0.129875"><ele>22.5</ele></trkpt>
      <trkpt lat="51.527806" lon="-0.129882"><ele>22.25</ele></trkpt>
      <trkpt lat="51.527821" lon="-0.129845"><ele>22.25</ele></trkpt>
      <trkpt lat="51.527844" lon="-0.129783"><ele>21.75</ele></trkpt>
      <trkpt lat="51.527871" lon="-0.129707"><ele>21.5</ele></trkpt>
      <trkpt lat="51.527879" lon="-0.129681"><ele>21.5</ele></trkpt>
      <trkpt lat="51.527864" lon="-0.129611"><ele>21.75</ele></trkpt>
      <trkpt lat="51.528203" lon="-0.128746"><ele>21</ele></trkpt>
      <trkpt lat="51.528242" lon="-0.128756"><ele>21</ele></trkpt>
      <trkpt lat="51.528247" lon="-0.128742"><ele>21</ele></trkpt>
      <trkpt lat="51.528272" lon="-0.128677"><ele>21</ele></trkpt>
      <trkpt lat="51.528287" lon="-0.128638"><ele>21</ele></trkpt>
      <trkpt lat="51.528296" lon="-0.128616"><ele>21</ele></trkpt>
      <trkpt lat="51.52827" lon="-0.128589"><ele>21</ele></trkpt>
      <trkpt lat="51.52849" lon="-0.12804"><ele>21</ele></trkpt>
      <trkpt lat="51.528592" lon="-0.127787"><ele>21</ele></trkpt>
      <trkpt lat="51.528617" lon="-0.127751"><ele>20.75</ele></trkpt>
      <trkpt lat="51.528659" lon="-0.127735"><ele>20.75</ele></trkpt>
      <trkpt lat="51.528665" lon="-0.127712"><ele>20.75</ele></trkpt>
      <trkpt lat="51.528681" lon="-0.127673"><ele>20.75</ele></trkpt>
      <trkpt lat="51.528696" lon="-0.127634"><ele>20.75</ele></trkpt>
      <trkpt lat="51.528704" lon="-0.127614"><ele>20.75</ele></trkpt>
      <trkpt lat="51.528716" lon="-0.127588"><ele>20.75</ele></trkpt>
      <trkpt lat="51.528729" lon="-0.127562"><ele>20.75</ele></trkpt>
      <trkpt lat="51.528737" lon="-0.127529"><ele>20.75</ele></trkpt>
      <trkpt lat="51.528742" lon="-0.127515"><ele>20.75</ele></trkpt>
      <trkpt lat="51.52878" lon="-0.127415"><ele>20.5</ele></trkpt>
      <trkpt lat="51.528813" lon="-0.127333"><ele>20.25</ele></trkpt>
      <trkpt lat="51.529122" lon="-0.126555"><ele>19.5</ele></trkpt>
      <trkpt lat="51.529166" lon="-0.126452"><ele>19</ele></trkpt>
      <trkpt lat="51.52918" lon="-0.126409"><ele>19</ele></trkpt>
      <trkpt lat="51.529202" lon="-0.126344"><ele>19</ele></trkpt>
      <trkpt lat="51.529236" lon="-0.12625"><ele>19</ele></trkpt>
      <trkpt lat="51.529259" lon="-0.126164"><ele>19</ele></trkpt>
      <trkpt lat="51.529267" lon="-0.126116"><ele>19</ele></trkpt>
      <trkpt lat="51.52931" lon="-0.126003"><ele>19</ele></trkpt>
      <trkpt lat="51.52938" lon="-0.125823"><ele>19</ele></trkpt>
      <trkpt lat="51.52944" lon="-0.125668"><ele>19</ele></trkpt>
      <trkpt lat="51.529751" lon="-0.124914"><ele>17.75</ele></trkpt>
      <trkpt lat="51.529857" lon="-0.124636"><ele>17.5</ele></trkpt>
      <trkpt lat="51.53002" lon="-0.124255"><ele>17</ele></trkpt>
      <trkpt lat="51.53007" lon="-0.124302"><ele>17</ele></trkpt>
      <trkpt lat="51.530084" lon="-0.124257"><ele>17</ele></trkpt>
      <trkpt lat="51.530101" lon="-0.124218"><ele>17</ele></trkpt>
      <trkpt lat="51.530122" lon="-0.12417"><ele>17</ele></trkpt>
      <trkpt lat="51.530159" lon="-0.124086"><ele>17</ele></trkpt>
      <trkpt lat="51.530182" lon="-0.124038"><ele>17</ele></trkpt>
      <trkpt lat="51.53021" lon="-0.123977"><ele>17</ele></trkpt>
      <trkpt lat="51.530289" lon="-0.123914"><ele>17</ele></trkpt>
      <trkpt lat="51.530369" lon="-0.123662"><ele>17</ele></trkpt>
      <trkpt lat="51.530538" lon="-0.123165"><ele>16.25</ele></trkpt>
      <trkpt lat="51.530663" lon="-0.123185"><ele>17</ele></trkpt>
      <trkpt lat="51.530538" lon="-0.123165"><ele>16.25</ele></trkpt>
      <trkpt lat="51.530762" lon="-0.122602"><ele>16</ele></trkpt>
      <trkpt lat="51.530733" lon="-0.122565"><ele>16</ele></trkpt>
      <trkpt lat="51.530713" lon="-0.122536"><ele>16</ele></trkpt>
      <trkpt lat="51.530681" lon="-0.122495"><ele>16</ele></trkpt>
      <trkpt lat="51.530656" lon="-0.122463"><ele>16</ele></trkpt>
      <trkpt lat="51.530682" lon="-0.122387"><ele>16</ele></trkpt>
      <trkpt lat="51.530701" lon="-0.12231"><ele>16</ele></trkpt>
      <trkpt lat="51.530671" lon="-0.122198"><ele>16</ele></trkpt>
      <trkpt lat="51.530692" lon="-0.122168"><ele>16</ele></trkpt>
      <trkpt lat="51.530718" lon="-0.12213"><ele>16</ele></trkpt>
      <trkpt lat="51.530739" lon="-0.122085"><ele>16</ele></trkpt>
      <trkpt lat="51.53076" lon="-0.121992"><ele>16</ele></trkpt>
      <trkpt lat="51.530817" lon="-0.121089"><ele>16</ele></trkpt>
      <trkpt lat="51.530784" lon="-0.121081"><ele>16</ele></trkpt>
      <trkpt lat="51.530782" lon="-0.121046"><ele>16</ele></trkpt>
      <trkpt lat="51.530784" lon="-0.120973"><ele>16</ele></trkpt>
      <trkpt lat="51.530786" lon="-0.120904"><ele>16</ele></trkpt>
      <trkpt lat="51.530787" lon="-0.120859"><ele>16</ele></trkpt>
      <trkpt lat="51.530815" lon="-0.120863"><ele>16</ele></trkpt>
      <trkpt lat="51.53088" lon="-0.119828"><ele>15</ele></trkpt>
      <trkpt lat="51.530864" lon="-0.119743"><ele>15</ele></trkpt>
      <trkpt lat="51.530741" lon="-0.119098"><ele>15.25</ele></trkpt>
      <trkpt lat="51.530617" lon="-0.118508"><ele>14.25</ele></trkpt>
      <trkpt lat="51.530613" lon="-0.118491"><ele>14.25</ele></trkpt>
      <trkpt lat="51.530606" lon="-0.118456"><ele>14.25</ele></trkpt>
      <trkpt lat="51.5306" lon="-0.118427"><ele>14.25</ele></trkpt>
      <trkpt lat="51.530597" lon="-0.118415"><ele>14.25</ele></trkpt>
      <trkpt lat="51.530547" lon="-0.118173"><ele>14</ele></trkpt>
      <trkpt lat="51.530476" lon="-0.117902"><ele>14</ele></trkpt>
      <trkpt lat="51.530467" lon="-0.117867"><ele>14</ele></trkpt>
      <trkpt lat="51.530457" lon="-0.117824"><ele>14</ele></trkpt>
      <trkpt lat="51.530446" lon="-0.117783"><ele>14</ele></trkpt>
      <trkpt lat="51.530433" lon="-0.11774"><ele>14</ele></trkpt>
      <trkpt lat="51.530263" lon="-0.117174"><ele>14</ele></trkpt>
      <trkpt lat="51.530247" lon="-0.11712"><ele>14</ele></trkpt>
      <trkpt lat="51.530234" lon="-0.11707"><ele>14</ele></trkpt>
      <trkpt lat="51.530208" lon="-0.116976"><ele>14</ele></trkpt>
      <trkpt lat="51.530198" lon="-0.11695"><ele>14</ele></trkpt>
      <trkpt lat="51.529914" lon="-0.116197"><ele>14</ele></trkpt>
      <trkpt lat="51.529906" lon="-0.116176"><ele>14</ele></trkpt>
      <trkpt lat="51.529896" lon="-0.116153"><ele>14</ele></trkpt>
      <trkpt lat="51.529885" lon="-0.116129"><ele>14</ele></trkpt>
      <trkpt lat="51.529877" lon="-0.116114"><ele>14</ele></trkpt>
      <trkpt lat="51.529827" lon="-0.116037"><ele>14.25</ele></trkpt>
      <trkpt lat="51.529744" lon="-0.115951"><ele>14.5</ele></trkpt>
      <trkpt lat="51.529679" lon="-0.115921"><ele>14.5</ele></trkpt>
      <trkpt lat="51.529481" lon="-0.115888"><ele>14.75</ele></trkpt>
      <trkpt lat="51.529456" lon="-0.115911"><ele>14.75</ele></trkpt>
      <trkpt lat="51.529438" lon="-0.115964"><ele>14.75</ele></trkpt>
      <trkpt lat="51.529422" lon="-0.115957"><ele>14.75</ele></trkpt>
      <trkpt lat="51.529384" lon="-0.115935"><ele>14.75</ele></trkpt>
      <trkpt lat="51.529336" lon="-0.115906"><ele>14.75</ele></trkpt>
      <trkpt lat="51.529328" lon="-0.115896"><ele>14.75</ele></trkpt>
      <trkpt lat="51.529312" lon="-0.115878"><ele>14.75</ele></trkpt>
      <trkpt lat="51.529006" lon="-0.11582"><ele>15</ele></trkpt>
      <trkpt lat="51.528973" lon="-0.115819"><ele>15</ele></trkpt>
      <trkpt lat="51.52894" lon="-0.115854"><ele>15</ele></trkpt>
      <trkpt lat="51.52893" lon="-0.115831"><ele>15</ele></trkpt>
      <trkpt lat="51.52891" lon="-0.115801"><ele>15</ele></trkpt>
      <trkpt lat="51.528886" lon="-0.115778"><ele>15</ele></trkpt>
      <trkpt lat="51.528868" lon="-0.115764"><ele>15</ele></trkpt>
      <trkpt lat="51.528861" lon="-0.115741"><ele>15</ele></trkpt>
      <trkpt lat="51.528854" lon="-0.115695"><ele>15</ele></trkpt>
      <trkpt lat="51.528847" lon="-0.115652"><ele>15</ele></trkpt>
      <trkpt lat="51.528843" lon="-0.11562"><ele>15</ele></trkpt>
      <trkpt lat="51.528658" lon="-0.11561"><ele>15</ele></trkpt>
      <trkpt lat="51.528499" lon="-0.115582"><ele>14.5</ele></trkpt>
      <trkpt lat="51.528212" lon="-0.115544"><ele>14</ele></trkpt>
      <trkpt lat="51.527921" lon="-0.115433"><ele>14.5</ele></trkpt>
      <trkpt lat="51.527911" lon="-0.115422"><ele>14.75</ele></trkpt>
      <trkpt lat="51.527907" lon="-0.115379"><ele>14.75</ele></trkpt>
      <trkpt lat="51.527894" lon="-0.11537"><ele>14.75</ele></trkpt>
      <trkpt lat="51.527857" lon="-0.115344"><ele>14.75</ele></trkpt>
      <trkpt lat="51.527796" lon="-0.115305"><ele>14.75</ele></trkpt>
      <trkpt lat="51.527751" lon="-0.115318"><ele>14.75</ele></trkpt>
      <trkpt lat="51.527727" lon="-0.115301"><ele>14.75</ele></trkpt>
      <trkpt lat="51.52744" lon="-0.114901"><ele>13.25</ele></trkpt>
      <trkpt lat="51.527169" lon="-0.114456"><ele>14.75</ele></trkpt>
      <trkpt lat="51.527144" lon="-0.114421"><ele>15</ele></trkpt>
      <trkpt lat="51.527081" lon="-0.114336"><ele>15</ele></trkpt>
      <trkpt lat="51.526861" lon="-0.113975"><ele>14.75</ele></trkpt>
      <trkpt lat="51.526777" lon="-0.113853"><ele>15</ele></trkpt>
      <trkpt lat="51.526673" lon="-0.11367"><ele>15.75</ele></trkpt>
      <trkpt lat="51.526646" lon="-0.113604"><ele>16</ele></trkpt>
      <trkpt lat="51.526603" lon="-0.11344"><ele>16.5</ele></trkpt>
      <trkpt lat="51.526574" lon="-0.113297"><ele>17</ele></trkpt>
      <trkpt lat="51.526569" lon="-0.113249"><ele>17.25</ele></trkpt>
      <trkpt lat="51.526594" lon="-0.113228"><ele>17.25</ele></trkpt>
      <trkpt lat="51.52659" lon="-0.113211"><ele>17.25</ele></trkpt>
      <trkpt lat="51.526579" lon="-0.113169"><ele>17.5</ele></trkpt>
      <trkpt lat="51.526569" lon="-0.113127"><ele>17.5</ele></trkpt>
      <trkpt lat="51.526565" lon="-0.11311"><ele>17.75</ele></trkpt>
      <trkpt lat="51.526538" lon="-0.113119"><ele>17.75</ele></trkpt>
      <trkpt lat="51.526531" lon="-0.113113"><ele>17.75</ele></trkpt>
      <trkpt lat="51.526477" lon="-0.112937"><ele>18</ele></trkpt>
      <trkpt lat="51.526469" lon="-0.112897"><ele>18</ele></trkpt>
      <trkpt lat="51.526471" lon="-0.112875"><ele>18</ele></trkpt>
      <trkpt lat="51.526489" lon="-0.11282"><ele>18.25</ele></trkpt>
      <trkpt lat="51.52647" lon="-0.112797"><ele>18.25</ele></trkpt>
      <trkpt lat="51.526438" lon="-0.112758"><ele>18</ele></trkpt>
      <trkpt lat="51.526404" lon="-0.11269"><ele>18</ele></trkpt>
      <trkpt lat="51.526395" lon="-0.112672"><ele>18</ele></trkpt>
      <trkpt lat="51.526376" lon="-0.11266"><ele>18</ele></trkpt>
      <trkpt lat="51.526061" lon="-0.112112"><ele>19.25</ele></trkpt>
      <trkpt lat="51.525247" lon="-0.110728"><ele>21.25</ele></trkpt>
      <trkpt lat="51.525236" lon="-0.110689"><ele>21.5</ele></trkpt>
      <trkpt lat="51.52523" lon="-0.110634"><ele>21.5</ele></trkpt>
      <trkpt lat="51.525222" lon="-0.110561"><ele>21.75</ele></trkpt>
      <trkpt lat="51.52521" lon="-0.110479"><ele>22</ele></trkpt>
      <trkpt lat="51.525204" lon="-0.110469"><ele>22</ele></trkpt>
      <trkpt lat="51.525176" lon="-0.110478"><ele>22</ele></trkpt>
      <trkpt lat="51.52515" lon="-0.110475"><ele>22</ele></trkpt>
      <trkpt lat="51.525112" lon="-0.11043"><ele>22</ele></trkpt>
      <trkpt lat="51.52507" lon="-0.110407"><ele>22</ele></trkpt>
      <trkpt lat="51.525022" lon="-0.110403"><ele>22</ele></trkpt>
      <trkpt lat="51.524953" lon="-0.110356"><ele>21.5</ele></trkpt>
      <trkpt lat="51.52462" lon="-0.109954"><ele>19.5</ele></trkpt>
      <trkpt lat="51.52461" lon="-0.109942"><ele>19.5</ele></trkpt>
      <trkpt lat="51.52458" lon="-0.109906"><ele>19.25</ele></trkpt>
      <trkpt lat="51.524571" lon="-0.109894"><ele>19.25</ele></trkpt>
      <trkpt lat="51.524567" lon="-0.10989"><ele>19.25</ele></trkpt>
      <trkpt lat="51.524559" lon="-0.109908"><ele>19.25</ele></trkpt>
      <trkpt lat="51.5245" lon="-0.109833"><ele>19</ele></trkpt>
      <trkpt lat="51.524123" lon="-0.109341"><ele>17.75</ele></trkpt>
      <trkpt lat="51.523876" lon="-0.108971"><ele>16.75</ele></trkpt>
      <trkpt lat="51.523885" lon="-0.108912"><ele>16.75</ele></trkpt>
      <trkpt lat="51.523853" lon="-0.108859"><ele>16.5</ele></trkpt>
      <trkpt lat="51.523825" lon="-0.108824"><ele>16.25</ele></trkpt>
      <trkpt lat="51.523814" lon="-0.108817"><ele>16.25</ele></trkpt>
      <trkpt lat="51.523794" lon="-0.108803"><ele>16</ele></trkpt>
      <trkpt lat="51.523628" lon="-0.108526"><ele>15</ele></trkpt>
      <trkpt lat="51.523481" lon="-0.108303"><ele>14.25</ele></trkpt>
      <trkpt lat="51.523441" lon="-0.108258"><ele>14</ele></trkpt>
      <trkpt lat="51.523412" lon="-0.108225"><ele>13.75</ele></trkpt>
      <trkpt lat="51.523404" lon="-0.108214"><ele>13.75</ele></trkpt>
      <trkpt lat="51.523269" lon="-0.108032"><ele>12.75</ele></trkpt>
      <trkpt lat="51.523132" lon="-0.107843"><ele>11</ele></trkpt>
      <trkpt lat="51.52312" lon="-0.10779"><ele>10.5</ele></trkpt>
      <trkpt lat="51.523114" lon="-0.107783"><ele>10.25</ele></trkpt>
      <trkpt lat="51.523076" lon="-0.107748"><ele>9.75</ele></trkpt>
      <trkpt lat="51.523047" lon="-0.107725"><ele>9.5</ele></trkpt>
      <trkpt lat="51.523022" lon="-0.107711"><ele>9.75</ele></trkpt>
      <trkpt lat="51.523004" lon="-0.1077"><ele>9.75</ele></trkpt>
      <trkpt lat="51.522642" lon="-0.107302"><ele>6.5</ele></trkpt>
      <trkpt lat="51.522391" lon="-0.107064"><ele>7.5</ele></trkpt>
      <trkpt lat="51.522357" lon="-0.107032"><ele>7.75</ele></trkpt>
      <trkpt lat="51.522318" lon="-0.106995"><ele>8</ele></trkpt>
      <trkpt lat="51.522276" lon="-0.106955"><ele>8.5</ele></trkpt>
      <trkpt lat="51.522258" lon="-0.106906"><ele>8.5</ele></trkpt>
      <trkpt lat="51.522261" lon="-0.106874"><ele>8.5</ele></trkpt>
      <trkpt lat="51.522247" lon="-0.106864"><ele>8.5</ele></trkpt>
      <trkpt lat="51.522193" lon="-0.106827"><ele>8.5</ele></trkpt>
      <trkpt lat="51.522149" lon="-0.106798"><ele>8.75</ele></trkpt>
      <trkpt lat="51.522137" lon="-0.106789"><ele>8.75</ele></trkpt>
      <trkpt lat="51.522175" lon="-0.106267"><ele>9.25</ele></trkpt>
      <trkpt lat="51.52217" lon="-0.106236"><ele>9.25</ele></trkpt>
      <trkpt lat="51.522066" lon="-0.106183"><ele>9.25</ele></trkpt>
      <trkpt lat="51.521966" lon="-0.106116"><ele>9.25</ele></trkpt>
      <trkpt lat="51.521716" lon="-0.105941"><ele>9.25</ele></trkpt>
      <trkpt lat="51.521578" lon="-0.10581"><ele>9.25</ele></trkpt>
      <trkpt lat="51.52152" lon="-0.105741"><ele>9</ele></trkpt>
      <trkpt lat="51.521375" lon="-0.105577"><ele>9.25</ele></trkpt>
      <trkpt lat="51.521227" lon="-0.105349"><ele>10</ele></trkpt>
      <trkpt lat="51.521158" lon="-0.105266"><ele>10.25</ele></trkpt>
      <trkpt lat="51.52112" lon="-0.105214"><ele>10.25</ele></trkpt>
      <trkpt lat="51.521113" lon="-0.105232"><ele>10</ele></trkpt>
      <trkpt lat="51.521095" lon="-0.105273"><ele>9.75</ele></trkpt>
      <trkpt lat="51.52097" lon="-0.105172"><ele>9</ele></trkpt>
      <trkpt lat="51.520941" lon="-0.105112"><ele>9.25</ele></trkpt>
      <trkpt lat="51.520922" lon="-0.105075"><ele>9.5</ele></trkpt>
      <trkpt lat="51.520832" lon="-0.105006"><ele>9.75</ele></trkpt>
      <trkpt lat="51.520726" lon="-0.104926"><ele>9.25</ele></trkpt>
      <trkpt lat="51.520589" lon="-0.104823"><ele>9.5</ele></trkpt>
      <trkpt lat="51.520396" lon="-0.104676"><ele>10.25</ele></trkpt>
      <trkpt lat="51.52037" lon="-0.104665"><ele>10.25</ele></trkpt>
      <trkpt lat="51.520355" lon="-0.104714"><ele>10.25</ele></trkpt>
      <trkpt lat="51.520312" lon="-0.104679"><ele>10.25</ele></trkpt>
      <trkpt lat="51.520258" lon="-0.104853"><ele>8.5</ele></trkpt>
      <trkpt lat="51.520263" lon="-0.104911"><ele>7.25</ele></trkpt>
      <trkpt lat="51.520258" lon="-0.104853"><ele>8.5</ele></trkpt>
      <trkpt lat="51.520228" lon="-0.104828"><ele>8.5</ele></trkpt>
      <trkpt lat="51.520125" lon="-0.104743"><ele>8.75</ele></trkpt>
      <trkpt lat="51.520066" lon="-0.104695"><ele>8.5</ele></trkpt>
      <trkpt lat="51.520141" lon="-0.104449"><ele>10</ele></trkpt>
      <trkpt lat="51.52016" lon="-0.104408"><ele>10.25</ele></trkpt>
      <trkpt lat="51.520145" lon="-0.104385"><ele>10</ele></trkpt>
      <trkpt lat="51.520125" lon="-0.104251"><ele>9.75</ele></trkpt>
      <trkpt lat="51.520113" lon="-0.104066"><ele>10</ele></trkpt>
      <trkpt lat="51.520119" lon="-0.103557"><ele>13</ele></trkpt>
      <trkpt lat="51.520118" lon="-0.103133"><ele>14.25</ele></trkpt>
      <trkpt lat="51.520103" lon="-0.102941"><ele>14.75</ele></trkpt>
      <trkpt lat="51.520085" lon="-0.102597"><ele>15</ele></trkpt>
      <trkpt lat="51.520067" lon="-0.102421"><ele>14.75</ele></trkpt>
      <trkpt lat="51.520042" lon="-0.102342"><ele>14.75</ele></trkpt>
      <trkpt lat="51.520012" lon="-0.102291"><ele>14.75</ele></trkpt>
      <trkpt lat="51.519996" lon="-0.102264"><ele>15</ele></trkpt>
      <trkpt lat="51.519981" lon="-0.102242"><ele>15</ele></trkpt>
      <trkpt lat="51.519864" lon="-0.102086"><ele>15.25</ele></trkpt>
      <trkpt lat="51.519836" lon="-0.102043"><ele>15.5</ele></trkpt>
      <trkpt lat="51.519828" lon="-0.102006"><ele>15.5</ele></trkpt>
      <trkpt lat="51.519839" lon="-0.10187"><ele>15.5</ele></trkpt>
      <trkpt lat="51.519761" lon="-0.101887"><ele>15.75</ele></trkpt>
      <trkpt lat="51.519758" lon="-0.101861"><ele>15.75</ele></trkpt>
      <trkpt lat="51.519756" lon="-0.101832"><ele>15.75</ele></trkpt>
      <trkpt lat="51.519753" lon="-0.101803"><ele>15.75</ele></trkpt>
      <trkpt lat="51.519752" lon="-0.101773"><ele>15.75</ele></trkpt>
      <trkpt lat="51.519731" lon="-0.10176"><ele>15.75</ele></trkpt>
      <trkpt lat="51.519709" lon="-0.101741"><ele>16</ele></trkpt>
      <trkpt lat="51.519697" lon="-0.101729"><ele>16</ele></trkpt>
      <trkpt lat="51.519657" lon="-0.10169"><ele>16</ele></trkpt>
      <trkpt lat="51.519676" lon="-0.101634"><ele>16</ele></trkpt>
      <trkpt lat="51.519649" lon="-0.101614"><ele>16</ele></trkpt>
      <trkpt lat="51.519657" lon="-0.101589"><ele>16</ele></trkpt>
      <trkpt lat="51.519673" lon="-0.101544"><ele>16</ele></trkpt>
      <trkpt lat="51.520053" lon="-0.100331"><ele>16</ele></trkpt>
      <trkpt lat="51.520056" lon="-0.100287"><ele>16</ele></trkpt>
      <trkpt lat="51.520054" lon="-0.100274"><ele>16</ele></trkpt>
      <trkpt lat="51.520057" lon="-0.100255"><ele>16</ele></trkpt>
      <trkpt lat="51.520064" lon="-0.100213"><ele>16</ele></trkpt>
      <trkpt lat="51.520078" lon="-0.100133"><ele>16</ele></trkpt>
      <trkpt lat="51.520081" lon="-0.100117"><ele>16</ele></trkpt>
      <trkpt lat="51.52009" lon="-0.100067"><ele>16</ele></trkpt>
      <trkpt lat="51.520213" lon="-0.099678"><ele>16.5</ele></trkpt>
      <trkpt lat="51.520227" lon="-0.099643"><ele>16.25</ele></trkpt>
      <trkpt lat="51.520246" lon="-0.099588"><ele>15.75</ele></trkpt>
      <trkpt lat="51.520305" lon="-0.099401"><ele>15</ele></trkpt>
      <trkpt lat="51.520405" lon="-0.099036"><ele>14.75</ele></trkpt>
      <trkpt lat="51.520473" lon="-0.098753"><ele>15.75</ele></trkpt>
      <trkpt lat="51.520528" lon="-0.098442"><ele>17</ele></trkpt>
      <trkpt lat="51.52065" lon="-0.097676"><ele>18.25</ele></trkpt>
      <trkpt lat="51.52065" lon="-0.097626"><ele>18.25</ele></trkpt>
      <trkpt lat="51.520346" lon="-0.097541"><ele>17.5</ele></trkpt>
      <trkpt lat="51.520241" lon="-0.097513"><ele>17.75</ele></trkpt>
      <trkpt lat="51.520177" lon="-0.097502"><ele>17.75</ele></trkpt>
      <trkpt lat="51.520174" lon="-0.097563"><ele>17.5</ele></trkpt>
      <trkpt lat="51.520172" lon="-0.097617"><ele>17</ele></trkpt>
      <trkpt lat="51.5202" lon="-0.097619"><ele>17</ele></trkpt>
      <trkpt lat="51.520235" lon="-0.097636"><ele>16.5</ele></trkpt>
      <trkpt lat="51.520271" lon="-0.097639"><ele>16</ele></trkpt>
      <trkpt lat="51.520279" lon="-0.09764"><ele>15.75</ele></trkpt>
      <trkpt lat="51.520278" lon="-0.09767"><ele>15.5</ele></trkpt>
      <trkpt lat="51.52027" lon="-0.097669"><ele>15.5</ele></trkpt>
      <trkpt lat="51.520243" lon="-0.097666"><ele>15</ele></trkpt>
      <trkpt lat="51.520232" lon="-0.097677"><ele>15</ele></trkpt>
      <trkpt lat="51.520209" lon="-0.097695"><ele>14.5</ele></trkpt>
      <trkpt lat="51.520202" lon="-0.097868"><ele>13.25</ele></trkpt>
      <trkpt lat="51.520297" lon="-0.097876"><ele>11.75</ele></trkpt>
      <trkpt lat="51.520291" lon="-0.097996"><ele>12.5</ele></trkpt>
      <trkpt lat="51.520297" lon="-0.097876"><ele>13.25</ele></trkpt>
      <trkpt lat="51.520202" lon="-0.097868"><ele>14.25</ele></trkpt>
      <trkpt lat="51.520209" lon="-0.097695"><ele>15.5</ele></trkpt>
      <trkpt lat="51.520232" lon="-0.097677"><ele>15.75</ele></trkpt>
      <trkpt lat="51.520243" lon="-0.097666"><ele>15.75</ele></trkpt>
      <trkpt lat="51.52027" lon="-0.097669"><ele>16</ele></trkpt>
      <trkpt lat="51.520278" lon="-0.09767"><ele>16.25</ele></trkpt>
      <trkpt lat="51.520279" lon="-0.09764"><ele>16.5</ele></trkpt>
      <trkpt lat="51.520271" lon="-0.097639"><ele>16.5</ele></trkpt>
      <trkpt lat="51.520235" lon="-0.097636"><ele>16.75</ele></trkpt>
      <trkpt lat="51.5202" lon="-0.097619"><ele>17</ele></trkpt>
      <trkpt lat="51.520172" lon="-0.097617"><ele>17</ele></trkpt>
      <trkpt lat="51.520174" lon="-0.097563"><ele>17.5</ele></trkpt>
      <trkpt lat="51.52018" lon="-0.097599"><ele>17.25</ele></trkpt>
      <trkpt lat="51.520224" lon="-0.097604"><ele>17</ele></trkpt>
      <trkpt lat="51.520224" lon="-0.097581"><ele>17.25</ele></trkpt>
      <trkpt lat="51.520213" lon="-0.09758"><ele>17.25</ele></trkpt>
      <trkpt lat="51.520213" lon="-0.097566"><ele>17.25</ele></trkpt>
      <trkpt lat="51.520366" lon="-0.097274"><ele>17.75</ele></trkpt>
      <trkpt lat="51.520371" lon="-0.097251"><ele>18</ele></trkpt>
      <trkpt lat="51.520373" lon="-0.097232"><ele>18</ele></trkpt>
      <trkpt lat="51.520374" lon="-0.097222"><ele>17.75</ele></trkpt>
      <trkpt lat="51.520276" lon="-0.097202"><ele>18</ele></trkpt>
      <trkpt lat="51.520243" lon="-0.097125"><ele>18</ele></trkpt>
      <trkpt lat="51.520277" lon="-0.096941"><ele>17.75</ele></trkpt>
      <trkpt lat="51.520281" lon="-0.096922"><ele>17.75</ele></trkpt>
      <trkpt lat="51.520106" lon="-0.096838"><ele>17.75</ele></trkpt>
      <trkpt lat="51.520182" lon="-0.096428"><ele>16.75</ele></trkpt>
      <trkpt lat="51.52015" lon="-0.096296"><ele>15.75</ele></trkpt>
      <trkpt lat="51.520134" lon="-0.096221"><ele>15</ele></trkpt>
      <trkpt lat="51.520177" lon="-0.096194"><ele>15</ele></trkpt>
      <trkpt lat="51.520213" lon="-0.096169"><ele>14.75</ele></trkpt>
      <trkpt lat="51.520219" lon="-0.096155"><ele>14.75</ele></trkpt>
      <trkpt lat="51.520186" lon="-0.096"><ele>14.5</ele></trkpt>
      <trkpt lat="51.519956" lon="-0.095017"><ele>14.5</ele></trkpt>
      <trkpt lat="51.520121" lon="-0.094644"><ele>15.25</ele></trkpt>
      <trkpt lat="51.520202" lon="-0.094459"><ele>15.5</ele></trkpt>
      <trkpt lat="51.520171" lon="-0.09438"><ele>15.5</ele></trkpt>
      <trkpt lat="51.520334" lon="-0.094279"><ele>16</ele></trkpt>
      <trkpt lat="51.520394" lon="-0.094219"><ele>16.25</ele></trkpt>
      <trkpt lat="51.520475" lon="-0.094078"><ele>16.5</ele></trkpt>
      <trkpt lat="51.520516" lon="-0.093942"><ele>16.75</ele></trkpt>
      <trkpt lat="51.520532" lon="-0.093805"><ele>16.75</ele></trkpt>
      <trkpt lat="51.520527" lon="-0.0937"><ele>16.75</ele></trkpt>
      <trkpt lat="51.520512" lon="-0.093592"><ele>16.75</ele></trkpt>
      <trkpt lat="51.520432" lon="-0.093411"><ele>16.5</ele></trkpt>
      <trkpt lat="51.520381" lon="-0.093351"><ele>16.25</ele></trkpt>
      <trkpt lat="51.520314" lon="-0.093289"><ele>15.75</ele></trkpt>
      <trkpt lat="51.520248" lon="-0.093255"><ele>15.5</ele></trkpt>
      <trkpt lat="51.520171" lon="-0.09325"><ele>15.5</ele></trkpt>
      <trkpt lat="51.520076" lon="-0.092773"><ele>16</ele></trkpt>
      <trkpt lat="51.520016" lon="-0.092524"><ele>16</ele></trkpt>
      <trkpt lat="51.519933" lon="-0.092554"><ele>15.75</ele></trkpt>
      <trkpt lat="51.519785" lon="-0.091912"><ele>15</ele></trkpt>
      <trkpt lat="51.519751" lon="-0.091763"><ele>15</ele></trkpt>
      <trkpt lat="51.519745" lon="-0.091735"><ele>15</ele></trkpt>
      <trkpt lat="51.519745" lon="-0.091677"><ele>15</ele></trkpt>
      <trkpt lat="51.519746" lon="-0.09158"><ele>15</ele></trkpt>
      <trkpt lat="51.519571" lon="-0.090825"><ele>13.75</ele></trkpt>
      <trkpt lat="51.51949" lon="-0.090477"><ele>14</ele></trkpt>
      <trkpt lat="51.519481" lon="-0.090482"><ele>14</ele></trkpt>
      <trkpt lat="51.518606" lon="-0.091003"><ele>13.75</ele></trkpt>
      <trkpt lat="51.518598" lon="-0.09097"><ele>13.75</ele></trkpt>
      <trkpt lat="51.518517" lon="-0.090655"><ele>14</ele></trkpt>
      <trkpt lat="51.518474" lon="-0.090562"><ele>14</ele></trkpt>
      <trkpt lat="51.518407" lon="-0.090413"><ele>14</ele></trkpt>
      <trkpt lat="51.518396" lon="-0.090376"><ele>14</ele></trkpt>
      <trkpt lat="51.518247" lon="-0.089863"><ele>14</ele></trkpt>
      <trkpt lat="51.518105" lon="-0.089315"><ele>13.75</ele></trkpt>
      <trkpt lat="51.518097" lon="-0.089282"><ele>13.75</ele></trkpt>
      <trkpt lat="51.518025" lon="-0.08898"><ele>14</ele></trkpt>
      <trkpt lat="51.518005" lon="-0.088901"><ele>14</ele></trkpt>
      <trkpt lat="51.518056" lon="-0.088872"><ele>14</ele></trkpt>
      <trkpt lat="51.51809" lon="-0.088852"><ele>13.75</ele></trkpt>
      <trkpt lat="51.51808" lon="-0.088797"><ele>14</ele></trkpt>
      <trkpt lat="51.518027" lon="-0.088497"><ele>14</ele></trkpt>
      <trkpt lat="51.51802" lon="-0.088446"><ele>14</ele></trkpt>
      <trkpt lat="51.518149" lon="-0.088376"><ele>14</ele></trkpt>
      <trkpt lat="51.518182" lon="-0.088358"><ele>14</ele></trkpt>
      <trkpt lat="51.518149" lon="-0.088376"><ele>14</ele></trkpt>
      <trkpt lat="51.518145" lon="-0.088351"><ele>14</ele></trkpt>
      <trkpt lat="51.518132" lon="-0.088285"><ele>14</ele></trkpt>
      <trkpt lat="51.518118" lon="-0.088209"><ele>14</ele></trkpt>
      <trkpt lat="51.518114" lon="-0.088189"><ele>14</ele></trkpt>
      <trkpt lat="51.518148" lon="-0.088159"><ele>14</ele></trkpt>
      <trkpt lat="51.51807" lon="-0.087615"><ele>14</ele></trkpt>
      <trkpt lat="51.518044" lon="-0.087513"><ele>13.75</ele></trkpt>
      <trkpt lat="51.518003" lon="-0.087477"><ele>13.5</ele></trkpt>
      <trkpt lat="51.518002" lon="-0.087466"><ele>13.5</ele></trkpt>
      <trkpt lat="51.517997" lon="-0.087431"><ele>13.5</ele></trkpt>
      <trkpt lat="51.517989" lon="-0.087368"><ele>13.5</ele></trkpt>
      <trkpt lat="51.517981" lon="-0.087313"><ele>13.5</ele></trkpt>
      <trkpt lat="51.517973" lon="-0.087257"><ele>13.5</ele></trkpt>
      <trkpt lat="51.517963" lon="-0.087194"><ele>13.5</ele></trkpt>
      <trkpt lat="51.518036" lon="-0.08714"><ele>13.75</ele></trkpt>
      <trkpt lat="51.518119" lon="-0.087024"><ele>13.5</ele></trkpt>
      <trkpt lat="51.518153" lon="-0.086935"><ele>13.25</ele></trkpt>
      <trkpt lat="51.518175" lon="-0.086837"><ele>13.25</ele></trkpt>
      <trkpt lat="51.518183" lon="-0.086791"><ele>13.25</ele></trkpt>
      <trkpt lat="51.51819" lon="-0.086592"><ele>13.5</ele></trkpt>
      <trkpt lat="51.518183" lon="-0.086459"><ele>13.5</ele></trkpt>
      <trkpt lat="51.518167" lon="-0.086336"><ele>13.5</ele></trkpt>
      <trkpt lat="51.518142" lon="-0.0862"><ele>13.25</ele></trkpt>
      <trkpt lat="51.518111" lon="-0.086096"><ele>13.5</ele></trkpt>
      <trkpt lat="51.518073" lon="-0.085987"><ele>13.75</ele></trkpt>
      <trkpt lat="51.518019" lon="-0.085882"><ele>14</ele></trkpt>
      <trkpt lat="51.517971" lon="-0.08582"><ele>13.75</ele></trkpt>
      <trkpt lat="51.517863" lon="-0.085732"><ele>13.5</ele></trkpt>
      <trkpt lat="51.51779" lon="-0.085726"><ele>13.5</ele></trkpt>
      <trkpt lat="51.517736" lon="-0.085743"><ele>13.25</ele></trkpt>
      <trkpt lat="51.517725" lon="-0.085681"><ele>13</ele></trkpt>
      <trkpt lat="51.517706" lon="-0.085552"><ele>12.25</ele></trkpt>
      <trkpt lat="51.517688" lon="-0.085436"><ele>11.5</ele></trkpt>
      <trkpt lat="51.517671" lon="-0.085442"><ele>11.5</ele></trkpt>
      <trkpt lat="51.517655" lon="-0.085458"><ele>11.5</ele></trkpt>
      <trkpt lat="51.517602" lon="-0.085173"><ele>10.5</ele></trkpt>
      <trkpt lat="51.517549" lon="-0.084904"><ele>11.5</ele></trkpt>
      <trkpt lat="51.51752" lon="-0.084837"><ele>11.75</ele></trkpt>
      <trkpt lat="51.517547" lon="-0.084821"><ele>11.75</ele></trkpt>
      <trkpt lat="51.517588" lon="-0.084777"><ele>11.5</ele></trkpt>
      <trkpt lat="51.517571" lon="-0.084685"><ele>11.25</ele></trkpt>
      <trkpt lat="51.517626" lon="-0.084623"><ele>11</ele></trkpt>
      <trkpt lat="51.517793" lon="-0.084435"><ele>12</ele></trkpt>
      <trkpt lat="51.517852" lon="-0.084348"><ele>12.25</ele></trkpt>
      <trkpt lat="51.51784" lon="-0.084308"><ele>12.25</ele></trkpt>
      <trkpt lat="51.517834" lon="-0.084271"><ele>12.5</ele></trkpt>
      <trkpt lat="51.517797" lon="-0.084034"><ele>12.75</ele></trkpt>
      <trkpt lat="51.517764" lon="-0.083976"><ele>12.5</ele></trkpt>
      <trkpt lat="51.517711" lon="-0.083652"><ele>11.5</ele></trkpt>
      <trkpt lat="51.517681" lon="-0.083553"><ele>11.5</ele></trkpt>
      <trkpt lat="51.517587" lon="-0.08309"><ele>13</ele></trkpt>
      <trkpt lat="51.517583" lon="-0.083076"><ele>13</ele></trkpt>
      <trkpt lat="51.517374" lon="-0.083197"><ele>13.25</ele></trkpt>
      <trkpt lat="51.517583" lon="-0.083076"><ele>13</ele></trkpt>
      <trkpt lat="51.517566" lon="-0.083023"><ele>13.25</ele></trkpt>
      <trkpt lat="51.517541" lon="-0.082942"><ele>13.5</ele></trkpt>
      <trkpt lat="51.517531" lon="-0.082902"><ele>13.5</ele></trkpt>
      <trkpt lat="51.517472" lon="-0.082654"><ele>14</ele></trkpt>
      <trkpt lat="51.517432" lon="-0.082416"><ele>14</ele></trkpt>
      <trkpt lat="51.517338" lon="-0.081984"><ele>14.5</ele></trkpt>
      <trkpt lat="51.517302" lon="-0.081865"><ele>14.5</ele></trkpt>
      <trkpt lat="51.517267" lon="-0.08178"><ele>14.5</ele></trkpt>
      <trkpt lat="51.517243" lon="-0.081739"><ele>14.75</ele></trkpt>
      <trkpt lat="51.517149" lon="-0.081593"><ele>15</ele></trkpt>
      <trkpt lat="51.517104" lon="-0.081496"><ele>15</ele></trkpt>
      <trkpt lat="51.517054" lon="-0.081296"><ele>15</ele></trkpt>
      <trkpt lat="51.517042" lon="-0.081246"><ele>15</ele></trkpt>
      <trkpt lat="51.517025" lon="-0.081191"><ele>15</ele></trkpt>
      <trkpt lat="51.516991" lon="-0.081096"><ele>15</ele></trkpt>
      <trkpt lat="51.516972" lon="-0.081124"><ele>15</ele></trkpt>
      <trkpt lat="51.516955" lon="-0.081132"><ele>15</ele></trkpt>
      <trkpt lat="51.516921" lon="-0.081153"><ele>15</ele></trkpt>
      <trkpt lat="51.516906" lon="-0.081112"><ele>15</ele></trkpt>
      <trkpt lat="51.516876" lon="-0.081016"><ele>15</ele></trkpt>
      <trkpt lat="51.516851" lon="-0.080935"><ele>15</ele></trkpt>
      <trkpt lat="51.516704" lon="-0.081038"><ele>15.5</ele></trkpt>
      <trkpt lat="51.516594" lon="-0.081028"><ele>15.5</ele></trkpt>
      <trkpt lat="51.516524" lon="-0.081056"><ele>15.75</ele></trkpt>
      <trkpt lat="51.516278" lon="-0.080425"><ele>15</ele></trkpt>
      <trkpt lat="51.516196" lon="-0.080339"><ele>15</ele></trkpt>
      <trkpt lat="51.516154" lon="-0.080313"><ele>15</ele></trkpt>
      <trkpt lat="51.516139" lon="-0.080303"><ele>15</ele></trkpt>
      <trkpt lat="51.516163" lon="-0.08023"><ele>15</ele></trkpt>
      <trkpt lat="51.51616" lon="-0.080143"><ele>15</ele></trkpt>
      <trkpt lat="51.516097" lon="-0.080001"><ele>15</ele></trkpt>
      <trkpt lat="51.515912" lon="-0.07969"><ele>14.25</ele></trkpt>
      <trkpt lat="51.51577" lon="-0.079479"><ele>14</ele></trkpt>
      <trkpt lat="51.515733" lon="-0.079429"><ele>14</ele></trkpt>
      <trkpt lat="51.515696" lon="-0.07937"><ele>14</ele></trkpt>
      <trkpt lat="51.515412" lon="-0.078871"><ele>13.5</ele></trkpt>
      <trkpt lat="51.515396" lon="-0.078865"><ele>13.25</ele></trkpt>
      <trkpt lat="51.515388" lon="-0.078879"><ele>13.25</ele></trkpt>
      <trkpt lat="51.515385" lon="-0.078876"><ele>13.25</ele></trkpt>
      <trkpt lat="51.515377" lon="-0.078863"><ele>13.25</ele></trkpt>
      <trkpt lat="51.515358" lon="-0.078834"><ele>13.25</ele></trkpt>
      <trkpt lat="51.515349" lon="-0.078821"><ele>13.25</ele></trkpt>
      <trkpt lat="51.515354" lon="-0.078804"><ele>13.25</ele></trkpt>
      <trkpt lat="51.515057" lon="-0.078346"><ele>14</ele></trkpt>
      <trkpt lat="51.515018" lon="-0.078286"><ele>13.75</ele></trkpt>
      <trkpt lat="51.514779" lon="-0.077891"><ele>14.25</ele></trkpt>
      <trkpt lat="51.514614" lon="-0.077562"><ele>14.75</ele></trkpt>
      <trkpt lat="51.514529" lon="-0.077396"><ele>15</ele></trkpt>
      <trkpt lat="51.514486" lon="-0.077322"><ele>15</ele></trkpt>
      <trkpt lat="51.514427" lon="-0.077229"><ele>15</ele></trkpt>
      <trkpt lat="51.514342" lon="-0.077078"><ele>15.25</ele></trkpt>
      <trkpt lat="51.514327" lon="-0.077089"><ele>15.25</ele></trkpt>
      <trkpt lat="51.514305" lon="-0.077026"><ele>15.5</ele></trkpt>
      <trkpt lat="51.51428" lon="-0.076946"><ele>15.5</ele></trkpt>
      <trkpt lat="51.514267" lon="-0.07693"><ele>15.5</ele></trkpt>
      <trkpt lat="51.514256" lon="-0.076919"><ele>15.5</ele></trkpt>
      <trkpt lat="51.514242" lon="-0.076904"><ele>15.5</ele></trkpt>
      <trkpt lat="51.514221" lon="-0.076903"><ele>15.75</ele></trkpt>
      <trkpt lat="51.514212" lon="-0.076903"><ele>15.75</ele></trkpt>
      <trkpt lat="51.514241" lon="-0.076787"><ele>15.5</ele></trkpt>
      <trkpt lat="51.51438" lon="-0.076359"><ele>15.75</ele></trkpt>
      <trkpt lat="51.514528" lon="-0.075808"><ele>14.5</ele></trkpt>
      <trkpt lat="51.514483" lon="-0.075663"><ele>15.25</ele></trkpt>
      <trkpt lat="51.514317" lon="-0.075501"><ele>16</ele></trkpt>
      <trkpt lat="51.51413" lon="-0.075317"><ele>16</ele></trkpt>
      <trkpt lat="51.51407" lon="-0.075483"><ele>16</ele></trkpt>
      <trkpt lat="51.514027" lon="-0.075606"><ele>16</ele></trkpt>
      <trkpt lat="51.514017" lon="-0.075696"><ele>16</ele></trkpt>
      <trkpt lat="51.513958" lon="-0.075877"><ele>16</ele></trkpt>
      <trkpt lat="51.513939" lon="-0.075932"><ele>16.25</ele></trkpt>
      <trkpt lat="51.513898" lon="-0.075971"><ele>16.25</ele></trkpt>
      <trkpt lat="51.51384" lon="-0.076143"><ele>16.75</ele></trkpt>
      <trkpt lat="51.513744" lon="-0.07641"><ele>16.25</ele></trkpt>
      <trkpt lat="51.513716" lon="-0.076501"><ele>16</ele></trkpt>
      <trkpt lat="51.513697" lon="-0.076485"><ele>16</ele></trkpt>
      <trkpt lat="51.513655" lon="-0.076449"><ele>16</ele></trkpt>
      <trkpt lat="51.513617" lon="-0.076416"><ele>16</ele></trkpt>
      <trkpt lat="51.5136" lon="-0.076401"><ele>16</ele></trkpt>
      <trkpt lat="51.513532" lon="-0.076611"><ele>16</ele></trkpt>
      <trkpt lat="51.513514" lon="-0.076681"><ele>16</ele></trkpt>
      <trkpt lat="51.513359" lon="-0.076648"><ele>16</ele></trkpt>
      <trkpt lat="51.513245" lon="-0.076619"><ele>15.5</ele></trkpt>
      <trkpt lat="51.513238" lon="-0.076618"><ele>15.5</ele></trkpt>
      <trkpt lat="51.513205" lon="-0.076657"><ele>15.5</ele></trkpt>
      <trkpt lat="51.513128" lon="-0.076644"><ele>15.25</ele></trkpt>
      <trkpt lat="51.513098" lon="-0.076636"><ele>15</ele></trkpt>
      <trkpt lat="51.512778" lon="-0.076595"><ele>14.25</ele></trkpt>
      <trkpt lat="51.512669" lon="-0.076592"><ele>14</ele></trkpt>
      <trkpt lat="51.512639" lon="-0.076591"><ele>14</ele></trkpt>
      <trkpt lat="51.512615" lon="-0.076592"><ele>14</ele></trkpt>
      <trkpt lat="51.51246" lon="-0.076609"><ele>13.75</ele></trkpt>
      <trkpt lat="51.512404" lon="-0.076626"><ele>13.5</ele></trkpt>
      <trkpt lat="51.512352" lon="-0.076663"><ele>13.25</ele></trkpt>
      <trkpt lat="51.512307" lon="-0.076679"><ele>13.25</ele></trkpt>
      <trkpt lat="51.512248" lon="-0.076713"><ele>13</ele></trkpt>
      <trkpt lat="51.512152" lon="-0.0768"><ele>13</ele></trkpt>
      <trkpt lat="51.511836" lon="-0.077155"><ele>13</ele></trkpt>
      <trkpt lat="51.511659" lon="-0.077335"><ele>13</ele></trkpt>
      <trkpt lat="51.511615" lon="-0.077346"><ele>13</ele></trkpt>
      <trkpt lat="51.511544" lon="-0.077338"><ele>13</ele></trkpt>
      <trkpt lat="51.511515" lon="-0.077326"><ele>13</ele></trkpt>
      <trkpt lat="51.511493" lon="-0.077317"><ele>13</ele></trkpt>
      <trkpt lat="51.51145" lon="-0.0773"><ele>13</ele></trkpt>
      <trkpt lat="51.511348" lon="-0.077259"><ele>13</ele></trkpt>
      <trkpt lat="51.511112" lon="-0.077159"><ele>13</ele></trkpt>
      <trkpt lat="51.511084" lon="-0.077147"><ele>13.25</ele></trkpt>
      <trkpt lat="51.510937" lon="-0.077084"><ele>13.75</ele></trkpt>
      <trkpt lat="51.510911" lon="-0.077055"><ele>13.75</ele></trkpt>
      <trkpt lat="51.510874" lon="-0.077042"><ele>13.75</ele></trkpt>
      <trkpt lat="51.510843" lon="-0.07704"><ele>13.75</ele></trkpt>
      <trkpt lat="51.510802" lon="-0.077001"><ele>14</ele></trkpt>
      <trkpt lat="51.510669" lon="-0.076942"><ele>13.75</ele></trkpt>
      <trkpt lat="51.510509" lon="-0.076887"><ele>13.75</ele></trkpt>
      <trkpt lat="51.510351" lon="-0.076865"><ele>13.5</ele></trkpt>
      <trkpt lat="51.510215" lon="-0.076848"><ele>13.5</ele></trkpt>
      <trkpt lat="51.510071" lon="-0.076828"><ele>13.75</ele></trkpt>
      <trkpt lat="51.51002" lon="-0.076826"><ele>13.75</ele></trkpt>
      <trkpt lat="51.510002" lon="-0.076825"><ele>13.75</ele></trkpt>
      <trkpt lat="51.509966" lon="-0.076691"><ele>13.75</ele></trkpt>
      <trkpt lat="51.509976" lon="-0.076565"><ele>13.75</ele></trkpt>
      <trkpt lat="51.509977" lon="-0.076549"><ele>13.5</ele></trkpt>
      <trkpt lat="51.509976" lon="-0.076565"><ele>13.75</ele></trkpt>
      <trkpt lat="51.509966" lon="-0.076691"><ele>13.75</ele></trkpt>
      <trkpt lat="51.510002" lon="-0.076825"><ele>13.75</ele></trkpt>
      <trkpt lat="51.509978" lon="-0.076908"><ele>13.75</ele></trkpt>
      <trkpt lat="51.509957" lon="-0.076977"><ele>13.75</ele></trkpt>
      <trkpt lat="51.50991" lon="-0.076979"><ele>13.5</ele></trkpt>
      <trkpt lat="51.509866" lon="-0.076993"><ele>13.5</ele></trkpt>
      <trkpt lat="51.509777" lon="-0.077061"><ele>13</ele></trkpt>
      <trkpt lat="51.509731" lon="-0.077117"><ele>13</ele></trkpt>
      <trkpt lat="51.509679" lon="-0.077211"><ele>12.75</ele></trkpt>
      <trkpt lat="51.509652" lon="-0.077277"><ele>12.5</ele></trkpt>
      <trkpt lat="51.50963" lon="-0.077359"><ele>12.5</ele></trkpt>
      <trkpt lat="51.509618" lon="-0.077482"><ele>12.5</ele></trkpt>
      <trkpt lat="51.509604" lon="-0.077801"><ele>12</ele></trkpt>
      <trkpt lat="51.509603" lon="-0.077833"><ele>12</ele></trkpt>
      <trkpt lat="51.509618" lon="-0.077938"><ele>12.5</ele></trkpt>
      <trkpt lat="51.509546" lon="-0.077964"><ele>12.5</ele></trkpt>
      <trkpt lat="51.50953" lon="-0.077969"><ele>12.5</ele></trkpt>
      <trkpt lat="51.509546" lon="-0.078042"><ele>12.75</ele></trkpt>
      <trkpt lat="51.509525" lon="-0.07805"><ele>12.75</ele></trkpt>
      <trkpt lat="51.509514" lon="-0.078054"><ele>12.75</ele></trkpt>
      <trkpt lat="51.509459" lon="-0.078077"><ele>13</ele></trkpt>
      <trkpt lat="51.50938" lon="-0.078114"><ele>12.75</ele></trkpt>
      <trkpt lat="51.509361" lon="-0.078122"><ele>12.5</ele></trkpt>
      <trkpt lat="51.509429" lon="-0.078397"><ele>12.75</ele></trkpt>
      <trkpt lat="51.509444" lon="-0.078467"><ele>12.75</ele></trkpt>
      <trkpt lat="51.509478" lon="-0.078687"><ele>13</ele></trkpt>
      <trkpt lat="51.509504" lon="-0.078931"><ele>13</ele></trkpt>
      <trkpt lat="51.509519" lon="-0.079107"><ele>13</ele></trkpt>
      <trkpt lat="51.509545" lon="-0.079515"><ele>12.25</ele></trkpt>
      <trkpt lat="51.509546" lon="-0.079547"><ele>12.25</ele></trkpt>
      <trkpt lat="51.509546" lon="-0.079579"><ele>12.25</ele></trkpt>
      <trkpt lat="51.509542" lon="-0.079687"><ele>12.25</ele></trkpt>
      <trkpt lat="51.509531" lon="-0.079728"><ele>12.25</ele></trkpt>
      <trkpt lat="51.509458" lon="-0.0799"><ele>12.5</ele></trkpt>
      <trkpt lat="51.509369" lon="-0.080183"><ele>12.5</ele></trkpt>
      <trkpt lat="51.509356" lon="-0.080221"><ele>12.25</ele></trkpt>
      <trkpt lat="51.509346" lon="-0.080247"><ele>12.25</ele></trkpt>
      <trkpt lat="51.50938" lon="-0.08026"><ele>12.5</ele></trkpt>
      <trkpt lat="51.5094" lon="-0.080297"><ele>12.5</ele></trkpt>
      <trkpt lat="51.509422" lon="-0.080338"><ele>12.5</ele></trkpt>
      <trkpt lat="51.509435" lon="-0.080363"><ele>12.5</ele></trkpt>
      <trkpt lat="51.509448" lon="-0.080386"><ele>12.5</ele></trkpt>
      <trkpt lat="51.509461" lon="-0.080409"><ele>12.5</ele></trkpt>
      <trkpt lat="51.509467" lon="-0.08042"><ele>12.5</ele></trkpt>
      <trkpt lat="51.509477" lon="-0.08044"><ele>12.25</ele></trkpt>
      <trkpt lat="51.509488" lon="-0.080459"><ele>12.25</ele></trkpt>
      <trkpt lat="51.5095" lon="-0.08048"><ele>12.25</ele></trkpt>
      <trkpt lat="51.509555" lon="-0.080495"><ele>12.5</ele></trkpt>
      <trkpt lat="51.509599" lon="-0.080592"><ele>12.5</ele></trkpt>
      <trkpt lat="51.509676" lon="-0.080815"><ele>12.75</ele></trkpt>
      <trkpt lat="51.510029" lon="-0.0818"><ele>14</ele></trkpt>
      <trkpt lat="51.510034" lon="-0.081812"><ele>14</ele></trkpt>
      <trkpt lat="51.510044" lon="-0.081843"><ele>14</ele></trkpt>
      <trkpt lat="51.510053" lon="-0.081869"><ele>14</ele></trkpt>
      <trkpt lat="51.510058" lon="-0.081881"><ele>13.75</ele></trkpt>
      <trkpt lat="51.510337" lon="-0.082649"><ele>14.25</ele></trkpt>
      <trkpt lat="51.510346" lon="-0.082666"><ele>14.25</ele></trkpt>
      <trkpt lat="51.510357" lon="-0.082695"><ele>14.25</ele></trkpt>
      <trkpt lat="51.510497" lon="-0.083112"><ele>14.5</ele></trkpt>
      <trkpt lat="51.510504" lon="-0.083169"><ele>14.5</ele></trkpt>
      <trkpt lat="51.510511" lon="-0.083195"><ele>14.75</ele></trkpt>
      <trkpt lat="51.510517" lon="-0.083241"><ele>14.75</ele></trkpt>
      <trkpt lat="51.510524" lon="-0.083285"><ele>14.75</ele></trkpt>
      <trkpt lat="51.510525" lon="-0.083293"><ele>14.75</ele></trkpt>
      <trkpt lat="51.510533" lon="-0.083365"><ele>14.75</ele></trkpt>
      <trkpt lat="51.510577" lon="-0.083861"><ele>15</ele></trkpt>
      <trkpt lat="51.510584" lon="-0.083934"><ele>15</ele></trkpt>
      <trkpt lat="51.51059" lon="-0.083984"><ele>15</ele></trkpt>
      <trkpt lat="51.510637" lon="-0.084335"><ele>14.5</ele></trkpt>
      <trkpt lat="51.510638" lon="-0.084345"><ele>14.5</ele></trkpt>
      <trkpt lat="51.510642" lon="-0.084388"><ele>14.25</ele></trkpt>
      <trkpt lat="51.510646" lon="-0.084433"><ele>14.25</ele></trkpt>
      <trkpt lat="51.510647" lon="-0.084463"><ele>14.25</ele></trkpt>
      <trkpt lat="51.510664" lon="-0.085268"><ele>14.25</ele></trkpt>
      <trkpt lat="51.510664" lon="-0.085276"><ele>14.25</ele></trkpt>
      <trkpt lat="51.510649" lon="-0.085309"><ele>14.25</ele></trkpt>
      <trkpt lat="51.510662" lon="-0.085334"><ele>14.25</ele></trkpt>
      <trkpt lat="51.510659" lon="-0.085351"><ele>14.25</ele></trkpt>
      <trkpt lat="51.510658" lon="-0.085363"><ele>14.25</ele></trkpt>
      <trkpt lat="51.510684" lon="-0.085695"><ele>13.5</ele></trkpt>
      <trkpt lat="51.510695" lon="-0.085776"><ele>13.5</ele></trkpt>
      <trkpt lat="51.510708" lon="-0.085865"><ele>13.5</ele></trkpt>
      <trkpt lat="51.510731" lon="-0.085924"><ele>13.5</ele></trkpt>
      <trkpt lat="51.510733" lon="-0.085936"><ele>13.5</ele></trkpt>
      <trkpt lat="51.510714" lon="-0.085945"><ele>13.5</ele></trkpt>
      <trkpt lat="51.510733" lon="-0.085936"><ele>13.75</ele></trkpt>
      <trkpt lat="51.510764" lon="-0.086069"><ele>13.75</ele></trkpt>
      <trkpt lat="51.510788" lon="-0.086198"><ele>13.75</ele></trkpt>
      <trkpt lat="51.510784" lon="-0.086261"><ele>13.75</ele></trkpt>
      <trkpt lat="51.510766" lon="-0.086327"><ele>13.75</ele></trkpt>
      <trkpt lat="51.510768" lon="-0.086406"><ele>13.75</ele></trkpt>
      <trkpt lat="51.510746" lon="-0.086468"><ele>13.75</ele></trkpt>
      <trkpt lat="51.510739" lon="-0.086487"><ele>13.75</ele></trkpt>
      <trkpt lat="51.510744" lon="-0.086492"><ele>13.75</ele></trkpt>
      <trkpt lat="51.510752" lon="-0.086504"><ele>13.75</ele></trkpt>
      <trkpt lat="51.510805" lon="-0.086663"><ele>14</ele></trkpt>
      <trkpt lat="51.510857" lon="-0.086855"><ele>14</ele></trkpt>
      <trkpt lat="51.510873" lon="-0.08689"><ele>14</ele></trkpt>
      <trkpt lat="51.510898" lon="-0.086916"><ele>14.25</ele></trkpt>
      <trkpt lat="51.510916" lon="-0.086967"><ele>14.25</ele></trkpt>
      <trkpt lat="51.510923" lon="-0.086993"><ele>14.25</ele></trkpt>
      <trkpt lat="51.510955" lon="-0.087125"><ele>14.25</ele></trkpt>
      <trkpt lat="51.511028" lon="-0.0875"><ele>14.75</ele></trkpt>
      <trkpt lat="51.511032" lon="-0.087522"><ele>14.75</ele></trkpt>
      <trkpt lat="51.511038" lon="-0.087561"><ele>14.75</ele></trkpt>
      <trkpt lat="51.511117" lon="-0.087977"><ele>14</ele></trkpt>
      <trkpt lat="51.511122" lon="-0.088003"><ele>14</ele></trkpt>
      <trkpt lat="51.511128" lon="-0.088034"><ele>13.75</ele></trkpt>
      <trkpt lat="51.511239" lon="-0.088608"><ele>14</ele></trkpt>
      <trkpt lat="51.511247" lon="-0.088654"><ele>14</ele></trkpt>
      <trkpt lat="51.511353" lon="-0.089245"><ele>13</ele></trkpt>
      <trkpt lat="51.511356" lon="-0.08926"><ele>13</ele></trkpt>
      <trkpt lat="51.511364" lon="-0.089301"><ele>13</ele></trkpt>
      <trkpt lat="51.511373" lon="-0.089349"><ele>13</ele></trkpt>
      <trkpt lat="51.511375" lon="-0.089361"><ele>13</ele></trkpt>
      <trkpt lat="51.511408" lon="-0.089533"><ele>13</ele></trkpt>
      <trkpt lat="51.511477" lon="-0.089904"><ele>12.25</ele></trkpt>
      <trkpt lat="51.51155" lon="-0.090302"><ele>10.75</ele></trkpt>
      <trkpt lat="51.511568" lon="-0.090404"><ele>10.5</ele></trkpt>
      <trkpt lat="51.511607" lon="-0.090609"><ele>10.5</ele></trkpt>
      <trkpt lat="51.511621" lon="-0.090684"><ele>10.25</ele></trkpt>
      <trkpt lat="51.511579" lon="-0.090703"><ele>10</ele></trkpt>
      <trkpt lat="51.511583" lon="-0.090725"><ele>10</ele></trkpt>
      <trkpt lat="51.511592" lon="-0.090772"><ele>9.75</ele></trkpt>
      <trkpt lat="51.511599" lon="-0.090808"><ele>9.75</ele></trkpt>
      <trkpt lat="51.511601" lon="-0.090816"><ele>9.75</ele></trkpt>
      <trkpt lat="51.511513" lon="-0.090861"><ele>9.25</ele></trkpt>
      <trkpt lat="51.511521" lon="-0.090897"><ele>9.25</ele></trkpt>
      <trkpt lat="51.511741" lon="-0.092042"><ele>9.5</ele></trkpt>
      <trkpt lat="51.51175" lon="-0.092084"><ele>9.5</ele></trkpt>
      <trkpt lat="51.511757" lon="-0.092116"><ele>9.5</ele></trkpt>
      <trkpt lat="51.511831" lon="-0.092607"><ele>10.5</ele></trkpt>
      <trkpt lat="51.511823" lon="-0.092648"><ele>10.5</ele></trkpt>
      <trkpt lat="51.511827" lon="-0.09268"><ele>10.5</ele></trkpt>
      <trkpt lat="51.511846" lon="-0.092827"><ele>10.75</ele></trkpt>
      <trkpt lat="51.51185" lon="-0.092852"><ele>10.75</ele></trkpt>
      <trkpt lat="51.511919" lon="-0.093379"><ele>11.75</ele></trkpt>
      <trkpt lat="51.511977" lon="-0.093772"><ele>13</ele></trkpt>
      <trkpt lat="51.511974" lon="-0.093784"><ele>13</ele></trkpt>
      <trkpt lat="51.511973" lon="-0.093824"><ele>13</ele></trkpt>
      <trkpt lat="51.511972" lon="-0.09384"><ele>13</ele></trkpt>
      <trkpt lat="51.511974" lon="-0.093848"><ele>13</ele></trkpt>
      <trkpt lat="51.512098" lon="-0.093819"><ele>13.5</ele></trkpt>
      <trkpt lat="51.511974" lon="-0.093848"><ele>13</ele></trkpt>
      <trkpt lat="51.511952" lon="-0.093961"><ele>13</ele></trkpt>
      <trkpt lat="51.512037" lon="-0.094411"><ele>13.75</ele></trkpt>
      <trkpt lat="51.512061" lon="-0.09455"><ele>14</ele></trkpt>
      <trkpt lat="51.512078" lon="-0.094648"><ele>14</ele></trkpt>
      <trkpt lat="51.512114" lon="-0.094672"><ele>14</ele></trkpt>
      <trkpt lat="51.512102" lon="-0.094736"><ele>14</ele></trkpt>
      <trkpt lat="51.512092" lon="-0.094781"><ele>14</ele></trkpt>
      <trkpt lat="51.51208" lon="-0.094832"><ele>14</ele></trkpt>
      <trkpt lat="51.512025" lon="-0.095125"><ele>14</ele></trkpt>
      <trkpt lat="51.511949" lon="-0.095538"><ele>13.75</ele></trkpt>
      <trkpt lat="51.511944" lon="-0.095574"><ele>13.75</ele></trkpt>
      <trkpt lat="51.511883" lon="-0.095999"><ele>13</ele></trkpt>
      <trkpt lat="51.511859" lon="-0.096237"><ele>13</ele></trkpt>
      <trkpt lat="51.511829" lon="-0.09668"><ele>12</ele></trkpt>
      <trkpt lat="51.511813" lon="-0.097159"><ele>11.5</ele></trkpt>
      <trkpt lat="51.511812" lon="-0.09721"><ele>11.5</ele></trkpt>
      <trkpt lat="51.511812" lon="-0.097263"><ele>11.25</ele></trkpt>
      <trkpt lat="51.511872" lon="-0.098349"><ele>10.75</ele></trkpt>
      <trkpt lat="51.511896" lon="-0.098676"><ele>10.5</ele></trkpt>
      <trkpt lat="51.511867" lon="-0.098849"><ele>10</ele></trkpt>
      <trkpt lat="51.511888" lon="-0.099162"><ele>9.25</ele></trkpt>
      <trkpt lat="51.511891" lon="-0.099196"><ele>9.25</ele></trkpt>
      <trkpt lat="51.511892" lon="-0.099271"><ele>9.25</ele></trkpt>
      <trkpt lat="51.511899" lon="-0.099313"><ele>9.25</ele></trkpt>
      <trkpt lat="51.511914" lon="-0.0994"><ele>9.5</ele></trkpt>
      <trkpt lat="51.511925" lon="-0.099467"><ele>9.5</ele></trkpt>
      <trkpt lat="51.511934" lon="-0.099522"><ele>9.5</ele></trkpt>
      <trkpt lat="51.511947" lon="-0.099739"><ele>8.75</ele></trkpt>
      <trkpt lat="51.511979" lon="-0.100399"><ele>6.75</ele></trkpt>
      <trkpt lat="51.511982" lon="-0.100464"><ele>6.75</ele></trkpt>
      <trkpt lat="51.511985" lon="-0.100527"><ele>6.5</ele></trkpt>
      <trkpt lat="51.511985" lon="-0.100538"><ele>6.5</ele></trkpt>
      <trkpt lat="51.512035" lon="-0.101299"><ele>7.25</ele></trkpt>
      <trkpt lat="51.512039" lon="-0.101344"><ele>7.5</ele></trkpt>
      <trkpt lat="51.512043" lon="-0.101404"><ele>7.5</ele></trkpt>
      <trkpt lat="51.512063" lon="-0.10184"><ele>6.75</ele></trkpt>
      <trkpt lat="51.51206" lon="-0.101871"><ele>6.75</ele></trkpt>
      <trkpt lat="51.512053" lon="-0.101931"><ele>6.75</ele></trkpt>
      <trkpt lat="51.512057" lon="-0.101971"><ele>6.75</ele></trkpt>
      <trkpt lat="51.51206" lon="-0.102015"><ele>6.75</ele></trkpt>
      <trkpt lat="51.512062" lon="-0.102039"><ele>6.75</ele></trkpt>
      <trkpt lat="51.512063" lon="-0.102093"><ele>6.75</ele></trkpt>
      <trkpt lat="51.512063" lon="-0.102146"><ele>6.75</ele></trkpt>
      <trkpt lat="51.512065" lon="-0.102184"><ele>6.75</ele></trkpt>
      <trkpt lat="51.512067" lon="-0.102223"><ele>7</ele></trkpt>
      <trkpt lat="51.512048" lon="-0.102267"><ele>7</ele></trkpt>
      <trkpt lat="51.51203" lon="-0.102311"><ele>7</ele></trkpt>
      <trkpt lat="51.512021" lon="-0.102338"><ele>7</ele></trkpt>
      <trkpt lat="51.51201" lon="-0.102425"><ele>7</ele></trkpt>
      <trkpt lat="51.512002" lon="-0.102481"><ele>7</ele></trkpt>
      <trkpt lat="51.511955" lon="-0.103102"><ele>6</ele></trkpt>
      <trkpt lat="51.511929" lon="-0.103568"><ele>6.75</ele></trkpt>
      <trkpt lat="51.511895" lon="-0.103689"><ele>6.75</ele></trkpt>
      <trkpt lat="51.511852" lon="-0.10381"><ele>7</ele></trkpt>
      <trkpt lat="51.511813" lon="-0.103887"><ele>7.25</ele></trkpt>
      <trkpt lat="51.511764" lon="-0.103891"><ele>7.5</ele></trkpt>
      <trkpt lat="51.511678" lon="-0.103896"><ele>7.75</ele></trkpt>
      <trkpt lat="51.511652" lon="-0.103789"><ele>7.25</ele></trkpt>
      <trkpt lat="51.511562" lon="-0.103721"><ele>6.75</ele></trkpt>
      <trkpt lat="51.511652" lon="-0.103789"><ele>7.25</ele></trkpt>
      <trkpt lat="51.511678" lon="-0.103896"><ele>7.75</ele></trkpt>
      <trkpt lat="51.511581" lon="-0.104025"><ele>8</ele></trkpt>
      <trkpt lat="51.511576" lon="-0.104072"><ele>8</ele></trkpt>
      <trkpt lat="51.511589" lon="-0.104148"><ele>8.25</ele></trkpt>
      <trkpt lat="51.511609" lon="-0.104214"><ele>8</ele></trkpt>
      <trkpt lat="51.511667" lon="-0.104257"><ele>7.75</ele></trkpt>
      <trkpt lat="51.511687" lon="-0.104304"><ele>7.75</ele></trkpt>
      <trkpt lat="51.511711" lon="-0.104348"><ele>7.75</ele></trkpt>
      <trkpt lat="51.511726" lon="-0.104378"><ele>7.75</ele></trkpt>
      <trkpt lat="51.511736" lon="-0.104401"><ele>7.75</ele></trkpt>
      <trkpt lat="51.511746" lon="-0.104423"><ele>7.5</ele></trkpt>
      <trkpt lat="51.511765" lon="-0.104471"><ele>7.5</ele></trkpt>
      <trkpt lat="51.511587" lon="-0.104656"><ele>8</ele></trkpt>
      <trkpt lat="51.511544" lon="-0.104722"><ele>8</ele></trkpt>
      <trkpt lat="51.511445" lon="-0.104878"><ele>7.75</ele></trkpt>
      <trkpt lat="51.511328" lon="-0.105112"><ele>7.5</ele></trkpt>
      <trkpt lat="51.511258" lon="-0.10532"><ele>7</ele></trkpt>
      <trkpt lat="51.511224" lon="-0.105475"><ele>6.75</ele></trkpt>
      <trkpt lat="51.511217" lon="-0.105509"><ele>6.75</ele></trkpt>
      <trkpt lat="51.511209" lon="-0.105547"><ele>6.5</ele></trkpt>
      <trkpt lat="51.511183" lon="-0.105678"><ele>6.25</ele></trkpt>
      <trkpt lat="51.511178" lon="-0.105957"><ele>6</ele></trkpt>
      <trkpt lat="51.511181" lon="-0.106168"><ele>5.5</ele></trkpt>
      <trkpt lat="51.511181" lon="-0.10618"><ele>5.5</ele></trkpt>
      <trkpt lat="51.51119" lon="-0.106193"><ele>5.5</ele></trkpt>
      <trkpt lat="51.51119" lon="-0.106257"><ele>5.25</ele></trkpt>
      <trkpt lat="51.51119" lon="-0.106304"><ele>5</ele></trkpt>
      <trkpt lat="51.511183" lon="-0.106309"><ele>5</ele></trkpt>
      <trkpt lat="51.511184" lon="-0.106354"><ele>4.75</ele></trkpt>
      <trkpt lat="51.511189" lon="-0.106838"><ele>5</ele></trkpt>
      <trkpt lat="51.511189" lon="-0.106866"><ele>5</ele></trkpt>
      <trkpt lat="51.511189" lon="-0.10689"><ele>5</ele></trkpt>
      <trkpt lat="51.51119" lon="-0.106923"><ele>5</ele></trkpt>
      <trkpt lat="51.511188" lon="-0.106961"><ele>5</ele></trkpt>
      <trkpt lat="51.511189" lon="-0.107811"><ele>4.75</ele></trkpt>
      <trkpt lat="51.511178" lon="-0.107908"><ele>4.75</ele></trkpt>
      <trkpt lat="51.511174" lon="-0.107942"><ele>4.75</ele></trkpt>
      <trkpt lat="51.511174" lon="-0.107994"><ele>4.75</ele></trkpt>
      <trkpt lat="51.511174" lon="-0.108035"><ele>4.75</ele></trkpt>
      <trkpt lat="51.511151" lon="-0.108069"><ele>4.75</ele></trkpt>
      <trkpt lat="51.511139" lon="-0.108498"><ele>4.25</ele></trkpt>
      <trkpt lat="51.511141" lon="-0.110719"><ele>4</ele></trkpt>
      <trkpt lat="51.511129" lon="-0.111547"><ele>5</ele></trkpt>
      <trkpt lat="51.511132" lon="-0.111889"><ele>4.75</ele></trkpt>
      <trkpt lat="51.511127" lon="-0.111958"><ele>4.75</ele></trkpt>
      <trkpt lat="51.511123" lon="-0.112035"><ele>4.75</ele></trkpt>
      <trkpt lat="51.511119" lon="-0.112117"><ele>4.75</ele></trkpt>
      <trkpt lat="51.511115" lon="-0.112156"><ele>4.75</ele></trkpt>
      <trkpt lat="51.511096" lon="-0.112243"><ele>4.75</ele></trkpt>
      <trkpt lat="51.510993" lon="-0.113473"><ele>5</ele></trkpt>
      <trkpt lat="51.510991" lon="-0.113492"><ele>5</ele></trkpt>
      <trkpt lat="51.511017" lon="-0.113505"><ele>5</ele></trkpt>
      <trkpt lat="51.51113" lon="-0.113558"><ele>5</ele></trkpt>
      <trkpt lat="51.511117" lon="-0.113645"><ele>5</ele></trkpt>
      <trkpt lat="51.511212" lon="-0.113696"><ele>5.5</ele></trkpt>
      <trkpt lat="51.511199" lon="-0.113757"><ele>5.5</ele></trkpt>
      <trkpt lat="51.511083" lon="-0.114304"><ele>5.5</ele></trkpt>
      <trkpt lat="51.510977" lon="-0.114805"><ele>5.5</ele></trkpt>
      <trkpt lat="51.510988" lon="-0.114811"><ele>5.5</ele></trkpt>
      <trkpt lat="51.510897" lon="-0.115191"><ele>5</ele></trkpt>
      <trkpt lat="51.510878" lon="-0.115238"><ele>5</ele></trkpt>
      <trkpt lat="51.510854" lon="-0.115273"><ele>5</ele></trkpt>
      <trkpt lat="51.510809" lon="-0.115289"><ele>4.75</ele></trkpt>
      <trkpt lat="51.510765" lon="-0.115282"><ele>4.5</ele></trkpt>
      <trkpt lat="51.510739" lon="-0.115248"><ele>4.5</ele></trkpt>
      <trkpt lat="51.510734" lon="-0.115275"><ele>4.5</ele></trkpt>
      <trkpt lat="51.510728" lon="-0.115309"><ele>4.5</ele></trkpt>
      <trkpt lat="51.510714" lon="-0.115381"><ele>4.5</ele></trkpt>
      <trkpt lat="51.510712" lon="-0.115394"><ele>4.5</ele></trkpt>
      <trkpt lat="51.510683" lon="-0.115452"><ele>4.5</ele></trkpt>
      <trkpt lat="51.510663" lon="-0.115442"><ele>4.5</ele></trkpt>
      <trkpt lat="51.510647" lon="-0.115435"><ele>4.5</ele></trkpt>
      <trkpt lat="51.510631" lon="-0.115428"><ele>4.5</ele></trkpt>
      <trkpt lat="51.510606" lon="-0.115415"><ele>4.25</ele></trkpt>
      <trkpt lat="51.510586" lon="-0.115406"><ele>4.25</ele></trkpt>
      <trkpt lat="51.510554" lon="-0.11539"><ele>4.25</ele></trkpt>
      <trkpt lat="51.510537" lon="-0.115383"><ele>4.25</ele></trkpt>
      <trkpt lat="51.510515" lon="-0.115494"><ele>4.5</ele></trkpt>
      <trkpt lat="51.51051" lon="-0.115492"><ele>4.25</ele></trkpt>
      <trkpt lat="51.510501" lon="-0.115488"><ele>4.25</ele></trkpt>
      <trkpt lat="51.510482" lon="-0.11548"><ele>4.25</ele></trkpt>
      <trkpt lat="51.510464" lon="-0.115469"><ele>4</ele></trkpt>
      <trkpt lat="51.510256" lon="-0.116482"><ele>4</ele></trkpt>
      <trkpt lat="51.509993" lon="-0.117373"><ele>4.5</ele></trkpt>
      <trkpt lat="51.509983" lon="-0.117404"><ele>4.5</ele></trkpt>
      <trkpt lat="51.50987" lon="-0.117772"><ele>4.5</ele></trkpt>
      <trkpt lat="51.509716" lon="-0.118223"><ele>4.5</ele></trkpt>
      <trkpt lat="51.509551" lon="-0.118673"><ele>4.25</ele></trkpt>
      <trkpt lat="51.509465" lon="-0.11888"><ele>4</ele></trkpt>
      <trkpt lat="51.509372" lon="-0.119078"><ele>4</ele></trkpt>
      <trkpt lat="51.509061" lon="-0.119648"><ele>4.25</ele></trkpt>
      <trkpt lat="51.508955" lon="-0.119818"><ele>4.5</ele></trkpt>
      <trkpt lat="51.508704" lon="-0.120198"><ele>4.25</ele></trkpt>
      <trkpt lat="51.508582" lon="-0.120351"><ele>4.5</ele></trkpt>
      <trkpt lat="51.50852" lon="-0.120429"><ele>4</ele></trkpt>
      <trkpt lat="51.508249" lon="-0.120754"><ele>3.75</ele></trkpt>
      <trkpt lat="51.507934" lon="-0.121048"><ele>3.75</ele></trkpt>
      <trkpt lat="51.507198" lon="-0.1216"><ele>3.5</ele></trkpt>
      <trkpt lat="51.50722" lon="-0.121671"><ele>3.75</ele></trkpt>
      <trkpt lat="51.507233" lon="-0.121709"><ele>4</ele></trkpt>
      <trkpt lat="51.507158" lon="-0.121772"><ele>3.75</ele></trkpt>
      <trkpt lat="51.507189" lon="-0.121884"><ele>3.75</ele></trkpt>
      <trkpt lat="51.50722" lon="-0.121984"><ele>4</ele></trkpt>
      <trkpt lat="51.507165" lon="-0.122031"><ele>4</ele></trkpt>
      <trkpt lat="51.506683" lon="-0.122412"><ele>4.5</ele></trkpt>
      <trkpt lat="51.506631" lon="-0.122466"><ele>4.75</ele></trkpt>
      <trkpt lat="51.506606" lon="-0.122479"><ele>4.75</ele></trkpt>
      <trkpt lat="51.506565" lon="-0.122496"><ele>4.75</ele></trkpt>
      <trkpt lat="51.506541" lon="-0.122504"><ele>5</ele></trkpt>
      <trkpt lat="51.506534" lon="-0.12251"><ele>5</ele></trkpt>
      <trkpt lat="51.506527" lon="-0.122516"><ele>5</ele></trkpt>
      <trkpt lat="51.506489" lon="-0.122537"><ele>5</ele></trkpt>
      <trkpt lat="51.506462" lon="-0.122556"><ele>5</ele></trkpt>
      <trkpt lat="51.506431" lon="-0.122568"><ele>5</ele></trkpt>
      <trkpt lat="51.506433" lon="-0.122615"><ele>5</ele></trkpt>
      <trkpt lat="51.506425" lon="-0.122647"><ele>5</ele></trkpt>
      <trkpt lat="51.506418" lon="-0.122683"><ele>5</ele></trkpt>
      <trkpt lat="51.506415" lon="-0.1227"><ele>4.75</ele></trkpt>
      <trkpt lat="51.506478" lon="-0.122786"><ele>5</ele></trkpt>
      <trkpt lat="51.506536" lon="-0.122941"><ele>5</ele></trkpt>
      <trkpt lat="51.506568" lon="-0.123064"><ele>5</ele></trkpt>
      <trkpt lat="51.506584" lon="-0.123249"><ele>5</ele></trkpt>
      <trkpt lat="51.506547" lon="-0.123264"><ele>5</ele></trkpt>
      <trkpt lat="51.506532" lon="-0.123173"><ele>5</ele></trkpt>
      <trkpt lat="51.506706" lon="-0.1231"><ele>5</ele></trkpt>
      <trkpt lat="51.506778" lon="-0.12307"><ele>5</ele></trkpt>
      <trkpt lat="51.507102" lon="-0.122811"><ele>5</ele></trkpt>
      <trkpt lat="51.506778" lon="-0.12307"><ele>5</ele></trkpt>
      <trkpt lat="51.506706" lon="-0.1231"><ele>5</ele></trkpt>
      <trkpt lat="51.506532" lon="-0.123173"><ele>5</ele></trkpt>
      <trkpt lat="51.506547" lon="-0.123264"><ele>5</ele></trkpt>
      <trkpt lat="51.506584" lon="-0.123249"><ele>5</ele></trkpt>
      <trkpt lat="51.506568" lon="-0.123064"><ele>5</ele></trkpt>
      <trkpt lat="51.506536" lon="-0.122941"><ele>5</ele></trkpt>
      <trkpt lat="51.506478" lon="-0.122786"><ele>5</ele></trkpt>
      <trkpt lat="51.506415" lon="-0.1227"><ele>4.75</ele></trkpt>
      <trkpt lat="51.506418" lon="-0.122683"><ele>5</ele></trkpt>
      <trkpt lat="51.506425" lon="-0.122647"><ele>5</ele></trkpt>
      <trkpt lat="51.506433" lon="-0.122615"><ele>5</ele></trkpt>
      <trkpt lat="51.506431" lon="-0.122568"><ele>5</ele></trkpt>
      <trkpt lat="51.506408" lon="-0.122538"><ele>5</ele></trkpt>
      <trkpt lat="51.506393" lon="-0.12248"><ele>4.75</ele></trkpt>
      <trkpt lat="51.506373" lon="-0.122399"><ele>4.5</ele></trkpt>
      <trkpt lat="51.506367" lon="-0.12238"><ele>4.25</ele></trkpt>
      <trkpt lat="51.506294" lon="-0.122426"><ele>4.25</ele></trkpt>
      <trkpt lat="51.506291" lon="-0.122418"><ele>4.25</ele></trkpt>
      <trkpt lat="51.506285" lon="-0.122399"><ele>4.25</ele></trkpt>
      <trkpt lat="51.506276" lon="-0.122368"><ele>4</ele></trkpt>
      <trkpt lat="51.506265" lon="-0.12233"><ele>3.75</ele></trkpt>
      <trkpt lat="51.50625" lon="-0.12234"><ele>3.75</ele></trkpt>
      <trkpt lat="51.506046" lon="-0.122467"><ele>3.5</ele></trkpt>
      <trkpt lat="51.504846" lon="-0.122941"><ele>3.75</ele></trkpt>
      <trkpt lat="51.504654" lon="-0.122997"><ele>3.75</ele></trkpt>
      <trkpt lat="51.504561" lon="-0.123025"><ele>3.75</ele></trkpt>
      <trkpt lat="51.50448" lon="-0.123037"><ele>3.75</ele></trkpt>
      <trkpt lat="51.504441" lon="-0.12305"><ele>3.75</ele></trkpt>
      <trkpt lat="51.503299" lon="-0.12334"><ele>4</ele></trkpt>
      <trkpt lat="51.502827" lon="-0.123481"><ele>4.5</ele></trkpt>
      <trkpt lat="51.501981" lon="-0.123717"><ele>5.25</ele></trkpt>
      <trkpt lat="51.501444" lon="-0.123805"><ele>6</ele></trkpt>
      <trkpt lat="51.501156" lon="-0.123841"><ele>7.25</ele></trkpt>
      <trkpt lat="51.501154" lon="-0.123787"><ele>6.5</ele></trkpt>
      <trkpt lat="51.501112" lon="-0.123788"><ele>6.75</ele></trkpt>
      <trkpt lat="51.501113" lon="-0.123821"><ele>7.25</ele></trkpt>
      <trkpt lat="51.501153" lon="-0.12382"><ele>7</ele></trkpt>
      <trkpt lat="51.501161" lon="-0.12433"><ele>7.75</ele></trkpt>
      <trkpt lat="51.501161" lon="-0.124383"><ele>7.75</ele></trkpt>
      <trkpt lat="51.50117" lon="-0.124398"><ele>7.75</ele></trkpt>
      <trkpt lat="51.501164" lon="-0.124876"><ele>7</ele></trkpt>
      <trkpt lat="51.501206" lon="-0.124875"><ele>7</ele></trkpt>
      <trkpt lat="51.501226" lon="-0.124842"><ele>7</ele></trkpt>
      <trkpt lat="51.501246" lon="-0.124808"><ele>7.25</ele></trkpt>
      <trkpt lat="51.501261" lon="-0.124784"><ele>7.25</ele></trkpt>
      <trkpt lat="51.501346" lon="-0.124787"><ele>7.5</ele></trkpt>
      <trkpt lat="51.501331" lon="-0.124787"><ele>7.5</ele></trkpt>
      <trkpt lat="51.501333" lon="-0.124838"><ele>7.25</ele></trkpt>
      <trkpt lat="51.501319" lon="-0.124862"><ele>7.25</ele></trkpt>
      <trkpt lat="51.501333" lon="-0.124838"><ele>7.25</ele></trkpt>
      <trkpt lat="51.501331" lon="-0.124787"><ele>7.5</ele></trkpt>
      <trkpt lat="51.501346" lon="-0.124787"><ele>7.5</ele></trkpt>
      <trkpt lat="51.501261" lon="-0.124784"><ele>7.25</ele></trkpt>
      <trkpt lat="51.501246" lon="-0.124808"><ele>7.25</ele></trkpt>
      <trkpt lat="51.501226" lon="-0.124842"><ele>7</ele></trkpt>
      <trkpt lat="51.501206" lon="-0.124875"><ele>7</ele></trkpt>
      <trkpt lat="51.501164" lon="-0.124876"><ele>7</ele></trkpt>
      <trkpt lat="51.501079" lon="-0.124885"><ele>6.75</ele></trkpt>
      <trkpt lat="51.501062" lon="-0.124886"><ele>6.75</ele></trkpt>
      <trkpt lat="51.501057" lon="-0.124887"><ele>6.75</ele></trkpt>
      <trkpt lat="51.501059" lon="-0.124928"><ele>6.75</ele></trkpt>
      <trkpt lat="51.501077" lon="-0.125457"><ele>5.75</ele></trkpt>
      <trkpt lat="51.501078" lon="-0.125484"><ele>5.75</ele></trkpt>
      <trkpt lat="51.501081" lon="-0.125523"><ele>5.75</ele></trkpt>
      <trkpt lat="51.501085" lon="-0.12584"><ele>5.75</ele></trkpt>
      <trkpt lat="51.501071" lon="-0.125843"><ele>5.75</ele></trkpt>
      <trkpt lat="51.501062" lon="-0.125844"><ele>5.75</ele></trkpt>
      <trkpt lat="51.500995" lon="-0.125851"><ele>5.75</ele></trkpt>
      <trkpt lat="51.500912" lon="-0.12586"><ele>5.75</ele></trkpt>
      <trkpt lat="51.500893" lon="-0.12586"><ele>5.75</ele></trkpt>
      <trkpt lat="51.500869" lon="-0.12585"><ele>5.75</ele></trkpt>
      <trkpt lat="51.500788" lon="-0.125974"><ele>5.25</ele></trkpt>
      <trkpt lat="51.500739" lon="-0.125977"><ele>5.25</ele></trkpt>
      <trkpt lat="51.500736" lon="-0.12605"><ele>5</ele></trkpt>
      <trkpt lat="51.500737" lon="-0.12615"><ele>5</ele></trkpt>
      <trkpt lat="51.500738" lon="-0.126243"><ele>5</ele></trkpt>
      <trkpt lat="51.50074" lon="-0.126266"><ele>5</ele></trkpt>
      <trkpt lat="51.500344" lon="-0.126325"><ele>5</ele></trkpt>
      <trkpt lat="51.500326" lon="-0.126336"><ele>5</ele></trkpt>
      <trkpt lat="51.50031" lon="-0.126362"><ele>5</ele></trkpt>
      <trkpt lat="51.500301" lon="-0.126391"><ele>5</ele></trkpt>
      <trkpt lat="51.5003" lon="-0.126423"><ele>5</ele></trkpt>
      <trkpt lat="51.500345" lon="-0.127202"><ele>5</ele></trkpt>
      <trkpt lat="51.500351" lon="-0.127296"><ele>5</ele></trkpt>
      <trkpt lat="51.500341" lon="-0.127303"><ele>5</ele></trkpt>
      <trkpt lat="51.500329" lon="-0.127314"><ele>5</ele></trkpt>
      <trkpt lat="51.500281" lon="-0.127366"><ele>5</ele></trkpt>
      <trkpt lat="51.500236" lon="-0.127425"><ele>5</ele></trkpt>
      <trkpt lat="51.500213" lon="-0.127459"><ele>5</ele></trkpt>
      <trkpt lat="51.500273" lon="-0.127567"><ele>4.75</ele></trkpt>
      <trkpt lat="51.500288" lon="-0.127606"><ele>4.5</ele></trkpt>
      <trkpt lat="51.500298" lon="-0.127637"><ele>4.5</ele></trkpt>
      <trkpt lat="51.500333" lon="-0.127678"><ele>4.25</ele></trkpt>
      <trkpt lat="51.500293" lon="-0.127688"><ele>4.25</ele></trkpt>
      <trkpt lat="51.500251" lon="-0.127744"><ele>4</ele></trkpt>
      <trkpt lat="51.500225" lon="-0.127777"><ele>4</ele></trkpt>
      <trkpt lat="51.500216" lon="-0.127807"><ele>4</ele></trkpt>
      <trkpt lat="51.500184" lon="-0.127912"><ele>4</ele></trkpt>
      <trkpt lat="51.500136" lon="-0.128153"><ele>4</ele></trkpt>
      <trkpt lat="51.500113" lon="-0.128219"><ele>4</ele></trkpt>
      <trkpt lat="51.500104" lon="-0.128248"><ele>4.25</ele></trkpt>
      <trkpt lat="51.500078" lon="-0.128326"><ele>4.25</ele></trkpt>
      <trkpt lat="51.500053" lon="-0.128391"><ele>4.5</ele></trkpt>
      <trkpt lat="51.50004" lon="-0.128427"><ele>4.75</ele></trkpt>
      <trkpt lat="51.49994" lon="-0.128683"><ele>4.75</ele></trkpt>
      <trkpt lat="51.499732" lon="-0.129212"><ele>4.75</ele></trkpt>
      <trkpt lat="51.499669" lon="-0.129327"><ele>4.25</ele></trkpt>
      <trkpt lat="51.499647" lon="-0.129368"><ele>4</ele></trkpt>
      <trkpt lat="51.499613" lon="-0.129442"><ele>4</ele></trkpt>
      <trkpt lat="51.499605" lon="-0.129462"><ele>4</ele></trkpt>
      <trkpt lat="51.499596" lon="-0.129484"><ele>4</ele></trkpt>
      <trkpt lat="51.499563" lon="-0.129573"><ele>3.75</ele></trkpt>
      <trkpt lat="51.499592" lon="-0.129688"><ele>4</ele></trkpt>
      <trkpt lat="51.499629" lon="-0.130137"><ele>4.25</ele></trkpt>
      <trkpt lat="51.499639" lon="-0.13068"><ele>3.5</ele></trkpt>
      <trkpt lat="51.499641" lon="-0.130758"><ele>3.25</ele></trkpt>
      <trkpt lat="51.499643" lon="-0.131876"><ele>2.75</ele></trkpt>
      <trkpt lat="51.499639" lon="-0.131906"><ele>2.75</ele></trkpt>
      <trkpt lat="51.499635" lon="-0.131935"><ele>2.75</ele></trkpt>
      <trkpt lat="51.499638" lon="-0.131935"><ele>2.75</ele></trkpt>
      <trkpt lat="51.499636" lon="-0.131963"><ele>3</ele></trkpt>
      <trkpt lat="51.49963" lon="-0.131983"><ele>3</ele></trkpt>
      <trkpt lat="51.499639" lon="-0.131987"><ele>3</ele></trkpt>
      <trkpt lat="51.499643" lon="-0.132262"><ele>3</ele></trkpt>
      <trkpt lat="51.499639" lon="-0.132668"><ele>3.25</ele></trkpt>
      <trkpt lat="51.499592" lon="-0.132747"><ele>3.25</ele></trkpt>
      <trkpt lat="51.499603" lon="-0.132868"><ele>3.5</ele></trkpt>
      <trkpt lat="51.499606" lon="-0.132979"><ele>3.75</ele></trkpt>
      <trkpt lat="51.499609" lon="-0.133126"><ele>4</ele></trkpt>
      <trkpt lat="51.499606" lon="-0.133196"><ele>4</ele></trkpt>
      <trkpt lat="51.499603" lon="-0.133278"><ele>4</ele></trkpt>
      <trkpt lat="51.499489" lon="-0.133552"><ele>4</ele></trkpt>
      <trkpt lat="51.49941" lon="-0.133743"><ele>4</ele></trkpt>
      <trkpt lat="51.499611" lon="-0.133942"><ele>4</ele></trkpt>
      <trkpt lat="51.499626" lon="-0.133951"><ele>4</ele></trkpt>
      <trkpt lat="51.499619" lon="-0.134077"><ele>4</ele></trkpt>
      <trkpt lat="51.499627" lon="-0.134079"><ele>4</ele></trkpt>
      <trkpt lat="51.49963" lon="-0.134079"><ele>4</ele></trkpt>
      <trkpt lat="51.499684" lon="-0.134088"><ele>4</ele></trkpt>
      <trkpt lat="51.499673" lon="-0.134275"><ele>4</ele></trkpt>
      <trkpt lat="51.499642" lon="-0.135051"><ele>3.5</ele></trkpt>
      <trkpt lat="51.499633" lon="-0.135199"><ele>4</ele></trkpt>
      <trkpt lat="51.499607" lon="-0.135393"><ele>4</ele></trkpt>
      <trkpt lat="51.499591" lon="-0.135513"><ele>4</ele></trkpt>
      <trkpt lat="51.499583" lon="-0.135565"><ele>4</ele></trkpt>
      <trkpt lat="51.499576" lon="-0.135639"><ele>4</ele></trkpt>
      <trkpt lat="51.49937" lon="-0.13637"><ele>3.5</ele></trkpt>
      <trkpt lat="51.499323" lon="-0.136585"><ele>3.75</ele></trkpt>
      <trkpt lat="51.499304" lon="-0.136674"><ele>4</ele></trkpt>
      <trkpt lat="51.499272" lon="-0.136822"><ele>4</ele></trkpt>
      <trkpt lat="51.499273" lon="-0.136887"><ele>3.75</ele></trkpt>
      <trkpt lat="51.499246" lon="-0.137073"><ele>3.5</ele></trkpt>
      <trkpt lat="51.499229" lon="-0.137191"><ele>3.25</ele></trkpt>
      <trkpt lat="51.499211" lon="-0.137244"><ele>3</ele></trkpt>
      <trkpt lat="51.499144" lon="-0.137785"><ele>3.75</ele></trkpt>
      <trkpt lat="51.499121" lon="-0.137867"><ele>3.5</ele></trkpt>
      <trkpt lat="51.499097" lon="-0.137907"><ele>3.5</ele></trkpt>
      <trkpt lat="51.499108" lon="-0.137959"><ele>3.25</ele></trkpt>
      <trkpt lat="51.499114" lon="-0.138016"><ele>3.25</ele></trkpt>
      <trkpt lat="51.499121" lon="-0.138042"><ele>3</ele></trkpt>
      <trkpt lat="51.499081" lon="-0.138134"><ele>3.25</ele></trkpt>
      <trkpt lat="51.49905" lon="-0.138169"><ele>3.25</ele></trkpt>
      <trkpt lat="51.498832" lon="-0.138416"><ele>3</ele></trkpt>
      <trkpt lat="51.498722" lon="-0.138582"><ele>3.5</ele></trkpt>
      <trkpt lat="51.498405" lon="-0.139209"><ele>4</ele></trkpt>
      <trkpt lat="51.498141" lon="-0.139791"><ele>3.75</ele></trkpt>
      <trkpt lat="51.49811" lon="-0.139861"><ele>4.25</ele></trkpt>
      <trkpt lat="51.497954" lon="-0.139695"><ele>4.25</ele></trkpt>
      <trkpt lat="51.497854" lon="-0.139622"><ele>4.5</ele></trkpt>
      <trkpt lat="51.497837" lon="-0.139762"><ele>4.75</ele></trkpt>
      <trkpt lat="51.49781" lon="-0.13999"><ele>4.75</ele></trkpt>
      <trkpt lat="51.497765" lon="-0.140215"><ele>5</ele></trkpt>
      <trkpt lat="51.497751" lon="-0.140286"><ele>5</ele></trkpt>
      <trkpt lat="51.497638" lon="-0.140625"><ele>5</ele></trkpt>
      <trkpt lat="51.497507" lon="-0.140839"><ele>4.75</ele></trkpt>
      <trkpt lat="51.497364" lon="-0.141022"><ele>5</ele></trkpt>
      <trkpt lat="51.496968" lon="-0.141329"><ele>5</ele></trkpt>
      <trkpt lat="51.496921" lon="-0.141369"><ele>5</ele></trkpt>
      <trkpt lat="51.496726" lon="-0.141551"><ele>5</ele></trkpt>
      <trkpt lat="51.496714" lon="-0.141562"><ele>5</ele></trkpt>
      <trkpt lat="51.496685" lon="-0.141599"><ele>5</ele></trkpt>
      <trkpt lat="51.496659" lon="-0.141629"><ele>5</ele></trkpt>
      <trkpt lat="51.496648" lon="-0.141708"><ele>5</ele></trkpt>
      <trkpt lat="51.496619" lon="-0.141698"><ele>5</ele></trkpt>
      <trkpt lat="51.496579" lon="-0.141685"><ele>5</ele></trkpt>
      <trkpt lat="51.496541" lon="-0.141672"><ele>5</ele></trkpt>
      <trkpt lat="51.496504" lon="-0.141872"><ele>5</ele></trkpt>
      <trkpt lat="51.4965" lon="-0.14192"><ele>5</ele></trkpt>
      <trkpt lat="51.496496" lon="-0.141963"><ele>5</ele></trkpt>
      <trkpt lat="51.496474" lon="-0.142165"><ele>4.75</ele></trkpt>
      <trkpt lat="51.496434" lon="-0.142338"><ele>4.75</ele></trkpt>
      <trkpt lat="51.496374" lon="-0.142423"><ele>4.75</ele></trkpt>
      <trkpt lat="51.496391" lon="-0.14253"><ele>4.75</ele></trkpt>
      <trkpt lat="51.496402" lon="-0.14261"><ele>4.75</ele></trkpt>
      <trkpt lat="51.496416" lon="-0.142719"><ele>4.75</ele></trkpt>
      <trkpt lat="51.496443" lon="-0.142737"><ele>4.75</ele></trkpt>
      <trkpt lat="51.496448" lon="-0.142835"><ele>4.5</ele></trkpt>
      <trkpt lat="51.496451" lon="-0.142911"><ele>4.25</ele></trkpt>
      <trkpt lat="51.496453" lon="-0.142979"><ele>4</ele></trkpt>
      <trkpt lat="51.496454" lon="-0.143023"><ele>4</ele></trkpt>
      <trkpt lat="51.496397" lon="-0.143065"><ele>4</ele></trkpt>
      <trkpt lat="51.496379" lon="-0.143117"><ele>4</ele></trkpt>
      <trkpt lat="51.496222" lon="-0.143316"><ele>4</ele></trkpt>
      <trkpt lat="51.496202" lon="-0.143328"><ele>4</ele></trkpt>
      <trkpt lat="51.496175" lon="-0.143363"><ele>4</ele></trkpt>
      <trkpt lat="51.49615" lon="-0.143396"><ele>4</ele></trkpt>
      <trkpt lat="51.496117" lon="-0.143457"><ele>4</ele></trkpt>
      <trkpt lat="51.496091" lon="-0.143512"><ele>4</ele></trkpt>
      <trkpt lat="51.496066" lon="-0.143569"><ele>4</ele></trkpt>
      <trkpt lat="51.496043" lon="-0.14362"><ele>4</ele></trkpt>
      <trkpt lat="51.496016" lon="-0.14368"><ele>4</ele></trkpt>
      <trkpt lat="51.496052" lon="-0.144518"><ele>4</ele></trkpt>
      <trkpt lat="51.496036" lon="-0.144538"><ele>4</ele></trkpt>
      <trkpt lat="51.495994" lon="-0.144599"><ele>4</ele></trkpt>
      <trkpt lat="51.495969" lon="-0.144644"><ele>4</ele></trkpt>
      <trkpt lat="51.495983" lon="-0.144704"><ele>4</ele></trkpt>
      <trkpt lat="51.496066" lon="-0.145099"><ele>4.75</ele></trkpt>
      <trkpt lat="51.496049" lon="-0.145155"><ele>4.75</ele></trkpt>
      <trkpt lat="51.496056" lon="-0.145182"><ele>4.75</ele></trkpt>
      <trkpt lat="51.496071" lon="-0.145243"><ele>4.75</ele></trkpt>
      <trkpt lat="51.496084" lon="-0.145303"><ele>5</ele></trkpt>
      <trkpt lat="51.496088" lon="-0.145315"><ele>5</ele></trkpt>
      <trkpt lat="51.496094" lon="-0.145338"><ele>5</ele></trkpt>
      <trkpt lat="51.496099" lon="-0.14536"><ele>5</ele></trkpt>
      <trkpt lat="51.496104" lon="-0.145384"><ele>5</ele></trkpt>
      <trkpt lat="51.496049" lon="-0.145428"><ele>5</ele></trkpt>
      <trkpt lat="51.496033" lon="-0.145451"><ele>5</ele></trkpt>
      <trkpt lat="51.49602" lon="-0.145477"><ele>5</ele></trkpt>
      <trkpt lat="51.496006" lon="-0.145532"><ele>5</ele></trkpt>
      <trkpt lat="51.495994" lon="-0.145581"><ele>5</ele></trkpt>
      <trkpt lat="51.495942" lon="-0.145548"><ele>5</ele></trkpt>
      <trkpt lat="51.495885" lon="-0.145589"><ele>5</ele></trkpt>
      <trkpt lat="51.495865" lon="-0.145576"><ele>5</ele></trkpt>
      <trkpt lat="51.495734" lon="-0.145673"><ele>5.25</ele></trkpt>
      <trkpt lat="51.495722" lon="-0.145692"><ele>5.25</ele></trkpt>
      <trkpt lat="51.495673" lon="-0.145735"><ele>5.25</ele></trkpt>
      <trkpt lat="51.495874" lon="-0.146417"><ele>6</ele></trkpt>
      <trkpt lat="51.496056" lon="-0.147061"><ele>6.5</ele></trkpt>
      <trkpt lat="51.49607" lon="-0.147159"><ele>6.75</ele></trkpt>
      <trkpt lat="51.496146" lon="-0.147289"><ele>7</ele></trkpt>
      <trkpt lat="51.496371" lon="-0.147626"><ele>6.75</ele></trkpt>
      <trkpt lat="51.496617" lon="-0.148026"><ele>6.75</ele></trkpt>
      <trkpt lat="51.497097" lon="-0.148799"><ele>6.5</ele></trkpt>
      <trkpt lat="51.497049" lon="-0.148874"><ele>6.25</ele></trkpt>
      <trkpt lat="51.496157" lon="-0.150283"><ele>7</ele></trkpt>
      <trkpt lat="51.496103" lon="-0.150366"><ele>6.75</ele></trkpt>
      <trkpt lat="51.496077" lon="-0.150409"><ele>6.75</ele></trkpt>
      <trkpt lat="51.49478" lon="-0.152487"><ele>6.75</ele></trkpt>
      <trkpt lat="51.494767" lon="-0.152508"><ele>7</ele></trkpt>
      <trkpt lat="51.494729" lon="-0.152569"><ele>7</ele></trkpt>
      <trkpt lat="51.494697" lon="-0.152621"><ele>6.75</ele></trkpt>
      <trkpt lat="51.494693" lon="-0.152627"><ele>6.75</ele></trkpt>
      <trkpt lat="51.494682" lon="-0.152644"><ele>6.5</ele></trkpt>
      <trkpt lat="51.494087" lon="-0.153608"><ele>6.5</ele></trkpt>
      <trkpt lat="51.494058" lon="-0.153652"><ele>6.25</ele></trkpt>
      <trkpt lat="51.494238" lon="-0.153943"><ele>6</ele></trkpt>
      <trkpt lat="51.494271" lon="-0.153995"><ele>6</ele></trkpt>
      <trkpt lat="51.494293" lon="-0.154032"><ele>6</ele></trkpt>
      <trkpt lat="51.494264" lon="-0.154092"><ele>5.75</ele></trkpt>
      <trkpt lat="51.494259" lon="-0.154091"><ele>5.75</ele></trkpt>
      <trkpt lat="51.494252" lon="-0.154119"><ele>5.5</ele></trkpt>
      <trkpt lat="51.494216" lon="-0.154166"><ele>5.25</ele></trkpt>
      <trkpt lat="51.494173" lon="-0.154233"><ele>5.5</ele></trkpt>
      <trkpt lat="51.493848" lon="-0.15476"><ele>6</ele></trkpt>
      <trkpt lat="51.493833" lon="-0.154767"><ele>6</ele></trkpt>
      <trkpt lat="51.493828" lon="-0.154783"><ele>6</ele></trkpt>
      <trkpt lat="51.493781" lon="-0.154835"><ele>6</ele></trkpt>
      <trkpt lat="51.493743" lon="-0.154884"><ele>5.75</ele></trkpt>
      <trkpt lat="51.49372" lon="-0.154886"><ele>5.75</ele></trkpt>
      <trkpt lat="51.493735" lon="-0.154932"><ele>5.75</ele></trkpt>
      <trkpt lat="51.493182" lon="-0.15582"><ele>5.75</ele></trkpt>
      <trkpt lat="51.493155" lon="-0.155842"><ele>5.75</ele></trkpt>
      <trkpt lat="51.493147" lon="-0.155859"><ele>5.75</ele></trkpt>
      <trkpt lat="51.493132" lon="-0.155887"><ele>5.75</ele></trkpt>
      <trkpt lat="51.493109" lon="-0.155929"><ele>5.5</ele></trkpt>
      <trkpt lat="51.493107" lon="-0.155942"><ele>5.5</ele></trkpt>
      <trkpt lat="51.493102" lon="-0.15597"><ele>5.5</ele></trkpt>
      <trkpt lat="51.492991" lon="-0.156294"><ele>5.5</ele></trkpt>
      <trkpt lat="51.492911" lon="-0.156558"><ele>6</ele></trkpt>
      <trkpt lat="51.492868" lon="-0.156688"><ele>5.75</ele></trkpt>
      <trkpt lat="51.492853" lon="-0.156706"><ele>6</ele></trkpt>
      <trkpt lat="51.492834" lon="-0.156709"><ele>6</ele></trkpt>
      <trkpt lat="51.492466" lon="-0.156609"><ele>6</ele></trkpt>
      <trkpt lat="51.492442" lon="-0.156601"><ele>6</ele></trkpt>
      <trkpt lat="51.492357" lon="-0.156585"><ele>6</ele></trkpt>
      <trkpt lat="51.492331" lon="-0.156584"><ele>6</ele></trkpt>
      <trkpt lat="51.492302" lon="-0.156569"><ele>6</ele></trkpt>
      <trkpt lat="51.49225" lon="-0.156457"><ele>6</ele></trkpt>
      <trkpt lat="51.492234" lon="-0.156404"><ele>2.75</ele></trkpt>
      <trkpt lat="51.49225" lon="-0.156457"><ele>6</ele></trkpt>
      <trkpt lat="51.492302" lon="-0.156569"><ele>6</ele></trkpt>
      <trkpt lat="51.492331" lon="-0.156584"><ele>6</ele></trkpt>
      <trkpt lat="51.492357" lon="-0.156585"><ele>6</ele></trkpt>
      <trkpt lat="51.492341" lon="-0.156655"><ele>6</ele></trkpt>
      <trkpt lat="51.492338" lon="-0.15668"><ele>6</ele></trkpt>
      <trkpt lat="51.492335" lon="-0.156705"><ele>6</ele></trkpt>
      <trkpt lat="51.492329" lon="-0.156771"><ele>6</ele></trkpt>
      <trkpt lat="51.492341" lon="-0.156835"><ele>6.25</ele></trkpt>
      <trkpt lat="51.492352" lon="-0.15689"><ele>6.25</ele></trkpt>
      <trkpt lat="51.492286" lon="-0.157476"><ele>6.25</ele></trkpt>
      <trkpt lat="51.492257" lon="-0.157491"><ele>6</ele></trkpt>
      <trkpt lat="51.492255" lon="-0.157508"><ele>6</ele></trkpt>
      <trkpt lat="51.492249" lon="-0.15756"><ele>6.25</ele></trkpt>
      <trkpt lat="51.492244" lon="-0.157611"><ele>6.25</ele></trkpt>
      <trkpt lat="51.492242" lon="-0.157634"><ele>6.5</ele></trkpt>
      <trkpt lat="51.492254" lon="-0.157655"><ele>6.5</ele></trkpt>
      <trkpt lat="51.492259" lon="-0.15768"><ele>6.5</ele></trkpt>
      <trkpt lat="51.492209" lon="-0.158188"><ele>6.75</ele></trkpt>
      <trkpt lat="51.4922" lon="-0.158272"><ele>6.75</ele></trkpt>
      <trkpt lat="51.492189" lon="-0.158339"><ele>7</ele></trkpt>
      <trkpt lat="51.492153" lon="-0.158429"><ele>7</ele></trkpt>
      <trkpt lat="51.491774" lon="-0.159247"><ele>7</ele></trkpt>
      <trkpt lat="51.491733" lon="-0.159282"><ele>7</ele></trkpt>
      <trkpt lat="51.491687" lon="-0.159321"><ele>7</ele></trkpt>
      <trkpt lat="51.491628" lon="-0.159448"><ele>7</ele></trkpt>
      <trkpt lat="51.491296" lon="-0.16014"><ele>7</ele></trkpt>
      <trkpt lat="51.491155" lon="-0.160454"><ele>7</ele></trkpt>
      <trkpt lat="51.491027" lon="-0.160698"><ele>7</ele></trkpt>
      <trkpt lat="51.491048" lon="-0.160724"><ele>7</ele></trkpt>
      <trkpt lat="51.491086" lon="-0.160772"><ele>7</ele></trkpt>
      <trkpt lat="51.491124" lon="-0.16082"><ele>7</ele></trkpt>
      <trkpt lat="51.491141" lon="-0.160841"><ele>6.75</ele></trkpt>
      <trkpt lat="51.491125" lon="-0.160904"><ele>6.75</ele></trkpt>
      <trkpt lat="51.491117" lon="-0.160919"><ele>6.75</ele></trkpt>
      <trkpt lat="51.491106" lon="-0.160939"><ele>7</ele></trkpt>
      <trkpt lat="51.49141" lon="-0.161411"><ele>7</ele></trkpt>
      <trkpt lat="51.491397" lon="-0.161433"><ele>7</ele></trkpt>
      <trkpt lat="51.491409" lon="-0.161447"><ele>7</ele></trkpt>
      <trkpt lat="51.491409" lon="-0.161468"><ele>7</ele></trkpt>
      <trkpt lat="51.491418" lon="-0.161468"><ele>7</ele></trkpt>
      <trkpt lat="51.491552" lon="-0.161675"><ele>6.75</ele></trkpt>
      <trkpt lat="51.49155" lon="-0.161697"><ele>6.75</ele></trkpt>
      <trkpt lat="51.49136" lon="-0.162023"><ele>6</ele></trkpt>
      <trkpt lat="51.491374" lon="-0.162046"><ele>6</ele></trkpt>
      <trkpt lat="51.491396" lon="-0.162078"><ele>6</ele></trkpt>
      <trkpt lat="51.491352" lon="-0.16215"><ele>6</ele></trkpt>
      <trkpt lat="51.491368" lon="-0.162189"><ele>6</ele></trkpt>
      <trkpt lat="51.491442" lon="-0.162371"><ele>5.75</ele></trkpt>
      <trkpt lat="51.491457" lon="-0.162406"><ele>5.75</ele></trkpt>
      <trkpt lat="51.491463" lon="-0.16242"><ele>5.75</ele></trkpt>
      <trkpt lat="51.491484" lon="-0.162471"><ele>5.5</ele></trkpt>
      <trkpt lat="51.491508" lon="-0.162526"><ele>5.5</ele></trkpt>
      <trkpt lat="51.49152" lon="-0.162554"><ele>5.5</ele></trkpt>
      <trkpt lat="51.492007" lon="-0.163666"><ele>5.75</ele></trkpt>
      <trkpt lat="51.492156" lon="-0.163991"><ele>5.75</ele></trkpt>
      <trkpt lat="51.492188" lon="-0.164061"><ele>5.75</ele></trkpt>
      <trkpt lat="51.492208" lon="-0.164098"><ele>5.75</ele></trkpt>
      <trkpt lat="51.492398" lon="-0.164529"><ele>5.5</ele></trkpt>
      <trkpt lat="51.492411" lon="-0.164558"><ele>5.5</ele></trkpt>
      <trkpt lat="51.492513" lon="-0.164806"><ele>5.75</ele></trkpt>
      <trkpt lat="51.492686" lon="-0.165222"><ele>5.75</ele></trkpt>
      <trkpt lat="51.492791" lon="-0.16548"><ele>6</ele></trkpt>
      <trkpt lat="51.492883" lon="-0.165701"><ele>6</ele></trkpt>
      <trkpt lat="51.492988" lon="-0.165956"><ele>6</ele></trkpt>
      <trkpt lat="51.493052" lon="-0.166143"><ele>6</ele></trkpt>
      <trkpt lat="51.493177" lon="-0.166507"><ele>6</ele></trkpt>
      <trkpt lat="51.493375" lon="-0.167134"><ele>6</ele></trkpt>
      <trkpt lat="51.493466" lon="-0.167475"><ele>6</ele></trkpt>
      <trkpt lat="51.493438" lon="-0.167494"><ele>6</ele></trkpt>
      <trkpt lat="51.493445" lon="-0.167521"><ele>6</ele></trkpt>
      <trkpt lat="51.49343" lon="-0.167547"><ele>6</ele></trkpt>
      <trkpt lat="51.493458" lon="-0.167589"><ele>6</ele></trkpt>
      <trkpt lat="51.493634" lon="-0.168266"><ele>6.75</ele></trkpt>
      <trkpt lat="51.49368" lon="-0.168667"><ele>7</ele></trkpt>
      <trkpt lat="51.49368" lon="-0.168722"><ele>7</ele></trkpt>
      <trkpt lat="51.493673" lon="-0.16874"><ele>6.75</ele></trkpt>
      <trkpt lat="51.493657" lon="-0.168786"><ele>7</ele></trkpt>
      <trkpt lat="51.493646" lon="-0.168794"><ele>7</ele></trkpt>
      <trkpt lat="51.493648" lon="-0.168809"><ele>7</ele></trkpt>
      <trkpt lat="51.493654" lon="-0.168852"><ele>7</ele></trkpt>
      <trkpt lat="51.493659" lon="-0.168886"><ele>7</ele></trkpt>
      <trkpt lat="51.493661" lon="-0.168903"><ele>6.75</ele></trkpt>
      <trkpt lat="51.49361" lon="-0.168919"><ele>6.75</ele></trkpt>
      <trkpt lat="51.493612" lon="-0.168938"><ele>6.75</ele></trkpt>
      <trkpt lat="51.493618" lon="-0.168982"><ele>6.75</ele></trkpt>
      <trkpt lat="51.493626" lon="-0.169036"><ele>6.75</ele></trkpt>
      <trkpt lat="51.493643" lon="-0.169049"><ele>6.5</ele></trkpt>
      <trkpt lat="51.493796" lon="-0.168996"><ele>5.75</ele></trkpt>
      <trkpt lat="51.493928" lon="-0.168938"><ele>6.25</ele></trkpt>
      <trkpt lat="51.494282" lon="-0.168837"><ele>7</ele></trkpt>
      <trkpt lat="51.494528" lon="-0.168812"><ele>6.75</ele></trkpt>
      <trkpt lat="51.494649" lon="-0.168848"><ele>7</ele></trkpt>
      <trkpt lat="51.494749" lon="-0.168865"><ele>7</ele></trkpt>
      <trkpt lat="51.494772" lon="-0.168874"><ele>6.75</ele></trkpt>
      <trkpt lat="51.494724" lon="-0.169166"><ele>6.75</ele></trkpt>
      <trkpt lat="51.4944" lon="-0.170848"><ele>6</ele></trkpt>
      <trkpt lat="51.494211" lon="-0.171824"><ele>3</ele></trkpt>
      <trkpt lat="51.494749" lon="-0.172137"><ele>7</ele></trkpt>
      <trkpt lat="51.494721" lon="-0.172281"><ele>6.75</ele></trkpt>
      <trkpt lat="51.494538" lon="-0.173314"><ele>6.75</ele></trkpt>
      <trkpt lat="51.494523" lon="-0.173398"><ele>7</ele></trkpt>
      <trkpt lat="51.494476" lon="-0.173393"><ele>7</ele></trkpt>
      <trkpt lat="51.494347" lon="-0.174178"><ele>6.5</ele></trkpt>
      <trkpt lat="51.49433" lon="-0.174178"><ele>6.5</ele></trkpt>
      <trkpt lat="51.494222" lon="-0.174184"><ele>6.5</ele></trkpt>
      <trkpt lat="51.494149" lon="-0.174188"><ele>6.5</ele></trkpt>
      <trkpt lat="51.494094" lon="-0.174193"><ele>6.5</ele></trkpt>
      <trkpt lat="51.493997" lon="-0.1742"><ele>6.5</ele></trkpt>
      <trkpt lat="51.494041" lon="-0.174387"><ele>6.25</ele></trkpt>
      <trkpt lat="51.494075" lon="-0.17448"><ele>6.25</ele></trkpt>
      <trkpt lat="51.494086" lon="-0.174536"><ele>6.5</ele></trkpt>
      <trkpt lat="51.494072" lon="-0.174646"><ele>6.75</ele></trkpt>
      <trkpt lat="51.494057" lon="-0.174759"><ele>7</ele></trkpt>
      <trkpt lat="51.494068" lon="-0.174775"><ele>7</ele></trkpt>
      <trkpt lat="51.494072" lon="-0.174847"><ele>7</ele></trkpt>
      <trkpt lat="51.494116" lon="-0.174854"><ele>7</ele></trkpt>
      <trkpt lat="51.494089" lon="-0.175361"><ele>7.25</ele></trkpt>
      <trkpt lat="51.494109" lon="-0.175566"><ele>7</ele></trkpt>
      <trkpt lat="51.494082" lon="-0.175899"><ele>7</ele></trkpt>
      <trkpt lat="51.494069" lon="-0.176051"><ele>7.75</ele></trkpt>
      <trkpt lat="51.49402" lon="-0.176653"><ele>8</ele></trkpt>
      <trkpt lat="51.494005" lon="-0.17683"><ele>8</ele></trkpt>
      <trkpt lat="51.493964" lon="-0.177347"><ele>8</ele></trkpt>
      <trkpt lat="51.493946" lon="-0.177584"><ele>7.75</ele></trkpt>
      <trkpt lat="51.493872" lon="-0.178339"><ele>6.75</ele></trkpt>
      <trkpt lat="51.493866" lon="-0.178393"><ele>7</ele></trkpt>
      <trkpt lat="51.493861" lon="-0.178447"><ele>7.25</ele></trkpt>
      <trkpt lat="51.493919" lon="-0.17846"><ele>7.25</ele></trkpt>
      <trkpt lat="51.493932" lon="-0.178463"><ele>7.25</ele></trkpt>
      <trkpt lat="51.493927" lon="-0.178526"><ele>7.5</ele></trkpt>
      <trkpt lat="51.493946" lon="-0.178531"><ele>7.5</ele></trkpt>
      <trkpt lat="51.493944" lon="-0.17856"><ele>7.75</ele></trkpt>
      <trkpt lat="51.493939" lon="-0.178617"><ele>7.75</ele></trkpt>
      <trkpt lat="51.493935" lon="-0.178681"><ele>7.5</ele></trkpt>
      <trkpt lat="51.493931" lon="-0.178728"><ele>7.5</ele></trkpt>
      <trkpt lat="51.493928" lon="-0.17877"><ele>7.25</ele></trkpt>
      <trkpt lat="51.493925" lon="-0.178813"><ele>7.25</ele></trkpt>
      <trkpt lat="51.493917" lon="-0.178845"><ele>7</ele></trkpt>
      <trkpt lat="51.493906" lon="-0.178892"><ele>6.75</ele></trkpt>
      <trkpt lat="51.493894" lon="-0.178942"><ele>6.75</ele></trkpt>
      <trkpt lat="51.493839" lon="-0.179329"><ele>6.5</ele></trkpt>
      <trkpt lat="51.49383" lon="-0.179388"><ele>6.5</ele></trkpt>
      <trkpt lat="51.493827" lon="-0.179407"><ele>6.5</ele></trkpt>
      <trkpt lat="51.49375" lon="-0.179888"><ele>6.75</ele></trkpt>
      <trkpt lat="51.493739" lon="-0.179974"><ele>6.75</ele></trkpt>
      <trkpt lat="51.493729" lon="-0.180045"><ele>7</ele></trkpt>
      <trkpt lat="51.493731" lon="-0.180088"><ele>7</ele></trkpt>
      <trkpt lat="51.49372" lon="-0.180112"><ele>7</ele></trkpt>
      <trkpt lat="51.49367" lon="-0.180419"><ele>7</ele></trkpt>
      <trkpt lat="51.493614" lon="-0.180776"><ele>7.75</ele></trkpt>
      <trkpt lat="51.493612" lon="-0.180807"><ele>7.75</ele></trkpt>
      <trkpt lat="51.493617" lon="-0.18083"><ele>7.75</ele></trkpt>
      <trkpt lat="51.493607" lon="-0.180888"><ele>7.5</ele></trkpt>
      <trkpt lat="51.493602" lon="-0.180918"><ele>7.25</ele></trkpt>
      <trkpt lat="51.493598" lon="-0.180943"><ele>7</ele></trkpt>
      <trkpt lat="51.493581" lon="-0.181005"><ele>6.5</ele></trkpt>
      <trkpt lat="51.493504" lon="-0.181521"><ele>7.25</ele></trkpt>
      <trkpt lat="51.493469" lon="-0.18175"><ele>7.25</ele></trkpt>
      <trkpt lat="51.493456" lon="-0.181832"><ele>7</ele></trkpt>
      <trkpt lat="51.493455" lon="-0.181841"><ele>7</ele></trkpt>
      <trkpt lat="51.493444" lon="-0.18191"><ele>7</ele></trkpt>
      <trkpt lat="51.493432" lon="-0.181986"><ele>7</ele></trkpt>
      <trkpt lat="51.493429" lon="-0.182001"><ele>7</ele></trkpt>
      <trkpt lat="51.4941" lon="-0.182406"><ele>7</ele></trkpt>
      <trkpt lat="51.494113" lon="-0.182448"><ele>7</ele></trkpt>
      <trkpt lat="51.494172" lon="-0.182482"><ele>7</ele></trkpt>
      <trkpt lat="51.494201" lon="-0.182498"><ele>7</ele></trkpt>
      <trkpt lat="51.494334" lon="-0.182567"><ele>7</ele></trkpt>
      <trkpt lat="51.494381" lon="-0.18259"><ele>7</ele></trkpt>
      <trkpt lat="51.494403" lon="-0.182592"><ele>7</ele></trkpt>
      <trkpt lat="51.494438" lon="-0.182589"><ele>7</ele></trkpt>
      <trkpt lat="51.494485" lon="-0.182616"><ele>7</ele></trkpt>
      <trkpt lat="51.494511" lon="-0.182632"><ele>7</ele></trkpt>
      <trkpt lat="51.49453" lon="-0.182689"><ele>7</ele></trkpt>
      <trkpt lat="51.494679" lon="-0.182769"><ele>7</ele></trkpt>
      <trkpt lat="51.494708" lon="-0.182804"><ele>7</ele></trkpt>
      <trkpt lat="51.494783" lon="-0.182841"><ele>7</ele></trkpt>
      <trkpt lat="51.49484" lon="-0.182949"><ele>7</ele></trkpt>
      <trkpt lat="51.494862" lon="-0.182923"><ele>7</ele></trkpt>
      <trkpt lat="51.494875" lon="-0.182908"><ele>7</ele></trkpt>
      <trkpt lat="51.49489" lon="-0.182892"><ele>7</ele></trkpt>
      <trkpt lat="51.494903" lon="-0.182877"><ele>7</ele></trkpt>
      <trkpt lat="51.494925" lon="-0.182907"><ele>7</ele></trkpt>
      <trkpt lat="51.494951" lon="-0.182923"><ele>7</ele></trkpt>
      <trkpt lat="51.494978" lon="-0.182937"><ele>7</ele></trkpt>
      <trkpt lat="51.495012" lon="-0.182954"><ele>6.75</ele></trkpt>
      <trkpt lat="51.49503" lon="-0.182963"><ele>7</ele></trkpt>
      <trkpt lat="51.495059" lon="-0.182978"><ele>7</ele></trkpt>
      <trkpt lat="51.495096" lon="-0.182997"><ele>7</ele></trkpt>
      <trkpt lat="51.495118" lon="-0.183008"><ele>7</ele></trkpt>
      <trkpt lat="51.495141" lon="-0.182982"><ele>7</ele></trkpt>
      <trkpt lat="51.495822" lon="-0.183262"><ele>7</ele></trkpt>
      <trkpt lat="51.495849" lon="-0.183282"><ele>7</ele></trkpt>
      <trkpt lat="51.495889" lon="-0.183301"><ele>7</ele></trkpt>
      <trkpt lat="51.495937" lon="-0.183324"><ele>7</ele></trkpt>
      <trkpt lat="51.495959" lon="-0.183324"><ele>7</ele></trkpt>
      <trkpt lat="51.496585" lon="-0.183561"><ele>7.5</ele></trkpt>
      <trkpt lat="51.496616" lon="-0.183583"><ele>7.5</ele></trkpt>
      <trkpt lat="51.496652" lon="-0.183595"><ele>7.75</ele></trkpt>
      <trkpt lat="51.496689" lon="-0.183606"><ele>7.75</ele></trkpt>
      <trkpt lat="51.496721" lon="-0.183607"><ele>7.75</ele></trkpt>
      <trkpt lat="51.497079" lon="-0.18374"><ele>7.5</ele></trkpt>
      <trkpt lat="51.497113" lon="-0.183753"><ele>7.5</ele></trkpt>
      <trkpt lat="51.497155" lon="-0.183771"><ele>7.5</ele></trkpt>
      <trkpt lat="51.497448" lon="-0.183848"><ele>8</ele></trkpt>
      <trkpt lat="51.49746" lon="-0.183851"><ele>8</ele></trkpt>
      <trkpt lat="51.497516" lon="-0.183864"><ele>8</ele></trkpt>
      <trkpt lat="51.497509" lon="-0.184107"><ele>7.75</ele></trkpt>
      <trkpt lat="51.497517" lon="-0.184339"><ele>7.75</ele></trkpt>
      <trkpt lat="51.49756" lon="-0.184825"><ele>8</ele></trkpt>
      <trkpt lat="51.497573" lon="-0.184977"><ele>8</ele></trkpt>
      <trkpt lat="51.498068" lon="-0.185003"><ele>9</ele></trkpt>
      <trkpt lat="51.498716" lon="-0.185046"><ele>9.75</ele></trkpt>
      <trkpt lat="51.499022" lon="-0.185079"><ele>10</ele></trkpt>
      <trkpt lat="51.499041" lon="-0.185115"><ele>10</ele></trkpt>
      <trkpt lat="51.49906" lon="-0.185131"><ele>10</ele></trkpt>
      <trkpt lat="51.499121" lon="-0.185158"><ele>10</ele></trkpt>
      <trkpt lat="51.499182" lon="-0.185188"><ele>10</ele></trkpt>
      <trkpt lat="51.499209" lon="-0.18522"><ele>10</ele></trkpt>
      <trkpt lat="51.499239" lon="-0.185284"><ele>10</ele></trkpt>
      <trkpt lat="51.499269" lon="-0.185401"><ele>10</ele></trkpt>
      <trkpt lat="51.499278" lon="-0.185482"><ele>10</ele></trkpt>
      <trkpt lat="51.49928" lon="-0.185943"><ele>9.75</ele></trkpt>
      <trkpt lat="51.499292" lon="-0.186458"><ele>8.75</ele></trkpt>
      <trkpt lat="51.499332" lon="-0.188135"><ele>9.25</ele></trkpt>
      <trkpt lat="51.49937" lon="-0.188133"><ele>9</ele></trkpt>
      <trkpt lat="51.499399" lon="-0.188132"><ele>9</ele></trkpt>
      <trkpt lat="51.500218" lon="-0.187857"><ele>10.5</ele></trkpt>
      <trkpt lat="51.500264" lon="-0.187858"><ele>10.75</ele></trkpt>
      <trkpt lat="51.500321" lon="-0.187999"><ele>11</ele></trkpt>
      <trkpt lat="51.500407" lon="-0.188512"><ele>10.75</ele></trkpt>
      <trkpt lat="51.500478" lon="-0.188901"><ele>10.25</ele></trkpt>
      <trkpt lat="51.500474" lon="-0.188981"><ele>10.5</ele></trkpt>
      <trkpt lat="51.500458" lon="-0.18906"><ele>10.5</ele></trkpt>
      <trkpt lat="51.500389" lon="-0.189318"><ele>10.75</ele></trkpt>
      <trkpt lat="51.500112" lon="-0.190476"><ele>10.25</ele></trkpt>
      <trkpt lat="51.500106" lon="-0.190513"><ele>10.25</ele></trkpt>
      <trkpt lat="51.500112" lon="-0.190538"><ele>10.25</ele></trkpt>
      <trkpt lat="51.500126" lon="-0.190555"><ele>10.25</ele></trkpt>
      <trkpt lat="51.500154" lon="-0.190569"><ele>10.5</ele></trkpt>
      <trkpt lat="51.500623" lon="-0.190773"><ele>11</ele></trkpt>
      <trkpt lat="51.500662" lon="-0.190783"><ele>11.25</ele></trkpt>
      <trkpt lat="51.500674" lon="-0.190836"><ele>11.25</ele></trkpt>
      <trkpt lat="51.500682" lon="-0.190859"><ele>11.25</ele></trkpt>
      <trkpt lat="51.500755" lon="-0.190899"><ele>11.5</ele></trkpt>
      <trkpt lat="51.500794" lon="-0.190939"><ele>11.75</ele></trkpt>
      <trkpt lat="51.5008" lon="-0.190951"><ele>11.75</ele></trkpt>
      <trkpt lat="51.50084" lon="-0.190997"><ele>12</ele></trkpt>
      <trkpt lat="51.501089" lon="-0.191182"><ele>12</ele></trkpt>
      <trkpt lat="51.501553" lon="-0.191582"><ele>13.75</ele></trkpt>
      <trkpt lat="51.501533" lon="-0.191626"><ele>13.75</ele></trkpt>
      <trkpt lat="51.501497" lon="-0.191716"><ele>14</ele></trkpt>
      <trkpt lat="51.501131" lon="-0.192548"><ele>13</ele></trkpt>
      <trkpt lat="51.501039" lon="-0.192777"><ele>13</ele></trkpt>
      <trkpt lat="51.501131" lon="-0.192548"><ele>13</ele></trkpt>
      <trkpt lat="51.501497" lon="-0.191716"><ele>14</ele></trkpt>
      <trkpt lat="51.501533" lon="-0.191626"><ele>13.75</ele></trkpt>
      <trkpt lat="51.501553" lon="-0.191582"><ele>13.75</ele></trkpt>
      <trkpt lat="51.501573" lon="-0.19154"><ele>13.75</ele></trkpt>
      <trkpt lat="51.501615" lon="-0.191496"><ele>13.75</ele></trkpt>
      <trkpt lat="51.501799" lon="-0.191112"><ele>14.25</ele></trkpt>
      <trkpt lat="51.501851" lon="-0.19098"><ele>14.5</ele></trkpt>
      <trkpt lat="51.501873" lon="-0.191004"><ele>14.5</ele></trkpt>
      <trkpt lat="51.501907" lon="-0.19104"><ele>14.75</ele></trkpt>
      <trkpt lat="51.501931" lon="-0.191066"><ele>14.75</ele></trkpt>
      <trkpt lat="51.501947" lon="-0.191083"><ele>14.75</ele></trkpt>
      <trkpt lat="51.501974" lon="-0.191111"><ele>15</ele></trkpt>
      <trkpt lat="51.502007" lon="-0.191146"><ele>15</ele></trkpt>
      <trkpt lat="51.502019" lon="-0.191159"><ele>15</ele></trkpt>
      <trkpt lat="51.502086" lon="-0.191031"><ele>15</ele></trkpt>
      <trkpt lat="51.50222" lon="-0.19108"><ele>15</ele></trkpt>
      <trkpt lat="51.502615" lon="-0.191314"><ele>16.25</ele></trkpt>
      <trkpt lat="51.503283" lon="-0.191771"><ele>18.75</ele></trkpt>
      <trkpt lat="51.503293" lon="-0.191797"><ele>18.75</ele></trkpt>
      <trkpt lat="51.503306" lon="-0.191805"><ele>18.75</ele></trkpt>
      <trkpt lat="51.503327" lon="-0.191816"><ele>18.75</ele></trkpt>
      <trkpt lat="51.50334" lon="-0.191812"><ele>19</ele></trkpt>
      <trkpt lat="51.503374" lon="-0.191831"><ele>19</ele></trkpt>
      <trkpt lat="51.503468" lon="-0.191885"><ele>19.25</ele></trkpt>
      <trkpt lat="51.503803" lon="-0.192111"><ele>20.5</ele></trkpt>
      <trkpt lat="51.503821" lon="-0.192123"><ele>20.75</ele></trkpt>
      <trkpt lat="51.50384" lon="-0.192134"><ele>20.75</ele></trkpt>
      <trkpt lat="51.503906" lon="-0.192188"><ele>21</ele></trkpt>
      <trkpt lat="51.503985" lon="-0.192279"><ele>21.25</ele></trkpt>
      <trkpt lat="51.504028" lon="-0.192356"><ele>21.5</ele></trkpt>
      <trkpt lat="51.504058" lon="-0.192431"><ele>22</ele></trkpt>
      <trkpt lat="51.504076" lon="-0.192514"><ele>22.25</ele></trkpt>
      <trkpt lat="51.504085" lon="-0.192602"><ele>22.25</ele></trkpt>
      <trkpt lat="51.504087" lon="-0.192712"><ele>22</ele></trkpt>
      <trkpt lat="51.504099" lon="-0.192843"><ele>22.25</ele></trkpt>
      <trkpt lat="51.504127" lon="-0.193052"><ele>22.5</ele></trkpt>
      <trkpt lat="51.504157" lon="-0.193178"><ele>22.5</ele></trkpt>
      <trkpt lat="51.504186" lon="-0.193264"><ele>22.25</ele></trkpt>
      <trkpt lat="51.504286" lon="-0.193438"><ele>23.25</ele></trkpt>
      <trkpt lat="51.504402" lon="-0.193574"><ele>24.5</ele></trkpt>
      <trkpt lat="51.504428" lon="-0.193589"><ele>24.75</ele></trkpt>
      <trkpt lat="51.504466" lon="-0.193612"><ele>25</ele></trkpt>
      <trkpt lat="51.504843" lon="-0.193807"><ele>26.25</ele></trkpt>
      <trkpt lat="51.504866" lon="-0.193839"><ele>26.5</ele></trkpt>
      <trkpt lat="51.504902" lon="-0.193858"><ele>26.5</ele></trkpt>
      <trkpt lat="51.504959" lon="-0.193889"><ele>26.75</ele></trkpt>
      <trkpt lat="51.505159" lon="-0.193991"><ele>27.5</ele></trkpt>
      <trkpt lat="51.50579" lon="-0.194348"><ele>29.75</ele></trkpt>
      <trkpt lat="51.505813" lon="-0.194386"><ele>29.75</ele></trkpt>
      <trkpt lat="51.505841" lon="-0.194403"><ele>29.75</ele></trkpt>
      <trkpt lat="51.505882" lon="-0.194428"><ele>29.75</ele></trkpt>
      <trkpt lat="51.506426" lon="-0.194601"><ele>28.75</ele></trkpt>
      <trkpt lat="51.506444" lon="-0.19461"><ele>28.75</ele></trkpt>
      <trkpt lat="51.506468" lon="-0.194614"><ele>28.75</ele></trkpt>
      <trkpt lat="51.506522" lon="-0.194625"><ele>28.5</ele></trkpt>
      <trkpt lat="51.506531" lon="-0.194611"><ele>28.5</ele></trkpt>
      <trkpt lat="51.506958" lon="-0.194707"><ele>27.75</ele></trkpt>
      <trkpt lat="51.506986" lon="-0.194739"><ele>28</ele></trkpt>
      <trkpt lat="51.507006" lon="-0.194745"><ele>28</ele></trkpt>
      <trkpt lat="51.507028" lon="-0.19475"><ele>28</ele></trkpt>
      <trkpt lat="51.507055" lon="-0.194735"><ele>28</ele></trkpt>
      <trkpt lat="51.507322" lon="-0.194823"><ele>27.75</ele></trkpt>
      <trkpt lat="51.507345" lon="-0.19483"><ele>27.75</ele></trkpt>
      <trkpt lat="51.507381" lon="-0.194842"><ele>27.75</ele></trkpt>
      <trkpt lat="51.507486" lon="-0.194869"><ele>27.25</ele></trkpt>
      <trkpt lat="51.507648" lon="-0.194929"><ele>27</ele></trkpt>
      <trkpt lat="51.507703" lon="-0.194949"><ele>27</ele></trkpt>
      <trkpt lat="51.507743" lon="-0.194964"><ele>27</ele></trkpt>
      <trkpt lat="51.50778" lon="-0.194979"><ele>26.75</ele></trkpt>
      <trkpt lat="51.507931" lon="-0.195053"><ele>26.25</ele></trkpt>
      <trkpt lat="51.507953" lon="-0.19506"><ele>26.25</ele></trkpt>
      <trkpt lat="51.508006" lon="-0.195077"><ele>26</ele></trkpt>
      <trkpt lat="51.50878" lon="-0.195278"><ele>26.5</ele></trkpt>
      <trkpt lat="51.509097" lon="-0.1954"><ele>27.25</ele></trkpt>
      <trkpt lat="51.509104" lon="-0.195387"><ele>27.25</ele></trkpt>
      <trkpt lat="51.509115" lon="-0.195362"><ele>27</ele></trkpt>
      <trkpt lat="51.509132" lon="-0.195323"><ele>27</ele></trkpt>
      <trkpt lat="51.509137" lon="-0.195296"><ele>27</ele></trkpt>
      <trkpt lat="51.509162" lon="-0.195306"><ele>27</ele></trkpt>
      <trkpt lat="51.5092" lon="-0.195323"><ele>27</ele></trkpt>
      <trkpt lat="51.509234" lon="-0.19534"><ele>27</ele></trkpt>
      <trkpt lat="51.509247" lon="-0.195346"><ele>27</ele></trkpt>
      <trkpt lat="51.509284" lon="-0.195364"><ele>27</ele></trkpt>
      <trkpt lat="51.509319" lon="-0.195381"><ele>27</ele></trkpt>
      <trkpt lat="51.509329" lon="-0.195386"><ele>27</ele></trkpt>
      <trkpt lat="51.509198" lon="-0.196102"><ele>27.75</ele></trkpt>
      <trkpt lat="51.509214" lon="-0.196172"><ele>27.5</ele></trkpt>
      <trkpt lat="51.509189" lon="-0.196337"><ele>27.75</ele></trkpt>
      <trkpt lat="51.509182" lon="-0.19638"><ele>27.75</ele></trkpt>
      <trkpt lat="51.509107" lon="-0.196358"><ele>27.75</ele></trkpt>
      <trkpt lat="51.50915" lon="-0.196116"><ele>27.25</ele></trkpt>
      <trkpt lat="51.509107" lon="-0.196358"><ele>27.75</ele></trkpt>
      <trkpt lat="51.509182" lon="-0.19638"><ele>27.75</ele></trkpt>
      <trkpt lat="51.509997" lon="-0.196627"><ele>26.75</ele></trkpt>
      <trkpt lat="51.511266" lon="-0.19681"><ele>24.5</ele></trkpt>
      <trkpt lat="51.51129" lon="-0.196721"><ele>24.5</ele></trkpt>
      <trkpt lat="51.511405" lon="-0.195966"><ele>25</ele></trkpt>
      <trkpt lat="51.511552" lon="-0.195004"><ele>24.5</ele></trkpt>
      <trkpt lat="51.511708" lon="-0.193983"><ele>24.75</ele></trkpt>
      <trkpt lat="51.51173" lon="-0.193856"><ele>24.5</ele></trkpt>
      <trkpt lat="51.511723" lon="-0.19379"><ele>24.5</ele></trkpt>
      <trkpt lat="51.511704" lon="-0.193726"><ele>24.75</ele></trkpt>
      <trkpt lat="51.511693" lon="-0.193644"><ele>24.75</ele></trkpt>
      <trkpt lat="51.511694" lon="-0.193569"><ele>24.75</ele></trkpt>
      <trkpt lat="51.511772" lon="-0.193177"><ele>24.75</ele></trkpt>
      <trkpt lat="51.511848" lon="-0.192931"><ele>25.25</ele></trkpt>
      <trkpt lat="51.511892" lon="-0.192858"><ele>25</ele></trkpt>
      <trkpt lat="51.511999" lon="-0.192477"><ele>25.5</ele></trkpt>
      <trkpt lat="51.51202" lon="-0.192398"><ele>25.25</ele></trkpt>
      <trkpt lat="51.512091" lon="-0.192107"><ele>24</ele></trkpt>
      <trkpt lat="51.512168" lon="-0.19171"><ele>25.25</ele></trkpt>
      <trkpt lat="51.512316" lon="-0.19104"><ele>25.5</ele></trkpt>
      <trkpt lat="51.512394" lon="-0.19038"><ele>25</ele></trkpt>
      <trkpt lat="51.512439" lon="-0.189834"><ele>24.25</ele></trkpt>
      <trkpt lat="51.512443" lon="-0.189795"><ele>24.25</ele></trkpt>
      <trkpt lat="51.51251" lon="-0.189276"><ele>24.75</ele></trkpt>
      <trkpt lat="51.512536" lon="-0.189076"><ele>24.75</ele></trkpt>
      <trkpt lat="51.512612" lon="-0.188555"><ele>23.75</ele></trkpt>
      <trkpt lat="51.512676" lon="-0.188112"><ele>23.5</ele></trkpt>
      <trkpt lat="51.512737" lon="-0.187703"><ele>23</ele></trkpt>
      <trkpt lat="51.512748" lon="-0.187618"><ele>23</ele></trkpt>
      <trkpt lat="51.512354" lon="-0.187548"><ele>23.5</ele></trkpt>
      <trkpt lat="51.51231" lon="-0.187541"><ele>24</ele></trkpt>
      <trkpt lat="51.512354" lon="-0.187548"><ele>23.5</ele></trkpt>
      <trkpt lat="51.512748" lon="-0.187618"><ele>23</ele></trkpt>
      <trkpt lat="51.513615" lon="-0.187761"><ele>22</ele></trkpt>
      <trkpt lat="51.513662" lon="-0.187768"><ele>22</ele></trkpt>
      <trkpt lat="51.513711" lon="-0.187773"><ele>22</ele></trkpt>
      <trkpt lat="51.513783" lon="-0.187773"><ele>22</ele></trkpt>
      <trkpt lat="51.51377" lon="-0.187639"><ele>22</ele></trkpt>
      <trkpt lat="51.513776" lon="-0.187588"><ele>22</ele></trkpt>
      <trkpt lat="51.513775" lon="-0.187514"><ele>22</ele></trkpt>
      <trkpt lat="51.513791" lon="-0.187349"><ele>21.75</ele></trkpt>
      <trkpt lat="51.513834" lon="-0.187032"><ele>21.75</ele></trkpt>
      <trkpt lat="51.513838" lon="-0.18699"><ele>21.75</ele></trkpt>
      <trkpt lat="51.513845" lon="-0.186957"><ele>21.75</ele></trkpt>
      <trkpt lat="51.513851" lon="-0.186902"><ele>22</ele></trkpt>
      <trkpt lat="51.513863" lon="-0.186788"><ele>22</ele></trkpt>
      <trkpt lat="51.513914" lon="-0.186366"><ele>22</ele></trkpt>
      <trkpt lat="51.513953" lon="-0.186034"><ele>22</ele></trkpt>
      <trkpt lat="51.513965" lon="-0.185943"><ele>22</ele></trkpt>
      <trkpt lat="51.51398" lon="-0.185814"><ele>22</ele></trkpt>
      <trkpt lat="51.513995" lon="-0.185693"><ele>22.5</ele></trkpt>
      <trkpt lat="51.514013" lon="-0.185543"><ele>23</ele></trkpt>
      <trkpt lat="51.514021" lon="-0.185478"><ele>23</ele></trkpt>
      <trkpt lat="51.514028" lon="-0.185416"><ele>23</ele></trkpt>
      <trkpt lat="51.514075" lon="-0.185028"><ele>22.25</ele></trkpt>
      <trkpt lat="51.51414" lon="-0.185054"><ele>22.25</ele></trkpt>
      <trkpt lat="51.514202" lon="-0.185082"><ele>22.25</ele></trkpt>
      <trkpt lat="51.514215" lon="-0.185"><ele>22</ele></trkpt>
      <trkpt lat="51.514389" lon="-0.183952"><ele>21</ele></trkpt>
      <trkpt lat="51.513856" lon="-0.183785"><ele>22</ele></trkpt>
      <trkpt lat="51.513875" lon="-0.183672"><ele>22</ele></trkpt>
      <trkpt lat="51.514092" lon="-0.182945"><ele>20.75</ele></trkpt>
      <trkpt lat="51.514342" lon="-0.182146"><ele>20</ele></trkpt>
      <trkpt lat="51.514587" lon="-0.181363"><ele>19</ele></trkpt>
      <trkpt lat="51.514606" lon="-0.181295"><ele>19</ele></trkpt>
      <trkpt lat="51.51462" lon="-0.181177"><ele>19.25</ele></trkpt>
      <trkpt lat="51.514614" lon="-0.181112"><ele>19</ele></trkpt>
      <trkpt lat="51.514587" lon="-0.181015"><ele>19.25</ele></trkpt>
      <trkpt lat="51.514629" lon="-0.18102"><ele>19.5</ele></trkpt>
      <trkpt lat="51.514658" lon="-0.181013"><ele>19.5</ele></trkpt>
      <trkpt lat="51.514691" lon="-0.180964"><ele>19.75</ele></trkpt>
      <trkpt lat="51.514792" lon="-0.180774"><ele>19.5</ele></trkpt>
      <trkpt lat="51.514812" lon="-0.180736"><ele>19.5</ele></trkpt>
      <trkpt lat="51.515062" lon="-0.180273"><ele>21</ele></trkpt>
      <trkpt lat="51.515237" lon="-0.17996"><ele>21.75</ele></trkpt>
      <trkpt lat="51.515565" lon="-0.179371"><ele>23</ele></trkpt>
      <trkpt lat="51.515588" lon="-0.179403"><ele>23</ele></trkpt>
      <trkpt lat="51.51561" lon="-0.179435"><ele>23</ele></trkpt>
      <trkpt lat="51.515625" lon="-0.179409"><ele>23.25</ele></trkpt>
      <trkpt lat="51.51564" lon="-0.179383"><ele>23.25</ele></trkpt>
      <trkpt lat="51.515653" lon="-0.179358"><ele>23.25</ele></trkpt>
      <trkpt lat="51.515661" lon="-0.179345"><ele>23.25</ele></trkpt>
      <trkpt lat="51.515676" lon="-0.179315"><ele>23.25</ele></trkpt>
      <trkpt lat="51.515693" lon="-0.179284"><ele>23.25</ele></trkpt>
      <trkpt lat="51.5157" lon="-0.17927"><ele>23.5</ele></trkpt>
      <trkpt lat="51.51584" lon="-0.179004"><ele>23.75</ele></trkpt>
      <trkpt lat="51.516042" lon="-0.178648"><ele>23.25</ele></trkpt>
      <trkpt lat="51.516068" lon="-0.178601"><ele>23.5</ele></trkpt>
      <trkpt lat="51.516314" lon="-0.178182"><ele>25.25</ele></trkpt>
      <trkpt lat="51.516722" lon="-0.178769"><ele>26.5</ele></trkpt>
      <trkpt lat="51.516747" lon="-0.178728"><ele>26.25</ele></trkpt>
      <trkpt lat="51.516785" lon="-0.178664"><ele>25.75</ele></trkpt>
      <trkpt lat="51.516833" lon="-0.17858"><ele>25</ele></trkpt>
      <trkpt lat="51.516816" lon="-0.178549"><ele>25</ele></trkpt>
      <trkpt lat="51.516701" lon="-0.178374"><ele>25</ele></trkpt>
      <trkpt lat="51.51668" lon="-0.178345"><ele>25</ele></trkpt>
      <trkpt lat="51.51672" lon="-0.178263"><ele>24.5</ele></trkpt>
      <trkpt lat="51.516451" lon="-0.177878"><ele>24.5</ele></trkpt>
      <trkpt lat="51.516332" lon="-0.177709"><ele>24.25</ele></trkpt>
      <trkpt lat="51.51644" lon="-0.177521"><ele>24</ele></trkpt>
      <trkpt lat="51.51645" lon="-0.177503"><ele>24</ele></trkpt>
      <trkpt lat="51.516393" lon="-0.177411"><ele>24</ele></trkpt>
      <trkpt lat="51.51609" lon="-0.176926"><ele>24</ele></trkpt>
      <trkpt lat="51.516176" lon="-0.17678"><ele>23.75</ele></trkpt>
      <trkpt lat="51.516226" lon="-0.176674"><ele>24</ele></trkpt>
      <trkpt lat="51.516299" lon="-0.176537"><ele>24</ele></trkpt>
      <trkpt lat="51.516358" lon="-0.176426"><ele>24</ele></trkpt>
      <trkpt lat="51.516447" lon="-0.176259"><ele>24</ele></trkpt>
      <trkpt lat="51.516511" lon="-0.176146"><ele>24.25</ele></trkpt>
      <trkpt lat="51.516475" lon="-0.175996"><ele>24.5</ele></trkpt>
      <trkpt lat="51.516512" lon="-0.175934"><ele>25.25</ele></trkpt>
      <trkpt lat="51.516513" lon="-0.1759"><ele>25.25</ele></trkpt>
      <trkpt lat="51.51652" lon="-0.175826"><ele>25.75</ele></trkpt>
      <trkpt lat="51.516531" lon="-0.17577"><ele>25.75</ele></trkpt>
      <trkpt lat="51.516541" lon="-0.17572"><ele>25.75</ele></trkpt>
      <trkpt lat="51.516553" lon="-0.175738"><ele>26.75</ele></trkpt>
      <trkpt lat="51.516541" lon="-0.17572"><ele>25.75</ele></trkpt>
      <trkpt lat="51.516529" lon="-0.175701"><ele>25.5</ele></trkpt>
      <trkpt lat="51.516524" lon="-0.175692"><ele>25.25</ele></trkpt>
      <trkpt lat="51.516319" lon="-0.175367"><ele>24.5</ele></trkpt>
      <trkpt lat="51.516221" lon="-0.175232"><ele>25.75</ele></trkpt>
      <trkpt lat="51.51647" lon="-0.174747"><ele>27.75</ele></trkpt>
      <trkpt lat="51.516343" lon="-0.174545"><ele>27</ele></trkpt>
      <trkpt lat="51.516305" lon="-0.174483"><ele>26.5</ele></trkpt>
      <trkpt lat="51.51629" lon="-0.174458"><ele>26.25</ele></trkpt>
      <trkpt lat="51.516359" lon="-0.174332"><ele>26.5</ele></trkpt>
      <trkpt lat="51.516377" lon="-0.174322"><ele>26.75</ele></trkpt>
      <trkpt lat="51.51641" lon="-0.174259"><ele>27</ele></trkpt>
      <trkpt lat="51.516444" lon="-0.174195"><ele>27</ele></trkpt>
      <trkpt lat="51.516452" lon="-0.17416"><ele>27</ele></trkpt>
      <trkpt lat="51.516656" lon="-0.173794"><ele>27</ele></trkpt>
      <trkpt lat="51.517128" lon="-0.172946"><ele>28.5</ele></trkpt>
      <trkpt lat="51.517093" lon="-0.172896"><ele>28.5</ele></trkpt>
      <trkpt lat="51.517054" lon="-0.172836"><ele>28.25</ele></trkpt>
      <trkpt lat="51.51696" lon="-0.172694"><ele>28</ele></trkpt>
      <trkpt lat="51.516904" lon="-0.172607"><ele>27.5</ele></trkpt>
      <trkpt lat="51.516815" lon="-0.172479"><ele>27</ele></trkpt>
      <trkpt lat="51.517108" lon="-0.171949"><ele>27.25</ele></trkpt>
      <trkpt lat="51.517272" lon="-0.171652"><ele>28</ele></trkpt>
      <trkpt lat="51.51774" lon="-0.170822"><ele>28.75</ele></trkpt>
      <trkpt lat="51.518143" lon="-0.170078"><ele>28.5</ele></trkpt>
      <trkpt lat="51.518174" lon="-0.17002"><ele>28.25</ele></trkpt>
      <trkpt lat="51.518203" lon="-0.169968"><ele>28.5</ele></trkpt>
      <trkpt lat="51.518781" lon="-0.168945"><ele>29.25</ele></trkpt>
      <trkpt lat="51.518904" lon="-0.168727"><ele>30</ele></trkpt>
      <trkpt lat="51.518912" lon="-0.168712"><ele>30</ele></trkpt>
      <trkpt lat="51.519113" lon="-0.169011"><ele>30.75</ele></trkpt>
      <trkpt lat="51.51917" lon="-0.168914"><ele>31</ele></trkpt>
      <trkpt lat="51.519223" lon="-0.168829"><ele>30.75</ele></trkpt>
      <trkpt lat="51.519298" lon="-0.168915"><ele>31</ele></trkpt>
      <trkpt lat="51.519466" lon="-0.168092"><ele>30.75</ele></trkpt>
      <trkpt lat="51.519478" lon="-0.168078"><ele>30.75</ele></trkpt>
      <trkpt lat="51.519487" lon="-0.168026"><ele>30.75</ele></trkpt>
      <trkpt lat="51.519497" lon="-0.168031"><ele>30.75</ele></trkpt>
      <trkpt lat="51.51953" lon="-0.168048"><ele>30.75</ele></trkpt>
      <trkpt lat="51.519577" lon="-0.16807"><ele>30.75</ele></trkpt>
      <trkpt lat="51.519597" lon="-0.168079"><ele>30.75</ele></trkpt>
      <trkpt lat="51.519605" lon="-0.168047"><ele>30.75</ele></trkpt>
      <trkpt lat="51.519613" lon="-0.168021"><ele>30.75</ele></trkpt>
      <trkpt lat="51.519638" lon="-0.168012"><ele>30.75</ele></trkpt>
      <trkpt lat="51.519727" lon="-0.167947"><ele>30.75</ele></trkpt>
      <trkpt lat="51.519816" lon="-0.167747"><ele>30.5</ele></trkpt>
      <trkpt lat="51.519847" lon="-0.167739"><ele>30.25</ele></trkpt>
    </trkseg>
  </trk>
</gpx>
