<?xml version="1.0" encoding="UTF-8"?>
<gpx version="1.1" creator="TubeRun route generator" xmlns="http://www.topografix.com/GPX/1/1">
  <metadata>
    <name>District line — TubeRun</name>
    <desc>Above-ground running route tracing the District line and its branches, station to station. Routed on pavements and footways from OpenStreetMap data (BRouter, hiking-beta).</desc>
    <author><name>TubeRun</name></author>
    <copyright author="OpenStreetMap contributors"><license>https://opendatacommons.org/licenses/odbl/1-0/</license></copyright>
    <link href="https://www.openstreetmap.org/copyright"><text>© OpenStreetMap contributors</text></link>
    <time>2026-07-06T10:27:03.648Z</time>
  </metadata>
  <wpt lat="51.515017" lon="-0.301457"><name>Ealing Broadway</name></wpt>
  <wpt lat="51.51014" lon="-0.288265"><name>Ealing Common</name></wpt>
  <wpt lat="51.503057" lon="-0.280462"><name>Acton Town</name></wpt>
  <wpt lat="51.494627" lon="-0.267972"><name>Chiswick Park</name></wpt>
  <wpt lat="51.495148" lon="-0.254555"><name>Turnham Green</name></wpt>
  <wpt lat="51.494917" lon="-0.245704"><name>Stamford Brook</name></wpt>
  <wpt lat="51.494122" lon="-0.235881"><name>Ravenscourt Park</name></wpt>
  <wpt lat="51.4923" lon="-0.22362"><name>Hammersmith</name></wpt>
  <wpt lat="51.490311" lon="-0.213427"><name>Barons Court</name></wpt>
  <wpt lat="51.490459" lon="-0.206636"><name>West Kensington</name></wpt>
  <wpt lat="51.492063" lon="-0.193378"><name>Earl's Court</name></wpt>
  <wpt lat="51.494316" lon="-0.182658"><name>Gloucester Road</name></wpt>
  <wpt lat="51.494094" lon="-0.174138"><name>South Kensington</name></wpt>
  <wpt lat="51.49227" lon="-0.156377"><name>Sloane Square</name></wpt>
  <wpt lat="51.496359" lon="-0.143102"><name>Victoria</name></wpt>
  <wpt lat="51.499544" lon="-0.133608"><name>St. James's Park</name></wpt>
  <wpt lat="51.50132" lon="-0.124861"><name>Westminster</name></wpt>
  <wpt lat="51.507058" lon="-0.122666"><name>Embankment</name></wpt>
  <wpt lat="51.511006" lon="-0.11426"><name>Temple</name></wpt>
  <wpt lat="51.511581" lon="-0.103659"><name>Blackfriars</name></wpt>
  <wpt lat="51.512117" lon="-0.094009"><name>Mansion House</name></wpt>
  <wpt lat="51.51151" lon="-0.090432"><name>Cannon Street</name></wpt>
  <wpt lat="51.5107" lon="-0.085969"><name>Monument</name></wpt>
  <wpt lat="51.509971" lon="-0.076546"><name>Tower Hill</name></wpt>
  <wpt lat="51.515037" lon="-0.072384"><name>Aldgate East</name></wpt>
  <wpt lat="51.519518" lon="-0.059971"><name>Whitechapel</name></wpt>
  <wpt lat="51.521858" lon="-0.046596"><name>Stepney Green</name></wpt>
  <wpt lat="51.525122" lon="-0.03364"><name>Mile End</name></wpt>
  <wpt lat="51.52694" lon="-0.025128"><name>Bow Road</name></wpt>
  <wpt lat="51.524839" lon="-0.011538"><name>Bromley-by-Bow</name></wpt>
  <wpt lat="51.528136" lon="0.005055"><name>West Ham</name></wpt>
  <wpt lat="51.531341" lon="0.017451"><name>Plaistow</name></wpt>
  <wpt lat="51.53534" lon="0.035263"><name>Upton Park</name></wpt>
  <wpt lat="51.538948" lon="0.051186"><name>East Ham</name></wpt>
  <wpt lat="51.539321" lon="0.081053"><name>Barking</name></wpt>
  <wpt lat="51.538372" lon="0.10153"><name>Upney</name></wpt>
  <wpt lat="51.540331" lon="0.127016"><name>Becontree</name></wpt>
  <wpt lat="51.541639" lon="0.147527"><name>Dagenham Heathway</name></wpt>
  <wpt lat="51.544096" lon="0.166017"><name>Dagenham East</name></wpt>
  <wpt lat="51.549775" lon="0.19864"><name>Elm Park</name></wpt>
  <wpt lat="51.554093" lon="0.219116"><name>Hornchurch</name></wpt>
  <wpt lat="51.55856" lon="0.235809"><name>Upminster Bridge</name></wpt>
  <wpt lat="51.559063" lon="0.250882"><name>Upminster</name></wpt>
  <wpt lat="51.463237" lon="-0.301336"><name>Richmond</name></wpt>
  <wpt lat="51.477058" lon="-0.285241"><name>Kew Gardens</name></wpt>
  <wpt lat="51.491803" lon="-0.275267"><name>Gunnersbury</name></wpt>
  <wpt lat="51.421207" lon="-0.206573"><name>Wimbledon</name></wpt>
  <wpt lat="51.434573" lon="-0.199719"><name>Wimbledon Park</name></wpt>
  <wpt lat="51.445073" lon="-0.206602"><name>Southfields</name></wpt>
  <wpt lat="51.459205" lon="-0.211"><name>East Putney</name></wpt>
  <wpt lat="51.468262" lon="-0.208731"><name>Putney Bridge</name></wpt>
  <wpt lat="51.475277" lon="-0.20117"><name>Parsons Green</name></wpt>
  <wpt lat="51.480081" lon="-0.195422"><name>Fulham Broadway</name></wpt>
  <wpt lat="51.487268" lon="-0.195599"><name>West Brompton</name></wpt>
  <wpt lat="51.501055" lon="-0.192792"><name>High Street Kensington</name></wpt>
  <wpt lat="51.509128" lon="-0.196104"><name>Notting Hill Gate</name></wpt>
  <wpt lat="51.512284" lon="-0.187938"><name>Bayswater</name></wpt>
  <wpt lat="51.516581" lon="-0.175689"><name>Paddington</name></wpt>
  <wpt lat="51.519858" lon="-0.167832"><name>Edgware Road</name></wpt>
  <wpt lat="51.497624" lon="-0.210015"><name>Kensington</name></wpt>
  <trk>
    <name>District line</name>
    <trkseg>
      <trkpt lat="51.559118" lon="0.250877"><ele>23</ele></trkpt>
      <trkpt lat="51.559124" lon="0.250731"><ele>23</ele></trkpt>
      <trkpt lat="51.559081" lon="0.250728"><ele>23</ele></trkpt>
      <trkpt lat="51.559018" lon="0.250721"><ele>23</ele></trkpt>
      <trkpt lat="51.559022" lon="0.250491"><ele>23</ele></trkpt>
      <trkpt lat="51.559022" lon="0.250478"><ele>23</ele></trkpt>
      <trkpt lat="51.558943" lon="0.25048"><ele>23</ele></trkpt>
      <trkpt lat="51.558946" lon="0.250416"><ele>23</ele></trkpt>
      <trkpt lat="51.558882" lon="0.250405"><ele>23</ele></trkpt>
      <trkpt lat="51.558763" lon="0.250388"><ele>24.25</ele></trkpt>
      <trkpt lat="51.558717" lon="0.250384"><ele>24.75</ele></trkpt>
      <trkpt lat="51.558677" lon="0.250377"><ele>25.25</ele></trkpt>
      <trkpt lat="51.558614" lon="0.250309"><ele>25.75</ele></trkpt>
      <trkpt lat="51.558569" lon="0.250287"><ele>25.75</ele></trkpt>
      <trkpt lat="51.558548" lon="0.250276"><ele>25.75</ele></trkpt>
      <trkpt lat="51.558529" lon="0.250269"><ele>25.5</ele></trkpt>
      <trkpt lat="51.558331" lon="0.250186"><ele>24.75</ele></trkpt>
      <trkpt lat="51.558284" lon="0.250167"><ele>24.75</ele></trkpt>
      <trkpt lat="51.558287" lon="0.250148"><ele>24.75</ele></trkpt>
      <trkpt lat="51.558297" lon="0.250091"><ele>24.75</ele></trkpt>
      <trkpt lat="51.558309" lon="0.250026"><ele>24.75</ele></trkpt>
      <trkpt lat="51.558312" lon="0.250002"><ele>24.75</ele></trkpt>
      <trkpt lat="51.558281" lon="0.249991"><ele>24.75</ele></trkpt>
      <trkpt lat="51.558243" lon="0.249976"><ele>24.75</ele></trkpt>
      <trkpt lat="51.55823" lon="0.249931"><ele>24.75</ele></trkpt>
      <trkpt lat="51.558208" lon="0.249919"><ele>24.75</ele></trkpt>
      <trkpt lat="51.558171" lon="0.249901"><ele>24.75</ele></trkpt>
      <trkpt lat="51.558289" lon="0.249293"><ele>27.25</ele></trkpt>
      <trkpt lat="51.558316" lon="0.249149"><ele>27.75</ele></trkpt>
      <trkpt lat="51.558463" lon="0.248381"><ele>29.25</ele></trkpt>
      <trkpt lat="51.558606" lon="0.247632"><ele>30.5</ele></trkpt>
      <trkpt lat="51.558228" lon="0.24742"><ele>30</ele></trkpt>
      <trkpt lat="51.558257" lon="0.247301"><ele>30</ele></trkpt>
      <trkpt lat="51.558253" lon="0.247269"><ele>30</ele></trkpt>
      <trkpt lat="51.558355" lon="0.24678"><ele>30</ele></trkpt>
      <trkpt lat="51.558418" lon="0.246188"><ele>30.25</ele></trkpt>
      <trkpt lat="51.558563" lon="0.244607"><ele>29.5</ele></trkpt>
      <trkpt lat="51.558559" lon="0.243311"><ele>23.75</ele></trkpt>
      <trkpt lat="51.558495" lon="0.243134"><ele>22.75</ele></trkpt>
      <trkpt lat="51.557991" lon="0.242809"><ele>21</ele></trkpt>
      <trkpt lat="51.557571" lon="0.242502"><ele>19</ele></trkpt>
      <trkpt lat="51.557617" lon="0.242334"><ele>18</ele></trkpt>
      <trkpt lat="51.55774" lon="0.241896"><ele>15.75</ele></trkpt>
      <trkpt lat="51.557868" lon="0.241985"><ele>16.5</ele></trkpt>
      <trkpt lat="51.558038" lon="0.242056"><ele>17.25</ele></trkpt>
      <trkpt lat="51.558165" lon="0.241639"><ele>14.75</ele></trkpt>
      <trkpt lat="51.558576" lon="0.241841"><ele>15.5</ele></trkpt>
      <trkpt lat="51.558674" lon="0.240632"><ele>12</ele></trkpt>
      <trkpt lat="51.558645" lon="0.240587"><ele>12</ele></trkpt>
      <trkpt lat="51.558212" lon="0.240318"><ele>11</ele></trkpt>
      <trkpt lat="51.558224" lon="0.240263"><ele>11</ele></trkpt>
      <trkpt lat="51.558301" lon="0.239932"><ele>10.75</ele></trkpt>
      <trkpt lat="51.558406" lon="0.239478"><ele>10.75</ele></trkpt>
      <trkpt lat="51.558408" lon="0.23947"><ele>10.75</ele></trkpt>
      <trkpt lat="51.558551" lon="0.238891"><ele>11</ele></trkpt>
      <trkpt lat="51.558601" lon="0.238642"><ele>11</ele></trkpt>
      <trkpt lat="51.558622" lon="0.238518"><ele>11</ele></trkpt>
      <trkpt lat="51.55863" lon="0.238501"><ele>11.25</ele></trkpt>
      <trkpt lat="51.55862" lon="0.238496"><ele>11</ele></trkpt>
      <trkpt lat="51.558587" lon="0.238476"><ele>11</ele></trkpt>
      <trkpt lat="51.558558" lon="0.238458"><ele>11</ele></trkpt>
      <trkpt lat="51.558545" lon="0.23845"><ele>11</ele></trkpt>
      <trkpt lat="51.558639" lon="0.237936"><ele>12</ele></trkpt>
      <trkpt lat="51.558646" lon="0.237859"><ele>12.5</ele></trkpt>
      <trkpt lat="51.558624" lon="0.237816"><ele>12</ele></trkpt>
      <trkpt lat="51.55863" lon="0.237779"><ele>12.25</ele></trkpt>
      <trkpt lat="51.558636" lon="0.237736"><ele>12.5</ele></trkpt>
      <trkpt lat="51.558645" lon="0.237679"><ele>12.5</ele></trkpt>
      <trkpt lat="51.55865" lon="0.237646"><ele>12.5</ele></trkpt>
      <trkpt lat="51.558671" lon="0.237641"><ele>13</ele></trkpt>
      <trkpt lat="51.558861" lon="0.236547"><ele>13.75</ele></trkpt>
      <trkpt lat="51.558854" lon="0.236418"><ele>14.5</ele></trkpt>
      <trkpt lat="51.558962" lon="0.23584"><ele>14.75</ele></trkpt>
      <trkpt lat="51.558902" lon="0.235812"><ele>14.75</ele></trkpt>
      <trkpt lat="51.558589" lon="0.235654"><ele>14.75</ele></trkpt>
      <trkpt lat="51.558902" lon="0.235812"><ele>14.75</ele></trkpt>
      <trkpt lat="51.558962" lon="0.23584"><ele>14.75</ele></trkpt>
      <trkpt lat="51.558854" lon="0.236418"><ele>14.5</ele></trkpt>
      <trkpt lat="51.558861" lon="0.236547"><ele>13.75</ele></trkpt>
      <trkpt lat="51.558671" lon="0.237641"><ele>13</ele></trkpt>
      <trkpt lat="51.55865" lon="0.237646"><ele>12.5</ele></trkpt>
      <trkpt lat="51.558645" lon="0.237679"><ele>12.5</ele></trkpt>
      <trkpt lat="51.558636" lon="0.237736"><ele>12.5</ele></trkpt>
      <trkpt lat="51.558277" lon="0.237561"><ele>11.5</ele></trkpt>
      <trkpt lat="51.558245" lon="0.237544"><ele>11.5</ele></trkpt>
      <trkpt lat="51.558185" lon="0.237511"><ele>11.25</ele></trkpt>
      <trkpt lat="51.558195" lon="0.237419"><ele>11.5</ele></trkpt>
      <trkpt lat="51.557927" lon="0.235928"><ele>14.5</ele></trkpt>
      <trkpt lat="51.557816" lon="0.235498"><ele>15</ele></trkpt>
      <trkpt lat="51.557397" lon="0.234062"><ele>17.75</ele></trkpt>
      <trkpt lat="51.55726" lon="0.233647"><ele>18.75</ele></trkpt>
      <trkpt lat="51.557105" lon="0.233229"><ele>19.25</ele></trkpt>
      <trkpt lat="51.557055" lon="0.233157"><ele>19.5</ele></trkpt>
      <trkpt lat="51.556987" lon="0.233103"><ele>19.75</ele></trkpt>
      <trkpt lat="51.556287" lon="0.23282"><ele>19.75</ele></trkpt>
      <trkpt lat="51.556454" lon="0.231642"><ele>22.25</ele></trkpt>
      <trkpt lat="51.556147" lon="0.230753"><ele>24</ele></trkpt>
      <trkpt lat="51.556088" lon="0.230688"><ele>23.75</ele></trkpt>
      <trkpt lat="51.556121" lon="0.230566"><ele>23.75</ele></trkpt>
      <trkpt lat="51.555978" lon="0.230083"><ele>24.25</ele></trkpt>
      <trkpt lat="51.555907" lon="0.229756"><ele>24.75</ele></trkpt>
      <trkpt lat="51.555818" lon="0.229664"><ele>24.75</ele></trkpt>
      <trkpt lat="51.555817" lon="0.229609"><ele>24.75</ele></trkpt>
      <trkpt lat="51.555761" lon="0.229385"><ele>24.75</ele></trkpt>
      <trkpt lat="51.555619" lon="0.228822"><ele>25</ele></trkpt>
      <trkpt lat="51.555511" lon="0.228389"><ele>24.75</ele></trkpt>
      <trkpt lat="51.555237" lon="0.227263"><ele>25</ele></trkpt>
      <trkpt lat="51.555202" lon="0.227121"><ele>25.25</ele></trkpt>
      <trkpt lat="51.554879" lon="0.225797"><ele>25</ele></trkpt>
      <trkpt lat="51.554568" lon="0.22452"><ele>24.5</ele></trkpt>
      <trkpt lat="51.554338" lon="0.223575"><ele>24.5</ele></trkpt>
      <trkpt lat="51.554325" lon="0.223541"><ele>24.5</ele></trkpt>
      <trkpt lat="51.554295" lon="0.223515"><ele>24.25</ele></trkpt>
      <trkpt lat="51.554252" lon="0.223502"><ele>24.25</ele></trkpt>
      <trkpt lat="51.553985" lon="0.223468"><ele>24</ele></trkpt>
      <trkpt lat="51.553086" lon="0.223336"><ele>23</ele></trkpt>
      <trkpt lat="51.553119" lon="0.222755"><ele>23</ele></trkpt>
      <trkpt lat="51.553172" lon="0.221992"><ele>23</ele></trkpt>
      <trkpt lat="51.553175" lon="0.221953"><ele>23</ele></trkpt>
      <trkpt lat="51.553293" lon="0.22049"><ele>23</ele></trkpt>
      <trkpt lat="51.553415" lon="0.218982"><ele>22.25</ele></trkpt>
      <trkpt lat="51.553709" lon="0.219104"><ele>21.75</ele></trkpt>
      <trkpt lat="51.553777" lon="0.219137"><ele>21.5</ele></trkpt>
      <trkpt lat="51.554026" lon="0.219272"><ele>21.25</ele></trkpt>
      <trkpt lat="51.554117" lon="0.219208"><ele>22</ele></trkpt>
      <trkpt lat="51.554026" lon="0.219272"><ele>21.25</ele></trkpt>
      <trkpt lat="51.553777" lon="0.219137"><ele>21.5</ele></trkpt>
      <trkpt lat="51.553709" lon="0.219104"><ele>21.75</ele></trkpt>
      <trkpt lat="51.553415" lon="0.218982"><ele>22.25</ele></trkpt>
      <trkpt lat="51.553037" lon="0.218796"><ele>22</ele></trkpt>
      <trkpt lat="51.552982" lon="0.218772"><ele>22</ele></trkpt>
      <trkpt lat="51.552784" lon="0.2187"><ele>22</ele></trkpt>
      <trkpt lat="51.552517" lon="0.218605"><ele>21</ele></trkpt>
      <trkpt lat="51.552439" lon="0.218577"><ele>21</ele></trkpt>
      <trkpt lat="51.552201" lon="0.218526"><ele>21</ele></trkpt>
      <trkpt lat="51.551939" lon="0.218491"><ele>21</ele></trkpt>
      <trkpt lat="51.551644" lon="0.218489"><ele>21</ele></trkpt>
      <trkpt lat="51.552184" lon="0.21478"><ele>22</ele></trkpt>
      <trkpt lat="51.55219" lon="0.214628"><ele>22</ele></trkpt>
      <trkpt lat="51.552183" lon="0.214492"><ele>22</ele></trkpt>
      <trkpt lat="51.552135" lon="0.214181"><ele>22</ele></trkpt>
      <trkpt lat="51.551674" lon="0.211507"><ele>20</ele></trkpt>
      <trkpt lat="51.551636" lon="0.211382"><ele>19.75</ele></trkpt>
      <trkpt lat="51.551581" lon="0.211285"><ele>19.5</ele></trkpt>
      <trkpt lat="51.551495" lon="0.211186"><ele>19.25</ele></trkpt>
      <trkpt lat="51.551348" lon="0.211074"><ele>19</ele></trkpt>
      <trkpt lat="51.551186" lon="0.210946"><ele>19</ele></trkpt>
      <trkpt lat="51.551126" lon="0.210873"><ele>19</ele></trkpt>
      <trkpt lat="51.551092" lon="0.210733"><ele>19</ele></trkpt>
      <trkpt lat="51.551103" lon="0.210635"><ele>19</ele></trkpt>
      <trkpt lat="51.551161" lon="0.210414"><ele>18.25</ele></trkpt>
      <trkpt lat="51.551216" lon="0.210079"><ele>18</ele></trkpt>
      <trkpt lat="51.551223" lon="0.209991"><ele>18</ele></trkpt>
      <trkpt lat="51.55123" lon="0.209833"><ele>18</ele></trkpt>
      <trkpt lat="51.55123" lon="0.209647"><ele>17.75</ele></trkpt>
      <trkpt lat="51.551214" lon="0.209336"><ele>17</ele></trkpt>
      <trkpt lat="51.551178" lon="0.209039"><ele>17</ele></trkpt>
      <trkpt lat="51.551066" lon="0.208459"><ele>16.75</ele></trkpt>
      <trkpt lat="51.550795" lon="0.207206"><ele>16</ele></trkpt>
      <trkpt lat="51.550707" lon="0.206955"><ele>16</ele></trkpt>
      <trkpt lat="51.550611" lon="0.206791"><ele>16</ele></trkpt>
      <trkpt lat="51.550459" lon="0.206619"><ele>15.5</ele></trkpt>
      <trkpt lat="51.550021" lon="0.206254"><ele>14.75</ele></trkpt>
      <trkpt lat="51.549726" lon="0.206033"><ele>14.75</ele></trkpt>
      <trkpt lat="51.549306" lon="0.205776"><ele>14</ele></trkpt>
      <trkpt lat="51.549009" lon="0.205624"><ele>14</ele></trkpt>
      <trkpt lat="51.548719" lon="0.205492"><ele>13.25</ele></trkpt>
      <trkpt lat="51.549001" lon="0.204483"><ele>13</ele></trkpt>
      <trkpt lat="51.549298" lon="0.204592"><ele>13.75</ele></trkpt>
      <trkpt lat="51.549312" lon="0.204509"><ele>13.5</ele></trkpt>
      <trkpt lat="51.549286" lon="0.204414"><ele>13.25</ele></trkpt>
      <trkpt lat="51.549095" lon="0.203416"><ele>13</ele></trkpt>
      <trkpt lat="51.549084" lon="0.203336"><ele>13</ele></trkpt>
      <trkpt lat="51.548982" lon="0.202738"><ele>12.25</ele></trkpt>
      <trkpt lat="51.548904" lon="0.202302"><ele>12</ele></trkpt>
      <trkpt lat="51.548877" lon="0.202159"><ele>12</ele></trkpt>
      <trkpt lat="51.548728" lon="0.201324"><ele>12</ele></trkpt>
      <trkpt lat="51.548616" lon="0.200734"><ele>12</ele></trkpt>
      <trkpt lat="51.548607" lon="0.200685"><ele>12</ele></trkpt>
      <trkpt lat="51.548551" lon="0.200383"><ele>12</ele></trkpt>
      <trkpt lat="51.548515" lon="0.200151"><ele>12</ele></trkpt>
      <trkpt lat="51.548468" lon="0.200157"><ele>12</ele></trkpt>
      <trkpt lat="51.548424" lon="0.200134"><ele>12</ele></trkpt>
      <trkpt lat="51.548389" lon="0.200085"><ele>12</ele></trkpt>
      <trkpt lat="51.548368" lon="0.200017"><ele>12</ele></trkpt>
      <trkpt lat="51.548366" lon="0.199933"><ele>12</ele></trkpt>
      <trkpt lat="51.548387" lon="0.199856"><ele>12</ele></trkpt>
      <trkpt lat="51.548246" lon="0.199688"><ele>12</ele></trkpt>
      <trkpt lat="51.547992" lon="0.199391"><ele>12</ele></trkpt>
      <trkpt lat="51.549458" lon="0.198728"><ele>11.75</ele></trkpt>
      <trkpt lat="51.549464" lon="0.198769"><ele>14</ele></trkpt>
      <trkpt lat="51.549458" lon="0.198728"><ele>11.75</ele></trkpt>
      <trkpt lat="51.547992" lon="0.199391"><ele>12</ele></trkpt>
      <trkpt lat="51.547663" lon="0.199003"><ele>11</ele></trkpt>
      <trkpt lat="51.547748" lon="0.198831"><ele>11</ele></trkpt>
      <trkpt lat="51.54845" lon="0.198517"><ele>11.5</ele></trkpt>
      <trkpt lat="51.548996" lon="0.198282"><ele>12</ele></trkpt>
      <trkpt lat="51.549071" lon="0.198215"><ele>12</ele></trkpt>
      <trkpt lat="51.549109" lon="0.198084"><ele>12</ele></trkpt>
      <trkpt lat="51.549101" lon="0.197943"><ele>11.75</ele></trkpt>
      <trkpt lat="51.548809" lon="0.196251"><ele>11.5</ele></trkpt>
      <trkpt lat="51.549174" lon="0.196098"><ele>12</ele></trkpt>
      <trkpt lat="51.549182" lon="0.196146"><ele>12</ele></trkpt>
      <trkpt lat="51.54922" lon="0.196367"><ele>12</ele></trkpt>
      <trkpt lat="51.54946" lon="0.196267"><ele>12</ele></trkpt>
      <trkpt lat="51.54943" lon="0.196115"><ele>12</ele></trkpt>
      <trkpt lat="51.549687" lon="0.196006"><ele>12</ele></trkpt>
      <trkpt lat="51.549452" lon="0.194672"><ele>12</ele></trkpt>
      <trkpt lat="51.549314" lon="0.19385"><ele>12.5</ele></trkpt>
      <trkpt lat="51.549323" lon="0.193784"><ele>12.5</ele></trkpt>
      <trkpt lat="51.54934" lon="0.193723"><ele>12.5</ele></trkpt>
      <trkpt lat="51.549366" lon="0.193669"><ele>12.5</ele></trkpt>
      <trkpt lat="51.549397" lon="0.193627"><ele>12.75</ele></trkpt>
      <trkpt lat="51.549432" lon="0.193597"><ele>12.75</ele></trkpt>
      <trkpt lat="51.550066" lon="0.193617"><ele>13</ele></trkpt>
      <trkpt lat="51.550068" lon="0.193031"><ele>12.75</ele></trkpt>
      <trkpt lat="51.54969" lon="0.193021"><ele>12</ele></trkpt>
      <trkpt lat="51.54921" lon="0.193008"><ele>12</ele></trkpt>
      <trkpt lat="51.549179" lon="0.192993"><ele>12</ele></trkpt>
      <trkpt lat="51.549151" lon="0.192966"><ele>12</ele></trkpt>
      <trkpt lat="51.549128" lon="0.192929"><ele>12</ele></trkpt>
      <trkpt lat="51.549106" lon="0.192855"><ele>12</ele></trkpt>
      <trkpt lat="51.549102" lon="0.192815"><ele>12</ele></trkpt>
      <trkpt lat="51.549117" lon="0.192192"><ele>11.75</ele></trkpt>
      <trkpt lat="51.549126" lon="0.191799"><ele>11.25</ele></trkpt>
      <trkpt lat="51.549143" lon="0.191604"><ele>11</ele></trkpt>
      <trkpt lat="51.549218" lon="0.191316"><ele>11</ele></trkpt>
      <trkpt lat="51.549471" lon="0.190519"><ele>10</ele></trkpt>
      <trkpt lat="51.548599" lon="0.189827"><ele>10</ele></trkpt>
      <trkpt lat="51.548556" lon="0.189721"><ele>10</ele></trkpt>
      <trkpt lat="51.548553" lon="0.189582"><ele>10</ele></trkpt>
      <trkpt lat="51.548726" lon="0.189005"><ele>9</ele></trkpt>
      <trkpt lat="51.548763" lon="0.188798"><ele>9</ele></trkpt>
      <trkpt lat="51.548845" lon="0.188797"><ele>9</ele></trkpt>
      <trkpt lat="51.549036" lon="0.188132"><ele>7.5</ele></trkpt>
      <trkpt lat="51.548963" lon="0.188067"><ele>7.5</ele></trkpt>
      <trkpt lat="51.54884" lon="0.187987"><ele>7.75</ele></trkpt>
      <trkpt lat="51.548909" lon="0.187588"><ele>6</ele></trkpt>
      <trkpt lat="51.549117" lon="0.186972"><ele>3.25</ele></trkpt>
      <trkpt lat="51.549152" lon="0.18681"><ele>3.5</ele></trkpt>
      <trkpt lat="51.549207" lon="0.18654"><ele>3.75</ele></trkpt>
      <trkpt lat="51.549223" lon="0.18642"><ele>4</ele></trkpt>
      <trkpt lat="51.549235" lon="0.186288"><ele>4.25</ele></trkpt>
      <trkpt lat="51.549255" lon="0.185837"><ele>5.25</ele></trkpt>
      <trkpt lat="51.549354" lon="0.186082"><ele>4.25</ele></trkpt>
      <trkpt lat="51.549362" lon="0.185974"><ele>4.75</ele></trkpt>
      <trkpt lat="51.54947" lon="0.185225"><ele>7</ele></trkpt>
      <trkpt lat="51.549525" lon="0.184925"><ele>7</ele></trkpt>
      <trkpt lat="51.549774" lon="0.183426"><ele>9</ele></trkpt>
      <trkpt lat="51.549849" lon="0.182798"><ele>8.75</ele></trkpt>
      <trkpt lat="51.54986" lon="0.182702"><ele>8.75</ele></trkpt>
      <trkpt lat="51.549865" lon="0.182499"><ele>9</ele></trkpt>
      <trkpt lat="51.549904" lon="0.182396"><ele>9.25</ele></trkpt>
      <trkpt lat="51.549907" lon="0.182171"><ele>9.25</ele></trkpt>
      <trkpt lat="51.549978" lon="0.182121"><ele>9.75</ele></trkpt>
      <trkpt lat="51.550017" lon="0.182106"><ele>10</ele></trkpt>
      <trkpt lat="51.550021" lon="0.181872"><ele>10</ele></trkpt>
      <trkpt lat="51.549961" lon="0.181306"><ele>9.75</ele></trkpt>
      <trkpt lat="51.549972" lon="0.181175"><ele>9.75</ele></trkpt>
      <trkpt lat="51.550032" lon="0.180783"><ele>10.25</ele></trkpt>
      <trkpt lat="51.54995" lon="0.180593"><ele>10.5</ele></trkpt>
      <trkpt lat="51.549923" lon="0.180472"><ele>10.5</ele></trkpt>
      <trkpt lat="51.549913" lon="0.179796"><ele>10.5</ele></trkpt>
      <trkpt lat="51.549909" lon="0.179727"><ele>10.5</ele></trkpt>
      <trkpt lat="51.549874" lon="0.179435"><ele>10.5</ele></trkpt>
      <trkpt lat="51.549742" lon="0.179117"><ele>10.75</ele></trkpt>
      <trkpt lat="51.548855" lon="0.179322"><ele>9.25</ele></trkpt>
      <trkpt lat="51.548768" lon="0.179333"><ele>9.25</ele></trkpt>
      <trkpt lat="51.548273" lon="0.17918"><ele>10</ele></trkpt>
      <trkpt lat="51.548158" lon="0.179196"><ele>10.5</ele></trkpt>
      <trkpt lat="51.548079" lon="0.17922"><ele>11</ele></trkpt>
      <trkpt lat="51.547786" lon="0.179256"><ele>11.25</ele></trkpt>
      <trkpt lat="51.54659" lon="0.179185"><ele>10</ele></trkpt>
      <trkpt lat="51.54647" lon="0.179204"><ele>10</ele></trkpt>
      <trkpt lat="51.546455" lon="0.179213"><ele>10</ele></trkpt>
      <trkpt lat="51.546483" lon="0.179368"><ele>10</ele></trkpt>
      <trkpt lat="51.546313" lon="0.179441"><ele>9.5</ele></trkpt>
      <trkpt lat="51.546283" lon="0.179292"><ele>9.5</ele></trkpt>
      <trkpt lat="51.546194" lon="0.179335"><ele>9.25</ele></trkpt>
      <trkpt lat="51.546127" lon="0.178802"><ele>9.75</ele></trkpt>
      <trkpt lat="51.546079" lon="0.178558"><ele>9.75</ele></trkpt>
      <trkpt lat="51.545733" lon="0.176411"><ele>8.5</ele></trkpt>
      <trkpt lat="51.545526" lon="0.175489"><ele>9</ele></trkpt>
      <trkpt lat="51.545449" lon="0.17491"><ele>9.75</ele></trkpt>
      <trkpt lat="51.545389" lon="0.174523"><ele>10</ele></trkpt>
      <trkpt lat="51.545144" lon="0.173137"><ele>8.5</ele></trkpt>
      <trkpt lat="51.545054" lon="0.17256"><ele>8.75</ele></trkpt>
      <trkpt lat="51.544956" lon="0.172021"><ele>9.5</ele></trkpt>
      <trkpt lat="51.544889" lon="0.171691"><ele>8.25</ele></trkpt>
      <trkpt lat="51.544851" lon="0.171549"><ele>8.5</ele></trkpt>
      <trkpt lat="51.544857" lon="0.171458"><ele>9</ele></trkpt>
      <trkpt lat="51.544797" lon="0.171098"><ele>9.25</ele></trkpt>
      <trkpt lat="51.544677" lon="0.170433"><ele>9.5</ele></trkpt>
      <trkpt lat="51.544617" lon="0.170154"><ele>9.25</ele></trkpt>
      <trkpt lat="51.544552" lon="0.16995"><ele>9.5</ele></trkpt>
      <trkpt lat="51.54444" lon="0.169744"><ele>9.75</ele></trkpt>
      <trkpt lat="51.544322" lon="0.169572"><ele>9.75</ele></trkpt>
      <trkpt lat="51.544252" lon="0.169443"><ele>9.5</ele></trkpt>
      <trkpt lat="51.544245" lon="0.16932"><ele>9.25</ele></trkpt>
      <trkpt lat="51.544225" lon="0.169213"><ele>9</ele></trkpt>
      <trkpt lat="51.544182" lon="0.169119"><ele>9</ele></trkpt>
      <trkpt lat="51.544163" lon="0.168934"><ele>9</ele></trkpt>
      <trkpt lat="51.544162" lon="0.168808"><ele>9</ele></trkpt>
      <trkpt lat="51.54418" lon="0.168676"><ele>9</ele></trkpt>
      <trkpt lat="51.544185" lon="0.168561"><ele>8.75</ele></trkpt>
      <trkpt lat="51.544152" lon="0.168459"><ele>9</ele></trkpt>
      <trkpt lat="51.544113" lon="0.168247"><ele>9</ele></trkpt>
      <trkpt lat="51.544103" lon="0.168078"><ele>9</ele></trkpt>
      <trkpt lat="51.544053" lon="0.16785"><ele>9.5</ele></trkpt>
      <trkpt lat="51.544017" lon="0.167601"><ele>9</ele></trkpt>
      <trkpt lat="51.543965" lon="0.167383"><ele>8.75</ele></trkpt>
      <trkpt lat="51.543898" lon="0.167193"><ele>9</ele></trkpt>
      <trkpt lat="51.543781" lon="0.166903"><ele>9.25</ele></trkpt>
      <trkpt lat="51.543713" lon="0.1666"><ele>9.25</ele></trkpt>
      <trkpt lat="51.543671" lon="0.166581"><ele>9</ele></trkpt>
      <trkpt lat="51.54361" lon="0.166581"><ele>8.75</ele></trkpt>
      <trkpt lat="51.543605" lon="0.166053"><ele>9.5</ele></trkpt>
      <trkpt lat="51.543845" lon="0.166172"><ele>10.5</ele></trkpt>
      <trkpt lat="51.543885" lon="0.166192"><ele>10.5</ele></trkpt>
      <trkpt lat="51.544002" lon="0.166195"><ele>10.5</ele></trkpt>
      <trkpt lat="51.544109" lon="0.16617"><ele>10.5</ele></trkpt>
      <trkpt lat="51.544002" lon="0.166195"><ele>10.5</ele></trkpt>
      <trkpt lat="51.543885" lon="0.166192"><ele>10.5</ele></trkpt>
      <trkpt lat="51.543845" lon="0.166172"><ele>10.5</ele></trkpt>
      <trkpt lat="51.543605" lon="0.166053"><ele>9.5</ele></trkpt>
      <trkpt lat="51.54353" lon="0.165988"><ele>8.5</ele></trkpt>
      <trkpt lat="51.543288" lon="0.165864"><ele>7.5</ele></trkpt>
      <trkpt lat="51.543302" lon="0.165624"><ele>7</ele></trkpt>
      <trkpt lat="51.543237" lon="0.164895"><ele>6.25</ele></trkpt>
      <trkpt lat="51.543234" lon="0.164857"><ele>6.25</ele></trkpt>
      <trkpt lat="51.543185" lon="0.164316"><ele>5.75</ele></trkpt>
      <trkpt lat="51.54312" lon="0.163563"><ele>5</ele></trkpt>
      <trkpt lat="51.543086" lon="0.163152"><ele>4</ele></trkpt>
      <trkpt lat="51.543052" lon="0.162752"><ele>4</ele></trkpt>
      <trkpt lat="51.542955" lon="0.161555"><ele>5.5</ele></trkpt>
      <trkpt lat="51.542946" lon="0.161454"><ele>5.5</ele></trkpt>
      <trkpt lat="51.542937" lon="0.161335"><ele>5.5</ele></trkpt>
      <trkpt lat="51.542422" lon="0.161802"><ele>5</ele></trkpt>
      <trkpt lat="51.542312" lon="0.161376"><ele>6</ele></trkpt>
      <trkpt lat="51.54228" lon="0.161395"><ele>5.75</ele></trkpt>
      <trkpt lat="51.542015" lon="0.160073"><ele>7</ele></trkpt>
      <trkpt lat="51.542055" lon="0.160026"><ele>7.25</ele></trkpt>
      <trkpt lat="51.542073" lon="0.159963"><ele>7.25</ele></trkpt>
      <trkpt lat="51.542082" lon="0.15993"><ele>7.25</ele></trkpt>
      <trkpt lat="51.542026" lon="0.15934"><ele>7.25</ele></trkpt>
      <trkpt lat="51.541991" lon="0.159077"><ele>7.25</ele></trkpt>
      <trkpt lat="51.541949" lon="0.158762"><ele>8</ele></trkpt>
      <trkpt lat="51.541827" lon="0.157938"><ele>8</ele></trkpt>
      <trkpt lat="51.541819" lon="0.157897"><ele>8</ele></trkpt>
      <trkpt lat="51.541791" lon="0.157714"><ele>8</ele></trkpt>
      <trkpt lat="51.54172" lon="0.15734"><ele>8</ele></trkpt>
      <trkpt lat="51.541673" lon="0.157088"><ele>8</ele></trkpt>
      <trkpt lat="51.54161" lon="0.156746"><ele>8</ele></trkpt>
      <trkpt lat="51.541547" lon="0.156388"><ele>8</ele></trkpt>
      <trkpt lat="51.541503" lon="0.156095"><ele>8</ele></trkpt>
      <trkpt lat="51.541467" lon="0.155859"><ele>8</ele></trkpt>
      <trkpt lat="51.541402" lon="0.155233"><ele>8</ele></trkpt>
      <trkpt lat="51.541395" lon="0.155125"><ele>8</ele></trkpt>
      <trkpt lat="51.541383" lon="0.154802"><ele>8</ele></trkpt>
      <trkpt lat="51.541363" lon="0.154318"><ele>8</ele></trkpt>
      <trkpt lat="51.541361" lon="0.154241"><ele>8</ele></trkpt>
      <trkpt lat="51.541353" lon="0.153955"><ele>8</ele></trkpt>
      <trkpt lat="51.541316" lon="0.153518"><ele>8</ele></trkpt>
      <trkpt lat="51.541249" lon="0.152673"><ele>8</ele></trkpt>
      <trkpt lat="51.541194" lon="0.151853"><ele>8</ele></trkpt>
      <trkpt lat="51.541169" lon="0.151572"><ele>8</ele></trkpt>
      <trkpt lat="51.541117" lon="0.151075"><ele>8</ele></trkpt>
      <trkpt lat="51.541065" lon="0.150604"><ele>8</ele></trkpt>
      <trkpt lat="51.540977" lon="0.149792"><ele>8.5</ele></trkpt>
      <trkpt lat="51.540997" lon="0.14966"><ele>9.25</ele></trkpt>
      <trkpt lat="51.540964" lon="0.149251"><ele>9</ele></trkpt>
      <trkpt lat="51.54087" lon="0.149267"><ele>8.75</ele></trkpt>
      <trkpt lat="51.540858" lon="0.149078"><ele>7.75</ele></trkpt>
      <trkpt lat="51.540848" lon="0.148934"><ele>7</ele></trkpt>
      <trkpt lat="51.540826" lon="0.148614"><ele>6.75</ele></trkpt>
      <trkpt lat="51.540639" lon="0.148648"><ele>6.75</ele></trkpt>
      <trkpt lat="51.540603" lon="0.148124"><ele>7</ele></trkpt>
      <trkpt lat="51.540915" lon="0.148064"><ele>8.25</ele></trkpt>
      <trkpt lat="51.541027" lon="0.148043"><ele>8.5</ele></trkpt>
      <trkpt lat="51.541016" lon="0.147912"><ele>8.5</ele></trkpt>
      <trkpt lat="51.541437" lon="0.147795"><ele>9.25</ele></trkpt>
      <trkpt lat="51.541467" lon="0.147828"><ele>9</ele></trkpt>
      <trkpt lat="51.541661" lon="0.147784"><ele>7.75</ele></trkpt>
      <trkpt lat="51.541777" lon="0.147759"><ele>7.75</ele></trkpt>
      <trkpt lat="51.542407" lon="0.147695"><ele>8</ele></trkpt>
      <trkpt lat="51.542956" lon="0.147752"><ele>7.5</ele></trkpt>
      <trkpt lat="51.543023" lon="0.147744"><ele>7.75</ele></trkpt>
      <trkpt lat="51.543049" lon="0.147724"><ele>7.75</ele></trkpt>
      <trkpt lat="51.543103" lon="0.147633"><ele>8</ele></trkpt>
      <trkpt lat="51.5432" lon="0.147361"><ele>8</ele></trkpt>
      <trkpt lat="51.543633" lon="0.146112"><ele>8</ele></trkpt>
      <trkpt lat="51.543664" lon="0.146019"><ele>8</ele></trkpt>
      <trkpt lat="51.543677" lon="0.145982"><ele>8</ele></trkpt>
      <trkpt lat="51.543562" lon="0.145873"><ele>8</ele></trkpt>
      <trkpt lat="51.543229" lon="0.145572"><ele>8</ele></trkpt>
      <trkpt lat="51.543112" lon="0.14547"><ele>8</ele></trkpt>
      <trkpt lat="51.542968" lon="0.14531"><ele>8</ele></trkpt>
      <trkpt lat="51.542692" lon="0.145061"><ele>8</ele></trkpt>
      <trkpt lat="51.54225" lon="0.144658"><ele>8</ele></trkpt>
      <trkpt lat="51.542149" lon="0.144574"><ele>8</ele></trkpt>
      <trkpt lat="51.54211" lon="0.144556"><ele>8</ele></trkpt>
      <trkpt lat="51.542016" lon="0.144563"><ele>8</ele></trkpt>
      <trkpt lat="51.542" lon="0.144308"><ele>8</ele></trkpt>
      <trkpt lat="51.541954" lon="0.1436"><ele>7</ele></trkpt>
      <trkpt lat="51.541932" lon="0.143269"><ele>7</ele></trkpt>
      <trkpt lat="51.541895" lon="0.142795"><ele>7</ele></trkpt>
      <trkpt lat="51.54185" lon="0.14203"><ele>7</ele></trkpt>
      <trkpt lat="51.541814" lon="0.141466"><ele>6</ele></trkpt>
      <trkpt lat="51.5418" lon="0.141188"><ele>6</ele></trkpt>
      <trkpt lat="51.541759" lon="0.140366"><ele>5.75</ele></trkpt>
      <trkpt lat="51.541725" lon="0.139783"><ele>5</ele></trkpt>
      <trkpt lat="51.541706" lon="0.139573"><ele>5</ele></trkpt>
      <trkpt lat="51.541647" lon="0.139026"><ele>5</ele></trkpt>
      <trkpt lat="51.541602" lon="0.138638"><ele>5.75</ele></trkpt>
      <trkpt lat="51.541549" lon="0.138124"><ele>6</ele></trkpt>
      <trkpt lat="51.541523" lon="0.1377"><ele>6</ele></trkpt>
      <trkpt lat="51.541502" lon="0.137365"><ele>6</ele></trkpt>
      <trkpt lat="51.541499" lon="0.137343"><ele>6</ele></trkpt>
      <trkpt lat="51.541496" lon="0.137241"><ele>6</ele></trkpt>
      <trkpt lat="51.541467" lon="0.136818"><ele>6</ele></trkpt>
      <trkpt lat="51.54137" lon="0.135564"><ele>6</ele></trkpt>
      <trkpt lat="51.541297" lon="0.134313"><ele>7</ele></trkpt>
      <trkpt lat="51.541275" lon="0.134001"><ele>7</ele></trkpt>
      <trkpt lat="51.541257" lon="0.133738"><ele>7</ele></trkpt>
      <trkpt lat="51.541193" lon="0.132847"><ele>7</ele></trkpt>
      <trkpt lat="51.541177" lon="0.132727"><ele>6.75</ele></trkpt>
      <trkpt lat="51.541095" lon="0.131497"><ele>7</ele></trkpt>
      <trkpt lat="51.541111" lon="0.131186"><ele>7</ele></trkpt>
      <trkpt lat="51.541105" lon="0.13093"><ele>7</ele></trkpt>
      <trkpt lat="51.541185" lon="0.130554"><ele>7</ele></trkpt>
      <trkpt lat="51.54135" lon="0.129937"><ele>7</ele></trkpt>
      <trkpt lat="51.541453" lon="0.129463"><ele>7</ele></trkpt>
      <trkpt lat="51.541487" lon="0.129304"><ele>7</ele></trkpt>
      <trkpt lat="51.541495" lon="0.12921"><ele>7</ele></trkpt>
      <trkpt lat="51.541514" lon="0.129018"><ele>6.75</ele></trkpt>
      <trkpt lat="51.541529" lon="0.12873"><ele>7</ele></trkpt>
      <trkpt lat="51.541525" lon="0.128406"><ele>7</ele></trkpt>
      <trkpt lat="51.541503" lon="0.12792"><ele>7</ele></trkpt>
      <trkpt lat="51.541509" lon="0.127839"><ele>7</ele></trkpt>
      <trkpt lat="51.541495" lon="0.127679"><ele>7</ele></trkpt>
      <trkpt lat="51.541478" lon="0.127483"><ele>7</ele></trkpt>
      <trkpt lat="51.541468" lon="0.12732"><ele>7</ele></trkpt>
      <trkpt lat="51.541104" lon="0.127363"><ele>7.5</ele></trkpt>
      <trkpt lat="51.54084" lon="0.127392"><ele>7.5</ele></trkpt>
      <trkpt lat="51.540795" lon="0.127396"><ele>7.75</ele></trkpt>
      <trkpt lat="51.54077" lon="0.127356"><ele>7.5</ele></trkpt>
      <trkpt lat="51.540642" lon="0.127314"><ele>7.75</ele></trkpt>
      <trkpt lat="51.540565" lon="0.127261"><ele>7.25</ele></trkpt>
      <trkpt lat="51.540543" lon="0.127058"><ele>6.75</ele></trkpt>
      <trkpt lat="51.540607" lon="0.12696"><ele>7</ele></trkpt>
      <trkpt lat="51.540751" lon="0.126875"><ele>7</ele></trkpt>
      <trkpt lat="51.540796" lon="0.126842"><ele>7</ele></trkpt>
      <trkpt lat="51.541403" lon="0.126596"><ele>7</ele></trkpt>
      <trkpt lat="51.541376" lon="0.126434"><ele>7</ele></trkpt>
      <trkpt lat="51.541295" lon="0.126048"><ele>7</ele></trkpt>
      <trkpt lat="51.541237" lon="0.125859"><ele>7</ele></trkpt>
      <trkpt lat="51.540966" lon="0.125207"><ele>7</ele></trkpt>
      <trkpt lat="51.54081" lon="0.124859"><ele>7</ele></trkpt>
      <trkpt lat="51.540681" lon="0.124577"><ele>7</ele></trkpt>
      <trkpt lat="51.540605" lon="0.124227"><ele>7</ele></trkpt>
      <trkpt lat="51.540534" lon="0.123485"><ele>7</ele></trkpt>
      <trkpt lat="51.540487" lon="0.12299"><ele>7</ele></trkpt>
      <trkpt lat="51.54043" lon="0.122258"><ele>7</ele></trkpt>
      <trkpt lat="51.540381" lon="0.121751"><ele>7</ele></trkpt>
      <trkpt lat="51.540348" lon="0.121364"><ele>7</ele></trkpt>
      <trkpt lat="51.540324" lon="0.121"><ele>7</ele></trkpt>
      <trkpt lat="51.540256" lon="0.120201"><ele>7</ele></trkpt>
      <trkpt lat="51.54021" lon="0.119623"><ele>7.5</ele></trkpt>
      <trkpt lat="51.540143" lon="0.118842"><ele>8</ele></trkpt>
      <trkpt lat="51.540076" lon="0.11808"><ele>7.25</ele></trkpt>
      <trkpt lat="51.540061" lon="0.117869"><ele>7</ele></trkpt>
      <trkpt lat="51.540026" lon="0.11749"><ele>7</ele></trkpt>
      <trkpt lat="51.539932" lon="0.11638"><ele>6.75</ele></trkpt>
      <trkpt lat="51.539919" lon="0.116234"><ele>6.5</ele></trkpt>
      <trkpt lat="51.539925" lon="0.116154"><ele>6.25</ele></trkpt>
      <trkpt lat="51.54005" lon="0.115534"><ele>6</ele></trkpt>
      <trkpt lat="51.540144" lon="0.115111"><ele>6</ele></trkpt>
      <trkpt lat="51.540202" lon="0.114823"><ele>6</ele></trkpt>
      <trkpt lat="51.540303" lon="0.114323"><ele>6</ele></trkpt>
      <trkpt lat="51.540368" lon="0.113986"><ele>6</ele></trkpt>
      <trkpt lat="51.540421" lon="0.113689"><ele>6</ele></trkpt>
      <trkpt lat="51.54047" lon="0.113435"><ele>6</ele></trkpt>
      <trkpt lat="51.540546" lon="0.113081"><ele>6</ele></trkpt>
      <trkpt lat="51.540575" lon="0.112901"><ele>6.5</ele></trkpt>
      <trkpt lat="51.540783" lon="0.112925"><ele>6</ele></trkpt>
      <trkpt lat="51.540883" lon="0.112926"><ele>6</ele></trkpt>
      <trkpt lat="51.540887" lon="0.112838"><ele>6</ele></trkpt>
      <trkpt lat="51.540889" lon="0.112742"><ele>6</ele></trkpt>
      <trkpt lat="51.541041" lon="0.112755"><ele>6.5</ele></trkpt>
      <trkpt lat="51.541044" lon="0.112568"><ele>6.75</ele></trkpt>
      <trkpt lat="51.541049" lon="0.112223"><ele>6.75</ele></trkpt>
      <trkpt lat="51.541052" lon="0.112046"><ele>6.5</ele></trkpt>
      <trkpt lat="51.541041" lon="0.111784"><ele>5.75</ele></trkpt>
      <trkpt lat="51.541027" lon="0.111659"><ele>5</ele></trkpt>
      <trkpt lat="51.540958" lon="0.111231"><ele>3.5</ele></trkpt>
      <trkpt lat="51.540895" lon="0.111058"><ele>3</ele></trkpt>
      <trkpt lat="51.540873" lon="0.111035"><ele>3</ele></trkpt>
      <trkpt lat="51.54089" lon="0.110936"><ele>3</ele></trkpt>
      <trkpt lat="51.540922" lon="0.110827"><ele>3.25</ele></trkpt>
      <trkpt lat="51.540915" lon="0.110748"><ele>3.5</ele></trkpt>
      <trkpt lat="51.540886" lon="0.110692"><ele>3.5</ele></trkpt>
      <trkpt lat="51.540697" lon="0.110571"><ele>2.75</ele></trkpt>
      <trkpt lat="51.540662" lon="0.11054"><ele>2.75</ele></trkpt>
      <trkpt lat="51.540622" lon="0.110488"><ele>2.5</ele></trkpt>
      <trkpt lat="51.540574" lon="0.110345"><ele>2.75</ele></trkpt>
      <trkpt lat="51.540537" lon="0.110197"><ele>2.75</ele></trkpt>
      <trkpt lat="51.540519" lon="0.110093"><ele>2.75</ele></trkpt>
      <trkpt lat="51.540503" lon="0.109954"><ele>2.75</ele></trkpt>
      <trkpt lat="51.540509" lon="0.109875"><ele>2.75</ele></trkpt>
      <trkpt lat="51.540542" lon="0.109675"><ele>2.75</ele></trkpt>
      <trkpt lat="51.540535" lon="0.109618"><ele>2.75</ele></trkpt>
      <trkpt lat="51.540454" lon="0.109329"><ele>2.25</ele></trkpt>
      <trkpt lat="51.540404" lon="0.109076"><ele>2</ele></trkpt>
      <trkpt lat="51.540392" lon="0.109019"><ele>2.25</ele></trkpt>
      <trkpt lat="51.540346" lon="0.108786"><ele>2.75</ele></trkpt>
      <trkpt lat="51.540352" lon="0.108682"><ele>2.5</ele></trkpt>
      <trkpt lat="51.540274" lon="0.108327"><ele>3.75</ele></trkpt>
      <trkpt lat="51.540257" lon="0.108221"><ele>3.75</ele></trkpt>
      <trkpt lat="51.540256" lon="0.108082"><ele>3.75</ele></trkpt>
      <trkpt lat="51.540266" lon="0.108036"><ele>3.75</ele></trkpt>
      <trkpt lat="51.540409" lon="0.107733"><ele>4</ele></trkpt>
      <trkpt lat="51.54043" lon="0.107642"><ele>4</ele></trkpt>
      <trkpt lat="51.540429" lon="0.107545"><ele>4</ele></trkpt>
      <trkpt lat="51.54036" lon="0.106981"><ele>3.5</ele></trkpt>
      <trkpt lat="51.540353" lon="0.106826"><ele>3.5</ele></trkpt>
      <trkpt lat="51.54037" lon="0.106675"><ele>3.5</ele></trkpt>
      <trkpt lat="51.540422" lon="0.106374"><ele>4</ele></trkpt>
      <trkpt lat="51.540449" lon="0.106015"><ele>4</ele></trkpt>
      <trkpt lat="51.540482" lon="0.105827"><ele>4</ele></trkpt>
      <trkpt lat="51.540553" lon="0.105676"><ele>4.5</ele></trkpt>
      <trkpt lat="51.540636" lon="0.105563"><ele>4.5</ele></trkpt>
      <trkpt lat="51.540737" lon="0.105474"><ele>4</ele></trkpt>
      <trkpt lat="51.540963" lon="0.105326"><ele>3.75</ele></trkpt>
      <trkpt lat="51.540982" lon="0.105176"><ele>3.5</ele></trkpt>
      <trkpt lat="51.540948" lon="0.105048"><ele>3</ele></trkpt>
      <trkpt lat="51.540933" lon="0.104779"><ele>3</ele></trkpt>
      <trkpt lat="51.540872" lon="0.104371"><ele>3</ele></trkpt>
      <trkpt lat="51.540836" lon="0.104252"><ele>2.75</ele></trkpt>
      <trkpt lat="51.540694" lon="0.103792"><ele>3</ele></trkpt>
      <trkpt lat="51.540625" lon="0.103565"><ele>3.75</ele></trkpt>
      <trkpt lat="51.540543" lon="0.103306"><ele>4</ele></trkpt>
      <trkpt lat="51.540385" lon="0.1028"><ele>4.5</ele></trkpt>
      <trkpt lat="51.540255" lon="0.102373"><ele>5</ele></trkpt>
      <trkpt lat="51.540116" lon="0.10193"><ele>5.75</ele></trkpt>
      <trkpt lat="51.54008" lon="0.101807"><ele>5.75</ele></trkpt>
      <trkpt lat="51.540017" lon="0.101614"><ele>5.75</ele></trkpt>
      <trkpt lat="51.539941" lon="0.101372"><ele>6</ele></trkpt>
      <trkpt lat="51.539922" lon="0.101312"><ele>6.25</ele></trkpt>
      <trkpt lat="51.539828" lon="0.101011"><ele>6.25</ele></trkpt>
      <trkpt lat="51.538969" lon="0.101692"><ele>7.5</ele></trkpt>
      <trkpt lat="51.538945" lon="0.101726"><ele>7.5</ele></trkpt>
      <trkpt lat="51.538899" lon="0.101716"><ele>7.75</ele></trkpt>
      <trkpt lat="51.538817" lon="0.101741"><ele>8.25</ele></trkpt>
      <trkpt lat="51.53878" lon="0.101615"><ele>9.25</ele></trkpt>
      <trkpt lat="51.538691" lon="0.10168"><ele>9.75</ele></trkpt>
      <trkpt lat="51.538665" lon="0.101588"><ele>10</ele></trkpt>
      <trkpt lat="51.538489" lon="0.101721"><ele>10</ele></trkpt>
      <trkpt lat="51.538439" lon="0.101758"><ele>10</ele></trkpt>
      <trkpt lat="51.538489" lon="0.101721"><ele>10</ele></trkpt>
      <trkpt lat="51.538665" lon="0.101588"><ele>10</ele></trkpt>
      <trkpt lat="51.538691" lon="0.10168"><ele>9.75</ele></trkpt>
      <trkpt lat="51.53878" lon="0.101615"><ele>9.25</ele></trkpt>
      <trkpt lat="51.538817" lon="0.101741"><ele>8.25</ele></trkpt>
      <trkpt lat="51.538899" lon="0.101716"><ele>7.75</ele></trkpt>
      <trkpt lat="51.538945" lon="0.101726"><ele>7.5</ele></trkpt>
      <trkpt lat="51.538969" lon="0.101692"><ele>7.5</ele></trkpt>
      <trkpt lat="51.539828" lon="0.101011"><ele>6.25</ele></trkpt>
      <trkpt lat="51.539735" lon="0.100688"><ele>5.75</ele></trkpt>
      <trkpt lat="51.539795" lon="0.10062"><ele>5.75</ele></trkpt>
      <trkpt lat="51.539838" lon="0.10057"><ele>5.5</ele></trkpt>
      <trkpt lat="51.539896" lon="0.100526"><ele>5.25</ele></trkpt>
      <trkpt lat="51.539959" lon="0.100446"><ele>5</ele></trkpt>
      <trkpt lat="51.53998" lon="0.100414"><ele>5</ele></trkpt>
      <trkpt lat="51.540003" lon="0.100381"><ele>4.75</ele></trkpt>
      <trkpt lat="51.540054" lon="0.100326"><ele>4.75</ele></trkpt>
      <trkpt lat="51.540164" lon="0.100092"><ele>4.75</ele></trkpt>
      <trkpt lat="51.540228" lon="0.099922"><ele>4.75</ele></trkpt>
      <trkpt lat="51.540305" lon="0.09962"><ele>3.75</ele></trkpt>
      <trkpt lat="51.540328" lon="0.099505"><ele>3.75</ele></trkpt>
      <trkpt lat="51.54037" lon="0.099287"><ele>3.5</ele></trkpt>
      <trkpt lat="51.540423" lon="0.09906"><ele>3.25</ele></trkpt>
      <trkpt lat="51.540466" lon="0.098969"><ele>3.25</ele></trkpt>
      <trkpt lat="51.5405" lon="0.098895"><ele>3</ele></trkpt>
      <trkpt lat="51.54053" lon="0.098827"><ele>3</ele></trkpt>
      <trkpt lat="51.540556" lon="0.09875"><ele>3</ele></trkpt>
      <trkpt lat="51.540657" lon="0.098594"><ele>3.25</ele></trkpt>
      <trkpt lat="51.540749" lon="0.098454"><ele>3.75</ele></trkpt>
      <trkpt lat="51.541018" lon="0.098125"><ele>4.5</ele></trkpt>
      <trkpt lat="51.540982" lon="0.098041"><ele>4.5</ele></trkpt>
      <trkpt lat="51.541169" lon="0.097807"><ele>5</ele></trkpt>
      <trkpt lat="51.541195" lon="0.097777"><ele>5.25</ele></trkpt>
      <trkpt lat="51.541256" lon="0.097703"><ele>5.5</ele></trkpt>
      <trkpt lat="51.541315" lon="0.097631"><ele>5.75</ele></trkpt>
      <trkpt lat="51.541353" lon="0.097585"><ele>5.75</ele></trkpt>
      <trkpt lat="51.541325" lon="0.09753"><ele>5.75</ele></trkpt>
      <trkpt lat="51.541318" lon="0.097516"><ele>5.75</ele></trkpt>
      <trkpt lat="51.541488" lon="0.097298"><ele>6.75</ele></trkpt>
      <trkpt lat="51.541493" lon="0.097254"><ele>6.75</ele></trkpt>
      <trkpt lat="51.541417" lon="0.097061"><ele>7</ele></trkpt>
      <trkpt lat="51.541413" lon="0.096975"><ele>7</ele></trkpt>
      <trkpt lat="51.541289" lon="0.096758"><ele>7</ele></trkpt>
      <trkpt lat="51.541158" lon="0.096531"><ele>7</ele></trkpt>
      <trkpt lat="51.54088" lon="0.095945"><ele>6.75</ele></trkpt>
      <trkpt lat="51.540783" lon="0.095741"><ele>7</ele></trkpt>
      <trkpt lat="51.540596" lon="0.095302"><ele>7</ele></trkpt>
      <trkpt lat="51.540444" lon="0.094948"><ele>7.75</ele></trkpt>
      <trkpt lat="51.540286" lon="0.094641"><ele>7</ele></trkpt>
      <trkpt lat="51.540056" lon="0.094171"><ele>7</ele></trkpt>
      <trkpt lat="51.539956" lon="0.09398"><ele>7</ele></trkpt>
      <trkpt lat="51.539895" lon="0.093826"><ele>7</ele></trkpt>
      <trkpt lat="51.539817" lon="0.09361"><ele>7.25</ele></trkpt>
      <trkpt lat="51.539758" lon="0.093309"><ele>7</ele></trkpt>
      <trkpt lat="51.539679" lon="0.092834"><ele>7</ele></trkpt>
      <trkpt lat="51.539625" lon="0.092674"><ele>7</ele></trkpt>
      <trkpt lat="51.539502" lon="0.09242"><ele>7</ele></trkpt>
      <trkpt lat="51.539276" lon="0.09206"><ele>7</ele></trkpt>
      <trkpt lat="51.539125" lon="0.091851"><ele>7</ele></trkpt>
      <trkpt lat="51.5389" lon="0.091506"><ele>7</ele></trkpt>
      <trkpt lat="51.538749" lon="0.091274"><ele>7</ele></trkpt>
      <trkpt lat="51.538653" lon="0.091124"><ele>6.75</ele></trkpt>
      <trkpt lat="51.538616" lon="0.090943"><ele>6.25</ele></trkpt>
      <trkpt lat="51.538611" lon="0.090422"><ele>5.75</ele></trkpt>
      <trkpt lat="51.538606" lon="0.089813"><ele>5</ele></trkpt>
      <trkpt lat="51.538602" lon="0.088975"><ele>5</ele></trkpt>
      <trkpt lat="51.5386" lon="0.088474"><ele>5.5</ele></trkpt>
      <trkpt lat="51.538583" lon="0.088234"><ele>6</ele></trkpt>
      <trkpt lat="51.538557" lon="0.088035"><ele>6</ele></trkpt>
      <trkpt lat="51.538471" lon="0.087625"><ele>6.5</ele></trkpt>
      <trkpt lat="51.538308" lon="0.087122"><ele>6.25</ele></trkpt>
      <trkpt lat="51.538066" lon="0.086467"><ele>7</ele></trkpt>
      <trkpt lat="51.538001" lon="0.086291"><ele>6.5</ele></trkpt>
      <trkpt lat="51.537967" lon="0.086137"><ele>6.25</ele></trkpt>
      <trkpt lat="51.537968" lon="0.086033"><ele>6.25</ele></trkpt>
      <trkpt lat="51.537986" lon="0.085929"><ele>6.5</ele></trkpt>
      <trkpt lat="51.538053" lon="0.085628"><ele>6.75</ele></trkpt>
      <trkpt lat="51.538174" lon="0.08508"><ele>7.25</ele></trkpt>
      <trkpt lat="51.538272" lon="0.084638"><ele>7.75</ele></trkpt>
      <trkpt lat="51.538424" lon="0.084178"><ele>7.25</ele></trkpt>
      <trkpt lat="51.538508" lon="0.083978"><ele>7.5</ele></trkpt>
      <trkpt lat="51.538623" lon="0.083798"><ele>8</ele></trkpt>
      <trkpt lat="51.538809" lon="0.083455"><ele>7.75</ele></trkpt>
      <trkpt lat="51.538988" lon="0.083121"><ele>8</ele></trkpt>
      <trkpt lat="51.539194" lon="0.082738"><ele>8</ele></trkpt>
      <trkpt lat="51.539282" lon="0.082553"><ele>8.25</ele></trkpt>
      <trkpt lat="51.539512" lon="0.082084"><ele>9.25</ele></trkpt>
      <trkpt lat="51.539606" lon="0.081893"><ele>9.5</ele></trkpt>
      <trkpt lat="51.539588" lon="0.081868"><ele>9.25</ele></trkpt>
      <trkpt lat="51.539578" lon="0.081837"><ele>9</ele></trkpt>
      <trkpt lat="51.539543" lon="0.081775"><ele>8.5</ele></trkpt>
      <trkpt lat="51.539559" lon="0.081743"><ele>8.75</ele></trkpt>
      <trkpt lat="51.539581" lon="0.081697"><ele>9</ele></trkpt>
      <trkpt lat="51.539605" lon="0.081648"><ele>9</ele></trkpt>
      <trkpt lat="51.539638" lon="0.08157"><ele>9</ele></trkpt>
      <trkpt lat="51.539288" lon="0.081116"><ele>9.75</ele></trkpt>
      <trkpt lat="51.538918" lon="0.080637"><ele>9.75</ele></trkpt>
      <trkpt lat="51.538828" lon="0.080521"><ele>9.5</ele></trkpt>
      <trkpt lat="51.538792" lon="0.08047"><ele>9</ele></trkpt>
      <trkpt lat="51.538768" lon="0.080433"><ele>8.75</ele></trkpt>
      <trkpt lat="51.53876" lon="0.080424"><ele>8.75</ele></trkpt>
      <trkpt lat="51.538725" lon="0.080479"><ele>9</ele></trkpt>
      <trkpt lat="51.538705" lon="0.080474"><ele>8.75</ele></trkpt>
      <trkpt lat="51.538361" lon="0.080003"><ele>8</ele></trkpt>
      <trkpt lat="51.538152" lon="0.079707"><ele>8</ele></trkpt>
      <trkpt lat="51.538126" lon="0.079658"><ele>8</ele></trkpt>
      <trkpt lat="51.538076" lon="0.079598"><ele>8.25</ele></trkpt>
      <trkpt lat="51.538079" lon="0.079502"><ele>8.5</ele></trkpt>
      <trkpt lat="51.538186" lon="0.079173"><ele>8.5</ele></trkpt>
      <trkpt lat="51.538193" lon="0.079153"><ele>8.5</ele></trkpt>
      <trkpt lat="51.538114" lon="0.079004"><ele>8.75</ele></trkpt>
      <trkpt lat="51.538101" lon="0.07893"><ele>8.75</ele></trkpt>
      <trkpt lat="51.538099" lon="0.078807"><ele>9</ele></trkpt>
      <trkpt lat="51.538065" lon="0.078476"><ele>9</ele></trkpt>
      <trkpt lat="51.537955" lon="0.077733"><ele>9</ele></trkpt>
      <trkpt lat="51.537905" lon="0.077462"><ele>9</ele></trkpt>
      <trkpt lat="51.537702" lon="0.076327"><ele>8.75</ele></trkpt>
      <trkpt lat="51.537676" lon="0.076288"><ele>8.5</ele></trkpt>
      <trkpt lat="51.537633" lon="0.076254"><ele>8.5</ele></trkpt>
      <trkpt lat="51.537629" lon="0.076227"><ele>8.25</ele></trkpt>
      <trkpt lat="51.537619" lon="0.07616"><ele>8</ele></trkpt>
      <trkpt lat="51.537599" lon="0.076048"><ele>8</ele></trkpt>
      <trkpt lat="51.537592" lon="0.076009"><ele>8</ele></trkpt>
      <trkpt lat="51.537609" lon="0.075975"><ele>8</ele></trkpt>
      <trkpt lat="51.537619" lon="0.075941"><ele>8</ele></trkpt>
      <trkpt lat="51.537636" lon="0.075842"><ele>8</ele></trkpt>
      <trkpt lat="51.537635" lon="0.075723"><ele>8</ele></trkpt>
      <trkpt lat="51.537592" lon="0.075187"><ele>7</ele></trkpt>
      <trkpt lat="51.537493" lon="0.073741"><ele>5</ele></trkpt>
      <trkpt lat="51.537483" lon="0.07374"><ele>5</ele></trkpt>
      <trkpt lat="51.537477" lon="0.073721"><ele>5</ele></trkpt>
      <trkpt lat="51.537469" lon="0.073678"><ele>5</ele></trkpt>
      <trkpt lat="51.537462" lon="0.073639"><ele>5</ele></trkpt>
      <trkpt lat="51.537456" lon="0.073608"><ele>4.75</ele></trkpt>
      <trkpt lat="51.537449" lon="0.073567"><ele>4.75</ele></trkpt>
      <trkpt lat="51.537441" lon="0.073526"><ele>4.75</ele></trkpt>
      <trkpt lat="51.537433" lon="0.07349"><ele>4.75</ele></trkpt>
      <trkpt lat="51.537473" lon="0.07344"><ele>4.75</ele></trkpt>
      <trkpt lat="51.537483" lon="0.073314"><ele>4.75</ele></trkpt>
      <trkpt lat="51.537325" lon="0.072061"><ele>5</ele></trkpt>
      <trkpt lat="51.537314" lon="0.071995"><ele>5</ele></trkpt>
      <trkpt lat="51.537167" lon="0.071367"><ele>4.5</ele></trkpt>
      <trkpt lat="51.537053" lon="0.071005"><ele>4.5</ele></trkpt>
      <trkpt lat="51.53703" lon="0.070947"><ele>4.75</ele></trkpt>
      <trkpt lat="51.537043" lon="0.070937"><ele>4.75</ele></trkpt>
      <trkpt lat="51.537087" lon="0.070903"><ele>5</ele></trkpt>
      <trkpt lat="51.537126" lon="0.070873"><ele>5.25</ele></trkpt>
      <trkpt lat="51.537135" lon="0.070866"><ele>5.25</ele></trkpt>
      <trkpt lat="51.536989" lon="0.070417"><ele>5</ele></trkpt>
      <trkpt lat="51.537005" lon="0.070413"><ele>5</ele></trkpt>
      <trkpt lat="51.537161" lon="0.070274"><ele>4.75</ele></trkpt>
      <trkpt lat="51.537216" lon="0.070236"><ele>4.75</ele></trkpt>
      <trkpt lat="51.537232" lon="0.070197"><ele>4.75</ele></trkpt>
      <trkpt lat="51.537438" lon="0.07006"><ele>4.25</ele></trkpt>
      <trkpt lat="51.537461" lon="0.070019"><ele>4</ele></trkpt>
      <trkpt lat="51.537514" lon="0.069702"><ele>3</ele></trkpt>
      <trkpt lat="51.53744" lon="0.069624"><ele>3</ele></trkpt>
      <trkpt lat="51.53752" lon="0.069538"><ele>3</ele></trkpt>
      <trkpt lat="51.537535" lon="0.069525"><ele>3</ele></trkpt>
      <trkpt lat="51.537524" lon="0.069469"><ele>3</ele></trkpt>
      <trkpt lat="51.53753" lon="0.069399"><ele>3</ele></trkpt>
      <trkpt lat="51.537647" lon="0.069011"><ele>3</ele></trkpt>
      <trkpt lat="51.537663" lon="0.068984"><ele>3</ele></trkpt>
      <trkpt lat="51.537711" lon="0.068923"><ele>3</ele></trkpt>
      <trkpt lat="51.538179" lon="0.068519"><ele>2.75</ele></trkpt>
      <trkpt lat="51.538354" lon="0.068368"><ele>2</ele></trkpt>
      <trkpt lat="51.538519" lon="0.068224"><ele>2.5</ele></trkpt>
      <trkpt lat="51.53873" lon="0.068044"><ele>2.25</ele></trkpt>
      <trkpt lat="51.539462" lon="0.067412"><ele>2.5</ele></trkpt>
      <trkpt lat="51.539523" lon="0.067359"><ele>2.5</ele></trkpt>
      <trkpt lat="51.539504" lon="0.0673"><ele>2.25</ele></trkpt>
      <trkpt lat="51.539633" lon="0.067211"><ele>2.5</ele></trkpt>
      <trkpt lat="51.539596" lon="0.067111"><ele>2.25</ele></trkpt>
      <trkpt lat="51.539608" lon="0.067103"><ele>2.25</ele></trkpt>
      <trkpt lat="51.540001" lon="0.066893"><ele>2.25</ele></trkpt>
      <trkpt lat="51.540017" lon="0.066886"><ele>2.25</ele></trkpt>
      <trkpt lat="51.539947" lon="0.066393"><ele>2.25</ele></trkpt>
      <trkpt lat="51.539874" lon="0.065728"><ele>2.25</ele></trkpt>
      <trkpt lat="51.539872" lon="0.065701"><ele>2.25</ele></trkpt>
      <trkpt lat="51.539857" lon="0.065704"><ele>2.5</ele></trkpt>
      <trkpt lat="51.539824" lon="0.06571"><ele>2.5</ele></trkpt>
      <trkpt lat="51.539802" lon="0.065491"><ele>2.5</ele></trkpt>
      <trkpt lat="51.539708" lon="0.064606"><ele>2</ele></trkpt>
      <trkpt lat="51.539662" lon="0.064189"><ele>2</ele></trkpt>
      <trkpt lat="51.539654" lon="0.064049"><ele>2</ele></trkpt>
      <trkpt lat="51.539658" lon="0.063913"><ele>2</ele></trkpt>
      <trkpt lat="51.539665" lon="0.063828"><ele>2</ele></trkpt>
      <trkpt lat="51.539697" lon="0.063643"><ele>2.75</ele></trkpt>
      <trkpt lat="51.539723" lon="0.063494"><ele>2.75</ele></trkpt>
      <trkpt lat="51.539881" lon="0.062583"><ele>3.75</ele></trkpt>
      <trkpt lat="51.53989" lon="0.06252"><ele>3.75</ele></trkpt>
      <trkpt lat="51.53989" lon="0.062391"><ele>4</ele></trkpt>
      <trkpt lat="51.539874" lon="0.062216"><ele>4</ele></trkpt>
      <trkpt lat="51.53984" lon="0.06195"><ele>4</ele></trkpt>
      <trkpt lat="51.539761" lon="0.061397"><ele>5</ele></trkpt>
      <trkpt lat="51.539678" lon="0.060812"><ele>5</ele></trkpt>
      <trkpt lat="51.539652" lon="0.060634"><ele>5.75</ele></trkpt>
      <trkpt lat="51.539616" lon="0.06038"><ele>6</ele></trkpt>
      <trkpt lat="51.539581" lon="0.060127"><ele>6</ele></trkpt>
      <trkpt lat="51.539535" lon="0.059799"><ele>6</ele></trkpt>
      <trkpt lat="51.539485" lon="0.059447"><ele>6</ele></trkpt>
      <trkpt lat="51.539424" lon="0.059018"><ele>6.5</ele></trkpt>
      <trkpt lat="51.539368" lon="0.058628"><ele>7</ele></trkpt>
      <trkpt lat="51.53931" lon="0.05822"><ele>7</ele></trkpt>
      <trkpt lat="51.539252" lon="0.057812"><ele>7</ele></trkpt>
      <trkpt lat="51.539202" lon="0.057461"><ele>7</ele></trkpt>
      <trkpt lat="51.539132" lon="0.056988"><ele>6.25</ele></trkpt>
      <trkpt lat="51.539062" lon="0.056429"><ele>7</ele></trkpt>
      <trkpt lat="51.53901" lon="0.056041"><ele>7</ele></trkpt>
      <trkpt lat="51.538923" lon="0.055408"><ele>7</ele></trkpt>
      <trkpt lat="51.538791" lon="0.054412"><ele>7</ele></trkpt>
      <trkpt lat="51.538683" lon="0.053603"><ele>6.75</ele></trkpt>
      <trkpt lat="51.538583" lon="0.052865"><ele>7</ele></trkpt>
      <trkpt lat="51.53855" lon="0.052616"><ele>7</ele></trkpt>
      <trkpt lat="51.538464" lon="0.051984"><ele>8</ele></trkpt>
      <trkpt lat="51.538449" lon="0.05187"><ele>8</ele></trkpt>
      <trkpt lat="51.538442" lon="0.051826"><ele>8</ele></trkpt>
      <trkpt lat="51.538422" lon="0.051611"><ele>8.5</ele></trkpt>
      <trkpt lat="51.538415" lon="0.051555"><ele>8.5</ele></trkpt>
      <trkpt lat="51.53845" lon="0.051544"><ele>8.75</ele></trkpt>
      <trkpt lat="51.538494" lon="0.051486"><ele>9</ele></trkpt>
      <trkpt lat="51.538787" lon="0.051405"><ele>9</ele></trkpt>
      <trkpt lat="51.538963" lon="0.051361"><ele>9</ele></trkpt>
      <trkpt lat="51.538958" lon="0.051327"><ele>9</ele></trkpt>
      <trkpt lat="51.538954" lon="0.051266"><ele>9</ele></trkpt>
      <trkpt lat="51.538952" lon="0.051228"><ele>9</ele></trkpt>
      <trkpt lat="51.538948" lon="0.051188"><ele>9</ele></trkpt>
      <trkpt lat="51.538948" lon="0.051187"><ele>9</ele></trkpt>
      <trkpt lat="51.539113" lon="0.051139"><ele>9</ele></trkpt>
      <trkpt lat="51.539487" lon="0.051016"><ele>9</ele></trkpt>
      <trkpt lat="51.539529" lon="0.050978"><ele>9</ele></trkpt>
      <trkpt lat="51.539556" lon="0.050966"><ele>9</ele></trkpt>
      <trkpt lat="51.539554" lon="0.050955"><ele>9</ele></trkpt>
      <trkpt lat="51.539456" lon="0.050441"><ele>8</ele></trkpt>
      <trkpt lat="51.539451" lon="0.050417"><ele>8</ele></trkpt>
      <trkpt lat="51.539428" lon="0.050297"><ele>8</ele></trkpt>
      <trkpt lat="51.539304" lon="0.049762"><ele>8</ele></trkpt>
      <trkpt lat="51.539076" lon="0.04878"><ele>8</ele></trkpt>
      <trkpt lat="51.539047" lon="0.048657"><ele>8</ele></trkpt>
      <trkpt lat="51.538896" lon="0.048008"><ele>8</ele></trkpt>
      <trkpt lat="51.538821" lon="0.047684"><ele>8</ele></trkpt>
      <trkpt lat="51.53877" lon="0.047467"><ele>8</ele></trkpt>
      <trkpt lat="51.538731" lon="0.047293"><ele>8</ele></trkpt>
      <trkpt lat="51.538516" lon="0.046364"><ele>8</ele></trkpt>
      <trkpt lat="51.538339" lon="0.045602"><ele>8</ele></trkpt>
      <trkpt lat="51.53821" lon="0.045043"><ele>8</ele></trkpt>
      <trkpt lat="51.538019" lon="0.044218"><ele>8</ele></trkpt>
      <trkpt lat="51.537874" lon="0.043593"><ele>8.5</ele></trkpt>
      <trkpt lat="51.537854" lon="0.04351"><ele>8.5</ele></trkpt>
      <trkpt lat="51.537829" lon="0.043459"><ele>8.75</ele></trkpt>
      <trkpt lat="51.537797" lon="0.043422"><ele>8.75</ele></trkpt>
      <trkpt lat="51.537747" lon="0.043373"><ele>8.75</ele></trkpt>
      <trkpt lat="51.537742" lon="0.043386"><ele>8.75</ele></trkpt>
      <trkpt lat="51.537716" lon="0.043358"><ele>8.75</ele></trkpt>
      <trkpt lat="51.537702" lon="0.043342"><ele>8.5</ele></trkpt>
      <trkpt lat="51.537712" lon="0.043316"><ele>8.75</ele></trkpt>
      <trkpt lat="51.53772" lon="0.043293"><ele>8.75</ele></trkpt>
      <trkpt lat="51.537576" lon="0.043122"><ele>8.25</ele></trkpt>
      <trkpt lat="51.53756" lon="0.043087"><ele>8</ele></trkpt>
      <trkpt lat="51.537418" lon="0.042426"><ele>8</ele></trkpt>
      <trkpt lat="51.537418" lon="0.042398"><ele>8</ele></trkpt>
      <trkpt lat="51.537409" lon="0.04237"><ele>8</ele></trkpt>
      <trkpt lat="51.53739" lon="0.042282"><ele>8</ele></trkpt>
      <trkpt lat="51.537374" lon="0.042211"><ele>8</ele></trkpt>
      <trkpt lat="51.537375" lon="0.04219"><ele>8</ele></trkpt>
      <trkpt lat="51.537361" lon="0.042168"><ele>8</ele></trkpt>
      <trkpt lat="51.536959" lon="0.040377"><ele>8.5</ele></trkpt>
      <trkpt lat="51.536709" lon="0.038926"><ele>9</ele></trkpt>
      <trkpt lat="51.536694" lon="0.038753"><ele>9</ele></trkpt>
      <trkpt lat="51.536699" lon="0.0386"><ele>9</ele></trkpt>
      <trkpt lat="51.536721" lon="0.038515"><ele>9</ele></trkpt>
      <trkpt lat="51.536797" lon="0.038254"><ele>9</ele></trkpt>
      <trkpt lat="51.536827" lon="0.038199"><ele>9</ele></trkpt>
      <trkpt lat="51.536843" lon="0.038185"><ele>9</ele></trkpt>
      <trkpt lat="51.53684" lon="0.038174"><ele>9</ele></trkpt>
      <trkpt lat="51.536819" lon="0.038111"><ele>9</ele></trkpt>
      <trkpt lat="51.536803" lon="0.038061"><ele>9</ele></trkpt>
      <trkpt lat="51.536785" lon="0.038007"><ele>9</ele></trkpt>
      <trkpt lat="51.536784" lon="0.037874"><ele>9</ele></trkpt>
      <trkpt lat="51.536797" lon="0.037876"><ele>9</ele></trkpt>
      <trkpt lat="51.536838" lon="0.037884"><ele>9</ele></trkpt>
      <trkpt lat="51.536851" lon="0.037778"><ele>9</ele></trkpt>
      <trkpt lat="51.536811" lon="0.037747"><ele>9</ele></trkpt>
      <trkpt lat="51.536788" lon="0.03773"><ele>9</ele></trkpt>
      <trkpt lat="51.536267" lon="0.037343"><ele>9</ele></trkpt>
      <trkpt lat="51.536041" lon="0.037175"><ele>8.25</ele></trkpt>
      <trkpt lat="51.535991" lon="0.037125"><ele>7.75</ele></trkpt>
      <trkpt lat="51.535963" lon="0.037097"><ele>7.5</ele></trkpt>
      <trkpt lat="51.535925" lon="0.037009"><ele>7.5</ele></trkpt>
      <trkpt lat="51.535681" lon="0.035936"><ele>7.25</ele></trkpt>
      <trkpt lat="51.535582" lon="0.035504"><ele>9</ele></trkpt>
      <trkpt lat="51.535578" lon="0.035487"><ele>9</ele></trkpt>
      <trkpt lat="51.535566" lon="0.035429"><ele>9</ele></trkpt>
      <trkpt lat="51.535551" lon="0.035372"><ele>8.75</ele></trkpt>
      <trkpt lat="51.535495" lon="0.03539"><ele>8.5</ele></trkpt>
      <trkpt lat="51.535379" lon="0.03543"><ele>8</ele></trkpt>
      <trkpt lat="51.535364" lon="0.035435"><ele>8</ele></trkpt>
      <trkpt lat="51.535326" lon="0.035449"><ele>7.75</ele></trkpt>
      <trkpt lat="51.535272" lon="0.035467"><ele>7.75</ele></trkpt>
      <trkpt lat="51.535257" lon="0.035472"><ele>7.75</ele></trkpt>
      <trkpt lat="51.535215" lon="0.035486"><ele>7.75</ele></trkpt>
      <trkpt lat="51.535139" lon="0.03551"><ele>8.25</ele></trkpt>
      <trkpt lat="51.535134" lon="0.035454"><ele>8</ele></trkpt>
      <trkpt lat="51.535126" lon="0.035345"><ele>7.75</ele></trkpt>
      <trkpt lat="51.535116" lon="0.035218"><ele>7.5</ele></trkpt>
      <trkpt lat="51.535087" lon="0.035053"><ele>7.75</ele></trkpt>
      <trkpt lat="51.534866" lon="0.034052"><ele>6.75</ele></trkpt>
      <trkpt lat="51.534711" lon="0.033357"><ele>8</ele></trkpt>
      <trkpt lat="51.534636" lon="0.03303"><ele>7.25</ele></trkpt>
      <trkpt lat="51.534552" lon="0.032651"><ele>6.75</ele></trkpt>
      <trkpt lat="51.534475" lon="0.032297"><ele>7.75</ele></trkpt>
      <trkpt lat="51.534442" lon="0.032239"><ele>8</ele></trkpt>
      <trkpt lat="51.534404" lon="0.032207"><ele>7.75</ele></trkpt>
      <trkpt lat="51.534361" lon="0.0322"><ele>7.75</ele></trkpt>
      <trkpt lat="51.534291" lon="0.032227"><ele>8</ele></trkpt>
      <trkpt lat="51.534104" lon="0.032321"><ele>8</ele></trkpt>
      <trkpt lat="51.534077" lon="0.032319"><ele>8</ele></trkpt>
      <trkpt lat="51.533961" lon="0.03226"><ele>8</ele></trkpt>
      <trkpt lat="51.533918" lon="0.032261"><ele>8</ele></trkpt>
      <trkpt lat="51.533875" lon="0.032282"><ele>8</ele></trkpt>
      <trkpt lat="51.533779" lon="0.032325"><ele>8</ele></trkpt>
      <trkpt lat="51.533749" lon="0.032144"><ele>8</ele></trkpt>
      <trkpt lat="51.533732" lon="0.032087"><ele>8</ele></trkpt>
      <trkpt lat="51.53371" lon="0.032041"><ele>8</ele></trkpt>
      <trkpt lat="51.533687" lon="0.032003"><ele>8</ele></trkpt>
      <trkpt lat="51.533599" lon="0.031908"><ele>8</ele></trkpt>
      <trkpt lat="51.533531" lon="0.031827"><ele>8</ele></trkpt>
      <trkpt lat="51.533483" lon="0.031709"><ele>8</ele></trkpt>
      <trkpt lat="51.53344" lon="0.03155"><ele>7.5</ele></trkpt>
      <trkpt lat="51.533404" lon="0.031402"><ele>7.25</ele></trkpt>
      <trkpt lat="51.533361" lon="0.031172"><ele>7</ele></trkpt>
      <trkpt lat="51.533348" lon="0.031102"><ele>7</ele></trkpt>
      <trkpt lat="51.533303" lon="0.030848"><ele>7</ele></trkpt>
      <trkpt lat="51.533266" lon="0.030585"><ele>7</ele></trkpt>
      <trkpt lat="51.533243" lon="0.030361"><ele>7</ele></trkpt>
      <trkpt lat="51.533235" lon="0.030244"><ele>7</ele></trkpt>
      <trkpt lat="51.533208" lon="0.029787"><ele>7</ele></trkpt>
      <trkpt lat="51.533168" lon="0.029446"><ele>7</ele></trkpt>
      <trkpt lat="51.533095" lon="0.028932"><ele>7</ele></trkpt>
      <trkpt lat="51.533061" lon="0.028703"><ele>7</ele></trkpt>
      <trkpt lat="51.53303" lon="0.028468"><ele>7</ele></trkpt>
      <trkpt lat="51.533047" lon="0.028359"><ele>7</ele></trkpt>
      <trkpt lat="51.533083" lon="0.028298"><ele>7</ele></trkpt>
      <trkpt lat="51.53322" lon="0.028228"><ele>7</ele></trkpt>
      <trkpt lat="51.533274" lon="0.028146"><ele>7</ele></trkpt>
      <trkpt lat="51.533293" lon="0.028016"><ele>7</ele></trkpt>
      <trkpt lat="51.533273" lon="0.027889"><ele>7.25</ele></trkpt>
      <trkpt lat="51.533204" lon="0.027597"><ele>7.5</ele></trkpt>
      <trkpt lat="51.533112" lon="0.027182"><ele>7.75</ele></trkpt>
      <trkpt lat="51.53302" lon="0.026763"><ele>8</ele></trkpt>
      <trkpt lat="51.532995" lon="0.026648"><ele>7.75</ele></trkpt>
      <trkpt lat="51.532924" lon="0.026315"><ele>7.25</ele></trkpt>
      <trkpt lat="51.532874" lon="0.026085"><ele>7</ele></trkpt>
      <trkpt lat="51.532834" lon="0.025893"><ele>7</ele></trkpt>
      <trkpt lat="51.53281" lon="0.025778"><ele>6.75</ele></trkpt>
      <trkpt lat="51.532717" lon="0.025339"><ele>7</ele></trkpt>
      <trkpt lat="51.532658" lon="0.025068"><ele>7.75</ele></trkpt>
      <trkpt lat="51.532537" lon="0.024508"><ele>6.75</ele></trkpt>
      <trkpt lat="51.532449" lon="0.024114"><ele>7</ele></trkpt>
      <trkpt lat="51.532319" lon="0.023526"><ele>6.75</ele></trkpt>
      <trkpt lat="51.532279" lon="0.023343"><ele>6.75</ele></trkpt>
      <trkpt lat="51.532057" lon="0.022197"><ele>6.5</ele></trkpt>
      <trkpt lat="51.532047" lon="0.02215"><ele>6.5</ele></trkpt>
      <trkpt lat="51.532033" lon="0.022076"><ele>6.5</ele></trkpt>
      <trkpt lat="51.531944" lon="0.022086"><ele>6.75</ele></trkpt>
      <trkpt lat="51.531937" lon="0.022013"><ele>6.75</ele></trkpt>
      <trkpt lat="51.531936" lon="0.022001"><ele>6.75</ele></trkpt>
      <trkpt lat="51.531931" lon="0.021943"><ele>6.75</ele></trkpt>
      <trkpt lat="51.531938" lon="0.021903"><ele>6.75</ele></trkpt>
      <trkpt lat="51.531954" lon="0.02186"><ele>6.5</ele></trkpt>
      <trkpt lat="51.531987" lon="0.021817"><ele>6</ele></trkpt>
      <trkpt lat="51.532048" lon="0.021763"><ele>5.5</ele></trkpt>
      <trkpt lat="51.531983" lon="0.021478"><ele>5.5</ele></trkpt>
      <trkpt lat="51.531771" lon="0.020513"><ele>4.5</ele></trkpt>
      <trkpt lat="51.531691" lon="0.020143"><ele>4.75</ele></trkpt>
      <trkpt lat="51.531681" lon="0.020102"><ele>4.75</ele></trkpt>
      <trkpt lat="51.53166" lon="0.020058"><ele>4.75</ele></trkpt>
      <trkpt lat="51.531615" lon="0.02001"><ele>4.75</ele></trkpt>
      <trkpt lat="51.53153" lon="0.01996"><ele>4.25</ele></trkpt>
      <trkpt lat="51.531284" lon="0.019834"><ele>4.25</ele></trkpt>
      <trkpt lat="51.531244" lon="0.019811"><ele>4.5</ele></trkpt>
      <trkpt lat="51.531188" lon="0.019885"><ele>4.5</ele></trkpt>
      <trkpt lat="51.531105" lon="0.019862"><ele>5</ele></trkpt>
      <trkpt lat="51.531105" lon="0.019816"><ele>5</ele></trkpt>
      <trkpt lat="51.531098" lon="0.019625"><ele>5</ele></trkpt>
      <trkpt lat="51.531095" lon="0.019368"><ele>4.75</ele></trkpt>
      <trkpt lat="51.531133" lon="0.01913"><ele>4.75</ele></trkpt>
      <trkpt lat="51.531224" lon="0.018633"><ele>4</ele></trkpt>
      <trkpt lat="51.531249" lon="0.018528"><ele>3.75</ele></trkpt>
      <trkpt lat="51.531299" lon="0.018368"><ele>3.25</ele></trkpt>
      <trkpt lat="51.531353" lon="0.018236"><ele>3</ele></trkpt>
      <trkpt lat="51.531443" lon="0.018015"><ele>3</ele></trkpt>
      <trkpt lat="51.531426" lon="0.017999"><ele>3</ele></trkpt>
      <trkpt lat="51.531389" lon="0.017965"><ele>3</ele></trkpt>
      <trkpt lat="51.531357" lon="0.017935"><ele>3</ele></trkpt>
      <trkpt lat="51.531345" lon="0.017923"><ele>3</ele></trkpt>
      <trkpt lat="51.531364" lon="0.017876"><ele>3</ele></trkpt>
      <trkpt lat="51.531346" lon="0.01786"><ele>3</ele></trkpt>
      <trkpt lat="51.531325" lon="0.017839"><ele>3</ele></trkpt>
      <trkpt lat="51.531336" lon="0.017812"><ele>3</ele></trkpt>
      <trkpt lat="51.531318" lon="0.017731"><ele>3</ele></trkpt>
      <trkpt lat="51.53132" lon="0.0177"><ele>3</ele></trkpt>
      <trkpt lat="51.531306" lon="0.017637"><ele>3</ele></trkpt>
      <trkpt lat="51.531302" lon="0.017618"><ele>3</ele></trkpt>
      <trkpt lat="51.531287" lon="0.017552"><ele>3.25</ele></trkpt>
      <trkpt lat="51.531273" lon="0.01753"><ele>3.25</ele></trkpt>
      <trkpt lat="51.531302" lon="0.017515"><ele>3.25</ele></trkpt>
      <trkpt lat="51.531273" lon="0.01753"><ele>3.25</ele></trkpt>
      <trkpt lat="51.531272" lon="0.01756"><ele>3.25</ele></trkpt>
      <trkpt lat="51.531286" lon="0.017627"><ele>3</ele></trkpt>
      <trkpt lat="51.531291" lon="0.017646"><ele>3</ele></trkpt>
      <trkpt lat="51.531305" lon="0.017709"><ele>3</ele></trkpt>
      <trkpt lat="51.531318" lon="0.017731"><ele>3</ele></trkpt>
      <trkpt lat="51.531336" lon="0.017812"><ele>3</ele></trkpt>
      <trkpt lat="51.531325" lon="0.017839"><ele>3</ele></trkpt>
      <trkpt lat="51.531346" lon="0.01786"><ele>3</ele></trkpt>
      <trkpt lat="51.531364" lon="0.017876"><ele>3</ele></trkpt>
      <trkpt lat="51.531468" lon="0.017624"><ele>3.75</ele></trkpt>
      <trkpt lat="51.531823" lon="0.016757"><ele>3.75</ele></trkpt>
      <trkpt lat="51.531915" lon="0.016507"><ele>4.25</ele></trkpt>
      <trkpt lat="51.53193" lon="0.01647"><ele>4</ele></trkpt>
      <trkpt lat="51.531947" lon="0.016428"><ele>4</ele></trkpt>
      <trkpt lat="51.532049" lon="0.016189"><ele>3.25</ele></trkpt>
      <trkpt lat="51.532108" lon="0.016026"><ele>3.5</ele></trkpt>
      <trkpt lat="51.532127" lon="0.015978"><ele>3.5</ele></trkpt>
      <trkpt lat="51.532147" lon="0.015929"><ele>3.5</ele></trkpt>
      <trkpt lat="51.532308" lon="0.015518"><ele>3</ele></trkpt>
      <trkpt lat="51.532326" lon="0.015473"><ele>3</ele></trkpt>
      <trkpt lat="51.532185" lon="0.015274"><ele>3</ele></trkpt>
      <trkpt lat="51.532154" lon="0.01523"><ele>3</ele></trkpt>
      <trkpt lat="51.532139" lon="0.015207"><ele>3</ele></trkpt>
      <trkpt lat="51.532118" lon="0.015175"><ele>3</ele></trkpt>
      <trkpt lat="51.531776" lon="0.014687"><ele>3</ele></trkpt>
      <trkpt lat="51.531449" lon="0.014152"><ele>3</ele></trkpt>
      <trkpt lat="51.531386" lon="0.014039"><ele>3</ele></trkpt>
      <trkpt lat="51.531273" lon="0.013835"><ele>3</ele></trkpt>
      <trkpt lat="51.53099" lon="0.013265"><ele>3</ele></trkpt>
      <trkpt lat="51.530817" lon="0.012868"><ele>2.75</ele></trkpt>
      <trkpt lat="51.530647" lon="0.012435"><ele>3</ele></trkpt>
      <trkpt lat="51.530582" lon="0.01223"><ele>3</ele></trkpt>
      <trkpt lat="51.53056" lon="0.012095"><ele>3</ele></trkpt>
      <trkpt lat="51.53056" lon="0.012044"><ele>3</ele></trkpt>
      <trkpt lat="51.530559" lon="0.011997"><ele>3</ele></trkpt>
      <trkpt lat="51.530592" lon="0.011676"><ele>3</ele></trkpt>
      <trkpt lat="51.530646" lon="0.011264"><ele>3</ele></trkpt>
      <trkpt lat="51.530663" lon="0.01102"><ele>3</ele></trkpt>
      <trkpt lat="51.530666" lon="0.010863"><ele>3</ele></trkpt>
      <trkpt lat="51.530656" lon="0.010456"><ele>3</ele></trkpt>
      <trkpt lat="51.530629" lon="0.009913"><ele>3</ele></trkpt>
      <trkpt lat="51.530617" lon="0.009663"><ele>3</ele></trkpt>
      <trkpt lat="51.530601" lon="0.009355"><ele>3</ele></trkpt>
      <trkpt lat="51.530572" lon="0.008798"><ele>3</ele></trkpt>
      <trkpt lat="51.53055" lon="0.008355"><ele>2</ele></trkpt>
      <trkpt lat="51.530533" lon="0.008025"><ele>2</ele></trkpt>
      <trkpt lat="51.530529" lon="0.007954"><ele>2</ele></trkpt>
      <trkpt lat="51.530502" lon="0.007403"><ele>2.25</ele></trkpt>
      <trkpt lat="51.53047" lon="0.00677"><ele>2.5</ele></trkpt>
      <trkpt lat="51.530476" lon="0.006657"><ele>2.25</ele></trkpt>
      <trkpt lat="51.530482" lon="0.006601"><ele>2</ele></trkpt>
      <trkpt lat="51.53049" lon="0.006522"><ele>2</ele></trkpt>
      <trkpt lat="51.530497" lon="0.006457"><ele>2</ele></trkpt>
      <trkpt lat="51.530528" lon="0.006332"><ele>2</ele></trkpt>
      <trkpt lat="51.530562" lon="0.006265"><ele>2</ele></trkpt>
      <trkpt lat="51.530595" lon="0.006223"><ele>2</ele></trkpt>
      <trkpt lat="51.530572" lon="0.00618"><ele>2</ele></trkpt>
      <trkpt lat="51.530556" lon="0.006147"><ele>2</ele></trkpt>
      <trkpt lat="51.530579" lon="0.006077"><ele>2</ele></trkpt>
      <trkpt lat="51.530579" lon="0.006031"><ele>2</ele></trkpt>
      <trkpt lat="51.530548" lon="0.005963"><ele>2</ele></trkpt>
      <trkpt lat="51.530342" lon="0.005528"><ele>2.75</ele></trkpt>
      <trkpt lat="51.530195" lon="0.005273"><ele>4</ele></trkpt>
      <trkpt lat="51.530138" lon="0.005162"><ele>4</ele></trkpt>
      <trkpt lat="51.530118" lon="0.005121"><ele>3.75</ele></trkpt>
      <trkpt lat="51.530035" lon="0.004981"><ele>1.75</ele></trkpt>
      <trkpt lat="51.529955" lon="0.004864"><ele>1.5</ele></trkpt>
      <trkpt lat="51.529939" lon="0.004854"><ele>1.25</ele></trkpt>
      <trkpt lat="51.529908" lon="0.004834"><ele>1.25</ele></trkpt>
      <trkpt lat="51.529847" lon="0.0048"><ele>1.25</ele></trkpt>
      <trkpt lat="51.529805" lon="0.004796"><ele>1.25</ele></trkpt>
      <trkpt lat="51.52961" lon="0.004842"><ele>1.5</ele></trkpt>
      <trkpt lat="51.529477" lon="0.004897"><ele>1.75</ele></trkpt>
      <trkpt lat="51.529429" lon="0.004945"><ele>2</ele></trkpt>
      <trkpt lat="51.529404" lon="0.004988"><ele>2</ele></trkpt>
      <trkpt lat="51.529391" lon="0.005032"><ele>2</ele></trkpt>
      <trkpt lat="51.529385" lon="0.005031"><ele>2</ele></trkpt>
      <trkpt lat="51.529313" lon="0.005024"><ele>2</ele></trkpt>
      <trkpt lat="51.529269" lon="0.00502"><ele>2</ele></trkpt>
      <trkpt lat="51.529248" lon="0.005018"><ele>2</ele></trkpt>
      <trkpt lat="51.529224" lon="0.004978"><ele>2</ele></trkpt>
      <trkpt lat="51.529189" lon="0.004963"><ele>2</ele></trkpt>
      <trkpt lat="51.528705" lon="0.004975"><ele>1.75</ele></trkpt>
      <trkpt lat="51.528605" lon="0.004967"><ele>1.75</ele></trkpt>
      <trkpt lat="51.528449" lon="0.004872"><ele>1.5</ele></trkpt>
      <trkpt lat="51.528396" lon="0.004863"><ele>1.5</ele></trkpt>
      <trkpt lat="51.528104" lon="0.00488"><ele>1</ele></trkpt>
      <trkpt lat="51.527977" lon="0.004884"><ele>1</ele></trkpt>
      <trkpt lat="51.527828" lon="0.004888"><ele>1</ele></trkpt>
      <trkpt lat="51.527808" lon="0.004901"><ele>1</ele></trkpt>
      <trkpt lat="51.527801" lon="0.004938"><ele>1</ele></trkpt>
      <trkpt lat="51.527799" lon="0.005166"><ele>1</ele></trkpt>
      <trkpt lat="51.527944" lon="0.00517"><ele>1.25</ele></trkpt>
      <trkpt lat="51.527997" lon="0.005182"><ele>1.5</ele></trkpt>
      <trkpt lat="51.528049" lon="0.005182"><ele>1.5</ele></trkpt>
      <trkpt lat="51.528079" lon="0.005171"><ele>1.75</ele></trkpt>
      <trkpt lat="51.528187" lon="0.00517"><ele>2.5</ele></trkpt>
      <trkpt lat="51.528186" lon="0.005096"><ele>2</ele></trkpt>
      <trkpt lat="51.528185" lon="0.005013"><ele>1.5</ele></trkpt>
      <trkpt lat="51.528159" lon="0.005048"><ele>1.5</ele></trkpt>
      <trkpt lat="51.528143" lon="0.005048"><ele>1.5</ele></trkpt>
      <trkpt lat="51.528135" lon="0.005048"><ele>1</ele></trkpt>
      <trkpt lat="51.528143" lon="0.005048"><ele>1.5</ele></trkpt>
      <trkpt lat="51.528159" lon="0.005048"><ele>1.5</ele></trkpt>
      <trkpt lat="51.528185" lon="0.005013"><ele>1.5</ele></trkpt>
      <trkpt lat="51.528186" lon="0.005096"><ele>2</ele></trkpt>
      <trkpt lat="51.528187" lon="0.00517"><ele>2.5</ele></trkpt>
      <trkpt lat="51.528079" lon="0.005171"><ele>1.75</ele></trkpt>
      <trkpt lat="51.528049" lon="0.005182"><ele>1.5</ele></trkpt>
      <trkpt lat="51.527997" lon="0.005182"><ele>1.5</ele></trkpt>
      <trkpt lat="51.527944" lon="0.00517"><ele>1.25</ele></trkpt>
      <trkpt lat="51.527799" lon="0.005166"><ele>1</ele></trkpt>
      <trkpt lat="51.527772" lon="0.005167"><ele>1</ele></trkpt>
      <trkpt lat="51.527723" lon="0.005168"><ele>1</ele></trkpt>
      <trkpt lat="51.52772" lon="0.004921"><ele>1</ele></trkpt>
      <trkpt lat="51.527619" lon="0.004918"><ele>1</ele></trkpt>
      <trkpt lat="51.526514" lon="0.004942"><ele>1</ele></trkpt>
      <trkpt lat="51.525748" lon="0.004937"><ele>1.25</ele></trkpt>
      <trkpt lat="51.52571" lon="0.004937"><ele>1.5</ele></trkpt>
      <trkpt lat="51.525675" lon="0.004937"><ele>1.5</ele></trkpt>
      <trkpt lat="51.52554" lon="0.004936"><ele>2</ele></trkpt>
      <trkpt lat="51.525496" lon="0.004936"><ele>2</ele></trkpt>
      <trkpt lat="51.525107" lon="0.004924"><ele>2</ele></trkpt>
      <trkpt lat="51.524854" lon="0.004885"><ele>1.75</ele></trkpt>
      <trkpt lat="51.524826" lon="0.004892"><ele>1.75</ele></trkpt>
      <trkpt lat="51.524776" lon="0.004886"><ele>1.5</ele></trkpt>
      <trkpt lat="51.524731" lon="0.004881"><ele>1.5</ele></trkpt>
      <trkpt lat="51.524707" lon="0.004862"><ele>1.25</ele></trkpt>
      <trkpt lat="51.524394" lon="0.00484"><ele>1</ele></trkpt>
      <trkpt lat="51.524372" lon="0.004845"><ele>1.25</ele></trkpt>
      <trkpt lat="51.524328" lon="0.004836"><ele>1.25</ele></trkpt>
      <trkpt lat="51.524288" lon="0.004831"><ele>1.5</ele></trkpt>
      <trkpt lat="51.524273" lon="0.004803"><ele>1.5</ele></trkpt>
      <trkpt lat="51.524237" lon="0.004791"><ele>1.5</ele></trkpt>
      <trkpt lat="51.523805" lon="0.004737"><ele>2</ele></trkpt>
      <trkpt lat="51.523624" lon="0.004741"><ele>2</ele></trkpt>
      <trkpt lat="51.523184" lon="0.004783"><ele>2.5</ele></trkpt>
      <trkpt lat="51.523183" lon="0.004766"><ele>2.5</ele></trkpt>
      <trkpt lat="51.523181" lon="0.004717"><ele>2.75</ele></trkpt>
      <trkpt lat="51.523179" lon="0.004672"><ele>2.5</ele></trkpt>
      <trkpt lat="51.523178" lon="0.004657"><ele>2.5</ele></trkpt>
      <trkpt lat="51.5231" lon="0.004658"><ele>2.5</ele></trkpt>
      <trkpt lat="51.523064" lon="0.004644"><ele>2.25</ele></trkpt>
      <trkpt lat="51.52302" lon="0.004585"><ele>2.25</ele></trkpt>
      <trkpt lat="51.523001" lon="0.004518"><ele>2</ele></trkpt>
      <trkpt lat="51.522996" lon="0.004455"><ele>2</ele></trkpt>
      <trkpt lat="51.523024" lon="0.004118"><ele>1.5</ele></trkpt>
      <trkpt lat="51.523022" lon="0.004091"><ele>1.5</ele></trkpt>
      <trkpt lat="51.523009" lon="0.004018"><ele>1.75</ele></trkpt>
      <trkpt lat="51.522991" lon="0.003967"><ele>1.75</ele></trkpt>
      <trkpt lat="51.522958" lon="0.003919"><ele>2</ele></trkpt>
      <trkpt lat="51.522909" lon="0.003882"><ele>2.25</ele></trkpt>
      <trkpt lat="51.522832" lon="0.003854"><ele>2.5</ele></trkpt>
      <trkpt lat="51.522429" lon="0.003765"><ele>2.75</ele></trkpt>
      <trkpt lat="51.521851" lon="0.003639"><ele>1.5</ele></trkpt>
      <trkpt lat="51.521765" lon="0.003619"><ele>1.25</ele></trkpt>
      <trkpt lat="51.521705" lon="0.003611"><ele>1</ele></trkpt>
      <trkpt lat="51.521686" lon="0.003611"><ele>1</ele></trkpt>
      <trkpt lat="51.521625" lon="0.003616"><ele>1</ele></trkpt>
      <trkpt lat="51.52151" lon="0.003625"><ele>1</ele></trkpt>
      <trkpt lat="51.520926" lon="0.003682"><ele>1</ele></trkpt>
      <trkpt lat="51.520893" lon="0.003663"><ele>1</ele></trkpt>
      <trkpt lat="51.520866" lon="0.003599"><ele>1</ele></trkpt>
      <trkpt lat="51.520864" lon="0.003568"><ele>1</ele></trkpt>
      <trkpt lat="51.520916" lon="0.003208"><ele>1.25</ele></trkpt>
      <trkpt lat="51.521225" lon="0.001058"><ele>2.25</ele></trkpt>
      <trkpt lat="51.521297" lon="0.000607"><ele>2</ele></trkpt>
      <trkpt lat="51.521314" lon="0.000584"><ele>2</ele></trkpt>
      <trkpt lat="51.521325" lon="0.000509"><ele>2</ele></trkpt>
      <trkpt lat="51.521336" lon="0.000434"><ele>2</ele></trkpt>
      <trkpt lat="51.521324" lon="0.000344"><ele>2</ele></trkpt>
      <trkpt lat="51.521472" lon="-0.000598"><ele>2</ele></trkpt>
      <trkpt lat="51.521537" lon="-0.000986"><ele>2</ele></trkpt>
      <trkpt lat="51.521552" lon="-0.001086"><ele>2</ele></trkpt>
      <trkpt lat="51.521566" lon="-0.001179"><ele>2</ele></trkpt>
      <trkpt lat="51.521594" lon="-0.002252"><ele>4</ele></trkpt>
      <trkpt lat="51.521624" lon="-0.003225"><ele>4.5</ele></trkpt>
      <trkpt lat="51.521625" lon="-0.003315"><ele>4.75</ele></trkpt>
      <trkpt lat="51.521653" lon="-0.00349"><ele>5</ele></trkpt>
      <trkpt lat="51.521676" lon="-0.003501"><ele>4.75</ele></trkpt>
      <trkpt lat="51.521695" lon="-0.003583"><ele>4.75</ele></trkpt>
      <trkpt lat="51.521765" lon="-0.003718"><ele>5</ele></trkpt>
      <trkpt lat="51.521976" lon="-0.00397"><ele>5</ele></trkpt>
      <trkpt lat="51.522047" lon="-0.00404"><ele>5</ele></trkpt>
      <trkpt lat="51.522071" lon="-0.004052"><ele>5</ele></trkpt>
      <trkpt lat="51.522106" lon="-0.004069"><ele>5</ele></trkpt>
      <trkpt lat="51.522185" lon="-0.004081"><ele>5</ele></trkpt>
      <trkpt lat="51.522203" lon="-0.004107"><ele>5</ele></trkpt>
      <trkpt lat="51.522247" lon="-0.004099"><ele>5</ele></trkpt>
      <trkpt lat="51.522307" lon="-0.00416"><ele>5</ele></trkpt>
      <trkpt lat="51.522373" lon="-0.004268"><ele>5</ele></trkpt>
      <trkpt lat="51.522364" lon="-0.004371"><ele>5</ele></trkpt>
      <trkpt lat="51.522369" lon="-0.004518"><ele>5</ele></trkpt>
      <trkpt lat="51.522346" lon="-0.004552"><ele>5</ele></trkpt>
      <trkpt lat="51.522332" lon="-0.00457"><ele>5</ele></trkpt>
      <trkpt lat="51.522319" lon="-0.00461"><ele>5</ele></trkpt>
      <trkpt lat="51.522311" lon="-0.00465"><ele>5</ele></trkpt>
      <trkpt lat="51.522306" lon="-0.004673"><ele>5</ele></trkpt>
      <trkpt lat="51.522284" lon="-0.004763"><ele>5</ele></trkpt>
      <trkpt lat="51.522495" lon="-0.004908"><ele>5</ele></trkpt>
      <trkpt lat="51.522849" lon="-0.005188"><ele>5.5</ele></trkpt>
      <trkpt lat="51.522878" lon="-0.005214"><ele>5.25</ele></trkpt>
      <trkpt lat="51.522908" lon="-0.005242"><ele>5.25</ele></trkpt>
      <trkpt lat="51.523266" lon="-0.005458"><ele>5.5</ele></trkpt>
      <trkpt lat="51.523297" lon="-0.005463"><ele>5.5</ele></trkpt>
      <trkpt lat="51.523324" lon="-0.005475"><ele>5.5</ele></trkpt>
      <trkpt lat="51.523366" lon="-0.005494"><ele>5.5</ele></trkpt>
      <trkpt lat="51.523406" lon="-0.005456"><ele>5.25</ele></trkpt>
      <trkpt lat="51.523536" lon="-0.005508"><ele>5</ele></trkpt>
      <trkpt lat="51.523703" lon="-0.005565"><ele>5.25</ele></trkpt>
      <trkpt lat="51.523747" lon="-0.005603"><ele>5.5</ele></trkpt>
      <trkpt lat="51.523774" lon="-0.005642"><ele>5.75</ele></trkpt>
      <trkpt lat="51.523793" lon="-0.005688"><ele>6</ele></trkpt>
      <trkpt lat="51.523814" lon="-0.005755"><ele>6.25</ele></trkpt>
      <trkpt lat="51.523828" lon="-0.005839"><ele>6.75</ele></trkpt>
      <trkpt lat="51.523836" lon="-0.005961"><ele>6.75</ele></trkpt>
      <trkpt lat="51.523844" lon="-0.006754"><ele>7</ele></trkpt>
      <trkpt lat="51.523841" lon="-0.007071"><ele>7</ele></trkpt>
      <trkpt lat="51.523849" lon="-0.007706"><ele>7.5</ele></trkpt>
      <trkpt lat="51.523858" lon="-0.00835"><ele>8</ele></trkpt>
      <trkpt lat="51.523854" lon="-0.008433"><ele>8.25</ele></trkpt>
      <trkpt lat="51.52384" lon="-0.008704"><ele>8.25</ele></trkpt>
      <trkpt lat="51.523771" lon="-0.009103"><ele>8.25</ele></trkpt>
      <trkpt lat="51.523783" lon="-0.009111"><ele>8.25</ele></trkpt>
      <trkpt lat="51.523814" lon="-0.009125"><ele>8.5</ele></trkpt>
      <trkpt lat="51.523849" lon="-0.009142"><ele>8.75</ele></trkpt>
      <trkpt lat="51.523871" lon="-0.009152"><ele>8.75</ele></trkpt>
      <trkpt lat="51.52386" lon="-0.009212"><ele>8.75</ele></trkpt>
      <trkpt lat="51.523832" lon="-0.009417"><ele>8.5</ele></trkpt>
      <trkpt lat="51.523848" lon="-0.009484"><ele>8.5</ele></trkpt>
      <trkpt lat="51.523887" lon="-0.009522"><ele>8.75</ele></trkpt>
      <trkpt lat="51.523961" lon="-0.009568"><ele>8.75</ele></trkpt>
      <trkpt lat="51.524094" lon="-0.009645"><ele>8.75</ele></trkpt>
      <trkpt lat="51.524128" lon="-0.009666"><ele>8.75</ele></trkpt>
      <trkpt lat="51.524187" lon="-0.009703"><ele>8.75</ele></trkpt>
      <trkpt lat="51.524185" lon="-0.009665"><ele>8.5</ele></trkpt>
      <trkpt lat="51.524203" lon="-0.009615"><ele>8.5</ele></trkpt>
      <trkpt lat="51.524226" lon="-0.009596"><ele>8.25</ele></trkpt>
      <trkpt lat="51.524241" lon="-0.009597"><ele>8.25</ele></trkpt>
      <trkpt lat="51.524259" lon="-0.009615"><ele>8.25</ele></trkpt>
      <trkpt lat="51.524272" lon="-0.009647"><ele>8.25</ele></trkpt>
      <trkpt lat="51.524333" lon="-0.0099"><ele>8.75</ele></trkpt>
      <trkpt lat="51.524348" lon="-0.009941"><ele>8.75</ele></trkpt>
      <trkpt lat="51.524374" lon="-0.009973"><ele>8.75</ele></trkpt>
      <trkpt lat="51.52443" lon="-0.010003"><ele>9</ele></trkpt>
      <trkpt lat="51.524448" lon="-0.010026"><ele>9</ele></trkpt>
      <trkpt lat="51.524457" lon="-0.010061"><ele>8.75</ele></trkpt>
      <trkpt lat="51.52445" lon="-0.01014"><ele>9</ele></trkpt>
      <trkpt lat="51.524356" lon="-0.01076"><ele>9.75</ele></trkpt>
      <trkpt lat="51.524428" lon="-0.010791"><ele>10.5</ele></trkpt>
      <trkpt lat="51.524541" lon="-0.010871"><ele>10.5</ele></trkpt>
      <trkpt lat="51.524555" lon="-0.010882"><ele>10.5</ele></trkpt>
      <trkpt lat="51.524544" lon="-0.010921"><ele>10.75</ele></trkpt>
      <trkpt lat="51.524933" lon="-0.01111"><ele>11.25</ele></trkpt>
      <trkpt lat="51.524965" lon="-0.011124"><ele>11.5</ele></trkpt>
      <trkpt lat="51.524975" lon="-0.011083"><ele>11.25</ele></trkpt>
      <trkpt lat="51.525089" lon="-0.011127"><ele>11.25</ele></trkpt>
      <trkpt lat="51.525023" lon="-0.01154"><ele>11.75</ele></trkpt>
      <trkpt lat="51.52502" lon="-0.011562"><ele>11.5</ele></trkpt>
      <trkpt lat="51.525001" lon="-0.011553"><ele>11.5</ele></trkpt>
      <trkpt lat="51.52492" lon="-0.011516"><ele>11.25</ele></trkpt>
      <trkpt lat="51.524867" lon="-0.011492"><ele>10.75</ele></trkpt>
      <trkpt lat="51.524858" lon="-0.011545"><ele>10.25</ele></trkpt>
      <trkpt lat="51.524867" lon="-0.011492"><ele>10.75</ele></trkpt>
      <trkpt lat="51.52492" lon="-0.011516"><ele>11.25</ele></trkpt>
      <trkpt lat="51.525001" lon="-0.011553"><ele>11.5</ele></trkpt>
      <trkpt lat="51.52502" lon="-0.011562"><ele>11.5</ele></trkpt>
      <trkpt lat="51.525036" lon="-0.01157"><ele>11.25</ele></trkpt>
      <trkpt lat="51.525043" lon="-0.011576"><ele>11.25</ele></trkpt>
      <trkpt lat="51.525138" lon="-0.011633"><ele>10.75</ele></trkpt>
      <trkpt lat="51.525227" lon="-0.011671"><ele>10.75</ele></trkpt>
      <trkpt lat="51.525724" lon="-0.011787"><ele>10.5</ele></trkpt>
      <trkpt lat="51.525762" lon="-0.011796"><ele>10.5</ele></trkpt>
      <trkpt lat="51.525787" lon="-0.011753"><ele>10.5</ele></trkpt>
      <trkpt lat="51.525817" lon="-0.011742"><ele>10.5</ele></trkpt>
      <trkpt lat="51.525856" lon="-0.011758"><ele>10.5</ele></trkpt>
      <trkpt lat="51.525951" lon="-0.01182"><ele>10.25</ele></trkpt>
      <trkpt lat="51.526214" lon="-0.012025"><ele>10</ele></trkpt>
      <trkpt lat="51.526254" lon="-0.012065"><ele>10</ele></trkpt>
      <trkpt lat="51.52628" lon="-0.01209"><ele>10</ele></trkpt>
      <trkpt lat="51.526331" lon="-0.012139"><ele>10</ele></trkpt>
      <trkpt lat="51.526573" lon="-0.01237"><ele>10</ele></trkpt>
      <trkpt lat="51.52686" lon="-0.012644"><ele>10</ele></trkpt>
      <trkpt lat="51.526841" lon="-0.01274"><ele>10.25</ele></trkpt>
      <trkpt lat="51.526799" lon="-0.012792"><ele>10.25</ele></trkpt>
      <trkpt lat="51.526771" lon="-0.012844"><ele>10.25</ele></trkpt>
      <trkpt lat="51.526729" lon="-0.013141"><ele>10</ele></trkpt>
      <trkpt lat="51.526676" lon="-0.013253"><ele>10</ele></trkpt>
      <trkpt lat="51.526621" lon="-0.013391"><ele>10</ele></trkpt>
      <trkpt lat="51.526595" lon="-0.013624"><ele>10</ele></trkpt>
      <trkpt lat="51.526584" lon="-0.013724"><ele>10</ele></trkpt>
      <trkpt lat="51.526702" lon="-0.013932"><ele>10</ele></trkpt>
      <trkpt lat="51.526735" lon="-0.014047"><ele>10</ele></trkpt>
      <trkpt lat="51.526895" lon="-0.01424"><ele>10</ele></trkpt>
      <trkpt lat="51.526998" lon="-0.014335"><ele>10</ele></trkpt>
      <trkpt lat="51.527026" lon="-0.014354"><ele>10</ele></trkpt>
      <trkpt lat="51.527072" lon="-0.014387"><ele>10</ele></trkpt>
      <trkpt lat="51.527158" lon="-0.014451"><ele>10</ele></trkpt>
      <trkpt lat="51.527241" lon="-0.014512"><ele>10</ele></trkpt>
      <trkpt lat="51.52747" lon="-0.014668"><ele>10</ele></trkpt>
      <trkpt lat="51.527743" lon="-0.014858"><ele>10.25</ele></trkpt>
      <trkpt lat="51.527869" lon="-0.014943"><ele>10.75</ele></trkpt>
      <trkpt lat="51.527974" lon="-0.015015"><ele>11</ele></trkpt>
      <trkpt lat="51.527966" lon="-0.015056"><ele>11</ele></trkpt>
      <trkpt lat="51.527981" lon="-0.01508"><ele>11</ele></trkpt>
      <trkpt lat="51.527986" lon="-0.015117"><ele>11</ele></trkpt>
      <trkpt lat="51.527884" lon="-0.015581"><ele>10.75</ele></trkpt>
      <trkpt lat="51.527922" lon="-0.015605"><ele>10.75</ele></trkpt>
      <trkpt lat="51.52796" lon="-0.015628"><ele>10.75</ele></trkpt>
      <trkpt lat="51.527934" lon="-0.015754"><ele>10.5</ele></trkpt>
      <trkpt lat="51.527924" lon="-0.015803"><ele>10.5</ele></trkpt>
      <trkpt lat="51.52792" lon="-0.01582"><ele>10.5</ele></trkpt>
      <trkpt lat="51.527913" lon="-0.015857"><ele>10.5</ele></trkpt>
      <trkpt lat="51.527835" lon="-0.016218"><ele>10.75</ele></trkpt>
      <trkpt lat="51.527794" lon="-0.016475"><ele>10.75</ele></trkpt>
      <trkpt lat="51.527762" lon="-0.016723"><ele>11</ele></trkpt>
      <trkpt lat="51.527716" lon="-0.017112"><ele>11</ele></trkpt>
      <trkpt lat="51.527716" lon="-0.017187"><ele>11</ele></trkpt>
      <trkpt lat="51.527736" lon="-0.017254"><ele>10.75</ele></trkpt>
      <trkpt lat="51.527786" lon="-0.017339"><ele>10.5</ele></trkpt>
      <trkpt lat="51.528019" lon="-0.017548"><ele>10</ele></trkpt>
      <trkpt lat="51.52823" lon="-0.017719"><ele>10.25</ele></trkpt>
      <trkpt lat="51.528217" lon="-0.017754"><ele>10.5</ele></trkpt>
      <trkpt lat="51.528203" lon="-0.017796"><ele>10.5</ele></trkpt>
      <trkpt lat="51.528187" lon="-0.017842"><ele>10.5</ele></trkpt>
      <trkpt lat="51.528181" lon="-0.01786"><ele>10.5</ele></trkpt>
      <trkpt lat="51.52825" lon="-0.017918"><ele>10.75</ele></trkpt>
      <trkpt lat="51.52826" lon="-0.01794"><ele>10.75</ele></trkpt>
      <trkpt lat="51.528124" lon="-0.018956"><ele>11</ele></trkpt>
      <trkpt lat="51.528106" lon="-0.01901"><ele>10.75</ele></trkpt>
      <trkpt lat="51.528027" lon="-0.019586"><ele>11</ele></trkpt>
      <trkpt lat="51.52798" lon="-0.019941"><ele>10.75</ele></trkpt>
      <trkpt lat="51.527921" lon="-0.020399"><ele>10.25</ele></trkpt>
      <trkpt lat="51.5279" lon="-0.020558"><ele>9.5</ele></trkpt>
      <trkpt lat="51.527892" lon="-0.020692"><ele>8.75</ele></trkpt>
      <trkpt lat="51.527858" lon="-0.020953"><ele>9</ele></trkpt>
      <trkpt lat="51.527777" lon="-0.021473"><ele>11.75</ele></trkpt>
      <trkpt lat="51.527767" lon="-0.021526"><ele>11.75</ele></trkpt>
      <trkpt lat="51.527756" lon="-0.02152"><ele>11.75</ele></trkpt>
      <trkpt lat="51.527753" lon="-0.021533"><ele>11.75</ele></trkpt>
      <trkpt lat="51.52774" lon="-0.021595"><ele>11.75</ele></trkpt>
      <trkpt lat="51.52773" lon="-0.021641"><ele>11.75</ele></trkpt>
      <trkpt lat="51.527725" lon="-0.02166"><ele>11.75</ele></trkpt>
      <trkpt lat="51.527747" lon="-0.021674"><ele>11.75</ele></trkpt>
      <trkpt lat="51.527595" lon="-0.022422"><ele>11.25</ele></trkpt>
      <trkpt lat="51.527586" lon="-0.02247"><ele>11.5</ele></trkpt>
      <trkpt lat="51.527577" lon="-0.022521"><ele>11.5</ele></trkpt>
      <trkpt lat="51.527499" lon="-0.022968"><ele>11.25</ele></trkpt>
      <trkpt lat="51.527486" lon="-0.023019"><ele>11</ele></trkpt>
      <trkpt lat="51.527472" lon="-0.02307"><ele>11</ele></trkpt>
      <trkpt lat="51.527406" lon="-0.023408"><ele>12</ele></trkpt>
      <trkpt lat="51.527318" lon="-0.023863"><ele>12</ele></trkpt>
      <trkpt lat="51.527261" lon="-0.024134"><ele>12</ele></trkpt>
      <trkpt lat="51.52725" lon="-0.024187"><ele>12</ele></trkpt>
      <trkpt lat="51.527241" lon="-0.024235"><ele>12</ele></trkpt>
      <trkpt lat="51.527233" lon="-0.024348"><ele>12</ele></trkpt>
      <trkpt lat="51.527228" lon="-0.024374"><ele>11.75</ele></trkpt>
      <trkpt lat="51.527224" lon="-0.024398"><ele>12</ele></trkpt>
      <trkpt lat="51.527161" lon="-0.024664"><ele>11.5</ele></trkpt>
      <trkpt lat="51.527116" lon="-0.024862"><ele>11</ele></trkpt>
      <trkpt lat="51.527089" lon="-0.024852"><ele>10.75</ele></trkpt>
      <trkpt lat="51.527029" lon="-0.025113"><ele>9.75</ele></trkpt>
      <trkpt lat="51.527027" lon="-0.025101"><ele>9.75</ele></trkpt>
      <trkpt lat="51.527029" lon="-0.025113"><ele>9.75</ele></trkpt>
      <trkpt lat="51.527089" lon="-0.024852"><ele>10.75</ele></trkpt>
      <trkpt lat="51.527116" lon="-0.024862"><ele>11</ele></trkpt>
      <trkpt lat="51.527095" lon="-0.024939"><ele>10.5</ele></trkpt>
      <trkpt lat="51.526964" lon="-0.025598"><ele>12</ele></trkpt>
      <trkpt lat="51.526953" lon="-0.025652"><ele>12</ele></trkpt>
      <trkpt lat="51.526942" lon="-0.025704"><ele>12</ele></trkpt>
      <trkpt lat="51.526878" lon="-0.026035"><ele>12</ele></trkpt>
      <trkpt lat="51.526841" lon="-0.026208"><ele>12.25</ele></trkpt>
      <trkpt lat="51.526828" lon="-0.026269"><ele>12.25</ele></trkpt>
      <trkpt lat="51.526818" lon="-0.026317"><ele>12.25</ele></trkpt>
      <trkpt lat="51.526732" lon="-0.026706"><ele>13</ele></trkpt>
      <trkpt lat="51.526722" lon="-0.026753"><ele>13</ele></trkpt>
      <trkpt lat="51.526711" lon="-0.0268"><ele>13</ele></trkpt>
      <trkpt lat="51.526625" lon="-0.02719"><ele>13</ele></trkpt>
      <trkpt lat="51.526604" lon="-0.02728"><ele>13</ele></trkpt>
      <trkpt lat="51.526597" lon="-0.02731"><ele>13</ele></trkpt>
      <trkpt lat="51.52647" lon="-0.027837"><ele>13</ele></trkpt>
      <trkpt lat="51.526458" lon="-0.027892"><ele>12.75</ele></trkpt>
      <trkpt lat="51.526447" lon="-0.027939"><ele>12.75</ele></trkpt>
      <trkpt lat="51.526337" lon="-0.028466"><ele>13</ele></trkpt>
      <trkpt lat="51.526282" lon="-0.028721"><ele>13</ele></trkpt>
      <trkpt lat="51.526226" lon="-0.028977"><ele>13</ele></trkpt>
      <trkpt lat="51.526204" lon="-0.02908"><ele>13</ele></trkpt>
      <trkpt lat="51.526127" lon="-0.029452"><ele>13</ele></trkpt>
      <trkpt lat="51.526063" lon="-0.029768"><ele>13</ele></trkpt>
      <trkpt lat="51.526019" lon="-0.029983"><ele>13.25</ele></trkpt>
      <trkpt lat="51.525997" lon="-0.030091"><ele>13.25</ele></trkpt>
      <trkpt lat="51.525992" lon="-0.030116"><ele>13</ele></trkpt>
      <trkpt lat="51.525986" lon="-0.030143"><ele>13</ele></trkpt>
      <trkpt lat="51.525917" lon="-0.030475"><ele>13</ele></trkpt>
      <trkpt lat="51.525911" lon="-0.030516"><ele>13</ele></trkpt>
      <trkpt lat="51.525904" lon="-0.030557"><ele>13</ele></trkpt>
      <trkpt lat="51.525653" lon="-0.031742"><ele>13</ele></trkpt>
      <trkpt lat="51.525642" lon="-0.031789"><ele>13</ele></trkpt>
      <trkpt lat="51.52563" lon="-0.031835"><ele>13</ele></trkpt>
      <trkpt lat="51.525498" lon="-0.032362"><ele>12.75</ele></trkpt>
      <trkpt lat="51.525405" lon="-0.032775"><ele>12</ele></trkpt>
      <trkpt lat="51.52539" lon="-0.032795"><ele>12</ele></trkpt>
      <trkpt lat="51.525381" lon="-0.032839"><ele>12</ele></trkpt>
      <trkpt lat="51.525374" lon="-0.032872"><ele>12</ele></trkpt>
      <trkpt lat="51.525377" lon="-0.032912"><ele>12</ele></trkpt>
      <trkpt lat="51.525333" lon="-0.033097"><ele>12</ele></trkpt>
      <trkpt lat="51.525248" lon="-0.033431"><ele>12</ele></trkpt>
      <trkpt lat="51.525227" lon="-0.033521"><ele>12</ele></trkpt>
      <trkpt lat="51.525186" lon="-0.033683"><ele>12</ele></trkpt>
      <trkpt lat="51.525162" lon="-0.033782"><ele>12</ele></trkpt>
      <trkpt lat="51.525145" lon="-0.033802"><ele>12</ele></trkpt>
      <trkpt lat="51.52513" lon="-0.033807"><ele>12</ele></trkpt>
      <trkpt lat="51.525126" lon="-0.033821"><ele>12</ele></trkpt>
      <trkpt lat="51.525117" lon="-0.033857"><ele>12</ele></trkpt>
      <trkpt lat="51.525102" lon="-0.033926"><ele>12</ele></trkpt>
      <trkpt lat="51.525104" lon="-0.03396"><ele>12</ele></trkpt>
      <trkpt lat="51.524993" lon="-0.034374"><ele>11.75</ele></trkpt>
      <trkpt lat="51.524949" lon="-0.034551"><ele>12</ele></trkpt>
      <trkpt lat="51.524936" lon="-0.034564"><ele>12</ele></trkpt>
      <trkpt lat="51.524912" lon="-0.034567"><ele>12</ele></trkpt>
      <trkpt lat="51.524851" lon="-0.034554"><ele>12</ele></trkpt>
      <trkpt lat="51.524846" lon="-0.034587"><ele>12</ele></trkpt>
      <trkpt lat="51.524839" lon="-0.034636"><ele>12</ele></trkpt>
      <trkpt lat="51.524832" lon="-0.034684"><ele>12</ele></trkpt>
      <trkpt lat="51.524826" lon="-0.034723"><ele>12</ele></trkpt>
      <trkpt lat="51.524851" lon="-0.034733"><ele>12</ele></trkpt>
      <trkpt lat="51.524844" lon="-0.03478"><ele>12</ele></trkpt>
      <trkpt lat="51.524835" lon="-0.034832"><ele>12</ele></trkpt>
      <trkpt lat="51.524822" lon="-0.034927"><ele>12</ele></trkpt>
      <trkpt lat="51.524815" lon="-0.034952"><ele>12</ele></trkpt>
      <trkpt lat="51.524824" lon="-0.034965"><ele>12</ele></trkpt>
      <trkpt lat="51.524833" lon="-0.035003"><ele>12</ele></trkpt>
      <trkpt lat="51.52483" lon="-0.03504"><ele>12</ele></trkpt>
      <trkpt lat="51.524817" lon="-0.035089"><ele>12</ele></trkpt>
      <trkpt lat="51.524791" lon="-0.035181"><ele>12</ele></trkpt>
      <trkpt lat="51.524701" lon="-0.035509"><ele>12.25</ele></trkpt>
      <trkpt lat="51.524615" lon="-0.035744"><ele>13</ele></trkpt>
      <trkpt lat="51.524513" lon="-0.036015"><ele>12.25</ele></trkpt>
      <trkpt lat="51.524332" lon="-0.03651"><ele>12.25</ele></trkpt>
      <trkpt lat="51.524294" lon="-0.036584"><ele>12.25</ele></trkpt>
      <trkpt lat="51.52426" lon="-0.036676"><ele>12.25</ele></trkpt>
      <trkpt lat="51.524243" lon="-0.036756"><ele>11.75</ele></trkpt>
      <trkpt lat="51.524201" lon="-0.036906"><ele>11.25</ele></trkpt>
      <trkpt lat="51.524194" lon="-0.036925"><ele>11</ele></trkpt>
      <trkpt lat="51.524159" lon="-0.037012"><ele>11.5</ele></trkpt>
      <trkpt lat="51.524134" lon="-0.037072"><ele>11.75</ele></trkpt>
      <trkpt lat="51.52399" lon="-0.037391"><ele>12.25</ele></trkpt>
      <trkpt lat="51.523898" lon="-0.037589"><ele>12</ele></trkpt>
      <trkpt lat="51.523536" lon="-0.038314"><ele>12</ele></trkpt>
      <trkpt lat="51.523422" lon="-0.03851"><ele>11.75</ele></trkpt>
      <trkpt lat="51.523273" lon="-0.038801"><ele>11.25</ele></trkpt>
      <trkpt lat="51.523162" lon="-0.039088"><ele>11</ele></trkpt>
      <trkpt lat="51.523064" lon="-0.039369"><ele>11</ele></trkpt>
      <trkpt lat="51.522947" lon="-0.03973"><ele>11</ele></trkpt>
      <trkpt lat="51.522909" lon="-0.039781"><ele>11</ele></trkpt>
      <trkpt lat="51.522887" lon="-0.039783"><ele>11</ele></trkpt>
      <trkpt lat="51.522857" lon="-0.039769"><ele>11</ele></trkpt>
      <trkpt lat="51.52285" lon="-0.03979"><ele>11</ele></trkpt>
      <trkpt lat="51.522842" lon="-0.039813"><ele>11.25</ele></trkpt>
      <trkpt lat="51.522827" lon="-0.03985"><ele>11.25</ele></trkpt>
      <trkpt lat="51.522821" lon="-0.039865"><ele>11.25</ele></trkpt>
      <trkpt lat="51.522875" lon="-0.039915"><ele>11.25</ele></trkpt>
      <trkpt lat="51.52287" lon="-0.039931"><ele>11.5</ele></trkpt>
      <trkpt lat="51.52286" lon="-0.039955"><ele>11.5</ele></trkpt>
      <trkpt lat="51.522846" lon="-0.03999"><ele>11.5</ele></trkpt>
      <trkpt lat="51.522842" lon="-0.040004"><ele>11.75</ele></trkpt>
      <trkpt lat="51.522855" lon="-0.040014"><ele>11.5</ele></trkpt>
      <trkpt lat="51.522859" lon="-0.040028"><ele>11.5</ele></trkpt>
      <trkpt lat="51.522779" lon="-0.040279"><ele>11</ele></trkpt>
      <trkpt lat="51.522742" lon="-0.040425"><ele>11</ele></trkpt>
      <trkpt lat="51.522568" lon="-0.040964"><ele>11</ele></trkpt>
      <trkpt lat="51.522431" lon="-0.041646"><ele>11</ele></trkpt>
      <trkpt lat="51.522403" lon="-0.041795"><ele>11.25</ele></trkpt>
      <trkpt lat="51.522386" lon="-0.041884"><ele>11.25</ele></trkpt>
      <trkpt lat="51.52236" lon="-0.042024"><ele>11.25</ele></trkpt>
      <trkpt lat="51.522345" lon="-0.042103"><ele>11</ele></trkpt>
      <trkpt lat="51.522332" lon="-0.042171"><ele>11</ele></trkpt>
      <trkpt lat="51.522282" lon="-0.042436"><ele>11</ele></trkpt>
      <trkpt lat="51.522248" lon="-0.042703"><ele>11</ele></trkpt>
      <trkpt lat="51.522206" lon="-0.043254"><ele>11</ele></trkpt>
      <trkpt lat="51.522178" lon="-0.043883"><ele>11</ele></trkpt>
      <trkpt lat="51.522165" lon="-0.044032"><ele>11</ele></trkpt>
      <trkpt lat="51.52213" lon="-0.044272"><ele>11.25</ele></trkpt>
      <trkpt lat="51.521911" lon="-0.045358"><ele>11</ele></trkpt>
      <trkpt lat="51.521894" lon="-0.045429"><ele>11</ele></trkpt>
      <trkpt lat="51.521865" lon="-0.045478"><ele>11</ele></trkpt>
      <trkpt lat="51.521846" lon="-0.045567"><ele>11</ele></trkpt>
      <trkpt lat="51.521827" lon="-0.045656"><ele>11</ele></trkpt>
      <trkpt lat="51.521839" lon="-0.045703"><ele>11</ele></trkpt>
      <trkpt lat="51.521735" lon="-0.04622"><ele>11</ele></trkpt>
      <trkpt lat="51.521755" lon="-0.046229"><ele>11</ele></trkpt>
      <trkpt lat="51.521792" lon="-0.046249"><ele>11</ele></trkpt>
      <trkpt lat="51.521823" lon="-0.046266"><ele>11</ele></trkpt>
      <trkpt lat="51.521833" lon="-0.046272"><ele>11</ele></trkpt>
      <trkpt lat="51.521814" lon="-0.046376"><ele>11</ele></trkpt>
      <trkpt lat="51.521824" lon="-0.046381"><ele>11</ele></trkpt>
      <trkpt lat="51.52185" lon="-0.046396"><ele>10.75</ele></trkpt>
      <trkpt lat="51.521839" lon="-0.046449"><ele>10.75</ele></trkpt>
      <trkpt lat="51.521819" lon="-0.046545"><ele>10.25</ele></trkpt>
      <trkpt lat="51.521817" lon="-0.046555"><ele>10.25</ele></trkpt>
      <trkpt lat="51.521842" lon="-0.046614"><ele>10</ele></trkpt>
      <trkpt lat="51.521846" lon="-0.046621"><ele>10</ele></trkpt>
      <trkpt lat="51.521815" lon="-0.046779"><ele>9.75</ele></trkpt>
      <trkpt lat="51.521814" lon="-0.046857"><ele>9.5</ele></trkpt>
      <trkpt lat="51.521792" lon="-0.046981"><ele>9.5</ele></trkpt>
      <trkpt lat="51.5218" lon="-0.046985"><ele>9.5</ele></trkpt>
      <trkpt lat="51.52181" lon="-0.046991"><ele>9.5</ele></trkpt>
      <trkpt lat="51.521678" lon="-0.047623"><ele>10</ele></trkpt>
      <trkpt lat="51.52167" lon="-0.047662"><ele>10</ele></trkpt>
      <trkpt lat="51.52166" lon="-0.047708"><ele>10</ele></trkpt>
      <trkpt lat="51.521626" lon="-0.047871"><ele>10</ele></trkpt>
      <trkpt lat="51.521403" lon="-0.048952"><ele>10</ele></trkpt>
      <trkpt lat="51.521389" lon="-0.04903"><ele>10</ele></trkpt>
      <trkpt lat="51.521373" lon="-0.049108"><ele>10</ele></trkpt>
      <trkpt lat="51.521303" lon="-0.049385"><ele>10</ele></trkpt>
      <trkpt lat="51.52129" lon="-0.049438"><ele>10</ele></trkpt>
      <trkpt lat="51.521255" lon="-0.049613"><ele>10.25</ele></trkpt>
      <trkpt lat="51.52124" lon="-0.049692"><ele>10.25</ele></trkpt>
      <trkpt lat="51.521225" lon="-0.049758"><ele>10.25</ele></trkpt>
      <trkpt lat="51.521219" lon="-0.049787"><ele>10.25</ele></trkpt>
      <trkpt lat="51.521211" lon="-0.049815"><ele>10.25</ele></trkpt>
      <trkpt lat="51.521201" lon="-0.049856"><ele>10.25</ele></trkpt>
      <trkpt lat="51.521187" lon="-0.049915"><ele>10.25</ele></trkpt>
      <trkpt lat="51.52115" lon="-0.05009"><ele>10</ele></trkpt>
      <trkpt lat="51.52113" lon="-0.050188"><ele>10</ele></trkpt>
      <trkpt lat="51.521047" lon="-0.050687"><ele>11</ele></trkpt>
      <trkpt lat="51.521044" lon="-0.050719"><ele>11</ele></trkpt>
      <trkpt lat="51.521041" lon="-0.05075"><ele>11</ele></trkpt>
      <trkpt lat="51.521015" lon="-0.050934"><ele>10.75</ele></trkpt>
      <trkpt lat="51.521014" lon="-0.050943"><ele>10.5</ele></trkpt>
      <trkpt lat="51.521009" lon="-0.050974"><ele>10.5</ele></trkpt>
      <trkpt lat="51.521003" lon="-0.051015"><ele>10.5</ele></trkpt>
      <trkpt lat="51.520969" lon="-0.051242"><ele>10.25</ele></trkpt>
      <trkpt lat="51.520834" lon="-0.052179"><ele>11</ele></trkpt>
      <trkpt lat="51.520832" lon="-0.052232"><ele>11</ele></trkpt>
      <trkpt lat="51.520826" lon="-0.052294"><ele>11</ele></trkpt>
      <trkpt lat="51.520685" lon="-0.053138"><ele>11</ele></trkpt>
      <trkpt lat="51.520677" lon="-0.053181"><ele>11</ele></trkpt>
      <trkpt lat="51.52067" lon="-0.053221"><ele>11</ele></trkpt>
      <trkpt lat="51.520496" lon="-0.054138"><ele>11.5</ele></trkpt>
      <trkpt lat="51.520491" lon="-0.054167"><ele>11.75</ele></trkpt>
      <trkpt lat="51.520454" lon="-0.054359"><ele>11.5</ele></trkpt>
      <trkpt lat="51.520442" lon="-0.054426"><ele>11.5</ele></trkpt>
      <trkpt lat="51.520399" lon="-0.054654"><ele>11</ele></trkpt>
      <trkpt lat="51.52038" lon="-0.054751"><ele>11</ele></trkpt>
      <trkpt lat="51.520351" lon="-0.054907"><ele>11</ele></trkpt>
      <trkpt lat="51.52031" lon="-0.055124"><ele>11.25</ele></trkpt>
      <trkpt lat="51.520151" lon="-0.055962"><ele>11</ele></trkpt>
      <trkpt lat="51.520106" lon="-0.056002"><ele>11</ele></trkpt>
      <trkpt lat="51.520049" lon="-0.056036"><ele>11</ele></trkpt>
      <trkpt lat="51.520016" lon="-0.056233"><ele>11.25</ele></trkpt>
      <trkpt lat="51.520012" lon="-0.056258"><ele>11.5</ele></trkpt>
      <trkpt lat="51.520001" lon="-0.056337"><ele>11.75</ele></trkpt>
      <trkpt lat="51.51999" lon="-0.056416"><ele>12</ele></trkpt>
      <trkpt lat="51.519987" lon="-0.056432"><ele>12</ele></trkpt>
      <trkpt lat="51.520054" lon="-0.056458"><ele>11.75</ele></trkpt>
      <trkpt lat="51.520052" lon="-0.056473"><ele>11.75</ele></trkpt>
      <trkpt lat="51.520048" lon="-0.056524"><ele>11.75</ele></trkpt>
      <trkpt lat="51.520042" lon="-0.056569"><ele>11.75</ele></trkpt>
      <trkpt lat="51.519992" lon="-0.056593"><ele>12</ele></trkpt>
      <trkpt lat="51.51997" lon="-0.056699"><ele>11.75</ele></trkpt>
      <trkpt lat="51.519837" lon="-0.057368"><ele>11.5</ele></trkpt>
      <trkpt lat="51.51968" lon="-0.058106"><ele>11.5</ele></trkpt>
      <trkpt lat="51.519679" lon="-0.058114"><ele>11.5</ele></trkpt>
      <trkpt lat="51.519674" lon="-0.058137"><ele>11.5</ele></trkpt>
      <trkpt lat="51.519668" lon="-0.058166"><ele>11.25</ele></trkpt>
      <trkpt lat="51.519665" lon="-0.058176"><ele>11.25</ele></trkpt>
      <trkpt lat="51.519356" lon="-0.059576"><ele>11.5</ele></trkpt>
      <trkpt lat="51.519374" lon="-0.059588"><ele>11.5</ele></trkpt>
      <trkpt lat="51.519488" lon="-0.059679"><ele>10.75</ele></trkpt>
      <trkpt lat="51.519518" lon="-0.059705"><ele>10.5</ele></trkpt>
      <trkpt lat="51.519543" lon="-0.059727"><ele>10.25</ele></trkpt>
      <trkpt lat="51.519568" lon="-0.059715"><ele>10</ele></trkpt>
      <trkpt lat="51.519575" lon="-0.059727"><ele>10</ele></trkpt>
      <trkpt lat="51.519542" lon="-0.059786"><ele>10</ele></trkpt>
      <trkpt lat="51.519587" lon="-0.05986"><ele>6.75</ele></trkpt>
      <trkpt lat="51.519542" lon="-0.059786"><ele>10</ele></trkpt>
      <trkpt lat="51.519575" lon="-0.059727"><ele>10</ele></trkpt>
      <trkpt lat="51.519568" lon="-0.059715"><ele>10</ele></trkpt>
      <trkpt lat="51.519543" lon="-0.059727"><ele>10.25</ele></trkpt>
      <trkpt lat="51.519518" lon="-0.059705"><ele>10.5</ele></trkpt>
      <trkpt lat="51.519488" lon="-0.059679"><ele>10.75</ele></trkpt>
      <trkpt lat="51.519374" lon="-0.059588"><ele>11.5</ele></trkpt>
      <trkpt lat="51.519356" lon="-0.059576"><ele>11.5</ele></trkpt>
      <trkpt lat="51.519348" lon="-0.059596"><ele>11.5</ele></trkpt>
      <trkpt lat="51.518988" lon="-0.061207"><ele>12</ele></trkpt>
      <trkpt lat="51.518885" lon="-0.061668"><ele>12.75</ele></trkpt>
      <trkpt lat="51.518883" lon="-0.06168"><ele>12.75</ele></trkpt>
      <trkpt lat="51.518873" lon="-0.061722"><ele>12.75</ele></trkpt>
      <trkpt lat="51.518863" lon="-0.061764"><ele>12.5</ele></trkpt>
      <trkpt lat="51.518698" lon="-0.062447"><ele>11.5</ele></trkpt>
      <trkpt lat="51.518651" lon="-0.062731"><ele>12.25</ele></trkpt>
      <trkpt lat="51.518643" lon="-0.06278"><ele>12.25</ele></trkpt>
      <trkpt lat="51.518628" lon="-0.062856"><ele>12.75</ele></trkpt>
      <trkpt lat="51.518617" lon="-0.062918"><ele>12.75</ele></trkpt>
      <trkpt lat="51.518607" lon="-0.062934"><ele>13</ele></trkpt>
      <trkpt lat="51.51855" lon="-0.063063"><ele>13</ele></trkpt>
      <trkpt lat="51.518434" lon="-0.063463"><ele>13</ele></trkpt>
      <trkpt lat="51.518427" lon="-0.063486"><ele>13</ele></trkpt>
      <trkpt lat="51.518423" lon="-0.063501"><ele>13</ele></trkpt>
      <trkpt lat="51.518317" lon="-0.063892"><ele>12.75</ele></trkpt>
      <trkpt lat="51.51811" lon="-0.064606"><ele>12.5</ele></trkpt>
      <trkpt lat="51.517982" lon="-0.065036"><ele>13</ele></trkpt>
      <trkpt lat="51.517979" lon="-0.065046"><ele>13</ele></trkpt>
      <trkpt lat="51.517968" lon="-0.065085"><ele>13</ele></trkpt>
      <trkpt lat="51.517957" lon="-0.065121"><ele>13</ele></trkpt>
      <trkpt lat="51.517945" lon="-0.065164"><ele>13</ele></trkpt>
      <trkpt lat="51.517874" lon="-0.065407"><ele>13</ele></trkpt>
      <trkpt lat="51.517856" lon="-0.065471"><ele>13</ele></trkpt>
      <trkpt lat="51.517843" lon="-0.065514"><ele>13</ele></trkpt>
      <trkpt lat="51.51777" lon="-0.065726"><ele>13</ele></trkpt>
      <trkpt lat="51.517611" lon="-0.066225"><ele>13</ele></trkpt>
      <trkpt lat="51.517605" lon="-0.066246"><ele>13</ele></trkpt>
      <trkpt lat="51.517596" lon="-0.066271"><ele>13</ele></trkpt>
      <trkpt lat="51.517464" lon="-0.066677"><ele>13</ele></trkpt>
      <trkpt lat="51.517459" lon="-0.066719"><ele>13</ele></trkpt>
      <trkpt lat="51.517457" lon="-0.066735"><ele>13</ele></trkpt>
      <trkpt lat="51.517449" lon="-0.066762"><ele>13</ele></trkpt>
      <trkpt lat="51.517439" lon="-0.066793"><ele>13</ele></trkpt>
      <trkpt lat="51.517431" lon="-0.066813"><ele>13</ele></trkpt>
      <trkpt lat="51.517226" lon="-0.067351"><ele>13</ele></trkpt>
      <trkpt lat="51.51698" lon="-0.067964"><ele>13.5</ele></trkpt>
      <trkpt lat="51.516665" lon="-0.068675"><ele>13</ele></trkpt>
      <trkpt lat="51.516581" lon="-0.06886"><ele>13.5</ele></trkpt>
      <trkpt lat="51.516527" lon="-0.068956"><ele>13.25</ele></trkpt>
      <trkpt lat="51.516288" lon="-0.069442"><ele>13.25</ele></trkpt>
      <trkpt lat="51.516186" lon="-0.069677"><ele>13.25</ele></trkpt>
      <trkpt lat="51.516175" lon="-0.069703"><ele>13.25</ele></trkpt>
      <trkpt lat="51.516166" lon="-0.069724"><ele>13</ele></trkpt>
      <trkpt lat="51.516156" lon="-0.069747"><ele>13</ele></trkpt>
      <trkpt lat="51.516153" lon="-0.06976"><ele>13</ele></trkpt>
      <trkpt lat="51.516142" lon="-0.069768"><ele>13</ele></trkpt>
      <trkpt lat="51.516101" lon="-0.069845"><ele>13</ele></trkpt>
      <trkpt lat="51.516032" lon="-0.07001"><ele>13</ele></trkpt>
      <trkpt lat="51.515901" lon="-0.070396"><ele>13</ele></trkpt>
      <trkpt lat="51.515785" lon="-0.070683"><ele>13</ele></trkpt>
      <trkpt lat="51.515775" lon="-0.070705"><ele>13</ele></trkpt>
      <trkpt lat="51.51564" lon="-0.071061"><ele>13</ele></trkpt>
      <trkpt lat="51.515633" lon="-0.071083"><ele>13.25</ele></trkpt>
      <trkpt lat="51.515626" lon="-0.071105"><ele>13</ele></trkpt>
      <trkpt lat="51.515626" lon="-0.071143"><ele>13.25</ele></trkpt>
      <trkpt lat="51.515568" lon="-0.071328"><ele>13.75</ele></trkpt>
      <trkpt lat="51.515525" lon="-0.071468"><ele>13.75</ele></trkpt>
      <trkpt lat="51.515491" lon="-0.071537"><ele>14</ele></trkpt>
      <trkpt lat="51.515443" lon="-0.071671"><ele>13.75</ele></trkpt>
      <trkpt lat="51.515432" lon="-0.07173"><ele>14</ele></trkpt>
      <trkpt lat="51.515434" lon="-0.071761"><ele>14</ele></trkpt>
      <trkpt lat="51.515442" lon="-0.071778"><ele>14</ele></trkpt>
      <trkpt lat="51.515437" lon="-0.071791"><ele>14</ele></trkpt>
      <trkpt lat="51.515412" lon="-0.071852"><ele>14</ele></trkpt>
      <trkpt lat="51.515394" lon="-0.071896"><ele>14</ele></trkpt>
      <trkpt lat="51.515389" lon="-0.071912"><ele>14</ele></trkpt>
      <trkpt lat="51.515447" lon="-0.071961"><ele>14</ele></trkpt>
      <trkpt lat="51.515441" lon="-0.071979"><ele>14</ele></trkpt>
      <trkpt lat="51.515428" lon="-0.072014"><ele>14</ele></trkpt>
      <trkpt lat="51.515415" lon="-0.07205"><ele>14</ele></trkpt>
      <trkpt lat="51.515408" lon="-0.072071"><ele>14</ele></trkpt>
      <trkpt lat="51.515352" lon="-0.072044"><ele>14</ele></trkpt>
      <trkpt lat="51.515322" lon="-0.072068"><ele>14</ele></trkpt>
      <trkpt lat="51.51531" lon="-0.072058"><ele>14</ele></trkpt>
      <trkpt lat="51.515278" lon="-0.072024"><ele>14</ele></trkpt>
      <trkpt lat="51.515226" lon="-0.071968"><ele>14</ele></trkpt>
      <trkpt lat="51.515199" lon="-0.07194"><ele>14</ele></trkpt>
      <trkpt lat="51.515189" lon="-0.07193"><ele>14</ele></trkpt>
      <trkpt lat="51.515139" lon="-0.07207"><ele>14</ele></trkpt>
      <trkpt lat="51.515127" lon="-0.072059"><ele>14</ele></trkpt>
      <trkpt lat="51.515101" lon="-0.072032"><ele>14</ele></trkpt>
      <trkpt lat="51.515095" lon="-0.072051"><ele>14</ele></trkpt>
      <trkpt lat="51.515074" lon="-0.072124"><ele>14</ele></trkpt>
      <trkpt lat="51.515036" lon="-0.072283"><ele>14</ele></trkpt>
      <trkpt lat="51.515044" lon="-0.072368"><ele>14</ele></trkpt>
      <trkpt lat="51.515038" lon="-0.072387"><ele>14</ele></trkpt>
      <trkpt lat="51.51494" lon="-0.072691"><ele>14</ele></trkpt>
      <trkpt lat="51.515012" lon="-0.072752"><ele>14</ele></trkpt>
      <trkpt lat="51.515026" lon="-0.072762"><ele>14</ele></trkpt>
      <trkpt lat="51.515035" lon="-0.072772"><ele>14</ele></trkpt>
      <trkpt lat="51.515019" lon="-0.072818"><ele>14</ele></trkpt>
      <trkpt lat="51.515007" lon="-0.072852"><ele>14</ele></trkpt>
      <trkpt lat="51.514789" lon="-0.073461"><ele>15</ele></trkpt>
      <trkpt lat="51.514778" lon="-0.073492"><ele>15</ele></trkpt>
      <trkpt lat="51.514767" lon="-0.07352"><ele>15</ele></trkpt>
      <trkpt lat="51.514758" lon="-0.073549"><ele>15</ele></trkpt>
      <trkpt lat="51.514649" lon="-0.073901"><ele>15</ele></trkpt>
      <trkpt lat="51.51464" lon="-0.073937"><ele>15</ele></trkpt>
      <trkpt lat="51.514651" lon="-0.073977"><ele>15</ele></trkpt>
      <trkpt lat="51.514657" lon="-0.074"><ele>15</ele></trkpt>
      <trkpt lat="51.514695" lon="-0.074064"><ele>15</ele></trkpt>
      <trkpt lat="51.514682" lon="-0.074098"><ele>15</ele></trkpt>
      <trkpt lat="51.514661" lon="-0.074137"><ele>15</ele></trkpt>
      <trkpt lat="51.514635" lon="-0.07419"><ele>15</ele></trkpt>
      <trkpt lat="51.514625" lon="-0.074212"><ele>15</ele></trkpt>
      <trkpt lat="51.514581" lon="-0.074162"><ele>14.75</ele></trkpt>
      <trkpt lat="51.514575" lon="-0.074176"><ele>15</ele></trkpt>
      <trkpt lat="51.514563" lon="-0.0742"><ele>15</ele></trkpt>
      <trkpt lat="51.514539" lon="-0.074248"><ele>15</ele></trkpt>
      <trkpt lat="51.514496" lon="-0.074285"><ele>15</ele></trkpt>
      <trkpt lat="51.51413" lon="-0.075317"><ele>16</ele></trkpt>
      <trkpt lat="51.51407" lon="-0.075483"><ele>16</ele></trkpt>
      <trkpt lat="51.514027" lon="-0.075606"><ele>16</ele></trkpt>
      <trkpt lat="51.514017" lon="-0.075696"><ele>16</ele></trkpt>
      <trkpt lat="51.513958" lon="-0.075877"><ele>16</ele></trkpt>
      <trkpt lat="51.513939" lon="-0.075932"><ele>16.25</ele></trkpt>
      <trkpt lat="51.513898" lon="-0.075971"><ele>16.25</ele></trkpt>
      <trkpt lat="51.51384" lon="-0.076143"><ele>16.75</ele></trkpt>
      <trkpt lat="51.513744" lon="-0.07641"><ele>16.25</ele></trkpt>
      <trkpt lat="51.513716" lon="-0.076501"><ele>16</ele></trkpt>
      <trkpt lat="51.513697" lon="-0.076485"><ele>16</ele></trkpt>
      <trkpt lat="51.513655" lon="-0.076449"><ele>16</ele></trkpt>
      <trkpt lat="51.513617" lon="-0.076416"><ele>16</ele></trkpt>
      <trkpt lat="51.5136" lon="-0.076401"><ele>16</ele></trkpt>
      <trkpt lat="51.513532" lon="-0.076611"><ele>16</ele></trkpt>
      <trkpt lat="51.513514" lon="-0.076681"><ele>16</ele></trkpt>
      <trkpt lat="51.513359" lon="-0.076648"><ele>16</ele></trkpt>
      <trkpt lat="51.513245" lon="-0.076619"><ele>15.5</ele></trkpt>
      <trkpt lat="51.513238" lon="-0.076618"><ele>15.5</ele></trkpt>
      <trkpt lat="51.513205" lon="-0.076657"><ele>15.5</ele></trkpt>
      <trkpt lat="51.513128" lon="-0.076644"><ele>15.25</ele></trkpt>
      <trkpt lat="51.513098" lon="-0.076636"><ele>15</ele></trkpt>
      <trkpt lat="51.512778" lon="-0.076595"><ele>14.25</ele></trkpt>
      <trkpt lat="51.512669" lon="-0.076592"><ele>14</ele></trkpt>
      <trkpt lat="51.512639" lon="-0.076591"><ele>14</ele></trkpt>
      <trkpt lat="51.512615" lon="-0.076592"><ele>14</ele></trkpt>
      <trkpt lat="51.51246" lon="-0.076609"><ele>13.75</ele></trkpt>
      <trkpt lat="51.512404" lon="-0.076626"><ele>13.5</ele></trkpt>
      <trkpt lat="51.512352" lon="-0.076663"><ele>13.25</ele></trkpt>
      <trkpt lat="51.512307" lon="-0.076679"><ele>13.25</ele></trkpt>
      <trkpt lat="51.512248" lon="-0.076713"><ele>13</ele></trkpt>
      <trkpt lat="51.512152" lon="-0.0768"><ele>13</ele></trkpt>
      <trkpt lat="51.511836" lon="-0.077155"><ele>13</ele></trkpt>
      <trkpt lat="51.511659" lon="-0.077335"><ele>13</ele></trkpt>
      <trkpt lat="51.511615" lon="-0.077346"><ele>13</ele></trkpt>
      <trkpt lat="51.511544" lon="-0.077338"><ele>13</ele></trkpt>
      <trkpt lat="51.511515" lon="-0.077326"><ele>13</ele></trkpt>
      <trkpt lat="51.511493" lon="-0.077317"><ele>13</ele></trkpt>
      <trkpt lat="51.51145" lon="-0.0773"><ele>13</ele></trkpt>
      <trkpt lat="51.511348" lon="-0.077259"><ele>13</ele></trkpt>
      <trkpt lat="51.511112" lon="-0.077159"><ele>13</ele></trkpt>
      <trkpt lat="51.511084" lon="-0.077147"><ele>13.25</ele></trkpt>
      <trkpt lat="51.510937" lon="-0.077084"><ele>13.75</ele></trkpt>
      <trkpt lat="51.510911" lon="-0.077055"><ele>13.75</ele></trkpt>
      <trkpt lat="51.510874" lon="-0.077042"><ele>13.75</ele></trkpt>
      <trkpt lat="51.510843" lon="-0.07704"><ele>13.75</ele></trkpt>
      <trkpt lat="51.510802" lon="-0.077001"><ele>14</ele></trkpt>
      <trkpt lat="51.510669" lon="-0.076942"><ele>13.75</ele></trkpt>
      <trkpt lat="51.510509" lon="-0.076887"><ele>13.75</ele></trkpt>
      <trkpt lat="51.510351" lon="-0.076865"><ele>13.5</ele></trkpt>
      <trkpt lat="51.510215" lon="-0.076848"><ele>13.5</ele></trkpt>
      <trkpt lat="51.510071" lon="-0.076828"><ele>13.75</ele></trkpt>
      <trkpt lat="51.51002" lon="-0.076826"><ele>13.75</ele></trkpt>
      <trkpt lat="51.510002" lon="-0.076825"><ele>13.75</ele></trkpt>
      <trkpt lat="51.509966" lon="-0.076691"><ele>13.75</ele></trkpt>
      <trkpt lat="51.509976" lon="-0.076565"><ele>13.75</ele></trkpt>
      <trkpt lat="51.509977" lon="-0.076549"><ele>13.5</ele></trkpt>
      <trkpt lat="51.509976" lon="-0.076565"><ele>13.75</ele></trkpt>
      <trkpt lat="51.509966" lon="-0.076691"><ele>13.75</ele></trkpt>
      <trkpt lat="51.510002" lon="-0.076825"><ele>13.75</ele></trkpt>
      <trkpt lat="51.509978" lon="-0.076908"><ele>13.75</ele></trkpt>
      <trkpt lat="51.509957" lon="-0.076977"><ele>13.75</ele></trkpt>
      <trkpt lat="51.50991" lon="-0.076979"><ele>13.5</ele></trkpt>
      <trkpt lat="51.509866" lon="-0.076993"><ele>13.5</ele></trkpt>
      <trkpt lat="51.509777" lon="-0.077061"><ele>13</ele></trkpt>
      <trkpt lat="51.509731" lon="-0.077117"><ele>13</ele></trkpt>
      <trkpt lat="51.509679" lon="-0.077211"><ele>12.75</ele></trkpt>
      <trkpt lat="51.509652" lon="-0.077277"><ele>12.5</ele></trkpt>
      <trkpt lat="51.50963" lon="-0.077359"><ele>12.5</ele></trkpt>
      <trkpt lat="51.509618" lon="-0.077482"><ele>12.5</ele></trkpt>
      <trkpt lat="51.509604" lon="-0.077801"><ele>12</ele></trkpt>
      <trkpt lat="51.509603" lon="-0.077833"><ele>12</ele></trkpt>
      <trkpt lat="51.509618" lon="-0.077938"><ele>12.5</ele></trkpt>
      <trkpt lat="51.509546" lon="-0.077964"><ele>12.5</ele></trkpt>
      <trkpt lat="51.50953" lon="-0.077969"><ele>12.5</ele></trkpt>
      <trkpt lat="51.509546" lon="-0.078042"><ele>12.75</ele></trkpt>
      <trkpt lat="51.509525" lon="-0.07805"><ele>12.75</ele></trkpt>
      <trkpt lat="51.509514" lon="-0.078054"><ele>12.75</ele></trkpt>
      <trkpt lat="51.509459" lon="-0.078077"><ele>13</ele></trkpt>
      <trkpt lat="51.50938" lon="-0.078114"><ele>12.75</ele></trkpt>
      <trkpt lat="51.509361" lon="-0.078122"><ele>12.5</ele></trkpt>
      <trkpt lat="51.509429" lon="-0.078397"><ele>12.75</ele></trkpt>
      <trkpt lat="51.509444" lon="-0.078467"><ele>12.75</ele></trkpt>
      <trkpt lat="51.509478" lon="-0.078687"><ele>13</ele></trkpt>
      <trkpt lat="51.509504" lon="-0.078931"><ele>13</ele></trkpt>
      <trkpt lat="51.509519" lon="-0.079107"><ele>13</ele></trkpt>
      <trkpt lat="51.509545" lon="-0.079515"><ele>12.25</ele></trkpt>
      <trkpt lat="51.509546" lon="-0.079547"><ele>12.25</ele></trkpt>
      <trkpt lat="51.509546" lon="-0.079579"><ele>12.25</ele></trkpt>
      <trkpt lat="51.509542" lon="-0.079687"><ele>12.25</ele></trkpt>
      <trkpt lat="51.509531" lon="-0.079728"><ele>12.25</ele></trkpt>
      <trkpt lat="51.509458" lon="-0.0799"><ele>12.5</ele></trkpt>
      <trkpt lat="51.509369" lon="-0.080183"><ele>12.5</ele></trkpt>
      <trkpt lat="51.509356" lon="-0.080221"><ele>12.25</ele></trkpt>
      <trkpt lat="51.509346" lon="-0.080247"><ele>12.25</ele></trkpt>
      <trkpt lat="51.50938" lon="-0.08026"><ele>12.5</ele></trkpt>
      <trkpt lat="51.5094" lon="-0.080297"><ele>12.5</ele></trkpt>
      <trkpt lat="51.509422" lon="-0.080338"><ele>12.5</ele></trkpt>
      <trkpt lat="51.509435" lon="-0.080363"><ele>12.5</ele></trkpt>
      <trkpt lat="51.509448" lon="-0.080386"><ele>12.5</ele></trkpt>
      <trkpt lat="51.509461" lon="-0.080409"><ele>12.5</ele></trkpt>
      <trkpt lat="51.509467" lon="-0.08042"><ele>12.5</ele></trkpt>
      <trkpt lat="51.509477" lon="-0.08044"><ele>12.25</ele></trkpt>
      <trkpt lat="51.509488" lon="-0.080459"><ele>12.25</ele></trkpt>
      <trkpt lat="51.5095" lon="-0.08048"><ele>12.25</ele></trkpt>
      <trkpt lat="51.509555" lon="-0.080495"><ele>12.5</ele></trkpt>
      <trkpt lat="51.509599" lon="-0.080592"><ele>12.5</ele></trkpt>
      <trkpt lat="51.509676" lon="-0.080815"><ele>12.75</ele></trkpt>
      <trkpt lat="51.510029" lon="-0.0818"><ele>14</ele></trkpt>
      <trkpt lat="51.510034" lon="-0.081812"><ele>14</ele></trkpt>
      <trkpt lat="51.510044" lon="-0.081843"><ele>14</ele></trkpt>
      <trkpt lat="51.510053" lon="-0.081869"><ele>14</ele></trkpt>
      <trkpt lat="51.510058" lon="-0.081881"><ele>13.75</ele></trkpt>
      <trkpt lat="51.510337" lon="-0.082649"><ele>14.25</ele></trkpt>
      <trkpt lat="51.510346" lon="-0.082666"><ele>14.25</ele></trkpt>
      <trkpt lat="51.510357" lon="-0.082695"><ele>14.25</ele></trkpt>
      <trkpt lat="51.510497" lon="-0.083112"><ele>14.5</ele></trkpt>
      <trkpt lat="51.510504" lon="-0.083169"><ele>14.5</ele></trkpt>
      <trkpt lat="51.510511" lon="-0.083195"><ele>14.75</ele></trkpt>
      <trkpt lat="51.510517" lon="-0.083241"><ele>14.75</ele></trkpt>
      <trkpt lat="51.510524" lon="-0.083285"><ele>14.75</ele></trkpt>
      <trkpt lat="51.510525" lon="-0.083293"><ele>14.75</ele></trkpt>
      <trkpt lat="51.510533" lon="-0.083365"><ele>14.75</ele></trkpt>
      <trkpt lat="51.510577" lon="-0.083861"><ele>15</ele></trkpt>
      <trkpt lat="51.510584" lon="-0.083934"><ele>15</ele></trkpt>
      <trkpt lat="51.51059" lon="-0.083984"><ele>15</ele></trkpt>
      <trkpt lat="51.510637" lon="-0.084335"><ele>14.5</ele></trkpt>
      <trkpt lat="51.510638" lon="-0.084345"><ele>14.5</ele></trkpt>
      <trkpt lat="51.510642" lon="-0.084388"><ele>14.25</ele></trkpt>
      <trkpt lat="51.510646" lon="-0.084433"><ele>14.25</ele></trkpt>
      <trkpt lat="51.510647" lon="-0.084463"><ele>14.25</ele></trkpt>
      <trkpt lat="51.510664" lon="-0.085268"><ele>14.25</ele></trkpt>
      <trkpt lat="51.510664" lon="-0.085276"><ele>14.25</ele></trkpt>
      <trkpt lat="51.510649" lon="-0.085309"><ele>14.25</ele></trkpt>
      <trkpt lat="51.510662" lon="-0.085334"><ele>14.25</ele></trkpt>
      <trkpt lat="51.510659" lon="-0.085351"><ele>14.25</ele></trkpt>
      <trkpt lat="51.510658" lon="-0.085363"><ele>14.25</ele></trkpt>
      <trkpt lat="51.510684" lon="-0.085695"><ele>13.5</ele></trkpt>
      <trkpt lat="51.510695" lon="-0.085776"><ele>13.5</ele></trkpt>
      <trkpt lat="51.510708" lon="-0.085865"><ele>13.5</ele></trkpt>
      <trkpt lat="51.510731" lon="-0.085924"><ele>13.5</ele></trkpt>
      <trkpt lat="51.510733" lon="-0.085936"><ele>13.5</ele></trkpt>
      <trkpt lat="51.510714" lon="-0.085945"><ele>13.5</ele></trkpt>
      <trkpt lat="51.510733" lon="-0.085936"><ele>13.75</ele></trkpt>
      <trkpt lat="51.510764" lon="-0.086069"><ele>13.75</ele></trkpt>
      <trkpt lat="51.510788" lon="-0.086198"><ele>13.75</ele></trkpt>
      <trkpt lat="51.510784" lon="-0.086261"><ele>13.75</ele></trkpt>
      <trkpt lat="51.510766" lon="-0.086327"><ele>13.75</ele></trkpt>
      <trkpt lat="51.510768" lon="-0.086406"><ele>13.75</ele></trkpt>
      <trkpt lat="51.510746" lon="-0.086468"><ele>13.75</ele></trkpt>
      <trkpt lat="51.510739" lon="-0.086487"><ele>13.75</ele></trkpt>
      <trkpt lat="51.510744" lon="-0.086492"><ele>13.75</ele></trkpt>
      <trkpt lat="51.510752" lon="-0.086504"><ele>13.75</ele></trkpt>
      <trkpt lat="51.510805" lon="-0.086663"><ele>14</ele></trkpt>
      <trkpt lat="51.510857" lon="-0.086855"><ele>14</ele></trkpt>
      <trkpt lat="51.510873" lon="-0.08689"><ele>14</ele></trkpt>
      <trkpt lat="51.510898" lon="-0.086916"><ele>14.25</ele></trkpt>
      <trkpt lat="51.510916" lon="-0.086967"><ele>14.25</ele></trkpt>
      <trkpt lat="51.510923" lon="-0.086993"><ele>14.25</ele></trkpt>
      <trkpt lat="51.510955" lon="-0.087125"><ele>14.25</ele></trkpt>
      <trkpt lat="51.511028" lon="-0.0875"><ele>14.75</ele></trkpt>
      <trkpt lat="51.511032" lon="-0.087522"><ele>14.75</ele></trkpt>
      <trkpt lat="51.511038" lon="-0.087561"><ele>14.75</ele></trkpt>
      <trkpt lat="51.511117" lon="-0.087977"><ele>14</ele></trkpt>
      <trkpt lat="51.511122" lon="-0.088003"><ele>14</ele></trkpt>
      <trkpt lat="51.511128" lon="-0.088034"><ele>13.75</ele></trkpt>
      <trkpt lat="51.511239" lon="-0.088608"><ele>14</ele></trkpt>
      <trkpt lat="51.511247" lon="-0.088654"><ele>14</ele></trkpt>
      <trkpt lat="51.511353" lon="-0.089245"><ele>13</ele></trkpt>
      <trkpt lat="51.511356" lon="-0.08926"><ele>13</ele></trkpt>
      <trkpt lat="51.511364" lon="-0.089301"><ele>13</ele></trkpt>
      <trkpt lat="51.511373" lon="-0.089349"><ele>13</ele></trkpt>
      <trkpt lat="51.511375" lon="-0.089361"><ele>13</ele></trkpt>
      <trkpt lat="51.511408" lon="-0.089533"><ele>13</ele></trkpt>
      <trkpt lat="51.511477" lon="-0.089904"><ele>12.25</ele></trkpt>
      <trkpt lat="51.51155" lon="-0.090302"><ele>10.75</ele></trkpt>
      <trkpt lat="51.511568" lon="-0.090404"><ele>10.5</ele></trkpt>
      <trkpt lat="51.511607" lon="-0.090609"><ele>10.5</ele></trkpt>
      <trkpt lat="51.511621" lon="-0.090684"><ele>10.25</ele></trkpt>
      <trkpt lat="51.511579" lon="-0.090703"><ele>10</ele></trkpt>
      <trkpt lat="51.511583" lon="-0.090725"><ele>10</ele></trkpt>
      <trkpt lat="51.511592" lon="-0.090772"><ele>9.75</ele></trkpt>
      <trkpt lat="51.511599" lon="-0.090808"><ele>9.75</ele></trkpt>
      <trkpt lat="51.511601" lon="-0.090816"><ele>9.75</ele></trkpt>
      <trkpt lat="51.511513" lon="-0.090861"><ele>9.25</ele></trkpt>
      <trkpt lat="51.511521" lon="-0.090897"><ele>9.25</ele></trkpt>
      <trkpt lat="51.511741" lon="-0.092042"><ele>9.5</ele></trkpt>
      <trkpt lat="51.51175" lon="-0.092084"><ele>9.5</ele></trkpt>
      <trkpt lat="51.511757" lon="-0.092116"><ele>9.5</ele></trkpt>
      <trkpt lat="51.511831" lon="-0.092607"><ele>10.5</ele></trkpt>
      <trkpt lat="51.511823" lon="-0.092648"><ele>10.5</ele></trkpt>
      <trkpt lat="51.511827" lon="-0.09268"><ele>10.5</ele></trkpt>
      <trkpt lat="51.511846" lon="-0.092827"><ele>10.75</ele></trkpt>
      <trkpt lat="51.51185" lon="-0.092852"><ele>10.75</ele></trkpt>
      <trkpt lat="51.511919" lon="-0.093379"><ele>11.75</ele></trkpt>
      <trkpt lat="51.511977" lon="-0.093772"><ele>13</ele></trkpt>
      <trkpt lat="51.511974" lon="-0.093784"><ele>13</ele></trkpt>
      <trkpt lat="51.511973" lon="-0.093824"><ele>13</ele></trkpt>
      <trkpt lat="51.511972" lon="-0.09384"><ele>13</ele></trkpt>
      <trkpt lat="51.511974" lon="-0.093848"><ele>13</ele></trkpt>
      <trkpt lat="51.512098" lon="-0.093819"><ele>13.5</ele></trkpt>
      <trkpt lat="51.511974" lon="-0.093848"><ele>13</ele></trkpt>
      <trkpt lat="51.511952" lon="-0.093961"><ele>13</ele></trkpt>
      <trkpt lat="51.512037" lon="-0.094411"><ele>13.75</ele></trkpt>
      <trkpt lat="51.512061" lon="-0.09455"><ele>14</ele></trkpt>
      <trkpt lat="51.512078" lon="-0.094648"><ele>14</ele></trkpt>
      <trkpt lat="51.512114" lon="-0.094672"><ele>14</ele></trkpt>
      <trkpt lat="51.512102" lon="-0.094736"><ele>14</ele></trkpt>
      <trkpt lat="51.512092" lon="-0.094781"><ele>14</ele></trkpt>
      <trkpt lat="51.51208" lon="-0.094832"><ele>14</ele></trkpt>
      <trkpt lat="51.512025" lon="-0.095125"><ele>14</ele></trkpt>
      <trkpt lat="51.511949" lon="-0.095538"><ele>13.75</ele></trkpt>
      <trkpt lat="51.511944" lon="-0.095574"><ele>13.75</ele></trkpt>
      <trkpt lat="51.511883" lon="-0.095999"><ele>13</ele></trkpt>
      <trkpt lat="51.511859" lon="-0.096237"><ele>13</ele></trkpt>
      <trkpt lat="51.511829" lon="-0.09668"><ele>12</ele></trkpt>
      <trkpt lat="51.511813" lon="-0.097159"><ele>11.5</ele></trkpt>
      <trkpt lat="51.511812" lon="-0.09721"><ele>11.5</ele></trkpt>
      <trkpt lat="51.511812" lon="-0.097263"><ele>11.25</ele></trkpt>
      <trkpt lat="51.511872" lon="-0.098349"><ele>10.75</ele></trkpt>
      <trkpt lat="51.511896" lon="-0.098676"><ele>10.5</ele></trkpt>
      <trkpt lat="51.511867" lon="-0.098849"><ele>10</ele></trkpt>
      <trkpt lat="51.511888" lon="-0.099162"><ele>9.25</ele></trkpt>
      <trkpt lat="51.511891" lon="-0.099196"><ele>9.25</ele></trkpt>
      <trkpt lat="51.511892" lon="-0.099271"><ele>9.25</ele></trkpt>
      <trkpt lat="51.511899" lon="-0.099313"><ele>9.25</ele></trkpt>
      <trkpt lat="51.511914" lon="-0.0994"><ele>9.5</ele></trkpt>
      <trkpt lat="51.511925" lon="-0.099467"><ele>9.5</ele></trkpt>
      <trkpt lat="51.511934" lon="-0.099522"><ele>9.5</ele></trkpt>
      <trkpt lat="51.511947" lon="-0.099739"><ele>8.75</ele></trkpt>
      <trkpt lat="51.511979" lon="-0.100399"><ele>6.75</ele></trkpt>
      <trkpt lat="51.511982" lon="-0.100464"><ele>6.75</ele></trkpt>
      <trkpt lat="51.511985" lon="-0.100527"><ele>6.5</ele></trkpt>
      <trkpt lat="51.511985" lon="-0.100538"><ele>6.5</ele></trkpt>
      <trkpt lat="51.512035" lon="-0.101299"><ele>7.25</ele></trkpt>
      <trkpt lat="51.512039" lon="-0.101344"><ele>7.5</ele></trkpt>
      <trkpt lat="51.512043" lon="-0.101404"><ele>7.5</ele></trkpt>
      <trkpt lat="51.512063" lon="-0.10184"><ele>6.75</ele></trkpt>
      <trkpt lat="51.51206" lon="-0.101871"><ele>6.75</ele></trkpt>
      <trkpt lat="51.512053" lon="-0.101931"><ele>6.75</ele></trkpt>
      <trkpt lat="51.512057" lon="-0.101971"><ele>6.75</ele></trkpt>
      <trkpt lat="51.51206" lon="-0.102015"><ele>6.75</ele></trkpt>
      <trkpt lat="51.512062" lon="-0.102039"><ele>6.75</ele></trkpt>
      <trkpt lat="51.512063" lon="-0.102093"><ele>6.75</ele></trkpt>
      <trkpt lat="51.512063" lon="-0.102146"><ele>6.75</ele></trkpt>
      <trkpt lat="51.512065" lon="-0.102184"><ele>6.75</ele></trkpt>
      <trkpt lat="51.512067" lon="-0.102223"><ele>7</ele></trkpt>
      <trkpt lat="51.512048" lon="-0.102267"><ele>7</ele></trkpt>
      <trkpt lat="51.51203" lon="-0.102311"><ele>7</ele></trkpt>
      <trkpt lat="51.512021" lon="-0.102338"><ele>7</ele></trkpt>
      <trkpt lat="51.51201" lon="-0.102425"><ele>7</ele></trkpt>
      <trkpt lat="51.512002" lon="-0.102481"><ele>7</ele></trkpt>
      <trkpt lat="51.511955" lon="-0.103102"><ele>6</ele></trkpt>
      <trkpt lat="51.511929" lon="-0.103568"><ele>6.75</ele></trkpt>
      <trkpt lat="51.511895" lon="-0.103689"><ele>6.75</ele></trkpt>
      <trkpt lat="51.511852" lon="-0.10381"><ele>7</ele></trkpt>
      <trkpt lat="51.511813" lon="-0.103887"><ele>7.25</ele></trkpt>
      <trkpt lat="51.511764" lon="-0.103891"><ele>7.5</ele></trkpt>
      <trkpt lat="51.511678" lon="-0.103896"><ele>7.75</ele></trkpt>
      <trkpt lat="51.511652" lon="-0.103789"><ele>7.25</ele></trkpt>
      <trkpt lat="51.511562" lon="-0.103721"><ele>6.75</ele></trkpt>
      <trkpt lat="51.511652" lon="-0.103789"><ele>7.25</ele></trkpt>
      <trkpt lat="51.511678" lon="-0.103896"><ele>7.75</ele></trkpt>
      <trkpt lat="51.511581" lon="-0.104025"><ele>8</ele></trkpt>
      <trkpt lat="51.511576" lon="-0.104072"><ele>8</ele></trkpt>
      <trkpt lat="51.511589" lon="-0.104148"><ele>8.25</ele></trkpt>
      <trkpt lat="51.511609" lon="-0.104214"><ele>8</ele></trkpt>
      <trkpt lat="51.511667" lon="-0.104257"><ele>7.75</ele></trkpt>
      <trkpt lat="51.511687" lon="-0.104304"><ele>7.75</ele></trkpt>
      <trkpt lat="51.511711" lon="-0.104348"><ele>7.75</ele></trkpt>
      <trkpt lat="51.511726" lon="-0.104378"><ele>7.75</ele></trkpt>
      <trkpt lat="51.511736" lon="-0.104401"><ele>7.75</ele></trkpt>
      <trkpt lat="51.511746" lon="-0.104423"><ele>7.5</ele></trkpt>
      <trkpt lat="51.511765" lon="-0.104471"><ele>7.5</ele></trkpt>
      <trkpt lat="51.511587" lon="-0.104656"><ele>8</ele></trkpt>
      <trkpt lat="51.511544" lon="-0.104722"><ele>8</ele></trkpt>
      <trkpt lat="51.511445" lon="-0.104878"><ele>7.75</ele></trkpt>
      <trkpt lat="51.511328" lon="-0.105112"><ele>7.5</ele></trkpt>
      <trkpt lat="51.511258" lon="-0.10532"><ele>7</ele></trkpt>
      <trkpt lat="51.511224" lon="-0.105475"><ele>6.75</ele></trkpt>
      <trkpt lat="51.511217" lon="-0.105509"><ele>6.75</ele></trkpt>
      <trkpt lat="51.511209" lon="-0.105547"><ele>6.5</ele></trkpt>
      <trkpt lat="51.511183" lon="-0.105678"><ele>6.25</ele></trkpt>
      <trkpt lat="51.511178" lon="-0.105957"><ele>6</ele></trkpt>
      <trkpt lat="51.511181" lon="-0.106168"><ele>5.5</ele></trkpt>
      <trkpt lat="51.511181" lon="-0.10618"><ele>5.5</ele></trkpt>
      <trkpt lat="51.51119" lon="-0.106193"><ele>5.5</ele></trkpt>
      <trkpt lat="51.51119" lon="-0.106257"><ele>5.25</ele></trkpt>
      <trkpt lat="51.51119" lon="-0.106304"><ele>5</ele></trkpt>
      <trkpt lat="51.511183" lon="-0.106309"><ele>5</ele></trkpt>
      <trkpt lat="51.511184" lon="-0.106354"><ele>4.75</ele></trkpt>
      <trkpt lat="51.511189" lon="-0.106838"><ele>5</ele></trkpt>
      <trkpt lat="51.511189" lon="-0.106866"><ele>5</ele></trkpt>
      <trkpt lat="51.511189" lon="-0.10689"><ele>5</ele></trkpt>
      <trkpt lat="51.51119" lon="-0.106923"><ele>5</ele></trkpt>
      <trkpt lat="51.511188" lon="-0.106961"><ele>5</ele></trkpt>
      <trkpt lat="51.511189" lon="-0.107811"><ele>4.75</ele></trkpt>
      <trkpt lat="51.511178" lon="-0.107908"><ele>4.75</ele></trkpt>
      <trkpt lat="51.511174" lon="-0.107942"><ele>4.75</ele></trkpt>
      <trkpt lat="51.511174" lon="-0.107994"><ele>4.75</ele></trkpt>
      <trkpt lat="51.511174" lon="-0.108035"><ele>4.75</ele></trkpt>
      <trkpt lat="51.511151" lon="-0.108069"><ele>4.75</ele></trkpt>
      <trkpt lat="51.511139" lon="-0.108498"><ele>4.25</ele></trkpt>
      <trkpt lat="51.511141" lon="-0.110719"><ele>4</ele></trkpt>
      <trkpt lat="51.511129" lon="-0.111547"><ele>5</ele></trkpt>
      <trkpt lat="51.511132" lon="-0.111889"><ele>4.75</ele></trkpt>
      <trkpt lat="51.511127" lon="-0.111958"><ele>4.75</ele></trkpt>
      <trkpt lat="51.511123" lon="-0.112035"><ele>4.75</ele></trkpt>
      <trkpt lat="51.511119" lon="-0.112117"><ele>4.75</ele></trkpt>
      <trkpt lat="51.511115" lon="-0.112156"><ele>4.75</ele></trkpt>
      <trkpt lat="51.511096" lon="-0.112243"><ele>4.75</ele></trkpt>
      <trkpt lat="51.510993" lon="-0.113473"><ele>5</ele></trkpt>
      <trkpt lat="51.510991" lon="-0.113492"><ele>5</ele></trkpt>
      <trkpt lat="51.511017" lon="-0.113505"><ele>5</ele></trkpt>
      <trkpt lat="51.51113" lon="-0.113558"><ele>5</ele></trkpt>
      <trkpt lat="51.511117" lon="-0.113645"><ele>5</ele></trkpt>
      <trkpt lat="51.511212" lon="-0.113696"><ele>5.5</ele></trkpt>
      <trkpt lat="51.511199" lon="-0.113757"><ele>5.5</ele></trkpt>
      <trkpt lat="51.511083" lon="-0.114304"><ele>5.5</ele></trkpt>
      <trkpt lat="51.510977" lon="-0.114805"><ele>5.5</ele></trkpt>
      <trkpt lat="51.510988" lon="-0.114811"><ele>5.5</ele></trkpt>
      <trkpt lat="51.510897" lon="-0.115191"><ele>5</ele></trkpt>
      <trkpt lat="51.510878" lon="-0.115238"><ele>5</ele></trkpt>
      <trkpt lat="51.510854" lon="-0.115273"><ele>5</ele></trkpt>
      <trkpt lat="51.510809" lon="-0.115289"><ele>4.75</ele></trkpt>
      <trkpt lat="51.510765" lon="-0.115282"><ele>4.5</ele></trkpt>
      <trkpt lat="51.510739" lon="-0.115248"><ele>4.5</ele></trkpt>
      <trkpt lat="51.510734" lon="-0.115275"><ele>4.5</ele></trkpt>
      <trkpt lat="51.510728" lon="-0.115309"><ele>4.5</ele></trkpt>
      <trkpt lat="51.510714" lon="-0.115381"><ele>4.5</ele></trkpt>
      <trkpt lat="51.510712" lon="-0.115394"><ele>4.5</ele></trkpt>
      <trkpt lat="51.510683" lon="-0.115452"><ele>4.5</ele></trkpt>
      <trkpt lat="51.510663" lon="-0.115442"><ele>4.5</ele></trkpt>
      <trkpt lat="51.510647" lon="-0.115435"><ele>4.5</ele></trkpt>
      <trkpt lat="51.510631" lon="-0.115428"><ele>4.5</ele></trkpt>
      <trkpt lat="51.510606" lon="-0.115415"><ele>4.25</ele></trkpt>
      <trkpt lat="51.510586" lon="-0.115406"><ele>4.25</ele></trkpt>
      <trkpt lat="51.510554" lon="-0.11539"><ele>4.25</ele></trkpt>
      <trkpt lat="51.510537" lon="-0.115383"><ele>4.25</ele></trkpt>
      <trkpt lat="51.510515" lon="-0.115494"><ele>4.5</ele></trkpt>
      <trkpt lat="51.51051" lon="-0.115492"><ele>4.25</ele></trkpt>
      <trkpt lat="51.510501" lon="-0.115488"><ele>4.25</ele></trkpt>
      <trkpt lat="51.510482" lon="-0.11548"><ele>4.25</ele></trkpt>
      <trkpt lat="51.510464" lon="-0.115469"><ele>4</ele></trkpt>
      <trkpt lat="51.510256" lon="-0.116482"><ele>4</ele></trkpt>
      <trkpt lat="51.509993" lon="-0.117373"><ele>4.5</ele></trkpt>
      <trkpt lat="51.509983" lon="-0.117404"><ele>4.5</ele></trkpt>
      <trkpt lat="51.50987" lon="-0.117772"><ele>4.5</ele></trkpt>
      <trkpt lat="51.509716" lon="-0.118223"><ele>4.5</ele></trkpt>
      <trkpt lat="51.509551" lon="-0.118673"><ele>4.25</ele></trkpt>
      <trkpt lat="51.509465" lon="-0.11888"><ele>4</ele></trkpt>
      <trkpt lat="51.509372" lon="-0.119078"><ele>4</ele></trkpt>
      <trkpt lat="51.509061" lon="-0.119648"><ele>4.25</ele></trkpt>
      <trkpt lat="51.508955" lon="-0.119818"><ele>4.5</ele></trkpt>
      <trkpt lat="51.508704" lon="-0.120198"><ele>4.25</ele></trkpt>
      <trkpt lat="51.508582" lon="-0.120351"><ele>4.5</ele></trkpt>
      <trkpt lat="51.50852" lon="-0.120429"><ele>4</ele></trkpt>
      <trkpt lat="51.508249" lon="-0.120754"><ele>3.75</ele></trkpt>
      <trkpt lat="51.507934" lon="-0.121048"><ele>3.75</ele></trkpt>
      <trkpt lat="51.507198" lon="-0.1216"><ele>3.5</ele></trkpt>
      <trkpt lat="51.50722" lon="-0.121671"><ele>3.75</ele></trkpt>
      <trkpt lat="51.507233" lon="-0.121709"><ele>4</ele></trkpt>
      <trkpt lat="51.507158" lon="-0.121772"><ele>3.75</ele></trkpt>
      <trkpt lat="51.507189" lon="-0.121884"><ele>3.75</ele></trkpt>
      <trkpt lat="51.50722" lon="-0.121984"><ele>4</ele></trkpt>
      <trkpt lat="51.507165" lon="-0.122031"><ele>4</ele></trkpt>
      <trkpt lat="51.506683" lon="-0.122412"><ele>4.5</ele></trkpt>
      <trkpt lat="51.506631" lon="-0.122466"><ele>4.75</ele></trkpt>
      <trkpt lat="51.506606" lon="-0.122479"><ele>4.75</ele></trkpt>
      <trkpt lat="51.506565" lon="-0.122496"><ele>4.75</ele></trkpt>
      <trkpt lat="51.506541" lon="-0.122504"><ele>5</ele></trkpt>
      <trkpt lat="51.506534" lon="-0.12251"><ele>5</ele></trkpt>
      <trkpt lat="51.506527" lon="-0.122516"><ele>5</ele></trkpt>
      <trkpt lat="51.506489" lon="-0.122537"><ele>5</ele></trkpt>
      <trkpt lat="51.506462" lon="-0.122556"><ele>5</ele></trkpt>
      <trkpt lat="51.506431" lon="-0.122568"><ele>5</ele></trkpt>
      <trkpt lat="51.506433" lon="-0.122615"><ele>5</ele></trkpt>
      <trkpt lat="51.506425" lon="-0.122647"><ele>5</ele></trkpt>
      <trkpt lat="51.506418" lon="-0.122683"><ele>5</ele></trkpt>
      <trkpt lat="51.506415" lon="-0.1227"><ele>4.75</ele></trkpt>
      <trkpt lat="51.506478" lon="-0.122786"><ele>5</ele></trkpt>
      <trkpt lat="51.506536" lon="-0.122941"><ele>5</ele></trkpt>
      <trkpt lat="51.506568" lon="-0.123064"><ele>5</ele></trkpt>
      <trkpt lat="51.506584" lon="-0.123249"><ele>5</ele></trkpt>
      <trkpt lat="51.506547" lon="-0.123264"><ele>5</ele></trkpt>
      <trkpt lat="51.506532" lon="-0.123173"><ele>5</ele></trkpt>
      <trkpt lat="51.506706" lon="-0.1231"><ele>5</ele></trkpt>
      <trkpt lat="51.506778" lon="-0.12307"><ele>5</ele></trkpt>
      <trkpt lat="51.507102" lon="-0.122811"><ele>5</ele></trkpt>
      <trkpt lat="51.506778" lon="-0.12307"><ele>5</ele></trkpt>
      <trkpt lat="51.506706" lon="-0.1231"><ele>5</ele></trkpt>
      <trkpt lat="51.506532" lon="-0.123173"><ele>5</ele></trkpt>
      <trkpt lat="51.506547" lon="-0.123264"><ele>5</ele></trkpt>
      <trkpt lat="51.506584" lon="-0.123249"><ele>5</ele></trkpt>
      <trkpt lat="51.506568" lon="-0.123064"><ele>5</ele></trkpt>
      <trkpt lat="51.506536" lon="-0.122941"><ele>5</ele></trkpt>
      <trkpt lat="51.506478" lon="-0.122786"><ele>5</ele></trkpt>
      <trkpt lat="51.506415" lon="-0.1227"><ele>4.75</ele></trkpt>
      <trkpt lat="51.506418" lon="-0.122683"><ele>5</ele></trkpt>
      <trkpt lat="51.506425" lon="-0.122647"><ele>5</ele></trkpt>
      <trkpt lat="51.506433" lon="-0.122615"><ele>5</ele></trkpt>
      <trkpt lat="51.506431" lon="-0.122568"><ele>5</ele></trkpt>
      <trkpt lat="51.506408" lon="-0.122538"><ele>5</ele></trkpt>
      <trkpt lat="51.506393" lon="-0.12248"><ele>4.75</ele></trkpt>
      <trkpt lat="51.506373" lon="-0.122399"><ele>4.5</ele></trkpt>
      <trkpt lat="51.506367" lon="-0.12238"><ele>4.25</ele></trkpt>
      <trkpt lat="51.506294" lon="-0.122426"><ele>4.25</ele></trkpt>
      <trkpt lat="51.506291" lon="-0.122418"><ele>4.25</ele></trkpt>
      <trkpt lat="51.506285" lon="-0.122399"><ele>4.25</ele></trkpt>
      <trkpt lat="51.506276" lon="-0.122368"><ele>4</ele></trkpt>
      <trkpt lat="51.506265" lon="-0.12233"><ele>3.75</ele></trkpt>
      <trkpt lat="51.50625" lon="-0.12234"><ele>3.75</ele></trkpt>
      <trkpt lat="51.506046" lon="-0.122467"><ele>3.5</ele></trkpt>
      <trkpt lat="51.504846" lon="-0.122941"><ele>3.75</ele></trkpt>
      <trkpt lat="51.504654" lon="-0.122997"><ele>3.75</ele></trkpt>
      <trkpt lat="51.504561" lon="-0.123025"><ele>3.75</ele></trkpt>
      <trkpt lat="51.50448" lon="-0.123037"><ele>3.75</ele></trkpt>
      <trkpt lat="51.504441" lon="-0.12305"><ele>3.75</ele></trkpt>
      <trkpt lat="51.503299" lon="-0.12334"><ele>4</ele></trkpt>
      <trkpt lat="51.502827" lon="-0.123481"><ele>4.5</ele></trkpt>
      <trkpt lat="51.501981" lon="-0.123717"><ele>5.25</ele></trkpt>
      <trkpt lat="51.501444" lon="-0.123805"><ele>6</ele></trkpt>
      <trkpt lat="51.501156" lon="-0.123841"><ele>7.25</ele></trkpt>
      <trkpt lat="51.501154" lon="-0.123787"><ele>6.5</ele></trkpt>
      <trkpt lat="51.501112" lon="-0.123788"><ele>6.75</ele></trkpt>
      <trkpt lat="51.501113" lon="-0.123821"><ele>7.25</ele></trkpt>
      <trkpt lat="51.501153" lon="-0.12382"><ele>7</ele></trkpt>
      <trkpt lat="51.501161" lon="-0.12433"><ele>7.75</ele></trkpt>
      <trkpt lat="51.501161" lon="-0.124383"><ele>7.75</ele></trkpt>
      <trkpt lat="51.50117" lon="-0.124398"><ele>7.75</ele></trkpt>
      <trkpt lat="51.501164" lon="-0.124876"><ele>7</ele></trkpt>
      <trkpt lat="51.501206" lon="-0.124875"><ele>7</ele></trkpt>
      <trkpt lat="51.501226" lon="-0.124842"><ele>7</ele></trkpt>
      <trkpt lat="51.501246" lon="-0.124808"><ele>7.25</ele></trkpt>
      <trkpt lat="51.501261" lon="-0.124784"><ele>7.25</ele></trkpt>
      <trkpt lat="51.501346" lon="-0.124787"><ele>7.5</ele></trkpt>
      <trkpt lat="51.501331" lon="-0.124787"><ele>7.5</ele></trkpt>
      <trkpt lat="51.501333" lon="-0.124838"><ele>7.25</ele></trkpt>
      <trkpt lat="51.501319" lon="-0.124862"><ele>7.25</ele></trkpt>
      <trkpt lat="51.501333" lon="-0.124838"><ele>7.25</ele></trkpt>
      <trkpt lat="51.501331" lon="-0.124787"><ele>7.5</ele></trkpt>
      <trkpt lat="51.501346" lon="-0.124787"><ele>7.5</ele></trkpt>
      <trkpt lat="51.501261" lon="-0.124784"><ele>7.25</ele></trkpt>
      <trkpt lat="51.501246" lon="-0.124808"><ele>7.25</ele></trkpt>
      <trkpt lat="51.501226" lon="-0.124842"><ele>7</ele></trkpt>
      <trkpt lat="51.501206" lon="-0.124875"><ele>7</ele></trkpt>
      <trkpt lat="51.501164" lon="-0.124876"><ele>7</ele></trkpt>
      <trkpt lat="51.501079" lon="-0.124885"><ele>6.75</ele></trkpt>
      <trkpt lat="51.501062" lon="-0.124886"><ele>6.75</ele></trkpt>
      <trkpt lat="51.501057" lon="-0.124887"><ele>6.75</ele></trkpt>
      <trkpt lat="51.501059" lon="-0.124928"><ele>6.75</ele></trkpt>
      <trkpt lat="51.501077" lon="-0.125457"><ele>5.75</ele></trkpt>
      <trkpt lat="51.501078" lon="-0.125484"><ele>5.75</ele></trkpt>
      <trkpt lat="51.501081" lon="-0.125523"><ele>5.75</ele></trkpt>
      <trkpt lat="51.501085" lon="-0.12584"><ele>5.75</ele></trkpt>
      <trkpt lat="51.501071" lon="-0.125843"><ele>5.75</ele></trkpt>
      <trkpt lat="51.501062" lon="-0.125844"><ele>5.75</ele></trkpt>
      <trkpt lat="51.500995" lon="-0.125851"><ele>5.75</ele></trkpt>
      <trkpt lat="51.500912" lon="-0.12586"><ele>5.75</ele></trkpt>
      <trkpt lat="51.500893" lon="-0.12586"><ele>5.75</ele></trkpt>
      <trkpt lat="51.500869" lon="-0.12585"><ele>5.75</ele></trkpt>
      <trkpt lat="51.500788" lon="-0.125974"><ele>5.25</ele></trkpt>
      <trkpt lat="51.500739" lon="-0.125977"><ele>5.25</ele></trkpt>
      <trkpt lat="51.500736" lon="-0.12605"><ele>5</ele></trkpt>
      <trkpt lat="51.500737" lon="-0.12615"><ele>5</ele></trkpt>
      <trkpt lat="51.500738" lon="-0.126243"><ele>5</ele></trkpt>
      <trkpt lat="51.50074" lon="-0.126266"><ele>5</ele></trkpt>
      <trkpt lat="51.500344" lon="-0.126325"><ele>5</ele></trkpt>
      <trkpt lat="51.500326" lon="-0.126336"><ele>5</ele></trkpt>
      <trkpt lat="51.50031" lon="-0.126362"><ele>5</ele></trkpt>
      <trkpt lat="51.500301" lon="-0.126391"><ele>5</ele></trkpt>
      <trkpt lat="51.5003" lon="-0.126423"><ele>5</ele></trkpt>
      <trkpt lat="51.500345" lon="-0.127202"><ele>5</ele></trkpt>
      <trkpt lat="51.500351" lon="-0.127296"><ele>5</ele></trkpt>
      <trkpt lat="51.500341" lon="-0.127303"><ele>5</ele></trkpt>
      <trkpt lat="51.500329" lon="-0.127314"><ele>5</ele></trkpt>
      <trkpt lat="51.500281" lon="-0.127366"><ele>5</ele></trkpt>
      <trkpt lat="51.500236" lon="-0.127425"><ele>5</ele></trkpt>
      <trkpt lat="51.500213" lon="-0.127459"><ele>5</ele></trkpt>
      <trkpt lat="51.500273" lon="-0.127567"><ele>4.75</ele></trkpt>
      <trkpt lat="51.500288" lon="-0.127606"><ele>4.5</ele></trkpt>
      <trkpt lat="51.500298" lon="-0.127637"><ele>4.5</ele></trkpt>
      <trkpt lat="51.500333" lon="-0.127678"><ele>4.25</ele></trkpt>
      <trkpt lat="51.500293" lon="-0.127688"><ele>4.25</ele></trkpt>
      <trkpt lat="51.500251" lon="-0.127744"><ele>4</ele></trkpt>
      <trkpt lat="51.500225" lon="-0.127777"><ele>4</ele></trkpt>
      <trkpt lat="51.500216" lon="-0.127807"><ele>4</ele></trkpt>
      <trkpt lat="51.500184" lon="-0.127912"><ele>4</ele></trkpt>
      <trkpt lat="51.500136" lon="-0.128153"><ele>4</ele></trkpt>
      <trkpt lat="51.500113" lon="-0.128219"><ele>4</ele></trkpt>
      <trkpt lat="51.500104" lon="-0.128248"><ele>4.25</ele></trkpt>
      <trkpt lat="51.500078" lon="-0.128326"><ele>4.25</ele></trkpt>
      <trkpt lat="51.500053" lon="-0.128391"><ele>4.5</ele></trkpt>
      <trkpt lat="51.50004" lon="-0.128427"><ele>4.75</ele></trkpt>
      <trkpt lat="51.49994" lon="-0.128683"><ele>4.75</ele></trkpt>
      <trkpt lat="51.499732" lon="-0.129212"><ele>4.75</ele></trkpt>
      <trkpt lat="51.499669" lon="-0.129327"><ele>4.25</ele></trkpt>
      <trkpt lat="51.499647" lon="-0.129368"><ele>4</ele></trkpt>
      <trkpt lat="51.499613" lon="-0.129442"><ele>4</ele></trkpt>
      <trkpt lat="51.499605" lon="-0.129462"><ele>4</ele></trkpt>
      <trkpt lat="51.499596" lon="-0.129484"><ele>4</ele></trkpt>
      <trkpt lat="51.499563" lon="-0.129573"><ele>3.75</ele></trkpt>
      <trkpt lat="51.499592" lon="-0.129688"><ele>4</ele></trkpt>
      <trkpt lat="51.499629" lon="-0.130137"><ele>4.25</ele></trkpt>
      <trkpt lat="51.499639" lon="-0.13068"><ele>3.5</ele></trkpt>
      <trkpt lat="51.499641" lon="-0.130758"><ele>3.25</ele></trkpt>
      <trkpt lat="51.499643" lon="-0.131876"><ele>2.75</ele></trkpt>
      <trkpt lat="51.499639" lon="-0.131906"><ele>2.75</ele></trkpt>
      <trkpt lat="51.499635" lon="-0.131935"><ele>2.75</ele></trkpt>
      <trkpt lat="51.499638" lon="-0.131935"><ele>2.75</ele></trkpt>
      <trkpt lat="51.499636" lon="-0.131963"><ele>3</ele></trkpt>
      <trkpt lat="51.49963" lon="-0.131983"><ele>3</ele></trkpt>
      <trkpt lat="51.499639" lon="-0.131987"><ele>3</ele></trkpt>
      <trkpt lat="51.499643" lon="-0.132262"><ele>3</ele></trkpt>
      <trkpt lat="51.499639" lon="-0.132668"><ele>3.25</ele></trkpt>
      <trkpt lat="51.499592" lon="-0.132747"><ele>3.25</ele></trkpt>
      <trkpt lat="51.499603" lon="-0.132868"><ele>3.5</ele></trkpt>
      <trkpt lat="51.499606" lon="-0.132979"><ele>3.75</ele></trkpt>
      <trkpt lat="51.499609" lon="-0.133126"><ele>4</ele></trkpt>
      <trkpt lat="51.499606" lon="-0.133196"><ele>4</ele></trkpt>
      <trkpt lat="51.499603" lon="-0.133278"><ele>4</ele></trkpt>
      <trkpt lat="51.499489" lon="-0.133552"><ele>4</ele></trkpt>
      <trkpt lat="51.49941" lon="-0.133743"><ele>4</ele></trkpt>
      <trkpt lat="51.499611" lon="-0.133942"><ele>4</ele></trkpt>
      <trkpt lat="51.499626" lon="-0.133951"><ele>4</ele></trkpt>
      <trkpt lat="51.499619" lon="-0.134077"><ele>4</ele></trkpt>
      <trkpt lat="51.499627" lon="-0.134079"><ele>4</ele></trkpt>
      <trkpt lat="51.49963" lon="-0.134079"><ele>4</ele></trkpt>
      <trkpt lat="51.499684" lon="-0.134088"><ele>4</ele></trkpt>
      <trkpt lat="51.499673" lon="-0.134275"><ele>4</ele></trkpt>
      <trkpt lat="51.499642" lon="-0.135051"><ele>3.5</ele></trkpt>
      <trkpt lat="51.499633" lon="-0.135199"><ele>4</ele></trkpt>
      <trkpt lat="51.499607" lon="-0.135393"><ele>4</ele></trkpt>
      <trkpt lat="51.499591" lon="-0.135513"><ele>4</ele></trkpt>
      <trkpt lat="51.499583" lon="-0.135565"><ele>4</ele></trkpt>
      <trkpt lat="51.499576" lon="-0.135639"><ele>4</ele></trkpt>
      <trkpt lat="51.49937" lon="-0.13637"><ele>3.5</ele></trkpt>
      <trkpt lat="51.499323" lon="-0.136585"><ele>3.75</ele></trkpt>
      <trkpt lat="51.499304" lon="-0.136674"><ele>4</ele></trkpt>
      <trkpt lat="51.499272" lon="-0.136822"><ele>4</ele></trkpt>
      <trkpt lat="51.499273" lon="-0.136887"><ele>3.75</ele></trkpt>
      <trkpt lat="51.499246" lon="-0.137073"><ele>3.5</ele></trkpt>
      <trkpt lat="51.499229" lon="-0.137191"><ele>3.25</ele></trkpt>
      <trkpt lat="51.499211" lon="-0.137244"><ele>3</ele></trkpt>
      <trkpt lat="51.499144" lon="-0.137785"><ele>3.75</ele></trkpt>
      <trkpt lat="51.499121" lon="-0.137867"><ele>3.5</ele></trkpt>
      <trkpt lat="51.499097" lon="-0.137907"><ele>3.5</ele></trkpt>
      <trkpt lat="51.499108" lon="-0.137959"><ele>3.25</ele></trkpt>
      <trkpt lat="51.499114" lon="-0.138016"><ele>3.25</ele></trkpt>
      <trkpt lat="51.499121" lon="-0.138042"><ele>3</ele></trkpt>
      <trkpt lat="51.499081" lon="-0.138134"><ele>3.25</ele></trkpt>
      <trkpt lat="51.49905" lon="-0.138169"><ele>3.25</ele></trkpt>
      <trkpt lat="51.498832" lon="-0.138416"><ele>3</ele></trkpt>
      <trkpt lat="51.498722" lon="-0.138582"><ele>3.5</ele></trkpt>
      <trkpt lat="51.498405" lon="-0.139209"><ele>4</ele></trkpt>
      <trkpt lat="51.498141" lon="-0.139791"><ele>3.75</ele></trkpt>
      <trkpt lat="51.49811" lon="-0.139861"><ele>4.25</ele></trkpt>
      <trkpt lat="51.497954" lon="-0.139695"><ele>4.25</ele></trkpt>
      <trkpt lat="51.497854" lon="-0.139622"><ele>4.5</ele></trkpt>
      <trkpt lat="51.497837" lon="-0.139762"><ele>4.75</ele></trkpt>
      <trkpt lat="51.49781" lon="-0.13999"><ele>4.75</ele></trkpt>
      <trkpt lat="51.497765" lon="-0.140215"><ele>5</ele></trkpt>
      <trkpt lat="51.497751" lon="-0.140286"><ele>5</ele></trkpt>
      <trkpt lat="51.497638" lon="-0.140625"><ele>5</ele></trkpt>
      <trkpt lat="51.497507" lon="-0.140839"><ele>4.75</ele></trkpt>
      <trkpt lat="51.497364" lon="-0.141022"><ele>5</ele></trkpt>
      <trkpt lat="51.496968" lon="-0.141329"><ele>5</ele></trkpt>
      <trkpt lat="51.496921" lon="-0.141369"><ele>5</ele></trkpt>
      <trkpt lat="51.496726" lon="-0.141551"><ele>5</ele></trkpt>
      <trkpt lat="51.496714" lon="-0.141562"><ele>5</ele></trkpt>
      <trkpt lat="51.496685" lon="-0.141599"><ele>5</ele></trkpt>
      <trkpt lat="51.496659" lon="-0.141629"><ele>5</ele></trkpt>
      <trkpt lat="51.496648" lon="-0.141708"><ele>5</ele></trkpt>
      <trkpt lat="51.496619" lon="-0.141698"><ele>5</ele></trkpt>
      <trkpt lat="51.496579" lon="-0.141685"><ele>5</ele></trkpt>
      <trkpt lat="51.496541" lon="-0.141672"><ele>5</ele></trkpt>
      <trkpt lat="51.496504" lon="-0.141872"><ele>5</ele></trkpt>
      <trkpt lat="51.4965" lon="-0.14192"><ele>5</ele></trkpt>
      <trkpt lat="51.496496" lon="-0.141963"><ele>5</ele></trkpt>
      <trkpt lat="51.496474" lon="-0.142165"><ele>4.75</ele></trkpt>
      <trkpt lat="51.496434" lon="-0.142338"><ele>4.75</ele></trkpt>
      <trkpt lat="51.496374" lon="-0.142423"><ele>4.75</ele></trkpt>
      <trkpt lat="51.496391" lon="-0.14253"><ele>4.75</ele></trkpt>
      <trkpt lat="51.496402" lon="-0.14261"><ele>4.75</ele></trkpt>
      <trkpt lat="51.496416" lon="-0.142719"><ele>4.75</ele></trkpt>
      <trkpt lat="51.496443" lon="-0.142737"><ele>4.75</ele></trkpt>
      <trkpt lat="51.496448" lon="-0.142835"><ele>4.5</ele></trkpt>
      <trkpt lat="51.496451" lon="-0.142911"><ele>4.25</ele></trkpt>
      <trkpt lat="51.496453" lon="-0.142979"><ele>4</ele></trkpt>
      <trkpt lat="51.496454" lon="-0.143023"><ele>4</ele></trkpt>
      <trkpt lat="51.496397" lon="-0.143065"><ele>4</ele></trkpt>
      <trkpt lat="51.496379" lon="-0.143117"><ele>4</ele></trkpt>
      <trkpt lat="51.496222" lon="-0.143316"><ele>4</ele></trkpt>
      <trkpt lat="51.496202" lon="-0.143328"><ele>4</ele></trkpt>
      <trkpt lat="51.496175" lon="-0.143363"><ele>4</ele></trkpt>
      <trkpt lat="51.49615" lon="-0.143396"><ele>4</ele></trkpt>
      <trkpt lat="51.496117" lon="-0.143457"><ele>4</ele></trkpt>
      <trkpt lat="51.496091" lon="-0.143512"><ele>4</ele></trkpt>
      <trkpt lat="51.496066" lon="-0.143569"><ele>4</ele></trkpt>
      <trkpt lat="51.496043" lon="-0.14362"><ele>4</ele></trkpt>
      <trkpt lat="51.496016" lon="-0.14368"><ele>4</ele></trkpt>
      <trkpt lat="51.496052" lon="-0.144518"><ele>4</ele></trkpt>
      <trkpt lat="51.496036" lon="-0.144538"><ele>4</ele></trkpt>
      <trkpt lat="51.495994" lon="-0.144599"><ele>4</ele></trkpt>
      <trkpt lat="51.495969" lon="-0.144644"><ele>4</ele></trkpt>
      <trkpt lat="51.495983" lon="-0.144704"><ele>4</ele></trkpt>
      <trkpt lat="51.496066" lon="-0.145099"><ele>4.75</ele></trkpt>
      <trkpt lat="51.496049" lon="-0.145155"><ele>4.75</ele></trkpt>
      <trkpt lat="51.496056" lon="-0.145182"><ele>4.75</ele></trkpt>
      <trkpt lat="51.496071" lon="-0.145243"><ele>4.75</ele></trkpt>
      <trkpt lat="51.496084" lon="-0.145303"><ele>5</ele></trkpt>
      <trkpt lat="51.496088" lon="-0.145315"><ele>5</ele></trkpt>
      <trkpt lat="51.496094" lon="-0.145338"><ele>5</ele></trkpt>
      <trkpt lat="51.496099" lon="-0.14536"><ele>5</ele></trkpt>
      <trkpt lat="51.496104" lon="-0.145384"><ele>5</ele></trkpt>
      <trkpt lat="51.496049" lon="-0.145428"><ele>5</ele></trkpt>
      <trkpt lat="51.496033" lon="-0.145451"><ele>5</ele></trkpt>
      <trkpt lat="51.49602" lon="-0.145477"><ele>5</ele></trkpt>
      <trkpt lat="51.496006" lon="-0.145532"><ele>5</ele></trkpt>
      <trkpt lat="51.495994" lon="-0.145581"><ele>5</ele></trkpt>
      <trkpt lat="51.495942" lon="-0.145548"><ele>5</ele></trkpt>
      <trkpt lat="51.495885" lon="-0.145589"><ele>5</ele></trkpt>
      <trkpt lat="51.495865" lon="-0.145576"><ele>5</ele></trkpt>
      <trkpt lat="51.495734" lon="-0.145673"><ele>5.25</ele></trkpt>
      <trkpt lat="51.495722" lon="-0.145692"><ele>5.25</ele></trkpt>
      <trkpt lat="51.495673" lon="-0.145735"><ele>5.25</ele></trkpt>
      <trkpt lat="51.495874" lon="-0.146417"><ele>6</ele></trkpt>
      <trkpt lat="51.496056" lon="-0.147061"><ele>6.5</ele></trkpt>
      <trkpt lat="51.49607" lon="-0.147159"><ele>6.75</ele></trkpt>
      <trkpt lat="51.496146" lon="-0.147289"><ele>7</ele></trkpt>
      <trkpt lat="51.496371" lon="-0.147626"><ele>6.75</ele></trkpt>
      <trkpt lat="51.496617" lon="-0.148026"><ele>6.75</ele></trkpt>
      <trkpt lat="51.497097" lon="-0.148799"><ele>6.5</ele></trkpt>
      <trkpt lat="51.497049" lon="-0.148874"><ele>6.25</ele></trkpt>
      <trkpt lat="51.496157" lon="-0.150283"><ele>7</ele></trkpt>
      <trkpt lat="51.496103" lon="-0.150366"><ele>6.75</ele></trkpt>
      <trkpt lat="51.496077" lon="-0.150409"><ele>6.75</ele></trkpt>
      <trkpt lat="51.49478" lon="-0.152487"><ele>6.75</ele></trkpt>
      <trkpt lat="51.494767" lon="-0.152508"><ele>7</ele></trkpt>
      <trkpt lat="51.494729" lon="-0.152569"><ele>7</ele></trkpt>
      <trkpt lat="51.494697" lon="-0.152621"><ele>6.75</ele></trkpt>
      <trkpt lat="51.494693" lon="-0.152627"><ele>6.75</ele></trkpt>
      <trkpt lat="51.494682" lon="-0.152644"><ele>6.5</ele></trkpt>
      <trkpt lat="51.494087" lon="-0.153608"><ele>6.5</ele></trkpt>
      <trkpt lat="51.494058" lon="-0.153652"><ele>6.25</ele></trkpt>
      <trkpt lat="51.494238" lon="-0.153943"><ele>6</ele></trkpt>
      <trkpt lat="51.494271" lon="-0.153995"><ele>6</ele></trkpt>
      <trkpt lat="51.494293" lon="-0.154032"><ele>6</ele></trkpt>
      <trkpt lat="51.494264" lon="-0.154092"><ele>5.75</ele></trkpt>
      <trkpt lat="51.494259" lon="-0.154091"><ele>5.75</ele></trkpt>
      <trkpt lat="51.494252" lon="-0.154119"><ele>5.5</ele></trkpt>
      <trkpt lat="51.494216" lon="-0.154166"><ele>5.25</ele></trkpt>
      <trkpt lat="51.494173" lon="-0.154233"><ele>5.5</ele></trkpt>
      <trkpt lat="51.493848" lon="-0.15476"><ele>6</ele></trkpt>
      <trkpt lat="51.493833" lon="-0.154767"><ele>6</ele></trkpt>
      <trkpt lat="51.493828" lon="-0.154783"><ele>6</ele></trkpt>
      <trkpt lat="51.493781" lon="-0.154835"><ele>6</ele></trkpt>
      <trkpt lat="51.493743" lon="-0.154884"><ele>5.75</ele></trkpt>
      <trkpt lat="51.49372" lon="-0.154886"><ele>5.75</ele></trkpt>
      <trkpt lat="51.493735" lon="-0.154932"><ele>5.75</ele></trkpt>
      <trkpt lat="51.493182" lon="-0.15582"><ele>5.75</ele></trkpt>
      <trkpt lat="51.493155" lon="-0.155842"><ele>5.75</ele></trkpt>
      <trkpt lat="51.493147" lon="-0.155859"><ele>5.75</ele></trkpt>
      <trkpt lat="51.493132" lon="-0.155887"><ele>5.75</ele></trkpt>
      <trkpt lat="51.493109" lon="-0.155929"><ele>5.5</ele></trkpt>
      <trkpt lat="51.493107" lon="-0.155942"><ele>5.5</ele></trkpt>
      <trkpt lat="51.493102" lon="-0.15597"><ele>5.5</ele></trkpt>
      <trkpt lat="51.492991" lon="-0.156294"><ele>5.5</ele></trkpt>
      <trkpt lat="51.492911" lon="-0.156558"><ele>6</ele></trkpt>
      <trkpt lat="51.492868" lon="-0.156688"><ele>5.75</ele></trkpt>
      <trkpt lat="51.492853" lon="-0.156706"><ele>6</ele></trkpt>
      <trkpt lat="51.492834" lon="-0.156709"><ele>6</ele></trkpt>
      <trkpt lat="51.492466" lon="-0.156609"><ele>6</ele></trkpt>
      <trkpt lat="51.492442" lon="-0.156601"><ele>6</ele></trkpt>
      <trkpt lat="51.492357" lon="-0.156585"><ele>6</ele></trkpt>
      <trkpt lat="51.492331" lon="-0.156584"><ele>6</ele></trkpt>
      <trkpt lat="51.492302" lon="-0.156569"><ele>6</ele></trkpt>
      <trkpt lat="51.49225" lon="-0.156457"><ele>6</ele></trkpt>
      <trkpt lat="51.492234" lon="-0.156404"><ele>2.75</ele></trkpt>
      <trkpt lat="51.49225" lon="-0.156457"><ele>6</ele></trkpt>
      <trkpt lat="51.492302" lon="-0.156569"><ele>6</ele></trkpt>
      <trkpt lat="51.492331" lon="-0.156584"><ele>6</ele></trkpt>
      <trkpt lat="51.492357" lon="-0.156585"><ele>6</ele></trkpt>
      <trkpt lat="51.492341" lon="-0.156655"><ele>6</ele></trkpt>
      <trkpt lat="51.492338" lon="-0.15668"><ele>6</ele></trkpt>
      <trkpt lat="51.492335" lon="-0.156705"><ele>6</ele></trkpt>
      <trkpt lat="51.492329" lon="-0.156771"><ele>6</ele></trkpt>
      <trkpt lat="51.492341" lon="-0.156835"><ele>6.25</ele></trkpt>
      <trkpt lat="51.492352" lon="-0.15689"><ele>6.25</ele></trkpt>
      <trkpt lat="51.492286" lon="-0.157476"><ele>6.25</ele></trkpt>
      <trkpt lat="51.492257" lon="-0.157491"><ele>6</ele></trkpt>
      <trkpt lat="51.492255" lon="-0.157508"><ele>6</ele></trkpt>
      <trkpt lat="51.492249" lon="-0.15756"><ele>6.25</ele></trkpt>
      <trkpt lat="51.492244" lon="-0.157611"><ele>6.25</ele></trkpt>
      <trkpt lat="51.492242" lon="-0.157634"><ele>6.5</ele></trkpt>
      <trkpt lat="51.492254" lon="-0.157655"><ele>6.5</ele></trkpt>
      <trkpt lat="51.492259" lon="-0.15768"><ele>6.5</ele></trkpt>
      <trkpt lat="51.492209" lon="-0.158188"><ele>6.75</ele></trkpt>
      <trkpt lat="51.4922" lon="-0.158272"><ele>6.75</ele></trkpt>
      <trkpt lat="51.492189" lon="-0.158339"><ele>7</ele></trkpt>
      <trkpt lat="51.492153" lon="-0.158429"><ele>7</ele></trkpt>
      <trkpt lat="51.491774" lon="-0.159247"><ele>7</ele></trkpt>
      <trkpt lat="51.491733" lon="-0.159282"><ele>7</ele></trkpt>
      <trkpt lat="51.491687" lon="-0.159321"><ele>7</ele></trkpt>
      <trkpt lat="51.491628" lon="-0.159448"><ele>7</ele></trkpt>
      <trkpt lat="51.491296" lon="-0.16014"><ele>7</ele></trkpt>
      <trkpt lat="51.491155" lon="-0.160454"><ele>7</ele></trkpt>
      <trkpt lat="51.491027" lon="-0.160698"><ele>7</ele></trkpt>
      <trkpt lat="51.491048" lon="-0.160724"><ele>7</ele></trkpt>
      <trkpt lat="51.491086" lon="-0.160772"><ele>7</ele></trkpt>
      <trkpt lat="51.491124" lon="-0.16082"><ele>7</ele></trkpt>
      <trkpt lat="51.491141" lon="-0.160841"><ele>6.75</ele></trkpt>
      <trkpt lat="51.491125" lon="-0.160904"><ele>6.75</ele></trkpt>
      <trkpt lat="51.491117" lon="-0.160919"><ele>6.75</ele></trkpt>
      <trkpt lat="51.491106" lon="-0.160939"><ele>7</ele></trkpt>
      <trkpt lat="51.49141" lon="-0.161411"><ele>7</ele></trkpt>
      <trkpt lat="51.491397" lon="-0.161433"><ele>7</ele></trkpt>
      <trkpt lat="51.491409" lon="-0.161447"><ele>7</ele></trkpt>
      <trkpt lat="51.491409" lon="-0.161468"><ele>7</ele></trkpt>
      <trkpt lat="51.491418" lon="-0.161468"><ele>7</ele></trkpt>
      <trkpt lat="51.491552" lon="-0.161675"><ele>6.75</ele></trkpt>
      <trkpt lat="51.49155" lon="-0.161697"><ele>6.75</ele></trkpt>
      <trkpt lat="51.49136" lon="-0.162023"><ele>6</ele></trkpt>
      <trkpt lat="51.491374" lon="-0.162046"><ele>6</ele></trkpt>
      <trkpt lat="51.491396" lon="-0.162078"><ele>6</ele></trkpt>
      <trkpt lat="51.491352" lon="-0.16215"><ele>6</ele></trkpt>
      <trkpt lat="51.491368" lon="-0.162189"><ele>6</ele></trkpt>
      <trkpt lat="51.491442" lon="-0.162371"><ele>5.75</ele></trkpt>
      <trkpt lat="51.491457" lon="-0.162406"><ele>5.75</ele></trkpt>
      <trkpt lat="51.491463" lon="-0.16242"><ele>5.75</ele></trkpt>
      <trkpt lat="51.491484" lon="-0.162471"><ele>5.5</ele></trkpt>
      <trkpt lat="51.491508" lon="-0.162526"><ele>5.5</ele></trkpt>
      <trkpt lat="51.49152" lon="-0.162554"><ele>5.5</ele></trkpt>
      <trkpt lat="51.492007" lon="-0.163666"><ele>5.75</ele></trkpt>
      <trkpt lat="51.492156" lon="-0.163991"><ele>5.75</ele></trkpt>
      <trkpt lat="51.492188" lon="-0.164061"><ele>5.75</ele></trkpt>
      <trkpt lat="51.492208" lon="-0.164098"><ele>5.75</ele></trkpt>
      <trkpt lat="51.492398" lon="-0.164529"><ele>5.5</ele></trkpt>
      <trkpt lat="51.492411" lon="-0.164558"><ele>5.5</ele></trkpt>
      <trkpt lat="51.492513" lon="-0.164806"><ele>5.75</ele></trkpt>
      <trkpt lat="51.492686" lon="-0.165222"><ele>5.75</ele></trkpt>
      <trkpt lat="51.492791" lon="-0.16548"><ele>6</ele></trkpt>
      <trkpt lat="51.492883" lon="-0.165701"><ele>6</ele></trkpt>
      <trkpt lat="51.492988" lon="-0.165956"><ele>6</ele></trkpt>
      <trkpt lat="51.493052" lon="-0.166143"><ele>6</ele></trkpt>
      <trkpt lat="51.493177" lon="-0.166507"><ele>6</ele></trkpt>
      <trkpt lat="51.493375" lon="-0.167134"><ele>6</ele></trkpt>
      <trkpt lat="51.493466" lon="-0.167475"><ele>6</ele></trkpt>
      <trkpt lat="51.493438" lon="-0.167494"><ele>6</ele></trkpt>
      <trkpt lat="51.493445" lon="-0.167521"><ele>6</ele></trkpt>
      <trkpt lat="51.49343" lon="-0.167547"><ele>6</ele></trkpt>
      <trkpt lat="51.493458" lon="-0.167589"><ele>6</ele></trkpt>
      <trkpt lat="51.493634" lon="-0.168266"><ele>6.75</ele></trkpt>
      <trkpt lat="51.49368" lon="-0.168667"><ele>7</ele></trkpt>
      <trkpt lat="51.49368" lon="-0.168722"><ele>7</ele></trkpt>
      <trkpt lat="51.493673" lon="-0.16874"><ele>6.75</ele></trkpt>
      <trkpt lat="51.493657" lon="-0.168786"><ele>7</ele></trkpt>
      <trkpt lat="51.493646" lon="-0.168794"><ele>7</ele></trkpt>
      <trkpt lat="51.493648" lon="-0.168809"><ele>7</ele></trkpt>
      <trkpt lat="51.493654" lon="-0.168852"><ele>7</ele></trkpt>
      <trkpt lat="51.493659" lon="-0.168886"><ele>7</ele></trkpt>
      <trkpt lat="51.493661" lon="-0.168903"><ele>6.75</ele></trkpt>
      <trkpt lat="51.49361" lon="-0.168919"><ele>6.75</ele></trkpt>
      <trkpt lat="51.493612" lon="-0.168938"><ele>6.75</ele></trkpt>
      <trkpt lat="51.493618" lon="-0.168982"><ele>6.75</ele></trkpt>
      <trkpt lat="51.493626" lon="-0.169036"><ele>6.75</ele></trkpt>
      <trkpt lat="51.493643" lon="-0.169049"><ele>6.5</ele></trkpt>
      <trkpt lat="51.493796" lon="-0.168996"><ele>5.75</ele></trkpt>
      <trkpt lat="51.493928" lon="-0.168938"><ele>6.25</ele></trkpt>
      <trkpt lat="51.494282" lon="-0.168837"><ele>7</ele></trkpt>
      <trkpt lat="51.494528" lon="-0.168812"><ele>6.75</ele></trkpt>
      <trkpt lat="51.494649" lon="-0.168848"><ele>7</ele></trkpt>
      <trkpt lat="51.494749" lon="-0.168865"><ele>7</ele></trkpt>
      <trkpt lat="51.494772" lon="-0.168874"><ele>6.75</ele></trkpt>
      <trkpt lat="51.494724" lon="-0.169166"><ele>6.75</ele></trkpt>
      <trkpt lat="51.4944" lon="-0.170848"><ele>6</ele></trkpt>
      <trkpt lat="51.494211" lon="-0.171824"><ele>3</ele></trkpt>
      <trkpt lat="51.494749" lon="-0.172137"><ele>7</ele></trkpt>
      <trkpt lat="51.494721" lon="-0.172281"><ele>6.75</ele></trkpt>
      <trkpt lat="51.494538" lon="-0.173314"><ele>6.75</ele></trkpt>
      <trkpt lat="51.494523" lon="-0.173398"><ele>7</ele></trkpt>
      <trkpt lat="51.494476" lon="-0.173393"><ele>7</ele></trkpt>
      <trkpt lat="51.494347" lon="-0.174178"><ele>6.5</ele></trkpt>
      <trkpt lat="51.49433" lon="-0.174178"><ele>6.5</ele></trkpt>
      <trkpt lat="51.494222" lon="-0.174184"><ele>6.5</ele></trkpt>
      <trkpt lat="51.494149" lon="-0.174188"><ele>6.5</ele></trkpt>
      <trkpt lat="51.494094" lon="-0.174193"><ele>6.5</ele></trkpt>
      <trkpt lat="51.493997" lon="-0.1742"><ele>6.5</ele></trkpt>
      <trkpt lat="51.494041" lon="-0.174387"><ele>6.25</ele></trkpt>
      <trkpt lat="51.494075" lon="-0.17448"><ele>6.25</ele></trkpt>
      <trkpt lat="51.494086" lon="-0.174536"><ele>6.5</ele></trkpt>
      <trkpt lat="51.494072" lon="-0.174646"><ele>6.75</ele></trkpt>
      <trkpt lat="51.494057" lon="-0.174759"><ele>7</ele></trkpt>
      <trkpt lat="51.494068" lon="-0.174775"><ele>7</ele></trkpt>
      <trkpt lat="51.494072" lon="-0.174847"><ele>7</ele></trkpt>
      <trkpt lat="51.494116" lon="-0.174854"><ele>7</ele></trkpt>
      <trkpt lat="51.494089" lon="-0.175361"><ele>7.25</ele></trkpt>
      <trkpt lat="51.494109" lon="-0.175566"><ele>7</ele></trkpt>
      <trkpt lat="51.494082" lon="-0.175899"><ele>7</ele></trkpt>
      <trkpt lat="51.494069" lon="-0.176051"><ele>7.75</ele></trkpt>
      <trkpt lat="51.49402" lon="-0.176653"><ele>8</ele></trkpt>
      <trkpt lat="51.494005" lon="-0.17683"><ele>8</ele></trkpt>
      <trkpt lat="51.493964" lon="-0.177347"><ele>8</ele></trkpt>
      <trkpt lat="51.493946" lon="-0.177584"><ele>7.75</ele></trkpt>
      <trkpt lat="51.493872" lon="-0.178339"><ele>6.75</ele></trkpt>
      <trkpt lat="51.493866" lon="-0.178393"><ele>7</ele></trkpt>
      <trkpt lat="51.493861" lon="-0.178447"><ele>7.25</ele></trkpt>
      <trkpt lat="51.493919" lon="-0.17846"><ele>7.25</ele></trkpt>
      <trkpt lat="51.493932" lon="-0.178463"><ele>7.25</ele></trkpt>
      <trkpt lat="51.493927" lon="-0.178526"><ele>7.5</ele></trkpt>
      <trkpt lat="51.493946" lon="-0.178531"><ele>7.5</ele></trkpt>
      <trkpt lat="51.493944" lon="-0.17856"><ele>7.75</ele></trkpt>
      <trkpt lat="51.493939" lon="-0.178617"><ele>7.75</ele></trkpt>
      <trkpt lat="51.493935" lon="-0.178681"><ele>7.5</ele></trkpt>
      <trkpt lat="51.493931" lon="-0.178728"><ele>7.5</ele></trkpt>
      <trkpt lat="51.493928" lon="-0.17877"><ele>7.25</ele></trkpt>
      <trkpt lat="51.493925" lon="-0.178813"><ele>7.25</ele></trkpt>
      <trkpt lat="51.493917" lon="-0.178845"><ele>7</ele></trkpt>
      <trkpt lat="51.493906" lon="-0.178892"><ele>6.75</ele></trkpt>
      <trkpt lat="51.493894" lon="-0.178942"><ele>6.75</ele></trkpt>
      <trkpt lat="51.493839" lon="-0.179329"><ele>6.5</ele></trkpt>
      <trkpt lat="51.49383" lon="-0.179388"><ele>6.5</ele></trkpt>
      <trkpt lat="51.493827" lon="-0.179407"><ele>6.5</ele></trkpt>
      <trkpt lat="51.49375" lon="-0.179888"><ele>6.75</ele></trkpt>
      <trkpt lat="51.493739" lon="-0.179974"><ele>6.75</ele></trkpt>
      <trkpt lat="51.493729" lon="-0.180045"><ele>7</ele></trkpt>
      <trkpt lat="51.493731" lon="-0.180088"><ele>7</ele></trkpt>
      <trkpt lat="51.49372" lon="-0.180112"><ele>7</ele></trkpt>
      <trkpt lat="51.49367" lon="-0.180419"><ele>7</ele></trkpt>
      <trkpt lat="51.493614" lon="-0.180776"><ele>7.75</ele></trkpt>
      <trkpt lat="51.493612" lon="-0.180807"><ele>7.75</ele></trkpt>
      <trkpt lat="51.493617" lon="-0.18083"><ele>7.75</ele></trkpt>
      <trkpt lat="51.493607" lon="-0.180888"><ele>7.5</ele></trkpt>
      <trkpt lat="51.493602" lon="-0.180918"><ele>7.25</ele></trkpt>
      <trkpt lat="51.493598" lon="-0.180943"><ele>7</ele></trkpt>
      <trkpt lat="51.493581" lon="-0.181005"><ele>6.5</ele></trkpt>
      <trkpt lat="51.493504" lon="-0.181521"><ele>7.25</ele></trkpt>
      <trkpt lat="51.493469" lon="-0.18175"><ele>7.25</ele></trkpt>
      <trkpt lat="51.493456" lon="-0.181832"><ele>7</ele></trkpt>
      <trkpt lat="51.493455" lon="-0.181841"><ele>7</ele></trkpt>
      <trkpt lat="51.493444" lon="-0.18191"><ele>7</ele></trkpt>
      <trkpt lat="51.493432" lon="-0.181986"><ele>7</ele></trkpt>
      <trkpt lat="51.493429" lon="-0.182001"><ele>7</ele></trkpt>
      <trkpt lat="51.4941" lon="-0.182406"><ele>7</ele></trkpt>
      <trkpt lat="51.494113" lon="-0.182448"><ele>7</ele></trkpt>
      <trkpt lat="51.494172" lon="-0.182482"><ele>7</ele></trkpt>
      <trkpt lat="51.494201" lon="-0.182498"><ele>7</ele></trkpt>
      <trkpt lat="51.494334" lon="-0.182567"><ele>7</ele></trkpt>
      <trkpt lat="51.494201" lon="-0.182498"><ele>7</ele></trkpt>
      <trkpt lat="51.494172" lon="-0.182482"><ele>7</ele></trkpt>
      <trkpt lat="51.494018" lon="-0.183175"><ele>8</ele></trkpt>
      <trkpt lat="51.493984" lon="-0.183328"><ele>8</ele></trkpt>
      <trkpt lat="51.493944" lon="-0.183509"><ele>8</ele></trkpt>
      <trkpt lat="51.493819" lon="-0.18407"><ele>7.75</ele></trkpt>
      <trkpt lat="51.49379" lon="-0.184226"><ele>7.75</ele></trkpt>
      <trkpt lat="51.493776" lon="-0.184292"><ele>7.75</ele></trkpt>
      <trkpt lat="51.493766" lon="-0.184345"><ele>7.5</ele></trkpt>
      <trkpt lat="51.493674" lon="-0.184792"><ele>7.25</ele></trkpt>
      <trkpt lat="51.493528" lon="-0.185462"><ele>7.5</ele></trkpt>
      <trkpt lat="51.49347" lon="-0.185757"><ele>6.5</ele></trkpt>
      <trkpt lat="51.493398" lon="-0.186068"><ele>7.75</ele></trkpt>
      <trkpt lat="51.49331" lon="-0.186375"><ele>7.75</ele></trkpt>
      <trkpt lat="51.493225" lon="-0.186689"><ele>7.5</ele></trkpt>
      <trkpt lat="51.492906" lon="-0.187744"><ele>8.5</ele></trkpt>
      <trkpt lat="51.492479" lon="-0.189195"><ele>8.75</ele></trkpt>
      <trkpt lat="51.492478" lon="-0.189242"><ele>8.25</ele></trkpt>
      <trkpt lat="51.49249" lon="-0.189272"><ele>8.25</ele></trkpt>
      <trkpt lat="51.492712" lon="-0.189522"><ele>8</ele></trkpt>
      <trkpt lat="51.49293" lon="-0.189762"><ele>8</ele></trkpt>
      <trkpt lat="51.493403" lon="-0.19029"><ele>7.75</ele></trkpt>
      <trkpt lat="51.493497" lon="-0.190391"><ele>7.5</ele></trkpt>
      <trkpt lat="51.493575" lon="-0.190465"><ele>7.5</ele></trkpt>
      <trkpt lat="51.493416" lon="-0.190707"><ele>7.5</ele></trkpt>
      <trkpt lat="51.493353" lon="-0.190803"><ele>7.75</ele></trkpt>
      <trkpt lat="51.492156" lon="-0.192898"><ele>8</ele></trkpt>
      <trkpt lat="51.4922" lon="-0.192963"><ele>8</ele></trkpt>
      <trkpt lat="51.492223" lon="-0.193008"><ele>8</ele></trkpt>
      <trkpt lat="51.492148" lon="-0.193111"><ele>7.5</ele></trkpt>
      <trkpt lat="51.492095" lon="-0.193191"><ele>7.5</ele></trkpt>
      <trkpt lat="51.492061" lon="-0.193242"><ele>7.25</ele></trkpt>
      <trkpt lat="51.492096" lon="-0.193306"><ele>7</ele></trkpt>
      <trkpt lat="51.492076" lon="-0.19334"><ele>7</ele></trkpt>
      <trkpt lat="51.492054" lon="-0.19337"><ele>7</ele></trkpt>
      <trkpt lat="51.492059" lon="-0.193383"><ele>7</ele></trkpt>
      <trkpt lat="51.49206" lon="-0.193383"><ele>7</ele></trkpt>
      <trkpt lat="51.492067" lon="-0.193395"><ele>6.75</ele></trkpt>
      <trkpt lat="51.492089" lon="-0.193365"><ele>6.75</ele></trkpt>
      <trkpt lat="51.492052" lon="-0.19342"><ele>6.5</ele></trkpt>
      <trkpt lat="51.492077" lon="-0.193466"><ele>6.5</ele></trkpt>
      <trkpt lat="51.49148" lon="-0.194359"><ele>5.5</ele></trkpt>
      <trkpt lat="51.491405" lon="-0.194484"><ele>5.25</ele></trkpt>
      <trkpt lat="51.4914" lon="-0.194643"><ele>5.25</ele></trkpt>
      <trkpt lat="51.491143" lon="-0.195016"><ele>4.75</ele></trkpt>
      <trkpt lat="51.49107" lon="-0.194869"><ele>4.75</ele></trkpt>
      <trkpt lat="51.490996" lon="-0.194761"><ele>4.5</ele></trkpt>
      <trkpt lat="51.49089" lon="-0.194755"><ele>4.5</ele></trkpt>
      <trkpt lat="51.490424" lon="-0.195441"><ele>5.75</ele></trkpt>
      <trkpt lat="51.490337" lon="-0.195553"><ele>6</ele></trkpt>
      <trkpt lat="51.490285" lon="-0.195612"><ele>6</ele></trkpt>
      <trkpt lat="51.490263" lon="-0.195639"><ele>6</ele></trkpt>
      <trkpt lat="51.490258" lon="-0.195645"><ele>6.25</ele></trkpt>
      <trkpt lat="51.490297" lon="-0.195718"><ele>6.25</ele></trkpt>
      <trkpt lat="51.490288" lon="-0.19573"><ele>6.5</ele></trkpt>
      <trkpt lat="51.490257" lon="-0.195773"><ele>6.75</ele></trkpt>
      <trkpt lat="51.490223" lon="-0.195819"><ele>7</ele></trkpt>
      <trkpt lat="51.490208" lon="-0.195839"><ele>7.25</ele></trkpt>
      <trkpt lat="51.490261" lon="-0.195944"><ele>7.25</ele></trkpt>
      <trkpt lat="51.490411" lon="-0.196219"><ele>7</ele></trkpt>
      <trkpt lat="51.490423" lon="-0.196219"><ele>7</ele></trkpt>
      <trkpt lat="51.490491" lon="-0.196336"><ele>7</ele></trkpt>
      <trkpt lat="51.490654" lon="-0.196657"><ele>6</ele></trkpt>
      <trkpt lat="51.490666" lon="-0.196687"><ele>6</ele></trkpt>
      <trkpt lat="51.490675" lon="-0.196705"><ele>6</ele></trkpt>
      <trkpt lat="51.49068" lon="-0.196715"><ele>6</ele></trkpt>
      <trkpt lat="51.490686" lon="-0.196728"><ele>6</ele></trkpt>
      <trkpt lat="51.490696" lon="-0.19675"><ele>6.25</ele></trkpt>
      <trkpt lat="51.490708" lon="-0.196775"><ele>6.25</ele></trkpt>
      <trkpt lat="51.490718" lon="-0.196794"><ele>6.25</ele></trkpt>
      <trkpt lat="51.491173" lon="-0.197667"><ele>5.75</ele></trkpt>
      <trkpt lat="51.491664" lon="-0.198577"><ele>6</ele></trkpt>
      <trkpt lat="51.49212" lon="-0.199442"><ele>6.25</ele></trkpt>
      <trkpt lat="51.492129" lon="-0.199468"><ele>6.25</ele></trkpt>
      <trkpt lat="51.492146" lon="-0.199497"><ele>6.25</ele></trkpt>
      <trkpt lat="51.492157" lon="-0.199517"><ele>6.25</ele></trkpt>
      <trkpt lat="51.492169" lon="-0.199538"><ele>6</ele></trkpt>
      <trkpt lat="51.492175" lon="-0.199548"><ele>6</ele></trkpt>
      <trkpt lat="51.492179" lon="-0.199556"><ele>6</ele></trkpt>
      <trkpt lat="51.49219" lon="-0.199575"><ele>6</ele></trkpt>
      <trkpt lat="51.492212" lon="-0.199589"><ele>5.75</ele></trkpt>
      <trkpt lat="51.492438" lon="-0.200009"><ele>6</ele></trkpt>
      <trkpt lat="51.49247" lon="-0.20008"><ele>6</ele></trkpt>
      <trkpt lat="51.492493" lon="-0.200146"><ele>6</ele></trkpt>
      <trkpt lat="51.492499" lon="-0.20019"><ele>6</ele></trkpt>
      <trkpt lat="51.492493" lon="-0.200269"><ele>6</ele></trkpt>
      <trkpt lat="51.492487" lon="-0.200294"><ele>6</ele></trkpt>
      <trkpt lat="51.49239" lon="-0.200494"><ele>6.25</ele></trkpt>
      <trkpt lat="51.492218" lon="-0.200738"><ele>7.25</ele></trkpt>
      <trkpt lat="51.492058" lon="-0.200993"><ele>7.25</ele></trkpt>
      <trkpt lat="51.491972" lon="-0.20119"><ele>7</ele></trkpt>
      <trkpt lat="51.491806" lon="-0.201615"><ele>6.5</ele></trkpt>
      <trkpt lat="51.491649" lon="-0.202044"><ele>6.25</ele></trkpt>
      <trkpt lat="51.491585" lon="-0.202227"><ele>6</ele></trkpt>
      <trkpt lat="51.491543" lon="-0.202382"><ele>6</ele></trkpt>
      <trkpt lat="51.491508" lon="-0.20255"><ele>5.75</ele></trkpt>
      <trkpt lat="51.491488" lon="-0.202681"><ele>5.75</ele></trkpt>
      <trkpt lat="51.491293" lon="-0.20443"><ele>4.5</ele></trkpt>
      <trkpt lat="51.491269" lon="-0.2046"><ele>4.5</ele></trkpt>
      <trkpt lat="51.491182" lon="-0.205"><ele>4.25</ele></trkpt>
      <trkpt lat="51.491034" lon="-0.205652"><ele>4</ele></trkpt>
      <trkpt lat="51.490998" lon="-0.205714"><ele>4</ele></trkpt>
      <trkpt lat="51.490951" lon="-0.205849"><ele>4</ele></trkpt>
      <trkpt lat="51.490916" lon="-0.206007"><ele>4</ele></trkpt>
      <trkpt lat="51.490816" lon="-0.206667"><ele>4.75</ele></trkpt>
      <trkpt lat="51.490796" lon="-0.206684"><ele>4.5</ele></trkpt>
      <trkpt lat="51.490783" lon="-0.206679"><ele>4.25</ele></trkpt>
      <trkpt lat="51.490779" lon="-0.2067"><ele>4.25</ele></trkpt>
      <trkpt lat="51.490761" lon="-0.206798"><ele>4.25</ele></trkpt>
      <trkpt lat="51.490746" lon="-0.206877"><ele>4.25</ele></trkpt>
      <trkpt lat="51.490742" lon="-0.206898"><ele>4.25</ele></trkpt>
      <trkpt lat="51.490512" lon="-0.206787"><ele>2.5</ele></trkpt>
      <trkpt lat="51.490535" lon="-0.206695"><ele>2</ele></trkpt>
      <trkpt lat="51.490533" lon="-0.206694"><ele>2</ele></trkpt>
      <trkpt lat="51.490454" lon="-0.206659"><ele>2</ele></trkpt>
      <trkpt lat="51.490533" lon="-0.206694"><ele>2</ele></trkpt>
      <trkpt lat="51.490535" lon="-0.206695"><ele>2</ele></trkpt>
      <trkpt lat="51.490512" lon="-0.206787"><ele>2.5</ele></trkpt>
      <trkpt lat="51.490742" lon="-0.206898"><ele>4.25</ele></trkpt>
      <trkpt lat="51.490758" lon="-0.206936"><ele>4.25</ele></trkpt>
      <trkpt lat="51.490757" lon="-0.206967"><ele>4.25</ele></trkpt>
      <trkpt lat="51.490728" lon="-0.207116"><ele>4.5</ele></trkpt>
      <trkpt lat="51.490692" lon="-0.207288"><ele>4.75</ele></trkpt>
      <trkpt lat="51.490515" lon="-0.208248"><ele>4.25</ele></trkpt>
      <trkpt lat="51.490472" lon="-0.208513"><ele>4.25</ele></trkpt>
      <trkpt lat="51.490428" lon="-0.208869"><ele>4</ele></trkpt>
      <trkpt lat="51.490389" lon="-0.209261"><ele>4</ele></trkpt>
      <trkpt lat="51.490369" lon="-0.209565"><ele>4</ele></trkpt>
      <trkpt lat="51.490352" lon="-0.210069"><ele>4</ele></trkpt>
      <trkpt lat="51.490354" lon="-0.210356"><ele>4</ele></trkpt>
      <trkpt lat="51.490363" lon="-0.21063"><ele>4</ele></trkpt>
      <trkpt lat="51.490373" lon="-0.210901"><ele>4</ele></trkpt>
      <trkpt lat="51.490392" lon="-0.211202"><ele>4</ele></trkpt>
      <trkpt lat="51.490441" lon="-0.211733"><ele>3.5</ele></trkpt>
      <trkpt lat="51.490568" lon="-0.212822"><ele>4</ele></trkpt>
      <trkpt lat="51.490595" lon="-0.213107"><ele>4.75</ele></trkpt>
      <trkpt lat="51.490591" lon="-0.213138"><ele>4.5</ele></trkpt>
      <trkpt lat="51.490573" lon="-0.213156"><ele>4.5</ele></trkpt>
      <trkpt lat="51.490573" lon="-0.213222"><ele>4.25</ele></trkpt>
      <trkpt lat="51.490557" lon="-0.213222"><ele>4.25</ele></trkpt>
      <trkpt lat="51.490503" lon="-0.213221"><ele>3.75</ele></trkpt>
      <trkpt lat="51.490406" lon="-0.21322"><ele>3</ele></trkpt>
      <trkpt lat="51.490276" lon="-0.21322"><ele>2.25</ele></trkpt>
      <trkpt lat="51.490284" lon="-0.213349"><ele>1.75</ele></trkpt>
      <trkpt lat="51.49029" lon="-0.213432"><ele>1.75</ele></trkpt>
      <trkpt lat="51.490284" lon="-0.213349"><ele>2</ele></trkpt>
      <trkpt lat="51.490276" lon="-0.21322"><ele>2.75</ele></trkpt>
      <trkpt lat="51.490406" lon="-0.21322"><ele>3.75</ele></trkpt>
      <trkpt lat="51.490503" lon="-0.213221"><ele>3.75</ele></trkpt>
      <trkpt lat="51.490557" lon="-0.213222"><ele>4.25</ele></trkpt>
      <trkpt lat="51.490573" lon="-0.213222"><ele>4.25</ele></trkpt>
      <trkpt lat="51.490574" lon="-0.213281"><ele>4</ele></trkpt>
      <trkpt lat="51.490578" lon="-0.213359"><ele>3.75</ele></trkpt>
      <trkpt lat="51.490607" lon="-0.213365"><ele>3.75</ele></trkpt>
      <trkpt lat="51.490621" lon="-0.213391"><ele>3.75</ele></trkpt>
      <trkpt lat="51.490637" lon="-0.213587"><ele>3.25</ele></trkpt>
      <trkpt lat="51.490674" lon="-0.214219"><ele>3.5</ele></trkpt>
      <trkpt lat="51.490687" lon="-0.214769"><ele>4</ele></trkpt>
      <trkpt lat="51.490686" lon="-0.215125"><ele>3.75</ele></trkpt>
      <trkpt lat="51.490641" lon="-0.216424"><ele>3.5</ele></trkpt>
      <trkpt lat="51.490641" lon="-0.216699"><ele>3.5</ele></trkpt>
      <trkpt lat="51.490656" lon="-0.216963"><ele>3.5</ele></trkpt>
      <trkpt lat="51.490719" lon="-0.217347"><ele>4.25</ele></trkpt>
      <trkpt lat="51.490743" lon="-0.217464"><ele>4.5</ele></trkpt>
      <trkpt lat="51.490762" lon="-0.217557"><ele>4.5</ele></trkpt>
      <trkpt lat="51.490967" lon="-0.218763"><ele>4.5</ele></trkpt>
      <trkpt lat="51.490984" lon="-0.218844"><ele>4.75</ele></trkpt>
      <trkpt lat="51.490992" lon="-0.218887"><ele>4.75</ele></trkpt>
      <trkpt lat="51.491003" lon="-0.21894"><ele>5</ele></trkpt>
      <trkpt lat="51.491067" lon="-0.219375"><ele>5.25</ele></trkpt>
      <trkpt lat="51.491082" lon="-0.219519"><ele>5.25</ele></trkpt>
      <trkpt lat="51.49111" lon="-0.220079"><ele>5</ele></trkpt>
      <trkpt lat="51.491112" lon="-0.220556"><ele>5</ele></trkpt>
      <trkpt lat="51.491116" lon="-0.221274"><ele>6</ele></trkpt>
      <trkpt lat="51.491128" lon="-0.221437"><ele>6</ele></trkpt>
      <trkpt lat="51.491162" lon="-0.221602"><ele>6</ele></trkpt>
      <trkpt lat="51.491228" lon="-0.221826"><ele>4.5</ele></trkpt>
      <trkpt lat="51.491238" lon="-0.221892"><ele>4</ele></trkpt>
      <trkpt lat="51.491238" lon="-0.221965"><ele>3.5</ele></trkpt>
      <trkpt lat="51.491254" lon="-0.221954"><ele>3.75</ele></trkpt>
      <trkpt lat="51.491283" lon="-0.221933"><ele>4.5</ele></trkpt>
      <trkpt lat="51.49134" lon="-0.221894"><ele>5.25</ele></trkpt>
      <trkpt lat="51.491359" lon="-0.221893"><ele>5.5</ele></trkpt>
      <trkpt lat="51.491386" lon="-0.22201"><ele>5</ele></trkpt>
      <trkpt lat="51.491405" lon="-0.222089"><ele>4</ele></trkpt>
      <trkpt lat="51.491428" lon="-0.222191"><ele>2.75</ele></trkpt>
      <trkpt lat="51.491448" lon="-0.222277"><ele>2.5</ele></trkpt>
      <trkpt lat="51.491456" lon="-0.222292"><ele>2.5</ele></trkpt>
      <trkpt lat="51.491468" lon="-0.222295"><ele>2.5</ele></trkpt>
      <trkpt lat="51.491675" lon="-0.222231"><ele>5.75</ele></trkpt>
      <trkpt lat="51.492064" lon="-0.222379"><ele>5.5</ele></trkpt>
      <trkpt lat="51.492137" lon="-0.222407"><ele>5.25</ele></trkpt>
      <trkpt lat="51.492303" lon="-0.222471"><ele>5.25</ele></trkpt>
      <trkpt lat="51.492331" lon="-0.222502"><ele>5.25</ele></trkpt>
      <trkpt lat="51.492351" lon="-0.222524"><ele>5.25</ele></trkpt>
      <trkpt lat="51.492407" lon="-0.222555"><ele>5.5</ele></trkpt>
      <trkpt lat="51.492434" lon="-0.22255"><ele>5.5</ele></trkpt>
      <trkpt lat="51.492435" lon="-0.222608"><ele>5.5</ele></trkpt>
      <trkpt lat="51.492473" lon="-0.222678"><ele>5.75</ele></trkpt>
      <trkpt lat="51.492533" lon="-0.222743"><ele>6</ele></trkpt>
      <trkpt lat="51.492675" lon="-0.222884"><ele>6</ele></trkpt>
      <trkpt lat="51.49272" lon="-0.222923"><ele>6</ele></trkpt>
      <trkpt lat="51.492837" lon="-0.223026"><ele>6</ele></trkpt>
      <trkpt lat="51.492886" lon="-0.223146"><ele>6</ele></trkpt>
      <trkpt lat="51.492899" lon="-0.223216"><ele>6</ele></trkpt>
      <trkpt lat="51.492896" lon="-0.223285"><ele>6</ele></trkpt>
      <trkpt lat="51.492886" lon="-0.22332"><ele>6</ele></trkpt>
      <trkpt lat="51.4929" lon="-0.223438"><ele>5</ele></trkpt>
      <trkpt lat="51.492923" lon="-0.223502"><ele>4.75</ele></trkpt>
      <trkpt lat="51.492979" lon="-0.223603"><ele>4.75</ele></trkpt>
      <trkpt lat="51.492994" lon="-0.223614"><ele>5</ele></trkpt>
      <trkpt lat="51.492983" lon="-0.223659"><ele>5</ele></trkpt>
      <trkpt lat="51.492987" lon="-0.223914"><ele>5.75</ele></trkpt>
      <trkpt lat="51.492963" lon="-0.224247"><ele>6</ele></trkpt>
      <trkpt lat="51.492946" lon="-0.224361"><ele>6</ele></trkpt>
      <trkpt lat="51.492918" lon="-0.224475"><ele>6</ele></trkpt>
      <trkpt lat="51.49286" lon="-0.224432"><ele>6</ele></trkpt>
      <trkpt lat="51.492668" lon="-0.224265"><ele>6</ele></trkpt>
      <trkpt lat="51.492629" lon="-0.224234"><ele>6</ele></trkpt>
      <trkpt lat="51.49259" lon="-0.223844"><ele>6</ele></trkpt>
      <trkpt lat="51.492556" lon="-0.223787"><ele>6</ele></trkpt>
      <trkpt lat="51.492529" lon="-0.223762"><ele>6</ele></trkpt>
      <trkpt lat="51.49251" lon="-0.223742"><ele>6</ele></trkpt>
      <trkpt lat="51.492483" lon="-0.223713"><ele>6</ele></trkpt>
      <trkpt lat="51.492429" lon="-0.223657"><ele>6</ele></trkpt>
      <trkpt lat="51.492406" lon="-0.223633"><ele>6</ele></trkpt>
      <trkpt lat="51.492374" lon="-0.223599"><ele>6</ele></trkpt>
      <trkpt lat="51.492354" lon="-0.22358"><ele>6</ele></trkpt>
      <trkpt lat="51.492328" lon="-0.223554"><ele>6</ele></trkpt>
      <trkpt lat="51.492327" lon="-0.223554"><ele>6</ele></trkpt>
      <trkpt lat="51.492328" lon="-0.223554"><ele>6</ele></trkpt>
      <trkpt lat="51.492354" lon="-0.22358"><ele>6</ele></trkpt>
      <trkpt lat="51.492374" lon="-0.223599"><ele>6</ele></trkpt>
      <trkpt lat="51.492406" lon="-0.223633"><ele>6</ele></trkpt>
      <trkpt lat="51.492429" lon="-0.223657"><ele>6</ele></trkpt>
      <trkpt lat="51.492483" lon="-0.223713"><ele>6</ele></trkpt>
      <trkpt lat="51.49251" lon="-0.223742"><ele>6</ele></trkpt>
      <trkpt lat="51.492529" lon="-0.223762"><ele>6</ele></trkpt>
      <trkpt lat="51.492556" lon="-0.223787"><ele>6</ele></trkpt>
      <trkpt lat="51.49259" lon="-0.223844"><ele>6</ele></trkpt>
      <trkpt lat="51.492629" lon="-0.224234"><ele>6</ele></trkpt>
      <trkpt lat="51.492668" lon="-0.224265"><ele>6</ele></trkpt>
      <trkpt lat="51.49286" lon="-0.224432"><ele>6</ele></trkpt>
      <trkpt lat="51.492918" lon="-0.224475"><ele>6</ele></trkpt>
      <trkpt lat="51.492946" lon="-0.224517"><ele>6</ele></trkpt>
      <trkpt lat="51.492977" lon="-0.224584"><ele>6</ele></trkpt>
      <trkpt lat="51.493018" lon="-0.224671"><ele>6</ele></trkpt>
      <trkpt lat="51.493025" lon="-0.224686"><ele>5.75</ele></trkpt>
      <trkpt lat="51.49306" lon="-0.224769"><ele>5.75</ele></trkpt>
      <trkpt lat="51.492987" lon="-0.224914"><ele>5.25</ele></trkpt>
      <trkpt lat="51.493001" lon="-0.224981"><ele>5</ele></trkpt>
      <trkpt lat="51.493002" lon="-0.22506"><ele>5</ele></trkpt>
      <trkpt lat="51.492943" lon="-0.22563"><ele>5</ele></trkpt>
      <trkpt lat="51.492926" lon="-0.225626"><ele>5</ele></trkpt>
      <trkpt lat="51.492879" lon="-0.226077"><ele>5</ele></trkpt>
      <trkpt lat="51.492589" lon="-0.228499"><ele>4.5</ele></trkpt>
      <trkpt lat="51.492575" lon="-0.228633"><ele>4.75</ele></trkpt>
      <trkpt lat="51.492572" lon="-0.228882"><ele>4.75</ele></trkpt>
      <trkpt lat="51.492577" lon="-0.229326"><ele>5</ele></trkpt>
      <trkpt lat="51.492597" lon="-0.229327"><ele>5</ele></trkpt>
      <trkpt lat="51.492603" lon="-0.229392"><ele>5</ele></trkpt>
      <trkpt lat="51.492605" lon="-0.229434"><ele>5</ele></trkpt>
      <trkpt lat="51.492607" lon="-0.22948"><ele>5</ele></trkpt>
      <trkpt lat="51.492603" lon="-0.229561"><ele>5</ele></trkpt>
      <trkpt lat="51.492617" lon="-0.230023"><ele>5</ele></trkpt>
      <trkpt lat="51.492617" lon="-0.230053"><ele>5</ele></trkpt>
      <trkpt lat="51.492618" lon="-0.230085"><ele>5</ele></trkpt>
      <trkpt lat="51.492622" lon="-0.230521"><ele>5</ele></trkpt>
      <trkpt lat="51.492622" lon="-0.230545"><ele>5</ele></trkpt>
      <trkpt lat="51.492622" lon="-0.230578"><ele>5</ele></trkpt>
      <trkpt lat="51.492632" lon="-0.23118"><ele>5</ele></trkpt>
      <trkpt lat="51.492632" lon="-0.231197"><ele>5</ele></trkpt>
      <trkpt lat="51.492632" lon="-0.231205"><ele>5</ele></trkpt>
      <trkpt lat="51.492647" lon="-0.231556"><ele>5</ele></trkpt>
      <trkpt lat="51.492648" lon="-0.231598"><ele>5</ele></trkpt>
      <trkpt lat="51.49265" lon="-0.231639"><ele>5</ele></trkpt>
      <trkpt lat="51.492658" lon="-0.231818"><ele>5</ele></trkpt>
      <trkpt lat="51.492691" lon="-0.232307"><ele>5</ele></trkpt>
      <trkpt lat="51.492713" lon="-0.232621"><ele>5</ele></trkpt>
      <trkpt lat="51.492728" lon="-0.232847"><ele>5</ele></trkpt>
      <trkpt lat="51.492849" lon="-0.233746"><ele>4.25</ele></trkpt>
      <trkpt lat="51.4929" lon="-0.23421"><ele>5</ele></trkpt>
      <trkpt lat="51.492921" lon="-0.234226"><ele>5</ele></trkpt>
      <trkpt lat="51.492921" lon="-0.234236"><ele>5</ele></trkpt>
      <trkpt lat="51.492926" lon="-0.234287"><ele>5</ele></trkpt>
      <trkpt lat="51.492932" lon="-0.234344"><ele>5</ele></trkpt>
      <trkpt lat="51.492933" lon="-0.234361"><ele>5</ele></trkpt>
      <trkpt lat="51.492914" lon="-0.23439"><ele>5</ele></trkpt>
      <trkpt lat="51.492932" lon="-0.234612"><ele>5</ele></trkpt>
      <trkpt lat="51.492954" lon="-0.234851"><ele>5</ele></trkpt>
      <trkpt lat="51.492977" lon="-0.23486"><ele>5</ele></trkpt>
      <trkpt lat="51.492978" lon="-0.234874"><ele>5</ele></trkpt>
      <trkpt lat="51.492982" lon="-0.234925"><ele>5</ele></trkpt>
      <trkpt lat="51.492985" lon="-0.234964"><ele>5</ele></trkpt>
      <trkpt lat="51.492986" lon="-0.234995"><ele>5</ele></trkpt>
      <trkpt lat="51.493206" lon="-0.234952"><ele>4.25</ele></trkpt>
      <trkpt lat="51.493877" lon="-0.234789"><ele>4</ele></trkpt>
      <trkpt lat="51.493941" lon="-0.235491"><ele>5</ele></trkpt>
      <trkpt lat="51.493926" lon="-0.235506"><ele>4.75</ele></trkpt>
      <trkpt lat="51.493955" lon="-0.236239"><ele>4.75</ele></trkpt>
      <trkpt lat="51.493984" lon="-0.236232"><ele>5</ele></trkpt>
      <trkpt lat="51.493968" lon="-0.236019"><ele>5</ele></trkpt>
      <trkpt lat="51.49398" lon="-0.236016"><ele>5</ele></trkpt>
      <trkpt lat="51.49399" lon="-0.236014"><ele>5</ele></trkpt>
      <trkpt lat="51.493988" lon="-0.235975"><ele>5</ele></trkpt>
      <trkpt lat="51.494073" lon="-0.235946"><ele>5</ele></trkpt>
      <trkpt lat="51.494068" lon="-0.235894"><ele>5</ele></trkpt>
      <trkpt lat="51.494073" lon="-0.235946"><ele>5</ele></trkpt>
      <trkpt lat="51.493988" lon="-0.235975"><ele>5</ele></trkpt>
      <trkpt lat="51.49399" lon="-0.236014"><ele>5</ele></trkpt>
      <trkpt lat="51.49398" lon="-0.236016"><ele>5</ele></trkpt>
      <trkpt lat="51.493968" lon="-0.236019"><ele>5</ele></trkpt>
      <trkpt lat="51.493984" lon="-0.236232"><ele>5</ele></trkpt>
      <trkpt lat="51.494022" lon="-0.236221"><ele>5</ele></trkpt>
      <trkpt lat="51.494042" lon="-0.236476"><ele>5</ele></trkpt>
      <trkpt lat="51.494058" lon="-0.236647"><ele>5</ele></trkpt>
      <trkpt lat="51.494396" lon="-0.236623"><ele>5</ele></trkpt>
      <trkpt lat="51.494412" lon="-0.237179"><ele>5</ele></trkpt>
      <trkpt lat="51.494509" lon="-0.237873"><ele>5</ele></trkpt>
      <trkpt lat="51.494548" lon="-0.237867"><ele>5</ele></trkpt>
      <trkpt lat="51.494721" lon="-0.238305"><ele>4.75</ele></trkpt>
      <trkpt lat="51.494816" lon="-0.238486"><ele>5</ele></trkpt>
      <trkpt lat="51.495022" lon="-0.238823"><ele>4.75</ele></trkpt>
      <trkpt lat="51.495484" lon="-0.239724"><ele>4.25</ele></trkpt>
      <trkpt lat="51.495485" lon="-0.239818"><ele>4.25</ele></trkpt>
      <trkpt lat="51.495486" lon="-0.239914"><ele>4.25</ele></trkpt>
      <trkpt lat="51.495478" lon="-0.241898"><ele>5</ele></trkpt>
      <trkpt lat="51.49541" lon="-0.241901"><ele>5</ele></trkpt>
      <trkpt lat="51.495371" lon="-0.241938"><ele>5</ele></trkpt>
      <trkpt lat="51.495354" lon="-0.241983"><ele>5</ele></trkpt>
      <trkpt lat="51.495317" lon="-0.24221"><ele>5</ele></trkpt>
      <trkpt lat="51.495296" lon="-0.242436"><ele>5</ele></trkpt>
      <trkpt lat="51.495295" lon="-0.24309"><ele>5</ele></trkpt>
      <trkpt lat="51.495303" lon="-0.24344"><ele>5</ele></trkpt>
      <trkpt lat="51.495314" lon="-0.243711"><ele>5</ele></trkpt>
      <trkpt lat="51.495404" lon="-0.244559"><ele>5</ele></trkpt>
      <trkpt lat="51.495439" lon="-0.24454"><ele>5</ele></trkpt>
      <trkpt lat="51.495488" lon="-0.244513"><ele>5</ele></trkpt>
      <trkpt lat="51.495497" lon="-0.24455"><ele>5</ele></trkpt>
      <trkpt lat="51.495501" lon="-0.244568"><ele>5</ele></trkpt>
      <trkpt lat="51.495516" lon="-0.244637"><ele>5</ele></trkpt>
      <trkpt lat="51.495534" lon="-0.244719"><ele>5</ele></trkpt>
      <trkpt lat="51.495541" lon="-0.244749"><ele>5</ele></trkpt>
      <trkpt lat="51.495502" lon="-0.244811"><ele>5</ele></trkpt>
      <trkpt lat="51.495497" lon="-0.244837"><ele>5</ele></trkpt>
      <trkpt lat="51.495497" lon="-0.2449"><ele>5</ele></trkpt>
      <trkpt lat="51.495473" lon="-0.244909"><ele>5</ele></trkpt>
      <trkpt lat="51.495457" lon="-0.244931"><ele>5</ele></trkpt>
      <trkpt lat="51.495448" lon="-0.244966"><ele>5</ele></trkpt>
      <trkpt lat="51.495454" lon="-0.245974"><ele>5</ele></trkpt>
      <trkpt lat="51.495457" lon="-0.247024"><ele>5</ele></trkpt>
      <trkpt lat="51.495193" lon="-0.246881"><ele>5</ele></trkpt>
      <trkpt lat="51.495121" lon="-0.246865"><ele>5</ele></trkpt>
      <trkpt lat="51.494922" lon="-0.246859"><ele>5</ele></trkpt>
      <trkpt lat="51.494835" lon="-0.246084"><ele>5</ele></trkpt>
      <trkpt lat="51.494811" lon="-0.245722"><ele>5</ele></trkpt>
      <trkpt lat="51.494835" lon="-0.246084"><ele>5</ele></trkpt>
      <trkpt lat="51.494922" lon="-0.246859"><ele>5</ele></trkpt>
      <trkpt lat="51.494949" lon="-0.247192"><ele>5</ele></trkpt>
      <trkpt lat="51.494956" lon="-0.247568"><ele>5</ele></trkpt>
      <trkpt lat="51.495162" lon="-0.247593"><ele>5</ele></trkpt>
      <trkpt lat="51.495179" lon="-0.247647"><ele>5</ele></trkpt>
      <trkpt lat="51.49518" lon="-0.247724"><ele>5</ele></trkpt>
      <trkpt lat="51.495182" lon="-0.247876"><ele>5</ele></trkpt>
      <trkpt lat="51.495181" lon="-0.248014"><ele>5</ele></trkpt>
      <trkpt lat="51.495183" lon="-0.248132"><ele>5.25</ele></trkpt>
      <trkpt lat="51.495356" lon="-0.248184"><ele>4.75</ele></trkpt>
      <trkpt lat="51.495369" lon="-0.248188"><ele>4.75</ele></trkpt>
      <trkpt lat="51.495522" lon="-0.248227"><ele>4.25</ele></trkpt>
      <trkpt lat="51.495539" lon="-0.24823"><ele>4.25</ele></trkpt>
      <trkpt lat="51.495593" lon="-0.24824"><ele>4.25</ele></trkpt>
      <trkpt lat="51.495593" lon="-0.248287"><ele>4.25</ele></trkpt>
      <trkpt lat="51.495599" lon="-0.248775"><ele>4</ele></trkpt>
      <trkpt lat="51.495603" lon="-0.249748"><ele>4</ele></trkpt>
      <trkpt lat="51.495623" lon="-0.250967"><ele>4.75</ele></trkpt>
      <trkpt lat="51.495639" lon="-0.252518"><ele>5</ele></trkpt>
      <trkpt lat="51.495654" lon="-0.253988"><ele>5</ele></trkpt>
      <trkpt lat="51.495711" lon="-0.254082"><ele>5</ele></trkpt>
      <trkpt lat="51.495908" lon="-0.254155"><ele>5</ele></trkpt>
      <trkpt lat="51.495729" lon="-0.255067"><ele>5.25</ele></trkpt>
      <trkpt lat="51.495661" lon="-0.255035"><ele>5.5</ele></trkpt>
      <trkpt lat="51.495642" lon="-0.255082"><ele>5.25</ele></trkpt>
      <trkpt lat="51.495561" lon="-0.255174"><ele>5.25</ele></trkpt>
      <trkpt lat="51.495358" lon="-0.255163"><ele>6.25</ele></trkpt>
      <trkpt lat="51.495321" lon="-0.255161"><ele>6.5</ele></trkpt>
      <trkpt lat="51.495285" lon="-0.255196"><ele>6.5</ele></trkpt>
      <trkpt lat="51.495284" lon="-0.255094"><ele>7.25</ele></trkpt>
      <trkpt lat="51.495286" lon="-0.254956"><ele>8</ele></trkpt>
      <trkpt lat="51.495268" lon="-0.25491"><ele>8.25</ele></trkpt>
      <trkpt lat="51.495261" lon="-0.254892"><ele>8.25</ele></trkpt>
      <trkpt lat="51.495181" lon="-0.254888"><ele>7.75</ele></trkpt>
      <trkpt lat="51.495181" lon="-0.254862"><ele>7.75</ele></trkpt>
      <trkpt lat="51.495183" lon="-0.25478"><ele>8</ele></trkpt>
      <trkpt lat="51.495183" lon="-0.254766"><ele>8</ele></trkpt>
      <trkpt lat="51.495185" lon="-0.254683"><ele>8.25</ele></trkpt>
      <trkpt lat="51.495185" lon="-0.254676"><ele>8.25</ele></trkpt>
      <trkpt lat="51.495157" lon="-0.254675"><ele>8</ele></trkpt>
      <trkpt lat="51.495185" lon="-0.254676"><ele>8.25</ele></trkpt>
      <trkpt lat="51.495185" lon="-0.254683"><ele>8.25</ele></trkpt>
      <trkpt lat="51.495183" lon="-0.254766"><ele>8</ele></trkpt>
      <trkpt lat="51.495183" lon="-0.25478"><ele>8</ele></trkpt>
      <trkpt lat="51.495181" lon="-0.254862"><ele>7.75</ele></trkpt>
      <trkpt lat="51.495181" lon="-0.254888"><ele>7.75</ele></trkpt>
      <trkpt lat="51.495261" lon="-0.254892"><ele>8.25</ele></trkpt>
      <trkpt lat="51.495268" lon="-0.25491"><ele>8.25</ele></trkpt>
      <trkpt lat="51.495286" lon="-0.254956"><ele>8</ele></trkpt>
      <trkpt lat="51.495284" lon="-0.255094"><ele>7.25</ele></trkpt>
      <trkpt lat="51.495285" lon="-0.255196"><ele>6.5</ele></trkpt>
      <trkpt lat="51.495321" lon="-0.255161"><ele>6.5</ele></trkpt>
      <trkpt lat="51.495358" lon="-0.255163"><ele>6.25</ele></trkpt>
      <trkpt lat="51.495356" lon="-0.255288"><ele>5.5</ele></trkpt>
      <trkpt lat="51.495353" lon="-0.255379"><ele>5.5</ele></trkpt>
      <trkpt lat="51.495352" lon="-0.25542"><ele>5.5</ele></trkpt>
      <trkpt lat="51.495398" lon="-0.255719"><ele>5.5</ele></trkpt>
      <trkpt lat="51.495449" lon="-0.256675"><ele>6</ele></trkpt>
      <trkpt lat="51.495511" lon="-0.257755"><ele>5.25</ele></trkpt>
      <trkpt lat="51.495466" lon="-0.257971"><ele>5.5</ele></trkpt>
      <trkpt lat="51.49544" lon="-0.258324"><ele>5.75</ele></trkpt>
      <trkpt lat="51.495394" lon="-0.258535"><ele>6</ele></trkpt>
      <trkpt lat="51.495354" lon="-0.25884"><ele>5.75</ele></trkpt>
      <trkpt lat="51.495312" lon="-0.259248"><ele>5.5</ele></trkpt>
      <trkpt lat="51.495253" lon="-0.259591"><ele>5.25</ele></trkpt>
      <trkpt lat="51.495224" lon="-0.260142"><ele>5.75</ele></trkpt>
      <trkpt lat="51.495232" lon="-0.260143"><ele>5.75</ele></trkpt>
      <trkpt lat="51.495231" lon="-0.260172"><ele>5.75</ele></trkpt>
      <trkpt lat="51.495228" lon="-0.26023"><ele>5.5</ele></trkpt>
      <trkpt lat="51.495227" lon="-0.260293"><ele>5.5</ele></trkpt>
      <trkpt lat="51.495221" lon="-0.260317"><ele>5.5</ele></trkpt>
      <trkpt lat="51.495212" lon="-0.260348"><ele>5.75</ele></trkpt>
      <trkpt lat="51.495207" lon="-0.260399"><ele>6</ele></trkpt>
      <trkpt lat="51.495255" lon="-0.261311"><ele>5.25</ele></trkpt>
      <trkpt lat="51.495342" lon="-0.262487"><ele>5</ele></trkpt>
      <trkpt lat="51.495404" lon="-0.263305"><ele>6</ele></trkpt>
      <trkpt lat="51.49539" lon="-0.263413"><ele>6</ele></trkpt>
      <trkpt lat="51.495295" lon="-0.264124"><ele>6</ele></trkpt>
      <trkpt lat="51.49507" lon="-0.265028"><ele>6</ele></trkpt>
      <trkpt lat="51.494888" lon="-0.265682"><ele>6</ele></trkpt>
      <trkpt lat="51.49465" lon="-0.266488"><ele>6</ele></trkpt>
      <trkpt lat="51.494577" lon="-0.266517"><ele>6</ele></trkpt>
      <trkpt lat="51.494545" lon="-0.266598"><ele>6</ele></trkpt>
      <trkpt lat="51.494599" lon="-0.266684"><ele>6</ele></trkpt>
      <trkpt lat="51.494635" lon="-0.266742"><ele>6</ele></trkpt>
      <trkpt lat="51.494302" lon="-0.267457"><ele>9</ele></trkpt>
      <trkpt lat="51.494232" lon="-0.267615"><ele>8.5</ele></trkpt>
      <trkpt lat="51.494211" lon="-0.267746"><ele>8.25</ele></trkpt>
      <trkpt lat="51.494245" lon="-0.267931"><ele>8.5</ele></trkpt>
      <trkpt lat="51.494327" lon="-0.268144"><ele>8.75</ele></trkpt>
      <trkpt lat="51.494352" lon="-0.268217"><ele>8.5</ele></trkpt>
      <trkpt lat="51.494327" lon="-0.268144"><ele>8.75</ele></trkpt>
      <trkpt lat="51.494245" lon="-0.267931"><ele>8.5</ele></trkpt>
      <trkpt lat="51.49421" lon="-0.267962"><ele>8.25</ele></trkpt>
      <trkpt lat="51.494173" lon="-0.267994"><ele>8</ele></trkpt>
      <trkpt lat="51.4943" lon="-0.268324"><ele>7.75</ele></trkpt>
      <trkpt lat="51.494367" lon="-0.268519"><ele>7.75</ele></trkpt>
      <trkpt lat="51.494428" lon="-0.26882"><ele>7</ele></trkpt>
      <trkpt lat="51.494544" lon="-0.26945"><ele>8.5</ele></trkpt>
      <trkpt lat="51.494573" lon="-0.269544"><ele>8.5</ele></trkpt>
      <trkpt lat="51.494626" lon="-0.269481"><ele>9</ele></trkpt>
      <trkpt lat="51.494684" lon="-0.269586"><ele>8.75</ele></trkpt>
      <trkpt lat="51.494747" lon="-0.269676"><ele>8.5</ele></trkpt>
      <trkpt lat="51.49482" lon="-0.269754"><ele>9</ele></trkpt>
      <trkpt lat="51.495205" lon="-0.269992"><ele>8</ele></trkpt>
      <trkpt lat="51.495333" lon="-0.270071"><ele>8.5</ele></trkpt>
      <trkpt lat="51.495487" lon="-0.270132"><ele>8.25</ele></trkpt>
      <trkpt lat="51.495837" lon="-0.270225"><ele>8</ele></trkpt>
      <trkpt lat="51.495783" lon="-0.270663"><ele>8.5</ele></trkpt>
      <trkpt lat="51.496136" lon="-0.271195"><ele>9</ele></trkpt>
      <trkpt lat="51.496617" lon="-0.271796"><ele>9</ele></trkpt>
      <trkpt lat="51.496799" lon="-0.271818"><ele>9</ele></trkpt>
      <trkpt lat="51.496886" lon="-0.271798"><ele>9</ele></trkpt>
      <trkpt lat="51.497034" lon="-0.271675"><ele>9</ele></trkpt>
      <trkpt lat="51.497097" lon="-0.271623"><ele>9</ele></trkpt>
      <trkpt lat="51.497195" lon="-0.271842"><ele>9</ele></trkpt>
      <trkpt lat="51.497398" lon="-0.272248"><ele>9</ele></trkpt>
      <trkpt lat="51.497423" lon="-0.272298"><ele>9</ele></trkpt>
      <trkpt lat="51.497511" lon="-0.272506"><ele>9</ele></trkpt>
      <trkpt lat="51.497602" lon="-0.27266"><ele>9</ele></trkpt>
      <trkpt lat="51.497748" lon="-0.27292"><ele>9.75</ele></trkpt>
      <trkpt lat="51.497826" lon="-0.273035"><ele>10</ele></trkpt>
      <trkpt lat="51.497849" lon="-0.273062"><ele>10</ele></trkpt>
      <trkpt lat="51.497926" lon="-0.273175"><ele>10</ele></trkpt>
      <trkpt lat="51.498036" lon="-0.273377"><ele>10</ele></trkpt>
      <trkpt lat="51.498216" lon="-0.273743"><ele>10</ele></trkpt>
      <trkpt lat="51.498336" lon="-0.274054"><ele>10.5</ele></trkpt>
      <trkpt lat="51.498636" lon="-0.275037"><ele>11</ele></trkpt>
      <trkpt lat="51.498792" lon="-0.275473"><ele>11.75</ele></trkpt>
      <trkpt lat="51.499004" lon="-0.275837"><ele>12</ele></trkpt>
      <trkpt lat="51.499335" lon="-0.276331"><ele>12</ele></trkpt>
      <trkpt lat="51.499655" lon="-0.276767"><ele>12.75</ele></trkpt>
      <trkpt lat="51.500094" lon="-0.277222"><ele>12.5</ele></trkpt>
      <trkpt lat="51.500458" lon="-0.277523"><ele>12.75</ele></trkpt>
      <trkpt lat="51.500601" lon="-0.277642"><ele>13</ele></trkpt>
      <trkpt lat="51.501456" lon="-0.278266"><ele>14</ele></trkpt>
      <trkpt lat="51.501542" lon="-0.278329"><ele>14.5</ele></trkpt>
      <trkpt lat="51.501826" lon="-0.278528"><ele>15</ele></trkpt>
      <trkpt lat="51.502222" lon="-0.278845"><ele>15.75</ele></trkpt>
      <trkpt lat="51.502558" lon="-0.279149"><ele>16.75</ele></trkpt>
      <trkpt lat="51.502903" lon="-0.279533"><ele>17.25</ele></trkpt>
      <trkpt lat="51.50324" lon="-0.279945"><ele>18.25</ele></trkpt>
      <trkpt lat="51.503196" lon="-0.280007"><ele>18</ele></trkpt>
      <trkpt lat="51.503125" lon="-0.28013"><ele>17.25</ele></trkpt>
      <trkpt lat="51.503004" lon="-0.280336"><ele>16</ele></trkpt>
      <trkpt lat="51.50304" lon="-0.280392"><ele>16.5</ele></trkpt>
      <trkpt lat="51.50307" lon="-0.280438"><ele>16.75</ele></trkpt>
      <trkpt lat="51.503101" lon="-0.280482"><ele>17.25</ele></trkpt>
      <trkpt lat="51.502914" lon="-0.280767"><ele>20</ele></trkpt>
      <trkpt lat="51.502905" lon="-0.280785"><ele>20</ele></trkpt>
      <trkpt lat="51.502858" lon="-0.280876"><ele>20.75</ele></trkpt>
      <trkpt lat="51.502733" lon="-0.281123"><ele>22</ele></trkpt>
      <trkpt lat="51.502761" lon="-0.281193"><ele>22</ele></trkpt>
      <trkpt lat="51.503042" lon="-0.282048"><ele>23</ele></trkpt>
      <trkpt lat="51.503047" lon="-0.282125"><ele>23</ele></trkpt>
      <trkpt lat="51.503023" lon="-0.282208"><ele>23</ele></trkpt>
      <trkpt lat="51.502395" lon="-0.283549"><ele>24</ele></trkpt>
      <trkpt lat="51.502493" lon="-0.28367"><ele>24</ele></trkpt>
      <trkpt lat="51.502628" lon="-0.283835"><ele>24.75</ele></trkpt>
      <trkpt lat="51.502908" lon="-0.284274"><ele>25.5</ele></trkpt>
      <trkpt lat="51.502934" lon="-0.284339"><ele>25.75</ele></trkpt>
      <trkpt lat="51.502717" lon="-0.284804"><ele>26</ele></trkpt>
      <trkpt lat="51.502864" lon="-0.284982"><ele>26</ele></trkpt>
      <trkpt lat="51.502958" lon="-0.285147"><ele>26</ele></trkpt>
      <trkpt lat="51.503332" lon="-0.28575"><ele>27</ele></trkpt>
      <trkpt lat="51.503791" lon="-0.286466"><ele>27</ele></trkpt>
      <trkpt lat="51.503993" lon="-0.286771"><ele>27</ele></trkpt>
      <trkpt lat="51.504099" lon="-0.286945"><ele>27</ele></trkpt>
      <trkpt lat="51.504219" lon="-0.287095"><ele>27</ele></trkpt>
      <trkpt lat="51.504667" lon="-0.28745"><ele>27</ele></trkpt>
      <trkpt lat="51.505325" lon="-0.287677"><ele>27</ele></trkpt>
      <trkpt lat="51.505354" lon="-0.287401"><ele>27</ele></trkpt>
      <trkpt lat="51.505366" lon="-0.28713"><ele>26.5</ele></trkpt>
      <trkpt lat="51.505501" lon="-0.287143"><ele>26.5</ele></trkpt>
      <trkpt lat="51.505568" lon="-0.287149"><ele>26.25</ele></trkpt>
      <trkpt lat="51.505698" lon="-0.287186"><ele>23.75</ele></trkpt>
      <trkpt lat="51.505988" lon="-0.287326"><ele>24.25</ele></trkpt>
      <trkpt lat="51.506211" lon="-0.28749"><ele>26.75</ele></trkpt>
      <trkpt lat="51.506421" lon="-0.28767"><ele>27</ele></trkpt>
      <trkpt lat="51.506876" lon="-0.288042"><ele>27.75</ele></trkpt>
      <trkpt lat="51.507225" lon="-0.288333"><ele>28</ele></trkpt>
      <trkpt lat="51.507291" lon="-0.288399"><ele>28</ele></trkpt>
      <trkpt lat="51.507448" lon="-0.288531"><ele>28</ele></trkpt>
      <trkpt lat="51.507893" lon="-0.288894"><ele>29</ele></trkpt>
      <trkpt lat="51.508031" lon="-0.289014"><ele>29</ele></trkpt>
      <trkpt lat="51.508637" lon="-0.289176"><ele>29</ele></trkpt>
      <trkpt lat="51.509337" lon="-0.289344"><ele>29</ele></trkpt>
      <trkpt lat="51.50973" lon="-0.289438"><ele>29</ele></trkpt>
      <trkpt lat="51.509984" lon="-0.289499"><ele>29.75</ele></trkpt>
      <trkpt lat="51.509886" lon="-0.288963"><ele>29</ele></trkpt>
      <trkpt lat="51.509894" lon="-0.288864"><ele>28.75</ele></trkpt>
      <trkpt lat="51.509937" lon="-0.288804"><ele>28.75</ele></trkpt>
      <trkpt lat="51.510031" lon="-0.28882"><ele>28.75</ele></trkpt>
      <trkpt lat="51.510451" lon="-0.288888"><ele>28.75</ele></trkpt>
      <trkpt lat="51.510581" lon="-0.288878"><ele>28.75</ele></trkpt>
      <trkpt lat="51.510496" lon="-0.288575"><ele>28.5</ele></trkpt>
      <trkpt lat="51.510429" lon="-0.288337"><ele>27.5</ele></trkpt>
      <trkpt lat="51.510412" lon="-0.288276"><ele>27.5</ele></trkpt>
      <trkpt lat="51.510397" lon="-0.288224"><ele>27.5</ele></trkpt>
      <trkpt lat="51.510357" lon="-0.288095"><ele>28.75</ele></trkpt>
      <trkpt lat="51.510397" lon="-0.288224"><ele>27.5</ele></trkpt>
      <trkpt lat="51.510412" lon="-0.288276"><ele>27.5</ele></trkpt>
      <trkpt lat="51.510429" lon="-0.288337"><ele>27.5</ele></trkpt>
      <trkpt lat="51.510496" lon="-0.288575"><ele>28.5</ele></trkpt>
      <trkpt lat="51.510581" lon="-0.288878"><ele>28.75</ele></trkpt>
      <trkpt lat="51.510451" lon="-0.288888"><ele>28.75</ele></trkpt>
      <trkpt lat="51.510431" lon="-0.288978"><ele>28.75</ele></trkpt>
      <trkpt lat="51.510561" lon="-0.288982"><ele>28.75</ele></trkpt>
      <trkpt lat="51.511008" lon="-0.290698"><ele>28.75</ele></trkpt>
      <trkpt lat="51.511031" lon="-0.290786"><ele>28.75</ele></trkpt>
      <trkpt lat="51.51105" lon="-0.29086"><ele>29</ele></trkpt>
      <trkpt lat="51.511145" lon="-0.29131"><ele>29</ele></trkpt>
      <trkpt lat="51.511121" lon="-0.291387"><ele>29</ele></trkpt>
      <trkpt lat="51.511148" lon="-0.291629"><ele>29.75</ele></trkpt>
      <trkpt lat="51.51114" lon="-0.291793"><ele>30</ele></trkpt>
      <trkpt lat="51.511131" lon="-0.291791"><ele>30</ele></trkpt>
      <trkpt lat="51.511131" lon="-0.291818"><ele>30</ele></trkpt>
      <trkpt lat="51.51113" lon="-0.291857"><ele>30</ele></trkpt>
      <trkpt lat="51.511129" lon="-0.291906"><ele>29.75</ele></trkpt>
      <trkpt lat="51.511126" lon="-0.291931"><ele>30</ele></trkpt>
      <trkpt lat="51.511268" lon="-0.291943"><ele>29.75</ele></trkpt>
      <trkpt lat="51.51127" lon="-0.29196"><ele>30</ele></trkpt>
      <trkpt lat="51.511269" lon="-0.292071"><ele>30</ele></trkpt>
      <trkpt lat="51.511269" lon="-0.292093"><ele>30</ele></trkpt>
      <trkpt lat="51.511268" lon="-0.292143"><ele>30</ele></trkpt>
      <trkpt lat="51.511365" lon="-0.292153"><ele>30</ele></trkpt>
      <trkpt lat="51.511397" lon="-0.292245"><ele>30</ele></trkpt>
      <trkpt lat="51.511427" lon="-0.292331"><ele>30</ele></trkpt>
      <trkpt lat="51.511724" lon="-0.293186"><ele>30.5</ele></trkpt>
      <trkpt lat="51.511738" lon="-0.293469"><ele>30.25</ele></trkpt>
      <trkpt lat="51.511737" lon="-0.293572"><ele>30.25</ele></trkpt>
      <trkpt lat="51.511755" lon="-0.29363"><ele>30.25</ele></trkpt>
      <trkpt lat="51.511851" lon="-0.293842"><ele>30.5</ele></trkpt>
      <trkpt lat="51.51196" lon="-0.294095"><ele>31</ele></trkpt>
      <trkpt lat="51.512213" lon="-0.294836"><ele>30.75</ele></trkpt>
      <trkpt lat="51.512421" lon="-0.295562"><ele>30.5</ele></trkpt>
      <trkpt lat="51.512569" lon="-0.295657"><ele>30.5</ele></trkpt>
      <trkpt lat="51.512686" lon="-0.295996"><ele>30.25</ele></trkpt>
      <trkpt lat="51.512735" lon="-0.296128"><ele>30</ele></trkpt>
      <trkpt lat="51.512743" lon="-0.29615"><ele>30</ele></trkpt>
      <trkpt lat="51.512826" lon="-0.296388"><ele>30</ele></trkpt>
      <trkpt lat="51.51287" lon="-0.296493"><ele>30.25</ele></trkpt>
      <trkpt lat="51.512924" lon="-0.296566"><ele>30.5</ele></trkpt>
      <trkpt lat="51.51295" lon="-0.296634"><ele>30.5</ele></trkpt>
      <trkpt lat="51.512968" lon="-0.29668"><ele>30.5</ele></trkpt>
      <trkpt lat="51.513075" lon="-0.296969"><ele>30.75</ele></trkpt>
      <trkpt lat="51.513349" lon="-0.297693"><ele>31</ele></trkpt>
      <trkpt lat="51.513527" lon="-0.298199"><ele>31</ele></trkpt>
      <trkpt lat="51.513567" lon="-0.298168"><ele>31</ele></trkpt>
      <trkpt lat="51.513598" lon="-0.298145"><ele>31</ele></trkpt>
      <trkpt lat="51.513635" lon="-0.298113"><ele>31</ele></trkpt>
      <trkpt lat="51.513796" lon="-0.298572"><ele>31</ele></trkpt>
      <trkpt lat="51.513947" lon="-0.29904"><ele>31</ele></trkpt>
      <trkpt lat="51.514023" lon="-0.299294"><ele>31.5</ele></trkpt>
      <trkpt lat="51.514105" lon="-0.299625"><ele>32</ele></trkpt>
      <trkpt lat="51.514125" lon="-0.299742"><ele>32</ele></trkpt>
      <trkpt lat="51.514138" lon="-0.299896"><ele>32</ele></trkpt>
      <trkpt lat="51.514142" lon="-0.300091"><ele>32</ele></trkpt>
      <trkpt lat="51.514131" lon="-0.300802"><ele>32</ele></trkpt>
      <trkpt lat="51.514124" lon="-0.301086"><ele>32</ele></trkpt>
      <trkpt lat="51.514112" lon="-0.301154"><ele>32</ele></trkpt>
      <trkpt lat="51.514111" lon="-0.30123"><ele>32</ele></trkpt>
      <trkpt lat="51.514113" lon="-0.301553"><ele>32</ele></trkpt>
      <trkpt lat="51.514129" lon="-0.301632"><ele>32</ele></trkpt>
      <trkpt lat="51.514156" lon="-0.301683"><ele>32</ele></trkpt>
      <trkpt lat="51.51421" lon="-0.301775"><ele>32</ele></trkpt>
      <trkpt lat="51.514274" lon="-0.301858"><ele>32.25</ele></trkpt>
      <trkpt lat="51.514443" lon="-0.30201"><ele>32.75</ele></trkpt>
      <trkpt lat="51.51448" lon="-0.30206"><ele>32.25</ele></trkpt>
      <trkpt lat="51.51454" lon="-0.302007"><ele>31.5</ele></trkpt>
      <trkpt lat="51.514563" lon="-0.302029"><ele>31.25</ele></trkpt>
      <trkpt lat="51.514813" lon="-0.302096"><ele>29.5</ele></trkpt>
      <trkpt lat="51.514843" lon="-0.302008"><ele>29</ele></trkpt>
      <trkpt lat="51.51485" lon="-0.301698"><ele>28.5</ele></trkpt>
      <trkpt lat="51.514869" lon="-0.301584"><ele>28.25</ele></trkpt>
      <trkpt lat="51.514874" lon="-0.30149"><ele>28</ele></trkpt>
      <trkpt lat="51.514889" lon="-0.301492"><ele>28</ele></trkpt>
      <trkpt lat="51.514948" lon="-0.301503"><ele>28</ele></trkpt>
      <trkpt lat="51.514987" lon="-0.301505"><ele>28</ele></trkpt>
      <trkpt lat="51.515014" lon="-0.301509"><ele>29</ele></trkpt>
    </trkseg>
    <trkseg>
      <trkpt lat="51.515014" lon="-0.301509"><ele>28</ele></trkpt>
      <trkpt lat="51.514987" lon="-0.301505"><ele>28</ele></trkpt>
      <trkpt lat="51.514948" lon="-0.301503"><ele>28</ele></trkpt>
      <trkpt lat="51.514889" lon="-0.301492"><ele>28</ele></trkpt>
      <trkpt lat="51.514874" lon="-0.30149"><ele>28</ele></trkpt>
      <trkpt lat="51.514869" lon="-0.301584"><ele>28.25</ele></trkpt>
      <trkpt lat="51.51485" lon="-0.301698"><ele>28.5</ele></trkpt>
      <trkpt lat="51.514843" lon="-0.302008"><ele>29</ele></trkpt>
      <trkpt lat="51.514813" lon="-0.302096"><ele>29.5</ele></trkpt>
      <trkpt lat="51.514563" lon="-0.302029"><ele>31.25</ele></trkpt>
      <trkpt lat="51.51454" lon="-0.302007"><ele>31.5</ele></trkpt>
      <trkpt lat="51.51448" lon="-0.30206"><ele>32.25</ele></trkpt>
      <trkpt lat="51.514443" lon="-0.30201"><ele>32.75</ele></trkpt>
      <trkpt lat="51.514274" lon="-0.301858"><ele>32.25</ele></trkpt>
      <trkpt lat="51.51421" lon="-0.301775"><ele>32</ele></trkpt>
      <trkpt lat="51.514156" lon="-0.301683"><ele>32</ele></trkpt>
      <trkpt lat="51.514129" lon="-0.301632"><ele>32</ele></trkpt>
      <trkpt lat="51.514113" lon="-0.301553"><ele>32</ele></trkpt>
      <trkpt lat="51.514111" lon="-0.30123"><ele>32</ele></trkpt>
      <trkpt lat="51.514112" lon="-0.301154"><ele>32</ele></trkpt>
      <trkpt lat="51.514124" lon="-0.301086"><ele>32</ele></trkpt>
      <trkpt lat="51.514131" lon="-0.300802"><ele>32</ele></trkpt>
      <trkpt lat="51.514142" lon="-0.300091"><ele>32</ele></trkpt>
      <trkpt lat="51.514138" lon="-0.299896"><ele>32</ele></trkpt>
      <trkpt lat="51.514125" lon="-0.299742"><ele>32</ele></trkpt>
      <trkpt lat="51.514105" lon="-0.299625"><ele>32</ele></trkpt>
      <trkpt lat="51.514023" lon="-0.299294"><ele>31.5</ele></trkpt>
      <trkpt lat="51.513947" lon="-0.29904"><ele>31</ele></trkpt>
      <trkpt lat="51.513796" lon="-0.298572"><ele>31</ele></trkpt>
      <trkpt lat="51.513635" lon="-0.298113"><ele>31</ele></trkpt>
      <trkpt lat="51.513598" lon="-0.298145"><ele>31</ele></trkpt>
      <trkpt lat="51.513567" lon="-0.298168"><ele>31</ele></trkpt>
      <trkpt lat="51.513527" lon="-0.298199"><ele>31</ele></trkpt>
      <trkpt lat="51.513349" lon="-0.297693"><ele>31</ele></trkpt>
      <trkpt lat="51.513075" lon="-0.296969"><ele>30.75</ele></trkpt>
      <trkpt lat="51.512968" lon="-0.29668"><ele>30.5</ele></trkpt>
      <trkpt lat="51.51295" lon="-0.296634"><ele>30.5</ele></trkpt>
      <trkpt lat="51.512924" lon="-0.296566"><ele>30.5</ele></trkpt>
      <trkpt lat="51.51287" lon="-0.296493"><ele>30.25</ele></trkpt>
      <trkpt lat="51.512826" lon="-0.296388"><ele>30</ele></trkpt>
      <trkpt lat="51.512743" lon="-0.29615"><ele>30</ele></trkpt>
      <trkpt lat="51.512735" lon="-0.296128"><ele>30</ele></trkpt>
      <trkpt lat="51.512686" lon="-0.295996"><ele>30.25</ele></trkpt>
      <trkpt lat="51.512569" lon="-0.295657"><ele>30.5</ele></trkpt>
      <trkpt lat="51.512421" lon="-0.295562"><ele>30.5</ele></trkpt>
      <trkpt lat="51.512213" lon="-0.294836"><ele>30.75</ele></trkpt>
      <trkpt lat="51.51196" lon="-0.294095"><ele>31</ele></trkpt>
      <trkpt lat="51.511851" lon="-0.293842"><ele>30.5</ele></trkpt>
      <trkpt lat="51.511755" lon="-0.29363"><ele>30.25</ele></trkpt>
      <trkpt lat="51.511737" lon="-0.293572"><ele>30.25</ele></trkpt>
      <trkpt lat="51.511738" lon="-0.293469"><ele>30.25</ele></trkpt>
      <trkpt lat="51.511724" lon="-0.293186"><ele>30.5</ele></trkpt>
      <trkpt lat="51.511427" lon="-0.292331"><ele>30</ele></trkpt>
      <trkpt lat="51.511397" lon="-0.292245"><ele>30</ele></trkpt>
      <trkpt lat="51.511365" lon="-0.292153"><ele>30</ele></trkpt>
      <trkpt lat="51.511268" lon="-0.292143"><ele>30</ele></trkpt>
      <trkpt lat="51.511269" lon="-0.292093"><ele>30</ele></trkpt>
      <trkpt lat="51.511269" lon="-0.292071"><ele>30</ele></trkpt>
      <trkpt lat="51.51127" lon="-0.29196"><ele>30</ele></trkpt>
      <trkpt lat="51.511268" lon="-0.291943"><ele>29.75</ele></trkpt>
      <trkpt lat="51.511126" lon="-0.291931"><ele>30</ele></trkpt>
      <trkpt lat="51.511129" lon="-0.291906"><ele>29.75</ele></trkpt>
      <trkpt lat="51.51113" lon="-0.291857"><ele>30</ele></trkpt>
      <trkpt lat="51.511131" lon="-0.291818"><ele>30</ele></trkpt>
      <trkpt lat="51.511131" lon="-0.291791"><ele>30</ele></trkpt>
      <trkpt lat="51.51114" lon="-0.291793"><ele>30</ele></trkpt>
      <trkpt lat="51.511148" lon="-0.291629"><ele>29.75</ele></trkpt>
      <trkpt lat="51.511121" lon="-0.291387"><ele>29</ele></trkpt>
      <trkpt lat="51.511145" lon="-0.29131"><ele>29</ele></trkpt>
      <trkpt lat="51.51105" lon="-0.29086"><ele>29</ele></trkpt>
      <trkpt lat="51.511031" lon="-0.290786"><ele>28.75</ele></trkpt>
      <trkpt lat="51.511008" lon="-0.290698"><ele>28.75</ele></trkpt>
      <trkpt lat="51.510561" lon="-0.288982"><ele>28.75</ele></trkpt>
      <trkpt lat="51.510431" lon="-0.288978"><ele>28.75</ele></trkpt>
      <trkpt lat="51.510451" lon="-0.288888"><ele>28.75</ele></trkpt>
      <trkpt lat="51.510581" lon="-0.288878"><ele>28.75</ele></trkpt>
      <trkpt lat="51.510496" lon="-0.288575"><ele>28.5</ele></trkpt>
      <trkpt lat="51.510429" lon="-0.288337"><ele>27.5</ele></trkpt>
      <trkpt lat="51.510412" lon="-0.288276"><ele>27.5</ele></trkpt>
      <trkpt lat="51.510397" lon="-0.288224"><ele>27.5</ele></trkpt>
      <trkpt lat="51.510357" lon="-0.288095"><ele>28.75</ele></trkpt>
      <trkpt lat="51.510397" lon="-0.288224"><ele>27.5</ele></trkpt>
      <trkpt lat="51.510412" lon="-0.288276"><ele>27.5</ele></trkpt>
      <trkpt lat="51.510429" lon="-0.288337"><ele>27.5</ele></trkpt>
      <trkpt lat="51.510496" lon="-0.288575"><ele>28.5</ele></trkpt>
      <trkpt lat="51.510581" lon="-0.288878"><ele>28.75</ele></trkpt>
      <trkpt lat="51.510451" lon="-0.288888"><ele>28.75</ele></trkpt>
      <trkpt lat="51.510031" lon="-0.28882"><ele>28.75</ele></trkpt>
      <trkpt lat="51.509937" lon="-0.288804"><ele>28.75</ele></trkpt>
      <trkpt lat="51.509894" lon="-0.288864"><ele>28.75</ele></trkpt>
      <trkpt lat="51.509886" lon="-0.288963"><ele>29</ele></trkpt>
      <trkpt lat="51.509984" lon="-0.289499"><ele>29.75</ele></trkpt>
      <trkpt lat="51.50973" lon="-0.289438"><ele>29</ele></trkpt>
      <trkpt lat="51.509337" lon="-0.289344"><ele>29</ele></trkpt>
      <trkpt lat="51.508637" lon="-0.289176"><ele>29</ele></trkpt>
      <trkpt lat="51.508031" lon="-0.289014"><ele>29</ele></trkpt>
      <trkpt lat="51.507893" lon="-0.288894"><ele>29</ele></trkpt>
      <trkpt lat="51.507448" lon="-0.288531"><ele>28</ele></trkpt>
      <trkpt lat="51.507291" lon="-0.288399"><ele>28</ele></trkpt>
      <trkpt lat="51.507225" lon="-0.288333"><ele>28</ele></trkpt>
      <trkpt lat="51.506876" lon="-0.288042"><ele>27.75</ele></trkpt>
      <trkpt lat="51.506421" lon="-0.28767"><ele>27</ele></trkpt>
      <trkpt lat="51.506211" lon="-0.28749"><ele>26.75</ele></trkpt>
      <trkpt lat="51.505988" lon="-0.287326"><ele>24.25</ele></trkpt>
      <trkpt lat="51.505698" lon="-0.287186"><ele>23.75</ele></trkpt>
      <trkpt lat="51.505568" lon="-0.287149"><ele>26.25</ele></trkpt>
      <trkpt lat="51.505501" lon="-0.287143"><ele>26.5</ele></trkpt>
      <trkpt lat="51.505366" lon="-0.28713"><ele>26.5</ele></trkpt>
      <trkpt lat="51.505354" lon="-0.287401"><ele>27</ele></trkpt>
      <trkpt lat="51.505325" lon="-0.287677"><ele>27</ele></trkpt>
      <trkpt lat="51.504667" lon="-0.28745"><ele>27</ele></trkpt>
      <trkpt lat="51.504219" lon="-0.287095"><ele>27</ele></trkpt>
      <trkpt lat="51.504099" lon="-0.286945"><ele>27</ele></trkpt>
      <trkpt lat="51.503993" lon="-0.286771"><ele>27</ele></trkpt>
      <trkpt lat="51.503791" lon="-0.286466"><ele>27</ele></trkpt>
      <trkpt lat="51.503332" lon="-0.28575"><ele>27</ele></trkpt>
      <trkpt lat="51.502958" lon="-0.285147"><ele>26</ele></trkpt>
      <trkpt lat="51.502864" lon="-0.284982"><ele>26</ele></trkpt>
      <trkpt lat="51.502717" lon="-0.284804"><ele>26</ele></trkpt>
      <trkpt lat="51.502934" lon="-0.284339"><ele>25.75</ele></trkpt>
      <trkpt lat="51.502908" lon="-0.284274"><ele>25.5</ele></trkpt>
      <trkpt lat="51.502628" lon="-0.283835"><ele>24.75</ele></trkpt>
      <trkpt lat="51.502493" lon="-0.28367"><ele>24</ele></trkpt>
      <trkpt lat="51.502395" lon="-0.283549"><ele>24</ele></trkpt>
      <trkpt lat="51.503023" lon="-0.282208"><ele>23</ele></trkpt>
      <trkpt lat="51.503047" lon="-0.282125"><ele>23</ele></trkpt>
      <trkpt lat="51.503042" lon="-0.282048"><ele>23</ele></trkpt>
      <trkpt lat="51.502761" lon="-0.281193"><ele>22</ele></trkpt>
      <trkpt lat="51.502733" lon="-0.281123"><ele>22</ele></trkpt>
      <trkpt lat="51.502858" lon="-0.280876"><ele>20.75</ele></trkpt>
      <trkpt lat="51.502905" lon="-0.280785"><ele>20</ele></trkpt>
      <trkpt lat="51.502914" lon="-0.280767"><ele>19.75</ele></trkpt>
      <trkpt lat="51.503101" lon="-0.280482"><ele>16.5</ele></trkpt>
      <trkpt lat="51.50307" lon="-0.280438"><ele>16</ele></trkpt>
      <trkpt lat="51.50304" lon="-0.280392"><ele>16</ele></trkpt>
      <trkpt lat="51.503004" lon="-0.280336"><ele>16</ele></trkpt>
      <trkpt lat="51.503125" lon="-0.28013"><ele>17.25</ele></trkpt>
      <trkpt lat="51.503196" lon="-0.280007"><ele>18</ele></trkpt>
      <trkpt lat="51.50324" lon="-0.279945"><ele>18.25</ele></trkpt>
      <trkpt lat="51.502903" lon="-0.279533"><ele>17.25</ele></trkpt>
      <trkpt lat="51.502558" lon="-0.279149"><ele>16.75</ele></trkpt>
      <trkpt lat="51.502222" lon="-0.278845"><ele>15.75</ele></trkpt>
      <trkpt lat="51.501826" lon="-0.278528"><ele>15</ele></trkpt>
      <trkpt lat="51.501542" lon="-0.278329"><ele>14.5</ele></trkpt>
      <trkpt lat="51.501456" lon="-0.278266"><ele>14</ele></trkpt>
      <trkpt lat="51.500601" lon="-0.277642"><ele>13</ele></trkpt>
      <trkpt lat="51.500458" lon="-0.277523"><ele>12.75</ele></trkpt>
      <trkpt lat="51.500094" lon="-0.277222"><ele>12.5</ele></trkpt>
      <trkpt lat="51.499655" lon="-0.276767"><ele>12.75</ele></trkpt>
      <trkpt lat="51.499335" lon="-0.276331"><ele>12</ele></trkpt>
      <trkpt lat="51.499004" lon="-0.275837"><ele>12</ele></trkpt>
      <trkpt lat="51.498792" lon="-0.275473"><ele>11.75</ele></trkpt>
      <trkpt lat="51.498636" lon="-0.275037"><ele>11</ele></trkpt>
      <trkpt lat="51.498336" lon="-0.274054"><ele>10.5</ele></trkpt>
      <trkpt lat="51.498216" lon="-0.273743"><ele>10</ele></trkpt>
      <trkpt lat="51.498036" lon="-0.273377"><ele>10</ele></trkpt>
      <trkpt lat="51.497926" lon="-0.273175"><ele>10</ele></trkpt>
      <trkpt lat="51.497849" lon="-0.273062"><ele>10</ele></trkpt>
      <trkpt lat="51.497826" lon="-0.273035"><ele>10</ele></trkpt>
      <trkpt lat="51.497748" lon="-0.27292"><ele>9.75</ele></trkpt>
      <trkpt lat="51.497602" lon="-0.27266"><ele>9</ele></trkpt>
      <trkpt lat="51.497511" lon="-0.272506"><ele>9</ele></trkpt>
      <trkpt lat="51.497423" lon="-0.272298"><ele>9</ele></trkpt>
      <trkpt lat="51.497398" lon="-0.272248"><ele>9</ele></trkpt>
      <trkpt lat="51.497195" lon="-0.271842"><ele>9</ele></trkpt>
      <trkpt lat="51.497097" lon="-0.271623"><ele>9</ele></trkpt>
      <trkpt lat="51.497034" lon="-0.271675"><ele>9</ele></trkpt>
      <trkpt lat="51.496886" lon="-0.271798"><ele>9</ele></trkpt>
      <trkpt lat="51.496799" lon="-0.271818"><ele>9</ele></trkpt>
      <trkpt lat="51.496617" lon="-0.271796"><ele>9</ele></trkpt>
      <trkpt lat="51.496136" lon="-0.271195"><ele>9</ele></trkpt>
      <trkpt lat="51.495783" lon="-0.270663"><ele>8.5</ele></trkpt>
      <trkpt lat="51.495837" lon="-0.270225"><ele>8</ele></trkpt>
      <trkpt lat="51.495487" lon="-0.270132"><ele>8.25</ele></trkpt>
      <trkpt lat="51.495333" lon="-0.270071"><ele>8.5</ele></trkpt>
      <trkpt lat="51.495205" lon="-0.269992"><ele>8</ele></trkpt>
      <trkpt lat="51.49482" lon="-0.269754"><ele>9</ele></trkpt>
      <trkpt lat="51.494747" lon="-0.269676"><ele>8.5</ele></trkpt>
      <trkpt lat="51.494684" lon="-0.269586"><ele>8.75</ele></trkpt>
      <trkpt lat="51.494626" lon="-0.269481"><ele>9</ele></trkpt>
      <trkpt lat="51.494573" lon="-0.269544"><ele>8.5</ele></trkpt>
      <trkpt lat="51.494544" lon="-0.26945"><ele>8.5</ele></trkpt>
      <trkpt lat="51.494428" lon="-0.26882"><ele>7</ele></trkpt>
      <trkpt lat="51.494367" lon="-0.268519"><ele>7.75</ele></trkpt>
      <trkpt lat="51.4943" lon="-0.268324"><ele>7.75</ele></trkpt>
      <trkpt lat="51.494173" lon="-0.267994"><ele>8</ele></trkpt>
      <trkpt lat="51.49421" lon="-0.267962"><ele>8.25</ele></trkpt>
      <trkpt lat="51.494245" lon="-0.267931"><ele>8.5</ele></trkpt>
      <trkpt lat="51.494327" lon="-0.268144"><ele>8.75</ele></trkpt>
      <trkpt lat="51.494352" lon="-0.268217"><ele>8.5</ele></trkpt>
      <trkpt lat="51.494327" lon="-0.268144"><ele>8.75</ele></trkpt>
      <trkpt lat="51.494245" lon="-0.267931"><ele>8.5</ele></trkpt>
      <trkpt lat="51.494211" lon="-0.267746"><ele>8.25</ele></trkpt>
      <trkpt lat="51.494232" lon="-0.267615"><ele>8.5</ele></trkpt>
      <trkpt lat="51.494302" lon="-0.267457"><ele>9</ele></trkpt>
      <trkpt lat="51.494253" lon="-0.267396"><ele>8</ele></trkpt>
      <trkpt lat="51.494217" lon="-0.267349"><ele>7.25</ele></trkpt>
      <trkpt lat="51.494386" lon="-0.267003"><ele>6.75</ele></trkpt>
      <trkpt lat="51.494545" lon="-0.266598"><ele>6</ele></trkpt>
      <trkpt lat="51.494577" lon="-0.266517"><ele>6</ele></trkpt>
      <trkpt lat="51.49465" lon="-0.266488"><ele>6</ele></trkpt>
      <trkpt lat="51.494888" lon="-0.265682"><ele>6</ele></trkpt>
      <trkpt lat="51.49507" lon="-0.265028"><ele>6</ele></trkpt>
      <trkpt lat="51.495295" lon="-0.264124"><ele>6</ele></trkpt>
      <trkpt lat="51.49539" lon="-0.263413"><ele>6</ele></trkpt>
      <trkpt lat="51.495404" lon="-0.263305"><ele>6</ele></trkpt>
      <trkpt lat="51.495342" lon="-0.262487"><ele>5</ele></trkpt>
      <trkpt lat="51.495255" lon="-0.261311"><ele>5.25</ele></trkpt>
      <trkpt lat="51.495207" lon="-0.260399"><ele>6</ele></trkpt>
      <trkpt lat="51.495212" lon="-0.260348"><ele>5.75</ele></trkpt>
      <trkpt lat="51.495221" lon="-0.260317"><ele>5.5</ele></trkpt>
      <trkpt lat="51.495227" lon="-0.260293"><ele>5.5</ele></trkpt>
      <trkpt lat="51.495228" lon="-0.26023"><ele>5.5</ele></trkpt>
      <trkpt lat="51.495231" lon="-0.260172"><ele>5.75</ele></trkpt>
      <trkpt lat="51.495232" lon="-0.260143"><ele>5.75</ele></trkpt>
      <trkpt lat="51.495224" lon="-0.260142"><ele>5.75</ele></trkpt>
      <trkpt lat="51.495253" lon="-0.259591"><ele>5.25</ele></trkpt>
      <trkpt lat="51.495312" lon="-0.259248"><ele>5.5</ele></trkpt>
      <trkpt lat="51.495354" lon="-0.25884"><ele>5.75</ele></trkpt>
      <trkpt lat="51.495394" lon="-0.258535"><ele>6</ele></trkpt>
      <trkpt lat="51.49544" lon="-0.258324"><ele>5.75</ele></trkpt>
      <trkpt lat="51.495466" lon="-0.257971"><ele>5.5</ele></trkpt>
      <trkpt lat="51.495511" lon="-0.257755"><ele>5.25</ele></trkpt>
      <trkpt lat="51.495449" lon="-0.256675"><ele>6</ele></trkpt>
      <trkpt lat="51.495398" lon="-0.255719"><ele>5.5</ele></trkpt>
      <trkpt lat="51.495352" lon="-0.25542"><ele>5.5</ele></trkpt>
      <trkpt lat="51.495353" lon="-0.255379"><ele>5.5</ele></trkpt>
      <trkpt lat="51.495356" lon="-0.255288"><ele>5.5</ele></trkpt>
      <trkpt lat="51.495358" lon="-0.255163"><ele>6.25</ele></trkpt>
      <trkpt lat="51.495321" lon="-0.255161"><ele>6.5</ele></trkpt>
      <trkpt lat="51.495285" lon="-0.255196"><ele>6.5</ele></trkpt>
      <trkpt lat="51.495284" lon="-0.255094"><ele>7.25</ele></trkpt>
      <trkpt lat="51.495286" lon="-0.254956"><ele>8</ele></trkpt>
      <trkpt lat="51.495268" lon="-0.25491"><ele>8.25</ele></trkpt>
      <trkpt lat="51.495261" lon="-0.254892"><ele>8.25</ele></trkpt>
      <trkpt lat="51.495181" lon="-0.254888"><ele>7.75</ele></trkpt>
      <trkpt lat="51.495181" lon="-0.254862"><ele>7.75</ele></trkpt>
      <trkpt lat="51.495183" lon="-0.25478"><ele>8</ele></trkpt>
      <trkpt lat="51.495183" lon="-0.254766"><ele>8</ele></trkpt>
      <trkpt lat="51.495185" lon="-0.254683"><ele>8.25</ele></trkpt>
      <trkpt lat="51.495185" lon="-0.254676"><ele>8.25</ele></trkpt>
      <trkpt lat="51.495157" lon="-0.254675"><ele>8</ele></trkpt>
    </trkseg>
    <trkseg>
      <trkpt lat="51.495157" lon="-0.254675"><ele>8</ele></trkpt>
      <trkpt lat="51.495185" lon="-0.254676"><ele>8.25</ele></trkpt>
      <trkpt lat="51.495185" lon="-0.254683"><ele>8.25</ele></trkpt>
      <trkpt lat="51.495183" lon="-0.254766"><ele>8</ele></trkpt>
      <trkpt lat="51.495183" lon="-0.25478"><ele>8</ele></trkpt>
      <trkpt lat="51.495181" lon="-0.254862"><ele>7.75</ele></trkpt>
      <trkpt lat="51.495181" lon="-0.254888"><ele>7.75</ele></trkpt>
      <trkpt lat="51.495261" lon="-0.254892"><ele>8.25</ele></trkpt>
      <trkpt lat="51.495268" lon="-0.25491"><ele>8.25</ele></trkpt>
      <trkpt lat="51.495286" lon="-0.254956"><ele>8</ele></trkpt>
      <trkpt lat="51.495284" lon="-0.255094"><ele>7.25</ele></trkpt>
      <trkpt lat="51.495285" lon="-0.255196"><ele>6.5</ele></trkpt>
      <trkpt lat="51.495321" lon="-0.255161"><ele>6.5</ele></trkpt>
      <trkpt lat="51.495358" lon="-0.255163"><ele>6.25</ele></trkpt>
      <trkpt lat="51.495561" lon="-0.255174"><ele>5.25</ele></trkpt>
      <trkpt lat="51.495642" lon="-0.255082"><ele>5.25</ele></trkpt>
      <trkpt lat="51.495661" lon="-0.255035"><ele>5.5</ele></trkpt>
      <trkpt lat="51.495729" lon="-0.255067"><ele>5.25</ele></trkpt>
      <trkpt lat="51.495908" lon="-0.254155"><ele>5</ele></trkpt>
      <trkpt lat="51.495711" lon="-0.254082"><ele>5</ele></trkpt>
      <trkpt lat="51.495654" lon="-0.253988"><ele>5</ele></trkpt>
      <trkpt lat="51.495639" lon="-0.252518"><ele>5</ele></trkpt>
      <trkpt lat="51.495623" lon="-0.250967"><ele>4.75</ele></trkpt>
      <trkpt lat="51.495603" lon="-0.249748"><ele>4</ele></trkpt>
      <trkpt lat="51.495599" lon="-0.248775"><ele>4</ele></trkpt>
      <trkpt lat="51.495593" lon="-0.248287"><ele>4.25</ele></trkpt>
      <trkpt lat="51.495593" lon="-0.24824"><ele>4.25</ele></trkpt>
      <trkpt lat="51.495539" lon="-0.24823"><ele>4.25</ele></trkpt>
      <trkpt lat="51.495522" lon="-0.248227"><ele>4.25</ele></trkpt>
      <trkpt lat="51.495369" lon="-0.248188"><ele>4.75</ele></trkpt>
      <trkpt lat="51.495356" lon="-0.248184"><ele>4.75</ele></trkpt>
      <trkpt lat="51.495183" lon="-0.248132"><ele>5.25</ele></trkpt>
      <trkpt lat="51.495181" lon="-0.248014"><ele>5</ele></trkpt>
      <trkpt lat="51.495182" lon="-0.247876"><ele>5</ele></trkpt>
      <trkpt lat="51.49518" lon="-0.247724"><ele>5</ele></trkpt>
      <trkpt lat="51.495179" lon="-0.247647"><ele>5</ele></trkpt>
      <trkpt lat="51.495162" lon="-0.247593"><ele>5</ele></trkpt>
      <trkpt lat="51.494956" lon="-0.247568"><ele>5</ele></trkpt>
      <trkpt lat="51.494949" lon="-0.247192"><ele>5</ele></trkpt>
      <trkpt lat="51.494922" lon="-0.246859"><ele>5</ele></trkpt>
      <trkpt lat="51.494835" lon="-0.246084"><ele>5</ele></trkpt>
      <trkpt lat="51.494811" lon="-0.245722"><ele>5</ele></trkpt>
      <trkpt lat="51.494835" lon="-0.246084"><ele>5</ele></trkpt>
      <trkpt lat="51.494922" lon="-0.246859"><ele>5</ele></trkpt>
      <trkpt lat="51.495121" lon="-0.246865"><ele>5</ele></trkpt>
      <trkpt lat="51.495193" lon="-0.246881"><ele>5</ele></trkpt>
      <trkpt lat="51.495457" lon="-0.247024"><ele>5</ele></trkpt>
      <trkpt lat="51.495454" lon="-0.245974"><ele>5</ele></trkpt>
      <trkpt lat="51.495448" lon="-0.244966"><ele>5</ele></trkpt>
      <trkpt lat="51.495457" lon="-0.244931"><ele>5</ele></trkpt>
      <trkpt lat="51.495473" lon="-0.244909"><ele>5</ele></trkpt>
      <trkpt lat="51.495497" lon="-0.2449"><ele>5</ele></trkpt>
      <trkpt lat="51.495497" lon="-0.244837"><ele>5</ele></trkpt>
      <trkpt lat="51.495502" lon="-0.244811"><ele>5</ele></trkpt>
      <trkpt lat="51.495541" lon="-0.244749"><ele>5</ele></trkpt>
      <trkpt lat="51.495534" lon="-0.244719"><ele>5</ele></trkpt>
      <trkpt lat="51.495516" lon="-0.244637"><ele>5</ele></trkpt>
      <trkpt lat="51.495501" lon="-0.244568"><ele>5</ele></trkpt>
      <trkpt lat="51.495497" lon="-0.24455"><ele>5</ele></trkpt>
      <trkpt lat="51.495488" lon="-0.244513"><ele>5</ele></trkpt>
      <trkpt lat="51.495439" lon="-0.24454"><ele>5</ele></trkpt>
      <trkpt lat="51.495404" lon="-0.244559"><ele>5</ele></trkpt>
      <trkpt lat="51.495314" lon="-0.243711"><ele>5</ele></trkpt>
      <trkpt lat="51.495303" lon="-0.24344"><ele>5</ele></trkpt>
      <trkpt lat="51.495295" lon="-0.24309"><ele>5</ele></trkpt>
      <trkpt lat="51.495296" lon="-0.242436"><ele>5</ele></trkpt>
      <trkpt lat="51.495317" lon="-0.24221"><ele>5</ele></trkpt>
      <trkpt lat="51.495354" lon="-0.241983"><ele>5</ele></trkpt>
      <trkpt lat="51.495371" lon="-0.241938"><ele>5</ele></trkpt>
      <trkpt lat="51.49541" lon="-0.241901"><ele>5</ele></trkpt>
      <trkpt lat="51.495478" lon="-0.241898"><ele>5</ele></trkpt>
      <trkpt lat="51.495486" lon="-0.239914"><ele>4.25</ele></trkpt>
      <trkpt lat="51.495485" lon="-0.239818"><ele>4.25</ele></trkpt>
      <trkpt lat="51.495484" lon="-0.239724"><ele>4.25</ele></trkpt>
      <trkpt lat="51.495022" lon="-0.238823"><ele>4.75</ele></trkpt>
      <trkpt lat="51.494816" lon="-0.238486"><ele>5</ele></trkpt>
      <trkpt lat="51.494721" lon="-0.238305"><ele>4.75</ele></trkpt>
      <trkpt lat="51.494548" lon="-0.237867"><ele>5</ele></trkpt>
      <trkpt lat="51.494509" lon="-0.237873"><ele>5</ele></trkpt>
      <trkpt lat="51.494412" lon="-0.237179"><ele>5</ele></trkpt>
      <trkpt lat="51.494396" lon="-0.236623"><ele>5</ele></trkpt>
      <trkpt lat="51.494058" lon="-0.236647"><ele>5</ele></trkpt>
      <trkpt lat="51.494042" lon="-0.236476"><ele>5</ele></trkpt>
      <trkpt lat="51.494022" lon="-0.236221"><ele>5</ele></trkpt>
      <trkpt lat="51.493984" lon="-0.236232"><ele>5</ele></trkpt>
      <trkpt lat="51.493968" lon="-0.236019"><ele>5</ele></trkpt>
      <trkpt lat="51.49398" lon="-0.236016"><ele>5</ele></trkpt>
      <trkpt lat="51.49399" lon="-0.236014"><ele>5</ele></trkpt>
      <trkpt lat="51.493988" lon="-0.235975"><ele>5</ele></trkpt>
      <trkpt lat="51.494073" lon="-0.235946"><ele>5</ele></trkpt>
      <trkpt lat="51.494068" lon="-0.235894"><ele>5</ele></trkpt>
      <trkpt lat="51.494073" lon="-0.235946"><ele>5</ele></trkpt>
      <trkpt lat="51.493988" lon="-0.235975"><ele>5</ele></trkpt>
      <trkpt lat="51.49399" lon="-0.236014"><ele>5</ele></trkpt>
      <trkpt lat="51.49398" lon="-0.236016"><ele>5</ele></trkpt>
      <trkpt lat="51.493968" lon="-0.236019"><ele>5</ele></trkpt>
      <trkpt lat="51.493984" lon="-0.236232"><ele>5</ele></trkpt>
      <trkpt lat="51.493955" lon="-0.236239"><ele>4.75</ele></trkpt>
      <trkpt lat="51.493926" lon="-0.235506"><ele>4.75</ele></trkpt>
      <trkpt lat="51.493941" lon="-0.235491"><ele>5</ele></trkpt>
      <trkpt lat="51.493877" lon="-0.234789"><ele>4</ele></trkpt>
      <trkpt lat="51.493206" lon="-0.234952"><ele>4.25</ele></trkpt>
      <trkpt lat="51.492986" lon="-0.234995"><ele>5</ele></trkpt>
      <trkpt lat="51.492985" lon="-0.234964"><ele>5</ele></trkpt>
      <trkpt lat="51.492982" lon="-0.234925"><ele>5</ele></trkpt>
      <trkpt lat="51.492978" lon="-0.234874"><ele>5</ele></trkpt>
      <trkpt lat="51.492977" lon="-0.23486"><ele>5</ele></trkpt>
      <trkpt lat="51.492954" lon="-0.234851"><ele>5</ele></trkpt>
      <trkpt lat="51.492932" lon="-0.234612"><ele>5</ele></trkpt>
      <trkpt lat="51.492914" lon="-0.23439"><ele>5</ele></trkpt>
      <trkpt lat="51.492933" lon="-0.234361"><ele>5</ele></trkpt>
      <trkpt lat="51.492932" lon="-0.234344"><ele>5</ele></trkpt>
      <trkpt lat="51.492926" lon="-0.234287"><ele>5</ele></trkpt>
      <trkpt lat="51.492921" lon="-0.234236"><ele>5</ele></trkpt>
      <trkpt lat="51.492921" lon="-0.234226"><ele>5</ele></trkpt>
      <trkpt lat="51.4929" lon="-0.23421"><ele>5</ele></trkpt>
      <trkpt lat="51.492849" lon="-0.233746"><ele>4.25</ele></trkpt>
      <trkpt lat="51.492728" lon="-0.232847"><ele>5</ele></trkpt>
      <trkpt lat="51.492713" lon="-0.232621"><ele>5</ele></trkpt>
      <trkpt lat="51.492691" lon="-0.232307"><ele>5</ele></trkpt>
      <trkpt lat="51.492658" lon="-0.231818"><ele>5</ele></trkpt>
      <trkpt lat="51.49265" lon="-0.231639"><ele>5</ele></trkpt>
      <trkpt lat="51.492648" lon="-0.231598"><ele>5</ele></trkpt>
      <trkpt lat="51.492647" lon="-0.231556"><ele>5</ele></trkpt>
      <trkpt lat="51.492632" lon="-0.231205"><ele>5</ele></trkpt>
      <trkpt lat="51.492632" lon="-0.231197"><ele>5</ele></trkpt>
      <trkpt lat="51.492632" lon="-0.23118"><ele>5</ele></trkpt>
      <trkpt lat="51.492622" lon="-0.230578"><ele>5</ele></trkpt>
      <trkpt lat="51.492622" lon="-0.230545"><ele>5</ele></trkpt>
      <trkpt lat="51.492622" lon="-0.230521"><ele>5</ele></trkpt>
      <trkpt lat="51.492618" lon="-0.230085"><ele>5</ele></trkpt>
      <trkpt lat="51.492617" lon="-0.230053"><ele>5</ele></trkpt>
      <trkpt lat="51.492617" lon="-0.230023"><ele>5</ele></trkpt>
      <trkpt lat="51.492603" lon="-0.229561"><ele>5</ele></trkpt>
      <trkpt lat="51.492607" lon="-0.22948"><ele>5</ele></trkpt>
      <trkpt lat="51.492605" lon="-0.229434"><ele>5</ele></trkpt>
      <trkpt lat="51.492603" lon="-0.229392"><ele>5</ele></trkpt>
      <trkpt lat="51.492597" lon="-0.229327"><ele>5</ele></trkpt>
      <trkpt lat="51.492577" lon="-0.229326"><ele>5</ele></trkpt>
      <trkpt lat="51.492572" lon="-0.228882"><ele>4.75</ele></trkpt>
      <trkpt lat="51.492575" lon="-0.228633"><ele>4.75</ele></trkpt>
      <trkpt lat="51.492589" lon="-0.228499"><ele>4.5</ele></trkpt>
      <trkpt lat="51.492879" lon="-0.226077"><ele>5</ele></trkpt>
      <trkpt lat="51.492926" lon="-0.225626"><ele>5</ele></trkpt>
      <trkpt lat="51.492943" lon="-0.22563"><ele>5</ele></trkpt>
      <trkpt lat="51.493002" lon="-0.22506"><ele>5</ele></trkpt>
      <trkpt lat="51.493001" lon="-0.224981"><ele>5</ele></trkpt>
      <trkpt lat="51.492987" lon="-0.224914"><ele>5.25</ele></trkpt>
      <trkpt lat="51.49306" lon="-0.224769"><ele>5.75</ele></trkpt>
      <trkpt lat="51.493025" lon="-0.224686"><ele>5.75</ele></trkpt>
      <trkpt lat="51.493018" lon="-0.224671"><ele>6</ele></trkpt>
      <trkpt lat="51.492977" lon="-0.224584"><ele>6</ele></trkpt>
      <trkpt lat="51.492946" lon="-0.224517"><ele>6</ele></trkpt>
      <trkpt lat="51.492918" lon="-0.224475"><ele>6</ele></trkpt>
      <trkpt lat="51.49286" lon="-0.224432"><ele>6</ele></trkpt>
      <trkpt lat="51.492668" lon="-0.224265"><ele>6</ele></trkpt>
      <trkpt lat="51.492629" lon="-0.224234"><ele>6</ele></trkpt>
      <trkpt lat="51.49259" lon="-0.223844"><ele>6</ele></trkpt>
      <trkpt lat="51.492556" lon="-0.223787"><ele>6</ele></trkpt>
      <trkpt lat="51.492529" lon="-0.223762"><ele>6</ele></trkpt>
      <trkpt lat="51.49251" lon="-0.223742"><ele>6</ele></trkpt>
      <trkpt lat="51.492483" lon="-0.223713"><ele>6</ele></trkpt>
      <trkpt lat="51.492429" lon="-0.223657"><ele>6</ele></trkpt>
      <trkpt lat="51.492406" lon="-0.223633"><ele>6</ele></trkpt>
      <trkpt lat="51.492374" lon="-0.223599"><ele>6</ele></trkpt>
      <trkpt lat="51.492354" lon="-0.22358"><ele>6</ele></trkpt>
      <trkpt lat="51.492328" lon="-0.223554"><ele>6</ele></trkpt>
      <trkpt lat="51.492327" lon="-0.223554"><ele>6</ele></trkpt>
      <trkpt lat="51.492328" lon="-0.223554"><ele>6</ele></trkpt>
      <trkpt lat="51.492354" lon="-0.22358"><ele>6</ele></trkpt>
      <trkpt lat="51.492374" lon="-0.223599"><ele>6</ele></trkpt>
      <trkpt lat="51.492406" lon="-0.223633"><ele>6</ele></trkpt>
      <trkpt lat="51.492429" lon="-0.223657"><ele>6</ele></trkpt>
      <trkpt lat="51.492483" lon="-0.223713"><ele>6</ele></trkpt>
      <trkpt lat="51.49251" lon="-0.223742"><ele>6</ele></trkpt>
      <trkpt lat="51.492529" lon="-0.223762"><ele>6</ele></trkpt>
      <trkpt lat="51.492556" lon="-0.223787"><ele>6</ele></trkpt>
      <trkpt lat="51.49259" lon="-0.223844"><ele>6</ele></trkpt>
      <trkpt lat="51.492629" lon="-0.224234"><ele>6</ele></trkpt>
      <trkpt lat="51.492668" lon="-0.224265"><ele>6</ele></trkpt>
      <trkpt lat="51.49286" lon="-0.224432"><ele>6</ele></trkpt>
      <trkpt lat="51.492918" lon="-0.224475"><ele>6</ele></trkpt>
      <trkpt lat="51.492946" lon="-0.224361"><ele>6</ele></trkpt>
      <trkpt lat="51.492963" lon="-0.224247"><ele>6</ele></trkpt>
      <trkpt lat="51.492987" lon="-0.223914"><ele>5.75</ele></trkpt>
      <trkpt lat="51.492983" lon="-0.223659"><ele>5</ele></trkpt>
      <trkpt lat="51.492994" lon="-0.223614"><ele>5</ele></trkpt>
      <trkpt lat="51.492979" lon="-0.223603"><ele>4.75</ele></trkpt>
      <trkpt lat="51.492923" lon="-0.223502"><ele>4.75</ele></trkpt>
      <trkpt lat="51.4929" lon="-0.223438"><ele>5</ele></trkpt>
      <trkpt lat="51.492886" lon="-0.22332"><ele>6</ele></trkpt>
      <trkpt lat="51.492896" lon="-0.223285"><ele>6</ele></trkpt>
      <trkpt lat="51.492899" lon="-0.223216"><ele>6</ele></trkpt>
      <trkpt lat="51.492886" lon="-0.223146"><ele>6</ele></trkpt>
      <trkpt lat="51.492837" lon="-0.223026"><ele>6</ele></trkpt>
      <trkpt lat="51.49272" lon="-0.222923"><ele>6</ele></trkpt>
      <trkpt lat="51.492675" lon="-0.222884"><ele>6</ele></trkpt>
      <trkpt lat="51.492533" lon="-0.222743"><ele>6</ele></trkpt>
      <trkpt lat="51.492473" lon="-0.222678"><ele>5.75</ele></trkpt>
      <trkpt lat="51.492435" lon="-0.222608"><ele>5.5</ele></trkpt>
      <trkpt lat="51.492434" lon="-0.22255"><ele>5.5</ele></trkpt>
      <trkpt lat="51.492407" lon="-0.222555"><ele>5.5</ele></trkpt>
      <trkpt lat="51.492351" lon="-0.222524"><ele>5.25</ele></trkpt>
      <trkpt lat="51.492331" lon="-0.222502"><ele>5.25</ele></trkpt>
      <trkpt lat="51.492303" lon="-0.222471"><ele>5.25</ele></trkpt>
      <trkpt lat="51.492137" lon="-0.222407"><ele>5.25</ele></trkpt>
      <trkpt lat="51.492064" lon="-0.222379"><ele>5.5</ele></trkpt>
      <trkpt lat="51.491675" lon="-0.222231"><ele>5.75</ele></trkpt>
      <trkpt lat="51.491468" lon="-0.222295"><ele>2.5</ele></trkpt>
      <trkpt lat="51.491456" lon="-0.222292"><ele>2.5</ele></trkpt>
      <trkpt lat="51.491448" lon="-0.222277"><ele>2.5</ele></trkpt>
      <trkpt lat="51.491428" lon="-0.222191"><ele>2.75</ele></trkpt>
      <trkpt lat="51.491405" lon="-0.222089"><ele>4</ele></trkpt>
      <trkpt lat="51.491386" lon="-0.22201"><ele>5</ele></trkpt>
      <trkpt lat="51.491359" lon="-0.221893"><ele>5.5</ele></trkpt>
      <trkpt lat="51.49134" lon="-0.221894"><ele>5.25</ele></trkpt>
      <trkpt lat="51.491283" lon="-0.221933"><ele>4.5</ele></trkpt>
      <trkpt lat="51.491254" lon="-0.221954"><ele>3.75</ele></trkpt>
      <trkpt lat="51.491238" lon="-0.221965"><ele>3.5</ele></trkpt>
      <trkpt lat="51.491238" lon="-0.221892"><ele>4</ele></trkpt>
      <trkpt lat="51.491228" lon="-0.221826"><ele>4.5</ele></trkpt>
      <trkpt lat="51.491162" lon="-0.221602"><ele>6</ele></trkpt>
      <trkpt lat="51.491128" lon="-0.221437"><ele>6</ele></trkpt>
      <trkpt lat="51.491116" lon="-0.221274"><ele>6</ele></trkpt>
      <trkpt lat="51.491112" lon="-0.220556"><ele>5</ele></trkpt>
      <trkpt lat="51.49111" lon="-0.220079"><ele>5</ele></trkpt>
      <trkpt lat="51.491082" lon="-0.219519"><ele>5.25</ele></trkpt>
      <trkpt lat="51.491067" lon="-0.219375"><ele>5.25</ele></trkpt>
      <trkpt lat="51.491003" lon="-0.21894"><ele>5</ele></trkpt>
      <trkpt lat="51.490992" lon="-0.218887"><ele>4.75</ele></trkpt>
      <trkpt lat="51.490984" lon="-0.218844"><ele>4.75</ele></trkpt>
      <trkpt lat="51.490967" lon="-0.218763"><ele>4.5</ele></trkpt>
      <trkpt lat="51.490762" lon="-0.217557"><ele>4.5</ele></trkpt>
      <trkpt lat="51.490743" lon="-0.217464"><ele>4.5</ele></trkpt>
      <trkpt lat="51.490719" lon="-0.217347"><ele>4.25</ele></trkpt>
      <trkpt lat="51.490656" lon="-0.216963"><ele>3.5</ele></trkpt>
      <trkpt lat="51.490641" lon="-0.216699"><ele>3.5</ele></trkpt>
      <trkpt lat="51.490641" lon="-0.216424"><ele>3.5</ele></trkpt>
      <trkpt lat="51.490686" lon="-0.215125"><ele>3.75</ele></trkpt>
      <trkpt lat="51.490687" lon="-0.214769"><ele>4</ele></trkpt>
      <trkpt lat="51.490674" lon="-0.214219"><ele>3.5</ele></trkpt>
      <trkpt lat="51.490637" lon="-0.213587"><ele>3.25</ele></trkpt>
      <trkpt lat="51.490621" lon="-0.213391"><ele>3.75</ele></trkpt>
      <trkpt lat="51.490607" lon="-0.213365"><ele>3.75</ele></trkpt>
      <trkpt lat="51.490578" lon="-0.213359"><ele>3.75</ele></trkpt>
      <trkpt lat="51.490574" lon="-0.213281"><ele>4</ele></trkpt>
      <trkpt lat="51.490573" lon="-0.213222"><ele>4.25</ele></trkpt>
      <trkpt lat="51.490557" lon="-0.213222"><ele>4.25</ele></trkpt>
      <trkpt lat="51.490503" lon="-0.213221"><ele>3.75</ele></trkpt>
      <trkpt lat="51.490406" lon="-0.21322"><ele>3</ele></trkpt>
      <trkpt lat="51.490276" lon="-0.21322"><ele>2.25</ele></trkpt>
      <trkpt lat="51.490284" lon="-0.213349"><ele>1.75</ele></trkpt>
      <trkpt lat="51.49029" lon="-0.213432"><ele>1.75</ele></trkpt>
      <trkpt lat="51.490284" lon="-0.213349"><ele>2</ele></trkpt>
      <trkpt lat="51.490276" lon="-0.21322"><ele>2.75</ele></trkpt>
      <trkpt lat="51.490406" lon="-0.21322"><ele>3.75</ele></trkpt>
      <trkpt lat="51.490503" lon="-0.213221"><ele>3.75</ele></trkpt>
      <trkpt lat="51.490557" lon="-0.213222"><ele>4.25</ele></trkpt>
      <trkpt lat="51.490573" lon="-0.213222"><ele>4.25</ele></trkpt>
      <trkpt lat="51.490573" lon="-0.213156"><ele>4.5</ele></trkpt>
      <trkpt lat="51.490591" lon="-0.213138"><ele>4.5</ele></trkpt>
      <trkpt lat="51.490595" lon="-0.213107"><ele>4.75</ele></trkpt>
      <trkpt lat="51.490568" lon="-0.212822"><ele>4</ele></trkpt>
      <trkpt lat="51.490441" lon="-0.211733"><ele>3.5</ele></trkpt>
      <trkpt lat="51.490392" lon="-0.211202"><ele>4</ele></trkpt>
      <trkpt lat="51.490373" lon="-0.210901"><ele>4</ele></trkpt>
      <trkpt lat="51.490363" lon="-0.21063"><ele>4</ele></trkpt>
      <trkpt lat="51.490354" lon="-0.210356"><ele>4</ele></trkpt>
      <trkpt lat="51.490352" lon="-0.210069"><ele>4</ele></trkpt>
      <trkpt lat="51.490369" lon="-0.209565"><ele>4</ele></trkpt>
      <trkpt lat="51.490389" lon="-0.209261"><ele>4</ele></trkpt>
      <trkpt lat="51.490428" lon="-0.208869"><ele>4</ele></trkpt>
      <trkpt lat="51.490472" lon="-0.208513"><ele>4.25</ele></trkpt>
      <trkpt lat="51.490515" lon="-0.208248"><ele>4.25</ele></trkpt>
      <trkpt lat="51.490692" lon="-0.207288"><ele>4.75</ele></trkpt>
      <trkpt lat="51.490728" lon="-0.207116"><ele>4.5</ele></trkpt>
      <trkpt lat="51.490757" lon="-0.206967"><ele>4.25</ele></trkpt>
      <trkpt lat="51.490758" lon="-0.206936"><ele>4.25</ele></trkpt>
      <trkpt lat="51.490742" lon="-0.206898"><ele>4.25</ele></trkpt>
      <trkpt lat="51.490512" lon="-0.206787"><ele>2.5</ele></trkpt>
      <trkpt lat="51.490535" lon="-0.206695"><ele>2</ele></trkpt>
      <trkpt lat="51.490533" lon="-0.206694"><ele>2</ele></trkpt>
      <trkpt lat="51.490454" lon="-0.206659"><ele>2</ele></trkpt>
      <trkpt lat="51.490533" lon="-0.206694"><ele>2</ele></trkpt>
      <trkpt lat="51.490535" lon="-0.206695"><ele>2</ele></trkpt>
      <trkpt lat="51.490512" lon="-0.206787"><ele>2.5</ele></trkpt>
      <trkpt lat="51.490742" lon="-0.206898"><ele>4.25</ele></trkpt>
      <trkpt lat="51.490746" lon="-0.206877"><ele>4.25</ele></trkpt>
      <trkpt lat="51.490761" lon="-0.206798"><ele>4.25</ele></trkpt>
      <trkpt lat="51.490779" lon="-0.2067"><ele>4.25</ele></trkpt>
      <trkpt lat="51.490783" lon="-0.206679"><ele>4.25</ele></trkpt>
      <trkpt lat="51.490796" lon="-0.206684"><ele>4.5</ele></trkpt>
      <trkpt lat="51.490816" lon="-0.206667"><ele>4.75</ele></trkpt>
      <trkpt lat="51.490916" lon="-0.206007"><ele>4</ele></trkpt>
      <trkpt lat="51.490951" lon="-0.205849"><ele>4</ele></trkpt>
      <trkpt lat="51.490998" lon="-0.205714"><ele>4</ele></trkpt>
      <trkpt lat="51.491034" lon="-0.205652"><ele>4</ele></trkpt>
      <trkpt lat="51.491182" lon="-0.205"><ele>4.25</ele></trkpt>
      <trkpt lat="51.491269" lon="-0.2046"><ele>4.75</ele></trkpt>
      <trkpt lat="51.491293" lon="-0.20443"><ele>4.75</ele></trkpt>
      <trkpt lat="51.491488" lon="-0.202681"><ele>6</ele></trkpt>
      <trkpt lat="51.491508" lon="-0.20255"><ele>6</ele></trkpt>
      <trkpt lat="51.491543" lon="-0.202382"><ele>6.25</ele></trkpt>
      <trkpt lat="51.491585" lon="-0.202227"><ele>6.25</ele></trkpt>
      <trkpt lat="51.491649" lon="-0.202044"><ele>6.5</ele></trkpt>
      <trkpt lat="51.491806" lon="-0.201615"><ele>6.75</ele></trkpt>
      <trkpt lat="51.491972" lon="-0.20119"><ele>7</ele></trkpt>
      <trkpt lat="51.492058" lon="-0.200993"><ele>7.25</ele></trkpt>
      <trkpt lat="51.492218" lon="-0.200738"><ele>7.25</ele></trkpt>
      <trkpt lat="51.49239" lon="-0.200494"><ele>6.25</ele></trkpt>
      <trkpt lat="51.492487" lon="-0.200294"><ele>6</ele></trkpt>
      <trkpt lat="51.492493" lon="-0.200269"><ele>6</ele></trkpt>
      <trkpt lat="51.492499" lon="-0.20019"><ele>6</ele></trkpt>
      <trkpt lat="51.492493" lon="-0.200146"><ele>6</ele></trkpt>
      <trkpt lat="51.49247" lon="-0.20008"><ele>6</ele></trkpt>
      <trkpt lat="51.492438" lon="-0.200009"><ele>6</ele></trkpt>
      <trkpt lat="51.492212" lon="-0.199589"><ele>5.75</ele></trkpt>
      <trkpt lat="51.49219" lon="-0.199575"><ele>6</ele></trkpt>
      <trkpt lat="51.492179" lon="-0.199556"><ele>6</ele></trkpt>
      <trkpt lat="51.492175" lon="-0.199548"><ele>6</ele></trkpt>
      <trkpt lat="51.492169" lon="-0.199538"><ele>6</ele></trkpt>
      <trkpt lat="51.492157" lon="-0.199517"><ele>6.25</ele></trkpt>
      <trkpt lat="51.492146" lon="-0.199497"><ele>6.25</ele></trkpt>
      <trkpt lat="51.492129" lon="-0.199468"><ele>6.25</ele></trkpt>
      <trkpt lat="51.49212" lon="-0.199442"><ele>6.25</ele></trkpt>
      <trkpt lat="51.491664" lon="-0.198577"><ele>6</ele></trkpt>
      <trkpt lat="51.491173" lon="-0.197667"><ele>5.75</ele></trkpt>
      <trkpt lat="51.490718" lon="-0.196794"><ele>6.25</ele></trkpt>
      <trkpt lat="51.490708" lon="-0.196775"><ele>6.25</ele></trkpt>
      <trkpt lat="51.490696" lon="-0.19675"><ele>6.25</ele></trkpt>
      <trkpt lat="51.490686" lon="-0.196728"><ele>6</ele></trkpt>
      <trkpt lat="51.49068" lon="-0.196715"><ele>6</ele></trkpt>
      <trkpt lat="51.490675" lon="-0.196705"><ele>6</ele></trkpt>
      <trkpt lat="51.490666" lon="-0.196687"><ele>6</ele></trkpt>
      <trkpt lat="51.490654" lon="-0.196657"><ele>6</ele></trkpt>
      <trkpt lat="51.490491" lon="-0.196336"><ele>7</ele></trkpt>
      <trkpt lat="51.490423" lon="-0.196219"><ele>7</ele></trkpt>
      <trkpt lat="51.490411" lon="-0.196219"><ele>7</ele></trkpt>
      <trkpt lat="51.490261" lon="-0.195944"><ele>7.25</ele></trkpt>
      <trkpt lat="51.490208" lon="-0.195839"><ele>7.25</ele></trkpt>
      <trkpt lat="51.490223" lon="-0.195819"><ele>7</ele></trkpt>
      <trkpt lat="51.490257" lon="-0.195773"><ele>6.75</ele></trkpt>
      <trkpt lat="51.490288" lon="-0.19573"><ele>6.5</ele></trkpt>
      <trkpt lat="51.490297" lon="-0.195718"><ele>6.25</ele></trkpt>
      <trkpt lat="51.490258" lon="-0.195645"><ele>5.5</ele></trkpt>
      <trkpt lat="51.490263" lon="-0.195639"><ele>5.5</ele></trkpt>
      <trkpt lat="51.490285" lon="-0.195612"><ele>5.25</ele></trkpt>
      <trkpt lat="51.490337" lon="-0.195553"><ele>4.75</ele></trkpt>
      <trkpt lat="51.490424" lon="-0.195441"><ele>4.75</ele></trkpt>
      <trkpt lat="51.49089" lon="-0.194755"><ele>5.25</ele></trkpt>
      <trkpt lat="51.490996" lon="-0.194761"><ele>5.25</ele></trkpt>
      <trkpt lat="51.49107" lon="-0.194869"><ele>5.5</ele></trkpt>
      <trkpt lat="51.491143" lon="-0.195016"><ele>5.5</ele></trkpt>
      <trkpt lat="51.4914" lon="-0.194643"><ele>5.75</ele></trkpt>
      <trkpt lat="51.491405" lon="-0.194484"><ele>5.75</ele></trkpt>
      <trkpt lat="51.49148" lon="-0.194359"><ele>6</ele></trkpt>
      <trkpt lat="51.492077" lon="-0.193466"><ele>6.5</ele></trkpt>
      <trkpt lat="51.492052" lon="-0.19342"><ele>6.5</ele></trkpt>
      <trkpt lat="51.492089" lon="-0.193365"/>
      <trkpt lat="51.492067" lon="-0.193395"/>
      <trkpt lat="51.49206" lon="-0.193383"/>
      <trkpt lat="51.492059" lon="-0.193383"/>
    </trkseg>
    <trkseg>
      <trkpt lat="51.492059" lon="-0.193383"><ele>7.75</ele></trkpt>
      <trkpt lat="51.492054" lon="-0.19337"><ele>7.75</ele></trkpt>
      <trkpt lat="51.492076" lon="-0.19334"><ele>7.75</ele></trkpt>
      <trkpt lat="51.492096" lon="-0.193306"><ele>7.75</ele></trkpt>
      <trkpt lat="51.492061" lon="-0.193242"><ele>7.75</ele></trkpt>
      <trkpt lat="51.492095" lon="-0.193191"><ele>7.75</ele></trkpt>
      <trkpt lat="51.492148" lon="-0.193111"><ele>7.75</ele></trkpt>
      <trkpt lat="51.492223" lon="-0.193008"><ele>8</ele></trkpt>
      <trkpt lat="51.4922" lon="-0.192963"><ele>8</ele></trkpt>
      <trkpt lat="51.492156" lon="-0.192898"><ele>8</ele></trkpt>
      <trkpt lat="51.493353" lon="-0.190803"><ele>7.75</ele></trkpt>
      <trkpt lat="51.493416" lon="-0.190707"><ele>7.5</ele></trkpt>
      <trkpt lat="51.493575" lon="-0.190465"><ele>7.5</ele></trkpt>
      <trkpt lat="51.493497" lon="-0.190391"><ele>7.5</ele></trkpt>
      <trkpt lat="51.493403" lon="-0.19029"><ele>7.75</ele></trkpt>
      <trkpt lat="51.49293" lon="-0.189762"><ele>8</ele></trkpt>
      <trkpt lat="51.492712" lon="-0.189522"><ele>8</ele></trkpt>
      <trkpt lat="51.49249" lon="-0.189272"><ele>8.25</ele></trkpt>
      <trkpt lat="51.492478" lon="-0.189242"><ele>8.25</ele></trkpt>
      <trkpt lat="51.492479" lon="-0.189195"><ele>8.75</ele></trkpt>
      <trkpt lat="51.492906" lon="-0.187744"><ele>8.5</ele></trkpt>
      <trkpt lat="51.493225" lon="-0.186689"><ele>7.5</ele></trkpt>
      <trkpt lat="51.49331" lon="-0.186375"><ele>7.75</ele></trkpt>
      <trkpt lat="51.493398" lon="-0.186068"><ele>7.75</ele></trkpt>
      <trkpt lat="51.49347" lon="-0.185757"><ele>6.5</ele></trkpt>
      <trkpt lat="51.493528" lon="-0.185462"><ele>7.5</ele></trkpt>
      <trkpt lat="51.493674" lon="-0.184792"><ele>7.25</ele></trkpt>
      <trkpt lat="51.493766" lon="-0.184345"><ele>7.5</ele></trkpt>
      <trkpt lat="51.493776" lon="-0.184292"><ele>7.75</ele></trkpt>
      <trkpt lat="51.49379" lon="-0.184226"><ele>7.75</ele></trkpt>
      <trkpt lat="51.493819" lon="-0.18407"><ele>7.75</ele></trkpt>
      <trkpt lat="51.493944" lon="-0.183509"><ele>8</ele></trkpt>
      <trkpt lat="51.493984" lon="-0.183328"><ele>8</ele></trkpt>
      <trkpt lat="51.494018" lon="-0.183175"><ele>8</ele></trkpt>
      <trkpt lat="51.494172" lon="-0.182482"><ele>7</ele></trkpt>
      <trkpt lat="51.494201" lon="-0.182498"><ele>7</ele></trkpt>
      <trkpt lat="51.494334" lon="-0.182567"><ele>7</ele></trkpt>
      <trkpt lat="51.494201" lon="-0.182498"><ele>7</ele></trkpt>
      <trkpt lat="51.494172" lon="-0.182482"><ele>7</ele></trkpt>
      <trkpt lat="51.494113" lon="-0.182448"><ele>7</ele></trkpt>
      <trkpt lat="51.4941" lon="-0.182406"><ele>7</ele></trkpt>
      <trkpt lat="51.493429" lon="-0.182001"><ele>7</ele></trkpt>
      <trkpt lat="51.493432" lon="-0.181986"><ele>7</ele></trkpt>
      <trkpt lat="51.493444" lon="-0.18191"><ele>7</ele></trkpt>
      <trkpt lat="51.493455" lon="-0.181841"><ele>7</ele></trkpt>
      <trkpt lat="51.493456" lon="-0.181832"><ele>7</ele></trkpt>
      <trkpt lat="51.493469" lon="-0.18175"><ele>7.25</ele></trkpt>
      <trkpt lat="51.493504" lon="-0.181521"><ele>7.25</ele></trkpt>
      <trkpt lat="51.493581" lon="-0.181005"><ele>6.5</ele></trkpt>
      <trkpt lat="51.493598" lon="-0.180943"><ele>7</ele></trkpt>
      <trkpt lat="51.493602" lon="-0.180918"><ele>7.25</ele></trkpt>
      <trkpt lat="51.493607" lon="-0.180888"><ele>7.5</ele></trkpt>
      <trkpt lat="51.493617" lon="-0.18083"><ele>7.75</ele></trkpt>
      <trkpt lat="51.493612" lon="-0.180807"><ele>7.75</ele></trkpt>
      <trkpt lat="51.493614" lon="-0.180776"><ele>7.75</ele></trkpt>
      <trkpt lat="51.49367" lon="-0.180419"><ele>7</ele></trkpt>
      <trkpt lat="51.49372" lon="-0.180112"><ele>7</ele></trkpt>
      <trkpt lat="51.493731" lon="-0.180088"><ele>7</ele></trkpt>
      <trkpt lat="51.493729" lon="-0.180045"><ele>7</ele></trkpt>
      <trkpt lat="51.493739" lon="-0.179974"><ele>6.75</ele></trkpt>
      <trkpt lat="51.49375" lon="-0.179888"><ele>6.75</ele></trkpt>
      <trkpt lat="51.493827" lon="-0.179407"><ele>6.5</ele></trkpt>
      <trkpt lat="51.49383" lon="-0.179388"><ele>6.5</ele></trkpt>
      <trkpt lat="51.493839" lon="-0.179329"><ele>6.5</ele></trkpt>
      <trkpt lat="51.493894" lon="-0.178942"><ele>6.75</ele></trkpt>
      <trkpt lat="51.493906" lon="-0.178892"><ele>6.75</ele></trkpt>
      <trkpt lat="51.493917" lon="-0.178845"><ele>7</ele></trkpt>
      <trkpt lat="51.493925" lon="-0.178813"><ele>7.25</ele></trkpt>
      <trkpt lat="51.493928" lon="-0.17877"><ele>7.25</ele></trkpt>
      <trkpt lat="51.493931" lon="-0.178728"><ele>7.5</ele></trkpt>
      <trkpt lat="51.493935" lon="-0.178681"><ele>7.5</ele></trkpt>
      <trkpt lat="51.493939" lon="-0.178617"><ele>7.75</ele></trkpt>
      <trkpt lat="51.493944" lon="-0.17856"><ele>7.75</ele></trkpt>
      <trkpt lat="51.493946" lon="-0.178531"><ele>7.5</ele></trkpt>
      <trkpt lat="51.493927" lon="-0.178526"><ele>7.5</ele></trkpt>
      <trkpt lat="51.493932" lon="-0.178463"><ele>7.25</ele></trkpt>
      <trkpt lat="51.493919" lon="-0.17846"><ele>7.25</ele></trkpt>
      <trkpt lat="51.493861" lon="-0.178447"><ele>7.25</ele></trkpt>
      <trkpt lat="51.493866" lon="-0.178393"><ele>7</ele></trkpt>
      <trkpt lat="51.493872" lon="-0.178339"><ele>6.75</ele></trkpt>
      <trkpt lat="51.493946" lon="-0.177584"><ele>7.75</ele></trkpt>
      <trkpt lat="51.493964" lon="-0.177347"><ele>8</ele></trkpt>
      <trkpt lat="51.494005" lon="-0.17683"><ele>8</ele></trkpt>
      <trkpt lat="51.49402" lon="-0.176653"><ele>8</ele></trkpt>
      <trkpt lat="51.494069" lon="-0.176051"><ele>7.75</ele></trkpt>
      <trkpt lat="51.494082" lon="-0.175899"><ele>7</ele></trkpt>
      <trkpt lat="51.494109" lon="-0.175566"><ele>7</ele></trkpt>
      <trkpt lat="51.494089" lon="-0.175361"><ele>7.25</ele></trkpt>
      <trkpt lat="51.494116" lon="-0.174854"><ele>7</ele></trkpt>
      <trkpt lat="51.494072" lon="-0.174847"><ele>7</ele></trkpt>
      <trkpt lat="51.494068" lon="-0.174775"><ele>7</ele></trkpt>
      <trkpt lat="51.494057" lon="-0.174759"><ele>7</ele></trkpt>
      <trkpt lat="51.494072" lon="-0.174646"><ele>6.75</ele></trkpt>
      <trkpt lat="51.494086" lon="-0.174536"><ele>6.5</ele></trkpt>
      <trkpt lat="51.494075" lon="-0.17448"><ele>6.25</ele></trkpt>
      <trkpt lat="51.494041" lon="-0.174387"><ele>6.25</ele></trkpt>
      <trkpt lat="51.493997" lon="-0.1742"><ele>6.25</ele></trkpt>
      <trkpt lat="51.494094" lon="-0.174193"><ele>6.25</ele></trkpt>
      <trkpt lat="51.494149" lon="-0.174188"><ele>6.25</ele></trkpt>
      <trkpt lat="51.494222" lon="-0.174184"><ele>6.25</ele></trkpt>
      <trkpt lat="51.49433" lon="-0.174178"><ele>6.25</ele></trkpt>
      <trkpt lat="51.494347" lon="-0.174178"><ele>6.5</ele></trkpt>
      <trkpt lat="51.494476" lon="-0.173393"><ele>7</ele></trkpt>
      <trkpt lat="51.494523" lon="-0.173398"><ele>7</ele></trkpt>
      <trkpt lat="51.494538" lon="-0.173314"><ele>6.75</ele></trkpt>
      <trkpt lat="51.494721" lon="-0.172281"><ele>6.75</ele></trkpt>
      <trkpt lat="51.494749" lon="-0.172137"><ele>7</ele></trkpt>
      <trkpt lat="51.494211" lon="-0.171824"><ele>3</ele></trkpt>
      <trkpt lat="51.4944" lon="-0.170848"><ele>6</ele></trkpt>
      <trkpt lat="51.494724" lon="-0.169166"><ele>6.75</ele></trkpt>
      <trkpt lat="51.494772" lon="-0.168874"><ele>6.75</ele></trkpt>
      <trkpt lat="51.494749" lon="-0.168865"><ele>7</ele></trkpt>
      <trkpt lat="51.494649" lon="-0.168848"><ele>7</ele></trkpt>
      <trkpt lat="51.494528" lon="-0.168812"><ele>6.75</ele></trkpt>
      <trkpt lat="51.494282" lon="-0.168837"><ele>7</ele></trkpt>
      <trkpt lat="51.493928" lon="-0.168938"><ele>6.25</ele></trkpt>
      <trkpt lat="51.493796" lon="-0.168996"><ele>5.75</ele></trkpt>
      <trkpt lat="51.493643" lon="-0.169049"><ele>6.5</ele></trkpt>
      <trkpt lat="51.493626" lon="-0.169036"><ele>6.75</ele></trkpt>
      <trkpt lat="51.493618" lon="-0.168982"><ele>6.75</ele></trkpt>
      <trkpt lat="51.493612" lon="-0.168938"><ele>6.75</ele></trkpt>
      <trkpt lat="51.49361" lon="-0.168919"><ele>6.75</ele></trkpt>
      <trkpt lat="51.493661" lon="-0.168903"><ele>6.75</ele></trkpt>
      <trkpt lat="51.493659" lon="-0.168886"><ele>7</ele></trkpt>
      <trkpt lat="51.493654" lon="-0.168852"><ele>7</ele></trkpt>
      <trkpt lat="51.493648" lon="-0.168809"><ele>7</ele></trkpt>
      <trkpt lat="51.493646" lon="-0.168794"><ele>7</ele></trkpt>
      <trkpt lat="51.493657" lon="-0.168786"><ele>7</ele></trkpt>
      <trkpt lat="51.493673" lon="-0.16874"><ele>6.75</ele></trkpt>
      <trkpt lat="51.49368" lon="-0.168722"><ele>7</ele></trkpt>
      <trkpt lat="51.49368" lon="-0.168667"><ele>7</ele></trkpt>
      <trkpt lat="51.493634" lon="-0.168266"><ele>6.75</ele></trkpt>
      <trkpt lat="51.493458" lon="-0.167589"><ele>6</ele></trkpt>
      <trkpt lat="51.49343" lon="-0.167547"><ele>6</ele></trkpt>
      <trkpt lat="51.493445" lon="-0.167521"><ele>6</ele></trkpt>
      <trkpt lat="51.493438" lon="-0.167494"><ele>6</ele></trkpt>
      <trkpt lat="51.493466" lon="-0.167475"><ele>6</ele></trkpt>
      <trkpt lat="51.493375" lon="-0.167134"><ele>6</ele></trkpt>
      <trkpt lat="51.493177" lon="-0.166507"><ele>6</ele></trkpt>
      <trkpt lat="51.493052" lon="-0.166143"><ele>6</ele></trkpt>
      <trkpt lat="51.492988" lon="-0.165956"><ele>6</ele></trkpt>
      <trkpt lat="51.492883" lon="-0.165701"><ele>6</ele></trkpt>
      <trkpt lat="51.492791" lon="-0.16548"><ele>6</ele></trkpt>
      <trkpt lat="51.492686" lon="-0.165222"><ele>5.75</ele></trkpt>
      <trkpt lat="51.492513" lon="-0.164806"><ele>5.75</ele></trkpt>
      <trkpt lat="51.492411" lon="-0.164558"><ele>5.5</ele></trkpt>
      <trkpt lat="51.492398" lon="-0.164529"><ele>5.5</ele></trkpt>
      <trkpt lat="51.492208" lon="-0.164098"><ele>5.75</ele></trkpt>
      <trkpt lat="51.492188" lon="-0.164061"><ele>5.75</ele></trkpt>
      <trkpt lat="51.492156" lon="-0.163991"><ele>5.75</ele></trkpt>
      <trkpt lat="51.492007" lon="-0.163666"><ele>5.75</ele></trkpt>
      <trkpt lat="51.49152" lon="-0.162554"><ele>5.5</ele></trkpt>
      <trkpt lat="51.491508" lon="-0.162526"><ele>5.5</ele></trkpt>
      <trkpt lat="51.491484" lon="-0.162471"><ele>5.5</ele></trkpt>
      <trkpt lat="51.491463" lon="-0.16242"><ele>5.75</ele></trkpt>
      <trkpt lat="51.491457" lon="-0.162406"><ele>5.75</ele></trkpt>
      <trkpt lat="51.491442" lon="-0.162371"><ele>5.75</ele></trkpt>
      <trkpt lat="51.491368" lon="-0.162189"><ele>6</ele></trkpt>
      <trkpt lat="51.491352" lon="-0.16215"><ele>6</ele></trkpt>
      <trkpt lat="51.491319" lon="-0.162091"><ele>6</ele></trkpt>
      <trkpt lat="51.491175" lon="-0.161868"><ele>6.5</ele></trkpt>
      <trkpt lat="51.491156" lon="-0.161838"><ele>6.5</ele></trkpt>
      <trkpt lat="51.491397" lon="-0.161433"><ele>7</ele></trkpt>
      <trkpt lat="51.49141" lon="-0.161411"><ele>7</ele></trkpt>
      <trkpt lat="51.491106" lon="-0.160939"><ele>7</ele></trkpt>
      <trkpt lat="51.491117" lon="-0.160919"><ele>6.75</ele></trkpt>
      <trkpt lat="51.491125" lon="-0.160904"><ele>6.75</ele></trkpt>
      <trkpt lat="51.491141" lon="-0.160841"><ele>6.75</ele></trkpt>
      <trkpt lat="51.491124" lon="-0.16082"><ele>7</ele></trkpt>
      <trkpt lat="51.491086" lon="-0.160772"><ele>7</ele></trkpt>
      <trkpt lat="51.491048" lon="-0.160724"><ele>7</ele></trkpt>
      <trkpt lat="51.491027" lon="-0.160698"><ele>7</ele></trkpt>
      <trkpt lat="51.491155" lon="-0.160454"><ele>7</ele></trkpt>
      <trkpt lat="51.491296" lon="-0.16014"><ele>7</ele></trkpt>
      <trkpt lat="51.491628" lon="-0.159448"><ele>7</ele></trkpt>
      <trkpt lat="51.491687" lon="-0.159321"><ele>7</ele></trkpt>
      <trkpt lat="51.491733" lon="-0.159282"><ele>7</ele></trkpt>
      <trkpt lat="51.491774" lon="-0.159247"><ele>7</ele></trkpt>
      <trkpt lat="51.492153" lon="-0.158429"><ele>7</ele></trkpt>
      <trkpt lat="51.492189" lon="-0.158339"><ele>7</ele></trkpt>
      <trkpt lat="51.4922" lon="-0.158272"><ele>6.75</ele></trkpt>
      <trkpt lat="51.492209" lon="-0.158188"><ele>6.75</ele></trkpt>
      <trkpt lat="51.492259" lon="-0.15768"><ele>6.5</ele></trkpt>
      <trkpt lat="51.492254" lon="-0.157655"><ele>6.5</ele></trkpt>
      <trkpt lat="51.492242" lon="-0.157634"><ele>6.5</ele></trkpt>
      <trkpt lat="51.492244" lon="-0.157611"><ele>6.25</ele></trkpt>
      <trkpt lat="51.492249" lon="-0.15756"><ele>6.25</ele></trkpt>
      <trkpt lat="51.492255" lon="-0.157508"><ele>6</ele></trkpt>
      <trkpt lat="51.492257" lon="-0.157491"><ele>6</ele></trkpt>
      <trkpt lat="51.492286" lon="-0.157476"><ele>6.25</ele></trkpt>
      <trkpt lat="51.492352" lon="-0.15689"><ele>6.25</ele></trkpt>
      <trkpt lat="51.492341" lon="-0.156835"><ele>6.25</ele></trkpt>
      <trkpt lat="51.492329" lon="-0.156771"><ele>6</ele></trkpt>
      <trkpt lat="51.492335" lon="-0.156705"><ele>6</ele></trkpt>
      <trkpt lat="51.492338" lon="-0.15668"><ele>6</ele></trkpt>
      <trkpt lat="51.492341" lon="-0.156655"><ele>6</ele></trkpt>
      <trkpt lat="51.492357" lon="-0.156585"><ele>6</ele></trkpt>
      <trkpt lat="51.492331" lon="-0.156584"><ele>6</ele></trkpt>
      <trkpt lat="51.492302" lon="-0.156569"><ele>6</ele></trkpt>
      <trkpt lat="51.49225" lon="-0.156457"><ele>6</ele></trkpt>
      <trkpt lat="51.492234" lon="-0.156404"><ele>2.75</ele></trkpt>
      <trkpt lat="51.49225" lon="-0.156457"><ele>6</ele></trkpt>
      <trkpt lat="51.492302" lon="-0.156569"><ele>6</ele></trkpt>
      <trkpt lat="51.492331" lon="-0.156584"><ele>6</ele></trkpt>
      <trkpt lat="51.492357" lon="-0.156585"><ele>6</ele></trkpt>
      <trkpt lat="51.492442" lon="-0.156601"><ele>6</ele></trkpt>
      <trkpt lat="51.492466" lon="-0.156609"><ele>6</ele></trkpt>
      <trkpt lat="51.492834" lon="-0.156709"><ele>6</ele></trkpt>
      <trkpt lat="51.492853" lon="-0.156706"><ele>6</ele></trkpt>
      <trkpt lat="51.492868" lon="-0.156688"><ele>5.75</ele></trkpt>
      <trkpt lat="51.492911" lon="-0.156558"><ele>6</ele></trkpt>
      <trkpt lat="51.492991" lon="-0.156294"><ele>5.5</ele></trkpt>
      <trkpt lat="51.493102" lon="-0.15597"><ele>5.5</ele></trkpt>
      <trkpt lat="51.493107" lon="-0.155942"><ele>5.5</ele></trkpt>
      <trkpt lat="51.493109" lon="-0.155929"><ele>5.5</ele></trkpt>
      <trkpt lat="51.493132" lon="-0.155887"><ele>5.75</ele></trkpt>
      <trkpt lat="51.493147" lon="-0.155859"><ele>5.75</ele></trkpt>
      <trkpt lat="51.493155" lon="-0.155842"><ele>5.75</ele></trkpt>
      <trkpt lat="51.493182" lon="-0.15582"><ele>5.75</ele></trkpt>
      <trkpt lat="51.493735" lon="-0.154932"><ele>5.75</ele></trkpt>
      <trkpt lat="51.49372" lon="-0.154886"><ele>5.75</ele></trkpt>
      <trkpt lat="51.493743" lon="-0.154884"><ele>5.75</ele></trkpt>
      <trkpt lat="51.493781" lon="-0.154835"><ele>6</ele></trkpt>
      <trkpt lat="51.493828" lon="-0.154783"><ele>6</ele></trkpt>
      <trkpt lat="51.493833" lon="-0.154767"><ele>6</ele></trkpt>
      <trkpt lat="51.493848" lon="-0.15476"><ele>6</ele></trkpt>
      <trkpt lat="51.494173" lon="-0.154233"><ele>5.5</ele></trkpt>
      <trkpt lat="51.494216" lon="-0.154166"><ele>5.25</ele></trkpt>
      <trkpt lat="51.494252" lon="-0.154119"><ele>5.5</ele></trkpt>
      <trkpt lat="51.494259" lon="-0.154091"><ele>5.75</ele></trkpt>
      <trkpt lat="51.494264" lon="-0.154092"><ele>5.75</ele></trkpt>
      <trkpt lat="51.494293" lon="-0.154032"><ele>6</ele></trkpt>
      <trkpt lat="51.494271" lon="-0.153995"><ele>6</ele></trkpt>
      <trkpt lat="51.494238" lon="-0.153943"><ele>6</ele></trkpt>
      <trkpt lat="51.494058" lon="-0.153652"><ele>6.25</ele></trkpt>
      <trkpt lat="51.494087" lon="-0.153608"><ele>6.5</ele></trkpt>
      <trkpt lat="51.494682" lon="-0.152644"><ele>6.5</ele></trkpt>
      <trkpt lat="51.494693" lon="-0.152627"><ele>6.75</ele></trkpt>
      <trkpt lat="51.494697" lon="-0.152621"><ele>6.75</ele></trkpt>
      <trkpt lat="51.494729" lon="-0.152569"><ele>7</ele></trkpt>
      <trkpt lat="51.494767" lon="-0.152508"><ele>7</ele></trkpt>
      <trkpt lat="51.49478" lon="-0.152487"><ele>6.75</ele></trkpt>
      <trkpt lat="51.496077" lon="-0.150409"><ele>6.75</ele></trkpt>
      <trkpt lat="51.496103" lon="-0.150366"><ele>6.75</ele></trkpt>
      <trkpt lat="51.496157" lon="-0.150283"><ele>7</ele></trkpt>
      <trkpt lat="51.497049" lon="-0.148874"><ele>6.25</ele></trkpt>
      <trkpt lat="51.497097" lon="-0.148799"><ele>6.5</ele></trkpt>
      <trkpt lat="51.496617" lon="-0.148026"><ele>6.75</ele></trkpt>
      <trkpt lat="51.496371" lon="-0.147626"><ele>6.75</ele></trkpt>
      <trkpt lat="51.496146" lon="-0.147289"><ele>7</ele></trkpt>
      <trkpt lat="51.49607" lon="-0.147159"><ele>6.75</ele></trkpt>
      <trkpt lat="51.496056" lon="-0.147061"><ele>6.5</ele></trkpt>
      <trkpt lat="51.495874" lon="-0.146417"><ele>6</ele></trkpt>
      <trkpt lat="51.495673" lon="-0.145735"><ele>5.25</ele></trkpt>
      <trkpt lat="51.495722" lon="-0.145692"><ele>5.25</ele></trkpt>
      <trkpt lat="51.495734" lon="-0.145673"><ele>5.25</ele></trkpt>
      <trkpt lat="51.495865" lon="-0.145576"><ele>5</ele></trkpt>
      <trkpt lat="51.495885" lon="-0.145589"><ele>5</ele></trkpt>
      <trkpt lat="51.495942" lon="-0.145548"><ele>5</ele></trkpt>
      <trkpt lat="51.495994" lon="-0.145581"><ele>5</ele></trkpt>
      <trkpt lat="51.496006" lon="-0.145532"><ele>5</ele></trkpt>
      <trkpt lat="51.49602" lon="-0.145477"><ele>5</ele></trkpt>
      <trkpt lat="51.496033" lon="-0.145451"><ele>5</ele></trkpt>
      <trkpt lat="51.496049" lon="-0.145428"><ele>5</ele></trkpt>
      <trkpt lat="51.496104" lon="-0.145384"><ele>5</ele></trkpt>
      <trkpt lat="51.496099" lon="-0.14536"><ele>5</ele></trkpt>
      <trkpt lat="51.496094" lon="-0.145338"><ele>5</ele></trkpt>
      <trkpt lat="51.496088" lon="-0.145315"><ele>5</ele></trkpt>
      <trkpt lat="51.496084" lon="-0.145303"><ele>5</ele></trkpt>
      <trkpt lat="51.496071" lon="-0.145243"><ele>4.75</ele></trkpt>
      <trkpt lat="51.496056" lon="-0.145182"><ele>4.75</ele></trkpt>
      <trkpt lat="51.496049" lon="-0.145155"><ele>4.75</ele></trkpt>
      <trkpt lat="51.496066" lon="-0.145099"><ele>4.75</ele></trkpt>
      <trkpt lat="51.495983" lon="-0.144704"><ele>4</ele></trkpt>
      <trkpt lat="51.495969" lon="-0.144644"><ele>4</ele></trkpt>
      <trkpt lat="51.495994" lon="-0.144599"><ele>4</ele></trkpt>
      <trkpt lat="51.496036" lon="-0.144538"><ele>4</ele></trkpt>
      <trkpt lat="51.496052" lon="-0.144518"><ele>4</ele></trkpt>
      <trkpt lat="51.496016" lon="-0.14368"><ele>4</ele></trkpt>
      <trkpt lat="51.496043" lon="-0.14362"><ele>4</ele></trkpt>
      <trkpt lat="51.496066" lon="-0.143569"><ele>4</ele></trkpt>
      <trkpt lat="51.496091" lon="-0.143512"><ele>4</ele></trkpt>
      <trkpt lat="51.496117" lon="-0.143457"><ele>4</ele></trkpt>
      <trkpt lat="51.49615" lon="-0.143396"><ele>4</ele></trkpt>
      <trkpt lat="51.496175" lon="-0.143363"><ele>4</ele></trkpt>
      <trkpt lat="51.496202" lon="-0.143328"><ele>4</ele></trkpt>
      <trkpt lat="51.496222" lon="-0.143316"><ele>4</ele></trkpt>
      <trkpt lat="51.496371" lon="-0.143128"><ele>4</ele></trkpt>
      <trkpt lat="51.496379" lon="-0.143117"><ele>4</ele></trkpt>
      <trkpt lat="51.496397" lon="-0.143065"><ele>4</ele></trkpt>
      <trkpt lat="51.496454" lon="-0.143023"><ele>4</ele></trkpt>
      <trkpt lat="51.496453" lon="-0.142979"><ele>4</ele></trkpt>
      <trkpt lat="51.496451" lon="-0.142911"><ele>4.25</ele></trkpt>
      <trkpt lat="51.496448" lon="-0.142835"><ele>4.5</ele></trkpt>
      <trkpt lat="51.496443" lon="-0.142737"><ele>4.75</ele></trkpt>
      <trkpt lat="51.496416" lon="-0.142719"><ele>4.75</ele></trkpt>
      <trkpt lat="51.496402" lon="-0.14261"><ele>4.75</ele></trkpt>
      <trkpt lat="51.496391" lon="-0.14253"><ele>4.75</ele></trkpt>
      <trkpt lat="51.496374" lon="-0.142423"><ele>4.75</ele></trkpt>
      <trkpt lat="51.496434" lon="-0.142338"><ele>4.75</ele></trkpt>
      <trkpt lat="51.496474" lon="-0.142165"><ele>4.75</ele></trkpt>
      <trkpt lat="51.496496" lon="-0.141963"><ele>5</ele></trkpt>
      <trkpt lat="51.4965" lon="-0.14192"><ele>5</ele></trkpt>
      <trkpt lat="51.496504" lon="-0.141872"><ele>5</ele></trkpt>
      <trkpt lat="51.496541" lon="-0.141672"><ele>5</ele></trkpt>
      <trkpt lat="51.496579" lon="-0.141685"><ele>5</ele></trkpt>
      <trkpt lat="51.496619" lon="-0.141698"><ele>5</ele></trkpt>
      <trkpt lat="51.496648" lon="-0.141708"><ele>5</ele></trkpt>
      <trkpt lat="51.496659" lon="-0.141629"><ele>5</ele></trkpt>
      <trkpt lat="51.496685" lon="-0.141599"><ele>5</ele></trkpt>
      <trkpt lat="51.496714" lon="-0.141562"><ele>5</ele></trkpt>
      <trkpt lat="51.496726" lon="-0.141551"><ele>5</ele></trkpt>
      <trkpt lat="51.496921" lon="-0.141369"><ele>5</ele></trkpt>
      <trkpt lat="51.496968" lon="-0.141329"><ele>5</ele></trkpt>
      <trkpt lat="51.497364" lon="-0.141022"><ele>5</ele></trkpt>
      <trkpt lat="51.497507" lon="-0.140839"><ele>4.75</ele></trkpt>
      <trkpt lat="51.497638" lon="-0.140625"><ele>5</ele></trkpt>
      <trkpt lat="51.497751" lon="-0.140286"><ele>5</ele></trkpt>
      <trkpt lat="51.497765" lon="-0.140215"><ele>5</ele></trkpt>
      <trkpt lat="51.49781" lon="-0.13999"><ele>4.75</ele></trkpt>
      <trkpt lat="51.497837" lon="-0.139762"><ele>4.75</ele></trkpt>
      <trkpt lat="51.497854" lon="-0.139622"><ele>4.5</ele></trkpt>
      <trkpt lat="51.497954" lon="-0.139695"><ele>4.25</ele></trkpt>
      <trkpt lat="51.49811" lon="-0.139861"><ele>4.25</ele></trkpt>
      <trkpt lat="51.498141" lon="-0.139791"><ele>3.75</ele></trkpt>
      <trkpt lat="51.498405" lon="-0.139209"><ele>4</ele></trkpt>
      <trkpt lat="51.498722" lon="-0.138582"><ele>3.5</ele></trkpt>
      <trkpt lat="51.498832" lon="-0.138416"><ele>3</ele></trkpt>
      <trkpt lat="51.49905" lon="-0.138169"><ele>3.25</ele></trkpt>
      <trkpt lat="51.499081" lon="-0.138134"><ele>3.25</ele></trkpt>
      <trkpt lat="51.499121" lon="-0.138042"><ele>3</ele></trkpt>
      <trkpt lat="51.499114" lon="-0.138016"><ele>3.25</ele></trkpt>
      <trkpt lat="51.499108" lon="-0.137959"><ele>3.25</ele></trkpt>
      <trkpt lat="51.499097" lon="-0.137907"><ele>3.5</ele></trkpt>
      <trkpt lat="51.499121" lon="-0.137867"><ele>3.5</ele></trkpt>
      <trkpt lat="51.499144" lon="-0.137785"><ele>3.75</ele></trkpt>
      <trkpt lat="51.499211" lon="-0.137244"><ele>3</ele></trkpt>
      <trkpt lat="51.499229" lon="-0.137191"><ele>3.25</ele></trkpt>
      <trkpt lat="51.499246" lon="-0.137073"><ele>3.5</ele></trkpt>
      <trkpt lat="51.499273" lon="-0.136887"><ele>3.75</ele></trkpt>
      <trkpt lat="51.499272" lon="-0.136822"><ele>4</ele></trkpt>
      <trkpt lat="51.499304" lon="-0.136674"><ele>4</ele></trkpt>
      <trkpt lat="51.499323" lon="-0.136585"><ele>3.75</ele></trkpt>
      <trkpt lat="51.49937" lon="-0.13637"><ele>3.5</ele></trkpt>
      <trkpt lat="51.499576" lon="-0.135639"><ele>4</ele></trkpt>
      <trkpt lat="51.499583" lon="-0.135565"><ele>4</ele></trkpt>
      <trkpt lat="51.499591" lon="-0.135513"><ele>4</ele></trkpt>
      <trkpt lat="51.499607" lon="-0.135393"><ele>4</ele></trkpt>
      <trkpt lat="51.499633" lon="-0.135199"><ele>4</ele></trkpt>
      <trkpt lat="51.499642" lon="-0.135051"><ele>3.5</ele></trkpt>
      <trkpt lat="51.499673" lon="-0.134275"><ele>4</ele></trkpt>
      <trkpt lat="51.499684" lon="-0.134088"><ele>4</ele></trkpt>
      <trkpt lat="51.49963" lon="-0.134079"><ele>4</ele></trkpt>
      <trkpt lat="51.499627" lon="-0.134079"><ele>4</ele></trkpt>
      <trkpt lat="51.499619" lon="-0.134077"><ele>4</ele></trkpt>
      <trkpt lat="51.499626" lon="-0.133951"><ele>4</ele></trkpt>
      <trkpt lat="51.499611" lon="-0.133942"><ele>4</ele></trkpt>
      <trkpt lat="51.49941" lon="-0.133743"><ele>4</ele></trkpt>
      <trkpt lat="51.499489" lon="-0.133552"><ele>4</ele></trkpt>
      <trkpt lat="51.499603" lon="-0.133278"><ele>4</ele></trkpt>
      <trkpt lat="51.499606" lon="-0.133196"><ele>4</ele></trkpt>
      <trkpt lat="51.499609" lon="-0.133126"><ele>4</ele></trkpt>
      <trkpt lat="51.499606" lon="-0.132979"><ele>3.75</ele></trkpt>
      <trkpt lat="51.499603" lon="-0.132868"><ele>3.5</ele></trkpt>
      <trkpt lat="51.499592" lon="-0.132747"><ele>3.25</ele></trkpt>
      <trkpt lat="51.499639" lon="-0.132668"><ele>3.25</ele></trkpt>
      <trkpt lat="51.499643" lon="-0.132262"><ele>3</ele></trkpt>
      <trkpt lat="51.499639" lon="-0.131987"><ele>3</ele></trkpt>
      <trkpt lat="51.49963" lon="-0.131983"><ele>3</ele></trkpt>
      <trkpt lat="51.499636" lon="-0.131963"><ele>3</ele></trkpt>
      <trkpt lat="51.499638" lon="-0.131935"><ele>2.75</ele></trkpt>
      <trkpt lat="51.499635" lon="-0.131935"><ele>2.75</ele></trkpt>
      <trkpt lat="51.499639" lon="-0.131906"><ele>2.75</ele></trkpt>
      <trkpt lat="51.499643" lon="-0.131876"><ele>2.75</ele></trkpt>
      <trkpt lat="51.499641" lon="-0.130758"><ele>3.25</ele></trkpt>
      <trkpt lat="51.499639" lon="-0.13068"><ele>3.5</ele></trkpt>
      <trkpt lat="51.499629" lon="-0.130137"><ele>4.25</ele></trkpt>
      <trkpt lat="51.499592" lon="-0.129688"><ele>4</ele></trkpt>
      <trkpt lat="51.499563" lon="-0.129573"><ele>3.75</ele></trkpt>
      <trkpt lat="51.499596" lon="-0.129484"><ele>4</ele></trkpt>
      <trkpt lat="51.499605" lon="-0.129462"><ele>4</ele></trkpt>
      <trkpt lat="51.499613" lon="-0.129442"><ele>4</ele></trkpt>
      <trkpt lat="51.499647" lon="-0.129368"><ele>4</ele></trkpt>
      <trkpt lat="51.499669" lon="-0.129327"><ele>4.25</ele></trkpt>
      <trkpt lat="51.499732" lon="-0.129212"><ele>4.75</ele></trkpt>
      <trkpt lat="51.49994" lon="-0.128683"><ele>4.75</ele></trkpt>
      <trkpt lat="51.50004" lon="-0.128427"><ele>4.75</ele></trkpt>
      <trkpt lat="51.500053" lon="-0.128391"><ele>4.5</ele></trkpt>
      <trkpt lat="51.500078" lon="-0.128326"><ele>4.25</ele></trkpt>
      <trkpt lat="51.500104" lon="-0.128248"><ele>4.25</ele></trkpt>
      <trkpt lat="51.500113" lon="-0.128219"><ele>4</ele></trkpt>
      <trkpt lat="51.500136" lon="-0.128153"><ele>4</ele></trkpt>
      <trkpt lat="51.500184" lon="-0.127912"><ele>4</ele></trkpt>
      <trkpt lat="51.500216" lon="-0.127807"><ele>4</ele></trkpt>
      <trkpt lat="51.500225" lon="-0.127777"><ele>4</ele></trkpt>
      <trkpt lat="51.500251" lon="-0.127744"><ele>4</ele></trkpt>
      <trkpt lat="51.500293" lon="-0.127688"><ele>4.25</ele></trkpt>
      <trkpt lat="51.500333" lon="-0.127678"><ele>4.25</ele></trkpt>
      <trkpt lat="51.500298" lon="-0.127637"><ele>4.5</ele></trkpt>
      <trkpt lat="51.500288" lon="-0.127606"><ele>4.5</ele></trkpt>
      <trkpt lat="51.500273" lon="-0.127567"><ele>4.75</ele></trkpt>
      <trkpt lat="51.500213" lon="-0.127459"><ele>5</ele></trkpt>
      <trkpt lat="51.500236" lon="-0.127425"><ele>5</ele></trkpt>
      <trkpt lat="51.500281" lon="-0.127366"><ele>5</ele></trkpt>
      <trkpt lat="51.500329" lon="-0.127314"><ele>5</ele></trkpt>
      <trkpt lat="51.500341" lon="-0.127303"><ele>5</ele></trkpt>
      <trkpt lat="51.500351" lon="-0.127296"><ele>5</ele></trkpt>
      <trkpt lat="51.500345" lon="-0.127202"><ele>5</ele></trkpt>
      <trkpt lat="51.5003" lon="-0.126423"><ele>5</ele></trkpt>
      <trkpt lat="51.500301" lon="-0.126391"><ele>5</ele></trkpt>
      <trkpt lat="51.50031" lon="-0.126362"><ele>5</ele></trkpt>
      <trkpt lat="51.500326" lon="-0.126336"><ele>5</ele></trkpt>
      <trkpt lat="51.500344" lon="-0.126325"><ele>5</ele></trkpt>
      <trkpt lat="51.50074" lon="-0.126266"><ele>5</ele></trkpt>
      <trkpt lat="51.500738" lon="-0.126243"><ele>5</ele></trkpt>
      <trkpt lat="51.500737" lon="-0.12615"><ele>5</ele></trkpt>
      <trkpt lat="51.500736" lon="-0.12605"><ele>5</ele></trkpt>
      <trkpt lat="51.500739" lon="-0.125977"><ele>5.25</ele></trkpt>
      <trkpt lat="51.500788" lon="-0.125974"><ele>5.25</ele></trkpt>
      <trkpt lat="51.500869" lon="-0.12585"><ele>5.75</ele></trkpt>
      <trkpt lat="51.500893" lon="-0.12586"><ele>5.75</ele></trkpt>
      <trkpt lat="51.500912" lon="-0.12586"><ele>5.75</ele></trkpt>
      <trkpt lat="51.500995" lon="-0.125851"><ele>5.75</ele></trkpt>
      <trkpt lat="51.501062" lon="-0.125844"><ele>5.75</ele></trkpt>
      <trkpt lat="51.501071" lon="-0.125843"><ele>5.75</ele></trkpt>
      <trkpt lat="51.501085" lon="-0.12584"><ele>5.75</ele></trkpt>
      <trkpt lat="51.501081" lon="-0.125523"><ele>5.75</ele></trkpt>
      <trkpt lat="51.501078" lon="-0.125484"><ele>5.75</ele></trkpt>
      <trkpt lat="51.501077" lon="-0.125457"><ele>5.75</ele></trkpt>
      <trkpt lat="51.501059" lon="-0.124928"><ele>6.75</ele></trkpt>
      <trkpt lat="51.501057" lon="-0.124887"><ele>6.75</ele></trkpt>
      <trkpt lat="51.501062" lon="-0.124886"><ele>6.75</ele></trkpt>
      <trkpt lat="51.501079" lon="-0.124885"><ele>6.75</ele></trkpt>
      <trkpt lat="51.501164" lon="-0.124876"><ele>7</ele></trkpt>
      <trkpt lat="51.501206" lon="-0.124875"><ele>7</ele></trkpt>
      <trkpt lat="51.501226" lon="-0.124842"><ele>7</ele></trkpt>
      <trkpt lat="51.501246" lon="-0.124808"><ele>7.25</ele></trkpt>
      <trkpt lat="51.501261" lon="-0.124784"><ele>7.25</ele></trkpt>
      <trkpt lat="51.501346" lon="-0.124787"><ele>7.5</ele></trkpt>
      <trkpt lat="51.501331" lon="-0.124787"><ele>7.5</ele></trkpt>
      <trkpt lat="51.501333" lon="-0.124838"><ele>7.25</ele></trkpt>
      <trkpt lat="51.501319" lon="-0.124862"><ele>7.25</ele></trkpt>
      <trkpt lat="51.501333" lon="-0.124838"><ele>7.25</ele></trkpt>
      <trkpt lat="51.501331" lon="-0.124787"><ele>7.5</ele></trkpt>
      <trkpt lat="51.501346" lon="-0.124787"><ele>7.5</ele></trkpt>
      <trkpt lat="51.501261" lon="-0.124784"><ele>7.25</ele></trkpt>
      <trkpt lat="51.501246" lon="-0.124808"><ele>7.25</ele></trkpt>
      <trkpt lat="51.501226" lon="-0.124842"><ele>7</ele></trkpt>
      <trkpt lat="51.501206" lon="-0.124875"><ele>7</ele></trkpt>
      <trkpt lat="51.501164" lon="-0.124876"><ele>7</ele></trkpt>
      <trkpt lat="51.50117" lon="-0.124398"><ele>7.75</ele></trkpt>
      <trkpt lat="51.501169" lon="-0.124341"><ele>7.75</ele></trkpt>
      <trkpt lat="51.501161" lon="-0.12433"><ele>7.75</ele></trkpt>
      <trkpt lat="51.501153" lon="-0.12382"><ele>7</ele></trkpt>
      <trkpt lat="51.501113" lon="-0.123821"><ele>7.25</ele></trkpt>
      <trkpt lat="51.501112" lon="-0.123788"><ele>6.75</ele></trkpt>
      <trkpt lat="51.501154" lon="-0.123787"><ele>6.5</ele></trkpt>
      <trkpt lat="51.501156" lon="-0.123841"><ele>7.25</ele></trkpt>
      <trkpt lat="51.501444" lon="-0.123805"><ele>6</ele></trkpt>
      <trkpt lat="51.501981" lon="-0.123717"><ele>5.25</ele></trkpt>
      <trkpt lat="51.502827" lon="-0.123481"><ele>4.5</ele></trkpt>
      <trkpt lat="51.503299" lon="-0.12334"><ele>4</ele></trkpt>
      <trkpt lat="51.504441" lon="-0.12305"><ele>3.75</ele></trkpt>
      <trkpt lat="51.50448" lon="-0.123037"><ele>3.75</ele></trkpt>
      <trkpt lat="51.504561" lon="-0.123025"><ele>3.75</ele></trkpt>
      <trkpt lat="51.504654" lon="-0.122997"><ele>3.75</ele></trkpt>
      <trkpt lat="51.504846" lon="-0.122941"><ele>3.75</ele></trkpt>
      <trkpt lat="51.506046" lon="-0.122467"><ele>3.5</ele></trkpt>
      <trkpt lat="51.50625" lon="-0.12234"><ele>3.75</ele></trkpt>
      <trkpt lat="51.506265" lon="-0.12233"><ele>3.75</ele></trkpt>
      <trkpt lat="51.506276" lon="-0.122368"><ele>4</ele></trkpt>
      <trkpt lat="51.506285" lon="-0.122399"><ele>4.25</ele></trkpt>
      <trkpt lat="51.506291" lon="-0.122418"><ele>4.25</ele></trkpt>
      <trkpt lat="51.506294" lon="-0.122426"><ele>4.25</ele></trkpt>
      <trkpt lat="51.506367" lon="-0.12238"><ele>4.25</ele></trkpt>
      <trkpt lat="51.506373" lon="-0.122399"><ele>4.5</ele></trkpt>
      <trkpt lat="51.506393" lon="-0.12248"><ele>4.75</ele></trkpt>
      <trkpt lat="51.506408" lon="-0.122538"><ele>5</ele></trkpt>
      <trkpt lat="51.506431" lon="-0.122568"><ele>5</ele></trkpt>
      <trkpt lat="51.506433" lon="-0.122615"><ele>5</ele></trkpt>
      <trkpt lat="51.506425" lon="-0.122647"><ele>5</ele></trkpt>
      <trkpt lat="51.506418" lon="-0.122683"><ele>5</ele></trkpt>
      <trkpt lat="51.506415" lon="-0.1227"><ele>4.75</ele></trkpt>
      <trkpt lat="51.506478" lon="-0.122786"><ele>5</ele></trkpt>
      <trkpt lat="51.506536" lon="-0.122941"><ele>5</ele></trkpt>
      <trkpt lat="51.506568" lon="-0.123064"><ele>5</ele></trkpt>
      <trkpt lat="51.506584" lon="-0.123249"><ele>5</ele></trkpt>
      <trkpt lat="51.506547" lon="-0.123264"><ele>5</ele></trkpt>
      <trkpt lat="51.506532" lon="-0.123173"><ele>5</ele></trkpt>
      <trkpt lat="51.506706" lon="-0.1231"><ele>5</ele></trkpt>
      <trkpt lat="51.506778" lon="-0.12307"><ele>5</ele></trkpt>
      <trkpt lat="51.507102" lon="-0.122811"><ele>5</ele></trkpt>
      <trkpt lat="51.506778" lon="-0.12307"><ele>5</ele></trkpt>
      <trkpt lat="51.506706" lon="-0.1231"><ele>5</ele></trkpt>
      <trkpt lat="51.506532" lon="-0.123173"><ele>5</ele></trkpt>
      <trkpt lat="51.506547" lon="-0.123264"><ele>5</ele></trkpt>
      <trkpt lat="51.506584" lon="-0.123249"><ele>5</ele></trkpt>
      <trkpt lat="51.506568" lon="-0.123064"><ele>5</ele></trkpt>
      <trkpt lat="51.506536" lon="-0.122941"><ele>5</ele></trkpt>
      <trkpt lat="51.506478" lon="-0.122786"><ele>5</ele></trkpt>
      <trkpt lat="51.506415" lon="-0.1227"><ele>4.75</ele></trkpt>
      <trkpt lat="51.506418" lon="-0.122683"><ele>5</ele></trkpt>
      <trkpt lat="51.506425" lon="-0.122647"><ele>5</ele></trkpt>
      <trkpt lat="51.506433" lon="-0.122615"><ele>5</ele></trkpt>
      <trkpt lat="51.506431" lon="-0.122568"><ele>5</ele></trkpt>
      <trkpt lat="51.506462" lon="-0.122556"><ele>5</ele></trkpt>
      <trkpt lat="51.506489" lon="-0.122537"><ele>5</ele></trkpt>
      <trkpt lat="51.506527" lon="-0.122516"><ele>5</ele></trkpt>
      <trkpt lat="51.506534" lon="-0.12251"><ele>5</ele></trkpt>
      <trkpt lat="51.506541" lon="-0.122504"><ele>5</ele></trkpt>
      <trkpt lat="51.506565" lon="-0.122496"><ele>4.75</ele></trkpt>
      <trkpt lat="51.506606" lon="-0.122479"><ele>4.75</ele></trkpt>
      <trkpt lat="51.506631" lon="-0.122466"><ele>4.75</ele></trkpt>
      <trkpt lat="51.506683" lon="-0.122412"><ele>4.5</ele></trkpt>
      <trkpt lat="51.507165" lon="-0.122031"><ele>4</ele></trkpt>
      <trkpt lat="51.50722" lon="-0.121984"><ele>4</ele></trkpt>
      <trkpt lat="51.507189" lon="-0.121884"><ele>3.75</ele></trkpt>
      <trkpt lat="51.507158" lon="-0.121772"><ele>3.75</ele></trkpt>
      <trkpt lat="51.507233" lon="-0.121709"><ele>4</ele></trkpt>
      <trkpt lat="51.50722" lon="-0.121671"><ele>3.75</ele></trkpt>
      <trkpt lat="51.507198" lon="-0.1216"><ele>3.5</ele></trkpt>
      <trkpt lat="51.507934" lon="-0.121048"><ele>3.75</ele></trkpt>
      <trkpt lat="51.508249" lon="-0.120754"><ele>3.75</ele></trkpt>
      <trkpt lat="51.50852" lon="-0.120429"><ele>4</ele></trkpt>
      <trkpt lat="51.508582" lon="-0.120351"><ele>4.5</ele></trkpt>
      <trkpt lat="51.508704" lon="-0.120198"><ele>4.25</ele></trkpt>
      <trkpt lat="51.508955" lon="-0.119818"><ele>4.5</ele></trkpt>
      <trkpt lat="51.509061" lon="-0.119648"><ele>4.25</ele></trkpt>
      <trkpt lat="51.509372" lon="-0.119078"><ele>4</ele></trkpt>
      <trkpt lat="51.509465" lon="-0.11888"><ele>4</ele></trkpt>
      <trkpt lat="51.509551" lon="-0.118673"><ele>4.25</ele></trkpt>
      <trkpt lat="51.509716" lon="-0.118223"><ele>4.5</ele></trkpt>
      <trkpt lat="51.50987" lon="-0.117772"><ele>4.5</ele></trkpt>
      <trkpt lat="51.509983" lon="-0.117404"><ele>4.5</ele></trkpt>
      <trkpt lat="51.509993" lon="-0.117373"><ele>4.5</ele></trkpt>
      <trkpt lat="51.510256" lon="-0.116482"><ele>4</ele></trkpt>
      <trkpt lat="51.510464" lon="-0.115469"><ele>4</ele></trkpt>
      <trkpt lat="51.510482" lon="-0.11548"><ele>4.25</ele></trkpt>
      <trkpt lat="51.510501" lon="-0.115488"><ele>4.25</ele></trkpt>
      <trkpt lat="51.51051" lon="-0.115492"><ele>4.25</ele></trkpt>
      <trkpt lat="51.510515" lon="-0.115494"><ele>4.5</ele></trkpt>
      <trkpt lat="51.510537" lon="-0.115383"><ele>4.25</ele></trkpt>
      <trkpt lat="51.510554" lon="-0.11539"><ele>4.25</ele></trkpt>
      <trkpt lat="51.510586" lon="-0.115406"><ele>4.25</ele></trkpt>
      <trkpt lat="51.510606" lon="-0.115415"><ele>4.25</ele></trkpt>
      <trkpt lat="51.510631" lon="-0.115428"><ele>4.5</ele></trkpt>
      <trkpt lat="51.510647" lon="-0.115435"><ele>4.5</ele></trkpt>
      <trkpt lat="51.510663" lon="-0.115442"><ele>4.5</ele></trkpt>
      <trkpt lat="51.510683" lon="-0.115452"><ele>4.5</ele></trkpt>
      <trkpt lat="51.510712" lon="-0.115394"><ele>4.5</ele></trkpt>
      <trkpt lat="51.510714" lon="-0.115381"><ele>4.5</ele></trkpt>
      <trkpt lat="51.510728" lon="-0.115309"><ele>4.5</ele></trkpt>
      <trkpt lat="51.510734" lon="-0.115275"><ele>4.5</ele></trkpt>
      <trkpt lat="51.510739" lon="-0.115248"><ele>4.5</ele></trkpt>
      <trkpt lat="51.510765" lon="-0.115282"><ele>4.5</ele></trkpt>
      <trkpt lat="51.510809" lon="-0.115289"><ele>4.75</ele></trkpt>
      <trkpt lat="51.510854" lon="-0.115273"><ele>5</ele></trkpt>
      <trkpt lat="51.510878" lon="-0.115238"><ele>5</ele></trkpt>
      <trkpt lat="51.510897" lon="-0.115191"><ele>5</ele></trkpt>
      <trkpt lat="51.510988" lon="-0.114811"><ele>5.5</ele></trkpt>
      <trkpt lat="51.510977" lon="-0.114805"><ele>5.5</ele></trkpt>
      <trkpt lat="51.511083" lon="-0.114304"><ele>5.5</ele></trkpt>
      <trkpt lat="51.511199" lon="-0.113757"><ele>5.5</ele></trkpt>
      <trkpt lat="51.511212" lon="-0.113696"><ele>5.5</ele></trkpt>
      <trkpt lat="51.511117" lon="-0.113645"><ele>5</ele></trkpt>
      <trkpt lat="51.51113" lon="-0.113558"><ele>5</ele></trkpt>
      <trkpt lat="51.511017" lon="-0.113505"><ele>5</ele></trkpt>
      <trkpt lat="51.510991" lon="-0.113492"><ele>5</ele></trkpt>
      <trkpt lat="51.510993" lon="-0.113473"><ele>5</ele></trkpt>
      <trkpt lat="51.511096" lon="-0.112243"><ele>4.75</ele></trkpt>
      <trkpt lat="51.511115" lon="-0.112156"><ele>4.75</ele></trkpt>
      <trkpt lat="51.511119" lon="-0.112117"><ele>4.75</ele></trkpt>
      <trkpt lat="51.511123" lon="-0.112035"><ele>4.75</ele></trkpt>
      <trkpt lat="51.511127" lon="-0.111958"><ele>4.75</ele></trkpt>
      <trkpt lat="51.511132" lon="-0.111889"><ele>4.75</ele></trkpt>
      <trkpt lat="51.511129" lon="-0.111547"><ele>5</ele></trkpt>
      <trkpt lat="51.511141" lon="-0.110719"><ele>4</ele></trkpt>
      <trkpt lat="51.511139" lon="-0.108498"><ele>4.25</ele></trkpt>
      <trkpt lat="51.511151" lon="-0.108069"><ele>4.75</ele></trkpt>
      <trkpt lat="51.511174" lon="-0.108035"><ele>4.75</ele></trkpt>
      <trkpt lat="51.511174" lon="-0.107994"><ele>4.75</ele></trkpt>
      <trkpt lat="51.511174" lon="-0.107942"><ele>4.75</ele></trkpt>
      <trkpt lat="51.511178" lon="-0.107908"><ele>4.75</ele></trkpt>
      <trkpt lat="51.511189" lon="-0.107811"><ele>4.75</ele></trkpt>
      <trkpt lat="51.511188" lon="-0.106961"><ele>5</ele></trkpt>
      <trkpt lat="51.51119" lon="-0.106923"><ele>5</ele></trkpt>
      <trkpt lat="51.511189" lon="-0.10689"><ele>5</ele></trkpt>
      <trkpt lat="51.511189" lon="-0.106866"><ele>5</ele></trkpt>
      <trkpt lat="51.511189" lon="-0.106838"><ele>5</ele></trkpt>
      <trkpt lat="51.511184" lon="-0.106354"><ele>4.75</ele></trkpt>
      <trkpt lat="51.511183" lon="-0.106309"><ele>5</ele></trkpt>
      <trkpt lat="51.51119" lon="-0.106304"><ele>5</ele></trkpt>
      <trkpt lat="51.51119" lon="-0.106257"><ele>5.25</ele></trkpt>
      <trkpt lat="51.51119" lon="-0.106193"><ele>5.5</ele></trkpt>
      <trkpt lat="51.511181" lon="-0.10618"><ele>5.5</ele></trkpt>
      <trkpt lat="51.511181" lon="-0.106168"><ele>5.5</ele></trkpt>
      <trkpt lat="51.511178" lon="-0.105957"><ele>6</ele></trkpt>
      <trkpt lat="51.511183" lon="-0.105678"><ele>6.25</ele></trkpt>
      <trkpt lat="51.511209" lon="-0.105547"><ele>6.5</ele></trkpt>
      <trkpt lat="51.511217" lon="-0.105509"><ele>6.75</ele></trkpt>
      <trkpt lat="51.511224" lon="-0.105475"><ele>6.75</ele></trkpt>
      <trkpt lat="51.511258" lon="-0.10532"><ele>7</ele></trkpt>
      <trkpt lat="51.511328" lon="-0.105112"><ele>7.5</ele></trkpt>
      <trkpt lat="51.511445" lon="-0.104878"><ele>7.75</ele></trkpt>
      <trkpt lat="51.511544" lon="-0.104722"><ele>8</ele></trkpt>
      <trkpt lat="51.511587" lon="-0.104656"><ele>8</ele></trkpt>
      <trkpt lat="51.511765" lon="-0.104471"><ele>7.5</ele></trkpt>
      <trkpt lat="51.511746" lon="-0.104423"><ele>7.5</ele></trkpt>
      <trkpt lat="51.511736" lon="-0.104401"><ele>7.75</ele></trkpt>
      <trkpt lat="51.511726" lon="-0.104378"><ele>7.75</ele></trkpt>
      <trkpt lat="51.511711" lon="-0.104348"><ele>7.75</ele></trkpt>
      <trkpt lat="51.511687" lon="-0.104304"><ele>7.75</ele></trkpt>
      <trkpt lat="51.511667" lon="-0.104257"><ele>7.75</ele></trkpt>
      <trkpt lat="51.511609" lon="-0.104214"><ele>8</ele></trkpt>
      <trkpt lat="51.511589" lon="-0.104148"><ele>8.25</ele></trkpt>
      <trkpt lat="51.511576" lon="-0.104072"><ele>8</ele></trkpt>
      <trkpt lat="51.511581" lon="-0.104025"><ele>8</ele></trkpt>
      <trkpt lat="51.511678" lon="-0.103896"><ele>7.75</ele></trkpt>
      <trkpt lat="51.511652" lon="-0.103789"><ele>7.25</ele></trkpt>
      <trkpt lat="51.511562" lon="-0.103721"><ele>6.75</ele></trkpt>
      <trkpt lat="51.511652" lon="-0.103789"><ele>7.25</ele></trkpt>
      <trkpt lat="51.511678" lon="-0.103896"><ele>7.75</ele></trkpt>
      <trkpt lat="51.511764" lon="-0.103891"><ele>7.5</ele></trkpt>
      <trkpt lat="51.511813" lon="-0.103887"><ele>7.25</ele></trkpt>
      <trkpt lat="51.511852" lon="-0.10381"><ele>7</ele></trkpt>
      <trkpt lat="51.511895" lon="-0.103689"><ele>6.75</ele></trkpt>
      <trkpt lat="51.511929" lon="-0.103568"><ele>6.75</ele></trkpt>
      <trkpt lat="51.511955" lon="-0.103102"><ele>6</ele></trkpt>
      <trkpt lat="51.512002" lon="-0.102481"><ele>7</ele></trkpt>
      <trkpt lat="51.51201" lon="-0.102425"><ele>7</ele></trkpt>
      <trkpt lat="51.512021" lon="-0.102338"><ele>7</ele></trkpt>
      <trkpt lat="51.51203" lon="-0.102311"><ele>7</ele></trkpt>
      <trkpt lat="51.512048" lon="-0.102267"><ele>7</ele></trkpt>
      <trkpt lat="51.512067" lon="-0.102223"><ele>7</ele></trkpt>
      <trkpt lat="51.512065" lon="-0.102184"><ele>6.75</ele></trkpt>
      <trkpt lat="51.512063" lon="-0.102146"><ele>6.75</ele></trkpt>
      <trkpt lat="51.512063" lon="-0.102093"><ele>6.75</ele></trkpt>
      <trkpt lat="51.512062" lon="-0.102039"><ele>6.75</ele></trkpt>
      <trkpt lat="51.51206" lon="-0.102015"><ele>6.75</ele></trkpt>
      <trkpt lat="51.512057" lon="-0.101971"><ele>6.75</ele></trkpt>
      <trkpt lat="51.512053" lon="-0.101931"><ele>6.75</ele></trkpt>
      <trkpt lat="51.51206" lon="-0.101871"><ele>6.75</ele></trkpt>
      <trkpt lat="51.512063" lon="-0.10184"><ele>6.75</ele></trkpt>
      <trkpt lat="51.512043" lon="-0.101404"><ele>7.5</ele></trkpt>
      <trkpt lat="51.512039" lon="-0.101344"><ele>7.5</ele></trkpt>
      <trkpt lat="51.512035" lon="-0.101299"><ele>7.25</ele></trkpt>
      <trkpt lat="51.511985" lon="-0.100538"><ele>6.5</ele></trkpt>
      <trkpt lat="51.511985" lon="-0.100527"><ele>6.5</ele></trkpt>
      <trkpt lat="51.511982" lon="-0.100464"><ele>6.75</ele></trkpt>
      <trkpt lat="51.511979" lon="-0.100399"><ele>6.75</ele></trkpt>
      <trkpt lat="51.511947" lon="-0.099739"><ele>8.75</ele></trkpt>
      <trkpt lat="51.511934" lon="-0.099522"><ele>9.5</ele></trkpt>
      <trkpt lat="51.511925" lon="-0.099467"><ele>9.5</ele></trkpt>
      <trkpt lat="51.511914" lon="-0.0994"><ele>9.5</ele></trkpt>
      <trkpt lat="51.511899" lon="-0.099313"><ele>9.25</ele></trkpt>
      <trkpt lat="51.511892" lon="-0.099271"><ele>9.25</ele></trkpt>
      <trkpt lat="51.511891" lon="-0.099196"><ele>9.25</ele></trkpt>
      <trkpt lat="51.511888" lon="-0.099162"><ele>9.25</ele></trkpt>
      <trkpt lat="51.511867" lon="-0.098849"><ele>10</ele></trkpt>
      <trkpt lat="51.511896" lon="-0.098676"><ele>10.5</ele></trkpt>
      <trkpt lat="51.511872" lon="-0.098349"><ele>10.75</ele></trkpt>
      <trkpt lat="51.511812" lon="-0.097263"><ele>11.25</ele></trkpt>
      <trkpt lat="51.511812" lon="-0.09721"><ele>11.5</ele></trkpt>
      <trkpt lat="51.511813" lon="-0.097159"><ele>11.5</ele></trkpt>
      <trkpt lat="51.511829" lon="-0.09668"><ele>12</ele></trkpt>
      <trkpt lat="51.511859" lon="-0.096237"><ele>13</ele></trkpt>
      <trkpt lat="51.511883" lon="-0.095999"><ele>13</ele></trkpt>
      <trkpt lat="51.511944" lon="-0.095574"><ele>13.75</ele></trkpt>
      <trkpt lat="51.511949" lon="-0.095538"><ele>13.75</ele></trkpt>
      <trkpt lat="51.512025" lon="-0.095125"><ele>14</ele></trkpt>
      <trkpt lat="51.51208" lon="-0.094832"><ele>14</ele></trkpt>
      <trkpt lat="51.512092" lon="-0.094781"><ele>14</ele></trkpt>
      <trkpt lat="51.512102" lon="-0.094736"><ele>14</ele></trkpt>
      <trkpt lat="51.512114" lon="-0.094672"><ele>14</ele></trkpt>
      <trkpt lat="51.512078" lon="-0.094648"><ele>14</ele></trkpt>
      <trkpt lat="51.512061" lon="-0.09455"><ele>14</ele></trkpt>
      <trkpt lat="51.512037" lon="-0.094411"><ele>13.75</ele></trkpt>
      <trkpt lat="51.511952" lon="-0.093961"><ele>13</ele></trkpt>
      <trkpt lat="51.511974" lon="-0.093848"><ele>13</ele></trkpt>
      <trkpt lat="51.512098" lon="-0.093819"><ele>13.5</ele></trkpt>
      <trkpt lat="51.511974" lon="-0.093848"><ele>13</ele></trkpt>
      <trkpt lat="51.511972" lon="-0.09384"><ele>13</ele></trkpt>
      <trkpt lat="51.511973" lon="-0.093824"><ele>13</ele></trkpt>
      <trkpt lat="51.511974" lon="-0.093784"><ele>13</ele></trkpt>
      <trkpt lat="51.511977" lon="-0.093772"><ele>13</ele></trkpt>
      <trkpt lat="51.511919" lon="-0.093379"><ele>11.75</ele></trkpt>
      <trkpt lat="51.51185" lon="-0.092852"><ele>10.75</ele></trkpt>
      <trkpt lat="51.511846" lon="-0.092827"><ele>10.75</ele></trkpt>
      <trkpt lat="51.511827" lon="-0.09268"><ele>10.5</ele></trkpt>
      <trkpt lat="51.511823" lon="-0.092648"><ele>10.5</ele></trkpt>
      <trkpt lat="51.511831" lon="-0.092607"><ele>10.5</ele></trkpt>
      <trkpt lat="51.511757" lon="-0.092116"><ele>9.5</ele></trkpt>
      <trkpt lat="51.51175" lon="-0.092084"><ele>9.5</ele></trkpt>
      <trkpt lat="51.511741" lon="-0.092042"><ele>9.5</ele></trkpt>
      <trkpt lat="51.511521" lon="-0.090897"><ele>9.25</ele></trkpt>
      <trkpt lat="51.511513" lon="-0.090861"><ele>9.25</ele></trkpt>
      <trkpt lat="51.511601" lon="-0.090816"><ele>9.75</ele></trkpt>
      <trkpt lat="51.511599" lon="-0.090808"><ele>9.75</ele></trkpt>
      <trkpt lat="51.511592" lon="-0.090772"><ele>9.75</ele></trkpt>
      <trkpt lat="51.511583" lon="-0.090725"><ele>10</ele></trkpt>
      <trkpt lat="51.511579" lon="-0.090703"><ele>10</ele></trkpt>
      <trkpt lat="51.511621" lon="-0.090684"><ele>10.25</ele></trkpt>
      <trkpt lat="51.511607" lon="-0.090609"><ele>10.5</ele></trkpt>
      <trkpt lat="51.511568" lon="-0.090404"><ele>10.75</ele></trkpt>
      <trkpt lat="51.51155" lon="-0.090302"><ele>10.75</ele></trkpt>
      <trkpt lat="51.511477" lon="-0.089904"><ele>12.25</ele></trkpt>
      <trkpt lat="51.511408" lon="-0.089533"><ele>13</ele></trkpt>
      <trkpt lat="51.511375" lon="-0.089361"><ele>13</ele></trkpt>
      <trkpt lat="51.511373" lon="-0.089349"><ele>13</ele></trkpt>
      <trkpt lat="51.511364" lon="-0.089301"><ele>13</ele></trkpt>
      <trkpt lat="51.511356" lon="-0.08926"><ele>13</ele></trkpt>
      <trkpt lat="51.511353" lon="-0.089245"><ele>13</ele></trkpt>
      <trkpt lat="51.511247" lon="-0.088654"><ele>14</ele></trkpt>
      <trkpt lat="51.511239" lon="-0.088608"><ele>14</ele></trkpt>
      <trkpt lat="51.511128" lon="-0.088034"><ele>13.75</ele></trkpt>
      <trkpt lat="51.511122" lon="-0.088003"><ele>14</ele></trkpt>
      <trkpt lat="51.511117" lon="-0.087977"><ele>14</ele></trkpt>
      <trkpt lat="51.511038" lon="-0.087561"><ele>14.75</ele></trkpt>
      <trkpt lat="51.511032" lon="-0.087522"><ele>14.75</ele></trkpt>
      <trkpt lat="51.511028" lon="-0.0875"><ele>14.75</ele></trkpt>
      <trkpt lat="51.510955" lon="-0.087125"><ele>14.25</ele></trkpt>
      <trkpt lat="51.510923" lon="-0.086993"><ele>14.25</ele></trkpt>
      <trkpt lat="51.510916" lon="-0.086967"><ele>14.25</ele></trkpt>
      <trkpt lat="51.510898" lon="-0.086916"><ele>14.25</ele></trkpt>
      <trkpt lat="51.510873" lon="-0.08689"><ele>14</ele></trkpt>
      <trkpt lat="51.510857" lon="-0.086855"><ele>14</ele></trkpt>
      <trkpt lat="51.510805" lon="-0.086663"><ele>13.75</ele></trkpt>
      <trkpt lat="51.510752" lon="-0.086504"><ele>13.75</ele></trkpt>
      <trkpt lat="51.510744" lon="-0.086492"><ele>13.75</ele></trkpt>
      <trkpt lat="51.510739" lon="-0.086487"><ele>13.75</ele></trkpt>
      <trkpt lat="51.510746" lon="-0.086468"><ele>13.75</ele></trkpt>
      <trkpt lat="51.510768" lon="-0.086406"><ele>13.75</ele></trkpt>
      <trkpt lat="51.510766" lon="-0.086327"><ele>13.75</ele></trkpt>
      <trkpt lat="51.510784" lon="-0.086261"><ele>13.75</ele></trkpt>
      <trkpt lat="51.510788" lon="-0.086198"><ele>13.75</ele></trkpt>
      <trkpt lat="51.510764" lon="-0.086069"><ele>13.75</ele></trkpt>
      <trkpt lat="51.510733" lon="-0.085936"><ele>13.5</ele></trkpt>
      <trkpt lat="51.510714" lon="-0.085945"><ele>13.5</ele></trkpt>
      <trkpt lat="51.510733" lon="-0.085936"><ele>13.25</ele></trkpt>
      <trkpt lat="51.510731" lon="-0.085924"><ele>13.5</ele></trkpt>
      <trkpt lat="51.510708" lon="-0.085865"><ele>13.5</ele></trkpt>
      <trkpt lat="51.510695" lon="-0.085776"><ele>13.5</ele></trkpt>
      <trkpt lat="51.510684" lon="-0.085695"><ele>13.5</ele></trkpt>
      <trkpt lat="51.510658" lon="-0.085363"><ele>14.25</ele></trkpt>
      <trkpt lat="51.510659" lon="-0.085351"><ele>14.25</ele></trkpt>
      <trkpt lat="51.510662" lon="-0.085334"><ele>14.25</ele></trkpt>
      <trkpt lat="51.510649" lon="-0.085309"><ele>14.25</ele></trkpt>
      <trkpt lat="51.510664" lon="-0.085276"><ele>14.25</ele></trkpt>
      <trkpt lat="51.510664" lon="-0.085268"><ele>14.25</ele></trkpt>
      <trkpt lat="51.510647" lon="-0.084463"><ele>14.25</ele></trkpt>
      <trkpt lat="51.510646" lon="-0.084433"><ele>14.25</ele></trkpt>
      <trkpt lat="51.510642" lon="-0.084388"><ele>14.25</ele></trkpt>
      <trkpt lat="51.510638" lon="-0.084345"><ele>14.5</ele></trkpt>
      <trkpt lat="51.510637" lon="-0.084335"><ele>14.5</ele></trkpt>
      <trkpt lat="51.51059" lon="-0.083984"><ele>15</ele></trkpt>
      <trkpt lat="51.510584" lon="-0.083934"><ele>15</ele></trkpt>
      <trkpt lat="51.510577" lon="-0.083861"><ele>15</ele></trkpt>
      <trkpt lat="51.510533" lon="-0.083365"><ele>14.75</ele></trkpt>
      <trkpt lat="51.510525" lon="-0.083293"><ele>14.75</ele></trkpt>
      <trkpt lat="51.510524" lon="-0.083285"><ele>14.75</ele></trkpt>
      <trkpt lat="51.510517" lon="-0.083241"><ele>14.75</ele></trkpt>
      <trkpt lat="51.510511" lon="-0.083195"><ele>14.75</ele></trkpt>
      <trkpt lat="51.510504" lon="-0.083169"><ele>14.5</ele></trkpt>
      <trkpt lat="51.510497" lon="-0.083112"><ele>14.5</ele></trkpt>
      <trkpt lat="51.510357" lon="-0.082695"><ele>14.25</ele></trkpt>
      <trkpt lat="51.510346" lon="-0.082666"><ele>14.25</ele></trkpt>
      <trkpt lat="51.510337" lon="-0.082649"><ele>14.25</ele></trkpt>
      <trkpt lat="51.510058" lon="-0.081881"><ele>13.75</ele></trkpt>
      <trkpt lat="51.510053" lon="-0.081869"><ele>14</ele></trkpt>
      <trkpt lat="51.510044" lon="-0.081843"><ele>14</ele></trkpt>
      <trkpt lat="51.510034" lon="-0.081812"><ele>14</ele></trkpt>
      <trkpt lat="51.510029" lon="-0.0818"><ele>14</ele></trkpt>
      <trkpt lat="51.509676" lon="-0.080815"><ele>12.75</ele></trkpt>
      <trkpt lat="51.509599" lon="-0.080592"><ele>12.5</ele></trkpt>
      <trkpt lat="51.509555" lon="-0.080495"><ele>12.5</ele></trkpt>
      <trkpt lat="51.5095" lon="-0.08048"><ele>12.25</ele></trkpt>
      <trkpt lat="51.509488" lon="-0.080459"><ele>12.25</ele></trkpt>
      <trkpt lat="51.509477" lon="-0.08044"><ele>12.25</ele></trkpt>
      <trkpt lat="51.509467" lon="-0.08042"><ele>12.5</ele></trkpt>
      <trkpt lat="51.509461" lon="-0.080409"><ele>12.5</ele></trkpt>
      <trkpt lat="51.509448" lon="-0.080386"><ele>12.5</ele></trkpt>
      <trkpt lat="51.509435" lon="-0.080363"><ele>12.5</ele></trkpt>
      <trkpt lat="51.509422" lon="-0.080338"><ele>12.5</ele></trkpt>
      <trkpt lat="51.5094" lon="-0.080297"><ele>12.5</ele></trkpt>
      <trkpt lat="51.50938" lon="-0.08026"><ele>12.5</ele></trkpt>
      <trkpt lat="51.509346" lon="-0.080247"><ele>12.25</ele></trkpt>
      <trkpt lat="51.509356" lon="-0.080221"><ele>12.25</ele></trkpt>
      <trkpt lat="51.509369" lon="-0.080183"><ele>12.5</ele></trkpt>
      <trkpt lat="51.509458" lon="-0.0799"><ele>12.5</ele></trkpt>
      <trkpt lat="51.509531" lon="-0.079728"><ele>12.25</ele></trkpt>
      <trkpt lat="51.509542" lon="-0.079687"><ele>12.25</ele></trkpt>
      <trkpt lat="51.509546" lon="-0.079579"><ele>12.25</ele></trkpt>
      <trkpt lat="51.509546" lon="-0.079547"><ele>12.25</ele></trkpt>
      <trkpt lat="51.509545" lon="-0.079515"><ele>12.25</ele></trkpt>
      <trkpt lat="51.509519" lon="-0.079107"><ele>13</ele></trkpt>
      <trkpt lat="51.509504" lon="-0.078931"><ele>13</ele></trkpt>
      <trkpt lat="51.509478" lon="-0.078687"><ele>13</ele></trkpt>
      <trkpt lat="51.509444" lon="-0.078467"><ele>12.75</ele></trkpt>
      <trkpt lat="51.509429" lon="-0.078397"><ele>12.75</ele></trkpt>
      <trkpt lat="51.509361" lon="-0.078122"><ele>12.5</ele></trkpt>
      <trkpt lat="51.50938" lon="-0.078114"><ele>12.75</ele></trkpt>
      <trkpt lat="51.509459" lon="-0.078077"><ele>13</ele></trkpt>
      <trkpt lat="51.509514" lon="-0.078054"><ele>12.75</ele></trkpt>
      <trkpt lat="51.509525" lon="-0.07805"><ele>12.75</ele></trkpt>
      <trkpt lat="51.509546" lon="-0.078042"><ele>12.75</ele></trkpt>
      <trkpt lat="51.50953" lon="-0.077969"><ele>12.5</ele></trkpt>
      <trkpt lat="51.509546" lon="-0.077964"><ele>12.5</ele></trkpt>
      <trkpt lat="51.509618" lon="-0.077938"><ele>12.5</ele></trkpt>
      <trkpt lat="51.509603" lon="-0.077833"><ele>12</ele></trkpt>
      <trkpt lat="51.509604" lon="-0.077801"><ele>12</ele></trkpt>
      <trkpt lat="51.509618" lon="-0.077482"><ele>12.5</ele></trkpt>
      <trkpt lat="51.50963" lon="-0.077359"><ele>12.5</ele></trkpt>
      <trkpt lat="51.509652" lon="-0.077277"><ele>12.5</ele></trkpt>
      <trkpt lat="51.509679" lon="-0.077211"><ele>12.75</ele></trkpt>
      <trkpt lat="51.509731" lon="-0.077117"><ele>13</ele></trkpt>
      <trkpt lat="51.509777" lon="-0.077061"><ele>13</ele></trkpt>
      <trkpt lat="51.509866" lon="-0.076993"><ele>13.5</ele></trkpt>
      <trkpt lat="51.50991" lon="-0.076979"><ele>13.5</ele></trkpt>
      <trkpt lat="51.509957" lon="-0.076977"><ele>13.75</ele></trkpt>
      <trkpt lat="51.509978" lon="-0.076908"><ele>13.75</ele></trkpt>
      <trkpt lat="51.510002" lon="-0.076825"><ele>13.75</ele></trkpt>
      <trkpt lat="51.509966" lon="-0.076691"><ele>13.75</ele></trkpt>
      <trkpt lat="51.509976" lon="-0.076565"><ele>13.75</ele></trkpt>
      <trkpt lat="51.509977" lon="-0.076549"><ele>13.5</ele></trkpt>
      <trkpt lat="51.509976" lon="-0.076565"><ele>13.75</ele></trkpt>
      <trkpt lat="51.509966" lon="-0.076691"><ele>13.75</ele></trkpt>
      <trkpt lat="51.510002" lon="-0.076825"><ele>13.75</ele></trkpt>
      <trkpt lat="51.51002" lon="-0.076826"><ele>13.75</ele></trkpt>
      <trkpt lat="51.510071" lon="-0.076828"><ele>13.75</ele></trkpt>
      <trkpt lat="51.510215" lon="-0.076848"><ele>13.5</ele></trkpt>
      <trkpt lat="51.510351" lon="-0.076865"><ele>13.5</ele></trkpt>
      <trkpt lat="51.510509" lon="-0.076887"><ele>13.75</ele></trkpt>
      <trkpt lat="51.510669" lon="-0.076942"><ele>13.75</ele></trkpt>
      <trkpt lat="51.510802" lon="-0.077001"><ele>14</ele></trkpt>
      <trkpt lat="51.510843" lon="-0.07704"><ele>13.75</ele></trkpt>
      <trkpt lat="51.510874" lon="-0.077042"><ele>13.75</ele></trkpt>
      <trkpt lat="51.510911" lon="-0.077055"><ele>13.75</ele></trkpt>
      <trkpt lat="51.510937" lon="-0.077084"><ele>13.75</ele></trkpt>
      <trkpt lat="51.511084" lon="-0.077147"><ele>13.25</ele></trkpt>
      <trkpt lat="51.511112" lon="-0.077159"><ele>13</ele></trkpt>
      <trkpt lat="51.511348" lon="-0.077259"><ele>13</ele></trkpt>
      <trkpt lat="51.51145" lon="-0.0773"><ele>13</ele></trkpt>
      <trkpt lat="51.511493" lon="-0.077317"><ele>13</ele></trkpt>
      <trkpt lat="51.511515" lon="-0.077326"><ele>13</ele></trkpt>
      <trkpt lat="51.511544" lon="-0.077338"><ele>13</ele></trkpt>
      <trkpt lat="51.511615" lon="-0.077346"><ele>13</ele></trkpt>
      <trkpt lat="51.511659" lon="-0.077335"><ele>13</ele></trkpt>
      <trkpt lat="51.511836" lon="-0.077155"><ele>13</ele></trkpt>
      <trkpt lat="51.512152" lon="-0.0768"><ele>13</ele></trkpt>
      <trkpt lat="51.512248" lon="-0.076713"><ele>13</ele></trkpt>
      <trkpt lat="51.512307" lon="-0.076679"><ele>13.25</ele></trkpt>
      <trkpt lat="51.512352" lon="-0.076663"><ele>13.25</ele></trkpt>
      <trkpt lat="51.512404" lon="-0.076626"><ele>13.5</ele></trkpt>
      <trkpt lat="51.51246" lon="-0.076609"><ele>13.75</ele></trkpt>
      <trkpt lat="51.512615" lon="-0.076592"><ele>14</ele></trkpt>
      <trkpt lat="51.512639" lon="-0.076591"><ele>14</ele></trkpt>
      <trkpt lat="51.512669" lon="-0.076592"><ele>14</ele></trkpt>
      <trkpt lat="51.512778" lon="-0.076595"><ele>14.25</ele></trkpt>
      <trkpt lat="51.513098" lon="-0.076636"><ele>15</ele></trkpt>
      <trkpt lat="51.513128" lon="-0.076644"><ele>15.25</ele></trkpt>
      <trkpt lat="51.513205" lon="-0.076657"><ele>15.5</ele></trkpt>
      <trkpt lat="51.513238" lon="-0.076618"><ele>15.5</ele></trkpt>
      <trkpt lat="51.513245" lon="-0.076619"><ele>15.5</ele></trkpt>
      <trkpt lat="51.513359" lon="-0.076648"><ele>16</ele></trkpt>
      <trkpt lat="51.513514" lon="-0.076681"><ele>16</ele></trkpt>
      <trkpt lat="51.513532" lon="-0.076611"><ele>16</ele></trkpt>
      <trkpt lat="51.5136" lon="-0.076401"><ele>16</ele></trkpt>
      <trkpt lat="51.513617" lon="-0.076416"><ele>16</ele></trkpt>
      <trkpt lat="51.513655" lon="-0.076449"><ele>16</ele></trkpt>
      <trkpt lat="51.513697" lon="-0.076485"><ele>16</ele></trkpt>
      <trkpt lat="51.513716" lon="-0.076501"><ele>16</ele></trkpt>
      <trkpt lat="51.513744" lon="-0.07641"><ele>16.25</ele></trkpt>
      <trkpt lat="51.51384" lon="-0.076143"><ele>16.75</ele></trkpt>
      <trkpt lat="51.513898" lon="-0.075971"><ele>16.25</ele></trkpt>
      <trkpt lat="51.513939" lon="-0.075932"><ele>16.25</ele></trkpt>
      <trkpt lat="51.513958" lon="-0.075877"><ele>16</ele></trkpt>
      <trkpt lat="51.514017" lon="-0.075696"><ele>16</ele></trkpt>
      <trkpt lat="51.514027" lon="-0.075606"><ele>16</ele></trkpt>
      <trkpt lat="51.51407" lon="-0.075483"><ele>16</ele></trkpt>
      <trkpt lat="51.51413" lon="-0.075317"><ele>16</ele></trkpt>
      <trkpt lat="51.514496" lon="-0.074285"><ele>15</ele></trkpt>
      <trkpt lat="51.514539" lon="-0.074248"><ele>15</ele></trkpt>
      <trkpt lat="51.514563" lon="-0.0742"><ele>15</ele></trkpt>
      <trkpt lat="51.514575" lon="-0.074176"><ele>15</ele></trkpt>
      <trkpt lat="51.514581" lon="-0.074162"><ele>14.75</ele></trkpt>
      <trkpt lat="51.514625" lon="-0.074212"><ele>15</ele></trkpt>
      <trkpt lat="51.514635" lon="-0.07419"><ele>15</ele></trkpt>
      <trkpt lat="51.514661" lon="-0.074137"><ele>15</ele></trkpt>
      <trkpt lat="51.514682" lon="-0.074098"><ele>15</ele></trkpt>
      <trkpt lat="51.514695" lon="-0.074064"><ele>15</ele></trkpt>
      <trkpt lat="51.514657" lon="-0.074"><ele>15</ele></trkpt>
      <trkpt lat="51.514651" lon="-0.073977"><ele>15</ele></trkpt>
      <trkpt lat="51.51464" lon="-0.073937"><ele>15</ele></trkpt>
      <trkpt lat="51.514649" lon="-0.073901"><ele>15</ele></trkpt>
      <trkpt lat="51.514758" lon="-0.073549"><ele>15</ele></trkpt>
      <trkpt lat="51.514767" lon="-0.07352"><ele>15</ele></trkpt>
      <trkpt lat="51.514778" lon="-0.073492"><ele>15</ele></trkpt>
      <trkpt lat="51.514789" lon="-0.073461"><ele>15</ele></trkpt>
      <trkpt lat="51.515007" lon="-0.072852"><ele>14</ele></trkpt>
      <trkpt lat="51.515019" lon="-0.072818"><ele>14</ele></trkpt>
      <trkpt lat="51.515035" lon="-0.072772"><ele>14</ele></trkpt>
      <trkpt lat="51.515026" lon="-0.072762"><ele>14</ele></trkpt>
      <trkpt lat="51.515012" lon="-0.072752"><ele>14</ele></trkpt>
      <trkpt lat="51.51494" lon="-0.072691"><ele>14</ele></trkpt>
      <trkpt lat="51.515038" lon="-0.072387"><ele>14</ele></trkpt>
      <trkpt lat="51.515044" lon="-0.072368"><ele>14</ele></trkpt>
      <trkpt lat="51.515036" lon="-0.072283"><ele>14</ele></trkpt>
      <trkpt lat="51.515074" lon="-0.072124"><ele>14</ele></trkpt>
      <trkpt lat="51.515095" lon="-0.072051"><ele>14</ele></trkpt>
      <trkpt lat="51.515101" lon="-0.072032"><ele>14</ele></trkpt>
      <trkpt lat="51.515127" lon="-0.072059"><ele>14</ele></trkpt>
      <trkpt lat="51.515139" lon="-0.07207"><ele>14</ele></trkpt>
      <trkpt lat="51.515189" lon="-0.07193"><ele>14</ele></trkpt>
      <trkpt lat="51.515199" lon="-0.07194"><ele>14</ele></trkpt>
      <trkpt lat="51.515226" lon="-0.071968"><ele>14</ele></trkpt>
      <trkpt lat="51.515278" lon="-0.072024"><ele>14</ele></trkpt>
      <trkpt lat="51.51531" lon="-0.072058"><ele>14</ele></trkpt>
      <trkpt lat="51.515322" lon="-0.072068"><ele>14</ele></trkpt>
      <trkpt lat="51.515352" lon="-0.072044"><ele>14</ele></trkpt>
      <trkpt lat="51.515408" lon="-0.072071"><ele>14</ele></trkpt>
      <trkpt lat="51.515415" lon="-0.07205"><ele>14</ele></trkpt>
      <trkpt lat="51.515428" lon="-0.072014"><ele>14</ele></trkpt>
      <trkpt lat="51.515441" lon="-0.071979"><ele>14</ele></trkpt>
      <trkpt lat="51.515447" lon="-0.071961"><ele>14</ele></trkpt>
      <trkpt lat="51.515389" lon="-0.071912"><ele>14</ele></trkpt>
      <trkpt lat="51.515394" lon="-0.071896"><ele>14</ele></trkpt>
      <trkpt lat="51.515412" lon="-0.071852"><ele>14</ele></trkpt>
      <trkpt lat="51.515437" lon="-0.071791"><ele>14</ele></trkpt>
      <trkpt lat="51.515442" lon="-0.071778"><ele>14</ele></trkpt>
      <trkpt lat="51.515434" lon="-0.071761"><ele>14</ele></trkpt>
      <trkpt lat="51.515432" lon="-0.07173"><ele>14</ele></trkpt>
      <trkpt lat="51.515443" lon="-0.071671"><ele>13.75</ele></trkpt>
      <trkpt lat="51.515491" lon="-0.071537"><ele>14</ele></trkpt>
      <trkpt lat="51.515525" lon="-0.071468"><ele>13.75</ele></trkpt>
      <trkpt lat="51.515568" lon="-0.071328"><ele>13.75</ele></trkpt>
      <trkpt lat="51.515626" lon="-0.071143"><ele>13.25</ele></trkpt>
      <trkpt lat="51.515626" lon="-0.071105"><ele>13</ele></trkpt>
      <trkpt lat="51.515633" lon="-0.071083"><ele>13.25</ele></trkpt>
      <trkpt lat="51.51564" lon="-0.071061"><ele>13</ele></trkpt>
      <trkpt lat="51.515775" lon="-0.070705"><ele>13</ele></trkpt>
      <trkpt lat="51.515785" lon="-0.070683"><ele>13</ele></trkpt>
      <trkpt lat="51.515901" lon="-0.070396"><ele>13</ele></trkpt>
      <trkpt lat="51.516032" lon="-0.07001"><ele>13</ele></trkpt>
      <trkpt lat="51.516101" lon="-0.069845"><ele>13</ele></trkpt>
      <trkpt lat="51.516142" lon="-0.069768"><ele>13</ele></trkpt>
      <trkpt lat="51.516153" lon="-0.06976"><ele>13</ele></trkpt>
      <trkpt lat="51.516156" lon="-0.069747"><ele>13</ele></trkpt>
      <trkpt lat="51.516166" lon="-0.069724"><ele>13</ele></trkpt>
      <trkpt lat="51.516175" lon="-0.069703"><ele>13.25</ele></trkpt>
      <trkpt lat="51.516186" lon="-0.069677"><ele>13.25</ele></trkpt>
      <trkpt lat="51.516288" lon="-0.069442"><ele>13.25</ele></trkpt>
      <trkpt lat="51.516527" lon="-0.068956"><ele>13.25</ele></trkpt>
      <trkpt lat="51.516581" lon="-0.06886"><ele>13.5</ele></trkpt>
      <trkpt lat="51.516665" lon="-0.068675"><ele>13</ele></trkpt>
      <trkpt lat="51.51698" lon="-0.067964"><ele>13.5</ele></trkpt>
      <trkpt lat="51.517226" lon="-0.067351"><ele>13</ele></trkpt>
      <trkpt lat="51.517431" lon="-0.066813"><ele>13</ele></trkpt>
      <trkpt lat="51.517439" lon="-0.066793"><ele>13</ele></trkpt>
      <trkpt lat="51.517449" lon="-0.066762"><ele>13</ele></trkpt>
      <trkpt lat="51.517457" lon="-0.066735"><ele>13</ele></trkpt>
      <trkpt lat="51.517459" lon="-0.066719"><ele>13</ele></trkpt>
      <trkpt lat="51.517464" lon="-0.066677"><ele>13</ele></trkpt>
      <trkpt lat="51.517596" lon="-0.066271"><ele>13</ele></trkpt>
      <trkpt lat="51.517605" lon="-0.066246"><ele>13</ele></trkpt>
      <trkpt lat="51.517611" lon="-0.066225"><ele>13</ele></trkpt>
      <trkpt lat="51.51777" lon="-0.065726"><ele>13</ele></trkpt>
      <trkpt lat="51.517843" lon="-0.065514"><ele>13</ele></trkpt>
      <trkpt lat="51.517856" lon="-0.065471"><ele>13</ele></trkpt>
      <trkpt lat="51.517874" lon="-0.065407"><ele>13</ele></trkpt>
      <trkpt lat="51.517945" lon="-0.065164"><ele>13</ele></trkpt>
      <trkpt lat="51.517957" lon="-0.065121"><ele>13</ele></trkpt>
      <trkpt lat="51.517968" lon="-0.065085"><ele>13</ele></trkpt>
      <trkpt lat="51.517979" lon="-0.065046"><ele>13</ele></trkpt>
      <trkpt lat="51.517982" lon="-0.065036"><ele>13</ele></trkpt>
      <trkpt lat="51.51811" lon="-0.064606"><ele>12.5</ele></trkpt>
      <trkpt lat="51.518317" lon="-0.063892"><ele>12.75</ele></trkpt>
      <trkpt lat="51.518423" lon="-0.063501"><ele>13</ele></trkpt>
      <trkpt lat="51.518427" lon="-0.063486"><ele>13</ele></trkpt>
      <trkpt lat="51.518434" lon="-0.063463"><ele>13</ele></trkpt>
      <trkpt lat="51.51855" lon="-0.063063"><ele>13</ele></trkpt>
      <trkpt lat="51.518607" lon="-0.062934"><ele>13</ele></trkpt>
      <trkpt lat="51.518617" lon="-0.062918"><ele>12.75</ele></trkpt>
      <trkpt lat="51.518628" lon="-0.062856"><ele>12.75</ele></trkpt>
      <trkpt lat="51.518643" lon="-0.06278"><ele>12.25</ele></trkpt>
      <trkpt lat="51.518651" lon="-0.062731"><ele>12.25</ele></trkpt>
      <trkpt lat="51.518698" lon="-0.062447"><ele>11.5</ele></trkpt>
      <trkpt lat="51.518863" lon="-0.061764"><ele>12.5</ele></trkpt>
      <trkpt lat="51.518873" lon="-0.061722"><ele>12.75</ele></trkpt>
      <trkpt lat="51.518883" lon="-0.06168"><ele>12.75</ele></trkpt>
      <trkpt lat="51.518885" lon="-0.061668"><ele>12.75</ele></trkpt>
      <trkpt lat="51.518988" lon="-0.061207"><ele>12</ele></trkpt>
      <trkpt lat="51.519348" lon="-0.059596"><ele>11.5</ele></trkpt>
      <trkpt lat="51.519356" lon="-0.059576"><ele>11.5</ele></trkpt>
      <trkpt lat="51.519374" lon="-0.059588"><ele>11.5</ele></trkpt>
      <trkpt lat="51.519488" lon="-0.059679"><ele>10.75</ele></trkpt>
      <trkpt lat="51.519518" lon="-0.059705"><ele>10.5</ele></trkpt>
      <trkpt lat="51.519543" lon="-0.059727"><ele>10.25</ele></trkpt>
      <trkpt lat="51.519568" lon="-0.059715"><ele>10</ele></trkpt>
      <trkpt lat="51.519575" lon="-0.059727"><ele>10</ele></trkpt>
      <trkpt lat="51.519542" lon="-0.059786"><ele>10</ele></trkpt>
      <trkpt lat="51.519587" lon="-0.05986"><ele>6.75</ele></trkpt>
      <trkpt lat="51.519542" lon="-0.059786"><ele>10</ele></trkpt>
      <trkpt lat="51.519575" lon="-0.059727"><ele>10</ele></trkpt>
      <trkpt lat="51.519568" lon="-0.059715"><ele>10</ele></trkpt>
      <trkpt lat="51.519543" lon="-0.059727"><ele>10.25</ele></trkpt>
      <trkpt lat="51.519518" lon="-0.059705"><ele>10.5</ele></trkpt>
      <trkpt lat="51.519488" lon="-0.059679"><ele>10.75</ele></trkpt>
      <trkpt lat="51.519374" lon="-0.059588"><ele>11.5</ele></trkpt>
      <trkpt lat="51.519356" lon="-0.059576"><ele>11.5</ele></trkpt>
      <trkpt lat="51.519665" lon="-0.058176"><ele>11.25</ele></trkpt>
      <trkpt lat="51.519668" lon="-0.058166"><ele>11.25</ele></trkpt>
      <trkpt lat="51.519674" lon="-0.058137"><ele>11.5</ele></trkpt>
      <trkpt lat="51.519679" lon="-0.058114"><ele>11.5</ele></trkpt>
      <trkpt lat="51.51968" lon="-0.058106"><ele>11.5</ele></trkpt>
      <trkpt lat="51.519837" lon="-0.057368"><ele>11.5</ele></trkpt>
      <trkpt lat="51.51997" lon="-0.056699"><ele>11.75</ele></trkpt>
      <trkpt lat="51.519992" lon="-0.056593"><ele>12</ele></trkpt>
      <trkpt lat="51.520042" lon="-0.056569"><ele>11.75</ele></trkpt>
      <trkpt lat="51.520048" lon="-0.056524"><ele>11.75</ele></trkpt>
      <trkpt lat="51.520052" lon="-0.056473"><ele>11.75</ele></trkpt>
      <trkpt lat="51.520054" lon="-0.056458"><ele>11.75</ele></trkpt>
      <trkpt lat="51.519987" lon="-0.056432"><ele>12</ele></trkpt>
      <trkpt lat="51.51999" lon="-0.056416"><ele>12</ele></trkpt>
      <trkpt lat="51.520001" lon="-0.056337"><ele>11.75</ele></trkpt>
      <trkpt lat="51.520012" lon="-0.056258"><ele>11.5</ele></trkpt>
      <trkpt lat="51.520016" lon="-0.056233"><ele>11.25</ele></trkpt>
      <trkpt lat="51.520049" lon="-0.056036"><ele>11</ele></trkpt>
      <trkpt lat="51.520106" lon="-0.056002"><ele>11</ele></trkpt>
      <trkpt lat="51.520151" lon="-0.055962"><ele>11</ele></trkpt>
      <trkpt lat="51.52031" lon="-0.055124"><ele>11.25</ele></trkpt>
      <trkpt lat="51.520351" lon="-0.054907"><ele>11</ele></trkpt>
      <trkpt lat="51.52038" lon="-0.054751"><ele>11</ele></trkpt>
      <trkpt lat="51.520399" lon="-0.054654"><ele>11</ele></trkpt>
      <trkpt lat="51.520442" lon="-0.054426"><ele>11.5</ele></trkpt>
      <trkpt lat="51.520454" lon="-0.054359"><ele>11.5</ele></trkpt>
      <trkpt lat="51.520491" lon="-0.054167"><ele>11.75</ele></trkpt>
      <trkpt lat="51.520496" lon="-0.054138"><ele>11.5</ele></trkpt>
      <trkpt lat="51.52067" lon="-0.053221"><ele>11</ele></trkpt>
      <trkpt lat="51.520677" lon="-0.053181"><ele>11</ele></trkpt>
      <trkpt lat="51.520685" lon="-0.053138"><ele>11</ele></trkpt>
      <trkpt lat="51.520826" lon="-0.052294"><ele>11</ele></trkpt>
      <trkpt lat="51.520832" lon="-0.052232"><ele>11</ele></trkpt>
      <trkpt lat="51.520834" lon="-0.052179"><ele>11</ele></trkpt>
      <trkpt lat="51.520969" lon="-0.051242"><ele>10.25</ele></trkpt>
      <trkpt lat="51.521003" lon="-0.051015"><ele>10.5</ele></trkpt>
      <trkpt lat="51.521009" lon="-0.050974"><ele>10.5</ele></trkpt>
      <trkpt lat="51.521014" lon="-0.050943"><ele>10.5</ele></trkpt>
      <trkpt lat="51.521015" lon="-0.050934"><ele>10.75</ele></trkpt>
      <trkpt lat="51.521041" lon="-0.05075"><ele>11</ele></trkpt>
      <trkpt lat="51.521044" lon="-0.050719"><ele>11</ele></trkpt>
      <trkpt lat="51.521047" lon="-0.050687"><ele>11</ele></trkpt>
      <trkpt lat="51.52113" lon="-0.050188"><ele>10</ele></trkpt>
      <trkpt lat="51.52115" lon="-0.05009"><ele>10</ele></trkpt>
      <trkpt lat="51.521187" lon="-0.049915"><ele>10.25</ele></trkpt>
      <trkpt lat="51.521201" lon="-0.049856"><ele>10.25</ele></trkpt>
      <trkpt lat="51.521211" lon="-0.049815"><ele>10.25</ele></trkpt>
      <trkpt lat="51.521219" lon="-0.049787"><ele>10.25</ele></trkpt>
      <trkpt lat="51.521225" lon="-0.049758"><ele>10.25</ele></trkpt>
      <trkpt lat="51.52124" lon="-0.049692"><ele>10.25</ele></trkpt>
      <trkpt lat="51.521255" lon="-0.049613"><ele>10.25</ele></trkpt>
      <trkpt lat="51.52129" lon="-0.049438"><ele>10</ele></trkpt>
      <trkpt lat="51.521303" lon="-0.049385"><ele>10</ele></trkpt>
      <trkpt lat="51.521373" lon="-0.049108"><ele>10</ele></trkpt>
      <trkpt lat="51.521389" lon="-0.04903"><ele>10</ele></trkpt>
      <trkpt lat="51.521403" lon="-0.048952"><ele>10</ele></trkpt>
      <trkpt lat="51.521626" lon="-0.047871"><ele>10</ele></trkpt>
      <trkpt lat="51.52166" lon="-0.047708"><ele>10</ele></trkpt>
      <trkpt lat="51.52167" lon="-0.047662"><ele>10</ele></trkpt>
      <trkpt lat="51.521678" lon="-0.047623"><ele>10</ele></trkpt>
      <trkpt lat="51.52181" lon="-0.046991"><ele>9.5</ele></trkpt>
      <trkpt lat="51.5218" lon="-0.046985"><ele>9.5</ele></trkpt>
      <trkpt lat="51.521792" lon="-0.046981"><ele>9.5</ele></trkpt>
      <trkpt lat="51.521814" lon="-0.046857"><ele>9.5</ele></trkpt>
      <trkpt lat="51.521815" lon="-0.046779"><ele>9.75</ele></trkpt>
      <trkpt lat="51.521846" lon="-0.046621"><ele>10</ele></trkpt>
      <trkpt lat="51.521842" lon="-0.046614"><ele>10.25</ele></trkpt>
      <trkpt lat="51.521817" lon="-0.046555"><ele>10.25</ele></trkpt>
      <trkpt lat="51.521819" lon="-0.046545"><ele>10.25</ele></trkpt>
      <trkpt lat="51.521839" lon="-0.046449"><ele>10.75</ele></trkpt>
      <trkpt lat="51.52185" lon="-0.046396"><ele>10.75</ele></trkpt>
      <trkpt lat="51.521824" lon="-0.046381"><ele>11</ele></trkpt>
      <trkpt lat="51.521814" lon="-0.046376"><ele>11</ele></trkpt>
      <trkpt lat="51.521833" lon="-0.046272"><ele>11</ele></trkpt>
      <trkpt lat="51.521823" lon="-0.046266"><ele>11</ele></trkpt>
      <trkpt lat="51.521792" lon="-0.046249"><ele>11</ele></trkpt>
      <trkpt lat="51.521755" lon="-0.046229"><ele>11</ele></trkpt>
      <trkpt lat="51.521735" lon="-0.04622"><ele>11</ele></trkpt>
      <trkpt lat="51.521839" lon="-0.045703"><ele>11</ele></trkpt>
      <trkpt lat="51.521827" lon="-0.045656"><ele>11</ele></trkpt>
      <trkpt lat="51.521846" lon="-0.045567"><ele>11</ele></trkpt>
      <trkpt lat="51.521865" lon="-0.045478"><ele>11</ele></trkpt>
      <trkpt lat="51.521894" lon="-0.045429"><ele>11</ele></trkpt>
      <trkpt lat="51.521911" lon="-0.045358"><ele>11</ele></trkpt>
      <trkpt lat="51.52213" lon="-0.044272"><ele>11.25</ele></trkpt>
      <trkpt lat="51.522165" lon="-0.044032"><ele>11</ele></trkpt>
      <trkpt lat="51.522178" lon="-0.043883"><ele>11</ele></trkpt>
      <trkpt lat="51.522206" lon="-0.043254"><ele>11</ele></trkpt>
      <trkpt lat="51.522248" lon="-0.042703"><ele>11</ele></trkpt>
      <trkpt lat="51.522282" lon="-0.042436"><ele>11</ele></trkpt>
      <trkpt lat="51.522332" lon="-0.042171"><ele>11</ele></trkpt>
      <trkpt lat="51.522345" lon="-0.042103"><ele>11</ele></trkpt>
      <trkpt lat="51.52236" lon="-0.042024"><ele>11.25</ele></trkpt>
      <trkpt lat="51.522386" lon="-0.041884"><ele>11.25</ele></trkpt>
      <trkpt lat="51.522403" lon="-0.041795"><ele>11.25</ele></trkpt>
      <trkpt lat="51.522431" lon="-0.041646"><ele>11</ele></trkpt>
      <trkpt lat="51.522568" lon="-0.040964"><ele>11</ele></trkpt>
      <trkpt lat="51.522742" lon="-0.040425"><ele>11</ele></trkpt>
      <trkpt lat="51.522779" lon="-0.040279"><ele>11</ele></trkpt>
      <trkpt lat="51.522859" lon="-0.040028"><ele>11.5</ele></trkpt>
      <trkpt lat="51.522855" lon="-0.040014"><ele>11.5</ele></trkpt>
      <trkpt lat="51.522842" lon="-0.040004"><ele>11.75</ele></trkpt>
      <trkpt lat="51.522846" lon="-0.03999"><ele>11.5</ele></trkpt>
      <trkpt lat="51.52286" lon="-0.039955"><ele>11.5</ele></trkpt>
      <trkpt lat="51.52287" lon="-0.039931"><ele>11.5</ele></trkpt>
      <trkpt lat="51.522875" lon="-0.039915"><ele>11.25</ele></trkpt>
      <trkpt lat="51.522821" lon="-0.039865"><ele>11.25</ele></trkpt>
      <trkpt lat="51.522827" lon="-0.03985"><ele>11.25</ele></trkpt>
      <trkpt lat="51.522842" lon="-0.039813"><ele>11.25</ele></trkpt>
      <trkpt lat="51.52285" lon="-0.03979"><ele>11</ele></trkpt>
      <trkpt lat="51.522857" lon="-0.039769"><ele>11</ele></trkpt>
      <trkpt lat="51.522887" lon="-0.039783"><ele>11</ele></trkpt>
      <trkpt lat="51.522909" lon="-0.039781"><ele>11</ele></trkpt>
      <trkpt lat="51.522947" lon="-0.03973"><ele>11</ele></trkpt>
      <trkpt lat="51.523064" lon="-0.039369"><ele>11</ele></trkpt>
      <trkpt lat="51.523162" lon="-0.039088"><ele>11</ele></trkpt>
      <trkpt lat="51.523273" lon="-0.038801"><ele>11.25</ele></trkpt>
      <trkpt lat="51.523422" lon="-0.03851"><ele>11.75</ele></trkpt>
      <trkpt lat="51.523536" lon="-0.038314"><ele>12</ele></trkpt>
      <trkpt lat="51.523898" lon="-0.037589"><ele>12</ele></trkpt>
      <trkpt lat="51.52399" lon="-0.037391"><ele>12.25</ele></trkpt>
      <trkpt lat="51.524134" lon="-0.037072"><ele>11.75</ele></trkpt>
      <trkpt lat="51.524159" lon="-0.037012"><ele>11.5</ele></trkpt>
      <trkpt lat="51.524194" lon="-0.036925"><ele>11</ele></trkpt>
      <trkpt lat="51.524201" lon="-0.036906"><ele>11.25</ele></trkpt>
      <trkpt lat="51.524243" lon="-0.036756"><ele>11.75</ele></trkpt>
      <trkpt lat="51.52426" lon="-0.036676"><ele>12.25</ele></trkpt>
      <trkpt lat="51.524294" lon="-0.036584"><ele>12.25</ele></trkpt>
      <trkpt lat="51.524332" lon="-0.03651"><ele>12.25</ele></trkpt>
      <trkpt lat="51.524513" lon="-0.036015"><ele>12.25</ele></trkpt>
      <trkpt lat="51.524615" lon="-0.035744"><ele>13</ele></trkpt>
      <trkpt lat="51.524701" lon="-0.035509"><ele>12.25</ele></trkpt>
      <trkpt lat="51.524791" lon="-0.035181"><ele>12</ele></trkpt>
      <trkpt lat="51.524817" lon="-0.035089"><ele>12</ele></trkpt>
      <trkpt lat="51.52483" lon="-0.03504"><ele>12</ele></trkpt>
      <trkpt lat="51.524833" lon="-0.035003"><ele>12</ele></trkpt>
      <trkpt lat="51.524824" lon="-0.034965"><ele>12</ele></trkpt>
      <trkpt lat="51.524815" lon="-0.034952"><ele>12</ele></trkpt>
      <trkpt lat="51.524822" lon="-0.034927"><ele>12</ele></trkpt>
      <trkpt lat="51.524835" lon="-0.034832"><ele>12</ele></trkpt>
      <trkpt lat="51.524844" lon="-0.03478"><ele>12</ele></trkpt>
      <trkpt lat="51.524851" lon="-0.034733"><ele>12</ele></trkpt>
      <trkpt lat="51.524826" lon="-0.034723"><ele>12</ele></trkpt>
      <trkpt lat="51.524832" lon="-0.034684"><ele>12</ele></trkpt>
      <trkpt lat="51.524839" lon="-0.034636"><ele>12</ele></trkpt>
      <trkpt lat="51.524846" lon="-0.034587"><ele>12</ele></trkpt>
      <trkpt lat="51.524851" lon="-0.034554"><ele>12</ele></trkpt>
      <trkpt lat="51.524912" lon="-0.034567"><ele>12</ele></trkpt>
      <trkpt lat="51.524936" lon="-0.034564"><ele>12</ele></trkpt>
      <trkpt lat="51.524949" lon="-0.034551"><ele>12</ele></trkpt>
      <trkpt lat="51.524993" lon="-0.034374"><ele>11.75</ele></trkpt>
      <trkpt lat="51.525104" lon="-0.03396"><ele>12</ele></trkpt>
      <trkpt lat="51.525102" lon="-0.033926"><ele>12</ele></trkpt>
      <trkpt lat="51.525117" lon="-0.033857"><ele>12</ele></trkpt>
      <trkpt lat="51.525126" lon="-0.033821"><ele>12</ele></trkpt>
      <trkpt lat="51.52513" lon="-0.033807"><ele>12</ele></trkpt>
      <trkpt lat="51.525145" lon="-0.033802"><ele>12</ele></trkpt>
      <trkpt lat="51.525162" lon="-0.033782"><ele>12</ele></trkpt>
      <trkpt lat="51.525186" lon="-0.033683"><ele>12</ele></trkpt>
      <trkpt lat="51.525227" lon="-0.033521"><ele>12</ele></trkpt>
      <trkpt lat="51.525248" lon="-0.033431"><ele>12</ele></trkpt>
      <trkpt lat="51.525333" lon="-0.033097"><ele>12</ele></trkpt>
      <trkpt lat="51.525377" lon="-0.032912"><ele>12</ele></trkpt>
      <trkpt lat="51.525374" lon="-0.032872"><ele>12</ele></trkpt>
      <trkpt lat="51.525381" lon="-0.032839"><ele>12</ele></trkpt>
      <trkpt lat="51.52539" lon="-0.032795"><ele>12</ele></trkpt>
      <trkpt lat="51.525405" lon="-0.032775"><ele>12</ele></trkpt>
      <trkpt lat="51.525498" lon="-0.032362"><ele>12.75</ele></trkpt>
      <trkpt lat="51.52563" lon="-0.031835"><ele>13</ele></trkpt>
      <trkpt lat="51.525642" lon="-0.031789"><ele>13</ele></trkpt>
      <trkpt lat="51.525653" lon="-0.031742"><ele>13</ele></trkpt>
      <trkpt lat="51.525904" lon="-0.030557"><ele>13</ele></trkpt>
      <trkpt lat="51.525911" lon="-0.030516"><ele>13</ele></trkpt>
      <trkpt lat="51.525917" lon="-0.030475"><ele>13</ele></trkpt>
      <trkpt lat="51.525986" lon="-0.030143"><ele>13</ele></trkpt>
      <trkpt lat="51.525992" lon="-0.030116"><ele>13</ele></trkpt>
      <trkpt lat="51.525997" lon="-0.030091"><ele>13.25</ele></trkpt>
      <trkpt lat="51.526019" lon="-0.029983"><ele>13.25</ele></trkpt>
      <trkpt lat="51.526063" lon="-0.029768"><ele>13</ele></trkpt>
      <trkpt lat="51.526127" lon="-0.029452"><ele>13</ele></trkpt>
      <trkpt lat="51.526204" lon="-0.02908"><ele>13</ele></trkpt>
      <trkpt lat="51.526226" lon="-0.028977"><ele>13</ele></trkpt>
      <trkpt lat="51.526282" lon="-0.028721"><ele>13</ele></trkpt>
      <trkpt lat="51.526337" lon="-0.028466"><ele>13</ele></trkpt>
      <trkpt lat="51.526447" lon="-0.027939"><ele>12.75</ele></trkpt>
      <trkpt lat="51.526458" lon="-0.027892"><ele>12.75</ele></trkpt>
      <trkpt lat="51.52647" lon="-0.027837"><ele>13</ele></trkpt>
      <trkpt lat="51.526597" lon="-0.02731"><ele>13</ele></trkpt>
      <trkpt lat="51.526604" lon="-0.02728"><ele>13</ele></trkpt>
      <trkpt lat="51.526625" lon="-0.02719"><ele>13</ele></trkpt>
      <trkpt lat="51.526711" lon="-0.0268"><ele>13</ele></trkpt>
      <trkpt lat="51.526722" lon="-0.026753"><ele>13</ele></trkpt>
      <trkpt lat="51.526732" lon="-0.026706"><ele>13</ele></trkpt>
      <trkpt lat="51.526818" lon="-0.026317"><ele>12.25</ele></trkpt>
      <trkpt lat="51.526828" lon="-0.026269"><ele>12.25</ele></trkpt>
      <trkpt lat="51.526841" lon="-0.026208"><ele>12.25</ele></trkpt>
      <trkpt lat="51.526878" lon="-0.026035"><ele>12</ele></trkpt>
      <trkpt lat="51.526942" lon="-0.025704"><ele>12</ele></trkpt>
      <trkpt lat="51.526953" lon="-0.025652"><ele>12</ele></trkpt>
      <trkpt lat="51.526964" lon="-0.025598"><ele>12</ele></trkpt>
      <trkpt lat="51.527095" lon="-0.024939"><ele>10.5</ele></trkpt>
      <trkpt lat="51.527116" lon="-0.024862"><ele>11</ele></trkpt>
      <trkpt lat="51.527089" lon="-0.024852"><ele>10.75</ele></trkpt>
      <trkpt lat="51.527029" lon="-0.025113"><ele>9.75</ele></trkpt>
      <trkpt lat="51.527027" lon="-0.025101"><ele>9.75</ele></trkpt>
      <trkpt lat="51.527029" lon="-0.025113"><ele>9.75</ele></trkpt>
      <trkpt lat="51.527089" lon="-0.024852"><ele>10.75</ele></trkpt>
      <trkpt lat="51.527116" lon="-0.024862"><ele>11</ele></trkpt>
      <trkpt lat="51.527161" lon="-0.024664"><ele>11.5</ele></trkpt>
      <trkpt lat="51.527224" lon="-0.024398"><ele>12</ele></trkpt>
      <trkpt lat="51.527228" lon="-0.024374"><ele>11.75</ele></trkpt>
      <trkpt lat="51.527233" lon="-0.024348"><ele>12</ele></trkpt>
      <trkpt lat="51.527241" lon="-0.024235"><ele>12</ele></trkpt>
      <trkpt lat="51.52725" lon="-0.024187"><ele>12</ele></trkpt>
      <trkpt lat="51.527261" lon="-0.024134"><ele>12</ele></trkpt>
      <trkpt lat="51.527318" lon="-0.023863"><ele>12</ele></trkpt>
      <trkpt lat="51.527406" lon="-0.023408"><ele>12</ele></trkpt>
      <trkpt lat="51.527472" lon="-0.02307"><ele>11</ele></trkpt>
      <trkpt lat="51.527486" lon="-0.023019"><ele>11</ele></trkpt>
      <trkpt lat="51.527499" lon="-0.022968"><ele>11.25</ele></trkpt>
      <trkpt lat="51.527577" lon="-0.022521"><ele>11.5</ele></trkpt>
      <trkpt lat="51.527586" lon="-0.02247"><ele>11.5</ele></trkpt>
      <trkpt lat="51.527595" lon="-0.022422"><ele>11.25</ele></trkpt>
      <trkpt lat="51.527747" lon="-0.021674"><ele>11.75</ele></trkpt>
      <trkpt lat="51.527725" lon="-0.02166"><ele>11.75</ele></trkpt>
      <trkpt lat="51.52773" lon="-0.021641"><ele>11.75</ele></trkpt>
      <trkpt lat="51.52774" lon="-0.021595"><ele>11.75</ele></trkpt>
      <trkpt lat="51.527753" lon="-0.021533"><ele>11.75</ele></trkpt>
      <trkpt lat="51.527756" lon="-0.02152"><ele>11.75</ele></trkpt>
      <trkpt lat="51.527767" lon="-0.021526"><ele>11.75</ele></trkpt>
      <trkpt lat="51.527777" lon="-0.021473"><ele>11.75</ele></trkpt>
      <trkpt lat="51.527858" lon="-0.020953"><ele>9</ele></trkpt>
      <trkpt lat="51.527892" lon="-0.020692"><ele>8.75</ele></trkpt>
      <trkpt lat="51.5279" lon="-0.020558"><ele>9.5</ele></trkpt>
      <trkpt lat="51.527921" lon="-0.020399"><ele>10.25</ele></trkpt>
      <trkpt lat="51.52798" lon="-0.019941"><ele>10.75</ele></trkpt>
      <trkpt lat="51.528027" lon="-0.019586"><ele>11</ele></trkpt>
      <trkpt lat="51.528106" lon="-0.01901"><ele>10.75</ele></trkpt>
      <trkpt lat="51.528124" lon="-0.018956"><ele>11</ele></trkpt>
      <trkpt lat="51.52826" lon="-0.01794"><ele>10.75</ele></trkpt>
      <trkpt lat="51.52825" lon="-0.017918"><ele>10.75</ele></trkpt>
      <trkpt lat="51.528181" lon="-0.01786"><ele>10.5</ele></trkpt>
      <trkpt lat="51.528187" lon="-0.017842"><ele>10.5</ele></trkpt>
      <trkpt lat="51.528203" lon="-0.017796"><ele>10.5</ele></trkpt>
      <trkpt lat="51.528217" lon="-0.017754"><ele>10.5</ele></trkpt>
      <trkpt lat="51.52823" lon="-0.017719"><ele>10.25</ele></trkpt>
      <trkpt lat="51.528019" lon="-0.017548"><ele>10</ele></trkpt>
      <trkpt lat="51.527786" lon="-0.017339"><ele>10.5</ele></trkpt>
      <trkpt lat="51.527736" lon="-0.017254"><ele>10.75</ele></trkpt>
      <trkpt lat="51.527716" lon="-0.017187"><ele>11</ele></trkpt>
      <trkpt lat="51.527716" lon="-0.017112"><ele>11</ele></trkpt>
      <trkpt lat="51.527762" lon="-0.016723"><ele>11</ele></trkpt>
      <trkpt lat="51.527794" lon="-0.016475"><ele>10.75</ele></trkpt>
      <trkpt lat="51.527835" lon="-0.016218"><ele>10.75</ele></trkpt>
      <trkpt lat="51.527913" lon="-0.015857"><ele>10.5</ele></trkpt>
      <trkpt lat="51.52792" lon="-0.01582"><ele>10.5</ele></trkpt>
      <trkpt lat="51.527924" lon="-0.015803"><ele>10.5</ele></trkpt>
      <trkpt lat="51.527934" lon="-0.015754"><ele>10.5</ele></trkpt>
      <trkpt lat="51.52796" lon="-0.015628"><ele>10.75</ele></trkpt>
      <trkpt lat="51.527922" lon="-0.015605"><ele>10.75</ele></trkpt>
      <trkpt lat="51.527884" lon="-0.015581"><ele>10.75</ele></trkpt>
      <trkpt lat="51.527986" lon="-0.015117"><ele>11</ele></trkpt>
      <trkpt lat="51.527981" lon="-0.01508"><ele>11</ele></trkpt>
      <trkpt lat="51.527966" lon="-0.015056"><ele>11</ele></trkpt>
      <trkpt lat="51.527974" lon="-0.015015"><ele>11</ele></trkpt>
      <trkpt lat="51.527869" lon="-0.014943"><ele>10.75</ele></trkpt>
      <trkpt lat="51.527743" lon="-0.014858"><ele>10.25</ele></trkpt>
      <trkpt lat="51.52747" lon="-0.014668"><ele>10</ele></trkpt>
      <trkpt lat="51.527241" lon="-0.014512"><ele>10</ele></trkpt>
      <trkpt lat="51.527158" lon="-0.014451"><ele>10</ele></trkpt>
      <trkpt lat="51.527072" lon="-0.014387"><ele>10</ele></trkpt>
      <trkpt lat="51.527026" lon="-0.014354"><ele>10</ele></trkpt>
      <trkpt lat="51.526998" lon="-0.014335"><ele>10</ele></trkpt>
      <trkpt lat="51.526895" lon="-0.01424"><ele>10</ele></trkpt>
      <trkpt lat="51.526735" lon="-0.014047"><ele>10</ele></trkpt>
      <trkpt lat="51.526702" lon="-0.013932"><ele>10</ele></trkpt>
      <trkpt lat="51.526584" lon="-0.013724"><ele>10</ele></trkpt>
      <trkpt lat="51.526595" lon="-0.013624"><ele>10</ele></trkpt>
      <trkpt lat="51.526621" lon="-0.013391"><ele>10</ele></trkpt>
      <trkpt lat="51.526676" lon="-0.013253"><ele>10</ele></trkpt>
      <trkpt lat="51.526729" lon="-0.013141"><ele>10</ele></trkpt>
      <trkpt lat="51.526771" lon="-0.012844"><ele>10.25</ele></trkpt>
      <trkpt lat="51.526799" lon="-0.012792"><ele>10.25</ele></trkpt>
      <trkpt lat="51.526841" lon="-0.01274"><ele>10.25</ele></trkpt>
      <trkpt lat="51.52686" lon="-0.012644"><ele>10</ele></trkpt>
      <trkpt lat="51.526573" lon="-0.01237"><ele>10</ele></trkpt>
      <trkpt lat="51.526331" lon="-0.012139"><ele>10</ele></trkpt>
      <trkpt lat="51.52628" lon="-0.01209"><ele>10</ele></trkpt>
      <trkpt lat="51.526254" lon="-0.012065"><ele>10</ele></trkpt>
      <trkpt lat="51.526214" lon="-0.012025"><ele>10</ele></trkpt>
      <trkpt lat="51.525951" lon="-0.01182"><ele>10.25</ele></trkpt>
      <trkpt lat="51.525856" lon="-0.011758"><ele>10.5</ele></trkpt>
      <trkpt lat="51.525817" lon="-0.011742"><ele>10.5</ele></trkpt>
      <trkpt lat="51.525787" lon="-0.011753"><ele>10.5</ele></trkpt>
      <trkpt lat="51.525762" lon="-0.011796"><ele>10.5</ele></trkpt>
      <trkpt lat="51.525724" lon="-0.011787"><ele>10.5</ele></trkpt>
      <trkpt lat="51.525227" lon="-0.011671"><ele>10.75</ele></trkpt>
      <trkpt lat="51.525138" lon="-0.011633"><ele>10.75</ele></trkpt>
      <trkpt lat="51.525043" lon="-0.011576"><ele>11.25</ele></trkpt>
      <trkpt lat="51.525036" lon="-0.01157"><ele>11.25</ele></trkpt>
      <trkpt lat="51.52502" lon="-0.011562"><ele>11.5</ele></trkpt>
      <trkpt lat="51.525001" lon="-0.011553"><ele>11.5</ele></trkpt>
      <trkpt lat="51.52492" lon="-0.011516"><ele>11.25</ele></trkpt>
      <trkpt lat="51.524867" lon="-0.011492"><ele>10.75</ele></trkpt>
      <trkpt lat="51.524858" lon="-0.011545"><ele>10.25</ele></trkpt>
      <trkpt lat="51.524867" lon="-0.011492"><ele>10.75</ele></trkpt>
      <trkpt lat="51.52492" lon="-0.011516"><ele>11.25</ele></trkpt>
      <trkpt lat="51.525001" lon="-0.011553"><ele>11.5</ele></trkpt>
      <trkpt lat="51.52502" lon="-0.011562"><ele>11.5</ele></trkpt>
      <trkpt lat="51.525023" lon="-0.01154"><ele>11.75</ele></trkpt>
      <trkpt lat="51.525089" lon="-0.011127"><ele>11.25</ele></trkpt>
      <trkpt lat="51.524975" lon="-0.011083"><ele>11.25</ele></trkpt>
      <trkpt lat="51.524965" lon="-0.011124"><ele>11.5</ele></trkpt>
      <trkpt lat="51.524933" lon="-0.01111"><ele>11.25</ele></trkpt>
      <trkpt lat="51.524544" lon="-0.010921"><ele>10.75</ele></trkpt>
      <trkpt lat="51.524555" lon="-0.010882"><ele>10.5</ele></trkpt>
      <trkpt lat="51.524541" lon="-0.010871"><ele>10.5</ele></trkpt>
      <trkpt lat="51.524428" lon="-0.010791"><ele>10.5</ele></trkpt>
      <trkpt lat="51.524356" lon="-0.01076"><ele>9.75</ele></trkpt>
      <trkpt lat="51.52445" lon="-0.01014"><ele>9</ele></trkpt>
      <trkpt lat="51.524457" lon="-0.010061"><ele>8.75</ele></trkpt>
      <trkpt lat="51.524448" lon="-0.010026"><ele>9</ele></trkpt>
      <trkpt lat="51.52443" lon="-0.010003"><ele>9</ele></trkpt>
      <trkpt lat="51.524374" lon="-0.009973"><ele>8.75</ele></trkpt>
      <trkpt lat="51.524348" lon="-0.009941"><ele>8.75</ele></trkpt>
      <trkpt lat="51.524333" lon="-0.0099"><ele>8.75</ele></trkpt>
      <trkpt lat="51.524272" lon="-0.009647"><ele>8.25</ele></trkpt>
      <trkpt lat="51.524259" lon="-0.009615"><ele>8.25</ele></trkpt>
      <trkpt lat="51.524241" lon="-0.009597"><ele>8.25</ele></trkpt>
      <trkpt lat="51.524226" lon="-0.009596"><ele>8.25</ele></trkpt>
      <trkpt lat="51.524203" lon="-0.009615"><ele>8.5</ele></trkpt>
      <trkpt lat="51.524185" lon="-0.009665"><ele>8.5</ele></trkpt>
      <trkpt lat="51.524187" lon="-0.009703"><ele>8.75</ele></trkpt>
      <trkpt lat="51.524128" lon="-0.009666"><ele>8.75</ele></trkpt>
      <trkpt lat="51.524094" lon="-0.009645"><ele>8.75</ele></trkpt>
      <trkpt lat="51.523961" lon="-0.009568"><ele>8.75</ele></trkpt>
      <trkpt lat="51.523887" lon="-0.009522"><ele>8.75</ele></trkpt>
      <trkpt lat="51.523848" lon="-0.009484"><ele>8.5</ele></trkpt>
      <trkpt lat="51.523832" lon="-0.009417"><ele>8.5</ele></trkpt>
      <trkpt lat="51.52386" lon="-0.009212"><ele>8.75</ele></trkpt>
      <trkpt lat="51.523871" lon="-0.009152"><ele>8.75</ele></trkpt>
      <trkpt lat="51.523849" lon="-0.009142"><ele>8.75</ele></trkpt>
      <trkpt lat="51.523814" lon="-0.009125"><ele>8.5</ele></trkpt>
      <trkpt lat="51.523783" lon="-0.009111"><ele>8.25</ele></trkpt>
      <trkpt lat="51.523771" lon="-0.009103"><ele>8.25</ele></trkpt>
      <trkpt lat="51.52384" lon="-0.008704"><ele>8.25</ele></trkpt>
      <trkpt lat="51.523854" lon="-0.008433"><ele>8</ele></trkpt>
      <trkpt lat="51.523858" lon="-0.00835"><ele>7.75</ele></trkpt>
      <trkpt lat="51.523849" lon="-0.007706"><ele>7.25</ele></trkpt>
      <trkpt lat="51.523841" lon="-0.007071"><ele>6.75</ele></trkpt>
      <trkpt lat="51.523844" lon="-0.006754"><ele>7</ele></trkpt>
      <trkpt lat="51.523836" lon="-0.005961"><ele>6.75</ele></trkpt>
      <trkpt lat="51.523828" lon="-0.005839"><ele>6.75</ele></trkpt>
      <trkpt lat="51.523814" lon="-0.005755"><ele>6.25</ele></trkpt>
      <trkpt lat="51.523793" lon="-0.005688"><ele>6</ele></trkpt>
      <trkpt lat="51.523774" lon="-0.005642"><ele>5.75</ele></trkpt>
      <trkpt lat="51.523747" lon="-0.005603"><ele>5.5</ele></trkpt>
      <trkpt lat="51.523703" lon="-0.005565"><ele>5.25</ele></trkpt>
      <trkpt lat="51.523536" lon="-0.005508"><ele>5</ele></trkpt>
      <trkpt lat="51.523406" lon="-0.005456"><ele>5.25</ele></trkpt>
      <trkpt lat="51.523366" lon="-0.005494"><ele>5.5</ele></trkpt>
      <trkpt lat="51.523324" lon="-0.005475"><ele>5.5</ele></trkpt>
      <trkpt lat="51.523297" lon="-0.005463"><ele>5.5</ele></trkpt>
      <trkpt lat="51.523266" lon="-0.005458"><ele>5.5</ele></trkpt>
      <trkpt lat="51.522908" lon="-0.005242"><ele>5.25</ele></trkpt>
      <trkpt lat="51.522878" lon="-0.005214"><ele>5.25</ele></trkpt>
      <trkpt lat="51.522849" lon="-0.005188"><ele>5.5</ele></trkpt>
      <trkpt lat="51.522495" lon="-0.004908"><ele>5</ele></trkpt>
      <trkpt lat="51.522284" lon="-0.004763"><ele>5</ele></trkpt>
      <trkpt lat="51.522306" lon="-0.004673"><ele>5</ele></trkpt>
      <trkpt lat="51.522311" lon="-0.00465"><ele>5</ele></trkpt>
      <trkpt lat="51.522319" lon="-0.00461"><ele>5</ele></trkpt>
      <trkpt lat="51.522332" lon="-0.00457"><ele>5</ele></trkpt>
      <trkpt lat="51.522346" lon="-0.004552"><ele>5</ele></trkpt>
      <trkpt lat="51.522369" lon="-0.004518"><ele>5</ele></trkpt>
      <trkpt lat="51.522364" lon="-0.004371"><ele>5</ele></trkpt>
      <trkpt lat="51.522373" lon="-0.004268"><ele>5</ele></trkpt>
      <trkpt lat="51.522307" lon="-0.00416"><ele>5</ele></trkpt>
      <trkpt lat="51.522247" lon="-0.004099"><ele>5</ele></trkpt>
      <trkpt lat="51.522203" lon="-0.004107"><ele>5</ele></trkpt>
      <trkpt lat="51.522185" lon="-0.004081"><ele>5</ele></trkpt>
      <trkpt lat="51.522106" lon="-0.004069"><ele>5</ele></trkpt>
      <trkpt lat="51.522071" lon="-0.004052"><ele>5</ele></trkpt>
      <trkpt lat="51.522047" lon="-0.00404"><ele>5</ele></trkpt>
      <trkpt lat="51.521976" lon="-0.00397"><ele>5</ele></trkpt>
      <trkpt lat="51.521765" lon="-0.003718"><ele>5</ele></trkpt>
      <trkpt lat="51.521695" lon="-0.003583"><ele>4.75</ele></trkpt>
      <trkpt lat="51.521676" lon="-0.003501"><ele>4.75</ele></trkpt>
      <trkpt lat="51.521653" lon="-0.00349"><ele>5</ele></trkpt>
      <trkpt lat="51.521625" lon="-0.003315"><ele>4.75</ele></trkpt>
      <trkpt lat="51.521624" lon="-0.003225"><ele>4.5</ele></trkpt>
      <trkpt lat="51.521594" lon="-0.002252"><ele>4</ele></trkpt>
      <trkpt lat="51.521566" lon="-0.001179"><ele>2</ele></trkpt>
      <trkpt lat="51.521552" lon="-0.001086"><ele>2</ele></trkpt>
      <trkpt lat="51.521537" lon="-0.000986"><ele>2</ele></trkpt>
      <trkpt lat="51.521472" lon="-0.000598"><ele>2</ele></trkpt>
      <trkpt lat="51.521324" lon="0.000344"><ele>2</ele></trkpt>
      <trkpt lat="51.521336" lon="0.000434"><ele>2</ele></trkpt>
      <trkpt lat="51.521325" lon="0.000509"><ele>2</ele></trkpt>
      <trkpt lat="51.521314" lon="0.000584"><ele>2</ele></trkpt>
      <trkpt lat="51.521297" lon="0.000607"><ele>2</ele></trkpt>
      <trkpt lat="51.521225" lon="0.001058"><ele>2.25</ele></trkpt>
      <trkpt lat="51.520916" lon="0.003208"><ele>1.25</ele></trkpt>
      <trkpt lat="51.520864" lon="0.003568"><ele>1</ele></trkpt>
      <trkpt lat="51.520866" lon="0.003599"><ele>1</ele></trkpt>
      <trkpt lat="51.520893" lon="0.003663"><ele>1</ele></trkpt>
      <trkpt lat="51.520926" lon="0.003682"><ele>1</ele></trkpt>
      <trkpt lat="51.52151" lon="0.003625"><ele>1</ele></trkpt>
      <trkpt lat="51.521625" lon="0.003616"><ele>1</ele></trkpt>
      <trkpt lat="51.521686" lon="0.003611"><ele>1</ele></trkpt>
      <trkpt lat="51.521705" lon="0.003611"><ele>1</ele></trkpt>
      <trkpt lat="51.521765" lon="0.003619"><ele>1.25</ele></trkpt>
      <trkpt lat="51.521851" lon="0.003639"><ele>1.5</ele></trkpt>
      <trkpt lat="51.522429" lon="0.003765"><ele>2.75</ele></trkpt>
      <trkpt lat="51.522832" lon="0.003854"><ele>1.75</ele></trkpt>
      <trkpt lat="51.522909" lon="0.003882"><ele>1.75</ele></trkpt>
      <trkpt lat="51.522958" lon="0.003919"><ele>1.5</ele></trkpt>
      <trkpt lat="51.522991" lon="0.003967"><ele>1.5</ele></trkpt>
      <trkpt lat="51.523009" lon="0.004018"><ele>1.5</ele></trkpt>
      <trkpt lat="51.523022" lon="0.004091"><ele>1.5</ele></trkpt>
      <trkpt lat="51.523024" lon="0.004118"><ele>1.5</ele></trkpt>
      <trkpt lat="51.522996" lon="0.004455"><ele>2</ele></trkpt>
      <trkpt lat="51.523001" lon="0.004518"><ele>2.25</ele></trkpt>
      <trkpt lat="51.52302" lon="0.004585"><ele>2.25</ele></trkpt>
      <trkpt lat="51.523064" lon="0.004644"><ele>2.5</ele></trkpt>
      <trkpt lat="51.5231" lon="0.004658"><ele>2.5</ele></trkpt>
      <trkpt lat="51.523178" lon="0.004657"><ele>2.5</ele></trkpt>
      <trkpt lat="51.523179" lon="0.004672"><ele>2.5</ele></trkpt>
      <trkpt lat="51.523181" lon="0.004717"><ele>2.75</ele></trkpt>
      <trkpt lat="51.523183" lon="0.004766"><ele>2.5</ele></trkpt>
      <trkpt lat="51.523184" lon="0.004783"><ele>2.5</ele></trkpt>
      <trkpt lat="51.523624" lon="0.004741"><ele>2</ele></trkpt>
      <trkpt lat="51.523805" lon="0.004737"><ele>2</ele></trkpt>
      <trkpt lat="51.524237" lon="0.004791"><ele>1.5</ele></trkpt>
      <trkpt lat="51.524273" lon="0.004803"><ele>1.5</ele></trkpt>
      <trkpt lat="51.524288" lon="0.004831"><ele>1.5</ele></trkpt>
      <trkpt lat="51.524328" lon="0.004836"><ele>1.25</ele></trkpt>
      <trkpt lat="51.524372" lon="0.004845"><ele>1.25</ele></trkpt>
      <trkpt lat="51.524394" lon="0.00484"><ele>1</ele></trkpt>
      <trkpt lat="51.524707" lon="0.004862"><ele>1.25</ele></trkpt>
      <trkpt lat="51.524731" lon="0.004881"><ele>1.5</ele></trkpt>
      <trkpt lat="51.524776" lon="0.004886"><ele>1.5</ele></trkpt>
      <trkpt lat="51.524826" lon="0.004892"><ele>1.75</ele></trkpt>
      <trkpt lat="51.524854" lon="0.004885"><ele>1.75</ele></trkpt>
      <trkpt lat="51.525107" lon="0.004924"><ele>2</ele></trkpt>
      <trkpt lat="51.525496" lon="0.004936"><ele>2</ele></trkpt>
      <trkpt lat="51.52554" lon="0.004936"><ele>2</ele></trkpt>
      <trkpt lat="51.525675" lon="0.004937"><ele>1.5</ele></trkpt>
      <trkpt lat="51.52571" lon="0.004937"><ele>1.5</ele></trkpt>
      <trkpt lat="51.525748" lon="0.004937"><ele>1.25</ele></trkpt>
      <trkpt lat="51.526514" lon="0.004942"><ele>1</ele></trkpt>
      <trkpt lat="51.527619" lon="0.004918"><ele>1</ele></trkpt>
      <trkpt lat="51.52772" lon="0.004921"><ele>1</ele></trkpt>
      <trkpt lat="51.527723" lon="0.005168"><ele>1</ele></trkpt>
      <trkpt lat="51.527772" lon="0.005167"><ele>1</ele></trkpt>
      <trkpt lat="51.527799" lon="0.005166"><ele>1</ele></trkpt>
      <trkpt lat="51.527944" lon="0.00517"><ele>1.25</ele></trkpt>
      <trkpt lat="51.527997" lon="0.005182"><ele>1.5</ele></trkpt>
      <trkpt lat="51.528049" lon="0.005182"><ele>1.5</ele></trkpt>
      <trkpt lat="51.528079" lon="0.005171"><ele>1.75</ele></trkpt>
      <trkpt lat="51.528187" lon="0.00517"><ele>2.5</ele></trkpt>
      <trkpt lat="51.528186" lon="0.005096"><ele>2</ele></trkpt>
      <trkpt lat="51.528185" lon="0.005013"><ele>1.5</ele></trkpt>
      <trkpt lat="51.528159" lon="0.005048"><ele>1.5</ele></trkpt>
      <trkpt lat="51.528143" lon="0.005048"><ele>1.5</ele></trkpt>
      <trkpt lat="51.528135" lon="0.005048"><ele>1</ele></trkpt>
      <trkpt lat="51.528143" lon="0.005048"><ele>1.5</ele></trkpt>
      <trkpt lat="51.528159" lon="0.005048"><ele>1.5</ele></trkpt>
      <trkpt lat="51.528185" lon="0.005013"><ele>1.5</ele></trkpt>
      <trkpt lat="51.528186" lon="0.005096"><ele>2</ele></trkpt>
      <trkpt lat="51.528187" lon="0.00517"><ele>2.5</ele></trkpt>
      <trkpt lat="51.528079" lon="0.005171"><ele>1.75</ele></trkpt>
      <trkpt lat="51.528049" lon="0.005182"><ele>1.5</ele></trkpt>
      <trkpt lat="51.527997" lon="0.005182"><ele>1.5</ele></trkpt>
      <trkpt lat="51.527944" lon="0.00517"><ele>1.25</ele></trkpt>
      <trkpt lat="51.527799" lon="0.005166"><ele>1</ele></trkpt>
      <trkpt lat="51.527801" lon="0.004938"><ele>1</ele></trkpt>
      <trkpt lat="51.527808" lon="0.004901"><ele>1</ele></trkpt>
      <trkpt lat="51.527828" lon="0.004888"><ele>1</ele></trkpt>
      <trkpt lat="51.527977" lon="0.004884"><ele>1</ele></trkpt>
      <trkpt lat="51.528104" lon="0.00488"><ele>1</ele></trkpt>
      <trkpt lat="51.528396" lon="0.004863"><ele>1.5</ele></trkpt>
      <trkpt lat="51.528449" lon="0.004872"><ele>1.5</ele></trkpt>
      <trkpt lat="51.528605" lon="0.004967"><ele>1.75</ele></trkpt>
      <trkpt lat="51.528705" lon="0.004975"><ele>1.75</ele></trkpt>
      <trkpt lat="51.529189" lon="0.004963"><ele>2</ele></trkpt>
      <trkpt lat="51.529224" lon="0.004978"><ele>2</ele></trkpt>
      <trkpt lat="51.529248" lon="0.005018"><ele>2</ele></trkpt>
      <trkpt lat="51.529269" lon="0.00502"><ele>2</ele></trkpt>
      <trkpt lat="51.529313" lon="0.005024"><ele>2</ele></trkpt>
      <trkpt lat="51.529385" lon="0.005031"><ele>2</ele></trkpt>
      <trkpt lat="51.529391" lon="0.005032"><ele>2</ele></trkpt>
      <trkpt lat="51.529404" lon="0.004988"><ele>2</ele></trkpt>
      <trkpt lat="51.529429" lon="0.004945"><ele>2</ele></trkpt>
      <trkpt lat="51.529477" lon="0.004897"><ele>1.75</ele></trkpt>
      <trkpt lat="51.52961" lon="0.004842"><ele>1.5</ele></trkpt>
      <trkpt lat="51.529805" lon="0.004796"><ele>1.25</ele></trkpt>
      <trkpt lat="51.529847" lon="0.0048"><ele>1.25</ele></trkpt>
      <trkpt lat="51.529908" lon="0.004834"><ele>1.25</ele></trkpt>
      <trkpt lat="51.529939" lon="0.004854"><ele>1.25</ele></trkpt>
      <trkpt lat="51.529955" lon="0.004864"><ele>1.5</ele></trkpt>
      <trkpt lat="51.530035" lon="0.004981"><ele>1.75</ele></trkpt>
      <trkpt lat="51.530118" lon="0.005121"><ele>3.75</ele></trkpt>
      <trkpt lat="51.530138" lon="0.005162"><ele>4</ele></trkpt>
      <trkpt lat="51.530195" lon="0.005273"><ele>4</ele></trkpt>
      <trkpt lat="51.530342" lon="0.005528"><ele>2.75</ele></trkpt>
      <trkpt lat="51.530548" lon="0.005963"><ele>2</ele></trkpt>
      <trkpt lat="51.530579" lon="0.006031"><ele>2</ele></trkpt>
      <trkpt lat="51.530579" lon="0.006077"><ele>2</ele></trkpt>
      <trkpt lat="51.530556" lon="0.006147"><ele>2</ele></trkpt>
      <trkpt lat="51.530572" lon="0.00618"><ele>2</ele></trkpt>
      <trkpt lat="51.530595" lon="0.006223"><ele>2</ele></trkpt>
      <trkpt lat="51.530562" lon="0.006265"><ele>2</ele></trkpt>
      <trkpt lat="51.530528" lon="0.006332"><ele>2</ele></trkpt>
      <trkpt lat="51.530497" lon="0.006457"><ele>2</ele></trkpt>
      <trkpt lat="51.53049" lon="0.006522"><ele>2</ele></trkpt>
      <trkpt lat="51.530482" lon="0.006601"><ele>2</ele></trkpt>
      <trkpt lat="51.530476" lon="0.006657"><ele>2.25</ele></trkpt>
      <trkpt lat="51.53047" lon="0.00677"><ele>2.5</ele></trkpt>
      <trkpt lat="51.530502" lon="0.007403"><ele>2.25</ele></trkpt>
      <trkpt lat="51.530529" lon="0.007954"><ele>2</ele></trkpt>
      <trkpt lat="51.530533" lon="0.008025"><ele>2</ele></trkpt>
      <trkpt lat="51.53055" lon="0.008355"><ele>2</ele></trkpt>
      <trkpt lat="51.530572" lon="0.008798"><ele>3</ele></trkpt>
      <trkpt lat="51.530601" lon="0.009355"><ele>3</ele></trkpt>
      <trkpt lat="51.530617" lon="0.009663"><ele>3</ele></trkpt>
      <trkpt lat="51.530629" lon="0.009913"><ele>3</ele></trkpt>
      <trkpt lat="51.530656" lon="0.010456"><ele>3</ele></trkpt>
      <trkpt lat="51.530666" lon="0.010863"><ele>3</ele></trkpt>
      <trkpt lat="51.530663" lon="0.01102"><ele>3</ele></trkpt>
      <trkpt lat="51.530646" lon="0.011264"><ele>3</ele></trkpt>
      <trkpt lat="51.530592" lon="0.011676"><ele>3</ele></trkpt>
      <trkpt lat="51.530559" lon="0.011997"><ele>3</ele></trkpt>
      <trkpt lat="51.53056" lon="0.012044"><ele>3</ele></trkpt>
      <trkpt lat="51.53056" lon="0.012095"><ele>3</ele></trkpt>
      <trkpt lat="51.530582" lon="0.01223"><ele>3</ele></trkpt>
      <trkpt lat="51.530647" lon="0.012435"><ele>3</ele></trkpt>
      <trkpt lat="51.530817" lon="0.012868"><ele>2.75</ele></trkpt>
      <trkpt lat="51.53099" lon="0.013265"><ele>3</ele></trkpt>
      <trkpt lat="51.531273" lon="0.013835"><ele>3</ele></trkpt>
      <trkpt lat="51.531386" lon="0.014039"><ele>3</ele></trkpt>
      <trkpt lat="51.531449" lon="0.014152"><ele>3</ele></trkpt>
      <trkpt lat="51.531776" lon="0.014687"><ele>3</ele></trkpt>
      <trkpt lat="51.532118" lon="0.015175"><ele>3</ele></trkpt>
      <trkpt lat="51.532139" lon="0.015207"><ele>3</ele></trkpt>
      <trkpt lat="51.532154" lon="0.01523"><ele>3</ele></trkpt>
      <trkpt lat="51.532185" lon="0.015274"><ele>3</ele></trkpt>
      <trkpt lat="51.532326" lon="0.015473"><ele>3</ele></trkpt>
      <trkpt lat="51.532308" lon="0.015518"><ele>3</ele></trkpt>
      <trkpt lat="51.532147" lon="0.015929"><ele>3.5</ele></trkpt>
      <trkpt lat="51.532127" lon="0.015978"><ele>3.5</ele></trkpt>
      <trkpt lat="51.532108" lon="0.016026"><ele>3.5</ele></trkpt>
      <trkpt lat="51.532049" lon="0.016189"><ele>3.25</ele></trkpt>
      <trkpt lat="51.531947" lon="0.016428"><ele>4</ele></trkpt>
      <trkpt lat="51.53193" lon="0.01647"><ele>4</ele></trkpt>
      <trkpt lat="51.531915" lon="0.016507"><ele>4.25</ele></trkpt>
      <trkpt lat="51.531823" lon="0.016757"><ele>3.75</ele></trkpt>
      <trkpt lat="51.531468" lon="0.017624"><ele>3</ele></trkpt>
      <trkpt lat="51.531364" lon="0.017876"><ele>3</ele></trkpt>
      <trkpt lat="51.531346" lon="0.01786"><ele>3</ele></trkpt>
      <trkpt lat="51.531325" lon="0.017839"><ele>3</ele></trkpt>
      <trkpt lat="51.531336" lon="0.017812"><ele>3</ele></trkpt>
      <trkpt lat="51.531318" lon="0.017731"><ele>3</ele></trkpt>
      <trkpt lat="51.53132" lon="0.0177"><ele>3</ele></trkpt>
      <trkpt lat="51.531306" lon="0.017637"><ele>3</ele></trkpt>
      <trkpt lat="51.531302" lon="0.017618"><ele>3</ele></trkpt>
      <trkpt lat="51.531287" lon="0.017552"><ele>3.25</ele></trkpt>
      <trkpt lat="51.531273" lon="0.01753"><ele>3.25</ele></trkpt>
      <trkpt lat="51.531302" lon="0.017515"><ele>3.25</ele></trkpt>
      <trkpt lat="51.531273" lon="0.01753"><ele>3.25</ele></trkpt>
      <trkpt lat="51.531272" lon="0.01756"><ele>3.25</ele></trkpt>
      <trkpt lat="51.531286" lon="0.017627"><ele>3</ele></trkpt>
      <trkpt lat="51.531291" lon="0.017646"><ele>3</ele></trkpt>
      <trkpt lat="51.531305" lon="0.017709"><ele>3</ele></trkpt>
      <trkpt lat="51.531318" lon="0.017731"><ele>3</ele></trkpt>
      <trkpt lat="51.531336" lon="0.017812"><ele>3</ele></trkpt>
      <trkpt lat="51.531325" lon="0.017839"><ele>3</ele></trkpt>
      <trkpt lat="51.531346" lon="0.01786"><ele>3</ele></trkpt>
      <trkpt lat="51.531364" lon="0.017876"><ele>3</ele></trkpt>
      <trkpt lat="51.531345" lon="0.017923"><ele>3</ele></trkpt>
      <trkpt lat="51.531357" lon="0.017935"><ele>3</ele></trkpt>
      <trkpt lat="51.531389" lon="0.017965"><ele>3</ele></trkpt>
      <trkpt lat="51.531426" lon="0.017999"><ele>3</ele></trkpt>
      <trkpt lat="51.531443" lon="0.018015"><ele>3</ele></trkpt>
      <trkpt lat="51.531353" lon="0.018236"><ele>3.25</ele></trkpt>
      <trkpt lat="51.531299" lon="0.018368"><ele>3.25</ele></trkpt>
      <trkpt lat="51.531249" lon="0.018528"><ele>3.75</ele></trkpt>
      <trkpt lat="51.531224" lon="0.018633"><ele>4</ele></trkpt>
      <trkpt lat="51.531133" lon="0.01913"><ele>4.75</ele></trkpt>
      <trkpt lat="51.531095" lon="0.019368"><ele>4.75</ele></trkpt>
      <trkpt lat="51.531098" lon="0.019625"><ele>5</ele></trkpt>
      <trkpt lat="51.531105" lon="0.019816"><ele>5</ele></trkpt>
      <trkpt lat="51.531105" lon="0.019862"><ele>5</ele></trkpt>
      <trkpt lat="51.531188" lon="0.019885"><ele>4.5</ele></trkpt>
      <trkpt lat="51.531244" lon="0.019811"><ele>4.5</ele></trkpt>
      <trkpt lat="51.531284" lon="0.019834"><ele>4.25</ele></trkpt>
      <trkpt lat="51.53153" lon="0.01996"><ele>4.25</ele></trkpt>
      <trkpt lat="51.531615" lon="0.02001"><ele>4.75</ele></trkpt>
      <trkpt lat="51.53166" lon="0.020058"><ele>4.75</ele></trkpt>
      <trkpt lat="51.531681" lon="0.020102"><ele>4.75</ele></trkpt>
      <trkpt lat="51.531691" lon="0.020143"><ele>4.75</ele></trkpt>
      <trkpt lat="51.531771" lon="0.020513"><ele>4.5</ele></trkpt>
      <trkpt lat="51.531983" lon="0.021478"><ele>5.5</ele></trkpt>
      <trkpt lat="51.532048" lon="0.021763"><ele>5.5</ele></trkpt>
      <trkpt lat="51.531987" lon="0.021817"><ele>6</ele></trkpt>
      <trkpt lat="51.531954" lon="0.02186"><ele>6.5</ele></trkpt>
      <trkpt lat="51.531938" lon="0.021903"><ele>6.75</ele></trkpt>
      <trkpt lat="51.531931" lon="0.021943"><ele>6.75</ele></trkpt>
      <trkpt lat="51.531936" lon="0.022001"><ele>6.75</ele></trkpt>
      <trkpt lat="51.531937" lon="0.022013"><ele>6.75</ele></trkpt>
      <trkpt lat="51.531944" lon="0.022086"><ele>6.75</ele></trkpt>
      <trkpt lat="51.532033" lon="0.022076"><ele>6.5</ele></trkpt>
      <trkpt lat="51.532047" lon="0.02215"><ele>6.5</ele></trkpt>
      <trkpt lat="51.532057" lon="0.022197"><ele>6.5</ele></trkpt>
      <trkpt lat="51.532279" lon="0.023343"><ele>6.75</ele></trkpt>
      <trkpt lat="51.532319" lon="0.023526"><ele>6.75</ele></trkpt>
      <trkpt lat="51.532449" lon="0.024114"><ele>7</ele></trkpt>
      <trkpt lat="51.532537" lon="0.024508"><ele>6.75</ele></trkpt>
      <trkpt lat="51.532658" lon="0.025068"><ele>7.75</ele></trkpt>
      <trkpt lat="51.532717" lon="0.025339"><ele>7</ele></trkpt>
      <trkpt lat="51.53281" lon="0.025778"><ele>6.75</ele></trkpt>
      <trkpt lat="51.532834" lon="0.025893"><ele>7</ele></trkpt>
      <trkpt lat="51.532874" lon="0.026085"><ele>7</ele></trkpt>
      <trkpt lat="51.532924" lon="0.026315"><ele>7.25</ele></trkpt>
      <trkpt lat="51.532995" lon="0.026648"><ele>7.75</ele></trkpt>
      <trkpt lat="51.53302" lon="0.026763"><ele>8</ele></trkpt>
      <trkpt lat="51.533112" lon="0.027182"><ele>7.75</ele></trkpt>
      <trkpt lat="51.533204" lon="0.027597"><ele>7.5</ele></trkpt>
      <trkpt lat="51.533273" lon="0.027889"><ele>7.25</ele></trkpt>
      <trkpt lat="51.533293" lon="0.028016"><ele>7</ele></trkpt>
      <trkpt lat="51.533274" lon="0.028146"><ele>7</ele></trkpt>
      <trkpt lat="51.53322" lon="0.028228"><ele>7</ele></trkpt>
      <trkpt lat="51.533083" lon="0.028298"><ele>7</ele></trkpt>
      <trkpt lat="51.533047" lon="0.028359"><ele>7</ele></trkpt>
      <trkpt lat="51.53303" lon="0.028468"><ele>7</ele></trkpt>
      <trkpt lat="51.533061" lon="0.028703"><ele>7</ele></trkpt>
      <trkpt lat="51.533095" lon="0.028932"><ele>7</ele></trkpt>
      <trkpt lat="51.533168" lon="0.029446"><ele>7</ele></trkpt>
      <trkpt lat="51.533208" lon="0.029787"><ele>7</ele></trkpt>
      <trkpt lat="51.533235" lon="0.030244"><ele>7</ele></trkpt>
      <trkpt lat="51.533243" lon="0.030361"><ele>7</ele></trkpt>
      <trkpt lat="51.533266" lon="0.030585"><ele>7</ele></trkpt>
      <trkpt lat="51.533303" lon="0.030848"><ele>7</ele></trkpt>
      <trkpt lat="51.533348" lon="0.031102"><ele>7</ele></trkpt>
      <trkpt lat="51.533361" lon="0.031172"><ele>7</ele></trkpt>
      <trkpt lat="51.533404" lon="0.031402"><ele>7.25</ele></trkpt>
      <trkpt lat="51.53344" lon="0.03155"><ele>7.5</ele></trkpt>
      <trkpt lat="51.533483" lon="0.031709"><ele>8</ele></trkpt>
      <trkpt lat="51.533531" lon="0.031827"><ele>8</ele></trkpt>
      <trkpt lat="51.533599" lon="0.031908"><ele>8</ele></trkpt>
      <trkpt lat="51.533687" lon="0.032003"><ele>8</ele></trkpt>
      <trkpt lat="51.53371" lon="0.032041"><ele>8</ele></trkpt>
      <trkpt lat="51.533732" lon="0.032087"><ele>8</ele></trkpt>
      <trkpt lat="51.533749" lon="0.032144"><ele>8</ele></trkpt>
      <trkpt lat="51.533779" lon="0.032325"><ele>8</ele></trkpt>
      <trkpt lat="51.533875" lon="0.032282"><ele>8</ele></trkpt>
      <trkpt lat="51.533918" lon="0.032261"><ele>8</ele></trkpt>
      <trkpt lat="51.533961" lon="0.03226"><ele>8</ele></trkpt>
      <trkpt lat="51.534077" lon="0.032319"><ele>8</ele></trkpt>
      <trkpt lat="51.534104" lon="0.032321"><ele>8</ele></trkpt>
      <trkpt lat="51.534291" lon="0.032227"><ele>8</ele></trkpt>
      <trkpt lat="51.534361" lon="0.0322"><ele>7.75</ele></trkpt>
      <trkpt lat="51.534404" lon="0.032207"><ele>7.75</ele></trkpt>
      <trkpt lat="51.534442" lon="0.032239"><ele>8</ele></trkpt>
      <trkpt lat="51.534475" lon="0.032297"><ele>7.75</ele></trkpt>
      <trkpt lat="51.534552" lon="0.032651"><ele>6.75</ele></trkpt>
      <trkpt lat="51.534636" lon="0.03303"><ele>7.25</ele></trkpt>
      <trkpt lat="51.534711" lon="0.033357"><ele>8</ele></trkpt>
      <trkpt lat="51.534866" lon="0.034052"><ele>6.75</ele></trkpt>
      <trkpt lat="51.535087" lon="0.035053"><ele>7.75</ele></trkpt>
      <trkpt lat="51.535116" lon="0.035218"><ele>7.5</ele></trkpt>
      <trkpt lat="51.535126" lon="0.035345"><ele>7.75</ele></trkpt>
      <trkpt lat="51.535134" lon="0.035454"><ele>8</ele></trkpt>
      <trkpt lat="51.535139" lon="0.03551"><ele>8.25</ele></trkpt>
      <trkpt lat="51.535215" lon="0.035486"><ele>7.75</ele></trkpt>
      <trkpt lat="51.535257" lon="0.035472"><ele>7.75</ele></trkpt>
      <trkpt lat="51.535272" lon="0.035467"><ele>7.75</ele></trkpt>
      <trkpt lat="51.535326" lon="0.035449"><ele>8</ele></trkpt>
      <trkpt lat="51.535364" lon="0.035435"><ele>8.25</ele></trkpt>
      <trkpt lat="51.535379" lon="0.03543"><ele>8.25</ele></trkpt>
      <trkpt lat="51.535495" lon="0.03539"><ele>8.75</ele></trkpt>
      <trkpt lat="51.535551" lon="0.035372"><ele>8.75</ele></trkpt>
      <trkpt lat="51.535566" lon="0.035429"><ele>9</ele></trkpt>
      <trkpt lat="51.535578" lon="0.035487"><ele>9</ele></trkpt>
      <trkpt lat="51.535582" lon="0.035504"><ele>9</ele></trkpt>
      <trkpt lat="51.535681" lon="0.035936"><ele>7.25</ele></trkpt>
      <trkpt lat="51.535925" lon="0.037009"><ele>7.5</ele></trkpt>
      <trkpt lat="51.535963" lon="0.037097"><ele>7.5</ele></trkpt>
      <trkpt lat="51.535991" lon="0.037125"><ele>7.75</ele></trkpt>
      <trkpt lat="51.536041" lon="0.037175"><ele>8.25</ele></trkpt>
      <trkpt lat="51.536267" lon="0.037343"><ele>9</ele></trkpt>
      <trkpt lat="51.536788" lon="0.03773"><ele>9</ele></trkpt>
      <trkpt lat="51.536811" lon="0.037747"><ele>9</ele></trkpt>
      <trkpt lat="51.536851" lon="0.037778"><ele>9</ele></trkpt>
      <trkpt lat="51.536838" lon="0.037884"><ele>9</ele></trkpt>
      <trkpt lat="51.536797" lon="0.037876"><ele>9</ele></trkpt>
      <trkpt lat="51.536784" lon="0.037874"><ele>9</ele></trkpt>
      <trkpt lat="51.536785" lon="0.038007"><ele>9</ele></trkpt>
      <trkpt lat="51.536803" lon="0.038061"><ele>9</ele></trkpt>
      <trkpt lat="51.536819" lon="0.038111"><ele>9</ele></trkpt>
      <trkpt lat="51.53684" lon="0.038174"><ele>9</ele></trkpt>
      <trkpt lat="51.536843" lon="0.038185"><ele>9</ele></trkpt>
      <trkpt lat="51.536827" lon="0.038199"><ele>9</ele></trkpt>
      <trkpt lat="51.536797" lon="0.038254"><ele>9</ele></trkpt>
      <trkpt lat="51.536721" lon="0.038515"><ele>9</ele></trkpt>
      <trkpt lat="51.536699" lon="0.0386"><ele>9</ele></trkpt>
      <trkpt lat="51.536694" lon="0.038753"><ele>9</ele></trkpt>
      <trkpt lat="51.536709" lon="0.038926"><ele>9</ele></trkpt>
      <trkpt lat="51.536959" lon="0.040377"><ele>8.5</ele></trkpt>
      <trkpt lat="51.537361" lon="0.042168"><ele>8</ele></trkpt>
      <trkpt lat="51.537375" lon="0.04219"><ele>8</ele></trkpt>
      <trkpt lat="51.537374" lon="0.042211"><ele>8</ele></trkpt>
      <trkpt lat="51.53739" lon="0.042282"><ele>8</ele></trkpt>
      <trkpt lat="51.537409" lon="0.04237"><ele>8</ele></trkpt>
      <trkpt lat="51.537418" lon="0.042398"><ele>8</ele></trkpt>
      <trkpt lat="51.537418" lon="0.042426"><ele>8</ele></trkpt>
      <trkpt lat="51.53756" lon="0.043087"><ele>8</ele></trkpt>
      <trkpt lat="51.537576" lon="0.043122"><ele>8.25</ele></trkpt>
      <trkpt lat="51.53772" lon="0.043293"><ele>8.75</ele></trkpt>
      <trkpt lat="51.537712" lon="0.043316"><ele>8.75</ele></trkpt>
      <trkpt lat="51.537702" lon="0.043342"><ele>8.5</ele></trkpt>
      <trkpt lat="51.537716" lon="0.043358"><ele>8.75</ele></trkpt>
      <trkpt lat="51.537742" lon="0.043386"><ele>8.75</ele></trkpt>
      <trkpt lat="51.537747" lon="0.043373"><ele>8.75</ele></trkpt>
      <trkpt lat="51.537797" lon="0.043422"><ele>8.75</ele></trkpt>
      <trkpt lat="51.537829" lon="0.043459"><ele>8.75</ele></trkpt>
      <trkpt lat="51.537854" lon="0.04351"><ele>8.5</ele></trkpt>
      <trkpt lat="51.537874" lon="0.043593"><ele>8.5</ele></trkpt>
      <trkpt lat="51.538019" lon="0.044218"><ele>8</ele></trkpt>
      <trkpt lat="51.53821" lon="0.045043"><ele>8</ele></trkpt>
      <trkpt lat="51.538339" lon="0.045602"><ele>8</ele></trkpt>
      <trkpt lat="51.538516" lon="0.046364"><ele>8</ele></trkpt>
      <trkpt lat="51.538731" lon="0.047293"><ele>8</ele></trkpt>
      <trkpt lat="51.53877" lon="0.047467"><ele>8</ele></trkpt>
      <trkpt lat="51.538821" lon="0.047684"><ele>8</ele></trkpt>
      <trkpt lat="51.538896" lon="0.048008"><ele>8</ele></trkpt>
      <trkpt lat="51.539047" lon="0.048657"><ele>8</ele></trkpt>
      <trkpt lat="51.539076" lon="0.04878"><ele>8</ele></trkpt>
      <trkpt lat="51.539304" lon="0.049762"><ele>8</ele></trkpt>
      <trkpt lat="51.539428" lon="0.050297"><ele>8</ele></trkpt>
      <trkpt lat="51.539451" lon="0.050417"><ele>8</ele></trkpt>
      <trkpt lat="51.539456" lon="0.050441"><ele>8</ele></trkpt>
      <trkpt lat="51.539554" lon="0.050955"><ele>9</ele></trkpt>
      <trkpt lat="51.539556" lon="0.050966"><ele>9</ele></trkpt>
      <trkpt lat="51.539529" lon="0.050978"><ele>9</ele></trkpt>
      <trkpt lat="51.539487" lon="0.051016"><ele>9</ele></trkpt>
      <trkpt lat="51.539113" lon="0.051139"><ele>9</ele></trkpt>
      <trkpt lat="51.538948" lon="0.051187"><ele>9</ele></trkpt>
      <trkpt lat="51.538948" lon="0.051188"><ele>9</ele></trkpt>
      <trkpt lat="51.538952" lon="0.051228"><ele>9</ele></trkpt>
      <trkpt lat="51.538954" lon="0.051266"><ele>9</ele></trkpt>
      <trkpt lat="51.538958" lon="0.051327"><ele>9</ele></trkpt>
      <trkpt lat="51.538963" lon="0.051361"><ele>9</ele></trkpt>
      <trkpt lat="51.538787" lon="0.051405"><ele>9</ele></trkpt>
      <trkpt lat="51.538494" lon="0.051486"><ele>9</ele></trkpt>
      <trkpt lat="51.53845" lon="0.051544"><ele>8.75</ele></trkpt>
      <trkpt lat="51.538415" lon="0.051555"><ele>8.5</ele></trkpt>
      <trkpt lat="51.538422" lon="0.051611"><ele>8.5</ele></trkpt>
      <trkpt lat="51.538442" lon="0.051826"><ele>8</ele></trkpt>
      <trkpt lat="51.538449" lon="0.05187"><ele>8</ele></trkpt>
      <trkpt lat="51.538464" lon="0.051984"><ele>8</ele></trkpt>
      <trkpt lat="51.53855" lon="0.052616"><ele>7</ele></trkpt>
      <trkpt lat="51.538583" lon="0.052865"><ele>7</ele></trkpt>
      <trkpt lat="51.538683" lon="0.053603"><ele>6.75</ele></trkpt>
      <trkpt lat="51.538791" lon="0.054412"><ele>7</ele></trkpt>
      <trkpt lat="51.538923" lon="0.055408"><ele>7</ele></trkpt>
      <trkpt lat="51.53901" lon="0.056041"><ele>7</ele></trkpt>
      <trkpt lat="51.539062" lon="0.056429"><ele>7</ele></trkpt>
      <trkpt lat="51.539132" lon="0.056988"><ele>6.25</ele></trkpt>
      <trkpt lat="51.539202" lon="0.057461"><ele>7</ele></trkpt>
      <trkpt lat="51.539252" lon="0.057812"><ele>7</ele></trkpt>
      <trkpt lat="51.53931" lon="0.05822"><ele>7</ele></trkpt>
      <trkpt lat="51.539368" lon="0.058628"><ele>7</ele></trkpt>
      <trkpt lat="51.539424" lon="0.059018"><ele>6.5</ele></trkpt>
      <trkpt lat="51.539485" lon="0.059447"><ele>6</ele></trkpt>
      <trkpt lat="51.539535" lon="0.059799"><ele>6</ele></trkpt>
      <trkpt lat="51.539581" lon="0.060127"><ele>6</ele></trkpt>
      <trkpt lat="51.539616" lon="0.06038"><ele>6</ele></trkpt>
      <trkpt lat="51.539652" lon="0.060634"><ele>5.75</ele></trkpt>
      <trkpt lat="51.539678" lon="0.060812"><ele>5</ele></trkpt>
      <trkpt lat="51.539761" lon="0.061397"><ele>5</ele></trkpt>
      <trkpt lat="51.53984" lon="0.06195"><ele>4</ele></trkpt>
      <trkpt lat="51.539874" lon="0.062216"><ele>4</ele></trkpt>
      <trkpt lat="51.53989" lon="0.062391"><ele>4</ele></trkpt>
      <trkpt lat="51.53989" lon="0.06252"><ele>3.75</ele></trkpt>
      <trkpt lat="51.539881" lon="0.062583"><ele>3.75</ele></trkpt>
      <trkpt lat="51.539723" lon="0.063494"><ele>2.75</ele></trkpt>
      <trkpt lat="51.539697" lon="0.063643"><ele>2.75</ele></trkpt>
      <trkpt lat="51.539665" lon="0.063828"><ele>2</ele></trkpt>
      <trkpt lat="51.539658" lon="0.063913"><ele>2</ele></trkpt>
      <trkpt lat="51.539654" lon="0.064049"><ele>2</ele></trkpt>
      <trkpt lat="51.539662" lon="0.064189"><ele>2</ele></trkpt>
      <trkpt lat="51.539708" lon="0.064606"><ele>2</ele></trkpt>
      <trkpt lat="51.539802" lon="0.065491"><ele>2.5</ele></trkpt>
      <trkpt lat="51.539824" lon="0.06571"><ele>2.5</ele></trkpt>
      <trkpt lat="51.539857" lon="0.065704"><ele>2.5</ele></trkpt>
      <trkpt lat="51.539872" lon="0.065701"><ele>2.25</ele></trkpt>
      <trkpt lat="51.539874" lon="0.065728"><ele>2.25</ele></trkpt>
      <trkpt lat="51.539947" lon="0.066393"><ele>2.25</ele></trkpt>
      <trkpt lat="51.540017" lon="0.066886"><ele>2.25</ele></trkpt>
      <trkpt lat="51.540001" lon="0.066893"><ele>2.25</ele></trkpt>
      <trkpt lat="51.539608" lon="0.067103"><ele>2.25</ele></trkpt>
      <trkpt lat="51.539596" lon="0.067111"><ele>2.25</ele></trkpt>
      <trkpt lat="51.539633" lon="0.067211"><ele>2.5</ele></trkpt>
      <trkpt lat="51.539504" lon="0.0673"><ele>2.25</ele></trkpt>
      <trkpt lat="51.539523" lon="0.067359"><ele>2.5</ele></trkpt>
      <trkpt lat="51.539462" lon="0.067412"><ele>2.5</ele></trkpt>
      <trkpt lat="51.53873" lon="0.068044"><ele>2.25</ele></trkpt>
      <trkpt lat="51.538519" lon="0.068224"><ele>2.5</ele></trkpt>
      <trkpt lat="51.538354" lon="0.068368"><ele>2</ele></trkpt>
      <trkpt lat="51.538179" lon="0.068519"><ele>2.75</ele></trkpt>
      <trkpt lat="51.537711" lon="0.068923"><ele>3</ele></trkpt>
      <trkpt lat="51.537663" lon="0.068984"><ele>3</ele></trkpt>
      <trkpt lat="51.537647" lon="0.069011"><ele>3</ele></trkpt>
      <trkpt lat="51.53753" lon="0.069399"><ele>3</ele></trkpt>
      <trkpt lat="51.537524" lon="0.069469"><ele>3</ele></trkpt>
      <trkpt lat="51.537535" lon="0.069525"><ele>3</ele></trkpt>
      <trkpt lat="51.53752" lon="0.069538"><ele>3</ele></trkpt>
      <trkpt lat="51.53744" lon="0.069624"><ele>3</ele></trkpt>
      <trkpt lat="51.537514" lon="0.069702"><ele>3</ele></trkpt>
      <trkpt lat="51.537461" lon="0.070019"><ele>4</ele></trkpt>
      <trkpt lat="51.537438" lon="0.07006"><ele>4.25</ele></trkpt>
      <trkpt lat="51.537232" lon="0.070197"><ele>4.75</ele></trkpt>
      <trkpt lat="51.537216" lon="0.070236"><ele>4.75</ele></trkpt>
      <trkpt lat="51.537161" lon="0.070274"><ele>4.75</ele></trkpt>
      <trkpt lat="51.537005" lon="0.070413"><ele>5</ele></trkpt>
      <trkpt lat="51.536989" lon="0.070417"><ele>5</ele></trkpt>
      <trkpt lat="51.537135" lon="0.070866"><ele>5.25</ele></trkpt>
      <trkpt lat="51.537126" lon="0.070873"><ele>5.25</ele></trkpt>
      <trkpt lat="51.537087" lon="0.070903"><ele>5</ele></trkpt>
      <trkpt lat="51.537043" lon="0.070937"><ele>4.75</ele></trkpt>
      <trkpt lat="51.53703" lon="0.070947"><ele>4.75</ele></trkpt>
      <trkpt lat="51.537053" lon="0.071005"><ele>4.5</ele></trkpt>
      <trkpt lat="51.537167" lon="0.071367"><ele>4.5</ele></trkpt>
      <trkpt lat="51.537314" lon="0.071995"><ele>5</ele></trkpt>
      <trkpt lat="51.537325" lon="0.072061"><ele>5</ele></trkpt>
      <trkpt lat="51.537483" lon="0.073314"><ele>4.75</ele></trkpt>
      <trkpt lat="51.537473" lon="0.07344"><ele>4.75</ele></trkpt>
      <trkpt lat="51.537433" lon="0.07349"><ele>4.75</ele></trkpt>
      <trkpt lat="51.537441" lon="0.073526"><ele>4.75</ele></trkpt>
      <trkpt lat="51.537449" lon="0.073567"><ele>4.75</ele></trkpt>
      <trkpt lat="51.537456" lon="0.073608"><ele>4.75</ele></trkpt>
      <trkpt lat="51.537462" lon="0.073639"><ele>5</ele></trkpt>
      <trkpt lat="51.537469" lon="0.073678"><ele>5</ele></trkpt>
      <trkpt lat="51.537477" lon="0.073721"><ele>5</ele></trkpt>
      <trkpt lat="51.537483" lon="0.07374"><ele>5</ele></trkpt>
      <trkpt lat="51.537493" lon="0.073741"><ele>5</ele></trkpt>
      <trkpt lat="51.537592" lon="0.075187"><ele>7</ele></trkpt>
      <trkpt lat="51.537635" lon="0.075723"><ele>8</ele></trkpt>
      <trkpt lat="51.537636" lon="0.075842"><ele>8</ele></trkpt>
      <trkpt lat="51.537619" lon="0.075941"><ele>8</ele></trkpt>
      <trkpt lat="51.537609" lon="0.075975"><ele>8</ele></trkpt>
      <trkpt lat="51.537592" lon="0.076009"><ele>8</ele></trkpt>
      <trkpt lat="51.537599" lon="0.076048"><ele>8</ele></trkpt>
      <trkpt lat="51.537619" lon="0.07616"><ele>8</ele></trkpt>
      <trkpt lat="51.537629" lon="0.076227"><ele>8.25</ele></trkpt>
      <trkpt lat="51.537633" lon="0.076254"><ele>8.5</ele></trkpt>
      <trkpt lat="51.537676" lon="0.076288"><ele>8.5</ele></trkpt>
      <trkpt lat="51.537702" lon="0.076327"><ele>8.75</ele></trkpt>
      <trkpt lat="51.537905" lon="0.077462"><ele>9</ele></trkpt>
      <trkpt lat="51.537955" lon="0.077733"><ele>9</ele></trkpt>
      <trkpt lat="51.538065" lon="0.078476"><ele>9</ele></trkpt>
      <trkpt lat="51.538099" lon="0.078807"><ele>9</ele></trkpt>
      <trkpt lat="51.538101" lon="0.07893"><ele>8.75</ele></trkpt>
      <trkpt lat="51.538114" lon="0.079004"><ele>8.75</ele></trkpt>
      <trkpt lat="51.538193" lon="0.079153"><ele>8.5</ele></trkpt>
      <trkpt lat="51.538186" lon="0.079173"><ele>8.5</ele></trkpt>
      <trkpt lat="51.538079" lon="0.079502"><ele>8.5</ele></trkpt>
      <trkpt lat="51.538076" lon="0.079598"><ele>8.25</ele></trkpt>
      <trkpt lat="51.538126" lon="0.079658"><ele>8</ele></trkpt>
      <trkpt lat="51.538152" lon="0.079707"><ele>8</ele></trkpt>
      <trkpt lat="51.538361" lon="0.080003"><ele>8</ele></trkpt>
      <trkpt lat="51.538705" lon="0.080474"><ele>8.75</ele></trkpt>
      <trkpt lat="51.538725" lon="0.080479"><ele>9</ele></trkpt>
      <trkpt lat="51.53876" lon="0.080424"><ele>8.75</ele></trkpt>
      <trkpt lat="51.538768" lon="0.080433"><ele>8.75</ele></trkpt>
      <trkpt lat="51.538792" lon="0.08047"><ele>9</ele></trkpt>
      <trkpt lat="51.538828" lon="0.080521"><ele>9.5</ele></trkpt>
      <trkpt lat="51.538918" lon="0.080637"><ele>9.75</ele></trkpt>
      <trkpt lat="51.539288" lon="0.081116"><ele>9</ele></trkpt>
      <trkpt lat="51.539638" lon="0.08157"><ele>9</ele></trkpt>
      <trkpt lat="51.539605" lon="0.081648"><ele>9</ele></trkpt>
      <trkpt lat="51.539581" lon="0.081697"><ele>9</ele></trkpt>
      <trkpt lat="51.539559" lon="0.081743"><ele>8.75</ele></trkpt>
      <trkpt lat="51.539543" lon="0.081775"><ele>8.5</ele></trkpt>
      <trkpt lat="51.539578" lon="0.081837"><ele>9</ele></trkpt>
      <trkpt lat="51.539588" lon="0.081868"><ele>9.25</ele></trkpt>
      <trkpt lat="51.539606" lon="0.081893"><ele>9.5</ele></trkpt>
      <trkpt lat="51.539512" lon="0.082084"><ele>9.25</ele></trkpt>
      <trkpt lat="51.539282" lon="0.082553"><ele>8.25</ele></trkpt>
      <trkpt lat="51.539194" lon="0.082738"><ele>8</ele></trkpt>
      <trkpt lat="51.538988" lon="0.083121"><ele>8</ele></trkpt>
      <trkpt lat="51.538809" lon="0.083455"><ele>7.75</ele></trkpt>
      <trkpt lat="51.538623" lon="0.083798"><ele>8</ele></trkpt>
      <trkpt lat="51.538508" lon="0.083978"><ele>7.5</ele></trkpt>
      <trkpt lat="51.538424" lon="0.084178"><ele>7.25</ele></trkpt>
      <trkpt lat="51.538272" lon="0.084638"><ele>7.75</ele></trkpt>
      <trkpt lat="51.538174" lon="0.08508"><ele>7.25</ele></trkpt>
      <trkpt lat="51.538053" lon="0.085628"><ele>6.75</ele></trkpt>
      <trkpt lat="51.537986" lon="0.085929"><ele>6.5</ele></trkpt>
      <trkpt lat="51.537968" lon="0.086033"><ele>6.25</ele></trkpt>
      <trkpt lat="51.537967" lon="0.086137"><ele>6.25</ele></trkpt>
      <trkpt lat="51.538001" lon="0.086291"><ele>6.5</ele></trkpt>
      <trkpt lat="51.538066" lon="0.086467"><ele>7</ele></trkpt>
      <trkpt lat="51.538308" lon="0.087122"><ele>6.25</ele></trkpt>
      <trkpt lat="51.538471" lon="0.087625"><ele>6.5</ele></trkpt>
      <trkpt lat="51.538557" lon="0.088035"><ele>6</ele></trkpt>
      <trkpt lat="51.538583" lon="0.088234"><ele>6</ele></trkpt>
      <trkpt lat="51.5386" lon="0.088474"><ele>5.5</ele></trkpt>
      <trkpt lat="51.538602" lon="0.088975"><ele>5</ele></trkpt>
      <trkpt lat="51.538606" lon="0.089813"><ele>5</ele></trkpt>
      <trkpt lat="51.538611" lon="0.090422"><ele>5.75</ele></trkpt>
      <trkpt lat="51.538616" lon="0.090943"><ele>6.25</ele></trkpt>
      <trkpt lat="51.538653" lon="0.091124"><ele>6.75</ele></trkpt>
      <trkpt lat="51.538749" lon="0.091274"><ele>7</ele></trkpt>
      <trkpt lat="51.5389" lon="0.091506"><ele>7</ele></trkpt>
      <trkpt lat="51.539125" lon="0.091851"><ele>7</ele></trkpt>
      <trkpt lat="51.539276" lon="0.09206"><ele>7</ele></trkpt>
      <trkpt lat="51.539502" lon="0.09242"><ele>7</ele></trkpt>
      <trkpt lat="51.539625" lon="0.092674"><ele>7</ele></trkpt>
      <trkpt lat="51.539679" lon="0.092834"><ele>7</ele></trkpt>
      <trkpt lat="51.539758" lon="0.093309"><ele>7</ele></trkpt>
      <trkpt lat="51.539817" lon="0.09361"><ele>7.25</ele></trkpt>
      <trkpt lat="51.539895" lon="0.093826"><ele>7</ele></trkpt>
      <trkpt lat="51.539956" lon="0.09398"><ele>7</ele></trkpt>
      <trkpt lat="51.540056" lon="0.094171"><ele>7</ele></trkpt>
      <trkpt lat="51.540286" lon="0.094641"><ele>7</ele></trkpt>
      <trkpt lat="51.540444" lon="0.094948"><ele>7.75</ele></trkpt>
      <trkpt lat="51.540596" lon="0.095302"><ele>7</ele></trkpt>
      <trkpt lat="51.540783" lon="0.095741"><ele>7</ele></trkpt>
      <trkpt lat="51.54088" lon="0.095945"><ele>6.75</ele></trkpt>
      <trkpt lat="51.541158" lon="0.096531"><ele>7</ele></trkpt>
      <trkpt lat="51.541289" lon="0.096758"><ele>7</ele></trkpt>
      <trkpt lat="51.541413" lon="0.096975"><ele>7</ele></trkpt>
      <trkpt lat="51.541417" lon="0.097061"><ele>7</ele></trkpt>
      <trkpt lat="51.541493" lon="0.097254"><ele>6.75</ele></trkpt>
      <trkpt lat="51.541488" lon="0.097298"><ele>6.75</ele></trkpt>
      <trkpt lat="51.541318" lon="0.097516"><ele>5.75</ele></trkpt>
      <trkpt lat="51.541325" lon="0.09753"><ele>5.75</ele></trkpt>
      <trkpt lat="51.541353" lon="0.097585"><ele>5.75</ele></trkpt>
      <trkpt lat="51.541315" lon="0.097631"><ele>5.75</ele></trkpt>
      <trkpt lat="51.541256" lon="0.097703"><ele>5.5</ele></trkpt>
      <trkpt lat="51.541195" lon="0.097777"><ele>5.25</ele></trkpt>
      <trkpt lat="51.541169" lon="0.097807"><ele>5</ele></trkpt>
      <trkpt lat="51.540982" lon="0.098041"><ele>4.5</ele></trkpt>
      <trkpt lat="51.541018" lon="0.098125"><ele>4.5</ele></trkpt>
      <trkpt lat="51.540749" lon="0.098454"><ele>3.75</ele></trkpt>
      <trkpt lat="51.540657" lon="0.098594"><ele>3.25</ele></trkpt>
      <trkpt lat="51.540556" lon="0.09875"><ele>3</ele></trkpt>
      <trkpt lat="51.54053" lon="0.098827"><ele>3</ele></trkpt>
      <trkpt lat="51.5405" lon="0.098895"><ele>3</ele></trkpt>
      <trkpt lat="51.540466" lon="0.098969"><ele>3.25</ele></trkpt>
      <trkpt lat="51.540423" lon="0.09906"><ele>3.25</ele></trkpt>
      <trkpt lat="51.54037" lon="0.099287"><ele>3.5</ele></trkpt>
      <trkpt lat="51.540328" lon="0.099505"><ele>3.75</ele></trkpt>
      <trkpt lat="51.540305" lon="0.09962"><ele>3.75</ele></trkpt>
      <trkpt lat="51.540228" lon="0.099922"><ele>4.75</ele></trkpt>
      <trkpt lat="51.540164" lon="0.100092"><ele>4.75</ele></trkpt>
      <trkpt lat="51.540054" lon="0.100326"><ele>4.75</ele></trkpt>
      <trkpt lat="51.540003" lon="0.100381"><ele>4.75</ele></trkpt>
      <trkpt lat="51.53998" lon="0.100414"><ele>5</ele></trkpt>
      <trkpt lat="51.539959" lon="0.100446"><ele>5</ele></trkpt>
      <trkpt lat="51.539896" lon="0.100526"><ele>5.25</ele></trkpt>
      <trkpt lat="51.539838" lon="0.10057"><ele>5.5</ele></trkpt>
      <trkpt lat="51.539795" lon="0.10062"><ele>5.75</ele></trkpt>
      <trkpt lat="51.539735" lon="0.100688"><ele>5.75</ele></trkpt>
      <trkpt lat="51.539828" lon="0.101011"><ele>6.25</ele></trkpt>
      <trkpt lat="51.538969" lon="0.101692"><ele>7.5</ele></trkpt>
      <trkpt lat="51.538945" lon="0.101726"><ele>7.5</ele></trkpt>
      <trkpt lat="51.538899" lon="0.101716"><ele>7.75</ele></trkpt>
      <trkpt lat="51.538817" lon="0.101741"><ele>8.25</ele></trkpt>
      <trkpt lat="51.53878" lon="0.101615"><ele>9.25</ele></trkpt>
      <trkpt lat="51.538691" lon="0.10168"><ele>9.75</ele></trkpt>
      <trkpt lat="51.538665" lon="0.101588"><ele>10</ele></trkpt>
      <trkpt lat="51.538489" lon="0.101721"><ele>10</ele></trkpt>
      <trkpt lat="51.538439" lon="0.101758"><ele>10</ele></trkpt>
      <trkpt lat="51.538489" lon="0.101721"><ele>10</ele></trkpt>
      <trkpt lat="51.538665" lon="0.101588"><ele>10</ele></trkpt>
      <trkpt lat="51.538691" lon="0.10168"><ele>9.75</ele></trkpt>
      <trkpt lat="51.53878" lon="0.101615"><ele>9.25</ele></trkpt>
      <trkpt lat="51.538817" lon="0.101741"><ele>8.25</ele></trkpt>
      <trkpt lat="51.538899" lon="0.101716"><ele>7.75</ele></trkpt>
      <trkpt lat="51.538945" lon="0.101726"><ele>7.5</ele></trkpt>
      <trkpt lat="51.538969" lon="0.101692"><ele>7.5</ele></trkpt>
      <trkpt lat="51.539828" lon="0.101011"><ele>6.25</ele></trkpt>
      <trkpt lat="51.539922" lon="0.101312"><ele>6.25</ele></trkpt>
      <trkpt lat="51.539941" lon="0.101372"><ele>6</ele></trkpt>
      <trkpt lat="51.540017" lon="0.101614"><ele>5.75</ele></trkpt>
      <trkpt lat="51.54008" lon="0.101807"><ele>5.75</ele></trkpt>
      <trkpt lat="51.540116" lon="0.10193"><ele>5.75</ele></trkpt>
      <trkpt lat="51.540255" lon="0.102373"><ele>5</ele></trkpt>
      <trkpt lat="51.540385" lon="0.1028"><ele>4.5</ele></trkpt>
      <trkpt lat="51.540543" lon="0.103306"><ele>4</ele></trkpt>
      <trkpt lat="51.540625" lon="0.103565"><ele>3.75</ele></trkpt>
      <trkpt lat="51.540694" lon="0.103792"><ele>3</ele></trkpt>
      <trkpt lat="51.540836" lon="0.104252"><ele>2.75</ele></trkpt>
      <trkpt lat="51.540872" lon="0.104371"><ele>3</ele></trkpt>
      <trkpt lat="51.540933" lon="0.104779"><ele>3</ele></trkpt>
      <trkpt lat="51.540948" lon="0.105048"><ele>3</ele></trkpt>
      <trkpt lat="51.540982" lon="0.105176"><ele>3.5</ele></trkpt>
      <trkpt lat="51.540963" lon="0.105326"><ele>3.75</ele></trkpt>
      <trkpt lat="51.540737" lon="0.105474"><ele>4</ele></trkpt>
      <trkpt lat="51.540636" lon="0.105563"><ele>4.5</ele></trkpt>
      <trkpt lat="51.540553" lon="0.105676"><ele>4.5</ele></trkpt>
      <trkpt lat="51.540482" lon="0.105827"><ele>4</ele></trkpt>
      <trkpt lat="51.540449" lon="0.106015"><ele>4</ele></trkpt>
      <trkpt lat="51.540422" lon="0.106374"><ele>4</ele></trkpt>
      <trkpt lat="51.54037" lon="0.106675"><ele>3.5</ele></trkpt>
      <trkpt lat="51.540353" lon="0.106826"><ele>3.5</ele></trkpt>
      <trkpt lat="51.54036" lon="0.106981"><ele>3.5</ele></trkpt>
      <trkpt lat="51.540429" lon="0.107545"><ele>4</ele></trkpt>
      <trkpt lat="51.54043" lon="0.107642"><ele>4</ele></trkpt>
      <trkpt lat="51.540409" lon="0.107733"><ele>4</ele></trkpt>
      <trkpt lat="51.540266" lon="0.108036"><ele>3.75</ele></trkpt>
      <trkpt lat="51.540256" lon="0.108082"><ele>3.75</ele></trkpt>
      <trkpt lat="51.540257" lon="0.108221"><ele>3.75</ele></trkpt>
      <trkpt lat="51.540274" lon="0.108327"><ele>3.75</ele></trkpt>
      <trkpt lat="51.540352" lon="0.108682"><ele>2.5</ele></trkpt>
      <trkpt lat="51.540346" lon="0.108786"><ele>2.75</ele></trkpt>
      <trkpt lat="51.540392" lon="0.109019"><ele>2.25</ele></trkpt>
      <trkpt lat="51.540404" lon="0.109076"><ele>2</ele></trkpt>
      <trkpt lat="51.540454" lon="0.109329"><ele>2.25</ele></trkpt>
      <trkpt lat="51.540535" lon="0.109618"><ele>2.75</ele></trkpt>
      <trkpt lat="51.540542" lon="0.109675"><ele>2.75</ele></trkpt>
      <trkpt lat="51.540509" lon="0.109875"><ele>2.75</ele></trkpt>
      <trkpt lat="51.540503" lon="0.109954"><ele>2.75</ele></trkpt>
      <trkpt lat="51.540519" lon="0.110093"><ele>2.75</ele></trkpt>
      <trkpt lat="51.540537" lon="0.110197"><ele>2.75</ele></trkpt>
      <trkpt lat="51.540574" lon="0.110345"><ele>2.75</ele></trkpt>
      <trkpt lat="51.540622" lon="0.110488"><ele>2.5</ele></trkpt>
      <trkpt lat="51.540662" lon="0.11054"><ele>2.75</ele></trkpt>
      <trkpt lat="51.540697" lon="0.110571"><ele>2.75</ele></trkpt>
      <trkpt lat="51.540886" lon="0.110692"><ele>3.5</ele></trkpt>
      <trkpt lat="51.540915" lon="0.110748"><ele>3.5</ele></trkpt>
      <trkpt lat="51.540922" lon="0.110827"><ele>3.25</ele></trkpt>
      <trkpt lat="51.54089" lon="0.110936"><ele>3</ele></trkpt>
      <trkpt lat="51.540873" lon="0.111035"><ele>3</ele></trkpt>
      <trkpt lat="51.540895" lon="0.111058"><ele>3</ele></trkpt>
      <trkpt lat="51.540958" lon="0.111231"><ele>3.5</ele></trkpt>
      <trkpt lat="51.541027" lon="0.111659"><ele>5</ele></trkpt>
      <trkpt lat="51.541041" lon="0.111784"><ele>5.75</ele></trkpt>
      <trkpt lat="51.541052" lon="0.112046"><ele>6.5</ele></trkpt>
      <trkpt lat="51.541049" lon="0.112223"><ele>6.75</ele></trkpt>
      <trkpt lat="51.541044" lon="0.112568"><ele>6.75</ele></trkpt>
      <trkpt lat="51.541041" lon="0.112755"><ele>6.5</ele></trkpt>
      <trkpt lat="51.540889" lon="0.112742"><ele>6</ele></trkpt>
      <trkpt lat="51.540887" lon="0.112838"><ele>6</ele></trkpt>
      <trkpt lat="51.540883" lon="0.112926"><ele>6</ele></trkpt>
      <trkpt lat="51.540783" lon="0.112925"><ele>6</ele></trkpt>
      <trkpt lat="51.540575" lon="0.112901"><ele>6.5</ele></trkpt>
      <trkpt lat="51.540546" lon="0.113081"><ele>6</ele></trkpt>
      <trkpt lat="51.54047" lon="0.113435"><ele>6</ele></trkpt>
      <trkpt lat="51.540421" lon="0.113689"><ele>6</ele></trkpt>
      <trkpt lat="51.540368" lon="0.113986"><ele>6</ele></trkpt>
      <trkpt lat="51.540303" lon="0.114323"><ele>6</ele></trkpt>
      <trkpt lat="51.540202" lon="0.114823"><ele>6</ele></trkpt>
      <trkpt lat="51.540144" lon="0.115111"><ele>6</ele></trkpt>
      <trkpt lat="51.54005" lon="0.115534"><ele>6</ele></trkpt>
      <trkpt lat="51.539925" lon="0.116154"><ele>6.25</ele></trkpt>
      <trkpt lat="51.539919" lon="0.116234"><ele>6.5</ele></trkpt>
      <trkpt lat="51.539932" lon="0.11638"><ele>6.75</ele></trkpt>
      <trkpt lat="51.540026" lon="0.11749"><ele>7</ele></trkpt>
      <trkpt lat="51.540061" lon="0.117869"><ele>7</ele></trkpt>
      <trkpt lat="51.540076" lon="0.11808"><ele>7.25</ele></trkpt>
      <trkpt lat="51.540143" lon="0.118842"><ele>8</ele></trkpt>
      <trkpt lat="51.54021" lon="0.119623"><ele>7.5</ele></trkpt>
      <trkpt lat="51.540256" lon="0.120201"><ele>7</ele></trkpt>
      <trkpt lat="51.540324" lon="0.121"><ele>7</ele></trkpt>
      <trkpt lat="51.540348" lon="0.121364"><ele>7</ele></trkpt>
      <trkpt lat="51.540381" lon="0.121751"><ele>7</ele></trkpt>
      <trkpt lat="51.54043" lon="0.122258"><ele>7</ele></trkpt>
      <trkpt lat="51.540487" lon="0.12299"><ele>7</ele></trkpt>
      <trkpt lat="51.540534" lon="0.123485"><ele>7</ele></trkpt>
      <trkpt lat="51.540605" lon="0.124227"><ele>7</ele></trkpt>
      <trkpt lat="51.540681" lon="0.124577"><ele>7</ele></trkpt>
      <trkpt lat="51.54081" lon="0.124859"><ele>7</ele></trkpt>
      <trkpt lat="51.540966" lon="0.125207"><ele>7</ele></trkpt>
      <trkpt lat="51.541237" lon="0.125859"><ele>7</ele></trkpt>
      <trkpt lat="51.541295" lon="0.126048"><ele>7</ele></trkpt>
      <trkpt lat="51.541376" lon="0.126434"><ele>7</ele></trkpt>
      <trkpt lat="51.541403" lon="0.126596"><ele>7</ele></trkpt>
      <trkpt lat="51.540796" lon="0.126842"><ele>7</ele></trkpt>
      <trkpt lat="51.540751" lon="0.126875"><ele>7</ele></trkpt>
      <trkpt lat="51.540607" lon="0.12696"><ele>7</ele></trkpt>
      <trkpt lat="51.540543" lon="0.127058"><ele>6.75</ele></trkpt>
      <trkpt lat="51.540565" lon="0.127261"><ele>7.25</ele></trkpt>
      <trkpt lat="51.540642" lon="0.127314"><ele>7.75</ele></trkpt>
      <trkpt lat="51.54077" lon="0.127356"><ele>7.5</ele></trkpt>
      <trkpt lat="51.540795" lon="0.127396"><ele>7.75</ele></trkpt>
      <trkpt lat="51.54084" lon="0.127392"><ele>7.5</ele></trkpt>
      <trkpt lat="51.541104" lon="0.127363"><ele>7.5</ele></trkpt>
      <trkpt lat="51.541468" lon="0.12732"><ele>7</ele></trkpt>
      <trkpt lat="51.541478" lon="0.127483"><ele>7</ele></trkpt>
      <trkpt lat="51.541495" lon="0.127679"><ele>7</ele></trkpt>
      <trkpt lat="51.541509" lon="0.127839"><ele>7</ele></trkpt>
      <trkpt lat="51.541503" lon="0.12792"><ele>7</ele></trkpt>
      <trkpt lat="51.541525" lon="0.128406"><ele>7</ele></trkpt>
      <trkpt lat="51.541529" lon="0.12873"><ele>7</ele></trkpt>
      <trkpt lat="51.541514" lon="0.129018"><ele>6.75</ele></trkpt>
      <trkpt lat="51.541495" lon="0.12921"><ele>7</ele></trkpt>
      <trkpt lat="51.541487" lon="0.129304"><ele>7</ele></trkpt>
      <trkpt lat="51.541453" lon="0.129463"><ele>7</ele></trkpt>
      <trkpt lat="51.54135" lon="0.129937"><ele>7</ele></trkpt>
      <trkpt lat="51.541185" lon="0.130554"><ele>7</ele></trkpt>
      <trkpt lat="51.541105" lon="0.13093"><ele>7</ele></trkpt>
      <trkpt lat="51.541111" lon="0.131186"><ele>7</ele></trkpt>
      <trkpt lat="51.541095" lon="0.131497"><ele>7</ele></trkpt>
      <trkpt lat="51.541177" lon="0.132727"><ele>6.75</ele></trkpt>
      <trkpt lat="51.541193" lon="0.132847"><ele>7</ele></trkpt>
      <trkpt lat="51.541257" lon="0.133738"><ele>7</ele></trkpt>
      <trkpt lat="51.541275" lon="0.134001"><ele>7</ele></trkpt>
      <trkpt lat="51.541297" lon="0.134313"><ele>7</ele></trkpt>
      <trkpt lat="51.54137" lon="0.135564"><ele>6</ele></trkpt>
      <trkpt lat="51.541467" lon="0.136818"><ele>6</ele></trkpt>
      <trkpt lat="51.541496" lon="0.137241"><ele>6</ele></trkpt>
      <trkpt lat="51.541499" lon="0.137343"><ele>6</ele></trkpt>
      <trkpt lat="51.541502" lon="0.137365"><ele>6</ele></trkpt>
      <trkpt lat="51.541523" lon="0.1377"><ele>6</ele></trkpt>
      <trkpt lat="51.541549" lon="0.138124"><ele>6</ele></trkpt>
      <trkpt lat="51.541602" lon="0.138638"><ele>5.75</ele></trkpt>
      <trkpt lat="51.541647" lon="0.139026"><ele>5</ele></trkpt>
      <trkpt lat="51.541706" lon="0.139573"><ele>5</ele></trkpt>
      <trkpt lat="51.541725" lon="0.139783"><ele>5</ele></trkpt>
      <trkpt lat="51.541759" lon="0.140366"><ele>5.75</ele></trkpt>
      <trkpt lat="51.5418" lon="0.141188"><ele>6</ele></trkpt>
      <trkpt lat="51.541814" lon="0.141466"><ele>6</ele></trkpt>
      <trkpt lat="51.54185" lon="0.14203"><ele>7</ele></trkpt>
      <trkpt lat="51.541895" lon="0.142795"><ele>7</ele></trkpt>
      <trkpt lat="51.541932" lon="0.143269"><ele>7</ele></trkpt>
      <trkpt lat="51.541954" lon="0.1436"><ele>7</ele></trkpt>
      <trkpt lat="51.542" lon="0.144308"><ele>8</ele></trkpt>
      <trkpt lat="51.542016" lon="0.144563"><ele>8</ele></trkpt>
      <trkpt lat="51.54211" lon="0.144556"><ele>8</ele></trkpt>
      <trkpt lat="51.542149" lon="0.144574"><ele>8</ele></trkpt>
      <trkpt lat="51.54225" lon="0.144658"><ele>8</ele></trkpt>
      <trkpt lat="51.542692" lon="0.145061"><ele>8</ele></trkpt>
      <trkpt lat="51.542968" lon="0.14531"><ele>8</ele></trkpt>
      <trkpt lat="51.543112" lon="0.14547"><ele>8</ele></trkpt>
      <trkpt lat="51.543229" lon="0.145572"><ele>8</ele></trkpt>
      <trkpt lat="51.543562" lon="0.145873"><ele>8</ele></trkpt>
      <trkpt lat="51.543677" lon="0.145982"><ele>8</ele></trkpt>
      <trkpt lat="51.543664" lon="0.146019"><ele>8</ele></trkpt>
      <trkpt lat="51.543633" lon="0.146112"><ele>8</ele></trkpt>
      <trkpt lat="51.5432" lon="0.147361"><ele>8</ele></trkpt>
      <trkpt lat="51.543103" lon="0.147633"><ele>8</ele></trkpt>
      <trkpt lat="51.543049" lon="0.147724"><ele>7.75</ele></trkpt>
      <trkpt lat="51.543023" lon="0.147744"><ele>7.75</ele></trkpt>
      <trkpt lat="51.542956" lon="0.147752"><ele>7.5</ele></trkpt>
      <trkpt lat="51.542407" lon="0.147695"><ele>8</ele></trkpt>
      <trkpt lat="51.541777" lon="0.147759"><ele>7.75</ele></trkpt>
      <trkpt lat="51.541661" lon="0.147784"><ele>9</ele></trkpt>
      <trkpt lat="51.541467" lon="0.147828"><ele>9</ele></trkpt>
      <trkpt lat="51.541437" lon="0.147795"><ele>9.25</ele></trkpt>
      <trkpt lat="51.541016" lon="0.147912"><ele>8.5</ele></trkpt>
      <trkpt lat="51.541027" lon="0.148043"><ele>8.5</ele></trkpt>
      <trkpt lat="51.540915" lon="0.148064"><ele>8.25</ele></trkpt>
      <trkpt lat="51.540603" lon="0.148124"><ele>7</ele></trkpt>
      <trkpt lat="51.540639" lon="0.148648"><ele>6.75</ele></trkpt>
      <trkpt lat="51.540826" lon="0.148614"><ele>6.75</ele></trkpt>
      <trkpt lat="51.540848" lon="0.148934"><ele>7</ele></trkpt>
      <trkpt lat="51.540858" lon="0.149078"><ele>7.75</ele></trkpt>
      <trkpt lat="51.54087" lon="0.149267"><ele>8.75</ele></trkpt>
      <trkpt lat="51.540964" lon="0.149251"><ele>9</ele></trkpt>
      <trkpt lat="51.540997" lon="0.14966"><ele>9.25</ele></trkpt>
      <trkpt lat="51.540977" lon="0.149792"><ele>8.5</ele></trkpt>
      <trkpt lat="51.541065" lon="0.150604"><ele>8</ele></trkpt>
      <trkpt lat="51.541117" lon="0.151075"><ele>8</ele></trkpt>
      <trkpt lat="51.541169" lon="0.151572"><ele>8</ele></trkpt>
      <trkpt lat="51.541194" lon="0.151853"><ele>8</ele></trkpt>
      <trkpt lat="51.541249" lon="0.152673"><ele>8</ele></trkpt>
      <trkpt lat="51.541316" lon="0.153518"><ele>8</ele></trkpt>
      <trkpt lat="51.541353" lon="0.153955"><ele>8</ele></trkpt>
      <trkpt lat="51.541361" lon="0.154241"><ele>8</ele></trkpt>
      <trkpt lat="51.541363" lon="0.154318"><ele>8</ele></trkpt>
      <trkpt lat="51.541383" lon="0.154802"><ele>8</ele></trkpt>
      <trkpt lat="51.541395" lon="0.155125"><ele>8</ele></trkpt>
      <trkpt lat="51.541402" lon="0.155233"><ele>8</ele></trkpt>
      <trkpt lat="51.541467" lon="0.155859"><ele>8</ele></trkpt>
      <trkpt lat="51.541503" lon="0.156095"><ele>8</ele></trkpt>
      <trkpt lat="51.541547" lon="0.156388"><ele>8</ele></trkpt>
      <trkpt lat="51.54161" lon="0.156746"><ele>8</ele></trkpt>
      <trkpt lat="51.541673" lon="0.157088"><ele>8</ele></trkpt>
      <trkpt lat="51.54172" lon="0.15734"><ele>8</ele></trkpt>
      <trkpt lat="51.541791" lon="0.157714"><ele>8</ele></trkpt>
      <trkpt lat="51.541819" lon="0.157897"><ele>8</ele></trkpt>
      <trkpt lat="51.541827" lon="0.157938"><ele>8</ele></trkpt>
      <trkpt lat="51.541949" lon="0.158762"><ele>8</ele></trkpt>
      <trkpt lat="51.541991" lon="0.159077"><ele>7.25</ele></trkpt>
      <trkpt lat="51.542026" lon="0.15934"><ele>7.25</ele></trkpt>
      <trkpt lat="51.542082" lon="0.15993"><ele>7.25</ele></trkpt>
      <trkpt lat="51.542073" lon="0.159963"><ele>7.25</ele></trkpt>
      <trkpt lat="51.542055" lon="0.160026"><ele>7.25</ele></trkpt>
      <trkpt lat="51.542015" lon="0.160073"><ele>7</ele></trkpt>
      <trkpt lat="51.54228" lon="0.161395"><ele>5.75</ele></trkpt>
      <trkpt lat="51.542312" lon="0.161376"><ele>6</ele></trkpt>
      <trkpt lat="51.542422" lon="0.161802"><ele>5</ele></trkpt>
      <trkpt lat="51.542937" lon="0.161335"><ele>5.5</ele></trkpt>
      <trkpt lat="51.542946" lon="0.161454"><ele>5.5</ele></trkpt>
      <trkpt lat="51.542955" lon="0.161555"><ele>5.5</ele></trkpt>
      <trkpt lat="51.543052" lon="0.162752"><ele>4</ele></trkpt>
      <trkpt lat="51.543086" lon="0.163152"><ele>4</ele></trkpt>
      <trkpt lat="51.54312" lon="0.163563"><ele>5</ele></trkpt>
      <trkpt lat="51.543185" lon="0.164316"><ele>5.75</ele></trkpt>
      <trkpt lat="51.543234" lon="0.164857"><ele>6.25</ele></trkpt>
      <trkpt lat="51.543237" lon="0.164895"><ele>6.25</ele></trkpt>
      <trkpt lat="51.543302" lon="0.165624"><ele>7</ele></trkpt>
      <trkpt lat="51.543288" lon="0.165864"><ele>7.5</ele></trkpt>
      <trkpt lat="51.54353" lon="0.165988"><ele>8.5</ele></trkpt>
      <trkpt lat="51.543605" lon="0.166053"><ele>9.5</ele></trkpt>
      <trkpt lat="51.543845" lon="0.166172"><ele>10.5</ele></trkpt>
      <trkpt lat="51.543885" lon="0.166192"><ele>10.5</ele></trkpt>
      <trkpt lat="51.544002" lon="0.166195"><ele>10.5</ele></trkpt>
      <trkpt lat="51.544109" lon="0.16617"><ele>10.5</ele></trkpt>
      <trkpt lat="51.544002" lon="0.166195"><ele>10.5</ele></trkpt>
      <trkpt lat="51.543885" lon="0.166192"><ele>10.5</ele></trkpt>
      <trkpt lat="51.543845" lon="0.166172"><ele>10.5</ele></trkpt>
      <trkpt lat="51.543605" lon="0.166053"><ele>9.5</ele></trkpt>
      <trkpt lat="51.54361" lon="0.166581"><ele>8.75</ele></trkpt>
      <trkpt lat="51.543671" lon="0.166581"><ele>9</ele></trkpt>
      <trkpt lat="51.543713" lon="0.1666"><ele>9.25</ele></trkpt>
      <trkpt lat="51.543781" lon="0.166903"><ele>9.25</ele></trkpt>
      <trkpt lat="51.543898" lon="0.167193"><ele>9</ele></trkpt>
      <trkpt lat="51.543965" lon="0.167383"><ele>8.75</ele></trkpt>
      <trkpt lat="51.544017" lon="0.167601"><ele>9</ele></trkpt>
      <trkpt lat="51.544053" lon="0.16785"><ele>9.5</ele></trkpt>
      <trkpt lat="51.544103" lon="0.168078"><ele>9</ele></trkpt>
      <trkpt lat="51.544113" lon="0.168247"><ele>9</ele></trkpt>
      <trkpt lat="51.544152" lon="0.168459"><ele>9</ele></trkpt>
      <trkpt lat="51.544185" lon="0.168561"><ele>8.75</ele></trkpt>
      <trkpt lat="51.54418" lon="0.168676"><ele>9</ele></trkpt>
      <trkpt lat="51.544162" lon="0.168808"><ele>9</ele></trkpt>
      <trkpt lat="51.544163" lon="0.168934"><ele>9</ele></trkpt>
      <trkpt lat="51.544182" lon="0.169119"><ele>9</ele></trkpt>
      <trkpt lat="51.544225" lon="0.169213"><ele>9</ele></trkpt>
      <trkpt lat="51.544245" lon="0.16932"><ele>9.25</ele></trkpt>
      <trkpt lat="51.544252" lon="0.169443"><ele>9.5</ele></trkpt>
      <trkpt lat="51.544322" lon="0.169572"><ele>9.75</ele></trkpt>
      <trkpt lat="51.54444" lon="0.169744"><ele>9.75</ele></trkpt>
      <trkpt lat="51.544552" lon="0.16995"><ele>9.5</ele></trkpt>
      <trkpt lat="51.544617" lon="0.170154"><ele>9.25</ele></trkpt>
      <trkpt lat="51.544677" lon="0.170433"><ele>9.5</ele></trkpt>
      <trkpt lat="51.544797" lon="0.171098"><ele>9.25</ele></trkpt>
      <trkpt lat="51.544857" lon="0.171458"><ele>9</ele></trkpt>
      <trkpt lat="51.544851" lon="0.171549"><ele>8.5</ele></trkpt>
      <trkpt lat="51.544889" lon="0.171691"><ele>8.25</ele></trkpt>
      <trkpt lat="51.544956" lon="0.172021"><ele>9.5</ele></trkpt>
      <trkpt lat="51.545054" lon="0.17256"><ele>8.75</ele></trkpt>
      <trkpt lat="51.545144" lon="0.173137"><ele>8.5</ele></trkpt>
      <trkpt lat="51.545389" lon="0.174523"><ele>10</ele></trkpt>
      <trkpt lat="51.545449" lon="0.17491"><ele>9.75</ele></trkpt>
      <trkpt lat="51.545526" lon="0.175489"><ele>9</ele></trkpt>
      <trkpt lat="51.545733" lon="0.176411"><ele>8.5</ele></trkpt>
      <trkpt lat="51.546079" lon="0.178558"><ele>9.75</ele></trkpt>
      <trkpt lat="51.546127" lon="0.178802"><ele>9.75</ele></trkpt>
      <trkpt lat="51.546194" lon="0.179335"><ele>9.25</ele></trkpt>
      <trkpt lat="51.546283" lon="0.179292"><ele>9.5</ele></trkpt>
      <trkpt lat="51.546313" lon="0.179441"><ele>9.5</ele></trkpt>
      <trkpt lat="51.546483" lon="0.179368"><ele>10</ele></trkpt>
      <trkpt lat="51.546455" lon="0.179213"><ele>10</ele></trkpt>
      <trkpt lat="51.54647" lon="0.179204"><ele>10</ele></trkpt>
      <trkpt lat="51.54659" lon="0.179185"><ele>10</ele></trkpt>
      <trkpt lat="51.547786" lon="0.179256"><ele>11.25</ele></trkpt>
      <trkpt lat="51.548079" lon="0.17922"><ele>11</ele></trkpt>
      <trkpt lat="51.548158" lon="0.179196"><ele>10.5</ele></trkpt>
      <trkpt lat="51.548273" lon="0.17918"><ele>10</ele></trkpt>
      <trkpt lat="51.548768" lon="0.179333"><ele>9.25</ele></trkpt>
      <trkpt lat="51.548855" lon="0.179322"><ele>9.25</ele></trkpt>
      <trkpt lat="51.549742" lon="0.179117"><ele>10.75</ele></trkpt>
      <trkpt lat="51.549874" lon="0.179435"><ele>10.5</ele></trkpt>
      <trkpt lat="51.549909" lon="0.179727"><ele>10.5</ele></trkpt>
      <trkpt lat="51.549913" lon="0.179796"><ele>10.5</ele></trkpt>
      <trkpt lat="51.549923" lon="0.180472"><ele>10.5</ele></trkpt>
      <trkpt lat="51.54995" lon="0.180593"><ele>10.5</ele></trkpt>
      <trkpt lat="51.550032" lon="0.180783"><ele>10.25</ele></trkpt>
      <trkpt lat="51.549972" lon="0.181175"><ele>9.75</ele></trkpt>
      <trkpt lat="51.549961" lon="0.181306"><ele>9.75</ele></trkpt>
      <trkpt lat="51.550021" lon="0.181872"><ele>10</ele></trkpt>
      <trkpt lat="51.550017" lon="0.182106"><ele>10</ele></trkpt>
      <trkpt lat="51.549978" lon="0.182121"><ele>9.75</ele></trkpt>
      <trkpt lat="51.549907" lon="0.182171"><ele>9.25</ele></trkpt>
      <trkpt lat="51.549904" lon="0.182396"><ele>9.25</ele></trkpt>
      <trkpt lat="51.549865" lon="0.182499"><ele>9</ele></trkpt>
      <trkpt lat="51.54986" lon="0.182702"><ele>8.75</ele></trkpt>
      <trkpt lat="51.549849" lon="0.182798"><ele>8.75</ele></trkpt>
      <trkpt lat="51.549774" lon="0.183426"><ele>9</ele></trkpt>
      <trkpt lat="51.549525" lon="0.184925"><ele>7</ele></trkpt>
      <trkpt lat="51.54947" lon="0.185225"><ele>7</ele></trkpt>
      <trkpt lat="51.549362" lon="0.185974"><ele>4.75</ele></trkpt>
      <trkpt lat="51.549354" lon="0.186082"><ele>4.25</ele></trkpt>
      <trkpt lat="51.549255" lon="0.185837"><ele>5.25</ele></trkpt>
      <trkpt lat="51.549235" lon="0.186288"><ele>4.25</ele></trkpt>
      <trkpt lat="51.549223" lon="0.18642"><ele>4</ele></trkpt>
      <trkpt lat="51.549207" lon="0.18654"><ele>3.75</ele></trkpt>
      <trkpt lat="51.549152" lon="0.18681"><ele>3.5</ele></trkpt>
      <trkpt lat="51.549117" lon="0.186972"><ele>3.25</ele></trkpt>
      <trkpt lat="51.548909" lon="0.187588"><ele>6</ele></trkpt>
      <trkpt lat="51.54884" lon="0.187987"><ele>7.75</ele></trkpt>
      <trkpt lat="51.548963" lon="0.188067"><ele>7.5</ele></trkpt>
      <trkpt lat="51.549036" lon="0.188132"><ele>7.5</ele></trkpt>
      <trkpt lat="51.548845" lon="0.188797"><ele>9</ele></trkpt>
      <trkpt lat="51.548763" lon="0.188798"><ele>9</ele></trkpt>
      <trkpt lat="51.548726" lon="0.189005"><ele>9</ele></trkpt>
      <trkpt lat="51.548553" lon="0.189582"><ele>10</ele></trkpt>
      <trkpt lat="51.548556" lon="0.189721"><ele>10</ele></trkpt>
      <trkpt lat="51.548599" lon="0.189827"><ele>10</ele></trkpt>
      <trkpt lat="51.549471" lon="0.190519"><ele>10</ele></trkpt>
      <trkpt lat="51.549218" lon="0.191316"><ele>11</ele></trkpt>
      <trkpt lat="51.549143" lon="0.191604"><ele>11</ele></trkpt>
      <trkpt lat="51.549126" lon="0.191799"><ele>11.25</ele></trkpt>
      <trkpt lat="51.549117" lon="0.192192"><ele>11.75</ele></trkpt>
      <trkpt lat="51.549102" lon="0.192815"><ele>12</ele></trkpt>
      <trkpt lat="51.549106" lon="0.192855"><ele>12</ele></trkpt>
      <trkpt lat="51.549128" lon="0.192929"><ele>12</ele></trkpt>
      <trkpt lat="51.549151" lon="0.192966"><ele>12</ele></trkpt>
      <trkpt lat="51.549179" lon="0.192993"><ele>12</ele></trkpt>
      <trkpt lat="51.54921" lon="0.193008"><ele>12</ele></trkpt>
      <trkpt lat="51.54969" lon="0.193021"><ele>12</ele></trkpt>
      <trkpt lat="51.550068" lon="0.193031"><ele>12.75</ele></trkpt>
      <trkpt lat="51.550066" lon="0.193617"><ele>13</ele></trkpt>
      <trkpt lat="51.549432" lon="0.193597"><ele>12.75</ele></trkpt>
      <trkpt lat="51.549397" lon="0.193627"><ele>12.75</ele></trkpt>
      <trkpt lat="51.549366" lon="0.193669"><ele>12.5</ele></trkpt>
      <trkpt lat="51.54934" lon="0.193723"><ele>12.5</ele></trkpt>
      <trkpt lat="51.549323" lon="0.193784"><ele>12.5</ele></trkpt>
      <trkpt lat="51.549314" lon="0.19385"><ele>12.5</ele></trkpt>
      <trkpt lat="51.549452" lon="0.194672"><ele>12</ele></trkpt>
      <trkpt lat="51.549687" lon="0.196006"><ele>12</ele></trkpt>
      <trkpt lat="51.54943" lon="0.196115"><ele>12</ele></trkpt>
      <trkpt lat="51.54946" lon="0.196267"><ele>12</ele></trkpt>
      <trkpt lat="51.54922" lon="0.196367"><ele>12</ele></trkpt>
      <trkpt lat="51.549182" lon="0.196146"><ele>12</ele></trkpt>
      <trkpt lat="51.549174" lon="0.196098"><ele>12</ele></trkpt>
      <trkpt lat="51.548809" lon="0.196251"><ele>11.5</ele></trkpt>
      <trkpt lat="51.549101" lon="0.197943"><ele>11.75</ele></trkpt>
      <trkpt lat="51.549109" lon="0.198084"><ele>12</ele></trkpt>
      <trkpt lat="51.549071" lon="0.198215"><ele>12</ele></trkpt>
      <trkpt lat="51.548996" lon="0.198282"><ele>12</ele></trkpt>
      <trkpt lat="51.54845" lon="0.198517"><ele>11.5</ele></trkpt>
      <trkpt lat="51.547748" lon="0.198831"><ele>11</ele></trkpt>
      <trkpt lat="51.547663" lon="0.199003"><ele>11</ele></trkpt>
      <trkpt lat="51.547992" lon="0.199391"><ele>12</ele></trkpt>
      <trkpt lat="51.549458" lon="0.198728"><ele>11.75</ele></trkpt>
      <trkpt lat="51.549464" lon="0.198769"><ele>14</ele></trkpt>
      <trkpt lat="51.549458" lon="0.198728"><ele>11.75</ele></trkpt>
      <trkpt lat="51.547992" lon="0.199391"><ele>12</ele></trkpt>
      <trkpt lat="51.548246" lon="0.199688"><ele>12</ele></trkpt>
      <trkpt lat="51.548387" lon="0.199856"><ele>12</ele></trkpt>
      <trkpt lat="51.548366" lon="0.199933"><ele>12</ele></trkpt>
      <trkpt lat="51.548368" lon="0.200017"><ele>12</ele></trkpt>
      <trkpt lat="51.548389" lon="0.200085"><ele>12</ele></trkpt>
      <trkpt lat="51.548424" lon="0.200134"><ele>12</ele></trkpt>
      <trkpt lat="51.548468" lon="0.200157"><ele>12</ele></trkpt>
      <trkpt lat="51.548515" lon="0.200151"><ele>12</ele></trkpt>
      <trkpt lat="51.548551" lon="0.200383"><ele>12</ele></trkpt>
      <trkpt lat="51.548607" lon="0.200685"><ele>12</ele></trkpt>
      <trkpt lat="51.548616" lon="0.200734"><ele>12</ele></trkpt>
      <trkpt lat="51.548728" lon="0.201324"><ele>12</ele></trkpt>
      <trkpt lat="51.548877" lon="0.202159"><ele>12</ele></trkpt>
      <trkpt lat="51.548904" lon="0.202302"><ele>12</ele></trkpt>
      <trkpt lat="51.548982" lon="0.202738"><ele>12.25</ele></trkpt>
      <trkpt lat="51.549084" lon="0.203336"><ele>13</ele></trkpt>
      <trkpt lat="51.549095" lon="0.203416"><ele>13</ele></trkpt>
      <trkpt lat="51.549286" lon="0.204414"><ele>13.25</ele></trkpt>
      <trkpt lat="51.549312" lon="0.204509"><ele>13.5</ele></trkpt>
      <trkpt lat="51.549298" lon="0.204592"><ele>13.75</ele></trkpt>
      <trkpt lat="51.549001" lon="0.204483"><ele>13</ele></trkpt>
      <trkpt lat="51.548719" lon="0.205492"><ele>13.25</ele></trkpt>
      <trkpt lat="51.549009" lon="0.205624"><ele>14</ele></trkpt>
      <trkpt lat="51.549306" lon="0.205776"><ele>14</ele></trkpt>
      <trkpt lat="51.549726" lon="0.206033"><ele>14.75</ele></trkpt>
      <trkpt lat="51.550021" lon="0.206254"><ele>14.75</ele></trkpt>
      <trkpt lat="51.550459" lon="0.206619"><ele>15.5</ele></trkpt>
      <trkpt lat="51.550611" lon="0.206791"><ele>16</ele></trkpt>
      <trkpt lat="51.550707" lon="0.206955"><ele>16</ele></trkpt>
      <trkpt lat="51.550795" lon="0.207206"><ele>16</ele></trkpt>
      <trkpt lat="51.551066" lon="0.208459"><ele>16.75</ele></trkpt>
      <trkpt lat="51.551178" lon="0.209039"><ele>17</ele></trkpt>
      <trkpt lat="51.551214" lon="0.209336"><ele>17</ele></trkpt>
      <trkpt lat="51.55123" lon="0.209647"><ele>17.75</ele></trkpt>
      <trkpt lat="51.55123" lon="0.209833"><ele>18</ele></trkpt>
      <trkpt lat="51.551223" lon="0.209991"><ele>18</ele></trkpt>
      <trkpt lat="51.551216" lon="0.210079"><ele>18</ele></trkpt>
      <trkpt lat="51.551161" lon="0.210414"><ele>18.25</ele></trkpt>
      <trkpt lat="51.551103" lon="0.210635"><ele>19</ele></trkpt>
      <trkpt lat="51.551092" lon="0.210733"><ele>19</ele></trkpt>
      <trkpt lat="51.551126" lon="0.210873"><ele>19</ele></trkpt>
      <trkpt lat="51.551186" lon="0.210946"><ele>19</ele></trkpt>
      <trkpt lat="51.551348" lon="0.211074"><ele>19</ele></trkpt>
      <trkpt lat="51.551495" lon="0.211186"><ele>19.25</ele></trkpt>
      <trkpt lat="51.551581" lon="0.211285"><ele>19.5</ele></trkpt>
      <trkpt lat="51.551636" lon="0.211382"><ele>19.75</ele></trkpt>
      <trkpt lat="51.551674" lon="0.211507"><ele>20</ele></trkpt>
      <trkpt lat="51.552135" lon="0.214181"><ele>22</ele></trkpt>
      <trkpt lat="51.552183" lon="0.214492"><ele>22</ele></trkpt>
      <trkpt lat="51.55219" lon="0.214628"><ele>22</ele></trkpt>
      <trkpt lat="51.552184" lon="0.21478"><ele>22</ele></trkpt>
      <trkpt lat="51.551644" lon="0.218489"><ele>21</ele></trkpt>
      <trkpt lat="51.551939" lon="0.218491"><ele>21</ele></trkpt>
      <trkpt lat="51.552201" lon="0.218526"><ele>21</ele></trkpt>
      <trkpt lat="51.552439" lon="0.218577"><ele>21</ele></trkpt>
      <trkpt lat="51.552517" lon="0.218605"><ele>21</ele></trkpt>
      <trkpt lat="51.552784" lon="0.2187"><ele>22</ele></trkpt>
      <trkpt lat="51.552982" lon="0.218772"><ele>22</ele></trkpt>
      <trkpt lat="51.553037" lon="0.218796"><ele>22</ele></trkpt>
      <trkpt lat="51.553415" lon="0.218982"><ele>22.25</ele></trkpt>
      <trkpt lat="51.553709" lon="0.219104"><ele>21.75</ele></trkpt>
      <trkpt lat="51.553777" lon="0.219137"><ele>21.5</ele></trkpt>
      <trkpt lat="51.554026" lon="0.219272"><ele>21.25</ele></trkpt>
      <trkpt lat="51.554117" lon="0.219208"><ele>22</ele></trkpt>
      <trkpt lat="51.554026" lon="0.219272"><ele>21.25</ele></trkpt>
      <trkpt lat="51.553777" lon="0.219137"><ele>21.5</ele></trkpt>
      <trkpt lat="51.553709" lon="0.219104"><ele>21.75</ele></trkpt>
      <trkpt lat="51.553415" lon="0.218982"><ele>22.25</ele></trkpt>
      <trkpt lat="51.553293" lon="0.22049"><ele>23</ele></trkpt>
      <trkpt lat="51.553175" lon="0.221953"><ele>23</ele></trkpt>
      <trkpt lat="51.553172" lon="0.221992"><ele>23</ele></trkpt>
      <trkpt lat="51.553119" lon="0.222755"><ele>23</ele></trkpt>
      <trkpt lat="51.553086" lon="0.223336"><ele>23</ele></trkpt>
      <trkpt lat="51.553985" lon="0.223468"><ele>24</ele></trkpt>
      <trkpt lat="51.554252" lon="0.223502"><ele>24.25</ele></trkpt>
      <trkpt lat="51.554295" lon="0.223515"><ele>24.25</ele></trkpt>
      <trkpt lat="51.554325" lon="0.223541"><ele>24.5</ele></trkpt>
      <trkpt lat="51.554338" lon="0.223575"><ele>24.5</ele></trkpt>
      <trkpt lat="51.554568" lon="0.22452"><ele>24.5</ele></trkpt>
      <trkpt lat="51.554879" lon="0.225797"><ele>25</ele></trkpt>
      <trkpt lat="51.555202" lon="0.227121"><ele>25.25</ele></trkpt>
      <trkpt lat="51.555237" lon="0.227263"><ele>25</ele></trkpt>
      <trkpt lat="51.555511" lon="0.228389"><ele>24.75</ele></trkpt>
      <trkpt lat="51.555619" lon="0.228822"><ele>25</ele></trkpt>
      <trkpt lat="51.555761" lon="0.229385"><ele>24.75</ele></trkpt>
      <trkpt lat="51.555817" lon="0.229609"><ele>24.75</ele></trkpt>
      <trkpt lat="51.555818" lon="0.229664"><ele>24.75</ele></trkpt>
      <trkpt lat="51.555907" lon="0.229756"><ele>24.75</ele></trkpt>
      <trkpt lat="51.555978" lon="0.230083"><ele>24.25</ele></trkpt>
      <trkpt lat="51.556121" lon="0.230566"><ele>23.75</ele></trkpt>
      <trkpt lat="51.556088" lon="0.230688"><ele>23.75</ele></trkpt>
      <trkpt lat="51.556147" lon="0.230753"><ele>24</ele></trkpt>
      <trkpt lat="51.556454" lon="0.231642"><ele>22.25</ele></trkpt>
      <trkpt lat="51.556287" lon="0.23282"><ele>19.75</ele></trkpt>
      <trkpt lat="51.556987" lon="0.233103"><ele>19.75</ele></trkpt>
      <trkpt lat="51.557055" lon="0.233157"><ele>19.5</ele></trkpt>
      <trkpt lat="51.557105" lon="0.233229"><ele>19.25</ele></trkpt>
      <trkpt lat="51.55726" lon="0.233647"><ele>18.75</ele></trkpt>
      <trkpt lat="51.557397" lon="0.234062"><ele>17.75</ele></trkpt>
      <trkpt lat="51.557816" lon="0.235498"><ele>15</ele></trkpt>
      <trkpt lat="51.557927" lon="0.235928"><ele>14.5</ele></trkpt>
      <trkpt lat="51.558195" lon="0.237419"><ele>11.5</ele></trkpt>
      <trkpt lat="51.558185" lon="0.237511"><ele>11.25</ele></trkpt>
      <trkpt lat="51.558245" lon="0.237544"><ele>11.5</ele></trkpt>
      <trkpt lat="51.558277" lon="0.237561"><ele>11.5</ele></trkpt>
      <trkpt lat="51.558636" lon="0.237736"><ele>12.5</ele></trkpt>
      <trkpt lat="51.558645" lon="0.237679"><ele>12.5</ele></trkpt>
      <trkpt lat="51.55865" lon="0.237646"><ele>12.5</ele></trkpt>
      <trkpt lat="51.558671" lon="0.237641"><ele>13</ele></trkpt>
      <trkpt lat="51.558861" lon="0.236547"><ele>13.75</ele></trkpt>
      <trkpt lat="51.558854" lon="0.236418"><ele>14.5</ele></trkpt>
      <trkpt lat="51.558962" lon="0.23584"><ele>14.75</ele></trkpt>
      <trkpt lat="51.558902" lon="0.235812"><ele>14.75</ele></trkpt>
      <trkpt lat="51.558589" lon="0.235654"><ele>14.75</ele></trkpt>
      <trkpt lat="51.558902" lon="0.235812"><ele>14.75</ele></trkpt>
      <trkpt lat="51.558962" lon="0.23584"><ele>14.75</ele></trkpt>
      <trkpt lat="51.558854" lon="0.236418"><ele>14.5</ele></trkpt>
      <trkpt lat="51.558861" lon="0.236547"><ele>13.75</ele></trkpt>
      <trkpt lat="51.558671" lon="0.237641"><ele>13</ele></trkpt>
      <trkpt lat="51.55865" lon="0.237646"><ele>12.5</ele></trkpt>
      <trkpt lat="51.558645" lon="0.237679"><ele>12.5</ele></trkpt>
      <trkpt lat="51.558636" lon="0.237736"><ele>12.5</ele></trkpt>
      <trkpt lat="51.55863" lon="0.237779"><ele>12.25</ele></trkpt>
      <trkpt lat="51.558624" lon="0.237816"><ele>12</ele></trkpt>
      <trkpt lat="51.558646" lon="0.237859"><ele>12.5</ele></trkpt>
      <trkpt lat="51.558639" lon="0.237936"><ele>12</ele></trkpt>
      <trkpt lat="51.558545" lon="0.23845"><ele>11</ele></trkpt>
      <trkpt lat="51.558558" lon="0.238458"><ele>11</ele></trkpt>
      <trkpt lat="51.558587" lon="0.238476"><ele>11</ele></trkpt>
      <trkpt lat="51.55862" lon="0.238496"><ele>11</ele></trkpt>
      <trkpt lat="51.55863" lon="0.238501"><ele>11.25</ele></trkpt>
      <trkpt lat="51.558622" lon="0.238518"><ele>11</ele></trkpt>
      <trkpt lat="51.558601" lon="0.238642"><ele>11</ele></trkpt>
      <trkpt lat="51.558551" lon="0.238891"><ele>11</ele></trkpt>
      <trkpt lat="51.558408" lon="0.23947"><ele>10.75</ele></trkpt>
      <trkpt lat="51.558406" lon="0.239478"><ele>10.75</ele></trkpt>
      <trkpt lat="51.558301" lon="0.239932"><ele>10.75</ele></trkpt>
      <trkpt lat="51.558224" lon="0.240263"><ele>11</ele></trkpt>
      <trkpt lat="51.558212" lon="0.240318"><ele>11</ele></trkpt>
      <trkpt lat="51.558645" lon="0.240587"><ele>12</ele></trkpt>
      <trkpt lat="51.558674" lon="0.240632"><ele>12</ele></trkpt>
      <trkpt lat="51.558576" lon="0.241841"><ele>15.5</ele></trkpt>
      <trkpt lat="51.558165" lon="0.241639"><ele>14.75</ele></trkpt>
      <trkpt lat="51.558038" lon="0.242056"><ele>17.25</ele></trkpt>
      <trkpt lat="51.557868" lon="0.241985"><ele>16.5</ele></trkpt>
      <trkpt lat="51.55774" lon="0.241896"><ele>15.75</ele></trkpt>
      <trkpt lat="51.557617" lon="0.242334"><ele>18</ele></trkpt>
      <trkpt lat="51.557571" lon="0.242502"><ele>19</ele></trkpt>
      <trkpt lat="51.557991" lon="0.242809"><ele>21</ele></trkpt>
      <trkpt lat="51.558495" lon="0.243134"><ele>22.75</ele></trkpt>
      <trkpt lat="51.558559" lon="0.243311"><ele>23.75</ele></trkpt>
      <trkpt lat="51.558563" lon="0.244607"><ele>29.5</ele></trkpt>
      <trkpt lat="51.558418" lon="0.246188"><ele>30.25</ele></trkpt>
      <trkpt lat="51.558355" lon="0.24678"><ele>30</ele></trkpt>
      <trkpt lat="51.558253" lon="0.247269"><ele>30</ele></trkpt>
      <trkpt lat="51.558257" lon="0.247301"><ele>30</ele></trkpt>
      <trkpt lat="51.558228" lon="0.24742"><ele>30</ele></trkpt>
      <trkpt lat="51.558606" lon="0.247632"><ele>30.5</ele></trkpt>
      <trkpt lat="51.558463" lon="0.248381"><ele>29.25</ele></trkpt>
      <trkpt lat="51.558316" lon="0.249149"><ele>27.75</ele></trkpt>
      <trkpt lat="51.558289" lon="0.249293"><ele>27.25</ele></trkpt>
      <trkpt lat="51.558171" lon="0.249901"><ele>24.75</ele></trkpt>
      <trkpt lat="51.558208" lon="0.249919"><ele>24.75</ele></trkpt>
      <trkpt lat="51.55823" lon="0.249931"><ele>24.75</ele></trkpt>
      <trkpt lat="51.558243" lon="0.249976"><ele>24.75</ele></trkpt>
      <trkpt lat="51.558281" lon="0.249991"><ele>24.75</ele></trkpt>
      <trkpt lat="51.558312" lon="0.250002"><ele>24.75</ele></trkpt>
      <trkpt lat="51.558309" lon="0.250026"><ele>24.75</ele></trkpt>
      <trkpt lat="51.558297" lon="0.250091"><ele>24.75</ele></trkpt>
      <trkpt lat="51.558287" lon="0.250148"><ele>24.75</ele></trkpt>
      <trkpt lat="51.558284" lon="0.250167"><ele>24.75</ele></trkpt>
      <trkpt lat="51.558331" lon="0.250186"><ele>24.75</ele></trkpt>
      <trkpt lat="51.558529" lon="0.250269"><ele>25.5</ele></trkpt>
      <trkpt lat="51.558548" lon="0.250276"><ele>25.75</ele></trkpt>
      <trkpt lat="51.558569" lon="0.250287"><ele>25.75</ele></trkpt>
      <trkpt lat="51.558614" lon="0.250309"><ele>25.75</ele></trkpt>
      <trkpt lat="51.558677" lon="0.250377"><ele>25.25</ele></trkpt>
      <trkpt lat="51.558717" lon="0.250384"><ele>24.75</ele></trkpt>
      <trkpt lat="51.558763" lon="0.250388"><ele>24.25</ele></trkpt>
      <trkpt lat="51.558882" lon="0.250405"><ele>22.5</ele></trkpt>
      <trkpt lat="51.558946" lon="0.250416"><ele>21.5</ele></trkpt>
      <trkpt lat="51.558943" lon="0.25048"><ele>21</ele></trkpt>
      <trkpt lat="51.559022" lon="0.250478"><ele>19.75</ele></trkpt>
      <trkpt lat="51.559022" lon="0.250491"><ele>19.75</ele></trkpt>
      <trkpt lat="51.559018" lon="0.250721"><ele>17.5</ele></trkpt>
      <trkpt lat="51.559081" lon="0.250728"><ele>16.5</ele></trkpt>
      <trkpt lat="51.559124" lon="0.250731"><ele>16</ele></trkpt>
      <trkpt lat="51.559118" lon="0.250877"><ele>14.75</ele></trkpt>
    </trkseg>
    <trkseg>
      <trkpt lat="51.463241" lon="-0.301359"><ele>4.5</ele></trkpt>
      <trkpt lat="51.463217" lon="-0.301372"><ele>4.5</ele></trkpt>
      <trkpt lat="51.463214" lon="-0.301411"><ele>4.5</ele></trkpt>
      <trkpt lat="51.463205" lon="-0.301523"><ele>4.75</ele></trkpt>
      <trkpt lat="51.463417" lon="-0.301425"><ele>5.25</ele></trkpt>
      <trkpt lat="51.463426" lon="-0.301427"><ele>5.25</ele></trkpt>
      <trkpt lat="51.463436" lon="-0.301278"><ele>5.25</ele></trkpt>
      <trkpt lat="51.4634" lon="-0.301248"><ele>4.75</ele></trkpt>
      <trkpt lat="51.463507" lon="-0.299955"><ele>6</ele></trkpt>
      <trkpt lat="51.46358" lon="-0.29974"><ele>7.5</ele></trkpt>
      <trkpt lat="51.46374" lon="-0.299879"><ele>7.25</ele></trkpt>
      <trkpt lat="51.463805" lon="-0.299932"><ele>7.5</ele></trkpt>
      <trkpt lat="51.463834" lon="-0.299975"><ele>7.5</ele></trkpt>
      <trkpt lat="51.463853" lon="-0.300036"><ele>7.75</ele></trkpt>
      <trkpt lat="51.463875" lon="-0.300149"><ele>7.25</ele></trkpt>
      <trkpt lat="51.463941" lon="-0.300132"><ele>7.25</ele></trkpt>
      <trkpt lat="51.463999" lon="-0.300101"><ele>7.25</ele></trkpt>
      <trkpt lat="51.464294" lon="-0.29959"><ele>7</ele></trkpt>
      <trkpt lat="51.464697" lon="-0.298663"><ele>7</ele></trkpt>
      <trkpt lat="51.464836" lon="-0.298192"><ele>7</ele></trkpt>
      <trkpt lat="51.46492" lon="-0.298251"><ele>7</ele></trkpt>
      <trkpt lat="51.464983" lon="-0.298293"><ele>7</ele></trkpt>
      <trkpt lat="51.465146" lon="-0.297364"><ele>7</ele></trkpt>
      <trkpt lat="51.465312" lon="-0.296557"><ele>6.5</ele></trkpt>
      <trkpt lat="51.465405" lon="-0.29612"><ele>6</ele></trkpt>
      <trkpt lat="51.465515" lon="-0.295543"><ele>6</ele></trkpt>
      <trkpt lat="51.465755" lon="-0.294411"><ele>6.75</ele></trkpt>
      <trkpt lat="51.465851" lon="-0.293943"><ele>7</ele></trkpt>
      <trkpt lat="51.465995" lon="-0.293207"><ele>7</ele></trkpt>
      <trkpt lat="51.46618" lon="-0.292482"><ele>7</ele></trkpt>
      <trkpt lat="51.466284" lon="-0.292155"><ele>7</ele></trkpt>
      <trkpt lat="51.466445" lon="-0.291781"><ele>7</ele></trkpt>
      <trkpt lat="51.466515" lon="-0.291642"><ele>7</ele></trkpt>
      <trkpt lat="51.466589" lon="-0.29146"><ele>7</ele></trkpt>
      <trkpt lat="51.46682" lon="-0.29076"><ele>7</ele></trkpt>
      <trkpt lat="51.466853" lon="-0.290626"><ele>7</ele></trkpt>
      <trkpt lat="51.466877" lon="-0.290532"><ele>6.75</ele></trkpt>
      <trkpt lat="51.46714" lon="-0.289666"><ele>7.5</ele></trkpt>
      <trkpt lat="51.4674" lon="-0.288853"><ele>8.5</ele></trkpt>
      <trkpt lat="51.467428" lon="-0.288764"><ele>8.75</ele></trkpt>
      <trkpt lat="51.467455" lon="-0.288785"><ele>9.25</ele></trkpt>
      <trkpt lat="51.467483" lon="-0.288806"><ele>9.75</ele></trkpt>
      <trkpt lat="51.467509" lon="-0.288826"><ele>9.75</ele></trkpt>
      <trkpt lat="51.467518" lon="-0.288833"><ele>9.75</ele></trkpt>
      <trkpt lat="51.467554" lon="-0.288713"><ele>10</ele></trkpt>
      <trkpt lat="51.467563" lon="-0.288721"><ele>10</ele></trkpt>
      <trkpt lat="51.46759" lon="-0.288743"><ele>10</ele></trkpt>
      <trkpt lat="51.467615" lon="-0.288764"><ele>9.75</ele></trkpt>
      <trkpt lat="51.467634" lon="-0.28878"><ele>9.75</ele></trkpt>
      <trkpt lat="51.467727" lon="-0.288536"><ele>9.75</ele></trkpt>
      <trkpt lat="51.467747" lon="-0.288496"><ele>9.5</ele></trkpt>
      <trkpt lat="51.46779" lon="-0.288443"><ele>9</ele></trkpt>
      <trkpt lat="51.467832" lon="-0.28841"><ele>8.75</ele></trkpt>
      <trkpt lat="51.467921" lon="-0.288394"><ele>8.5</ele></trkpt>
      <trkpt lat="51.468005" lon="-0.288368"><ele>8.5</ele></trkpt>
      <trkpt lat="51.468004" lon="-0.288353"><ele>8.5</ele></trkpt>
      <trkpt lat="51.468" lon="-0.288296"><ele>8.5</ele></trkpt>
      <trkpt lat="51.467996" lon="-0.288238"><ele>8</ele></trkpt>
      <trkpt lat="51.467995" lon="-0.288224"><ele>8</ele></trkpt>
      <trkpt lat="51.467938" lon="-0.28822"><ele>7.75</ele></trkpt>
      <trkpt lat="51.467888" lon="-0.288154"><ele>7.25</ele></trkpt>
      <trkpt lat="51.467857" lon="-0.288033"><ele>7</ele></trkpt>
      <trkpt lat="51.467851" lon="-0.287968"><ele>7.75</ele></trkpt>
      <trkpt lat="51.467868" lon="-0.287865"><ele>8.5</ele></trkpt>
      <trkpt lat="51.467879" lon="-0.287834"><ele>8.75</ele></trkpt>
      <trkpt lat="51.467921" lon="-0.28779"><ele>8.75</ele></trkpt>
      <trkpt lat="51.467918" lon="-0.287762"><ele>9</ele></trkpt>
      <trkpt lat="51.467911" lon="-0.287647"><ele>9.25</ele></trkpt>
      <trkpt lat="51.467969" lon="-0.28765"><ele>8.75</ele></trkpt>
      <trkpt lat="51.468037" lon="-0.28763"><ele>8.5</ele></trkpt>
      <trkpt lat="51.468378" lon="-0.287453"><ele>7.5</ele></trkpt>
      <trkpt lat="51.468477" lon="-0.287397"><ele>6.75</ele></trkpt>
      <trkpt lat="51.468965" lon="-0.287173"><ele>6.75</ele></trkpt>
      <trkpt lat="51.469036" lon="-0.287142"><ele>6.5</ele></trkpt>
      <trkpt lat="51.469619" lon="-0.286923"><ele>6</ele></trkpt>
      <trkpt lat="51.469952" lon="-0.286803"><ele>6.5</ele></trkpt>
      <trkpt lat="51.469981" lon="-0.286793"><ele>6.5</ele></trkpt>
      <trkpt lat="51.470213" lon="-0.286725"><ele>6.75</ele></trkpt>
      <trkpt lat="51.470773" lon="-0.28661"><ele>6.25</ele></trkpt>
      <trkpt lat="51.471874" lon="-0.286313"><ele>7</ele></trkpt>
      <trkpt lat="51.472012" lon="-0.286276"><ele>6.75</ele></trkpt>
      <trkpt lat="51.472706" lon="-0.286094"><ele>6.75</ele></trkpt>
      <trkpt lat="51.472906" lon="-0.286038"><ele>6.75</ele></trkpt>
      <trkpt lat="51.472999" lon="-0.286012"><ele>6.75</ele></trkpt>
      <trkpt lat="51.473917" lon="-0.285747"><ele>6.75</ele></trkpt>
      <trkpt lat="51.474529" lon="-0.285571"><ele>7</ele></trkpt>
      <trkpt lat="51.475088" lon="-0.28541"><ele>7</ele></trkpt>
      <trkpt lat="51.475663" lon="-0.28522"><ele>7.5</ele></trkpt>
      <trkpt lat="51.475835" lon="-0.285163"><ele>8</ele></trkpt>
      <trkpt lat="51.475858" lon="-0.285156"><ele>8</ele></trkpt>
      <trkpt lat="51.475909" lon="-0.285098"><ele>7.75</ele></trkpt>
      <trkpt lat="51.475935" lon="-0.285079"><ele>8</ele></trkpt>
      <trkpt lat="51.47613" lon="-0.285026"><ele>8</ele></trkpt>
      <trkpt lat="51.476187" lon="-0.285045"><ele>8</ele></trkpt>
      <trkpt lat="51.476784" lon="-0.284797"><ele>8</ele></trkpt>
      <trkpt lat="51.476793" lon="-0.284845"><ele>8</ele></trkpt>
      <trkpt lat="51.476813" lon="-0.284888"><ele>8</ele></trkpt>
      <trkpt lat="51.476867" lon="-0.284865"><ele>8</ele></trkpt>
      <trkpt lat="51.476933" lon="-0.285376"><ele>8.5</ele></trkpt>
      <trkpt lat="51.477036" lon="-0.285343"><ele>8.75</ele></trkpt>
      <trkpt lat="51.47707" lon="-0.285329"><ele>8.75</ele></trkpt>
      <trkpt lat="51.477153" lon="-0.285296"><ele>8.75</ele></trkpt>
      <trkpt lat="51.477168" lon="-0.285417"><ele>8.25</ele></trkpt>
      <trkpt lat="51.477211" lon="-0.285701"><ele>8</ele></trkpt>
      <trkpt lat="51.477224" lon="-0.285767"><ele>8</ele></trkpt>
      <trkpt lat="51.477274" lon="-0.285752"><ele>8</ele></trkpt>
      <trkpt lat="51.477307" lon="-0.285754"><ele>8</ele></trkpt>
      <trkpt lat="51.47741" lon="-0.285854"><ele>8</ele></trkpt>
      <trkpt lat="51.47766" lon="-0.286132"><ele>7.25</ele></trkpt>
      <trkpt lat="51.47795" lon="-0.286472"><ele>6.25</ele></trkpt>
      <trkpt lat="51.477993" lon="-0.286542"><ele>6</ele></trkpt>
      <trkpt lat="51.478012" lon="-0.286632"><ele>6</ele></trkpt>
      <trkpt lat="51.478018" lon="-0.286748"><ele>6</ele></trkpt>
      <trkpt lat="51.478155" lon="-0.286744"><ele>5.75</ele></trkpt>
      <trkpt lat="51.478172" lon="-0.286634"><ele>6</ele></trkpt>
      <trkpt lat="51.478211" lon="-0.286557"><ele>6</ele></trkpt>
      <trkpt lat="51.478356" lon="-0.2863"><ele>6</ele></trkpt>
      <trkpt lat="51.47874" lon="-0.285622"><ele>6</ele></trkpt>
      <trkpt lat="51.479011" lon="-0.285222"><ele>6</ele></trkpt>
      <trkpt lat="51.47923" lon="-0.28493"><ele>5.75</ele></trkpt>
      <trkpt lat="51.479437" lon="-0.284679"><ele>5</ele></trkpt>
      <trkpt lat="51.479559" lon="-0.284553"><ele>5.5</ele></trkpt>
      <trkpt lat="51.479642" lon="-0.284468"><ele>5.25</ele></trkpt>
      <trkpt lat="51.479784" lon="-0.284346"><ele>5.25</ele></trkpt>
      <trkpt lat="51.480052" lon="-0.284137"><ele>6</ele></trkpt>
      <trkpt lat="51.480234" lon="-0.283995"><ele>6</ele></trkpt>
      <trkpt lat="51.480524" lon="-0.283787"><ele>6</ele></trkpt>
      <trkpt lat="51.48066" lon="-0.283677"><ele>5.5</ele></trkpt>
      <trkpt lat="51.480689" lon="-0.283647"><ele>5.5</ele></trkpt>
      <trkpt lat="51.480751" lon="-0.283546"><ele>5</ele></trkpt>
      <trkpt lat="51.480811" lon="-0.283597"><ele>5</ele></trkpt>
      <trkpt lat="51.480889" lon="-0.283695"><ele>5</ele></trkpt>
      <trkpt lat="51.480913" lon="-0.28366"><ele>5</ele></trkpt>
      <trkpt lat="51.480942" lon="-0.283619"><ele>5</ele></trkpt>
      <trkpt lat="51.480894" lon="-0.28351"><ele>5</ele></trkpt>
      <trkpt lat="51.481178" lon="-0.283071"><ele>4.75</ele></trkpt>
      <trkpt lat="51.481271" lon="-0.282937"><ele>4.25</ele></trkpt>
      <trkpt lat="51.481606" lon="-0.283427"><ele>4.25</ele></trkpt>
      <trkpt lat="51.481882" lon="-0.283824"><ele>5</ele></trkpt>
      <trkpt lat="51.482048" lon="-0.284104"><ele>4.75</ele></trkpt>
      <trkpt lat="51.482364" lon="-0.284358"><ele>5</ele></trkpt>
      <trkpt lat="51.482631" lon="-0.284623"><ele>5</ele></trkpt>
      <trkpt lat="51.482739" lon="-0.284756"><ele>5</ele></trkpt>
      <trkpt lat="51.483087" lon="-0.285404"><ele>5</ele></trkpt>
      <trkpt lat="51.483222" lon="-0.28563"><ele>5</ele></trkpt>
      <trkpt lat="51.483278" lon="-0.285781"><ele>5</ele></trkpt>
      <trkpt lat="51.483494" lon="-0.286571"><ele>5</ele></trkpt>
      <trkpt lat="51.484463" lon="-0.285914"><ele>4</ele></trkpt>
      <trkpt lat="51.484524" lon="-0.285895"><ele>4</ele></trkpt>
      <trkpt lat="51.484553" lon="-0.285957"><ele>4</ele></trkpt>
      <trkpt lat="51.485121" lon="-0.286792"><ele>4.5</ele></trkpt>
      <trkpt lat="51.485163" lon="-0.287141"><ele>5.5</ele></trkpt>
      <trkpt lat="51.48521" lon="-0.287184"><ele>5.75</ele></trkpt>
      <trkpt lat="51.485216" lon="-0.287253"><ele>6</ele></trkpt>
      <trkpt lat="51.485269" lon="-0.287252"><ele>6</ele></trkpt>
      <trkpt lat="51.485304" lon="-0.287268"><ele>6</ele></trkpt>
      <trkpt lat="51.48538" lon="-0.287275"><ele>6</ele></trkpt>
      <trkpt lat="51.485433" lon="-0.287283"><ele>6</ele></trkpt>
      <trkpt lat="51.486004" lon="-0.287317"><ele>6</ele></trkpt>
      <trkpt lat="51.486956" lon="-0.287349"><ele>6</ele></trkpt>
      <trkpt lat="51.488191" lon="-0.287366"><ele>6.25</ele></trkpt>
      <trkpt lat="51.488228" lon="-0.287367"><ele>6.25</ele></trkpt>
      <trkpt lat="51.488493" lon="-0.287364"><ele>7</ele></trkpt>
      <trkpt lat="51.488531" lon="-0.287346"><ele>6.75</ele></trkpt>
      <trkpt lat="51.48857" lon="-0.287326"><ele>6.75</ele></trkpt>
      <trkpt lat="51.488623" lon="-0.287299"><ele>7</ele></trkpt>
      <trkpt lat="51.488644" lon="-0.287286"><ele>7</ele></trkpt>
      <trkpt lat="51.488671" lon="-0.287309"><ele>7</ele></trkpt>
      <trkpt lat="51.488728" lon="-0.287319"><ele>7.25</ele></trkpt>
      <trkpt lat="51.488807" lon="-0.287331"><ele>7.5</ele></trkpt>
      <trkpt lat="51.488819" lon="-0.287316"><ele>7.5</ele></trkpt>
      <trkpt lat="51.488897" lon="-0.287297"><ele>8</ele></trkpt>
      <trkpt lat="51.488969" lon="-0.287236"><ele>8.25</ele></trkpt>
      <trkpt lat="51.48906" lon="-0.287166"><ele>8.25</ele></trkpt>
      <trkpt lat="51.48911" lon="-0.287115"><ele>8.25</ele></trkpt>
      <trkpt lat="51.489173" lon="-0.287051"><ele>8.25</ele></trkpt>
      <trkpt lat="51.489262" lon="-0.286951"><ele>7.25</ele></trkpt>
      <trkpt lat="51.489285" lon="-0.286925"><ele>7</ele></trkpt>
      <trkpt lat="51.489305" lon="-0.286901"><ele>6.75</ele></trkpt>
      <trkpt lat="51.489321" lon="-0.286881"><ele>6.75</ele></trkpt>
      <trkpt lat="51.489364" lon="-0.286829"><ele>6.75</ele></trkpt>
      <trkpt lat="51.489455" lon="-0.286687"><ele>7</ele></trkpt>
      <trkpt lat="51.489575" lon="-0.286469"><ele>7.25</ele></trkpt>
      <trkpt lat="51.489662" lon="-0.286261"><ele>7.75</ele></trkpt>
      <trkpt lat="51.489676" lon="-0.286214"><ele>7.75</ele></trkpt>
      <trkpt lat="51.489679" lon="-0.286141"><ele>8.25</ele></trkpt>
      <trkpt lat="51.489697" lon="-0.286094"><ele>8.5</ele></trkpt>
      <trkpt lat="51.489708" lon="-0.286063"><ele>8.75</ele></trkpt>
      <trkpt lat="51.48972" lon="-0.286031"><ele>9.25</ele></trkpt>
      <trkpt lat="51.489776" lon="-0.28596"><ele>9.5</ele></trkpt>
      <trkpt lat="51.490025" lon="-0.285378"><ele>9.25</ele></trkpt>
      <trkpt lat="51.490032" lon="-0.285299"><ele>9</ele></trkpt>
      <trkpt lat="51.490024" lon="-0.285173"><ele>9.25</ele></trkpt>
      <trkpt lat="51.490054" lon="-0.285168"><ele>9.5</ele></trkpt>
      <trkpt lat="51.49008" lon="-0.285163"><ele>9.5</ele></trkpt>
      <trkpt lat="51.490088" lon="-0.285161"><ele>9.5</ele></trkpt>
      <trkpt lat="51.490081" lon="-0.284854"><ele>10</ele></trkpt>
      <trkpt lat="51.490076" lon="-0.284611"><ele>10</ele></trkpt>
      <trkpt lat="51.490033" lon="-0.282607"><ele>9.75</ele></trkpt>
      <trkpt lat="51.490033" lon="-0.282598"><ele>9.75</ele></trkpt>
      <trkpt lat="51.490034" lon="-0.282546"><ele>10</ele></trkpt>
      <trkpt lat="51.490037" lon="-0.282454"><ele>10</ele></trkpt>
      <trkpt lat="51.490038" lon="-0.282432"><ele>10</ele></trkpt>
      <trkpt lat="51.490045" lon="-0.282008"><ele>10</ele></trkpt>
      <trkpt lat="51.490049" lon="-0.280839"><ele>9</ele></trkpt>
      <trkpt lat="51.490048" lon="-0.280787"><ele>9</ele></trkpt>
      <trkpt lat="51.490047" lon="-0.280719"><ele>9</ele></trkpt>
      <trkpt lat="51.490042" lon="-0.280271"><ele>9</ele></trkpt>
      <trkpt lat="51.490102" lon="-0.279935"><ele>9</ele></trkpt>
      <trkpt lat="51.490123" lon="-0.279779"><ele>9</ele></trkpt>
      <trkpt lat="51.490135" lon="-0.279727"><ele>9</ele></trkpt>
      <trkpt lat="51.490266" lon="-0.279068"><ele>10</ele></trkpt>
      <trkpt lat="51.490279" lon="-0.279018"><ele>9.75</ele></trkpt>
      <trkpt lat="51.490484" lon="-0.278073"><ele>10</ele></trkpt>
      <trkpt lat="51.490493" lon="-0.277993"><ele>10</ele></trkpt>
      <trkpt lat="51.490502" lon="-0.277905"><ele>10</ele></trkpt>
      <trkpt lat="51.49051" lon="-0.277395"><ele>10</ele></trkpt>
      <trkpt lat="51.490518" lon="-0.276777"><ele>10.25</ele></trkpt>
      <trkpt lat="51.49052" lon="-0.276709"><ele>10.5</ele></trkpt>
      <trkpt lat="51.490522" lon="-0.276645"><ele>10.5</ele></trkpt>
      <trkpt lat="51.490521" lon="-0.276535"><ele>9.5</ele></trkpt>
      <trkpt lat="51.490523" lon="-0.276455"><ele>9</ele></trkpt>
      <trkpt lat="51.490537" lon="-0.276453"><ele>9.25</ele></trkpt>
      <trkpt lat="51.490578" lon="-0.276426"><ele>9.25</ele></trkpt>
      <trkpt lat="51.490656" lon="-0.276314"><ele>8.5</ele></trkpt>
      <trkpt lat="51.490824" lon="-0.27621"><ele>8</ele></trkpt>
      <trkpt lat="51.491323" lon="-0.275872"><ele>9</ele></trkpt>
      <trkpt lat="51.491757" lon="-0.275431"><ele>8.25</ele></trkpt>
      <trkpt lat="51.491825" lon="-0.275404"><ele>8.75</ele></trkpt>
      <trkpt lat="51.491808" lon="-0.275304"><ele>7.75</ele></trkpt>
      <trkpt lat="51.4918" lon="-0.275275"><ele>7.25</ele></trkpt>
      <trkpt lat="51.491798" lon="-0.275272"><ele>6</ele></trkpt>
      <trkpt lat="51.4918" lon="-0.275275"><ele>7.25</ele></trkpt>
      <trkpt lat="51.491808" lon="-0.275304"><ele>7.75</ele></trkpt>
      <trkpt lat="51.491825" lon="-0.275404"><ele>8.75</ele></trkpt>
      <trkpt lat="51.491847" lon="-0.275523"><ele>9.75</ele></trkpt>
      <trkpt lat="51.491948" lon="-0.275584"><ele>10</ele></trkpt>
      <trkpt lat="51.492066" lon="-0.275594"><ele>10</ele></trkpt>
      <trkpt lat="51.492207" lon="-0.275539"><ele>10</ele></trkpt>
      <trkpt lat="51.492307" lon="-0.275554"><ele>10</ele></trkpt>
      <trkpt lat="51.492318" lon="-0.275402"><ele>10</ele></trkpt>
      <trkpt lat="51.492324" lon="-0.275303"><ele>10</ele></trkpt>
      <trkpt lat="51.492385" lon="-0.27448"><ele>8.5</ele></trkpt>
      <trkpt lat="51.492405" lon="-0.274271"><ele>8</ele></trkpt>
      <trkpt lat="51.4925" lon="-0.273378"><ele>9.5</ele></trkpt>
      <trkpt lat="51.492533" lon="-0.273066"><ele>9</ele></trkpt>
      <trkpt lat="51.492548" lon="-0.272983"><ele>9</ele></trkpt>
      <trkpt lat="51.492562" lon="-0.272905"><ele>9</ele></trkpt>
      <trkpt lat="51.492768" lon="-0.271567"><ele>8</ele></trkpt>
      <trkpt lat="51.492786" lon="-0.271447"><ele>8</ele></trkpt>
      <trkpt lat="51.492826" lon="-0.27146"><ele>8</ele></trkpt>
      <trkpt lat="51.49289" lon="-0.271482"><ele>8</ele></trkpt>
      <trkpt lat="51.492937" lon="-0.271054"><ele>7.75</ele></trkpt>
      <trkpt lat="51.492951" lon="-0.270933"><ele>7.75</ele></trkpt>
      <trkpt lat="51.492967" lon="-0.270652"><ele>7.5</ele></trkpt>
      <trkpt lat="51.493023" lon="-0.26978"><ele>7</ele></trkpt>
      <trkpt lat="51.493022" lon="-0.269709"><ele>7</ele></trkpt>
      <trkpt lat="51.493091" lon="-0.269701"><ele>6.75</ele></trkpt>
      <trkpt lat="51.493136" lon="-0.26969"><ele>6.5</ele></trkpt>
      <trkpt lat="51.493172" lon="-0.269633"><ele>6.5</ele></trkpt>
      <trkpt lat="51.493186" lon="-0.26956"><ele>6.75</ele></trkpt>
      <trkpt lat="51.493319" lon="-0.268356"><ele>6</ele></trkpt>
      <trkpt lat="51.49337" lon="-0.267672"><ele>6</ele></trkpt>
      <trkpt lat="51.493384" lon="-0.267386"><ele>6</ele></trkpt>
      <trkpt lat="51.493384" lon="-0.267376"><ele>6</ele></trkpt>
      <trkpt lat="51.493407" lon="-0.267395"><ele>6.25</ele></trkpt>
      <trkpt lat="51.493461" lon="-0.267438"><ele>6.25</ele></trkpt>
      <trkpt lat="51.493681" lon="-0.267598"><ele>6.75</ele></trkpt>
      <trkpt lat="51.493691" lon="-0.267549"><ele>7</ele></trkpt>
      <trkpt lat="51.493697" lon="-0.267523"><ele>7</ele></trkpt>
      <trkpt lat="51.493709" lon="-0.267467"><ele>7.25</ele></trkpt>
      <trkpt lat="51.493715" lon="-0.267438"><ele>7.25</ele></trkpt>
      <trkpt lat="51.493724" lon="-0.267394"><ele>7.25</ele></trkpt>
      <trkpt lat="51.493938" lon="-0.267505"><ele>7.5</ele></trkpt>
      <trkpt lat="51.494009" lon="-0.267531"><ele>7.5</ele></trkpt>
      <trkpt lat="51.494098" lon="-0.267535"><ele>7.75</ele></trkpt>
      <trkpt lat="51.494148" lon="-0.26749"><ele>7.75</ele></trkpt>
      <trkpt lat="51.494217" lon="-0.267349"><ele>7.25</ele></trkpt>
      <trkpt lat="51.494386" lon="-0.267003"><ele>6.75</ele></trkpt>
      <trkpt lat="51.494545" lon="-0.266598"><ele>6</ele></trkpt>
      <trkpt lat="51.494577" lon="-0.266517"><ele>6</ele></trkpt>
      <trkpt lat="51.49465" lon="-0.266488"><ele>6</ele></trkpt>
      <trkpt lat="51.494888" lon="-0.265682"><ele>6</ele></trkpt>
      <trkpt lat="51.49507" lon="-0.265028"><ele>6</ele></trkpt>
      <trkpt lat="51.495295" lon="-0.264124"><ele>6</ele></trkpt>
      <trkpt lat="51.49539" lon="-0.263413"><ele>6</ele></trkpt>
      <trkpt lat="51.495404" lon="-0.263305"><ele>6</ele></trkpt>
      <trkpt lat="51.495342" lon="-0.262487"><ele>5</ele></trkpt>
      <trkpt lat="51.495255" lon="-0.261311"><ele>5.25</ele></trkpt>
      <trkpt lat="51.495207" lon="-0.260399"><ele>6</ele></trkpt>
      <trkpt lat="51.495212" lon="-0.260348"><ele>5.75</ele></trkpt>
      <trkpt lat="51.495221" lon="-0.260317"><ele>5.5</ele></trkpt>
      <trkpt lat="51.495227" lon="-0.260293"><ele>5.5</ele></trkpt>
      <trkpt lat="51.495228" lon="-0.26023"><ele>5.5</ele></trkpt>
      <trkpt lat="51.495231" lon="-0.260172"><ele>5.75</ele></trkpt>
      <trkpt lat="51.495232" lon="-0.260143"><ele>5.75</ele></trkpt>
      <trkpt lat="51.495224" lon="-0.260142"><ele>5.75</ele></trkpt>
      <trkpt lat="51.495253" lon="-0.259591"><ele>5.25</ele></trkpt>
      <trkpt lat="51.495312" lon="-0.259248"><ele>5.5</ele></trkpt>
      <trkpt lat="51.495354" lon="-0.25884"><ele>5.75</ele></trkpt>
      <trkpt lat="51.495394" lon="-0.258535"><ele>6</ele></trkpt>
      <trkpt lat="51.49544" lon="-0.258324"><ele>5.75</ele></trkpt>
      <trkpt lat="51.495466" lon="-0.257971"><ele>5.5</ele></trkpt>
      <trkpt lat="51.495511" lon="-0.257755"><ele>5.25</ele></trkpt>
      <trkpt lat="51.495449" lon="-0.256675"><ele>6</ele></trkpt>
      <trkpt lat="51.495398" lon="-0.255719"><ele>5.5</ele></trkpt>
      <trkpt lat="51.495352" lon="-0.25542"><ele>5.5</ele></trkpt>
      <trkpt lat="51.495353" lon="-0.255379"><ele>5.5</ele></trkpt>
      <trkpt lat="51.495356" lon="-0.255288"><ele>5.5</ele></trkpt>
      <trkpt lat="51.495358" lon="-0.255163"><ele>6.25</ele></trkpt>
      <trkpt lat="51.495321" lon="-0.255161"><ele>6.5</ele></trkpt>
      <trkpt lat="51.495285" lon="-0.255196"><ele>6.5</ele></trkpt>
      <trkpt lat="51.495284" lon="-0.255094"><ele>7.25</ele></trkpt>
      <trkpt lat="51.495286" lon="-0.254956"><ele>8</ele></trkpt>
      <trkpt lat="51.495268" lon="-0.25491"><ele>8.25</ele></trkpt>
      <trkpt lat="51.495261" lon="-0.254892"><ele>8.25</ele></trkpt>
      <trkpt lat="51.495181" lon="-0.254888"><ele>7.75</ele></trkpt>
      <trkpt lat="51.495181" lon="-0.254862"><ele>7.75</ele></trkpt>
      <trkpt lat="51.495183" lon="-0.25478"><ele>8</ele></trkpt>
      <trkpt lat="51.495183" lon="-0.254766"><ele>8</ele></trkpt>
      <trkpt lat="51.495185" lon="-0.254683"><ele>8.25</ele></trkpt>
      <trkpt lat="51.495185" lon="-0.254676"><ele>8.25</ele></trkpt>
      <trkpt lat="51.495157" lon="-0.254675"><ele>8</ele></trkpt>
    </trkseg>
    <trkseg>
      <trkpt lat="51.421209" lon="-0.206632"><ele>20.25</ele></trkpt>
      <trkpt lat="51.421257" lon="-0.206718"><ele>20.75</ele></trkpt>
      <trkpt lat="51.421346" lon="-0.206873"><ele>21.75</ele></trkpt>
      <trkpt lat="51.421356" lon="-0.206891"><ele>21.75</ele></trkpt>
      <trkpt lat="51.421319" lon="-0.206902"><ele>22</ele></trkpt>
      <trkpt lat="51.421301" lon="-0.206827"><ele>21.5</ele></trkpt>
      <trkpt lat="51.421289" lon="-0.206826"><ele>21.5</ele></trkpt>
      <trkpt lat="51.421274" lon="-0.206829"><ele>21.75</ele></trkpt>
      <trkpt lat="51.421303" lon="-0.20698"><ele>22.5</ele></trkpt>
      <trkpt lat="51.421186" lon="-0.207171"><ele>23</ele></trkpt>
      <trkpt lat="51.421199" lon="-0.207199"><ele>23</ele></trkpt>
      <trkpt lat="51.421232" lon="-0.207258"><ele>23</ele></trkpt>
      <trkpt lat="51.421262" lon="-0.207301"><ele>23</ele></trkpt>
      <trkpt lat="51.421367" lon="-0.207418"><ele>23</ele></trkpt>
      <trkpt lat="51.421407" lon="-0.207435"><ele>23</ele></trkpt>
      <trkpt lat="51.421434" lon="-0.207428"><ele>23</ele></trkpt>
      <trkpt lat="51.421446" lon="-0.207444"><ele>23</ele></trkpt>
      <trkpt lat="51.421497" lon="-0.207498"><ele>23</ele></trkpt>
      <trkpt lat="51.421569" lon="-0.207569"><ele>22.75</ele></trkpt>
      <trkpt lat="51.421587" lon="-0.207587"><ele>22.75</ele></trkpt>
      <trkpt lat="51.42158" lon="-0.207614"><ele>22.75</ele></trkpt>
      <trkpt lat="51.42158" lon="-0.207645"><ele>22.75</ele></trkpt>
      <trkpt lat="51.421599" lon="-0.207718"><ele>22.75</ele></trkpt>
      <trkpt lat="51.421695" lon="-0.207876"><ele>23</ele></trkpt>
      <trkpt lat="51.422046" lon="-0.208245"><ele>23.75</ele></trkpt>
      <trkpt lat="51.422069" lon="-0.208253"><ele>23.75</ele></trkpt>
      <trkpt lat="51.422096" lon="-0.208289"><ele>23.75</ele></trkpt>
      <trkpt lat="51.422278" lon="-0.208514"><ele>24</ele></trkpt>
      <trkpt lat="51.422287" lon="-0.208529"><ele>24</ele></trkpt>
      <trkpt lat="51.422325" lon="-0.208587"><ele>24.25</ele></trkpt>
      <trkpt lat="51.422625" lon="-0.209071"><ele>25.25</ele></trkpt>
      <trkpt lat="51.422638" lon="-0.209093"><ele>25.25</ele></trkpt>
      <trkpt lat="51.422666" lon="-0.209138"><ele>25.5</ele></trkpt>
      <trkpt lat="51.422919" lon="-0.209564"><ele>26.75</ele></trkpt>
      <trkpt lat="51.422945" lon="-0.209593"><ele>27</ele></trkpt>
      <trkpt lat="51.422962" lon="-0.209604"><ele>27</ele></trkpt>
      <trkpt lat="51.422984" lon="-0.209569"><ele>27</ele></trkpt>
      <trkpt lat="51.423006" lon="-0.209533"><ele>27</ele></trkpt>
      <trkpt lat="51.423234" lon="-0.209159"><ele>27.5</ele></trkpt>
      <trkpt lat="51.423393" lon="-0.208885"><ele>27</ele></trkpt>
      <trkpt lat="51.423787" lon="-0.208174"><ele>28.5</ele></trkpt>
      <trkpt lat="51.423921" lon="-0.20789"><ele>28.5</ele></trkpt>
      <trkpt lat="51.423987" lon="-0.207705"><ele>28.75</ele></trkpt>
      <trkpt lat="51.424041" lon="-0.207551"><ele>29</ele></trkpt>
      <trkpt lat="51.424078" lon="-0.20758"><ele>29</ele></trkpt>
      <trkpt lat="51.424115" lon="-0.207606"><ele>29</ele></trkpt>
      <trkpt lat="51.424183" lon="-0.207642"><ele>29.5</ele></trkpt>
      <trkpt lat="51.424287" lon="-0.207657"><ele>29.75</ele></trkpt>
      <trkpt lat="51.424403" lon="-0.207635"><ele>30.25</ele></trkpt>
      <trkpt lat="51.424571" lon="-0.207605"><ele>30.75</ele></trkpt>
      <trkpt lat="51.424687" lon="-0.207597"><ele>31</ele></trkpt>
      <trkpt lat="51.425022" lon="-0.207627"><ele>31.5</ele></trkpt>
      <trkpt lat="51.425344" lon="-0.207684"><ele>32</ele></trkpt>
      <trkpt lat="51.425448" lon="-0.207689"><ele>32.25</ele></trkpt>
      <trkpt lat="51.425533" lon="-0.20768"><ele>32.5</ele></trkpt>
      <trkpt lat="51.425661" lon="-0.20765"><ele>32.75</ele></trkpt>
      <trkpt lat="51.425879" lon="-0.207565"><ele>33.25</ele></trkpt>
      <trkpt lat="51.42612" lon="-0.207423"><ele>34</ele></trkpt>
      <trkpt lat="51.42616" lon="-0.207398"><ele>34.25</ele></trkpt>
      <trkpt lat="51.426247" lon="-0.207339"><ele>34.75</ele></trkpt>
      <trkpt lat="51.426399" lon="-0.207188"><ele>35</ele></trkpt>
      <trkpt lat="51.426474" lon="-0.207122"><ele>35.75</ele></trkpt>
      <trkpt lat="51.426675" lon="-0.206867"><ele>36.75</ele></trkpt>
      <trkpt lat="51.426778" lon="-0.206736"><ele>37.25</ele></trkpt>
      <trkpt lat="51.426954" lon="-0.206471"><ele>38.25</ele></trkpt>
      <trkpt lat="51.427127" lon="-0.206211"><ele>39.25</ele></trkpt>
      <trkpt lat="51.42731" lon="-0.205947"><ele>40</ele></trkpt>
      <trkpt lat="51.427499" lon="-0.205672"><ele>41.75</ele></trkpt>
      <trkpt lat="51.427823" lon="-0.205201"><ele>44.5</ele></trkpt>
      <trkpt lat="51.428075" lon="-0.204835"><ele>45.5</ele></trkpt>
      <trkpt lat="51.428349" lon="-0.204482"><ele>46</ele></trkpt>
      <trkpt lat="51.428507" lon="-0.204278"><ele>46.75</ele></trkpt>
      <trkpt lat="51.428561" lon="-0.204175"><ele>46.75</ele></trkpt>
      <trkpt lat="51.428594" lon="-0.204047"><ele>46.5</ele></trkpt>
      <trkpt lat="51.428615" lon="-0.203988"><ele>46.25</ele></trkpt>
      <trkpt lat="51.428826" lon="-0.20407"><ele>47.5</ele></trkpt>
      <trkpt lat="51.42885" lon="-0.20393"><ele>47.5</ele></trkpt>
      <trkpt lat="51.428898" lon="-0.203826"><ele>47.75</ele></trkpt>
      <trkpt lat="51.429251" lon="-0.203423"><ele>47</ele></trkpt>
      <trkpt lat="51.429796" lon="-0.202821"><ele>45.25</ele></trkpt>
      <trkpt lat="51.430236" lon="-0.202279"><ele>42.5</ele></trkpt>
      <trkpt lat="51.430672" lon="-0.201802"><ele>39.25</ele></trkpt>
      <trkpt lat="51.431132" lon="-0.201362"><ele>35.75</ele></trkpt>
      <trkpt lat="51.432233" lon="-0.200483"><ele>29.5</ele></trkpt>
      <trkpt lat="51.433162" lon="-0.199968"><ele>25.5</ele></trkpt>
      <trkpt lat="51.433473" lon="-0.199863"><ele>24.75</ele></trkpt>
      <trkpt lat="51.433624" lon="-0.199791"><ele>24</ele></trkpt>
      <trkpt lat="51.433671" lon="-0.199737"><ele>24</ele></trkpt>
      <trkpt lat="51.433695" lon="-0.199698"><ele>23.75</ele></trkpt>
      <trkpt lat="51.434102" lon="-0.199988"><ele>24</ele></trkpt>
      <trkpt lat="51.434304" lon="-0.200158"><ele>24.75</ele></trkpt>
      <trkpt lat="51.434539" lon="-0.200362"><ele>25.25</ele></trkpt>
      <trkpt lat="51.434562" lon="-0.20022"><ele>24.5</ele></trkpt>
      <trkpt lat="51.434518" lon="-0.200198"><ele>24.5</ele></trkpt>
      <trkpt lat="51.434562" lon="-0.199901"><ele>22</ele></trkpt>
      <trkpt lat="51.43459" lon="-0.199728"><ele>19.75</ele></trkpt>
      <trkpt lat="51.434611" lon="-0.199605"><ele>19.75</ele></trkpt>
      <trkpt lat="51.43463" lon="-0.199489"><ele>20.25</ele></trkpt>
      <trkpt lat="51.43464" lon="-0.199427"><ele>20.75</ele></trkpt>
      <trkpt lat="51.434684" lon="-0.199444"><ele>21.25</ele></trkpt>
      <trkpt lat="51.434725" lon="-0.199459"><ele>21.75</ele></trkpt>
      <trkpt lat="51.43479" lon="-0.199071"><ele>21</ele></trkpt>
      <trkpt lat="51.434797" lon="-0.199021"><ele>20.75</ele></trkpt>
      <trkpt lat="51.434808" lon="-0.198984"><ele>20.5</ele></trkpt>
      <trkpt lat="51.434812" lon="-0.198986"><ele>20.5</ele></trkpt>
      <trkpt lat="51.434869" lon="-0.199009"><ele>20.25</ele></trkpt>
      <trkpt lat="51.435048" lon="-0.199082"><ele>19.5</ele></trkpt>
      <trkpt lat="51.435066" lon="-0.19909"><ele>19.5</ele></trkpt>
      <trkpt lat="51.435129" lon="-0.199166"><ele>19.75</ele></trkpt>
      <trkpt lat="51.435142" lon="-0.199185"><ele>20</ele></trkpt>
      <trkpt lat="51.435352" lon="-0.199487"><ele>19.5</ele></trkpt>
      <trkpt lat="51.435651" lon="-0.199889"><ele>18.5</ele></trkpt>
      <trkpt lat="51.43568" lon="-0.199909"><ele>18.5</ele></trkpt>
      <trkpt lat="51.435716" lon="-0.199988"><ele>18.25</ele></trkpt>
      <trkpt lat="51.436057" lon="-0.200476"><ele>17</ele></trkpt>
      <trkpt lat="51.436091" lon="-0.200508"><ele>17</ele></trkpt>
      <trkpt lat="51.436125" lon="-0.200553"><ele>16.75</ele></trkpt>
      <trkpt lat="51.436241" lon="-0.200735"><ele>16.5</ele></trkpt>
      <trkpt lat="51.436552" lon="-0.201133"><ele>15.25</ele></trkpt>
      <trkpt lat="51.43676" lon="-0.201384"><ele>14.5</ele></trkpt>
      <trkpt lat="51.436999" lon="-0.201673"><ele>13.75</ele></trkpt>
      <trkpt lat="51.437913" lon="-0.202656"><ele>13.25</ele></trkpt>
      <trkpt lat="51.438766" lon="-0.203544"><ele>15</ele></trkpt>
      <trkpt lat="51.439006" lon="-0.203666"><ele>15</ele></trkpt>
      <trkpt lat="51.439028" lon="-0.203678"><ele>15</ele></trkpt>
      <trkpt lat="51.439061" lon="-0.203701"><ele>15</ele></trkpt>
      <trkpt lat="51.439104" lon="-0.203732"><ele>15</ele></trkpt>
      <trkpt lat="51.439132" lon="-0.203748"><ele>15</ele></trkpt>
      <trkpt lat="51.439593" lon="-0.204015"><ele>15.5</ele></trkpt>
      <trkpt lat="51.440126" lon="-0.204345"><ele>16.25</ele></trkpt>
      <trkpt lat="51.441533" lon="-0.205206"><ele>17</ele></trkpt>
      <trkpt lat="51.441648" lon="-0.20526"><ele>17</ele></trkpt>
      <trkpt lat="51.441828" lon="-0.205308"><ele>17</ele></trkpt>
      <trkpt lat="51.442724" lon="-0.205464"><ele>18.75</ele></trkpt>
      <trkpt lat="51.443124" lon="-0.205543"><ele>19</ele></trkpt>
      <trkpt lat="51.443142" lon="-0.205547"><ele>19</ele></trkpt>
      <trkpt lat="51.443534" lon="-0.205609"><ele>19</ele></trkpt>
      <trkpt lat="51.444443" lon="-0.205774"><ele>19.75</ele></trkpt>
      <trkpt lat="51.444469" lon="-0.205778"><ele>19.75</ele></trkpt>
      <trkpt lat="51.444708" lon="-0.205816"><ele>20.75</ele></trkpt>
      <trkpt lat="51.444715" lon="-0.205905"><ele>21</ele></trkpt>
      <trkpt lat="51.44474" lon="-0.206248"><ele>21</ele></trkpt>
      <trkpt lat="51.444754" lon="-0.206246"><ele>21</ele></trkpt>
      <trkpt lat="51.444786" lon="-0.206239"><ele>21</ele></trkpt>
      <trkpt lat="51.444825" lon="-0.20623"><ele>21.25</ele></trkpt>
      <trkpt lat="51.444847" lon="-0.206224"><ele>21.25</ele></trkpt>
      <trkpt lat="51.444875" lon="-0.206245"><ele>21.25</ele></trkpt>
      <trkpt lat="51.444901" lon="-0.206237"><ele>21.25</ele></trkpt>
      <trkpt lat="51.444914" lon="-0.206282"><ele>21</ele></trkpt>
      <trkpt lat="51.444929" lon="-0.20633"><ele>21</ele></trkpt>
      <trkpt lat="51.444951" lon="-0.206404"><ele>20.5</ele></trkpt>
      <trkpt lat="51.444967" lon="-0.206458"><ele>20</ele></trkpt>
      <trkpt lat="51.444933" lon="-0.206492"><ele>19.75</ele></trkpt>
      <trkpt lat="51.444971" lon="-0.206498"><ele>19.75</ele></trkpt>
      <trkpt lat="51.445007" lon="-0.206521"><ele>19.5</ele></trkpt>
      <trkpt lat="51.445078" lon="-0.206538"><ele>19</ele></trkpt>
      <trkpt lat="51.445007" lon="-0.206521"><ele>19.5</ele></trkpt>
      <trkpt lat="51.444971" lon="-0.206498"><ele>19.75</ele></trkpt>
      <trkpt lat="51.444933" lon="-0.206492"><ele>19.75</ele></trkpt>
      <trkpt lat="51.444881" lon="-0.206586"><ele>19</ele></trkpt>
      <trkpt lat="51.444838" lon="-0.206746"><ele>19.5</ele></trkpt>
      <trkpt lat="51.444834" lon="-0.206856"><ele>21.25</ele></trkpt>
      <trkpt lat="51.444819" lon="-0.20746"><ele>23.75</ele></trkpt>
      <trkpt lat="51.444814" lon="-0.207521"><ele>24</ele></trkpt>
      <trkpt lat="51.444984" lon="-0.207546"><ele>24</ele></trkpt>
      <trkpt lat="51.445282" lon="-0.207567"><ele>23</ele></trkpt>
      <trkpt lat="51.445646" lon="-0.207601"><ele>22</ele></trkpt>
      <trkpt lat="51.445935" lon="-0.207634"><ele>20.75</ele></trkpt>
      <trkpt lat="51.446159" lon="-0.20765"><ele>19.75</ele></trkpt>
      <trkpt lat="51.446725" lon="-0.207691"><ele>18.5</ele></trkpt>
      <trkpt lat="51.446825" lon="-0.207711"><ele>18.25</ele></trkpt>
      <trkpt lat="51.447257" lon="-0.207798"><ele>18</ele></trkpt>
      <trkpt lat="51.447454" lon="-0.207866"><ele>18.25</ele></trkpt>
      <trkpt lat="51.447841" lon="-0.207988"><ele>18.5</ele></trkpt>
      <trkpt lat="51.448198" lon="-0.2081"><ele>18</ele></trkpt>
      <trkpt lat="51.448566" lon="-0.208219"><ele>18</ele></trkpt>
      <trkpt lat="51.44881" lon="-0.208297"><ele>17.75</ele></trkpt>
      <trkpt lat="51.448951" lon="-0.208339"><ele>17.75</ele></trkpt>
      <trkpt lat="51.449516" lon="-0.20851"><ele>17</ele></trkpt>
      <trkpt lat="51.449727" lon="-0.208576"><ele>17</ele></trkpt>
      <trkpt lat="51.449782" lon="-0.208595"><ele>17</ele></trkpt>
      <trkpt lat="51.449842" lon="-0.208613"><ele>17</ele></trkpt>
      <trkpt lat="51.44994" lon="-0.208643"><ele>17</ele></trkpt>
      <trkpt lat="51.450072" lon="-0.208687"><ele>17.5</ele></trkpt>
      <trkpt lat="51.450599" lon="-0.208847"><ele>18</ele></trkpt>
      <trkpt lat="51.451051" lon="-0.208999"><ele>19.25</ele></trkpt>
      <trkpt lat="51.451097" lon="-0.209014"><ele>19.25</ele></trkpt>
      <trkpt lat="51.451532" lon="-0.209151"><ele>20.25</ele></trkpt>
      <trkpt lat="51.45171" lon="-0.209226"><ele>21</ele></trkpt>
      <trkpt lat="51.451948" lon="-0.209364"><ele>22.25</ele></trkpt>
      <trkpt lat="51.452068" lon="-0.209432"><ele>22.75</ele></trkpt>
      <trkpt lat="51.452399" lon="-0.209608"><ele>23.5</ele></trkpt>
      <trkpt lat="51.452722" lon="-0.209792"><ele>26</ele></trkpt>
      <trkpt lat="51.453018" lon="-0.209949"><ele>27.75</ele></trkpt>
      <trkpt lat="51.453063" lon="-0.209984"><ele>28</ele></trkpt>
      <trkpt lat="51.453089" lon="-0.209933"><ele>28</ele></trkpt>
      <trkpt lat="51.453188" lon="-0.209849"><ele>28.25</ele></trkpt>
      <trkpt lat="51.453409" lon="-0.210054"><ele>29.25</ele></trkpt>
      <trkpt lat="51.453429" lon="-0.210073"><ele>29.25</ele></trkpt>
      <trkpt lat="51.453621" lon="-0.210253"><ele>29.75</ele></trkpt>
      <trkpt lat="51.453737" lon="-0.210348"><ele>30</ele></trkpt>
      <trkpt lat="51.453763" lon="-0.210425"><ele>30</ele></trkpt>
      <trkpt lat="51.453796" lon="-0.210459"><ele>30</ele></trkpt>
      <trkpt lat="51.453844" lon="-0.21047"><ele>30</ele></trkpt>
      <trkpt lat="51.453911" lon="-0.210422"><ele>30</ele></trkpt>
      <trkpt lat="51.454049" lon="-0.210546"><ele>30</ele></trkpt>
      <trkpt lat="51.454167" lon="-0.210245"><ele>29.75</ele></trkpt>
      <trkpt lat="51.454322" lon="-0.209851"><ele>28.75</ele></trkpt>
      <trkpt lat="51.454384" lon="-0.209916"><ele>28.75</ele></trkpt>
      <trkpt lat="51.4544" lon="-0.209874"><ele>28.5</ele></trkpt>
      <trkpt lat="51.454465" lon="-0.209937"><ele>28.5</ele></trkpt>
      <trkpt lat="51.454514" lon="-0.209978"><ele>28.5</ele></trkpt>
      <trkpt lat="51.454844" lon="-0.210204"><ele>28</ele></trkpt>
      <trkpt lat="51.454974" lon="-0.210299"><ele>28</ele></trkpt>
      <trkpt lat="51.455046" lon="-0.21039"><ele>28.25</ele></trkpt>
      <trkpt lat="51.455075" lon="-0.210428"><ele>28.25</ele></trkpt>
      <trkpt lat="51.455099" lon="-0.210458"><ele>28.5</ele></trkpt>
      <trkpt lat="51.455232" lon="-0.210712"><ele>29</ele></trkpt>
      <trkpt lat="51.455321" lon="-0.210925"><ele>28.75</ele></trkpt>
      <trkpt lat="51.455863" lon="-0.212213"><ele>28</ele></trkpt>
      <trkpt lat="51.455897" lon="-0.212249"><ele>27.5</ele></trkpt>
      <trkpt lat="51.455938" lon="-0.212258"><ele>27.5</ele></trkpt>
      <trkpt lat="51.456095" lon="-0.212117"><ele>28</ele></trkpt>
      <trkpt lat="51.456343" lon="-0.211876"><ele>27</ele></trkpt>
      <trkpt lat="51.456403" lon="-0.211818"><ele>26.75</ele></trkpt>
      <trkpt lat="51.456463" lon="-0.211761"><ele>26.5</ele></trkpt>
      <trkpt lat="51.456707" lon="-0.211529"><ele>25.75</ele></trkpt>
      <trkpt lat="51.456743" lon="-0.211498"><ele>25.75</ele></trkpt>
      <trkpt lat="51.456823" lon="-0.211421"><ele>25.5</ele></trkpt>
      <trkpt lat="51.457125" lon="-0.211131"><ele>24.5</ele></trkpt>
      <trkpt lat="51.457154" lon="-0.211104"><ele>24.25</ele></trkpt>
      <trkpt lat="51.457179" lon="-0.21104"><ele>24.25</ele></trkpt>
      <trkpt lat="51.457204" lon="-0.211047"><ele>24</ele></trkpt>
      <trkpt lat="51.457235" lon="-0.211025"><ele>23.75</ele></trkpt>
      <trkpt lat="51.457301" lon="-0.210969"><ele>23.75</ele></trkpt>
      <trkpt lat="51.45745" lon="-0.210826"><ele>23</ele></trkpt>
      <trkpt lat="51.457788" lon="-0.210496"><ele>22.75</ele></trkpt>
      <trkpt lat="51.457938" lon="-0.210353"><ele>22</ele></trkpt>
      <trkpt lat="51.458174" lon="-0.210128"><ele>21.25</ele></trkpt>
      <trkpt lat="51.458471" lon="-0.209847"><ele>20</ele></trkpt>
      <trkpt lat="51.458591" lon="-0.209733"><ele>20</ele></trkpt>
      <trkpt lat="51.458836" lon="-0.209499"><ele>19</ele></trkpt>
      <trkpt lat="51.458873" lon="-0.209533"><ele>19</ele></trkpt>
      <trkpt lat="51.458888" lon="-0.209536"><ele>19</ele></trkpt>
      <trkpt lat="51.4589" lon="-0.209528"><ele>18.75</ele></trkpt>
      <trkpt lat="51.458917" lon="-0.209517"><ele>18.75</ele></trkpt>
      <trkpt lat="51.45896" lon="-0.209637"><ele>18.75</ele></trkpt>
      <trkpt lat="51.458987" lon="-0.209712"><ele>18.5</ele></trkpt>
      <trkpt lat="51.459012" lon="-0.209808"><ele>18.25</ele></trkpt>
      <trkpt lat="51.459028" lon="-0.209903"><ele>18</ele></trkpt>
      <trkpt lat="51.45903" lon="-0.209951"><ele>18</ele></trkpt>
      <trkpt lat="51.459099" lon="-0.210118"><ele>18</ele></trkpt>
      <trkpt lat="51.459236" lon="-0.210532"><ele>17.75</ele></trkpt>
      <trkpt lat="51.459247" lon="-0.210565"><ele>17.5</ele></trkpt>
      <trkpt lat="51.45924" lon="-0.210574"><ele>17.75</ele></trkpt>
      <trkpt lat="51.45923" lon="-0.210619"><ele>17.75</ele></trkpt>
      <trkpt lat="51.459233" lon="-0.210662"><ele>17.75</ele></trkpt>
      <trkpt lat="51.459252" lon="-0.210697"><ele>17.75</ele></trkpt>
      <trkpt lat="51.459233" lon="-0.210747"><ele>18</ele></trkpt>
      <trkpt lat="51.45915" lon="-0.210805"><ele>19</ele></trkpt>
      <trkpt lat="51.459233" lon="-0.210747"><ele>18</ele></trkpt>
      <trkpt lat="51.459252" lon="-0.210697"><ele>17.75</ele></trkpt>
      <trkpt lat="51.459281" lon="-0.210708"><ele>17.5</ele></trkpt>
      <trkpt lat="51.459293" lon="-0.210702"><ele>17.5</ele></trkpt>
      <trkpt lat="51.459302" lon="-0.210729"><ele>17.5</ele></trkpt>
      <trkpt lat="51.459536" lon="-0.211432"><ele>16.5</ele></trkpt>
      <trkpt lat="51.459587" lon="-0.211584"><ele>16.75</ele></trkpt>
      <trkpt lat="51.459598" lon="-0.211578"><ele>16.75</ele></trkpt>
      <trkpt lat="51.459633" lon="-0.21155"><ele>16.5</ele></trkpt>
      <trkpt lat="51.459692" lon="-0.211503"><ele>16.25</ele></trkpt>
      <trkpt lat="51.459706" lon="-0.211488"><ele>16.25</ele></trkpt>
      <trkpt lat="51.45978" lon="-0.211783"><ele>16.5</ele></trkpt>
      <trkpt lat="51.459829" lon="-0.211974"><ele>16.5</ele></trkpt>
      <trkpt lat="51.459955" lon="-0.212693"><ele>17</ele></trkpt>
      <trkpt lat="51.459984" lon="-0.212795"><ele>17</ele></trkpt>
      <trkpt lat="51.459997" lon="-0.212864"><ele>17</ele></trkpt>
      <trkpt lat="51.460293" lon="-0.212717"><ele>14.25</ele></trkpt>
      <trkpt lat="51.460608" lon="-0.212591"><ele>10.75</ele></trkpt>
      <trkpt lat="51.460859" lon="-0.212483"><ele>13.75</ele></trkpt>
      <trkpt lat="51.460948" lon="-0.212451"><ele>13.25</ele></trkpt>
      <trkpt lat="51.461075" lon="-0.212401"><ele>13</ele></trkpt>
      <trkpt lat="51.461224" lon="-0.212333"><ele>12.5</ele></trkpt>
      <trkpt lat="51.461387" lon="-0.212223"><ele>12</ele></trkpt>
      <trkpt lat="51.461518" lon="-0.212133"><ele>11.5</ele></trkpt>
      <trkpt lat="51.46163" lon="-0.21206"><ele>11.5</ele></trkpt>
      <trkpt lat="51.461743" lon="-0.211988"><ele>11.5</ele></trkpt>
      <trkpt lat="51.462056" lon="-0.211777"><ele>11</ele></trkpt>
      <trkpt lat="51.462226" lon="-0.21166"><ele>10.75</ele></trkpt>
      <trkpt lat="51.462374" lon="-0.211556"><ele>10</ele></trkpt>
      <trkpt lat="51.462513" lon="-0.211462"><ele>9.5</ele></trkpt>
      <trkpt lat="51.463051" lon="-0.211089"><ele>10</ele></trkpt>
      <trkpt lat="51.46317" lon="-0.210998"><ele>10</ele></trkpt>
      <trkpt lat="51.463186" lon="-0.211036"><ele>10</ele></trkpt>
      <trkpt lat="51.463261" lon="-0.211177"><ele>10</ele></trkpt>
      <trkpt lat="51.463274" lon="-0.211159"><ele>10</ele></trkpt>
      <trkpt lat="51.463308" lon="-0.211112"><ele>10</ele></trkpt>
      <trkpt lat="51.463348" lon="-0.211059"><ele>10</ele></trkpt>
      <trkpt lat="51.463359" lon="-0.211044"><ele>10</ele></trkpt>
      <trkpt lat="51.463466" lon="-0.211245"><ele>10</ele></trkpt>
      <trkpt lat="51.463489" lon="-0.21129"><ele>10</ele></trkpt>
      <trkpt lat="51.46369" lon="-0.21113"><ele>9.5</ele></trkpt>
      <trkpt lat="51.463709" lon="-0.211114"><ele>9.5</ele></trkpt>
      <trkpt lat="51.464274" lon="-0.210646"><ele>9</ele></trkpt>
      <trkpt lat="51.464227" lon="-0.210504"><ele>8.75</ele></trkpt>
      <trkpt lat="51.464163" lon="-0.210284"><ele>8.75</ele></trkpt>
      <trkpt lat="51.464147" lon="-0.210227"><ele>9</ele></trkpt>
      <trkpt lat="51.464174" lon="-0.210209"><ele>8.75</ele></trkpt>
      <trkpt lat="51.46421" lon="-0.210188"><ele>8.75</ele></trkpt>
      <trkpt lat="51.46424" lon="-0.210278"><ele>8.5</ele></trkpt>
      <trkpt lat="51.464307" lon="-0.210278"><ele>8.25</ele></trkpt>
      <trkpt lat="51.464553" lon="-0.210212"><ele>8</ele></trkpt>
      <trkpt lat="51.464853" lon="-0.210085"><ele>7.5</ele></trkpt>
      <trkpt lat="51.466954" lon="-0.208995"><ele>4.25</ele></trkpt>
      <trkpt lat="51.467119" lon="-0.208928"><ele>4</ele></trkpt>
      <trkpt lat="51.467223" lon="-0.208897"><ele>4</ele></trkpt>
      <trkpt lat="51.467325" lon="-0.208872"><ele>4</ele></trkpt>
      <trkpt lat="51.467341" lon="-0.209044"><ele>4</ele></trkpt>
      <trkpt lat="51.467731" lon="-0.208978"><ele>4</ele></trkpt>
      <trkpt lat="51.467729" lon="-0.209051"><ele>4</ele></trkpt>
      <trkpt lat="51.467754" lon="-0.209346"><ele>4</ele></trkpt>
      <trkpt lat="51.46778" lon="-0.209218"><ele>4</ele></trkpt>
      <trkpt lat="51.467809" lon="-0.209152"><ele>4</ele></trkpt>
      <trkpt lat="51.467837" lon="-0.20914"><ele>4</ele></trkpt>
      <trkpt lat="51.46791" lon="-0.209131"><ele>4</ele></trkpt>
      <trkpt lat="51.468214" lon="-0.20907"><ele>4</ele></trkpt>
      <trkpt lat="51.468282" lon="-0.20906"><ele>4</ele></trkpt>
      <trkpt lat="51.468305" lon="-0.209067"><ele>4</ele></trkpt>
      <trkpt lat="51.468386" lon="-0.20888"><ele>4</ele></trkpt>
      <trkpt lat="51.4689" lon="-0.208792"><ele>4.25</ele></trkpt>
      <trkpt lat="51.469156" lon="-0.208738"><ele>4.75</ele></trkpt>
      <trkpt lat="51.469401" lon="-0.208668"><ele>5</ele></trkpt>
      <trkpt lat="51.469509" lon="-0.208703"><ele>5</ele></trkpt>
      <trkpt lat="51.469694" lon="-0.208566"><ele>5.75</ele></trkpt>
      <trkpt lat="51.469717" lon="-0.208618"><ele>5.75</ele></trkpt>
      <trkpt lat="51.469747" lon="-0.208671"><ele>6</ele></trkpt>
      <trkpt lat="51.469787" lon="-0.208714"><ele>6</ele></trkpt>
      <trkpt lat="51.470148" lon="-0.209095"><ele>6</ele></trkpt>
      <trkpt lat="51.470292" lon="-0.209296"><ele>6.25</ele></trkpt>
      <trkpt lat="51.470419" lon="-0.20956"><ele>6.75</ele></trkpt>
      <trkpt lat="51.470552" lon="-0.209807"><ele>6.5</ele></trkpt>
      <trkpt lat="51.470609" lon="-0.209871"><ele>6.5</ele></trkpt>
      <trkpt lat="51.470653" lon="-0.209902"><ele>6.5</ele></trkpt>
      <trkpt lat="51.470702" lon="-0.209912"><ele>6.5</ele></trkpt>
      <trkpt lat="51.470758" lon="-0.209897"><ele>6.75</ele></trkpt>
      <trkpt lat="51.470973" lon="-0.209544"><ele>6</ele></trkpt>
      <trkpt lat="51.471444" lon="-0.208899"><ele>6</ele></trkpt>
      <trkpt lat="51.47203" lon="-0.208062"><ele>5</ele></trkpt>
      <trkpt lat="51.472057" lon="-0.208024"><ele>5</ele></trkpt>
      <trkpt lat="51.471856" lon="-0.207699"><ele>5</ele></trkpt>
      <trkpt lat="51.471877" lon="-0.207668"><ele>5</ele></trkpt>
      <trkpt lat="51.471957" lon="-0.207559"><ele>5</ele></trkpt>
      <trkpt lat="51.47202" lon="-0.207516"><ele>5</ele></trkpt>
      <trkpt lat="51.47261" lon="-0.207315"><ele>5</ele></trkpt>
      <trkpt lat="51.472655" lon="-0.207298"><ele>5</ele></trkpt>
      <trkpt lat="51.472802" lon="-0.207277"><ele>5</ele></trkpt>
      <trkpt lat="51.472878" lon="-0.207288"><ele>5</ele></trkpt>
      <trkpt lat="51.47294" lon="-0.207319"><ele>5</ele></trkpt>
      <trkpt lat="51.472998" lon="-0.207357"><ele>5</ele></trkpt>
      <trkpt lat="51.472967" lon="-0.207277"><ele>5</ele></trkpt>
      <trkpt lat="51.473169" lon="-0.207046"><ele>5.25</ele></trkpt>
      <trkpt lat="51.473362" lon="-0.206798"><ele>5.25</ele></trkpt>
      <trkpt lat="51.473411" lon="-0.206739"><ele>5.25</ele></trkpt>
      <trkpt lat="51.47352" lon="-0.206634"><ele>4.75</ele></trkpt>
      <trkpt lat="51.47391" lon="-0.206126"><ele>5</ele></trkpt>
      <trkpt lat="51.473957" lon="-0.206063"><ele>4.75</ele></trkpt>
      <trkpt lat="51.473614" lon="-0.205421"><ele>4</ele></trkpt>
      <trkpt lat="51.473658" lon="-0.205366"><ele>4</ele></trkpt>
      <trkpt lat="51.473964" lon="-0.204978"><ele>3.75</ele></trkpt>
      <trkpt lat="51.474278" lon="-0.20449"><ele>3.5</ele></trkpt>
      <trkpt lat="51.47458" lon="-0.20396"><ele>4</ele></trkpt>
      <trkpt lat="51.474888" lon="-0.203461"><ele>4</ele></trkpt>
      <trkpt lat="51.474908" lon="-0.203429"><ele>4</ele></trkpt>
      <trkpt lat="51.474624" lon="-0.202994"><ele>5.25</ele></trkpt>
      <trkpt lat="51.474941" lon="-0.20235"><ele>4.75</ele></trkpt>
      <trkpt lat="51.474959" lon="-0.202284"><ele>4.5</ele></trkpt>
      <trkpt lat="51.475502" lon="-0.201112"><ele>4.5</ele></trkpt>
      <trkpt lat="51.47546" lon="-0.201048"><ele>4.5</ele></trkpt>
      <trkpt lat="51.475449" lon="-0.201034"><ele>4.5</ele></trkpt>
      <trkpt lat="51.475434" lon="-0.201014"><ele>4.5</ele></trkpt>
      <trkpt lat="51.475416" lon="-0.20099"><ele>4.25</ele></trkpt>
      <trkpt lat="51.47538" lon="-0.200945"><ele>4</ele></trkpt>
      <trkpt lat="51.475358" lon="-0.200991"><ele>4.75</ele></trkpt>
      <trkpt lat="51.4754" lon="-0.201044"><ele>5</ele></trkpt>
      <trkpt lat="51.47541" lon="-0.201056"><ele>5</ele></trkpt>
      <trkpt lat="51.475419" lon="-0.201068"><ele>5</ele></trkpt>
      <trkpt lat="51.475413" lon="-0.201081"><ele>5.25</ele></trkpt>
      <trkpt lat="51.47539" lon="-0.201126"><ele>5.75</ele></trkpt>
      <trkpt lat="51.475383" lon="-0.201142"><ele>5.75</ele></trkpt>
      <trkpt lat="51.475351" lon="-0.201206"><ele>5.75</ele></trkpt>
      <trkpt lat="51.475335" lon="-0.201238"><ele>6</ele></trkpt>
      <trkpt lat="51.4753" lon="-0.201194"><ele>6.25</ele></trkpt>
      <trkpt lat="51.475335" lon="-0.201238"><ele>6</ele></trkpt>
      <trkpt lat="51.475351" lon="-0.201206"><ele>5.75</ele></trkpt>
      <trkpt lat="51.475383" lon="-0.201142"><ele>5.75</ele></trkpt>
      <trkpt lat="51.47539" lon="-0.201126"><ele>5.75</ele></trkpt>
      <trkpt lat="51.475413" lon="-0.201081"><ele>5.25</ele></trkpt>
      <trkpt lat="51.475419" lon="-0.201068"><ele>5</ele></trkpt>
      <trkpt lat="51.47541" lon="-0.201056"><ele>5</ele></trkpt>
      <trkpt lat="51.4754" lon="-0.201044"><ele>5</ele></trkpt>
      <trkpt lat="51.475358" lon="-0.200991"><ele>4.75</ele></trkpt>
      <trkpt lat="51.47538" lon="-0.200945"><ele>4</ele></trkpt>
      <trkpt lat="51.475351" lon="-0.200907"><ele>3.75</ele></trkpt>
      <trkpt lat="51.475361" lon="-0.200826"><ele>3</ele></trkpt>
      <trkpt lat="51.475361" lon="-0.200803"><ele>3</ele></trkpt>
      <trkpt lat="51.475494" lon="-0.200801"><ele>3</ele></trkpt>
      <trkpt lat="51.475495" lon="-0.200726"><ele>3.25</ele></trkpt>
      <trkpt lat="51.475398" lon="-0.200725"><ele>3</ele></trkpt>
      <trkpt lat="51.475296" lon="-0.200722"><ele>3</ele></trkpt>
      <trkpt lat="51.475236" lon="-0.20072"><ele>3</ele></trkpt>
      <trkpt lat="51.475256" lon="-0.20048"><ele>3.25</ele></trkpt>
      <trkpt lat="51.475301" lon="-0.200384"><ele>3.5</ele></trkpt>
      <trkpt lat="51.475436" lon="-0.20011"><ele>4</ele></trkpt>
      <trkpt lat="51.476264" lon="-0.198531"><ele>4</ele></trkpt>
      <trkpt lat="51.476617" lon="-0.197804"><ele>4</ele></trkpt>
      <trkpt lat="51.476963" lon="-0.196918"><ele>3</ele></trkpt>
      <trkpt lat="51.477272" lon="-0.1967"><ele>3</ele></trkpt>
      <trkpt lat="51.477771" lon="-0.196375"><ele>2</ele></trkpt>
      <trkpt lat="51.4781" lon="-0.19615"><ele>2</ele></trkpt>
      <trkpt lat="51.478214" lon="-0.196088"><ele>2</ele></trkpt>
      <trkpt lat="51.478678" lon="-0.195833"><ele>2</ele></trkpt>
      <trkpt lat="51.479198" lon="-0.195686"><ele>2.5</ele></trkpt>
      <trkpt lat="51.479279" lon="-0.195594"><ele>2.75</ele></trkpt>
      <trkpt lat="51.47959" lon="-0.195804"><ele>3.5</ele></trkpt>
      <trkpt lat="51.479794" lon="-0.195511"><ele>4</ele></trkpt>
      <trkpt lat="51.479864" lon="-0.195593"><ele>4</ele></trkpt>
      <trkpt lat="51.479898" lon="-0.195605"><ele>4</ele></trkpt>
      <trkpt lat="51.48001" lon="-0.195625"><ele>4</ele></trkpt>
      <trkpt lat="51.48001" lon="-0.195436"><ele>4</ele></trkpt>
      <trkpt lat="51.480009" lon="-0.195426"><ele>4</ele></trkpt>
      <trkpt lat="51.48001" lon="-0.195436"><ele>4</ele></trkpt>
      <trkpt lat="51.48001" lon="-0.195625"><ele>4</ele></trkpt>
      <trkpt lat="51.480039" lon="-0.195831"><ele>4</ele></trkpt>
      <trkpt lat="51.480059" lon="-0.195926"><ele>4</ele></trkpt>
      <trkpt lat="51.480075" lon="-0.195994"><ele>4</ele></trkpt>
      <trkpt lat="51.480153" lon="-0.196304"><ele>4</ele></trkpt>
      <trkpt lat="51.480203" lon="-0.196276"><ele>4</ele></trkpt>
      <trkpt lat="51.48024" lon="-0.196272"><ele>4</ele></trkpt>
      <trkpt lat="51.480277" lon="-0.196284"><ele>4</ele></trkpt>
      <trkpt lat="51.480326" lon="-0.196341"><ele>3.75</ele></trkpt>
      <trkpt lat="51.480537" lon="-0.196755"><ele>3</ele></trkpt>
      <trkpt lat="51.480644" lon="-0.196967"><ele>3</ele></trkpt>
      <trkpt lat="51.480703" lon="-0.197092"><ele>3</ele></trkpt>
      <trkpt lat="51.480714" lon="-0.197159"><ele>3</ele></trkpt>
      <trkpt lat="51.480941" lon="-0.197459"><ele>3.75</ele></trkpt>
      <trkpt lat="51.481071" lon="-0.197711"><ele>3.25</ele></trkpt>
      <trkpt lat="51.481107" lon="-0.197792"><ele>3</ele></trkpt>
      <trkpt lat="51.481151" lon="-0.197926"><ele>3.5</ele></trkpt>
      <trkpt lat="51.481166" lon="-0.197949"><ele>3.5</ele></trkpt>
      <trkpt lat="51.481184" lon="-0.197972"><ele>3.75</ele></trkpt>
      <trkpt lat="51.481243" lon="-0.198019"><ele>3.75</ele></trkpt>
      <trkpt lat="51.481421" lon="-0.197723"><ele>3.75</ele></trkpt>
      <trkpt lat="51.481477" lon="-0.197626"><ele>3.75</ele></trkpt>
      <trkpt lat="51.481621" lon="-0.197322"><ele>4</ele></trkpt>
      <trkpt lat="51.481988" lon="-0.196547"><ele>4</ele></trkpt>
      <trkpt lat="51.482338" lon="-0.195763"><ele>3.25</ele></trkpt>
      <trkpt lat="51.482467" lon="-0.195469"><ele>3.5</ele></trkpt>
      <trkpt lat="51.482493" lon="-0.195409"><ele>3.25</ele></trkpt>
      <trkpt lat="51.482535" lon="-0.195442"><ele>3.5</ele></trkpt>
      <trkpt lat="51.482656" lon="-0.195538"><ele>3.75</ele></trkpt>
      <trkpt lat="51.482871" lon="-0.194993"><ele>1.5</ele></trkpt>
      <trkpt lat="51.482884" lon="-0.194959"><ele>1.75</ele></trkpt>
      <trkpt lat="51.483112" lon="-0.19477"><ele>3</ele></trkpt>
      <trkpt lat="51.483156" lon="-0.194799"><ele>3</ele></trkpt>
      <trkpt lat="51.483274" lon="-0.194452"><ele>3.75</ele></trkpt>
      <trkpt lat="51.48331" lon="-0.194411"><ele>3.75</ele></trkpt>
      <trkpt lat="51.483345" lon="-0.194289"><ele>4</ele></trkpt>
      <trkpt lat="51.483386" lon="-0.19422"><ele>4</ele></trkpt>
      <trkpt lat="51.483747" lon="-0.194509"><ele>3.75</ele></trkpt>
      <trkpt lat="51.48393" lon="-0.194657"><ele>4</ele></trkpt>
      <trkpt lat="51.484028" lon="-0.194735"><ele>4</ele></trkpt>
      <trkpt lat="51.484197" lon="-0.194872"><ele>4</ele></trkpt>
      <trkpt lat="51.485244" lon="-0.19575"><ele>3.75</ele></trkpt>
      <trkpt lat="51.485303" lon="-0.1958"><ele>3.75</ele></trkpt>
      <trkpt lat="51.485448" lon="-0.195922"><ele>3.25</ele></trkpt>
      <trkpt lat="51.485693" lon="-0.19611"><ele>3.25</ele></trkpt>
      <trkpt lat="51.485752" lon="-0.196166"><ele>3.5</ele></trkpt>
      <trkpt lat="51.485792" lon="-0.196198"><ele>3.75</ele></trkpt>
      <trkpt lat="51.485904" lon="-0.196282"><ele>4</ele></trkpt>
      <trkpt lat="51.486041" lon="-0.196362"><ele>4</ele></trkpt>
      <trkpt lat="51.486246" lon="-0.196543"><ele>3.5</ele></trkpt>
      <trkpt lat="51.486355" lon="-0.196643"><ele>3.75</ele></trkpt>
      <trkpt lat="51.486515" lon="-0.196796"><ele>3.75</ele></trkpt>
      <trkpt lat="51.486858" lon="-0.197119"><ele>4.75</ele></trkpt>
      <trkpt lat="51.486873" lon="-0.197067"><ele>4.75</ele></trkpt>
      <trkpt lat="51.486877" lon="-0.197054"><ele>4.75</ele></trkpt>
      <trkpt lat="51.486898" lon="-0.197036"><ele>4.75</ele></trkpt>
      <trkpt lat="51.487154" lon="-0.196355"><ele>4.25</ele></trkpt>
      <trkpt lat="51.487238" lon="-0.196099"><ele>4</ele></trkpt>
      <trkpt lat="51.487252" lon="-0.196059"><ele>4</ele></trkpt>
      <trkpt lat="51.487307" lon="-0.195897"><ele>3.75</ele></trkpt>
      <trkpt lat="51.487335" lon="-0.19579"><ele>4</ele></trkpt>
      <trkpt lat="51.487364" lon="-0.1957"><ele>4.75</ele></trkpt>
      <trkpt lat="51.487343" lon="-0.19567"><ele>4.5</ele></trkpt>
      <trkpt lat="51.487327" lon="-0.195645"><ele>4.25</ele></trkpt>
      <trkpt lat="51.487352" lon="-0.195599"><ele>4.75</ele></trkpt>
      <trkpt lat="51.487335" lon="-0.195576"><ele>4.5</ele></trkpt>
      <trkpt lat="51.487327" lon="-0.195566"><ele>4.25</ele></trkpt>
      <trkpt lat="51.487306" lon="-0.19557"><ele>4.25</ele></trkpt>
      <trkpt lat="51.487301" lon="-0.195562"><ele>4.25</ele></trkpt>
      <trkpt lat="51.487273" lon="-0.19561"><ele>4.25</ele></trkpt>
      <trkpt lat="51.487301" lon="-0.195562"><ele>4.25</ele></trkpt>
      <trkpt lat="51.487306" lon="-0.19557"><ele>4.25</ele></trkpt>
      <trkpt lat="51.487327" lon="-0.195566"><ele>4.25</ele></trkpt>
      <trkpt lat="51.487335" lon="-0.195576"><ele>4.5</ele></trkpt>
      <trkpt lat="51.487352" lon="-0.195599"><ele>4.75</ele></trkpt>
      <trkpt lat="51.487373" lon="-0.195614"><ele>5</ele></trkpt>
      <trkpt lat="51.487388" lon="-0.195637"><ele>5.25</ele></trkpt>
      <trkpt lat="51.487505" lon="-0.195403"><ele>6.25</ele></trkpt>
      <trkpt lat="51.487795" lon="-0.194633"><ele>7</ele></trkpt>
      <trkpt lat="51.487855" lon="-0.194467"><ele>7</ele></trkpt>
      <trkpt lat="51.487847" lon="-0.194345"><ele>7</ele></trkpt>
      <trkpt lat="51.48785" lon="-0.19429"><ele>7</ele></trkpt>
      <trkpt lat="51.487863" lon="-0.194222"><ele>7</ele></trkpt>
      <trkpt lat="51.487875" lon="-0.194193"><ele>7</ele></trkpt>
      <trkpt lat="51.48788" lon="-0.194198"><ele>7</ele></trkpt>
      <trkpt lat="51.487905" lon="-0.194225"><ele>7</ele></trkpt>
      <trkpt lat="51.487932" lon="-0.194253"><ele>7</ele></trkpt>
      <trkpt lat="51.48795" lon="-0.194256"><ele>7</ele></trkpt>
      <trkpt lat="51.487981" lon="-0.194287"><ele>7</ele></trkpt>
      <trkpt lat="51.488017" lon="-0.194323"><ele>7</ele></trkpt>
      <trkpt lat="51.488031" lon="-0.194337"><ele>7</ele></trkpt>
      <trkpt lat="51.488037" lon="-0.194322"><ele>7</ele></trkpt>
      <trkpt lat="51.48805" lon="-0.194288"><ele>7</ele></trkpt>
      <trkpt lat="51.488149" lon="-0.194395"><ele>6.5</ele></trkpt>
      <trkpt lat="51.488179" lon="-0.194468"><ele>6.5</ele></trkpt>
      <trkpt lat="51.488132" lon="-0.194582"><ele>6.5</ele></trkpt>
      <trkpt lat="51.487911" lon="-0.19518"><ele>6.5</ele></trkpt>
      <trkpt lat="51.487881" lon="-0.195264"><ele>6.5</ele></trkpt>
      <trkpt lat="51.48794" lon="-0.195315"><ele>6</ele></trkpt>
      <trkpt lat="51.48822" lon="-0.195499"><ele>5.5</ele></trkpt>
      <trkpt lat="51.488535" lon="-0.195603"><ele>5.75</ele></trkpt>
      <trkpt lat="51.488676" lon="-0.195632"><ele>5.5</ele></trkpt>
      <trkpt lat="51.488816" lon="-0.195638"><ele>5.5</ele></trkpt>
      <trkpt lat="51.489145" lon="-0.195596"><ele>6.5</ele></trkpt>
      <trkpt lat="51.489331" lon="-0.195543"><ele>6.25</ele></trkpt>
      <trkpt lat="51.489498" lon="-0.195481"><ele>5.5</ele></trkpt>
      <trkpt lat="51.489635" lon="-0.19543"><ele>5.75</ele></trkpt>
      <trkpt lat="51.489894" lon="-0.195101"><ele>7</ele></trkpt>
      <trkpt lat="51.490257" lon="-0.195773"><ele>6.75</ele></trkpt>
      <trkpt lat="51.490288" lon="-0.19573"><ele>6.5</ele></trkpt>
      <trkpt lat="51.490297" lon="-0.195718"><ele>6.25</ele></trkpt>
      <trkpt lat="51.490258" lon="-0.195645"><ele>5.5</ele></trkpt>
      <trkpt lat="51.490263" lon="-0.195639"><ele>5.5</ele></trkpt>
      <trkpt lat="51.490285" lon="-0.195612"><ele>5.25</ele></trkpt>
      <trkpt lat="51.490337" lon="-0.195553"><ele>4.75</ele></trkpt>
      <trkpt lat="51.490424" lon="-0.195441"><ele>4.75</ele></trkpt>
      <trkpt lat="51.49089" lon="-0.194755"><ele>5.25</ele></trkpt>
      <trkpt lat="51.490996" lon="-0.194761"><ele>5.25</ele></trkpt>
      <trkpt lat="51.49107" lon="-0.194869"><ele>5.5</ele></trkpt>
      <trkpt lat="51.491143" lon="-0.195016"><ele>5.5</ele></trkpt>
      <trkpt lat="51.4914" lon="-0.194643"><ele>5.75</ele></trkpt>
      <trkpt lat="51.491405" lon="-0.194484"><ele>5.75</ele></trkpt>
      <trkpt lat="51.49148" lon="-0.194359"><ele>6</ele></trkpt>
      <trkpt lat="51.492077" lon="-0.193466"><ele>6.5</ele></trkpt>
      <trkpt lat="51.492052" lon="-0.19342"><ele>6.5</ele></trkpt>
      <trkpt lat="51.492089" lon="-0.193365"/>
      <trkpt lat="51.492067" lon="-0.193395"/>
      <trkpt lat="51.49206" lon="-0.193383"/>
      <trkpt lat="51.492059" lon="-0.193383"/>
    </trkseg>
    <trkseg>
      <trkpt lat="51.492059" lon="-0.193383"><ele>7.75</ele></trkpt>
      <trkpt lat="51.492054" lon="-0.19337"><ele>7.75</ele></trkpt>
      <trkpt lat="51.492076" lon="-0.19334"><ele>7.75</ele></trkpt>
      <trkpt lat="51.492096" lon="-0.193306"><ele>7.75</ele></trkpt>
      <trkpt lat="51.492061" lon="-0.193242"><ele>7.75</ele></trkpt>
      <trkpt lat="51.492095" lon="-0.193191"><ele>7.75</ele></trkpt>
      <trkpt lat="51.492148" lon="-0.193111"><ele>7.75</ele></trkpt>
      <trkpt lat="51.492223" lon="-0.193008"><ele>8</ele></trkpt>
      <trkpt lat="51.492254" lon="-0.19306"><ele>8</ele></trkpt>
      <trkpt lat="51.492289" lon="-0.193121"><ele>8</ele></trkpt>
      <trkpt lat="51.492336" lon="-0.193196"><ele>8</ele></trkpt>
      <trkpt lat="51.492428" lon="-0.193056"><ele>8</ele></trkpt>
      <trkpt lat="51.492484" lon="-0.192989"><ele>8</ele></trkpt>
      <trkpt lat="51.492597" lon="-0.19291"><ele>7.75</ele></trkpt>
      <trkpt lat="51.492726" lon="-0.19285"><ele>8</ele></trkpt>
      <trkpt lat="51.492882" lon="-0.192765"><ele>7.5</ele></trkpt>
      <trkpt lat="51.49298" lon="-0.192754"><ele>7</ele></trkpt>
      <trkpt lat="51.493478" lon="-0.192477"><ele>7</ele></trkpt>
      <trkpt lat="51.493564" lon="-0.192497"><ele>7</ele></trkpt>
      <trkpt lat="51.493663" lon="-0.192404"><ele>7</ele></trkpt>
      <trkpt lat="51.494304" lon="-0.191959"><ele>6.75</ele></trkpt>
      <trkpt lat="51.49435" lon="-0.191946"><ele>6.75</ele></trkpt>
      <trkpt lat="51.494369" lon="-0.191954"><ele>6.75</ele></trkpt>
      <trkpt lat="51.49438" lon="-0.191969"><ele>6.75</ele></trkpt>
      <trkpt lat="51.494381" lon="-0.192028"><ele>6.75</ele></trkpt>
      <trkpt lat="51.494404" lon="-0.19201"><ele>6.75</ele></trkpt>
      <trkpt lat="51.494435" lon="-0.19201"><ele>6.75</ele></trkpt>
      <trkpt lat="51.494662" lon="-0.192009"><ele>7.75</ele></trkpt>
      <trkpt lat="51.494658" lon="-0.192323"><ele>7.75</ele></trkpt>
      <trkpt lat="51.494694" lon="-0.192326"><ele>7.75</ele></trkpt>
      <trkpt lat="51.494725" lon="-0.192329"><ele>7.75</ele></trkpt>
      <trkpt lat="51.494751" lon="-0.192331"><ele>7.75</ele></trkpt>
      <trkpt lat="51.494769" lon="-0.192332"><ele>7.75</ele></trkpt>
      <trkpt lat="51.494772" lon="-0.192244"><ele>7.75</ele></trkpt>
      <trkpt lat="51.494795" lon="-0.192246"><ele>7.75</ele></trkpt>
      <trkpt lat="51.49482" lon="-0.192248"><ele>7.75</ele></trkpt>
      <trkpt lat="51.494854" lon="-0.19225"><ele>7.75</ele></trkpt>
      <trkpt lat="51.494875" lon="-0.192252"><ele>7.75</ele></trkpt>
      <trkpt lat="51.494876" lon="-0.192214"><ele>8</ele></trkpt>
      <trkpt lat="51.495065" lon="-0.192221"><ele>8</ele></trkpt>
      <trkpt lat="51.495065" lon="-0.1922"><ele>8</ele></trkpt>
      <trkpt lat="51.495066" lon="-0.192144"><ele>8</ele></trkpt>
      <trkpt lat="51.495067" lon="-0.192105"><ele>8</ele></trkpt>
      <trkpt lat="51.495067" lon="-0.192084"><ele>8</ele></trkpt>
      <trkpt lat="51.495234" lon="-0.192105"><ele>8</ele></trkpt>
      <trkpt lat="51.495255" lon="-0.192108"><ele>8</ele></trkpt>
      <trkpt lat="51.495287" lon="-0.192113"><ele>7.75</ele></trkpt>
      <trkpt lat="51.495851" lon="-0.192166"><ele>7.75</ele></trkpt>
      <trkpt lat="51.495895" lon="-0.192169"><ele>7.5</ele></trkpt>
      <trkpt lat="51.495939" lon="-0.192172"><ele>7.5</ele></trkpt>
      <trkpt lat="51.496414" lon="-0.192221"><ele>7.75</ele></trkpt>
      <trkpt lat="51.496485" lon="-0.192227"><ele>7.75</ele></trkpt>
      <trkpt lat="51.496867" lon="-0.192228"><ele>7.75</ele></trkpt>
      <trkpt lat="51.496997" lon="-0.192236"><ele>7.75</ele></trkpt>
      <trkpt lat="51.497033" lon="-0.192239"><ele>7.5</ele></trkpt>
      <trkpt lat="51.497067" lon="-0.192242"><ele>7.5</ele></trkpt>
      <trkpt lat="51.497428" lon="-0.19229"><ele>7.5</ele></trkpt>
      <trkpt lat="51.49749" lon="-0.192306"><ele>7.75</ele></trkpt>
      <trkpt lat="51.497608" lon="-0.192359"><ele>7.75</ele></trkpt>
      <trkpt lat="51.497633" lon="-0.192372"><ele>7.75</ele></trkpt>
      <trkpt lat="51.497669" lon="-0.192391"><ele>7.75</ele></trkpt>
      <trkpt lat="51.498452" lon="-0.192776"><ele>7.75</ele></trkpt>
      <trkpt lat="51.498628" lon="-0.192844"><ele>8</ele></trkpt>
      <trkpt lat="51.49866" lon="-0.192826"><ele>8</ele></trkpt>
      <trkpt lat="51.498674" lon="-0.192834"><ele>8</ele></trkpt>
      <trkpt lat="51.49871" lon="-0.192856"><ele>8</ele></trkpt>
      <trkpt lat="51.498747" lon="-0.192878"><ele>8</ele></trkpt>
      <trkpt lat="51.498767" lon="-0.192857"><ele>8</ele></trkpt>
      <trkpt lat="51.4989" lon="-0.192406"><ele>9</ele></trkpt>
      <trkpt lat="51.498912" lon="-0.192386"><ele>9</ele></trkpt>
      <trkpt lat="51.498927" lon="-0.192382"><ele>9</ele></trkpt>
      <trkpt lat="51.499344" lon="-0.192607"><ele>9.25</ele></trkpt>
      <trkpt lat="51.499371" lon="-0.192639"><ele>9</ele></trkpt>
      <trkpt lat="51.499415" lon="-0.19266"><ele>9.25</ele></trkpt>
      <trkpt lat="51.499447" lon="-0.192676"><ele>9.25</ele></trkpt>
      <trkpt lat="51.499983" lon="-0.192975"><ele>10.75</ele></trkpt>
      <trkpt lat="51.500209" lon="-0.193109"><ele>11.5</ele></trkpt>
      <trkpt lat="51.500246" lon="-0.193141"><ele>11.75</ele></trkpt>
      <trkpt lat="51.500288" lon="-0.193162"><ele>12</ele></trkpt>
      <trkpt lat="51.500318" lon="-0.193176"><ele>12</ele></trkpt>
      <trkpt lat="51.500558" lon="-0.193302"><ele>12.75</ele></trkpt>
      <trkpt lat="51.500734" lon="-0.193402"><ele>13</ele></trkpt>
      <trkpt lat="51.500783" lon="-0.193446"><ele>13</ele></trkpt>
      <trkpt lat="51.500786" lon="-0.193436"><ele>13</ele></trkpt>
      <trkpt lat="51.500801" lon="-0.193396"><ele>13</ele></trkpt>
      <trkpt lat="51.500822" lon="-0.193338"><ele>13</ele></trkpt>
      <trkpt lat="51.500835" lon="-0.193306"><ele>13</ele></trkpt>
      <trkpt lat="51.500856" lon="-0.193262"><ele>13</ele></trkpt>
      <trkpt lat="51.501033" lon="-0.192792"><ele>13</ele></trkpt>
      <trkpt lat="51.501039" lon="-0.192777"><ele>13</ele></trkpt>
      <trkpt lat="51.501131" lon="-0.192548"><ele>13</ele></trkpt>
      <trkpt lat="51.501497" lon="-0.191716"><ele>14</ele></trkpt>
      <trkpt lat="51.501533" lon="-0.191626"><ele>13.75</ele></trkpt>
      <trkpt lat="51.501553" lon="-0.191582"><ele>13.75</ele></trkpt>
      <trkpt lat="51.501573" lon="-0.19154"><ele>13.75</ele></trkpt>
      <trkpt lat="51.501615" lon="-0.191496"><ele>13.75</ele></trkpt>
      <trkpt lat="51.501799" lon="-0.191112"><ele>14.25</ele></trkpt>
      <trkpt lat="51.501851" lon="-0.19098"><ele>14.5</ele></trkpt>
      <trkpt lat="51.501873" lon="-0.191004"><ele>14.5</ele></trkpt>
      <trkpt lat="51.501907" lon="-0.19104"><ele>14.75</ele></trkpt>
      <trkpt lat="51.501931" lon="-0.191066"><ele>14.75</ele></trkpt>
      <trkpt lat="51.501947" lon="-0.191083"><ele>14.75</ele></trkpt>
      <trkpt lat="51.501974" lon="-0.191111"><ele>15</ele></trkpt>
      <trkpt lat="51.502007" lon="-0.191146"><ele>15</ele></trkpt>
      <trkpt lat="51.502019" lon="-0.191159"><ele>15</ele></trkpt>
      <trkpt lat="51.502086" lon="-0.191031"><ele>15</ele></trkpt>
      <trkpt lat="51.50222" lon="-0.19108"><ele>15</ele></trkpt>
      <trkpt lat="51.502615" lon="-0.191314"><ele>16.25</ele></trkpt>
      <trkpt lat="51.503283" lon="-0.191771"><ele>18.75</ele></trkpt>
      <trkpt lat="51.503293" lon="-0.191797"><ele>18.75</ele></trkpt>
      <trkpt lat="51.503306" lon="-0.191805"><ele>18.75</ele></trkpt>
      <trkpt lat="51.503327" lon="-0.191816"><ele>18.75</ele></trkpt>
      <trkpt lat="51.50334" lon="-0.191812"><ele>19</ele></trkpt>
      <trkpt lat="51.503374" lon="-0.191831"><ele>19</ele></trkpt>
      <trkpt lat="51.503468" lon="-0.191885"><ele>19.25</ele></trkpt>
      <trkpt lat="51.503803" lon="-0.192111"><ele>20.5</ele></trkpt>
      <trkpt lat="51.503821" lon="-0.192123"><ele>20.75</ele></trkpt>
      <trkpt lat="51.50384" lon="-0.192134"><ele>20.75</ele></trkpt>
      <trkpt lat="51.503906" lon="-0.192188"><ele>21</ele></trkpt>
      <trkpt lat="51.503985" lon="-0.192279"><ele>21.25</ele></trkpt>
      <trkpt lat="51.504028" lon="-0.192356"><ele>21.5</ele></trkpt>
      <trkpt lat="51.504058" lon="-0.192431"><ele>22</ele></trkpt>
      <trkpt lat="51.504076" lon="-0.192514"><ele>22.25</ele></trkpt>
      <trkpt lat="51.504085" lon="-0.192602"><ele>22.25</ele></trkpt>
      <trkpt lat="51.504087" lon="-0.192712"><ele>22</ele></trkpt>
      <trkpt lat="51.504099" lon="-0.192843"><ele>22.25</ele></trkpt>
      <trkpt lat="51.504127" lon="-0.193052"><ele>22.5</ele></trkpt>
      <trkpt lat="51.504157" lon="-0.193178"><ele>22.5</ele></trkpt>
      <trkpt lat="51.504186" lon="-0.193264"><ele>22.25</ele></trkpt>
      <trkpt lat="51.504286" lon="-0.193438"><ele>23.25</ele></trkpt>
      <trkpt lat="51.504402" lon="-0.193574"><ele>24.5</ele></trkpt>
      <trkpt lat="51.504428" lon="-0.193589"><ele>24.75</ele></trkpt>
      <trkpt lat="51.504466" lon="-0.193612"><ele>25</ele></trkpt>
      <trkpt lat="51.504843" lon="-0.193807"><ele>26.25</ele></trkpt>
      <trkpt lat="51.504866" lon="-0.193839"><ele>26.5</ele></trkpt>
      <trkpt lat="51.504902" lon="-0.193858"><ele>26.5</ele></trkpt>
      <trkpt lat="51.504959" lon="-0.193889"><ele>26.75</ele></trkpt>
      <trkpt lat="51.505159" lon="-0.193991"><ele>27.5</ele></trkpt>
      <trkpt lat="51.50579" lon="-0.194348"><ele>29.75</ele></trkpt>
      <trkpt lat="51.505813" lon="-0.194386"><ele>29.75</ele></trkpt>
      <trkpt lat="51.505841" lon="-0.194403"><ele>29.75</ele></trkpt>
      <trkpt lat="51.505882" lon="-0.194428"><ele>29.75</ele></trkpt>
      <trkpt lat="51.506426" lon="-0.194601"><ele>28.75</ele></trkpt>
      <trkpt lat="51.506444" lon="-0.19461"><ele>28.75</ele></trkpt>
      <trkpt lat="51.506468" lon="-0.194614"><ele>28.75</ele></trkpt>
      <trkpt lat="51.506522" lon="-0.194625"><ele>28.5</ele></trkpt>
      <trkpt lat="51.506531" lon="-0.194611"><ele>28.5</ele></trkpt>
      <trkpt lat="51.506958" lon="-0.194707"><ele>27.75</ele></trkpt>
      <trkpt lat="51.506986" lon="-0.194739"><ele>28</ele></trkpt>
      <trkpt lat="51.507006" lon="-0.194745"><ele>28</ele></trkpt>
      <trkpt lat="51.507028" lon="-0.19475"><ele>28</ele></trkpt>
      <trkpt lat="51.507055" lon="-0.194735"><ele>28</ele></trkpt>
      <trkpt lat="51.507322" lon="-0.194823"><ele>27.75</ele></trkpt>
      <trkpt lat="51.507345" lon="-0.19483"><ele>27.75</ele></trkpt>
      <trkpt lat="51.507381" lon="-0.194842"><ele>27.75</ele></trkpt>
      <trkpt lat="51.507486" lon="-0.194869"><ele>27.25</ele></trkpt>
      <trkpt lat="51.507648" lon="-0.194929"><ele>27</ele></trkpt>
      <trkpt lat="51.507703" lon="-0.194949"><ele>27</ele></trkpt>
      <trkpt lat="51.507743" lon="-0.194964"><ele>27</ele></trkpt>
      <trkpt lat="51.50778" lon="-0.194979"><ele>26.75</ele></trkpt>
      <trkpt lat="51.507931" lon="-0.195053"><ele>26.25</ele></trkpt>
      <trkpt lat="51.507953" lon="-0.19506"><ele>26.25</ele></trkpt>
      <trkpt lat="51.508006" lon="-0.195077"><ele>26</ele></trkpt>
      <trkpt lat="51.50878" lon="-0.195278"><ele>26.5</ele></trkpt>
      <trkpt lat="51.509097" lon="-0.1954"><ele>27.25</ele></trkpt>
      <trkpt lat="51.509104" lon="-0.195387"><ele>27.25</ele></trkpt>
      <trkpt lat="51.509115" lon="-0.195362"><ele>27</ele></trkpt>
      <trkpt lat="51.509132" lon="-0.195323"><ele>27</ele></trkpt>
      <trkpt lat="51.509137" lon="-0.195296"><ele>27</ele></trkpt>
      <trkpt lat="51.509162" lon="-0.195306"><ele>27</ele></trkpt>
      <trkpt lat="51.5092" lon="-0.195323"><ele>27</ele></trkpt>
      <trkpt lat="51.509234" lon="-0.19534"><ele>27</ele></trkpt>
      <trkpt lat="51.509247" lon="-0.195346"><ele>27</ele></trkpt>
      <trkpt lat="51.509284" lon="-0.195364"><ele>27</ele></trkpt>
      <trkpt lat="51.509319" lon="-0.195381"><ele>27</ele></trkpt>
      <trkpt lat="51.509329" lon="-0.195386"><ele>27</ele></trkpt>
      <trkpt lat="51.509198" lon="-0.196102"><ele>27.75</ele></trkpt>
      <trkpt lat="51.509214" lon="-0.196172"><ele>27.5</ele></trkpt>
      <trkpt lat="51.509189" lon="-0.196337"><ele>27.75</ele></trkpt>
      <trkpt lat="51.509182" lon="-0.19638"><ele>27.75</ele></trkpt>
      <trkpt lat="51.509107" lon="-0.196358"><ele>27.75</ele></trkpt>
      <trkpt lat="51.50915" lon="-0.196116"><ele>27.25</ele></trkpt>
      <trkpt lat="51.509107" lon="-0.196358"><ele>27.75</ele></trkpt>
      <trkpt lat="51.509182" lon="-0.19638"><ele>27.75</ele></trkpt>
      <trkpt lat="51.509997" lon="-0.196627"><ele>26.75</ele></trkpt>
      <trkpt lat="51.511266" lon="-0.19681"><ele>24.5</ele></trkpt>
      <trkpt lat="51.51129" lon="-0.196721"><ele>24.5</ele></trkpt>
      <trkpt lat="51.511405" lon="-0.195966"><ele>25</ele></trkpt>
      <trkpt lat="51.511552" lon="-0.195004"><ele>24.5</ele></trkpt>
      <trkpt lat="51.511708" lon="-0.193983"><ele>24.75</ele></trkpt>
      <trkpt lat="51.51173" lon="-0.193856"><ele>24.5</ele></trkpt>
      <trkpt lat="51.511723" lon="-0.19379"><ele>24.5</ele></trkpt>
      <trkpt lat="51.511704" lon="-0.193726"><ele>24.75</ele></trkpt>
      <trkpt lat="51.511693" lon="-0.193644"><ele>24.75</ele></trkpt>
      <trkpt lat="51.511694" lon="-0.193569"><ele>24.75</ele></trkpt>
      <trkpt lat="51.511772" lon="-0.193177"><ele>24.75</ele></trkpt>
      <trkpt lat="51.511848" lon="-0.192931"><ele>25.25</ele></trkpt>
      <trkpt lat="51.511892" lon="-0.192858"><ele>25</ele></trkpt>
      <trkpt lat="51.511999" lon="-0.192477"><ele>25.5</ele></trkpt>
      <trkpt lat="51.51202" lon="-0.192398"><ele>25.25</ele></trkpt>
      <trkpt lat="51.512091" lon="-0.192107"><ele>24</ele></trkpt>
      <trkpt lat="51.512168" lon="-0.19171"><ele>25.25</ele></trkpt>
      <trkpt lat="51.512316" lon="-0.19104"><ele>25.5</ele></trkpt>
      <trkpt lat="51.512394" lon="-0.19038"><ele>25</ele></trkpt>
      <trkpt lat="51.512439" lon="-0.189834"><ele>24.25</ele></trkpt>
      <trkpt lat="51.512443" lon="-0.189795"><ele>24.25</ele></trkpt>
      <trkpt lat="51.51251" lon="-0.189276"><ele>24.75</ele></trkpt>
      <trkpt lat="51.512536" lon="-0.189076"><ele>24.75</ele></trkpt>
      <trkpt lat="51.512612" lon="-0.188555"><ele>23.75</ele></trkpt>
      <trkpt lat="51.512676" lon="-0.188112"><ele>23.5</ele></trkpt>
      <trkpt lat="51.512737" lon="-0.187703"><ele>23</ele></trkpt>
      <trkpt lat="51.512748" lon="-0.187618"><ele>23</ele></trkpt>
      <trkpt lat="51.512354" lon="-0.187548"><ele>23.5</ele></trkpt>
      <trkpt lat="51.51231" lon="-0.187541"><ele>24</ele></trkpt>
      <trkpt lat="51.512354" lon="-0.187548"><ele>23.5</ele></trkpt>
      <trkpt lat="51.512748" lon="-0.187618"><ele>23</ele></trkpt>
      <trkpt lat="51.513615" lon="-0.187761"><ele>22</ele></trkpt>
      <trkpt lat="51.513662" lon="-0.187768"><ele>22</ele></trkpt>
      <trkpt lat="51.513711" lon="-0.187773"><ele>22</ele></trkpt>
      <trkpt lat="51.513783" lon="-0.187773"><ele>22</ele></trkpt>
      <trkpt lat="51.51377" lon="-0.187639"><ele>22</ele></trkpt>
      <trkpt lat="51.513776" lon="-0.187588"><ele>22</ele></trkpt>
      <trkpt lat="51.513775" lon="-0.187514"><ele>22</ele></trkpt>
      <trkpt lat="51.513791" lon="-0.187349"><ele>21.75</ele></trkpt>
      <trkpt lat="51.513834" lon="-0.187032"><ele>21.75</ele></trkpt>
      <trkpt lat="51.513838" lon="-0.18699"><ele>21.75</ele></trkpt>
      <trkpt lat="51.513845" lon="-0.186957"><ele>21.75</ele></trkpt>
      <trkpt lat="51.513851" lon="-0.186902"><ele>22</ele></trkpt>
      <trkpt lat="51.513863" lon="-0.186788"><ele>22</ele></trkpt>
      <trkpt lat="51.513914" lon="-0.186366"><ele>22</ele></trkpt>
      <trkpt lat="51.513953" lon="-0.186034"><ele>22</ele></trkpt>
      <trkpt lat="51.513965" lon="-0.185943"><ele>22</ele></trkpt>
      <trkpt lat="51.51398" lon="-0.185814"><ele>22</ele></trkpt>
      <trkpt lat="51.513995" lon="-0.185693"><ele>22.5</ele></trkpt>
      <trkpt lat="51.514013" lon="-0.185543"><ele>23</ele></trkpt>
      <trkpt lat="51.514021" lon="-0.185478"><ele>23</ele></trkpt>
      <trkpt lat="51.514028" lon="-0.185416"><ele>23</ele></trkpt>
      <trkpt lat="51.514075" lon="-0.185028"><ele>22.25</ele></trkpt>
      <trkpt lat="51.51414" lon="-0.185054"><ele>22.25</ele></trkpt>
      <trkpt lat="51.514202" lon="-0.185082"><ele>22.25</ele></trkpt>
      <trkpt lat="51.514215" lon="-0.185"><ele>22</ele></trkpt>
      <trkpt lat="51.514389" lon="-0.183952"><ele>21</ele></trkpt>
      <trkpt lat="51.513856" lon="-0.183785"><ele>22</ele></trkpt>
      <trkpt lat="51.513875" lon="-0.183672"><ele>22</ele></trkpt>
      <trkpt lat="51.514092" lon="-0.182945"><ele>20.75</ele></trkpt>
      <trkpt lat="51.514342" lon="-0.182146"><ele>20</ele></trkpt>
      <trkpt lat="51.514587" lon="-0.181363"><ele>19</ele></trkpt>
      <trkpt lat="51.514606" lon="-0.181295"><ele>19</ele></trkpt>
      <trkpt lat="51.51462" lon="-0.181177"><ele>19.25</ele></trkpt>
      <trkpt lat="51.514614" lon="-0.181112"><ele>19</ele></trkpt>
      <trkpt lat="51.514587" lon="-0.181015"><ele>19.25</ele></trkpt>
      <trkpt lat="51.514629" lon="-0.18102"><ele>19.5</ele></trkpt>
      <trkpt lat="51.514658" lon="-0.181013"><ele>19.5</ele></trkpt>
      <trkpt lat="51.514691" lon="-0.180964"><ele>19.75</ele></trkpt>
      <trkpt lat="51.514792" lon="-0.180774"><ele>19.5</ele></trkpt>
      <trkpt lat="51.514812" lon="-0.180736"><ele>19.5</ele></trkpt>
      <trkpt lat="51.515062" lon="-0.180273"><ele>21</ele></trkpt>
      <trkpt lat="51.515237" lon="-0.17996"><ele>21.75</ele></trkpt>
      <trkpt lat="51.515565" lon="-0.179371"><ele>23</ele></trkpt>
      <trkpt lat="51.515588" lon="-0.179403"><ele>23</ele></trkpt>
      <trkpt lat="51.51561" lon="-0.179435"><ele>23</ele></trkpt>
      <trkpt lat="51.515625" lon="-0.179409"><ele>23.25</ele></trkpt>
      <trkpt lat="51.51564" lon="-0.179383"><ele>23.25</ele></trkpt>
      <trkpt lat="51.515653" lon="-0.179358"><ele>23.25</ele></trkpt>
      <trkpt lat="51.515661" lon="-0.179345"><ele>23.25</ele></trkpt>
      <trkpt lat="51.515676" lon="-0.179315"><ele>23.25</ele></trkpt>
      <trkpt lat="51.515693" lon="-0.179284"><ele>23.25</ele></trkpt>
      <trkpt lat="51.5157" lon="-0.17927"><ele>23.5</ele></trkpt>
      <trkpt lat="51.51584" lon="-0.179004"><ele>23.75</ele></trkpt>
      <trkpt lat="51.516042" lon="-0.178648"><ele>23.25</ele></trkpt>
      <trkpt lat="51.516068" lon="-0.178601"><ele>23.5</ele></trkpt>
      <trkpt lat="51.516314" lon="-0.178182"><ele>25.25</ele></trkpt>
      <trkpt lat="51.516722" lon="-0.178769"><ele>26.5</ele></trkpt>
      <trkpt lat="51.516747" lon="-0.178728"><ele>26.25</ele></trkpt>
      <trkpt lat="51.516785" lon="-0.178664"><ele>25.75</ele></trkpt>
      <trkpt lat="51.516833" lon="-0.17858"><ele>25</ele></trkpt>
      <trkpt lat="51.516816" lon="-0.178549"><ele>25</ele></trkpt>
      <trkpt lat="51.516701" lon="-0.178374"><ele>25</ele></trkpt>
      <trkpt lat="51.51668" lon="-0.178345"><ele>25</ele></trkpt>
      <trkpt lat="51.51672" lon="-0.178263"><ele>24.5</ele></trkpt>
      <trkpt lat="51.516451" lon="-0.177878"><ele>24.5</ele></trkpt>
      <trkpt lat="51.516332" lon="-0.177709"><ele>24.25</ele></trkpt>
      <trkpt lat="51.51644" lon="-0.177521"><ele>24</ele></trkpt>
      <trkpt lat="51.51645" lon="-0.177503"><ele>24</ele></trkpt>
      <trkpt lat="51.516393" lon="-0.177411"><ele>24</ele></trkpt>
      <trkpt lat="51.51609" lon="-0.176926"><ele>24</ele></trkpt>
      <trkpt lat="51.516176" lon="-0.17678"><ele>23.75</ele></trkpt>
      <trkpt lat="51.516226" lon="-0.176674"><ele>24</ele></trkpt>
      <trkpt lat="51.516299" lon="-0.176537"><ele>24</ele></trkpt>
      <trkpt lat="51.516358" lon="-0.176426"><ele>24</ele></trkpt>
      <trkpt lat="51.516447" lon="-0.176259"><ele>24</ele></trkpt>
      <trkpt lat="51.516511" lon="-0.176146"><ele>24.25</ele></trkpt>
      <trkpt lat="51.516475" lon="-0.175996"><ele>24.5</ele></trkpt>
      <trkpt lat="51.516512" lon="-0.175934"><ele>25.25</ele></trkpt>
      <trkpt lat="51.516513" lon="-0.1759"><ele>25.25</ele></trkpt>
      <trkpt lat="51.51652" lon="-0.175826"><ele>25.75</ele></trkpt>
      <trkpt lat="51.516531" lon="-0.17577"><ele>25.75</ele></trkpt>
      <trkpt lat="51.516541" lon="-0.17572"><ele>25.75</ele></trkpt>
      <trkpt lat="51.516553" lon="-0.175738"><ele>26.75</ele></trkpt>
      <trkpt lat="51.516541" lon="-0.17572"><ele>25.75</ele></trkpt>
      <trkpt lat="51.516529" lon="-0.175701"><ele>25.5</ele></trkpt>
      <trkpt lat="51.516524" lon="-0.175692"><ele>25.25</ele></trkpt>
      <trkpt lat="51.516319" lon="-0.175367"><ele>24.5</ele></trkpt>
      <trkpt lat="51.516221" lon="-0.175232"><ele>25.75</ele></trkpt>
      <trkpt lat="51.51647" lon="-0.174747"><ele>27.75</ele></trkpt>
      <trkpt lat="51.516343" lon="-0.174545"><ele>27</ele></trkpt>
      <trkpt lat="51.516305" lon="-0.174483"><ele>26.5</ele></trkpt>
      <trkpt lat="51.51629" lon="-0.174458"><ele>26.25</ele></trkpt>
      <trkpt lat="51.516359" lon="-0.174332"><ele>26.5</ele></trkpt>
      <trkpt lat="51.516377" lon="-0.174322"><ele>26.75</ele></trkpt>
      <trkpt lat="51.51641" lon="-0.174259"><ele>27</ele></trkpt>
      <trkpt lat="51.516444" lon="-0.174195"><ele>27</ele></trkpt>
      <trkpt lat="51.516452" lon="-0.17416"><ele>27</ele></trkpt>
      <trkpt lat="51.516656" lon="-0.173794"><ele>27</ele></trkpt>
      <trkpt lat="51.517128" lon="-0.172946"><ele>28.5</ele></trkpt>
      <trkpt lat="51.517093" lon="-0.172896"><ele>28.5</ele></trkpt>
      <trkpt lat="51.517054" lon="-0.172836"><ele>28.25</ele></trkpt>
      <trkpt lat="51.51696" lon="-0.172694"><ele>28</ele></trkpt>
      <trkpt lat="51.516904" lon="-0.172607"><ele>27.5</ele></trkpt>
      <trkpt lat="51.516815" lon="-0.172479"><ele>27</ele></trkpt>
      <trkpt lat="51.517108" lon="-0.171949"><ele>27.25</ele></trkpt>
      <trkpt lat="51.517272" lon="-0.171652"><ele>28</ele></trkpt>
      <trkpt lat="51.51774" lon="-0.170822"><ele>28.75</ele></trkpt>
      <trkpt lat="51.518143" lon="-0.170078"><ele>28.5</ele></trkpt>
      <trkpt lat="51.518174" lon="-0.17002"><ele>28.25</ele></trkpt>
      <trkpt lat="51.518203" lon="-0.169968"><ele>28.5</ele></trkpt>
      <trkpt lat="51.518781" lon="-0.168945"><ele>29.25</ele></trkpt>
      <trkpt lat="51.518904" lon="-0.168727"><ele>30</ele></trkpt>
      <trkpt lat="51.518912" lon="-0.168712"><ele>30</ele></trkpt>
      <trkpt lat="51.519113" lon="-0.169011"><ele>30.75</ele></trkpt>
      <trkpt lat="51.51917" lon="-0.168914"><ele>31</ele></trkpt>
      <trkpt lat="51.519223" lon="-0.168829"><ele>30.75</ele></trkpt>
      <trkpt lat="51.519298" lon="-0.168915"><ele>31</ele></trkpt>
      <trkpt lat="51.519466" lon="-0.168092"><ele>30.75</ele></trkpt>
      <trkpt lat="51.519478" lon="-0.168078"><ele>30.75</ele></trkpt>
      <trkpt lat="51.519487" lon="-0.168026"><ele>30.75</ele></trkpt>
      <trkpt lat="51.519497" lon="-0.168031"><ele>30.75</ele></trkpt>
      <trkpt lat="51.51953" lon="-0.168048"><ele>30.75</ele></trkpt>
      <trkpt lat="51.519577" lon="-0.16807"><ele>30.75</ele></trkpt>
      <trkpt lat="51.519597" lon="-0.168079"><ele>30.75</ele></trkpt>
      <trkpt lat="51.519605" lon="-0.168047"><ele>30.75</ele></trkpt>
      <trkpt lat="51.519613" lon="-0.168021"><ele>30.75</ele></trkpt>
      <trkpt lat="51.519638" lon="-0.168012"><ele>30.75</ele></trkpt>
      <trkpt lat="51.519727" lon="-0.167947"><ele>30.75</ele></trkpt>
      <trkpt lat="51.519816" lon="-0.167747"><ele>30.5</ele></trkpt>
      <trkpt lat="51.519847" lon="-0.167739"><ele>30.25</ele></trkpt>
    </trkseg>
    <trkseg>
      <trkpt lat="51.497629" lon="-0.210023"><ele>2.75</ele></trkpt>
      <trkpt lat="51.497628" lon="-0.210026"><ele>3</ele></trkpt>
      <trkpt lat="51.497608" lon="-0.210116"><ele>3.25</ele></trkpt>
      <trkpt lat="51.497583" lon="-0.210168"><ele>3.25</ele></trkpt>
      <trkpt lat="51.497619" lon="-0.210213"><ele>3.25</ele></trkpt>
      <trkpt lat="51.497588" lon="-0.21028"><ele>3.5</ele></trkpt>
      <trkpt lat="51.4975" lon="-0.21016"><ele>3.5</ele></trkpt>
      <trkpt lat="51.497254" lon="-0.209826"><ele>3.25</ele></trkpt>
      <trkpt lat="51.497213" lon="-0.209738"><ele>3</ele></trkpt>
      <trkpt lat="51.497109" lon="-0.209613"><ele>3</ele></trkpt>
      <trkpt lat="51.497045" lon="-0.209568"><ele>3.25</ele></trkpt>
      <trkpt lat="51.496824" lon="-0.209307"><ele>3.75</ele></trkpt>
      <trkpt lat="51.496656" lon="-0.209112"><ele>4.5</ele></trkpt>
      <trkpt lat="51.496586" lon="-0.209029"><ele>4.25</ele></trkpt>
      <trkpt lat="51.496192" lon="-0.208545"><ele>5.75</ele></trkpt>
      <trkpt lat="51.496134" lon="-0.208475"><ele>5.75</ele></trkpt>
      <trkpt lat="51.49608" lon="-0.208455"><ele>6</ele></trkpt>
      <trkpt lat="51.496084" lon="-0.208393"><ele>6</ele></trkpt>
      <trkpt lat="51.496093" lon="-0.208267"><ele>5.75</ele></trkpt>
      <trkpt lat="51.496086" lon="-0.208017"><ele>4.5</ele></trkpt>
      <trkpt lat="51.496263" lon="-0.207262"><ele>6.25</ele></trkpt>
      <trkpt lat="51.49625" lon="-0.207256"><ele>6.25</ele></trkpt>
      <trkpt lat="51.496178" lon="-0.207222"><ele>6.75</ele></trkpt>
      <trkpt lat="51.496116" lon="-0.207184"><ele>6.75</ele></trkpt>
      <trkpt lat="51.496091" lon="-0.20717"><ele>6.75</ele></trkpt>
      <trkpt lat="51.496144" lon="-0.206912"><ele>6.5</ele></trkpt>
      <trkpt lat="51.49615" lon="-0.206889"><ele>6.5</ele></trkpt>
      <trkpt lat="51.496157" lon="-0.206863"><ele>6.25</ele></trkpt>
      <trkpt lat="51.496165" lon="-0.206832"><ele>6</ele></trkpt>
      <trkpt lat="51.496171" lon="-0.206813"><ele>6</ele></trkpt>
      <trkpt lat="51.496459" lon="-0.20599"><ele>6</ele></trkpt>
      <trkpt lat="51.496499" lon="-0.205871"><ele>6.25</ele></trkpt>
      <trkpt lat="51.496511" lon="-0.205787"><ele>6.25</ele></trkpt>
      <trkpt lat="51.496521" lon="-0.205751"><ele>6.25</ele></trkpt>
      <trkpt lat="51.496425" lon="-0.205139"><ele>5.75</ele></trkpt>
      <trkpt lat="51.496408" lon="-0.205098"><ele>5.75</ele></trkpt>
      <trkpt lat="51.496255" lon="-0.204908"><ele>5.5</ele></trkpt>
      <trkpt lat="51.496203" lon="-0.204736"><ele>5.25</ele></trkpt>
      <trkpt lat="51.496109" lon="-0.204609"><ele>5.25</ele></trkpt>
      <trkpt lat="51.496102" lon="-0.2046"><ele>5.25</ele></trkpt>
      <trkpt lat="51.496079" lon="-0.204567"><ele>5.25</ele></trkpt>
      <trkpt lat="51.496056" lon="-0.204534"><ele>5.5</ele></trkpt>
      <trkpt lat="51.495791" lon="-0.20417"><ele>4.75</ele></trkpt>
      <trkpt lat="51.495545" lon="-0.20385"><ele>5</ele></trkpt>
      <trkpt lat="51.495331" lon="-0.203595"><ele>5</ele></trkpt>
      <trkpt lat="51.495274" lon="-0.203515"><ele>5.25</ele></trkpt>
      <trkpt lat="51.495248" lon="-0.203477"><ele>5.25</ele></trkpt>
      <trkpt lat="51.494658" lon="-0.20279"><ele>4.5</ele></trkpt>
      <trkpt lat="51.494574" lon="-0.202662"><ele>4.5</ele></trkpt>
      <trkpt lat="51.494017" lon="-0.202024"><ele>5.5</ele></trkpt>
      <trkpt lat="51.493995" lon="-0.201997"><ele>5.75</ele></trkpt>
      <trkpt lat="51.493958" lon="-0.201953"><ele>5.75</ele></trkpt>
      <trkpt lat="51.493949" lon="-0.201936"><ele>6</ele></trkpt>
      <trkpt lat="51.493736" lon="-0.201689"><ele>6</ele></trkpt>
      <trkpt lat="51.493673" lon="-0.201695"><ele>6</ele></trkpt>
      <trkpt lat="51.493651" lon="-0.201682"><ele>6</ele></trkpt>
      <trkpt lat="51.493627" lon="-0.201667"><ele>6</ele></trkpt>
      <trkpt lat="51.493613" lon="-0.201659"><ele>6</ele></trkpt>
      <trkpt lat="51.493629" lon="-0.201588"><ele>6</ele></trkpt>
      <trkpt lat="51.49361" lon="-0.201575"><ele>5.75</ele></trkpt>
      <trkpt lat="51.493585" lon="-0.201558"><ele>5.75</ele></trkpt>
      <trkpt lat="51.493557" lon="-0.201539"><ele>5.75</ele></trkpt>
      <trkpt lat="51.493546" lon="-0.20153"><ele>5.75</ele></trkpt>
      <trkpt lat="51.493484" lon="-0.201435"><ele>5.5</ele></trkpt>
      <trkpt lat="51.492891" lon="-0.200865"><ele>5.5</ele></trkpt>
      <trkpt lat="51.492845" lon="-0.200825"><ele>5.75</ele></trkpt>
      <trkpt lat="51.492806" lon="-0.20081"><ele>5.75</ele></trkpt>
      <trkpt lat="51.492765" lon="-0.20081"><ele>6</ele></trkpt>
      <trkpt lat="51.492763" lon="-0.200754"><ele>6</ele></trkpt>
      <trkpt lat="51.492761" lon="-0.20071"><ele>6</ele></trkpt>
      <trkpt lat="51.49276" lon="-0.200675"><ele>6</ele></trkpt>
      <trkpt lat="51.492761" lon="-0.200658"><ele>6</ele></trkpt>
      <trkpt lat="51.492751" lon="-0.200639"><ele>6</ele></trkpt>
      <trkpt lat="51.492722" lon="-0.200577"><ele>6</ele></trkpt>
      <trkpt lat="51.492695" lon="-0.20052"><ele>6.25</ele></trkpt>
      <trkpt lat="51.492682" lon="-0.200493"><ele>6.25</ele></trkpt>
      <trkpt lat="51.492679" lon="-0.200433"><ele>6</ele></trkpt>
      <trkpt lat="51.492665" lon="-0.200413"><ele>6</ele></trkpt>
      <trkpt lat="51.492627" lon="-0.200361"><ele>6</ele></trkpt>
      <trkpt lat="51.492588" lon="-0.200307"><ele>6</ele></trkpt>
      <trkpt lat="51.492577" lon="-0.200292"><ele>6</ele></trkpt>
      <trkpt lat="51.492602" lon="-0.200202"><ele>6</ele></trkpt>
      <trkpt lat="51.492622" lon="-0.200165"><ele>6</ele></trkpt>
      <trkpt lat="51.492641" lon="-0.200128"><ele>6</ele></trkpt>
      <trkpt lat="51.49265" lon="-0.200112"><ele>6</ele></trkpt>
      <trkpt lat="51.492399" lon="-0.199674"><ele>5.75</ele></trkpt>
      <trkpt lat="51.492394" lon="-0.199639"><ele>5.75</ele></trkpt>
      <trkpt lat="51.492374" lon="-0.199597"><ele>5.75</ele></trkpt>
      <trkpt lat="51.492359" lon="-0.199567"><ele>6</ele></trkpt>
      <trkpt lat="51.49233" lon="-0.199541"><ele>6</ele></trkpt>
      <trkpt lat="51.492163" lon="-0.199246"><ele>6</ele></trkpt>
      <trkpt lat="51.49186" lon="-0.198641"><ele>6.5</ele></trkpt>
      <trkpt lat="51.491842" lon="-0.198607"><ele>6.5</ele></trkpt>
      <trkpt lat="51.491825" lon="-0.198575"><ele>6.5</ele></trkpt>
      <trkpt lat="51.491813" lon="-0.198553"><ele>6.5</ele></trkpt>
      <trkpt lat="51.491788" lon="-0.19853"><ele>6.5</ele></trkpt>
      <trkpt lat="51.491753" lon="-0.198461"><ele>6.5</ele></trkpt>
      <trkpt lat="51.49142" lon="-0.197813"><ele>6</ele></trkpt>
      <trkpt lat="51.491135" lon="-0.197289"><ele>6.75</ele></trkpt>
      <trkpt lat="51.491135" lon="-0.197256"><ele>6.75</ele></trkpt>
      <trkpt lat="51.491118" lon="-0.197225"><ele>6.75</ele></trkpt>
      <trkpt lat="51.491099" lon="-0.197189"><ele>6.5</ele></trkpt>
      <trkpt lat="51.491067" lon="-0.197168"><ele>6.25</ele></trkpt>
      <trkpt lat="51.490727" lon="-0.196523"><ele>6</ele></trkpt>
      <trkpt lat="51.49072" lon="-0.196511"><ele>6</ele></trkpt>
      <trkpt lat="51.490715" lon="-0.196501"><ele>6.25</ele></trkpt>
      <trkpt lat="51.490705" lon="-0.196481"><ele>6.25</ele></trkpt>
      <trkpt lat="51.490686" lon="-0.196448"><ele>6.25</ele></trkpt>
      <trkpt lat="51.490671" lon="-0.196421"><ele>6.5</ele></trkpt>
      <trkpt lat="51.490297" lon="-0.195718"><ele>6.25</ele></trkpt>
      <trkpt lat="51.490258" lon="-0.195645"><ele>5.5</ele></trkpt>
      <trkpt lat="51.490263" lon="-0.195639"><ele>5.5</ele></trkpt>
      <trkpt lat="51.490285" lon="-0.195612"><ele>5.25</ele></trkpt>
      <trkpt lat="51.490337" lon="-0.195553"><ele>4.75</ele></trkpt>
      <trkpt lat="51.490424" lon="-0.195441"><ele>4.75</ele></trkpt>
      <trkpt lat="51.49089" lon="-0.194755"><ele>5.25</ele></trkpt>
      <trkpt lat="51.490996" lon="-0.194761"><ele>5.25</ele></trkpt>
      <trkpt lat="51.49107" lon="-0.194869"><ele>5.5</ele></trkpt>
      <trkpt lat="51.491143" lon="-0.195016"><ele>5.5</ele></trkpt>
      <trkpt lat="51.4914" lon="-0.194643"><ele>5.75</ele></trkpt>
      <trkpt lat="51.491405" lon="-0.194484"><ele>5.75</ele></trkpt>
      <trkpt lat="51.49148" lon="-0.194359"><ele>6</ele></trkpt>
      <trkpt lat="51.492077" lon="-0.193466"><ele>6.5</ele></trkpt>
      <trkpt lat="51.492052" lon="-0.19342"><ele>6.5</ele></trkpt>
      <trkpt lat="51.492089" lon="-0.193365"/>
      <trkpt lat="51.492067" lon="-0.193395"/>
      <trkpt lat="51.49206" lon="-0.193383"/>
      <trkpt lat="51.492059" lon="-0.193383"/>
    </trkseg>
  </trk>
</gpx>
