<?xml version="1.0" encoding="UTF-8"?>
<gpx version="1.1" creator="TubeRun route generator" xmlns="http://www.topografix.com/GPX/1/1">
  <metadata>
    <name>Elizabeth line — TubeRun</name>
    <desc>Above-ground running route tracing the Elizabeth line and its branches, station to station. Routed on pavements and footways from OpenStreetMap data (BRouter, shortest).</desc>
    <author><name>TubeRun</name></author>
    <copyright author="OpenStreetMap contributors"><license>https://opendatacommons.org/licenses/odbl/1-0/</license></copyright>
    <link href="https://www.openstreetmap.org/copyright"><text>© OpenStreetMap contributors</text></link>
    <time>2026-07-06T18:42:05.461Z</time>
  </metadata>
  <wpt lat="51.630877" lon="0.329851"><name>Shenfield</name></wpt>
  <wpt lat="51.613605" lon="0.299586"><name>Brentwood</name></wpt>
  <wpt lat="51.592766" lon="0.233129"><name>Harold Wood</name></wpt>
  <wpt lat="51.581904" lon="0.205964"><name>Gidea Park</name></wpt>
  <wpt lat="51.574829" lon="0.183237"><name>Romford</name></wpt>
  <wpt lat="51.568039" lon="0.128958"><name>Chadwell Heath</name></wpt>
  <wpt lat="51.565579" lon="0.110807"><name>Goodmayes</name></wpt>
  <wpt lat="51.564026" lon="0.0971"><name>Seven Kings</name></wpt>
  <wpt lat="51.559118" lon="0.06968"><name>Ilford</name></wpt>
  <wpt lat="51.552477" lon="0.046342"><name>Manor Park</name></wpt>
  <wpt lat="51.549432" lon="0.024353"><name>Forest Gate</name></wpt>
  <wpt lat="51.546081" lon="0.005815"><name>Maryland</name></wpt>
  <wpt lat="51.541895" lon="-0.003397"><name>Stratford</name></wpt>
  <wpt lat="51.519632" lon="-0.059837"><name>Whitechapel</name></wpt>
  <wpt lat="51.518381" lon="-0.081092"><name>Liverpool Street</name></wpt>
  <wpt lat="51.520189" lon="-0.104915"><name>Farringdon</name></wpt>
  <wpt lat="51.515698" lon="-0.13044"><name>Tottenham Court Road</name></wpt>
  <wpt lat="51.513895" lon="-0.147246"><name>Bond Street</name></wpt>
  <wpt lat="51.516449" lon="-0.177107"><name>Paddington</name></wpt>
  <wpt lat="51.51718" lon="-0.266756"><name>Acton Main Line</name></wpt>
  <wpt lat="51.514841" lon="-0.301752"><name>Ealing Broadway</name></wpt>
  <wpt lat="51.513506" lon="-0.320133"><name>West Ealing</name></wpt>
  <wpt lat="51.511835" lon="-0.338583"><name>Hanwell</name></wpt>
  <wpt lat="51.505957" lon="-0.37861"><name>Southall</name></wpt>
  <wpt lat="51.503096" lon="-0.420683"><name>Hayes &amp; Harlington</name></wpt>
  <wpt lat="51.471987" lon="-0.454788"><name>Heathrow Terminals 2 &amp; 3</name></wpt>
  <wpt lat="51.458268" lon="-0.445463"><name>Heathrow Terminal 4</name></wpt>
  <wpt lat="51.470053" lon="-0.490589"><name>Heathrow Terminal 5</name></wpt>
  <wpt lat="51.510055" lon="-0.472234"><name>West Drayton</name></wpt>
  <wpt lat="51.508503" lon="-0.506726"><name>Iver</name></wpt>
  <wpt lat="51.508062" lon="-0.541756"><name>Langley (Berks)</name></wpt>
  <wpt lat="51.51188" lon="-0.59151"><name>Slough</name></wpt>
  <wpt lat="51.523506" lon="-0.646374"><name>Burnham (Berks)</name></wpt>
  <wpt lat="51.523562" lon="-0.68137"><name>Taplow</name></wpt>
  <wpt lat="51.518669" lon="-0.72266"><name>Maidenhead</name></wpt>
  <wpt lat="51.475534" lon="-0.863293"><name>Twyford</name></wpt>
  <wpt lat="51.458786" lon="-0.971863"><name>Reading</name></wpt>
  <wpt lat="51.491241" lon="0.121374"><name>Abbey Wood</name></wpt>
  <wpt lat="51.492168" lon="0.070593"><name>Woolwich</name></wpt>
  <wpt lat="51.509769" lon="0.02673"><name>Custom House</name></wpt>
  <wpt lat="51.506203" lon="-0.018834"><name>Canary Wharf</name></wpt>
  <trk>
    <name>Elizabeth line</name>
    <trkseg>
      <trkpt lat="51.45878" lon="-0.971776"><ele>43.5</ele></trkpt>
      <trkpt lat="51.458645" lon="-0.971793"><ele>43.75</ele></trkpt>
      <trkpt lat="51.45855" lon="-0.971805"><ele>44</ele></trkpt>
      <trkpt lat="51.458474" lon="-0.971816"><ele>44</ele></trkpt>
      <trkpt lat="51.458479" lon="-0.971931"><ele>44</ele></trkpt>
      <trkpt lat="51.45843" lon="-0.971934"><ele>44</ele></trkpt>
      <trkpt lat="51.458387" lon="-0.971948"><ele>44</ele></trkpt>
      <trkpt lat="51.45833" lon="-0.971876"><ele>43.75</ele></trkpt>
      <trkpt lat="51.458304" lon="-0.971245"><ele>42.75</ele></trkpt>
      <trkpt lat="51.458147" lon="-0.971245"><ele>42.75</ele></trkpt>
      <trkpt lat="51.458105" lon="-0.971236"><ele>42.75</ele></trkpt>
      <trkpt lat="51.458105" lon="-0.97119"><ele>42.75</ele></trkpt>
      <trkpt lat="51.458099" lon="-0.971132"><ele>42.75</ele></trkpt>
      <trkpt lat="51.458015" lon="-0.970975"><ele>42.75</ele></trkpt>
      <trkpt lat="51.45793" lon="-0.970959"><ele>42.75</ele></trkpt>
      <trkpt lat="51.457943" lon="-0.970829"><ele>42.5</ele></trkpt>
      <trkpt lat="51.457946" lon="-0.970728"><ele>42.5</ele></trkpt>
      <trkpt lat="51.457931" lon="-0.970655"><ele>42.25</ele></trkpt>
      <trkpt lat="51.457919" lon="-0.970628"><ele>42.25</ele></trkpt>
      <trkpt lat="51.457939" lon="-0.970585"><ele>42.25</ele></trkpt>
      <trkpt lat="51.457946" lon="-0.970549"><ele>42.25</ele></trkpt>
      <trkpt lat="51.457949" lon="-0.970496"><ele>42</ele></trkpt>
      <trkpt lat="51.457939" lon="-0.970185"><ele>41</ele></trkpt>
      <trkpt lat="51.457926" lon="-0.969775"><ele>40.5</ele></trkpt>
      <trkpt lat="51.457909" lon="-0.969311"><ele>39.5</ele></trkpt>
      <trkpt lat="51.457907" lon="-0.969256"><ele>39.25</ele></trkpt>
      <trkpt lat="51.457904" lon="-0.969201"><ele>39</ele></trkpt>
      <trkpt lat="51.457896" lon="-0.969073"><ele>38.75</ele></trkpt>
      <trkpt lat="51.457845" lon="-0.968875"><ele>38.75</ele></trkpt>
      <trkpt lat="51.457787" lon="-0.968654"><ele>38.75</ele></trkpt>
      <trkpt lat="51.457731" lon="-0.968582"><ele>39.5</ele></trkpt>
      <trkpt lat="51.4577" lon="-0.968488"><ele>40</ele></trkpt>
      <trkpt lat="51.457697" lon="-0.968388"><ele>40.25</ele></trkpt>
      <trkpt lat="51.457721" lon="-0.968286"><ele>40.25</ele></trkpt>
      <trkpt lat="51.457716" lon="-0.96809"><ele>40.25</ele></trkpt>
      <trkpt lat="51.457699" lon="-0.96795"><ele>40.75</ele></trkpt>
      <trkpt lat="51.457651" lon="-0.96771"><ele>41.25</ele></trkpt>
      <trkpt lat="51.45764" lon="-0.967651"><ele>41.25</ele></trkpt>
      <trkpt lat="51.457604" lon="-0.967437"><ele>41.5</ele></trkpt>
      <trkpt lat="51.457471" lon="-0.966552"><ele>41.5</ele></trkpt>
      <trkpt lat="51.457396" lon="-0.966002"><ele>41.75</ele></trkpt>
      <trkpt lat="51.45739" lon="-0.965952"><ele>41.75</ele></trkpt>
      <trkpt lat="51.457347" lon="-0.965547"><ele>41.5</ele></trkpt>
      <trkpt lat="51.457224" lon="-0.964598"><ele>41.25</ele></trkpt>
      <trkpt lat="51.457154" lon="-0.964049"><ele>41.75</ele></trkpt>
      <trkpt lat="51.457117" lon="-0.963847"><ele>41.5</ele></trkpt>
      <trkpt lat="51.457026" lon="-0.963559"><ele>41</ele></trkpt>
      <trkpt lat="51.456983" lon="-0.963465"><ele>41</ele></trkpt>
      <trkpt lat="51.456899" lon="-0.963306"><ele>41</ele></trkpt>
      <trkpt lat="51.456864" lon="-0.963285"><ele>41</ele></trkpt>
      <trkpt lat="51.456834" lon="-0.963249"><ele>41.25</ele></trkpt>
      <trkpt lat="51.456701" lon="-0.963192"><ele>41.25</ele></trkpt>
      <trkpt lat="51.45652" lon="-0.963134"><ele>41.25</ele></trkpt>
      <trkpt lat="51.45585" lon="-0.963016"><ele>38.75</ele></trkpt>
      <trkpt lat="51.455812" lon="-0.963009"><ele>38.75</ele></trkpt>
      <trkpt lat="51.455635" lon="-0.962973"><ele>38.5</ele></trkpt>
      <trkpt lat="51.455479" lon="-0.962931"><ele>38.5</ele></trkpt>
      <trkpt lat="51.455336" lon="-0.962865"><ele>38.25</ele></trkpt>
      <trkpt lat="51.455152" lon="-0.962737"><ele>38</ele></trkpt>
      <trkpt lat="51.455049" lon="-0.962638"><ele>38</ele></trkpt>
      <trkpt lat="51.454991" lon="-0.962573"><ele>37.75</ele></trkpt>
      <trkpt lat="51.455008" lon="-0.962379"><ele>38</ele></trkpt>
      <trkpt lat="51.454993" lon="-0.962307"><ele>38</ele></trkpt>
      <trkpt lat="51.454989" lon="-0.96226"><ele>38</ele></trkpt>
      <trkpt lat="51.454987" lon="-0.962161"><ele>38</ele></trkpt>
      <trkpt lat="51.454994" lon="-0.961977"><ele>38</ele></trkpt>
      <trkpt lat="51.455012" lon="-0.961727"><ele>38</ele></trkpt>
      <trkpt lat="51.455005" lon="-0.961554"><ele>38</ele></trkpt>
      <trkpt lat="51.45498" lon="-0.961356"><ele>38</ele></trkpt>
      <trkpt lat="51.454931" lon="-0.961113"><ele>38.25</ele></trkpt>
      <trkpt lat="51.454854" lon="-0.960911"><ele>38.75</ele></trkpt>
      <trkpt lat="51.454741" lon="-0.960705"><ele>39.25</ele></trkpt>
      <trkpt lat="51.454634" lon="-0.960568"><ele>40</ele></trkpt>
      <trkpt lat="51.454444" lon="-0.960307"><ele>40</ele></trkpt>
      <trkpt lat="51.454312" lon="-0.96009"><ele>40</ele></trkpt>
      <trkpt lat="51.45415" lon="-0.95971"><ele>40.75</ele></trkpt>
      <trkpt lat="51.454113" lon="-0.959592"><ele>40.75</ele></trkpt>
      <trkpt lat="51.454096" lon="-0.959538"><ele>40.75</ele></trkpt>
      <trkpt lat="51.45405" lon="-0.959329"><ele>40.75</ele></trkpt>
      <trkpt lat="51.454012" lon="-0.959141"><ele>41</ele></trkpt>
      <trkpt lat="51.45395" lon="-0.958713"><ele>42</ele></trkpt>
      <trkpt lat="51.453934" lon="-0.958589"><ele>42</ele></trkpt>
      <trkpt lat="51.453817" lon="-0.957836"><ele>43</ele></trkpt>
      <trkpt lat="51.453775" lon="-0.957506"><ele>43.25</ele></trkpt>
      <trkpt lat="51.453733" lon="-0.957043"><ele>43</ele></trkpt>
      <trkpt lat="51.453653" lon="-0.956207"><ele>42.75</ele></trkpt>
      <trkpt lat="51.453577" lon="-0.955443"><ele>43</ele></trkpt>
      <trkpt lat="51.453524" lon="-0.95489"><ele>43</ele></trkpt>
      <trkpt lat="51.453518" lon="-0.954824"><ele>43</ele></trkpt>
      <trkpt lat="51.453473" lon="-0.954426"><ele>43</ele></trkpt>
      <trkpt lat="51.453426" lon="-0.953955"><ele>43.5</ele></trkpt>
      <trkpt lat="51.453307" lon="-0.952864"><ele>43</ele></trkpt>
      <trkpt lat="51.453223" lon="-0.952066"><ele>43</ele></trkpt>
      <trkpt lat="51.453114" lon="-0.950819"><ele>43.5</ele></trkpt>
      <trkpt lat="51.453111" lon="-0.950777"><ele>43.5</ele></trkpt>
      <trkpt lat="51.453093" lon="-0.95053"><ele>43.5</ele></trkpt>
      <trkpt lat="51.453061" lon="-0.950051"><ele>43.75</ele></trkpt>
      <trkpt lat="51.452972" lon="-0.949312"><ele>44</ele></trkpt>
      <trkpt lat="51.452998" lon="-0.948989"><ele>44</ele></trkpt>
      <trkpt lat="51.453048" lon="-0.948723"><ele>44</ele></trkpt>
      <trkpt lat="51.453063" lon="-0.948659"><ele>43.75</ele></trkpt>
      <trkpt lat="51.453111" lon="-0.948478"><ele>43.75</ele></trkpt>
      <trkpt lat="51.453188" lon="-0.948137"><ele>43.5</ele></trkpt>
      <trkpt lat="51.453196" lon="-0.947976"><ele>43.25</ele></trkpt>
      <trkpt lat="51.453382" lon="-0.947314"><ele>43</ele></trkpt>
      <trkpt lat="51.453726" lon="-0.946153"><ele>43</ele></trkpt>
      <trkpt lat="51.453849" lon="-0.945753"><ele>43</ele></trkpt>
      <trkpt lat="51.453886" lon="-0.945628"><ele>43</ele></trkpt>
      <trkpt lat="51.453928" lon="-0.945489"><ele>43</ele></trkpt>
      <trkpt lat="51.453956" lon="-0.945385"><ele>43</ele></trkpt>
      <trkpt lat="51.454129" lon="-0.944735"><ele>43</ele></trkpt>
      <trkpt lat="51.454218" lon="-0.944324"><ele>43.5</ele></trkpt>
      <trkpt lat="51.454372" lon="-0.943518"><ele>43.75</ele></trkpt>
      <trkpt lat="51.454388" lon="-0.943447"><ele>43.5</ele></trkpt>
      <trkpt lat="51.454426" lon="-0.943286"><ele>43</ele></trkpt>
      <trkpt lat="51.454437" lon="-0.943236"><ele>43</ele></trkpt>
      <trkpt lat="51.454471" lon="-0.943114"><ele>43</ele></trkpt>
      <trkpt lat="51.454703" lon="-0.942133"><ele>42.5</ele></trkpt>
      <trkpt lat="51.454801" lon="-0.941596"><ele>42.25</ele></trkpt>
      <trkpt lat="51.454807" lon="-0.941564"><ele>42.25</ele></trkpt>
      <trkpt lat="51.454815" lon="-0.941534"><ele>42.25</ele></trkpt>
      <trkpt lat="51.454886" lon="-0.94113"><ele>42</ele></trkpt>
      <trkpt lat="51.45492" lon="-0.94089"><ele>42</ele></trkpt>
      <trkpt lat="51.454958" lon="-0.940544"><ele>42</ele></trkpt>
      <trkpt lat="51.455036" lon="-0.939719"><ele>43</ele></trkpt>
      <trkpt lat="51.45507" lon="-0.939387"><ele>43.5</ele></trkpt>
      <trkpt lat="51.455082" lon="-0.939255"><ele>43.5</ele></trkpt>
      <trkpt lat="51.455073" lon="-0.939048"><ele>43.5</ele></trkpt>
      <trkpt lat="51.455062" lon="-0.938962"><ele>43.75</ele></trkpt>
      <trkpt lat="51.455015" lon="-0.938632"><ele>43</ele></trkpt>
      <trkpt lat="51.454993" lon="-0.93856"><ele>43</ele></trkpt>
      <trkpt lat="51.454961" lon="-0.938415"><ele>43.25</ele></trkpt>
      <trkpt lat="51.454942" lon="-0.938227"><ele>43.25</ele></trkpt>
      <trkpt lat="51.454934" lon="-0.937942"><ele>43</ele></trkpt>
      <trkpt lat="51.454964" lon="-0.937647"><ele>43.25</ele></trkpt>
      <trkpt lat="51.454984" lon="-0.937517"><ele>43.25</ele></trkpt>
      <trkpt lat="51.455011" lon="-0.937419"><ele>43</ele></trkpt>
      <trkpt lat="51.455074" lon="-0.937275"><ele>43.25</ele></trkpt>
      <trkpt lat="51.455133" lon="-0.937183"><ele>43.5</ele></trkpt>
      <trkpt lat="51.455191" lon="-0.937117"><ele>43.75</ele></trkpt>
      <trkpt lat="51.455278" lon="-0.93709"><ele>44</ele></trkpt>
      <trkpt lat="51.455383" lon="-0.936941"><ele>44</ele></trkpt>
      <trkpt lat="51.455409" lon="-0.936892"><ele>44</ele></trkpt>
      <trkpt lat="51.455432" lon="-0.936823"><ele>44</ele></trkpt>
      <trkpt lat="51.455448" lon="-0.936743"><ele>44</ele></trkpt>
      <trkpt lat="51.455461" lon="-0.936482"><ele>44</ele></trkpt>
      <trkpt lat="51.45548" lon="-0.936273"><ele>44</ele></trkpt>
      <trkpt lat="51.45549" lon="-0.936193"><ele>44</ele></trkpt>
      <trkpt lat="51.45554" lon="-0.935879"><ele>44</ele></trkpt>
      <trkpt lat="51.455578" lon="-0.935687"><ele>43.75</ele></trkpt>
      <trkpt lat="51.455655" lon="-0.935372"><ele>44.25</ele></trkpt>
      <trkpt lat="51.455724" lon="-0.935141"><ele>44.75</ele></trkpt>
      <trkpt lat="51.455836" lon="-0.934825"><ele>44.75</ele></trkpt>
      <trkpt lat="51.455853" lon="-0.934786"><ele>44.75</ele></trkpt>
      <trkpt lat="51.45604" lon="-0.934379"><ele>45</ele></trkpt>
      <trkpt lat="51.456407" lon="-0.93376"><ele>44.75</ele></trkpt>
      <trkpt lat="51.456527" lon="-0.933567"><ele>44.5</ele></trkpt>
      <trkpt lat="51.45656" lon="-0.933504"><ele>44.75</ele></trkpt>
      <trkpt lat="51.456583" lon="-0.933443"><ele>44.75</ele></trkpt>
      <trkpt lat="51.456628" lon="-0.933267"><ele>44.75</ele></trkpt>
      <trkpt lat="51.456651" lon="-0.933087"><ele>44</ele></trkpt>
      <trkpt lat="51.456621" lon="-0.932796"><ele>44</ele></trkpt>
      <trkpt lat="51.456632" lon="-0.932671"><ele>44</ele></trkpt>
      <trkpt lat="51.456665" lon="-0.932575"><ele>44</ele></trkpt>
      <trkpt lat="51.456693" lon="-0.932521"><ele>44</ele></trkpt>
      <trkpt lat="51.456759" lon="-0.932438"><ele>44</ele></trkpt>
      <trkpt lat="51.45688" lon="-0.932319"><ele>44</ele></trkpt>
      <trkpt lat="51.456904" lon="-0.932163"><ele>44</ele></trkpt>
      <trkpt lat="51.456905" lon="-0.932043"><ele>44</ele></trkpt>
      <trkpt lat="51.456856" lon="-0.931622"><ele>44.25</ele></trkpt>
      <trkpt lat="51.456838" lon="-0.931421"><ele>44.25</ele></trkpt>
      <trkpt lat="51.456836" lon="-0.931361"><ele>44.25</ele></trkpt>
      <trkpt lat="51.45685" lon="-0.930975"><ele>44.25</ele></trkpt>
      <trkpt lat="51.456878" lon="-0.930703"><ele>44</ele></trkpt>
      <trkpt lat="51.456901" lon="-0.930557"><ele>44</ele></trkpt>
      <trkpt lat="51.457061" lon="-0.929861"><ele>45</ele></trkpt>
      <trkpt lat="51.457328" lon="-0.928776"><ele>47</ele></trkpt>
      <trkpt lat="51.457472" lon="-0.928161"><ele>48</ele></trkpt>
      <trkpt lat="51.457599" lon="-0.9276"><ele>49.5</ele></trkpt>
      <trkpt lat="51.457782" lon="-0.926745"><ele>51.5</ele></trkpt>
      <trkpt lat="51.458013" lon="-0.9256"><ele>54</ele></trkpt>
      <trkpt lat="51.458486" lon="-0.923121"><ele>60.75</ele></trkpt>
      <trkpt lat="51.458499" lon="-0.923052"><ele>61</ele></trkpt>
      <trkpt lat="51.458604" lon="-0.922522"><ele>61.75</ele></trkpt>
      <trkpt lat="51.458623" lon="-0.922448"><ele>61.75</ele></trkpt>
      <trkpt lat="51.458708" lon="-0.922197"><ele>62</ele></trkpt>
      <trkpt lat="51.45873" lon="-0.922095"><ele>62</ele></trkpt>
      <trkpt lat="51.458735" lon="-0.92202"><ele>62.25</ele></trkpt>
      <trkpt lat="51.458779" lon="-0.922052"><ele>62.25</ele></trkpt>
      <trkpt lat="51.458842" lon="-0.922134"><ele>62.25</ele></trkpt>
      <trkpt lat="51.458901" lon="-0.922046"><ele>62.5</ele></trkpt>
      <trkpt lat="51.458958" lon="-0.921986"><ele>62.75</ele></trkpt>
      <trkpt lat="51.459023" lon="-0.921959"><ele>62.75</ele></trkpt>
      <trkpt lat="51.459105" lon="-0.921873"><ele>63</ele></trkpt>
      <trkpt lat="51.459173" lon="-0.921758"><ele>62.75</ele></trkpt>
      <trkpt lat="51.459437" lon="-0.921287"><ele>63</ele></trkpt>
      <trkpt lat="51.459519" lon="-0.921162"><ele>63</ele></trkpt>
      <trkpt lat="51.459575" lon="-0.921067"><ele>63</ele></trkpt>
      <trkpt lat="51.459636" lon="-0.920959"><ele>63</ele></trkpt>
      <trkpt lat="51.459667" lon="-0.920901"><ele>63</ele></trkpt>
      <trkpt lat="51.459761" lon="-0.920703"><ele>62.75</ele></trkpt>
      <trkpt lat="51.459847" lon="-0.92047"><ele>63</ele></trkpt>
      <trkpt lat="51.459888" lon="-0.920336"><ele>63</ele></trkpt>
      <trkpt lat="51.459957" lon="-0.92005"><ele>63</ele></trkpt>
      <trkpt lat="51.460174" lon="-0.918857"><ele>63</ele></trkpt>
      <trkpt lat="51.460213" lon="-0.918606"><ele>63</ele></trkpt>
      <trkpt lat="51.460293" lon="-0.918351"><ele>62.5</ele></trkpt>
      <trkpt lat="51.460317" lon="-0.918291"><ele>62</ele></trkpt>
      <trkpt lat="51.460374" lon="-0.918186"><ele>61.5</ele></trkpt>
      <trkpt lat="51.460427" lon="-0.918109"><ele>61.5</ele></trkpt>
      <trkpt lat="51.460468" lon="-0.918069"><ele>61.5</ele></trkpt>
      <trkpt lat="51.460662" lon="-0.917921"><ele>61.75</ele></trkpt>
      <trkpt lat="51.460814" lon="-0.917817"><ele>62</ele></trkpt>
      <trkpt lat="51.46093" lon="-0.917749"><ele>62.25</ele></trkpt>
      <trkpt lat="51.461056" lon="-0.91769"><ele>62.5</ele></trkpt>
      <trkpt lat="51.461343" lon="-0.917587"><ele>63</ele></trkpt>
      <trkpt lat="51.461504" lon="-0.917515"><ele>63</ele></trkpt>
      <trkpt lat="51.461577" lon="-0.917468"><ele>62.75</ele></trkpt>
      <trkpt lat="51.461771" lon="-0.917311"><ele>63</ele></trkpt>
      <trkpt lat="51.461847" lon="-0.917239"><ele>62.75</ele></trkpt>
      <trkpt lat="51.461922" lon="-0.917149"><ele>63</ele></trkpt>
      <trkpt lat="51.462011" lon="-0.917011"><ele>63</ele></trkpt>
      <trkpt lat="51.462194" lon="-0.916744"><ele>62.25</ele></trkpt>
      <trkpt lat="51.462312" lon="-0.916504"><ele>62.25</ele></trkpt>
      <trkpt lat="51.462548" lon="-0.915986"><ele>62</ele></trkpt>
      <trkpt lat="51.462875" lon="-0.91527"><ele>62</ele></trkpt>
      <trkpt lat="51.462936" lon="-0.915132"><ele>62</ele></trkpt>
      <trkpt lat="51.463117" lon="-0.914727"><ele>62</ele></trkpt>
      <trkpt lat="51.463176" lon="-0.914602"><ele>62</ele></trkpt>
      <trkpt lat="51.463236" lon="-0.914471"><ele>62</ele></trkpt>
      <trkpt lat="51.463487" lon="-0.913908"><ele>62</ele></trkpt>
      <trkpt lat="51.463521" lon="-0.913832"><ele>62</ele></trkpt>
      <trkpt lat="51.464278" lon="-0.912202"><ele>61</ele></trkpt>
      <trkpt lat="51.465894" lon="-0.908652"><ele>60.75</ele></trkpt>
      <trkpt lat="51.466241" lon="-0.907933"><ele>60.25</ele></trkpt>
      <trkpt lat="51.466847" lon="-0.906764"><ele>59</ele></trkpt>
      <trkpt lat="51.467142" lon="-0.906176"><ele>58.25</ele></trkpt>
      <trkpt lat="51.467166" lon="-0.906128"><ele>58.25</ele></trkpt>
      <trkpt lat="51.467186" lon="-0.906089"><ele>58</ele></trkpt>
      <trkpt lat="51.467491" lon="-0.905477"><ele>57</ele></trkpt>
      <trkpt lat="51.467526" lon="-0.905343"><ele>56.75</ele></trkpt>
      <trkpt lat="51.467554" lon="-0.905172"><ele>56.5</ele></trkpt>
      <trkpt lat="51.467563" lon="-0.904972"><ele>56</ele></trkpt>
      <trkpt lat="51.46754" lon="-0.904831"><ele>56</ele></trkpt>
      <trkpt lat="51.467526" lon="-0.904635"><ele>55.75</ele></trkpt>
      <trkpt lat="51.467525" lon="-0.904515"><ele>55.25</ele></trkpt>
      <trkpt lat="51.467554" lon="-0.904397"><ele>55</ele></trkpt>
      <trkpt lat="51.467589" lon="-0.904317"><ele>55</ele></trkpt>
      <trkpt lat="51.467612" lon="-0.904287"><ele>55</ele></trkpt>
      <trkpt lat="51.467668" lon="-0.904255"><ele>55</ele></trkpt>
      <trkpt lat="51.46782" lon="-0.904213"><ele>55.25</ele></trkpt>
      <trkpt lat="51.467915" lon="-0.904209"><ele>55.5</ele></trkpt>
      <trkpt lat="51.468018" lon="-0.904103"><ele>55.75</ele></trkpt>
      <trkpt lat="51.468069" lon="-0.904022"><ele>55.75</ele></trkpt>
      <trkpt lat="51.468315" lon="-0.903465"><ele>55.25</ele></trkpt>
      <trkpt lat="51.468605" lon="-0.902802"><ele>55</ele></trkpt>
      <trkpt lat="51.468701" lon="-0.902583"><ele>55</ele></trkpt>
      <trkpt lat="51.469027" lon="-0.901785"><ele>55</ele></trkpt>
      <trkpt lat="51.469179" lon="-0.901396"><ele>54.75</ele></trkpt>
      <trkpt lat="51.469366" lon="-0.900908"><ele>54.75</ele></trkpt>
      <trkpt lat="51.469514" lon="-0.900489"><ele>54.5</ele></trkpt>
      <trkpt lat="51.470435" lon="-0.897792"><ele>53.75</ele></trkpt>
      <trkpt lat="51.470673" lon="-0.897122"><ele>53</ele></trkpt>
      <trkpt lat="51.47083" lon="-0.896707"><ele>53</ele></trkpt>
      <trkpt lat="51.471054" lon="-0.896203"><ele>53</ele></trkpt>
      <trkpt lat="51.471293" lon="-0.895708"><ele>53</ele></trkpt>
      <trkpt lat="51.471625" lon="-0.895115"><ele>53</ele></trkpt>
      <trkpt lat="51.471891" lon="-0.894734"><ele>52.75</ele></trkpt>
      <trkpt lat="51.472219" lon="-0.894292"><ele>51.75</ele></trkpt>
      <trkpt lat="51.473538" lon="-0.892584"><ele>48.5</ele></trkpt>
      <trkpt lat="51.474183" lon="-0.891786"><ele>45.75</ele></trkpt>
      <trkpt lat="51.474329" lon="-0.891618"><ele>45</ele></trkpt>
      <trkpt lat="51.474418" lon="-0.891497"><ele>44.25</ele></trkpt>
      <trkpt lat="51.474481" lon="-0.891364"><ele>43.75</ele></trkpt>
      <trkpt lat="51.474511" lon="-0.891267"><ele>43.75</ele></trkpt>
      <trkpt lat="51.474516" lon="-0.891228"><ele>43.75</ele></trkpt>
      <trkpt lat="51.474478" lon="-0.891"><ele>43.25</ele></trkpt>
      <trkpt lat="51.474463" lon="-0.890825"><ele>42.75</ele></trkpt>
      <trkpt lat="51.474446" lon="-0.890773"><ele>42.75</ele></trkpt>
      <trkpt lat="51.474414" lon="-0.890592"><ele>43</ele></trkpt>
      <trkpt lat="51.474411" lon="-0.890515"><ele>43</ele></trkpt>
      <trkpt lat="51.474416" lon="-0.890397"><ele>43</ele></trkpt>
      <trkpt lat="51.474486" lon="-0.890018"><ele>41.75</ele></trkpt>
      <trkpt lat="51.474676" lon="-0.889285"><ele>41</ele></trkpt>
      <trkpt lat="51.475212" lon="-0.887139"><ele>39</ele></trkpt>
      <trkpt lat="51.475265" lon="-0.886927"><ele>39</ele></trkpt>
      <trkpt lat="51.475288" lon="-0.886802"><ele>39</ele></trkpt>
      <trkpt lat="51.475812" lon="-0.885873"><ele>38</ele></trkpt>
      <trkpt lat="51.476126" lon="-0.885362"><ele>37.25</ele></trkpt>
      <trkpt lat="51.476208" lon="-0.88523"><ele>37</ele></trkpt>
      <trkpt lat="51.476437" lon="-0.884855"><ele>37</ele></trkpt>
      <trkpt lat="51.476886" lon="-0.884016"><ele>36.75</ele></trkpt>
      <trkpt lat="51.477045" lon="-0.883609"><ele>36.5</ele></trkpt>
      <trkpt lat="51.477376" lon="-0.882931"><ele>36</ele></trkpt>
      <trkpt lat="51.478132" lon="-0.88183"><ele>35.5</ele></trkpt>
      <trkpt lat="51.478531" lon="-0.881119"><ele>35</ele></trkpt>
      <trkpt lat="51.478579" lon="-0.881039"><ele>34.5</ele></trkpt>
      <trkpt lat="51.478674" lon="-0.880878"><ele>34.25</ele></trkpt>
      <trkpt lat="51.478841" lon="-0.880598"><ele>35.5</ele></trkpt>
      <trkpt lat="51.478962" lon="-0.880318"><ele>35</ele></trkpt>
      <trkpt lat="51.47905" lon="-0.879998"><ele>34.5</ele></trkpt>
      <trkpt lat="51.479076" lon="-0.879752"><ele>34.75</ele></trkpt>
      <trkpt lat="51.479077" lon="-0.879506"><ele>35</ele></trkpt>
      <trkpt lat="51.479056" lon="-0.87928"><ele>35</ele></trkpt>
      <trkpt lat="51.47902" lon="-0.879068"><ele>35</ele></trkpt>
      <trkpt lat="51.478912" lon="-0.878614"><ele>35.75</ele></trkpt>
      <trkpt lat="51.478737" lon="-0.878089"><ele>34.75</ele></trkpt>
      <trkpt lat="51.47859" lon="-0.877615"><ele>35.25</ele></trkpt>
      <trkpt lat="51.478503" lon="-0.877283"><ele>34.5</ele></trkpt>
      <trkpt lat="51.478472" lon="-0.87709"><ele>34.5</ele></trkpt>
      <trkpt lat="51.478456" lon="-0.876904"><ele>35</ele></trkpt>
      <trkpt lat="51.478386" lon="-0.876091"><ele>35.75</ele></trkpt>
      <trkpt lat="51.478329" lon="-0.875419"><ele>35.75</ele></trkpt>
      <trkpt lat="51.478326" lon="-0.875335"><ele>35.75</ele></trkpt>
      <trkpt lat="51.478303" lon="-0.874691"><ele>35.75</ele></trkpt>
      <trkpt lat="51.478232" lon="-0.873761"><ele>34.75</ele></trkpt>
      <trkpt lat="51.478192" lon="-0.873097"><ele>35.25</ele></trkpt>
      <trkpt lat="51.478182" lon="-0.872509"><ele>35.5</ele></trkpt>
      <trkpt lat="51.478162" lon="-0.872063"><ele>35</ele></trkpt>
      <trkpt lat="51.478141" lon="-0.87178"><ele>35.25</ele></trkpt>
      <trkpt lat="51.478051" lon="-0.871362"><ele>35</ele></trkpt>
      <trkpt lat="51.477988" lon="-0.871042"><ele>35.75</ele></trkpt>
      <trkpt lat="51.477778" lon="-0.870429"><ele>37</ele></trkpt>
      <trkpt lat="51.477742" lon="-0.870288"><ele>36.75</ele></trkpt>
      <trkpt lat="51.477662" lon="-0.869751"><ele>38.25</ele></trkpt>
      <trkpt lat="51.47763" lon="-0.869608"><ele>38.5</ele></trkpt>
      <trkpt lat="51.477531" lon="-0.869107"><ele>39.5</ele></trkpt>
      <trkpt lat="51.477501" lon="-0.868889"><ele>38.75</ele></trkpt>
      <trkpt lat="51.477473" lon="-0.868684"><ele>40.25</ele></trkpt>
      <trkpt lat="51.477446" lon="-0.868355"><ele>40.75</ele></trkpt>
      <trkpt lat="51.477421" lon="-0.868105"><ele>40.5</ele></trkpt>
      <trkpt lat="51.477398" lon="-0.867709"><ele>40.25</ele></trkpt>
      <trkpt lat="51.477386" lon="-0.867313"><ele>39.5</ele></trkpt>
      <trkpt lat="51.477395" lon="-0.867144"><ele>39.25</ele></trkpt>
      <trkpt lat="51.477449" lon="-0.866918"><ele>39</ele></trkpt>
      <trkpt lat="51.477468" lon="-0.866833"><ele>39</ele></trkpt>
      <trkpt lat="51.477367" lon="-0.866621"><ele>39</ele></trkpt>
      <trkpt lat="51.477211" lon="-0.866294"><ele>40</ele></trkpt>
      <trkpt lat="51.477142" lon="-0.866077"><ele>40.25</ele></trkpt>
      <trkpt lat="51.47709" lon="-0.865872"><ele>40.25</ele></trkpt>
      <trkpt lat="51.476752" lon="-0.865409"><ele>41.5</ele></trkpt>
      <trkpt lat="51.476263" lon="-0.864963"><ele>42</ele></trkpt>
      <trkpt lat="51.476181" lon="-0.864901"><ele>42</ele></trkpt>
      <trkpt lat="51.475537" lon="-0.864404"><ele>42</ele></trkpt>
      <trkpt lat="51.475508" lon="-0.864354"><ele>42.25</ele></trkpt>
      <trkpt lat="51.475495" lon="-0.864281"><ele>42.25</ele></trkpt>
      <trkpt lat="51.475503" lon="-0.864174"><ele>42.75</ele></trkpt>
      <trkpt lat="51.475536" lon="-0.864011"><ele>42.75</ele></trkpt>
      <trkpt lat="51.475567" lon="-0.8639"><ele>43</ele></trkpt>
      <trkpt lat="51.475615" lon="-0.863793"><ele>43</ele></trkpt>
      <trkpt lat="51.475717" lon="-0.863622"><ele>43.5</ele></trkpt>
      <trkpt lat="51.475576" lon="-0.8635"><ele>43</ele></trkpt>
      <trkpt lat="51.475576" lon="-0.863462"><ele>43</ele></trkpt>
      <trkpt lat="51.475603" lon="-0.863374"><ele>43</ele></trkpt>
      <trkpt lat="51.47562" lon="-0.863316"><ele>43</ele></trkpt>
      <trkpt lat="51.475563" lon="-0.863273"><ele>43</ele></trkpt>
      <trkpt lat="51.475554" lon="-0.863308"><ele>42.75</ele></trkpt>
      <trkpt lat="51.475563" lon="-0.863273"><ele>43</ele></trkpt>
      <trkpt lat="51.47562" lon="-0.863316"><ele>43</ele></trkpt>
      <trkpt lat="51.475674" lon="-0.863355"><ele>43.25</ele></trkpt>
      <trkpt lat="51.475746" lon="-0.863357"><ele>43.5</ele></trkpt>
      <trkpt lat="51.475631" lon="-0.863193"><ele>43.25</ele></trkpt>
      <trkpt lat="51.476116" lon="-0.861758"><ele>47.25</ele></trkpt>
      <trkpt lat="51.476179" lon="-0.861629"><ele>47</ele></trkpt>
      <trkpt lat="51.476165" lon="-0.861598"><ele>46.75</ele></trkpt>
      <trkpt lat="51.475923" lon="-0.861038"><ele>46.5</ele></trkpt>
      <trkpt lat="51.475866" lon="-0.8609"><ele>48.75</ele></trkpt>
      <trkpt lat="51.475786" lon="-0.86057"><ele>50.75</ele></trkpt>
      <trkpt lat="51.475756" lon="-0.860447"><ele>50.75</ele></trkpt>
      <trkpt lat="51.476246" lon="-0.855482"><ele>51.25</ele></trkpt>
      <trkpt lat="51.476596" lon="-0.855385"><ele>51</ele></trkpt>
      <trkpt lat="51.477454" lon="-0.855029"><ele>51.5</ele></trkpt>
      <trkpt lat="51.477644" lon="-0.85502"><ele>51.75</ele></trkpt>
      <trkpt lat="51.477763" lon="-0.855012"><ele>51.75</ele></trkpt>
      <trkpt lat="51.477829" lon="-0.855036"><ele>49.75</ele></trkpt>
      <trkpt lat="51.477893" lon="-0.855083"><ele>47.5</ele></trkpt>
      <trkpt lat="51.478145" lon="-0.855308"><ele>45.5</ele></trkpt>
      <trkpt lat="51.47826" lon="-0.855375"><ele>48.25</ele></trkpt>
      <trkpt lat="51.47834" lon="-0.855379"><ele>49.5</ele></trkpt>
      <trkpt lat="51.478772" lon="-0.85509"><ele>50.75</ele></trkpt>
      <trkpt lat="51.478954" lon="-0.855067"><ele>50.5</ele></trkpt>
      <trkpt lat="51.479225" lon="-0.855098"><ele>50.5</ele></trkpt>
      <trkpt lat="51.479451" lon="-0.855084"><ele>50.5</ele></trkpt>
      <trkpt lat="51.479672" lon="-0.855087"><ele>50.5</ele></trkpt>
      <trkpt lat="51.479766" lon="-0.854963"><ele>51</ele></trkpt>
      <trkpt lat="51.479846" lon="-0.854753"><ele>51</ele></trkpt>
      <trkpt lat="51.479907" lon="-0.854431"><ele>51</ele></trkpt>
      <trkpt lat="51.47993" lon="-0.854299"><ele>51</ele></trkpt>
      <trkpt lat="51.479917" lon="-0.854116"><ele>51</ele></trkpt>
      <trkpt lat="51.479921" lon="-0.853977"><ele>51</ele></trkpt>
      <trkpt lat="51.479943" lon="-0.853795"><ele>51</ele></trkpt>
      <trkpt lat="51.479997" lon="-0.853547"><ele>51</ele></trkpt>
      <trkpt lat="51.480061" lon="-0.853379"><ele>51</ele></trkpt>
      <trkpt lat="51.480152" lon="-0.853201"><ele>50.75</ele></trkpt>
      <trkpt lat="51.480302" lon="-0.852998"><ele>50.75</ele></trkpt>
      <trkpt lat="51.480449" lon="-0.852878"><ele>51</ele></trkpt>
      <trkpt lat="51.480772" lon="-0.852757"><ele>50.75</ele></trkpt>
      <trkpt lat="51.480921" lon="-0.852683"><ele>50.25</ele></trkpt>
      <trkpt lat="51.481023" lon="-0.852603"><ele>50</ele></trkpt>
      <trkpt lat="51.481166" lon="-0.852473"><ele>50</ele></trkpt>
      <trkpt lat="51.481343" lon="-0.852214"><ele>49.75</ele></trkpt>
      <trkpt lat="51.481451" lon="-0.85192"><ele>49.75</ele></trkpt>
      <trkpt lat="51.481589" lon="-0.851369"><ele>48.75</ele></trkpt>
      <trkpt lat="51.481662" lon="-0.851104"><ele>48.75</ele></trkpt>
      <trkpt lat="51.481782" lon="-0.851088"><ele>49</ele></trkpt>
      <trkpt lat="51.482039" lon="-0.850944"><ele>49</ele></trkpt>
      <trkpt lat="51.482374" lon="-0.85078"><ele>48.75</ele></trkpt>
      <trkpt lat="51.482974" lon="-0.850114"><ele>46.5</ele></trkpt>
      <trkpt lat="51.48314" lon="-0.849963"><ele>46.5</ele></trkpt>
      <trkpt lat="51.483427" lon="-0.849705"><ele>45.5</ele></trkpt>
      <trkpt lat="51.483822" lon="-0.849511"><ele>44.25</ele></trkpt>
      <trkpt lat="51.484476" lon="-0.8495"><ele>44.75</ele></trkpt>
      <trkpt lat="51.48489" lon="-0.849458"><ele>44</ele></trkpt>
      <trkpt lat="51.485491" lon="-0.849244"><ele>44</ele></trkpt>
      <trkpt lat="51.485698" lon="-0.849104"><ele>43.75</ele></trkpt>
      <trkpt lat="51.485919" lon="-0.848772"><ele>43.5</ele></trkpt>
      <trkpt lat="51.487069" lon="-0.846459"><ele>44</ele></trkpt>
      <trkpt lat="51.488" lon="-0.844675"><ele>46</ele></trkpt>
      <trkpt lat="51.488103" lon="-0.844403"><ele>47.25</ele></trkpt>
      <trkpt lat="51.488173" lon="-0.844137"><ele>48</ele></trkpt>
      <trkpt lat="51.4882" lon="-0.843972"><ele>48.25</ele></trkpt>
      <trkpt lat="51.488288" lon="-0.843426"><ele>49</ele></trkpt>
      <trkpt lat="51.488377" lon="-0.842971"><ele>49.25</ele></trkpt>
      <trkpt lat="51.488397" lon="-0.842881"><ele>49.5</ele></trkpt>
      <trkpt lat="51.488425" lon="-0.842838"><ele>49.75</ele></trkpt>
      <trkpt lat="51.489269" lon="-0.842222"><ele>50</ele></trkpt>
      <trkpt lat="51.489711" lon="-0.841971"><ele>50.75</ele></trkpt>
      <trkpt lat="51.490456" lon="-0.841454"><ele>51</ele></trkpt>
      <trkpt lat="51.491312" lon="-0.840344"><ele>52.5</ele></trkpt>
      <trkpt lat="51.491995" lon="-0.839973"><ele>54</ele></trkpt>
      <trkpt lat="51.492413" lon="-0.83966"><ele>56.25</ele></trkpt>
      <trkpt lat="51.492945" lon="-0.83923"><ele>58.5</ele></trkpt>
      <trkpt lat="51.493626" lon="-0.838163"><ele>59.25</ele></trkpt>
      <trkpt lat="51.4937" lon="-0.838047"><ele>59.25</ele></trkpt>
      <trkpt lat="51.49389" lon="-0.837749"><ele>59.75</ele></trkpt>
      <trkpt lat="51.494771" lon="-0.83569"><ele>59.25</ele></trkpt>
      <trkpt lat="51.495343" lon="-0.833964"><ele>60</ele></trkpt>
      <trkpt lat="51.495653" lon="-0.833029"><ele>59.25</ele></trkpt>
      <trkpt lat="51.495708" lon="-0.832825"><ele>59</ele></trkpt>
      <trkpt lat="51.495739" lon="-0.832718"><ele>58.75</ele></trkpt>
      <trkpt lat="51.495921" lon="-0.832084"><ele>57.75</ele></trkpt>
      <trkpt lat="51.496188" lon="-0.831141"><ele>55.25</ele></trkpt>
      <trkpt lat="51.496587" lon="-0.830679"><ele>55</ele></trkpt>
      <trkpt lat="51.496866" lon="-0.830406"><ele>55</ele></trkpt>
      <trkpt lat="51.497222" lon="-0.830184"><ele>55.5</ele></trkpt>
      <trkpt lat="51.497588" lon="-0.830032"><ele>55.25</ele></trkpt>
      <trkpt lat="51.498233" lon="-0.829959"><ele>56.25</ele></trkpt>
      <trkpt lat="51.498402" lon="-0.829853"><ele>56.75</ele></trkpt>
      <trkpt lat="51.498894" lon="-0.829287"><ele>58</ele></trkpt>
      <trkpt lat="51.499188" lon="-0.829103"><ele>59</ele></trkpt>
      <trkpt lat="51.499306" lon="-0.829078"><ele>59.5</ele></trkpt>
      <trkpt lat="51.49965" lon="-0.828148"><ele>59</ele></trkpt>
      <trkpt lat="51.499773" lon="-0.82785"><ele>59</ele></trkpt>
      <trkpt lat="51.499866" lon="-0.827651"><ele>58.75</ele></trkpt>
      <trkpt lat="51.500041" lon="-0.827316"><ele>59</ele></trkpt>
      <trkpt lat="51.500447" lon="-0.826594"><ele>58.5</ele></trkpt>
      <trkpt lat="51.500528" lon="-0.826433"><ele>58.75</ele></trkpt>
      <trkpt lat="51.500824" lon="-0.825783"><ele>59</ele></trkpt>
      <trkpt lat="51.501233" lon="-0.824705"><ele>59.75</ele></trkpt>
      <trkpt lat="51.501598" lon="-0.823753"><ele>59</ele></trkpt>
      <trkpt lat="51.501686" lon="-0.823519"><ele>59</ele></trkpt>
      <trkpt lat="51.501821" lon="-0.823168"><ele>59</ele></trkpt>
      <trkpt lat="51.501987" lon="-0.822771"><ele>58.75</ele></trkpt>
      <trkpt lat="51.502183" lon="-0.822365"><ele>58</ele></trkpt>
      <trkpt lat="51.502317" lon="-0.822127"><ele>58</ele></trkpt>
      <trkpt lat="51.502556" lon="-0.821768"><ele>57.75</ele></trkpt>
      <trkpt lat="51.502665" lon="-0.821633"><ele>57.75</ele></trkpt>
      <trkpt lat="51.502837" lon="-0.821439"><ele>57.75</ele></trkpt>
      <trkpt lat="51.502937" lon="-0.821345"><ele>58</ele></trkpt>
      <trkpt lat="51.503088" lon="-0.821215"><ele>58</ele></trkpt>
      <trkpt lat="51.503284" lon="-0.821069"><ele>58.75</ele></trkpt>
      <trkpt lat="51.503471" lon="-0.820951"><ele>59.25</ele></trkpt>
      <trkpt lat="51.503737" lon="-0.820813"><ele>60</ele></trkpt>
      <trkpt lat="51.503803" lon="-0.820778"><ele>60</ele></trkpt>
      <trkpt lat="51.5039" lon="-0.820727"><ele>60.25</ele></trkpt>
      <trkpt lat="51.504123" lon="-0.820584"><ele>60.75</ele></trkpt>
      <trkpt lat="51.504381" lon="-0.820387"><ele>62</ele></trkpt>
      <trkpt lat="51.504779" lon="-0.820021"><ele>63.75</ele></trkpt>
      <trkpt lat="51.505019" lon="-0.819773"><ele>66.25</ele></trkpt>
      <trkpt lat="51.505203" lon="-0.819569"><ele>66.75</ele></trkpt>
      <trkpt lat="51.50533" lon="-0.819416"><ele>66.25</ele></trkpt>
      <trkpt lat="51.505475" lon="-0.819219"><ele>66.75</ele></trkpt>
      <trkpt lat="51.505505" lon="-0.819179"><ele>66.75</ele></trkpt>
      <trkpt lat="51.505574" lon="-0.819083"><ele>66.25</ele></trkpt>
      <trkpt lat="51.50652" lon="-0.817811"><ele>63.25</ele></trkpt>
      <trkpt lat="51.506636" lon="-0.817669"><ele>63.75</ele></trkpt>
      <trkpt lat="51.507118" lon="-0.816978"><ele>64.75</ele></trkpt>
      <trkpt lat="51.507654" lon="-0.816121"><ele>65.75</ele></trkpt>
      <trkpt lat="51.507996" lon="-0.815551"><ele>66.75</ele></trkpt>
      <trkpt lat="51.508085" lon="-0.815402"><ele>66.75</ele></trkpt>
      <trkpt lat="51.508294" lon="-0.815035"><ele>67.25</ele></trkpt>
      <trkpt lat="51.508388" lon="-0.81496"><ele>67</ele></trkpt>
      <trkpt lat="51.508727" lon="-0.814367"><ele>67.75</ele></trkpt>
      <trkpt lat="51.508969" lon="-0.81395"><ele>67.5</ele></trkpt>
      <trkpt lat="51.509177" lon="-0.813616"><ele>67.75</ele></trkpt>
      <trkpt lat="51.509369" lon="-0.813329"><ele>68</ele></trkpt>
      <trkpt lat="51.509582" lon="-0.813044"><ele>67.5</ele></trkpt>
      <trkpt lat="51.50969" lon="-0.812916"><ele>67.5</ele></trkpt>
      <trkpt lat="51.509846" lon="-0.812711"><ele>67.5</ele></trkpt>
      <trkpt lat="51.510252" lon="-0.812206"><ele>67</ele></trkpt>
      <trkpt lat="51.510301" lon="-0.812068"><ele>66.75</ele></trkpt>
      <trkpt lat="51.510693" lon="-0.811637"><ele>66.25</ele></trkpt>
      <trkpt lat="51.511973" lon="-0.810306"><ele>66.75</ele></trkpt>
      <trkpt lat="51.51235" lon="-0.80989"><ele>67.75</ele></trkpt>
      <trkpt lat="51.512527" lon="-0.809688"><ele>69</ele></trkpt>
      <trkpt lat="51.512647" lon="-0.809538"><ele>69.5</ele></trkpt>
      <trkpt lat="51.512929" lon="-0.809165"><ele>71</ele></trkpt>
      <trkpt lat="51.513117" lon="-0.808878"><ele>71</ele></trkpt>
      <trkpt lat="51.513243" lon="-0.808676"><ele>71</ele></trkpt>
      <trkpt lat="51.513399" lon="-0.808405"><ele>71</ele></trkpt>
      <trkpt lat="51.513632" lon="-0.807958"><ele>71</ele></trkpt>
      <trkpt lat="51.513723" lon="-0.807766"><ele>70.75</ele></trkpt>
      <trkpt lat="51.513915" lon="-0.807313"><ele>71</ele></trkpt>
      <trkpt lat="51.514035" lon="-0.806998"><ele>71.5</ele></trkpt>
      <trkpt lat="51.51418" lon="-0.806569"><ele>71.5</ele></trkpt>
      <trkpt lat="51.514342" lon="-0.806023"><ele>70.5</ele></trkpt>
      <trkpt lat="51.5144" lon="-0.805793"><ele>70.75</ele></trkpt>
      <trkpt lat="51.51448" lon="-0.805457"><ele>71.25</ele></trkpt>
      <trkpt lat="51.514555" lon="-0.805102"><ele>70.75</ele></trkpt>
      <trkpt lat="51.514629" lon="-0.804692"><ele>71.5</ele></trkpt>
      <trkpt lat="51.514682" lon="-0.804319"><ele>71.75</ele></trkpt>
      <trkpt lat="51.514729" lon="-0.803917"><ele>71</ele></trkpt>
      <trkpt lat="51.514766" lon="-0.803652"><ele>71</ele></trkpt>
      <trkpt lat="51.51478" lon="-0.803553"><ele>70.75</ele></trkpt>
      <trkpt lat="51.51475" lon="-0.803517"><ele>70.75</ele></trkpt>
      <trkpt lat="51.514743" lon="-0.803459"><ele>70.75</ele></trkpt>
      <trkpt lat="51.514756" lon="-0.803418"><ele>70.75</ele></trkpt>
      <trkpt lat="51.514789" lon="-0.803392"><ele>70.75</ele></trkpt>
      <trkpt lat="51.514789" lon="-0.803293"><ele>70.5</ele></trkpt>
      <trkpt lat="51.514789" lon="-0.803093"><ele>70</ele></trkpt>
      <trkpt lat="51.514839" lon="-0.801315"><ele>67.25</ele></trkpt>
      <trkpt lat="51.514897" lon="-0.799918"><ele>66</ele></trkpt>
      <trkpt lat="51.515003" lon="-0.797775"><ele>63.75</ele></trkpt>
      <trkpt lat="51.51502" lon="-0.797436"><ele>63.75</ele></trkpt>
      <trkpt lat="51.515033" lon="-0.797058"><ele>63.75</ele></trkpt>
      <trkpt lat="51.515079" lon="-0.795913"><ele>63</ele></trkpt>
      <trkpt lat="51.515137" lon="-0.794474"><ele>63</ele></trkpt>
      <trkpt lat="51.515155" lon="-0.794079"><ele>62.25</ele></trkpt>
      <trkpt lat="51.515203" lon="-0.792704"><ele>61.5</ele></trkpt>
      <trkpt lat="51.515225" lon="-0.792152"><ele>61</ele></trkpt>
      <trkpt lat="51.515274" lon="-0.791225"><ele>60.25</ele></trkpt>
      <trkpt lat="51.51528" lon="-0.791124"><ele>60</ele></trkpt>
      <trkpt lat="51.515406" lon="-0.789014"><ele>58.25</ele></trkpt>
      <trkpt lat="51.515462" lon="-0.788132"><ele>57.75</ele></trkpt>
      <trkpt lat="51.515488" lon="-0.787644"><ele>57.25</ele></trkpt>
      <trkpt lat="51.515504" lon="-0.787313"><ele>57</ele></trkpt>
      <trkpt lat="51.51553" lon="-0.786716"><ele>56</ele></trkpt>
      <trkpt lat="51.515587" lon="-0.785312"><ele>54</ele></trkpt>
      <trkpt lat="51.5156" lon="-0.784838"><ele>54</ele></trkpt>
      <trkpt lat="51.515609" lon="-0.783938"><ele>53</ele></trkpt>
      <trkpt lat="51.515598" lon="-0.783756"><ele>53</ele></trkpt>
      <trkpt lat="51.515557" lon="-0.783431"><ele>52.25</ele></trkpt>
      <trkpt lat="51.515487" lon="-0.783091"><ele>52</ele></trkpt>
      <trkpt lat="51.515385" lon="-0.782711"><ele>51.75</ele></trkpt>
      <trkpt lat="51.515384" lon="-0.782489"><ele>51.25</ele></trkpt>
      <trkpt lat="51.515389" lon="-0.78237"><ele>51</ele></trkpt>
      <trkpt lat="51.515406" lon="-0.782211"><ele>51</ele></trkpt>
      <trkpt lat="51.515446" lon="-0.782131"><ele>51</ele></trkpt>
      <trkpt lat="51.515465" lon="-0.782034"><ele>51</ele></trkpt>
      <trkpt lat="51.515464" lon="-0.781953"><ele>51</ele></trkpt>
      <trkpt lat="51.51549" lon="-0.781802"><ele>50.5</ele></trkpt>
      <trkpt lat="51.515519" lon="-0.781404"><ele>50</ele></trkpt>
      <trkpt lat="51.515607" lon="-0.780884"><ele>48.75</ele></trkpt>
      <trkpt lat="51.515682" lon="-0.780297"><ele>48.5</ele></trkpt>
      <trkpt lat="51.515734" lon="-0.779828"><ele>47</ele></trkpt>
      <trkpt lat="51.51578" lon="-0.779455"><ele>47</ele></trkpt>
      <trkpt lat="51.515812" lon="-0.77918"><ele>47</ele></trkpt>
      <trkpt lat="51.516078" lon="-0.777304"><ele>45.75</ele></trkpt>
      <trkpt lat="51.516108" lon="-0.777101"><ele>45.75</ele></trkpt>
      <trkpt lat="51.516212" lon="-0.776448"><ele>46.25</ele></trkpt>
      <trkpt lat="51.51625" lon="-0.776237"><ele>46.5</ele></trkpt>
      <trkpt lat="51.516269" lon="-0.776136"><ele>46.5</ele></trkpt>
      <trkpt lat="51.516305" lon="-0.775941"><ele>46.5</ele></trkpt>
      <trkpt lat="51.516342" lon="-0.775749"><ele>47</ele></trkpt>
      <trkpt lat="51.516591" lon="-0.774582"><ele>48.5</ele></trkpt>
      <trkpt lat="51.516661" lon="-0.774251"><ele>48.75</ele></trkpt>
      <trkpt lat="51.516705" lon="-0.774047"><ele>49.25</ele></trkpt>
      <trkpt lat="51.516851" lon="-0.773365"><ele>49.75</ele></trkpt>
      <trkpt lat="51.517883" lon="-0.76848"><ele>51</ele></trkpt>
      <trkpt lat="51.518256" lon="-0.766686"><ele>50.5</ele></trkpt>
      <trkpt lat="51.518277" lon="-0.766425"><ele>50.75</ele></trkpt>
      <trkpt lat="51.518303" lon="-0.766265"><ele>50.75</ele></trkpt>
      <trkpt lat="51.518423" lon="-0.765611"><ele>50.25</ele></trkpt>
      <trkpt lat="51.518434" lon="-0.765528"><ele>50.25</ele></trkpt>
      <trkpt lat="51.518441" lon="-0.765353"><ele>50.25</ele></trkpt>
      <trkpt lat="51.518434" lon="-0.765222"><ele>50.25</ele></trkpt>
      <trkpt lat="51.518404" lon="-0.764968"><ele>50.5</ele></trkpt>
      <trkpt lat="51.518388" lon="-0.764824"><ele>50.25</ele></trkpt>
      <trkpt lat="51.518386" lon="-0.76469"><ele>49.75</ele></trkpt>
      <trkpt lat="51.518399" lon="-0.764509"><ele>48.25</ele></trkpt>
      <trkpt lat="51.518412" lon="-0.764425"><ele>48.5</ele></trkpt>
      <trkpt lat="51.518456" lon="-0.764245"><ele>49.5</ele></trkpt>
      <trkpt lat="51.518517" lon="-0.764051"><ele>50.5</ele></trkpt>
      <trkpt lat="51.518602" lon="-0.76384"><ele>50.75</ele></trkpt>
      <trkpt lat="51.518668" lon="-0.763725"><ele>50.75</ele></trkpt>
      <trkpt lat="51.518722" lon="-0.76369"><ele>50.75</ele></trkpt>
      <trkpt lat="51.518787" lon="-0.76362"><ele>50.75</ele></trkpt>
      <trkpt lat="51.518871" lon="-0.763506"><ele>50.75</ele></trkpt>
      <trkpt lat="51.518923" lon="-0.763389"><ele>50.75</ele></trkpt>
      <trkpt lat="51.518959" lon="-0.763262"><ele>50.75</ele></trkpt>
      <trkpt lat="51.519051" lon="-0.762811"><ele>50</ele></trkpt>
      <trkpt lat="51.51907" lon="-0.762688"><ele>50</ele></trkpt>
      <trkpt lat="51.519074" lon="-0.762546"><ele>50</ele></trkpt>
      <trkpt lat="51.519065" lon="-0.762414"><ele>50</ele></trkpt>
      <trkpt lat="51.519051" lon="-0.762335"><ele>50</ele></trkpt>
      <trkpt lat="51.519055" lon="-0.762258"><ele>50</ele></trkpt>
      <trkpt lat="51.519063" lon="-0.762221"><ele>50</ele></trkpt>
      <trkpt lat="51.51909" lon="-0.762156"><ele>50</ele></trkpt>
      <trkpt lat="51.519109" lon="-0.762131"><ele>50</ele></trkpt>
      <trkpt lat="51.519129" lon="-0.762111"><ele>49.75</ele></trkpt>
      <trkpt lat="51.519198" lon="-0.761957"><ele>50</ele></trkpt>
      <trkpt lat="51.519289" lon="-0.761668"><ele>50</ele></trkpt>
      <trkpt lat="51.519307" lon="-0.760763"><ele>49</ele></trkpt>
      <trkpt lat="51.519301" lon="-0.760252"><ele>48.75</ele></trkpt>
      <trkpt lat="51.519296" lon="-0.759842"><ele>48.25</ele></trkpt>
      <trkpt lat="51.519289" lon="-0.759109"><ele>47.75</ele></trkpt>
      <trkpt lat="51.51927" lon="-0.758412"><ele>47</ele></trkpt>
      <trkpt lat="51.519273" lon="-0.757475"><ele>46</ele></trkpt>
      <trkpt lat="51.51928" lon="-0.756573"><ele>45</ele></trkpt>
      <trkpt lat="51.519215" lon="-0.755439"><ele>44</ele></trkpt>
      <trkpt lat="51.51921" lon="-0.7552"><ele>43.75</ele></trkpt>
      <trkpt lat="51.5192" lon="-0.75477"><ele>43</ele></trkpt>
      <trkpt lat="51.51921" lon="-0.754329"><ele>43</ele></trkpt>
      <trkpt lat="51.519231" lon="-0.753865"><ele>42</ele></trkpt>
      <trkpt lat="51.519232" lon="-0.753444"><ele>42</ele></trkpt>
      <trkpt lat="51.519183" lon="-0.752732"><ele>41</ele></trkpt>
      <trkpt lat="51.519073" lon="-0.751932"><ele>41</ele></trkpt>
      <trkpt lat="51.518888" lon="-0.75043"><ele>40</ele></trkpt>
      <trkpt lat="51.51885" lon="-0.750159"><ele>40.25</ele></trkpt>
      <trkpt lat="51.518842" lon="-0.750088"><ele>40.25</ele></trkpt>
      <trkpt lat="51.51889" lon="-0.750074"><ele>40</ele></trkpt>
      <trkpt lat="51.51888" lon="-0.749272"><ele>40</ele></trkpt>
      <trkpt lat="51.519019" lon="-0.748075"><ele>40</ele></trkpt>
      <trkpt lat="51.519111" lon="-0.746967"><ele>39</ele></trkpt>
      <trkpt lat="51.519269" lon="-0.746416"><ele>40.75</ele></trkpt>
      <trkpt lat="51.519278" lon="-0.746382"><ele>41</ele></trkpt>
      <trkpt lat="51.519369" lon="-0.746064"><ele>41.75</ele></trkpt>
      <trkpt lat="51.51935" lon="-0.74591"><ele>42</ele></trkpt>
      <trkpt lat="51.519746" lon="-0.744863"><ele>46.5</ele></trkpt>
      <trkpt lat="51.519862" lon="-0.744472"><ele>48.75</ele></trkpt>
      <trkpt lat="51.519921" lon="-0.744272"><ele>49.25</ele></trkpt>
      <trkpt lat="51.519946" lon="-0.744086"><ele>49.25</ele></trkpt>
      <trkpt lat="51.520015" lon="-0.743656"><ele>49.75</ele></trkpt>
      <trkpt lat="51.520095" lon="-0.743225"><ele>51</ele></trkpt>
      <trkpt lat="51.520161" lon="-0.742872"><ele>51</ele></trkpt>
      <trkpt lat="51.520183" lon="-0.742753"><ele>51</ele></trkpt>
      <trkpt lat="51.520291" lon="-0.742204"><ele>52</ele></trkpt>
      <trkpt lat="51.520425" lon="-0.741592"><ele>52</ele></trkpt>
      <trkpt lat="51.520466" lon="-0.741437"><ele>52</ele></trkpt>
      <trkpt lat="51.520555" lon="-0.741106"><ele>52</ele></trkpt>
      <trkpt lat="51.520681" lon="-0.740634"><ele>52</ele></trkpt>
      <trkpt lat="51.520708" lon="-0.740531"><ele>51.75</ele></trkpt>
      <trkpt lat="51.520982" lon="-0.739586"><ele>50</ele></trkpt>
      <trkpt lat="51.521166" lon="-0.738844"><ele>49.75</ele></trkpt>
      <trkpt lat="51.521278" lon="-0.738349"><ele>49</ele></trkpt>
      <trkpt lat="51.521426" lon="-0.737663"><ele>49.75</ele></trkpt>
      <trkpt lat="51.521693" lon="-0.736372"><ele>50</ele></trkpt>
      <trkpt lat="51.521769" lon="-0.736002"><ele>50</ele></trkpt>
      <trkpt lat="51.521774" lon="-0.735979"><ele>50</ele></trkpt>
      <trkpt lat="51.52199" lon="-0.734813"><ele>50</ele></trkpt>
      <trkpt lat="51.52201" lon="-0.734703"><ele>50.25</ele></trkpt>
      <trkpt lat="51.522085" lon="-0.734298"><ele>51</ele></trkpt>
      <trkpt lat="51.522094" lon="-0.73425"><ele>51</ele></trkpt>
      <trkpt lat="51.522115" lon="-0.734123"><ele>50.75</ele></trkpt>
      <trkpt lat="51.522243" lon="-0.733457"><ele>51</ele></trkpt>
      <trkpt lat="51.5223" lon="-0.733302"><ele>51</ele></trkpt>
      <trkpt lat="51.522317" lon="-0.733132"><ele>51</ele></trkpt>
      <trkpt lat="51.522482" lon="-0.732208"><ele>50</ele></trkpt>
      <trkpt lat="51.522432" lon="-0.73219"><ele>50</ele></trkpt>
      <trkpt lat="51.522423" lon="-0.731967"><ele>50.25</ele></trkpt>
      <trkpt lat="51.522397" lon="-0.731859"><ele>50</ele></trkpt>
      <trkpt lat="51.522331" lon="-0.731687"><ele>49.5</ele></trkpt>
      <trkpt lat="51.522291" lon="-0.731666"><ele>49.75</ele></trkpt>
      <trkpt lat="51.521756" lon="-0.731222"><ele>49.75</ele></trkpt>
      <trkpt lat="51.521567" lon="-0.731065"><ele>49.75</ele></trkpt>
      <trkpt lat="51.521375" lon="-0.73091"><ele>49.75</ele></trkpt>
      <trkpt lat="51.521342" lon="-0.730882"><ele>49.75</ele></trkpt>
      <trkpt lat="51.521184" lon="-0.730724"><ele>48.75</ele></trkpt>
      <trkpt lat="51.521065" lon="-0.730594"><ele>47.75</ele></trkpt>
      <trkpt lat="51.520966" lon="-0.730485"><ele>47.25</ele></trkpt>
      <trkpt lat="51.520867" lon="-0.730377"><ele>46.5</ele></trkpt>
      <trkpt lat="51.520732" lon="-0.730178"><ele>45.25</ele></trkpt>
      <trkpt lat="51.520647" lon="-0.730022"><ele>44</ele></trkpt>
      <trkpt lat="51.520587" lon="-0.729822"><ele>43.25</ele></trkpt>
      <trkpt lat="51.520576" lon="-0.729702"><ele>43</ele></trkpt>
      <trkpt lat="51.520593" lon="-0.729369"><ele>41</ele></trkpt>
      <trkpt lat="51.520625" lon="-0.729128"><ele>38.5</ele></trkpt>
      <trkpt lat="51.520638" lon="-0.728886"><ele>39</ele></trkpt>
      <trkpt lat="51.520644" lon="-0.728706"><ele>40.5</ele></trkpt>
      <trkpt lat="51.520631" lon="-0.7286"><ele>41.25</ele></trkpt>
      <trkpt lat="51.520581" lon="-0.728457"><ele>41</ele></trkpt>
      <trkpt lat="51.520471" lon="-0.7283"><ele>40.5</ele></trkpt>
      <trkpt lat="51.520324" lon="-0.72813"><ele>39.5</ele></trkpt>
      <trkpt lat="51.520017" lon="-0.727869"><ele>37.25</ele></trkpt>
      <trkpt lat="51.519932" lon="-0.727786"><ele>36.5</ele></trkpt>
      <trkpt lat="51.51966" lon="-0.727479"><ele>34.5</ele></trkpt>
      <trkpt lat="51.51932" lon="-0.727009"><ele>32.25</ele></trkpt>
      <trkpt lat="51.519143" lon="-0.726714"><ele>30.75</ele></trkpt>
      <trkpt lat="51.519041" lon="-0.726484"><ele>31</ele></trkpt>
      <trkpt lat="51.518963" lon="-0.726227"><ele>31.25</ele></trkpt>
      <trkpt lat="51.518935" lon="-0.726105"><ele>31</ele></trkpt>
      <trkpt lat="51.5189" lon="-0.725806"><ele>30</ele></trkpt>
      <trkpt lat="51.518897" lon="-0.725698"><ele>30</ele></trkpt>
      <trkpt lat="51.518939" lon="-0.725335"><ele>29.5</ele></trkpt>
      <trkpt lat="51.518958" lon="-0.725215"><ele>29</ele></trkpt>
      <trkpt lat="51.51904" lon="-0.724706"><ele>28</ele></trkpt>
      <trkpt lat="51.519141" lon="-0.724154"><ele>28</ele></trkpt>
      <trkpt lat="51.519154" lon="-0.724075"><ele>28.25</ele></trkpt>
      <trkpt lat="51.518571" lon="-0.723812"><ele>28.75</ele></trkpt>
      <trkpt lat="51.518826" lon="-0.722517"><ele>29.75</ele></trkpt>
      <trkpt lat="51.518765" lon="-0.722588"><ele>30.5</ele></trkpt>
      <trkpt lat="51.518745" lon="-0.722631"><ele>30.75</ele></trkpt>
      <trkpt lat="51.518692" lon="-0.722705"><ele>32.25</ele></trkpt>
      <trkpt lat="51.518745" lon="-0.722631"><ele>30.75</ele></trkpt>
      <trkpt lat="51.518765" lon="-0.722588"><ele>30.5</ele></trkpt>
      <trkpt lat="51.518826" lon="-0.722517"><ele>29.75</ele></trkpt>
      <trkpt lat="51.518884" lon="-0.722344"><ele>29</ele></trkpt>
      <trkpt lat="51.518954" lon="-0.722282"><ele>28.75</ele></trkpt>
      <trkpt lat="51.519081" lon="-0.722073"><ele>27.75</ele></trkpt>
      <trkpt lat="51.519184" lon="-0.721844"><ele>27</ele></trkpt>
      <trkpt lat="51.519261" lon="-0.721835"><ele>27</ele></trkpt>
      <trkpt lat="51.519315" lon="-0.721856"><ele>27.25</ele></trkpt>
      <trkpt lat="51.519338" lon="-0.72189"><ele>27.25</ele></trkpt>
      <trkpt lat="51.51937" lon="-0.721858"><ele>27.5</ele></trkpt>
      <trkpt lat="51.519446" lon="-0.721803"><ele>27.25</ele></trkpt>
      <trkpt lat="51.519476" lon="-0.721884"><ele>27.75</ele></trkpt>
      <trkpt lat="51.519533" lon="-0.721824"><ele>27.5</ele></trkpt>
      <trkpt lat="51.51955" lon="-0.721803"><ele>27.5</ele></trkpt>
      <trkpt lat="51.519574" lon="-0.721776"><ele>27.5</ele></trkpt>
      <trkpt lat="51.51964" lon="-0.721797"><ele>27.75</ele></trkpt>
      <trkpt lat="51.519723" lon="-0.721822"><ele>27.75</ele></trkpt>
      <trkpt lat="51.519716" lon="-0.721761"><ele>27.75</ele></trkpt>
      <trkpt lat="51.519788" lon="-0.721775"><ele>27.75</ele></trkpt>
      <trkpt lat="51.519839" lon="-0.72176"><ele>27.5</ele></trkpt>
      <trkpt lat="51.519879" lon="-0.721689"><ele>27.25</ele></trkpt>
      <trkpt lat="51.520072" lon="-0.721206"><ele>27</ele></trkpt>
      <trkpt lat="51.520197" lon="-0.720978"><ele>27</ele></trkpt>
      <trkpt lat="51.520362" lon="-0.720747"><ele>27</ele></trkpt>
      <trkpt lat="51.520461" lon="-0.720328"><ele>27.5</ele></trkpt>
      <trkpt lat="51.520496" lon="-0.720152"><ele>27.75</ele></trkpt>
      <trkpt lat="51.520584" lon="-0.719654"><ele>28</ele></trkpt>
      <trkpt lat="51.520714" lon="-0.719073"><ele>28</ele></trkpt>
      <trkpt lat="51.520836" lon="-0.718512"><ele>28</ele></trkpt>
      <trkpt lat="51.52089" lon="-0.718254"><ele>27.75</ele></trkpt>
      <trkpt lat="51.521003" lon="-0.717809"><ele>26.75</ele></trkpt>
      <trkpt lat="51.521043" lon="-0.717623"><ele>25.75</ele></trkpt>
      <trkpt lat="51.521112" lon="-0.717237"><ele>23</ele></trkpt>
      <trkpt lat="51.521124" lon="-0.717173"><ele>23</ele></trkpt>
      <trkpt lat="51.521144" lon="-0.71706"><ele>23.5</ele></trkpt>
      <trkpt lat="51.522282" lon="-0.717306"><ele>23</ele></trkpt>
      <trkpt lat="51.522325" lon="-0.717317"><ele>23.25</ele></trkpt>
      <trkpt lat="51.522719" lon="-0.717151"><ele>23.25</ele></trkpt>
      <trkpt lat="51.52275" lon="-0.71713"><ele>23.25</ele></trkpt>
      <trkpt lat="51.522861" lon="-0.716951"><ele>23.75</ele></trkpt>
      <trkpt lat="51.523057" lon="-0.716805"><ele>23.75</ele></trkpt>
      <trkpt lat="51.523065" lon="-0.716808"><ele>23.75</ele></trkpt>
      <trkpt lat="51.523073" lon="-0.716812"><ele>23.75</ele></trkpt>
      <trkpt lat="51.523152" lon="-0.716844"><ele>23.75</ele></trkpt>
      <trkpt lat="51.523249" lon="-0.716404"><ele>24</ele></trkpt>
      <trkpt lat="51.523261" lon="-0.716337"><ele>24</ele></trkpt>
      <trkpt lat="51.523288" lon="-0.716194"><ele>24</ele></trkpt>
      <trkpt lat="51.523324" lon="-0.715702"><ele>24</ele></trkpt>
      <trkpt lat="51.523332" lon="-0.71561"><ele>24</ele></trkpt>
      <trkpt lat="51.523334" lon="-0.715573"><ele>24</ele></trkpt>
      <trkpt lat="51.523335" lon="-0.715554"><ele>24</ele></trkpt>
      <trkpt lat="51.523337" lon="-0.715527"><ele>24</ele></trkpt>
      <trkpt lat="51.523353" lon="-0.715226"><ele>24</ele></trkpt>
      <trkpt lat="51.523366" lon="-0.714974"><ele>23.75</ele></trkpt>
      <trkpt lat="51.523368" lon="-0.714941"><ele>24</ele></trkpt>
      <trkpt lat="51.523369" lon="-0.714932"><ele>24</ele></trkpt>
      <trkpt lat="51.523457" lon="-0.713955"><ele>24</ele></trkpt>
      <trkpt lat="51.523471" lon="-0.713796"><ele>24</ele></trkpt>
      <trkpt lat="51.523485" lon="-0.713604"><ele>23.75</ele></trkpt>
      <trkpt lat="51.523487" lon="-0.713577"><ele>23.75</ele></trkpt>
      <trkpt lat="51.523484" lon="-0.713424"><ele>23.5</ele></trkpt>
      <trkpt lat="51.523494" lon="-0.713242"><ele>23.5</ele></trkpt>
      <trkpt lat="51.523505" lon="-0.713106"><ele>23.75</ele></trkpt>
      <trkpt lat="51.523556" lon="-0.712694"><ele>24</ele></trkpt>
      <trkpt lat="51.523575" lon="-0.712447"><ele>24</ele></trkpt>
      <trkpt lat="51.523609" lon="-0.712084"><ele>24</ele></trkpt>
      <trkpt lat="51.523611" lon="-0.71198"><ele>24</ele></trkpt>
      <trkpt lat="51.523627" lon="-0.711948"><ele>24</ele></trkpt>
      <trkpt lat="51.523626" lon="-0.711877"><ele>24</ele></trkpt>
      <trkpt lat="51.523673" lon="-0.711735"><ele>24</ele></trkpt>
      <trkpt lat="51.523677" lon="-0.71155"><ele>24</ele></trkpt>
      <trkpt lat="51.523696" lon="-0.711367"><ele>24</ele></trkpt>
      <trkpt lat="51.52373" lon="-0.71121"><ele>24</ele></trkpt>
      <trkpt lat="51.523739" lon="-0.711"><ele>24</ele></trkpt>
      <trkpt lat="51.523771" lon="-0.710604"><ele>24</ele></trkpt>
      <trkpt lat="51.523787" lon="-0.709815"><ele>24</ele></trkpt>
      <trkpt lat="51.523798" lon="-0.709217"><ele>24</ele></trkpt>
      <trkpt lat="51.523795" lon="-0.708948"><ele>24</ele></trkpt>
      <trkpt lat="51.523793" lon="-0.708805"><ele>24</ele></trkpt>
      <trkpt lat="51.523794" lon="-0.70873"><ele>24</ele></trkpt>
      <trkpt lat="51.523797" lon="-0.708455"><ele>24</ele></trkpt>
      <trkpt lat="51.523802" lon="-0.708169"><ele>24</ele></trkpt>
      <trkpt lat="51.523828" lon="-0.707144"><ele>24</ele></trkpt>
      <trkpt lat="51.523854" lon="-0.705797"><ele>24</ele></trkpt>
      <trkpt lat="51.523858" lon="-0.70569"><ele>24</ele></trkpt>
      <trkpt lat="51.52386" lon="-0.705638"><ele>24</ele></trkpt>
      <trkpt lat="51.523862" lon="-0.705479"><ele>24</ele></trkpt>
      <trkpt lat="51.523863" lon="-0.705372"><ele>24</ele></trkpt>
      <trkpt lat="51.523841" lon="-0.705125"><ele>24</ele></trkpt>
      <trkpt lat="51.523848" lon="-0.704766"><ele>24</ele></trkpt>
      <trkpt lat="51.523849" lon="-0.703984"><ele>24</ele></trkpt>
      <trkpt lat="51.523869" lon="-0.703798"><ele>24.25</ele></trkpt>
      <trkpt lat="51.523858" lon="-0.703765"><ele>24.25</ele></trkpt>
      <trkpt lat="51.523854" lon="-0.703728"><ele>24.5</ele></trkpt>
      <trkpt lat="51.523867" lon="-0.703658"><ele>24.75</ele></trkpt>
      <trkpt lat="51.523885" lon="-0.703628"><ele>24.75</ele></trkpt>
      <trkpt lat="51.523894" lon="-0.703531"><ele>24.75</ele></trkpt>
      <trkpt lat="51.5239" lon="-0.703455"><ele>24.75</ele></trkpt>
      <trkpt lat="51.52391" lon="-0.703327"><ele>24.75</ele></trkpt>
      <trkpt lat="51.523924" lon="-0.703238"><ele>24.75</ele></trkpt>
      <trkpt lat="51.523921" lon="-0.703001"><ele>24.5</ele></trkpt>
      <trkpt lat="51.52392" lon="-0.702911"><ele>24.25</ele></trkpt>
      <trkpt lat="51.523935" lon="-0.702001"><ele>24</ele></trkpt>
      <trkpt lat="51.523958" lon="-0.70116"><ele>23.75</ele></trkpt>
      <trkpt lat="51.523963" lon="-0.701049"><ele>24</ele></trkpt>
      <trkpt lat="51.523968" lon="-0.700934"><ele>24.5</ele></trkpt>
      <trkpt lat="51.523976" lon="-0.700781"><ele>24.75</ele></trkpt>
      <trkpt lat="51.523999" lon="-0.700217"><ele>24</ele></trkpt>
      <trkpt lat="51.524001" lon="-0.700142"><ele>24</ele></trkpt>
      <trkpt lat="51.523993" lon="-0.699961"><ele>24</ele></trkpt>
      <trkpt lat="51.523988" lon="-0.699834"><ele>24</ele></trkpt>
      <trkpt lat="51.52399" lon="-0.699633"><ele>23.75</ele></trkpt>
      <trkpt lat="51.524005" lon="-0.699406"><ele>23.25</ele></trkpt>
      <trkpt lat="51.524007" lon="-0.699254"><ele>23.25</ele></trkpt>
      <trkpt lat="51.52401" lon="-0.699172"><ele>23.25</ele></trkpt>
      <trkpt lat="51.524013" lon="-0.699068"><ele>23.5</ele></trkpt>
      <trkpt lat="51.523963" lon="-0.698796"><ele>24</ele></trkpt>
      <trkpt lat="51.523931" lon="-0.698615"><ele>24</ele></trkpt>
      <trkpt lat="51.523909" lon="-0.698431"><ele>23.25</ele></trkpt>
      <trkpt lat="51.523872" lon="-0.698137"><ele>23</ele></trkpt>
      <trkpt lat="51.523848" lon="-0.697953"><ele>23</ele></trkpt>
      <trkpt lat="51.523781" lon="-0.697438"><ele>23</ele></trkpt>
      <trkpt lat="51.523748" lon="-0.697185"><ele>23</ele></trkpt>
      <trkpt lat="51.523672" lon="-0.696768"><ele>23.25</ele></trkpt>
      <trkpt lat="51.523525" lon="-0.696112"><ele>23.5</ele></trkpt>
      <trkpt lat="51.523454" lon="-0.695778"><ele>23</ele></trkpt>
      <trkpt lat="51.523393" lon="-0.695534"><ele>23</ele></trkpt>
      <trkpt lat="51.523318" lon="-0.695118"><ele>24</ele></trkpt>
      <trkpt lat="51.523241" lon="-0.694519"><ele>23</ele></trkpt>
      <trkpt lat="51.523235" lon="-0.694462"><ele>22.5</ele></trkpt>
      <trkpt lat="51.523195" lon="-0.693973"><ele>22.5</ele></trkpt>
      <trkpt lat="51.523123" lon="-0.692977"><ele>24</ele></trkpt>
      <trkpt lat="51.52312" lon="-0.69294"><ele>24</ele></trkpt>
      <trkpt lat="51.523118" lon="-0.692902"><ele>24</ele></trkpt>
      <trkpt lat="51.523095" lon="-0.69264"><ele>24</ele></trkpt>
      <trkpt lat="51.523065" lon="-0.692378"><ele>24</ele></trkpt>
      <trkpt lat="51.522984" lon="-0.691959"><ele>24</ele></trkpt>
      <trkpt lat="51.522867" lon="-0.691348"><ele>24</ele></trkpt>
      <trkpt lat="51.52276" lon="-0.690772"><ele>24</ele></trkpt>
      <trkpt lat="51.522599" lon="-0.689967"><ele>27</ele></trkpt>
      <trkpt lat="51.522636" lon="-0.689798"><ele>26</ele></trkpt>
      <trkpt lat="51.522697" lon="-0.689577"><ele>24.75</ele></trkpt>
      <trkpt lat="51.522859" lon="-0.688105"><ele>25.5</ele></trkpt>
      <trkpt lat="51.522994" lon="-0.6867"><ele>25.75</ele></trkpt>
      <trkpt lat="51.523101" lon="-0.68557"><ele>27.75</ele></trkpt>
      <trkpt lat="51.523478" lon="-0.68287"><ele>29.5</ele></trkpt>
      <trkpt lat="51.523609" lon="-0.68182"><ele>33</ele></trkpt>
      <trkpt lat="51.523645" lon="-0.681479"><ele>32.25</ele></trkpt>
      <trkpt lat="51.523593" lon="-0.681464"><ele>33</ele></trkpt>
      <trkpt lat="51.52356" lon="-0.681456"><ele>33</ele></trkpt>
      <trkpt lat="51.523553" lon="-0.681455"><ele>33</ele></trkpt>
      <trkpt lat="51.52356" lon="-0.681456"><ele>33</ele></trkpt>
      <trkpt lat="51.523593" lon="-0.681464"><ele>33</ele></trkpt>
      <trkpt lat="51.523645" lon="-0.681479"><ele>32.25</ele></trkpt>
      <trkpt lat="51.523696" lon="-0.680958"><ele>31.25</ele></trkpt>
      <trkpt lat="51.523708" lon="-0.68087"><ele>31</ele></trkpt>
      <trkpt lat="51.523731" lon="-0.680772"><ele>30.5</ele></trkpt>
      <trkpt lat="51.523763" lon="-0.680671"><ele>30.25</ele></trkpt>
      <trkpt lat="51.523941" lon="-0.680265"><ele>28.75</ele></trkpt>
      <trkpt lat="51.523977" lon="-0.680192"><ele>28.75</ele></trkpt>
      <trkpt lat="51.524022" lon="-0.680125"><ele>28.75</ele></trkpt>
      <trkpt lat="51.524065" lon="-0.680075"><ele>29</ele></trkpt>
      <trkpt lat="51.524135" lon="-0.67997"><ele>29.5</ele></trkpt>
      <trkpt lat="51.524152" lon="-0.67991"><ele>29.5</ele></trkpt>
      <trkpt lat="51.524159" lon="-0.679843"><ele>29.25</ele></trkpt>
      <trkpt lat="51.524184" lon="-0.678841"><ele>28</ele></trkpt>
      <trkpt lat="51.524184" lon="-0.678799"><ele>28</ele></trkpt>
      <trkpt lat="51.524197" lon="-0.678144"><ele>27.25</ele></trkpt>
      <trkpt lat="51.524212" lon="-0.677216"><ele>27</ele></trkpt>
      <trkpt lat="51.524216" lon="-0.676974"><ele>27</ele></trkpt>
      <trkpt lat="51.52422" lon="-0.676766"><ele>26.75</ele></trkpt>
      <trkpt lat="51.524604" lon="-0.676678"><ele>27</ele></trkpt>
      <trkpt lat="51.525179" lon="-0.675041"><ele>28.25</ele></trkpt>
      <trkpt lat="51.525318" lon="-0.674797"><ele>31.25</ele></trkpt>
      <trkpt lat="51.525395" lon="-0.674651"><ele>31.75</ele></trkpt>
      <trkpt lat="51.525354" lon="-0.674532"><ele>31.75</ele></trkpt>
      <trkpt lat="51.525639" lon="-0.674414"><ele>31.25</ele></trkpt>
      <trkpt lat="51.526006" lon="-0.674261"><ele>31.25</ele></trkpt>
      <trkpt lat="51.526022" lon="-0.674137"><ele>31</ele></trkpt>
      <trkpt lat="51.526147" lon="-0.672301"><ele>29.75</ele></trkpt>
      <trkpt lat="51.526218" lon="-0.671641"><ele>29</ele></trkpt>
      <trkpt lat="51.52624" lon="-0.6715"><ele>29</ele></trkpt>
      <trkpt lat="51.526322" lon="-0.670989"><ele>28.75</ele></trkpt>
      <trkpt lat="51.52641" lon="-0.670448"><ele>29.25</ele></trkpt>
      <trkpt lat="51.526514" lon="-0.669755"><ele>30.75</ele></trkpt>
      <trkpt lat="51.526566" lon="-0.669408"><ele>31.5</ele></trkpt>
      <trkpt lat="51.52658" lon="-0.669316"><ele>31.5</ele></trkpt>
      <trkpt lat="51.526612" lon="-0.668396"><ele>32</ele></trkpt>
      <trkpt lat="51.526625" lon="-0.667968"><ele>32</ele></trkpt>
      <trkpt lat="51.52663" lon="-0.667791"><ele>32</ele></trkpt>
      <trkpt lat="51.526651" lon="-0.667061"><ele>32.75</ele></trkpt>
      <trkpt lat="51.526659" lon="-0.66689"><ele>33</ele></trkpt>
      <trkpt lat="51.526654" lon="-0.666761"><ele>33.5</ele></trkpt>
      <trkpt lat="51.526757" lon="-0.666696"><ele>34</ele></trkpt>
      <trkpt lat="51.526842" lon="-0.666379"><ele>35</ele></trkpt>
      <trkpt lat="51.52687" lon="-0.666252"><ele>35</ele></trkpt>
      <trkpt lat="51.52691" lon="-0.665974"><ele>35.75</ele></trkpt>
      <trkpt lat="51.526984" lon="-0.66511"><ele>37</ele></trkpt>
      <trkpt lat="51.526997" lon="-0.664916"><ele>36.75</ele></trkpt>
      <trkpt lat="51.527009" lon="-0.664376"><ele>36.75</ele></trkpt>
      <trkpt lat="51.527002" lon="-0.664177"><ele>36.75</ele></trkpt>
      <trkpt lat="51.526992" lon="-0.663983"><ele>36</ele></trkpt>
      <trkpt lat="51.526978" lon="-0.66365"><ele>36.25</ele></trkpt>
      <trkpt lat="51.526878" lon="-0.663646"><ele>36.25</ele></trkpt>
      <trkpt lat="51.52644" lon="-0.663462"><ele>34</ele></trkpt>
      <trkpt lat="51.525777" lon="-0.663173"><ele>32</ele></trkpt>
      <trkpt lat="51.525899" lon="-0.661859"><ele>32.25</ele></trkpt>
      <trkpt lat="51.526097" lon="-0.660084"><ele>32.75</ele></trkpt>
      <trkpt lat="51.526098" lon="-0.659394"><ele>33</ele></trkpt>
      <trkpt lat="51.526099" lon="-0.659174"><ele>33</ele></trkpt>
      <trkpt lat="51.525837" lon="-0.658946"><ele>33</ele></trkpt>
      <trkpt lat="51.525828" lon="-0.658838"><ele>32.75</ele></trkpt>
      <trkpt lat="51.525785" lon="-0.658836"><ele>32.75</ele></trkpt>
      <trkpt lat="51.525259" lon="-0.658857"><ele>31.75</ele></trkpt>
      <trkpt lat="51.5251" lon="-0.658793"><ele>31.25</ele></trkpt>
      <trkpt lat="51.52493" lon="-0.658629"><ele>31</ele></trkpt>
      <trkpt lat="51.524806" lon="-0.658444"><ele>31</ele></trkpt>
      <trkpt lat="51.524598" lon="-0.658089"><ele>30</ele></trkpt>
      <trkpt lat="51.524521" lon="-0.657719"><ele>30</ele></trkpt>
      <trkpt lat="51.524477" lon="-0.656251"><ele>31</ele></trkpt>
      <trkpt lat="51.524555" lon="-0.65596"><ele>31.5</ele></trkpt>
      <trkpt lat="51.52448" lon="-0.655845"><ele>31.75</ele></trkpt>
      <trkpt lat="51.524471" lon="-0.655602"><ele>32</ele></trkpt>
      <trkpt lat="51.524462" lon="-0.655293"><ele>32</ele></trkpt>
      <trkpt lat="51.52444" lon="-0.655265"><ele>32</ele></trkpt>
      <trkpt lat="51.524423" lon="-0.65498"><ele>32</ele></trkpt>
      <trkpt lat="51.524369" lon="-0.654961"><ele>32</ele></trkpt>
      <trkpt lat="51.524358" lon="-0.654767"><ele>32</ele></trkpt>
      <trkpt lat="51.524844" lon="-0.654729"><ele>32.25</ele></trkpt>
      <trkpt lat="51.524842" lon="-0.653531"><ele>32.25</ele></trkpt>
      <trkpt lat="51.52484" lon="-0.652182"><ele>32</ele></trkpt>
      <trkpt lat="51.524856" lon="-0.65108"><ele>33</ele></trkpt>
      <trkpt lat="51.524852" lon="-0.650903"><ele>33</ele></trkpt>
      <trkpt lat="51.524855" lon="-0.650656"><ele>33</ele></trkpt>
      <trkpt lat="51.524842" lon="-0.650492"><ele>33</ele></trkpt>
      <trkpt lat="51.524739" lon="-0.649723"><ele>32</ele></trkpt>
      <trkpt lat="51.524674" lon="-0.648829"><ele>31.75</ele></trkpt>
      <trkpt lat="51.524666" lon="-0.6484"><ele>31</ele></trkpt>
      <trkpt lat="51.52469" lon="-0.648038"><ele>31.75</ele></trkpt>
      <trkpt lat="51.524775" lon="-0.647219"><ele>32</ele></trkpt>
      <trkpt lat="51.524922" lon="-0.646441"><ele>32</ele></trkpt>
      <trkpt lat="51.524969" lon="-0.646324"><ele>32</ele></trkpt>
      <trkpt lat="51.524803" lon="-0.646174"><ele>32</ele></trkpt>
      <trkpt lat="51.524516" lon="-0.64595"><ele>32.25</ele></trkpt>
      <trkpt lat="51.524162" lon="-0.645758"><ele>31.75</ele></trkpt>
      <trkpt lat="51.524074" lon="-0.645718"><ele>31.5</ele></trkpt>
      <trkpt lat="51.524015" lon="-0.645691"><ele>31</ele></trkpt>
      <trkpt lat="51.523873" lon="-0.645641"><ele>30</ele></trkpt>
      <trkpt lat="51.523612" lon="-0.645549"><ele>28</ele></trkpt>
      <trkpt lat="51.523587" lon="-0.64628"><ele>29</ele></trkpt>
      <trkpt lat="51.523578" lon="-0.64628"><ele>29</ele></trkpt>
      <trkpt lat="51.523523" lon="-0.646259"><ele>29.75</ele></trkpt>
      <trkpt lat="51.523578" lon="-0.64628"><ele>29</ele></trkpt>
      <trkpt lat="51.523562" lon="-0.645693"><ele>28.5</ele></trkpt>
      <trkpt lat="51.523598" lon="-0.645544"><ele>28</ele></trkpt>
      <trkpt lat="51.523622" lon="-0.645292"><ele>28.75</ele></trkpt>
      <trkpt lat="51.52357" lon="-0.645283"><ele>28.75</ele></trkpt>
      <trkpt lat="51.523591" lon="-0.644944"><ele>28.75</ele></trkpt>
      <trkpt lat="51.523493" lon="-0.644751"><ele>28.5</ele></trkpt>
      <trkpt lat="51.523258" lon="-0.643983"><ele>28</ele></trkpt>
      <trkpt lat="51.523045" lon="-0.643071"><ele>27</ele></trkpt>
      <trkpt lat="51.522873" lon="-0.641728"><ele>28.5</ele></trkpt>
      <trkpt lat="51.522882" lon="-0.641531"><ele>27.75</ele></trkpt>
      <trkpt lat="51.522821" lon="-0.641056"><ele>27</ele></trkpt>
      <trkpt lat="51.522761" lon="-0.640964"><ele>26.75</ele></trkpt>
      <trkpt lat="51.5225" lon="-0.640796"><ele>26.25</ele></trkpt>
      <trkpt lat="51.522508" lon="-0.640757"><ele>26.75</ele></trkpt>
      <trkpt lat="51.522464" lon="-0.640724"><ele>27</ele></trkpt>
      <trkpt lat="51.522381" lon="-0.640654"><ele>27</ele></trkpt>
      <trkpt lat="51.522325" lon="-0.640584"><ele>26.75</ele></trkpt>
      <trkpt lat="51.522243" lon="-0.640442"><ele>26.5</ele></trkpt>
      <trkpt lat="51.521981" lon="-0.639881"><ele>26.5</ele></trkpt>
      <trkpt lat="51.521768" lon="-0.639551"><ele>26.5</ele></trkpt>
      <trkpt lat="51.521052" lon="-0.638477"><ele>26.25</ele></trkpt>
      <trkpt lat="51.520846" lon="-0.638145"><ele>26</ele></trkpt>
      <trkpt lat="51.52078" lon="-0.638049"><ele>26</ele></trkpt>
      <trkpt lat="51.520721" lon="-0.637991"><ele>26</ele></trkpt>
      <trkpt lat="51.520689" lon="-0.637978"><ele>26</ele></trkpt>
      <trkpt lat="51.520673" lon="-0.637971"><ele>26</ele></trkpt>
      <trkpt lat="51.520643" lon="-0.637937"><ele>26</ele></trkpt>
      <trkpt lat="51.52062" lon="-0.637884"><ele>26</ele></trkpt>
      <trkpt lat="51.520601" lon="-0.63761"><ele>26</ele></trkpt>
      <trkpt lat="51.520594" lon="-0.637507"><ele>26</ele></trkpt>
      <trkpt lat="51.520581" lon="-0.63732"><ele>26.5</ele></trkpt>
      <trkpt lat="51.520567" lon="-0.637168"><ele>27</ele></trkpt>
      <trkpt lat="51.520542" lon="-0.636963"><ele>26.75</ele></trkpt>
      <trkpt lat="51.520514" lon="-0.63682"><ele>27</ele></trkpt>
      <trkpt lat="51.520449" lon="-0.636529"><ele>27</ele></trkpt>
      <trkpt lat="51.520362" lon="-0.636219"><ele>27</ele></trkpt>
      <trkpt lat="51.520303" lon="-0.636052"><ele>27</ele></trkpt>
      <trkpt lat="51.520165" lon="-0.63524"><ele>28.5</ele></trkpt>
      <trkpt lat="51.520078" lon="-0.634761"><ele>29</ele></trkpt>
      <trkpt lat="51.519926" lon="-0.633972"><ele>30.5</ele></trkpt>
      <trkpt lat="51.51986" lon="-0.633648"><ele>30.25</ele></trkpt>
      <trkpt lat="51.519758" lon="-0.633299"><ele>30</ele></trkpt>
      <trkpt lat="51.519422" lon="-0.63244"><ele>30.75</ele></trkpt>
      <trkpt lat="51.519212" lon="-0.632003"><ele>30</ele></trkpt>
      <trkpt lat="51.51838" lon="-0.630205"><ele>30</ele></trkpt>
      <trkpt lat="51.518348" lon="-0.630133"><ele>30</ele></trkpt>
      <trkpt lat="51.518325" lon="-0.630081"><ele>30</ele></trkpt>
      <trkpt lat="51.518266" lon="-0.629953"><ele>30</ele></trkpt>
      <trkpt lat="51.518218" lon="-0.629841"><ele>30</ele></trkpt>
      <trkpt lat="51.517779" lon="-0.628836"><ele>31</ele></trkpt>
      <trkpt lat="51.517678" lon="-0.628591"><ele>31</ele></trkpt>
      <trkpt lat="51.517601" lon="-0.628416"><ele>31</ele></trkpt>
      <trkpt lat="51.516783" lon="-0.626603"><ele>30.75</ele></trkpt>
      <trkpt lat="51.516071" lon="-0.624837"><ele>30</ele></trkpt>
      <trkpt lat="51.515893" lon="-0.624303"><ele>30</ele></trkpt>
      <trkpt lat="51.51572" lon="-0.623787"><ele>29.5</ele></trkpt>
      <trkpt lat="51.515472" lon="-0.623041"><ele>29.5</ele></trkpt>
      <trkpt lat="51.515022" lon="-0.621643"><ele>29.75</ele></trkpt>
      <trkpt lat="51.514983" lon="-0.62152"><ele>29.75</ele></trkpt>
      <trkpt lat="51.514934" lon="-0.621375"><ele>29.75</ele></trkpt>
      <trkpt lat="51.514875" lon="-0.621183"><ele>29.75</ele></trkpt>
      <trkpt lat="51.514331" lon="-0.619517"><ele>30</ele></trkpt>
      <trkpt lat="51.514047" lon="-0.618634"><ele>29.25</ele></trkpt>
      <trkpt lat="51.513871" lon="-0.618107"><ele>30</ele></trkpt>
      <trkpt lat="51.513396" lon="-0.61659"><ele>29.75</ele></trkpt>
      <trkpt lat="51.513203" lon="-0.616075"><ele>30</ele></trkpt>
      <trkpt lat="51.513136" lon="-0.615705"><ele>30</ele></trkpt>
      <trkpt lat="51.513068" lon="-0.615387"><ele>30</ele></trkpt>
      <trkpt lat="51.512965" lon="-0.61487"><ele>30</ele></trkpt>
      <trkpt lat="51.512856" lon="-0.614254"><ele>29.75</ele></trkpt>
      <trkpt lat="51.512753" lon="-0.613641"><ele>29.75</ele></trkpt>
      <trkpt lat="51.512669" lon="-0.613051"><ele>30</ele></trkpt>
      <trkpt lat="51.512639" lon="-0.612831"><ele>30</ele></trkpt>
      <trkpt lat="51.512616" lon="-0.612674"><ele>29.75</ele></trkpt>
      <trkpt lat="51.512596" lon="-0.612523"><ele>29.25</ele></trkpt>
      <trkpt lat="51.512564" lon="-0.612329"><ele>29</ele></trkpt>
      <trkpt lat="51.512524" lon="-0.612087"><ele>29</ele></trkpt>
      <trkpt lat="51.512461" lon="-0.611852"><ele>28.75</ele></trkpt>
      <trkpt lat="51.512439" lon="-0.611737"><ele>28.75</ele></trkpt>
      <trkpt lat="51.512274" lon="-0.611012"><ele>27</ele></trkpt>
      <trkpt lat="51.512208" lon="-0.610692"><ele>26.75</ele></trkpt>
      <trkpt lat="51.512141" lon="-0.610343"><ele>26</ele></trkpt>
      <trkpt lat="51.512082" lon="-0.609981"><ele>25.75</ele></trkpt>
      <trkpt lat="51.512048" lon="-0.609831"><ele>25.5</ele></trkpt>
      <trkpt lat="51.511988" lon="-0.609598"><ele>25</ele></trkpt>
      <trkpt lat="51.511952" lon="-0.609401"><ele>24.75</ele></trkpt>
      <trkpt lat="51.511741" lon="-0.608613"><ele>25.75</ele></trkpt>
      <trkpt lat="51.511683" lon="-0.608334"><ele>26</ele></trkpt>
      <trkpt lat="51.51166" lon="-0.608218"><ele>26</ele></trkpt>
      <trkpt lat="51.511626" lon="-0.608012"><ele>26</ele></trkpt>
      <trkpt lat="51.511578" lon="-0.607691"><ele>26.75</ele></trkpt>
      <trkpt lat="51.511515" lon="-0.60684"><ele>27</ele></trkpt>
      <trkpt lat="51.511489" lon="-0.606395"><ele>27.5</ele></trkpt>
      <trkpt lat="51.511476" lon="-0.606044"><ele>28.5</ele></trkpt>
      <trkpt lat="51.511427" lon="-0.60474"><ele>29.75</ele></trkpt>
      <trkpt lat="51.511446" lon="-0.603942"><ele>30</ele></trkpt>
      <trkpt lat="51.511359" lon="-0.603209"><ele>30</ele></trkpt>
      <trkpt lat="51.511346" lon="-0.603107"><ele>30</ele></trkpt>
      <trkpt lat="51.51134" lon="-0.602964"><ele>30</ele></trkpt>
      <trkpt lat="51.51129" lon="-0.602619"><ele>30.25</ele></trkpt>
      <trkpt lat="51.510914" lon="-0.600877"><ele>30.75</ele></trkpt>
      <trkpt lat="51.510746" lon="-0.600124"><ele>29.75</ele></trkpt>
      <trkpt lat="51.510664" lon="-0.599698"><ele>29.5</ele></trkpt>
      <trkpt lat="51.510658" lon="-0.599669"><ele>29.75</ele></trkpt>
      <trkpt lat="51.510497" lon="-0.598696"><ele>31</ele></trkpt>
      <trkpt lat="51.510446" lon="-0.598365"><ele>31</ele></trkpt>
      <trkpt lat="51.510448" lon="-0.59793"><ele>31</ele></trkpt>
      <trkpt lat="51.510472" lon="-0.597724"><ele>31</ele></trkpt>
      <trkpt lat="51.510485" lon="-0.597619"><ele>31</ele></trkpt>
      <trkpt lat="51.510494" lon="-0.597505"><ele>31</ele></trkpt>
      <trkpt lat="51.510524" lon="-0.597302"><ele>31</ele></trkpt>
      <trkpt lat="51.510556" lon="-0.597053"><ele>30.75</ele></trkpt>
      <trkpt lat="51.51065" lon="-0.596185"><ele>31</ele></trkpt>
      <trkpt lat="51.510673" lon="-0.595718"><ele>31.25</ele></trkpt>
      <trkpt lat="51.510706" lon="-0.595555"><ele>32</ele></trkpt>
      <trkpt lat="51.510712" lon="-0.595382"><ele>32</ele></trkpt>
      <trkpt lat="51.510715" lon="-0.595305"><ele>32</ele></trkpt>
      <trkpt lat="51.510704" lon="-0.595013"><ele>32</ele></trkpt>
      <trkpt lat="51.510762" lon="-0.594913"><ele>32</ele></trkpt>
      <trkpt lat="51.510837" lon="-0.594813"><ele>32</ele></trkpt>
      <trkpt lat="51.510862" lon="-0.5948"><ele>32</ele></trkpt>
      <trkpt lat="51.510902" lon="-0.594776"><ele>32</ele></trkpt>
      <trkpt lat="51.51133" lon="-0.594559"><ele>31</ele></trkpt>
      <trkpt lat="51.511793" lon="-0.594287"><ele>31</ele></trkpt>
      <trkpt lat="51.511769" lon="-0.594208"><ele>30.75</ele></trkpt>
      <trkpt lat="51.511843" lon="-0.594154"><ele>31.25</ele></trkpt>
      <trkpt lat="51.511875" lon="-0.594116"><ele>31.5</ele></trkpt>
      <trkpt lat="51.51196" lon="-0.594068"><ele>31.75</ele></trkpt>
      <trkpt lat="51.511898" lon="-0.593615"><ele>30.75</ele></trkpt>
      <trkpt lat="51.511864" lon="-0.593345"><ele>30</ele></trkpt>
      <trkpt lat="51.511818" lon="-0.592947"><ele>29.5</ele></trkpt>
      <trkpt lat="51.511774" lon="-0.592583"><ele>30</ele></trkpt>
      <trkpt lat="51.511749" lon="-0.592319"><ele>29.75</ele></trkpt>
      <trkpt lat="51.511692" lon="-0.591785"><ele>29.5</ele></trkpt>
      <trkpt lat="51.511663" lon="-0.591671"><ele>29.75</ele></trkpt>
      <trkpt lat="51.511634" lon="-0.591617"><ele>30</ele></trkpt>
      <trkpt lat="51.511825" lon="-0.591467"><ele>29</ele></trkpt>
      <trkpt lat="51.511871" lon="-0.591452"><ele>28.5</ele></trkpt>
      <trkpt lat="51.511825" lon="-0.591467"><ele>29</ele></trkpt>
      <trkpt lat="51.511634" lon="-0.591617"><ele>30</ele></trkpt>
      <trkpt lat="51.511576" lon="-0.591575"><ele>30</ele></trkpt>
      <trkpt lat="51.511529" lon="-0.591581"><ele>30</ele></trkpt>
      <trkpt lat="51.511457" lon="-0.591615"><ele>30</ele></trkpt>
      <trkpt lat="51.511301" lon="-0.591715"><ele>30.25</ele></trkpt>
      <trkpt lat="51.51097" lon="-0.591931"><ele>31</ele></trkpt>
      <trkpt lat="51.51087" lon="-0.591994"><ele>31</ele></trkpt>
      <trkpt lat="51.510674" lon="-0.592108"><ele>31.75</ele></trkpt>
      <trkpt lat="51.510439" lon="-0.592147"><ele>32</ele></trkpt>
      <trkpt lat="51.510393" lon="-0.592128"><ele>32</ele></trkpt>
      <trkpt lat="51.510305" lon="-0.592059"><ele>32</ele></trkpt>
      <trkpt lat="51.510044" lon="-0.59066"><ele>32</ele></trkpt>
      <trkpt lat="51.509946" lon="-0.590045"><ele>31.75</ele></trkpt>
      <trkpt lat="51.509921" lon="-0.589883"><ele>31.5</ele></trkpt>
      <trkpt lat="51.509901" lon="-0.58975"><ele>31.5</ele></trkpt>
      <trkpt lat="51.509886" lon="-0.58965"><ele>31.5</ele></trkpt>
      <trkpt lat="51.509873" lon="-0.58957"><ele>31.5</ele></trkpt>
      <trkpt lat="51.509838" lon="-0.589348"><ele>31.5</ele></trkpt>
      <trkpt lat="51.509723" lon="-0.588589"><ele>31</ele></trkpt>
      <trkpt lat="51.509721" lon="-0.588448"><ele>31</ele></trkpt>
      <trkpt lat="51.509744" lon="-0.588304"><ele>31</ele></trkpt>
      <trkpt lat="51.509776" lon="-0.588192"><ele>31</ele></trkpt>
      <trkpt lat="51.509797" lon="-0.588126"><ele>31</ele></trkpt>
      <trkpt lat="51.509812" lon="-0.588026"><ele>30.75</ele></trkpt>
      <trkpt lat="51.509806" lon="-0.587935"><ele>30.5</ele></trkpt>
      <trkpt lat="51.509792" lon="-0.587846"><ele>30.25</ele></trkpt>
      <trkpt lat="51.509765" lon="-0.587771"><ele>30</ele></trkpt>
      <trkpt lat="51.509741" lon="-0.587719"><ele>30.25</ele></trkpt>
      <trkpt lat="51.509713" lon="-0.587679"><ele>30.25</ele></trkpt>
      <trkpt lat="51.509608" lon="-0.58751"><ele>30.5</ele></trkpt>
      <trkpt lat="51.509532" lon="-0.587363"><ele>30.25</ele></trkpt>
      <trkpt lat="51.509501" lon="-0.587257"><ele>30</ele></trkpt>
      <trkpt lat="51.508967" lon="-0.584194"><ele>29</ele></trkpt>
      <trkpt lat="51.50894" lon="-0.58404"><ele>29</ele></trkpt>
      <trkpt lat="51.508935" lon="-0.584014"><ele>29</ele></trkpt>
      <trkpt lat="51.508901" lon="-0.583802"><ele>29</ele></trkpt>
      <trkpt lat="51.508847" lon="-0.583491"><ele>29.5</ele></trkpt>
      <trkpt lat="51.508639" lon="-0.582277"><ele>29.75</ele></trkpt>
      <trkpt lat="51.508567" lon="-0.581957"><ele>30</ele></trkpt>
      <trkpt lat="51.508538" lon="-0.581853"><ele>30</ele></trkpt>
      <trkpt lat="51.508484" lon="-0.581698"><ele>30</ele></trkpt>
      <trkpt lat="51.508453" lon="-0.581616"><ele>30</ele></trkpt>
      <trkpt lat="51.50842" lon="-0.581533"><ele>30</ele></trkpt>
      <trkpt lat="51.508354" lon="-0.581371"><ele>30</ele></trkpt>
      <trkpt lat="51.508287" lon="-0.581225"><ele>30.5</ele></trkpt>
      <trkpt lat="51.508117" lon="-0.580895"><ele>30</ele></trkpt>
      <trkpt lat="51.508045" lon="-0.580766"><ele>30</ele></trkpt>
      <trkpt lat="51.507941" lon="-0.580581"><ele>30.75</ele></trkpt>
      <trkpt lat="51.5079" lon="-0.580514"><ele>30.75</ele></trkpt>
      <trkpt lat="51.507832" lon="-0.580401"><ele>30.5</ele></trkpt>
      <trkpt lat="51.507723" lon="-0.58025"><ele>30</ele></trkpt>
      <trkpt lat="51.507363" lon="-0.57975"><ele>29.5</ele></trkpt>
      <trkpt lat="51.507291" lon="-0.579578"><ele>29</ele></trkpt>
      <trkpt lat="51.507252" lon="-0.579463"><ele>29</ele></trkpt>
      <trkpt lat="51.507214" lon="-0.579294"><ele>29</ele></trkpt>
      <trkpt lat="51.507186" lon="-0.579303"><ele>29</ele></trkpt>
      <trkpt lat="51.507009" lon="-0.579075"><ele>28.5</ele></trkpt>
      <trkpt lat="51.506818" lon="-0.578795"><ele>28</ele></trkpt>
      <trkpt lat="51.506594" lon="-0.578449"><ele>27.75</ele></trkpt>
      <trkpt lat="51.50655" lon="-0.578432"><ele>27.5</ele></trkpt>
      <trkpt lat="51.506504" lon="-0.578353"><ele>27.25</ele></trkpt>
      <trkpt lat="51.506452" lon="-0.578265"><ele>27</ele></trkpt>
      <trkpt lat="51.5062" lon="-0.577775"><ele>26.75</ele></trkpt>
      <trkpt lat="51.506032" lon="-0.577231"><ele>26</ele></trkpt>
      <trkpt lat="51.505839" lon="-0.576466"><ele>25.25</ele></trkpt>
      <trkpt lat="51.505621" lon="-0.575662"><ele>25</ele></trkpt>
      <trkpt lat="51.505408" lon="-0.574811"><ele>24.75</ele></trkpt>
      <trkpt lat="51.505326" lon="-0.574392"><ele>24.75</ele></trkpt>
      <trkpt lat="51.505333" lon="-0.574265"><ele>25</ele></trkpt>
      <trkpt lat="51.505318" lon="-0.57419"><ele>25</ele></trkpt>
      <trkpt lat="51.505353" lon="-0.574072"><ele>25</ele></trkpt>
      <trkpt lat="51.50546" lon="-0.573645"><ele>25</ele></trkpt>
      <trkpt lat="51.505636" lon="-0.573196"><ele>25</ele></trkpt>
      <trkpt lat="51.505722" lon="-0.572929"><ele>25.5</ele></trkpt>
      <trkpt lat="51.505824" lon="-0.572617"><ele>25.75</ele></trkpt>
      <trkpt lat="51.505888" lon="-0.572358"><ele>26.5</ele></trkpt>
      <trkpt lat="51.505917" lon="-0.572055"><ele>27</ele></trkpt>
      <trkpt lat="51.505931" lon="-0.571807"><ele>27.25</ele></trkpt>
      <trkpt lat="51.505931" lon="-0.57135"><ele>28</ele></trkpt>
      <trkpt lat="51.505911" lon="-0.570725"><ele>28</ele></trkpt>
      <trkpt lat="51.505857" lon="-0.570017"><ele>28</ele></trkpt>
      <trkpt lat="51.505791" lon="-0.569163"><ele>28</ele></trkpt>
      <trkpt lat="51.505653" lon="-0.567257"><ele>28</ele></trkpt>
      <trkpt lat="51.505619" lon="-0.566779"><ele>28</ele></trkpt>
      <trkpt lat="51.505623" lon="-0.566155"><ele>28</ele></trkpt>
      <trkpt lat="51.505654" lon="-0.565679"><ele>28</ele></trkpt>
      <trkpt lat="51.505743" lon="-0.565254"><ele>27.75</ele></trkpt>
      <trkpt lat="51.505874" lon="-0.564832"><ele>28</ele></trkpt>
      <trkpt lat="51.505957" lon="-0.564588"><ele>28</ele></trkpt>
      <trkpt lat="51.506041" lon="-0.564367"><ele>28</ele></trkpt>
      <trkpt lat="51.506125" lon="-0.564078"><ele>28</ele></trkpt>
      <trkpt lat="51.506184" lon="-0.563694"><ele>28</ele></trkpt>
      <trkpt lat="51.506167" lon="-0.563134"><ele>28</ele></trkpt>
      <trkpt lat="51.506118" lon="-0.562792"><ele>28</ele></trkpt>
      <trkpt lat="51.506077" lon="-0.562556"><ele>27.75</ele></trkpt>
      <trkpt lat="51.506046" lon="-0.562377"><ele>27.75</ele></trkpt>
      <trkpt lat="51.506554" lon="-0.562128"><ele>28</ele></trkpt>
      <trkpt lat="51.506783" lon="-0.562015"><ele>28</ele></trkpt>
      <trkpt lat="51.507317" lon="-0.561767"><ele>28</ele></trkpt>
      <trkpt lat="51.507231" lon="-0.560009"><ele>28</ele></trkpt>
      <trkpt lat="51.507219" lon="-0.559782"><ele>28</ele></trkpt>
      <trkpt lat="51.507151" lon="-0.558996"><ele>29</ele></trkpt>
      <trkpt lat="51.507107" lon="-0.558603"><ele>29</ele></trkpt>
      <trkpt lat="51.507004" lon="-0.557806"><ele>28</ele></trkpt>
      <trkpt lat="51.506953" lon="-0.557451"><ele>28</ele></trkpt>
      <trkpt lat="51.507245" lon="-0.556909"><ele>29</ele></trkpt>
      <trkpt lat="51.507339" lon="-0.556687"><ele>29</ele></trkpt>
      <trkpt lat="51.50744" lon="-0.555887"><ele>29</ele></trkpt>
      <trkpt lat="51.507508" lon="-0.555573"><ele>29</ele></trkpt>
      <trkpt lat="51.507499" lon="-0.555171"><ele>29</ele></trkpt>
      <trkpt lat="51.507515" lon="-0.554852"><ele>29</ele></trkpt>
      <trkpt lat="51.507549" lon="-0.554693"><ele>29</ele></trkpt>
      <trkpt lat="51.507499" lon="-0.554632"><ele>29</ele></trkpt>
      <trkpt lat="51.507251" lon="-0.554329"><ele>28.75</ele></trkpt>
      <trkpt lat="51.507125" lon="-0.554181"><ele>29</ele></trkpt>
      <trkpt lat="51.507026" lon="-0.553325"><ele>29</ele></trkpt>
      <trkpt lat="51.507297" lon="-0.553077"><ele>29</ele></trkpt>
      <trkpt lat="51.50736" lon="-0.552987"><ele>29</ele></trkpt>
      <trkpt lat="51.507476" lon="-0.55291"><ele>29</ele></trkpt>
      <trkpt lat="51.5076" lon="-0.552758"><ele>29</ele></trkpt>
      <trkpt lat="51.507652" lon="-0.552626"><ele>29</ele></trkpt>
      <trkpt lat="51.507658" lon="-0.552609"><ele>29</ele></trkpt>
      <trkpt lat="51.507665" lon="-0.552585"><ele>29</ele></trkpt>
      <trkpt lat="51.507699" lon="-0.552473"><ele>28.75</ele></trkpt>
      <trkpt lat="51.507773" lon="-0.55225"><ele>28</ele></trkpt>
      <trkpt lat="51.507838" lon="-0.551982"><ele>28</ele></trkpt>
      <trkpt lat="51.50785" lon="-0.551812"><ele>28</ele></trkpt>
      <trkpt lat="51.507786" lon="-0.550809"><ele>28</ele></trkpt>
      <trkpt lat="51.507707" lon="-0.549552"><ele>28</ele></trkpt>
      <trkpt lat="51.50765" lon="-0.548508"><ele>28</ele></trkpt>
      <trkpt lat="51.507621" lon="-0.547695"><ele>28</ele></trkpt>
      <trkpt lat="51.50759" lon="-0.547352"><ele>27.5</ele></trkpt>
      <trkpt lat="51.507488" lon="-0.546222"><ele>27</ele></trkpt>
      <trkpt lat="51.507519" lon="-0.54621"><ele>27</ele></trkpt>
      <trkpt lat="51.50744" lon="-0.545374"><ele>28.25</ele></trkpt>
      <trkpt lat="51.507354" lon="-0.543785"><ele>28</ele></trkpt>
      <trkpt lat="51.507333" lon="-0.543648"><ele>28</ele></trkpt>
      <trkpt lat="51.507301" lon="-0.543505"><ele>28</ele></trkpt>
      <trkpt lat="51.507212" lon="-0.543158"><ele>28</ele></trkpt>
      <trkpt lat="51.507211" lon="-0.543104"><ele>28</ele></trkpt>
      <trkpt lat="51.507219" lon="-0.543057"><ele>28</ele></trkpt>
      <trkpt lat="51.507235" lon="-0.543015"><ele>27.75</ele></trkpt>
      <trkpt lat="51.507265" lon="-0.542992"><ele>27.75</ele></trkpt>
      <trkpt lat="51.507244" lon="-0.54292"><ele>27.75</ele></trkpt>
      <trkpt lat="51.507374" lon="-0.542829"><ele>27.5</ele></trkpt>
      <trkpt lat="51.507619" lon="-0.542684"><ele>28</ele></trkpt>
      <trkpt lat="51.507736" lon="-0.542646"><ele>28.75</ele></trkpt>
      <trkpt lat="51.508019" lon="-0.542626"><ele>28.5</ele></trkpt>
      <trkpt lat="51.508017" lon="-0.542537"><ele>28.25</ele></trkpt>
      <trkpt lat="51.508013" lon="-0.542369"><ele>29.25</ele></trkpt>
      <trkpt lat="51.508011" lon="-0.542181"><ele>31</ele></trkpt>
      <trkpt lat="51.508064" lon="-0.542205"><ele>30.75</ele></trkpt>
      <trkpt lat="51.508063" lon="-0.541756"><ele>30.75</ele></trkpt>
      <trkpt lat="51.508064" lon="-0.542205"><ele>30.75</ele></trkpt>
      <trkpt lat="51.508083" lon="-0.542266"><ele>30.25</ele></trkpt>
      <trkpt lat="51.508146" lon="-0.542281"><ele>30</ele></trkpt>
      <trkpt lat="51.508328" lon="-0.542271"><ele>29.5</ele></trkpt>
      <trkpt lat="51.508377" lon="-0.542285"><ele>29.25</ele></trkpt>
      <trkpt lat="51.508392" lon="-0.542376"><ele>28.5</ele></trkpt>
      <trkpt lat="51.508469" lon="-0.54241"><ele>28.25</ele></trkpt>
      <trkpt lat="51.508532" lon="-0.54241"><ele>28</ele></trkpt>
      <trkpt lat="51.508637" lon="-0.542538"><ele>28</ele></trkpt>
      <trkpt lat="51.508833" lon="-0.542456"><ele>28.75</ele></trkpt>
      <trkpt lat="51.508946" lon="-0.542385"><ele>29</ele></trkpt>
      <trkpt lat="51.509382" lon="-0.542112"><ele>30.75</ele></trkpt>
      <trkpt lat="51.509417" lon="-0.541993"><ele>31.5</ele></trkpt>
      <trkpt lat="51.509557" lon="-0.541783"><ele>31</ele></trkpt>
      <trkpt lat="51.509547" lon="-0.541737"><ele>30.75</ele></trkpt>
      <trkpt lat="51.509713" lon="-0.538511"><ele>29.75</ele></trkpt>
      <trkpt lat="51.50982" lon="-0.535709"><ele>27.5</ele></trkpt>
      <trkpt lat="51.509852" lon="-0.535357"><ele>27.75</ele></trkpt>
      <trkpt lat="51.509925" lon="-0.533479"><ele>29</ele></trkpt>
      <trkpt lat="51.510052" lon="-0.530798"><ele>28.25</ele></trkpt>
      <trkpt lat="51.51009" lon="-0.529813"><ele>29</ele></trkpt>
      <trkpt lat="51.510106" lon="-0.528903"><ele>29.75</ele></trkpt>
      <trkpt lat="51.510152" lon="-0.528622"><ele>30</ele></trkpt>
      <trkpt lat="51.510184" lon="-0.528538"><ele>30.25</ele></trkpt>
      <trkpt lat="51.510194" lon="-0.528389"><ele>31</ele></trkpt>
      <trkpt lat="51.510171" lon="-0.528273"><ele>31</ele></trkpt>
      <trkpt lat="51.510161" lon="-0.528009"><ele>30.25</ele></trkpt>
      <trkpt lat="51.510264" lon="-0.525783"><ele>30</ele></trkpt>
      <trkpt lat="51.510331" lon="-0.524034"><ele>31</ele></trkpt>
      <trkpt lat="51.510437" lon="-0.522328"><ele>31.5</ele></trkpt>
      <trkpt lat="51.51073" lon="-0.520132"><ele>31.25</ele></trkpt>
      <trkpt lat="51.511199" lon="-0.517264"><ele>32</ele></trkpt>
      <trkpt lat="51.511344" lon="-0.516458"><ele>30.25</ele></trkpt>
      <trkpt lat="51.511331" lon="-0.516354"><ele>30.5</ele></trkpt>
      <trkpt lat="51.511344" lon="-0.516102"><ele>32</ele></trkpt>
      <trkpt lat="51.511409" lon="-0.516081"><ele>32.25</ele></trkpt>
      <trkpt lat="51.511451" lon="-0.51603"><ele>32.75</ele></trkpt>
      <trkpt lat="51.511465" lon="-0.515941"><ele>33.25</ele></trkpt>
      <trkpt lat="51.511452" lon="-0.515832"><ele>33.75</ele></trkpt>
      <trkpt lat="51.511478" lon="-0.515671"><ele>33.25</ele></trkpt>
      <trkpt lat="51.511933" lon="-0.51308"><ele>30</ele></trkpt>
      <trkpt lat="51.512501" lon="-0.509593"><ele>31.25</ele></trkpt>
      <trkpt lat="51.513282" lon="-0.505001"><ele>30.25</ele></trkpt>
      <trkpt lat="51.513455" lon="-0.503936"><ele>32.5</ele></trkpt>
      <trkpt lat="51.513371" lon="-0.50364"><ele>34.25</ele></trkpt>
      <trkpt lat="51.512759" lon="-0.503763"><ele>35</ele></trkpt>
      <trkpt lat="51.512118" lon="-0.503762"><ele>35</ele></trkpt>
      <trkpt lat="51.511822" lon="-0.503745"><ele>35</ele></trkpt>
      <trkpt lat="51.511621" lon="-0.503758"><ele>35</ele></trkpt>
      <trkpt lat="51.509726" lon="-0.504049"><ele>35.5</ele></trkpt>
      <trkpt lat="51.509287" lon="-0.504101"><ele>36.25</ele></trkpt>
      <trkpt lat="51.509298" lon="-0.504216"><ele>36.25</ele></trkpt>
      <trkpt lat="51.509036" lon="-0.504195"><ele>33.5</ele></trkpt>
      <trkpt lat="51.508539" lon="-0.504271"><ele>34.75</ele></trkpt>
      <trkpt lat="51.50835" lon="-0.504334"><ele>35.75</ele></trkpt>
      <trkpt lat="51.508299" lon="-0.504343"><ele>35.75</ele></trkpt>
      <trkpt lat="51.508449" lon="-0.504379"><ele>35.25</ele></trkpt>
      <trkpt lat="51.508506" lon="-0.504413"><ele>34.75</ele></trkpt>
      <trkpt lat="51.508543" lon="-0.50447"><ele>34.25</ele></trkpt>
      <trkpt lat="51.508555" lon="-0.504549"><ele>33.5</ele></trkpt>
      <trkpt lat="51.508553" lon="-0.504645"><ele>33</ele></trkpt>
      <trkpt lat="51.508436" lon="-0.506138"><ele>33.25</ele></trkpt>
      <trkpt lat="51.508427" lon="-0.506136"><ele>33.5</ele></trkpt>
      <trkpt lat="51.508366" lon="-0.506125"><ele>34.25</ele></trkpt>
      <trkpt lat="51.508329" lon="-0.506642"><ele>34</ele></trkpt>
      <trkpt lat="51.508405" lon="-0.50666"><ele>32.75</ele></trkpt>
      <trkpt lat="51.508407" lon="-0.506595"><ele>33</ele></trkpt>
      <trkpt lat="51.508461" lon="-0.506593"><ele>32.25</ele></trkpt>
      <trkpt lat="51.508485" lon="-0.506296"><ele>32.5</ele></trkpt>
      <trkpt lat="51.5085" lon="-0.506299"><ele>32.25</ele></trkpt>
      <trkpt lat="51.508471" lon="-0.506675"><ele>32</ele></trkpt>
      <trkpt lat="51.5085" lon="-0.506299"><ele>32.25</ele></trkpt>
      <trkpt lat="51.508485" lon="-0.506296"><ele>32.5</ele></trkpt>
      <trkpt lat="51.508461" lon="-0.506593"><ele>32.25</ele></trkpt>
      <trkpt lat="51.508407" lon="-0.506595"><ele>33</ele></trkpt>
      <trkpt lat="51.508405" lon="-0.50666"><ele>32.75</ele></trkpt>
      <trkpt lat="51.508329" lon="-0.506642"><ele>34</ele></trkpt>
      <trkpt lat="51.508366" lon="-0.506125"><ele>34.25</ele></trkpt>
      <trkpt lat="51.508427" lon="-0.506136"><ele>33.5</ele></trkpt>
      <trkpt lat="51.508436" lon="-0.506138"><ele>33.25</ele></trkpt>
      <trkpt lat="51.508553" lon="-0.504645"><ele>33</ele></trkpt>
      <trkpt lat="51.508555" lon="-0.504549"><ele>33.5</ele></trkpt>
      <trkpt lat="51.508543" lon="-0.50447"><ele>34.25</ele></trkpt>
      <trkpt lat="51.508506" lon="-0.504413"><ele>34.75</ele></trkpt>
      <trkpt lat="51.508449" lon="-0.504379"><ele>35.25</ele></trkpt>
      <trkpt lat="51.508299" lon="-0.504343"><ele>35.75</ele></trkpt>
      <trkpt lat="51.50835" lon="-0.504334"><ele>35.75</ele></trkpt>
      <trkpt lat="51.508539" lon="-0.504271"><ele>34.75</ele></trkpt>
      <trkpt lat="51.509036" lon="-0.504195"><ele>33.5</ele></trkpt>
      <trkpt lat="51.509298" lon="-0.504216"><ele>36.25</ele></trkpt>
      <trkpt lat="51.509287" lon="-0.504101"><ele>36.25</ele></trkpt>
      <trkpt lat="51.509726" lon="-0.504049"><ele>35.5</ele></trkpt>
      <trkpt lat="51.511621" lon="-0.503758"><ele>35</ele></trkpt>
      <trkpt lat="51.511822" lon="-0.503745"><ele>35</ele></trkpt>
      <trkpt lat="51.512118" lon="-0.503762"><ele>35</ele></trkpt>
      <trkpt lat="51.512759" lon="-0.503763"><ele>35</ele></trkpt>
      <trkpt lat="51.513371" lon="-0.50364"><ele>34.25</ele></trkpt>
      <trkpt lat="51.513391" lon="-0.503635"><ele>33.75</ele></trkpt>
      <trkpt lat="51.513583" lon="-0.503167"><ele>31</ele></trkpt>
      <trkpt lat="51.513811" lon="-0.502166"><ele>31.75</ele></trkpt>
      <trkpt lat="51.513887" lon="-0.501714"><ele>30</ele></trkpt>
      <trkpt lat="51.51401" lon="-0.501056"><ele>32.5</ele></trkpt>
      <trkpt lat="51.51406" lon="-0.500828"><ele>32.25</ele></trkpt>
      <trkpt lat="51.514178" lon="-0.500189"><ele>30.25</ele></trkpt>
      <trkpt lat="51.51432" lon="-0.499279"><ele>32.5</ele></trkpt>
      <trkpt lat="51.514452" lon="-0.498445"><ele>30.5</ele></trkpt>
      <trkpt lat="51.514509" lon="-0.49813"><ele>32.75</ele></trkpt>
      <trkpt lat="51.51455" lon="-0.498009"><ele>33.25</ele></trkpt>
      <trkpt lat="51.514565" lon="-0.497923"><ele>33.25</ele></trkpt>
      <trkpt lat="51.514569" lon="-0.497707"><ele>32.5</ele></trkpt>
      <trkpt lat="51.514636" lon="-0.497158"><ele>30.5</ele></trkpt>
      <trkpt lat="51.514663" lon="-0.497004"><ele>30.25</ele></trkpt>
      <trkpt lat="51.51476" lon="-0.496623"><ele>29.5</ele></trkpt>
      <trkpt lat="51.51479" lon="-0.49656"><ele>28.75</ele></trkpt>
      <trkpt lat="51.514828" lon="-0.496341"><ele>27.5</ele></trkpt>
      <trkpt lat="51.51483" lon="-0.496204"><ele>27.75</ele></trkpt>
      <trkpt lat="51.514982" lon="-0.495096"><ele>29.75</ele></trkpt>
      <trkpt lat="51.515255" lon="-0.493527"><ele>30</ele></trkpt>
      <trkpt lat="51.515539" lon="-0.491834"><ele>29.5</ele></trkpt>
      <trkpt lat="51.51559" lon="-0.491721"><ele>28.75</ele></trkpt>
      <trkpt lat="51.515656" lon="-0.49134"><ele>27.5</ele></trkpt>
      <trkpt lat="51.515655" lon="-0.491242"><ele>28</ele></trkpt>
      <trkpt lat="51.515669" lon="-0.491092"><ele>28.75</ele></trkpt>
      <trkpt lat="51.515773" lon="-0.490504"><ele>28.75</ele></trkpt>
      <trkpt lat="51.51569" lon="-0.49032"><ele>28.75</ele></trkpt>
      <trkpt lat="51.515686" lon="-0.490292"><ele>28.75</ele></trkpt>
      <trkpt lat="51.515687" lon="-0.490286"><ele>28.75</ele></trkpt>
      <trkpt lat="51.515619" lon="-0.490219"><ele>28.75</ele></trkpt>
      <trkpt lat="51.515141" lon="-0.489751"><ele>29.25</ele></trkpt>
      <trkpt lat="51.515026" lon="-0.489531"><ele>28.5</ele></trkpt>
      <trkpt lat="51.514841" lon="-0.489032"><ele>29.75</ele></trkpt>
      <trkpt lat="51.514679" lon="-0.48852"><ele>27</ele></trkpt>
      <trkpt lat="51.514555" lon="-0.48798"><ele>28</ele></trkpt>
      <trkpt lat="51.514372" lon="-0.487439"><ele>28</ele></trkpt>
      <trkpt lat="51.514298" lon="-0.487283"><ele>28.25</ele></trkpt>
      <trkpt lat="51.5141" lon="-0.486816"><ele>28</ele></trkpt>
      <trkpt lat="51.513858" lon="-0.486301"><ele>27</ele></trkpt>
      <trkpt lat="51.513712" lon="-0.485947"><ele>27.25</ele></trkpt>
      <trkpt lat="51.513658" lon="-0.485579"><ele>27.5</ele></trkpt>
      <trkpt lat="51.513628" lon="-0.48522"><ele>27</ele></trkpt>
      <trkpt lat="51.513623" lon="-0.484947"><ele>27.25</ele></trkpt>
      <trkpt lat="51.513608" lon="-0.484665"><ele>26.75</ele></trkpt>
      <trkpt lat="51.513571" lon="-0.484298"><ele>26.75</ele></trkpt>
      <trkpt lat="51.51354" lon="-0.484138"><ele>26.5</ele></trkpt>
      <trkpt lat="51.513459" lon="-0.483573"><ele>26.75</ele></trkpt>
      <trkpt lat="51.513455" lon="-0.483374"><ele>27</ele></trkpt>
      <trkpt lat="51.513454" lon="-0.483353"><ele>27.25</ele></trkpt>
      <trkpt lat="51.513449" lon="-0.482961"><ele>27.25</ele></trkpt>
      <trkpt lat="51.513441" lon="-0.48285"><ele>27</ele></trkpt>
      <trkpt lat="51.513441" lon="-0.482847"><ele>27</ele></trkpt>
      <trkpt lat="51.51346" lon="-0.482804"><ele>27</ele></trkpt>
      <trkpt lat="51.51347" lon="-0.482753"><ele>26.75</ele></trkpt>
      <trkpt lat="51.513483" lon="-0.482609"><ele>26.75</ele></trkpt>
      <trkpt lat="51.513481" lon="-0.482541"><ele>26.5</ele></trkpt>
      <trkpt lat="51.513454" lon="-0.482446"><ele>26.25</ele></trkpt>
      <trkpt lat="51.513435" lon="-0.482344"><ele>26.5</ele></trkpt>
      <trkpt lat="51.513435" lon="-0.482287"><ele>26.5</ele></trkpt>
      <trkpt lat="51.513453" lon="-0.482142"><ele>26.25</ele></trkpt>
      <trkpt lat="51.51348" lon="-0.482047"><ele>26</ele></trkpt>
      <trkpt lat="51.51351" lon="-0.481954"><ele>26</ele></trkpt>
      <trkpt lat="51.513498" lon="-0.481471"><ele>27</ele></trkpt>
      <trkpt lat="51.513461" lon="-0.48108"><ele>27</ele></trkpt>
      <trkpt lat="51.513428" lon="-0.480848"><ele>27</ele></trkpt>
      <trkpt lat="51.513363" lon="-0.480546"><ele>26.75</ele></trkpt>
      <trkpt lat="51.513335" lon="-0.480446"><ele>27</ele></trkpt>
      <trkpt lat="51.513322" lon="-0.480367"><ele>27</ele></trkpt>
      <trkpt lat="51.513226" lon="-0.480269"><ele>26.75</ele></trkpt>
      <trkpt lat="51.512969" lon="-0.480091"><ele>27</ele></trkpt>
      <trkpt lat="51.512874" lon="-0.480021"><ele>27</ele></trkpt>
      <trkpt lat="51.512845" lon="-0.479966"><ele>27</ele></trkpt>
      <trkpt lat="51.512835" lon="-0.479924"><ele>27</ele></trkpt>
      <trkpt lat="51.512825" lon="-0.479832"><ele>26.75</ele></trkpt>
      <trkpt lat="51.51283" lon="-0.479795"><ele>27</ele></trkpt>
      <trkpt lat="51.512929" lon="-0.479528"><ele>27</ele></trkpt>
      <trkpt lat="51.512935" lon="-0.479514"><ele>27</ele></trkpt>
      <trkpt lat="51.513" lon="-0.479349"><ele>27.25</ele></trkpt>
      <trkpt lat="51.513055" lon="-0.479207"><ele>27.75</ele></trkpt>
      <trkpt lat="51.513114" lon="-0.479051"><ele>28</ele></trkpt>
      <trkpt lat="51.51315" lon="-0.478871"><ele>28</ele></trkpt>
      <trkpt lat="51.51317" lon="-0.478643"><ele>28</ele></trkpt>
      <trkpt lat="51.512704" lon="-0.478433"><ele>27.25</ele></trkpt>
      <trkpt lat="51.51264" lon="-0.478402"><ele>27.25</ele></trkpt>
      <trkpt lat="51.512454" lon="-0.478313"><ele>27.75</ele></trkpt>
      <trkpt lat="51.512261" lon="-0.478205"><ele>27</ele></trkpt>
      <trkpt lat="51.512025" lon="-0.47807"><ele>26.75</ele></trkpt>
      <trkpt lat="51.511953" lon="-0.478028"><ele>27</ele></trkpt>
      <trkpt lat="51.511738" lon="-0.477892"><ele>27</ele></trkpt>
      <trkpt lat="51.51168" lon="-0.477859"><ele>27</ele></trkpt>
      <trkpt lat="51.511397" lon="-0.477667"><ele>27</ele></trkpt>
      <trkpt lat="51.511309" lon="-0.477597"><ele>27.25</ele></trkpt>
      <trkpt lat="51.511065" lon="-0.477338"><ele>27.5</ele></trkpt>
      <trkpt lat="51.510833" lon="-0.477047"><ele>27.5</ele></trkpt>
      <trkpt lat="51.510315" lon="-0.475442"><ele>28.25</ele></trkpt>
      <trkpt lat="51.510217" lon="-0.475083"><ele>28.5</ele></trkpt>
      <trkpt lat="51.5102" lon="-0.474676"><ele>28.75</ele></trkpt>
      <trkpt lat="51.510197" lon="-0.474242"><ele>27</ele></trkpt>
      <trkpt lat="51.510196" lon="-0.474172"><ele>26.25</ele></trkpt>
      <trkpt lat="51.510183" lon="-0.474116"><ele>26.5</ele></trkpt>
      <trkpt lat="51.510284" lon="-0.473981"><ele>27.5</ele></trkpt>
      <trkpt lat="51.510371" lon="-0.473865"><ele>28.25</ele></trkpt>
      <trkpt lat="51.510327" lon="-0.473805"><ele>28.25</ele></trkpt>
      <trkpt lat="51.510301" lon="-0.473712"><ele>28.5</ele></trkpt>
      <trkpt lat="51.510273" lon="-0.473527"><ele>29</ele></trkpt>
      <trkpt lat="51.510262" lon="-0.473408"><ele>29</ele></trkpt>
      <trkpt lat="51.51026" lon="-0.473385"><ele>29</ele></trkpt>
      <trkpt lat="51.510248" lon="-0.473176"><ele>29.5</ele></trkpt>
      <trkpt lat="51.510244" lon="-0.473097"><ele>29.75</ele></trkpt>
      <trkpt lat="51.510241" lon="-0.473056"><ele>30</ele></trkpt>
      <trkpt lat="51.510233" lon="-0.472954"><ele>30</ele></trkpt>
      <trkpt lat="51.51021" lon="-0.47263"><ele>30</ele></trkpt>
      <trkpt lat="51.510221" lon="-0.472579"><ele>30</ele></trkpt>
      <trkpt lat="51.510142" lon="-0.472465"><ele>30.25</ele></trkpt>
      <trkpt lat="51.510137" lon="-0.472465"><ele>30.5</ele></trkpt>
      <trkpt lat="51.510122" lon="-0.472465"><ele>30.5</ele></trkpt>
      <trkpt lat="51.51012" lon="-0.472292"><ele>30.5</ele></trkpt>
      <trkpt lat="51.510094" lon="-0.472294"><ele>30.5</ele></trkpt>
      <trkpt lat="51.510093" lon="-0.472233"><ele>30.5</ele></trkpt>
      <trkpt lat="51.510094" lon="-0.472294"><ele>30.5</ele></trkpt>
      <trkpt lat="51.51012" lon="-0.472292"><ele>30.5</ele></trkpt>
      <trkpt lat="51.510122" lon="-0.472465"><ele>30.5</ele></trkpt>
      <trkpt lat="51.510137" lon="-0.472465"><ele>30.5</ele></trkpt>
      <trkpt lat="51.510142" lon="-0.472465"><ele>30.25</ele></trkpt>
      <trkpt lat="51.510221" lon="-0.472579"><ele>30</ele></trkpt>
      <trkpt lat="51.51021" lon="-0.47263"><ele>30</ele></trkpt>
      <trkpt lat="51.510233" lon="-0.472954"><ele>30</ele></trkpt>
      <trkpt lat="51.510319" lon="-0.47296"><ele>30</ele></trkpt>
      <trkpt lat="51.510296" lon="-0.473125"><ele>29.75</ele></trkpt>
      <trkpt lat="51.510322" lon="-0.473137"><ele>29.75</ele></trkpt>
      <trkpt lat="51.510293" lon="-0.473381"><ele>29</ele></trkpt>
      <trkpt lat="51.510293" lon="-0.473456"><ele>29</ele></trkpt>
      <trkpt lat="51.51032" lon="-0.473644"><ele>29</ele></trkpt>
      <trkpt lat="51.510343" lon="-0.473701"><ele>28.75</ele></trkpt>
      <trkpt lat="51.51038" lon="-0.473738"><ele>28.75</ele></trkpt>
      <trkpt lat="51.510404" lon="-0.473732"><ele>29</ele></trkpt>
      <trkpt lat="51.510982" lon="-0.473154"><ele>30.75</ele></trkpt>
      <trkpt lat="51.511166" lon="-0.472989"><ele>30.25</ele></trkpt>
      <trkpt lat="51.511184" lon="-0.472958"><ele>30.5</ele></trkpt>
      <trkpt lat="51.511195" lon="-0.472919"><ele>30.75</ele></trkpt>
      <trkpt lat="51.511193" lon="-0.472838"><ele>31</ele></trkpt>
      <trkpt lat="51.51118" lon="-0.472782"><ele>31</ele></trkpt>
      <trkpt lat="51.511171" lon="-0.472763"><ele>31</ele></trkpt>
      <trkpt lat="51.511161" lon="-0.472777"><ele>31</ele></trkpt>
      <trkpt lat="51.511092" lon="-0.472983"><ele>30.25</ele></trkpt>
      <trkpt lat="51.511083" lon="-0.473008"><ele>30.25</ele></trkpt>
      <trkpt lat="51.510751" lon="-0.472576"><ele>30</ele></trkpt>
      <trkpt lat="51.510561" lon="-0.472292"><ele>29.75</ele></trkpt>
      <trkpt lat="51.510452" lon="-0.472063"><ele>29.5</ele></trkpt>
      <trkpt lat="51.510377" lon="-0.471832"><ele>29.5</ele></trkpt>
      <trkpt lat="51.510309" lon="-0.471531"><ele>29.75</ele></trkpt>
      <trkpt lat="51.510173" lon="-0.47053"><ele>30</ele></trkpt>
      <trkpt lat="51.51009" lon="-0.47"><ele>29.75</ele></trkpt>
      <trkpt lat="51.510052" lon="-0.469685"><ele>29.75</ele></trkpt>
      <trkpt lat="51.51" lon="-0.469124"><ele>29</ele></trkpt>
      <trkpt lat="51.509849" lon="-0.46734"><ele>30</ele></trkpt>
      <trkpt lat="51.509632" lon="-0.464948"><ele>30.5</ele></trkpt>
      <trkpt lat="51.509598" lon="-0.464827"><ele>31</ele></trkpt>
      <trkpt lat="51.509575" lon="-0.464786"><ele>31.25</ele></trkpt>
      <trkpt lat="51.509557" lon="-0.464656"><ele>31.25</ele></trkpt>
      <trkpt lat="51.509578" lon="-0.464361"><ele>30.5</ele></trkpt>
      <trkpt lat="51.509556" lon="-0.463928"><ele>30</ele></trkpt>
      <trkpt lat="51.509244" lon="-0.460327"><ele>29.75</ele></trkpt>
      <trkpt lat="51.509135" lon="-0.459114"><ele>30.25</ele></trkpt>
      <trkpt lat="51.508928" lon="-0.456934"><ele>30.5</ele></trkpt>
      <trkpt lat="51.508905" lon="-0.456694"><ele>30.25</ele></trkpt>
      <trkpt lat="51.508762" lon="-0.455719"><ele>32.25</ele></trkpt>
      <trkpt lat="51.508652" lon="-0.45498"><ele>30.5</ele></trkpt>
      <trkpt lat="51.50851" lon="-0.454306"><ele>32.25</ele></trkpt>
      <trkpt lat="51.508524" lon="-0.453999"><ele>32.25</ele></trkpt>
      <trkpt lat="51.508487" lon="-0.453684"><ele>32</ele></trkpt>
      <trkpt lat="51.508403" lon="-0.453039"><ele>30.75</ele></trkpt>
      <trkpt lat="51.508354" lon="-0.45265"><ele>30</ele></trkpt>
      <trkpt lat="51.508196" lon="-0.451341"><ele>31</ele></trkpt>
      <trkpt lat="51.508142" lon="-0.451007"><ele>30.5</ele></trkpt>
      <trkpt lat="51.508039" lon="-0.450694"><ele>31</ele></trkpt>
      <trkpt lat="51.508012" lon="-0.450535"><ele>32.25</ele></trkpt>
      <trkpt lat="51.508013" lon="-0.45031"><ele>31.25</ele></trkpt>
      <trkpt lat="51.508014" lon="-0.450133"><ele>31.5</ele></trkpt>
      <trkpt lat="51.50798" lon="-0.449762"><ele>32.25</ele></trkpt>
      <trkpt lat="51.507965" lon="-0.44964"><ele>32.25</ele></trkpt>
      <trkpt lat="51.507466" lon="-0.445681"><ele>31</ele></trkpt>
      <trkpt lat="51.507244" lon="-0.44398"><ele>30</ele></trkpt>
      <trkpt lat="51.507208" lon="-0.443636"><ele>31</ele></trkpt>
      <trkpt lat="51.507182" lon="-0.443308"><ele>31</ele></trkpt>
      <trkpt lat="51.507175" lon="-0.442841"><ele>31.25</ele></trkpt>
      <trkpt lat="51.50718" lon="-0.44248"><ele>31.25</ele></trkpt>
      <trkpt lat="51.507197" lon="-0.442249"><ele>31</ele></trkpt>
      <trkpt lat="51.507225" lon="-0.442004"><ele>30</ele></trkpt>
      <trkpt lat="51.507267" lon="-0.441771"><ele>30.5</ele></trkpt>
      <trkpt lat="51.50735" lon="-0.441369"><ele>31.75</ele></trkpt>
      <trkpt lat="51.507893" lon="-0.438998"><ele>30.25</ele></trkpt>
      <trkpt lat="51.508041" lon="-0.438271"><ele>30.75</ele></trkpt>
      <trkpt lat="51.508196" lon="-0.437526"><ele>32.75</ele></trkpt>
      <trkpt lat="51.508285" lon="-0.437091"><ele>33</ele></trkpt>
      <trkpt lat="51.508303" lon="-0.436979"><ele>32.25</ele></trkpt>
      <trkpt lat="51.50831" lon="-0.436738"><ele>31.25</ele></trkpt>
      <trkpt lat="51.508324" lon="-0.436678"><ele>31</ele></trkpt>
      <trkpt lat="51.508395" lon="-0.436545"><ele>31.25</ele></trkpt>
      <trkpt lat="51.50852" lon="-0.436103"><ele>32</ele></trkpt>
      <trkpt lat="51.50859" lon="-0.435839"><ele>31.75</ele></trkpt>
      <trkpt lat="51.508793" lon="-0.434881"><ele>32</ele></trkpt>
      <trkpt lat="51.508885" lon="-0.434397"><ele>30.75</ele></trkpt>
      <trkpt lat="51.508944" lon="-0.433908"><ele>30.75</ele></trkpt>
      <trkpt lat="51.508973" lon="-0.433519"><ele>31</ele></trkpt>
      <trkpt lat="51.508985" lon="-0.433073"><ele>31.25</ele></trkpt>
      <trkpt lat="51.508945" lon="-0.432807"><ele>31.5</ele></trkpt>
      <trkpt lat="51.508953" lon="-0.432594"><ele>31.5</ele></trkpt>
      <trkpt lat="51.508979" lon="-0.432447"><ele>31.75</ele></trkpt>
      <trkpt lat="51.509011" lon="-0.432495"><ele>32.25</ele></trkpt>
      <trkpt lat="51.509024" lon="-0.432539"><ele>32.25</ele></trkpt>
      <trkpt lat="51.509018" lon="-0.432637"><ele>32.25</ele></trkpt>
      <trkpt lat="51.509021" lon="-0.432725"><ele>32.25</ele></trkpt>
      <trkpt lat="51.509001" lon="-0.432717"><ele>32</ele></trkpt>
      <trkpt lat="51.508832" lon="-0.432658"><ele>31.5</ele></trkpt>
      <trkpt lat="51.508716" lon="-0.432617"><ele>32.75</ele></trkpt>
      <trkpt lat="51.508382" lon="-0.432564"><ele>34</ele></trkpt>
      <trkpt lat="51.508376" lon="-0.43253"><ele>34</ele></trkpt>
      <trkpt lat="51.508359" lon="-0.432509"><ele>34</ele></trkpt>
      <trkpt lat="51.508337" lon="-0.432508"><ele>33.75</ele></trkpt>
      <trkpt lat="51.508315" lon="-0.432543"><ele>33.75</ele></trkpt>
      <trkpt lat="51.508085" lon="-0.432366"><ele>33.25</ele></trkpt>
      <trkpt lat="51.506669" lon="-0.431207"><ele>32.75</ele></trkpt>
      <trkpt lat="51.506448" lon="-0.431119"><ele>33</ele></trkpt>
      <trkpt lat="51.506366" lon="-0.431118"><ele>33</ele></trkpt>
      <trkpt lat="51.506355" lon="-0.431041"><ele>32.75</ele></trkpt>
      <trkpt lat="51.506334" lon="-0.430987"><ele>32.5</ele></trkpt>
      <trkpt lat="51.506277" lon="-0.430943"><ele>32.5</ele></trkpt>
      <trkpt lat="51.506277" lon="-0.430858"><ele>32.25</ele></trkpt>
      <trkpt lat="51.506257" lon="-0.430715"><ele>32.25</ele></trkpt>
      <trkpt lat="51.506233" lon="-0.430642"><ele>32</ele></trkpt>
      <trkpt lat="51.506069" lon="-0.430149"><ele>32</ele></trkpt>
      <trkpt lat="51.505612" lon="-0.428801"><ele>32</ele></trkpt>
      <trkpt lat="51.505464" lon="-0.428327"><ele>32</ele></trkpt>
      <trkpt lat="51.505259" lon="-0.427735"><ele>32</ele></trkpt>
      <trkpt lat="51.505185" lon="-0.427481"><ele>32</ele></trkpt>
      <trkpt lat="51.50515" lon="-0.42741"><ele>32</ele></trkpt>
      <trkpt lat="51.505133" lon="-0.427356"><ele>32</ele></trkpt>
      <trkpt lat="51.504996" lon="-0.426915"><ele>32</ele></trkpt>
      <trkpt lat="51.504857" lon="-0.426472"><ele>31.5</ele></trkpt>
      <trkpt lat="51.50462" lon="-0.425714"><ele>32</ele></trkpt>
      <trkpt lat="51.504356" lon="-0.424876"><ele>32</ele></trkpt>
      <trkpt lat="51.503866" lon="-0.423333"><ele>32</ele></trkpt>
      <trkpt lat="51.503851" lon="-0.423284"><ele>32</ele></trkpt>
      <trkpt lat="51.503838" lon="-0.423103"><ele>32</ele></trkpt>
      <trkpt lat="51.503807" lon="-0.422678"><ele>32</ele></trkpt>
      <trkpt lat="51.503712" lon="-0.421101"><ele>32</ele></trkpt>
      <trkpt lat="51.503719" lon="-0.420992"><ele>32</ele></trkpt>
      <trkpt lat="51.503753" lon="-0.420925"><ele>32</ele></trkpt>
      <trkpt lat="51.503742" lon="-0.420891"><ele>32</ele></trkpt>
      <trkpt lat="51.503672" lon="-0.420674"><ele>32</ele></trkpt>
      <trkpt lat="51.5037" lon="-0.420552"><ele>32</ele></trkpt>
      <trkpt lat="51.503669" lon="-0.420462"><ele>32.5</ele></trkpt>
      <trkpt lat="51.50365" lon="-0.420421"><ele>32.75</ele></trkpt>
      <trkpt lat="51.503614" lon="-0.420344"><ele>33.5</ele></trkpt>
      <trkpt lat="51.503464" lon="-0.420478"><ele>33.25</ele></trkpt>
      <trkpt lat="51.503354" lon="-0.420598"><ele>33.25</ele></trkpt>
      <trkpt lat="51.503091" lon="-0.420885"><ele>33</ele></trkpt>
      <trkpt lat="51.502975" lon="-0.421011"><ele>33</ele></trkpt>
      <trkpt lat="51.502952" lon="-0.420957"><ele>33</ele></trkpt>
      <trkpt lat="51.502942" lon="-0.42093"><ele>33</ele></trkpt>
      <trkpt lat="51.502985" lon="-0.420884"><ele>33</ele></trkpt>
      <trkpt lat="51.503003" lon="-0.420853"><ele>33</ele></trkpt>
      <trkpt lat="51.503084" lon="-0.420719"><ele>32.75</ele></trkpt>
      <trkpt lat="51.503102" lon="-0.420699"><ele>33</ele></trkpt>
      <trkpt lat="51.503159" lon="-0.420634"><ele>33</ele></trkpt>
      <trkpt lat="51.503266" lon="-0.420556"><ele>33</ele></trkpt>
      <trkpt lat="51.503401" lon="-0.420427"><ele>33.25</ele></trkpt>
      <trkpt lat="51.503901" lon="-0.419977"><ele>33</ele></trkpt>
      <trkpt lat="51.503888" lon="-0.419922"><ele>33</ele></trkpt>
      <trkpt lat="51.503828" lon="-0.419899"><ele>33</ele></trkpt>
      <trkpt lat="51.503827" lon="-0.419859"><ele>33</ele></trkpt>
      <trkpt lat="51.503826" lon="-0.419817"><ele>33</ele></trkpt>
      <trkpt lat="51.503912" lon="-0.419797"><ele>33</ele></trkpt>
      <trkpt lat="51.503978" lon="-0.419783"><ele>33</ele></trkpt>
      <trkpt lat="51.50401" lon="-0.419788"><ele>33</ele></trkpt>
      <trkpt lat="51.504047" lon="-0.419801"><ele>33</ele></trkpt>
      <trkpt lat="51.504096" lon="-0.419713"><ele>33</ele></trkpt>
      <trkpt lat="51.504121" lon="-0.4197"><ele>33</ele></trkpt>
      <trkpt lat="51.504145" lon="-0.4197"><ele>33</ele></trkpt>
      <trkpt lat="51.50419" lon="-0.419726"><ele>32.75</ele></trkpt>
      <trkpt lat="51.504218" lon="-0.419726"><ele>32.75</ele></trkpt>
      <trkpt lat="51.504319" lon="-0.419684"><ele>32.75</ele></trkpt>
      <trkpt lat="51.504393" lon="-0.419677"><ele>32.5</ele></trkpt>
      <trkpt lat="51.504422" lon="-0.419666"><ele>32.5</ele></trkpt>
      <trkpt lat="51.504522" lon="-0.419609"><ele>31.75</ele></trkpt>
      <trkpt lat="51.504553" lon="-0.419584"><ele>31.75</ele></trkpt>
      <trkpt lat="51.504642" lon="-0.419513"><ele>31.75</ele></trkpt>
      <trkpt lat="51.504688" lon="-0.41948"><ele>31.75</ele></trkpt>
      <trkpt lat="51.504711" lon="-0.419462"><ele>31.75</ele></trkpt>
      <trkpt lat="51.504744" lon="-0.419436"><ele>32</ele></trkpt>
      <trkpt lat="51.504776" lon="-0.41939"><ele>32.25</ele></trkpt>
      <trkpt lat="51.505257" lon="-0.419074"><ele>32</ele></trkpt>
      <trkpt lat="51.505303" lon="-0.419031"><ele>32</ele></trkpt>
      <trkpt lat="51.505286" lon="-0.418987"><ele>32</ele></trkpt>
      <trkpt lat="51.505201" lon="-0.418732"><ele>31.75</ele></trkpt>
      <trkpt lat="51.505183" lon="-0.418655"><ele>31.5</ele></trkpt>
      <trkpt lat="51.505184" lon="-0.418574"><ele>31.5</ele></trkpt>
      <trkpt lat="51.505197" lon="-0.418526"><ele>31.25</ele></trkpt>
      <trkpt lat="51.505239" lon="-0.418486"><ele>31.25</ele></trkpt>
      <trkpt lat="51.505325" lon="-0.418436"><ele>31.25</ele></trkpt>
      <trkpt lat="51.505045" lon="-0.417608"><ele>31</ele></trkpt>
      <trkpt lat="51.505061" lon="-0.417592"><ele>31</ele></trkpt>
      <trkpt lat="51.505059" lon="-0.417548"><ele>31</ele></trkpt>
      <trkpt lat="51.505075" lon="-0.417534"><ele>31</ele></trkpt>
      <trkpt lat="51.505028" lon="-0.417407"><ele>31</ele></trkpt>
      <trkpt lat="51.505006" lon="-0.417341"><ele>31</ele></trkpt>
      <trkpt lat="51.50502" lon="-0.41727"><ele>31</ele></trkpt>
      <trkpt lat="51.505017" lon="-0.417215"><ele>31</ele></trkpt>
      <trkpt lat="51.504956" lon="-0.417039"><ele>31</ele></trkpt>
      <trkpt lat="51.504661" lon="-0.416195"><ele>31</ele></trkpt>
      <trkpt lat="51.504666" lon="-0.416151"><ele>31</ele></trkpt>
      <trkpt lat="51.504648" lon="-0.416102"><ele>31</ele></trkpt>
      <trkpt lat="51.504615" lon="-0.416066"><ele>31</ele></trkpt>
      <trkpt lat="51.50458" lon="-0.415984"><ele>31</ele></trkpt>
      <trkpt lat="51.504466" lon="-0.415715"><ele>31</ele></trkpt>
      <trkpt lat="51.504188" lon="-0.414912"><ele>30</ele></trkpt>
      <trkpt lat="51.504179" lon="-0.41405"><ele>30</ele></trkpt>
      <trkpt lat="51.504178" lon="-0.413897"><ele>29.75</ele></trkpt>
      <trkpt lat="51.504171" lon="-0.413261"><ele>30</ele></trkpt>
      <trkpt lat="51.504167" lon="-0.41285"><ele>30</ele></trkpt>
      <trkpt lat="51.504166" lon="-0.412726"><ele>30</ele></trkpt>
      <trkpt lat="51.504161" lon="-0.412284"><ele>30</ele></trkpt>
      <trkpt lat="51.504161" lon="-0.412231"><ele>30</ele></trkpt>
      <trkpt lat="51.504249" lon="-0.412025"><ele>30.25</ele></trkpt>
      <trkpt lat="51.504506" lon="-0.411845"><ele>30</ele></trkpt>
      <trkpt lat="51.505095" lon="-0.41144"><ele>30</ele></trkpt>
      <trkpt lat="51.504954" lon="-0.411037"><ele>30</ele></trkpt>
      <trkpt lat="51.504857" lon="-0.410762"><ele>30</ele></trkpt>
      <trkpt lat="51.504641" lon="-0.410103"><ele>29.5</ele></trkpt>
      <trkpt lat="51.504249" lon="-0.408911"><ele>29</ele></trkpt>
      <trkpt lat="51.504165" lon="-0.408699"><ele>29</ele></trkpt>
      <trkpt lat="51.504112" lon="-0.408502"><ele>29</ele></trkpt>
      <trkpt lat="51.504083" lon="-0.408326"><ele>29</ele></trkpt>
      <trkpt lat="51.50404" lon="-0.407813"><ele>29.25</ele></trkpt>
      <trkpt lat="51.503959" lon="-0.406756"><ele>29</ele></trkpt>
      <trkpt lat="51.503938" lon="-0.406501"><ele>29</ele></trkpt>
      <trkpt lat="51.503883" lon="-0.406371"><ele>28.75</ele></trkpt>
      <trkpt lat="51.503875" lon="-0.406327"><ele>28.75</ele></trkpt>
      <trkpt lat="51.503854" lon="-0.406333"><ele>28.5</ele></trkpt>
      <trkpt lat="51.503834" lon="-0.406337"><ele>28.5</ele></trkpt>
      <trkpt lat="51.503824" lon="-0.406308"><ele>28.5</ele></trkpt>
      <trkpt lat="51.503821" lon="-0.406257"><ele>28.5</ele></trkpt>
      <trkpt lat="51.503744" lon="-0.405487"><ele>28.75</ele></trkpt>
      <trkpt lat="51.503713" lon="-0.405169"><ele>27.25</ele></trkpt>
      <trkpt lat="51.503673" lon="-0.404757"><ele>28.75</ele></trkpt>
      <trkpt lat="51.503592" lon="-0.404"><ele>31.25</ele></trkpt>
      <trkpt lat="51.503558" lon="-0.403756"><ele>31.75</ele></trkpt>
      <trkpt lat="51.5035" lon="-0.403422"><ele>31.75</ele></trkpt>
      <trkpt lat="51.503403" lon="-0.402836"><ele>31</ele></trkpt>
      <trkpt lat="51.503352" lon="-0.402506"><ele>34.5</ele></trkpt>
      <trkpt lat="51.503342" lon="-0.402392"><ele>34.75</ele></trkpt>
      <trkpt lat="51.503339" lon="-0.402208"><ele>34.75</ele></trkpt>
      <trkpt lat="51.503356" lon="-0.401953"><ele>33.75</ele></trkpt>
      <trkpt lat="51.50343" lon="-0.401607"><ele>32.5</ele></trkpt>
      <trkpt lat="51.503451" lon="-0.401539"><ele>32.75</ele></trkpt>
      <trkpt lat="51.503473" lon="-0.40156"><ele>33</ele></trkpt>
      <trkpt lat="51.503514" lon="-0.401601"><ele>33.25</ele></trkpt>
      <trkpt lat="51.503556" lon="-0.401643"><ele>33.5</ele></trkpt>
      <trkpt lat="51.503576" lon="-0.401663"><ele>33.5</ele></trkpt>
      <trkpt lat="51.50359" lon="-0.401616"><ele>33.75</ele></trkpt>
      <trkpt lat="51.503717" lon="-0.401319"><ele>32.25</ele></trkpt>
      <trkpt lat="51.503768" lon="-0.401184"><ele>31.75</ele></trkpt>
      <trkpt lat="51.504083" lon="-0.400266"><ele>30.5</ele></trkpt>
      <trkpt lat="51.504325" lon="-0.399595"><ele>30</ele></trkpt>
      <trkpt lat="51.504351" lon="-0.399493"><ele>30</ele></trkpt>
      <trkpt lat="51.504383" lon="-0.399306"><ele>30</ele></trkpt>
      <trkpt lat="51.504396" lon="-0.399174"><ele>30</ele></trkpt>
      <trkpt lat="51.504398" lon="-0.398998"><ele>30.5</ele></trkpt>
      <trkpt lat="51.504412" lon="-0.398834"><ele>31</ele></trkpt>
      <trkpt lat="51.504409" lon="-0.398712"><ele>31</ele></trkpt>
      <trkpt lat="51.504392" lon="-0.398635"><ele>31</ele></trkpt>
      <trkpt lat="51.504375" lon="-0.398176"><ele>31</ele></trkpt>
      <trkpt lat="51.504373" lon="-0.398093"><ele>31</ele></trkpt>
      <trkpt lat="51.504371" lon="-0.397999"><ele>31</ele></trkpt>
      <trkpt lat="51.504371" lon="-0.397755"><ele>31.25</ele></trkpt>
      <trkpt lat="51.504407" lon="-0.397198"><ele>32</ele></trkpt>
      <trkpt lat="51.504417" lon="-0.397089"><ele>32</ele></trkpt>
      <trkpt lat="51.504471" lon="-0.396776"><ele>31.75</ele></trkpt>
      <trkpt lat="51.504511" lon="-0.396596"><ele>31.75</ele></trkpt>
      <trkpt lat="51.504603" lon="-0.396319"><ele>31.5</ele></trkpt>
      <trkpt lat="51.50463" lon="-0.396261"><ele>31.5</ele></trkpt>
      <trkpt lat="51.50476" lon="-0.395968"><ele>31.75</ele></trkpt>
      <trkpt lat="51.504952" lon="-0.395528"><ele>31</ele></trkpt>
      <trkpt lat="51.505012" lon="-0.395347"><ele>30.75</ele></trkpt>
      <trkpt lat="51.50508" lon="-0.395083"><ele>31</ele></trkpt>
      <trkpt lat="51.505124" lon="-0.394871"><ele>30.75</ele></trkpt>
      <trkpt lat="51.50516" lon="-0.394588"><ele>31</ele></trkpt>
      <trkpt lat="51.505168" lon="-0.394388"><ele>31</ele></trkpt>
      <trkpt lat="51.505168" lon="-0.394137"><ele>31.25</ele></trkpt>
      <trkpt lat="51.505152" lon="-0.393938"><ele>31.75</ele></trkpt>
      <trkpt lat="51.505152" lon="-0.393789"><ele>32</ele></trkpt>
      <trkpt lat="51.505144" lon="-0.393738"><ele>32</ele></trkpt>
      <trkpt lat="51.505136" lon="-0.393629"><ele>32</ele></trkpt>
      <trkpt lat="51.505112" lon="-0.393513"><ele>32</ele></trkpt>
      <trkpt lat="51.5051" lon="-0.393377"><ele>32.5</ele></trkpt>
      <trkpt lat="51.505104" lon="-0.393165"><ele>32.5</ele></trkpt>
      <trkpt lat="51.505132" lon="-0.393005"><ele>32.5</ele></trkpt>
      <trkpt lat="51.50515" lon="-0.392933"><ele>32.5</ele></trkpt>
      <trkpt lat="51.505168" lon="-0.392857"><ele>32.75</ele></trkpt>
      <trkpt lat="51.505232" lon="-0.392714"><ele>33</ele></trkpt>
      <trkpt lat="51.505325" lon="-0.39256"><ele>33.5</ele></trkpt>
      <trkpt lat="51.505413" lon="-0.392444"><ele>33.5</ele></trkpt>
      <trkpt lat="51.505469" lon="-0.392393"><ele>33.5</ele></trkpt>
      <trkpt lat="51.505677" lon="-0.392296"><ele>33.25</ele></trkpt>
      <trkpt lat="51.505876" lon="-0.392238"><ele>32.75</ele></trkpt>
      <trkpt lat="51.506169" lon="-0.392185"><ele>32.75</ele></trkpt>
      <trkpt lat="51.506282" lon="-0.392109"><ele>32.5</ele></trkpt>
      <trkpt lat="51.50633" lon="-0.39209"><ele>32.5</ele></trkpt>
      <trkpt lat="51.506422" lon="-0.392058"><ele>32.5</ele></trkpt>
      <trkpt lat="51.506643" lon="-0.392006"><ele>32</ele></trkpt>
      <trkpt lat="51.506706" lon="-0.391976"><ele>31.75</ele></trkpt>
      <trkpt lat="51.506681" lon="-0.391877"><ele>32</ele></trkpt>
      <trkpt lat="51.506666" lon="-0.391806"><ele>32</ele></trkpt>
      <trkpt lat="51.506699" lon="-0.39178"><ele>32</ele></trkpt>
      <trkpt lat="51.506747" lon="-0.391709"><ele>32</ele></trkpt>
      <trkpt lat="51.50677" lon="-0.391661"><ele>32</ele></trkpt>
      <trkpt lat="51.50679" lon="-0.391596"><ele>32</ele></trkpt>
      <trkpt lat="51.506801" lon="-0.391525"><ele>32.25</ele></trkpt>
      <trkpt lat="51.506797" lon="-0.391417"><ele>32.25</ele></trkpt>
      <trkpt lat="51.506774" lon="-0.391168"><ele>32.5</ele></trkpt>
      <trkpt lat="51.506743" lon="-0.391014"><ele>32.5</ele></trkpt>
      <trkpt lat="51.50672" lon="-0.390817"><ele>32.75</ele></trkpt>
      <trkpt lat="51.506691" lon="-0.390557"><ele>32.75</ele></trkpt>
      <trkpt lat="51.506659" lon="-0.390287"><ele>32</ele></trkpt>
      <trkpt lat="51.506641" lon="-0.390166"><ele>32</ele></trkpt>
      <trkpt lat="51.50647" lon="-0.388789"><ele>32</ele></trkpt>
      <trkpt lat="51.506445" lon="-0.388583"><ele>32</ele></trkpt>
      <trkpt lat="51.506373" lon="-0.388019"><ele>33</ele></trkpt>
      <trkpt lat="51.506359" lon="-0.387908"><ele>33</ele></trkpt>
      <trkpt lat="51.506356" lon="-0.387881"><ele>33</ele></trkpt>
      <trkpt lat="51.506337" lon="-0.387823"><ele>33</ele></trkpt>
      <trkpt lat="51.506315" lon="-0.387666"><ele>33</ele></trkpt>
      <trkpt lat="51.506316" lon="-0.387567"><ele>33</ele></trkpt>
      <trkpt lat="51.506235" lon="-0.386917"><ele>32.75</ele></trkpt>
      <trkpt lat="51.506223" lon="-0.386805"><ele>32.5</ele></trkpt>
      <trkpt lat="51.506213" lon="-0.38671"><ele>32.25</ele></trkpt>
      <trkpt lat="51.506128" lon="-0.386023"><ele>32</ele></trkpt>
      <trkpt lat="51.506093" lon="-0.38582"><ele>31.75</ele></trkpt>
      <trkpt lat="51.506066" lon="-0.385729"><ele>30.5</ele></trkpt>
      <trkpt lat="51.506078" lon="-0.385675"><ele>29.75</ele></trkpt>
      <trkpt lat="51.506054" lon="-0.385658"><ele>29.75</ele></trkpt>
      <trkpt lat="51.505537" lon="-0.385484"><ele>31</ele></trkpt>
      <trkpt lat="51.50544" lon="-0.385402"><ele>31.25</ele></trkpt>
      <trkpt lat="51.505376" lon="-0.385319"><ele>31.5</ele></trkpt>
      <trkpt lat="51.505366" lon="-0.385258"><ele>31.5</ele></trkpt>
      <trkpt lat="51.505347" lon="-0.385211"><ele>31.5</ele></trkpt>
      <trkpt lat="51.50532" lon="-0.385175"><ele>31.25</ele></trkpt>
      <trkpt lat="51.505288" lon="-0.385154"><ele>31.5</ele></trkpt>
      <trkpt lat="51.505246" lon="-0.385007"><ele>31.25</ele></trkpt>
      <trkpt lat="51.505213" lon="-0.384803"><ele>31.25</ele></trkpt>
      <trkpt lat="51.505621" lon="-0.38185"><ele>31.75</ele></trkpt>
      <trkpt lat="51.505711" lon="-0.381167"><ele>31.25</ele></trkpt>
      <trkpt lat="51.505726" lon="-0.38109"><ele>31.25</ele></trkpt>
      <trkpt lat="51.505788" lon="-0.38092"><ele>31</ele></trkpt>
      <trkpt lat="51.505808" lon="-0.380842"><ele>31</ele></trkpt>
      <trkpt lat="51.505873" lon="-0.380527"><ele>31.75</ele></trkpt>
      <trkpt lat="51.505897" lon="-0.380397"><ele>31.75</ele></trkpt>
      <trkpt lat="51.505937" lon="-0.380163"><ele>31.5</ele></trkpt>
      <trkpt lat="51.506033" lon="-0.37962"><ele>31.75</ele></trkpt>
      <trkpt lat="51.50607" lon="-0.379524"><ele>32.25</ele></trkpt>
      <trkpt lat="51.506099" lon="-0.379467"><ele>32.75</ele></trkpt>
      <trkpt lat="51.50615" lon="-0.379398"><ele>32.75</ele></trkpt>
      <trkpt lat="51.50617" lon="-0.379298"><ele>32.75</ele></trkpt>
      <trkpt lat="51.506237" lon="-0.379077"><ele>33.75</ele></trkpt>
      <trkpt lat="51.506278" lon="-0.378885"><ele>35</ele></trkpt>
      <trkpt lat="51.506316" lon="-0.378778"><ele>35.5</ele></trkpt>
      <trkpt lat="51.506324" lon="-0.378701"><ele>35.75</ele></trkpt>
      <trkpt lat="51.506171" lon="-0.378716"><ele>36</ele></trkpt>
      <trkpt lat="51.5061" lon="-0.378669"><ele>36.25</ele></trkpt>
      <trkpt lat="51.50603" lon="-0.37868"><ele>36.25</ele></trkpt>
      <trkpt lat="51.505967" lon="-0.378701"><ele>36.25</ele></trkpt>
      <trkpt lat="51.50603" lon="-0.37868"><ele>36.25</ele></trkpt>
      <trkpt lat="51.5061" lon="-0.378669"><ele>36.25</ele></trkpt>
      <trkpt lat="51.506195" lon="-0.378606"><ele>36.5</ele></trkpt>
      <trkpt lat="51.506281" lon="-0.378575"><ele>35.75</ele></trkpt>
      <trkpt lat="51.506566" lon="-0.37855"><ele>34</ele></trkpt>
      <trkpt lat="51.506677" lon="-0.378546"><ele>33.25</ele></trkpt>
      <trkpt lat="51.506732" lon="-0.378525"><ele>33</ele></trkpt>
      <trkpt lat="51.507066" lon="-0.378417"><ele>31.5</ele></trkpt>
      <trkpt lat="51.507108" lon="-0.378401"><ele>31.25</ele></trkpt>
      <trkpt lat="51.507244" lon="-0.378337"><ele>31</ele></trkpt>
      <trkpt lat="51.507226" lon="-0.378159"><ele>31</ele></trkpt>
      <trkpt lat="51.50722" lon="-0.378097"><ele>31</ele></trkpt>
      <trkpt lat="51.507141" lon="-0.377611"><ele>31</ele></trkpt>
      <trkpt lat="51.507052" lon="-0.377083"><ele>31</ele></trkpt>
      <trkpt lat="51.506952" lon="-0.376399"><ele>31</ele></trkpt>
      <trkpt lat="51.50694" lon="-0.376252"><ele>31</ele></trkpt>
      <trkpt lat="51.506941" lon="-0.376191"><ele>31</ele></trkpt>
      <trkpt lat="51.506944" lon="-0.376138"><ele>31</ele></trkpt>
      <trkpt lat="51.506949" lon="-0.376092"><ele>30.75</ele></trkpt>
      <trkpt lat="51.506963" lon="-0.37606"><ele>31</ele></trkpt>
      <trkpt lat="51.50701" lon="-0.375941"><ele>31</ele></trkpt>
      <trkpt lat="51.50722" lon="-0.375533"><ele>31</ele></trkpt>
      <trkpt lat="51.507355" lon="-0.375247"><ele>31</ele></trkpt>
      <trkpt lat="51.507392" lon="-0.375101"><ele>31</ele></trkpt>
      <trkpt lat="51.50742" lon="-0.37491"><ele>31.25</ele></trkpt>
      <trkpt lat="51.50745" lon="-0.374649"><ele>31</ele></trkpt>
      <trkpt lat="51.507623" lon="-0.373123"><ele>31.5</ele></trkpt>
      <trkpt lat="51.507674" lon="-0.372652"><ele>31.25</ele></trkpt>
      <trkpt lat="51.50784" lon="-0.371162"><ele>30</ele></trkpt>
      <trkpt lat="51.50792" lon="-0.370432"><ele>29.75</ele></trkpt>
      <trkpt lat="51.50799" lon="-0.36977"><ele>29.75</ele></trkpt>
      <trkpt lat="51.508164" lon="-0.368124"><ele>29</ele></trkpt>
      <trkpt lat="51.508228" lon="-0.367549"><ele>28.25</ele></trkpt>
      <trkpt lat="51.508315" lon="-0.366786"><ele>28</ele></trkpt>
      <trkpt lat="51.508365" lon="-0.366339"><ele>28</ele></trkpt>
      <trkpt lat="51.508459" lon="-0.365466"><ele>28</ele></trkpt>
      <trkpt lat="51.508486" lon="-0.365236"><ele>28</ele></trkpt>
      <trkpt lat="51.508663" lon="-0.363907"><ele>26.75</ele></trkpt>
      <trkpt lat="51.508815" lon="-0.362814"><ele>26.25</ele></trkpt>
      <trkpt lat="51.508839" lon="-0.362688"><ele>26</ele></trkpt>
      <trkpt lat="51.508855" lon="-0.362652"><ele>26</ele></trkpt>
      <trkpt lat="51.508884" lon="-0.362613"><ele>26</ele></trkpt>
      <trkpt lat="51.50891" lon="-0.362594"><ele>25.75</ele></trkpt>
      <trkpt lat="51.508977" lon="-0.362568"><ele>25.75</ele></trkpt>
      <trkpt lat="51.509555" lon="-0.362548"><ele>24.5</ele></trkpt>
      <trkpt lat="51.50979" lon="-0.362545"><ele>23.75</ele></trkpt>
      <trkpt lat="51.510499" lon="-0.362519"><ele>24.75</ele></trkpt>
      <trkpt lat="51.510403" lon="-0.361969"><ele>24</ele></trkpt>
      <trkpt lat="51.510354" lon="-0.361671"><ele>24</ele></trkpt>
      <trkpt lat="51.510337" lon="-0.361572"><ele>24</ele></trkpt>
      <trkpt lat="51.510302" lon="-0.361361"><ele>24</ele></trkpt>
      <trkpt lat="51.510295" lon="-0.361317"><ele>24</ele></trkpt>
      <trkpt lat="51.510182" lon="-0.360604"><ele>24</ele></trkpt>
      <trkpt lat="51.509935" lon="-0.359014"><ele>24</ele></trkpt>
      <trkpt lat="51.509909" lon="-0.358853"><ele>24</ele></trkpt>
      <trkpt lat="51.509853" lon="-0.358525"><ele>24</ele></trkpt>
      <trkpt lat="51.509836" lon="-0.35843"><ele>24</ele></trkpt>
      <trkpt lat="51.509795" lon="-0.358162"><ele>24</ele></trkpt>
      <trkpt lat="51.509715" lon="-0.357544"><ele>24</ele></trkpt>
      <trkpt lat="51.509699" lon="-0.357341"><ele>24</ele></trkpt>
      <trkpt lat="51.509681" lon="-0.356855"><ele>24</ele></trkpt>
      <trkpt lat="51.509672" lon="-0.356627"><ele>24.5</ele></trkpt>
      <trkpt lat="51.509655" lon="-0.356412"><ele>25</ele></trkpt>
      <trkpt lat="51.50963" lon="-0.3562"><ele>25.5</ele></trkpt>
      <trkpt lat="51.509583" lon="-0.355894"><ele>25.5</ele></trkpt>
      <trkpt lat="51.509558" lon="-0.355701"><ele>26</ele></trkpt>
      <trkpt lat="51.509528" lon="-0.355477"><ele>26.25</ele></trkpt>
      <trkpt lat="51.509518" lon="-0.355396"><ele>26</ele></trkpt>
      <trkpt lat="51.509508" lon="-0.355337"><ele>25.75</ele></trkpt>
      <trkpt lat="51.509464" lon="-0.355088"><ele>25</ele></trkpt>
      <trkpt lat="51.509373" lon="-0.354689"><ele>24.25</ele></trkpt>
      <trkpt lat="51.509337" lon="-0.354492"><ele>24</ele></trkpt>
      <trkpt lat="51.50931" lon="-0.354357"><ele>24.5</ele></trkpt>
      <trkpt lat="51.509288" lon="-0.354247"><ele>25</ele></trkpt>
      <trkpt lat="51.509326" lon="-0.354177"><ele>26</ele></trkpt>
      <trkpt lat="51.509338" lon="-0.354134"><ele>26.5</ele></trkpt>
      <trkpt lat="51.509299" lon="-0.353881"><ele>26.75</ele></trkpt>
      <trkpt lat="51.509282" lon="-0.353644"><ele>26</ele></trkpt>
      <trkpt lat="51.509281" lon="-0.352929"><ele>24</ele></trkpt>
      <trkpt lat="51.509263" lon="-0.352686"><ele>24</ele></trkpt>
      <trkpt lat="51.509216" lon="-0.352226"><ele>24</ele></trkpt>
      <trkpt lat="51.509171" lon="-0.351526"><ele>23</ele></trkpt>
      <trkpt lat="51.509138" lon="-0.351021"><ele>22.5</ele></trkpt>
      <trkpt lat="51.50912" lon="-0.350704"><ele>22</ele></trkpt>
      <trkpt lat="51.509108" lon="-0.350512"><ele>22</ele></trkpt>
      <trkpt lat="51.509095" lon="-0.35027"><ele>21.75</ele></trkpt>
      <trkpt lat="51.509093" lon="-0.350198"><ele>21.5</ele></trkpt>
      <trkpt lat="51.509081" lon="-0.349894"><ele>21</ele></trkpt>
      <trkpt lat="51.509062" lon="-0.349448"><ele>20</ele></trkpt>
      <trkpt lat="51.509059" lon="-0.348852"><ele>19</ele></trkpt>
      <trkpt lat="51.50905" lon="-0.34833"><ele>17.75</ele></trkpt>
      <trkpt lat="51.509021" lon="-0.347841"><ele>17</ele></trkpt>
      <trkpt lat="51.508979" lon="-0.34747"><ele>16.25</ele></trkpt>
      <trkpt lat="51.508951" lon="-0.347239"><ele>16</ele></trkpt>
      <trkpt lat="51.508945" lon="-0.347184"><ele>15.75</ele></trkpt>
      <trkpt lat="51.508938" lon="-0.347125"><ele>15.5</ele></trkpt>
      <trkpt lat="51.508912" lon="-0.346874"><ele>15</ele></trkpt>
      <trkpt lat="51.508889" lon="-0.346672"><ele>15</ele></trkpt>
      <trkpt lat="51.508866" lon="-0.346421"><ele>15</ele></trkpt>
      <trkpt lat="51.50886" lon="-0.346375"><ele>14.75</ele></trkpt>
      <trkpt lat="51.508926" lon="-0.346352"><ele>14.75</ele></trkpt>
      <trkpt lat="51.508723" lon="-0.344686"><ele>12.75</ele></trkpt>
      <trkpt lat="51.508749" lon="-0.344683"><ele>12.75</ele></trkpt>
      <trkpt lat="51.508837" lon="-0.344627"><ele>12.75</ele></trkpt>
      <trkpt lat="51.509181" lon="-0.344458"><ele>12</ele></trkpt>
      <trkpt lat="51.510473" lon="-0.343953"><ele>12</ele></trkpt>
      <trkpt lat="51.510588" lon="-0.343905"><ele>11.75</ele></trkpt>
      <trkpt lat="51.510722" lon="-0.343855"><ele>11</ele></trkpt>
      <trkpt lat="51.510797" lon="-0.343856"><ele>10.75</ele></trkpt>
      <trkpt lat="51.510876" lon="-0.343856"><ele>10.5</ele></trkpt>
      <trkpt lat="51.510887" lon="-0.34383"><ele>10.5</ele></trkpt>
      <trkpt lat="51.510916" lon="-0.343645"><ele>10.25</ele></trkpt>
      <trkpt lat="51.51093" lon="-0.343552"><ele>10.5</ele></trkpt>
      <trkpt lat="51.510897" lon="-0.34344"><ele>11.25</ele></trkpt>
      <trkpt lat="51.510838" lon="-0.343282"><ele>12</ele></trkpt>
      <trkpt lat="51.510779" lon="-0.343049"><ele>12.75</ele></trkpt>
      <trkpt lat="51.510754" lon="-0.342788"><ele>15.5</ele></trkpt>
      <trkpt lat="51.510782" lon="-0.342581"><ele>16.5</ele></trkpt>
      <trkpt lat="51.510797" lon="-0.342469"><ele>16.75</ele></trkpt>
      <trkpt lat="51.510822" lon="-0.342358"><ele>16.75</ele></trkpt>
      <trkpt lat="51.510866" lon="-0.342161"><ele>18</ele></trkpt>
      <trkpt lat="51.510885" lon="-0.341888"><ele>18.25</ele></trkpt>
      <trkpt lat="51.510873" lon="-0.34182"><ele>17.5</ele></trkpt>
      <trkpt lat="51.511269" lon="-0.341069"><ele>21.5</ele></trkpt>
      <trkpt lat="51.51128" lon="-0.34099"><ele>22.5</ele></trkpt>
      <trkpt lat="51.511256" lon="-0.340975"><ele>22.5</ele></trkpt>
      <trkpt lat="51.511178" lon="-0.340879"><ele>22</ele></trkpt>
      <trkpt lat="51.511055" lon="-0.340507"><ele>20.75</ele></trkpt>
      <trkpt lat="51.511116" lon="-0.340459"><ele>21</ele></trkpt>
      <trkpt lat="51.511162" lon="-0.340377"><ele>22.25</ele></trkpt>
      <trkpt lat="51.511361" lon="-0.339509"><ele>24.75</ele></trkpt>
      <trkpt lat="51.51152" lon="-0.338336"><ele>25.75</ele></trkpt>
      <trkpt lat="51.511582" lon="-0.338358"><ele>27</ele></trkpt>
      <trkpt lat="51.511852" lon="-0.338457"><ele>26.5</ele></trkpt>
      <trkpt lat="51.511582" lon="-0.338358"><ele>27</ele></trkpt>
      <trkpt lat="51.51152" lon="-0.338336"><ele>25.75</ele></trkpt>
      <trkpt lat="51.511583" lon="-0.337569"><ele>25.25</ele></trkpt>
      <trkpt lat="51.511638" lon="-0.337172"><ele>24</ele></trkpt>
      <trkpt lat="51.511657" lon="-0.336988"><ele>24</ele></trkpt>
      <trkpt lat="51.511677" lon="-0.336758"><ele>24</ele></trkpt>
      <trkpt lat="51.511707" lon="-0.336585"><ele>24.25</ele></trkpt>
      <trkpt lat="51.511744" lon="-0.336427"><ele>24</ele></trkpt>
      <trkpt lat="51.511789" lon="-0.336328"><ele>24.25</ele></trkpt>
      <trkpt lat="51.511746" lon="-0.336241"><ele>24.75</ele></trkpt>
      <trkpt lat="51.511708" lon="-0.336156"><ele>24.5</ele></trkpt>
      <trkpt lat="51.511688" lon="-0.336124"><ele>24.25</ele></trkpt>
      <trkpt lat="51.511436" lon="-0.33573"><ele>24</ele></trkpt>
      <trkpt lat="51.510985" lon="-0.335148"><ele>24.75</ele></trkpt>
      <trkpt lat="51.510893" lon="-0.335052"><ele>24.25</ele></trkpt>
      <trkpt lat="51.510844" lon="-0.335"><ele>24</ele></trkpt>
      <trkpt lat="51.510698" lon="-0.334878"><ele>24.25</ele></trkpt>
      <trkpt lat="51.51059" lon="-0.334835"><ele>24.25</ele></trkpt>
      <trkpt lat="51.510507" lon="-0.334832"><ele>24.25</ele></trkpt>
      <trkpt lat="51.510428" lon="-0.334858"><ele>24.25</ele></trkpt>
      <trkpt lat="51.510369" lon="-0.334891"><ele>24</ele></trkpt>
      <trkpt lat="51.510344" lon="-0.334945"><ele>24</ele></trkpt>
      <trkpt lat="51.510331" lon="-0.334934"><ele>24</ele></trkpt>
      <trkpt lat="51.510308" lon="-0.334916"><ele>24</ele></trkpt>
      <trkpt lat="51.510291" lon="-0.334901"><ele>24</ele></trkpt>
      <trkpt lat="51.510233" lon="-0.334902"><ele>23.75</ele></trkpt>
      <trkpt lat="51.510216" lon="-0.334914"><ele>24</ele></trkpt>
      <trkpt lat="51.510178" lon="-0.334841"><ele>24</ele></trkpt>
      <trkpt lat="51.510128" lon="-0.334768"><ele>24</ele></trkpt>
      <trkpt lat="51.509769" lon="-0.334712"><ele>24</ele></trkpt>
      <trkpt lat="51.509548" lon="-0.334694"><ele>24</ele></trkpt>
      <trkpt lat="51.509503" lon="-0.334693"><ele>24</ele></trkpt>
      <trkpt lat="51.509453" lon="-0.334685"><ele>24</ele></trkpt>
      <trkpt lat="51.50946" lon="-0.334622"><ele>24</ele></trkpt>
      <trkpt lat="51.509304" lon="-0.334598"><ele>24</ele></trkpt>
      <trkpt lat="51.509125" lon="-0.334555"><ele>24</ele></trkpt>
      <trkpt lat="51.508942" lon="-0.334469"><ele>24</ele></trkpt>
      <trkpt lat="51.508897" lon="-0.334448"><ele>24</ele></trkpt>
      <trkpt lat="51.508869" lon="-0.33435"><ele>24</ele></trkpt>
      <trkpt lat="51.508902" lon="-0.33409"><ele>24</ele></trkpt>
      <trkpt lat="51.508942" lon="-0.333785"><ele>24</ele></trkpt>
      <trkpt lat="51.50909" lon="-0.333067"><ele>24</ele></trkpt>
      <trkpt lat="51.509267" lon="-0.332185"><ele>24</ele></trkpt>
      <trkpt lat="51.509293" lon="-0.332168"><ele>24</ele></trkpt>
      <trkpt lat="51.509307" lon="-0.332105"><ele>24</ele></trkpt>
      <trkpt lat="51.509325" lon="-0.332033"><ele>24</ele></trkpt>
      <trkpt lat="51.509318" lon="-0.332015"><ele>24</ele></trkpt>
      <trkpt lat="51.509459" lon="-0.331246"><ele>24</ele></trkpt>
      <trkpt lat="51.509478" lon="-0.331098"><ele>24</ele></trkpt>
      <trkpt lat="51.509561" lon="-0.330521"><ele>24</ele></trkpt>
      <trkpt lat="51.509641" lon="-0.329765"><ele>24</ele></trkpt>
      <trkpt lat="51.50965" lon="-0.329463"><ele>24</ele></trkpt>
      <trkpt lat="51.509667" lon="-0.329449"><ele>24</ele></trkpt>
      <trkpt lat="51.509667" lon="-0.329398"><ele>23.75</ele></trkpt>
      <trkpt lat="51.509664" lon="-0.329328"><ele>24</ele></trkpt>
      <trkpt lat="51.509649" lon="-0.329307"><ele>24</ele></trkpt>
      <trkpt lat="51.509613" lon="-0.328434"><ele>25</ele></trkpt>
      <trkpt lat="51.509631" lon="-0.328401"><ele>25</ele></trkpt>
      <trkpt lat="51.509627" lon="-0.328311"><ele>25</ele></trkpt>
      <trkpt lat="51.50963" lon="-0.328219"><ele>25</ele></trkpt>
      <trkpt lat="51.509615" lon="-0.328167"><ele>25</ele></trkpt>
      <trkpt lat="51.509793" lon="-0.326806"><ele>25</ele></trkpt>
      <trkpt lat="51.509812" lon="-0.326711"><ele>25.25</ele></trkpt>
      <trkpt lat="51.509889" lon="-0.326172"><ele>26</ele></trkpt>
      <trkpt lat="51.509974" lon="-0.325678"><ele>26</ele></trkpt>
      <trkpt lat="51.510034" lon="-0.325335"><ele>25.75</ele></trkpt>
      <trkpt lat="51.510393" lon="-0.323282"><ele>25</ele></trkpt>
      <trkpt lat="51.510443" lon="-0.322994"><ele>25</ele></trkpt>
      <trkpt lat="51.510548" lon="-0.322338"><ele>25</ele></trkpt>
      <trkpt lat="51.510603" lon="-0.321984"><ele>25</ele></trkpt>
      <trkpt lat="51.510626" lon="-0.321993"><ele>25</ele></trkpt>
      <trkpt lat="51.510633" lon="-0.321996"><ele>25</ele></trkpt>
      <trkpt lat="51.510855" lon="-0.32208"><ele>25</ele></trkpt>
      <trkpt lat="51.510918" lon="-0.322087"><ele>25</ele></trkpt>
      <trkpt lat="51.510948" lon="-0.322085"><ele>25</ele></trkpt>
      <trkpt lat="51.510948" lon="-0.322126"><ele>25</ele></trkpt>
      <trkpt lat="51.510965" lon="-0.322123"><ele>25</ele></trkpt>
      <trkpt lat="51.51099" lon="-0.322119"><ele>25</ele></trkpt>
      <trkpt lat="51.510998" lon="-0.322119"><ele>25</ele></trkpt>
      <trkpt lat="51.511173" lon="-0.322135"><ele>25.25</ele></trkpt>
      <trkpt lat="51.511178" lon="-0.322136"><ele>25.25</ele></trkpt>
      <trkpt lat="51.511234" lon="-0.322145"><ele>25.5</ele></trkpt>
      <trkpt lat="51.511272" lon="-0.322151"><ele>25.5</ele></trkpt>
      <trkpt lat="51.511289" lon="-0.32216"><ele>25.5</ele></trkpt>
      <trkpt lat="51.511299" lon="-0.322164"><ele>25.5</ele></trkpt>
      <trkpt lat="51.511437" lon="-0.322223"><ele>26</ele></trkpt>
      <trkpt lat="51.511572" lon="-0.32226"><ele>26</ele></trkpt>
      <trkpt lat="51.511941" lon="-0.322327"><ele>26.5</ele></trkpt>
      <trkpt lat="51.512124" lon="-0.322313"><ele>27.5</ele></trkpt>
      <trkpt lat="51.512283" lon="-0.322278"><ele>28</ele></trkpt>
      <trkpt lat="51.51244" lon="-0.322289"><ele>28.5</ele></trkpt>
      <trkpt lat="51.512461" lon="-0.322185"><ele>28.75</ele></trkpt>
      <trkpt lat="51.512471" lon="-0.322192"><ele>28.75</ele></trkpt>
      <trkpt lat="51.512503" lon="-0.322214"><ele>29</ele></trkpt>
      <trkpt lat="51.512533" lon="-0.322093"><ele>29</ele></trkpt>
      <trkpt lat="51.512581" lon="-0.322115"><ele>29</ele></trkpt>
      <trkpt lat="51.512692" lon="-0.321524"><ele>29.5</ele></trkpt>
      <trkpt lat="51.512727" lon="-0.321278"><ele>29.75</ele></trkpt>
      <trkpt lat="51.512859" lon="-0.320452"><ele>30</ele></trkpt>
      <trkpt lat="51.512931" lon="-0.319922"><ele>30.25</ele></trkpt>
      <trkpt lat="51.512973" lon="-0.31981"><ele>30.75</ele></trkpt>
      <trkpt lat="51.513038" lon="-0.319724"><ele>31.75</ele></trkpt>
      <trkpt lat="51.513118" lon="-0.319692"><ele>32</ele></trkpt>
      <trkpt lat="51.513235" lon="-0.319702"><ele>32.5</ele></trkpt>
      <trkpt lat="51.513524" lon="-0.319737"><ele>30.25</ele></trkpt>
      <trkpt lat="51.513565" lon="-0.319741"><ele>30.25</ele></trkpt>
      <trkpt lat="51.513647" lon="-0.319794"><ele>30.5</ele></trkpt>
      <trkpt lat="51.513858" lon="-0.320131"><ele>33</ele></trkpt>
      <trkpt lat="51.51386" lon="-0.320171"><ele>33</ele></trkpt>
      <trkpt lat="51.513766" lon="-0.32096"><ele>31</ele></trkpt>
      <trkpt lat="51.513807" lon="-0.320971"><ele>31.25</ele></trkpt>
      <trkpt lat="51.513861" lon="-0.320494"><ele>32.5</ele></trkpt>
      <trkpt lat="51.513891" lon="-0.3203"><ele>33</ele></trkpt>
      <trkpt lat="51.513914" lon="-0.320234"><ele>33</ele></trkpt>
      <trkpt lat="51.513953" lon="-0.320139"><ele>33.25</ele></trkpt>
      <trkpt lat="51.513861" lon="-0.320003"><ele>33.5</ele></trkpt>
      <trkpt lat="51.513749" lon="-0.319844"><ele>31.75</ele></trkpt>
      <trkpt lat="51.513806" lon="-0.31976"><ele>32.75</ele></trkpt>
      <trkpt lat="51.513861" lon="-0.319677"><ele>33.25</ele></trkpt>
      <trkpt lat="51.513973" lon="-0.319601"><ele>33.25</ele></trkpt>
      <trkpt lat="51.51404" lon="-0.319583"><ele>33</ele></trkpt>
      <trkpt lat="51.514058" lon="-0.319578"><ele>33</ele></trkpt>
      <trkpt lat="51.514388" lon="-0.319564"><ele>33</ele></trkpt>
      <trkpt lat="51.515028" lon="-0.319537"><ele>34</ele></trkpt>
      <trkpt lat="51.515014" lon="-0.319114"><ele>34</ele></trkpt>
      <trkpt lat="51.51501" lon="-0.318889"><ele>34</ele></trkpt>
      <trkpt lat="51.515004" lon="-0.318431"><ele>34</ele></trkpt>
      <trkpt lat="51.515026" lon="-0.317591"><ele>34</ele></trkpt>
      <trkpt lat="51.515057" lon="-0.316851"><ele>33.75</ele></trkpt>
      <trkpt lat="51.515068" lon="-0.316474"><ele>34</ele></trkpt>
      <trkpt lat="51.515073" lon="-0.31629"><ele>34</ele></trkpt>
      <trkpt lat="51.515052" lon="-0.315966"><ele>34</ele></trkpt>
      <trkpt lat="51.515046" lon="-0.315795"><ele>34</ele></trkpt>
      <trkpt lat="51.515001" lon="-0.315497"><ele>34</ele></trkpt>
      <trkpt lat="51.514931" lon="-0.315193"><ele>34</ele></trkpt>
      <trkpt lat="51.514778" lon="-0.314644"><ele>33</ele></trkpt>
      <trkpt lat="51.514767" lon="-0.314597"><ele>33</ele></trkpt>
      <trkpt lat="51.514734" lon="-0.314438"><ele>33</ele></trkpt>
      <trkpt lat="51.514728" lon="-0.314414"><ele>33</ele></trkpt>
      <trkpt lat="51.514714" lon="-0.314355"><ele>33</ele></trkpt>
      <trkpt lat="51.514702" lon="-0.314239"><ele>33</ele></trkpt>
      <trkpt lat="51.514685" lon="-0.314071"><ele>33</ele></trkpt>
      <trkpt lat="51.51468" lon="-0.313593"><ele>32.75</ele></trkpt>
      <trkpt lat="51.514731" lon="-0.31273"><ele>33</ele></trkpt>
      <trkpt lat="51.514778" lon="-0.31192"><ele>33</ele></trkpt>
      <trkpt lat="51.514876" lon="-0.310224"><ele>33</ele></trkpt>
      <trkpt lat="51.514909" lon="-0.309653"><ele>33</ele></trkpt>
      <trkpt lat="51.514923" lon="-0.30939"><ele>33</ele></trkpt>
      <trkpt lat="51.514923" lon="-0.309377"><ele>33</ele></trkpt>
      <trkpt lat="51.514953" lon="-0.308855"><ele>33</ele></trkpt>
      <trkpt lat="51.514956" lon="-0.308823"><ele>33</ele></trkpt>
      <trkpt lat="51.514973" lon="-0.308573"><ele>33</ele></trkpt>
      <trkpt lat="51.515002" lon="-0.308143"><ele>33</ele></trkpt>
      <trkpt lat="51.515002" lon="-0.308119"><ele>33</ele></trkpt>
      <trkpt lat="51.5152" lon="-0.305053"><ele>32</ele></trkpt>
      <trkpt lat="51.515185" lon="-0.305008"><ele>32</ele></trkpt>
      <trkpt lat="51.515198" lon="-0.304749"><ele>32.5</ele></trkpt>
      <trkpt lat="51.515184" lon="-0.304746"><ele>32.5</ele></trkpt>
      <trkpt lat="51.515171" lon="-0.304744"><ele>32.5</ele></trkpt>
      <trkpt lat="51.51517" lon="-0.304711"><ele>32.5</ele></trkpt>
      <trkpt lat="51.515147" lon="-0.304701"><ele>32.5</ele></trkpt>
      <trkpt lat="51.515148" lon="-0.304683"><ele>32.5</ele></trkpt>
      <trkpt lat="51.515149" lon="-0.304669"><ele>32.5</ele></trkpt>
      <trkpt lat="51.515153" lon="-0.304622"><ele>32.5</ele></trkpt>
      <trkpt lat="51.515153" lon="-0.304596"><ele>32.75</ele></trkpt>
      <trkpt lat="51.515149" lon="-0.30457"><ele>32.75</ele></trkpt>
      <trkpt lat="51.515054" lon="-0.303885"><ele>33</ele></trkpt>
      <trkpt lat="51.514931" lon="-0.303004"><ele>32</ele></trkpt>
      <trkpt lat="51.514906" lon="-0.302871"><ele>31.75</ele></trkpt>
      <trkpt lat="51.51491" lon="-0.302841"><ele>31.75</ele></trkpt>
      <trkpt lat="51.514915" lon="-0.302791"><ele>31.75</ele></trkpt>
      <trkpt lat="51.514911" lon="-0.302701"><ele>31.75</ele></trkpt>
      <trkpt lat="51.514863" lon="-0.302433"><ele>31.5</ele></trkpt>
      <trkpt lat="51.514842" lon="-0.302402"><ele>31</ele></trkpt>
      <trkpt lat="51.514798" lon="-0.302388"><ele>30.25</ele></trkpt>
      <trkpt lat="51.5148" lon="-0.30236"><ele>30.25</ele></trkpt>
      <trkpt lat="51.514803" lon="-0.302289"><ele>30.25</ele></trkpt>
      <trkpt lat="51.514806" lon="-0.302225"><ele>30.5</ele></trkpt>
      <trkpt lat="51.514807" lon="-0.302207"><ele>30.25</ele></trkpt>
      <trkpt lat="51.514811" lon="-0.302123"><ele>29.75</ele></trkpt>
      <trkpt lat="51.514813" lon="-0.302096"><ele>29.5</ele></trkpt>
      <trkpt lat="51.514843" lon="-0.302008"><ele>29</ele></trkpt>
      <trkpt lat="51.514848" lon="-0.301754"><ele>28.5</ele></trkpt>
      <trkpt lat="51.514843" lon="-0.302008"><ele>29</ele></trkpt>
      <trkpt lat="51.514813" lon="-0.302096"><ele>29.5</ele></trkpt>
      <trkpt lat="51.514563" lon="-0.302029"><ele>31.25</ele></trkpt>
      <trkpt lat="51.51454" lon="-0.302007"><ele>31.5</ele></trkpt>
      <trkpt lat="51.51448" lon="-0.30206"><ele>32.25</ele></trkpt>
      <trkpt lat="51.514443" lon="-0.30201"><ele>32.75</ele></trkpt>
      <trkpt lat="51.514274" lon="-0.301858"><ele>32.25</ele></trkpt>
      <trkpt lat="51.51421" lon="-0.301775"><ele>32</ele></trkpt>
      <trkpt lat="51.514156" lon="-0.301683"><ele>32</ele></trkpt>
      <trkpt lat="51.514129" lon="-0.301632"><ele>32</ele></trkpt>
      <trkpt lat="51.514113" lon="-0.301553"><ele>32</ele></trkpt>
      <trkpt lat="51.514067" lon="-0.301581"><ele>32</ele></trkpt>
      <trkpt lat="51.514039" lon="-0.301478"><ele>32</ele></trkpt>
      <trkpt lat="51.514065" lon="-0.300935"><ele>32</ele></trkpt>
      <trkpt lat="51.514083" lon="-0.300332"><ele>32</ele></trkpt>
      <trkpt lat="51.514086" lon="-0.300033"><ele>32</ele></trkpt>
      <trkpt lat="51.514072" lon="-0.299894"><ele>32</ele></trkpt>
      <trkpt lat="51.514027" lon="-0.299557"><ele>32</ele></trkpt>
      <trkpt lat="51.513936" lon="-0.299237"><ele>31.25</ele></trkpt>
      <trkpt lat="51.513878" lon="-0.29907"><ele>31</ele></trkpt>
      <trkpt lat="51.513855" lon="-0.299007"><ele>31</ele></trkpt>
      <trkpt lat="51.513752" lon="-0.298691"><ele>31</ele></trkpt>
      <trkpt lat="51.51373" lon="-0.298629"><ele>31</ele></trkpt>
      <trkpt lat="51.513713" lon="-0.298575"><ele>31</ele></trkpt>
      <trkpt lat="51.513656" lon="-0.298416"><ele>30.75</ele></trkpt>
      <trkpt lat="51.513629" lon="-0.29834"><ele>31</ele></trkpt>
      <trkpt lat="51.513567" lon="-0.298168"><ele>31</ele></trkpt>
      <trkpt lat="51.513403" lon="-0.29771"><ele>31</ele></trkpt>
      <trkpt lat="51.513387" lon="-0.297661"><ele>30.75</ele></trkpt>
      <trkpt lat="51.51337" lon="-0.297611"><ele>31</ele></trkpt>
      <trkpt lat="51.513322" lon="-0.297489"><ele>30.75</ele></trkpt>
      <trkpt lat="51.51335" lon="-0.297406"><ele>31</ele></trkpt>
      <trkpt lat="51.513036" lon="-0.29657"><ele>30.75</ele></trkpt>
      <trkpt lat="51.51285" lon="-0.296048"><ele>30.25</ele></trkpt>
      <trkpt lat="51.51279" lon="-0.29588"><ele>30.75</ele></trkpt>
      <trkpt lat="51.512499" lon="-0.295031"><ele>30.75</ele></trkpt>
      <trkpt lat="51.512054" lon="-0.293583"><ele>31</ele></trkpt>
      <trkpt lat="51.512025" lon="-0.293506"><ele>31</ele></trkpt>
      <trkpt lat="51.511905" lon="-0.293217"><ele>30.75</ele></trkpt>
      <trkpt lat="51.511838" lon="-0.29294"><ele>31</ele></trkpt>
      <trkpt lat="51.511784" lon="-0.292719"><ele>31</ele></trkpt>
      <trkpt lat="51.511787" lon="-0.292673"><ele>31</ele></trkpt>
      <trkpt lat="51.511766" lon="-0.292595"><ele>31</ele></trkpt>
      <trkpt lat="51.511745" lon="-0.292518"><ele>31</ele></trkpt>
      <trkpt lat="51.511663" lon="-0.292216"><ele>30</ele></trkpt>
      <trkpt lat="51.511638" lon="-0.292218"><ele>30</ele></trkpt>
      <trkpt lat="51.511639" lon="-0.292149"><ele>30</ele></trkpt>
      <trkpt lat="51.51164" lon="-0.292084"><ele>30</ele></trkpt>
      <trkpt lat="51.511641" lon="-0.292035"><ele>30</ele></trkpt>
      <trkpt lat="51.511641" lon="-0.292021"><ele>30</ele></trkpt>
      <trkpt lat="51.511571" lon="-0.292014"><ele>30</ele></trkpt>
      <trkpt lat="51.511571" lon="-0.291983"><ele>30</ele></trkpt>
      <trkpt lat="51.511571" lon="-0.291926"><ele>30</ele></trkpt>
      <trkpt lat="51.511573" lon="-0.291838"><ele>30</ele></trkpt>
      <trkpt lat="51.511585" lon="-0.291827"><ele>30</ele></trkpt>
      <trkpt lat="51.511621" lon="-0.291581"><ele>30</ele></trkpt>
      <trkpt lat="51.511667" lon="-0.291336"><ele>29.75</ele></trkpt>
      <trkpt lat="51.511727" lon="-0.291374"><ele>29.75</ele></trkpt>
      <trkpt lat="51.51194" lon="-0.290803"><ele>29.75</ele></trkpt>
      <trkpt lat="51.51204" lon="-0.290492"><ele>29.25</ele></trkpt>
      <trkpt lat="51.51211" lon="-0.290177"><ele>29.5</ele></trkpt>
      <trkpt lat="51.512139" lon="-0.289948"><ele>29.5</ele></trkpt>
      <trkpt lat="51.512157" lon="-0.289654"><ele>29.75</ele></trkpt>
      <trkpt lat="51.512149" lon="-0.289422"><ele>30</ele></trkpt>
      <trkpt lat="51.512131" lon="-0.28907"><ele>30.25</ele></trkpt>
      <trkpt lat="51.512119" lon="-0.288849"><ele>30.5</ele></trkpt>
      <trkpt lat="51.5121" lon="-0.288405"><ele>29.5</ele></trkpt>
      <trkpt lat="51.512088" lon="-0.28819"><ele>28.25</ele></trkpt>
      <trkpt lat="51.512068" lon="-0.287783"><ele>29.5</ele></trkpt>
      <trkpt lat="51.512061" lon="-0.287411"><ele>30.25</ele></trkpt>
      <trkpt lat="51.512067" lon="-0.287031"><ele>30</ele></trkpt>
      <trkpt lat="51.512079" lon="-0.286803"><ele>30</ele></trkpt>
      <trkpt lat="51.51209" lon="-0.286595"><ele>30</ele></trkpt>
      <trkpt lat="51.512116" lon="-0.286327"><ele>29.75</ele></trkpt>
      <trkpt lat="51.512172" lon="-0.285874"><ele>29</ele></trkpt>
      <trkpt lat="51.512264" lon="-0.285375"><ele>29</ele></trkpt>
      <trkpt lat="51.512389" lon="-0.284897"><ele>29</ele></trkpt>
      <trkpt lat="51.512518" lon="-0.284483"><ele>29</ele></trkpt>
      <trkpt lat="51.512589" lon="-0.284295"><ele>28.75</ele></trkpt>
      <trkpt lat="51.51281" lon="-0.283793"><ele>29</ele></trkpt>
      <trkpt lat="51.512899" lon="-0.283558"><ele>29</ele></trkpt>
      <trkpt lat="51.512988" lon="-0.283297"><ele>29</ele></trkpt>
      <trkpt lat="51.513078" lon="-0.282945"><ele>29</ele></trkpt>
      <trkpt lat="51.513168" lon="-0.282451"><ele>29.75</ele></trkpt>
      <trkpt lat="51.513206" lon="-0.28215"><ele>29.5</ele></trkpt>
      <trkpt lat="51.513283" lon="-0.281359"><ele>29</ele></trkpt>
      <trkpt lat="51.513422" lon="-0.279926"><ele>29</ele></trkpt>
      <trkpt lat="51.513494" lon="-0.279225"><ele>29</ele></trkpt>
      <trkpt lat="51.513556" lon="-0.278904"><ele>29</ele></trkpt>
      <trkpt lat="51.513598" lon="-0.278761"><ele>29</ele></trkpt>
      <trkpt lat="51.513672" lon="-0.27853"><ele>29</ele></trkpt>
      <trkpt lat="51.513767" lon="-0.278294"><ele>28.75</ele></trkpt>
      <trkpt lat="51.513862" lon="-0.278119"><ele>28.75</ele></trkpt>
      <trkpt lat="51.514071" lon="-0.277833"><ele>29</ele></trkpt>
      <trkpt lat="51.514376" lon="-0.277535"><ele>29.75</ele></trkpt>
      <trkpt lat="51.514522" lon="-0.277444"><ele>30.25</ele></trkpt>
      <trkpt lat="51.514625" lon="-0.277448"><ele>30.5</ele></trkpt>
      <trkpt lat="51.514765" lon="-0.277459"><ele>30.75</ele></trkpt>
      <trkpt lat="51.51484" lon="-0.276497"><ele>31</ele></trkpt>
      <trkpt lat="51.514951" lon="-0.275194"><ele>30.75</ele></trkpt>
      <trkpt lat="51.51501" lon="-0.274489"><ele>31</ele></trkpt>
      <trkpt lat="51.515063" lon="-0.27408"><ele>30</ele></trkpt>
      <trkpt lat="51.515128" lon="-0.273669"><ele>30</ele></trkpt>
      <trkpt lat="51.515234" lon="-0.273154"><ele>29.75</ele></trkpt>
      <trkpt lat="51.51539" lon="-0.272462"><ele>29.25</ele></trkpt>
      <trkpt lat="51.515425" lon="-0.272305"><ele>29</ele></trkpt>
      <trkpt lat="51.515509" lon="-0.271949"><ele>29.5</ele></trkpt>
      <trkpt lat="51.515614" lon="-0.271338"><ele>30.25</ele></trkpt>
      <trkpt lat="51.515676" lon="-0.270717"><ele>31</ele></trkpt>
      <trkpt lat="51.515673" lon="-0.270571"><ele>31.25</ele></trkpt>
      <trkpt lat="51.515662" lon="-0.269869"><ele>30</ele></trkpt>
      <trkpt lat="51.515591" lon="-0.268843"><ele>26.75</ele></trkpt>
      <trkpt lat="51.515556" lon="-0.268321"><ele>26</ele></trkpt>
      <trkpt lat="51.515618" lon="-0.268272"><ele>26</ele></trkpt>
      <trkpt lat="51.515951" lon="-0.268003"><ele>26.5</ele></trkpt>
      <trkpt lat="51.516082" lon="-0.267865"><ele>26.75</ele></trkpt>
      <trkpt lat="51.51621" lon="-0.267731"><ele>27.25</ele></trkpt>
      <trkpt lat="51.516264" lon="-0.267675"><ele>27.5</ele></trkpt>
      <trkpt lat="51.516522" lon="-0.267336"><ele>28.25</ele></trkpt>
      <trkpt lat="51.516587" lon="-0.267219"><ele>28.5</ele></trkpt>
      <trkpt lat="51.51662" lon="-0.267161"><ele>29</ele></trkpt>
      <trkpt lat="51.516711" lon="-0.266969"><ele>29.5</ele></trkpt>
      <trkpt lat="51.516745" lon="-0.266891"><ele>29.5</ele></trkpt>
      <trkpt lat="51.516806" lon="-0.266755"><ele>30</ele></trkpt>
      <trkpt lat="51.516844" lon="-0.2668"><ele>29.5</ele></trkpt>
      <trkpt lat="51.516854" lon="-0.266811"><ele>29.5</ele></trkpt>
      <trkpt lat="51.516868" lon="-0.266779"><ele>29.75</ele></trkpt>
      <trkpt lat="51.516914" lon="-0.266682"><ele>30.5</ele></trkpt>
      <trkpt lat="51.516971" lon="-0.266626"><ele>30.5</ele></trkpt>
      <trkpt lat="51.517007" lon="-0.266617"><ele>30</ele></trkpt>
      <trkpt lat="51.51707" lon="-0.266594"><ele>29.25</ele></trkpt>
      <trkpt lat="51.517152" lon="-0.266565"><ele>29.5</ele></trkpt>
      <trkpt lat="51.51707" lon="-0.266594"><ele>30</ele></trkpt>
      <trkpt lat="51.517007" lon="-0.266617"><ele>30.5</ele></trkpt>
      <trkpt lat="51.516971" lon="-0.266626"><ele>30.5</ele></trkpt>
      <trkpt lat="51.516914" lon="-0.266682"><ele>30.5</ele></trkpt>
      <trkpt lat="51.516868" lon="-0.266779"><ele>29.75</ele></trkpt>
      <trkpt lat="51.516854" lon="-0.266811"><ele>29.5</ele></trkpt>
      <trkpt lat="51.516844" lon="-0.2668"><ele>29.5</ele></trkpt>
      <trkpt lat="51.516806" lon="-0.266755"><ele>30</ele></trkpt>
      <trkpt lat="51.516773" lon="-0.266716"><ele>30</ele></trkpt>
      <trkpt lat="51.51674" lon="-0.266676"><ele>30</ele></trkpt>
      <trkpt lat="51.516714" lon="-0.266707"><ele>30</ele></trkpt>
      <trkpt lat="51.516601" lon="-0.266551"><ele>30.25</ele></trkpt>
      <trkpt lat="51.516488" lon="-0.266375"><ele>31</ele></trkpt>
      <trkpt lat="51.516306" lon="-0.265969"><ele>32</ele></trkpt>
      <trkpt lat="51.516172" lon="-0.265546"><ele>33</ele></trkpt>
      <trkpt lat="51.51608" lon="-0.265233"><ele>32.75</ele></trkpt>
      <trkpt lat="51.516024" lon="-0.264843"><ele>33</ele></trkpt>
      <trkpt lat="51.515998" lon="-0.264338"><ele>33</ele></trkpt>
      <trkpt lat="51.516005" lon="-0.263678"><ele>33</ele></trkpt>
      <trkpt lat="51.516059" lon="-0.263045"><ele>33</ele></trkpt>
      <trkpt lat="51.516064" lon="-0.262935"><ele>33</ele></trkpt>
      <trkpt lat="51.516171" lon="-0.26186"><ele>33</ele></trkpt>
      <trkpt lat="51.51619" lon="-0.261798"><ele>33</ele></trkpt>
      <trkpt lat="51.516133" lon="-0.261745"><ele>33</ele></trkpt>
      <trkpt lat="51.516135" lon="-0.261713"><ele>33</ele></trkpt>
      <trkpt lat="51.516188" lon="-0.260489"><ele>32.25</ele></trkpt>
      <trkpt lat="51.516167" lon="-0.26025"><ele>32</ele></trkpt>
      <trkpt lat="51.516151" lon="-0.260204"><ele>32</ele></trkpt>
      <trkpt lat="51.516316" lon="-0.260071"><ele>32</ele></trkpt>
      <trkpt lat="51.516342" lon="-0.260029"><ele>32</ele></trkpt>
      <trkpt lat="51.516397" lon="-0.259985"><ele>32</ele></trkpt>
      <trkpt lat="51.51639" lon="-0.259971"><ele>32</ele></trkpt>
      <trkpt lat="51.516177" lon="-0.259524"><ele>32</ele></trkpt>
      <trkpt lat="51.51619" lon="-0.259457"><ele>32.25</ele></trkpt>
      <trkpt lat="51.516151" lon="-0.259378"><ele>31</ele></trkpt>
      <trkpt lat="51.515931" lon="-0.258931"><ele>30</ele></trkpt>
      <trkpt lat="51.515755" lon="-0.258546"><ele>30</ele></trkpt>
      <trkpt lat="51.515709" lon="-0.258443"><ele>29.5</ele></trkpt>
      <trkpt lat="51.515683" lon="-0.258385"><ele>29.25</ele></trkpt>
      <trkpt lat="51.515669" lon="-0.258362"><ele>29.25</ele></trkpt>
      <trkpt lat="51.515654" lon="-0.258329"><ele>29.25</ele></trkpt>
      <trkpt lat="51.515561" lon="-0.258142"><ele>28.25</ele></trkpt>
      <trkpt lat="51.515573" lon="-0.25807"><ele>28</ele></trkpt>
      <trkpt lat="51.515409" lon="-0.257721"><ele>26.75</ele></trkpt>
      <trkpt lat="51.515193" lon="-0.257218"><ele>25.5</ele></trkpt>
      <trkpt lat="51.514744" lon="-0.255959"><ele>22.25</ele></trkpt>
      <trkpt lat="51.514366" lon="-0.254594"><ele>18.75</ele></trkpt>
      <trkpt lat="51.514109" lon="-0.253276"><ele>15.5</ele></trkpt>
      <trkpt lat="51.513967" lon="-0.25227"><ele>13</ele></trkpt>
      <trkpt lat="51.513927" lon="-0.251934"><ele>12.75</ele></trkpt>
      <trkpt lat="51.513983" lon="-0.251926"><ele>12.75</ele></trkpt>
      <trkpt lat="51.513978" lon="-0.251876"><ele>12.75</ele></trkpt>
      <trkpt lat="51.513969" lon="-0.251794"><ele>12.25</ele></trkpt>
      <trkpt lat="51.514012" lon="-0.251786"><ele>12.25</ele></trkpt>
      <trkpt lat="51.513951" lon="-0.251083"><ele>11.75</ele></trkpt>
      <trkpt lat="51.513946" lon="-0.250254"><ele>10.75</ele></trkpt>
      <trkpt lat="51.513945" lon="-0.249809"><ele>10</ele></trkpt>
      <trkpt lat="51.513948" lon="-0.249541"><ele>9.75</ele></trkpt>
      <trkpt lat="51.513979" lon="-0.249407"><ele>9.75</ele></trkpt>
      <trkpt lat="51.514028" lon="-0.24931"><ele>9.75</ele></trkpt>
      <trkpt lat="51.51406" lon="-0.249272"><ele>9.5</ele></trkpt>
      <trkpt lat="51.514137" lon="-0.249216"><ele>9.25</ele></trkpt>
      <trkpt lat="51.514236" lon="-0.249165"><ele>9</ele></trkpt>
      <trkpt lat="51.514522" lon="-0.249252"><ele>9.25</ele></trkpt>
      <trkpt lat="51.514953" lon="-0.24938"><ele>9.75</ele></trkpt>
      <trkpt lat="51.515029" lon="-0.249315"><ele>10</ele></trkpt>
      <trkpt lat="51.515082" lon="-0.24926"><ele>10</ele></trkpt>
      <trkpt lat="51.515126" lon="-0.249219"><ele>10</ele></trkpt>
      <trkpt lat="51.515178" lon="-0.2492"><ele>10</ele></trkpt>
      <trkpt lat="51.515189" lon="-0.249148"><ele>10</ele></trkpt>
      <trkpt lat="51.515192" lon="-0.249126"><ele>10</ele></trkpt>
      <trkpt lat="51.515227" lon="-0.248765"><ele>10</ele></trkpt>
      <trkpt lat="51.515276" lon="-0.248028"><ele>9.75</ele></trkpt>
      <trkpt lat="51.515314" lon="-0.247327"><ele>10</ele></trkpt>
      <trkpt lat="51.515349" lon="-0.246473"><ele>10</ele></trkpt>
      <trkpt lat="51.515357" lon="-0.246339"><ele>10</ele></trkpt>
      <trkpt lat="51.515362" lon="-0.246255"><ele>10</ele></trkpt>
      <trkpt lat="51.515373" lon="-0.246015"><ele>10</ele></trkpt>
      <trkpt lat="51.515525" lon="-0.243729"><ele>11.25</ele></trkpt>
      <trkpt lat="51.515563" lon="-0.243276"><ele>11</ele></trkpt>
      <trkpt lat="51.51559" lon="-0.242892"><ele>11</ele></trkpt>
      <trkpt lat="51.515617" lon="-0.242502"><ele>11</ele></trkpt>
      <trkpt lat="51.515628" lon="-0.242314"><ele>11.75</ele></trkpt>
      <trkpt lat="51.51564" lon="-0.242125"><ele>12</ele></trkpt>
      <trkpt lat="51.515731" lon="-0.240496"><ele>12.25</ele></trkpt>
      <trkpt lat="51.515748" lon="-0.24019"><ele>12</ele></trkpt>
      <trkpt lat="51.515774" lon="-0.239737"><ele>12</ele></trkpt>
      <trkpt lat="51.515811" lon="-0.239079"><ele>12</ele></trkpt>
      <trkpt lat="51.515838" lon="-0.238615"><ele>12</ele></trkpt>
      <trkpt lat="51.51586" lon="-0.238228"><ele>12</ele></trkpt>
      <trkpt lat="51.515894" lon="-0.237889"><ele>12</ele></trkpt>
      <trkpt lat="51.515932" lon="-0.237646"><ele>11.5</ele></trkpt>
      <trkpt lat="51.515975" lon="-0.237187"><ele>10.75</ele></trkpt>
      <trkpt lat="51.516011" lon="-0.236793"><ele>10.5</ele></trkpt>
      <trkpt lat="51.51603" lon="-0.236577"><ele>10.5</ele></trkpt>
      <trkpt lat="51.516104" lon="-0.235705"><ele>10.75</ele></trkpt>
      <trkpt lat="51.516129" lon="-0.235452"><ele>10.75</ele></trkpt>
      <trkpt lat="51.51615" lon="-0.235224"><ele>10.75</ele></trkpt>
      <trkpt lat="51.516202" lon="-0.23472"><ele>10.25</ele></trkpt>
      <trkpt lat="51.516286" lon="-0.234122"><ele>10.75</ele></trkpt>
      <trkpt lat="51.5163" lon="-0.233986"><ele>10.75</ele></trkpt>
      <trkpt lat="51.516375" lon="-0.233297"><ele>10.75</ele></trkpt>
      <trkpt lat="51.516415" lon="-0.232731"><ele>11</ele></trkpt>
      <trkpt lat="51.516453" lon="-0.232032"><ele>11</ele></trkpt>
      <trkpt lat="51.516497" lon="-0.231093"><ele>10.25</ele></trkpt>
      <trkpt lat="51.51651" lon="-0.23085"><ele>10.25</ele></trkpt>
      <trkpt lat="51.516537" lon="-0.230422"><ele>10.5</ele></trkpt>
      <trkpt lat="51.516559" lon="-0.230155"><ele>10.5</ele></trkpt>
      <trkpt lat="51.516628" lon="-0.22953"><ele>10</ele></trkpt>
      <trkpt lat="51.516785" lon="-0.228486"><ele>10</ele></trkpt>
      <trkpt lat="51.5169" lon="-0.227795"><ele>9.75</ele></trkpt>
      <trkpt lat="51.516947" lon="-0.227537"><ele>9.75</ele></trkpt>
      <trkpt lat="51.516961" lon="-0.227462"><ele>10</ele></trkpt>
      <trkpt lat="51.517" lon="-0.227259"><ele>10</ele></trkpt>
      <trkpt lat="51.517064" lon="-0.227291"><ele>10</ele></trkpt>
      <trkpt lat="51.517082" lon="-0.2273"><ele>10</ele></trkpt>
      <trkpt lat="51.517113" lon="-0.227315"><ele>10</ele></trkpt>
      <trkpt lat="51.517203" lon="-0.22735"><ele>10</ele></trkpt>
      <trkpt lat="51.517647" lon="-0.227527"><ele>10</ele></trkpt>
      <trkpt lat="51.518316" lon="-0.227816"><ele>11</ele></trkpt>
      <trkpt lat="51.518331" lon="-0.227702"><ele>11</ele></trkpt>
      <trkpt lat="51.518364" lon="-0.227716"><ele>11</ele></trkpt>
      <trkpt lat="51.518693" lon="-0.227847"><ele>11</ele></trkpt>
      <trkpt lat="51.518903" lon="-0.227939"><ele>11</ele></trkpt>
      <trkpt lat="51.518949" lon="-0.227845"><ele>11</ele></trkpt>
      <trkpt lat="51.519201" lon="-0.227282"><ele>11</ele></trkpt>
      <trkpt lat="51.519282" lon="-0.227099"><ele>11.25</ele></trkpt>
      <trkpt lat="51.51951" lon="-0.226585"><ele>14</ele></trkpt>
      <trkpt lat="51.51964" lon="-0.22627"><ele>12</ele></trkpt>
      <trkpt lat="51.519654" lon="-0.226239"><ele>12</ele></trkpt>
      <trkpt lat="51.519692" lon="-0.22614"><ele>12</ele></trkpt>
      <trkpt lat="51.519696" lon="-0.226122"><ele>12</ele></trkpt>
      <trkpt lat="51.519689" lon="-0.226104"><ele>11.75</ele></trkpt>
      <trkpt lat="51.5197" lon="-0.226077"><ele>11.75</ele></trkpt>
      <trkpt lat="51.519725" lon="-0.226022"><ele>12</ele></trkpt>
      <trkpt lat="51.519749" lon="-0.22596"><ele>12</ele></trkpt>
      <trkpt lat="51.519777" lon="-0.225933"><ele>12</ele></trkpt>
      <trkpt lat="51.519963" lon="-0.225521"><ele>12</ele></trkpt>
      <trkpt lat="51.519986" lon="-0.225472"><ele>12</ele></trkpt>
      <trkpt lat="51.520016" lon="-0.225406"><ele>12</ele></trkpt>
      <trkpt lat="51.520108" lon="-0.225195"><ele>12.25</ele></trkpt>
      <trkpt lat="51.520112" lon="-0.225162"><ele>12.25</ele></trkpt>
      <trkpt lat="51.520103" lon="-0.225089"><ele>12.25</ele></trkpt>
      <trkpt lat="51.520121" lon="-0.225082"><ele>12.25</ele></trkpt>
      <trkpt lat="51.520146" lon="-0.225072"><ele>12.5</ele></trkpt>
      <trkpt lat="51.520117" lon="-0.224844"><ele>12.25</ele></trkpt>
      <trkpt lat="51.520059" lon="-0.224434"><ele>12</ele></trkpt>
      <trkpt lat="51.520018" lon="-0.224229"><ele>12.75</ele></trkpt>
      <trkpt lat="51.519981" lon="-0.224059"><ele>12.5</ele></trkpt>
      <trkpt lat="51.51995" lon="-0.223912"><ele>12</ele></trkpt>
      <trkpt lat="51.519961" lon="-0.223785"><ele>12.25</ele></trkpt>
      <trkpt lat="51.519629" lon="-0.221654"><ele>11.5</ele></trkpt>
      <trkpt lat="51.519594" lon="-0.221428"><ele>12.25</ele></trkpt>
      <trkpt lat="51.519559" lon="-0.221198"><ele>12.25</ele></trkpt>
      <trkpt lat="51.519215" lon="-0.218983"><ele>13</ele></trkpt>
      <trkpt lat="51.519188" lon="-0.218827"><ele>13.25</ele></trkpt>
      <trkpt lat="51.51915" lon="-0.21859"><ele>13.75</ele></trkpt>
      <trkpt lat="51.519056" lon="-0.218004"><ele>13</ele></trkpt>
      <trkpt lat="51.519003" lon="-0.21768"><ele>13.5</ele></trkpt>
      <trkpt lat="51.518965" lon="-0.217581"><ele>13.75</ele></trkpt>
      <trkpt lat="51.518936" lon="-0.217482"><ele>14</ele></trkpt>
      <trkpt lat="51.518875" lon="-0.21741"><ele>14.25</ele></trkpt>
      <trkpt lat="51.518848" lon="-0.217316"><ele>14.25</ele></trkpt>
      <trkpt lat="51.518846" lon="-0.217264"><ele>14.5</ele></trkpt>
      <trkpt lat="51.518853" lon="-0.217215"><ele>14.5</ele></trkpt>
      <trkpt lat="51.51887" lon="-0.217164"><ele>14.75</ele></trkpt>
      <trkpt lat="51.518891" lon="-0.217129"><ele>14.75</ele></trkpt>
      <trkpt lat="51.518852" lon="-0.217018"><ele>14.5</ele></trkpt>
      <trkpt lat="51.518783" lon="-0.216904"><ele>14</ele></trkpt>
      <trkpt lat="51.518686" lon="-0.21672"><ele>13.75</ele></trkpt>
      <trkpt lat="51.518464" lon="-0.216364"><ele>13.25</ele></trkpt>
      <trkpt lat="51.518418" lon="-0.216289"><ele>13.25</ele></trkpt>
      <trkpt lat="51.518343" lon="-0.216176"><ele>13.5</ele></trkpt>
      <trkpt lat="51.518158" lon="-0.215888"><ele>12.75</ele></trkpt>
      <trkpt lat="51.517934" lon="-0.215547"><ele>13</ele></trkpt>
      <trkpt lat="51.517868" lon="-0.215447"><ele>13</ele></trkpt>
      <trkpt lat="51.517809" lon="-0.215356"><ele>13</ele></trkpt>
      <trkpt lat="51.517391" lon="-0.214713"><ele>13</ele></trkpt>
      <trkpt lat="51.517331" lon="-0.214617"><ele>13</ele></trkpt>
      <trkpt lat="51.517263" lon="-0.214517"><ele>13</ele></trkpt>
      <trkpt lat="51.516907" lon="-0.213987"><ele>12.75</ele></trkpt>
      <trkpt lat="51.516879" lon="-0.213945"><ele>12.75</ele></trkpt>
      <trkpt lat="51.516634" lon="-0.213587"><ele>12.75</ele></trkpt>
      <trkpt lat="51.516533" lon="-0.213438"><ele>12.75</ele></trkpt>
      <trkpt lat="51.51643" lon="-0.213289"><ele>12.25</ele></trkpt>
      <trkpt lat="51.516333" lon="-0.213119"><ele>12</ele></trkpt>
      <trkpt lat="51.516082" lon="-0.212687"><ele>11.75</ele></trkpt>
      <trkpt lat="51.516021" lon="-0.212583"><ele>11.5</ele></trkpt>
      <trkpt lat="51.515968" lon="-0.212508"><ele>11.25</ele></trkpt>
      <trkpt lat="51.515909" lon="-0.212441"><ele>11.25</ele></trkpt>
      <trkpt lat="51.515739" lon="-0.212304"><ele>11.25</ele></trkpt>
      <trkpt lat="51.515698" lon="-0.212272"><ele>11.25</ele></trkpt>
      <trkpt lat="51.515575" lon="-0.212129"><ele>11</ele></trkpt>
      <trkpt lat="51.515542" lon="-0.21206"><ele>10.75</ele></trkpt>
      <trkpt lat="51.515383" lon="-0.211688"><ele>9.5</ele></trkpt>
      <trkpt lat="51.515241" lon="-0.211355"><ele>10.5</ele></trkpt>
      <trkpt lat="51.515169" lon="-0.211186"><ele>10</ele></trkpt>
      <trkpt lat="51.515147" lon="-0.211135"><ele>10</ele></trkpt>
      <trkpt lat="51.51505" lon="-0.210907"><ele>10.5</ele></trkpt>
      <trkpt lat="51.515016" lon="-0.210828"><ele>10.75</ele></trkpt>
      <trkpt lat="51.514994" lon="-0.210771"><ele>10.75</ele></trkpt>
      <trkpt lat="51.514682" lon="-0.210252"><ele>10.75</ele></trkpt>
      <trkpt lat="51.514469" lon="-0.209922"><ele>11</ele></trkpt>
      <trkpt lat="51.514542" lon="-0.209795"><ele>11.25</ele></trkpt>
      <trkpt lat="51.514787" lon="-0.209345"><ele>12</ele></trkpt>
      <trkpt lat="51.514888" lon="-0.209109"><ele>12</ele></trkpt>
      <trkpt lat="51.51498" lon="-0.208871"><ele>12.75</ele></trkpt>
      <trkpt lat="51.515058" lon="-0.208636"><ele>12.75</ele></trkpt>
      <trkpt lat="51.515105" lon="-0.208461"><ele>12.75</ele></trkpt>
      <trkpt lat="51.515116" lon="-0.208418"><ele>12.75</ele></trkpt>
      <trkpt lat="51.515131" lon="-0.208354"><ele>12.75</ele></trkpt>
      <trkpt lat="51.515147" lon="-0.208289"><ele>13</ele></trkpt>
      <trkpt lat="51.515158" lon="-0.208244"><ele>13</ele></trkpt>
      <trkpt lat="51.515284" lon="-0.207671"><ele>14</ele></trkpt>
      <trkpt lat="51.515361" lon="-0.207325"><ele>14</ele></trkpt>
      <trkpt lat="51.515642" lon="-0.206067"><ele>16</ele></trkpt>
      <trkpt lat="51.51569" lon="-0.205904"><ele>16.25</ele></trkpt>
      <trkpt lat="51.515906" lon="-0.204972"><ele>17</ele></trkpt>
      <trkpt lat="51.515895" lon="-0.204912"><ele>17</ele></trkpt>
      <trkpt lat="51.515899" lon="-0.20485"><ele>17</ele></trkpt>
      <trkpt lat="51.515969" lon="-0.204498"><ele>17.25</ele></trkpt>
      <trkpt lat="51.516023" lon="-0.204367"><ele>17.5</ele></trkpt>
      <trkpt lat="51.516065" lon="-0.204146"><ele>17.75</ele></trkpt>
      <trkpt lat="51.516105" lon="-0.203932"><ele>17.75</ele></trkpt>
      <trkpt lat="51.516213" lon="-0.20339"><ele>18.75</ele></trkpt>
      <trkpt lat="51.516247" lon="-0.203211"><ele>19</ele></trkpt>
      <trkpt lat="51.516273" lon="-0.203174"><ele>19.25</ele></trkpt>
      <trkpt lat="51.516286" lon="-0.203115"><ele>19.25</ele></trkpt>
      <trkpt lat="51.516294" lon="-0.203081"><ele>19.5</ele></trkpt>
      <trkpt lat="51.516369" lon="-0.202721"><ele>20</ele></trkpt>
      <trkpt lat="51.516451" lon="-0.202394"><ele>19.75</ele></trkpt>
      <trkpt lat="51.516457" lon="-0.202357"><ele>19.75</ele></trkpt>
      <trkpt lat="51.516468" lon="-0.20227"><ele>19.5</ele></trkpt>
      <trkpt lat="51.516456" lon="-0.202244"><ele>19.5</ele></trkpt>
      <trkpt lat="51.516453" lon="-0.202204"><ele>19.25</ele></trkpt>
      <trkpt lat="51.516518" lon="-0.201821"><ele>20</ele></trkpt>
      <trkpt lat="51.516557" lon="-0.201618"><ele>20.75</ele></trkpt>
      <trkpt lat="51.516679" lon="-0.200972"><ele>21.5</ele></trkpt>
      <trkpt lat="51.516688" lon="-0.200918"><ele>21.5</ele></trkpt>
      <trkpt lat="51.516763" lon="-0.200466"><ele>21.5</ele></trkpt>
      <trkpt lat="51.516824" lon="-0.20009"><ele>21.5</ele></trkpt>
      <trkpt lat="51.516849" lon="-0.199907"><ele>21.75</ele></trkpt>
      <trkpt lat="51.51697" lon="-0.199048"><ele>21.75</ele></trkpt>
      <trkpt lat="51.517073" lon="-0.198317"><ele>20.25</ele></trkpt>
      <trkpt lat="51.517083" lon="-0.198249"><ele>20.5</ele></trkpt>
      <trkpt lat="51.51713" lon="-0.197919"><ele>20.75</ele></trkpt>
      <trkpt lat="51.517146" lon="-0.197806"><ele>20.75</ele></trkpt>
      <trkpt lat="51.517195" lon="-0.197457"><ele>21.75</ele></trkpt>
      <trkpt lat="51.517263" lon="-0.196999"><ele>22</ele></trkpt>
      <trkpt lat="51.517324" lon="-0.196654"><ele>21.5</ele></trkpt>
      <trkpt lat="51.517441" lon="-0.196019"><ele>21.75</ele></trkpt>
      <trkpt lat="51.517453" lon="-0.195942"><ele>21.75</ele></trkpt>
      <trkpt lat="51.51746" lon="-0.1959"><ele>21.75</ele></trkpt>
      <trkpt lat="51.517474" lon="-0.19582"><ele>22</ele></trkpt>
      <trkpt lat="51.517489" lon="-0.195719"><ele>22</ele></trkpt>
      <trkpt lat="51.517497" lon="-0.195674"><ele>22</ele></trkpt>
      <trkpt lat="51.517508" lon="-0.195616"><ele>22</ele></trkpt>
      <trkpt lat="51.517576" lon="-0.195246"><ele>21.5</ele></trkpt>
      <trkpt lat="51.517582" lon="-0.195195"><ele>21.5</ele></trkpt>
      <trkpt lat="51.517622" lon="-0.195145"><ele>21.5</ele></trkpt>
      <trkpt lat="51.517667" lon="-0.194923"><ele>21.5</ele></trkpt>
      <trkpt lat="51.517697" lon="-0.19474"><ele>22</ele></trkpt>
      <trkpt lat="51.517716" lon="-0.194637"><ele>22.25</ele></trkpt>
      <trkpt lat="51.517738" lon="-0.194518"><ele>22.5</ele></trkpt>
      <trkpt lat="51.517762" lon="-0.194375"><ele>22.75</ele></trkpt>
      <trkpt lat="51.517755" lon="-0.194297"><ele>22.75</ele></trkpt>
      <trkpt lat="51.51777" lon="-0.194214"><ele>22.75</ele></trkpt>
      <trkpt lat="51.51785" lon="-0.193813"><ele>23.25</ele></trkpt>
      <trkpt lat="51.517928" lon="-0.193432"><ele>23</ele></trkpt>
      <trkpt lat="51.517954" lon="-0.193356"><ele>23.25</ele></trkpt>
      <trkpt lat="51.517983" lon="-0.193325"><ele>23.25</ele></trkpt>
      <trkpt lat="51.518011" lon="-0.19331"><ele>23.5</ele></trkpt>
      <trkpt lat="51.518068" lon="-0.193304"><ele>24</ele></trkpt>
      <trkpt lat="51.518148" lon="-0.193328"><ele>24</ele></trkpt>
      <trkpt lat="51.518154" lon="-0.193029"><ele>24</ele></trkpt>
      <trkpt lat="51.518167" lon="-0.19275"><ele>24.25</ele></trkpt>
      <trkpt lat="51.518167" lon="-0.192588"><ele>24.25</ele></trkpt>
      <trkpt lat="51.518155" lon="-0.192252"><ele>24.25</ele></trkpt>
      <trkpt lat="51.518126" lon="-0.191982"><ele>24.25</ele></trkpt>
      <trkpt lat="51.5181" lon="-0.1918"><ele>24.75</ele></trkpt>
      <trkpt lat="51.518075" lon="-0.191656"><ele>25</ele></trkpt>
      <trkpt lat="51.518048" lon="-0.19149"><ele>24.75</ele></trkpt>
      <trkpt lat="51.518015" lon="-0.191294"><ele>24.75</ele></trkpt>
      <trkpt lat="51.517981" lon="-0.191146"><ele>24.75</ele></trkpt>
      <trkpt lat="51.517862" lon="-0.190598"><ele>25.25</ele></trkpt>
      <trkpt lat="51.517863" lon="-0.190495"><ele>25</ele></trkpt>
      <trkpt lat="51.517986" lon="-0.189681"><ele>24.25</ele></trkpt>
      <trkpt lat="51.518059" lon="-0.1892"><ele>24</ele></trkpt>
      <trkpt lat="51.518076" lon="-0.189083"><ele>24</ele></trkpt>
      <trkpt lat="51.518086" lon="-0.189019"><ele>24</ele></trkpt>
      <trkpt lat="51.517989" lon="-0.188954"><ele>23.75</ele></trkpt>
      <trkpt lat="51.517951" lon="-0.188919"><ele>23.75</ele></trkpt>
      <trkpt lat="51.517889" lon="-0.188861"><ele>23.75</ele></trkpt>
      <trkpt lat="51.517847" lon="-0.188822"><ele>23.5</ele></trkpt>
      <trkpt lat="51.517749" lon="-0.188706"><ele>23.25</ele></trkpt>
      <trkpt lat="51.517688" lon="-0.188633"><ele>23</ele></trkpt>
      <trkpt lat="51.517727" lon="-0.188521"><ele>23</ele></trkpt>
      <trkpt lat="51.517952" lon="-0.187869"><ele>22.25</ele></trkpt>
      <trkpt lat="51.518126" lon="-0.18723"><ele>23.25</ele></trkpt>
      <trkpt lat="51.518272" lon="-0.186501"><ele>24</ele></trkpt>
      <trkpt lat="51.518307" lon="-0.186253"><ele>25.25</ele></trkpt>
      <trkpt lat="51.518271" lon="-0.186222"><ele>25.25</ele></trkpt>
      <trkpt lat="51.518201" lon="-0.18614"><ele>25.25</ele></trkpt>
      <trkpt lat="51.518233" lon="-0.18609"><ele>25.5</ele></trkpt>
      <trkpt lat="51.518259" lon="-0.186054"><ele>25.25</ele></trkpt>
      <trkpt lat="51.518272" lon="-0.186012"><ele>25.25</ele></trkpt>
      <trkpt lat="51.518277" lon="-0.18597"><ele>25</ele></trkpt>
      <trkpt lat="51.518271" lon="-0.185809"><ele>24.25</ele></trkpt>
      <trkpt lat="51.518196" lon="-0.185383"><ele>22.75</ele></trkpt>
      <trkpt lat="51.518094" lon="-0.185019"><ele>23.5</ele></trkpt>
      <trkpt lat="51.517986" lon="-0.184707"><ele>23.25</ele></trkpt>
      <trkpt lat="51.517913" lon="-0.184518"><ele>23</ele></trkpt>
      <trkpt lat="51.517831" lon="-0.184363"><ele>23.5</ele></trkpt>
      <trkpt lat="51.517824" lon="-0.18432"><ele>23.5</ele></trkpt>
      <trkpt lat="51.517793" lon="-0.184221"><ele>23.75</ele></trkpt>
      <trkpt lat="51.517797" lon="-0.184068"><ele>23.75</ele></trkpt>
      <trkpt lat="51.517829" lon="-0.183958"><ele>23.5</ele></trkpt>
      <trkpt lat="51.518076" lon="-0.18304"><ele>25.75</ele></trkpt>
      <trkpt lat="51.518096" lon="-0.182997"><ele>25.75</ele></trkpt>
      <trkpt lat="51.518138" lon="-0.18292"><ele>25.25</ele></trkpt>
      <trkpt lat="51.518095" lon="-0.182856"><ele>25.5</ele></trkpt>
      <trkpt lat="51.518015" lon="-0.182725"><ele>25.75</ele></trkpt>
      <trkpt lat="51.517977" lon="-0.182639"><ele>25.5</ele></trkpt>
      <trkpt lat="51.517934" lon="-0.182572"><ele>25.5</ele></trkpt>
      <trkpt lat="51.517884" lon="-0.182521"><ele>25.25</ele></trkpt>
      <trkpt lat="51.517759" lon="-0.182357"><ele>24.75</ele></trkpt>
      <trkpt lat="51.517728" lon="-0.182233"><ele>24.75</ele></trkpt>
      <trkpt lat="51.517713" lon="-0.18221"><ele>25</ele></trkpt>
      <trkpt lat="51.517679" lon="-0.182159"><ele>25</ele></trkpt>
      <trkpt lat="51.517656" lon="-0.182098"><ele>25.25</ele></trkpt>
      <trkpt lat="51.517691" lon="-0.182035"><ele>25.25</ele></trkpt>
      <trkpt lat="51.517695" lon="-0.182028"><ele>25.25</ele></trkpt>
      <trkpt lat="51.517686" lon="-0.181963"><ele>25.5</ele></trkpt>
      <trkpt lat="51.517687" lon="-0.181896"><ele>25.5</ele></trkpt>
      <trkpt lat="51.51781" lon="-0.181367"><ele>25.75</ele></trkpt>
      <trkpt lat="51.517848" lon="-0.181197"><ele>25.5</ele></trkpt>
      <trkpt lat="51.517955" lon="-0.180762"><ele>26.5</ele></trkpt>
      <trkpt lat="51.517993" lon="-0.180606"><ele>26.75</ele></trkpt>
      <trkpt lat="51.518026" lon="-0.180484"><ele>27</ele></trkpt>
      <trkpt lat="51.518066" lon="-0.180374"><ele>26.75</ele></trkpt>
      <trkpt lat="51.518012" lon="-0.180297"><ele>27</ele></trkpt>
      <trkpt lat="51.518032" lon="-0.180258"><ele>26.75</ele></trkpt>
      <trkpt lat="51.518037" lon="-0.180249"><ele>26.75</ele></trkpt>
      <trkpt lat="51.518052" lon="-0.180222"><ele>26.25</ele></trkpt>
      <trkpt lat="51.517981" lon="-0.180123"><ele>26</ele></trkpt>
      <trkpt lat="51.51757" lon="-0.179517"><ele>26.25</ele></trkpt>
      <trkpt lat="51.517101" lon="-0.178807"><ele>24.5</ele></trkpt>
      <trkpt lat="51.516749" lon="-0.178305"><ele>24.5</ele></trkpt>
      <trkpt lat="51.51672" lon="-0.178263"><ele>24.5</ele></trkpt>
      <trkpt lat="51.516451" lon="-0.177878"><ele>24.5</ele></trkpt>
      <trkpt lat="51.516332" lon="-0.177709"><ele>24.25</ele></trkpt>
      <trkpt lat="51.51644" lon="-0.177521"><ele>24</ele></trkpt>
      <trkpt lat="51.51645" lon="-0.177503"><ele>24</ele></trkpt>
      <trkpt lat="51.516393" lon="-0.177411"><ele>24</ele></trkpt>
      <trkpt lat="51.51609" lon="-0.176926"><ele>24</ele></trkpt>
      <trkpt lat="51.516176" lon="-0.17678"><ele>23.75</ele></trkpt>
      <trkpt lat="51.516353" lon="-0.177052"><ele>24</ele></trkpt>
      <trkpt lat="51.516397" lon="-0.177124"><ele>24</ele></trkpt>
      <trkpt lat="51.516425" lon="-0.177075"><ele>24</ele></trkpt>
      <trkpt lat="51.51647" lon="-0.176994"><ele>24</ele></trkpt>
      <trkpt lat="51.516415" lon="-0.176922"><ele>24</ele></trkpt>
      <trkpt lat="51.516226" lon="-0.176674"><ele>24</ele></trkpt>
      <trkpt lat="51.516299" lon="-0.176537"><ele>24</ele></trkpt>
      <trkpt lat="51.516358" lon="-0.176426"><ele>24</ele></trkpt>
      <trkpt lat="51.516447" lon="-0.176259"><ele>24</ele></trkpt>
      <trkpt lat="51.516511" lon="-0.176146"><ele>24.25</ele></trkpt>
      <trkpt lat="51.516475" lon="-0.175996"><ele>24.5</ele></trkpt>
      <trkpt lat="51.516392" lon="-0.175857"><ele>24</ele></trkpt>
      <trkpt lat="51.515984" lon="-0.175226"><ele>26</ele></trkpt>
      <trkpt lat="51.515981" lon="-0.175222"><ele>26</ele></trkpt>
      <trkpt lat="51.515942" lon="-0.175167"><ele>26</ele></trkpt>
      <trkpt lat="51.515926" lon="-0.175144"><ele>26</ele></trkpt>
      <trkpt lat="51.515879" lon="-0.175079"><ele>26</ele></trkpt>
      <trkpt lat="51.51596" lon="-0.174932"><ele>26.5</ele></trkpt>
      <trkpt lat="51.515921" lon="-0.174872"><ele>26.5</ele></trkpt>
      <trkpt lat="51.51577" lon="-0.174652"><ele>26.25</ele></trkpt>
      <trkpt lat="51.515741" lon="-0.174613"><ele>26.25</ele></trkpt>
      <trkpt lat="51.515698" lon="-0.174547"><ele>26.25</ele></trkpt>
      <trkpt lat="51.515643" lon="-0.174462"><ele>26.5</ele></trkpt>
      <trkpt lat="51.515549" lon="-0.174327"><ele>26.75</ele></trkpt>
      <trkpt lat="51.51546" lon="-0.1742"><ele>26.5</ele></trkpt>
      <trkpt lat="51.515366" lon="-0.174064"><ele>26.25</ele></trkpt>
      <trkpt lat="51.515144" lon="-0.173752"><ele>26.25</ele></trkpt>
      <trkpt lat="51.514957" lon="-0.173496"><ele>25.75</ele></trkpt>
      <trkpt lat="51.514948" lon="-0.173484"><ele>25.75</ele></trkpt>
      <trkpt lat="51.514902" lon="-0.173416"><ele>25.75</ele></trkpt>
      <trkpt lat="51.514829" lon="-0.173318"><ele>26</ele></trkpt>
      <trkpt lat="51.514785" lon="-0.173254"><ele>26</ele></trkpt>
      <trkpt lat="51.514757" lon="-0.173214"><ele>26</ele></trkpt>
      <trkpt lat="51.514434" lon="-0.172734"><ele>25.75</ele></trkpt>
      <trkpt lat="51.514417" lon="-0.17271"><ele>25.75</ele></trkpt>
      <trkpt lat="51.514179" lon="-0.172369"><ele>25</ele></trkpt>
      <trkpt lat="51.514125" lon="-0.172292"><ele>25</ele></trkpt>
      <trkpt lat="51.513931" lon="-0.172027"><ele>25.25</ele></trkpt>
      <trkpt lat="51.513815" lon="-0.171868"><ele>25</ele></trkpt>
      <trkpt lat="51.513705" lon="-0.171718"><ele>25</ele></trkpt>
      <trkpt lat="51.513594" lon="-0.171567"><ele>24.75</ele></trkpt>
      <trkpt lat="51.513598" lon="-0.171274"><ele>25</ele></trkpt>
      <trkpt lat="51.513697" lon="-0.170281"><ele>23.25</ele></trkpt>
      <trkpt lat="51.51373" lon="-0.169953"><ele>24.25</ele></trkpt>
      <trkpt lat="51.513806" lon="-0.169185"><ele>25.5</ele></trkpt>
      <trkpt lat="51.513908" lon="-0.168149"><ele>25.5</ele></trkpt>
      <trkpt lat="51.513914" lon="-0.168129"><ele>25.75</ele></trkpt>
      <trkpt lat="51.513941" lon="-0.168039"><ele>25.75</ele></trkpt>
      <trkpt lat="51.514123" lon="-0.168088"><ele>25.75</ele></trkpt>
      <trkpt lat="51.514144" lon="-0.167961"><ele>25.75</ele></trkpt>
      <trkpt lat="51.514206" lon="-0.167581"><ele>25.5</ele></trkpt>
      <trkpt lat="51.514306" lon="-0.166981"><ele>26.25</ele></trkpt>
      <trkpt lat="51.514322" lon="-0.166883"><ele>26.25</ele></trkpt>
      <trkpt lat="51.514297" lon="-0.166874"><ele>26.25</ele></trkpt>
      <trkpt lat="51.514289" lon="-0.166871"><ele>26.25</ele></trkpt>
      <trkpt lat="51.514609" lon="-0.164946"><ele>26.25</ele></trkpt>
      <trkpt lat="51.514653" lon="-0.164677"><ele>26.5</ele></trkpt>
      <trkpt lat="51.514688" lon="-0.164469"><ele>26.75</ele></trkpt>
      <trkpt lat="51.51469" lon="-0.164456"><ele>26.75</ele></trkpt>
      <trkpt lat="51.5147" lon="-0.164394"><ele>26.75</ele></trkpt>
      <trkpt lat="51.514711" lon="-0.164333"><ele>26.75</ele></trkpt>
      <trkpt lat="51.514757" lon="-0.1641"><ele>26.75</ele></trkpt>
      <trkpt lat="51.514788" lon="-0.163825"><ele>26</ele></trkpt>
      <trkpt lat="51.514796" lon="-0.163776"><ele>26</ele></trkpt>
      <trkpt lat="51.514805" lon="-0.16372"><ele>26</ele></trkpt>
      <trkpt lat="51.514809" lon="-0.1637"><ele>26</ele></trkpt>
      <trkpt lat="51.51482" lon="-0.163694"><ele>26</ele></trkpt>
      <trkpt lat="51.51494" lon="-0.162997"><ele>26.5</ele></trkpt>
      <trkpt lat="51.514931" lon="-0.162916"><ele>26.5</ele></trkpt>
      <trkpt lat="51.514935" lon="-0.162863"><ele>26.5</ele></trkpt>
      <trkpt lat="51.514948" lon="-0.162758"><ele>26.75</ele></trkpt>
      <trkpt lat="51.514922" lon="-0.162715"><ele>26.75</ele></trkpt>
      <trkpt lat="51.514893" lon="-0.162669"><ele>26.75</ele></trkpt>
      <trkpt lat="51.514787" lon="-0.162506"><ele>26.75</ele></trkpt>
      <trkpt lat="51.514597" lon="-0.162214"><ele>26.5</ele></trkpt>
      <trkpt lat="51.514345" lon="-0.161819"><ele>26.25</ele></trkpt>
      <trkpt lat="51.51432" lon="-0.161782"><ele>26.5</ele></trkpt>
      <trkpt lat="51.514295" lon="-0.161744"><ele>26.5</ele></trkpt>
      <trkpt lat="51.5142" lon="-0.161593"><ele>26.5</ele></trkpt>
      <trkpt lat="51.514136" lon="-0.16142"><ele>26</ele></trkpt>
      <trkpt lat="51.513922" lon="-0.161078"><ele>26.75</ele></trkpt>
      <trkpt lat="51.513893" lon="-0.161031"><ele>26.5</ele></trkpt>
      <trkpt lat="51.513797" lon="-0.160875"><ele>26.25</ele></trkpt>
      <trkpt lat="51.513549" lon="-0.160474"><ele>26.75</ele></trkpt>
      <trkpt lat="51.513478" lon="-0.160359"><ele>26.75</ele></trkpt>
      <trkpt lat="51.513435" lon="-0.160288"><ele>26.75</ele></trkpt>
      <trkpt lat="51.513397" lon="-0.160228"><ele>27</ele></trkpt>
      <trkpt lat="51.513366" lon="-0.160177"><ele>27</ele></trkpt>
      <trkpt lat="51.513294" lon="-0.160051"><ele>26.75</ele></trkpt>
      <trkpt lat="51.513259" lon="-0.159951"><ele>27</ele></trkpt>
      <trkpt lat="51.513244" lon="-0.159886"><ele>27</ele></trkpt>
      <trkpt lat="51.513271" lon="-0.159634"><ele>27</ele></trkpt>
      <trkpt lat="51.513312" lon="-0.159287"><ele>27.5</ele></trkpt>
      <trkpt lat="51.513326" lon="-0.159163"><ele>27.75</ele></trkpt>
      <trkpt lat="51.513335" lon="-0.159092"><ele>27.75</ele></trkpt>
      <trkpt lat="51.51335" lon="-0.158962"><ele>27.75</ele></trkpt>
      <trkpt lat="51.513369" lon="-0.158799"><ele>28</ele></trkpt>
      <trkpt lat="51.513373" lon="-0.158759"><ele>27.75</ele></trkpt>
      <trkpt lat="51.513378" lon="-0.158724"><ele>27.75</ele></trkpt>
      <trkpt lat="51.513363" lon="-0.15854"><ele>28</ele></trkpt>
      <trkpt lat="51.513354" lon="-0.158508"><ele>28</ele></trkpt>
      <trkpt lat="51.513337" lon="-0.158443"><ele>28</ele></trkpt>
      <trkpt lat="51.513387" lon="-0.158382"><ele>28</ele></trkpt>
      <trkpt lat="51.513405" lon="-0.158365"><ele>28</ele></trkpt>
      <trkpt lat="51.513428" lon="-0.15832"><ele>28</ele></trkpt>
      <trkpt lat="51.5134" lon="-0.158264"><ele>28</ele></trkpt>
      <trkpt lat="51.513382" lon="-0.158218"><ele>27.75</ele></trkpt>
      <trkpt lat="51.513366" lon="-0.158175"><ele>28</ele></trkpt>
      <trkpt lat="51.513352" lon="-0.158144"><ele>28</ele></trkpt>
      <trkpt lat="51.513383" lon="-0.158089"><ele>28</ele></trkpt>
      <trkpt lat="51.513495" lon="-0.157135"><ele>26.5</ele></trkpt>
      <trkpt lat="51.513606" lon="-0.156137"><ele>26.75</ele></trkpt>
      <trkpt lat="51.513618" lon="-0.156008"><ele>27</ele></trkpt>
      <trkpt lat="51.513627" lon="-0.15595"><ele>26.75</ele></trkpt>
      <trkpt lat="51.513633" lon="-0.155907"><ele>27</ele></trkpt>
      <trkpt lat="51.513641" lon="-0.155855"><ele>27</ele></trkpt>
      <trkpt lat="51.513651" lon="-0.155761"><ele>26.5</ele></trkpt>
      <trkpt lat="51.513735" lon="-0.154756"><ele>25.25</ele></trkpt>
      <trkpt lat="51.513802" lon="-0.153997"><ele>25</ele></trkpt>
      <trkpt lat="51.513808" lon="-0.153879"><ele>25</ele></trkpt>
      <trkpt lat="51.513811" lon="-0.153811"><ele>25</ele></trkpt>
      <trkpt lat="51.513814" lon="-0.153769"><ele>25</ele></trkpt>
      <trkpt lat="51.513817" lon="-0.153727"><ele>25</ele></trkpt>
      <trkpt lat="51.513818" lon="-0.153699"><ele>25</ele></trkpt>
      <trkpt lat="51.513829" lon="-0.153546"><ele>24.75</ele></trkpt>
      <trkpt lat="51.513944" lon="-0.152576"><ele>23.25</ele></trkpt>
      <trkpt lat="51.513949" lon="-0.152532"><ele>23.25</ele></trkpt>
      <trkpt lat="51.513958" lon="-0.152451"><ele>23</ele></trkpt>
      <trkpt lat="51.514011" lon="-0.151997"><ele>23</ele></trkpt>
      <trkpt lat="51.514018" lon="-0.151934"><ele>22.75</ele></trkpt>
      <trkpt lat="51.514025" lon="-0.151884"><ele>22.75</ele></trkpt>
      <trkpt lat="51.514085" lon="-0.151407"><ele>22</ele></trkpt>
      <trkpt lat="51.514095" lon="-0.151335"><ele>22</ele></trkpt>
      <trkpt lat="51.514098" lon="-0.151306"><ele>22</ele></trkpt>
      <trkpt lat="51.514102" lon="-0.151278"><ele>22</ele></trkpt>
      <trkpt lat="51.514107" lon="-0.151226"><ele>22</ele></trkpt>
      <trkpt lat="51.514156" lon="-0.150737"><ele>21.5</ele></trkpt>
      <trkpt lat="51.514158" lon="-0.150713"><ele>21.5</ele></trkpt>
      <trkpt lat="51.514158" lon="-0.150693"><ele>21.25</ele></trkpt>
      <trkpt lat="51.514161" lon="-0.150662"><ele>21.25</ele></trkpt>
      <trkpt lat="51.514167" lon="-0.150599"><ele>21</ele></trkpt>
      <trkpt lat="51.51419" lon="-0.150305"><ele>20.75</ele></trkpt>
      <trkpt lat="51.514191" lon="-0.150287"><ele>21</ele></trkpt>
      <trkpt lat="51.514197" lon="-0.150204"><ele>21</ele></trkpt>
      <trkpt lat="51.514199" lon="-0.150181"><ele>20.75</ele></trkpt>
      <trkpt lat="51.514201" lon="-0.150154"><ele>21</ele></trkpt>
      <trkpt lat="51.514205" lon="-0.150113"><ele>21</ele></trkpt>
      <trkpt lat="51.514266" lon="-0.149496"><ele>21.75</ele></trkpt>
      <trkpt lat="51.514288" lon="-0.149298"><ele>22</ele></trkpt>
      <trkpt lat="51.514296" lon="-0.149224"><ele>22</ele></trkpt>
      <trkpt lat="51.514316" lon="-0.149193"><ele>22</ele></trkpt>
      <trkpt lat="51.51432" lon="-0.149146"><ele>22</ele></trkpt>
      <trkpt lat="51.514324" lon="-0.149113"><ele>22</ele></trkpt>
      <trkpt lat="51.514326" lon="-0.149095"><ele>22</ele></trkpt>
      <trkpt lat="51.51434" lon="-0.148995"><ele>22</ele></trkpt>
      <trkpt lat="51.514359" lon="-0.148857"><ele>22</ele></trkpt>
      <trkpt lat="51.514409" lon="-0.1485"><ele>22.75</ele></trkpt>
      <trkpt lat="51.514411" lon="-0.14839"><ele>22.75</ele></trkpt>
      <trkpt lat="51.514435" lon="-0.148172"><ele>23</ele></trkpt>
      <trkpt lat="51.514466" lon="-0.14795"><ele>23.25</ele></trkpt>
      <trkpt lat="51.514481" lon="-0.147741"><ele>24</ele></trkpt>
      <trkpt lat="51.514317" lon="-0.147564"><ele>23.75</ele></trkpt>
      <trkpt lat="51.513924" lon="-0.147166"><ele>23</ele></trkpt>
      <trkpt lat="51.513911" lon="-0.147199"><ele>23</ele></trkpt>
      <trkpt lat="51.513913" lon="-0.147202"><ele>23.75</ele></trkpt>
      <trkpt lat="51.513911" lon="-0.147199"><ele>23</ele></trkpt>
      <trkpt lat="51.513924" lon="-0.147166"><ele>23</ele></trkpt>
      <trkpt lat="51.513945" lon="-0.147113"><ele>23</ele></trkpt>
      <trkpt lat="51.513924" lon="-0.147062"><ele>23</ele></trkpt>
      <trkpt lat="51.513922" lon="-0.147006"><ele>23</ele></trkpt>
      <trkpt lat="51.514122" lon="-0.146525"><ele>24</ele></trkpt>
      <trkpt lat="51.514137" lon="-0.146485"><ele>24</ele></trkpt>
      <trkpt lat="51.514558" lon="-0.146909"><ele>24</ele></trkpt>
      <trkpt lat="51.514561" lon="-0.146885"><ele>24</ele></trkpt>
      <trkpt lat="51.514566" lon="-0.146838"><ele>24</ele></trkpt>
      <trkpt lat="51.514573" lon="-0.146774"><ele>24.25</ele></trkpt>
      <trkpt lat="51.514575" lon="-0.146758"><ele>24.25</ele></trkpt>
      <trkpt lat="51.514653" lon="-0.146209"><ele>24.75</ele></trkpt>
      <trkpt lat="51.514722" lon="-0.145684"><ele>24.75</ele></trkpt>
      <trkpt lat="51.514891" lon="-0.144339"><ele>25</ele></trkpt>
      <trkpt lat="51.514907" lon="-0.14438"><ele>25</ele></trkpt>
      <trkpt lat="51.514913" lon="-0.144332"><ele>25.25</ele></trkpt>
      <trkpt lat="51.514919" lon="-0.144287"><ele>25.25</ele></trkpt>
      <trkpt lat="51.514924" lon="-0.144243"><ele>25.5</ele></trkpt>
      <trkpt lat="51.514927" lon="-0.144198"><ele>25.5</ele></trkpt>
      <trkpt lat="51.515065" lon="-0.143236"><ele>27</ele></trkpt>
      <trkpt lat="51.51511" lon="-0.142907"><ele>27</ele></trkpt>
      <trkpt lat="51.515138" lon="-0.142535"><ele>27</ele></trkpt>
      <trkpt lat="51.515184" lon="-0.142185"><ele>27</ele></trkpt>
      <trkpt lat="51.515153" lon="-0.142147"><ele>27</ele></trkpt>
      <trkpt lat="51.515128" lon="-0.142071"><ele>27</ele></trkpt>
      <trkpt lat="51.515132" lon="-0.14202"><ele>27</ele></trkpt>
      <trkpt lat="51.515138" lon="-0.141974"><ele>27</ele></trkpt>
      <trkpt lat="51.515141" lon="-0.141951"><ele>27</ele></trkpt>
      <trkpt lat="51.515146" lon="-0.141917"><ele>26.75</ele></trkpt>
      <trkpt lat="51.515155" lon="-0.141857"><ele>26.75</ele></trkpt>
      <trkpt lat="51.515194" lon="-0.141811"><ele>26.75</ele></trkpt>
      <trkpt lat="51.515233" lon="-0.141789"><ele>26.75</ele></trkpt>
      <trkpt lat="51.515275" lon="-0.141501"><ele>26.75</ele></trkpt>
      <trkpt lat="51.515302" lon="-0.141275"><ele>27</ele></trkpt>
      <trkpt lat="51.515334" lon="-0.141029"><ele>27</ele></trkpt>
      <trkpt lat="51.515367" lon="-0.140778"><ele>27</ele></trkpt>
      <trkpt lat="51.515422" lon="-0.14031"><ele>27</ele></trkpt>
      <trkpt lat="51.515426" lon="-0.140279"><ele>27</ele></trkpt>
      <trkpt lat="51.515429" lon="-0.140253"><ele>26.75</ele></trkpt>
      <trkpt lat="51.515517" lon="-0.139264"><ele>26</ele></trkpt>
      <trkpt lat="51.515585" lon="-0.138533"><ele>26</ele></trkpt>
      <trkpt lat="51.515599" lon="-0.138399"><ele>26</ele></trkpt>
      <trkpt lat="51.515674" lon="-0.137703"><ele>26</ele></trkpt>
      <trkpt lat="51.515676" lon="-0.137686"><ele>26</ele></trkpt>
      <trkpt lat="51.515679" lon="-0.137663"><ele>26</ele></trkpt>
      <trkpt lat="51.51568" lon="-0.137634"><ele>26</ele></trkpt>
      <trkpt lat="51.515681" lon="-0.137613"><ele>26</ele></trkpt>
      <trkpt lat="51.515683" lon="-0.137601"><ele>25.75</ele></trkpt>
      <trkpt lat="51.515753" lon="-0.136835"><ele>26</ele></trkpt>
      <trkpt lat="51.515763" lon="-0.136739"><ele>26</ele></trkpt>
      <trkpt lat="51.515765" lon="-0.136703"><ele>26</ele></trkpt>
      <trkpt lat="51.515766" lon="-0.13666"><ele>26</ele></trkpt>
      <trkpt lat="51.515767" lon="-0.136653"><ele>26</ele></trkpt>
      <trkpt lat="51.515845" lon="-0.136026"><ele>26</ele></trkpt>
      <trkpt lat="51.515864" lon="-0.135877"><ele>25.75</ele></trkpt>
      <trkpt lat="51.515866" lon="-0.135861"><ele>26</ele></trkpt>
      <trkpt lat="51.515868" lon="-0.135831"><ele>25.75</ele></trkpt>
      <trkpt lat="51.515871" lon="-0.135799"><ele>25.75</ele></trkpt>
      <trkpt lat="51.515875" lon="-0.135747"><ele>25.75</ele></trkpt>
      <trkpt lat="51.515965" lon="-0.134787"><ele>25.25</ele></trkpt>
      <trkpt lat="51.51598" lon="-0.134629"><ele>25.5</ele></trkpt>
      <trkpt lat="51.515982" lon="-0.134616"><ele>25.5</ele></trkpt>
      <trkpt lat="51.515986" lon="-0.13458"><ele>25.75</ele></trkpt>
      <trkpt lat="51.515992" lon="-0.134521"><ele>25.75</ele></trkpt>
      <trkpt lat="51.516003" lon="-0.134464"><ele>25.75</ele></trkpt>
      <trkpt lat="51.516061" lon="-0.13401"><ele>26</ele></trkpt>
      <trkpt lat="51.516186" lon="-0.133008"><ele>26</ele></trkpt>
      <trkpt lat="51.516191" lon="-0.132906"><ele>26</ele></trkpt>
      <trkpt lat="51.51616" lon="-0.132855"><ele>26</ele></trkpt>
      <trkpt lat="51.516091" lon="-0.132778"><ele>26</ele></trkpt>
      <trkpt lat="51.515718" lon="-0.132528"><ele>25.75</ele></trkpt>
      <trkpt lat="51.515717" lon="-0.132511"><ele>25.75</ele></trkpt>
      <trkpt lat="51.51572" lon="-0.13249"><ele>26</ele></trkpt>
      <trkpt lat="51.515651" lon="-0.132443"><ele>26</ele></trkpt>
      <trkpt lat="51.515743" lon="-0.132103"><ele>26</ele></trkpt>
      <trkpt lat="51.515746" lon="-0.132032"><ele>26</ele></trkpt>
      <trkpt lat="51.515739" lon="-0.13197"><ele>26</ele></trkpt>
      <trkpt lat="51.515718" lon="-0.131912"><ele>25.75</ele></trkpt>
      <trkpt lat="51.515683" lon="-0.131868"><ele>25.5</ele></trkpt>
      <trkpt lat="51.515433" lon="-0.131691"><ele>25.5</ele></trkpt>
      <trkpt lat="51.515467" lon="-0.13156"><ele>25.75</ele></trkpt>
      <trkpt lat="51.515442" lon="-0.131554"><ele>25.75</ele></trkpt>
      <trkpt lat="51.515436" lon="-0.131549"><ele>25.75</ele></trkpt>
      <trkpt lat="51.515632" lon="-0.130801"><ele>24.25</ele></trkpt>
      <trkpt lat="51.515598" lon="-0.130779"><ele>24</ele></trkpt>
      <trkpt lat="51.515646" lon="-0.130587"><ele>24.25</ele></trkpt>
      <trkpt lat="51.515662" lon="-0.130511"><ele>24.25</ele></trkpt>
      <trkpt lat="51.515668" lon="-0.130435"><ele>24.75</ele></trkpt>
      <trkpt lat="51.515672" lon="-0.130385"><ele>24.75</ele></trkpt>
      <trkpt lat="51.51568" lon="-0.130357"><ele>24.75</ele></trkpt>
      <trkpt lat="51.515694" lon="-0.130263"><ele>25</ele></trkpt>
      <trkpt lat="51.515791" lon="-0.130295"><ele>24.75</ele></trkpt>
      <trkpt lat="51.515798" lon="-0.130251"><ele>25</ele></trkpt>
      <trkpt lat="51.515811" lon="-0.130168"><ele>25</ele></trkpt>
      <trkpt lat="51.515815" lon="-0.13013"><ele>25</ele></trkpt>
      <trkpt lat="51.515832" lon="-0.130006"><ele>24.75</ele></trkpt>
      <trkpt lat="51.515847" lon="-0.129884"><ele>24.75</ele></trkpt>
      <trkpt lat="51.515865" lon="-0.129761"><ele>25</ele></trkpt>
      <trkpt lat="51.515924" lon="-0.129397"><ele>25</ele></trkpt>
      <trkpt lat="51.515877" lon="-0.129225"><ele>25</ele></trkpt>
      <trkpt lat="51.515803" lon="-0.129075"><ele>25.25</ele></trkpt>
      <trkpt lat="51.515637" lon="-0.128758"><ele>25</ele></trkpt>
      <trkpt lat="51.5156" lon="-0.128689"><ele>25</ele></trkpt>
      <trkpt lat="51.515599" lon="-0.128532"><ele>25</ele></trkpt>
      <trkpt lat="51.515598" lon="-0.128487"><ele>24.75</ele></trkpt>
      <trkpt lat="51.515598" lon="-0.128378"><ele>25</ele></trkpt>
      <trkpt lat="51.515589" lon="-0.128318"><ele>24.75</ele></trkpt>
      <trkpt lat="51.51558" lon="-0.128116"><ele>24</ele></trkpt>
      <trkpt lat="51.51558" lon="-0.127922"><ele>24</ele></trkpt>
      <trkpt lat="51.515585" lon="-0.12764"><ele>23.5</ele></trkpt>
      <trkpt lat="51.515601" lon="-0.127442"><ele>23</ele></trkpt>
      <trkpt lat="51.515616" lon="-0.12725"><ele>23</ele></trkpt>
      <trkpt lat="51.515669" lon="-0.126877"><ele>23</ele></trkpt>
      <trkpt lat="51.515679" lon="-0.126677"><ele>23</ele></trkpt>
      <trkpt lat="51.515746" lon="-0.126521"><ele>23</ele></trkpt>
      <trkpt lat="51.515773" lon="-0.126392"><ele>23</ele></trkpt>
      <trkpt lat="51.515807" lon="-0.126237"><ele>23</ele></trkpt>
      <trkpt lat="51.515815" lon="-0.126204"><ele>23</ele></trkpt>
      <trkpt lat="51.515882" lon="-0.125917"><ele>23</ele></trkpt>
      <trkpt lat="51.515871" lon="-0.125835"><ele>23</ele></trkpt>
      <trkpt lat="51.515966" lon="-0.125416"><ele>23.25</ele></trkpt>
      <trkpt lat="51.516194" lon="-0.124662"><ele>24</ele></trkpt>
      <trkpt lat="51.516215" lon="-0.124588"><ele>24</ele></trkpt>
      <trkpt lat="51.516219" lon="-0.124574"><ele>24</ele></trkpt>
      <trkpt lat="51.516215" lon="-0.124534"><ele>24</ele></trkpt>
      <trkpt lat="51.516225" lon="-0.124506"><ele>24</ele></trkpt>
      <trkpt lat="51.516258" lon="-0.124435"><ele>24</ele></trkpt>
      <trkpt lat="51.516313" lon="-0.124309"><ele>24</ele></trkpt>
      <trkpt lat="51.516339" lon="-0.124297"><ele>24</ele></trkpt>
      <trkpt lat="51.516469" lon="-0.124071"><ele>24</ele></trkpt>
      <trkpt lat="51.516774" lon="-0.123509"><ele>23.75</ele></trkpt>
      <trkpt lat="51.517091" lon="-0.122878"><ele>24</ele></trkpt>
      <trkpt lat="51.517206" lon="-0.122648"><ele>24</ele></trkpt>
      <trkpt lat="51.517227" lon="-0.122591"><ele>24</ele></trkpt>
      <trkpt lat="51.517287" lon="-0.122404"><ele>24</ele></trkpt>
      <trkpt lat="51.517376" lon="-0.121947"><ele>24</ele></trkpt>
      <trkpt lat="51.517388" lon="-0.121861"><ele>24</ele></trkpt>
      <trkpt lat="51.517396" lon="-0.121822"><ele>24</ele></trkpt>
      <trkpt lat="51.517407" lon="-0.121764"><ele>24</ele></trkpt>
      <trkpt lat="51.517419" lon="-0.121696"><ele>24</ele></trkpt>
      <trkpt lat="51.517485" lon="-0.121258"><ele>23.75</ele></trkpt>
      <trkpt lat="51.517588" lon="-0.120598"><ele>24</ele></trkpt>
      <trkpt lat="51.517617" lon="-0.120458"><ele>24</ele></trkpt>
      <trkpt lat="51.51763" lon="-0.120385"><ele>24</ele></trkpt>
      <trkpt lat="51.517636" lon="-0.120329"><ele>24</ele></trkpt>
      <trkpt lat="51.517653" lon="-0.120138"><ele>23.5</ele></trkpt>
      <trkpt lat="51.517661" lon="-0.120061"><ele>23.5</ele></trkpt>
      <trkpt lat="51.517666" lon="-0.119991"><ele>23.25</ele></trkpt>
      <trkpt lat="51.517706" lon="-0.119178"><ele>24</ele></trkpt>
      <trkpt lat="51.517688" lon="-0.119069"><ele>24</ele></trkpt>
      <trkpt lat="51.517691" lon="-0.118967"><ele>24</ele></trkpt>
      <trkpt lat="51.517702" lon="-0.118897"><ele>24</ele></trkpt>
      <trkpt lat="51.517725" lon="-0.118699"><ele>24</ele></trkpt>
      <trkpt lat="51.517752" lon="-0.118635"><ele>24</ele></trkpt>
      <trkpt lat="51.517754" lon="-0.118598"><ele>24</ele></trkpt>
      <trkpt lat="51.517764" lon="-0.118429"><ele>24</ele></trkpt>
      <trkpt lat="51.517808" lon="-0.118022"><ele>23.25</ele></trkpt>
      <trkpt lat="51.517825" lon="-0.117826"><ele>23</ele></trkpt>
      <trkpt lat="51.517853" lon="-0.117601"><ele>23.25</ele></trkpt>
      <trkpt lat="51.517861" lon="-0.117541"><ele>23.5</ele></trkpt>
      <trkpt lat="51.517869" lon="-0.117474"><ele>23.5</ele></trkpt>
      <trkpt lat="51.517878" lon="-0.117405"><ele>23</ele></trkpt>
      <trkpt lat="51.517985" lon="-0.11647"><ele>23.75</ele></trkpt>
      <trkpt lat="51.518052" lon="-0.115923"><ele>23.75</ele></trkpt>
      <trkpt lat="51.518063" lon="-0.115823"><ele>23.75</ele></trkpt>
      <trkpt lat="51.518073" lon="-0.115738"><ele>23.5</ele></trkpt>
      <trkpt lat="51.518105" lon="-0.115426"><ele>23</ele></trkpt>
      <trkpt lat="51.518178" lon="-0.114722"><ele>21.25</ele></trkpt>
      <trkpt lat="51.518238" lon="-0.114021"><ele>21.5</ele></trkpt>
      <trkpt lat="51.51824" lon="-0.114009"><ele>21.5</ele></trkpt>
      <trkpt lat="51.518245" lon="-0.113942"><ele>21.5</ele></trkpt>
      <trkpt lat="51.518255" lon="-0.113802"><ele>21.5</ele></trkpt>
      <trkpt lat="51.518269" lon="-0.11358"><ele>21.5</ele></trkpt>
      <trkpt lat="51.518269" lon="-0.113539"><ele>21.5</ele></trkpt>
      <trkpt lat="51.518271" lon="-0.113485"><ele>21.25</ele></trkpt>
      <trkpt lat="51.518288" lon="-0.112908"><ele>21</ele></trkpt>
      <trkpt lat="51.518281" lon="-0.112694"><ele>21</ele></trkpt>
      <trkpt lat="51.518267" lon="-0.112423"><ele>21</ele></trkpt>
      <trkpt lat="51.518231" lon="-0.112011"><ele>21</ele></trkpt>
      <trkpt lat="51.5182" lon="-0.111653"><ele>20.25</ele></trkpt>
      <trkpt lat="51.518194" lon="-0.111577"><ele>20.25</ele></trkpt>
      <trkpt lat="51.518192" lon="-0.111548"><ele>20.25</ele></trkpt>
      <trkpt lat="51.518176" lon="-0.111381"><ele>20</ele></trkpt>
      <trkpt lat="51.518203" lon="-0.111186"><ele>20</ele></trkpt>
      <trkpt lat="51.518198" lon="-0.111136"><ele>20</ele></trkpt>
      <trkpt lat="51.518134" lon="-0.110634"><ele>20</ele></trkpt>
      <trkpt lat="51.518189" lon="-0.110611"><ele>20</ele></trkpt>
      <trkpt lat="51.518184" lon="-0.110564"><ele>20</ele></trkpt>
      <trkpt lat="51.518185" lon="-0.11055"><ele>19.75</ele></trkpt>
      <trkpt lat="51.518149" lon="-0.110492"><ele>19.75</ele></trkpt>
      <trkpt lat="51.518106" lon="-0.109953"><ele>19</ele></trkpt>
      <trkpt lat="51.518113" lon="-0.10995"><ele>19</ele></trkpt>
      <trkpt lat="51.518189" lon="-0.109922"><ele>19</ele></trkpt>
      <trkpt lat="51.51827" lon="-0.109899"><ele>19.25</ele></trkpt>
      <trkpt lat="51.518456" lon="-0.109847"><ele>19.5</ele></trkpt>
      <trkpt lat="51.518483" lon="-0.109839"><ele>19.75</ele></trkpt>
      <trkpt lat="51.518653" lon="-0.109792"><ele>20</ele></trkpt>
      <trkpt lat="51.518625" lon="-0.10936"><ele>18.25</ele></trkpt>
      <trkpt lat="51.51862" lon="-0.109279"><ele>17.75</ele></trkpt>
      <trkpt lat="51.518712" lon="-0.109253"><ele>17</ele></trkpt>
      <trkpt lat="51.518705" lon="-0.109172"><ele>16.5</ele></trkpt>
      <trkpt lat="51.518696" lon="-0.109013"><ele>17.5</ele></trkpt>
      <trkpt lat="51.518981" lon="-0.109028"><ele>17.75</ele></trkpt>
      <trkpt lat="51.519176" lon="-0.109085"><ele>19</ele></trkpt>
      <trkpt lat="51.519187" lon="-0.109088"><ele>19</ele></trkpt>
      <trkpt lat="51.519206" lon="-0.109092"><ele>19</ele></trkpt>
      <trkpt lat="51.519254" lon="-0.108724"><ele>17.75</ele></trkpt>
      <trkpt lat="51.519282" lon="-0.108684"><ele>17.5</ele></trkpt>
      <trkpt lat="51.519287" lon="-0.108645"><ele>17.25</ele></trkpt>
      <trkpt lat="51.51935" lon="-0.108199"><ele>18</ele></trkpt>
      <trkpt lat="51.519362" lon="-0.10811"><ele>18</ele></trkpt>
      <trkpt lat="51.519371" lon="-0.108037"><ele>17.75</ele></trkpt>
      <trkpt lat="51.519486" lon="-0.107122"><ele>16.5</ele></trkpt>
      <trkpt lat="51.519525" lon="-0.106858"><ele>15.25</ele></trkpt>
      <trkpt lat="51.519606" lon="-0.106252"><ele>12.75</ele></trkpt>
      <trkpt lat="51.519612" lon="-0.106227"><ele>12.75</ele></trkpt>
      <trkpt lat="51.51962" lon="-0.106199"><ele>12.5</ele></trkpt>
      <trkpt lat="51.519624" lon="-0.106188"><ele>12.5</ele></trkpt>
      <trkpt lat="51.519621" lon="-0.106182"><ele>12.5</ele></trkpt>
      <trkpt lat="51.519731" lon="-0.10582"><ele>11.75</ele></trkpt>
      <trkpt lat="51.519744" lon="-0.105798"><ele>11.5</ele></trkpt>
      <trkpt lat="51.519786" lon="-0.105767"><ele>11.25</ele></trkpt>
      <trkpt lat="51.519789" lon="-0.105749"><ele>11</ele></trkpt>
      <trkpt lat="51.519803" lon="-0.105697"><ele>10.75</ele></trkpt>
      <trkpt lat="51.519817" lon="-0.105604"><ele>10.25</ele></trkpt>
      <trkpt lat="51.519821" lon="-0.105586"><ele>10</ele></trkpt>
      <trkpt lat="51.519824" lon="-0.105574"><ele>10</ele></trkpt>
      <trkpt lat="51.519845" lon="-0.105389"><ele>7.75</ele></trkpt>
      <trkpt lat="51.51996" lon="-0.104996"><ele>7.5</ele></trkpt>
      <trkpt lat="51.520047" lon="-0.104763"><ele>8.25</ele></trkpt>
      <trkpt lat="51.520066" lon="-0.104695"><ele>8.5</ele></trkpt>
      <trkpt lat="51.520125" lon="-0.104743"><ele>8.75</ele></trkpt>
      <trkpt lat="51.520219" lon="-0.104821"><ele>8.5</ele></trkpt>
      <trkpt lat="51.520125" lon="-0.104743"><ele>8.75</ele></trkpt>
      <trkpt lat="51.520066" lon="-0.104695"><ele>8.5</ele></trkpt>
      <trkpt lat="51.520141" lon="-0.104449"><ele>10</ele></trkpt>
      <trkpt lat="51.52016" lon="-0.104408"><ele>10.25</ele></trkpt>
      <trkpt lat="51.520172" lon="-0.104388"><ele>10.25</ele></trkpt>
      <trkpt lat="51.520159" lon="-0.104331"><ele>10.25</ele></trkpt>
      <trkpt lat="51.520141" lon="-0.104184"><ele>10</ele></trkpt>
      <trkpt lat="51.520138" lon="-0.104"><ele>10.75</ele></trkpt>
      <trkpt lat="51.520143" lon="-0.103559"><ele>13</ele></trkpt>
      <trkpt lat="51.520145" lon="-0.103348"><ele>13.75</ele></trkpt>
      <trkpt lat="51.520146" lon="-0.103189"><ele>14</ele></trkpt>
      <trkpt lat="51.520144" lon="-0.10313"><ele>14.25</ele></trkpt>
      <trkpt lat="51.52013" lon="-0.102937"><ele>14.5</ele></trkpt>
      <trkpt lat="51.520101" lon="-0.102504"><ele>15</ele></trkpt>
      <trkpt lat="51.520092" lon="-0.102436"><ele>14.75</ele></trkpt>
      <trkpt lat="51.520087" lon="-0.102392"><ele>14.75</ele></trkpt>
      <trkpt lat="51.520023" lon="-0.10222"><ele>14.75</ele></trkpt>
      <trkpt lat="51.519897" lon="-0.102078"><ele>15.25</ele></trkpt>
      <trkpt lat="51.519888" lon="-0.102028"><ele>15.25</ele></trkpt>
      <trkpt lat="51.519901" lon="-0.101856"><ele>15.25</ele></trkpt>
      <trkpt lat="51.519904" lon="-0.101824"><ele>15.25</ele></trkpt>
      <trkpt lat="51.519908" lon="-0.101767"><ele>15.25</ele></trkpt>
      <trkpt lat="51.519873" lon="-0.101777"><ele>15.25</ele></trkpt>
      <trkpt lat="51.519808" lon="-0.101727"><ele>15.5</ele></trkpt>
      <trkpt lat="51.519794" lon="-0.101705"><ele>15.5</ele></trkpt>
      <trkpt lat="51.519762" lon="-0.101657"><ele>15.75</ele></trkpt>
      <trkpt lat="51.519746" lon="-0.101631"><ele>15.75</ele></trkpt>
      <trkpt lat="51.520002" lon="-0.100762"><ele>16</ele></trkpt>
      <trkpt lat="51.520145" lon="-0.100278"><ele>16</ele></trkpt>
      <trkpt lat="51.520155" lon="-0.100173"><ele>16</ele></trkpt>
      <trkpt lat="51.520165" lon="-0.100125"><ele>16.25</ele></trkpt>
      <trkpt lat="51.520262" lon="-0.099664"><ele>16.5</ele></trkpt>
      <trkpt lat="51.520329" lon="-0.09942"><ele>15.25</ele></trkpt>
      <trkpt lat="51.520311" lon="-0.099406"><ele>15</ele></trkpt>
      <trkpt lat="51.520305" lon="-0.099401"><ele>15</ele></trkpt>
      <trkpt lat="51.520405" lon="-0.099036"><ele>14.75</ele></trkpt>
      <trkpt lat="51.520473" lon="-0.098753"><ele>15.75</ele></trkpt>
      <trkpt lat="51.520528" lon="-0.098442"><ele>17</ele></trkpt>
      <trkpt lat="51.52065" lon="-0.097676"><ele>18.25</ele></trkpt>
      <trkpt lat="51.52065" lon="-0.097626"><ele>18.25</ele></trkpt>
      <trkpt lat="51.520346" lon="-0.097541"><ele>17.5</ele></trkpt>
      <trkpt lat="51.520241" lon="-0.097513"><ele>17.75</ele></trkpt>
      <trkpt lat="51.520245" lon="-0.097458"><ele>18</ele></trkpt>
      <trkpt lat="51.520249" lon="-0.097406"><ele>18</ele></trkpt>
      <trkpt lat="51.52025" lon="-0.097387"><ele>18</ele></trkpt>
      <trkpt lat="51.520254" lon="-0.097337"><ele>18</ele></trkpt>
      <trkpt lat="51.520259" lon="-0.097285"><ele>18</ele></trkpt>
      <trkpt lat="51.520206" lon="-0.097216"><ele>18</ele></trkpt>
      <trkpt lat="51.520204" lon="-0.097074"><ele>18</ele></trkpt>
      <trkpt lat="51.520221" lon="-0.096929"><ele>17.75</ele></trkpt>
      <trkpt lat="51.520422" lon="-0.095855"><ele>15.75</ele></trkpt>
      <trkpt lat="51.520426" lon="-0.095834"><ele>15.75</ele></trkpt>
      <trkpt lat="51.52043" lon="-0.095809"><ele>16</ele></trkpt>
      <trkpt lat="51.52053" lon="-0.095254"><ele>17.75</ele></trkpt>
      <trkpt lat="51.520765" lon="-0.093958"><ele>17.75</ele></trkpt>
      <trkpt lat="51.52077" lon="-0.093928"><ele>17.75</ele></trkpt>
      <trkpt lat="51.520757" lon="-0.093923"><ele>17.5</ele></trkpt>
      <trkpt lat="51.520909" lon="-0.093087"><ele>18</ele></trkpt>
      <trkpt lat="51.520906" lon="-0.092965"><ele>18</ele></trkpt>
      <trkpt lat="51.520908" lon="-0.092956"><ele>18</ele></trkpt>
      <trkpt lat="51.520923" lon="-0.092874"><ele>18</ele></trkpt>
      <trkpt lat="51.52098" lon="-0.092609"><ele>18</ele></trkpt>
      <trkpt lat="51.521014" lon="-0.092423"><ele>18</ele></trkpt>
      <trkpt lat="51.521019" lon="-0.092358"><ele>18</ele></trkpt>
      <trkpt lat="51.52102" lon="-0.092271"><ele>18</ele></trkpt>
      <trkpt lat="51.520963" lon="-0.091608"><ele>18</ele></trkpt>
      <trkpt lat="51.520958" lon="-0.091565"><ele>18</ele></trkpt>
      <trkpt lat="51.520901" lon="-0.091094"><ele>17.75</ele></trkpt>
      <trkpt lat="51.52084" lon="-0.090556"><ele>17</ele></trkpt>
      <trkpt lat="51.520808" lon="-0.090566"><ele>16.75</ele></trkpt>
      <trkpt lat="51.520777" lon="-0.090579"><ele>16.75</ele></trkpt>
      <trkpt lat="51.520194" lon="-0.090846"><ele>15.5</ele></trkpt>
      <trkpt lat="51.520175" lon="-0.090758"><ele>15.5</ele></trkpt>
      <trkpt lat="51.520029" lon="-0.090073"><ele>15</ele></trkpt>
      <trkpt lat="51.52002" lon="-0.090047"><ele>15</ele></trkpt>
      <trkpt lat="51.520014" lon="-0.09003"><ele>15</ele></trkpt>
      <trkpt lat="51.519995" lon="-0.089972"><ele>14.75</ele></trkpt>
      <trkpt lat="51.519911" lon="-0.089939"><ele>14.75</ele></trkpt>
      <trkpt lat="51.519894" lon="-0.089835"><ele>14.5</ele></trkpt>
      <trkpt lat="51.519855" lon="-0.08966"><ele>13.75</ele></trkpt>
      <trkpt lat="51.519837" lon="-0.089585"><ele>13.5</ele></trkpt>
      <trkpt lat="51.519712" lon="-0.089112"><ele>13</ele></trkpt>
      <trkpt lat="51.51969" lon="-0.089031"><ele>13.25</ele></trkpt>
      <trkpt lat="51.519652" lon="-0.088898"><ele>13.75</ele></trkpt>
      <trkpt lat="51.519521" lon="-0.088487"><ele>13</ele></trkpt>
      <trkpt lat="51.519444" lon="-0.088225"><ele>13.5</ele></trkpt>
      <trkpt lat="51.519421" lon="-0.088153"><ele>13.25</ele></trkpt>
      <trkpt lat="51.5194" lon="-0.088087"><ele>13.25</ele></trkpt>
      <trkpt lat="51.519361" lon="-0.087972"><ele>13.25</ele></trkpt>
      <trkpt lat="51.519333" lon="-0.087887"><ele>13.25</ele></trkpt>
      <trkpt lat="51.519316" lon="-0.087837"><ele>13.25</ele></trkpt>
      <trkpt lat="51.519311" lon="-0.087823"><ele>13.25</ele></trkpt>
      <trkpt lat="51.519263" lon="-0.087671"><ele>13.75</ele></trkpt>
      <trkpt lat="51.519192" lon="-0.087499"><ele>14</ele></trkpt>
      <trkpt lat="51.519188" lon="-0.087485"><ele>14</ele></trkpt>
      <trkpt lat="51.519166" lon="-0.087413"><ele>14</ele></trkpt>
      <trkpt lat="51.519125" lon="-0.087291"><ele>14</ele></trkpt>
      <trkpt lat="51.519034" lon="-0.087006"><ele>13.5</ele></trkpt>
      <trkpt lat="51.519007" lon="-0.086906"><ele>13.25</ele></trkpt>
      <trkpt lat="51.518996" lon="-0.08687"><ele>13.25</ele></trkpt>
      <trkpt lat="51.518983" lon="-0.086787"><ele>13.5</ele></trkpt>
      <trkpt lat="51.518849" lon="-0.086347"><ele>13.25</ele></trkpt>
      <trkpt lat="51.518815" lon="-0.086307"><ele>12.75</ele></trkpt>
      <trkpt lat="51.518791" lon="-0.086232"><ele>13</ele></trkpt>
      <trkpt lat="51.518748" lon="-0.086086"><ele>13.25</ele></trkpt>
      <trkpt lat="51.518607" lon="-0.085607"><ele>12.75</ele></trkpt>
      <trkpt lat="51.518533" lon="-0.085359"><ele>12.5</ele></trkpt>
      <trkpt lat="51.518491" lon="-0.085214"><ele>12.5</ele></trkpt>
      <trkpt lat="51.518207" lon="-0.084214"><ele>12.75</ele></trkpt>
      <trkpt lat="51.518197" lon="-0.084178"><ele>12.75</ele></trkpt>
      <trkpt lat="51.518178" lon="-0.084154"><ele>12.75</ele></trkpt>
      <trkpt lat="51.518193" lon="-0.084121"><ele>12.5</ele></trkpt>
      <trkpt lat="51.518217" lon="-0.084044"><ele>12</ele></trkpt>
      <trkpt lat="51.518232" lon="-0.083995"><ele>11.75</ele></trkpt>
      <trkpt lat="51.518244" lon="-0.08396"><ele>11.75</ele></trkpt>
      <trkpt lat="51.518261" lon="-0.083897"><ele>11.5</ele></trkpt>
      <trkpt lat="51.518237" lon="-0.083862"><ele>11</ele></trkpt>
      <trkpt lat="51.518234" lon="-0.08381"><ele>10.75</ele></trkpt>
      <trkpt lat="51.51822" lon="-0.083752"><ele>10.25</ele></trkpt>
      <trkpt lat="51.518275" lon="-0.083714"><ele>10.5</ele></trkpt>
      <trkpt lat="51.518238" lon="-0.083569"><ele>10</ele></trkpt>
      <trkpt lat="51.518188" lon="-0.083371"><ele>11.5</ele></trkpt>
      <trkpt lat="51.518141" lon="-0.083185"><ele>12.75</ele></trkpt>
      <trkpt lat="51.518112" lon="-0.083076"><ele>13.75</ele></trkpt>
      <trkpt lat="51.518101" lon="-0.083031"><ele>14</ele></trkpt>
      <trkpt lat="51.518124" lon="-0.083016"><ele>14</ele></trkpt>
      <trkpt lat="51.518111" lon="-0.082966"><ele>14.25</ele></trkpt>
      <trkpt lat="51.51809" lon="-0.082885"><ele>14.5</ele></trkpt>
      <trkpt lat="51.518029" lon="-0.082642"><ele>13.5</ele></trkpt>
      <trkpt lat="51.518011" lon="-0.082574"><ele>13</ele></trkpt>
      <trkpt lat="51.518003" lon="-0.082497"><ele>12.5</ele></trkpt>
      <trkpt lat="51.517997" lon="-0.082467"><ele>12.25</ele></trkpt>
      <trkpt lat="51.517963" lon="-0.082306"><ele>11.75</ele></trkpt>
      <trkpt lat="51.517925" lon="-0.082118"><ele>11.25</ele></trkpt>
      <trkpt lat="51.517876" lon="-0.081881"><ele>10.25</ele></trkpt>
      <trkpt lat="51.517826" lon="-0.08164"><ele>10</ele></trkpt>
      <trkpt lat="51.517782" lon="-0.081427"><ele>10</ele></trkpt>
      <trkpt lat="51.517809" lon="-0.081413"><ele>10</ele></trkpt>
      <trkpt lat="51.51783" lon="-0.081401"><ele>10</ele></trkpt>
      <trkpt lat="51.517826" lon="-0.08138"><ele>10</ele></trkpt>
      <trkpt lat="51.517811" lon="-0.081307"><ele>10.5</ele></trkpt>
      <trkpt lat="51.517888" lon="-0.081267"><ele>11.25</ele></trkpt>
      <trkpt lat="51.518364" lon="-0.081015"><ele>12.75</ele></trkpt>
      <trkpt lat="51.518717" lon="-0.080828"><ele>12.75</ele></trkpt>
      <trkpt lat="51.518753" lon="-0.080752"><ele>13</ele></trkpt>
      <trkpt lat="51.519516" lon="-0.080383"><ele>13.5</ele></trkpt>
      <trkpt lat="51.519765" lon="-0.080275"><ele>16.25</ele></trkpt>
      <trkpt lat="51.519944" lon="-0.080197"><ele>16.5</ele></trkpt>
      <trkpt lat="51.519966" lon="-0.080096"><ele>15.25</ele></trkpt>
      <trkpt lat="51.520069" lon="-0.080042"><ele>14.5</ele></trkpt>
      <trkpt lat="51.520176" lon="-0.079985"><ele>14.5</ele></trkpt>
      <trkpt lat="51.520283" lon="-0.079934"><ele>15.25</ele></trkpt>
      <trkpt lat="51.520396" lon="-0.079885"><ele>15.5</ele></trkpt>
      <trkpt lat="51.520495" lon="-0.07984"><ele>15.75</ele></trkpt>
      <trkpt lat="51.520531" lon="-0.079826"><ele>15.75</ele></trkpt>
      <trkpt lat="51.520506" lon="-0.079552"><ele>15.25</ele></trkpt>
      <trkpt lat="51.520494" lon="-0.07932"><ele>14.75</ele></trkpt>
      <trkpt lat="51.520486" lon="-0.079221"><ele>14.75</ele></trkpt>
      <trkpt lat="51.520475" lon="-0.079107"><ele>14.5</ele></trkpt>
      <trkpt lat="51.520468" lon="-0.079002"><ele>14.25</ele></trkpt>
      <trkpt lat="51.520461" lon="-0.07888"><ele>14</ele></trkpt>
      <trkpt lat="51.520454" lon="-0.078764"><ele>14</ele></trkpt>
      <trkpt lat="51.520451" lon="-0.078719"><ele>14</ele></trkpt>
      <trkpt lat="51.520445" lon="-0.078647"><ele>14</ele></trkpt>
      <trkpt lat="51.520441" lon="-0.078601"><ele>14</ele></trkpt>
      <trkpt lat="51.520438" lon="-0.078557"><ele>14</ele></trkpt>
      <trkpt lat="51.520425" lon="-0.078393"><ele>14</ele></trkpt>
      <trkpt lat="51.520355" lon="-0.077687"><ele>14</ele></trkpt>
      <trkpt lat="51.520355" lon="-0.077602"><ele>14</ele></trkpt>
      <trkpt lat="51.520344" lon="-0.077519"><ele>14</ele></trkpt>
      <trkpt lat="51.520343" lon="-0.077515"><ele>14</ele></trkpt>
      <trkpt lat="51.520324" lon="-0.07713"><ele>14</ele></trkpt>
      <trkpt lat="51.520273" lon="-0.076105"><ele>14</ele></trkpt>
      <trkpt lat="51.52021" lon="-0.075882"><ele>14</ele></trkpt>
      <trkpt lat="51.520217" lon="-0.075853"><ele>14</ele></trkpt>
      <trkpt lat="51.520224" lon="-0.075818"><ele>14</ele></trkpt>
      <trkpt lat="51.520205" lon="-0.075758"><ele>14</ele></trkpt>
      <trkpt lat="51.520204" lon="-0.075677"><ele>14</ele></trkpt>
      <trkpt lat="51.52022" lon="-0.075533"><ele>14</ele></trkpt>
      <trkpt lat="51.520215" lon="-0.075272"><ele>14</ele></trkpt>
      <trkpt lat="51.520212" lon="-0.074962"><ele>14</ele></trkpt>
      <trkpt lat="51.520207" lon="-0.074747"><ele>14</ele></trkpt>
      <trkpt lat="51.520206" lon="-0.074687"><ele>14</ele></trkpt>
      <trkpt lat="51.520205" lon="-0.074627"><ele>14</ele></trkpt>
      <trkpt lat="51.520226" lon="-0.074465"><ele>14</ele></trkpt>
      <trkpt lat="51.520262" lon="-0.074299"><ele>14</ele></trkpt>
      <trkpt lat="51.520267" lon="-0.07425"><ele>14</ele></trkpt>
      <trkpt lat="51.520273" lon="-0.074193"><ele>14</ele></trkpt>
      <trkpt lat="51.520286" lon="-0.073992"><ele>14</ele></trkpt>
      <trkpt lat="51.520285" lon="-0.073873"><ele>13.75</ele></trkpt>
      <trkpt lat="51.520291" lon="-0.073779"><ele>14</ele></trkpt>
      <trkpt lat="51.520305" lon="-0.073366"><ele>14</ele></trkpt>
      <trkpt lat="51.520306" lon="-0.073315"><ele>14</ele></trkpt>
      <trkpt lat="51.520306" lon="-0.073264"><ele>14</ele></trkpt>
      <trkpt lat="51.520299" lon="-0.072756"><ele>14</ele></trkpt>
      <trkpt lat="51.520297" lon="-0.072555"><ele>14</ele></trkpt>
      <trkpt lat="51.520291" lon="-0.07192"><ele>13.75</ele></trkpt>
      <trkpt lat="51.520288" lon="-0.07187"><ele>13.75</ele></trkpt>
      <trkpt lat="51.520288" lon="-0.071823"><ele>13.75</ele></trkpt>
      <trkpt lat="51.520285" lon="-0.071699"><ele>13.75</ele></trkpt>
      <trkpt lat="51.520288" lon="-0.070637"><ele>12.25</ele></trkpt>
      <trkpt lat="51.52029" lon="-0.070103"><ele>12</ele></trkpt>
      <trkpt lat="51.520291" lon="-0.069982"><ele>12</ele></trkpt>
      <trkpt lat="51.52029" lon="-0.069969"><ele>12</ele></trkpt>
      <trkpt lat="51.52029" lon="-0.069935"><ele>12</ele></trkpt>
      <trkpt lat="51.520254" lon="-0.069929"><ele>12</ele></trkpt>
      <trkpt lat="51.520237" lon="-0.069913"><ele>12</ele></trkpt>
      <trkpt lat="51.520028" lon="-0.069216"><ele>13</ele></trkpt>
      <trkpt lat="51.519904" lon="-0.068796"><ele>13</ele></trkpt>
      <trkpt lat="51.519875" lon="-0.068704"><ele>13</ele></trkpt>
      <trkpt lat="51.519785" lon="-0.068416"><ele>13</ele></trkpt>
      <trkpt lat="51.519674" lon="-0.068093"><ele>13</ele></trkpt>
      <trkpt lat="51.51964" lon="-0.067969"><ele>13</ele></trkpt>
      <trkpt lat="51.519658" lon="-0.067715"><ele>13</ele></trkpt>
      <trkpt lat="51.519686" lon="-0.06743"><ele>13</ele></trkpt>
      <trkpt lat="51.519706" lon="-0.067226"><ele>13</ele></trkpt>
      <trkpt lat="51.519726" lon="-0.066635"><ele>13</ele></trkpt>
      <trkpt lat="51.519722" lon="-0.066243"><ele>13</ele></trkpt>
      <trkpt lat="51.519722" lon="-0.066153"><ele>13</ele></trkpt>
      <trkpt lat="51.519717" lon="-0.065755"><ele>12.75</ele></trkpt>
      <trkpt lat="51.519716" lon="-0.065572"><ele>13</ele></trkpt>
      <trkpt lat="51.51971" lon="-0.065004"><ele>13</ele></trkpt>
      <trkpt lat="51.519675" lon="-0.064945"><ele>13</ele></trkpt>
      <trkpt lat="51.519673" lon="-0.064751"><ele>13</ele></trkpt>
      <trkpt lat="51.519672" lon="-0.064726"><ele>13</ele></trkpt>
      <trkpt lat="51.519671" lon="-0.064537"><ele>13</ele></trkpt>
      <trkpt lat="51.519671" lon="-0.06441"><ele>13</ele></trkpt>
      <trkpt lat="51.519651" lon="-0.06435"><ele>13</ele></trkpt>
      <trkpt lat="51.519659" lon="-0.063867"><ele>13</ele></trkpt>
      <trkpt lat="51.51966" lon="-0.063727"><ele>13</ele></trkpt>
      <trkpt lat="51.519678" lon="-0.063658"><ele>13</ele></trkpt>
      <trkpt lat="51.519656" lon="-0.063639"><ele>13</ele></trkpt>
      <trkpt lat="51.519643" lon="-0.063623"><ele>13</ele></trkpt>
      <trkpt lat="51.519682" lon="-0.063527"><ele>13</ele></trkpt>
      <trkpt lat="51.519702" lon="-0.063478"><ele>13</ele></trkpt>
      <trkpt lat="51.519719" lon="-0.06344"><ele>13</ele></trkpt>
      <trkpt lat="51.519705" lon="-0.063428"><ele>13</ele></trkpt>
      <trkpt lat="51.519692" lon="-0.063394"><ele>13</ele></trkpt>
      <trkpt lat="51.519607" lon="-0.06334"><ele>13</ele></trkpt>
      <trkpt lat="51.519629" lon="-0.063254"><ele>13</ele></trkpt>
      <trkpt lat="51.51975" lon="-0.06279"><ele>13</ele></trkpt>
      <trkpt lat="51.519851" lon="-0.062364"><ele>13.5</ele></trkpt>
      <trkpt lat="51.51988" lon="-0.062244"><ele>13.75</ele></trkpt>
      <trkpt lat="51.519829" lon="-0.06222"><ele>14</ele></trkpt>
      <trkpt lat="51.519778" lon="-0.062195"><ele>14</ele></trkpt>
      <trkpt lat="51.519717" lon="-0.062157"><ele>13.75</ele></trkpt>
      <trkpt lat="51.519698" lon="-0.062146"><ele>13.75</ele></trkpt>
      <trkpt lat="51.519676" lon="-0.062103"><ele>13.75</ele></trkpt>
      <trkpt lat="51.519524" lon="-0.062"><ele>12.75</ele></trkpt>
      <trkpt lat="51.519517" lon="-0.061995"><ele>12.75</ele></trkpt>
      <trkpt lat="51.519511" lon="-0.061989"><ele>12.5</ele></trkpt>
      <trkpt lat="51.519506" lon="-0.061983"><ele>12.5</ele></trkpt>
      <trkpt lat="51.519487" lon="-0.061966"><ele>12.25</ele></trkpt>
      <trkpt lat="51.519504" lon="-0.061929"><ele>12.25</ele></trkpt>
      <trkpt lat="51.519623" lon="-0.061667"><ele>11.75</ele></trkpt>
      <trkpt lat="51.519762" lon="-0.061377"><ele>13</ele></trkpt>
      <trkpt lat="51.519853" lon="-0.061113"><ele>13</ele></trkpt>
      <trkpt lat="51.519883" lon="-0.061022"><ele>12.75</ele></trkpt>
      <trkpt lat="51.519921" lon="-0.060895"><ele>12.75</ele></trkpt>
      <trkpt lat="51.519933" lon="-0.060859"><ele>12.75</ele></trkpt>
      <trkpt lat="51.519989" lon="-0.060676"><ele>12.75</ele></trkpt>
      <trkpt lat="51.519994" lon="-0.060656"><ele>12.75</ele></trkpt>
      <trkpt lat="51.520006" lon="-0.060618"><ele>13</ele></trkpt>
      <trkpt lat="51.520037" lon="-0.060501"><ele>12.75</ele></trkpt>
      <trkpt lat="51.520016" lon="-0.060468"><ele>12.5</ele></trkpt>
      <trkpt lat="51.519636" lon="-0.059831"><ele>10</ele></trkpt>
      <trkpt lat="51.519575" lon="-0.059727"><ele>10</ele></trkpt>
      <trkpt lat="51.519568" lon="-0.059715"><ele>10</ele></trkpt>
      <trkpt lat="51.519543" lon="-0.059727"><ele>10.25</ele></trkpt>
      <trkpt lat="51.519518" lon="-0.059705"><ele>10.5</ele></trkpt>
      <trkpt lat="51.519488" lon="-0.059679"><ele>10.75</ele></trkpt>
      <trkpt lat="51.519374" lon="-0.059588"><ele>11.5</ele></trkpt>
      <trkpt lat="51.519356" lon="-0.059576"><ele>11.5</ele></trkpt>
      <trkpt lat="51.519665" lon="-0.058176"><ele>11.25</ele></trkpt>
      <trkpt lat="51.519668" lon="-0.058166"><ele>11.25</ele></trkpt>
      <trkpt lat="51.519674" lon="-0.058137"><ele>11.5</ele></trkpt>
      <trkpt lat="51.519569" lon="-0.058063"><ele>11.75</ele></trkpt>
      <trkpt lat="51.519501" lon="-0.058024"><ele>12</ele></trkpt>
      <trkpt lat="51.519521" lon="-0.057932"><ele>12</ele></trkpt>
      <trkpt lat="51.51953" lon="-0.057893"><ele>12</ele></trkpt>
      <trkpt lat="51.519593" lon="-0.057597"><ele>12</ele></trkpt>
      <trkpt lat="51.519705" lon="-0.057059"><ele>11.5</ele></trkpt>
      <trkpt lat="51.51972" lon="-0.056753"><ele>12</ele></trkpt>
      <trkpt lat="51.519733" lon="-0.056685"><ele>11.75</ele></trkpt>
      <trkpt lat="51.519697" lon="-0.056665"><ele>12</ele></trkpt>
      <trkpt lat="51.519684" lon="-0.056658"><ele>12</ele></trkpt>
      <trkpt lat="51.51965" lon="-0.056643"><ele>12</ele></trkpt>
      <trkpt lat="51.519674" lon="-0.056506"><ele>12</ele></trkpt>
      <trkpt lat="51.519674" lon="-0.056454"><ele>12</ele></trkpt>
      <trkpt lat="51.519675" lon="-0.056406"><ele>12</ele></trkpt>
      <trkpt lat="51.519691" lon="-0.056341"><ele>11.75</ele></trkpt>
      <trkpt lat="51.519664" lon="-0.056318"><ele>11.5</ele></trkpt>
      <trkpt lat="51.519613" lon="-0.056279"><ele>11.5</ele></trkpt>
      <trkpt lat="51.519495" lon="-0.056112"><ele>11</ele></trkpt>
      <trkpt lat="51.519447" lon="-0.056"><ele>11</ele></trkpt>
      <trkpt lat="51.51938" lon="-0.055949"><ele>11</ele></trkpt>
      <trkpt lat="51.519305" lon="-0.055896"><ele>11</ele></trkpt>
      <trkpt lat="51.519255" lon="-0.055843"><ele>11</ele></trkpt>
      <trkpt lat="51.519272" lon="-0.055768"><ele>11</ele></trkpt>
      <trkpt lat="51.519289" lon="-0.055694"><ele>11</ele></trkpt>
      <trkpt lat="51.519327" lon="-0.055434"><ele>11</ele></trkpt>
      <trkpt lat="51.519411" lon="-0.054881"><ele>11</ele></trkpt>
      <trkpt lat="51.519426" lon="-0.054781"><ele>11</ele></trkpt>
      <trkpt lat="51.519474" lon="-0.054408"><ele>11</ele></trkpt>
      <trkpt lat="51.519531" lon="-0.053751"><ele>11</ele></trkpt>
      <trkpt lat="51.519516" lon="-0.053585"><ele>11</ele></trkpt>
      <trkpt lat="51.519507" lon="-0.053515"><ele>11</ele></trkpt>
      <trkpt lat="51.519458" lon="-0.053058"><ele>10.75</ele></trkpt>
      <trkpt lat="51.519454" lon="-0.05301"><ele>11</ele></trkpt>
      <trkpt lat="51.519448" lon="-0.052917"><ele>10.75</ele></trkpt>
      <trkpt lat="51.519421" lon="-0.052842"><ele>10.75</ele></trkpt>
      <trkpt lat="51.519415" lon="-0.052781"><ele>10.75</ele></trkpt>
      <trkpt lat="51.5194" lon="-0.052458"><ele>10</ele></trkpt>
      <trkpt lat="51.519388" lon="-0.052194"><ele>10</ele></trkpt>
      <trkpt lat="51.519379" lon="-0.051983"><ele>10</ele></trkpt>
      <trkpt lat="51.519368" lon="-0.051716"><ele>10.25</ele></trkpt>
      <trkpt lat="51.519353" lon="-0.051359"><ele>10.25</ele></trkpt>
      <trkpt lat="51.519345" lon="-0.05117"><ele>10.25</ele></trkpt>
      <trkpt lat="51.519343" lon="-0.05114"><ele>10.25</ele></trkpt>
      <trkpt lat="51.519318" lon="-0.050655"><ele>10</ele></trkpt>
      <trkpt lat="51.51931" lon="-0.050506"><ele>10</ele></trkpt>
      <trkpt lat="51.519296" lon="-0.050305"><ele>10</ele></trkpt>
      <trkpt lat="51.519287" lon="-0.05018"><ele>10</ele></trkpt>
      <trkpt lat="51.519264" lon="-0.050031"><ele>10</ele></trkpt>
      <trkpt lat="51.519247" lon="-0.049947"><ele>10</ele></trkpt>
      <trkpt lat="51.519165" lon="-0.04967"><ele>10</ele></trkpt>
      <trkpt lat="51.519144" lon="-0.04956"><ele>10</ele></trkpt>
      <trkpt lat="51.519034" lon="-0.048841"><ele>10</ele></trkpt>
      <trkpt lat="51.518967" lon="-0.048474"><ele>10</ele></trkpt>
      <trkpt lat="51.518919" lon="-0.048288"><ele>9.75</ele></trkpt>
      <trkpt lat="51.518845" lon="-0.048059"><ele>9</ele></trkpt>
      <trkpt lat="51.518825" lon="-0.048001"><ele>9.25</ele></trkpt>
      <trkpt lat="51.518666" lon="-0.047447"><ele>10</ele></trkpt>
      <trkpt lat="51.518599" lon="-0.047107"><ele>10</ele></trkpt>
      <trkpt lat="51.51856" lon="-0.046783"><ele>10</ele></trkpt>
      <trkpt lat="51.518531" lon="-0.046457"><ele>10</ele></trkpt>
      <trkpt lat="51.518519" lon="-0.046315"><ele>9.75</ele></trkpt>
      <trkpt lat="51.518523" lon="-0.046237"><ele>9.75</ele></trkpt>
      <trkpt lat="51.51848" lon="-0.046171"><ele>9.5</ele></trkpt>
      <trkpt lat="51.518435" lon="-0.045923"><ele>9.75</ele></trkpt>
      <trkpt lat="51.518414" lon="-0.045766"><ele>10</ele></trkpt>
      <trkpt lat="51.518405" lon="-0.045599"><ele>10</ele></trkpt>
      <trkpt lat="51.518412" lon="-0.045567"><ele>10</ele></trkpt>
      <trkpt lat="51.518302" lon="-0.045279"><ele>9</ele></trkpt>
      <trkpt lat="51.518281" lon="-0.04517"><ele>9</ele></trkpt>
      <trkpt lat="51.518259" lon="-0.044957"><ele>9</ele></trkpt>
      <trkpt lat="51.518222" lon="-0.04482"><ele>9</ele></trkpt>
      <trkpt lat="51.518096" lon="-0.044561"><ele>9</ele></trkpt>
      <trkpt lat="51.518049" lon="-0.044383"><ele>9</ele></trkpt>
      <trkpt lat="51.517883" lon="-0.043793"><ele>9</ele></trkpt>
      <trkpt lat="51.517861" lon="-0.043723"><ele>9</ele></trkpt>
      <trkpt lat="51.517768" lon="-0.043277"><ele>9</ele></trkpt>
      <trkpt lat="51.517678" lon="-0.042857"><ele>9.25</ele></trkpt>
      <trkpt lat="51.517665" lon="-0.042822"><ele>9.25</ele></trkpt>
      <trkpt lat="51.517675" lon="-0.042676"><ele>9</ele></trkpt>
      <trkpt lat="51.517517" lon="-0.042652"><ele>9.5</ele></trkpt>
      <trkpt lat="51.517272" lon="-0.042634"><ele>9.75</ele></trkpt>
      <trkpt lat="51.517273" lon="-0.042553"><ele>9.75</ele></trkpt>
      <trkpt lat="51.517274" lon="-0.042525"><ele>9.75</ele></trkpt>
      <trkpt lat="51.517258" lon="-0.04251"><ele>9.75</ele></trkpt>
      <trkpt lat="51.517137" lon="-0.042393"><ele>10</ele></trkpt>
      <trkpt lat="51.516938" lon="-0.042211"><ele>10</ele></trkpt>
      <trkpt lat="51.516821" lon="-0.042116"><ele>10.25</ele></trkpt>
      <trkpt lat="51.51677" lon="-0.04198"><ele>10.5</ele></trkpt>
      <trkpt lat="51.51672" lon="-0.041894"><ele>10.5</ele></trkpt>
      <trkpt lat="51.51666" lon="-0.041802"><ele>10.25</ele></trkpt>
      <trkpt lat="51.515914" lon="-0.040855"><ele>11.25</ele></trkpt>
      <trkpt lat="51.515828" lon="-0.040745"><ele>11.25</ele></trkpt>
      <trkpt lat="51.515769" lon="-0.040672"><ele>11.5</ele></trkpt>
      <trkpt lat="51.515757" lon="-0.040669"><ele>11.5</ele></trkpt>
      <trkpt lat="51.515751" lon="-0.040667"><ele>11.5</ele></trkpt>
      <trkpt lat="51.515721" lon="-0.04066"><ele>11.75</ele></trkpt>
      <trkpt lat="51.515713" lon="-0.040596"><ele>11.75</ele></trkpt>
      <trkpt lat="51.515696" lon="-0.040558"><ele>11.75</ele></trkpt>
      <trkpt lat="51.51565" lon="-0.040513"><ele>11.75</ele></trkpt>
      <trkpt lat="51.515597" lon="-0.040493"><ele>11.75</ele></trkpt>
      <trkpt lat="51.515485" lon="-0.040481"><ele>11.5</ele></trkpt>
      <trkpt lat="51.515361" lon="-0.040481"><ele>11.25</ele></trkpt>
      <trkpt lat="51.515361" lon="-0.040417"><ele>11.25</ele></trkpt>
      <trkpt lat="51.515305" lon="-0.040427"><ele>11.25</ele></trkpt>
      <trkpt lat="51.515291" lon="-0.040434"><ele>11.25</ele></trkpt>
      <trkpt lat="51.515212" lon="-0.040433"><ele>11.25</ele></trkpt>
      <trkpt lat="51.515211" lon="-0.04042"><ele>11.25</ele></trkpt>
      <trkpt lat="51.515205" lon="-0.040396"><ele>11.25</ele></trkpt>
      <trkpt lat="51.515183" lon="-0.040378"><ele>11.25</ele></trkpt>
      <trkpt lat="51.514913" lon="-0.040327"><ele>11</ele></trkpt>
      <trkpt lat="51.514892" lon="-0.040306"><ele>11</ele></trkpt>
      <trkpt lat="51.514861" lon="-0.040244"><ele>10.75</ele></trkpt>
      <trkpt lat="51.514839" lon="-0.040233"><ele>10.75</ele></trkpt>
      <trkpt lat="51.514815" lon="-0.040232"><ele>10.75</ele></trkpt>
      <trkpt lat="51.514809" lon="-0.040208"><ele>10.75</ele></trkpt>
      <trkpt lat="51.514681" lon="-0.039638"><ele>10.5</ele></trkpt>
      <trkpt lat="51.514663" lon="-0.039549"><ele>10.25</ele></trkpt>
      <trkpt lat="51.514608" lon="-0.039545"><ele>10</ele></trkpt>
      <trkpt lat="51.514462" lon="-0.038879"><ele>10</ele></trkpt>
      <trkpt lat="51.51444" lon="-0.038771"><ele>9.75</ele></trkpt>
      <trkpt lat="51.514417" lon="-0.038657"><ele>9.75</ele></trkpt>
      <trkpt lat="51.514277" lon="-0.038027"><ele>10</ele></trkpt>
      <trkpt lat="51.514269" lon="-0.03799"><ele>10</ele></trkpt>
      <trkpt lat="51.514218" lon="-0.037757"><ele>10</ele></trkpt>
      <trkpt lat="51.514135" lon="-0.037359"><ele>10</ele></trkpt>
      <trkpt lat="51.514116" lon="-0.037109"><ele>10</ele></trkpt>
      <trkpt lat="51.5141" lon="-0.03691"><ele>10</ele></trkpt>
      <trkpt lat="51.514088" lon="-0.0367"><ele>10</ele></trkpt>
      <trkpt lat="51.514077" lon="-0.036414"><ele>9.25</ele></trkpt>
      <trkpt lat="51.514075" lon="-0.036342"><ele>9.25</ele></trkpt>
      <trkpt lat="51.514076" lon="-0.036188"><ele>9.5</ele></trkpt>
      <trkpt lat="51.514079" lon="-0.036038"><ele>9.25</ele></trkpt>
      <trkpt lat="51.514086" lon="-0.03573"><ele>7.5</ele></trkpt>
      <trkpt lat="51.514088" lon="-0.035666"><ele>7.25</ele></trkpt>
      <trkpt lat="51.514099" lon="-0.035357"><ele>7.5</ele></trkpt>
      <trkpt lat="51.5141" lon="-0.035261"><ele>7.75</ele></trkpt>
      <trkpt lat="51.514061" lon="-0.035264"><ele>8</ele></trkpt>
      <trkpt lat="51.514066" lon="-0.035163"><ele>8.75</ele></trkpt>
      <trkpt lat="51.514164" lon="-0.034225"><ele>9.75</ele></trkpt>
      <trkpt lat="51.51416" lon="-0.034115"><ele>10</ele></trkpt>
      <trkpt lat="51.51413" lon="-0.034061"><ele>10</ele></trkpt>
      <trkpt lat="51.514134" lon="-0.034"><ele>10</ele></trkpt>
      <trkpt lat="51.51401" lon="-0.033846"><ele>10</ele></trkpt>
      <trkpt lat="51.513892" lon="-0.033686"><ele>10</ele></trkpt>
      <trkpt lat="51.513663" lon="-0.033399"><ele>9</ele></trkpt>
      <trkpt lat="51.513574" lon="-0.033284"><ele>9</ele></trkpt>
      <trkpt lat="51.513256" lon="-0.032874"><ele>9</ele></trkpt>
      <trkpt lat="51.51318" lon="-0.032777"><ele>9</ele></trkpt>
      <trkpt lat="51.51303" lon="-0.032589"><ele>8.75</ele></trkpt>
      <trkpt lat="51.512957" lon="-0.032497"><ele>8.5</ele></trkpt>
      <trkpt lat="51.51273" lon="-0.032212"><ele>8</ele></trkpt>
      <trkpt lat="51.512683" lon="-0.032153"><ele>8</ele></trkpt>
      <trkpt lat="51.512611" lon="-0.032063"><ele>8</ele></trkpt>
      <trkpt lat="51.512478" lon="-0.031929"><ele>7.5</ele></trkpt>
      <trkpt lat="51.512444" lon="-0.031903"><ele>7</ele></trkpt>
      <trkpt lat="51.512401" lon="-0.031869"><ele>6.75</ele></trkpt>
      <trkpt lat="51.512395" lon="-0.031813"><ele>6.5</ele></trkpt>
      <trkpt lat="51.512389" lon="-0.031758"><ele>6.5</ele></trkpt>
      <trkpt lat="51.512381" lon="-0.031689"><ele>6.5</ele></trkpt>
      <trkpt lat="51.512373" lon="-0.031608"><ele>6.5</ele></trkpt>
      <trkpt lat="51.512359" lon="-0.031538"><ele>6.5</ele></trkpt>
      <trkpt lat="51.512337" lon="-0.031485"><ele>6.5</ele></trkpt>
      <trkpt lat="51.512319" lon="-0.031416"><ele>6.75</ele></trkpt>
      <trkpt lat="51.512314" lon="-0.031358"><ele>7</ele></trkpt>
      <trkpt lat="51.51232" lon="-0.031201"><ele>7.5</ele></trkpt>
      <trkpt lat="51.512324" lon="-0.031115"><ele>7.75</ele></trkpt>
      <trkpt lat="51.512346" lon="-0.030912"><ele>7.25</ele></trkpt>
      <trkpt lat="51.512409" lon="-0.030497"><ele>7</ele></trkpt>
      <trkpt lat="51.512415" lon="-0.030332"><ele>7</ele></trkpt>
      <trkpt lat="51.512411" lon="-0.030213"><ele>6.75</ele></trkpt>
      <trkpt lat="51.512377" lon="-0.029908"><ele>6</ele></trkpt>
      <trkpt lat="51.51232" lon="-0.029639"><ele>6</ele></trkpt>
      <trkpt lat="51.512306" lon="-0.029586"><ele>5.75</ele></trkpt>
      <trkpt lat="51.512249" lon="-0.029551"><ele>6</ele></trkpt>
      <trkpt lat="51.512192" lon="-0.029405"><ele>6</ele></trkpt>
      <trkpt lat="51.512173" lon="-0.029345"><ele>6</ele></trkpt>
      <trkpt lat="51.512086" lon="-0.02913"><ele>6</ele></trkpt>
      <trkpt lat="51.512012" lon="-0.028983"><ele>6</ele></trkpt>
      <trkpt lat="51.511883" lon="-0.028715"><ele>6</ele></trkpt>
      <trkpt lat="51.511793" lon="-0.028611"><ele>6</ele></trkpt>
      <trkpt lat="51.511745" lon="-0.028543"><ele>6</ele></trkpt>
      <trkpt lat="51.511723" lon="-0.02851"><ele>6</ele></trkpt>
      <trkpt lat="51.511677" lon="-0.028439"><ele>6</ele></trkpt>
      <trkpt lat="51.511551" lon="-0.028169"><ele>6</ele></trkpt>
      <trkpt lat="51.511109" lon="-0.027621"><ele>5</ele></trkpt>
      <trkpt lat="51.510764" lon="-0.02721"><ele>5</ele></trkpt>
      <trkpt lat="51.510724" lon="-0.027163"><ele>5</ele></trkpt>
      <trkpt lat="51.510583" lon="-0.027"><ele>5</ele></trkpt>
      <trkpt lat="51.510389" lon="-0.026744"><ele>5</ele></trkpt>
      <trkpt lat="51.510263" lon="-0.026592"><ele>4.75</ele></trkpt>
      <trkpt lat="51.510111" lon="-0.026396"><ele>4.75</ele></trkpt>
      <trkpt lat="51.509822" lon="-0.026032"><ele>4.25</ele></trkpt>
      <trkpt lat="51.509728" lon="-0.025893"><ele>4</ele></trkpt>
      <trkpt lat="51.509629" lon="-0.025756"><ele>4</ele></trkpt>
      <trkpt lat="51.509549" lon="-0.025662"><ele>4</ele></trkpt>
      <trkpt lat="51.509517" lon="-0.025618"><ele>4</ele></trkpt>
      <trkpt lat="51.509393" lon="-0.025501"><ele>4</ele></trkpt>
      <trkpt lat="51.509125" lon="-0.02511"><ele>4.75</ele></trkpt>
      <trkpt lat="51.508985" lon="-0.024824"><ele>4.75</ele></trkpt>
      <trkpt lat="51.508918" lon="-0.024684"><ele>4.75</ele></trkpt>
      <trkpt lat="51.50886" lon="-0.024538"><ele>4</ele></trkpt>
      <trkpt lat="51.508842" lon="-0.02449"><ele>3.75</ele></trkpt>
      <trkpt lat="51.50882" lon="-0.024434"><ele>3.75</ele></trkpt>
      <trkpt lat="51.508799" lon="-0.024376"><ele>3.75</ele></trkpt>
      <trkpt lat="51.508754" lon="-0.024236"><ele>3.75</ele></trkpt>
      <trkpt lat="51.508722" lon="-0.024134"><ele>4</ele></trkpt>
      <trkpt lat="51.508663" lon="-0.023883"><ele>4</ele></trkpt>
      <trkpt lat="51.50849" lon="-0.023259"><ele>3</ele></trkpt>
      <trkpt lat="51.508323" lon="-0.022575"><ele>3</ele></trkpt>
      <trkpt lat="51.508243" lon="-0.022206"><ele>3</ele></trkpt>
      <trkpt lat="51.508101" lon="-0.021506"><ele>3</ele></trkpt>
      <trkpt lat="51.508029" lon="-0.021111"><ele>3.25</ele></trkpt>
      <trkpt lat="51.507949" lon="-0.021093"><ele>3.25</ele></trkpt>
      <trkpt lat="51.507826" lon="-0.021098"><ele>3.75</ele></trkpt>
      <trkpt lat="51.507733" lon="-0.021122"><ele>3.75</ele></trkpt>
      <trkpt lat="51.507672" lon="-0.021172"><ele>3.5</ele></trkpt>
      <trkpt lat="51.507643" lon="-0.021049"><ele>3.5</ele></trkpt>
      <trkpt lat="51.507621" lon="-0.02084"><ele>3.25</ele></trkpt>
      <trkpt lat="51.507589" lon="-0.020691"><ele>3.25</ele></trkpt>
      <trkpt lat="51.507548" lon="-0.020651"><ele>3</ele></trkpt>
      <trkpt lat="51.50754" lon="-0.020568"><ele>3</ele></trkpt>
      <trkpt lat="51.507532" lon="-0.020475"><ele>3</ele></trkpt>
      <trkpt lat="51.507512" lon="-0.020464"><ele>3</ele></trkpt>
      <trkpt lat="51.507439" lon="-0.020461"><ele>3.25</ele></trkpt>
      <trkpt lat="51.507247" lon="-0.020498"><ele>4</ele></trkpt>
      <trkpt lat="51.507233" lon="-0.020501"><ele>4</ele></trkpt>
      <trkpt lat="51.507229" lon="-0.020452"><ele>4.25</ele></trkpt>
      <trkpt lat="51.507225" lon="-0.020403"><ele>4.5</ele></trkpt>
      <trkpt lat="51.507215" lon="-0.020272"><ele>5</ele></trkpt>
      <trkpt lat="51.506769" lon="-0.020371"><ele>5</ele></trkpt>
      <trkpt lat="51.506746" lon="-0.020159"><ele>5</ele></trkpt>
      <trkpt lat="51.506704" lon="-0.02017"><ele>5</ele></trkpt>
      <trkpt lat="51.506577" lon="-0.019025"><ele>4.75</ele></trkpt>
      <trkpt lat="51.506411" lon="-0.019069"><ele>4.25</ele></trkpt>
      <trkpt lat="51.506381" lon="-0.018771"><ele>4.5</ele></trkpt>
      <trkpt lat="51.506323" lon="-0.018788"><ele>4.5</ele></trkpt>
      <trkpt lat="51.5062" lon="-0.018821"><ele>4.5</ele></trkpt>
      <trkpt lat="51.506152" lon="-0.018834"><ele>4.5</ele></trkpt>
      <trkpt lat="51.506095" lon="-0.018847"><ele>4.75</ele></trkpt>
      <trkpt lat="51.506044" lon="-0.018369"><ele>3</ele></trkpt>
      <trkpt lat="51.506041" lon="-0.018225"><ele>3.25</ele></trkpt>
      <trkpt lat="51.505965" lon="-0.017529"><ele>2.5</ele></trkpt>
      <trkpt lat="51.505903" lon="-0.016957"><ele>3</ele></trkpt>
      <trkpt lat="51.505861" lon="-0.016646"><ele>4</ele></trkpt>
      <trkpt lat="51.505853" lon="-0.016567"><ele>4.25</ele></trkpt>
      <trkpt lat="51.505868" lon="-0.016565"><ele>4.25</ele></trkpt>
      <trkpt lat="51.505882" lon="-0.01656"><ele>4.25</ele></trkpt>
      <trkpt lat="51.505895" lon="-0.016685"><ele>3.75</ele></trkpt>
      <trkpt lat="51.505903" lon="-0.016698"><ele>3.75</ele></trkpt>
      <trkpt lat="51.505906" lon="-0.016721"><ele>3.75</ele></trkpt>
      <trkpt lat="51.50614" lon="-0.016669"><ele>4</ele></trkpt>
      <trkpt lat="51.506165" lon="-0.016664"><ele>4</ele></trkpt>
      <trkpt lat="51.506332" lon="-0.016624"><ele>4.75</ele></trkpt>
      <trkpt lat="51.506357" lon="-0.016578"><ele>4.75</ele></trkpt>
      <trkpt lat="51.506498" lon="-0.016569"><ele>5.5</ele></trkpt>
      <trkpt lat="51.506518" lon="-0.016568"><ele>5.75</ele></trkpt>
      <trkpt lat="51.506672" lon="-0.016547"><ele>6.5</ele></trkpt>
      <trkpt lat="51.506734" lon="-0.016511"><ele>6</ele></trkpt>
      <trkpt lat="51.506785" lon="-0.016458"><ele>5.5</ele></trkpt>
      <trkpt lat="51.506827" lon="-0.01645"><ele>5.5</ele></trkpt>
      <trkpt lat="51.506969" lon="-0.016423"><ele>4.75</ele></trkpt>
      <trkpt lat="51.507066" lon="-0.016387"><ele>4.5</ele></trkpt>
      <trkpt lat="51.507095" lon="-0.016354"><ele>4.25</ele></trkpt>
      <trkpt lat="51.507118" lon="-0.016307"><ele>4.25</ele></trkpt>
      <trkpt lat="51.507127" lon="-0.016248"><ele>4</ele></trkpt>
      <trkpt lat="51.507099" lon="-0.015533"><ele>4.25</ele></trkpt>
      <trkpt lat="51.507052" lon="-0.014736"><ele>3.25</ele></trkpt>
      <trkpt lat="51.507056" lon="-0.014425"><ele>3.25</ele></trkpt>
      <trkpt lat="51.507102" lon="-0.013938"><ele>3</ele></trkpt>
      <trkpt lat="51.507102" lon="-0.013694"><ele>3</ele></trkpt>
      <trkpt lat="51.50714" lon="-0.012629"><ele>4</ele></trkpt>
      <trkpt lat="51.507156" lon="-0.012252"><ele>4</ele></trkpt>
      <trkpt lat="51.507432" lon="-0.009213"><ele>4</ele></trkpt>
      <trkpt lat="51.507608" lon="-0.007176"><ele>3.25</ele></trkpt>
      <trkpt lat="51.50763" lon="-0.006885"><ele>3.5</ele></trkpt>
      <trkpt lat="51.507746" lon="-0.006029"><ele>4.25</ele></trkpt>
      <trkpt lat="51.507788" lon="-0.005842"><ele>4.75</ele></trkpt>
      <trkpt lat="51.507899" lon="-0.005472"><ele>4.5</ele></trkpt>
      <trkpt lat="51.50811" lon="-0.004715"><ele>4.75</ele></trkpt>
      <trkpt lat="51.508573" lon="-0.003884"><ele>5</ele></trkpt>
      <trkpt lat="51.509064" lon="-0.003258"><ele>6</ele></trkpt>
      <trkpt lat="51.509599" lon="-0.002586"><ele>5.25</ele></trkpt>
      <trkpt lat="51.509743" lon="-0.002405"><ele>5</ele></trkpt>
      <trkpt lat="51.510012" lon="-0.001955"><ele>4</ele></trkpt>
      <trkpt lat="51.510154" lon="-0.001605"><ele>3</ele></trkpt>
      <trkpt lat="51.510245" lon="-0.001261"><ele>2.25</ele></trkpt>
      <trkpt lat="51.510321" lon="-0.000801"><ele>3.75</ele></trkpt>
      <trkpt lat="51.510351" lon="-0.000598"><ele>4.25</ele></trkpt>
      <trkpt lat="51.51037" lon="-0.000413"><ele>5</ele></trkpt>
      <trkpt lat="51.510385" lon="-0.000258"><ele>5.75</ele></trkpt>
      <trkpt lat="51.51041" lon="0.000085"><ele>6</ele></trkpt>
      <trkpt lat="51.510411" lon="0.00014"><ele>6</ele></trkpt>
      <trkpt lat="51.510413" lon="0.000225"><ele>6</ele></trkpt>
      <trkpt lat="51.510404" lon="0.000515"><ele>6</ele></trkpt>
      <trkpt lat="51.510368" lon="0.000608"><ele>5.75</ele></trkpt>
      <trkpt lat="51.510325" lon="0.000799"><ele>6</ele></trkpt>
      <trkpt lat="51.510323" lon="0.000976"><ele>6</ele></trkpt>
      <trkpt lat="51.51035" lon="0.00112"><ele>6.5</ele></trkpt>
      <trkpt lat="51.510397" lon="0.001251"><ele>6.25</ele></trkpt>
      <trkpt lat="51.510383" lon="0.001427"><ele>6</ele></trkpt>
      <trkpt lat="51.510368" lon="0.001522"><ele>6</ele></trkpt>
      <trkpt lat="51.510342" lon="0.001613"><ele>6</ele></trkpt>
      <trkpt lat="51.510207" lon="0.002162"><ele>5.5</ele></trkpt>
      <trkpt lat="51.510143" lon="0.002602"><ele>6</ele></trkpt>
      <trkpt lat="51.510095" lon="0.002896"><ele>6.75</ele></trkpt>
      <trkpt lat="51.510051" lon="0.003343"><ele>8.25</ele></trkpt>
      <trkpt lat="51.510033" lon="0.003802"><ele>9.25</ele></trkpt>
      <trkpt lat="51.510044" lon="0.004353"><ele>10.5</ele></trkpt>
      <trkpt lat="51.51007" lon="0.00469"><ele>10</ele></trkpt>
      <trkpt lat="51.510119" lon="0.005506"><ele>9.5</ele></trkpt>
      <trkpt lat="51.510136" lon="0.006155"><ele>9</ele></trkpt>
      <trkpt lat="51.510115" lon="0.006811"><ele>8.5</ele></trkpt>
      <trkpt lat="51.510078" lon="0.007354"><ele>8</ele></trkpt>
      <trkpt lat="51.51003" lon="0.007863"><ele>7.5</ele></trkpt>
      <trkpt lat="51.509932" lon="0.008585"><ele>7</ele></trkpt>
      <trkpt lat="51.509889" lon="0.008851"><ele>6.75</ele></trkpt>
      <trkpt lat="51.509796" lon="0.009308"><ele>6.25</ele></trkpt>
      <trkpt lat="51.509656" lon="0.009815"><ele>6</ele></trkpt>
      <trkpt lat="51.509257" lon="0.011145"><ele>4.75</ele></trkpt>
      <trkpt lat="51.509212" lon="0.011278"><ele>4.75</ele></trkpt>
      <trkpt lat="51.509137" lon="0.011443"><ele>4.75</ele></trkpt>
      <trkpt lat="51.509068" lon="0.011586"><ele>4.5</ele></trkpt>
      <trkpt lat="51.508962" lon="0.011772"><ele>4</ele></trkpt>
      <trkpt lat="51.508847" lon="0.011912"><ele>3.25</ele></trkpt>
      <trkpt lat="51.508785" lon="0.011966"><ele>2.75</ele></trkpt>
      <trkpt lat="51.508726" lon="0.011995"><ele>2.75</ele></trkpt>
      <trkpt lat="51.508738" lon="0.012068"><ele>2.75</ele></trkpt>
      <trkpt lat="51.508744" lon="0.012105"><ele>2.5</ele></trkpt>
      <trkpt lat="51.508682" lon="0.01216"><ele>2.75</ele></trkpt>
      <trkpt lat="51.508694" lon="0.012196"><ele>2.5</ele></trkpt>
      <trkpt lat="51.508711" lon="0.012242"><ele>2.5</ele></trkpt>
      <trkpt lat="51.508727" lon="0.012286"><ele>2.5</ele></trkpt>
      <trkpt lat="51.508743" lon="0.012342"><ele>2.5</ele></trkpt>
      <trkpt lat="51.508762" lon="0.012361"><ele>2.25</ele></trkpt>
      <trkpt lat="51.508779" lon="0.012377"><ele>2.25</ele></trkpt>
      <trkpt lat="51.508797" lon="0.012395"><ele>2.25</ele></trkpt>
      <trkpt lat="51.508804" lon="0.012429"><ele>2.25</ele></trkpt>
      <trkpt lat="51.508786" lon="0.012512"><ele>2.25</ele></trkpt>
      <trkpt lat="51.508751" lon="0.012652"><ele>2</ele></trkpt>
      <trkpt lat="51.508739" lon="0.012747"><ele>2</ele></trkpt>
      <trkpt lat="51.508756" lon="0.01311"><ele>1.5</ele></trkpt>
      <trkpt lat="51.508766" lon="0.01322"><ele>1.75</ele></trkpt>
      <trkpt lat="51.508779" lon="0.013303"><ele>1.75</ele></trkpt>
      <trkpt lat="51.508789" lon="0.013357"><ele>2</ele></trkpt>
      <trkpt lat="51.508795" lon="0.013392"><ele>2</ele></trkpt>
      <trkpt lat="51.508824" lon="0.013503"><ele>2</ele></trkpt>
      <trkpt lat="51.508883" lon="0.013732"><ele>2</ele></trkpt>
      <trkpt lat="51.508889" lon="0.013768"><ele>2</ele></trkpt>
      <trkpt lat="51.508899" lon="0.013821"><ele>2</ele></trkpt>
      <trkpt lat="51.508906" lon="0.013881"><ele>2</ele></trkpt>
      <trkpt lat="51.508909" lon="0.014044"><ele>1.75</ele></trkpt>
      <trkpt lat="51.508895" lon="0.014144"><ele>1.75</ele></trkpt>
      <trkpt lat="51.508875" lon="0.014363"><ele>1.75</ele></trkpt>
      <trkpt lat="51.508876" lon="0.014423"><ele>1.75</ele></trkpt>
      <trkpt lat="51.508898" lon="0.014417"><ele>1.75</ele></trkpt>
      <trkpt lat="51.508917" lon="0.014408"><ele>1.75</ele></trkpt>
      <trkpt lat="51.508923" lon="0.014388"><ele>1.5</ele></trkpt>
      <trkpt lat="51.508942" lon="0.01422"><ele>1.5</ele></trkpt>
      <trkpt lat="51.508944" lon="0.014207"><ele>1.5</ele></trkpt>
      <trkpt lat="51.509137" lon="0.014253"><ele>1.25</ele></trkpt>
      <trkpt lat="51.509136" lon="0.014271"><ele>1.25</ele></trkpt>
      <trkpt lat="51.50911" lon="0.0145"><ele>1</ele></trkpt>
      <trkpt lat="51.509097" lon="0.014708"><ele>1.25</ele></trkpt>
      <trkpt lat="51.509108" lon="0.01471"><ele>1</ele></trkpt>
      <trkpt lat="51.509144" lon="0.014715"><ele>1</ele></trkpt>
      <trkpt lat="51.509177" lon="0.01472"><ele>1</ele></trkpt>
      <trkpt lat="51.509185" lon="0.014721"><ele>1</ele></trkpt>
      <trkpt lat="51.509179" lon="0.015058"><ele>1</ele></trkpt>
      <trkpt lat="51.509182" lon="0.01536"><ele>1.75</ele></trkpt>
      <trkpt lat="51.509205" lon="0.015768"><ele>1.75</ele></trkpt>
      <trkpt lat="51.509245" lon="0.016081"><ele>1.5</ele></trkpt>
      <trkpt lat="51.509384" lon="0.016976"><ele>1</ele></trkpt>
      <trkpt lat="51.509557" lon="0.018176"><ele>1.25</ele></trkpt>
      <trkpt lat="51.509599" lon="0.018591"><ele>1.25</ele></trkpt>
      <trkpt lat="51.509608" lon="0.018625"><ele>1.25</ele></trkpt>
      <trkpt lat="51.509619" lon="0.018729"><ele>1.25</ele></trkpt>
      <trkpt lat="51.509627" lon="0.018807"><ele>1.25</ele></trkpt>
      <trkpt lat="51.509631" lon="0.018845"><ele>1.25</ele></trkpt>
      <trkpt lat="51.509654" lon="0.019123"><ele>1</ele></trkpt>
      <trkpt lat="51.509811" lon="0.021465"><ele>1.5</ele></trkpt>
      <trkpt lat="51.509817" lon="0.021546"><ele>1.5</ele></trkpt>
      <trkpt lat="51.509826" lon="0.02167"><ele>1.25</ele></trkpt>
      <trkpt lat="51.509871" lon="0.022659"><ele>1.25</ele></trkpt>
      <trkpt lat="51.509907" lon="0.023449"><ele>1</ele></trkpt>
      <trkpt lat="51.509959" lon="0.024857"><ele>1</ele></trkpt>
      <trkpt lat="51.509977" lon="0.024857"><ele>1</ele></trkpt>
      <trkpt lat="51.509978" lon="0.024871"><ele>1</ele></trkpt>
      <trkpt lat="51.50998" lon="0.024925"><ele>1</ele></trkpt>
      <trkpt lat="51.509982" lon="0.024969"><ele>1</ele></trkpt>
      <trkpt lat="51.509993" lon="0.025428"><ele>1.25</ele></trkpt>
      <trkpt lat="51.509996" lon="0.025481"><ele>1.25</ele></trkpt>
      <trkpt lat="51.509998" lon="0.025514"><ele>1</ele></trkpt>
      <trkpt lat="51.509977" lon="0.025591"><ele>1</ele></trkpt>
      <trkpt lat="51.509975" lon="0.02561"><ele>1.25</ele></trkpt>
      <trkpt lat="51.50998" lon="0.026063"><ele>2</ele></trkpt>
      <trkpt lat="51.51001" lon="0.026062"><ele>1.75</ele></trkpt>
      <trkpt lat="51.510009" lon="0.025984"><ele>1.75</ele></trkpt>
      <trkpt lat="51.510009" lon="0.025861"><ele>1.75</ele></trkpt>
      <trkpt lat="51.50979" lon="0.02586"><ele>1.75</ele></trkpt>
      <trkpt lat="51.509791" lon="0.025921"><ele>1.75</ele></trkpt>
      <trkpt lat="51.509801" lon="0.026617"><ele>1.75</ele></trkpt>
      <trkpt lat="51.50977" lon="0.026615"><ele>1.75</ele></trkpt>
      <trkpt lat="51.509801" lon="0.026617"><ele>1.75</ele></trkpt>
      <trkpt lat="51.509791" lon="0.025921"><ele>1.75</ele></trkpt>
      <trkpt lat="51.50979" lon="0.02586"><ele>1.75</ele></trkpt>
      <trkpt lat="51.510009" lon="0.025861"><ele>1.75</ele></trkpt>
      <trkpt lat="51.510009" lon="0.025984"><ele>1.75</ele></trkpt>
      <trkpt lat="51.51001" lon="0.026062"><ele>1.75</ele></trkpt>
      <trkpt lat="51.50998" lon="0.026063"><ele>2</ele></trkpt>
      <trkpt lat="51.509961" lon="0.026064"><ele>2</ele></trkpt>
      <trkpt lat="51.509935" lon="0.026065"><ele>2</ele></trkpt>
      <trkpt lat="51.509939" lon="0.026212"><ele>2</ele></trkpt>
      <trkpt lat="51.509943" lon="0.026375"><ele>2</ele></trkpt>
      <trkpt lat="51.509943" lon="0.026386"><ele>2</ele></trkpt>
      <trkpt lat="51.509943" lon="0.026399"><ele>1.75</ele></trkpt>
      <trkpt lat="51.509944" lon="0.026428"><ele>1.75</ele></trkpt>
      <trkpt lat="51.509944" lon="0.026472"><ele>1.75</ele></trkpt>
      <trkpt lat="51.509951" lon="0.026848"><ele>1</ele></trkpt>
      <trkpt lat="51.509967" lon="0.027707"><ele>1</ele></trkpt>
      <trkpt lat="51.50997" lon="0.027819"><ele>1</ele></trkpt>
      <trkpt lat="51.509981" lon="0.028849"><ele>1.75</ele></trkpt>
      <trkpt lat="51.509983" lon="0.029013"><ele>2</ele></trkpt>
      <trkpt lat="51.509988" lon="0.030012"><ele>1</ele></trkpt>
      <trkpt lat="51.509981" lon="0.031163"><ele>1.25</ele></trkpt>
      <trkpt lat="51.509962" lon="0.032229"><ele>2</ele></trkpt>
      <trkpt lat="51.509954" lon="0.032595"><ele>2</ele></trkpt>
      <trkpt lat="51.509935" lon="0.032968"><ele>2</ele></trkpt>
      <trkpt lat="51.509914" lon="0.033203"><ele>2</ele></trkpt>
      <trkpt lat="51.509893" lon="0.033404"><ele>2</ele></trkpt>
      <trkpt lat="51.509841" lon="0.033824"><ele>2</ele></trkpt>
      <trkpt lat="51.509834" lon="0.033874"><ele>2</ele></trkpt>
      <trkpt lat="51.509803" lon="0.034065"><ele>2</ele></trkpt>
      <trkpt lat="51.509786" lon="0.03417"><ele>2</ele></trkpt>
      <trkpt lat="51.50972" lon="0.034541"><ele>1.75</ele></trkpt>
      <trkpt lat="51.509706" lon="0.034609"><ele>1.75</ele></trkpt>
      <trkpt lat="51.509673" lon="0.034782"><ele>1.75</ele></trkpt>
      <trkpt lat="51.509661" lon="0.034839"><ele>1.75</ele></trkpt>
      <trkpt lat="51.509611" lon="0.034815"><ele>1.5</ele></trkpt>
      <trkpt lat="51.509601" lon="0.03481"><ele>1.5</ele></trkpt>
      <trkpt lat="51.509577" lon="0.034917"><ele>1.25</ele></trkpt>
      <trkpt lat="51.509548" lon="0.034945"><ele>1.25</ele></trkpt>
      <trkpt lat="51.509513" lon="0.03495"><ele>1.25</ele></trkpt>
      <trkpt lat="51.509309" lon="0.035952"><ele>1.5</ele></trkpt>
      <trkpt lat="51.509291" lon="0.036007"><ele>1.5</ele></trkpt>
      <trkpt lat="51.509273" lon="0.036062"><ele>1.5</ele></trkpt>
      <trkpt lat="51.509269" lon="0.036069"><ele>1.5</ele></trkpt>
      <trkpt lat="51.509339" lon="0.036151"><ele>1.5</ele></trkpt>
      <trkpt lat="51.509347" lon="0.036214"><ele>1.75</ele></trkpt>
      <trkpt lat="51.509268" lon="0.036754"><ele>2.75</ele></trkpt>
      <trkpt lat="51.50919" lon="0.037021"><ele>3.75</ele></trkpt>
      <trkpt lat="51.509037" lon="0.037607"><ele>5.5</ele></trkpt>
      <trkpt lat="51.508991" lon="0.037697"><ele>5.75</ele></trkpt>
      <trkpt lat="51.508968" lon="0.037735"><ele>5.75</ele></trkpt>
      <trkpt lat="51.508945" lon="0.037773"><ele>5.75</ele></trkpt>
      <trkpt lat="51.508932" lon="0.037792"><ele>5.75</ele></trkpt>
      <trkpt lat="51.508971" lon="0.03786"><ele>5.5</ele></trkpt>
      <trkpt lat="51.508951" lon="0.03789"><ele>5.5</ele></trkpt>
      <trkpt lat="51.508925" lon="0.037926"><ele>5.25</ele></trkpt>
      <trkpt lat="51.508898" lon="0.037961"><ele>5.25</ele></trkpt>
      <trkpt lat="51.508892" lon="0.037969"><ele>5.25</ele></trkpt>
      <trkpt lat="51.508853" lon="0.038024"><ele>5</ele></trkpt>
      <trkpt lat="51.508774" lon="0.038171"><ele>5</ele></trkpt>
      <trkpt lat="51.508686" lon="0.038296"><ele>5</ele></trkpt>
      <trkpt lat="51.508636" lon="0.038334"><ele>4.75</ele></trkpt>
      <trkpt lat="51.508612" lon="0.038398"><ele>4.75</ele></trkpt>
      <trkpt lat="51.508514" lon="0.038962"><ele>4.25</ele></trkpt>
      <trkpt lat="51.508454" lon="0.039296"><ele>4.5</ele></trkpt>
      <trkpt lat="51.50845" lon="0.039321"><ele>4.5</ele></trkpt>
      <trkpt lat="51.508441" lon="0.039381"><ele>4.5</ele></trkpt>
      <trkpt lat="51.508438" lon="0.039399"><ele>4.5</ele></trkpt>
      <trkpt lat="51.508144" lon="0.039252"><ele>5</ele></trkpt>
      <trkpt lat="51.507861" lon="0.03923"><ele>5</ele></trkpt>
      <trkpt lat="51.507836" lon="0.039228"><ele>5</ele></trkpt>
      <trkpt lat="51.507795" lon="0.039226"><ele>5</ele></trkpt>
      <trkpt lat="51.507753" lon="0.039232"><ele>5</ele></trkpt>
      <trkpt lat="51.507729" lon="0.039259"><ele>5</ele></trkpt>
      <trkpt lat="51.507684" lon="0.03929"><ele>5.25</ele></trkpt>
      <trkpt lat="51.507644" lon="0.039287"><ele>5.25</ele></trkpt>
      <trkpt lat="51.507168" lon="0.039253"><ele>5.75</ele></trkpt>
      <trkpt lat="51.507122" lon="0.03925"><ele>5.5</ele></trkpt>
      <trkpt lat="51.507048" lon="0.039254"><ele>5.25</ele></trkpt>
      <trkpt lat="51.507047" lon="0.039324"><ele>5.25</ele></trkpt>
      <trkpt lat="51.507052" lon="0.03935"><ele>5.25</ele></trkpt>
      <trkpt lat="51.507058" lon="0.039366"><ele>5</ele></trkpt>
      <trkpt lat="51.507083" lon="0.039426"><ele>5</ele></trkpt>
      <trkpt lat="51.507089" lon="0.039505"><ele>5</ele></trkpt>
      <trkpt lat="51.507069" lon="0.039573"><ele>5</ele></trkpt>
      <trkpt lat="51.507025" lon="0.03962"><ele>5</ele></trkpt>
      <trkpt lat="51.506945" lon="0.039619"><ele>5</ele></trkpt>
      <trkpt lat="51.506562" lon="0.039602"><ele>4.75</ele></trkpt>
      <trkpt lat="51.506382" lon="0.03959"><ele>6</ele></trkpt>
      <trkpt lat="51.506233" lon="0.039582"><ele>6</ele></trkpt>
      <trkpt lat="51.505959" lon="0.039568"><ele>5.25</ele></trkpt>
      <trkpt lat="51.50593" lon="0.039636"><ele>5.5</ele></trkpt>
      <trkpt lat="51.505919" lon="0.039669"><ele>5.5</ele></trkpt>
      <trkpt lat="51.505808" lon="0.039942"><ele>6</ele></trkpt>
      <trkpt lat="51.505785" lon="0.039992"><ele>6</ele></trkpt>
      <trkpt lat="51.505051" lon="0.03989"><ele>5.75</ele></trkpt>
      <trkpt lat="51.504891" lon="0.039855"><ele>6.25</ele></trkpt>
      <trkpt lat="51.50476" lon="0.039913"><ele>6.75</ele></trkpt>
      <trkpt lat="51.504745" lon="0.039929"><ele>6.75</ele></trkpt>
      <trkpt lat="51.504711" lon="0.039992"><ele>6.75</ele></trkpt>
      <trkpt lat="51.504685" lon="0.040066"><ele>6.25</ele></trkpt>
      <trkpt lat="51.504665" lon="0.040171"><ele>5.75</ele></trkpt>
      <trkpt lat="51.504665" lon="0.040237"><ele>5.25</ele></trkpt>
      <trkpt lat="51.504662" lon="0.040312"><ele>5</ele></trkpt>
      <trkpt lat="51.504651" lon="0.040412"><ele>5</ele></trkpt>
      <trkpt lat="51.504633" lon="0.040633"><ele>5</ele></trkpt>
      <trkpt lat="51.504627" lon="0.04111"><ele>5</ele></trkpt>
      <trkpt lat="51.50461" lon="0.041109"><ele>5</ele></trkpt>
      <trkpt lat="51.504572" lon="0.04111"><ele>5</ele></trkpt>
      <trkpt lat="51.504532" lon="0.041111"><ele>5</ele></trkpt>
      <trkpt lat="51.504515" lon="0.041113"><ele>4.75</ele></trkpt>
      <trkpt lat="51.504502" lon="0.041554"><ele>2.75</ele></trkpt>
      <trkpt lat="51.50448" lon="0.041587"><ele>2.5</ele></trkpt>
      <trkpt lat="51.504388" lon="0.041673"><ele>2.5</ele></trkpt>
      <trkpt lat="51.504288" lon="0.041727"><ele>2.5</ele></trkpt>
      <trkpt lat="51.504158" lon="0.041835"><ele>2.5</ele></trkpt>
      <trkpt lat="51.503879" lon="0.042122"><ele>2.25</ele></trkpt>
      <trkpt lat="51.503746" lon="0.042274"><ele>2.25</ele></trkpt>
      <trkpt lat="51.503385" lon="0.042749"><ele>2</ele></trkpt>
      <trkpt lat="51.503236" lon="0.042978"><ele>1.75</ele></trkpt>
      <trkpt lat="51.503015" lon="0.043356"><ele>1.75</ele></trkpt>
      <trkpt lat="51.502767" lon="0.043861"><ele>1.75</ele></trkpt>
      <trkpt lat="51.502486" lon="0.044589"><ele>1.5</ele></trkpt>
      <trkpt lat="51.502344" lon="0.045058"><ele>1.75</ele></trkpt>
      <trkpt lat="51.502333" lon="0.045139"><ele>1.5</ele></trkpt>
      <trkpt lat="51.502292" lon="0.045277"><ele>1.25</ele></trkpt>
      <trkpt lat="51.502279" lon="0.045289"><ele>1</ele></trkpt>
      <trkpt lat="51.502225" lon="0.045482"><ele>1.5</ele></trkpt>
      <trkpt lat="51.502083" lon="0.046089"><ele>2</ele></trkpt>
      <trkpt lat="51.502012" lon="0.04646"><ele>1.5</ele></trkpt>
      <trkpt lat="51.50195" lon="0.046831"><ele>1</ele></trkpt>
      <trkpt lat="51.501873" lon="0.04742"><ele>1.25</ele></trkpt>
      <trkpt lat="51.501801" lon="0.048033"><ele>1.5</ele></trkpt>
      <trkpt lat="51.50154" lon="0.050401"><ele>2</ele></trkpt>
      <trkpt lat="51.501475" lon="0.050936"><ele>2.25</ele></trkpt>
      <trkpt lat="51.50139" lon="0.051744"><ele>2.5</ele></trkpt>
      <trkpt lat="51.501217" lon="0.053122"><ele>2</ele></trkpt>
      <trkpt lat="51.501067" lon="0.054226"><ele>1.25</ele></trkpt>
      <trkpt lat="51.501029" lon="0.05445"><ele>1.75</ele></trkpt>
      <trkpt lat="51.50076" lon="0.056196"><ele>2</ele></trkpt>
      <trkpt lat="51.500757" lon="0.056214"><ele>2</ele></trkpt>
      <trkpt lat="51.500634" lon="0.056168"><ele>2</ele></trkpt>
      <trkpt lat="51.500612" lon="0.056322"><ele>2</ele></trkpt>
      <trkpt lat="51.500601" lon="0.056317"><ele>2</ele></trkpt>
      <trkpt lat="51.500559" lon="0.05661"><ele>2</ele></trkpt>
      <trkpt lat="51.500531" lon="0.056603"><ele>2</ele></trkpt>
      <trkpt lat="51.500471" lon="0.057003"><ele>2</ele></trkpt>
      <trkpt lat="51.500442" lon="0.057198"><ele>2.25</ele></trkpt>
      <trkpt lat="51.50036" lon="0.05775"><ele>1.5</ele></trkpt>
      <trkpt lat="51.500261" lon="0.058413"><ele>1</ele></trkpt>
      <trkpt lat="51.500104" lon="0.059364"><ele>1.25</ele></trkpt>
      <trkpt lat="51.500041" lon="0.059745"><ele>1</ele></trkpt>
      <trkpt lat="51.500007" lon="0.05997"><ele>1</ele></trkpt>
      <trkpt lat="51.499956" lon="0.059955"><ele>1</ele></trkpt>
      <trkpt lat="51.499527" lon="0.059744"><ele>1</ele></trkpt>
      <trkpt lat="51.498636" lon="0.059311"><ele>4.75</ele></trkpt>
      <trkpt lat="51.498636" lon="0.05939"><ele>4.75</ele></trkpt>
      <trkpt lat="51.498629" lon="0.059414"><ele>4.75</ele></trkpt>
      <trkpt lat="51.498622" lon="0.059555"><ele>5.25</ele></trkpt>
      <trkpt lat="51.498605" lon="0.060005"><ele>5.75</ele></trkpt>
      <trkpt lat="51.498597" lon="0.060005"><ele>5.75</ele></trkpt>
      <trkpt lat="51.498579" lon="0.060004"><ele>5.5</ele></trkpt>
      <trkpt lat="51.498577" lon="0.060128"><ele>5</ele></trkpt>
      <trkpt lat="51.498567" lon="0.060199"><ele>4.75</ele></trkpt>
      <trkpt lat="51.498588" lon="0.06035"><ele>4.75</ele></trkpt>
      <trkpt lat="51.498626" lon="0.060555"><ele>5</ele></trkpt>
      <trkpt lat="51.498678" lon="0.060708"><ele>5</ele></trkpt>
      <trkpt lat="51.498721" lon="0.060819"><ele>5</ele></trkpt>
      <trkpt lat="51.498804" lon="0.061012"><ele>5</ele></trkpt>
      <trkpt lat="51.498859" lon="0.061167"><ele>5</ele></trkpt>
      <trkpt lat="51.498829" lon="0.0612"><ele>5</ele></trkpt>
      <trkpt lat="51.498763" lon="0.06129"><ele>5</ele></trkpt>
      <trkpt lat="51.498764" lon="0.061348"><ele>5</ele></trkpt>
      <trkpt lat="51.49874" lon="0.061535"><ele>5</ele></trkpt>
      <trkpt lat="51.498754" lon="0.061577"><ele>5</ele></trkpt>
      <trkpt lat="51.498759" lon="0.061589"><ele>5</ele></trkpt>
      <trkpt lat="51.498744" lon="0.061622"><ele>5</ele></trkpt>
      <trkpt lat="51.498744" lon="0.061646"><ele>5</ele></trkpt>
      <trkpt lat="51.498781" lon="0.061647"><ele>5</ele></trkpt>
      <trkpt lat="51.498745" lon="0.061664"><ele>5</ele></trkpt>
      <trkpt lat="51.49435" lon="0.062863"><ele>5.75</ele></trkpt>
      <trkpt lat="51.494341" lon="0.062831"><ele>5.5</ele></trkpt>
      <trkpt lat="51.494312" lon="0.062817"><ele>5.5</ele></trkpt>
      <trkpt lat="51.494294" lon="0.062826"><ele>5.5</ele></trkpt>
      <trkpt lat="51.494284" lon="0.06284"><ele>5.5</ele></trkpt>
      <trkpt lat="51.494277" lon="0.062876"><ele>5.5</ele></trkpt>
      <trkpt lat="51.494295" lon="0.062921"><ele>5.5</ele></trkpt>
      <trkpt lat="51.494311" lon="0.062935"><ele>5.75</ele></trkpt>
      <trkpt lat="51.494333" lon="0.062926"><ele>5.75</ele></trkpt>
      <trkpt lat="51.494354" lon="0.062895"><ele>5.75</ele></trkpt>
      <trkpt lat="51.494356" lon="0.062872"><ele>5.75</ele></trkpt>
      <trkpt lat="51.494342" lon="0.062826"><ele>5.5</ele></trkpt>
      <trkpt lat="51.494326" lon="0.062813"><ele>5.5</ele></trkpt>
      <trkpt lat="51.494295" lon="0.062817"><ele>5.5</ele></trkpt>
      <trkpt lat="51.494276" lon="0.062847"><ele>5.5</ele></trkpt>
      <trkpt lat="51.494273" lon="0.062876"><ele>5.5</ele></trkpt>
      <trkpt lat="51.494277" lon="0.062902"><ele>5.5</ele></trkpt>
      <trkpt lat="51.494308" lon="0.062943"><ele>5.75</ele></trkpt>
      <trkpt lat="51.494335" lon="0.062933"><ele>5.75</ele></trkpt>
      <trkpt lat="51.494337" lon="0.062939"><ele>5.75</ele></trkpt>
      <trkpt lat="51.49434" lon="0.062948"><ele>5.75</ele></trkpt>
      <trkpt lat="51.494345" lon="0.062967"><ele>5.75</ele></trkpt>
      <trkpt lat="51.494365" lon="0.06295"><ele>5.75</ele></trkpt>
      <trkpt lat="51.494379" lon="0.062902"><ele>5.75</ele></trkpt>
      <trkpt lat="51.494373" lon="0.062833"><ele>5.75</ele></trkpt>
      <trkpt lat="51.49442" lon="0.062811"><ele>5.75</ele></trkpt>
      <trkpt lat="51.494407" lon="0.062706"><ele>5.5</ele></trkpt>
      <trkpt lat="51.494364" lon="0.062462"><ele>5</ele></trkpt>
      <trkpt lat="51.494347" lon="0.062424"><ele>5</ele></trkpt>
      <trkpt lat="51.494303" lon="0.062373"><ele>5</ele></trkpt>
      <trkpt lat="51.494174" lon="0.062374"><ele>5</ele></trkpt>
      <trkpt lat="51.494098" lon="0.062362"><ele>5</ele></trkpt>
      <trkpt lat="51.494018" lon="0.062433"><ele>5.5</ele></trkpt>
      <trkpt lat="51.49374" lon="0.062593"><ele>6.5</ele></trkpt>
      <trkpt lat="51.493875" lon="0.063207"><ele>6</ele></trkpt>
      <trkpt lat="51.493855" lon="0.063217"><ele>6</ele></trkpt>
      <trkpt lat="51.49382" lon="0.063237"><ele>6</ele></trkpt>
      <trkpt lat="51.493935" lon="0.063778"><ele>6.5</ele></trkpt>
      <trkpt lat="51.493952" lon="0.063943"><ele>6.75</ele></trkpt>
      <trkpt lat="51.49395" lon="0.064208"><ele>7.75</ele></trkpt>
      <trkpt lat="51.493908" lon="0.064476"><ele>8.75</ele></trkpt>
      <trkpt lat="51.493865" lon="0.064676"><ele>9</ele></trkpt>
      <trkpt lat="51.493833" lon="0.064951"><ele>10</ele></trkpt>
      <trkpt lat="51.493813" lon="0.065499"><ele>10</ele></trkpt>
      <trkpt lat="51.493804" lon="0.065724"><ele>10</ele></trkpt>
      <trkpt lat="51.493785" lon="0.065801"><ele>10</ele></trkpt>
      <trkpt lat="51.493754" lon="0.065888"><ele>10</ele></trkpt>
      <trkpt lat="51.493752" lon="0.065922"><ele>10</ele></trkpt>
      <trkpt lat="51.493744" lon="0.065954"><ele>10</ele></trkpt>
      <trkpt lat="51.493729" lon="0.06598"><ele>10</ele></trkpt>
      <trkpt lat="51.493711" lon="0.065998"><ele>10</ele></trkpt>
      <trkpt lat="51.49369" lon="0.066005"><ele>10</ele></trkpt>
      <trkpt lat="51.493656" lon="0.065995"><ele>10</ele></trkpt>
      <trkpt lat="51.493614" lon="0.06601"><ele>10</ele></trkpt>
      <trkpt lat="51.493525" lon="0.066066"><ele>10</ele></trkpt>
      <trkpt lat="51.493435" lon="0.066162"><ele>10</ele></trkpt>
      <trkpt lat="51.493404" lon="0.066207"><ele>10</ele></trkpt>
      <trkpt lat="51.493424" lon="0.066245"><ele>10</ele></trkpt>
      <trkpt lat="51.493435" lon="0.066266"><ele>10</ele></trkpt>
      <trkpt lat="51.492987" lon="0.066917"><ele>10</ele></trkpt>
      <trkpt lat="51.492973" lon="0.06696"><ele>10</ele></trkpt>
      <trkpt lat="51.492969" lon="0.067002"><ele>10</ele></trkpt>
      <trkpt lat="51.492976" lon="0.067034"><ele>10</ele></trkpt>
      <trkpt lat="51.493008" lon="0.067099"><ele>10</ele></trkpt>
      <trkpt lat="51.493" lon="0.06711"><ele>10</ele></trkpt>
      <trkpt lat="51.492956" lon="0.06717"><ele>10</ele></trkpt>
      <trkpt lat="51.492913" lon="0.06723"><ele>10</ele></trkpt>
      <trkpt lat="51.492902" lon="0.067244"><ele>10</ele></trkpt>
      <trkpt lat="51.492963" lon="0.067376"><ele>10</ele></trkpt>
      <trkpt lat="51.492996" lon="0.067441"><ele>10</ele></trkpt>
      <trkpt lat="51.493018" lon="0.067482"><ele>10</ele></trkpt>
      <trkpt lat="51.492714" lon="0.067944"><ele>10</ele></trkpt>
      <trkpt lat="51.492705" lon="0.067966"><ele>10</ele></trkpt>
      <trkpt lat="51.492707" lon="0.067985"><ele>10</ele></trkpt>
      <trkpt lat="51.492796" lon="0.068172"><ele>9.5</ele></trkpt>
      <trkpt lat="51.492786" lon="0.068233"><ele>9.25</ele></trkpt>
      <trkpt lat="51.492786" lon="0.068262"><ele>9.25</ele></trkpt>
      <trkpt lat="51.492786" lon="0.068296"><ele>9</ele></trkpt>
      <trkpt lat="51.492719" lon="0.068296"><ele>9.5</ele></trkpt>
      <trkpt lat="51.492642" lon="0.068401"><ele>9.75</ele></trkpt>
      <trkpt lat="51.492548" lon="0.068848"><ele>9.75</ele></trkpt>
      <trkpt lat="51.492665" lon="0.069239"><ele>9.25</ele></trkpt>
      <trkpt lat="51.492644" lon="0.069338"><ele>9.25</ele></trkpt>
      <trkpt lat="51.492526" lon="0.069473"><ele>9.75</ele></trkpt>
      <trkpt lat="51.492545" lon="0.069524"><ele>9.5</ele></trkpt>
      <trkpt lat="51.492382" lon="0.070293"><ele>8.25</ele></trkpt>
      <trkpt lat="51.492355" lon="0.070428"><ele>8</ele></trkpt>
      <trkpt lat="51.492325" lon="0.070447"><ele>8</ele></trkpt>
      <trkpt lat="51.492227" lon="0.070395"><ele>8.5</ele></trkpt>
      <trkpt lat="51.492172" lon="0.070428"><ele>8.25</ele></trkpt>
      <trkpt lat="51.492156" lon="0.070509"><ele>7.75</ele></trkpt>
      <trkpt lat="51.492141" lon="0.070579"><ele>5</ele></trkpt>
      <trkpt lat="51.492091" lon="0.070835"><ele>5</ele></trkpt>
      <trkpt lat="51.492085" lon="0.070868"><ele>5</ele></trkpt>
      <trkpt lat="51.492058" lon="0.071"><ele>5</ele></trkpt>
      <trkpt lat="51.49205" lon="0.071062"><ele>5.25</ele></trkpt>
      <trkpt lat="51.491973" lon="0.071462"><ele>6.25</ele></trkpt>
      <trkpt lat="51.492024" lon="0.071466"><ele>6.25</ele></trkpt>
      <trkpt lat="51.492005" lon="0.071559"><ele>6.5</ele></trkpt>
      <trkpt lat="51.491985" lon="0.071649"><ele>6.75</ele></trkpt>
      <trkpt lat="51.491902" lon="0.072036"><ele>7</ele></trkpt>
      <trkpt lat="51.491807" lon="0.072482"><ele>7</ele></trkpt>
      <trkpt lat="51.491769" lon="0.072659"><ele>7</ele></trkpt>
      <trkpt lat="51.491743" lon="0.072783"><ele>6.75</ele></trkpt>
      <trkpt lat="51.491641" lon="0.073262"><ele>6.25</ele></trkpt>
      <trkpt lat="51.491628" lon="0.073322"><ele>6</ele></trkpt>
      <trkpt lat="51.491612" lon="0.073316"><ele>6</ele></trkpt>
      <trkpt lat="51.491548" lon="0.073287"><ele>6.25</ele></trkpt>
      <trkpt lat="51.491526" lon="0.073278"><ele>6.5</ele></trkpt>
      <trkpt lat="51.491508" lon="0.07327"><ele>6.5</ele></trkpt>
      <trkpt lat="51.491245" lon="0.073152"><ele>7.5</ele></trkpt>
      <trkpt lat="51.49119" lon="0.073188"><ele>8.25</ele></trkpt>
      <trkpt lat="51.491149" lon="0.073229"><ele>8.5</ele></trkpt>
      <trkpt lat="51.491126" lon="0.073266"><ele>8.75</ele></trkpt>
      <trkpt lat="51.491109" lon="0.07331"><ele>9</ele></trkpt>
      <trkpt lat="51.491068" lon="0.073455"><ele>8.5</ele></trkpt>
      <trkpt lat="51.491044" lon="0.073501"><ele>8.5</ele></trkpt>
      <trkpt lat="51.491008" lon="0.073541"><ele>8.5</ele></trkpt>
      <trkpt lat="51.490966" lon="0.073563"><ele>8.5</ele></trkpt>
      <trkpt lat="51.490956" lon="0.073624"><ele>8.5</ele></trkpt>
      <trkpt lat="51.490918" lon="0.073854"><ele>8</ele></trkpt>
      <trkpt lat="51.490887" lon="0.07422"><ele>7.75</ele></trkpt>
      <trkpt lat="51.490882" lon="0.074361"><ele>7.75</ele></trkpt>
      <trkpt lat="51.490889" lon="0.07462"><ele>7.75</ele></trkpt>
      <trkpt lat="51.490946" lon="0.07519"><ele>7</ele></trkpt>
      <trkpt lat="51.491021" lon="0.075859"><ele>6.5</ele></trkpt>
      <trkpt lat="51.491053" lon="0.07608"><ele>6</ele></trkpt>
      <trkpt lat="51.491187" lon="0.07675"><ele>6.5</ele></trkpt>
      <trkpt lat="51.491227" lon="0.077149"><ele>6.25</ele></trkpt>
      <trkpt lat="51.49124" lon="0.077394"><ele>6</ele></trkpt>
      <trkpt lat="51.4912" lon="0.07779"><ele>6.25</ele></trkpt>
      <trkpt lat="51.4912" lon="0.077913"><ele>6.25</ele></trkpt>
      <trkpt lat="51.491209" lon="0.078422"><ele>6.25</ele></trkpt>
      <trkpt lat="51.491207" lon="0.078923"><ele>6.25</ele></trkpt>
      <trkpt lat="51.49119" lon="0.079635"><ele>5.5</ele></trkpt>
      <trkpt lat="51.491149" lon="0.080556"><ele>5.75</ele></trkpt>
      <trkpt lat="51.491169" lon="0.080783"><ele>5.75</ele></trkpt>
      <trkpt lat="51.491158" lon="0.081013"><ele>5.75</ele></trkpt>
      <trkpt lat="51.491148" lon="0.081012"><ele>5.75</ele></trkpt>
      <trkpt lat="51.49114" lon="0.081011"><ele>5.75</ele></trkpt>
      <trkpt lat="51.491128" lon="0.081208"><ele>5.75</ele></trkpt>
      <trkpt lat="51.491077" lon="0.081498"><ele>6</ele></trkpt>
      <trkpt lat="51.49105" lon="0.081537"><ele>6</ele></trkpt>
      <trkpt lat="51.49105" lon="0.081573"><ele>6</ele></trkpt>
      <trkpt lat="51.491047" lon="0.081623"><ele>6</ele></trkpt>
      <trkpt lat="51.491014" lon="0.081744"><ele>5.75</ele></trkpt>
      <trkpt lat="51.491001" lon="0.082044"><ele>5.25</ele></trkpt>
      <trkpt lat="51.490945" lon="0.082148"><ele>5.5</ele></trkpt>
      <trkpt lat="51.490885" lon="0.082449"><ele>6.5</ele></trkpt>
      <trkpt lat="51.490866" lon="0.082539"><ele>6.75</ele></trkpt>
      <trkpt lat="51.490825" lon="0.082728"><ele>7</ele></trkpt>
      <trkpt lat="51.490801" lon="0.082822"><ele>6.75</ele></trkpt>
      <trkpt lat="51.490528" lon="0.084108"><ele>6.75</ele></trkpt>
      <trkpt lat="51.490477" lon="0.084286"><ele>5.75</ele></trkpt>
      <trkpt lat="51.490363" lon="0.084601"><ele>6.25</ele></trkpt>
      <trkpt lat="51.490296" lon="0.084742"><ele>7.5</ele></trkpt>
      <trkpt lat="51.490164" lon="0.084972"><ele>5.75</ele></trkpt>
      <trkpt lat="51.490135" lon="0.085015"><ele>5.25</ele></trkpt>
      <trkpt lat="51.490075" lon="0.085104"><ele>4</ele></trkpt>
      <trkpt lat="51.489974" lon="0.085227"><ele>3.25</ele></trkpt>
      <trkpt lat="51.489878" lon="0.085362"><ele>3.75</ele></trkpt>
      <trkpt lat="51.489828" lon="0.08543"><ele>4</ele></trkpt>
      <trkpt lat="51.489802" lon="0.085466"><ele>4</ele></trkpt>
      <trkpt lat="51.489788" lon="0.085486"><ele>4.25</ele></trkpt>
      <trkpt lat="51.489654" lon="0.085679"><ele>4.25</ele></trkpt>
      <trkpt lat="51.489546" lon="0.085856"><ele>4.5</ele></trkpt>
      <trkpt lat="51.489489" lon="0.08597"><ele>4.75</ele></trkpt>
      <trkpt lat="51.48944" lon="0.086087"><ele>5</ele></trkpt>
      <trkpt lat="51.489402" lon="0.08621"><ele>4.5</ele></trkpt>
      <trkpt lat="51.489344" lon="0.086295"><ele>4.25</ele></trkpt>
      <trkpt lat="51.48927" lon="0.086576"><ele>3.5</ele></trkpt>
      <trkpt lat="51.489261" lon="0.086603"><ele>3.5</ele></trkpt>
      <trkpt lat="51.489172" lon="0.086856"><ele>3.75</ele></trkpt>
      <trkpt lat="51.489122" lon="0.08703"><ele>4</ele></trkpt>
      <trkpt lat="51.489105" lon="0.087091"><ele>4</ele></trkpt>
      <trkpt lat="51.489089" lon="0.087153"><ele>4.25</ele></trkpt>
      <trkpt lat="51.489012" lon="0.087464"><ele>4.5</ele></trkpt>
      <trkpt lat="51.488892" lon="0.088077"><ele>4</ele></trkpt>
      <trkpt lat="51.488821" lon="0.088404"><ele>5</ele></trkpt>
      <trkpt lat="51.488772" lon="0.088587"><ele>5</ele></trkpt>
      <trkpt lat="51.488652" lon="0.088875"><ele>4.75</ele></trkpt>
      <trkpt lat="51.488564" lon="0.089057"><ele>5.5</ele></trkpt>
      <trkpt lat="51.488538" lon="0.08911"><ele>5.75</ele></trkpt>
      <trkpt lat="51.488513" lon="0.089162"><ele>5.75</ele></trkpt>
      <trkpt lat="51.488166" lon="0.089881"><ele>7.25</ele></trkpt>
      <trkpt lat="51.48821" lon="0.089936"><ele>7</ele></trkpt>
      <trkpt lat="51.488264" lon="0.089999"><ele>7</ele></trkpt>
      <trkpt lat="51.488412" lon="0.090101"><ele>6.5</ele></trkpt>
      <trkpt lat="51.488722" lon="0.090242"><ele>4.5</ele></trkpt>
      <trkpt lat="51.488558" lon="0.091103"><ele>5.25</ele></trkpt>
      <trkpt lat="51.48902" lon="0.091317"><ele>3.5</ele></trkpt>
      <trkpt lat="51.488958" lon="0.091702"><ele>4.5</ele></trkpt>
      <trkpt lat="51.488945" lon="0.09178"><ele>4.25</ele></trkpt>
      <trkpt lat="51.48896" lon="0.091872"><ele>4</ele></trkpt>
      <trkpt lat="51.48892" lon="0.092087"><ele>3.25</ele></trkpt>
      <trkpt lat="51.488871" lon="0.092386"><ele>3</ele></trkpt>
      <trkpt lat="51.488816" lon="0.092704"><ele>3.25</ele></trkpt>
      <trkpt lat="51.488763" lon="0.09303"><ele>3.25</ele></trkpt>
      <trkpt lat="51.488758" lon="0.093068"><ele>3.25</ele></trkpt>
      <trkpt lat="51.488678" lon="0.093551"><ele>3</ele></trkpt>
      <trkpt lat="51.488793" lon="0.093604"><ele>3</ele></trkpt>
      <trkpt lat="51.488811" lon="0.093612"><ele>2.75</ele></trkpt>
      <trkpt lat="51.488828" lon="0.09362"><ele>2.75</ele></trkpt>
      <trkpt lat="51.488862" lon="0.093638"><ele>2.75</ele></trkpt>
      <trkpt lat="51.488974" lon="0.093693"><ele>2.25</ele></trkpt>
      <trkpt lat="51.488869" lon="0.094291"><ele>2.25</ele></trkpt>
      <trkpt lat="51.488836" lon="0.094486"><ele>2.75</ele></trkpt>
      <trkpt lat="51.488752" lon="0.095162"><ele>2.75</ele></trkpt>
      <trkpt lat="51.488734" lon="0.09531"><ele>2.75</ele></trkpt>
      <trkpt lat="51.488639" lon="0.096183"><ele>2.75</ele></trkpt>
      <trkpt lat="51.488619" lon="0.09637"><ele>2.75</ele></trkpt>
      <trkpt lat="51.488589" lon="0.096629"><ele>2</ele></trkpt>
      <trkpt lat="51.488603" lon="0.097229"><ele>2</ele></trkpt>
      <trkpt lat="51.488613" lon="0.097652"><ele>1.75</ele></trkpt>
      <trkpt lat="51.488642" lon="0.09874"><ele>2</ele></trkpt>
      <trkpt lat="51.488676" lon="0.099979"><ele>1.75</ele></trkpt>
      <trkpt lat="51.488719" lon="0.101621"><ele>2</ele></trkpt>
      <trkpt lat="51.488774" lon="0.103235"><ele>2</ele></trkpt>
      <trkpt lat="51.488795" lon="0.103826"><ele>2.25</ele></trkpt>
      <trkpt lat="51.48882" lon="0.104538"><ele>3</ele></trkpt>
      <trkpt lat="51.488835" lon="0.10501"><ele>3</ele></trkpt>
      <trkpt lat="51.48886" lon="0.105715"><ele>4</ele></trkpt>
      <trkpt lat="51.488878" lon="0.106232"><ele>4</ele></trkpt>
      <trkpt lat="51.48889" lon="0.106612"><ele>3.75</ele></trkpt>
      <trkpt lat="51.488902" lon="0.106977"><ele>3.75</ele></trkpt>
      <trkpt lat="51.488918" lon="0.107453"><ele>3.75</ele></trkpt>
      <trkpt lat="51.488925" lon="0.107666"><ele>3.75</ele></trkpt>
      <trkpt lat="51.48893" lon="0.107714"><ele>3.75</ele></trkpt>
      <trkpt lat="51.488932" lon="0.107738"><ele>3.75</ele></trkpt>
      <trkpt lat="51.488936" lon="0.107774"><ele>3.75</ele></trkpt>
      <trkpt lat="51.488937" lon="0.107824"><ele>3.75</ele></trkpt>
      <trkpt lat="51.488938" lon="0.107873"><ele>3.75</ele></trkpt>
      <trkpt lat="51.488945" lon="0.107981"><ele>3.75</ele></trkpt>
      <trkpt lat="51.488951" lon="0.108046"><ele>3.75</ele></trkpt>
      <trkpt lat="51.488953" lon="0.108059"><ele>3.75</ele></trkpt>
      <trkpt lat="51.488956" lon="0.108103"><ele>3.75</ele></trkpt>
      <trkpt lat="51.488988" lon="0.108482"><ele>4</ele></trkpt>
      <trkpt lat="51.489014" lon="0.108818"><ele>4</ele></trkpt>
      <trkpt lat="51.489069" lon="0.109523"><ele>3.5</ele></trkpt>
      <trkpt lat="51.489091" lon="0.109827"><ele>3.25</ele></trkpt>
      <trkpt lat="51.489125" lon="0.110206"><ele>3</ele></trkpt>
      <trkpt lat="51.489159" lon="0.110664"><ele>3</ele></trkpt>
      <trkpt lat="51.489171" lon="0.110824"><ele>3</ele></trkpt>
      <trkpt lat="51.489178" lon="0.110974"><ele>3</ele></trkpt>
      <trkpt lat="51.489195" lon="0.111466"><ele>3</ele></trkpt>
      <trkpt lat="51.489206" lon="0.111818"><ele>3</ele></trkpt>
      <trkpt lat="51.489225" lon="0.112341"><ele>3</ele></trkpt>
      <trkpt lat="51.48923" lon="0.112457"><ele>3</ele></trkpt>
      <trkpt lat="51.489245" lon="0.112793"><ele>3</ele></trkpt>
      <trkpt lat="51.489275" lon="0.11368"><ele>3.5</ele></trkpt>
      <trkpt lat="51.489281" lon="0.113822"><ele>3.5</ele></trkpt>
      <trkpt lat="51.489295" lon="0.114177"><ele>3.5</ele></trkpt>
      <trkpt lat="51.489317" lon="0.114718"><ele>3.25</ele></trkpt>
      <trkpt lat="51.489333" lon="0.115069"><ele>3.25</ele></trkpt>
      <trkpt lat="51.48935" lon="0.115668"><ele>3</ele></trkpt>
      <trkpt lat="51.489363" lon="0.115851"><ele>2.5</ele></trkpt>
      <trkpt lat="51.489389" lon="0.116296"><ele>2.25</ele></trkpt>
      <trkpt lat="51.489414" lon="0.11661"><ele>2.75</ele></trkpt>
      <trkpt lat="51.489462" lon="0.117236"><ele>2.75</ele></trkpt>
      <trkpt lat="51.489489" lon="0.11755"><ele>2.75</ele></trkpt>
      <trkpt lat="51.489535" lon="0.11817"><ele>3</ele></trkpt>
      <trkpt lat="51.48956" lon="0.118484"><ele>3.25</ele></trkpt>
      <trkpt lat="51.489631" lon="0.119255"><ele>3.25</ele></trkpt>
      <trkpt lat="51.489659" lon="0.119568"><ele>3</ele></trkpt>
      <trkpt lat="51.489668" lon="0.119646"><ele>3</ele></trkpt>
      <trkpt lat="51.489671" lon="0.119678"><ele>3</ele></trkpt>
      <trkpt lat="51.489702" lon="0.120057"><ele>3</ele></trkpt>
      <trkpt lat="51.489745" lon="0.120557"><ele>2.75</ele></trkpt>
      <trkpt lat="51.489762" lon="0.120742"><ele>2.75</ele></trkpt>
      <trkpt lat="51.489777" lon="0.120915"><ele>2.75</ele></trkpt>
      <trkpt lat="51.489824" lon="0.120911"><ele>2.5</ele></trkpt>
      <trkpt lat="51.489826" lon="0.120932"><ele>2.5</ele></trkpt>
      <trkpt lat="51.489837" lon="0.121031"><ele>2.5</ele></trkpt>
      <trkpt lat="51.489852" lon="0.121241"><ele>2.5</ele></trkpt>
      <trkpt lat="51.489863" lon="0.121267"><ele>2.25</ele></trkpt>
      <trkpt lat="51.489884" lon="0.121276"><ele>2.25</ele></trkpt>
      <trkpt lat="51.490323" lon="0.121257"><ele>1.25</ele></trkpt>
      <trkpt lat="51.490444" lon="0.12124"><ele>1</ele></trkpt>
      <trkpt lat="51.490457" lon="0.121238"><ele>1</ele></trkpt>
      <trkpt lat="51.490471" lon="0.121235"><ele>1</ele></trkpt>
      <trkpt lat="51.49049" lon="0.121234"><ele>1</ele></trkpt>
      <trkpt lat="51.49053" lon="0.121233"><ele>1</ele></trkpt>
      <trkpt lat="51.490572" lon="0.12123"><ele>1</ele></trkpt>
      <trkpt lat="51.490629" lon="0.121229"><ele>1</ele></trkpt>
      <trkpt lat="51.490661" lon="0.12125"><ele>1</ele></trkpt>
      <trkpt lat="51.490742" lon="0.121246"><ele>1</ele></trkpt>
      <trkpt lat="51.490786" lon="0.121291"><ele>1</ele></trkpt>
      <trkpt lat="51.490803" lon="0.121332"><ele>1</ele></trkpt>
      <trkpt lat="51.490834" lon="0.12135"><ele>1</ele></trkpt>
      <trkpt lat="51.49087" lon="0.121359"><ele>1</ele></trkpt>
      <trkpt lat="51.490947" lon="0.121541"><ele>1</ele></trkpt>
      <trkpt lat="51.490963" lon="0.121564"><ele>1</ele></trkpt>
      <trkpt lat="51.490999" lon="0.121537"><ele>1</ele></trkpt>
      <trkpt lat="51.491042" lon="0.121523"><ele>1</ele></trkpt>
      <trkpt lat="51.491059" lon="0.121576"><ele>1</ele></trkpt>
      <trkpt lat="51.491156" lon="0.121575"><ele>1</ele></trkpt>
      <trkpt lat="51.491234" lon="0.121604"><ele>1</ele></trkpt>
      <trkpt lat="51.491267" lon="0.121583"><ele>1</ele></trkpt>
      <trkpt lat="51.491281" lon="0.121582"><ele>1</ele></trkpt>
      <trkpt lat="51.491305" lon="0.121579"><ele>1</ele></trkpt>
      <trkpt lat="51.491302" lon="0.121514"><ele>1</ele></trkpt>
      <trkpt lat="51.491297" lon="0.121457"><ele>1</ele></trkpt>
      <trkpt lat="51.491308" lon="0.121422"><ele>1</ele></trkpt>
      <trkpt lat="51.491293" lon="0.121409"><ele>1</ele></trkpt>
      <trkpt lat="51.491243" lon="0.121365"><ele>1</ele></trkpt>
    </trkseg>
    <trkseg>
      <trkpt lat="51.63088" lon="0.329841"><ele>73.75</ele></trkpt>
      <trkpt lat="51.630872" lon="0.329833"><ele>73.75</ele></trkpt>
      <trkpt lat="51.630901" lon="0.329757"><ele>73</ele></trkpt>
      <trkpt lat="51.630908" lon="0.329722"><ele>72.5</ele></trkpt>
      <trkpt lat="51.630763" lon="0.329567"><ele>73.5</ele></trkpt>
      <trkpt lat="51.630736" lon="0.32951"><ele>73.75</ele></trkpt>
      <trkpt lat="51.630707" lon="0.329434"><ele>73.75</ele></trkpt>
      <trkpt lat="51.630703" lon="0.329363"><ele>73.75</ele></trkpt>
      <trkpt lat="51.63071" lon="0.329286"><ele>73.75</ele></trkpt>
      <trkpt lat="51.63075" lon="0.329132"><ele>74</ele></trkpt>
      <trkpt lat="51.630607" lon="0.328722"><ele>75</ele></trkpt>
      <trkpt lat="51.630579" lon="0.328644"><ele>75</ele></trkpt>
      <trkpt lat="51.630411" lon="0.328113"><ele>76.75</ele></trkpt>
      <trkpt lat="51.630349" lon="0.327899"><ele>77</ele></trkpt>
      <trkpt lat="51.630295" lon="0.327718"><ele>77</ele></trkpt>
      <trkpt lat="51.6302" lon="0.327367"><ele>78</ele></trkpt>
      <trkpt lat="51.630094" lon="0.326943"><ele>79.25</ele></trkpt>
      <trkpt lat="51.630032" lon="0.326725"><ele>79</ele></trkpt>
      <trkpt lat="51.629765" lon="0.325765"><ele>82</ele></trkpt>
      <trkpt lat="51.629613" lon="0.325195"><ele>82</ele></trkpt>
      <trkpt lat="51.629478" lon="0.324635"><ele>81.75</ele></trkpt>
      <trkpt lat="51.629443" lon="0.324493"><ele>82</ele></trkpt>
      <trkpt lat="51.629141" lon="0.323192"><ele>82.5</ele></trkpt>
      <trkpt lat="51.629109" lon="0.323028"><ele>83</ele></trkpt>
      <trkpt lat="51.629075" lon="0.32282"><ele>83</ele></trkpt>
      <trkpt lat="51.629065" lon="0.322669"><ele>83</ele></trkpt>
      <trkpt lat="51.628978" lon="0.322642"><ele>83</ele></trkpt>
      <trkpt lat="51.628914" lon="0.322654"><ele>83</ele></trkpt>
      <trkpt lat="51.628755" lon="0.322078"><ele>84.75</ele></trkpt>
      <trkpt lat="51.6285" lon="0.321294"><ele>86.5</ele></trkpt>
      <trkpt lat="51.628477" lon="0.321186"><ele>87</ele></trkpt>
      <trkpt lat="51.628459" lon="0.320918"><ele>87.75</ele></trkpt>
      <trkpt lat="51.62843" lon="0.320836"><ele>87.75</ele></trkpt>
      <trkpt lat="51.629227" lon="0.319973"><ele>90.5</ele></trkpt>
      <trkpt lat="51.629373" lon="0.319813"><ele>90</ele></trkpt>
      <trkpt lat="51.629455" lon="0.319682"><ele>90</ele></trkpt>
      <trkpt lat="51.629665" lon="0.319159"><ele>90</ele></trkpt>
      <trkpt lat="51.629141" lon="0.318405"><ele>94</ele></trkpt>
      <trkpt lat="51.628881" lon="0.318064"><ele>95</ele></trkpt>
      <trkpt lat="51.628353" lon="0.31728"><ele>97</ele></trkpt>
      <trkpt lat="51.62795" lon="0.316746"><ele>98.25</ele></trkpt>
      <trkpt lat="51.627788" lon="0.316568"><ele>98.25</ele></trkpt>
      <trkpt lat="51.627642" lon="0.316435"><ele>98.75</ele></trkpt>
      <trkpt lat="51.627402" lon="0.316272"><ele>99.5</ele></trkpt>
      <trkpt lat="51.627137" lon="0.316149"><ele>100</ele></trkpt>
      <trkpt lat="51.626944" lon="0.316046"><ele>100</ele></trkpt>
      <trkpt lat="51.626844" lon="0.315983"><ele>100.5</ele></trkpt>
      <trkpt lat="51.626735" lon="0.3159"><ele>100.75</ele></trkpt>
      <trkpt lat="51.626462" lon="0.315581"><ele>101</ele></trkpt>
      <trkpt lat="51.625987" lon="0.315001"><ele>102</ele></trkpt>
      <trkpt lat="51.625605" lon="0.314594"><ele>103</ele></trkpt>
      <trkpt lat="51.625376" lon="0.314344"><ele>103.5</ele></trkpt>
      <trkpt lat="51.625219" lon="0.31413"><ele>103.25</ele></trkpt>
      <trkpt lat="51.625086" lon="0.313918"><ele>103.75</ele></trkpt>
      <trkpt lat="51.624981" lon="0.313698"><ele>104</ele></trkpt>
      <trkpt lat="51.624781" lon="0.313311"><ele>104.25</ele></trkpt>
      <trkpt lat="51.624751" lon="0.313237"><ele>104.25</ele></trkpt>
      <trkpt lat="51.624567" lon="0.312873"><ele>105</ele></trkpt>
      <trkpt lat="51.624358" lon="0.312422"><ele>105.25</ele></trkpt>
      <trkpt lat="51.624156" lon="0.312006"><ele>105.25</ele></trkpt>
      <trkpt lat="51.623911" lon="0.311498"><ele>106</ele></trkpt>
      <trkpt lat="51.623594" lon="0.310903"><ele>106</ele></trkpt>
      <trkpt lat="51.623277" lon="0.310309"><ele>107</ele></trkpt>
      <trkpt lat="51.623135" lon="0.310001"><ele>107</ele></trkpt>
      <trkpt lat="51.62268" lon="0.308974"><ele>107</ele></trkpt>
      <trkpt lat="51.622435" lon="0.308398"><ele>107</ele></trkpt>
      <trkpt lat="51.622201" lon="0.307829"><ele>107</ele></trkpt>
      <trkpt lat="51.622109" lon="0.30759"><ele>107</ele></trkpt>
      <trkpt lat="51.621917" lon="0.307135"><ele>107</ele></trkpt>
      <trkpt lat="51.621838" lon="0.306935"><ele>107.25</ele></trkpt>
      <trkpt lat="51.621628" lon="0.306408"><ele>107</ele></trkpt>
      <trkpt lat="51.621555" lon="0.306294"><ele>107.5</ele></trkpt>
      <trkpt lat="51.621541" lon="0.306262"><ele>107.5</ele></trkpt>
      <trkpt lat="51.621519" lon="0.306211"><ele>107.75</ele></trkpt>
      <trkpt lat="51.621403" lon="0.30592"><ele>108</ele></trkpt>
      <trkpt lat="51.621392" lon="0.305794"><ele>107.75</ele></trkpt>
      <trkpt lat="51.621326" lon="0.305771"><ele>107.75</ele></trkpt>
      <trkpt lat="51.62124" lon="0.305665"><ele>107.5</ele></trkpt>
      <trkpt lat="51.62119" lon="0.305771"><ele>107.75</ele></trkpt>
      <trkpt lat="51.620994" lon="0.305937"><ele>108</ele></trkpt>
      <trkpt lat="51.620819" lon="0.306049"><ele>107.75</ele></trkpt>
      <trkpt lat="51.620544" lon="0.306292"><ele>108</ele></trkpt>
      <trkpt lat="51.620418" lon="0.306403"><ele>108</ele></trkpt>
      <trkpt lat="51.620092" lon="0.306692"><ele>108</ele></trkpt>
      <trkpt lat="51.620004" lon="0.30677"><ele>108.25</ele></trkpt>
      <trkpt lat="51.619613" lon="0.307176"><ele>108.5</ele></trkpt>
      <trkpt lat="51.619479" lon="0.307275"><ele>108</ele></trkpt>
      <trkpt lat="51.619412" lon="0.307131"><ele>108</ele></trkpt>
      <trkpt lat="51.619322" lon="0.306939"><ele>108</ele></trkpt>
      <trkpt lat="51.619304" lon="0.306901"><ele>108</ele></trkpt>
      <trkpt lat="51.619284" lon="0.306863"><ele>108</ele></trkpt>
      <trkpt lat="51.619186" lon="0.306683"><ele>108</ele></trkpt>
      <trkpt lat="51.619133" lon="0.306565"><ele>108</ele></trkpt>
      <trkpt lat="51.619051" lon="0.306337"><ele>107.75</ele></trkpt>
      <trkpt lat="51.619006" lon="0.306185"><ele>107.5</ele></trkpt>
      <trkpt lat="51.618948" lon="0.305934"><ele>107</ele></trkpt>
      <trkpt lat="51.618885" lon="0.305604"><ele>106.75</ele></trkpt>
      <trkpt lat="51.618807" lon="0.305215"><ele>106.5</ele></trkpt>
      <trkpt lat="51.618771" lon="0.305077"><ele>106.5</ele></trkpt>
      <trkpt lat="51.618644" lon="0.304791"><ele>106</ele></trkpt>
      <trkpt lat="51.618468" lon="0.304445"><ele>104.25</ele></trkpt>
      <trkpt lat="51.61832" lon="0.304127"><ele>103.75</ele></trkpt>
      <trkpt lat="51.618038" lon="0.303375"><ele>101.75</ele></trkpt>
      <trkpt lat="51.617867" lon="0.302911"><ele>100.25</ele></trkpt>
      <trkpt lat="51.617612" lon="0.302257"><ele>96.75</ele></trkpt>
      <trkpt lat="51.617582" lon="0.302109"><ele>96.5</ele></trkpt>
      <trkpt lat="51.617539" lon="0.302054"><ele>96.25</ele></trkpt>
      <trkpt lat="51.617511" lon="0.302016"><ele>96</ele></trkpt>
      <trkpt lat="51.61744" lon="0.301916"><ele>95</ele></trkpt>
      <trkpt lat="51.617114" lon="0.301379"><ele>91.25</ele></trkpt>
      <trkpt lat="51.616691" lon="0.300754"><ele>88.25</ele></trkpt>
      <trkpt lat="51.616419" lon="0.300385"><ele>85.75</ele></trkpt>
      <trkpt lat="51.61599" lon="0.299923"><ele>83.75</ele></trkpt>
      <trkpt lat="51.615919" lon="0.299949"><ele>83.5</ele></trkpt>
      <trkpt lat="51.615896" lon="0.299931"><ele>83.25</ele></trkpt>
      <trkpt lat="51.615644" lon="0.299689"><ele>81.5</ele></trkpt>
      <trkpt lat="51.615574" lon="0.299663"><ele>81.25</ele></trkpt>
      <trkpt lat="51.615421" lon="0.299624"><ele>80.5</ele></trkpt>
      <trkpt lat="51.615176" lon="0.299564"><ele>79.5</ele></trkpt>
      <trkpt lat="51.614668" lon="0.299436"><ele>76.75</ele></trkpt>
      <trkpt lat="51.614072" lon="0.299312"><ele>74.5</ele></trkpt>
      <trkpt lat="51.613917" lon="0.299273"><ele>74</ele></trkpt>
      <trkpt lat="51.613856" lon="0.299259"><ele>73.75</ele></trkpt>
      <trkpt lat="51.613844" lon="0.299415"><ele>73.5</ele></trkpt>
      <trkpt lat="51.613823" lon="0.299416"><ele>73.5</ele></trkpt>
      <trkpt lat="51.613791" lon="0.299419"><ele>73.25</ele></trkpt>
      <trkpt lat="51.613781" lon="0.29942"><ele>73</ele></trkpt>
      <trkpt lat="51.613764" lon="0.299416"><ele>73</ele></trkpt>
      <trkpt lat="51.613625" lon="0.299387"><ele>72</ele></trkpt>
      <trkpt lat="51.613612" lon="0.299539"><ele>72</ele></trkpt>
      <trkpt lat="51.613625" lon="0.299387"><ele>72</ele></trkpt>
      <trkpt lat="51.613764" lon="0.299416"><ele>73</ele></trkpt>
      <trkpt lat="51.613781" lon="0.29942"><ele>73</ele></trkpt>
      <trkpt lat="51.613791" lon="0.299419"><ele>73.25</ele></trkpt>
      <trkpt lat="51.613823" lon="0.299416"><ele>73.5</ele></trkpt>
      <trkpt lat="51.613844" lon="0.299415"><ele>73.5</ele></trkpt>
      <trkpt lat="51.613856" lon="0.299259"><ele>73.75</ele></trkpt>
      <trkpt lat="51.613917" lon="0.299273"><ele>74</ele></trkpt>
      <trkpt lat="51.613931" lon="0.299026"><ele>73.5</ele></trkpt>
      <trkpt lat="51.61397" lon="0.298636"><ele>73.25</ele></trkpt>
      <trkpt lat="51.613972" lon="0.298607"><ele>73.25</ele></trkpt>
      <trkpt lat="51.614168" lon="0.298627"><ele>74</ele></trkpt>
      <trkpt lat="51.614657" lon="0.298627"><ele>76.5</ele></trkpt>
      <trkpt lat="51.614668" lon="0.298291"><ele>75.75</ele></trkpt>
      <trkpt lat="51.614675" lon="0.298087"><ele>75.75</ele></trkpt>
      <trkpt lat="51.614703" lon="0.297642"><ele>74.5</ele></trkpt>
      <trkpt lat="51.614701" lon="0.297584"><ele>74.25</ele></trkpt>
      <trkpt lat="51.614728" lon="0.297234"><ele>74</ele></trkpt>
      <trkpt lat="51.614712" lon="0.297211"><ele>73.75</ele></trkpt>
      <trkpt lat="51.614709" lon="0.297178"><ele>73.75</ele></trkpt>
      <trkpt lat="51.614718" lon="0.297149"><ele>73.75</ele></trkpt>
      <trkpt lat="51.614736" lon="0.297135"><ele>74</ele></trkpt>
      <trkpt lat="51.614737" lon="0.297054"><ele>74</ele></trkpt>
      <trkpt lat="51.614711" lon="0.297029"><ele>73.75</ele></trkpt>
      <trkpt lat="51.614706" lon="0.296996"><ele>73.75</ele></trkpt>
      <trkpt lat="51.614709" lon="0.29698"><ele>73.75</ele></trkpt>
      <trkpt lat="51.614715" lon="0.296967"><ele>73.75</ele></trkpt>
      <trkpt lat="51.614723" lon="0.296957"><ele>74</ele></trkpt>
      <trkpt lat="51.614679" lon="0.296864"><ele>73.5</ele></trkpt>
      <trkpt lat="51.614686" lon="0.296588"><ele>73</ele></trkpt>
      <trkpt lat="51.614668" lon="0.29591"><ele>72.25</ele></trkpt>
      <trkpt lat="51.614677" lon="0.295412"><ele>72</ele></trkpt>
      <trkpt lat="51.614692" lon="0.29497"><ele>71.75</ele></trkpt>
      <trkpt lat="51.614699" lon="0.294771"><ele>71</ele></trkpt>
      <trkpt lat="51.614811" lon="0.294218"><ele>70</ele></trkpt>
      <trkpt lat="51.614765" lon="0.294011"><ele>69.25</ele></trkpt>
      <trkpt lat="51.61475" lon="0.29398"><ele>69</ele></trkpt>
      <trkpt lat="51.614721" lon="0.29387"><ele>68.75</ele></trkpt>
      <trkpt lat="51.614705" lon="0.293762"><ele>68.25</ele></trkpt>
      <trkpt lat="51.614669" lon="0.293674"><ele>68</ele></trkpt>
      <trkpt lat="51.614648" lon="0.293627"><ele>67.75</ele></trkpt>
      <trkpt lat="51.614586" lon="0.29355"><ele>67.25</ele></trkpt>
      <trkpt lat="51.614561" lon="0.293503"><ele>67.25</ele></trkpt>
      <trkpt lat="51.614481" lon="0.293335"><ele>67</ele></trkpt>
      <trkpt lat="51.614413" lon="0.293162"><ele>67.25</ele></trkpt>
      <trkpt lat="51.614335" lon="0.293002"><ele>67</ele></trkpt>
      <trkpt lat="51.614231" lon="0.292851"><ele>66.25</ele></trkpt>
      <trkpt lat="51.614143" lon="0.292583"><ele>66</ele></trkpt>
      <trkpt lat="51.613756" lon="0.291429"><ele>66</ele></trkpt>
      <trkpt lat="51.613853" lon="0.290889"><ele>65.75</ele></trkpt>
      <trkpt lat="51.613786" lon="0.2908"><ele>65.5</ele></trkpt>
      <trkpt lat="51.613676" lon="0.290225"><ele>64.75</ele></trkpt>
      <trkpt lat="51.613547" lon="0.289612"><ele>63.5</ele></trkpt>
      <trkpt lat="51.613523" lon="0.289546"><ele>63.5</ele></trkpt>
      <trkpt lat="51.613608" lon="0.289441"><ele>63</ele></trkpt>
      <trkpt lat="51.613667" lon="0.289363"><ele>63.5</ele></trkpt>
      <trkpt lat="51.613998" lon="0.288953"><ele>68</ele></trkpt>
      <trkpt lat="51.614192" lon="0.288749"><ele>70.25</ele></trkpt>
      <trkpt lat="51.614139" lon="0.288586"><ele>69.5</ele></trkpt>
      <trkpt lat="51.614098" lon="0.288385"><ele>69.25</ele></trkpt>
      <trkpt lat="51.61408" lon="0.28819"><ele>68.5</ele></trkpt>
      <trkpt lat="51.613938" lon="0.287263"><ele>65.25</ele></trkpt>
      <trkpt lat="51.61391" lon="0.287114"><ele>65</ele></trkpt>
      <trkpt lat="51.613775" lon="0.286525"><ele>64</ele></trkpt>
      <trkpt lat="51.613581" lon="0.285648"><ele>61.75</ele></trkpt>
      <trkpt lat="51.613428" lon="0.284964"><ele>61.5</ele></trkpt>
      <trkpt lat="51.613307" lon="0.284416"><ele>60.75</ele></trkpt>
      <trkpt lat="51.613023" lon="0.283157"><ele>58</ele></trkpt>
      <trkpt lat="51.612969" lon="0.2829"><ele>57.25</ele></trkpt>
      <trkpt lat="51.612951" lon="0.282769"><ele>57</ele></trkpt>
      <trkpt lat="51.612941" lon="0.28263"><ele>56.5</ele></trkpt>
      <trkpt lat="51.612946" lon="0.282505"><ele>56</ele></trkpt>
      <trkpt lat="51.612961" lon="0.282398"><ele>55.75</ele></trkpt>
      <trkpt lat="51.613101" lon="0.281758"><ele>56.25</ele></trkpt>
      <trkpt lat="51.61313" lon="0.281647"><ele>56.25</ele></trkpt>
      <trkpt lat="51.613212" lon="0.281478"><ele>56.25</ele></trkpt>
      <trkpt lat="51.613278" lon="0.281385"><ele>56.5</ele></trkpt>
      <trkpt lat="51.613955" lon="0.280799"><ele>56</ele></trkpt>
      <trkpt lat="51.61383" lon="0.280405"><ele>54</ele></trkpt>
      <trkpt lat="51.61333" lon="0.278851"><ele>49.75</ele></trkpt>
      <trkpt lat="51.613121" lon="0.278218"><ele>49.75</ele></trkpt>
      <trkpt lat="51.613086" lon="0.278112"><ele>49.75</ele></trkpt>
      <trkpt lat="51.612897" lon="0.277551"><ele>50.5</ele></trkpt>
      <trkpt lat="51.612687" lon="0.276922"><ele>50.25</ele></trkpt>
      <trkpt lat="51.612268" lon="0.275744"><ele>50.75</ele></trkpt>
      <trkpt lat="51.612211" lon="0.275557"><ele>51</ele></trkpt>
      <trkpt lat="51.612149" lon="0.275354"><ele>50.25</ele></trkpt>
      <trkpt lat="51.611909" lon="0.274662"><ele>52</ele></trkpt>
      <trkpt lat="51.611645" lon="0.273925"><ele>53</ele></trkpt>
      <trkpt lat="51.61127" lon="0.272544"><ele>51</ele></trkpt>
      <trkpt lat="51.611198" lon="0.272427"><ele>51</ele></trkpt>
      <trkpt lat="51.611054" lon="0.272006"><ele>50.25</ele></trkpt>
      <trkpt lat="51.610986" lon="0.271827"><ele>49.75</ele></trkpt>
      <trkpt lat="51.610763" lon="0.271208"><ele>48</ele></trkpt>
      <trkpt lat="51.610732" lon="0.270996"><ele>47.5</ele></trkpt>
      <trkpt lat="51.610682" lon="0.270856"><ele>47</ele></trkpt>
      <trkpt lat="51.610538" lon="0.270452"><ele>46</ele></trkpt>
      <trkpt lat="51.610381" lon="0.269925"><ele>45.25</ele></trkpt>
      <trkpt lat="51.610165" lon="0.269136"><ele>44.25</ele></trkpt>
      <trkpt lat="51.609886" lon="0.268077"><ele>44</ele></trkpt>
      <trkpt lat="51.609665" lon="0.26732"><ele>43.75</ele></trkpt>
      <trkpt lat="51.609558" lon="0.266962"><ele>43.5</ele></trkpt>
      <trkpt lat="51.609418" lon="0.266573"><ele>43.75</ele></trkpt>
      <trkpt lat="51.609343" lon="0.266391"><ele>43.25</ele></trkpt>
      <trkpt lat="51.609221" lon="0.266123"><ele>43</ele></trkpt>
      <trkpt lat="51.608891" lon="0.265565"><ele>41</ele></trkpt>
      <trkpt lat="51.608687" lon="0.265264"><ele>40.75</ele></trkpt>
      <trkpt lat="51.608585" lon="0.265091"><ele>40.25</ele></trkpt>
      <trkpt lat="51.608525" lon="0.264956"><ele>39.75</ele></trkpt>
      <trkpt lat="51.608495" lon="0.26486"><ele>39.25</ele></trkpt>
      <trkpt lat="51.608473" lon="0.264717"><ele>38.75</ele></trkpt>
      <trkpt lat="51.60846" lon="0.264515"><ele>38.5</ele></trkpt>
      <trkpt lat="51.608329" lon="0.264218"><ele>38.75</ele></trkpt>
      <trkpt lat="51.60824" lon="0.264076"><ele>38.5</ele></trkpt>
      <trkpt lat="51.608158" lon="0.26406"><ele>38.25</ele></trkpt>
      <trkpt lat="51.607994" lon="0.264"><ele>38</ele></trkpt>
      <trkpt lat="51.607909" lon="0.263941"><ele>38</ele></trkpt>
      <trkpt lat="51.607809" lon="0.263826"><ele>37.75</ele></trkpt>
      <trkpt lat="51.607709" lon="0.263636"><ele>37.25</ele></trkpt>
      <trkpt lat="51.607616" lon="0.263409"><ele>37.25</ele></trkpt>
      <trkpt lat="51.607585" lon="0.263276"><ele>37.25</ele></trkpt>
      <trkpt lat="51.607565" lon="0.263147"><ele>37.25</ele></trkpt>
      <trkpt lat="51.607544" lon="0.262866"><ele>37.25</ele></trkpt>
      <trkpt lat="51.607572" lon="0.262675"><ele>37.25</ele></trkpt>
      <trkpt lat="51.607609" lon="0.262505"><ele>37.25</ele></trkpt>
      <trkpt lat="51.607648" lon="0.261999"><ele>37</ele></trkpt>
      <trkpt lat="51.607638" lon="0.261757"><ele>36.5</ele></trkpt>
      <trkpt lat="51.60761" lon="0.261564"><ele>35.75</ele></trkpt>
      <trkpt lat="51.607572" lon="0.261393"><ele>35.5</ele></trkpt>
      <trkpt lat="51.60751" lon="0.261204"><ele>36.75</ele></trkpt>
      <trkpt lat="51.607369" lon="0.260819"><ele>34.75</ele></trkpt>
      <trkpt lat="51.607256" lon="0.260468"><ele>34.75</ele></trkpt>
      <trkpt lat="51.607178" lon="0.260194"><ele>34.25</ele></trkpt>
      <trkpt lat="51.607105" lon="0.259908"><ele>33.75</ele></trkpt>
      <trkpt lat="51.606902" lon="0.259067"><ele>32.25</ele></trkpt>
      <trkpt lat="51.606665" lon="0.258236"><ele>32.75</ele></trkpt>
      <trkpt lat="51.606657" lon="0.258207"><ele>32.75</ele></trkpt>
      <trkpt lat="51.606579" lon="0.257941"><ele>33</ele></trkpt>
      <trkpt lat="51.606573" lon="0.2577"><ele>33.75</ele></trkpt>
      <trkpt lat="51.60643" lon="0.257252"><ele>33.75</ele></trkpt>
      <trkpt lat="51.605639" lon="0.254843"><ele>38</ele></trkpt>
      <trkpt lat="51.60543" lon="0.254185"><ele>39</ele></trkpt>
      <trkpt lat="51.605403" lon="0.254102"><ele>39</ele></trkpt>
      <trkpt lat="51.605051" lon="0.253046"><ele>41</ele></trkpt>
      <trkpt lat="51.60452" lon="0.251398"><ele>42.75</ele></trkpt>
      <trkpt lat="51.604461" lon="0.251361"><ele>43</ele></trkpt>
      <trkpt lat="51.604433" lon="0.25135"><ele>42.75</ele></trkpt>
      <trkpt lat="51.60439" lon="0.25135"><ele>42.75</ele></trkpt>
      <trkpt lat="51.604318" lon="0.251363"><ele>42.5</ele></trkpt>
      <trkpt lat="51.603554" lon="0.251894"><ele>38.5</ele></trkpt>
      <trkpt lat="51.602751" lon="0.249637"><ele>38.25</ele></trkpt>
      <trkpt lat="51.602737" lon="0.249599"><ele>38.25</ele></trkpt>
      <trkpt lat="51.602568" lon="0.249738"><ele>37.75</ele></trkpt>
      <trkpt lat="51.602323" lon="0.249899"><ele>37</ele></trkpt>
      <trkpt lat="51.602103" lon="0.250022"><ele>36.25</ele></trkpt>
      <trkpt lat="51.601822" lon="0.250091"><ele>35.75</ele></trkpt>
      <trkpt lat="51.601558" lon="0.249375"><ele>36.5</ele></trkpt>
      <trkpt lat="51.601272" lon="0.24841"><ele>36.5</ele></trkpt>
      <trkpt lat="51.601138" lon="0.248512"><ele>36</ele></trkpt>
      <trkpt lat="51.600842" lon="0.248737"><ele>34</ele></trkpt>
      <trkpt lat="51.600622" lon="0.248916"><ele>32.25</ele></trkpt>
      <trkpt lat="51.600462" lon="0.248387"><ele>31.25</ele></trkpt>
      <trkpt lat="51.600286" lon="0.247834"><ele>31</ele></trkpt>
      <trkpt lat="51.600139" lon="0.24739"><ele>31.5</ele></trkpt>
      <trkpt lat="51.600072" lon="0.247172"><ele>31.25</ele></trkpt>
      <trkpt lat="51.599986" lon="0.24689"><ele>31</ele></trkpt>
      <trkpt lat="51.59986" lon="0.246474"><ele>31.75</ele></trkpt>
      <trkpt lat="51.599796" lon="0.246281"><ele>32</ele></trkpt>
      <trkpt lat="51.599442" lon="0.245157"><ele>31.75</ele></trkpt>
      <trkpt lat="51.599256" lon="0.244573"><ele>32</ele></trkpt>
      <trkpt lat="51.599174" lon="0.244308"><ele>31.5</ele></trkpt>
      <trkpt lat="51.599052" lon="0.243856"><ele>30.5</ele></trkpt>
      <trkpt lat="51.598951" lon="0.243449"><ele>30</ele></trkpt>
      <trkpt lat="51.598879" lon="0.243114"><ele>29.75</ele></trkpt>
      <trkpt lat="51.598828" lon="0.242941"><ele>29.75</ele></trkpt>
      <trkpt lat="51.598773" lon="0.242782"><ele>29.5</ele></trkpt>
      <trkpt lat="51.598676" lon="0.242568"><ele>29</ele></trkpt>
      <trkpt lat="51.598531" lon="0.242233"><ele>28.5</ele></trkpt>
      <trkpt lat="51.598404" lon="0.241938"><ele>28.25</ele></trkpt>
      <trkpt lat="51.598303" lon="0.241703"><ele>27.75</ele></trkpt>
      <trkpt lat="51.598192" lon="0.24145"><ele>27.25</ele></trkpt>
      <trkpt lat="51.59818" lon="0.241425"><ele>27.25</ele></trkpt>
      <trkpt lat="51.597944" lon="0.240863"><ele>27</ele></trkpt>
      <trkpt lat="51.597835" lon="0.240606"><ele>27</ele></trkpt>
      <trkpt lat="51.597766" lon="0.240451"><ele>27</ele></trkpt>
      <trkpt lat="51.597704" lon="0.24032"><ele>27.25</ele></trkpt>
      <trkpt lat="51.597575" lon="0.24006"><ele>27.75</ele></trkpt>
      <trkpt lat="51.597336" lon="0.239622"><ele>29</ele></trkpt>
      <trkpt lat="51.597302" lon="0.239557"><ele>29</ele></trkpt>
      <trkpt lat="51.59722" lon="0.239437"><ele>29</ele></trkpt>
      <trkpt lat="51.597215" lon="0.239429"><ele>29</ele></trkpt>
      <trkpt lat="51.596914" lon="0.23894"><ele>30</ele></trkpt>
      <trkpt lat="51.596664" lon="0.238533"><ele>31.25</ele></trkpt>
      <trkpt lat="51.596287" lon="0.237921"><ele>32.25</ele></trkpt>
      <trkpt lat="51.596218" lon="0.237803"><ele>32.25</ele></trkpt>
      <trkpt lat="51.596149" lon="0.237688"><ele>32</ele></trkpt>
      <trkpt lat="51.59603" lon="0.237498"><ele>32</ele></trkpt>
      <trkpt lat="51.595873" lon="0.237239"><ele>32</ele></trkpt>
      <trkpt lat="51.595826" lon="0.237163"><ele>31.75</ele></trkpt>
      <trkpt lat="51.595368" lon="0.236402"><ele>29.25</ele></trkpt>
      <trkpt lat="51.595272" lon="0.236234"><ele>28.75</ele></trkpt>
      <trkpt lat="51.595195" lon="0.236106"><ele>28.5</ele></trkpt>
      <trkpt lat="51.595038" lon="0.235839"><ele>28</ele></trkpt>
      <trkpt lat="51.595027" lon="0.235781"><ele>28</ele></trkpt>
      <trkpt lat="51.594898" lon="0.235822"><ele>28</ele></trkpt>
      <trkpt lat="51.594718" lon="0.235854"><ele>28</ele></trkpt>
      <trkpt lat="51.594541" lon="0.235866"><ele>28</ele></trkpt>
      <trkpt lat="51.594366" lon="0.235858"><ele>28</ele></trkpt>
      <trkpt lat="51.594317" lon="0.235836"><ele>28</ele></trkpt>
      <trkpt lat="51.594271" lon="0.235805"><ele>28</ele></trkpt>
      <trkpt lat="51.594207" lon="0.235739"><ele>28.25</ele></trkpt>
      <trkpt lat="51.594153" lon="0.235647"><ele>28.75</ele></trkpt>
      <trkpt lat="51.59404" lon="0.235404"><ele>30.25</ele></trkpt>
      <trkpt lat="51.593941" lon="0.235137"><ele>30.75</ele></trkpt>
      <trkpt lat="51.59363" lon="0.234196"><ele>32.75</ele></trkpt>
      <trkpt lat="51.593602" lon="0.234104"><ele>33</ele></trkpt>
      <trkpt lat="51.593418" lon="0.233521"><ele>33.5</ele></trkpt>
      <trkpt lat="51.593277" lon="0.233101"><ele>34.25</ele></trkpt>
      <trkpt lat="51.593228" lon="0.233046"><ele>34.25</ele></trkpt>
      <trkpt lat="51.593214" lon="0.233005"><ele>34.5</ele></trkpt>
      <trkpt lat="51.593198" lon="0.233017"><ele>34.25</ele></trkpt>
      <trkpt lat="51.593188" lon="0.233024"><ele>34</ele></trkpt>
      <trkpt lat="51.593168" lon="0.232989"><ele>34.25</ele></trkpt>
      <trkpt lat="51.593028" lon="0.232918"><ele>34.75</ele></trkpt>
      <trkpt lat="51.592931" lon="0.232855"><ele>35</ele></trkpt>
      <trkpt lat="51.592879" lon="0.232744"><ele>35.75</ele></trkpt>
      <trkpt lat="51.592812" lon="0.232747"><ele>35</ele></trkpt>
      <trkpt lat="51.592775" lon="0.232749"><ele>34.5</ele></trkpt>
      <trkpt lat="51.592779" lon="0.232805"><ele>34.25</ele></trkpt>
      <trkpt lat="51.592819" lon="0.232897"><ele>34.25</ele></trkpt>
      <trkpt lat="51.592836" lon="0.23294"><ele>34</ele></trkpt>
      <trkpt lat="51.592922" lon="0.23313"><ele>33.5</ele></trkpt>
      <trkpt lat="51.592821" lon="0.233235"><ele>33</ele></trkpt>
      <trkpt lat="51.592798" lon="0.233182"><ele>33</ele></trkpt>
      <trkpt lat="51.592821" lon="0.233235"><ele>33.25</ele></trkpt>
      <trkpt lat="51.592922" lon="0.23313"><ele>33.5</ele></trkpt>
      <trkpt lat="51.592836" lon="0.23294"><ele>34.25</ele></trkpt>
      <trkpt lat="51.592819" lon="0.232897"><ele>34.25</ele></trkpt>
      <trkpt lat="51.592779" lon="0.232805"><ele>34.25</ele></trkpt>
      <trkpt lat="51.592775" lon="0.232749"><ele>34.5</ele></trkpt>
      <trkpt lat="51.592373" lon="0.232791"><ele>35.5</ele></trkpt>
      <trkpt lat="51.592238" lon="0.232809"><ele>35.5</ele></trkpt>
      <trkpt lat="51.592216" lon="0.232838"><ele>35.75</ele></trkpt>
      <trkpt lat="51.592205" lon="0.232838"><ele>35.75</ele></trkpt>
      <trkpt lat="51.592165" lon="0.232847"><ele>35.75</ele></trkpt>
      <trkpt lat="51.592158" lon="0.232821"><ele>35.75</ele></trkpt>
      <trkpt lat="51.592152" lon="0.232754"><ele>36</ele></trkpt>
      <trkpt lat="51.592037" lon="0.232773"><ele>36</ele></trkpt>
      <trkpt lat="51.591999" lon="0.232779"><ele>35.75</ele></trkpt>
      <trkpt lat="51.59196" lon="0.232786"><ele>35.75</ele></trkpt>
      <trkpt lat="51.591868" lon="0.232802"><ele>35.5</ele></trkpt>
      <trkpt lat="51.591471" lon="0.232872"><ele>34.5</ele></trkpt>
      <trkpt lat="51.591007" lon="0.23298"><ele>33.5</ele></trkpt>
      <trkpt lat="51.590994" lon="0.232927"><ele>33.75</ele></trkpt>
      <trkpt lat="51.590989" lon="0.232911"><ele>33.75</ele></trkpt>
      <trkpt lat="51.590561" lon="0.231283"><ele>37</ele></trkpt>
      <trkpt lat="51.590421" lon="0.230752"><ele>38.25</ele></trkpt>
      <trkpt lat="51.589896" lon="0.228765"><ele>40</ele></trkpt>
      <trkpt lat="51.589865" lon="0.228731"><ele>40</ele></trkpt>
      <trkpt lat="51.58983" lon="0.228722"><ele>40</ele></trkpt>
      <trkpt lat="51.589037" lon="0.228793"><ele>39.75</ele></trkpt>
      <trkpt lat="51.588923" lon="0.228801"><ele>39.5</ele></trkpt>
      <trkpt lat="51.58884" lon="0.228817"><ele>39.75</ele></trkpt>
      <trkpt lat="51.588651" lon="0.228905"><ele>40</ele></trkpt>
      <trkpt lat="51.588289" lon="0.229082"><ele>40</ele></trkpt>
      <trkpt lat="51.588201" lon="0.228656"><ele>40</ele></trkpt>
      <trkpt lat="51.587985" lon="0.227735"><ele>38.5</ele></trkpt>
      <trkpt lat="51.587929" lon="0.227515"><ele>38.5</ele></trkpt>
      <trkpt lat="51.587901" lon="0.227407"><ele>38</ele></trkpt>
      <trkpt lat="51.587768" lon="0.226885"><ele>37</ele></trkpt>
      <trkpt lat="51.587732" lon="0.226761"><ele>37</ele></trkpt>
      <trkpt lat="51.587331" lon="0.22545"><ele>36</ele></trkpt>
      <trkpt lat="51.587057" lon="0.224556"><ele>36</ele></trkpt>
      <trkpt lat="51.587017" lon="0.22444"><ele>36</ele></trkpt>
      <trkpt lat="51.587003" lon="0.224387"><ele>36</ele></trkpt>
      <trkpt lat="51.586965" lon="0.224233"><ele>36</ele></trkpt>
      <trkpt lat="51.586912" lon="0.224018"><ele>35.75</ele></trkpt>
      <trkpt lat="51.586867" lon="0.223835"><ele>35.75</ele></trkpt>
      <trkpt lat="51.586848" lon="0.22377"><ele>35.75</ele></trkpt>
      <trkpt lat="51.586757" lon="0.223467"><ele>35</ele></trkpt>
      <trkpt lat="51.586743" lon="0.223421"><ele>35</ele></trkpt>
      <trkpt lat="51.586491" lon="0.222542"><ele>35</ele></trkpt>
      <trkpt lat="51.586238" lon="0.221699"><ele>34</ele></trkpt>
      <trkpt lat="51.586185" lon="0.221531"><ele>34</ele></trkpt>
      <trkpt lat="51.586119" lon="0.2214"><ele>34</ele></trkpt>
      <trkpt lat="51.586054" lon="0.22134"><ele>33.75</ele></trkpt>
      <trkpt lat="51.585844" lon="0.221183"><ele>33.75</ele></trkpt>
      <trkpt lat="51.585611" lon="0.221021"><ele>33.5</ele></trkpt>
      <trkpt lat="51.585342" lon="0.220848"><ele>33</ele></trkpt>
      <trkpt lat="51.585" lon="0.220662"><ele>32.75</ele></trkpt>
      <trkpt lat="51.584855" lon="0.220606"><ele>33</ele></trkpt>
      <trkpt lat="51.584716" lon="0.220578"><ele>33</ele></trkpt>
      <trkpt lat="51.584506" lon="0.220549"><ele>33</ele></trkpt>
      <trkpt lat="51.58437" lon="0.220534"><ele>32.75</ele></trkpt>
      <trkpt lat="51.5839" lon="0.220491"><ele>32</ele></trkpt>
      <trkpt lat="51.58381" lon="0.220488"><ele>32</ele></trkpt>
      <trkpt lat="51.583672" lon="0.220485"><ele>32</ele></trkpt>
      <trkpt lat="51.583659" lon="0.220382"><ele>32</ele></trkpt>
      <trkpt lat="51.583649" lon="0.220306"><ele>32</ele></trkpt>
      <trkpt lat="51.583571" lon="0.219687"><ele>32</ele></trkpt>
      <trkpt lat="51.583408" lon="0.218838"><ele>32</ele></trkpt>
      <trkpt lat="51.583351" lon="0.218555"><ele>32</ele></trkpt>
      <trkpt lat="51.58307" lon="0.217338"><ele>32</ele></trkpt>
      <trkpt lat="51.582871" lon="0.216283"><ele>32</ele></trkpt>
      <trkpt lat="51.58276" lon="0.215647"><ele>31</ele></trkpt>
      <trkpt lat="51.582545" lon="0.214637"><ele>28.25</ele></trkpt>
      <trkpt lat="51.582399" lon="0.213923"><ele>27.5</ele></trkpt>
      <trkpt lat="51.582243" lon="0.213156"><ele>28.5</ele></trkpt>
      <trkpt lat="51.582197" lon="0.212898"><ele>29</ele></trkpt>
      <trkpt lat="51.582155" lon="0.212663"><ele>29</ele></trkpt>
      <trkpt lat="51.581938" lon="0.211559"><ele>30</ele></trkpt>
      <trkpt lat="51.581902" lon="0.211385"><ele>30</ele></trkpt>
      <trkpt lat="51.581739" lon="0.210455"><ele>32</ele></trkpt>
      <trkpt lat="51.581652" lon="0.209992"><ele>32</ele></trkpt>
      <trkpt lat="51.581577" lon="0.209599"><ele>33</ele></trkpt>
      <trkpt lat="51.581543" lon="0.209412"><ele>33</ele></trkpt>
      <trkpt lat="51.581393" lon="0.2087"><ele>33.5</ele></trkpt>
      <trkpt lat="51.581368" lon="0.208534"><ele>34</ele></trkpt>
      <trkpt lat="51.581343" lon="0.208188"><ele>34</ele></trkpt>
      <trkpt lat="51.581347" lon="0.207986"><ele>34</ele></trkpt>
      <trkpt lat="51.58138" lon="0.207768"><ele>34</ele></trkpt>
      <trkpt lat="51.581525" lon="0.207315"><ele>34</ele></trkpt>
      <trkpt lat="51.581559" lon="0.207191"><ele>34</ele></trkpt>
      <trkpt lat="51.581576" lon="0.20701"><ele>34</ele></trkpt>
      <trkpt lat="51.581573" lon="0.206785"><ele>34.5</ele></trkpt>
      <trkpt lat="51.581556" lon="0.20657"><ele>35</ele></trkpt>
      <trkpt lat="51.581474" lon="0.20611"><ele>34.5</ele></trkpt>
      <trkpt lat="51.581407" lon="0.205762"><ele>34.5</ele></trkpt>
      <trkpt lat="51.581321" lon="0.205447"><ele>34.25</ele></trkpt>
      <trkpt lat="51.581194" lon="0.205093"><ele>33.5</ele></trkpt>
      <trkpt lat="51.581319" lon="0.204894"><ele>30</ele></trkpt>
      <trkpt lat="51.581509" lon="0.204555"><ele>31</ele></trkpt>
      <trkpt lat="51.581644" lon="0.204342"><ele>34.75</ele></trkpt>
      <trkpt lat="51.581713" lon="0.204202"><ele>35.5</ele></trkpt>
      <trkpt lat="51.581781" lon="0.204339"><ele>35</ele></trkpt>
      <trkpt lat="51.582081" lon="0.20505"><ele>34.75</ele></trkpt>
      <trkpt lat="51.582028" lon="0.2051"><ele>34.5</ele></trkpt>
      <trkpt lat="51.581941" lon="0.205191"><ele>33.5</ele></trkpt>
      <trkpt lat="51.581733" lon="0.205394"><ele>31.25</ele></trkpt>
      <trkpt lat="51.581618" lon="0.205506"><ele>30.25</ele></trkpt>
      <trkpt lat="51.581697" lon="0.20571"><ele>31</ele></trkpt>
      <trkpt lat="51.581618" lon="0.205506"><ele>32</ele></trkpt>
      <trkpt lat="51.581733" lon="0.205394"><ele>32.75</ele></trkpt>
      <trkpt lat="51.581941" lon="0.205191"><ele>34.5</ele></trkpt>
      <trkpt lat="51.582028" lon="0.2051"><ele>34.5</ele></trkpt>
      <trkpt lat="51.582081" lon="0.20505"><ele>34.75</ele></trkpt>
      <trkpt lat="51.581781" lon="0.204339"><ele>35</ele></trkpt>
      <trkpt lat="51.581713" lon="0.204202"><ele>35.5</ele></trkpt>
      <trkpt lat="51.581767" lon="0.204076"><ele>35.5</ele></trkpt>
      <trkpt lat="51.581819" lon="0.203914"><ele>35.25</ele></trkpt>
      <trkpt lat="51.581832" lon="0.203815"><ele>35.25</ele></trkpt>
      <trkpt lat="51.581826" lon="0.203682"><ele>35.25</ele></trkpt>
      <trkpt lat="51.581791" lon="0.203464"><ele>35.25</ele></trkpt>
      <trkpt lat="51.581772" lon="0.203362"><ele>35</ele></trkpt>
      <trkpt lat="51.581769" lon="0.203259"><ele>35</ele></trkpt>
      <trkpt lat="51.581773" lon="0.203176"><ele>35</ele></trkpt>
      <trkpt lat="51.58179" lon="0.203108"><ele>35</ele></trkpt>
      <trkpt lat="51.581705" lon="0.203031"><ele>35</ele></trkpt>
      <trkpt lat="51.581598" lon="0.202867"><ele>35</ele></trkpt>
      <trkpt lat="51.581543" lon="0.202708"><ele>35</ele></trkpt>
      <trkpt lat="51.580955" lon="0.200994"><ele>34.75</ele></trkpt>
      <trkpt lat="51.580543" lon="0.199795"><ele>33</ele></trkpt>
      <trkpt lat="51.580125" lon="0.198578"><ele>31.75</ele></trkpt>
      <trkpt lat="51.579665" lon="0.197239"><ele>29</ele></trkpt>
      <trkpt lat="51.579358" lon="0.196344"><ele>26.5</ele></trkpt>
      <trkpt lat="51.579206" lon="0.195836"><ele>25</ele></trkpt>
      <trkpt lat="51.57901" lon="0.195183"><ele>25.5</ele></trkpt>
      <trkpt lat="51.578937" lon="0.194881"><ele>25.75</ele></trkpt>
      <trkpt lat="51.578824" lon="0.194413"><ele>25</ele></trkpt>
      <trkpt lat="51.578809" lon="0.19428"><ele>25.25</ele></trkpt>
      <trkpt lat="51.57876" lon="0.193857"><ele>24.75</ele></trkpt>
      <trkpt lat="51.578704" lon="0.193383"><ele>24.5</ele></trkpt>
      <trkpt lat="51.578698" lon="0.193349"><ele>24.5</ele></trkpt>
      <trkpt lat="51.578655" lon="0.193061"><ele>23.75</ele></trkpt>
      <trkpt lat="51.578544" lon="0.192328"><ele>23</ele></trkpt>
      <trkpt lat="51.578482" lon="0.19192"><ele>22.25</ele></trkpt>
      <trkpt lat="51.578349" lon="0.191559"><ele>21.75</ele></trkpt>
      <trkpt lat="51.578315" lon="0.191479"><ele>21.75</ele></trkpt>
      <trkpt lat="51.578214" lon="0.191216"><ele>21</ele></trkpt>
      <trkpt lat="51.578183" lon="0.191132"><ele>21</ele></trkpt>
      <trkpt lat="51.577928" lon="0.190476"><ele>20</ele></trkpt>
      <trkpt lat="51.577815" lon="0.190186"><ele>19.5</ele></trkpt>
      <trkpt lat="51.577489" lon="0.189342"><ele>19</ele></trkpt>
      <trkpt lat="51.57697" lon="0.188002"><ele>17.5</ele></trkpt>
      <trkpt lat="51.57696" lon="0.187978"><ele>17.5</ele></trkpt>
      <trkpt lat="51.576751" lon="0.187432"><ele>17.5</ele></trkpt>
      <trkpt lat="51.576731" lon="0.187326"><ele>17.25</ele></trkpt>
      <trkpt lat="51.576709" lon="0.187265"><ele>17</ele></trkpt>
      <trkpt lat="51.576662" lon="0.18725"><ele>17</ele></trkpt>
      <trkpt lat="51.576649" lon="0.187241"><ele>17</ele></trkpt>
      <trkpt lat="51.576636" lon="0.187207"><ele>16.75</ele></trkpt>
      <trkpt lat="51.576607" lon="0.187194"><ele>16.75</ele></trkpt>
      <trkpt lat="51.576597" lon="0.187179"><ele>16.75</ele></trkpt>
      <trkpt lat="51.576586" lon="0.187126"><ele>16.75</ele></trkpt>
      <trkpt lat="51.576557" lon="0.186952"><ele>16.5</ele></trkpt>
      <trkpt lat="51.576521" lon="0.186853"><ele>16.5</ele></trkpt>
      <trkpt lat="51.576503" lon="0.186798"><ele>16.5</ele></trkpt>
      <trkpt lat="51.576483" lon="0.186742"><ele>16.75</ele></trkpt>
      <trkpt lat="51.576476" lon="0.186723"><ele>16.75</ele></trkpt>
      <trkpt lat="51.576461" lon="0.186675"><ele>16.75</ele></trkpt>
      <trkpt lat="51.576287" lon="0.186154"><ele>16.5</ele></trkpt>
      <trkpt lat="51.576148" lon="0.185804"><ele>16</ele></trkpt>
      <trkpt lat="51.575907" lon="0.1852"><ele>15.5</ele></trkpt>
      <trkpt lat="51.575564" lon="0.184347"><ele>15</ele></trkpt>
      <trkpt lat="51.575558" lon="0.184331"><ele>14.75</ele></trkpt>
      <trkpt lat="51.575501" lon="0.18419"><ele>15.75</ele></trkpt>
      <trkpt lat="51.575451" lon="0.184056"><ele>15.75</ele></trkpt>
      <trkpt lat="51.575375" lon="0.18385"><ele>15</ele></trkpt>
      <trkpt lat="51.575291" lon="0.183593"><ele>14.75</ele></trkpt>
      <trkpt lat="51.57528" lon="0.183558"><ele>15</ele></trkpt>
      <trkpt lat="51.575262" lon="0.183509"><ele>15</ele></trkpt>
      <trkpt lat="51.575217" lon="0.183464"><ele>15.5</ele></trkpt>
      <trkpt lat="51.575163" lon="0.183438"><ele>16</ele></trkpt>
      <trkpt lat="51.575067" lon="0.1835"><ele>16.75</ele></trkpt>
      <trkpt lat="51.57502" lon="0.18353"><ele>17</ele></trkpt>
      <trkpt lat="51.574968" lon="0.183563"><ele>17</ele></trkpt>
      <trkpt lat="51.574932" lon="0.183587"><ele>17</ele></trkpt>
      <trkpt lat="51.574865" lon="0.18363"><ele>17</ele></trkpt>
      <trkpt lat="51.574761" lon="0.183687"><ele>17</ele></trkpt>
      <trkpt lat="51.574744" lon="0.183622"><ele>17</ele></trkpt>
      <trkpt lat="51.574698" lon="0.183455"><ele>18.5</ele></trkpt>
      <trkpt lat="51.574669" lon="0.183363"><ele>19</ele></trkpt>
      <trkpt lat="51.574698" lon="0.183455"><ele>18.5</ele></trkpt>
      <trkpt lat="51.574744" lon="0.183622"><ele>17</ele></trkpt>
      <trkpt lat="51.574761" lon="0.183687"><ele>17</ele></trkpt>
      <trkpt lat="51.574865" lon="0.18363"><ele>17</ele></trkpt>
      <trkpt lat="51.574932" lon="0.183587"><ele>17</ele></trkpt>
      <trkpt lat="51.574968" lon="0.183563"><ele>17</ele></trkpt>
      <trkpt lat="51.57502" lon="0.18353"><ele>17</ele></trkpt>
      <trkpt lat="51.575067" lon="0.1835"><ele>16.75</ele></trkpt>
      <trkpt lat="51.575163" lon="0.183438"><ele>16</ele></trkpt>
      <trkpt lat="51.575213" lon="0.183395"><ele>15.5</ele></trkpt>
      <trkpt lat="51.575308" lon="0.183314"><ele>15</ele></trkpt>
      <trkpt lat="51.575332" lon="0.183293"><ele>15</ele></trkpt>
      <trkpt lat="51.57554" lon="0.183114"><ele>15</ele></trkpt>
      <trkpt lat="51.575555" lon="0.183077"><ele>15</ele></trkpt>
      <trkpt lat="51.575555" lon="0.18302"><ele>15</ele></trkpt>
      <trkpt lat="51.575462" lon="0.182744"><ele>14.75</ele></trkpt>
      <trkpt lat="51.575442" lon="0.182602"><ele>14.5</ele></trkpt>
      <trkpt lat="51.575428" lon="0.182563"><ele>14.5</ele></trkpt>
      <trkpt lat="51.575419" lon="0.182511"><ele>14.5</ele></trkpt>
      <trkpt lat="51.575417" lon="0.182403"><ele>14.5</ele></trkpt>
      <trkpt lat="51.57555" lon="0.182267"><ele>14.75</ele></trkpt>
      <trkpt lat="51.575667" lon="0.182091"><ele>14.5</ele></trkpt>
      <trkpt lat="51.575753" lon="0.181928"><ele>14.5</ele></trkpt>
      <trkpt lat="51.575841" lon="0.181807"><ele>15</ele></trkpt>
      <trkpt lat="51.576021" lon="0.181592"><ele>15.25</ele></trkpt>
      <trkpt lat="51.57611" lon="0.181506"><ele>15.25</ele></trkpt>
      <trkpt lat="51.576252" lon="0.181368"><ele>15.5</ele></trkpt>
      <trkpt lat="51.576149" lon="0.181026"><ele>15</ele></trkpt>
      <trkpt lat="51.575996" lon="0.180242"><ele>14</ele></trkpt>
      <trkpt lat="51.576107" lon="0.180182"><ele>14</ele></trkpt>
      <trkpt lat="51.576058" lon="0.179945"><ele>14</ele></trkpt>
      <trkpt lat="51.575954" lon="0.180007"><ele>14</ele></trkpt>
      <trkpt lat="51.575948" lon="0.17998"><ele>14</ele></trkpt>
      <trkpt lat="51.576032" lon="0.179936"><ele>14</ele></trkpt>
      <trkpt lat="51.57627" lon="0.179811"><ele>14.25</ele></trkpt>
      <trkpt lat="51.576237" lon="0.179599"><ele>14.5</ele></trkpt>
      <trkpt lat="51.576204" lon="0.179381"><ele>14.75</ele></trkpt>
      <trkpt lat="51.576171" lon="0.179164"><ele>14</ele></trkpt>
      <trkpt lat="51.576135" lon="0.178925"><ele>14.75</ele></trkpt>
      <trkpt lat="51.57609" lon="0.178678"><ele>14</ele></trkpt>
      <trkpt lat="51.576118" lon="0.178662"><ele>14</ele></trkpt>
      <trkpt lat="51.576329" lon="0.178542"><ele>14.5</ele></trkpt>
      <trkpt lat="51.576507" lon="0.178427"><ele>14.25</ele></trkpt>
      <trkpt lat="51.576528" lon="0.178391"><ele>14</ele></trkpt>
      <trkpt lat="51.576544" lon="0.178298"><ele>14</ele></trkpt>
      <trkpt lat="51.576508" lon="0.178181"><ele>14.5</ele></trkpt>
      <trkpt lat="51.576474" lon="0.178024"><ele>15</ele></trkpt>
      <trkpt lat="51.576468" lon="0.177851"><ele>15</ele></trkpt>
      <trkpt lat="51.576495" lon="0.177759"><ele>15</ele></trkpt>
      <trkpt lat="51.576552" lon="0.177625"><ele>15</ele></trkpt>
      <trkpt lat="51.576501" lon="0.177662"><ele>15</ele></trkpt>
      <trkpt lat="51.576458" lon="0.177666"><ele>15</ele></trkpt>
      <trkpt lat="51.576408" lon="0.177653"><ele>15</ele></trkpt>
      <trkpt lat="51.57632" lon="0.177612"><ele>15</ele></trkpt>
      <trkpt lat="51.576263" lon="0.177511"><ele>15</ele></trkpt>
      <trkpt lat="51.576228" lon="0.177352"><ele>14</ele></trkpt>
      <trkpt lat="51.576223" lon="0.177278"><ele>13.75</ele></trkpt>
      <trkpt lat="51.576228" lon="0.177232"><ele>13.5</ele></trkpt>
      <trkpt lat="51.576192" lon="0.177118"><ele>14.25</ele></trkpt>
      <trkpt lat="51.576146" lon="0.177042"><ele>15</ele></trkpt>
      <trkpt lat="51.576097" lon="0.176967"><ele>15.75</ele></trkpt>
      <trkpt lat="51.575976" lon="0.17682"><ele>16</ele></trkpt>
      <trkpt lat="51.575925" lon="0.176757"><ele>16</ele></trkpt>
      <trkpt lat="51.575894" lon="0.176623"><ele>16</ele></trkpt>
      <trkpt lat="51.5757" lon="0.176268"><ele>16</ele></trkpt>
      <trkpt lat="51.575652" lon="0.176182"><ele>16</ele></trkpt>
      <trkpt lat="51.57561" lon="0.176108"><ele>16</ele></trkpt>
      <trkpt lat="51.575553" lon="0.176012"><ele>16</ele></trkpt>
      <trkpt lat="51.575298" lon="0.175605"><ele>16</ele></trkpt>
      <trkpt lat="51.575275" lon="0.175557"><ele>16</ele></trkpt>
      <trkpt lat="51.575217" lon="0.175434"><ele>15.5</ele></trkpt>
      <trkpt lat="51.575181" lon="0.175344"><ele>15.5</ele></trkpt>
      <trkpt lat="51.575154" lon="0.175254"><ele>15.25</ele></trkpt>
      <trkpt lat="51.575127" lon="0.175165"><ele>15.5</ele></trkpt>
      <trkpt lat="51.575111" lon="0.175098"><ele>15.5</ele></trkpt>
      <trkpt lat="51.575095" lon="0.175037"><ele>15.5</ele></trkpt>
      <trkpt lat="51.575039" lon="0.17481"><ele>15.25</ele></trkpt>
      <trkpt lat="51.575017" lon="0.174724"><ele>15</ele></trkpt>
      <trkpt lat="51.574997" lon="0.174641"><ele>15</ele></trkpt>
      <trkpt lat="51.574978" lon="0.174551"><ele>15</ele></trkpt>
      <trkpt lat="51.574969" lon="0.174499"><ele>15</ele></trkpt>
      <trkpt lat="51.574883" lon="0.173986"><ele>15</ele></trkpt>
      <trkpt lat="51.574866" lon="0.173889"><ele>15</ele></trkpt>
      <trkpt lat="51.574815" lon="0.173517"><ele>15</ele></trkpt>
      <trkpt lat="51.574742" lon="0.172986"><ele>15</ele></trkpt>
      <trkpt lat="51.574724" lon="0.172852"><ele>15</ele></trkpt>
      <trkpt lat="51.574663" lon="0.172374"><ele>15</ele></trkpt>
      <trkpt lat="51.574612" lon="0.17193"><ele>15</ele></trkpt>
      <trkpt lat="51.574579" lon="0.171629"><ele>15</ele></trkpt>
      <trkpt lat="51.57452" lon="0.171242"><ele>15</ele></trkpt>
      <trkpt lat="51.574416" lon="0.170595"><ele>15</ele></trkpt>
      <trkpt lat="51.574284" lon="0.169874"><ele>15</ele></trkpt>
      <trkpt lat="51.574258" lon="0.169714"><ele>15</ele></trkpt>
      <trkpt lat="51.574147" lon="0.168892"><ele>15</ele></trkpt>
      <trkpt lat="51.574116" lon="0.16862"><ele>15</ele></trkpt>
      <trkpt lat="51.574088" lon="0.168123"><ele>16</ele></trkpt>
      <trkpt lat="51.574076" lon="0.167813"><ele>16</ele></trkpt>
      <trkpt lat="51.574068" lon="0.167531"><ele>16</ele></trkpt>
      <trkpt lat="51.574068" lon="0.167237"><ele>16</ele></trkpt>
      <trkpt lat="51.574111" lon="0.166647"><ele>16</ele></trkpt>
      <trkpt lat="51.574152" lon="0.166269"><ele>16</ele></trkpt>
      <trkpt lat="51.574202" lon="0.165926"><ele>16.5</ele></trkpt>
      <trkpt lat="51.574387" lon="0.164929"><ele>17</ele></trkpt>
      <trkpt lat="51.574424" lon="0.164719"><ele>17</ele></trkpt>
      <trkpt lat="51.574472" lon="0.164472"><ele>17</ele></trkpt>
      <trkpt lat="51.574512" lon="0.164238"><ele>17</ele></trkpt>
      <trkpt lat="51.574546" lon="0.163983"><ele>17</ele></trkpt>
      <trkpt lat="51.574568" lon="0.163762"><ele>17</ele></trkpt>
      <trkpt lat="51.5746" lon="0.163389"><ele>17</ele></trkpt>
      <trkpt lat="51.574645" lon="0.1626"><ele>17</ele></trkpt>
      <trkpt lat="51.574648" lon="0.162452"><ele>17</ele></trkpt>
      <trkpt lat="51.57465" lon="0.162303"><ele>17</ele></trkpt>
      <trkpt lat="51.574609" lon="0.161387"><ele>17</ele></trkpt>
      <trkpt lat="51.574568" lon="0.160861"><ele>17</ele></trkpt>
      <trkpt lat="51.574479" lon="0.15993"><ele>17</ele></trkpt>
      <trkpt lat="51.574407" lon="0.159579"><ele>17</ele></trkpt>
      <trkpt lat="51.574423" lon="0.159412"><ele>17</ele></trkpt>
      <trkpt lat="51.574122" lon="0.15727"><ele>17.75</ele></trkpt>
      <trkpt lat="51.574032" lon="0.156569"><ele>17.5</ele></trkpt>
      <trkpt lat="51.574001" lon="0.156288"><ele>17.25</ele></trkpt>
      <trkpt lat="51.57389" lon="0.155197"><ele>17</ele></trkpt>
      <trkpt lat="51.573651" lon="0.153259"><ele>16.75</ele></trkpt>
      <trkpt lat="51.573059" lon="0.148285"><ele>19</ele></trkpt>
      <trkpt lat="51.572956" lon="0.147478"><ele>20</ele></trkpt>
      <trkpt lat="51.572826" lon="0.146344"><ele>21</ele></trkpt>
      <trkpt lat="51.572821" lon="0.14629"><ele>21</ele></trkpt>
      <trkpt lat="51.572721" lon="0.145325"><ele>21</ele></trkpt>
      <trkpt lat="51.572673" lon="0.144956"><ele>22</ele></trkpt>
      <trkpt lat="51.572609" lon="0.144495"><ele>22</ele></trkpt>
      <trkpt lat="51.572576" lon="0.144279"><ele>22</ele></trkpt>
      <trkpt lat="51.572502" lon="0.143778"><ele>22</ele></trkpt>
      <trkpt lat="51.57244" lon="0.143387"><ele>22</ele></trkpt>
      <trkpt lat="51.572353" lon="0.142866"><ele>22</ele></trkpt>
      <trkpt lat="51.572344" lon="0.142807"><ele>22</ele></trkpt>
      <trkpt lat="51.572313" lon="0.142389"><ele>22</ele></trkpt>
      <trkpt lat="51.572306" lon="0.142342"><ele>22</ele></trkpt>
      <trkpt lat="51.572271" lon="0.142078"><ele>22</ele></trkpt>
      <trkpt lat="51.572253" lon="0.141942"><ele>22</ele></trkpt>
      <trkpt lat="51.572233" lon="0.141784"><ele>21.75</ele></trkpt>
      <trkpt lat="51.572223" lon="0.14167"><ele>22</ele></trkpt>
      <trkpt lat="51.57222" lon="0.141623"><ele>21.75</ele></trkpt>
      <trkpt lat="51.572214" lon="0.141555"><ele>21.75</ele></trkpt>
      <trkpt lat="51.572197" lon="0.141419"><ele>21.75</ele></trkpt>
      <trkpt lat="51.572131" lon="0.140898"><ele>21</ele></trkpt>
      <trkpt lat="51.572119" lon="0.140725"><ele>21</ele></trkpt>
      <trkpt lat="51.5721" lon="0.140518"><ele>21.5</ele></trkpt>
      <trkpt lat="51.572055" lon="0.140003"><ele>21.25</ele></trkpt>
      <trkpt lat="51.572042" lon="0.139706"><ele>21.25</ele></trkpt>
      <trkpt lat="51.572036" lon="0.139567"><ele>21.25</ele></trkpt>
      <trkpt lat="51.572025" lon="0.139285"><ele>21.25</ele></trkpt>
      <trkpt lat="51.572014" lon="0.138998"><ele>21.25</ele></trkpt>
      <trkpt lat="51.572012" lon="0.138931"><ele>21</ele></trkpt>
      <trkpt lat="51.57201" lon="0.13887"><ele>21</ele></trkpt>
      <trkpt lat="51.572005" lon="0.138744"><ele>21</ele></trkpt>
      <trkpt lat="51.572001" lon="0.138638"><ele>21</ele></trkpt>
      <trkpt lat="51.571957" lon="0.137674"><ele>21</ele></trkpt>
      <trkpt lat="51.571949" lon="0.137538"><ele>21</ele></trkpt>
      <trkpt lat="51.571906" lon="0.137087"><ele>20.75</ele></trkpt>
      <trkpt lat="51.571879" lon="0.136883"><ele>20.75</ele></trkpt>
      <trkpt lat="51.57187" lon="0.136819"><ele>20.5</ele></trkpt>
      <trkpt lat="51.571833" lon="0.136565"><ele>20.5</ele></trkpt>
      <trkpt lat="51.571796" lon="0.136279"><ele>20.25</ele></trkpt>
      <trkpt lat="51.571788" lon="0.136217"><ele>20.25</ele></trkpt>
      <trkpt lat="51.571757" lon="0.135958"><ele>20.25</ele></trkpt>
      <trkpt lat="51.571741" lon="0.135861"><ele>20.25</ele></trkpt>
      <trkpt lat="51.571693" lon="0.135512"><ele>20</ele></trkpt>
      <trkpt lat="51.571478" lon="0.134259"><ele>20</ele></trkpt>
      <trkpt lat="51.571431" lon="0.134014"><ele>20</ele></trkpt>
      <trkpt lat="51.571339" lon="0.133485"><ele>19</ele></trkpt>
      <trkpt lat="51.571285" lon="0.133206"><ele>19.25</ele></trkpt>
      <trkpt lat="51.571273" lon="0.133138"><ele>19.25</ele></trkpt>
      <trkpt lat="51.571263" lon="0.133079"><ele>19.5</ele></trkpt>
      <trkpt lat="51.571222" lon="0.132834"><ele>19</ele></trkpt>
      <trkpt lat="51.571213" lon="0.13278"><ele>19</ele></trkpt>
      <trkpt lat="51.571097" lon="0.132129"><ele>19</ele></trkpt>
      <trkpt lat="51.571066" lon="0.131922"><ele>19</ele></trkpt>
      <trkpt lat="51.570991" lon="0.131422"><ele>19</ele></trkpt>
      <trkpt lat="51.570903" lon="0.130894"><ele>19</ele></trkpt>
      <trkpt lat="51.570867" lon="0.130702"><ele>19</ele></trkpt>
      <trkpt lat="51.570855" lon="0.130645"><ele>19</ele></trkpt>
      <trkpt lat="51.570841" lon="0.130584"><ele>19</ele></trkpt>
      <trkpt lat="51.570817" lon="0.130468"><ele>18.5</ele></trkpt>
      <trkpt lat="51.570693" lon="0.130522"><ele>18.25</ele></trkpt>
      <trkpt lat="51.570415" lon="0.130549"><ele>18</ele></trkpt>
      <trkpt lat="51.570316" lon="0.130534"><ele>18</ele></trkpt>
      <trkpt lat="51.570224" lon="0.130506"><ele>18</ele></trkpt>
      <trkpt lat="51.570035" lon="0.130431"><ele>18</ele></trkpt>
      <trkpt lat="51.569576" lon="0.130256"><ele>18</ele></trkpt>
      <trkpt lat="51.569443" lon="0.130203"><ele>18</ele></trkpt>
      <trkpt lat="51.569379" lon="0.130166"><ele>18</ele></trkpt>
      <trkpt lat="51.569297" lon="0.130127"><ele>18</ele></trkpt>
      <trkpt lat="51.569238" lon="0.130056"><ele>18</ele></trkpt>
      <trkpt lat="51.569019" lon="0.129932"><ele>18.5</ele></trkpt>
      <trkpt lat="51.568708" lon="0.129801"><ele>19.25</ele></trkpt>
      <trkpt lat="51.568383" lon="0.12971"><ele>20.5</ele></trkpt>
      <trkpt lat="51.568319" lon="0.129702"><ele>20.25</ele></trkpt>
      <trkpt lat="51.568259" lon="0.129706"><ele>20.25</ele></trkpt>
      <trkpt lat="51.568054" lon="0.129744"><ele>20.25</ele></trkpt>
      <trkpt lat="51.567891" lon="0.129784"><ele>20.5</ele></trkpt>
      <trkpt lat="51.567806" lon="0.129802"><ele>20.5</ele></trkpt>
      <trkpt lat="51.567637" lon="0.129809"><ele>20</ele></trkpt>
      <trkpt lat="51.567249" lon="0.129704"><ele>19.75</ele></trkpt>
      <trkpt lat="51.567254" lon="0.129336"><ele>18</ele></trkpt>
      <trkpt lat="51.567728" lon="0.129392"><ele>17</ele></trkpt>
      <trkpt lat="51.567746" lon="0.12917"><ele>16.75</ele></trkpt>
      <trkpt lat="51.567728" lon="0.129392"><ele>17</ele></trkpt>
      <trkpt lat="51.567254" lon="0.129336"><ele>18</ele></trkpt>
      <trkpt lat="51.567249" lon="0.129704"><ele>19.75</ele></trkpt>
      <trkpt lat="51.566913" lon="0.129612"><ele>18.5</ele></trkpt>
      <trkpt lat="51.566798" lon="0.12956"><ele>18</ele></trkpt>
      <trkpt lat="51.566673" lon="0.129546"><ele>18</ele></trkpt>
      <trkpt lat="51.566521" lon="0.129557"><ele>18</ele></trkpt>
      <trkpt lat="51.566519" lon="0.12934"><ele>17.5</ele></trkpt>
      <trkpt lat="51.566519" lon="0.129249"><ele>17.25</ele></trkpt>
      <trkpt lat="51.566516" lon="0.128848"><ele>16</ele></trkpt>
      <trkpt lat="51.566488" lon="0.128559"><ele>16</ele></trkpt>
      <trkpt lat="51.566394" lon="0.128023"><ele>15.75</ele></trkpt>
      <trkpt lat="51.566088" lon="0.127471"><ele>15</ele></trkpt>
      <trkpt lat="51.565611" lon="0.126974"><ele>15</ele></trkpt>
      <trkpt lat="51.565351" lon="0.126628"><ele>15</ele></trkpt>
      <trkpt lat="51.565198" lon="0.126376"><ele>15</ele></trkpt>
      <trkpt lat="51.564876" lon="0.125845"><ele>15</ele></trkpt>
      <trkpt lat="51.564633" lon="0.125432"><ele>15</ele></trkpt>
      <trkpt lat="51.564338" lon="0.125115"><ele>15</ele></trkpt>
      <trkpt lat="51.564288" lon="0.124867"><ele>15</ele></trkpt>
      <trkpt lat="51.564239" lon="0.124627"><ele>15</ele></trkpt>
      <trkpt lat="51.564067" lon="0.123779"><ele>14.5</ele></trkpt>
      <trkpt lat="51.564001" lon="0.123452"><ele>14.25</ele></trkpt>
      <trkpt lat="51.563885" lon="0.122819"><ele>14</ele></trkpt>
      <trkpt lat="51.563723" lon="0.121933"><ele>14</ele></trkpt>
      <trkpt lat="51.563654" lon="0.121598"><ele>14</ele></trkpt>
      <trkpt lat="51.563524" lon="0.120896"><ele>14</ele></trkpt>
      <trkpt lat="51.563385" lon="0.120143"><ele>13</ele></trkpt>
      <trkpt lat="51.563326" lon="0.119823"><ele>13</ele></trkpt>
      <trkpt lat="51.563235" lon="0.119341"><ele>13</ele></trkpt>
      <trkpt lat="51.563204" lon="0.11926"><ele>13</ele></trkpt>
      <trkpt lat="51.563155" lon="0.119177"><ele>13</ele></trkpt>
      <trkpt lat="51.563107" lon="0.119135"><ele>12.75</ele></trkpt>
      <trkpt lat="51.563145" lon="0.11896"><ele>12.75</ele></trkpt>
      <trkpt lat="51.563168" lon="0.118783"><ele>12.5</ele></trkpt>
      <trkpt lat="51.563182" lon="0.118507"><ele>12.25</ele></trkpt>
      <trkpt lat="51.563772" lon="0.118508"><ele>13.25</ele></trkpt>
      <trkpt lat="51.563834" lon="0.118458"><ele>13.25</ele></trkpt>
      <trkpt lat="51.563809" lon="0.11667"><ele>13.25</ele></trkpt>
      <trkpt lat="51.563793" lon="0.115514"><ele>14</ele></trkpt>
      <trkpt lat="51.563784" lon="0.114879"><ele>14</ele></trkpt>
      <trkpt lat="51.56378" lon="0.114616"><ele>14</ele></trkpt>
      <trkpt lat="51.563812" lon="0.110351"><ele>13.75</ele></trkpt>
      <trkpt lat="51.563811" lon="0.11026"><ele>13.5</ele></trkpt>
      <trkpt lat="51.564166" lon="0.110277"><ele>14.75</ele></trkpt>
      <trkpt lat="51.564286" lon="0.110284"><ele>15</ele></trkpt>
      <trkpt lat="51.56447" lon="0.110297"><ele>15</ele></trkpt>
      <trkpt lat="51.564864" lon="0.110343"><ele>16.25</ele></trkpt>
      <trkpt lat="51.564895" lon="0.110345"><ele>16.25</ele></trkpt>
      <trkpt lat="51.565033" lon="0.110355"><ele>16.5</ele></trkpt>
      <trkpt lat="51.565218" lon="0.110367"><ele>15.25</ele></trkpt>
      <trkpt lat="51.565557" lon="0.110408"><ele>13</ele></trkpt>
      <trkpt lat="51.565582" lon="0.1106"><ele>13.25</ele></trkpt>
      <trkpt lat="51.565605" lon="0.110761"><ele>13</ele></trkpt>
      <trkpt lat="51.56557" lon="0.110773"><ele>13</ele></trkpt>
      <trkpt lat="51.565574" lon="0.110803"><ele>13</ele></trkpt>
      <trkpt lat="51.565574" lon="0.110807"><ele>13</ele></trkpt>
      <trkpt lat="51.565574" lon="0.110803"><ele>13</ele></trkpt>
      <trkpt lat="51.56557" lon="0.110773"><ele>13</ele></trkpt>
      <trkpt lat="51.565605" lon="0.110761"><ele>13.25</ele></trkpt>
      <trkpt lat="51.565582" lon="0.1106"><ele>13.25</ele></trkpt>
      <trkpt lat="51.565557" lon="0.110408"><ele>13</ele></trkpt>
      <trkpt lat="51.565642" lon="0.110419"><ele>14.25</ele></trkpt>
      <trkpt lat="51.565732" lon="0.11043"><ele>15.75</ele></trkpt>
      <trkpt lat="51.565954" lon="0.110465"><ele>17.5</ele></trkpt>
      <trkpt lat="51.565972" lon="0.110166"><ele>17.5</ele></trkpt>
      <trkpt lat="51.565966" lon="0.110091"><ele>17.25</ele></trkpt>
      <trkpt lat="51.565574" lon="0.107634"><ele>15</ele></trkpt>
      <trkpt lat="51.565577" lon="0.107584"><ele>15</ele></trkpt>
      <trkpt lat="51.565591" lon="0.107557"><ele>15</ele></trkpt>
      <trkpt lat="51.565617" lon="0.107539"><ele>15</ele></trkpt>
      <trkpt lat="51.565672" lon="0.107509"><ele>15</ele></trkpt>
      <trkpt lat="51.56571" lon="0.107488"><ele>14.75</ele></trkpt>
      <trkpt lat="51.566079" lon="0.107292"><ele>15</ele></trkpt>
      <trkpt lat="51.566007" lon="0.106939"><ele>14.75</ele></trkpt>
      <trkpt lat="51.56592" lon="0.106493"><ele>14</ele></trkpt>
      <trkpt lat="51.565872" lon="0.106237"><ele>14</ele></trkpt>
      <trkpt lat="51.565847" lon="0.106117"><ele>14</ele></trkpt>
      <trkpt lat="51.565834" lon="0.106057"><ele>14</ele></trkpt>
      <trkpt lat="51.565767" lon="0.105731"><ele>14</ele></trkpt>
      <trkpt lat="51.565681" lon="0.105311"><ele>13.5</ele></trkpt>
      <trkpt lat="51.565626" lon="0.105039"><ele>13.25</ele></trkpt>
      <trkpt lat="51.565603" lon="0.104934"><ele>13</ele></trkpt>
      <trkpt lat="51.565511" lon="0.104501"><ele>13</ele></trkpt>
      <trkpt lat="51.565452" lon="0.104233"><ele>13</ele></trkpt>
      <trkpt lat="51.565398" lon="0.103977"><ele>13</ele></trkpt>
      <trkpt lat="51.565233" lon="0.10321"><ele>13</ele></trkpt>
      <trkpt lat="51.565185" lon="0.102976"><ele>13</ele></trkpt>
      <trkpt lat="51.565108" lon="0.102603"><ele>13</ele></trkpt>
      <trkpt lat="51.565097" lon="0.102549"><ele>13</ele></trkpt>
      <trkpt lat="51.564963" lon="0.101894"><ele>13</ele></trkpt>
      <trkpt lat="51.564895" lon="0.101559"><ele>13</ele></trkpt>
      <trkpt lat="51.5648" lon="0.101091"><ele>13</ele></trkpt>
      <trkpt lat="51.564687" lon="0.100536"><ele>12.75</ele></trkpt>
      <trkpt lat="51.564589" lon="0.099988"><ele>13</ele></trkpt>
      <trkpt lat="51.564537" lon="0.099701"><ele>13</ele></trkpt>
      <trkpt lat="51.56445" lon="0.09919"><ele>13.75</ele></trkpt>
      <trkpt lat="51.564432" lon="0.099048"><ele>13.75</ele></trkpt>
      <trkpt lat="51.564381" lon="0.098647"><ele>14</ele></trkpt>
      <trkpt lat="51.564302" lon="0.098348"><ele>13.25</ele></trkpt>
      <trkpt lat="51.564262" lon="0.098105"><ele>13.75</ele></trkpt>
      <trkpt lat="51.564252" lon="0.098046"><ele>13.75</ele></trkpt>
      <trkpt lat="51.564239" lon="0.097977"><ele>13.75</ele></trkpt>
      <trkpt lat="51.564219" lon="0.097889"><ele>13.75</ele></trkpt>
      <trkpt lat="51.5642" lon="0.09784"><ele>13.75</ele></trkpt>
      <trkpt lat="51.5642" lon="0.097685"><ele>14.25</ele></trkpt>
      <trkpt lat="51.564199" lon="0.097549"><ele>14.5</ele></trkpt>
      <trkpt lat="51.564199" lon="0.097514"><ele>14.75</ele></trkpt>
      <trkpt lat="51.564196" lon="0.09733"><ele>15.25</ele></trkpt>
      <trkpt lat="51.564166" lon="0.097339"><ele>15.5</ele></trkpt>
      <trkpt lat="51.564154" lon="0.097343"><ele>15.25</ele></trkpt>
      <trkpt lat="51.56412" lon="0.097354"><ele>14.75</ele></trkpt>
      <trkpt lat="51.564059" lon="0.097373"><ele>13.75</ele></trkpt>
      <trkpt lat="51.564034" lon="0.097381"><ele>13.75</ele></trkpt>
      <trkpt lat="51.563969" lon="0.097401"><ele>13</ele></trkpt>
      <trkpt lat="51.56396" lon="0.097404"><ele>13</ele></trkpt>
      <trkpt lat="51.56394" lon="0.097464"><ele>13</ele></trkpt>
      <trkpt lat="51.563851" lon="0.097402"><ele>12.5</ele></trkpt>
      <trkpt lat="51.563826" lon="0.097376"><ele>12.75</ele></trkpt>
      <trkpt lat="51.563781" lon="0.09732"><ele>13</ele></trkpt>
      <trkpt lat="51.563733" lon="0.097185"><ele>13.75</ele></trkpt>
      <trkpt lat="51.563695" lon="0.097016"><ele>14.25</ele></trkpt>
      <trkpt lat="51.563677" lon="0.096905"><ele>14.75</ele></trkpt>
      <trkpt lat="51.563617" lon="0.096492"><ele>15.75</ele></trkpt>
      <trkpt lat="51.563555" lon="0.095811"><ele>14.25</ele></trkpt>
      <trkpt lat="51.563503" lon="0.095366"><ele>13</ele></trkpt>
      <trkpt lat="51.563428" lon="0.094797"><ele>13</ele></trkpt>
      <trkpt lat="51.563419" lon="0.094728"><ele>13.25</ele></trkpt>
      <trkpt lat="51.563387" lon="0.094544"><ele>13.5</ele></trkpt>
      <trkpt lat="51.563367" lon="0.094404"><ele>13.5</ele></trkpt>
      <trkpt lat="51.563277" lon="0.093852"><ele>13.5</ele></trkpt>
      <trkpt lat="51.563219" lon="0.093498"><ele>13</ele></trkpt>
      <trkpt lat="51.563058" lon="0.092516"><ele>12.75</ele></trkpt>
      <trkpt lat="51.56295" lon="0.091969"><ele>13.5</ele></trkpt>
      <trkpt lat="51.562913" lon="0.091804"><ele>13</ele></trkpt>
      <trkpt lat="51.562886" lon="0.091674"><ele>13</ele></trkpt>
      <trkpt lat="51.562884" lon="0.091666"><ele>12.75</ele></trkpt>
      <trkpt lat="51.562871" lon="0.091615"><ele>12.75</ele></trkpt>
      <trkpt lat="51.562858" lon="0.091546"><ele>12.5</ele></trkpt>
      <trkpt lat="51.562792" lon="0.091263"><ele>12</ele></trkpt>
      <trkpt lat="51.562733" lon="0.091022"><ele>12</ele></trkpt>
      <trkpt lat="51.562674" lon="0.090781"><ele>12</ele></trkpt>
      <trkpt lat="51.562638" lon="0.090624"><ele>12</ele></trkpt>
      <trkpt lat="51.562564" lon="0.090303"><ele>11.25</ele></trkpt>
      <trkpt lat="51.56255" lon="0.090239"><ele>11</ele></trkpt>
      <trkpt lat="51.562535" lon="0.090173"><ele>11</ele></trkpt>
      <trkpt lat="51.562474" lon="0.089909"><ele>11</ele></trkpt>
      <trkpt lat="51.562415" lon="0.089652"><ele>11</ele></trkpt>
      <trkpt lat="51.562283" lon="0.089102"><ele>11</ele></trkpt>
      <trkpt lat="51.562032" lon="0.08811"><ele>11</ele></trkpt>
      <trkpt lat="51.561974" lon="0.087879"><ele>11</ele></trkpt>
      <trkpt lat="51.561907" lon="0.087605"><ele>11</ele></trkpt>
      <trkpt lat="51.561866" lon="0.087424"><ele>11</ele></trkpt>
      <trkpt lat="51.561852" lon="0.087353"><ele>11</ele></trkpt>
      <trkpt lat="51.561754" lon="0.086871"><ele>11</ele></trkpt>
      <trkpt lat="51.56169" lon="0.086558"><ele>11.25</ele></trkpt>
      <trkpt lat="51.561662" lon="0.086422"><ele>11.75</ele></trkpt>
      <trkpt lat="51.561507" lon="0.085659"><ele>12</ele></trkpt>
      <trkpt lat="51.561349" lon="0.084882"><ele>12</ele></trkpt>
      <trkpt lat="51.561316" lon="0.084727"><ele>12.25</ele></trkpt>
      <trkpt lat="51.561305" lon="0.084673"><ele>12</ele></trkpt>
      <trkpt lat="51.561271" lon="0.084528"><ele>12</ele></trkpt>
      <trkpt lat="51.561261" lon="0.084475"><ele>12</ele></trkpt>
      <trkpt lat="51.561236" lon="0.084352"><ele>12</ele></trkpt>
      <trkpt lat="51.561227" lon="0.084305"><ele>12</ele></trkpt>
      <trkpt lat="51.561213" lon="0.084237"><ele>12</ele></trkpt>
      <trkpt lat="51.561177" lon="0.084056"><ele>12</ele></trkpt>
      <trkpt lat="51.561132" lon="0.083856"><ele>11.75</ele></trkpt>
      <trkpt lat="51.561092" lon="0.083676"><ele>12</ele></trkpt>
      <trkpt lat="51.560869" lon="0.082599"><ele>11.75</ele></trkpt>
      <trkpt lat="51.560808" lon="0.082308"><ele>12</ele></trkpt>
      <trkpt lat="51.560728" lon="0.081899"><ele>12</ele></trkpt>
      <trkpt lat="51.560708" lon="0.081729"><ele>12</ele></trkpt>
      <trkpt lat="51.560673" lon="0.081563"><ele>12</ele></trkpt>
      <trkpt lat="51.560644" lon="0.081422"><ele>12</ele></trkpt>
      <trkpt lat="51.560594" lon="0.081256"><ele>11.75</ele></trkpt>
      <trkpt lat="51.560526" lon="0.080936"><ele>12</ele></trkpt>
      <trkpt lat="51.560515" lon="0.080799"><ele>12</ele></trkpt>
      <trkpt lat="51.560495" lon="0.080676"><ele>12</ele></trkpt>
      <trkpt lat="51.560475" lon="0.080554"><ele>12</ele></trkpt>
      <trkpt lat="51.560413" lon="0.080359"><ele>12</ele></trkpt>
      <trkpt lat="51.560382" lon="0.080221"><ele>12</ele></trkpt>
      <trkpt lat="51.560282" lon="0.079742"><ele>12.75</ele></trkpt>
      <trkpt lat="51.560256" lon="0.079616"><ele>12.75</ele></trkpt>
      <trkpt lat="51.560219" lon="0.079431"><ele>12.75</ele></trkpt>
      <trkpt lat="51.560086" lon="0.078778"><ele>12.75</ele></trkpt>
      <trkpt lat="51.560082" lon="0.078752"><ele>13</ele></trkpt>
      <trkpt lat="51.560038" lon="0.078469"><ele>13</ele></trkpt>
      <trkpt lat="51.560025" lon="0.078364"><ele>13</ele></trkpt>
      <trkpt lat="51.560008" lon="0.078315"><ele>12.75</ele></trkpt>
      <trkpt lat="51.559936" lon="0.077931"><ele>12.25</ele></trkpt>
      <trkpt lat="51.559867" lon="0.077593"><ele>12.5</ele></trkpt>
      <trkpt lat="51.559836" lon="0.077546"><ele>12.25</ele></trkpt>
      <trkpt lat="51.559816" lon="0.077528"><ele>12.25</ele></trkpt>
      <trkpt lat="51.559822" lon="0.077467"><ele>12.25</ele></trkpt>
      <trkpt lat="51.559806" lon="0.077361"><ele>12</ele></trkpt>
      <trkpt lat="51.559736" lon="0.077004"><ele>12</ele></trkpt>
      <trkpt lat="51.559697" lon="0.076796"><ele>12</ele></trkpt>
      <trkpt lat="51.559684" lon="0.076727"><ele>12</ele></trkpt>
      <trkpt lat="51.559653" lon="0.076586"><ele>12</ele></trkpt>
      <trkpt lat="51.559622" lon="0.076443"><ele>12</ele></trkpt>
      <trkpt lat="51.559588" lon="0.076289"><ele>12</ele></trkpt>
      <trkpt lat="51.559577" lon="0.07623"><ele>12.25</ele></trkpt>
      <trkpt lat="51.559524" lon="0.07596"><ele>12.25</ele></trkpt>
      <trkpt lat="51.55948" lon="0.075739"><ele>12</ele></trkpt>
      <trkpt lat="51.559449" lon="0.075585"><ele>12</ele></trkpt>
      <trkpt lat="51.559433" lon="0.075507"><ele>11.75</ele></trkpt>
      <trkpt lat="51.559203" lon="0.074397"><ele>13</ele></trkpt>
      <trkpt lat="51.559176" lon="0.07427"><ele>13</ele></trkpt>
      <trkpt lat="51.558976" lon="0.0733"><ele>13</ele></trkpt>
      <trkpt lat="51.558894" lon="0.072903"><ele>13</ele></trkpt>
      <trkpt lat="51.558828" lon="0.072587"><ele>13</ele></trkpt>
      <trkpt lat="51.558643" lon="0.07169"><ele>13</ele></trkpt>
      <trkpt lat="51.558673" lon="0.071643"><ele>13</ele></trkpt>
      <trkpt lat="51.558688" lon="0.071576"><ele>13</ele></trkpt>
      <trkpt lat="51.558688" lon="0.071527"><ele>12.75</ele></trkpt>
      <trkpt lat="51.55861" lon="0.071185"><ele>13</ele></trkpt>
      <trkpt lat="51.558523" lon="0.070808"><ele>13</ele></trkpt>
      <trkpt lat="51.558453" lon="0.070387"><ele>13.25</ele></trkpt>
      <trkpt lat="51.558442" lon="0.070279"><ele>13.25</ele></trkpt>
      <trkpt lat="51.558446" lon="0.07024"><ele>13.25</ele></trkpt>
      <trkpt lat="51.558448" lon="0.07012"><ele>13</ele></trkpt>
      <trkpt lat="51.55845" lon="0.070001"><ele>13</ele></trkpt>
      <trkpt lat="51.558448" lon="0.069953"><ele>13</ele></trkpt>
      <trkpt lat="51.558455" lon="0.069937"><ele>13</ele></trkpt>
      <trkpt lat="51.558476" lon="0.069902"><ele>13</ele></trkpt>
      <trkpt lat="51.558492" lon="0.069868"><ele>13.25</ele></trkpt>
      <trkpt lat="51.558503" lon="0.069843"><ele>13.25</ele></trkpt>
      <trkpt lat="51.55857" lon="0.069909"><ele>13.25</ele></trkpt>
      <trkpt lat="51.558623" lon="0.06994"><ele>13</ele></trkpt>
      <trkpt lat="51.559059" lon="0.070096"><ele>11.25</ele></trkpt>
      <trkpt lat="51.558623" lon="0.06994"><ele>13</ele></trkpt>
      <trkpt lat="51.55857" lon="0.069909"><ele>13.25</ele></trkpt>
      <trkpt lat="51.558503" lon="0.069843"><ele>13.25</ele></trkpt>
      <trkpt lat="51.558465" lon="0.069788"><ele>13.25</ele></trkpt>
      <trkpt lat="51.558372" lon="0.069539"><ele>13</ele></trkpt>
      <trkpt lat="51.558349" lon="0.069476"><ele>13</ele></trkpt>
      <trkpt lat="51.558324" lon="0.069403"><ele>12.75</ele></trkpt>
      <trkpt lat="51.557937" lon="0.068249"><ele>10.5</ele></trkpt>
      <trkpt lat="51.557798" lon="0.067881"><ele>9.25</ele></trkpt>
      <trkpt lat="51.557761" lon="0.067797"><ele>9</ele></trkpt>
      <trkpt lat="51.557738" lon="0.067749"><ele>8.75</ele></trkpt>
      <trkpt lat="51.557615" lon="0.067476"><ele>8.25</ele></trkpt>
      <trkpt lat="51.557592" lon="0.067429"><ele>8.25</ele></trkpt>
      <trkpt lat="51.557325" lon="0.066882"><ele>6.25</ele></trkpt>
      <trkpt lat="51.557313" lon="0.066858"><ele>6.25</ele></trkpt>
      <trkpt lat="51.557299" lon="0.066829"><ele>6.25</ele></trkpt>
      <trkpt lat="51.55713" lon="0.066483"><ele>6</ele></trkpt>
      <trkpt lat="51.557112" lon="0.066445"><ele>6</ele></trkpt>
      <trkpt lat="51.55709" lon="0.066399"><ele>6</ele></trkpt>
      <trkpt lat="51.557067" lon="0.066348"><ele>6</ele></trkpt>
      <trkpt lat="51.557049" lon="0.066308"><ele>6</ele></trkpt>
      <trkpt lat="51.557044" lon="0.066298"><ele>6</ele></trkpt>
      <trkpt lat="51.557014" lon="0.066296"><ele>6</ele></trkpt>
      <trkpt lat="51.556977" lon="0.066222"><ele>6</ele></trkpt>
      <trkpt lat="51.556859" lon="0.065992"><ele>5</ele></trkpt>
      <trkpt lat="51.556674" lon="0.065641"><ele>5.5</ele></trkpt>
      <trkpt lat="51.556445" lon="0.06511"><ele>6</ele></trkpt>
      <trkpt lat="51.556335" lon="0.064805"><ele>6</ele></trkpt>
      <trkpt lat="51.556154" lon="0.064301"><ele>6</ele></trkpt>
      <trkpt lat="51.556085" lon="0.064077"><ele>6</ele></trkpt>
      <trkpt lat="51.555946" lon="0.063563"><ele>6</ele></trkpt>
      <trkpt lat="51.5559" lon="0.063361"><ele>6</ele></trkpt>
      <trkpt lat="51.555885" lon="0.063303"><ele>6</ele></trkpt>
      <trkpt lat="51.555871" lon="0.063239"><ele>6</ele></trkpt>
      <trkpt lat="51.555769" lon="0.062881"><ele>5.75</ele></trkpt>
      <trkpt lat="51.555751" lon="0.062804"><ele>5.5</ele></trkpt>
      <trkpt lat="51.555747" lon="0.062765"><ele>5.5</ele></trkpt>
      <trkpt lat="51.555715" lon="0.062646"><ele>5.5</ele></trkpt>
      <trkpt lat="51.555705" lon="0.062605"><ele>5.5</ele></trkpt>
      <trkpt lat="51.555675" lon="0.062491"><ele>5.25</ele></trkpt>
      <trkpt lat="51.555545" lon="0.06202"><ele>5.5</ele></trkpt>
      <trkpt lat="51.555507" lon="0.061882"><ele>5.75</ele></trkpt>
      <trkpt lat="51.555485" lon="0.061803"><ele>5.5</ele></trkpt>
      <trkpt lat="51.555377" lon="0.061435"><ele>5.75</ele></trkpt>
      <trkpt lat="51.55532" lon="0.061194"><ele>6</ele></trkpt>
      <trkpt lat="51.555186" lon="0.060738"><ele>6</ele></trkpt>
      <trkpt lat="51.555115" lon="0.060517"><ele>6</ele></trkpt>
      <trkpt lat="51.55502" lon="0.060218"><ele>6</ele></trkpt>
      <trkpt lat="51.554936" lon="0.059953"><ele>6</ele></trkpt>
      <trkpt lat="51.554894" lon="0.059814"><ele>6.5</ele></trkpt>
      <trkpt lat="51.554861" lon="0.059773"><ele>6.75</ele></trkpt>
      <trkpt lat="51.554591" lon="0.058885"><ele>8</ele></trkpt>
      <trkpt lat="51.554473" lon="0.058455"><ele>8</ele></trkpt>
      <trkpt lat="51.55446" lon="0.058408"><ele>8</ele></trkpt>
      <trkpt lat="51.554465" lon="0.058377"><ele>8</ele></trkpt>
      <trkpt lat="51.554459" lon="0.058355"><ele>8</ele></trkpt>
      <trkpt lat="51.554447" lon="0.058306"><ele>8</ele></trkpt>
      <trkpt lat="51.554433" lon="0.058252"><ele>8</ele></trkpt>
      <trkpt lat="51.554198" lon="0.057383"><ele>9</ele></trkpt>
      <trkpt lat="51.554186" lon="0.057341"><ele>9</ele></trkpt>
      <trkpt lat="51.554175" lon="0.057301"><ele>9</ele></trkpt>
      <trkpt lat="51.554096" lon="0.057036"><ele>9</ele></trkpt>
      <trkpt lat="51.554008" lon="0.056738"><ele>9.25</ele></trkpt>
      <trkpt lat="51.553985" lon="0.056679"><ele>9.25</ele></trkpt>
      <trkpt lat="51.55397" lon="0.056635"><ele>9.25</ele></trkpt>
      <trkpt lat="51.553953" lon="0.056585"><ele>9.25</ele></trkpt>
      <trkpt lat="51.553951" lon="0.056536"><ele>9.25</ele></trkpt>
      <trkpt lat="51.553815" lon="0.056139"><ele>9.75</ele></trkpt>
      <trkpt lat="51.55373" lon="0.055906"><ele>9.5</ele></trkpt>
      <trkpt lat="51.55371" lon="0.055852"><ele>9.25</ele></trkpt>
      <trkpt lat="51.553695" lon="0.055805"><ele>9.25</ele></trkpt>
      <trkpt lat="51.553481" lon="0.055195"><ele>10</ele></trkpt>
      <trkpt lat="51.553461" lon="0.055143"><ele>10</ele></trkpt>
      <trkpt lat="51.553443" lon="0.055095"><ele>10</ele></trkpt>
      <trkpt lat="51.553221" lon="0.054503"><ele>10</ele></trkpt>
      <trkpt lat="51.553197" lon="0.054445"><ele>10</ele></trkpt>
      <trkpt lat="51.553179" lon="0.0544"><ele>10</ele></trkpt>
      <trkpt lat="51.55299" lon="0.053871"><ele>10</ele></trkpt>
      <trkpt lat="51.552955" lon="0.053772"><ele>10</ele></trkpt>
      <trkpt lat="51.55295" lon="0.053756"><ele>10</ele></trkpt>
      <trkpt lat="51.552926" lon="0.053689"><ele>10</ele></trkpt>
      <trkpt lat="51.552899" lon="0.053614"><ele>10</ele></trkpt>
      <trkpt lat="51.552896" lon="0.053604"><ele>10</ele></trkpt>
      <trkpt lat="51.552875" lon="0.053609"><ele>10</ele></trkpt>
      <trkpt lat="51.552864" lon="0.053595"><ele>10</ele></trkpt>
      <trkpt lat="51.552831" lon="0.053503"><ele>9.75</ele></trkpt>
      <trkpt lat="51.552758" lon="0.053311"><ele>10</ele></trkpt>
      <trkpt lat="51.552741" lon="0.053266"><ele>10</ele></trkpt>
      <trkpt lat="51.552726" lon="0.053227"><ele>10</ele></trkpt>
      <trkpt lat="51.552668" lon="0.053079"><ele>10</ele></trkpt>
      <trkpt lat="51.552671" lon="0.053054"><ele>10</ele></trkpt>
      <trkpt lat="51.552645" lon="0.052986"><ele>10</ele></trkpt>
      <trkpt lat="51.552622" lon="0.05296"><ele>10</ele></trkpt>
      <trkpt lat="51.552474" lon="0.052545"><ele>10</ele></trkpt>
      <trkpt lat="51.55247" lon="0.052502"><ele>10</ele></trkpt>
      <trkpt lat="51.552426" lon="0.052374"><ele>10</ele></trkpt>
      <trkpt lat="51.552381" lon="0.05226"><ele>10</ele></trkpt>
      <trkpt lat="51.552387" lon="0.052247"><ele>10</ele></trkpt>
      <trkpt lat="51.552375" lon="0.052209"><ele>10</ele></trkpt>
      <trkpt lat="51.552367" lon="0.052186"><ele>10</ele></trkpt>
      <trkpt lat="51.552589" lon="0.052039"><ele>10</ele></trkpt>
      <trkpt lat="51.552763" lon="0.051923"><ele>10</ele></trkpt>
      <trkpt lat="51.552815" lon="0.051889"><ele>10.25</ele></trkpt>
      <trkpt lat="51.553042" lon="0.051739"><ele>10.75</ele></trkpt>
      <trkpt lat="51.553033" lon="0.051706"><ele>10.75</ele></trkpt>
      <trkpt lat="51.552956" lon="0.051418"><ele>11</ele></trkpt>
      <trkpt lat="51.552828" lon="0.050935"><ele>11</ele></trkpt>
      <trkpt lat="51.552768" lon="0.050698"><ele>11</ele></trkpt>
      <trkpt lat="51.552564" lon="0.049894"><ele>11</ele></trkpt>
      <trkpt lat="51.552335" lon="0.049007"><ele>11</ele></trkpt>
      <trkpt lat="51.552311" lon="0.048914"><ele>11</ele></trkpt>
      <trkpt lat="51.552107" lon="0.048125"><ele>11</ele></trkpt>
      <trkpt lat="51.55208" lon="0.048019"><ele>11</ele></trkpt>
      <trkpt lat="51.551984" lon="0.047651"><ele>11</ele></trkpt>
      <trkpt lat="51.551857" lon="0.047165"><ele>11</ele></trkpt>
      <trkpt lat="51.551838" lon="0.047131"><ele>11</ele></trkpt>
      <trkpt lat="51.551825" lon="0.047076"><ele>11.25</ele></trkpt>
      <trkpt lat="51.55185" lon="0.04706"><ele>11.25</ele></trkpt>
      <trkpt lat="51.551882" lon="0.047031"><ele>11.5</ele></trkpt>
      <trkpt lat="51.551876" lon="0.047006"><ele>11.5</ele></trkpt>
      <trkpt lat="51.551865" lon="0.046953"><ele>11.5</ele></trkpt>
      <trkpt lat="51.551895" lon="0.046938"><ele>11.75</ele></trkpt>
      <trkpt lat="51.552094" lon="0.046861"><ele>12</ele></trkpt>
      <trkpt lat="51.552267" lon="0.046787"><ele>11.75</ele></trkpt>
      <trkpt lat="51.552288" lon="0.04678"><ele>11.5</ele></trkpt>
      <trkpt lat="51.552275" lon="0.046669"><ele>12</ele></trkpt>
      <trkpt lat="51.552315" lon="0.046662"><ele>11.25</ele></trkpt>
      <trkpt lat="51.552311" lon="0.04665"><ele>11.25</ele></trkpt>
      <trkpt lat="51.552344" lon="0.046651"><ele>10.75</ele></trkpt>
      <trkpt lat="51.552387" lon="0.046638"><ele>9.75</ele></trkpt>
      <trkpt lat="51.552414" lon="0.046624"><ele>9.5</ele></trkpt>
      <trkpt lat="51.552442" lon="0.046608"><ele>8.75</ele></trkpt>
      <trkpt lat="51.552475" lon="0.046591"><ele>8.25</ele></trkpt>
      <trkpt lat="51.552565" lon="0.046541"><ele>8.25</ele></trkpt>
      <trkpt lat="51.552556" lon="0.046489"><ele>8.5</ele></trkpt>
      <trkpt lat="51.552506" lon="0.046514"><ele>8.5</ele></trkpt>
      <trkpt lat="51.552491" lon="0.046435"><ele>8.75</ele></trkpt>
      <trkpt lat="51.552471" lon="0.046344"><ele>8.75</ele></trkpt>
      <trkpt lat="51.552491" lon="0.046435"><ele>9.25</ele></trkpt>
      <trkpt lat="51.552506" lon="0.046514"><ele>9.75</ele></trkpt>
      <trkpt lat="51.552556" lon="0.046489"><ele>10.25</ele></trkpt>
      <trkpt lat="51.552565" lon="0.046541"><ele>10.75</ele></trkpt>
      <trkpt lat="51.552654" lon="0.046491"><ele>10.75</ele></trkpt>
      <trkpt lat="51.552673" lon="0.046477"><ele>11</ele></trkpt>
      <trkpt lat="51.552688" lon="0.046441"><ele>11.25</ele></trkpt>
      <trkpt lat="51.552701" lon="0.04644"><ele>11.5</ele></trkpt>
      <trkpt lat="51.552704" lon="0.046488"><ele>11.5</ele></trkpt>
      <trkpt lat="51.552738" lon="0.046483"><ele>12.25</ele></trkpt>
      <trkpt lat="51.552734" lon="0.04643"><ele>12</ele></trkpt>
      <trkpt lat="51.552668" lon="0.045201"><ele>11</ele></trkpt>
      <trkpt lat="51.552617" lon="0.044411"><ele>11</ele></trkpt>
      <trkpt lat="51.552581" lon="0.043863"><ele>11</ele></trkpt>
      <trkpt lat="51.552586" lon="0.04378"><ele>11</ele></trkpt>
      <trkpt lat="51.552587" lon="0.043654"><ele>11</ele></trkpt>
      <trkpt lat="51.552577" lon="0.043602"><ele>11</ele></trkpt>
      <trkpt lat="51.552565" lon="0.043498"><ele>11</ele></trkpt>
      <trkpt lat="51.552579" lon="0.043376"><ele>11</ele></trkpt>
      <trkpt lat="51.552613" lon="0.043255"><ele>11.25</ele></trkpt>
      <trkpt lat="51.552706" lon="0.04276"><ele>11</ele></trkpt>
      <trkpt lat="51.552732" lon="0.042573"><ele>11</ele></trkpt>
      <trkpt lat="51.552733" lon="0.040356"><ele>11</ele></trkpt>
      <trkpt lat="51.552723" lon="0.038912"><ele>11</ele></trkpt>
      <trkpt lat="51.552662" lon="0.038894"><ele>11</ele></trkpt>
      <trkpt lat="51.552614" lon="0.038853"><ele>11</ele></trkpt>
      <trkpt lat="51.552575" lon="0.038794"><ele>11</ele></trkpt>
      <trkpt lat="51.552548" lon="0.03872"><ele>11</ele></trkpt>
      <trkpt lat="51.552533" lon="0.038637"><ele>11</ele></trkpt>
      <trkpt lat="51.552533" lon="0.03855"><ele>11</ele></trkpt>
      <trkpt lat="51.552548" lon="0.038467"><ele>11</ele></trkpt>
      <trkpt lat="51.552576" lon="0.038392"><ele>11</ele></trkpt>
      <trkpt lat="51.552615" lon="0.038333"><ele>11</ele></trkpt>
      <trkpt lat="51.552663" lon="0.038293"><ele>11</ele></trkpt>
      <trkpt lat="51.552716" lon="0.038275"><ele>11</ele></trkpt>
      <trkpt lat="51.552668" lon="0.037999"><ele>11</ele></trkpt>
      <trkpt lat="51.552527" lon="0.037628"><ele>11</ele></trkpt>
      <trkpt lat="51.55244" lon="0.037465"><ele>10.75</ele></trkpt>
      <trkpt lat="51.552173" lon="0.037046"><ele>10</ele></trkpt>
      <trkpt lat="51.55198" lon="0.036605"><ele>10</ele></trkpt>
      <trkpt lat="51.551923" lon="0.036444"><ele>10</ele></trkpt>
      <trkpt lat="51.551866" lon="0.036242"><ele>10.5</ele></trkpt>
      <trkpt lat="51.551789" lon="0.035931"><ele>11</ele></trkpt>
      <trkpt lat="51.551758" lon="0.035735"><ele>11</ele></trkpt>
      <trkpt lat="51.551696" lon="0.035296"><ele>11</ele></trkpt>
      <trkpt lat="51.551575" lon="0.03445"><ele>11</ele></trkpt>
      <trkpt lat="51.551568" lon="0.034397"><ele>11</ele></trkpt>
      <trkpt lat="51.551553" lon="0.034296"><ele>11</ele></trkpt>
      <trkpt lat="51.551531" lon="0.034139"><ele>11</ele></trkpt>
      <trkpt lat="51.5515" lon="0.033923"><ele>11</ele></trkpt>
      <trkpt lat="51.551457" lon="0.033623"><ele>11</ele></trkpt>
      <trkpt lat="51.551413" lon="0.033316"><ele>11</ele></trkpt>
      <trkpt lat="51.551384" lon="0.0331"><ele>11</ele></trkpt>
      <trkpt lat="51.551265" lon="0.032292"><ele>11</ele></trkpt>
      <trkpt lat="51.551195" lon="0.031807"><ele>11</ele></trkpt>
      <trkpt lat="51.551183" lon="0.031726"><ele>11</ele></trkpt>
      <trkpt lat="51.551088" lon="0.031081"><ele>11</ele></trkpt>
      <trkpt lat="51.551005" lon="0.030512"><ele>11</ele></trkpt>
      <trkpt lat="51.550974" lon="0.030296"><ele>11</ele></trkpt>
      <trkpt lat="51.550871" lon="0.029558"><ele>11</ele></trkpt>
      <trkpt lat="51.550688" lon="0.028277"><ele>11</ele></trkpt>
      <trkpt lat="51.550582" lon="0.027536"><ele>11</ele></trkpt>
      <trkpt lat="51.55057" lon="0.027455"><ele>11</ele></trkpt>
      <trkpt lat="51.550387" lon="0.026186"><ele>11</ele></trkpt>
      <trkpt lat="51.550316" lon="0.025702"><ele>11</ele></trkpt>
      <trkpt lat="51.550265" lon="0.025266"><ele>11</ele></trkpt>
      <trkpt lat="51.55026" lon="0.025166"><ele>11</ele></trkpt>
      <trkpt lat="51.550261" lon="0.025108"><ele>11</ele></trkpt>
      <trkpt lat="51.55026" lon="0.025051"><ele>11</ele></trkpt>
      <trkpt lat="51.550031" lon="0.024984"><ele>11</ele></trkpt>
      <trkpt lat="51.549945" lon="0.024945"><ele>11</ele></trkpt>
      <trkpt lat="51.549908" lon="0.024931"><ele>11.25</ele></trkpt>
      <trkpt lat="51.549867" lon="0.024916"><ele>11.25</ele></trkpt>
      <trkpt lat="51.549877" lon="0.024827"><ele>11.25</ele></trkpt>
      <trkpt lat="51.549838" lon="0.024778"><ele>11.5</ele></trkpt>
      <trkpt lat="51.54982" lon="0.024729"><ele>11.5</ele></trkpt>
      <trkpt lat="51.549759" lon="0.024724"><ele>11.75</ele></trkpt>
      <trkpt lat="51.549753" lon="0.02466"><ele>11.75</ele></trkpt>
      <trkpt lat="51.549744" lon="0.024615"><ele>11.75</ele></trkpt>
      <trkpt lat="51.549634" lon="0.024211"><ele>10</ele></trkpt>
      <trkpt lat="51.549608" lon="0.024111"><ele>10</ele></trkpt>
      <trkpt lat="51.549539" lon="0.023867"><ele>9.25</ele></trkpt>
      <trkpt lat="51.549519" lon="0.023768"><ele>9.5</ele></trkpt>
      <trkpt lat="51.549297" lon="0.022549"><ele>9.75</ele></trkpt>
      <trkpt lat="51.54914" lon="0.021684"><ele>10.5</ele></trkpt>
      <trkpt lat="51.548992" lon="0.020884"><ele>9</ele></trkpt>
      <trkpt lat="51.548966" lon="0.020738"><ele>9</ele></trkpt>
      <trkpt lat="51.548804" lon="0.019843"><ele>9.75</ele></trkpt>
      <trkpt lat="51.548655" lon="0.019029"><ele>9.25</ele></trkpt>
      <trkpt lat="51.548638" lon="0.018938"><ele>9.75</ele></trkpt>
      <trkpt lat="51.548607" lon="0.018771"><ele>9.75</ele></trkpt>
      <trkpt lat="51.548519" lon="0.018286"><ele>9.5</ele></trkpt>
      <trkpt lat="51.548503" lon="0.018203"><ele>9.25</ele></trkpt>
      <trkpt lat="51.548485" lon="0.018106"><ele>9</ele></trkpt>
      <trkpt lat="51.548323" lon="0.017234"><ele>9.75</ele></trkpt>
      <trkpt lat="51.548244" lon="0.01681"><ele>9.5</ele></trkpt>
      <trkpt lat="51.548154" lon="0.016314"><ele>8.25</ele></trkpt>
      <trkpt lat="51.548105" lon="0.016042"><ele>8.25</ele></trkpt>
      <trkpt lat="51.547993" lon="0.015422"><ele>10</ele></trkpt>
      <trkpt lat="51.547917" lon="0.015004"><ele>8.5</ele></trkpt>
      <trkpt lat="51.54783" lon="0.014523"><ele>8.75</ele></trkpt>
      <trkpt lat="51.547709" lon="0.013868"><ele>9.75</ele></trkpt>
      <trkpt lat="51.547575" lon="0.01314"><ele>8.5</ele></trkpt>
      <trkpt lat="51.547522" lon="0.012809"><ele>9.75</ele></trkpt>
      <trkpt lat="51.547514" lon="0.012764"><ele>10</ele></trkpt>
      <trkpt lat="51.547502" lon="0.012699"><ele>10.25</ele></trkpt>
      <trkpt lat="51.547491" lon="0.012634"><ele>10.25</ele></trkpt>
      <trkpt lat="51.547463" lon="0.012478"><ele>10.5</ele></trkpt>
      <trkpt lat="51.547387" lon="0.012048"><ele>8.5</ele></trkpt>
      <trkpt lat="51.547352" lon="0.011869"><ele>8</ele></trkpt>
      <trkpt lat="51.547238" lon="0.011267"><ele>9.25</ele></trkpt>
      <trkpt lat="51.547191" lon="0.011012"><ele>9.5</ele></trkpt>
      <trkpt lat="51.547046" lon="0.010239"><ele>8</ele></trkpt>
      <trkpt lat="51.547009" lon="0.010039"><ele>8.25</ele></trkpt>
      <trkpt lat="51.546893" lon="0.009419"><ele>9.25</ele></trkpt>
      <trkpt lat="51.546834" lon="0.009094"><ele>8.25</ele></trkpt>
      <trkpt lat="51.546731" lon="0.008505"><ele>8.25</ele></trkpt>
      <trkpt lat="51.54659" lon="0.007741"><ele>8.5</ele></trkpt>
      <trkpt lat="51.546559" lon="0.007581"><ele>8</ele></trkpt>
      <trkpt lat="51.546519" lon="0.007389"><ele>7.5</ele></trkpt>
      <trkpt lat="51.546489" lon="0.007245"><ele>7.25</ele></trkpt>
      <trkpt lat="51.546478" lon="0.007184"><ele>7.5</ele></trkpt>
      <trkpt lat="51.546466" lon="0.007121"><ele>7.75</ele></trkpt>
      <trkpt lat="51.546438" lon="0.007137"><ele>7.25</ele></trkpt>
      <trkpt lat="51.546419" lon="0.007121"><ele>7.25</ele></trkpt>
      <trkpt lat="51.546399" lon="0.007126"><ele>7.25</ele></trkpt>
      <trkpt lat="51.546392" lon="0.007084"><ele>7.5</ele></trkpt>
      <trkpt lat="51.546378" lon="0.007019"><ele>7.75</ele></trkpt>
      <trkpt lat="51.546362" lon="0.006934"><ele>8</ele></trkpt>
      <trkpt lat="51.54635" lon="0.006875"><ele>8.25</ele></trkpt>
      <trkpt lat="51.546363" lon="0.00685"><ele>8.5</ele></trkpt>
      <trkpt lat="51.546357" lon="0.00682"><ele>8.5</ele></trkpt>
      <trkpt lat="51.546249" lon="0.00624"><ele>7.25</ele></trkpt>
      <trkpt lat="51.546182" lon="0.005882"><ele>6.75</ele></trkpt>
      <trkpt lat="51.546173" lon="0.005887"><ele>6.5</ele></trkpt>
      <trkpt lat="51.546151" lon="0.005899"><ele>6.25</ele></trkpt>
      <trkpt lat="51.546085" lon="0.005932"><ele>6.25</ele></trkpt>
      <trkpt lat="51.546069" lon="0.00594"><ele>6.25</ele></trkpt>
      <trkpt lat="51.546067" lon="0.005928"><ele>6.25</ele></trkpt>
      <trkpt lat="51.546051" lon="0.005854"><ele>6.25</ele></trkpt>
      <trkpt lat="51.546067" lon="0.005928"><ele>6.25</ele></trkpt>
      <trkpt lat="51.546069" lon="0.00594"><ele>6.25</ele></trkpt>
      <trkpt lat="51.546085" lon="0.005932"><ele>6.25</ele></trkpt>
      <trkpt lat="51.546151" lon="0.005899"><ele>6.25</ele></trkpt>
      <trkpt lat="51.546134" lon="0.00581"><ele>6.25</ele></trkpt>
      <trkpt lat="51.546154" lon="0.005801"><ele>6.5</ele></trkpt>
      <trkpt lat="51.546144" lon="0.005744"><ele>6.75</ele></trkpt>
      <trkpt lat="51.546136" lon="0.005704"><ele>6.75</ele></trkpt>
      <trkpt lat="51.546148" lon="0.005698"><ele>6.75</ele></trkpt>
      <trkpt lat="51.546165" lon="0.005689"><ele>7</ele></trkpt>
      <trkpt lat="51.546098" lon="0.005294"><ele>7.75</ele></trkpt>
      <trkpt lat="51.546046" lon="0.005057"><ele>8.5</ele></trkpt>
      <trkpt lat="51.546028" lon="0.004985"><ele>8.5</ele></trkpt>
      <trkpt lat="51.545997" lon="0.004881"><ele>7.75</ele></trkpt>
      <trkpt lat="51.545958" lon="0.00476"><ele>7</ele></trkpt>
      <trkpt lat="51.545915" lon="0.004673"><ele>6.75</ele></trkpt>
      <trkpt lat="51.545874" lon="0.004634"><ele>6.5</ele></trkpt>
      <trkpt lat="51.545835" lon="0.004625"><ele>6</ele></trkpt>
      <trkpt lat="51.545619" lon="0.004654"><ele>8.5</ele></trkpt>
      <trkpt lat="51.545587" lon="0.004645"><ele>9</ele></trkpt>
      <trkpt lat="51.545557" lon="0.004636"><ele>9.25</ele></trkpt>
      <trkpt lat="51.545528" lon="0.004632"><ele>9.25</ele></trkpt>
      <trkpt lat="51.545499" lon="0.004617"><ele>9.25</ele></trkpt>
      <trkpt lat="51.545367" lon="0.004609"><ele>9.25</ele></trkpt>
      <trkpt lat="51.544826" lon="0.004607"><ele>9</ele></trkpt>
      <trkpt lat="51.54481" lon="0.004606"><ele>9</ele></trkpt>
      <trkpt lat="51.544779" lon="0.004607"><ele>9</ele></trkpt>
      <trkpt lat="51.544751" lon="0.004506"><ele>9</ele></trkpt>
      <trkpt lat="51.54474" lon="0.004437"><ele>9</ele></trkpt>
      <trkpt lat="51.544738" lon="0.004392"><ele>9</ele></trkpt>
      <trkpt lat="51.544725" lon="0.004183"><ele>9</ele></trkpt>
      <trkpt lat="51.544721" lon="0.00413"><ele>8.75</ele></trkpt>
      <trkpt lat="51.544696" lon="0.003732"><ele>8.75</ele></trkpt>
      <trkpt lat="51.544677" lon="0.003506"><ele>8.75</ele></trkpt>
      <trkpt lat="51.544639" lon="0.003199"><ele>9</ele></trkpt>
      <trkpt lat="51.544566" lon="0.002824"><ele>9</ele></trkpt>
      <trkpt lat="51.544505" lon="0.00265"><ele>8.75</ele></trkpt>
      <trkpt lat="51.544427" lon="0.002571"><ele>9</ele></trkpt>
      <trkpt lat="51.544373" lon="0.002552"><ele>9</ele></trkpt>
      <trkpt lat="51.544266" lon="0.002551"><ele>9</ele></trkpt>
      <trkpt lat="51.544154" lon="0.002201"><ele>8.75</ele></trkpt>
      <trkpt lat="51.544033" lon="0.001838"><ele>8.25</ele></trkpt>
      <trkpt lat="51.543998" lon="0.001724"><ele>8</ele></trkpt>
      <trkpt lat="51.544002" lon="0.001685"><ele>8</ele></trkpt>
      <trkpt lat="51.544044" lon="0.001639"><ele>8</ele></trkpt>
      <trkpt lat="51.544042" lon="0.001606"><ele>8</ele></trkpt>
      <trkpt lat="51.543967" lon="0.001383"><ele>8</ele></trkpt>
      <trkpt lat="51.543924" lon="0.001412"><ele>8</ele></trkpt>
      <trkpt lat="51.543879" lon="0.001383"><ele>8</ele></trkpt>
      <trkpt lat="51.54373" lon="0.000936"><ele>8.25</ele></trkpt>
      <trkpt lat="51.543649" lon="0.000692"><ele>8</ele></trkpt>
      <trkpt lat="51.543483" lon="0.000699"><ele>8</ele></trkpt>
      <trkpt lat="51.543415" lon="0.0007"><ele>8</ele></trkpt>
      <trkpt lat="51.543365" lon="0.000679"><ele>8</ele></trkpt>
      <trkpt lat="51.543331" lon="0.00068"><ele>7.75</ele></trkpt>
      <trkpt lat="51.543298" lon="0.000643"><ele>7.75</ele></trkpt>
      <trkpt lat="51.543237" lon="0.000638"><ele>7.5</ele></trkpt>
      <trkpt lat="51.543243" lon="0.000617"><ele>7.5</ele></trkpt>
      <trkpt lat="51.543227" lon="0.000606"><ele>7.5</ele></trkpt>
      <trkpt lat="51.543216" lon="0.000598"><ele>7.5</ele></trkpt>
      <trkpt lat="51.543212" lon="0.000595"><ele>7.5</ele></trkpt>
      <trkpt lat="51.543199" lon="0.000581"><ele>7.5</ele></trkpt>
      <trkpt lat="51.543181" lon="0.000567"><ele>7.25</ele></trkpt>
      <trkpt lat="51.543157" lon="0.0005"><ele>7.25</ele></trkpt>
      <trkpt lat="51.543133" lon="0.000438"><ele>7.25</ele></trkpt>
      <trkpt lat="51.543085" lon="0.000431"><ele>7</ele></trkpt>
      <trkpt lat="51.543061" lon="0.000396"><ele>7</ele></trkpt>
      <trkpt lat="51.543053" lon="0.00037"><ele>7</ele></trkpt>
      <trkpt lat="51.543008" lon="0.000396"><ele>7</ele></trkpt>
      <trkpt lat="51.542989" lon="0.000316"><ele>7</ele></trkpt>
      <trkpt lat="51.542898" lon="-0.000146"><ele>6.75</ele></trkpt>
      <trkpt lat="51.542809" lon="-0.000542"><ele>6</ele></trkpt>
      <trkpt lat="51.542742" lon="-0.000773"><ele>5.75</ele></trkpt>
      <trkpt lat="51.542721" lon="-0.000831"><ele>5.75</ele></trkpt>
      <trkpt lat="51.542662" lon="-0.000999"><ele>5.75</ele></trkpt>
      <trkpt lat="51.542595" lon="-0.001146"><ele>6</ele></trkpt>
      <trkpt lat="51.542564" lon="-0.001217"><ele>6</ele></trkpt>
      <trkpt lat="51.542445" lon="-0.001449"><ele>5.75</ele></trkpt>
      <trkpt lat="51.542337" lon="-0.00158"><ele>5.75</ele></trkpt>
      <trkpt lat="51.542288" lon="-0.001626"><ele>5.75</ele></trkpt>
      <trkpt lat="51.542117" lon="-0.001731"><ele>5.5</ele></trkpt>
      <trkpt lat="51.542012" lon="-0.001785"><ele>5.5</ele></trkpt>
      <trkpt lat="51.541857" lon="-0.001831"><ele>5.25</ele></trkpt>
      <trkpt lat="51.541867" lon="-0.001988"><ele>5.5</ele></trkpt>
      <trkpt lat="51.541832" lon="-0.002003"><ele>5.25</ele></trkpt>
      <trkpt lat="51.541785" lon="-0.002021"><ele>5.25</ele></trkpt>
      <trkpt lat="51.541762" lon="-0.002031"><ele>5</ele></trkpt>
      <trkpt lat="51.541669" lon="-0.002065"><ele>5</ele></trkpt>
      <trkpt lat="51.541597" lon="-0.002104"><ele>5</ele></trkpt>
      <trkpt lat="51.541516" lon="-0.002384"><ele>5</ele></trkpt>
      <trkpt lat="51.541468" lon="-0.0025"><ele>5</ele></trkpt>
      <trkpt lat="51.541407" lon="-0.002596"><ele>4.5</ele></trkpt>
      <trkpt lat="51.541433" lon="-0.002707"><ele>4.25</ele></trkpt>
      <trkpt lat="51.54149" lon="-0.002945"><ele>4</ele></trkpt>
      <trkpt lat="51.541571" lon="-0.003089"><ele>4.75</ele></trkpt>
      <trkpt lat="51.541734" lon="-0.003357"><ele>7</ele></trkpt>
      <trkpt lat="51.541832" lon="-0.003519"><ele>7</ele></trkpt>
      <trkpt lat="51.541897" lon="-0.003416"><ele>7</ele></trkpt>
      <trkpt lat="51.54189" lon="-0.003405"><ele>7</ele></trkpt>
    </trkseg>
    <trkseg>
      <trkpt lat="51.54189" lon="-0.003405"><ele>7</ele></trkpt>
      <trkpt lat="51.541897" lon="-0.003416"><ele>7</ele></trkpt>
      <trkpt lat="51.541832" lon="-0.003519"><ele>7</ele></trkpt>
      <trkpt lat="51.541734" lon="-0.003357"><ele>7</ele></trkpt>
      <trkpt lat="51.541571" lon="-0.003089"><ele>4.75</ele></trkpt>
      <trkpt lat="51.54149" lon="-0.002945"><ele>4</ele></trkpt>
      <trkpt lat="51.541536" lon="-0.003138"><ele>4.75</ele></trkpt>
      <trkpt lat="51.541547" lon="-0.00316"><ele>4.75</ele></trkpt>
      <trkpt lat="51.54152" lon="-0.003199"><ele>4.75</ele></trkpt>
      <trkpt lat="51.541488" lon="-0.003242"><ele>4.75</ele></trkpt>
      <trkpt lat="51.541466" lon="-0.003272"><ele>4.5</ele></trkpt>
      <trkpt lat="51.541308" lon="-0.0035"><ele>4.75</ele></trkpt>
      <trkpt lat="51.541279" lon="-0.00354"><ele>4.75</ele></trkpt>
      <trkpt lat="51.541267" lon="-0.003516"><ele>4.5</ele></trkpt>
      <trkpt lat="51.541155" lon="-0.00341"><ele>4</ele></trkpt>
      <trkpt lat="51.541132" lon="-0.003442"><ele>4</ele></trkpt>
      <trkpt lat="51.541109" lon="-0.003474"><ele>4</ele></trkpt>
      <trkpt lat="51.541086" lon="-0.003506"><ele>4</ele></trkpt>
      <trkpt lat="51.541063" lon="-0.003538"><ele>4</ele></trkpt>
      <trkpt lat="51.541022" lon="-0.003595"><ele>4</ele></trkpt>
      <trkpt lat="51.540939" lon="-0.003533"><ele>4</ele></trkpt>
      <trkpt lat="51.540877" lon="-0.003627"><ele>4</ele></trkpt>
      <trkpt lat="51.540835" lon="-0.003691"><ele>4.25</ele></trkpt>
      <trkpt lat="51.540785" lon="-0.00376"><ele>4.25</ele></trkpt>
      <trkpt lat="51.540741" lon="-0.003806"><ele>4.25</ele></trkpt>
      <trkpt lat="51.540702" lon="-0.003829"><ele>4.25</ele></trkpt>
      <trkpt lat="51.540619" lon="-0.003847"><ele>4</ele></trkpt>
      <trkpt lat="51.540578" lon="-0.003835"><ele>4</ele></trkpt>
      <trkpt lat="51.54049" lon="-0.003857"><ele>4</ele></trkpt>
      <trkpt lat="51.540481" lon="-0.00386"><ele>4</ele></trkpt>
      <trkpt lat="51.540454" lon="-0.003872"><ele>4</ele></trkpt>
      <trkpt lat="51.540379" lon="-0.003909"><ele>4</ele></trkpt>
      <trkpt lat="51.540336" lon="-0.00395"><ele>4</ele></trkpt>
      <trkpt lat="51.540291" lon="-0.003999"><ele>4</ele></trkpt>
      <trkpt lat="51.540259" lon="-0.003958"><ele>4</ele></trkpt>
      <trkpt lat="51.540167" lon="-0.00392"><ele>4</ele></trkpt>
      <trkpt lat="51.539931" lon="-0.003974"><ele>4</ele></trkpt>
      <trkpt lat="51.539851" lon="-0.003993"><ele>4</ele></trkpt>
      <trkpt lat="51.539597" lon="-0.004051"><ele>3.5</ele></trkpt>
      <trkpt lat="51.539578" lon="-0.004047"><ele>3.25</ele></trkpt>
      <trkpt lat="51.539555" lon="-0.00402"><ele>3.25</ele></trkpt>
      <trkpt lat="51.539534" lon="-0.003966"><ele>3.25</ele></trkpt>
      <trkpt lat="51.539516" lon="-0.00397"><ele>3.25</ele></trkpt>
      <trkpt lat="51.538918" lon="-0.004086"><ele>3</ele></trkpt>
      <trkpt lat="51.53886" lon="-0.004098"><ele>3</ele></trkpt>
      <trkpt lat="51.538789" lon="-0.004108"><ele>3.25</ele></trkpt>
      <trkpt lat="51.538807" lon="-0.00437"><ele>3</ele></trkpt>
      <trkpt lat="51.538551" lon="-0.004408"><ele>3.25</ele></trkpt>
      <trkpt lat="51.538395" lon="-0.004434"><ele>3.75</ele></trkpt>
      <trkpt lat="51.538355" lon="-0.004439"><ele>3.75</ele></trkpt>
      <trkpt lat="51.538326" lon="-0.004421"><ele>4</ele></trkpt>
      <trkpt lat="51.538323" lon="-0.004307"><ele>4</ele></trkpt>
      <trkpt lat="51.538103" lon="-0.004344"><ele>4</ele></trkpt>
      <trkpt lat="51.538093" lon="-0.004285"><ele>4</ele></trkpt>
      <trkpt lat="51.538071" lon="-0.00426"><ele>4</ele></trkpt>
      <trkpt lat="51.538049" lon="-0.003931"><ele>4</ele></trkpt>
      <trkpt lat="51.537417" lon="-0.004038"><ele>4</ele></trkpt>
      <trkpt lat="51.537391" lon="-0.004063"><ele>4</ele></trkpt>
      <trkpt lat="51.537375" lon="-0.004079"><ele>4</ele></trkpt>
      <trkpt lat="51.53701" lon="-0.004432"><ele>4</ele></trkpt>
      <trkpt lat="51.536739" lon="-0.004705"><ele>4</ele></trkpt>
      <trkpt lat="51.536703" lon="-0.004748"><ele>4</ele></trkpt>
      <trkpt lat="51.536588" lon="-0.004589"><ele>4.5</ele></trkpt>
      <trkpt lat="51.536539" lon="-0.004508"><ele>4.75</ele></trkpt>
      <trkpt lat="51.536475" lon="-0.004478"><ele>4.75</ele></trkpt>
      <trkpt lat="51.536456" lon="-0.004448"><ele>4.75</ele></trkpt>
      <trkpt lat="51.536442" lon="-0.004469"><ele>4.75</ele></trkpt>
      <trkpt lat="51.536424" lon="-0.004494"><ele>4.75</ele></trkpt>
      <trkpt lat="51.536392" lon="-0.004444"><ele>5</ele></trkpt>
      <trkpt lat="51.536353" lon="-0.004426"><ele>5</ele></trkpt>
      <trkpt lat="51.536333" lon="-0.004438"><ele>5</ele></trkpt>
      <trkpt lat="51.536298" lon="-0.004481"><ele>5</ele></trkpt>
      <trkpt lat="51.536279" lon="-0.004505"><ele>5</ele></trkpt>
      <trkpt lat="51.536273" lon="-0.004503"><ele>5</ele></trkpt>
      <trkpt lat="51.536249" lon="-0.004517"><ele>5</ele></trkpt>
      <trkpt lat="51.536213" lon="-0.004472"><ele>5</ele></trkpt>
      <trkpt lat="51.5362" lon="-0.004493"><ele>5</ele></trkpt>
      <trkpt lat="51.536124" lon="-0.004598"><ele>5</ele></trkpt>
      <trkpt lat="51.536087" lon="-0.004639"><ele>4.75</ele></trkpt>
      <trkpt lat="51.535737" lon="-0.005112"><ele>4.5</ele></trkpt>
      <trkpt lat="51.535465" lon="-0.005464"><ele>5</ele></trkpt>
      <trkpt lat="51.535352" lon="-0.005581"><ele>4.75</ele></trkpt>
      <trkpt lat="51.535284" lon="-0.005669"><ele>4.75</ele></trkpt>
      <trkpt lat="51.535226" lon="-0.005751"><ele>5</ele></trkpt>
      <trkpt lat="51.535174" lon="-0.005807"><ele>5.25</ele></trkpt>
      <trkpt lat="51.53512" lon="-0.005867"><ele>5.5</ele></trkpt>
      <trkpt lat="51.535017" lon="-0.005944"><ele>5.75</ele></trkpt>
      <trkpt lat="51.534693" lon="-0.006336"><ele>6.75</ele></trkpt>
      <trkpt lat="51.53434" lon="-0.00679"><ele>7</ele></trkpt>
      <trkpt lat="51.534274" lon="-0.006878"><ele>7.25</ele></trkpt>
      <trkpt lat="51.534207" lon="-0.006951"><ele>7.5</ele></trkpt>
      <trkpt lat="51.534168" lon="-0.006998"><ele>7.75</ele></trkpt>
      <trkpt lat="51.534072" lon="-0.007107"><ele>7</ele></trkpt>
      <trkpt lat="51.533867" lon="-0.007397"><ele>6.75</ele></trkpt>
      <trkpt lat="51.53385" lon="-0.007421"><ele>6.75</ele></trkpt>
      <trkpt lat="51.533683" lon="-0.007656"><ele>6.5</ele></trkpt>
      <trkpt lat="51.533652" lon="-0.007704"><ele>6.25</ele></trkpt>
      <trkpt lat="51.53356" lon="-0.007823"><ele>6</ele></trkpt>
      <trkpt lat="51.533517" lon="-0.007878"><ele>6</ele></trkpt>
      <trkpt lat="51.533449" lon="-0.007965"><ele>6.25</ele></trkpt>
      <trkpt lat="51.533412" lon="-0.008013"><ele>6.5</ele></trkpt>
      <trkpt lat="51.533236" lon="-0.008239"><ele>4.5</ele></trkpt>
      <trkpt lat="51.532973" lon="-0.00858"><ele>5</ele></trkpt>
      <trkpt lat="51.532962" lon="-0.008591"><ele>5</ele></trkpt>
      <trkpt lat="51.532451" lon="-0.0093"><ele>5</ele></trkpt>
      <trkpt lat="51.532419" lon="-0.009347"><ele>5</ele></trkpt>
      <trkpt lat="51.532395" lon="-0.00938"><ele>5</ele></trkpt>
      <trkpt lat="51.532362" lon="-0.009429"><ele>5</ele></trkpt>
      <trkpt lat="51.532339" lon="-0.009462"><ele>5</ele></trkpt>
      <trkpt lat="51.532301" lon="-0.009493"><ele>5</ele></trkpt>
      <trkpt lat="51.532232" lon="-0.009573"><ele>4.75</ele></trkpt>
      <trkpt lat="51.532179" lon="-0.009647"><ele>5</ele></trkpt>
      <trkpt lat="51.532147" lon="-0.009691"><ele>5</ele></trkpt>
      <trkpt lat="51.53186" lon="-0.010112"><ele>5.25</ele></trkpt>
      <trkpt lat="51.531855" lon="-0.010119"><ele>5.25</ele></trkpt>
      <trkpt lat="51.531799" lon="-0.010201"><ele>5.25</ele></trkpt>
      <trkpt lat="51.531675" lon="-0.010296"><ele>5</ele></trkpt>
      <trkpt lat="51.531459" lon="-0.010592"><ele>5</ele></trkpt>
      <trkpt lat="51.531196" lon="-0.010981"><ele>5</ele></trkpt>
      <trkpt lat="51.530906" lon="-0.011455"><ele>5.5</ele></trkpt>
      <trkpt lat="51.530592" lon="-0.012067"><ele>5</ele></trkpt>
      <trkpt lat="51.53035" lon="-0.012571"><ele>5.5</ele></trkpt>
      <trkpt lat="51.529892" lon="-0.013679"><ele>6.75</ele></trkpt>
      <trkpt lat="51.52961" lon="-0.014402"><ele>7.5</ele></trkpt>
      <trkpt lat="51.529437" lon="-0.014914"><ele>8</ele></trkpt>
      <trkpt lat="51.529272" lon="-0.01547"><ele>8.5</ele></trkpt>
      <trkpt lat="51.529167" lon="-0.01587"><ele>8.75</ele></trkpt>
      <trkpt lat="51.529125" lon="-0.016064"><ele>9</ele></trkpt>
      <trkpt lat="51.529119" lon="-0.016089"><ele>9</ele></trkpt>
      <trkpt lat="51.528944" lon="-0.016708"><ele>10</ele></trkpt>
      <trkpt lat="51.528903" lon="-0.016858"><ele>10</ele></trkpt>
      <trkpt lat="51.528825" lon="-0.017143"><ele>10</ele></trkpt>
      <trkpt lat="51.528712" lon="-0.017483"><ele>10</ele></trkpt>
      <trkpt lat="51.528682" lon="-0.017541"><ele>10</ele></trkpt>
      <trkpt lat="51.528556" lon="-0.017843"><ele>10.25</ele></trkpt>
      <trkpt lat="51.528596" lon="-0.017884"><ele>10.25</ele></trkpt>
      <trkpt lat="51.528556" lon="-0.017977"><ele>10.75</ele></trkpt>
      <trkpt lat="51.528471" lon="-0.018215"><ele>11</ele></trkpt>
      <trkpt lat="51.528443" lon="-0.018351"><ele>11</ele></trkpt>
      <trkpt lat="51.528416" lon="-0.018533"><ele>11</ele></trkpt>
      <trkpt lat="51.528316" lon="-0.019191"><ele>11</ele></trkpt>
      <trkpt lat="51.528346" lon="-0.019228"><ele>10.75</ele></trkpt>
      <trkpt lat="51.528341" lon="-0.01926"><ele>11</ele></trkpt>
      <trkpt lat="51.528331" lon="-0.019355"><ele>11</ele></trkpt>
      <trkpt lat="51.528317" lon="-0.019469"><ele>11</ele></trkpt>
      <trkpt lat="51.528322" lon="-0.019516"><ele>11</ele></trkpt>
      <trkpt lat="51.528306" lon="-0.019541"><ele>11</ele></trkpt>
      <trkpt lat="51.528298" lon="-0.019574"><ele>11</ele></trkpt>
      <trkpt lat="51.528253" lon="-0.019902"><ele>10.5</ele></trkpt>
      <trkpt lat="51.52821" lon="-0.020158"><ele>10.25</ele></trkpt>
      <trkpt lat="51.52816" lon="-0.020302"><ele>10.5</ele></trkpt>
      <trkpt lat="51.528108" lon="-0.020559"><ele>11.75</ele></trkpt>
      <trkpt lat="51.527997" lon="-0.021264"><ele>10.75</ele></trkpt>
      <trkpt lat="51.528001" lon="-0.021299"><ele>11</ele></trkpt>
      <trkpt lat="51.527994" lon="-0.021348"><ele>11.5</ele></trkpt>
      <trkpt lat="51.527986" lon="-0.021407"><ele>12</ele></trkpt>
      <trkpt lat="51.527977" lon="-0.021414"><ele>12</ele></trkpt>
      <trkpt lat="51.527968" lon="-0.021467"><ele>12</ele></trkpt>
      <trkpt lat="51.527935" lon="-0.021666"><ele>12</ele></trkpt>
      <trkpt lat="51.527925" lon="-0.021723"><ele>11.75</ele></trkpt>
      <trkpt lat="51.527916" lon="-0.021776"><ele>11.75</ele></trkpt>
      <trkpt lat="51.527829" lon="-0.022275"><ele>11</ele></trkpt>
      <trkpt lat="51.527822" lon="-0.022318"><ele>11</ele></trkpt>
      <trkpt lat="51.527813" lon="-0.022361"><ele>11</ele></trkpt>
      <trkpt lat="51.527763" lon="-0.022616"><ele>11.25</ele></trkpt>
      <trkpt lat="51.527699" lon="-0.022995"><ele>11.75</ele></trkpt>
      <trkpt lat="51.527695" lon="-0.023018"><ele>11.5</ele></trkpt>
      <trkpt lat="51.527691" lon="-0.023049"><ele>11.5</ele></trkpt>
      <trkpt lat="51.527685" lon="-0.023111"><ele>11.5</ele></trkpt>
      <trkpt lat="51.527675" lon="-0.023184"><ele>11.75</ele></trkpt>
      <trkpt lat="51.527668" lon="-0.023246"><ele>11.75</ele></trkpt>
      <trkpt lat="51.527644" lon="-0.023397"><ele>11.75</ele></trkpt>
      <trkpt lat="51.527517" lon="-0.024027"><ele>11.75</ele></trkpt>
      <trkpt lat="51.527475" lon="-0.024242"><ele>12</ele></trkpt>
      <trkpt lat="51.52747" lon="-0.024276"><ele>12</ele></trkpt>
      <trkpt lat="51.527465" lon="-0.024308"><ele>12</ele></trkpt>
      <trkpt lat="51.527373" lon="-0.024807"><ele>11.5</ele></trkpt>
      <trkpt lat="51.52731" lon="-0.025088"><ele>12</ele></trkpt>
      <trkpt lat="51.527241" lon="-0.025438"><ele>12</ele></trkpt>
      <trkpt lat="51.527238" lon="-0.025451"><ele>12</ele></trkpt>
      <trkpt lat="51.527226" lon="-0.025515"><ele>11.75</ele></trkpt>
      <trkpt lat="51.527214" lon="-0.025579"><ele>12</ele></trkpt>
      <trkpt lat="51.527223" lon="-0.025632"><ele>12.25</ele></trkpt>
      <trkpt lat="51.527166" lon="-0.025898"><ele>12.75</ele></trkpt>
      <trkpt lat="51.527122" lon="-0.026093"><ele>12.5</ele></trkpt>
      <trkpt lat="51.527087" lon="-0.026143"><ele>12.5</ele></trkpt>
      <trkpt lat="51.527077" lon="-0.026183"><ele>12.25</ele></trkpt>
      <trkpt lat="51.527067" lon="-0.026225"><ele>12.25</ele></trkpt>
      <trkpt lat="51.526992" lon="-0.026542"><ele>12.5</ele></trkpt>
      <trkpt lat="51.526986" lon="-0.026575"><ele>12.5</ele></trkpt>
      <trkpt lat="51.526979" lon="-0.026604"><ele>12.75</ele></trkpt>
      <trkpt lat="51.526931" lon="-0.02681"><ele>13</ele></trkpt>
      <trkpt lat="51.526923" lon="-0.026848"><ele>13</ele></trkpt>
      <trkpt lat="51.526903" lon="-0.026937"><ele>13</ele></trkpt>
      <trkpt lat="51.526833" lon="-0.027261"><ele>12.25</ele></trkpt>
      <trkpt lat="51.526821" lon="-0.027323"><ele>12.5</ele></trkpt>
      <trkpt lat="51.526808" lon="-0.027385"><ele>12.75</ele></trkpt>
      <trkpt lat="51.526754" lon="-0.02761"><ele>13</ele></trkpt>
      <trkpt lat="51.526707" lon="-0.027811"><ele>13</ele></trkpt>
      <trkpt lat="51.526698" lon="-0.02784"><ele>13</ele></trkpt>
      <trkpt lat="51.526687" lon="-0.027874"><ele>13</ele></trkpt>
      <trkpt lat="51.526575" lon="-0.028443"><ele>13</ele></trkpt>
      <trkpt lat="51.526502" lon="-0.028774"><ele>13</ele></trkpt>
      <trkpt lat="51.526489" lon="-0.028831"><ele>13</ele></trkpt>
      <trkpt lat="51.526476" lon="-0.02889"><ele>13</ele></trkpt>
      <trkpt lat="51.526374" lon="-0.029313"><ele>13</ele></trkpt>
      <trkpt lat="51.52636" lon="-0.029306"><ele>13</ele></trkpt>
      <trkpt lat="51.526354" lon="-0.029304"><ele>13</ele></trkpt>
      <trkpt lat="51.526305" lon="-0.029537"><ele>13</ele></trkpt>
      <trkpt lat="51.526272" lon="-0.02964"><ele>13</ele></trkpt>
      <trkpt lat="51.526176" lon="-0.02973"><ele>13</ele></trkpt>
      <trkpt lat="51.526161" lon="-0.029808"><ele>13</ele></trkpt>
      <trkpt lat="51.52613" lon="-0.029965"><ele>13</ele></trkpt>
      <trkpt lat="51.526117" lon="-0.030031"><ele>13</ele></trkpt>
      <trkpt lat="51.526105" lon="-0.030094"><ele>13</ele></trkpt>
      <trkpt lat="51.526092" lon="-0.030162"><ele>13</ele></trkpt>
      <trkpt lat="51.526088" lon="-0.030183"><ele>13</ele></trkpt>
      <trkpt lat="51.526015" lon="-0.030574"><ele>13</ele></trkpt>
      <trkpt lat="51.525935" lon="-0.030959"><ele>13</ele></trkpt>
      <trkpt lat="51.525785" lon="-0.031683"><ele>13</ele></trkpt>
      <trkpt lat="51.525738" lon="-0.031775"><ele>13</ele></trkpt>
      <trkpt lat="51.525726" lon="-0.031835"><ele>13</ele></trkpt>
      <trkpt lat="51.52547" lon="-0.03289"><ele>12</ele></trkpt>
      <trkpt lat="51.5254" lon="-0.033167"><ele>12</ele></trkpt>
      <trkpt lat="51.525315" lon="-0.033483"><ele>12</ele></trkpt>
      <trkpt lat="51.525293" lon="-0.033565"><ele>12</ele></trkpt>
      <trkpt lat="51.525273" lon="-0.033639"><ele>12</ele></trkpt>
      <trkpt lat="51.525207" lon="-0.033917"><ele>12</ele></trkpt>
      <trkpt lat="51.525148" lon="-0.034143"><ele>12</ele></trkpt>
      <trkpt lat="51.525124" lon="-0.034171"><ele>12</ele></trkpt>
      <trkpt lat="51.525099" lon="-0.034219"><ele>12</ele></trkpt>
      <trkpt lat="51.525061" lon="-0.03432"><ele>12</ele></trkpt>
      <trkpt lat="51.52504" lon="-0.034403"><ele>12</ele></trkpt>
      <trkpt lat="51.525005" lon="-0.03458"><ele>12</ele></trkpt>
      <trkpt lat="51.524991" lon="-0.034691"><ele>12</ele></trkpt>
      <trkpt lat="51.524933" lon="-0.034872"><ele>12</ele></trkpt>
      <trkpt lat="51.524872" lon="-0.035072"><ele>12</ele></trkpt>
      <trkpt lat="51.52486" lon="-0.035132"><ele>12</ele></trkpt>
      <trkpt lat="51.524852" lon="-0.035198"><ele>12.25</ele></trkpt>
      <trkpt lat="51.524843" lon="-0.035404"><ele>13</ele></trkpt>
      <trkpt lat="51.524834" lon="-0.035433"><ele>13</ele></trkpt>
      <trkpt lat="51.524798" lon="-0.035554"><ele>13</ele></trkpt>
      <trkpt lat="51.524776" lon="-0.035624"><ele>12.5</ele></trkpt>
      <trkpt lat="51.524495" lon="-0.036361"><ele>12</ele></trkpt>
      <trkpt lat="51.52438" lon="-0.036668"><ele>12.75</ele></trkpt>
      <trkpt lat="51.524329" lon="-0.036811"><ele>12</ele></trkpt>
      <trkpt lat="51.524274" lon="-0.036956"><ele>11.25</ele></trkpt>
      <trkpt lat="51.524262" lon="-0.036989"><ele>11.25</ele></trkpt>
      <trkpt lat="51.524227" lon="-0.037083"><ele>11.5</ele></trkpt>
      <trkpt lat="51.524183" lon="-0.037191"><ele>12.5</ele></trkpt>
      <trkpt lat="51.524134" lon="-0.037223"><ele>12.75</ele></trkpt>
      <trkpt lat="51.524092" lon="-0.037314"><ele>12.5</ele></trkpt>
      <trkpt lat="51.524061" lon="-0.037379"><ele>12.5</ele></trkpt>
      <trkpt lat="51.523969" lon="-0.037571"><ele>12.25</ele></trkpt>
      <trkpt lat="51.523939" lon="-0.037634"><ele>12</ele></trkpt>
      <trkpt lat="51.523925" lon="-0.037667"><ele>12</ele></trkpt>
      <trkpt lat="51.523882" lon="-0.037765"><ele>12</ele></trkpt>
      <trkpt lat="51.523833" lon="-0.03795"><ele>12</ele></trkpt>
      <trkpt lat="51.523654" lon="-0.038287"><ele>12</ele></trkpt>
      <trkpt lat="51.523656" lon="-0.038446"><ele>11.5</ele></trkpt>
      <trkpt lat="51.523556" lon="-0.038644"><ele>11.25</ele></trkpt>
      <trkpt lat="51.523532" lon="-0.038694"><ele>11.25</ele></trkpt>
      <trkpt lat="51.523504" lon="-0.038754"><ele>11.5</ele></trkpt>
      <trkpt lat="51.523425" lon="-0.038926"><ele>11.25</ele></trkpt>
      <trkpt lat="51.523316" lon="-0.039211"><ele>11</ele></trkpt>
      <trkpt lat="51.523289" lon="-0.039291"><ele>11</ele></trkpt>
      <trkpt lat="51.523279" lon="-0.039323"><ele>11</ele></trkpt>
      <trkpt lat="51.523269" lon="-0.039354"><ele>11</ele></trkpt>
      <trkpt lat="51.523145" lon="-0.039739"><ele>11</ele></trkpt>
      <trkpt lat="51.523127" lon="-0.039798"><ele>11</ele></trkpt>
      <trkpt lat="51.523104" lon="-0.039887"><ele>11</ele></trkpt>
      <trkpt lat="51.523096" lon="-0.039917"><ele>11</ele></trkpt>
      <trkpt lat="51.523088" lon="-0.039944"><ele>11</ele></trkpt>
      <trkpt lat="51.523057" lon="-0.040038"><ele>11</ele></trkpt>
      <trkpt lat="51.523003" lon="-0.040208"><ele>11.5</ele></trkpt>
      <trkpt lat="51.522963" lon="-0.040334"><ele>11.5</ele></trkpt>
      <trkpt lat="51.522939" lon="-0.04039"><ele>11.5</ele></trkpt>
      <trkpt lat="51.522924" lon="-0.040434"><ele>11.5</ele></trkpt>
      <trkpt lat="51.522954" lon="-0.040457"><ele>11.5</ele></trkpt>
      <trkpt lat="51.522947" lon="-0.040479"><ele>11.5</ele></trkpt>
      <trkpt lat="51.522891" lon="-0.040656"><ele>11.25</ele></trkpt>
      <trkpt lat="51.522885" lon="-0.040731"><ele>11</ele></trkpt>
      <trkpt lat="51.522838" lon="-0.040891"><ele>11</ele></trkpt>
      <trkpt lat="51.522782" lon="-0.041077"><ele>11</ele></trkpt>
      <trkpt lat="51.522746" lon="-0.041152"><ele>11</ele></trkpt>
      <trkpt lat="51.522607" lon="-0.041794"><ele>11</ele></trkpt>
      <trkpt lat="51.522616" lon="-0.041822"><ele>11</ele></trkpt>
      <trkpt lat="51.522611" lon="-0.041841"><ele>11</ele></trkpt>
      <trkpt lat="51.522601" lon="-0.041898"><ele>11</ele></trkpt>
      <trkpt lat="51.52259" lon="-0.041957"><ele>11</ele></trkpt>
      <trkpt lat="51.522586" lon="-0.041979"><ele>11</ele></trkpt>
      <trkpt lat="51.522573" lon="-0.041986"><ele>11</ele></trkpt>
      <trkpt lat="51.522566" lon="-0.042002"><ele>11</ele></trkpt>
      <trkpt lat="51.522545" lon="-0.042116"><ele>11</ele></trkpt>
      <trkpt lat="51.522431" lon="-0.04271"><ele>11</ele></trkpt>
      <trkpt lat="51.522427" lon="-0.042732"><ele>11</ele></trkpt>
      <trkpt lat="51.522423" lon="-0.042755"><ele>11</ele></trkpt>
      <trkpt lat="51.522421" lon="-0.042768"><ele>11</ele></trkpt>
      <trkpt lat="51.52239" lon="-0.043026"><ele>10.25</ele></trkpt>
      <trkpt lat="51.522351" lon="-0.043279"><ele>10.5</ele></trkpt>
      <trkpt lat="51.522344" lon="-0.043386"><ele>10.5</ele></trkpt>
      <trkpt lat="51.522304" lon="-0.044094"><ele>11.25</ele></trkpt>
      <trkpt lat="51.522279" lon="-0.044314"><ele>11.5</ele></trkpt>
      <trkpt lat="51.522278" lon="-0.044331"><ele>11.5</ele></trkpt>
      <trkpt lat="51.522275" lon="-0.044353"><ele>11.5</ele></trkpt>
      <trkpt lat="51.522225" lon="-0.044754"><ele>11</ele></trkpt>
      <trkpt lat="51.52219" lon="-0.04503"><ele>11</ele></trkpt>
      <trkpt lat="51.522098" lon="-0.045551"><ele>11</ele></trkpt>
      <trkpt lat="51.522043" lon="-0.045858"><ele>11</ele></trkpt>
      <trkpt lat="51.521979" lon="-0.046203"><ele>11</ele></trkpt>
      <trkpt lat="51.521974" lon="-0.046229"><ele>11</ele></trkpt>
      <trkpt lat="51.521962" lon="-0.046295"><ele>11</ele></trkpt>
      <trkpt lat="51.521953" lon="-0.046345"><ele>11</ele></trkpt>
      <trkpt lat="51.521949" lon="-0.046359"><ele>11</ele></trkpt>
      <trkpt lat="51.521932" lon="-0.046438"><ele>10.75</ele></trkpt>
      <trkpt lat="51.52181" lon="-0.046991"><ele>9.5</ele></trkpt>
      <trkpt lat="51.5218" lon="-0.046985"><ele>9.5</ele></trkpt>
      <trkpt lat="51.521792" lon="-0.046981"><ele>9.5</ele></trkpt>
      <trkpt lat="51.521771" lon="-0.047095"><ele>9.75</ele></trkpt>
      <trkpt lat="51.521743" lon="-0.047146"><ele>9.75</ele></trkpt>
      <trkpt lat="51.521711" lon="-0.047308"><ele>9.75</ele></trkpt>
      <trkpt lat="51.521641" lon="-0.047648"><ele>10</ele></trkpt>
      <trkpt lat="51.521618" lon="-0.047757"><ele>10</ele></trkpt>
      <trkpt lat="51.521377" lon="-0.048882"><ele>10</ele></trkpt>
      <trkpt lat="51.521348" lon="-0.049012"><ele>10</ele></trkpt>
      <trkpt lat="51.521324" lon="-0.04907"><ele>10</ele></trkpt>
      <trkpt lat="51.521265" lon="-0.049372"><ele>10</ele></trkpt>
      <trkpt lat="51.521239" lon="-0.049408"><ele>10</ele></trkpt>
      <trkpt lat="51.521229" lon="-0.049458"><ele>10</ele></trkpt>
      <trkpt lat="51.521171" lon="-0.049727"><ele>10</ele></trkpt>
      <trkpt lat="51.521149" lon="-0.049827"><ele>10</ele></trkpt>
      <trkpt lat="51.521124" lon="-0.049954"><ele>10</ele></trkpt>
      <trkpt lat="51.521101" lon="-0.050068"><ele>10</ele></trkpt>
      <trkpt lat="51.521082" lon="-0.050164"><ele>10</ele></trkpt>
      <trkpt lat="51.521071" lon="-0.050218"><ele>10</ele></trkpt>
      <trkpt lat="51.521051" lon="-0.050316"><ele>10.25</ele></trkpt>
      <trkpt lat="51.521041" lon="-0.050367"><ele>10.25</ele></trkpt>
      <trkpt lat="51.521032" lon="-0.05041"><ele>10.5</ele></trkpt>
      <trkpt lat="51.520972" lon="-0.050507"><ele>10.75</ele></trkpt>
      <trkpt lat="51.520946" lon="-0.050664"><ele>11</ele></trkpt>
      <trkpt lat="51.520904" lon="-0.050882"><ele>10.75</ele></trkpt>
      <trkpt lat="51.520896" lon="-0.050913"><ele>10.75</ele></trkpt>
      <trkpt lat="51.520873" lon="-0.050978"><ele>10.75</ele></trkpt>
      <trkpt lat="51.520854" lon="-0.051069"><ele>10.75</ele></trkpt>
      <trkpt lat="51.520731" lon="-0.051689"><ele>11</ele></trkpt>
      <trkpt lat="51.520668" lon="-0.051995"><ele>11</ele></trkpt>
      <trkpt lat="51.520634" lon="-0.052155"><ele>11</ele></trkpt>
      <trkpt lat="51.520606" lon="-0.052282"><ele>11</ele></trkpt>
      <trkpt lat="51.520533" lon="-0.052634"><ele>11</ele></trkpt>
      <trkpt lat="51.520468" lon="-0.052966"><ele>11</ele></trkpt>
      <trkpt lat="51.520448" lon="-0.053061"><ele>11</ele></trkpt>
      <trkpt lat="51.520419" lon="-0.053205"><ele>11</ele></trkpt>
      <trkpt lat="51.520364" lon="-0.053518"><ele>11</ele></trkpt>
      <trkpt lat="51.520353" lon="-0.053581"><ele>11</ele></trkpt>
      <trkpt lat="51.520341" lon="-0.053642"><ele>11</ele></trkpt>
      <trkpt lat="51.520316" lon="-0.053771"><ele>11</ele></trkpt>
      <trkpt lat="51.520236" lon="-0.054176"><ele>11</ele></trkpt>
      <trkpt lat="51.520153" lon="-0.054717"><ele>11</ele></trkpt>
      <trkpt lat="51.520072" lon="-0.055117"><ele>11</ele></trkpt>
      <trkpt lat="51.52007" lon="-0.055259"><ele>11</ele></trkpt>
      <trkpt lat="51.519996" lon="-0.055742"><ele>11</ele></trkpt>
      <trkpt lat="51.519981" lon="-0.055833"><ele>11</ele></trkpt>
      <trkpt lat="51.519978" lon="-0.055856"><ele>11</ele></trkpt>
      <trkpt lat="51.519964" lon="-0.055998"><ele>11</ele></trkpt>
      <trkpt lat="51.519955" lon="-0.056061"><ele>11</ele></trkpt>
      <trkpt lat="51.519934" lon="-0.056222"><ele>11.25</ele></trkpt>
      <trkpt lat="51.519917" lon="-0.056291"><ele>11.5</ele></trkpt>
      <trkpt lat="51.519885" lon="-0.056446"><ele>12</ele></trkpt>
      <trkpt lat="51.519897" lon="-0.056613"><ele>12</ele></trkpt>
      <trkpt lat="51.51989" lon="-0.056655"><ele>12</ele></trkpt>
      <trkpt lat="51.519919" lon="-0.05667"><ele>11.75</ele></trkpt>
      <trkpt lat="51.51997" lon="-0.056699"><ele>11.75</ele></trkpt>
      <trkpt lat="51.519837" lon="-0.057368"><ele>11.5</ele></trkpt>
      <trkpt lat="51.51968" lon="-0.058106"><ele>11.5</ele></trkpt>
      <trkpt lat="51.519679" lon="-0.058114"><ele>11.5</ele></trkpt>
      <trkpt lat="51.519674" lon="-0.058137"><ele>11.5</ele></trkpt>
      <trkpt lat="51.519668" lon="-0.058166"><ele>11.25</ele></trkpt>
      <trkpt lat="51.519665" lon="-0.058176"><ele>11.25</ele></trkpt>
      <trkpt lat="51.519356" lon="-0.059576"><ele>11.5</ele></trkpt>
      <trkpt lat="51.519374" lon="-0.059588"><ele>11.5</ele></trkpt>
      <trkpt lat="51.519488" lon="-0.059679"><ele>10.75</ele></trkpt>
      <trkpt lat="51.519518" lon="-0.059705"><ele>10.5</ele></trkpt>
      <trkpt lat="51.519543" lon="-0.059727"><ele>10.25</ele></trkpt>
      <trkpt lat="51.519568" lon="-0.059715"><ele>10</ele></trkpt>
      <trkpt lat="51.519575" lon="-0.059727"><ele>10</ele></trkpt>
      <trkpt lat="51.519636" lon="-0.059831"><ele>12.5</ele></trkpt>
    </trkseg>
    <trkseg>
      <trkpt lat="51.519636" lon="-0.059831"><ele>10.25</ele></trkpt>
      <trkpt lat="51.520016" lon="-0.060468"><ele>12.5</ele></trkpt>
      <trkpt lat="51.520037" lon="-0.060501"><ele>12.75</ele></trkpt>
      <trkpt lat="51.520006" lon="-0.060618"><ele>13</ele></trkpt>
      <trkpt lat="51.519994" lon="-0.060656"><ele>12.75</ele></trkpt>
      <trkpt lat="51.519989" lon="-0.060676"><ele>12.75</ele></trkpt>
      <trkpt lat="51.520012" lon="-0.060706"><ele>13</ele></trkpt>
      <trkpt lat="51.519959" lon="-0.06088"><ele>12.75</ele></trkpt>
      <trkpt lat="51.519949" lon="-0.060916"><ele>12.75</ele></trkpt>
      <trkpt lat="51.519904" lon="-0.061084"><ele>12.75</ele></trkpt>
      <trkpt lat="51.519825" lon="-0.061335"><ele>13</ele></trkpt>
      <trkpt lat="51.519782" lon="-0.061447"><ele>13</ele></trkpt>
      <trkpt lat="51.519732" lon="-0.061551"><ele>13</ele></trkpt>
      <trkpt lat="51.519724" lon="-0.061568"><ele>13</ele></trkpt>
      <trkpt lat="51.519655" lon="-0.061699"><ele>12.25</ele></trkpt>
      <trkpt lat="51.519533" lon="-0.061959"><ele>12.5</ele></trkpt>
      <trkpt lat="51.519562" lon="-0.06199"><ele>13</ele></trkpt>
      <trkpt lat="51.519731" lon="-0.062101"><ele>14</ele></trkpt>
      <trkpt lat="51.519841" lon="-0.062166"><ele>14</ele></trkpt>
      <trkpt lat="51.519839" lon="-0.062174"><ele>14</ele></trkpt>
      <trkpt lat="51.519829" lon="-0.06222"><ele>14</ele></trkpt>
      <trkpt lat="51.51988" lon="-0.062244"><ele>13.75</ele></trkpt>
      <trkpt lat="51.519851" lon="-0.062364"><ele>13.5</ele></trkpt>
      <trkpt lat="51.51975" lon="-0.06279"><ele>13</ele></trkpt>
      <trkpt lat="51.519629" lon="-0.063254"><ele>13</ele></trkpt>
      <trkpt lat="51.519607" lon="-0.06334"><ele>13</ele></trkpt>
      <trkpt lat="51.519692" lon="-0.063394"><ele>13</ele></trkpt>
      <trkpt lat="51.519705" lon="-0.063428"><ele>13</ele></trkpt>
      <trkpt lat="51.519719" lon="-0.06344"><ele>13</ele></trkpt>
      <trkpt lat="51.519702" lon="-0.063478"><ele>13</ele></trkpt>
      <trkpt lat="51.519682" lon="-0.063527"><ele>13</ele></trkpt>
      <trkpt lat="51.519643" lon="-0.063623"><ele>13</ele></trkpt>
      <trkpt lat="51.519656" lon="-0.063639"><ele>13</ele></trkpt>
      <trkpt lat="51.519678" lon="-0.063658"><ele>13</ele></trkpt>
      <trkpt lat="51.51966" lon="-0.063727"><ele>13</ele></trkpt>
      <trkpt lat="51.519659" lon="-0.063867"><ele>13</ele></trkpt>
      <trkpt lat="51.519651" lon="-0.06435"><ele>13</ele></trkpt>
      <trkpt lat="51.519671" lon="-0.06441"><ele>13</ele></trkpt>
      <trkpt lat="51.519671" lon="-0.064537"><ele>13</ele></trkpt>
      <trkpt lat="51.519672" lon="-0.064726"><ele>13</ele></trkpt>
      <trkpt lat="51.519673" lon="-0.064751"><ele>13</ele></trkpt>
      <trkpt lat="51.519675" lon="-0.064945"><ele>13</ele></trkpt>
      <trkpt lat="51.51971" lon="-0.065004"><ele>13</ele></trkpt>
      <trkpt lat="51.519716" lon="-0.065572"><ele>13</ele></trkpt>
      <trkpt lat="51.519717" lon="-0.065755"><ele>12.75</ele></trkpt>
      <trkpt lat="51.519722" lon="-0.066153"><ele>13</ele></trkpt>
      <trkpt lat="51.519722" lon="-0.066243"><ele>13</ele></trkpt>
      <trkpt lat="51.519726" lon="-0.066635"><ele>13</ele></trkpt>
      <trkpt lat="51.519706" lon="-0.067226"><ele>13</ele></trkpt>
      <trkpt lat="51.519686" lon="-0.06743"><ele>13</ele></trkpt>
      <trkpt lat="51.519658" lon="-0.067715"><ele>13</ele></trkpt>
      <trkpt lat="51.51964" lon="-0.067969"><ele>13</ele></trkpt>
      <trkpt lat="51.519674" lon="-0.068093"><ele>13</ele></trkpt>
      <trkpt lat="51.519785" lon="-0.068416"><ele>13</ele></trkpt>
      <trkpt lat="51.519875" lon="-0.068704"><ele>13</ele></trkpt>
      <trkpt lat="51.519904" lon="-0.068796"><ele>13</ele></trkpt>
      <trkpt lat="51.520028" lon="-0.069216"><ele>13</ele></trkpt>
      <trkpt lat="51.520237" lon="-0.069913"><ele>12</ele></trkpt>
      <trkpt lat="51.520254" lon="-0.069929"><ele>12</ele></trkpt>
      <trkpt lat="51.52029" lon="-0.069935"><ele>12</ele></trkpt>
      <trkpt lat="51.52029" lon="-0.069969"><ele>12</ele></trkpt>
      <trkpt lat="51.520291" lon="-0.069982"><ele>12</ele></trkpt>
      <trkpt lat="51.52029" lon="-0.070103"><ele>12</ele></trkpt>
      <trkpt lat="51.520288" lon="-0.070637"><ele>12.25</ele></trkpt>
      <trkpt lat="51.520285" lon="-0.071699"><ele>13.75</ele></trkpt>
      <trkpt lat="51.520288" lon="-0.071823"><ele>13.75</ele></trkpt>
      <trkpt lat="51.520288" lon="-0.07187"><ele>13.75</ele></trkpt>
      <trkpt lat="51.520291" lon="-0.07192"><ele>13.75</ele></trkpt>
      <trkpt lat="51.520297" lon="-0.072555"><ele>14</ele></trkpt>
      <trkpt lat="51.520299" lon="-0.072756"><ele>14</ele></trkpt>
      <trkpt lat="51.520306" lon="-0.073264"><ele>14</ele></trkpt>
      <trkpt lat="51.520306" lon="-0.073315"><ele>14</ele></trkpt>
      <trkpt lat="51.520305" lon="-0.073366"><ele>14</ele></trkpt>
      <trkpt lat="51.520291" lon="-0.073779"><ele>14</ele></trkpt>
      <trkpt lat="51.520285" lon="-0.073873"><ele>13.75</ele></trkpt>
      <trkpt lat="51.520286" lon="-0.073992"><ele>14</ele></trkpt>
      <trkpt lat="51.520273" lon="-0.074193"><ele>14</ele></trkpt>
      <trkpt lat="51.520267" lon="-0.07425"><ele>14</ele></trkpt>
      <trkpt lat="51.520262" lon="-0.074299"><ele>14</ele></trkpt>
      <trkpt lat="51.520226" lon="-0.074465"><ele>14</ele></trkpt>
      <trkpt lat="51.520205" lon="-0.074627"><ele>14</ele></trkpt>
      <trkpt lat="51.520206" lon="-0.074687"><ele>14</ele></trkpt>
      <trkpt lat="51.520207" lon="-0.074747"><ele>14</ele></trkpt>
      <trkpt lat="51.520212" lon="-0.074962"><ele>14</ele></trkpt>
      <trkpt lat="51.520215" lon="-0.075272"><ele>14</ele></trkpt>
      <trkpt lat="51.52022" lon="-0.075533"><ele>14</ele></trkpt>
      <trkpt lat="51.520204" lon="-0.075677"><ele>14</ele></trkpt>
      <trkpt lat="51.520205" lon="-0.075758"><ele>14</ele></trkpt>
      <trkpt lat="51.520224" lon="-0.075818"><ele>14</ele></trkpt>
      <trkpt lat="51.520217" lon="-0.075853"><ele>14</ele></trkpt>
      <trkpt lat="51.52021" lon="-0.075882"><ele>14</ele></trkpt>
      <trkpt lat="51.520273" lon="-0.076105"><ele>14</ele></trkpt>
      <trkpt lat="51.520324" lon="-0.07713"><ele>14</ele></trkpt>
      <trkpt lat="51.520343" lon="-0.077515"><ele>14</ele></trkpt>
      <trkpt lat="51.520344" lon="-0.077519"><ele>14</ele></trkpt>
      <trkpt lat="51.520355" lon="-0.077602"><ele>14</ele></trkpt>
      <trkpt lat="51.520355" lon="-0.077687"><ele>14</ele></trkpt>
      <trkpt lat="51.520425" lon="-0.078393"><ele>14</ele></trkpt>
      <trkpt lat="51.520438" lon="-0.078557"><ele>14</ele></trkpt>
      <trkpt lat="51.520441" lon="-0.078601"><ele>14</ele></trkpt>
      <trkpt lat="51.520445" lon="-0.078647"><ele>14</ele></trkpt>
      <trkpt lat="51.520451" lon="-0.078719"><ele>14</ele></trkpt>
      <trkpt lat="51.520454" lon="-0.078764"><ele>14</ele></trkpt>
      <trkpt lat="51.520461" lon="-0.07888"><ele>14</ele></trkpt>
      <trkpt lat="51.520468" lon="-0.079002"><ele>14.25</ele></trkpt>
      <trkpt lat="51.520475" lon="-0.079107"><ele>14.5</ele></trkpt>
      <trkpt lat="51.520486" lon="-0.079221"><ele>14.75</ele></trkpt>
      <trkpt lat="51.520494" lon="-0.07932"><ele>14.75</ele></trkpt>
      <trkpt lat="51.520506" lon="-0.079552"><ele>15.25</ele></trkpt>
      <trkpt lat="51.520474" lon="-0.079575"><ele>15.25</ele></trkpt>
      <trkpt lat="51.520495" lon="-0.07984"><ele>15.75</ele></trkpt>
      <trkpt lat="51.520396" lon="-0.079885"><ele>15.5</ele></trkpt>
      <trkpt lat="51.520283" lon="-0.079934"><ele>15.25</ele></trkpt>
      <trkpt lat="51.520176" lon="-0.079985"><ele>14.5</ele></trkpt>
      <trkpt lat="51.520069" lon="-0.080042"><ele>14.5</ele></trkpt>
      <trkpt lat="51.519966" lon="-0.080096"><ele>15.25</ele></trkpt>
      <trkpt lat="51.519944" lon="-0.080197"><ele>16.5</ele></trkpt>
      <trkpt lat="51.519765" lon="-0.080275"><ele>16.25</ele></trkpt>
      <trkpt lat="51.519516" lon="-0.080383"><ele>13.5</ele></trkpt>
      <trkpt lat="51.518753" lon="-0.080752"><ele>13</ele></trkpt>
      <trkpt lat="51.518717" lon="-0.080828"><ele>12.75</ele></trkpt>
      <trkpt lat="51.518364" lon="-0.081015"><ele>11.25</ele></trkpt>
      <trkpt lat="51.517888" lon="-0.081267"><ele>11.25</ele></trkpt>
      <trkpt lat="51.517811" lon="-0.081307"><ele>10.5</ele></trkpt>
      <trkpt lat="51.517826" lon="-0.08138"><ele>10</ele></trkpt>
      <trkpt lat="51.51783" lon="-0.081401"><ele>10</ele></trkpt>
      <trkpt lat="51.517809" lon="-0.081413"><ele>10</ele></trkpt>
      <trkpt lat="51.517782" lon="-0.081427"><ele>10</ele></trkpt>
      <trkpt lat="51.517693" lon="-0.081475"><ele>10.75</ele></trkpt>
      <trkpt lat="51.517737" lon="-0.081687"><ele>10.5</ele></trkpt>
      <trkpt lat="51.517787" lon="-0.081927"><ele>10.75</ele></trkpt>
      <trkpt lat="51.517836" lon="-0.082164"><ele>12.5</ele></trkpt>
      <trkpt lat="51.517855" lon="-0.082256"><ele>13</ele></trkpt>
      <trkpt lat="51.517874" lon="-0.082351"><ele>13</ele></trkpt>
      <trkpt lat="51.51789" lon="-0.082428"><ele>13.25</ele></trkpt>
      <trkpt lat="51.517908" lon="-0.082515"><ele>13.5</ele></trkpt>
      <trkpt lat="51.517914" lon="-0.082544"><ele>13.75</ele></trkpt>
      <trkpt lat="51.51793" lon="-0.082617"><ele>14</ele></trkpt>
      <trkpt lat="51.518012" lon="-0.082938"><ele>14.25</ele></trkpt>
      <trkpt lat="51.518024" lon="-0.082985"><ele>14.25</ele></trkpt>
      <trkpt lat="51.518056" lon="-0.083111"><ele>13.25</ele></trkpt>
      <trkpt lat="51.51807" lon="-0.083168"><ele>12.75</ele></trkpt>
      <trkpt lat="51.518085" lon="-0.083223"><ele>12.25</ele></trkpt>
      <trkpt lat="51.518105" lon="-0.083304"><ele>11.5</ele></trkpt>
      <trkpt lat="51.518148" lon="-0.083476"><ele>9.75</ele></trkpt>
      <trkpt lat="51.518192" lon="-0.083644"><ele>9</ele></trkpt>
      <trkpt lat="51.51822" lon="-0.083752"><ele>10.25</ele></trkpt>
      <trkpt lat="51.518234" lon="-0.08381"><ele>10.75</ele></trkpt>
      <trkpt lat="51.518237" lon="-0.083862"><ele>11</ele></trkpt>
      <trkpt lat="51.518261" lon="-0.083897"><ele>11.5</ele></trkpt>
      <trkpt lat="51.518244" lon="-0.08396"><ele>11.75</ele></trkpt>
      <trkpt lat="51.518232" lon="-0.083995"><ele>11.75</ele></trkpt>
      <trkpt lat="51.518217" lon="-0.084044"><ele>12</ele></trkpt>
      <trkpt lat="51.518193" lon="-0.084121"><ele>12.5</ele></trkpt>
      <trkpt lat="51.518178" lon="-0.084154"><ele>12.75</ele></trkpt>
      <trkpt lat="51.518197" lon="-0.084178"><ele>12.75</ele></trkpt>
      <trkpt lat="51.518207" lon="-0.084214"><ele>12.75</ele></trkpt>
      <trkpt lat="51.518491" lon="-0.085214"><ele>12.5</ele></trkpt>
      <trkpt lat="51.518533" lon="-0.085359"><ele>12.5</ele></trkpt>
      <trkpt lat="51.518607" lon="-0.085607"><ele>12.75</ele></trkpt>
      <trkpt lat="51.518748" lon="-0.086086"><ele>13.25</ele></trkpt>
      <trkpt lat="51.518791" lon="-0.086232"><ele>13</ele></trkpt>
      <trkpt lat="51.518815" lon="-0.086307"><ele>12.75</ele></trkpt>
      <trkpt lat="51.518849" lon="-0.086347"><ele>13.25</ele></trkpt>
      <trkpt lat="51.518983" lon="-0.086787"><ele>13.5</ele></trkpt>
      <trkpt lat="51.518996" lon="-0.08687"><ele>13.25</ele></trkpt>
      <trkpt lat="51.519007" lon="-0.086906"><ele>13.25</ele></trkpt>
      <trkpt lat="51.519034" lon="-0.087006"><ele>13.5</ele></trkpt>
      <trkpt lat="51.519125" lon="-0.087291"><ele>14</ele></trkpt>
      <trkpt lat="51.519166" lon="-0.087413"><ele>14</ele></trkpt>
      <trkpt lat="51.519188" lon="-0.087485"><ele>14</ele></trkpt>
      <trkpt lat="51.519192" lon="-0.087499"><ele>14</ele></trkpt>
      <trkpt lat="51.519263" lon="-0.087671"><ele>13.75</ele></trkpt>
      <trkpt lat="51.519311" lon="-0.087823"><ele>13.25</ele></trkpt>
      <trkpt lat="51.519316" lon="-0.087837"><ele>13.25</ele></trkpt>
      <trkpt lat="51.519333" lon="-0.087887"><ele>13.25</ele></trkpt>
      <trkpt lat="51.519361" lon="-0.087972"><ele>13.25</ele></trkpt>
      <trkpt lat="51.5194" lon="-0.088087"><ele>13.25</ele></trkpt>
      <trkpt lat="51.519421" lon="-0.088153"><ele>13.25</ele></trkpt>
      <trkpt lat="51.519444" lon="-0.088225"><ele>13.5</ele></trkpt>
      <trkpt lat="51.519521" lon="-0.088487"><ele>13</ele></trkpt>
      <trkpt lat="51.519652" lon="-0.088898"><ele>13.75</ele></trkpt>
      <trkpt lat="51.51969" lon="-0.089031"><ele>13.25</ele></trkpt>
      <trkpt lat="51.519712" lon="-0.089112"><ele>13</ele></trkpt>
      <trkpt lat="51.519837" lon="-0.089585"><ele>13.5</ele></trkpt>
      <trkpt lat="51.519855" lon="-0.08966"><ele>13.75</ele></trkpt>
      <trkpt lat="51.519894" lon="-0.089835"><ele>14.5</ele></trkpt>
      <trkpt lat="51.519911" lon="-0.089939"><ele>14.75</ele></trkpt>
      <trkpt lat="51.519995" lon="-0.089972"><ele>14.75</ele></trkpt>
      <trkpt lat="51.520014" lon="-0.09003"><ele>15</ele></trkpt>
      <trkpt lat="51.52002" lon="-0.090047"><ele>15</ele></trkpt>
      <trkpt lat="51.520029" lon="-0.090073"><ele>15</ele></trkpt>
      <trkpt lat="51.520175" lon="-0.090758"><ele>15.5</ele></trkpt>
      <trkpt lat="51.520194" lon="-0.090846"><ele>15.5</ele></trkpt>
      <trkpt lat="51.520777" lon="-0.090579"><ele>16.75</ele></trkpt>
      <trkpt lat="51.520808" lon="-0.090566"><ele>16.75</ele></trkpt>
      <trkpt lat="51.52084" lon="-0.090556"><ele>17</ele></trkpt>
      <trkpt lat="51.520901" lon="-0.091094"><ele>17.75</ele></trkpt>
      <trkpt lat="51.520958" lon="-0.091565"><ele>18</ele></trkpt>
      <trkpt lat="51.520963" lon="-0.091608"><ele>18</ele></trkpt>
      <trkpt lat="51.52102" lon="-0.092271"><ele>18</ele></trkpt>
      <trkpt lat="51.521019" lon="-0.092358"><ele>18</ele></trkpt>
      <trkpt lat="51.521014" lon="-0.092423"><ele>18</ele></trkpt>
      <trkpt lat="51.52098" lon="-0.092609"><ele>18</ele></trkpt>
      <trkpt lat="51.520923" lon="-0.092874"><ele>18</ele></trkpt>
      <trkpt lat="51.520908" lon="-0.092956"><ele>18</ele></trkpt>
      <trkpt lat="51.520906" lon="-0.092965"><ele>18</ele></trkpt>
      <trkpt lat="51.520909" lon="-0.093087"><ele>18</ele></trkpt>
      <trkpt lat="51.520757" lon="-0.093923"><ele>17.5</ele></trkpt>
      <trkpt lat="51.52077" lon="-0.093928"><ele>17.75</ele></trkpt>
      <trkpt lat="51.520765" lon="-0.093958"><ele>17.75</ele></trkpt>
      <trkpt lat="51.52053" lon="-0.095254"><ele>17.75</ele></trkpt>
      <trkpt lat="51.52043" lon="-0.095809"><ele>16</ele></trkpt>
      <trkpt lat="51.520426" lon="-0.095834"><ele>15.75</ele></trkpt>
      <trkpt lat="51.520422" lon="-0.095855"><ele>15.75</ele></trkpt>
      <trkpt lat="51.520221" lon="-0.096929"><ele>17.75</ele></trkpt>
      <trkpt lat="51.520204" lon="-0.097074"><ele>18</ele></trkpt>
      <trkpt lat="51.520206" lon="-0.097216"><ele>18</ele></trkpt>
      <trkpt lat="51.520259" lon="-0.097285"><ele>18</ele></trkpt>
      <trkpt lat="51.520254" lon="-0.097337"><ele>18</ele></trkpt>
      <trkpt lat="51.52025" lon="-0.097387"><ele>18</ele></trkpt>
      <trkpt lat="51.520249" lon="-0.097406"><ele>18</ele></trkpt>
      <trkpt lat="51.520245" lon="-0.097458"><ele>18</ele></trkpt>
      <trkpt lat="51.520241" lon="-0.097513"><ele>17.75</ele></trkpt>
      <trkpt lat="51.520346" lon="-0.097541"><ele>17.5</ele></trkpt>
      <trkpt lat="51.52065" lon="-0.097626"><ele>18.25</ele></trkpt>
      <trkpt lat="51.52065" lon="-0.097676"><ele>18.25</ele></trkpt>
      <trkpt lat="51.520528" lon="-0.098442"><ele>17</ele></trkpt>
      <trkpt lat="51.520473" lon="-0.098753"><ele>15.75</ele></trkpt>
      <trkpt lat="51.520483" lon="-0.098758"><ele>16</ele></trkpt>
      <trkpt lat="51.520504" lon="-0.098769"><ele>16.5</ele></trkpt>
      <trkpt lat="51.520465" lon="-0.098947"><ele>15.75</ele></trkpt>
      <trkpt lat="51.520329" lon="-0.09942"><ele>15.25</ele></trkpt>
      <trkpt lat="51.520262" lon="-0.099664"><ele>16.5</ele></trkpt>
      <trkpt lat="51.520165" lon="-0.100125"><ele>16.25</ele></trkpt>
      <trkpt lat="51.520155" lon="-0.100173"><ele>16</ele></trkpt>
      <trkpt lat="51.520145" lon="-0.100278"><ele>16</ele></trkpt>
      <trkpt lat="51.520002" lon="-0.100762"><ele>16</ele></trkpt>
      <trkpt lat="51.519746" lon="-0.101631"><ele>15.75</ele></trkpt>
      <trkpt lat="51.519762" lon="-0.101657"><ele>15.75</ele></trkpt>
      <trkpt lat="51.519794" lon="-0.101705"><ele>15.5</ele></trkpt>
      <trkpt lat="51.519808" lon="-0.101727"><ele>15.5</ele></trkpt>
      <trkpt lat="51.519873" lon="-0.101777"><ele>15.25</ele></trkpt>
      <trkpt lat="51.519908" lon="-0.101767"><ele>15.25</ele></trkpt>
      <trkpt lat="51.519904" lon="-0.101824"><ele>15.25</ele></trkpt>
      <trkpt lat="51.519901" lon="-0.101856"><ele>15.25</ele></trkpt>
      <trkpt lat="51.519888" lon="-0.102028"><ele>15.25</ele></trkpt>
      <trkpt lat="51.519897" lon="-0.102078"><ele>15.25</ele></trkpt>
      <trkpt lat="51.520023" lon="-0.10222"><ele>14.75</ele></trkpt>
      <trkpt lat="51.520087" lon="-0.102392"><ele>14.75</ele></trkpt>
      <trkpt lat="51.520092" lon="-0.102436"><ele>14.75</ele></trkpt>
      <trkpt lat="51.520101" lon="-0.102504"><ele>15</ele></trkpt>
      <trkpt lat="51.52013" lon="-0.102937"><ele>14.5</ele></trkpt>
      <trkpt lat="51.520144" lon="-0.10313"><ele>14.25</ele></trkpt>
      <trkpt lat="51.520146" lon="-0.103189"><ele>14</ele></trkpt>
      <trkpt lat="51.520145" lon="-0.103348"><ele>13.75</ele></trkpt>
      <trkpt lat="51.520143" lon="-0.103559"><ele>13</ele></trkpt>
      <trkpt lat="51.520138" lon="-0.104"><ele>10.75</ele></trkpt>
      <trkpt lat="51.520141" lon="-0.104184"><ele>10</ele></trkpt>
      <trkpt lat="51.520159" lon="-0.104331"><ele>10.25</ele></trkpt>
      <trkpt lat="51.520172" lon="-0.104388"><ele>10.25</ele></trkpt>
      <trkpt lat="51.52016" lon="-0.104408"><ele>10.25</ele></trkpt>
      <trkpt lat="51.520141" lon="-0.104449"><ele>10</ele></trkpt>
      <trkpt lat="51.520066" lon="-0.104695"><ele>8.5</ele></trkpt>
      <trkpt lat="51.520125" lon="-0.104743"><ele>8.75</ele></trkpt>
      <trkpt lat="51.520219" lon="-0.104821"><ele>8.5</ele></trkpt>
      <trkpt lat="51.520125" lon="-0.104743"><ele>8.75</ele></trkpt>
      <trkpt lat="51.520066" lon="-0.104695"><ele>8.5</ele></trkpt>
      <trkpt lat="51.520047" lon="-0.104763"><ele>8.25</ele></trkpt>
      <trkpt lat="51.51996" lon="-0.104996"><ele>7.5</ele></trkpt>
      <trkpt lat="51.519845" lon="-0.105389"><ele>7.75</ele></trkpt>
      <trkpt lat="51.519824" lon="-0.105574"><ele>10</ele></trkpt>
      <trkpt lat="51.519821" lon="-0.105586"><ele>10</ele></trkpt>
      <trkpt lat="51.519817" lon="-0.105604"><ele>10.25</ele></trkpt>
      <trkpt lat="51.519803" lon="-0.105697"><ele>10.75</ele></trkpt>
      <trkpt lat="51.519789" lon="-0.105749"><ele>11</ele></trkpt>
      <trkpt lat="51.519786" lon="-0.105767"><ele>11.25</ele></trkpt>
      <trkpt lat="51.519797" lon="-0.105771"><ele>11.25</ele></trkpt>
      <trkpt lat="51.519741" lon="-0.105851"><ele>11.75</ele></trkpt>
      <trkpt lat="51.519624" lon="-0.106188"><ele>12.5</ele></trkpt>
      <trkpt lat="51.51962" lon="-0.106199"><ele>12.5</ele></trkpt>
      <trkpt lat="51.519612" lon="-0.106227"><ele>12.75</ele></trkpt>
      <trkpt lat="51.519606" lon="-0.106252"><ele>12.75</ele></trkpt>
      <trkpt lat="51.519525" lon="-0.106858"><ele>15.25</ele></trkpt>
      <trkpt lat="51.519486" lon="-0.107122"><ele>16.5</ele></trkpt>
      <trkpt lat="51.519371" lon="-0.108037"><ele>17.75</ele></trkpt>
      <trkpt lat="51.519362" lon="-0.10811"><ele>18</ele></trkpt>
      <trkpt lat="51.51935" lon="-0.108199"><ele>18</ele></trkpt>
      <trkpt lat="51.519287" lon="-0.108645"><ele>17.25</ele></trkpt>
      <trkpt lat="51.519282" lon="-0.108684"><ele>17.5</ele></trkpt>
      <trkpt lat="51.519254" lon="-0.108724"><ele>17.75</ele></trkpt>
      <trkpt lat="51.519206" lon="-0.109092"><ele>19</ele></trkpt>
      <trkpt lat="51.519187" lon="-0.109088"><ele>19</ele></trkpt>
      <trkpt lat="51.519176" lon="-0.109085"><ele>19</ele></trkpt>
      <trkpt lat="51.518981" lon="-0.109028"><ele>17.75</ele></trkpt>
      <trkpt lat="51.518696" lon="-0.109013"><ele>17.5</ele></trkpt>
      <trkpt lat="51.518705" lon="-0.109172"><ele>16.5</ele></trkpt>
      <trkpt lat="51.518712" lon="-0.109253"><ele>17</ele></trkpt>
      <trkpt lat="51.51862" lon="-0.109279"><ele>17.75</ele></trkpt>
      <trkpt lat="51.518625" lon="-0.10936"><ele>18.25</ele></trkpt>
      <trkpt lat="51.518653" lon="-0.109792"><ele>20</ele></trkpt>
      <trkpt lat="51.518483" lon="-0.109839"><ele>19.75</ele></trkpt>
      <trkpt lat="51.518456" lon="-0.109847"><ele>19.5</ele></trkpt>
      <trkpt lat="51.51827" lon="-0.109899"><ele>19.25</ele></trkpt>
      <trkpt lat="51.518189" lon="-0.109922"><ele>19</ele></trkpt>
      <trkpt lat="51.518113" lon="-0.10995"><ele>19</ele></trkpt>
      <trkpt lat="51.518106" lon="-0.109953"><ele>19</ele></trkpt>
      <trkpt lat="51.518149" lon="-0.110492"><ele>19.75</ele></trkpt>
      <trkpt lat="51.518185" lon="-0.11055"><ele>19.75</ele></trkpt>
      <trkpt lat="51.518184" lon="-0.110564"><ele>20</ele></trkpt>
      <trkpt lat="51.518189" lon="-0.110611"><ele>20</ele></trkpt>
      <trkpt lat="51.518134" lon="-0.110634"><ele>20</ele></trkpt>
      <trkpt lat="51.518198" lon="-0.111136"><ele>20</ele></trkpt>
      <trkpt lat="51.518203" lon="-0.111186"><ele>20</ele></trkpt>
      <trkpt lat="51.518176" lon="-0.111381"><ele>20</ele></trkpt>
      <trkpt lat="51.518192" lon="-0.111548"><ele>20.25</ele></trkpt>
      <trkpt lat="51.518194" lon="-0.111577"><ele>20.25</ele></trkpt>
      <trkpt lat="51.5182" lon="-0.111653"><ele>20.25</ele></trkpt>
      <trkpt lat="51.518231" lon="-0.112011"><ele>21</ele></trkpt>
      <trkpt lat="51.518267" lon="-0.112423"><ele>21</ele></trkpt>
      <trkpt lat="51.518281" lon="-0.112694"><ele>21</ele></trkpt>
      <trkpt lat="51.518288" lon="-0.112908"><ele>21</ele></trkpt>
      <trkpt lat="51.518271" lon="-0.113485"><ele>21.25</ele></trkpt>
      <trkpt lat="51.518269" lon="-0.113539"><ele>21.5</ele></trkpt>
      <trkpt lat="51.518269" lon="-0.11358"><ele>21.5</ele></trkpt>
      <trkpt lat="51.518255" lon="-0.113802"><ele>21.5</ele></trkpt>
      <trkpt lat="51.518245" lon="-0.113942"><ele>21.5</ele></trkpt>
      <trkpt lat="51.51824" lon="-0.114009"><ele>21.5</ele></trkpt>
      <trkpt lat="51.518238" lon="-0.114021"><ele>21.5</ele></trkpt>
      <trkpt lat="51.518178" lon="-0.114722"><ele>21.25</ele></trkpt>
      <trkpt lat="51.518105" lon="-0.115426"><ele>23</ele></trkpt>
      <trkpt lat="51.518073" lon="-0.115738"><ele>23.5</ele></trkpt>
      <trkpt lat="51.518063" lon="-0.115823"><ele>23.75</ele></trkpt>
      <trkpt lat="51.518052" lon="-0.115923"><ele>23.75</ele></trkpt>
      <trkpt lat="51.517985" lon="-0.11647"><ele>23.75</ele></trkpt>
      <trkpt lat="51.517878" lon="-0.117405"><ele>23</ele></trkpt>
      <trkpt lat="51.517869" lon="-0.117474"><ele>23.5</ele></trkpt>
      <trkpt lat="51.517861" lon="-0.117541"><ele>23.5</ele></trkpt>
      <trkpt lat="51.517853" lon="-0.117601"><ele>23.25</ele></trkpt>
      <trkpt lat="51.517825" lon="-0.117826"><ele>23</ele></trkpt>
      <trkpt lat="51.517808" lon="-0.118022"><ele>23.25</ele></trkpt>
      <trkpt lat="51.517764" lon="-0.118429"><ele>24</ele></trkpt>
      <trkpt lat="51.517754" lon="-0.118598"><ele>24</ele></trkpt>
      <trkpt lat="51.517752" lon="-0.118635"><ele>24</ele></trkpt>
      <trkpt lat="51.517725" lon="-0.118699"><ele>24</ele></trkpt>
      <trkpt lat="51.517702" lon="-0.118897"><ele>24</ele></trkpt>
      <trkpt lat="51.517691" lon="-0.118967"><ele>24</ele></trkpt>
      <trkpt lat="51.517688" lon="-0.119069"><ele>24</ele></trkpt>
      <trkpt lat="51.517706" lon="-0.119178"><ele>24</ele></trkpt>
      <trkpt lat="51.517666" lon="-0.119991"><ele>23.25</ele></trkpt>
      <trkpt lat="51.517661" lon="-0.120061"><ele>23.5</ele></trkpt>
      <trkpt lat="51.517653" lon="-0.120138"><ele>23.5</ele></trkpt>
      <trkpt lat="51.517636" lon="-0.120329"><ele>24</ele></trkpt>
      <trkpt lat="51.51763" lon="-0.120385"><ele>24</ele></trkpt>
      <trkpt lat="51.517617" lon="-0.120458"><ele>24</ele></trkpt>
      <trkpt lat="51.517588" lon="-0.120598"><ele>24</ele></trkpt>
      <trkpt lat="51.517485" lon="-0.121258"><ele>23.75</ele></trkpt>
      <trkpt lat="51.517419" lon="-0.121696"><ele>24</ele></trkpt>
      <trkpt lat="51.517407" lon="-0.121764"><ele>24</ele></trkpt>
      <trkpt lat="51.517396" lon="-0.121822"><ele>24</ele></trkpt>
      <trkpt lat="51.517388" lon="-0.121861"><ele>24</ele></trkpt>
      <trkpt lat="51.517376" lon="-0.121947"><ele>24</ele></trkpt>
      <trkpt lat="51.517287" lon="-0.122404"><ele>24</ele></trkpt>
      <trkpt lat="51.517227" lon="-0.122591"><ele>24</ele></trkpt>
      <trkpt lat="51.517206" lon="-0.122648"><ele>24</ele></trkpt>
      <trkpt lat="51.517091" lon="-0.122878"><ele>24</ele></trkpt>
      <trkpt lat="51.516774" lon="-0.123509"><ele>23.75</ele></trkpt>
      <trkpt lat="51.516469" lon="-0.124071"><ele>24</ele></trkpt>
      <trkpt lat="51.516339" lon="-0.124297"><ele>24</ele></trkpt>
      <trkpt lat="51.516313" lon="-0.124309"><ele>24</ele></trkpt>
      <trkpt lat="51.516258" lon="-0.124435"><ele>24</ele></trkpt>
      <trkpt lat="51.516225" lon="-0.124506"><ele>24</ele></trkpt>
      <trkpt lat="51.516215" lon="-0.124534"><ele>24</ele></trkpt>
      <trkpt lat="51.516219" lon="-0.124574"><ele>24</ele></trkpt>
      <trkpt lat="51.516215" lon="-0.124588"><ele>24</ele></trkpt>
      <trkpt lat="51.516194" lon="-0.124662"><ele>24</ele></trkpt>
      <trkpt lat="51.515966" lon="-0.125416"><ele>23.25</ele></trkpt>
      <trkpt lat="51.515871" lon="-0.125835"><ele>23</ele></trkpt>
      <trkpt lat="51.515882" lon="-0.125917"><ele>23</ele></trkpt>
      <trkpt lat="51.515815" lon="-0.126204"><ele>23</ele></trkpt>
      <trkpt lat="51.515807" lon="-0.126237"><ele>23</ele></trkpt>
      <trkpt lat="51.515773" lon="-0.126392"><ele>23</ele></trkpt>
      <trkpt lat="51.515746" lon="-0.126521"><ele>23</ele></trkpt>
      <trkpt lat="51.515679" lon="-0.126677"><ele>23</ele></trkpt>
      <trkpt lat="51.515669" lon="-0.126877"><ele>23</ele></trkpt>
      <trkpt lat="51.515616" lon="-0.12725"><ele>23</ele></trkpt>
      <trkpt lat="51.515601" lon="-0.127442"><ele>23</ele></trkpt>
      <trkpt lat="51.515585" lon="-0.12764"><ele>23.5</ele></trkpt>
      <trkpt lat="51.51558" lon="-0.127922"><ele>24</ele></trkpt>
      <trkpt lat="51.51558" lon="-0.128116"><ele>24</ele></trkpt>
      <trkpt lat="51.515589" lon="-0.128318"><ele>24.75</ele></trkpt>
      <trkpt lat="51.515598" lon="-0.128378"><ele>25</ele></trkpt>
      <trkpt lat="51.515598" lon="-0.128487"><ele>24.75</ele></trkpt>
      <trkpt lat="51.515599" lon="-0.128532"><ele>25</ele></trkpt>
      <trkpt lat="51.5156" lon="-0.128689"><ele>25</ele></trkpt>
      <trkpt lat="51.515637" lon="-0.128758"><ele>25</ele></trkpt>
      <trkpt lat="51.515803" lon="-0.129075"><ele>25.25</ele></trkpt>
      <trkpt lat="51.515877" lon="-0.129225"><ele>25</ele></trkpt>
      <trkpt lat="51.515924" lon="-0.129397"><ele>25</ele></trkpt>
      <trkpt lat="51.515865" lon="-0.129761"><ele>25</ele></trkpt>
      <trkpt lat="51.515847" lon="-0.129884"><ele>24.75</ele></trkpt>
      <trkpt lat="51.515832" lon="-0.130006"><ele>24.75</ele></trkpt>
      <trkpt lat="51.515815" lon="-0.13013"><ele>25</ele></trkpt>
      <trkpt lat="51.515811" lon="-0.130168"><ele>25</ele></trkpt>
      <trkpt lat="51.515798" lon="-0.130251"><ele>25</ele></trkpt>
      <trkpt lat="51.515791" lon="-0.130295"><ele>24.75</ele></trkpt>
      <trkpt lat="51.515694" lon="-0.130263"><ele>25</ele></trkpt>
      <trkpt lat="51.51568" lon="-0.130357"><ele>24.75</ele></trkpt>
      <trkpt lat="51.515672" lon="-0.130385"><ele>24.75</ele></trkpt>
      <trkpt lat="51.515668" lon="-0.130435"><ele>24.25</ele></trkpt>
      <trkpt lat="51.515662" lon="-0.130511"><ele>24.25</ele></trkpt>
      <trkpt lat="51.515646" lon="-0.130587"><ele>24.25</ele></trkpt>
      <trkpt lat="51.515657" lon="-0.130595"><ele>24.25</ele></trkpt>
      <trkpt lat="51.51567" lon="-0.130604"><ele>24.25</ele></trkpt>
      <trkpt lat="51.51571" lon="-0.130632"><ele>24.5</ele></trkpt>
      <trkpt lat="51.515663" lon="-0.130822"><ele>24.25</ele></trkpt>
      <trkpt lat="51.51565" lon="-0.130874"><ele>24.25</ele></trkpt>
      <trkpt lat="51.515633" lon="-0.130946"><ele>24.5</ele></trkpt>
      <trkpt lat="51.515624" lon="-0.130981"><ele>24.5</ele></trkpt>
      <trkpt lat="51.515467" lon="-0.13156"><ele>25.75</ele></trkpt>
      <trkpt lat="51.515433" lon="-0.131691"><ele>25.5</ele></trkpt>
      <trkpt lat="51.515683" lon="-0.131868"><ele>25.5</ele></trkpt>
      <trkpt lat="51.515718" lon="-0.131912"><ele>25.75</ele></trkpt>
      <trkpt lat="51.515739" lon="-0.13197"><ele>26</ele></trkpt>
      <trkpt lat="51.515746" lon="-0.132032"><ele>26</ele></trkpt>
      <trkpt lat="51.515743" lon="-0.132103"><ele>26</ele></trkpt>
      <trkpt lat="51.515651" lon="-0.132443"><ele>26</ele></trkpt>
      <trkpt lat="51.51572" lon="-0.13249"><ele>26</ele></trkpt>
      <trkpt lat="51.515717" lon="-0.132511"><ele>25.75</ele></trkpt>
      <trkpt lat="51.515718" lon="-0.132528"><ele>25.75</ele></trkpt>
      <trkpt lat="51.516091" lon="-0.132778"><ele>26</ele></trkpt>
      <trkpt lat="51.51616" lon="-0.132855"><ele>26</ele></trkpt>
      <trkpt lat="51.516191" lon="-0.132906"><ele>26</ele></trkpt>
      <trkpt lat="51.516186" lon="-0.133008"><ele>26</ele></trkpt>
      <trkpt lat="51.516061" lon="-0.13401"><ele>26</ele></trkpt>
      <trkpt lat="51.516003" lon="-0.134464"><ele>25.75</ele></trkpt>
      <trkpt lat="51.515992" lon="-0.134521"><ele>25.75</ele></trkpt>
      <trkpt lat="51.515986" lon="-0.13458"><ele>25.75</ele></trkpt>
      <trkpt lat="51.515982" lon="-0.134616"><ele>25.5</ele></trkpt>
      <trkpt lat="51.51598" lon="-0.134629"><ele>25.5</ele></trkpt>
      <trkpt lat="51.515965" lon="-0.134787"><ele>25.25</ele></trkpt>
      <trkpt lat="51.515875" lon="-0.135747"><ele>25.75</ele></trkpt>
      <trkpt lat="51.515871" lon="-0.135799"><ele>25.75</ele></trkpt>
      <trkpt lat="51.515868" lon="-0.135831"><ele>25.75</ele></trkpt>
      <trkpt lat="51.515866" lon="-0.135861"><ele>26</ele></trkpt>
      <trkpt lat="51.515864" lon="-0.135877"><ele>25.75</ele></trkpt>
      <trkpt lat="51.515845" lon="-0.136026"><ele>26</ele></trkpt>
      <trkpt lat="51.515767" lon="-0.136653"><ele>26</ele></trkpt>
      <trkpt lat="51.515766" lon="-0.13666"><ele>26</ele></trkpt>
      <trkpt lat="51.515765" lon="-0.136703"><ele>26</ele></trkpt>
      <trkpt lat="51.515763" lon="-0.136739"><ele>26</ele></trkpt>
      <trkpt lat="51.515753" lon="-0.136835"><ele>26</ele></trkpt>
      <trkpt lat="51.515683" lon="-0.137601"><ele>25.75</ele></trkpt>
      <trkpt lat="51.515681" lon="-0.137613"><ele>26</ele></trkpt>
      <trkpt lat="51.51568" lon="-0.137634"><ele>26</ele></trkpt>
      <trkpt lat="51.515679" lon="-0.137663"><ele>26</ele></trkpt>
      <trkpt lat="51.515676" lon="-0.137686"><ele>26</ele></trkpt>
      <trkpt lat="51.515674" lon="-0.137703"><ele>26</ele></trkpt>
      <trkpt lat="51.515599" lon="-0.138399"><ele>26</ele></trkpt>
      <trkpt lat="51.515585" lon="-0.138533"><ele>26</ele></trkpt>
      <trkpt lat="51.515517" lon="-0.139264"><ele>26</ele></trkpt>
      <trkpt lat="51.515429" lon="-0.140253"><ele>26.75</ele></trkpt>
      <trkpt lat="51.515426" lon="-0.140279"><ele>27</ele></trkpt>
      <trkpt lat="51.515422" lon="-0.14031"><ele>27</ele></trkpt>
      <trkpt lat="51.515367" lon="-0.140778"><ele>27</ele></trkpt>
      <trkpt lat="51.515334" lon="-0.141029"><ele>27</ele></trkpt>
      <trkpt lat="51.515302" lon="-0.141275"><ele>27</ele></trkpt>
      <trkpt lat="51.515275" lon="-0.141501"><ele>26.75</ele></trkpt>
      <trkpt lat="51.515233" lon="-0.141789"><ele>26.75</ele></trkpt>
      <trkpt lat="51.515194" lon="-0.141811"><ele>26.75</ele></trkpt>
      <trkpt lat="51.515155" lon="-0.141857"><ele>26.75</ele></trkpt>
      <trkpt lat="51.515146" lon="-0.141917"><ele>26.75</ele></trkpt>
      <trkpt lat="51.515141" lon="-0.141951"><ele>27</ele></trkpt>
      <trkpt lat="51.515138" lon="-0.141974"><ele>27</ele></trkpt>
      <trkpt lat="51.515132" lon="-0.14202"><ele>27</ele></trkpt>
      <trkpt lat="51.515128" lon="-0.142071"><ele>27</ele></trkpt>
      <trkpt lat="51.515153" lon="-0.142147"><ele>27</ele></trkpt>
      <trkpt lat="51.515184" lon="-0.142185"><ele>27</ele></trkpt>
      <trkpt lat="51.515138" lon="-0.142535"><ele>27</ele></trkpt>
      <trkpt lat="51.51511" lon="-0.142907"><ele>27</ele></trkpt>
      <trkpt lat="51.515065" lon="-0.143236"><ele>27</ele></trkpt>
      <trkpt lat="51.514927" lon="-0.144198"><ele>25.5</ele></trkpt>
      <trkpt lat="51.514924" lon="-0.144243"><ele>25.5</ele></trkpt>
      <trkpt lat="51.514919" lon="-0.144287"><ele>25.25</ele></trkpt>
      <trkpt lat="51.514913" lon="-0.144332"><ele>25.25</ele></trkpt>
      <trkpt lat="51.514907" lon="-0.14438"><ele>25</ele></trkpt>
      <trkpt lat="51.514891" lon="-0.144339"><ele>25</ele></trkpt>
      <trkpt lat="51.514722" lon="-0.145684"><ele>24.75</ele></trkpt>
      <trkpt lat="51.514653" lon="-0.146209"><ele>24.75</ele></trkpt>
      <trkpt lat="51.514575" lon="-0.146758"><ele>24.25</ele></trkpt>
      <trkpt lat="51.514573" lon="-0.146774"><ele>24.25</ele></trkpt>
      <trkpt lat="51.514566" lon="-0.146838"><ele>24</ele></trkpt>
      <trkpt lat="51.514561" lon="-0.146885"><ele>24</ele></trkpt>
      <trkpt lat="51.514558" lon="-0.146909"><ele>24</ele></trkpt>
      <trkpt lat="51.514137" lon="-0.146485"><ele>24</ele></trkpt>
      <trkpt lat="51.514122" lon="-0.146525"><ele>24</ele></trkpt>
      <trkpt lat="51.513922" lon="-0.147006"><ele>23</ele></trkpt>
      <trkpt lat="51.513924" lon="-0.147062"><ele>23</ele></trkpt>
      <trkpt lat="51.513945" lon="-0.147113"><ele>23</ele></trkpt>
      <trkpt lat="51.513924" lon="-0.147166"><ele>23</ele></trkpt>
      <trkpt lat="51.513911" lon="-0.147199"><ele>23</ele></trkpt>
      <trkpt lat="51.513913" lon="-0.147202"><ele>23.75</ele></trkpt>
      <trkpt lat="51.513911" lon="-0.147199"><ele>23</ele></trkpt>
      <trkpt lat="51.513924" lon="-0.147166"><ele>23</ele></trkpt>
      <trkpt lat="51.514317" lon="-0.147564"><ele>23.75</ele></trkpt>
      <trkpt lat="51.514481" lon="-0.147741"><ele>24</ele></trkpt>
      <trkpt lat="51.514466" lon="-0.14795"><ele>23.25</ele></trkpt>
      <trkpt lat="51.514435" lon="-0.148172"><ele>23</ele></trkpt>
      <trkpt lat="51.514411" lon="-0.14839"><ele>22.75</ele></trkpt>
      <trkpt lat="51.514409" lon="-0.1485"><ele>22.75</ele></trkpt>
      <trkpt lat="51.514359" lon="-0.148857"><ele>22</ele></trkpt>
      <trkpt lat="51.51434" lon="-0.148995"><ele>22</ele></trkpt>
      <trkpt lat="51.514326" lon="-0.149095"><ele>22</ele></trkpt>
      <trkpt lat="51.514324" lon="-0.149113"><ele>22</ele></trkpt>
      <trkpt lat="51.51432" lon="-0.149146"><ele>22</ele></trkpt>
      <trkpt lat="51.514316" lon="-0.149193"><ele>22</ele></trkpt>
      <trkpt lat="51.514296" lon="-0.149224"><ele>22</ele></trkpt>
      <trkpt lat="51.514288" lon="-0.149298"><ele>22</ele></trkpt>
      <trkpt lat="51.514266" lon="-0.149496"><ele>21.75</ele></trkpt>
      <trkpt lat="51.514205" lon="-0.150113"><ele>21</ele></trkpt>
      <trkpt lat="51.514201" lon="-0.150154"><ele>21</ele></trkpt>
      <trkpt lat="51.514199" lon="-0.150181"><ele>20.75</ele></trkpt>
      <trkpt lat="51.514197" lon="-0.150204"><ele>21</ele></trkpt>
      <trkpt lat="51.514191" lon="-0.150287"><ele>21</ele></trkpt>
      <trkpt lat="51.51419" lon="-0.150305"><ele>20.75</ele></trkpt>
      <trkpt lat="51.514167" lon="-0.150599"><ele>21</ele></trkpt>
      <trkpt lat="51.514161" lon="-0.150662"><ele>21.25</ele></trkpt>
      <trkpt lat="51.514158" lon="-0.150693"><ele>21.25</ele></trkpt>
      <trkpt lat="51.514158" lon="-0.150713"><ele>21.5</ele></trkpt>
      <trkpt lat="51.514156" lon="-0.150737"><ele>21.5</ele></trkpt>
      <trkpt lat="51.514107" lon="-0.151226"><ele>22</ele></trkpt>
      <trkpt lat="51.514102" lon="-0.151278"><ele>22</ele></trkpt>
      <trkpt lat="51.514098" lon="-0.151306"><ele>22</ele></trkpt>
      <trkpt lat="51.514095" lon="-0.151335"><ele>22</ele></trkpt>
      <trkpt lat="51.514085" lon="-0.151407"><ele>22</ele></trkpt>
      <trkpt lat="51.514025" lon="-0.151884"><ele>22.75</ele></trkpt>
      <trkpt lat="51.514018" lon="-0.151934"><ele>22.75</ele></trkpt>
      <trkpt lat="51.514011" lon="-0.151997"><ele>23</ele></trkpt>
      <trkpt lat="51.513958" lon="-0.152451"><ele>23</ele></trkpt>
      <trkpt lat="51.513949" lon="-0.152532"><ele>23.25</ele></trkpt>
      <trkpt lat="51.513944" lon="-0.152576"><ele>23.25</ele></trkpt>
      <trkpt lat="51.513829" lon="-0.153546"><ele>24.75</ele></trkpt>
      <trkpt lat="51.513818" lon="-0.153699"><ele>25</ele></trkpt>
      <trkpt lat="51.513817" lon="-0.153727"><ele>25</ele></trkpt>
      <trkpt lat="51.513814" lon="-0.153769"><ele>25</ele></trkpt>
      <trkpt lat="51.513811" lon="-0.153811"><ele>25</ele></trkpt>
      <trkpt lat="51.513808" lon="-0.153879"><ele>25</ele></trkpt>
      <trkpt lat="51.513802" lon="-0.153997"><ele>25</ele></trkpt>
      <trkpt lat="51.513735" lon="-0.154756"><ele>25.25</ele></trkpt>
      <trkpt lat="51.513651" lon="-0.155761"><ele>26.5</ele></trkpt>
      <trkpt lat="51.513641" lon="-0.155855"><ele>27</ele></trkpt>
      <trkpt lat="51.513633" lon="-0.155907"><ele>27</ele></trkpt>
      <trkpt lat="51.513627" lon="-0.15595"><ele>26.75</ele></trkpt>
      <trkpt lat="51.513618" lon="-0.156008"><ele>27</ele></trkpt>
      <trkpt lat="51.513606" lon="-0.156137"><ele>26.75</ele></trkpt>
      <trkpt lat="51.513495" lon="-0.157135"><ele>26.5</ele></trkpt>
      <trkpt lat="51.513383" lon="-0.158089"><ele>28</ele></trkpt>
      <trkpt lat="51.513352" lon="-0.158144"><ele>28</ele></trkpt>
      <trkpt lat="51.513366" lon="-0.158175"><ele>28</ele></trkpt>
      <trkpt lat="51.513382" lon="-0.158218"><ele>27.75</ele></trkpt>
      <trkpt lat="51.5134" lon="-0.158264"><ele>28</ele></trkpt>
      <trkpt lat="51.513428" lon="-0.15832"><ele>28</ele></trkpt>
      <trkpt lat="51.513405" lon="-0.158365"><ele>28</ele></trkpt>
      <trkpt lat="51.513387" lon="-0.158382"><ele>28</ele></trkpt>
      <trkpt lat="51.513337" lon="-0.158443"><ele>28</ele></trkpt>
      <trkpt lat="51.513354" lon="-0.158508"><ele>28</ele></trkpt>
      <trkpt lat="51.513363" lon="-0.15854"><ele>28</ele></trkpt>
      <trkpt lat="51.513378" lon="-0.158724"><ele>27.75</ele></trkpt>
      <trkpt lat="51.513373" lon="-0.158759"><ele>27.75</ele></trkpt>
      <trkpt lat="51.513369" lon="-0.158799"><ele>28</ele></trkpt>
      <trkpt lat="51.51335" lon="-0.158962"><ele>27.75</ele></trkpt>
      <trkpt lat="51.513335" lon="-0.159092"><ele>27.75</ele></trkpt>
      <trkpt lat="51.513326" lon="-0.159163"><ele>27.75</ele></trkpt>
      <trkpt lat="51.513312" lon="-0.159287"><ele>27.5</ele></trkpt>
      <trkpt lat="51.513271" lon="-0.159634"><ele>27</ele></trkpt>
      <trkpt lat="51.513244" lon="-0.159886"><ele>27</ele></trkpt>
      <trkpt lat="51.513259" lon="-0.159951"><ele>27</ele></trkpt>
      <trkpt lat="51.513294" lon="-0.160051"><ele>26.75</ele></trkpt>
      <trkpt lat="51.513366" lon="-0.160177"><ele>27</ele></trkpt>
      <trkpt lat="51.513397" lon="-0.160228"><ele>27</ele></trkpt>
      <trkpt lat="51.513435" lon="-0.160288"><ele>26.75</ele></trkpt>
      <trkpt lat="51.513478" lon="-0.160359"><ele>26.75</ele></trkpt>
      <trkpt lat="51.513549" lon="-0.160474"><ele>26.75</ele></trkpt>
      <trkpt lat="51.513797" lon="-0.160875"><ele>26.25</ele></trkpt>
      <trkpt lat="51.513893" lon="-0.161031"><ele>26.5</ele></trkpt>
      <trkpt lat="51.513922" lon="-0.161078"><ele>26.75</ele></trkpt>
      <trkpt lat="51.514136" lon="-0.16142"><ele>26</ele></trkpt>
      <trkpt lat="51.5142" lon="-0.161593"><ele>26.5</ele></trkpt>
      <trkpt lat="51.514295" lon="-0.161744"><ele>26.5</ele></trkpt>
      <trkpt lat="51.51432" lon="-0.161782"><ele>26.5</ele></trkpt>
      <trkpt lat="51.514345" lon="-0.161819"><ele>26.25</ele></trkpt>
      <trkpt lat="51.514597" lon="-0.162214"><ele>26.5</ele></trkpt>
      <trkpt lat="51.514787" lon="-0.162506"><ele>26.75</ele></trkpt>
      <trkpt lat="51.514893" lon="-0.162669"><ele>26.75</ele></trkpt>
      <trkpt lat="51.514922" lon="-0.162715"><ele>26.75</ele></trkpt>
      <trkpt lat="51.514948" lon="-0.162758"><ele>26.75</ele></trkpt>
      <trkpt lat="51.514935" lon="-0.162863"><ele>26.5</ele></trkpt>
      <trkpt lat="51.514931" lon="-0.162916"><ele>26.5</ele></trkpt>
      <trkpt lat="51.51494" lon="-0.162997"><ele>26.5</ele></trkpt>
      <trkpt lat="51.51482" lon="-0.163694"><ele>26</ele></trkpt>
      <trkpt lat="51.514809" lon="-0.1637"><ele>26</ele></trkpt>
      <trkpt lat="51.514805" lon="-0.16372"><ele>26</ele></trkpt>
      <trkpt lat="51.514796" lon="-0.163776"><ele>26</ele></trkpt>
      <trkpt lat="51.514788" lon="-0.163825"><ele>26</ele></trkpt>
      <trkpt lat="51.514757" lon="-0.1641"><ele>26.75</ele></trkpt>
      <trkpt lat="51.514711" lon="-0.164333"><ele>26.75</ele></trkpt>
      <trkpt lat="51.5147" lon="-0.164394"><ele>26.75</ele></trkpt>
      <trkpt lat="51.51469" lon="-0.164456"><ele>26.75</ele></trkpt>
      <trkpt lat="51.514688" lon="-0.164469"><ele>26.75</ele></trkpt>
      <trkpt lat="51.514653" lon="-0.164677"><ele>26.5</ele></trkpt>
      <trkpt lat="51.514609" lon="-0.164946"><ele>26.25</ele></trkpt>
      <trkpt lat="51.514289" lon="-0.166871"><ele>26.25</ele></trkpt>
      <trkpt lat="51.514297" lon="-0.166874"><ele>26.25</ele></trkpt>
      <trkpt lat="51.514322" lon="-0.166883"><ele>26.25</ele></trkpt>
      <trkpt lat="51.514306" lon="-0.166981"><ele>26.25</ele></trkpt>
      <trkpt lat="51.514206" lon="-0.167581"><ele>25.5</ele></trkpt>
      <trkpt lat="51.514144" lon="-0.167961"><ele>25.75</ele></trkpt>
      <trkpt lat="51.514123" lon="-0.168088"><ele>25.75</ele></trkpt>
      <trkpt lat="51.513941" lon="-0.168039"><ele>25.75</ele></trkpt>
      <trkpt lat="51.513914" lon="-0.168129"><ele>25.75</ele></trkpt>
      <trkpt lat="51.513908" lon="-0.168149"><ele>25.5</ele></trkpt>
      <trkpt lat="51.513806" lon="-0.169185"><ele>25.5</ele></trkpt>
      <trkpt lat="51.51373" lon="-0.169953"><ele>24.25</ele></trkpt>
      <trkpt lat="51.513697" lon="-0.170281"><ele>23.25</ele></trkpt>
      <trkpt lat="51.513598" lon="-0.171274"><ele>25</ele></trkpt>
      <trkpt lat="51.513594" lon="-0.171567"><ele>24.75</ele></trkpt>
      <trkpt lat="51.513705" lon="-0.171718"><ele>25</ele></trkpt>
      <trkpt lat="51.513815" lon="-0.171868"><ele>25</ele></trkpt>
      <trkpt lat="51.513931" lon="-0.172027"><ele>25.25</ele></trkpt>
      <trkpt lat="51.514125" lon="-0.172292"><ele>25</ele></trkpt>
      <trkpt lat="51.514179" lon="-0.172369"><ele>25</ele></trkpt>
      <trkpt lat="51.514417" lon="-0.17271"><ele>25.75</ele></trkpt>
      <trkpt lat="51.514434" lon="-0.172734"><ele>25.75</ele></trkpt>
      <trkpt lat="51.514757" lon="-0.173214"><ele>26</ele></trkpt>
      <trkpt lat="51.514785" lon="-0.173254"><ele>26</ele></trkpt>
      <trkpt lat="51.514829" lon="-0.173318"><ele>26</ele></trkpt>
      <trkpt lat="51.514902" lon="-0.173416"><ele>25.75</ele></trkpt>
      <trkpt lat="51.514948" lon="-0.173484"><ele>25.75</ele></trkpt>
      <trkpt lat="51.514957" lon="-0.173496"><ele>25.75</ele></trkpt>
      <trkpt lat="51.515144" lon="-0.173752"><ele>26.25</ele></trkpt>
      <trkpt lat="51.515366" lon="-0.174064"><ele>26.25</ele></trkpt>
      <trkpt lat="51.51546" lon="-0.1742"><ele>26.5</ele></trkpt>
      <trkpt lat="51.515549" lon="-0.174327"><ele>26.75</ele></trkpt>
      <trkpt lat="51.515643" lon="-0.174462"><ele>26.5</ele></trkpt>
      <trkpt lat="51.515698" lon="-0.174547"><ele>26.25</ele></trkpt>
      <trkpt lat="51.515741" lon="-0.174613"><ele>26.25</ele></trkpt>
      <trkpt lat="51.51577" lon="-0.174652"><ele>26.25</ele></trkpt>
      <trkpt lat="51.515921" lon="-0.174872"><ele>26.5</ele></trkpt>
      <trkpt lat="51.51596" lon="-0.174932"><ele>26.5</ele></trkpt>
      <trkpt lat="51.515879" lon="-0.175079"><ele>26</ele></trkpt>
      <trkpt lat="51.515926" lon="-0.175144"><ele>26</ele></trkpt>
      <trkpt lat="51.515942" lon="-0.175167"><ele>26</ele></trkpt>
      <trkpt lat="51.515981" lon="-0.175222"><ele>26</ele></trkpt>
      <trkpt lat="51.515984" lon="-0.175226"><ele>26</ele></trkpt>
      <trkpt lat="51.516392" lon="-0.175857"><ele>24</ele></trkpt>
      <trkpt lat="51.516475" lon="-0.175996"><ele>24.5</ele></trkpt>
      <trkpt lat="51.516511" lon="-0.176146"><ele>24.25</ele></trkpt>
      <trkpt lat="51.516447" lon="-0.176259"><ele>24</ele></trkpt>
      <trkpt lat="51.516358" lon="-0.176426"><ele>24</ele></trkpt>
      <trkpt lat="51.516299" lon="-0.176537"><ele>24</ele></trkpt>
      <trkpt lat="51.516226" lon="-0.176674"><ele>24</ele></trkpt>
      <trkpt lat="51.516415" lon="-0.176922"><ele>24</ele></trkpt>
      <trkpt lat="51.51647" lon="-0.176994"><ele>24</ele></trkpt>
      <trkpt lat="51.516425" lon="-0.177075"><ele>24</ele></trkpt>
    </trkseg>
    <trkseg>
      <trkpt lat="51.516425" lon="-0.177075"><ele>24</ele></trkpt>
      <trkpt lat="51.516397" lon="-0.177124"><ele>24</ele></trkpt>
      <trkpt lat="51.516353" lon="-0.177052"><ele>24</ele></trkpt>
      <trkpt lat="51.516176" lon="-0.17678"><ele>23.75</ele></trkpt>
      <trkpt lat="51.51609" lon="-0.176926"><ele>24</ele></trkpt>
      <trkpt lat="51.516393" lon="-0.177411"><ele>24</ele></trkpt>
      <trkpt lat="51.51645" lon="-0.177503"><ele>24</ele></trkpt>
      <trkpt lat="51.51644" lon="-0.177521"><ele>24</ele></trkpt>
      <trkpt lat="51.516332" lon="-0.177709"><ele>24.25</ele></trkpt>
      <trkpt lat="51.516451" lon="-0.177878"><ele>24.5</ele></trkpt>
      <trkpt lat="51.51672" lon="-0.178263"><ele>24.5</ele></trkpt>
      <trkpt lat="51.516749" lon="-0.178305"><ele>24.5</ele></trkpt>
      <trkpt lat="51.517101" lon="-0.178807"><ele>24.5</ele></trkpt>
      <trkpt lat="51.51757" lon="-0.179517"><ele>26.25</ele></trkpt>
      <trkpt lat="51.517981" lon="-0.180123"><ele>26</ele></trkpt>
      <trkpt lat="51.517941" lon="-0.180195"><ele>26.75</ele></trkpt>
      <trkpt lat="51.517951" lon="-0.18021"><ele>26.75</ele></trkpt>
      <trkpt lat="51.518012" lon="-0.180297"><ele>27</ele></trkpt>
      <trkpt lat="51.518066" lon="-0.180374"><ele>26.75</ele></trkpt>
      <trkpt lat="51.518026" lon="-0.180484"><ele>27</ele></trkpt>
      <trkpt lat="51.517993" lon="-0.180606"><ele>26.75</ele></trkpt>
      <trkpt lat="51.517955" lon="-0.180762"><ele>26.5</ele></trkpt>
      <trkpt lat="51.517848" lon="-0.181197"><ele>25.5</ele></trkpt>
      <trkpt lat="51.51781" lon="-0.181367"><ele>25.75</ele></trkpt>
      <trkpt lat="51.517687" lon="-0.181896"><ele>25.5</ele></trkpt>
      <trkpt lat="51.517686" lon="-0.181963"><ele>25.5</ele></trkpt>
      <trkpt lat="51.517695" lon="-0.182028"><ele>25.25</ele></trkpt>
      <trkpt lat="51.517691" lon="-0.182035"><ele>25.25</ele></trkpt>
      <trkpt lat="51.517656" lon="-0.182098"><ele>25.25</ele></trkpt>
      <trkpt lat="51.517679" lon="-0.182159"><ele>25</ele></trkpt>
      <trkpt lat="51.517713" lon="-0.18221"><ele>25</ele></trkpt>
      <trkpt lat="51.517728" lon="-0.182233"><ele>24.75</ele></trkpt>
      <trkpt lat="51.517759" lon="-0.182357"><ele>24.75</ele></trkpt>
      <trkpt lat="51.517884" lon="-0.182521"><ele>25.25</ele></trkpt>
      <trkpt lat="51.517934" lon="-0.182572"><ele>25.5</ele></trkpt>
      <trkpt lat="51.517977" lon="-0.182639"><ele>25.5</ele></trkpt>
      <trkpt lat="51.518015" lon="-0.182725"><ele>25.75</ele></trkpt>
      <trkpt lat="51.518095" lon="-0.182856"><ele>25.5</ele></trkpt>
      <trkpt lat="51.518138" lon="-0.18292"><ele>25.25</ele></trkpt>
      <trkpt lat="51.518096" lon="-0.182997"><ele>25.75</ele></trkpt>
      <trkpt lat="51.518076" lon="-0.18304"><ele>25.75</ele></trkpt>
      <trkpt lat="51.517829" lon="-0.183958"><ele>23.5</ele></trkpt>
      <trkpt lat="51.517797" lon="-0.184068"><ele>23.75</ele></trkpt>
      <trkpt lat="51.517793" lon="-0.184221"><ele>23.75</ele></trkpt>
      <trkpt lat="51.517824" lon="-0.18432"><ele>23.5</ele></trkpt>
      <trkpt lat="51.517831" lon="-0.184363"><ele>23.5</ele></trkpt>
      <trkpt lat="51.517913" lon="-0.184518"><ele>23</ele></trkpt>
      <trkpt lat="51.517986" lon="-0.184707"><ele>23.25</ele></trkpt>
      <trkpt lat="51.518094" lon="-0.185019"><ele>23.5</ele></trkpt>
      <trkpt lat="51.518196" lon="-0.185383"><ele>22.75</ele></trkpt>
      <trkpt lat="51.518271" lon="-0.185809"><ele>24.25</ele></trkpt>
      <trkpt lat="51.518277" lon="-0.18597"><ele>25</ele></trkpt>
      <trkpt lat="51.518272" lon="-0.186012"><ele>25.25</ele></trkpt>
      <trkpt lat="51.518259" lon="-0.186054"><ele>25.25</ele></trkpt>
      <trkpt lat="51.518233" lon="-0.18609"><ele>25.5</ele></trkpt>
      <trkpt lat="51.518201" lon="-0.18614"><ele>25.25</ele></trkpt>
      <trkpt lat="51.518271" lon="-0.186222"><ele>25.25</ele></trkpt>
      <trkpt lat="51.518307" lon="-0.186253"><ele>25.25</ele></trkpt>
      <trkpt lat="51.518272" lon="-0.186501"><ele>24</ele></trkpt>
      <trkpt lat="51.518126" lon="-0.18723"><ele>23.25</ele></trkpt>
      <trkpt lat="51.517952" lon="-0.187869"><ele>22.25</ele></trkpt>
      <trkpt lat="51.517727" lon="-0.188521"><ele>23</ele></trkpt>
      <trkpt lat="51.517688" lon="-0.188633"><ele>23</ele></trkpt>
      <trkpt lat="51.517749" lon="-0.188706"><ele>23.25</ele></trkpt>
      <trkpt lat="51.517847" lon="-0.188822"><ele>23.5</ele></trkpt>
      <trkpt lat="51.517889" lon="-0.188861"><ele>23.75</ele></trkpt>
      <trkpt lat="51.517951" lon="-0.188919"><ele>23.75</ele></trkpt>
      <trkpt lat="51.517989" lon="-0.188954"><ele>23.75</ele></trkpt>
      <trkpt lat="51.518086" lon="-0.189019"><ele>24</ele></trkpt>
      <trkpt lat="51.518076" lon="-0.189083"><ele>24</ele></trkpt>
      <trkpt lat="51.518059" lon="-0.1892"><ele>24</ele></trkpt>
      <trkpt lat="51.517986" lon="-0.189681"><ele>24.25</ele></trkpt>
      <trkpt lat="51.517863" lon="-0.190495"><ele>25</ele></trkpt>
      <trkpt lat="51.517862" lon="-0.190598"><ele>25.25</ele></trkpt>
      <trkpt lat="51.517981" lon="-0.191146"><ele>24.75</ele></trkpt>
      <trkpt lat="51.518015" lon="-0.191294"><ele>24.75</ele></trkpt>
      <trkpt lat="51.518048" lon="-0.19149"><ele>24.75</ele></trkpt>
      <trkpt lat="51.518075" lon="-0.191656"><ele>25</ele></trkpt>
      <trkpt lat="51.5181" lon="-0.1918"><ele>24.75</ele></trkpt>
      <trkpt lat="51.518126" lon="-0.191982"><ele>24.25</ele></trkpt>
      <trkpt lat="51.518155" lon="-0.192252"><ele>24.25</ele></trkpt>
      <trkpt lat="51.518167" lon="-0.192588"><ele>24.25</ele></trkpt>
      <trkpt lat="51.518167" lon="-0.19275"><ele>24.25</ele></trkpt>
      <trkpt lat="51.518154" lon="-0.193029"><ele>24</ele></trkpt>
      <trkpt lat="51.518148" lon="-0.193328"><ele>24</ele></trkpt>
      <trkpt lat="51.518068" lon="-0.193304"><ele>24</ele></trkpt>
      <trkpt lat="51.518011" lon="-0.19331"><ele>23.5</ele></trkpt>
      <trkpt lat="51.517983" lon="-0.193325"><ele>23.25</ele></trkpt>
      <trkpt lat="51.517954" lon="-0.193356"><ele>23.25</ele></trkpt>
      <trkpt lat="51.517928" lon="-0.193432"><ele>23</ele></trkpt>
      <trkpt lat="51.51785" lon="-0.193813"><ele>23.25</ele></trkpt>
      <trkpt lat="51.51777" lon="-0.194214"><ele>22.75</ele></trkpt>
      <trkpt lat="51.517755" lon="-0.194297"><ele>22.75</ele></trkpt>
      <trkpt lat="51.517762" lon="-0.194375"><ele>22.75</ele></trkpt>
      <trkpt lat="51.517738" lon="-0.194518"><ele>22.5</ele></trkpt>
      <trkpt lat="51.517716" lon="-0.194637"><ele>22.25</ele></trkpt>
      <trkpt lat="51.517697" lon="-0.19474"><ele>22</ele></trkpt>
      <trkpt lat="51.517667" lon="-0.194923"><ele>21.5</ele></trkpt>
      <trkpt lat="51.517622" lon="-0.195145"><ele>21.5</ele></trkpt>
      <trkpt lat="51.517582" lon="-0.195195"><ele>21.5</ele></trkpt>
      <trkpt lat="51.517576" lon="-0.195246"><ele>21.5</ele></trkpt>
      <trkpt lat="51.517508" lon="-0.195616"><ele>22</ele></trkpt>
      <trkpt lat="51.517497" lon="-0.195674"><ele>22</ele></trkpt>
      <trkpt lat="51.517489" lon="-0.195719"><ele>22</ele></trkpt>
      <trkpt lat="51.517474" lon="-0.19582"><ele>22</ele></trkpt>
      <trkpt lat="51.51746" lon="-0.1959"><ele>21.75</ele></trkpt>
      <trkpt lat="51.517453" lon="-0.195942"><ele>21.75</ele></trkpt>
      <trkpt lat="51.517441" lon="-0.196019"><ele>21.75</ele></trkpt>
      <trkpt lat="51.517324" lon="-0.196654"><ele>21.5</ele></trkpt>
      <trkpt lat="51.517263" lon="-0.196999"><ele>22</ele></trkpt>
      <trkpt lat="51.517195" lon="-0.197457"><ele>21.75</ele></trkpt>
      <trkpt lat="51.517146" lon="-0.197806"><ele>20.75</ele></trkpt>
      <trkpt lat="51.51713" lon="-0.197919"><ele>20.75</ele></trkpt>
      <trkpt lat="51.517083" lon="-0.198249"><ele>20.5</ele></trkpt>
      <trkpt lat="51.517073" lon="-0.198317"><ele>20.25</ele></trkpt>
      <trkpt lat="51.51697" lon="-0.199048"><ele>21.75</ele></trkpt>
      <trkpt lat="51.516849" lon="-0.199907"><ele>21.75</ele></trkpt>
      <trkpt lat="51.516824" lon="-0.20009"><ele>21.5</ele></trkpt>
      <trkpt lat="51.516763" lon="-0.200466"><ele>21.5</ele></trkpt>
      <trkpt lat="51.516688" lon="-0.200918"><ele>21.5</ele></trkpt>
      <trkpt lat="51.516679" lon="-0.200972"><ele>21.5</ele></trkpt>
      <trkpt lat="51.516557" lon="-0.201618"><ele>20.75</ele></trkpt>
      <trkpt lat="51.516518" lon="-0.201821"><ele>20</ele></trkpt>
      <trkpt lat="51.516453" lon="-0.202204"><ele>19.25</ele></trkpt>
      <trkpt lat="51.516456" lon="-0.202244"><ele>19.5</ele></trkpt>
      <trkpt lat="51.516468" lon="-0.20227"><ele>19.5</ele></trkpt>
      <trkpt lat="51.516457" lon="-0.202357"><ele>19.75</ele></trkpt>
      <trkpt lat="51.516451" lon="-0.202394"><ele>19.75</ele></trkpt>
      <trkpt lat="51.516369" lon="-0.202721"><ele>20</ele></trkpt>
      <trkpt lat="51.516294" lon="-0.203081"><ele>19.5</ele></trkpt>
      <trkpt lat="51.516286" lon="-0.203115"><ele>19.25</ele></trkpt>
      <trkpt lat="51.516273" lon="-0.203174"><ele>19.25</ele></trkpt>
      <trkpt lat="51.516247" lon="-0.203211"><ele>19</ele></trkpt>
      <trkpt lat="51.516213" lon="-0.20339"><ele>18.75</ele></trkpt>
      <trkpt lat="51.516105" lon="-0.203932"><ele>17.75</ele></trkpt>
      <trkpt lat="51.516065" lon="-0.204146"><ele>17.75</ele></trkpt>
      <trkpt lat="51.516023" lon="-0.204367"><ele>17.5</ele></trkpt>
      <trkpt lat="51.515969" lon="-0.204498"><ele>17.25</ele></trkpt>
      <trkpt lat="51.515899" lon="-0.20485"><ele>17</ele></trkpt>
      <trkpt lat="51.515895" lon="-0.204912"><ele>17</ele></trkpt>
      <trkpt lat="51.515906" lon="-0.204972"><ele>17</ele></trkpt>
      <trkpt lat="51.51569" lon="-0.205904"><ele>16.25</ele></trkpt>
      <trkpt lat="51.515642" lon="-0.206067"><ele>16</ele></trkpt>
      <trkpt lat="51.515361" lon="-0.207325"><ele>14</ele></trkpt>
      <trkpt lat="51.515284" lon="-0.207671"><ele>14</ele></trkpt>
      <trkpt lat="51.515158" lon="-0.208244"><ele>13</ele></trkpt>
      <trkpt lat="51.515147" lon="-0.208289"><ele>13</ele></trkpt>
      <trkpt lat="51.515131" lon="-0.208354"><ele>12.75</ele></trkpt>
      <trkpt lat="51.515116" lon="-0.208418"><ele>12.75</ele></trkpt>
      <trkpt lat="51.515105" lon="-0.208461"><ele>12.75</ele></trkpt>
      <trkpt lat="51.515058" lon="-0.208636"><ele>12.75</ele></trkpt>
      <trkpt lat="51.51498" lon="-0.208871"><ele>12.75</ele></trkpt>
      <trkpt lat="51.514888" lon="-0.209109"><ele>12</ele></trkpt>
      <trkpt lat="51.514787" lon="-0.209345"><ele>12</ele></trkpt>
      <trkpt lat="51.514542" lon="-0.209795"><ele>11.25</ele></trkpt>
      <trkpt lat="51.514469" lon="-0.209922"><ele>11</ele></trkpt>
      <trkpt lat="51.514682" lon="-0.210252"><ele>10.75</ele></trkpt>
      <trkpt lat="51.514994" lon="-0.210771"><ele>10.75</ele></trkpt>
      <trkpt lat="51.515016" lon="-0.210828"><ele>10.75</ele></trkpt>
      <trkpt lat="51.51505" lon="-0.210907"><ele>10.5</ele></trkpt>
      <trkpt lat="51.515147" lon="-0.211135"><ele>10</ele></trkpt>
      <trkpt lat="51.515169" lon="-0.211186"><ele>10</ele></trkpt>
      <trkpt lat="51.515241" lon="-0.211355"><ele>10.5</ele></trkpt>
      <trkpt lat="51.515383" lon="-0.211688"><ele>9.5</ele></trkpt>
      <trkpt lat="51.515542" lon="-0.21206"><ele>10.75</ele></trkpt>
      <trkpt lat="51.515575" lon="-0.212129"><ele>11</ele></trkpt>
      <trkpt lat="51.515698" lon="-0.212272"><ele>11.25</ele></trkpt>
      <trkpt lat="51.515739" lon="-0.212304"><ele>11.25</ele></trkpt>
      <trkpt lat="51.515909" lon="-0.212441"><ele>11.25</ele></trkpt>
      <trkpt lat="51.515968" lon="-0.212508"><ele>11.25</ele></trkpt>
      <trkpt lat="51.516021" lon="-0.212583"><ele>11.5</ele></trkpt>
      <trkpt lat="51.516082" lon="-0.212687"><ele>11.75</ele></trkpt>
      <trkpt lat="51.516333" lon="-0.213119"><ele>12</ele></trkpt>
      <trkpt lat="51.51643" lon="-0.213289"><ele>12.25</ele></trkpt>
      <trkpt lat="51.516533" lon="-0.213438"><ele>12.75</ele></trkpt>
      <trkpt lat="51.516634" lon="-0.213587"><ele>12.75</ele></trkpt>
      <trkpt lat="51.516879" lon="-0.213945"><ele>12.75</ele></trkpt>
      <trkpt lat="51.516907" lon="-0.213987"><ele>12.75</ele></trkpt>
      <trkpt lat="51.517263" lon="-0.214517"><ele>13</ele></trkpt>
      <trkpt lat="51.517331" lon="-0.214617"><ele>13</ele></trkpt>
      <trkpt lat="51.517391" lon="-0.214713"><ele>13</ele></trkpt>
      <trkpt lat="51.517809" lon="-0.215356"><ele>13</ele></trkpt>
      <trkpt lat="51.517868" lon="-0.215447"><ele>13</ele></trkpt>
      <trkpt lat="51.517934" lon="-0.215547"><ele>13</ele></trkpt>
      <trkpt lat="51.518158" lon="-0.215888"><ele>12.75</ele></trkpt>
      <trkpt lat="51.518343" lon="-0.216176"><ele>13.5</ele></trkpt>
      <trkpt lat="51.518418" lon="-0.216289"><ele>13.25</ele></trkpt>
      <trkpt lat="51.518464" lon="-0.216364"><ele>13.25</ele></trkpt>
      <trkpt lat="51.518686" lon="-0.21672"><ele>13.75</ele></trkpt>
      <trkpt lat="51.518783" lon="-0.216904"><ele>14</ele></trkpt>
      <trkpt lat="51.518852" lon="-0.217018"><ele>14.5</ele></trkpt>
      <trkpt lat="51.518891" lon="-0.217129"><ele>14.75</ele></trkpt>
      <trkpt lat="51.51887" lon="-0.217164"><ele>14.75</ele></trkpt>
      <trkpt lat="51.518853" lon="-0.217215"><ele>14.5</ele></trkpt>
      <trkpt lat="51.518846" lon="-0.217264"><ele>14.5</ele></trkpt>
      <trkpt lat="51.518848" lon="-0.217316"><ele>14.25</ele></trkpt>
      <trkpt lat="51.518875" lon="-0.21741"><ele>14.25</ele></trkpt>
      <trkpt lat="51.518936" lon="-0.217482"><ele>14</ele></trkpt>
      <trkpt lat="51.518965" lon="-0.217581"><ele>13.75</ele></trkpt>
      <trkpt lat="51.519003" lon="-0.21768"><ele>13.5</ele></trkpt>
      <trkpt lat="51.519056" lon="-0.218004"><ele>13</ele></trkpt>
      <trkpt lat="51.51915" lon="-0.21859"><ele>13.75</ele></trkpt>
      <trkpt lat="51.519188" lon="-0.218827"><ele>13.25</ele></trkpt>
      <trkpt lat="51.519215" lon="-0.218983"><ele>13</ele></trkpt>
      <trkpt lat="51.519559" lon="-0.221198"><ele>12.25</ele></trkpt>
      <trkpt lat="51.519594" lon="-0.221428"><ele>12.25</ele></trkpt>
      <trkpt lat="51.519629" lon="-0.221654"><ele>11.5</ele></trkpt>
      <trkpt lat="51.519591" lon="-0.221668"><ele>11.5</ele></trkpt>
      <trkpt lat="51.519578" lon="-0.221673"><ele>11.25</ele></trkpt>
      <trkpt lat="51.519904" lon="-0.223754"><ele>12.25</ele></trkpt>
      <trkpt lat="51.51994" lon="-0.224037"><ele>12.25</ele></trkpt>
      <trkpt lat="51.519977" lon="-0.224246"><ele>12.5</ele></trkpt>
      <trkpt lat="51.520103" lon="-0.225089"><ele>12.25</ele></trkpt>
      <trkpt lat="51.520112" lon="-0.225162"><ele>12.25</ele></trkpt>
      <trkpt lat="51.520108" lon="-0.225195"><ele>12.25</ele></trkpt>
      <trkpt lat="51.520016" lon="-0.225406"><ele>12</ele></trkpt>
      <trkpt lat="51.519986" lon="-0.225472"><ele>12</ele></trkpt>
      <trkpt lat="51.519963" lon="-0.225521"><ele>12</ele></trkpt>
      <trkpt lat="51.519777" lon="-0.225933"><ele>12</ele></trkpt>
      <trkpt lat="51.519749" lon="-0.22596"><ele>12</ele></trkpt>
      <trkpt lat="51.519725" lon="-0.226022"><ele>12</ele></trkpt>
      <trkpt lat="51.5197" lon="-0.226077"><ele>11.75</ele></trkpt>
      <trkpt lat="51.519689" lon="-0.226104"><ele>11.75</ele></trkpt>
      <trkpt lat="51.519696" lon="-0.226122"><ele>12</ele></trkpt>
      <trkpt lat="51.519692" lon="-0.22614"><ele>12</ele></trkpt>
      <trkpt lat="51.519654" lon="-0.226239"><ele>12</ele></trkpt>
      <trkpt lat="51.51964" lon="-0.22627"><ele>12</ele></trkpt>
      <trkpt lat="51.51951" lon="-0.226585"><ele>14</ele></trkpt>
      <trkpt lat="51.519282" lon="-0.227099"><ele>11.25</ele></trkpt>
      <trkpt lat="51.519201" lon="-0.227282"><ele>11</ele></trkpt>
      <trkpt lat="51.518949" lon="-0.227845"><ele>11</ele></trkpt>
      <trkpt lat="51.518903" lon="-0.227939"><ele>11</ele></trkpt>
      <trkpt lat="51.518693" lon="-0.227847"><ele>11</ele></trkpt>
      <trkpt lat="51.518364" lon="-0.227716"><ele>11</ele></trkpt>
      <trkpt lat="51.518331" lon="-0.227702"><ele>11</ele></trkpt>
      <trkpt lat="51.518316" lon="-0.227816"><ele>11</ele></trkpt>
      <trkpt lat="51.517647" lon="-0.227527"><ele>10</ele></trkpt>
      <trkpt lat="51.517203" lon="-0.22735"><ele>10</ele></trkpt>
      <trkpt lat="51.517113" lon="-0.227315"><ele>10</ele></trkpt>
      <trkpt lat="51.517082" lon="-0.2273"><ele>10</ele></trkpt>
      <trkpt lat="51.517064" lon="-0.227291"><ele>10</ele></trkpt>
      <trkpt lat="51.517" lon="-0.227259"><ele>10</ele></trkpt>
      <trkpt lat="51.516961" lon="-0.227462"><ele>10</ele></trkpt>
      <trkpt lat="51.516947" lon="-0.227537"><ele>9.75</ele></trkpt>
      <trkpt lat="51.5169" lon="-0.227795"><ele>9.75</ele></trkpt>
      <trkpt lat="51.516785" lon="-0.228486"><ele>10</ele></trkpt>
      <trkpt lat="51.516628" lon="-0.22953"><ele>10</ele></trkpt>
      <trkpt lat="51.516559" lon="-0.230155"><ele>10.5</ele></trkpt>
      <trkpt lat="51.516537" lon="-0.230422"><ele>10.5</ele></trkpt>
      <trkpt lat="51.51651" lon="-0.23085"><ele>10.25</ele></trkpt>
      <trkpt lat="51.516497" lon="-0.231093"><ele>10.25</ele></trkpt>
      <trkpt lat="51.516453" lon="-0.232032"><ele>11</ele></trkpt>
      <trkpt lat="51.516415" lon="-0.232731"><ele>11</ele></trkpt>
      <trkpt lat="51.516375" lon="-0.233297"><ele>10.75</ele></trkpt>
      <trkpt lat="51.5163" lon="-0.233986"><ele>10.75</ele></trkpt>
      <trkpt lat="51.516286" lon="-0.234122"><ele>10.75</ele></trkpt>
      <trkpt lat="51.516202" lon="-0.23472"><ele>10.25</ele></trkpt>
      <trkpt lat="51.51615" lon="-0.235224"><ele>10.75</ele></trkpt>
      <trkpt lat="51.516129" lon="-0.235452"><ele>10.75</ele></trkpt>
      <trkpt lat="51.516104" lon="-0.235705"><ele>10.75</ele></trkpt>
      <trkpt lat="51.51603" lon="-0.236577"><ele>10.5</ele></trkpt>
      <trkpt lat="51.516011" lon="-0.236793"><ele>10.5</ele></trkpt>
      <trkpt lat="51.515975" lon="-0.237187"><ele>10.75</ele></trkpt>
      <trkpt lat="51.515932" lon="-0.237646"><ele>11.5</ele></trkpt>
      <trkpt lat="51.515894" lon="-0.237889"><ele>12</ele></trkpt>
      <trkpt lat="51.51586" lon="-0.238228"><ele>12</ele></trkpt>
      <trkpt lat="51.515838" lon="-0.238615"><ele>12</ele></trkpt>
      <trkpt lat="51.515811" lon="-0.239079"><ele>12</ele></trkpt>
      <trkpt lat="51.515774" lon="-0.239737"><ele>12</ele></trkpt>
      <trkpt lat="51.515748" lon="-0.24019"><ele>12</ele></trkpt>
      <trkpt lat="51.515731" lon="-0.240496"><ele>12.25</ele></trkpt>
      <trkpt lat="51.51564" lon="-0.242125"><ele>12</ele></trkpt>
      <trkpt lat="51.515628" lon="-0.242314"><ele>11.75</ele></trkpt>
      <trkpt lat="51.515617" lon="-0.242502"><ele>11</ele></trkpt>
      <trkpt lat="51.51559" lon="-0.242892"><ele>11</ele></trkpt>
      <trkpt lat="51.515563" lon="-0.243276"><ele>11</ele></trkpt>
      <trkpt lat="51.515525" lon="-0.243729"><ele>11.25</ele></trkpt>
      <trkpt lat="51.515373" lon="-0.246015"><ele>10</ele></trkpt>
      <trkpt lat="51.515362" lon="-0.246255"><ele>10</ele></trkpt>
      <trkpt lat="51.515357" lon="-0.246339"><ele>10</ele></trkpt>
      <trkpt lat="51.515349" lon="-0.246473"><ele>10</ele></trkpt>
      <trkpt lat="51.515314" lon="-0.247327"><ele>10</ele></trkpt>
      <trkpt lat="51.515276" lon="-0.248028"><ele>9.75</ele></trkpt>
      <trkpt lat="51.515227" lon="-0.248765"><ele>10</ele></trkpt>
      <trkpt lat="51.515192" lon="-0.249126"><ele>10</ele></trkpt>
      <trkpt lat="51.515189" lon="-0.249148"><ele>10</ele></trkpt>
      <trkpt lat="51.515178" lon="-0.2492"><ele>10</ele></trkpt>
      <trkpt lat="51.515126" lon="-0.249219"><ele>10</ele></trkpt>
      <trkpt lat="51.515082" lon="-0.24926"><ele>10</ele></trkpt>
      <trkpt lat="51.515029" lon="-0.249315"><ele>10</ele></trkpt>
      <trkpt lat="51.514953" lon="-0.24938"><ele>9.75</ele></trkpt>
      <trkpt lat="51.514522" lon="-0.249252"><ele>9.25</ele></trkpt>
      <trkpt lat="51.514236" lon="-0.249165"><ele>9</ele></trkpt>
      <trkpt lat="51.514137" lon="-0.249216"><ele>9.25</ele></trkpt>
      <trkpt lat="51.51406" lon="-0.249272"><ele>9.5</ele></trkpt>
      <trkpt lat="51.514028" lon="-0.24931"><ele>9.75</ele></trkpt>
      <trkpt lat="51.513979" lon="-0.249407"><ele>9.75</ele></trkpt>
      <trkpt lat="51.513948" lon="-0.249541"><ele>9.75</ele></trkpt>
      <trkpt lat="51.513945" lon="-0.249809"><ele>10</ele></trkpt>
      <trkpt lat="51.513946" lon="-0.250254"><ele>10.75</ele></trkpt>
      <trkpt lat="51.513951" lon="-0.251083"><ele>11.75</ele></trkpt>
      <trkpt lat="51.514012" lon="-0.251786"><ele>12.25</ele></trkpt>
      <trkpt lat="51.513969" lon="-0.251794"><ele>12.25</ele></trkpt>
      <trkpt lat="51.513978" lon="-0.251876"><ele>12.75</ele></trkpt>
      <trkpt lat="51.513983" lon="-0.251926"><ele>12.75</ele></trkpt>
      <trkpt lat="51.513927" lon="-0.251934"><ele>12.75</ele></trkpt>
      <trkpt lat="51.513967" lon="-0.25227"><ele>13</ele></trkpt>
      <trkpt lat="51.514109" lon="-0.253276"><ele>15.5</ele></trkpt>
      <trkpt lat="51.514366" lon="-0.254594"><ele>18.75</ele></trkpt>
      <trkpt lat="51.514744" lon="-0.255959"><ele>22.25</ele></trkpt>
      <trkpt lat="51.515193" lon="-0.257218"><ele>25.5</ele></trkpt>
      <trkpt lat="51.515409" lon="-0.257721"><ele>26.75</ele></trkpt>
      <trkpt lat="51.515573" lon="-0.25807"><ele>28</ele></trkpt>
      <trkpt lat="51.515561" lon="-0.258142"><ele>28.25</ele></trkpt>
      <trkpt lat="51.515654" lon="-0.258329"><ele>29.25</ele></trkpt>
      <trkpt lat="51.515669" lon="-0.258362"><ele>29.25</ele></trkpt>
      <trkpt lat="51.515683" lon="-0.258385"><ele>29.25</ele></trkpt>
      <trkpt lat="51.515709" lon="-0.258443"><ele>29.5</ele></trkpt>
      <trkpt lat="51.515755" lon="-0.258546"><ele>30</ele></trkpt>
      <trkpt lat="51.515931" lon="-0.258931"><ele>30</ele></trkpt>
      <trkpt lat="51.516151" lon="-0.259378"><ele>31</ele></trkpt>
      <trkpt lat="51.51619" lon="-0.259457"><ele>32.25</ele></trkpt>
      <trkpt lat="51.51641" lon="-0.259849"><ele>32.5</ele></trkpt>
      <trkpt lat="51.516415" lon="-0.259895"><ele>32.25</ele></trkpt>
      <trkpt lat="51.516441" lon="-0.259962"><ele>32.25</ele></trkpt>
      <trkpt lat="51.516471" lon="-0.260008"><ele>32.25</ele></trkpt>
      <trkpt lat="51.516782" lon="-0.260463"><ele>33.25</ele></trkpt>
      <trkpt lat="51.51718" lon="-0.260987"><ele>33.75</ele></trkpt>
      <trkpt lat="51.517436" lon="-0.261268"><ele>34</ele></trkpt>
      <trkpt lat="51.517492" lon="-0.261322"><ele>34</ele></trkpt>
      <trkpt lat="51.517741" lon="-0.261562"><ele>34.75</ele></trkpt>
      <trkpt lat="51.517815" lon="-0.261658"><ele>35</ele></trkpt>
      <trkpt lat="51.517843" lon="-0.261708"><ele>34.75</ele></trkpt>
      <trkpt lat="51.517857" lon="-0.261816"><ele>34.25</ele></trkpt>
      <trkpt lat="51.51775" lon="-0.262187"><ele>34</ele></trkpt>
      <trkpt lat="51.517712" lon="-0.262267"><ele>34</ele></trkpt>
      <trkpt lat="51.517697" lon="-0.262323"><ele>34</ele></trkpt>
      <trkpt lat="51.5177" lon="-0.262388"><ele>34</ele></trkpt>
      <trkpt lat="51.517616" lon="-0.262661"><ele>34</ele></trkpt>
      <trkpt lat="51.517512" lon="-0.263065"><ele>33.75</ele></trkpt>
      <trkpt lat="51.517499" lon="-0.263137"><ele>34</ele></trkpt>
      <trkpt lat="51.517446" lon="-0.26341"><ele>34</ele></trkpt>
      <trkpt lat="51.517397" lon="-0.263833"><ele>33.5</ele></trkpt>
      <trkpt lat="51.517341" lon="-0.264283"><ele>32.75</ele></trkpt>
      <trkpt lat="51.517385" lon="-0.264295"><ele>32.5</ele></trkpt>
      <trkpt lat="51.517325" lon="-0.265003"><ele>30.75</ele></trkpt>
      <trkpt lat="51.517254" lon="-0.26529"><ele>31.25</ele></trkpt>
      <trkpt lat="51.517121" lon="-0.265915"><ele>29.5</ele></trkpt>
      <trkpt lat="51.517087" lon="-0.266041"><ele>29.5</ele></trkpt>
      <trkpt lat="51.517026" lon="-0.266192"><ele>30</ele></trkpt>
      <trkpt lat="51.516996" lon="-0.266355"><ele>30</ele></trkpt>
      <trkpt lat="51.517" lon="-0.266397"><ele>30</ele></trkpt>
      <trkpt lat="51.517049" lon="-0.266445"><ele>29.5</ele></trkpt>
      <trkpt lat="51.517058" lon="-0.266441"><ele>29.5</ele></trkpt>
      <trkpt lat="51.517059" lon="-0.266459"><ele>29.5</ele></trkpt>
      <trkpt lat="51.517064" lon="-0.266513"><ele>29.25</ele></trkpt>
      <trkpt lat="51.517069" lon="-0.266573"><ele>29</ele></trkpt>
      <trkpt lat="51.51707" lon="-0.266594"><ele>29</ele></trkpt>
      <trkpt lat="51.517152" lon="-0.266565"><ele>28.5</ele></trkpt>
    </trkseg>
    <trkseg>
      <trkpt lat="51.517152" lon="-0.266565"><ele>29.75</ele></trkpt>
      <trkpt lat="51.51707" lon="-0.266594"><ele>29.75</ele></trkpt>
      <trkpt lat="51.517007" lon="-0.266617"><ele>29.75</ele></trkpt>
      <trkpt lat="51.516971" lon="-0.266626"><ele>30.5</ele></trkpt>
      <trkpt lat="51.516914" lon="-0.266682"><ele>30.5</ele></trkpt>
      <trkpt lat="51.516868" lon="-0.266779"><ele>29.75</ele></trkpt>
      <trkpt lat="51.516854" lon="-0.266811"><ele>29.5</ele></trkpt>
      <trkpt lat="51.516844" lon="-0.2668"><ele>29.5</ele></trkpt>
      <trkpt lat="51.516806" lon="-0.266755"><ele>30</ele></trkpt>
      <trkpt lat="51.516745" lon="-0.266891"><ele>29.5</ele></trkpt>
      <trkpt lat="51.516711" lon="-0.266969"><ele>29.5</ele></trkpt>
      <trkpt lat="51.51662" lon="-0.267161"><ele>29</ele></trkpt>
      <trkpt lat="51.516587" lon="-0.267219"><ele>28.5</ele></trkpt>
      <trkpt lat="51.516522" lon="-0.267336"><ele>28.25</ele></trkpt>
      <trkpt lat="51.516264" lon="-0.267675"><ele>27.5</ele></trkpt>
      <trkpt lat="51.51621" lon="-0.267731"><ele>27.25</ele></trkpt>
      <trkpt lat="51.516082" lon="-0.267865"><ele>26.75</ele></trkpt>
      <trkpt lat="51.515951" lon="-0.268003"><ele>26.5</ele></trkpt>
      <trkpt lat="51.515618" lon="-0.268272"><ele>26</ele></trkpt>
      <trkpt lat="51.515556" lon="-0.268321"><ele>26</ele></trkpt>
      <trkpt lat="51.515591" lon="-0.268843"><ele>26.75</ele></trkpt>
      <trkpt lat="51.515662" lon="-0.269869"><ele>30</ele></trkpt>
      <trkpt lat="51.515673" lon="-0.270571"><ele>31.25</ele></trkpt>
      <trkpt lat="51.515676" lon="-0.270717"><ele>31</ele></trkpt>
      <trkpt lat="51.515614" lon="-0.271338"><ele>30.25</ele></trkpt>
      <trkpt lat="51.515509" lon="-0.271949"><ele>29.5</ele></trkpt>
      <trkpt lat="51.515425" lon="-0.272305"><ele>29</ele></trkpt>
      <trkpt lat="51.51539" lon="-0.272462"><ele>29.25</ele></trkpt>
      <trkpt lat="51.515234" lon="-0.273154"><ele>29.75</ele></trkpt>
      <trkpt lat="51.515128" lon="-0.273669"><ele>30</ele></trkpt>
      <trkpt lat="51.515063" lon="-0.27408"><ele>30</ele></trkpt>
      <trkpt lat="51.51501" lon="-0.274489"><ele>31</ele></trkpt>
      <trkpt lat="51.514951" lon="-0.275194"><ele>30.75</ele></trkpt>
      <trkpt lat="51.51484" lon="-0.276497"><ele>31</ele></trkpt>
      <trkpt lat="51.514765" lon="-0.277459"><ele>30.75</ele></trkpt>
      <trkpt lat="51.514625" lon="-0.277448"><ele>30.5</ele></trkpt>
      <trkpt lat="51.514522" lon="-0.277444"><ele>30.25</ele></trkpt>
      <trkpt lat="51.514376" lon="-0.277535"><ele>29.75</ele></trkpt>
      <trkpt lat="51.514071" lon="-0.277833"><ele>29</ele></trkpt>
      <trkpt lat="51.513862" lon="-0.278119"><ele>28.75</ele></trkpt>
      <trkpt lat="51.513767" lon="-0.278294"><ele>28.75</ele></trkpt>
      <trkpt lat="51.513672" lon="-0.27853"><ele>29</ele></trkpt>
      <trkpt lat="51.513598" lon="-0.278761"><ele>29</ele></trkpt>
      <trkpt lat="51.513556" lon="-0.278904"><ele>29</ele></trkpt>
      <trkpt lat="51.513494" lon="-0.279225"><ele>29</ele></trkpt>
      <trkpt lat="51.513422" lon="-0.279926"><ele>29</ele></trkpt>
      <trkpt lat="51.513283" lon="-0.281359"><ele>29</ele></trkpt>
      <trkpt lat="51.513206" lon="-0.28215"><ele>29.5</ele></trkpt>
      <trkpt lat="51.513168" lon="-0.282451"><ele>29.75</ele></trkpt>
      <trkpt lat="51.513078" lon="-0.282945"><ele>29</ele></trkpt>
      <trkpt lat="51.512988" lon="-0.283297"><ele>29</ele></trkpt>
      <trkpt lat="51.512899" lon="-0.283558"><ele>29</ele></trkpt>
      <trkpt lat="51.51281" lon="-0.283793"><ele>29</ele></trkpt>
      <trkpt lat="51.512589" lon="-0.284295"><ele>28.75</ele></trkpt>
      <trkpt lat="51.512518" lon="-0.284483"><ele>29</ele></trkpt>
      <trkpt lat="51.512389" lon="-0.284897"><ele>29</ele></trkpt>
      <trkpt lat="51.512264" lon="-0.285375"><ele>29</ele></trkpt>
      <trkpt lat="51.512172" lon="-0.285874"><ele>29</ele></trkpt>
      <trkpt lat="51.512116" lon="-0.286327"><ele>29.75</ele></trkpt>
      <trkpt lat="51.51209" lon="-0.286595"><ele>30</ele></trkpt>
      <trkpt lat="51.512079" lon="-0.286803"><ele>30</ele></trkpt>
      <trkpt lat="51.512067" lon="-0.287031"><ele>30</ele></trkpt>
      <trkpt lat="51.512061" lon="-0.287411"><ele>30.25</ele></trkpt>
      <trkpt lat="51.512068" lon="-0.287783"><ele>29.5</ele></trkpt>
      <trkpt lat="51.512088" lon="-0.28819"><ele>28.25</ele></trkpt>
      <trkpt lat="51.5121" lon="-0.288405"><ele>29.5</ele></trkpt>
      <trkpt lat="51.512119" lon="-0.288849"><ele>30.5</ele></trkpt>
      <trkpt lat="51.512131" lon="-0.28907"><ele>30.25</ele></trkpt>
      <trkpt lat="51.512149" lon="-0.289422"><ele>30</ele></trkpt>
      <trkpt lat="51.512157" lon="-0.289654"><ele>29.75</ele></trkpt>
      <trkpt lat="51.512139" lon="-0.289948"><ele>29.5</ele></trkpt>
      <trkpt lat="51.51211" lon="-0.290177"><ele>29.5</ele></trkpt>
      <trkpt lat="51.51204" lon="-0.290492"><ele>29.25</ele></trkpt>
      <trkpt lat="51.51194" lon="-0.290803"><ele>29.75</ele></trkpt>
      <trkpt lat="51.511727" lon="-0.291374"><ele>29.75</ele></trkpt>
      <trkpt lat="51.511667" lon="-0.291336"><ele>29.75</ele></trkpt>
      <trkpt lat="51.511621" lon="-0.291581"><ele>30</ele></trkpt>
      <trkpt lat="51.511585" lon="-0.291827"><ele>30</ele></trkpt>
      <trkpt lat="51.511573" lon="-0.291838"><ele>30</ele></trkpt>
      <trkpt lat="51.511571" lon="-0.291926"><ele>30</ele></trkpt>
      <trkpt lat="51.511571" lon="-0.291983"><ele>30</ele></trkpt>
      <trkpt lat="51.511571" lon="-0.292014"><ele>30</ele></trkpt>
      <trkpt lat="51.511641" lon="-0.292021"><ele>30</ele></trkpt>
      <trkpt lat="51.511641" lon="-0.292035"><ele>30</ele></trkpt>
      <trkpt lat="51.51164" lon="-0.292084"><ele>30</ele></trkpt>
      <trkpt lat="51.511639" lon="-0.292149"><ele>30</ele></trkpt>
      <trkpt lat="51.511638" lon="-0.292218"><ele>30</ele></trkpt>
      <trkpt lat="51.511663" lon="-0.292216"><ele>30</ele></trkpt>
      <trkpt lat="51.511745" lon="-0.292518"><ele>31</ele></trkpt>
      <trkpt lat="51.511766" lon="-0.292595"><ele>31</ele></trkpt>
      <trkpt lat="51.511787" lon="-0.292673"><ele>31</ele></trkpt>
      <trkpt lat="51.511784" lon="-0.292719"><ele>31</ele></trkpt>
      <trkpt lat="51.511838" lon="-0.29294"><ele>31</ele></trkpt>
      <trkpt lat="51.511905" lon="-0.293217"><ele>30.75</ele></trkpt>
      <trkpt lat="51.512025" lon="-0.293506"><ele>31</ele></trkpt>
      <trkpt lat="51.512054" lon="-0.293583"><ele>31</ele></trkpt>
      <trkpt lat="51.512499" lon="-0.295031"><ele>30.75</ele></trkpt>
      <trkpt lat="51.51279" lon="-0.29588"><ele>30.75</ele></trkpt>
      <trkpt lat="51.51285" lon="-0.296048"><ele>30.25</ele></trkpt>
      <trkpt lat="51.513036" lon="-0.29657"><ele>30.75</ele></trkpt>
      <trkpt lat="51.51335" lon="-0.297406"><ele>31</ele></trkpt>
      <trkpt lat="51.513322" lon="-0.297489"><ele>30.75</ele></trkpt>
      <trkpt lat="51.51337" lon="-0.297611"><ele>31</ele></trkpt>
      <trkpt lat="51.513387" lon="-0.297661"><ele>30.75</ele></trkpt>
      <trkpt lat="51.513403" lon="-0.29771"><ele>31</ele></trkpt>
      <trkpt lat="51.513567" lon="-0.298168"><ele>31</ele></trkpt>
      <trkpt lat="51.513629" lon="-0.29834"><ele>31</ele></trkpt>
      <trkpt lat="51.513656" lon="-0.298416"><ele>30.75</ele></trkpt>
      <trkpt lat="51.513713" lon="-0.298575"><ele>31</ele></trkpt>
      <trkpt lat="51.51373" lon="-0.298629"><ele>31</ele></trkpt>
      <trkpt lat="51.513752" lon="-0.298691"><ele>31</ele></trkpt>
      <trkpt lat="51.513809" lon="-0.298699"><ele>31</ele></trkpt>
      <trkpt lat="51.51392" lon="-0.299045"><ele>31</ele></trkpt>
      <trkpt lat="51.513947" lon="-0.29904"><ele>31</ele></trkpt>
      <trkpt lat="51.514023" lon="-0.299294"><ele>31.5</ele></trkpt>
      <trkpt lat="51.514105" lon="-0.299625"><ele>32</ele></trkpt>
      <trkpt lat="51.514125" lon="-0.299742"><ele>32</ele></trkpt>
      <trkpt lat="51.514138" lon="-0.299896"><ele>32</ele></trkpt>
      <trkpt lat="51.514142" lon="-0.300091"><ele>32</ele></trkpt>
      <trkpt lat="51.514131" lon="-0.300802"><ele>32</ele></trkpt>
      <trkpt lat="51.514124" lon="-0.301086"><ele>32</ele></trkpt>
      <trkpt lat="51.514112" lon="-0.301154"><ele>32</ele></trkpt>
      <trkpt lat="51.514111" lon="-0.30123"><ele>32</ele></trkpt>
      <trkpt lat="51.514113" lon="-0.301553"><ele>32</ele></trkpt>
      <trkpt lat="51.514129" lon="-0.301632"><ele>32</ele></trkpt>
      <trkpt lat="51.514156" lon="-0.301683"><ele>32</ele></trkpt>
      <trkpt lat="51.51421" lon="-0.301775"><ele>32</ele></trkpt>
      <trkpt lat="51.514274" lon="-0.301858"><ele>32.25</ele></trkpt>
      <trkpt lat="51.514443" lon="-0.30201"><ele>32.75</ele></trkpt>
      <trkpt lat="51.51448" lon="-0.30206"><ele>32.25</ele></trkpt>
      <trkpt lat="51.51454" lon="-0.302007"><ele>31.5</ele></trkpt>
      <trkpt lat="51.514563" lon="-0.302029"><ele>31.25</ele></trkpt>
      <trkpt lat="51.514813" lon="-0.302096"><ele>29.5</ele></trkpt>
      <trkpt lat="51.514843" lon="-0.302008"><ele>29</ele></trkpt>
      <trkpt lat="51.514848" lon="-0.301754"><ele>28.5</ele></trkpt>
      <trkpt lat="51.514843" lon="-0.302008"><ele>29</ele></trkpt>
      <trkpt lat="51.514813" lon="-0.302096"><ele>29.5</ele></trkpt>
      <trkpt lat="51.514811" lon="-0.302123"><ele>29.75</ele></trkpt>
      <trkpt lat="51.514807" lon="-0.302207"><ele>30.25</ele></trkpt>
      <trkpt lat="51.514806" lon="-0.302225"><ele>30.5</ele></trkpt>
      <trkpt lat="51.514803" lon="-0.302289"><ele>30.25</ele></trkpt>
      <trkpt lat="51.5148" lon="-0.30236"><ele>30.25</ele></trkpt>
      <trkpt lat="51.514798" lon="-0.302388"><ele>30.25</ele></trkpt>
      <trkpt lat="51.514842" lon="-0.302402"><ele>31</ele></trkpt>
      <trkpt lat="51.514863" lon="-0.302433"><ele>31.5</ele></trkpt>
      <trkpt lat="51.514911" lon="-0.302701"><ele>31.75</ele></trkpt>
      <trkpt lat="51.514915" lon="-0.302791"><ele>31.75</ele></trkpt>
      <trkpt lat="51.51491" lon="-0.302841"><ele>31.75</ele></trkpt>
      <trkpt lat="51.514906" lon="-0.302871"><ele>31.75</ele></trkpt>
      <trkpt lat="51.514931" lon="-0.303004"><ele>32</ele></trkpt>
      <trkpt lat="51.515054" lon="-0.303885"><ele>33</ele></trkpt>
      <trkpt lat="51.515149" lon="-0.30457"><ele>32.75</ele></trkpt>
      <trkpt lat="51.515153" lon="-0.304596"><ele>32.75</ele></trkpt>
      <trkpt lat="51.515153" lon="-0.304622"><ele>32.5</ele></trkpt>
      <trkpt lat="51.515149" lon="-0.304669"><ele>32.5</ele></trkpt>
      <trkpt lat="51.515148" lon="-0.304683"><ele>32.5</ele></trkpt>
      <trkpt lat="51.515147" lon="-0.304701"><ele>32.5</ele></trkpt>
      <trkpt lat="51.51517" lon="-0.304711"><ele>32.5</ele></trkpt>
      <trkpt lat="51.515171" lon="-0.304744"><ele>32.5</ele></trkpt>
      <trkpt lat="51.515184" lon="-0.304746"><ele>32.5</ele></trkpt>
      <trkpt lat="51.515198" lon="-0.304749"><ele>32.5</ele></trkpt>
      <trkpt lat="51.515185" lon="-0.305008"><ele>32</ele></trkpt>
      <trkpt lat="51.5152" lon="-0.305053"><ele>32</ele></trkpt>
      <trkpt lat="51.515002" lon="-0.308119"><ele>33</ele></trkpt>
      <trkpt lat="51.515002" lon="-0.308143"><ele>33</ele></trkpt>
      <trkpt lat="51.514973" lon="-0.308573"><ele>33</ele></trkpt>
      <trkpt lat="51.514956" lon="-0.308823"><ele>33</ele></trkpt>
      <trkpt lat="51.514953" lon="-0.308855"><ele>33</ele></trkpt>
      <trkpt lat="51.514923" lon="-0.309377"><ele>33</ele></trkpt>
      <trkpt lat="51.514923" lon="-0.30939"><ele>33</ele></trkpt>
      <trkpt lat="51.514909" lon="-0.309653"><ele>33</ele></trkpt>
      <trkpt lat="51.514876" lon="-0.310224"><ele>33</ele></trkpt>
      <trkpt lat="51.514778" lon="-0.31192"><ele>33</ele></trkpt>
      <trkpt lat="51.514731" lon="-0.31273"><ele>33</ele></trkpt>
      <trkpt lat="51.51468" lon="-0.313593"><ele>32.75</ele></trkpt>
      <trkpt lat="51.514685" lon="-0.314071"><ele>33</ele></trkpt>
      <trkpt lat="51.514702" lon="-0.314239"><ele>33</ele></trkpt>
      <trkpt lat="51.514714" lon="-0.314355"><ele>33</ele></trkpt>
      <trkpt lat="51.514728" lon="-0.314414"><ele>33</ele></trkpt>
      <trkpt lat="51.514734" lon="-0.314438"><ele>33</ele></trkpt>
      <trkpt lat="51.514767" lon="-0.314597"><ele>33</ele></trkpt>
      <trkpt lat="51.514778" lon="-0.314644"><ele>33</ele></trkpt>
      <trkpt lat="51.514931" lon="-0.315193"><ele>34</ele></trkpt>
      <trkpt lat="51.515001" lon="-0.315497"><ele>34</ele></trkpt>
      <trkpt lat="51.515046" lon="-0.315795"><ele>34</ele></trkpt>
      <trkpt lat="51.515052" lon="-0.315966"><ele>34</ele></trkpt>
      <trkpt lat="51.515073" lon="-0.31629"><ele>34</ele></trkpt>
      <trkpt lat="51.515068" lon="-0.316474"><ele>34</ele></trkpt>
      <trkpt lat="51.515057" lon="-0.316851"><ele>33.75</ele></trkpt>
      <trkpt lat="51.515026" lon="-0.317591"><ele>34</ele></trkpt>
      <trkpt lat="51.515004" lon="-0.318431"><ele>34</ele></trkpt>
      <trkpt lat="51.51501" lon="-0.318889"><ele>34</ele></trkpt>
      <trkpt lat="51.515014" lon="-0.319114"><ele>34</ele></trkpt>
      <trkpt lat="51.515028" lon="-0.319537"><ele>34</ele></trkpt>
      <trkpt lat="51.514388" lon="-0.319564"><ele>33</ele></trkpt>
      <trkpt lat="51.514058" lon="-0.319578"><ele>33</ele></trkpt>
      <trkpt lat="51.51404" lon="-0.319583"><ele>33</ele></trkpt>
      <trkpt lat="51.513973" lon="-0.319601"><ele>33.25</ele></trkpt>
      <trkpt lat="51.513861" lon="-0.319677"><ele>33.25</ele></trkpt>
      <trkpt lat="51.513806" lon="-0.31976"><ele>32.75</ele></trkpt>
      <trkpt lat="51.513749" lon="-0.319844"><ele>31.75</ele></trkpt>
      <trkpt lat="51.513861" lon="-0.320003"><ele>33.5</ele></trkpt>
      <trkpt lat="51.513953" lon="-0.320139"><ele>33.25</ele></trkpt>
      <trkpt lat="51.513914" lon="-0.320234"><ele>33</ele></trkpt>
      <trkpt lat="51.513891" lon="-0.3203"><ele>33</ele></trkpt>
      <trkpt lat="51.513861" lon="-0.320494"><ele>32.5</ele></trkpt>
      <trkpt lat="51.513807" lon="-0.320971"><ele>31.25</ele></trkpt>
      <trkpt lat="51.513766" lon="-0.32096"><ele>31</ele></trkpt>
      <trkpt lat="51.51386" lon="-0.320171"><ele>33</ele></trkpt>
      <trkpt lat="51.513858" lon="-0.320131"><ele>33</ele></trkpt>
      <trkpt lat="51.513647" lon="-0.319794"><ele>30.5</ele></trkpt>
      <trkpt lat="51.513565" lon="-0.319741"><ele>30.25</ele></trkpt>
      <trkpt lat="51.513524" lon="-0.319737"><ele>32.5</ele></trkpt>
      <trkpt lat="51.513235" lon="-0.319702"><ele>32.5</ele></trkpt>
      <trkpt lat="51.513118" lon="-0.319692"><ele>32</ele></trkpt>
      <trkpt lat="51.513038" lon="-0.319724"><ele>31.75</ele></trkpt>
      <trkpt lat="51.512973" lon="-0.31981"><ele>30.75</ele></trkpt>
      <trkpt lat="51.512931" lon="-0.319922"><ele>30.25</ele></trkpt>
      <trkpt lat="51.512859" lon="-0.320452"><ele>30</ele></trkpt>
      <trkpt lat="51.512727" lon="-0.321278"><ele>29.75</ele></trkpt>
      <trkpt lat="51.512672" lon="-0.32126"><ele>29.5</ele></trkpt>
      <trkpt lat="51.512659" lon="-0.321357"><ele>29.5</ele></trkpt>
      <trkpt lat="51.512643" lon="-0.321465"><ele>29.5</ele></trkpt>
      <trkpt lat="51.512606" lon="-0.321713"><ele>29.25</ele></trkpt>
      <trkpt lat="51.511254" lon="-0.321651"><ele>26</ele></trkpt>
      <trkpt lat="51.511234" lon="-0.322145"><ele>25.5</ele></trkpt>
      <trkpt lat="51.511178" lon="-0.322136"><ele>25.25</ele></trkpt>
      <trkpt lat="51.511173" lon="-0.322135"><ele>25.25</ele></trkpt>
      <trkpt lat="51.510998" lon="-0.322119"><ele>25</ele></trkpt>
      <trkpt lat="51.51099" lon="-0.322119"><ele>25</ele></trkpt>
      <trkpt lat="51.510965" lon="-0.322123"><ele>25</ele></trkpt>
      <trkpt lat="51.510948" lon="-0.322126"><ele>25</ele></trkpt>
      <trkpt lat="51.510948" lon="-0.322085"><ele>25</ele></trkpt>
      <trkpt lat="51.510918" lon="-0.322087"><ele>25</ele></trkpt>
      <trkpt lat="51.510855" lon="-0.32208"><ele>25</ele></trkpt>
      <trkpt lat="51.510633" lon="-0.321996"><ele>25</ele></trkpt>
      <trkpt lat="51.510626" lon="-0.321993"><ele>25</ele></trkpt>
      <trkpt lat="51.510603" lon="-0.321984"><ele>25</ele></trkpt>
      <trkpt lat="51.510548" lon="-0.322338"><ele>25</ele></trkpt>
      <trkpt lat="51.510443" lon="-0.322994"><ele>25</ele></trkpt>
      <trkpt lat="51.510393" lon="-0.323282"><ele>25</ele></trkpt>
      <trkpt lat="51.510034" lon="-0.325335"><ele>25.75</ele></trkpt>
      <trkpt lat="51.509974" lon="-0.325678"><ele>26</ele></trkpt>
      <trkpt lat="51.509889" lon="-0.326172"><ele>26</ele></trkpt>
      <trkpt lat="51.509812" lon="-0.326711"><ele>25.25</ele></trkpt>
      <trkpt lat="51.509793" lon="-0.326806"><ele>25</ele></trkpt>
      <trkpt lat="51.509615" lon="-0.328167"><ele>25</ele></trkpt>
      <trkpt lat="51.50963" lon="-0.328219"><ele>25</ele></trkpt>
      <trkpt lat="51.509627" lon="-0.328311"><ele>25</ele></trkpt>
      <trkpt lat="51.509631" lon="-0.328401"><ele>25</ele></trkpt>
      <trkpt lat="51.509613" lon="-0.328434"><ele>25</ele></trkpt>
      <trkpt lat="51.509649" lon="-0.329307"><ele>24</ele></trkpt>
      <trkpt lat="51.509664" lon="-0.329328"><ele>24</ele></trkpt>
      <trkpt lat="51.509667" lon="-0.329398"><ele>23.75</ele></trkpt>
      <trkpt lat="51.509667" lon="-0.329449"><ele>24</ele></trkpt>
      <trkpt lat="51.50965" lon="-0.329463"><ele>24</ele></trkpt>
      <trkpt lat="51.509641" lon="-0.329765"><ele>24</ele></trkpt>
      <trkpt lat="51.509561" lon="-0.330521"><ele>24</ele></trkpt>
      <trkpt lat="51.509478" lon="-0.331098"><ele>24</ele></trkpt>
      <trkpt lat="51.509459" lon="-0.331246"><ele>24</ele></trkpt>
      <trkpt lat="51.509318" lon="-0.332015"><ele>24</ele></trkpt>
      <trkpt lat="51.509325" lon="-0.332033"><ele>24</ele></trkpt>
      <trkpt lat="51.509307" lon="-0.332105"><ele>24</ele></trkpt>
      <trkpt lat="51.509293" lon="-0.332168"><ele>24</ele></trkpt>
      <trkpt lat="51.509267" lon="-0.332185"><ele>24</ele></trkpt>
      <trkpt lat="51.50909" lon="-0.333067"><ele>24</ele></trkpt>
      <trkpt lat="51.508942" lon="-0.333785"><ele>24</ele></trkpt>
      <trkpt lat="51.508902" lon="-0.33409"><ele>24</ele></trkpt>
      <trkpt lat="51.508869" lon="-0.33435"><ele>24</ele></trkpt>
      <trkpt lat="51.508897" lon="-0.334448"><ele>24</ele></trkpt>
      <trkpt lat="51.508942" lon="-0.334469"><ele>24</ele></trkpt>
      <trkpt lat="51.509125" lon="-0.334555"><ele>24</ele></trkpt>
      <trkpt lat="51.509304" lon="-0.334598"><ele>24</ele></trkpt>
      <trkpt lat="51.50946" lon="-0.334622"><ele>24</ele></trkpt>
      <trkpt lat="51.509453" lon="-0.334685"><ele>24</ele></trkpt>
      <trkpt lat="51.509503" lon="-0.334693"><ele>24</ele></trkpt>
      <trkpt lat="51.509548" lon="-0.334694"><ele>24</ele></trkpt>
      <trkpt lat="51.509769" lon="-0.334712"><ele>24</ele></trkpt>
      <trkpt lat="51.510128" lon="-0.334768"><ele>24</ele></trkpt>
      <trkpt lat="51.510178" lon="-0.334841"><ele>24</ele></trkpt>
      <trkpt lat="51.510216" lon="-0.334914"><ele>24</ele></trkpt>
      <trkpt lat="51.510233" lon="-0.334902"><ele>23.75</ele></trkpt>
      <trkpt lat="51.510291" lon="-0.334901"><ele>24</ele></trkpt>
      <trkpt lat="51.510308" lon="-0.334916"><ele>24</ele></trkpt>
      <trkpt lat="51.510331" lon="-0.334934"><ele>24</ele></trkpt>
      <trkpt lat="51.510344" lon="-0.334945"><ele>24</ele></trkpt>
      <trkpt lat="51.510369" lon="-0.334891"><ele>24</ele></trkpt>
      <trkpt lat="51.510428" lon="-0.334858"><ele>24.25</ele></trkpt>
      <trkpt lat="51.510507" lon="-0.334832"><ele>24.25</ele></trkpt>
      <trkpt lat="51.51059" lon="-0.334835"><ele>24.25</ele></trkpt>
      <trkpt lat="51.510698" lon="-0.334878"><ele>24.25</ele></trkpt>
      <trkpt lat="51.510844" lon="-0.335"><ele>24</ele></trkpt>
      <trkpt lat="51.510893" lon="-0.335052"><ele>24.25</ele></trkpt>
      <trkpt lat="51.510985" lon="-0.335148"><ele>24.75</ele></trkpt>
      <trkpt lat="51.511436" lon="-0.33573"><ele>24</ele></trkpt>
      <trkpt lat="51.511688" lon="-0.336124"><ele>24.25</ele></trkpt>
      <trkpt lat="51.511708" lon="-0.336156"><ele>24.5</ele></trkpt>
      <trkpt lat="51.511746" lon="-0.336241"><ele>24.75</ele></trkpt>
      <trkpt lat="51.511789" lon="-0.336328"><ele>24.25</ele></trkpt>
      <trkpt lat="51.511744" lon="-0.336427"><ele>24</ele></trkpt>
      <trkpt lat="51.511707" lon="-0.336585"><ele>24.25</ele></trkpt>
      <trkpt lat="51.511677" lon="-0.336758"><ele>24</ele></trkpt>
      <trkpt lat="51.511657" lon="-0.336988"><ele>24</ele></trkpt>
      <trkpt lat="51.511638" lon="-0.337172"><ele>24</ele></trkpt>
      <trkpt lat="51.511583" lon="-0.337569"><ele>25.25</ele></trkpt>
      <trkpt lat="51.51152" lon="-0.338336"><ele>25.75</ele></trkpt>
      <trkpt lat="51.511582" lon="-0.338358"><ele>27</ele></trkpt>
      <trkpt lat="51.511852" lon="-0.338457"><ele>26.5</ele></trkpt>
      <trkpt lat="51.511582" lon="-0.338358"><ele>27</ele></trkpt>
      <trkpt lat="51.51152" lon="-0.338336"><ele>25.75</ele></trkpt>
      <trkpt lat="51.511361" lon="-0.339509"><ele>24.75</ele></trkpt>
      <trkpt lat="51.511162" lon="-0.340377"><ele>22.25</ele></trkpt>
      <trkpt lat="51.511116" lon="-0.340459"><ele>21</ele></trkpt>
      <trkpt lat="51.511055" lon="-0.340507"><ele>20.75</ele></trkpt>
      <trkpt lat="51.511178" lon="-0.340879"><ele>22</ele></trkpt>
      <trkpt lat="51.511256" lon="-0.340975"><ele>22.5</ele></trkpt>
      <trkpt lat="51.51128" lon="-0.34099"><ele>22.5</ele></trkpt>
      <trkpt lat="51.511269" lon="-0.341069"><ele>21.5</ele></trkpt>
      <trkpt lat="51.510873" lon="-0.34182"><ele>17.5</ele></trkpt>
      <trkpt lat="51.510885" lon="-0.341888"><ele>18.25</ele></trkpt>
      <trkpt lat="51.510866" lon="-0.342161"><ele>18</ele></trkpt>
      <trkpt lat="51.510822" lon="-0.342358"><ele>16.75</ele></trkpt>
      <trkpt lat="51.510797" lon="-0.342469"><ele>16.75</ele></trkpt>
      <trkpt lat="51.510782" lon="-0.342581"><ele>16.5</ele></trkpt>
      <trkpt lat="51.510754" lon="-0.342788"><ele>15.5</ele></trkpt>
      <trkpt lat="51.510779" lon="-0.343049"><ele>12.75</ele></trkpt>
      <trkpt lat="51.510838" lon="-0.343282"><ele>12</ele></trkpt>
      <trkpt lat="51.510897" lon="-0.34344"><ele>11.25</ele></trkpt>
      <trkpt lat="51.51093" lon="-0.343552"><ele>10.5</ele></trkpt>
      <trkpt lat="51.510916" lon="-0.343645"><ele>10.25</ele></trkpt>
      <trkpt lat="51.510887" lon="-0.34383"><ele>10.5</ele></trkpt>
      <trkpt lat="51.510876" lon="-0.343856"><ele>10.5</ele></trkpt>
      <trkpt lat="51.510797" lon="-0.343856"><ele>10.75</ele></trkpt>
      <trkpt lat="51.510722" lon="-0.343855"><ele>11</ele></trkpt>
      <trkpt lat="51.510588" lon="-0.343905"><ele>11.75</ele></trkpt>
      <trkpt lat="51.510473" lon="-0.343953"><ele>12</ele></trkpt>
      <trkpt lat="51.509181" lon="-0.344458"><ele>12</ele></trkpt>
      <trkpt lat="51.508837" lon="-0.344627"><ele>12.75</ele></trkpt>
      <trkpt lat="51.508749" lon="-0.344683"><ele>12.75</ele></trkpt>
      <trkpt lat="51.508723" lon="-0.344686"><ele>12.75</ele></trkpt>
      <trkpt lat="51.508926" lon="-0.346352"><ele>14.75</ele></trkpt>
      <trkpt lat="51.50886" lon="-0.346375"><ele>14.75</ele></trkpt>
      <trkpt lat="51.508866" lon="-0.346421"><ele>15</ele></trkpt>
      <trkpt lat="51.508889" lon="-0.346672"><ele>15</ele></trkpt>
      <trkpt lat="51.508912" lon="-0.346874"><ele>15</ele></trkpt>
      <trkpt lat="51.508938" lon="-0.347125"><ele>15.5</ele></trkpt>
      <trkpt lat="51.508945" lon="-0.347184"><ele>15.75</ele></trkpt>
      <trkpt lat="51.508951" lon="-0.347239"><ele>16</ele></trkpt>
      <trkpt lat="51.508979" lon="-0.34747"><ele>16.25</ele></trkpt>
      <trkpt lat="51.509021" lon="-0.347841"><ele>17</ele></trkpt>
      <trkpt lat="51.50905" lon="-0.34833"><ele>17.75</ele></trkpt>
      <trkpt lat="51.509059" lon="-0.348852"><ele>19</ele></trkpt>
      <trkpt lat="51.509062" lon="-0.349448"><ele>20</ele></trkpt>
      <trkpt lat="51.509081" lon="-0.349894"><ele>21</ele></trkpt>
      <trkpt lat="51.509093" lon="-0.350198"><ele>21.5</ele></trkpt>
      <trkpt lat="51.509095" lon="-0.35027"><ele>21.75</ele></trkpt>
      <trkpt lat="51.509108" lon="-0.350512"><ele>22</ele></trkpt>
      <trkpt lat="51.50912" lon="-0.350704"><ele>22</ele></trkpt>
      <trkpt lat="51.509138" lon="-0.351021"><ele>22.5</ele></trkpt>
      <trkpt lat="51.509171" lon="-0.351526"><ele>23</ele></trkpt>
      <trkpt lat="51.509216" lon="-0.352226"><ele>24</ele></trkpt>
      <trkpt lat="51.509263" lon="-0.352686"><ele>24</ele></trkpt>
      <trkpt lat="51.509281" lon="-0.352929"><ele>24</ele></trkpt>
      <trkpt lat="51.509282" lon="-0.353644"><ele>26</ele></trkpt>
      <trkpt lat="51.509299" lon="-0.353881"><ele>26.75</ele></trkpt>
      <trkpt lat="51.509338" lon="-0.354134"><ele>26.5</ele></trkpt>
      <trkpt lat="51.509326" lon="-0.354177"><ele>26</ele></trkpt>
      <trkpt lat="51.509288" lon="-0.354247"><ele>25</ele></trkpt>
      <trkpt lat="51.50931" lon="-0.354357"><ele>24.5</ele></trkpt>
      <trkpt lat="51.509337" lon="-0.354492"><ele>24</ele></trkpt>
      <trkpt lat="51.509373" lon="-0.354689"><ele>24.25</ele></trkpt>
      <trkpt lat="51.509464" lon="-0.355088"><ele>25</ele></trkpt>
      <trkpt lat="51.509508" lon="-0.355337"><ele>25.75</ele></trkpt>
      <trkpt lat="51.509518" lon="-0.355396"><ele>26</ele></trkpt>
      <trkpt lat="51.509528" lon="-0.355477"><ele>26.25</ele></trkpt>
      <trkpt lat="51.509558" lon="-0.355701"><ele>26</ele></trkpt>
      <trkpt lat="51.509583" lon="-0.355894"><ele>25.5</ele></trkpt>
      <trkpt lat="51.50963" lon="-0.3562"><ele>25.5</ele></trkpt>
      <trkpt lat="51.509655" lon="-0.356412"><ele>25</ele></trkpt>
      <trkpt lat="51.509672" lon="-0.356627"><ele>24.5</ele></trkpt>
      <trkpt lat="51.509681" lon="-0.356855"><ele>24</ele></trkpt>
      <trkpt lat="51.509699" lon="-0.357341"><ele>24</ele></trkpt>
      <trkpt lat="51.509715" lon="-0.357544"><ele>24</ele></trkpt>
      <trkpt lat="51.509795" lon="-0.358162"><ele>24</ele></trkpt>
      <trkpt lat="51.509836" lon="-0.35843"><ele>24</ele></trkpt>
      <trkpt lat="51.509853" lon="-0.358525"><ele>24</ele></trkpt>
      <trkpt lat="51.509909" lon="-0.358853"><ele>24</ele></trkpt>
      <trkpt lat="51.509935" lon="-0.359014"><ele>24</ele></trkpt>
      <trkpt lat="51.510182" lon="-0.360604"><ele>24</ele></trkpt>
      <trkpt lat="51.510295" lon="-0.361317"><ele>24</ele></trkpt>
      <trkpt lat="51.510302" lon="-0.361361"><ele>24</ele></trkpt>
      <trkpt lat="51.510337" lon="-0.361572"><ele>24</ele></trkpt>
      <trkpt lat="51.510354" lon="-0.361671"><ele>24</ele></trkpt>
      <trkpt lat="51.510403" lon="-0.361969"><ele>24</ele></trkpt>
      <trkpt lat="51.510499" lon="-0.362519"><ele>24.75</ele></trkpt>
      <trkpt lat="51.50979" lon="-0.362545"><ele>23.75</ele></trkpt>
      <trkpt lat="51.509555" lon="-0.362548"><ele>24.5</ele></trkpt>
      <trkpt lat="51.508977" lon="-0.362568"><ele>25.75</ele></trkpt>
      <trkpt lat="51.50891" lon="-0.362594"><ele>25.75</ele></trkpt>
      <trkpt lat="51.508884" lon="-0.362613"><ele>26</ele></trkpt>
      <trkpt lat="51.508855" lon="-0.362652"><ele>26</ele></trkpt>
      <trkpt lat="51.508839" lon="-0.362688"><ele>26</ele></trkpt>
      <trkpt lat="51.508815" lon="-0.362814"><ele>26.25</ele></trkpt>
      <trkpt lat="51.508663" lon="-0.363907"><ele>26.75</ele></trkpt>
      <trkpt lat="51.508486" lon="-0.365236"><ele>28</ele></trkpt>
      <trkpt lat="51.508459" lon="-0.365466"><ele>28</ele></trkpt>
      <trkpt lat="51.508365" lon="-0.366339"><ele>28</ele></trkpt>
      <trkpt lat="51.508315" lon="-0.366786"><ele>28</ele></trkpt>
      <trkpt lat="51.508228" lon="-0.367549"><ele>28.25</ele></trkpt>
      <trkpt lat="51.508164" lon="-0.368124"><ele>29</ele></trkpt>
      <trkpt lat="51.50799" lon="-0.36977"><ele>29.75</ele></trkpt>
      <trkpt lat="51.50792" lon="-0.370432"><ele>29.75</ele></trkpt>
      <trkpt lat="51.50784" lon="-0.371162"><ele>30</ele></trkpt>
      <trkpt lat="51.507674" lon="-0.372652"><ele>31.25</ele></trkpt>
      <trkpt lat="51.507623" lon="-0.373123"><ele>31.5</ele></trkpt>
      <trkpt lat="51.50745" lon="-0.374649"><ele>31</ele></trkpt>
      <trkpt lat="51.50742" lon="-0.37491"><ele>31.25</ele></trkpt>
      <trkpt lat="51.507392" lon="-0.375101"><ele>31</ele></trkpt>
      <trkpt lat="51.507355" lon="-0.375247"><ele>31</ele></trkpt>
      <trkpt lat="51.50722" lon="-0.375533"><ele>31</ele></trkpt>
      <trkpt lat="51.50701" lon="-0.375941"><ele>31</ele></trkpt>
      <trkpt lat="51.506963" lon="-0.37606"><ele>31</ele></trkpt>
      <trkpt lat="51.506949" lon="-0.376092"><ele>30.75</ele></trkpt>
      <trkpt lat="51.506944" lon="-0.376138"><ele>31</ele></trkpt>
      <trkpt lat="51.506941" lon="-0.376191"><ele>31</ele></trkpt>
      <trkpt lat="51.50694" lon="-0.376252"><ele>31</ele></trkpt>
      <trkpt lat="51.506952" lon="-0.376399"><ele>31</ele></trkpt>
      <trkpt lat="51.507052" lon="-0.377083"><ele>31</ele></trkpt>
      <trkpt lat="51.507141" lon="-0.377611"><ele>31</ele></trkpt>
      <trkpt lat="51.50722" lon="-0.378097"><ele>31</ele></trkpt>
      <trkpt lat="51.507226" lon="-0.378159"><ele>31</ele></trkpt>
      <trkpt lat="51.507244" lon="-0.378337"><ele>31</ele></trkpt>
      <trkpt lat="51.507108" lon="-0.378401"><ele>31.25</ele></trkpt>
      <trkpt lat="51.507066" lon="-0.378417"><ele>31.5</ele></trkpt>
      <trkpt lat="51.506732" lon="-0.378525"><ele>33</ele></trkpt>
      <trkpt lat="51.506677" lon="-0.378546"><ele>33.25</ele></trkpt>
      <trkpt lat="51.506566" lon="-0.37855"><ele>34</ele></trkpt>
      <trkpt lat="51.506281" lon="-0.378575"><ele>35.75</ele></trkpt>
      <trkpt lat="51.506195" lon="-0.378606"><ele>36.5</ele></trkpt>
      <trkpt lat="51.5061" lon="-0.378669"><ele>36.25</ele></trkpt>
      <trkpt lat="51.50603" lon="-0.37868"><ele>36.25</ele></trkpt>
      <trkpt lat="51.505967" lon="-0.378701"><ele>36.25</ele></trkpt>
      <trkpt lat="51.50603" lon="-0.37868"><ele>36.25</ele></trkpt>
      <trkpt lat="51.5061" lon="-0.378669"><ele>36.25</ele></trkpt>
      <trkpt lat="51.506171" lon="-0.378716"><ele>36</ele></trkpt>
      <trkpt lat="51.506324" lon="-0.378701"><ele>35.75</ele></trkpt>
      <trkpt lat="51.506316" lon="-0.378778"><ele>35.5</ele></trkpt>
      <trkpt lat="51.506278" lon="-0.378885"><ele>35</ele></trkpt>
      <trkpt lat="51.506237" lon="-0.379077"><ele>33.75</ele></trkpt>
      <trkpt lat="51.50617" lon="-0.379298"><ele>32.75</ele></trkpt>
      <trkpt lat="51.50615" lon="-0.379398"><ele>32.75</ele></trkpt>
      <trkpt lat="51.506099" lon="-0.379467"><ele>32.75</ele></trkpt>
      <trkpt lat="51.50607" lon="-0.379524"><ele>32.25</ele></trkpt>
      <trkpt lat="51.506033" lon="-0.37962"><ele>31.75</ele></trkpt>
      <trkpt lat="51.505937" lon="-0.380163"><ele>31.5</ele></trkpt>
      <trkpt lat="51.505897" lon="-0.380397"><ele>31.75</ele></trkpt>
      <trkpt lat="51.505873" lon="-0.380527"><ele>31.75</ele></trkpt>
      <trkpt lat="51.505808" lon="-0.380842"><ele>31</ele></trkpt>
      <trkpt lat="51.505788" lon="-0.38092"><ele>31</ele></trkpt>
      <trkpt lat="51.505726" lon="-0.38109"><ele>31.25</ele></trkpt>
      <trkpt lat="51.505711" lon="-0.381167"><ele>31.25</ele></trkpt>
      <trkpt lat="51.505621" lon="-0.38185"><ele>31.75</ele></trkpt>
      <trkpt lat="51.505213" lon="-0.384803"><ele>31.25</ele></trkpt>
      <trkpt lat="51.505246" lon="-0.385007"><ele>31.25</ele></trkpt>
      <trkpt lat="51.505288" lon="-0.385154"><ele>31.5</ele></trkpt>
      <trkpt lat="51.50532" lon="-0.385175"><ele>31.25</ele></trkpt>
      <trkpt lat="51.505347" lon="-0.385211"><ele>31.5</ele></trkpt>
      <trkpt lat="51.505366" lon="-0.385258"><ele>31.5</ele></trkpt>
      <trkpt lat="51.505376" lon="-0.385319"><ele>31.5</ele></trkpt>
      <trkpt lat="51.50544" lon="-0.385402"><ele>31.25</ele></trkpt>
      <trkpt lat="51.505537" lon="-0.385484"><ele>31</ele></trkpt>
      <trkpt lat="51.506054" lon="-0.385658"><ele>29.75</ele></trkpt>
      <trkpt lat="51.506078" lon="-0.385675"><ele>29.75</ele></trkpt>
      <trkpt lat="51.506066" lon="-0.385729"><ele>30.5</ele></trkpt>
      <trkpt lat="51.506093" lon="-0.38582"><ele>31.75</ele></trkpt>
      <trkpt lat="51.506128" lon="-0.386023"><ele>32</ele></trkpt>
      <trkpt lat="51.506213" lon="-0.38671"><ele>32.25</ele></trkpt>
      <trkpt lat="51.506223" lon="-0.386805"><ele>32.5</ele></trkpt>
      <trkpt lat="51.506235" lon="-0.386917"><ele>32.75</ele></trkpt>
      <trkpt lat="51.506316" lon="-0.387567"><ele>33</ele></trkpt>
      <trkpt lat="51.506315" lon="-0.387666"><ele>33</ele></trkpt>
      <trkpt lat="51.506337" lon="-0.387823"><ele>33</ele></trkpt>
      <trkpt lat="51.506356" lon="-0.387881"><ele>33</ele></trkpt>
      <trkpt lat="51.506359" lon="-0.387908"><ele>33</ele></trkpt>
      <trkpt lat="51.506373" lon="-0.388019"><ele>33</ele></trkpt>
      <trkpt lat="51.506445" lon="-0.388583"><ele>32</ele></trkpt>
      <trkpt lat="51.50647" lon="-0.388789"><ele>32</ele></trkpt>
      <trkpt lat="51.506641" lon="-0.390166"><ele>32</ele></trkpt>
      <trkpt lat="51.506659" lon="-0.390287"><ele>32</ele></trkpt>
      <trkpt lat="51.506691" lon="-0.390557"><ele>32.75</ele></trkpt>
      <trkpt lat="51.50672" lon="-0.390817"><ele>32.75</ele></trkpt>
      <trkpt lat="51.506743" lon="-0.391014"><ele>32.5</ele></trkpt>
      <trkpt lat="51.506774" lon="-0.391168"><ele>32.5</ele></trkpt>
      <trkpt lat="51.506797" lon="-0.391417"><ele>32.25</ele></trkpt>
      <trkpt lat="51.506801" lon="-0.391525"><ele>32.25</ele></trkpt>
      <trkpt lat="51.50679" lon="-0.391596"><ele>32</ele></trkpt>
      <trkpt lat="51.50677" lon="-0.391661"><ele>32</ele></trkpt>
      <trkpt lat="51.506747" lon="-0.391709"><ele>32</ele></trkpt>
      <trkpt lat="51.506699" lon="-0.39178"><ele>32</ele></trkpt>
      <trkpt lat="51.506666" lon="-0.391806"><ele>32</ele></trkpt>
      <trkpt lat="51.506681" lon="-0.391877"><ele>32</ele></trkpt>
      <trkpt lat="51.506706" lon="-0.391976"><ele>31.75</ele></trkpt>
      <trkpt lat="51.506643" lon="-0.392006"><ele>32</ele></trkpt>
      <trkpt lat="51.506422" lon="-0.392058"><ele>32.5</ele></trkpt>
      <trkpt lat="51.50633" lon="-0.39209"><ele>32.5</ele></trkpt>
      <trkpt lat="51.506282" lon="-0.392109"><ele>32.5</ele></trkpt>
      <trkpt lat="51.506169" lon="-0.392185"><ele>32.75</ele></trkpt>
      <trkpt lat="51.505876" lon="-0.392238"><ele>32.75</ele></trkpt>
      <trkpt lat="51.505677" lon="-0.392296"><ele>33.25</ele></trkpt>
      <trkpt lat="51.505469" lon="-0.392393"><ele>33.5</ele></trkpt>
      <trkpt lat="51.505413" lon="-0.392444"><ele>33.5</ele></trkpt>
      <trkpt lat="51.505325" lon="-0.39256"><ele>33.5</ele></trkpt>
      <trkpt lat="51.505232" lon="-0.392714"><ele>33</ele></trkpt>
      <trkpt lat="51.505168" lon="-0.392857"><ele>32.75</ele></trkpt>
      <trkpt lat="51.50515" lon="-0.392933"><ele>32.5</ele></trkpt>
      <trkpt lat="51.505132" lon="-0.393005"><ele>32.5</ele></trkpt>
      <trkpt lat="51.505104" lon="-0.393165"><ele>32.5</ele></trkpt>
      <trkpt lat="51.5051" lon="-0.393377"><ele>32.5</ele></trkpt>
      <trkpt lat="51.505112" lon="-0.393513"><ele>32</ele></trkpt>
      <trkpt lat="51.505136" lon="-0.393629"><ele>32</ele></trkpt>
      <trkpt lat="51.505144" lon="-0.393738"><ele>32</ele></trkpt>
      <trkpt lat="51.505152" lon="-0.393789"><ele>32</ele></trkpt>
      <trkpt lat="51.505152" lon="-0.393938"><ele>31.75</ele></trkpt>
      <trkpt lat="51.505168" lon="-0.394137"><ele>31.25</ele></trkpt>
      <trkpt lat="51.505168" lon="-0.394388"><ele>31</ele></trkpt>
      <trkpt lat="51.50516" lon="-0.394588"><ele>31</ele></trkpt>
      <trkpt lat="51.505124" lon="-0.394871"><ele>30.75</ele></trkpt>
      <trkpt lat="51.50508" lon="-0.395083"><ele>31</ele></trkpt>
      <trkpt lat="51.505012" lon="-0.395347"><ele>30.75</ele></trkpt>
      <trkpt lat="51.504952" lon="-0.395528"><ele>31</ele></trkpt>
      <trkpt lat="51.50476" lon="-0.395968"><ele>31.75</ele></trkpt>
      <trkpt lat="51.50463" lon="-0.396261"><ele>31.5</ele></trkpt>
      <trkpt lat="51.504603" lon="-0.396319"><ele>31.5</ele></trkpt>
      <trkpt lat="51.504511" lon="-0.396596"><ele>31.75</ele></trkpt>
      <trkpt lat="51.504471" lon="-0.396776"><ele>31.75</ele></trkpt>
      <trkpt lat="51.504417" lon="-0.397089"><ele>32</ele></trkpt>
      <trkpt lat="51.504407" lon="-0.397198"><ele>32</ele></trkpt>
      <trkpt lat="51.504371" lon="-0.397755"><ele>31.25</ele></trkpt>
      <trkpt lat="51.504371" lon="-0.397999"><ele>31</ele></trkpt>
      <trkpt lat="51.504373" lon="-0.398093"><ele>31</ele></trkpt>
      <trkpt lat="51.504375" lon="-0.398176"><ele>31</ele></trkpt>
      <trkpt lat="51.504392" lon="-0.398635"><ele>31</ele></trkpt>
      <trkpt lat="51.504409" lon="-0.398712"><ele>31</ele></trkpt>
      <trkpt lat="51.504412" lon="-0.398834"><ele>31</ele></trkpt>
      <trkpt lat="51.504398" lon="-0.398998"><ele>30.5</ele></trkpt>
      <trkpt lat="51.504396" lon="-0.399174"><ele>30</ele></trkpt>
      <trkpt lat="51.504383" lon="-0.399306"><ele>30</ele></trkpt>
      <trkpt lat="51.504351" lon="-0.399493"><ele>30</ele></trkpt>
      <trkpt lat="51.504325" lon="-0.399595"><ele>30</ele></trkpt>
      <trkpt lat="51.504083" lon="-0.400266"><ele>30.5</ele></trkpt>
      <trkpt lat="51.503768" lon="-0.401184"><ele>31.75</ele></trkpt>
      <trkpt lat="51.503717" lon="-0.401319"><ele>32.25</ele></trkpt>
      <trkpt lat="51.50359" lon="-0.401616"><ele>33.75</ele></trkpt>
      <trkpt lat="51.503576" lon="-0.401663"><ele>33.5</ele></trkpt>
      <trkpt lat="51.503556" lon="-0.401643"><ele>33.5</ele></trkpt>
      <trkpt lat="51.503514" lon="-0.401601"><ele>33.25</ele></trkpt>
      <trkpt lat="51.503473" lon="-0.40156"><ele>33</ele></trkpt>
      <trkpt lat="51.503451" lon="-0.401539"><ele>32.75</ele></trkpt>
      <trkpt lat="51.50343" lon="-0.401607"><ele>32.5</ele></trkpt>
      <trkpt lat="51.503356" lon="-0.401953"><ele>33.75</ele></trkpt>
      <trkpt lat="51.503339" lon="-0.402208"><ele>34.75</ele></trkpt>
      <trkpt lat="51.503342" lon="-0.402392"><ele>34.75</ele></trkpt>
      <trkpt lat="51.503352" lon="-0.402506"><ele>34.5</ele></trkpt>
      <trkpt lat="51.503403" lon="-0.402836"><ele>31</ele></trkpt>
      <trkpt lat="51.5035" lon="-0.403422"><ele>31.75</ele></trkpt>
      <trkpt lat="51.503558" lon="-0.403756"><ele>31.75</ele></trkpt>
      <trkpt lat="51.503592" lon="-0.404"><ele>31.25</ele></trkpt>
      <trkpt lat="51.503673" lon="-0.404757"><ele>28.75</ele></trkpt>
      <trkpt lat="51.503713" lon="-0.405169"><ele>27.25</ele></trkpt>
      <trkpt lat="51.503744" lon="-0.405487"><ele>28.75</ele></trkpt>
      <trkpt lat="51.503821" lon="-0.406257"><ele>28.5</ele></trkpt>
      <trkpt lat="51.503824" lon="-0.406308"><ele>28.5</ele></trkpt>
      <trkpt lat="51.503834" lon="-0.406337"><ele>28.5</ele></trkpt>
      <trkpt lat="51.503854" lon="-0.406333"><ele>28.5</ele></trkpt>
      <trkpt lat="51.503875" lon="-0.406327"><ele>28.75</ele></trkpt>
      <trkpt lat="51.503883" lon="-0.406371"><ele>28.75</ele></trkpt>
      <trkpt lat="51.503938" lon="-0.406501"><ele>29</ele></trkpt>
      <trkpt lat="51.503959" lon="-0.406756"><ele>29</ele></trkpt>
      <trkpt lat="51.50404" lon="-0.407813"><ele>29.25</ele></trkpt>
      <trkpt lat="51.504083" lon="-0.408326"><ele>29</ele></trkpt>
      <trkpt lat="51.504112" lon="-0.408502"><ele>29</ele></trkpt>
      <trkpt lat="51.504165" lon="-0.408699"><ele>29</ele></trkpt>
      <trkpt lat="51.504249" lon="-0.408911"><ele>29</ele></trkpt>
      <trkpt lat="51.504641" lon="-0.410103"><ele>29.5</ele></trkpt>
      <trkpt lat="51.504857" lon="-0.410762"><ele>30</ele></trkpt>
      <trkpt lat="51.504954" lon="-0.411037"><ele>30</ele></trkpt>
      <trkpt lat="51.505095" lon="-0.41144"><ele>30</ele></trkpt>
      <trkpt lat="51.504506" lon="-0.411845"><ele>30</ele></trkpt>
      <trkpt lat="51.504249" lon="-0.412025"><ele>30.25</ele></trkpt>
      <trkpt lat="51.504161" lon="-0.412231"><ele>30</ele></trkpt>
      <trkpt lat="51.504161" lon="-0.412284"><ele>30</ele></trkpt>
      <trkpt lat="51.504166" lon="-0.412726"><ele>30</ele></trkpt>
      <trkpt lat="51.504167" lon="-0.41285"><ele>30</ele></trkpt>
      <trkpt lat="51.504171" lon="-0.413261"><ele>30</ele></trkpt>
      <trkpt lat="51.504178" lon="-0.413897"><ele>29.75</ele></trkpt>
      <trkpt lat="51.504179" lon="-0.41405"><ele>30</ele></trkpt>
      <trkpt lat="51.504188" lon="-0.414912"><ele>30</ele></trkpt>
      <trkpt lat="51.504466" lon="-0.415715"><ele>31</ele></trkpt>
      <trkpt lat="51.50458" lon="-0.415984"><ele>31</ele></trkpt>
      <trkpt lat="51.504615" lon="-0.416066"><ele>31</ele></trkpt>
      <trkpt lat="51.504648" lon="-0.416102"><ele>31</ele></trkpt>
      <trkpt lat="51.504666" lon="-0.416151"><ele>31</ele></trkpt>
      <trkpt lat="51.504661" lon="-0.416195"><ele>31</ele></trkpt>
      <trkpt lat="51.504956" lon="-0.417039"><ele>31</ele></trkpt>
      <trkpt lat="51.505017" lon="-0.417215"><ele>31</ele></trkpt>
      <trkpt lat="51.50502" lon="-0.41727"><ele>31</ele></trkpt>
      <trkpt lat="51.505006" lon="-0.417341"><ele>31</ele></trkpt>
      <trkpt lat="51.504969" lon="-0.417388"><ele>31</ele></trkpt>
      <trkpt lat="51.505045" lon="-0.417608"><ele>31</ele></trkpt>
      <trkpt lat="51.505325" lon="-0.418436"><ele>31.25</ele></trkpt>
      <trkpt lat="51.505239" lon="-0.418486"><ele>31.25</ele></trkpt>
      <trkpt lat="51.505197" lon="-0.418526"><ele>31.25</ele></trkpt>
      <trkpt lat="51.505184" lon="-0.418574"><ele>31.5</ele></trkpt>
      <trkpt lat="51.505183" lon="-0.418655"><ele>31.5</ele></trkpt>
      <trkpt lat="51.505201" lon="-0.418732"><ele>31.75</ele></trkpt>
      <trkpt lat="51.505286" lon="-0.418987"><ele>32</ele></trkpt>
      <trkpt lat="51.505303" lon="-0.419031"><ele>32</ele></trkpt>
      <trkpt lat="51.505257" lon="-0.419074"><ele>32</ele></trkpt>
      <trkpt lat="51.504776" lon="-0.41939"><ele>32.25</ele></trkpt>
      <trkpt lat="51.504744" lon="-0.419436"><ele>32</ele></trkpt>
      <trkpt lat="51.504711" lon="-0.419462"><ele>31.75</ele></trkpt>
      <trkpt lat="51.504688" lon="-0.41948"><ele>31.75</ele></trkpt>
      <trkpt lat="51.504642" lon="-0.419513"><ele>31.75</ele></trkpt>
      <trkpt lat="51.504553" lon="-0.419584"><ele>31.75</ele></trkpt>
      <trkpt lat="51.504522" lon="-0.419609"><ele>31.75</ele></trkpt>
      <trkpt lat="51.504422" lon="-0.419666"><ele>32.5</ele></trkpt>
      <trkpt lat="51.504393" lon="-0.419677"><ele>32.5</ele></trkpt>
      <trkpt lat="51.504319" lon="-0.419684"><ele>32.75</ele></trkpt>
      <trkpt lat="51.504218" lon="-0.419726"><ele>32.75</ele></trkpt>
      <trkpt lat="51.50419" lon="-0.419726"><ele>32.75</ele></trkpt>
      <trkpt lat="51.504145" lon="-0.4197"><ele>33</ele></trkpt>
      <trkpt lat="51.504121" lon="-0.4197"><ele>33</ele></trkpt>
      <trkpt lat="51.504096" lon="-0.419713"><ele>33</ele></trkpt>
      <trkpt lat="51.504047" lon="-0.419801"><ele>33</ele></trkpt>
      <trkpt lat="51.50401" lon="-0.419788"><ele>33</ele></trkpt>
      <trkpt lat="51.503978" lon="-0.419783"><ele>33</ele></trkpt>
      <trkpt lat="51.503912" lon="-0.419797"><ele>33</ele></trkpt>
      <trkpt lat="51.503826" lon="-0.419817"><ele>33</ele></trkpt>
      <trkpt lat="51.503827" lon="-0.419859"><ele>33</ele></trkpt>
      <trkpt lat="51.503828" lon="-0.419899"><ele>33</ele></trkpt>
      <trkpt lat="51.503888" lon="-0.419922"><ele>33</ele></trkpt>
      <trkpt lat="51.503901" lon="-0.419977"><ele>33</ele></trkpt>
      <trkpt lat="51.503401" lon="-0.420427"><ele>33.25</ele></trkpt>
      <trkpt lat="51.503266" lon="-0.420556"><ele>33</ele></trkpt>
      <trkpt lat="51.503159" lon="-0.420634"><ele>33</ele></trkpt>
      <trkpt lat="51.503102" lon="-0.420699"><ele>33</ele></trkpt>
    </trkseg>
    <trkseg>
      <trkpt lat="51.503102" lon="-0.420699"><ele>33</ele></trkpt>
      <trkpt lat="51.503084" lon="-0.420719"><ele>33</ele></trkpt>
      <trkpt lat="51.503003" lon="-0.420853"><ele>33.25</ele></trkpt>
      <trkpt lat="51.502985" lon="-0.420884"><ele>33.5</ele></trkpt>
      <trkpt lat="51.502942" lon="-0.42093"><ele>33.75</ele></trkpt>
      <trkpt lat="51.502901" lon="-0.420968"><ele>33.75</ele></trkpt>
      <trkpt lat="51.502816" lon="-0.421058"><ele>34</ele></trkpt>
      <trkpt lat="51.502818" lon="-0.421091"><ele>34</ele></trkpt>
      <trkpt lat="51.502732" lon="-0.421181"><ele>34.5</ele></trkpt>
      <trkpt lat="51.50256" lon="-0.421393"><ele>35.25</ele></trkpt>
      <trkpt lat="51.502459" lon="-0.421568"><ele>35.25</ele></trkpt>
      <trkpt lat="51.502382" lon="-0.421726"><ele>34.25</ele></trkpt>
      <trkpt lat="51.502319" lon="-0.421879"><ele>34</ele></trkpt>
      <trkpt lat="51.502216" lon="-0.422189"><ele>33.75</ele></trkpt>
      <trkpt lat="51.502242" lon="-0.422301"><ele>33.5</ele></trkpt>
      <trkpt lat="51.502204" lon="-0.422414"><ele>33.25</ele></trkpt>
      <trkpt lat="51.502172" lon="-0.422516"><ele>32.75</ele></trkpt>
      <trkpt lat="51.502114" lon="-0.422537"><ele>32.75</ele></trkpt>
      <trkpt lat="51.502083" lon="-0.4226"><ele>32.5</ele></trkpt>
      <trkpt lat="51.502033" lon="-0.422743"><ele>32</ele></trkpt>
      <trkpt lat="51.501909" lon="-0.42292"><ele>32</ele></trkpt>
      <trkpt lat="51.501699" lon="-0.423343"><ele>31.75</ele></trkpt>
      <trkpt lat="51.501633" lon="-0.42351"><ele>32</ele></trkpt>
      <trkpt lat="51.501518" lon="-0.423635"><ele>31.75</ele></trkpt>
      <trkpt lat="51.501483" lon="-0.423673"><ele>31.75</ele></trkpt>
      <trkpt lat="51.501476" lon="-0.423732"><ele>31.75</ele></trkpt>
      <trkpt lat="51.501451" lon="-0.423752"><ele>31.75</ele></trkpt>
      <trkpt lat="51.501413" lon="-0.423783"><ele>31.75</ele></trkpt>
      <trkpt lat="51.501382" lon="-0.423801"><ele>32</ele></trkpt>
      <trkpt lat="51.501341" lon="-0.423826"><ele>32</ele></trkpt>
      <trkpt lat="51.501235" lon="-0.423913"><ele>32</ele></trkpt>
      <trkpt lat="51.501145" lon="-0.424028"><ele>32</ele></trkpt>
      <trkpt lat="51.501124" lon="-0.424065"><ele>32</ele></trkpt>
      <trkpt lat="51.501103" lon="-0.424141"><ele>32</ele></trkpt>
      <trkpt lat="51.501071" lon="-0.424165"><ele>32</ele></trkpt>
      <trkpt lat="51.500906" lon="-0.424297"><ele>32</ele></trkpt>
      <trkpt lat="51.500566" lon="-0.424545"><ele>32</ele></trkpt>
      <trkpt lat="51.499818" lon="-0.425063"><ele>31</ele></trkpt>
      <trkpt lat="51.499776" lon="-0.425092"><ele>31</ele></trkpt>
      <trkpt lat="51.499612" lon="-0.425206"><ele>31</ele></trkpt>
      <trkpt lat="51.499576" lon="-0.425233"><ele>31</ele></trkpt>
      <trkpt lat="51.499448" lon="-0.425334"><ele>31</ele></trkpt>
      <trkpt lat="51.49858" lon="-0.426013"><ele>30.25</ele></trkpt>
      <trkpt lat="51.498408" lon="-0.426149"><ele>30</ele></trkpt>
      <trkpt lat="51.498313" lon="-0.426218"><ele>30</ele></trkpt>
      <trkpt lat="51.496998" lon="-0.427187"><ele>28.25</ele></trkpt>
      <trkpt lat="51.496906" lon="-0.42725"><ele>27.75</ele></trkpt>
      <trkpt lat="51.496056" lon="-0.427799"><ele>27.75</ele></trkpt>
      <trkpt lat="51.495714" lon="-0.427995"><ele>28</ele></trkpt>
      <trkpt lat="51.4955" lon="-0.428099"><ele>28.5</ele></trkpt>
      <trkpt lat="51.495257" lon="-0.428202"><ele>28</ele></trkpt>
      <trkpt lat="51.495073" lon="-0.428272"><ele>28.75</ele></trkpt>
      <trkpt lat="51.494898" lon="-0.428327"><ele>29</ele></trkpt>
      <trkpt lat="51.494121" lon="-0.428531"><ele>30</ele></trkpt>
      <trkpt lat="51.49319" lon="-0.428782"><ele>31.5</ele></trkpt>
      <trkpt lat="51.492993" lon="-0.428876"><ele>31.5</ele></trkpt>
      <trkpt lat="51.492819" lon="-0.429009"><ele>30.75</ele></trkpt>
      <trkpt lat="51.492676" lon="-0.429149"><ele>30.5</ele></trkpt>
      <trkpt lat="51.492523" lon="-0.429351"><ele>30.25</ele></trkpt>
      <trkpt lat="51.492401" lon="-0.429573"><ele>29</ele></trkpt>
      <trkpt lat="51.492284" lon="-0.429858"><ele>28.75</ele></trkpt>
      <trkpt lat="51.492198" lon="-0.430153"><ele>29</ele></trkpt>
      <trkpt lat="51.492138" lon="-0.43049"><ele>27.75</ele></trkpt>
      <trkpt lat="51.492066" lon="-0.431201"><ele>27.25</ele></trkpt>
      <trkpt lat="51.491949" lon="-0.432515"><ele>27</ele></trkpt>
      <trkpt lat="51.491907" lon="-0.432971"><ele>27</ele></trkpt>
      <trkpt lat="51.491862" lon="-0.433207"><ele>27</ele></trkpt>
      <trkpt lat="51.491828" lon="-0.433399"><ele>27</ele></trkpt>
      <trkpt lat="51.491709" lon="-0.433708"><ele>27</ele></trkpt>
      <trkpt lat="51.491592" lon="-0.433966"><ele>27</ele></trkpt>
      <trkpt lat="51.491449" lon="-0.434149"><ele>27</ele></trkpt>
      <trkpt lat="51.491328" lon="-0.434278"><ele>27</ele></trkpt>
      <trkpt lat="51.491172" lon="-0.434389"><ele>27</ele></trkpt>
      <trkpt lat="51.491131" lon="-0.434416"><ele>27</ele></trkpt>
      <trkpt lat="51.490801" lon="-0.434552"><ele>27</ele></trkpt>
      <trkpt lat="51.490601" lon="-0.434674"><ele>27</ele></trkpt>
      <trkpt lat="51.490343" lon="-0.434798"><ele>26.75</ele></trkpt>
      <trkpt lat="51.490246" lon="-0.434847"><ele>27</ele></trkpt>
      <trkpt lat="51.490076" lon="-0.434932"><ele>27</ele></trkpt>
      <trkpt lat="51.489647" lon="-0.435092"><ele>27</ele></trkpt>
      <trkpt lat="51.489326" lon="-0.43517"><ele>26.5</ele></trkpt>
      <trkpt lat="51.489176" lon="-0.435246"><ele>26</ele></trkpt>
      <trkpt lat="51.488778" lon="-0.435449"><ele>26</ele></trkpt>
      <trkpt lat="51.488716" lon="-0.43548"><ele>26</ele></trkpt>
      <trkpt lat="51.488662" lon="-0.435507"><ele>26</ele></trkpt>
      <trkpt lat="51.488441" lon="-0.435631"><ele>26</ele></trkpt>
      <trkpt lat="51.488124" lon="-0.435785"><ele>26</ele></trkpt>
      <trkpt lat="51.487945" lon="-0.435842"><ele>26</ele></trkpt>
      <trkpt lat="51.487841" lon="-0.435869"><ele>26</ele></trkpt>
      <trkpt lat="51.487735" lon="-0.43584"><ele>25.75</ele></trkpt>
      <trkpt lat="51.487127" lon="-0.435738"><ele>25.5</ele></trkpt>
      <trkpt lat="51.487059" lon="-0.435725"><ele>25.25</ele></trkpt>
      <trkpt lat="51.48691" lon="-0.43562"><ele>25</ele></trkpt>
      <trkpt lat="51.486496" lon="-0.435345"><ele>25.25</ele></trkpt>
      <trkpt lat="51.486371" lon="-0.435269"><ele>25</ele></trkpt>
      <trkpt lat="51.485941" lon="-0.434955"><ele>25.25</ele></trkpt>
      <trkpt lat="51.485864" lon="-0.435718"><ele>25</ele></trkpt>
      <trkpt lat="51.485855" lon="-0.435803"><ele>25</ele></trkpt>
      <trkpt lat="51.485849" lon="-0.435894"><ele>25</ele></trkpt>
      <trkpt lat="51.485834" lon="-0.435924"><ele>25</ele></trkpt>
      <trkpt lat="51.485827" lon="-0.435975"><ele>25</ele></trkpt>
      <trkpt lat="51.485846" lon="-0.436248"><ele>25</ele></trkpt>
      <trkpt lat="51.485855" lon="-0.436399"><ele>25</ele></trkpt>
      <trkpt lat="51.485877" lon="-0.436822"><ele>26</ele></trkpt>
      <trkpt lat="51.485575" lon="-0.437487"><ele>25</ele></trkpt>
      <trkpt lat="51.485607" lon="-0.437544"><ele>25</ele></trkpt>
      <trkpt lat="51.485632" lon="-0.437618"><ele>25</ele></trkpt>
      <trkpt lat="51.485648" lon="-0.437709"><ele>25</ele></trkpt>
      <trkpt lat="51.485735" lon="-0.438722"><ele>26</ele></trkpt>
      <trkpt lat="51.485738" lon="-0.438852"><ele>26</ele></trkpt>
      <trkpt lat="51.485731" lon="-0.438914"><ele>26</ele></trkpt>
      <trkpt lat="51.485706" lon="-0.438984"><ele>26</ele></trkpt>
      <trkpt lat="51.485673" lon="-0.439041"><ele>26</ele></trkpt>
      <trkpt lat="51.485632" lon="-0.439083"><ele>26</ele></trkpt>
      <trkpt lat="51.485044" lon="-0.439218"><ele>25.25</ele></trkpt>
      <trkpt lat="51.485017" lon="-0.439224"><ele>25.25</ele></trkpt>
      <trkpt lat="51.485011" lon="-0.43933"><ele>25.5</ele></trkpt>
      <trkpt lat="51.48498" lon="-0.439841"><ele>25.75</ele></trkpt>
      <trkpt lat="51.484994" lon="-0.440143"><ele>25.75</ele></trkpt>
      <trkpt lat="51.485023" lon="-0.440495"><ele>26</ele></trkpt>
      <trkpt lat="51.485045" lon="-0.44069"><ele>26</ele></trkpt>
      <trkpt lat="51.485099" lon="-0.441037"><ele>26</ele></trkpt>
      <trkpt lat="51.485177" lon="-0.441931"><ele>25.5</ele></trkpt>
      <trkpt lat="51.485207" lon="-0.442487"><ele>25.75</ele></trkpt>
      <trkpt lat="51.485221" lon="-0.443092"><ele>25.75</ele></trkpt>
      <trkpt lat="51.485235" lon="-0.443507"><ele>25.75</ele></trkpt>
      <trkpt lat="51.485248" lon="-0.443601"><ele>25.75</ele></trkpt>
      <trkpt lat="51.485206" lon="-0.443669"><ele>25.75</ele></trkpt>
      <trkpt lat="51.485172" lon="-0.443697"><ele>25.5</ele></trkpt>
      <trkpt lat="51.485123" lon="-0.44371"><ele>25.5</ele></trkpt>
      <trkpt lat="51.484956" lon="-0.443731"><ele>25.25</ele></trkpt>
      <trkpt lat="51.484823" lon="-0.443748"><ele>25</ele></trkpt>
      <trkpt lat="51.48481" lon="-0.443742"><ele>25</ele></trkpt>
      <trkpt lat="51.484763" lon="-0.443722"><ele>25</ele></trkpt>
      <trkpt lat="51.484722" lon="-0.443677"><ele>25</ele></trkpt>
      <trkpt lat="51.484698" lon="-0.443629"><ele>25</ele></trkpt>
      <trkpt lat="51.484557" lon="-0.443864"><ele>25.5</ele></trkpt>
      <trkpt lat="51.484422" lon="-0.443992"><ele>26</ele></trkpt>
      <trkpt lat="51.484362" lon="-0.444029"><ele>26</ele></trkpt>
      <trkpt lat="51.484322" lon="-0.44403"><ele>26</ele></trkpt>
      <trkpt lat="51.484319" lon="-0.444051"><ele>26</ele></trkpt>
      <trkpt lat="51.484174" lon="-0.443858"><ele>25.75</ele></trkpt>
      <trkpt lat="51.484099" lon="-0.443786"><ele>25.25</ele></trkpt>
      <trkpt lat="51.484058" lon="-0.443771"><ele>25.25</ele></trkpt>
      <trkpt lat="51.484007" lon="-0.443769"><ele>25</ele></trkpt>
      <trkpt lat="51.483765" lon="-0.443811"><ele>25</ele></trkpt>
      <trkpt lat="51.48372" lon="-0.443809"><ele>25</ele></trkpt>
      <trkpt lat="51.483701" lon="-0.443818"><ele>25</ele></trkpt>
      <trkpt lat="51.483598" lon="-0.443929"><ele>25</ele></trkpt>
      <trkpt lat="51.48353" lon="-0.444033"><ele>25</ele></trkpt>
      <trkpt lat="51.483494" lon="-0.444112"><ele>25</ele></trkpt>
      <trkpt lat="51.483384" lon="-0.444377"><ele>25.5</ele></trkpt>
      <trkpt lat="51.483355" lon="-0.444463"><ele>25.75</ele></trkpt>
      <trkpt lat="51.483286" lon="-0.44476"><ele>25.75</ele></trkpt>
      <trkpt lat="51.483265" lon="-0.444814"><ele>25.75</ele></trkpt>
      <trkpt lat="51.483176" lon="-0.444973"><ele>25.5</ele></trkpt>
      <trkpt lat="51.483157" lon="-0.445052"><ele>25.5</ele></trkpt>
      <trkpt lat="51.48314" lon="-0.445086"><ele>25.75</ele></trkpt>
      <trkpt lat="51.483122" lon="-0.445106"><ele>25.75</ele></trkpt>
      <trkpt lat="51.483072" lon="-0.445133"><ele>25.75</ele></trkpt>
      <trkpt lat="51.482948" lon="-0.445135"><ele>26</ele></trkpt>
      <trkpt lat="51.482939" lon="-0.445301"><ele>26</ele></trkpt>
      <trkpt lat="51.482701" lon="-0.445297"><ele>26</ele></trkpt>
      <trkpt lat="51.482683" lon="-0.445418"><ele>26</ele></trkpt>
      <trkpt lat="51.482705" lon="-0.44572"><ele>26</ele></trkpt>
      <trkpt lat="51.482666" lon="-0.445754"><ele>26</ele></trkpt>
      <trkpt lat="51.482153" lon="-0.445821"><ele>26</ele></trkpt>
      <trkpt lat="51.482105" lon="-0.445798"><ele>26</ele></trkpt>
      <trkpt lat="51.482052" lon="-0.445685"><ele>26</ele></trkpt>
      <trkpt lat="51.481992" lon="-0.445617"><ele>26</ele></trkpt>
      <trkpt lat="51.481969" lon="-0.445624"><ele>26</ele></trkpt>
      <trkpt lat="51.481945" lon="-0.445619"><ele>26</ele></trkpt>
      <trkpt lat="51.481924" lon="-0.445603"><ele>26</ele></trkpt>
      <trkpt lat="51.48188" lon="-0.445705"><ele>26</ele></trkpt>
      <trkpt lat="51.481813" lon="-0.445793"><ele>26</ele></trkpt>
      <trkpt lat="51.481664" lon="-0.445907"><ele>26</ele></trkpt>
      <trkpt lat="51.481423" lon="-0.445946"><ele>25.75</ele></trkpt>
      <trkpt lat="51.481327" lon="-0.445992"><ele>26</ele></trkpt>
      <trkpt lat="51.481286" lon="-0.446042"><ele>26</ele></trkpt>
      <trkpt lat="51.481252" lon="-0.446126"><ele>26</ele></trkpt>
      <trkpt lat="51.481232" lon="-0.446116"><ele>26</ele></trkpt>
      <trkpt lat="51.481219" lon="-0.44611"><ele>26</ele></trkpt>
      <trkpt lat="51.48116" lon="-0.446122"><ele>26</ele></trkpt>
      <trkpt lat="51.481111" lon="-0.446126"><ele>26</ele></trkpt>
      <trkpt lat="51.481117" lon="-0.446293"><ele>26</ele></trkpt>
      <trkpt lat="51.481067" lon="-0.446298"><ele>26</ele></trkpt>
      <trkpt lat="51.481146" lon="-0.447847"><ele>26</ele></trkpt>
      <trkpt lat="51.481093" lon="-0.447975"><ele>26</ele></trkpt>
      <trkpt lat="51.481089" lon="-0.448037"><ele>26</ele></trkpt>
      <trkpt lat="51.481081" lon="-0.448068"><ele>26</ele></trkpt>
      <trkpt lat="51.481029" lon="-0.44817"><ele>26</ele></trkpt>
      <trkpt lat="51.480993" lon="-0.448185"><ele>26</ele></trkpt>
      <trkpt lat="51.480997" lon="-0.448355"><ele>26</ele></trkpt>
      <trkpt lat="51.480989" lon="-0.448492"><ele>26</ele></trkpt>
      <trkpt lat="51.480942" lon="-0.448656"><ele>26</ele></trkpt>
      <trkpt lat="51.480787" lon="-0.449031"><ele>26</ele></trkpt>
      <trkpt lat="51.480755" lon="-0.449224"><ele>26</ele></trkpt>
      <trkpt lat="51.480754" lon="-0.449428"><ele>26</ele></trkpt>
      <trkpt lat="51.480768" lon="-0.44955"><ele>26</ele></trkpt>
      <trkpt lat="51.480763" lon="-0.449638"><ele>26</ele></trkpt>
      <trkpt lat="51.48075" lon="-0.449722"><ele>26</ele></trkpt>
      <trkpt lat="51.480703" lon="-0.44982"><ele>26</ele></trkpt>
      <trkpt lat="51.480642" lon="-0.449873"><ele>26</ele></trkpt>
      <trkpt lat="51.480613" lon="-0.449889"><ele>26</ele></trkpt>
      <trkpt lat="51.480582" lon="-0.450159"><ele>25.25</ele></trkpt>
      <trkpt lat="51.480584" lon="-0.450619"><ele>25</ele></trkpt>
      <trkpt lat="51.480553" lon="-0.45069"><ele>25</ele></trkpt>
      <trkpt lat="51.480583" lon="-0.450978"><ele>24.5</ele></trkpt>
      <trkpt lat="51.480624" lon="-0.451215"><ele>23.75</ele></trkpt>
      <trkpt lat="51.48074" lon="-0.451627"><ele>22.25</ele></trkpt>
      <trkpt lat="51.480736" lon="-0.451738"><ele>21.25</ele></trkpt>
      <trkpt lat="51.480734" lon="-0.452148"><ele>19.5</ele></trkpt>
      <trkpt lat="51.480719" lon="-0.452271"><ele>19.25</ele></trkpt>
      <trkpt lat="51.48069" lon="-0.452407"><ele>19</ele></trkpt>
      <trkpt lat="51.480454" lon="-0.452567"><ele>19.25</ele></trkpt>
      <trkpt lat="51.48033" lon="-0.452731"><ele>18.5</ele></trkpt>
      <trkpt lat="51.480286" lon="-0.452774"><ele>18</ele></trkpt>
      <trkpt lat="51.480245" lon="-0.452801"><ele>18</ele></trkpt>
      <trkpt lat="51.480197" lon="-0.452816"><ele>18</ele></trkpt>
      <trkpt lat="51.479771" lon="-0.452846"><ele>23.75</ele></trkpt>
      <trkpt lat="51.474087" lon="-0.452797"><ele>23.75</ele></trkpt>
      <trkpt lat="51.473831" lon="-0.452793"><ele>21</ele></trkpt>
      <trkpt lat="51.473631" lon="-0.452775"><ele>21.75</ele></trkpt>
      <trkpt lat="51.473514" lon="-0.452775"><ele>22.25</ele></trkpt>
      <trkpt lat="51.473415" lon="-0.452754"><ele>22.5</ele></trkpt>
      <trkpt lat="51.473398" lon="-0.452702"><ele>22.75</ele></trkpt>
      <trkpt lat="51.47339" lon="-0.452591"><ele>22.75</ele></trkpt>
      <trkpt lat="51.473392" lon="-0.452514"><ele>22.75</ele></trkpt>
      <trkpt lat="51.473408" lon="-0.452399"><ele>23</ele></trkpt>
      <trkpt lat="51.473565" lon="-0.45242"><ele>23</ele></trkpt>
      <trkpt lat="51.473698" lon="-0.452471"><ele>23.25</ele></trkpt>
      <trkpt lat="51.473946" lon="-0.4526"><ele>23</ele></trkpt>
      <trkpt lat="51.474049" lon="-0.452672"><ele>23.5</ele></trkpt>
      <trkpt lat="51.474114" lon="-0.452733"><ele>24</ele></trkpt>
      <trkpt lat="51.474158" lon="-0.452832"><ele>24.75</ele></trkpt>
      <trkpt lat="51.474172" lon="-0.452949"><ele>24.75</ele></trkpt>
      <trkpt lat="51.474167" lon="-0.453041"><ele>24.75</ele></trkpt>
      <trkpt lat="51.474146" lon="-0.453138"><ele>24.5</ele></trkpt>
      <trkpt lat="51.474129" lon="-0.453183"><ele>24.5</ele></trkpt>
      <trkpt lat="51.473929" lon="-0.453476"><ele>24</ele></trkpt>
      <trkpt lat="51.473666" lon="-0.453848"><ele>23.75</ele></trkpt>
      <trkpt lat="51.473499" lon="-0.453929"><ele>24</ele></trkpt>
      <trkpt lat="51.473332" lon="-0.453962"><ele>24</ele></trkpt>
      <trkpt lat="51.473272" lon="-0.453985"><ele>24</ele></trkpt>
      <trkpt lat="51.473154" lon="-0.454089"><ele>24</ele></trkpt>
      <trkpt lat="51.47309" lon="-0.454194"><ele>24</ele></trkpt>
      <trkpt lat="51.472963" lon="-0.45425"><ele>24</ele></trkpt>
      <trkpt lat="51.472519" lon="-0.455276"><ele>24</ele></trkpt>
      <trkpt lat="51.472476" lon="-0.455305"><ele>24</ele></trkpt>
      <trkpt lat="51.472433" lon="-0.455313"><ele>24</ele></trkpt>
      <trkpt lat="51.47237" lon="-0.455245"><ele>24</ele></trkpt>
      <trkpt lat="51.472388" lon="-0.455203"><ele>24</ele></trkpt>
      <trkpt lat="51.472075" lon="-0.454863"><ele>24</ele></trkpt>
      <trkpt lat="51.472069" lon="-0.454878"><ele>24</ele></trkpt>
    </trkseg>
    <trkseg>
      <trkpt lat="51.472069" lon="-0.454878"><ele>24</ele></trkpt>
      <trkpt lat="51.472075" lon="-0.454863"><ele>24</ele></trkpt>
      <trkpt lat="51.472388" lon="-0.455203"><ele>24</ele></trkpt>
      <trkpt lat="51.47237" lon="-0.455245"><ele>24</ele></trkpt>
      <trkpt lat="51.472433" lon="-0.455313"><ele>24</ele></trkpt>
      <trkpt lat="51.472476" lon="-0.455305"><ele>24</ele></trkpt>
      <trkpt lat="51.472519" lon="-0.455276"><ele>24</ele></trkpt>
      <trkpt lat="51.472963" lon="-0.45425"><ele>24</ele></trkpt>
      <trkpt lat="51.47309" lon="-0.454194"><ele>24</ele></trkpt>
      <trkpt lat="51.473154" lon="-0.454089"><ele>24</ele></trkpt>
      <trkpt lat="51.473272" lon="-0.453985"><ele>24</ele></trkpt>
      <trkpt lat="51.473332" lon="-0.453962"><ele>24</ele></trkpt>
      <trkpt lat="51.473499" lon="-0.453929"><ele>24</ele></trkpt>
      <trkpt lat="51.473666" lon="-0.453848"><ele>23.75</ele></trkpt>
      <trkpt lat="51.473929" lon="-0.453476"><ele>24</ele></trkpt>
      <trkpt lat="51.474129" lon="-0.453183"><ele>24.5</ele></trkpt>
      <trkpt lat="51.474146" lon="-0.453138"><ele>24.5</ele></trkpt>
      <trkpt lat="51.474167" lon="-0.453041"><ele>24.75</ele></trkpt>
      <trkpt lat="51.474172" lon="-0.452949"><ele>24.75</ele></trkpt>
      <trkpt lat="51.474158" lon="-0.452832"><ele>24.75</ele></trkpt>
      <trkpt lat="51.474114" lon="-0.452733"><ele>24</ele></trkpt>
      <trkpt lat="51.474049" lon="-0.452672"><ele>23.5</ele></trkpt>
      <trkpt lat="51.473946" lon="-0.4526"><ele>23</ele></trkpt>
      <trkpt lat="51.473698" lon="-0.452471"><ele>23.25</ele></trkpt>
      <trkpt lat="51.473565" lon="-0.45242"><ele>23</ele></trkpt>
      <trkpt lat="51.473408" lon="-0.452399"><ele>23</ele></trkpt>
      <trkpt lat="51.473392" lon="-0.452514"><ele>22.75</ele></trkpt>
      <trkpt lat="51.47339" lon="-0.452591"><ele>22.75</ele></trkpt>
      <trkpt lat="51.473398" lon="-0.452702"><ele>22.75</ele></trkpt>
      <trkpt lat="51.473415" lon="-0.452754"><ele>22.5</ele></trkpt>
      <trkpt lat="51.473514" lon="-0.452775"><ele>22.25</ele></trkpt>
      <trkpt lat="51.473631" lon="-0.452775"><ele>21.75</ele></trkpt>
      <trkpt lat="51.473831" lon="-0.452793"><ele>21</ele></trkpt>
      <trkpt lat="51.474087" lon="-0.452797"><ele>23.75</ele></trkpt>
      <trkpt lat="51.479771" lon="-0.452846"><ele>23.75</ele></trkpt>
      <trkpt lat="51.480197" lon="-0.452816"><ele>18</ele></trkpt>
      <trkpt lat="51.480245" lon="-0.452801"><ele>18</ele></trkpt>
      <trkpt lat="51.480286" lon="-0.452774"><ele>18</ele></trkpt>
      <trkpt lat="51.48033" lon="-0.452731"><ele>18.5</ele></trkpt>
      <trkpt lat="51.480454" lon="-0.452567"><ele>19.25</ele></trkpt>
      <trkpt lat="51.480462" lon="-0.45251"><ele>19.5</ele></trkpt>
      <trkpt lat="51.480485" lon="-0.452379"><ele>19.75</ele></trkpt>
      <trkpt lat="51.480528" lon="-0.452258"><ele>19.5</ele></trkpt>
      <trkpt lat="51.480581" lon="-0.45216"><ele>19.25</ele></trkpt>
      <trkpt lat="51.480618" lon="-0.452063"><ele>19.5</ele></trkpt>
      <trkpt lat="51.480649" lon="-0.45194"><ele>20</ele></trkpt>
      <trkpt lat="51.480658" lon="-0.451801"><ele>21</ele></trkpt>
      <trkpt lat="51.480652" lon="-0.451675"><ele>21.75</ele></trkpt>
      <trkpt lat="51.48062" lon="-0.451526"><ele>22.5</ele></trkpt>
      <trkpt lat="51.480569" lon="-0.451363"><ele>23</ele></trkpt>
      <trkpt lat="51.480497" lon="-0.450953"><ele>24.5</ele></trkpt>
      <trkpt lat="51.480489" lon="-0.450748"><ele>25</ele></trkpt>
      <trkpt lat="51.480509" lon="-0.450484"><ele>25</ele></trkpt>
      <trkpt lat="51.480506" lon="-0.450107"><ele>25.5</ele></trkpt>
      <trkpt lat="51.480499" lon="-0.450018"><ele>25.75</ele></trkpt>
      <trkpt lat="51.480471" lon="-0.44991"><ele>26</ele></trkpt>
      <trkpt lat="51.480431" lon="-0.44979"><ele>26</ele></trkpt>
      <trkpt lat="51.48041" lon="-0.449746"><ele>26</ele></trkpt>
      <trkpt lat="51.480333" lon="-0.44969"><ele>26</ele></trkpt>
      <trkpt lat="51.480259" lon="-0.449668"><ele>25.75</ele></trkpt>
      <trkpt lat="51.480211" lon="-0.449664"><ele>25.75</ele></trkpt>
      <trkpt lat="51.480212" lon="-0.449588"><ele>25.75</ele></trkpt>
      <trkpt lat="51.480213" lon="-0.449552"><ele>25.75</ele></trkpt>
      <trkpt lat="51.480214" lon="-0.449486"><ele>25.75</ele></trkpt>
      <trkpt lat="51.47979" lon="-0.449479"><ele>25</ele></trkpt>
      <trkpt lat="51.479664" lon="-0.449379"><ele>25</ele></trkpt>
      <trkpt lat="51.479602" lon="-0.449291"><ele>25</ele></trkpt>
      <trkpt lat="51.479555" lon="-0.449206"><ele>25</ele></trkpt>
      <trkpt lat="51.479525" lon="-0.44909"><ele>25</ele></trkpt>
      <trkpt lat="51.479525" lon="-0.448384"><ele>25</ele></trkpt>
      <trkpt lat="51.479515" lon="-0.447797"><ele>25</ele></trkpt>
      <trkpt lat="51.479509" lon="-0.447583"><ele>25</ele></trkpt>
      <trkpt lat="51.479456" lon="-0.447394"><ele>25</ele></trkpt>
      <trkpt lat="51.479438" lon="-0.441387"><ele>24</ele></trkpt>
      <trkpt lat="51.479445" lon="-0.440999"><ele>23.75</ele></trkpt>
      <trkpt lat="51.479458" lon="-0.44074"><ele>24</ele></trkpt>
      <trkpt lat="51.479453" lon="-0.439817"><ele>24</ele></trkpt>
      <trkpt lat="51.479401" lon="-0.439624"><ele>24</ele></trkpt>
      <trkpt lat="51.479402" lon="-0.439434"><ele>24</ele></trkpt>
      <trkpt lat="51.479415" lon="-0.43919"><ele>24</ele></trkpt>
      <trkpt lat="51.479438" lon="-0.438878"><ele>24</ele></trkpt>
      <trkpt lat="51.479453" lon="-0.438583"><ele>23.75</ele></trkpt>
      <trkpt lat="51.479477" lon="-0.438357"><ele>24</ele></trkpt>
      <trkpt lat="51.479451" lon="-0.437232"><ele>24</ele></trkpt>
      <trkpt lat="51.47946" lon="-0.434487"><ele>24</ele></trkpt>
      <trkpt lat="51.479432" lon="-0.433734"><ele>24</ele></trkpt>
      <trkpt lat="51.479467" lon="-0.433497"><ele>24</ele></trkpt>
      <trkpt lat="51.479462" lon="-0.433243"><ele>24</ele></trkpt>
      <trkpt lat="51.479454" lon="-0.433091"><ele>24</ele></trkpt>
      <trkpt lat="51.47945" lon="-0.432842"><ele>23.75</ele></trkpt>
      <trkpt lat="51.479454" lon="-0.432249"><ele>23.75</ele></trkpt>
      <trkpt lat="51.479413" lon="-0.432107"><ele>23.5</ele></trkpt>
      <trkpt lat="51.479399" lon="-0.430004"><ele>23</ele></trkpt>
      <trkpt lat="51.479359" lon="-0.429881"><ele>23.25</ele></trkpt>
      <trkpt lat="51.47937" lon="-0.429139"><ele>23.25</ele></trkpt>
      <trkpt lat="51.479393" lon="-0.42863"><ele>23</ele></trkpt>
      <trkpt lat="51.479398" lon="-0.428501"><ele>23</ele></trkpt>
      <trkpt lat="51.479403" lon="-0.428396"><ele>23</ele></trkpt>
      <trkpt lat="51.479415" lon="-0.427974"><ele>23.25</ele></trkpt>
      <trkpt lat="51.479415" lon="-0.427782"><ele>23.75</ele></trkpt>
      <trkpt lat="51.479392" lon="-0.427459"><ele>24</ele></trkpt>
      <trkpt lat="51.47937" lon="-0.427337"><ele>24</ele></trkpt>
      <trkpt lat="51.479338" lon="-0.42722"><ele>23.75</ele></trkpt>
      <trkpt lat="51.479302" lon="-0.427118"><ele>23.75</ele></trkpt>
      <trkpt lat="51.479205" lon="-0.426927"><ele>23</ele></trkpt>
      <trkpt lat="51.479092" lon="-0.426788"><ele>23.5</ele></trkpt>
      <trkpt lat="51.478961" lon="-0.426689"><ele>23.25</ele></trkpt>
      <trkpt lat="51.478821" lon="-0.426635"><ele>23</ele></trkpt>
      <trkpt lat="51.478584" lon="-0.426606"><ele>23.25</ele></trkpt>
      <trkpt lat="51.478263" lon="-0.426603"><ele>23.75</ele></trkpt>
      <trkpt lat="51.478267" lon="-0.426425"><ele>23.75</ele></trkpt>
      <trkpt lat="51.477988" lon="-0.426425"><ele>23.75</ele></trkpt>
      <trkpt lat="51.477389" lon="-0.426452"><ele>23</ele></trkpt>
      <trkpt lat="51.47681" lon="-0.426488"><ele>23</ele></trkpt>
      <trkpt lat="51.476672" lon="-0.426477"><ele>23</ele></trkpt>
      <trkpt lat="51.476547" lon="-0.426444"><ele>23</ele></trkpt>
      <trkpt lat="51.476439" lon="-0.426393"><ele>23</ele></trkpt>
      <trkpt lat="51.476393" lon="-0.426341"><ele>23</ele></trkpt>
      <trkpt lat="51.476357" lon="-0.426227"><ele>23</ele></trkpt>
      <trkpt lat="51.476335" lon="-0.426183"><ele>23</ele></trkpt>
      <trkpt lat="51.476283" lon="-0.426045"><ele>23</ele></trkpt>
      <trkpt lat="51.47625" lon="-0.42592"><ele>23</ele></trkpt>
      <trkpt lat="51.476196" lon="-0.4258"><ele>23</ele></trkpt>
      <trkpt lat="51.476187" lon="-0.425596"><ele>23</ele></trkpt>
      <trkpt lat="51.476188" lon="-0.424878"><ele>23</ele></trkpt>
      <trkpt lat="51.476213" lon="-0.423128"><ele>23</ele></trkpt>
      <trkpt lat="51.476216" lon="-0.422867"><ele>23</ele></trkpt>
      <trkpt lat="51.476217" lon="-0.422686"><ele>23.25</ele></trkpt>
      <trkpt lat="51.476218" lon="-0.422578"><ele>23.5</ele></trkpt>
      <trkpt lat="51.476219" lon="-0.422457"><ele>23.75</ele></trkpt>
      <trkpt lat="51.476221" lon="-0.421942"><ele>25</ele></trkpt>
      <trkpt lat="51.476209" lon="-0.421278"><ele>24</ele></trkpt>
      <trkpt lat="51.476189" lon="-0.421009"><ele>23.5</ele></trkpt>
      <trkpt lat="51.476144" lon="-0.420584"><ele>23</ele></trkpt>
      <trkpt lat="51.476106" lon="-0.420228"><ele>23</ele></trkpt>
      <trkpt lat="51.476046" lon="-0.419819"><ele>23.75</ele></trkpt>
      <trkpt lat="51.475917" lon="-0.419139"><ele>22.5</ele></trkpt>
      <trkpt lat="51.475864" lon="-0.41893"><ele>22</ele></trkpt>
      <trkpt lat="51.4758" lon="-0.418741"><ele>22.5</ele></trkpt>
      <trkpt lat="51.475727" lon="-0.418568"><ele>23.5</ele></trkpt>
      <trkpt lat="51.475633" lon="-0.418391"><ele>23.25</ele></trkpt>
      <trkpt lat="51.475521" lon="-0.418239"><ele>22.75</ele></trkpt>
      <trkpt lat="51.475399" lon="-0.418099"><ele>22.75</ele></trkpt>
      <trkpt lat="51.475303" lon="-0.41802"><ele>22.75</ele></trkpt>
      <trkpt lat="51.475174" lon="-0.417934"><ele>22.75</ele></trkpt>
      <trkpt lat="51.474882" lon="-0.417818"><ele>22.25</ele></trkpt>
      <trkpt lat="51.474435" lon="-0.41767"><ele>22</ele></trkpt>
      <trkpt lat="51.474314" lon="-0.417616"><ele>22</ele></trkpt>
      <trkpt lat="51.474207" lon="-0.417556"><ele>22</ele></trkpt>
      <trkpt lat="51.473973" lon="-0.417366"><ele>22</ele></trkpt>
      <trkpt lat="51.473918" lon="-0.417313"><ele>22</ele></trkpt>
      <trkpt lat="51.473836" lon="-0.417216"><ele>22</ele></trkpt>
      <trkpt lat="51.473685" lon="-0.417028"><ele>22</ele></trkpt>
      <trkpt lat="51.472666" lon="-0.415669"><ele>21.5</ele></trkpt>
      <trkpt lat="51.472446" lon="-0.4154"><ele>21.5</ele></trkpt>
      <trkpt lat="51.472201" lon="-0.415153"><ele>21.5</ele></trkpt>
      <trkpt lat="51.471929" lon="-0.415045"><ele>22</ele></trkpt>
      <trkpt lat="51.471852" lon="-0.415008"><ele>22</ele></trkpt>
      <trkpt lat="51.471772" lon="-0.414949"><ele>21.75</ele></trkpt>
      <trkpt lat="51.471727" lon="-0.414927"><ele>21.75</ele></trkpt>
      <trkpt lat="51.471675" lon="-0.414932"><ele>21.75</ele></trkpt>
      <trkpt lat="51.471643" lon="-0.414959"><ele>22</ele></trkpt>
      <trkpt lat="51.471603" lon="-0.414991"><ele>22</ele></trkpt>
      <trkpt lat="51.471475" lon="-0.415237"><ele>22</ele></trkpt>
      <trkpt lat="51.471209" lon="-0.415673"><ele>22</ele></trkpt>
      <trkpt lat="51.470523" lon="-0.416987"><ele>21.5</ele></trkpt>
      <trkpt lat="51.469728" lon="-0.418372"><ele>21</ele></trkpt>
      <trkpt lat="51.469633" lon="-0.418447"><ele>21</ele></trkpt>
      <trkpt lat="51.469515" lon="-0.418679"><ele>21</ele></trkpt>
      <trkpt lat="51.469407" lon="-0.418912"><ele>21</ele></trkpt>
      <trkpt lat="51.469292" lon="-0.419234"><ele>21.25</ele></trkpt>
      <trkpt lat="51.469156" lon="-0.419645"><ele>21</ele></trkpt>
      <trkpt lat="51.469056" lon="-0.420009"><ele>22</ele></trkpt>
      <trkpt lat="51.469012" lon="-0.420199"><ele>22</ele></trkpt>
      <trkpt lat="51.468929" lon="-0.420348"><ele>22</ele></trkpt>
      <trkpt lat="51.468846" lon="-0.420437"><ele>22</ele></trkpt>
      <trkpt lat="51.468802" lon="-0.420453"><ele>22</ele></trkpt>
      <trkpt lat="51.46875" lon="-0.420494"><ele>22</ele></trkpt>
      <trkpt lat="51.468714" lon="-0.420539"><ele>22</ele></trkpt>
      <trkpt lat="51.468672" lon="-0.420627"><ele>22</ele></trkpt>
      <trkpt lat="51.46865" lon="-0.420709"><ele>22</ele></trkpt>
      <trkpt lat="51.468642" lon="-0.420813"><ele>22</ele></trkpt>
      <trkpt lat="51.468646" lon="-0.420882"><ele>22</ele></trkpt>
      <trkpt lat="51.468646" lon="-0.421089"><ele>22</ele></trkpt>
      <trkpt lat="51.468627" lon="-0.421273"><ele>22</ele></trkpt>
      <trkpt lat="51.468598" lon="-0.421449"><ele>22</ele></trkpt>
      <trkpt lat="51.468557" lon="-0.421621"><ele>22</ele></trkpt>
      <trkpt lat="51.468533" lon="-0.421712"><ele>22</ele></trkpt>
      <trkpt lat="51.468502" lon="-0.421828"><ele>22</ele></trkpt>
      <trkpt lat="51.468439" lon="-0.422017"><ele>22</ele></trkpt>
      <trkpt lat="51.468331" lon="-0.42235"><ele>22</ele></trkpt>
      <trkpt lat="51.468232" lon="-0.422563"><ele>22</ele></trkpt>
      <trkpt lat="51.468127" lon="-0.422728"><ele>22</ele></trkpt>
      <trkpt lat="51.468087" lon="-0.422913"><ele>22</ele></trkpt>
      <trkpt lat="51.467985" lon="-0.422925"><ele>22</ele></trkpt>
      <trkpt lat="51.467913" lon="-0.422882"><ele>22</ele></trkpt>
      <trkpt lat="51.467857" lon="-0.422872"><ele>22</ele></trkpt>
      <trkpt lat="51.467802" lon="-0.422883"><ele>22.25</ele></trkpt>
      <trkpt lat="51.467757" lon="-0.422905"><ele>22.25</ele></trkpt>
      <trkpt lat="51.467619" lon="-0.422916"><ele>22.25</ele></trkpt>
      <trkpt lat="51.467629" lon="-0.423077"><ele>23</ele></trkpt>
      <trkpt lat="51.467602" lon="-0.423197"><ele>23</ele></trkpt>
      <trkpt lat="51.467596" lon="-0.423341"><ele>23</ele></trkpt>
      <trkpt lat="51.46756" lon="-0.423527"><ele>23</ele></trkpt>
      <trkpt lat="51.467456" lon="-0.42363"><ele>22.75</ele></trkpt>
      <trkpt lat="51.467445" lon="-0.423638"><ele>22.5</ele></trkpt>
      <trkpt lat="51.467342" lon="-0.423712"><ele>22.25</ele></trkpt>
      <trkpt lat="51.46727" lon="-0.423765"><ele>22</ele></trkpt>
      <trkpt lat="51.466824" lon="-0.424007"><ele>22.25</ele></trkpt>
      <trkpt lat="51.466642" lon="-0.42413"><ele>22.75</ele></trkpt>
      <trkpt lat="51.466451" lon="-0.424297"><ele>23</ele></trkpt>
      <trkpt lat="51.466261" lon="-0.4245"><ele>22.75</ele></trkpt>
      <trkpt lat="51.466138" lon="-0.424645"><ele>22.75</ele></trkpt>
      <trkpt lat="51.466037" lon="-0.424771"><ele>22.75</ele></trkpt>
      <trkpt lat="51.465864" lon="-0.425023"><ele>22.75</ele></trkpt>
      <trkpt lat="51.465763" lon="-0.42519"><ele>23</ele></trkpt>
      <trkpt lat="51.465417" lon="-0.425868"><ele>23</ele></trkpt>
      <trkpt lat="51.465245" lon="-0.426271"><ele>23</ele></trkpt>
      <trkpt lat="51.465148" lon="-0.426503"><ele>23</ele></trkpt>
      <trkpt lat="51.465081" lon="-0.426662"><ele>23</ele></trkpt>
      <trkpt lat="51.465042" lon="-0.426754"><ele>23</ele></trkpt>
      <trkpt lat="51.464998" lon="-0.426857"><ele>23</ele></trkpt>
      <trkpt lat="51.464949" lon="-0.426969"><ele>23</ele></trkpt>
      <trkpt lat="51.464865" lon="-0.427167"><ele>23</ele></trkpt>
      <trkpt lat="51.464821" lon="-0.427268"><ele>23</ele></trkpt>
      <trkpt lat="51.46452" lon="-0.42799"><ele>23</ele></trkpt>
      <trkpt lat="51.462237" lon="-0.433445"><ele>23</ele></trkpt>
      <trkpt lat="51.460736" lon="-0.437"><ele>24</ele></trkpt>
      <trkpt lat="51.46036" lon="-0.43789"><ele>23.75</ele></trkpt>
      <trkpt lat="51.460264" lon="-0.43816"><ele>23.5</ele></trkpt>
      <trkpt lat="51.460191" lon="-0.438434"><ele>23.25</ele></trkpt>
      <trkpt lat="51.460159" lon="-0.438603"><ele>23.25</ele></trkpt>
      <trkpt lat="51.460126" lon="-0.438849"><ele>23.5</ele></trkpt>
      <trkpt lat="51.460114" lon="-0.439043"><ele>23.5</ele></trkpt>
      <trkpt lat="51.460108" lon="-0.4393"><ele>23.25</ele></trkpt>
      <trkpt lat="51.460107" lon="-0.439868"><ele>23</ele></trkpt>
      <trkpt lat="51.4601" lon="-0.440066"><ele>23</ele></trkpt>
      <trkpt lat="51.460083" lon="-0.44028"><ele>23</ele></trkpt>
      <trkpt lat="51.460061" lon="-0.44046"><ele>23</ele></trkpt>
      <trkpt lat="51.459984" lon="-0.440805"><ele>23</ele></trkpt>
      <trkpt lat="51.459916" lon="-0.441013"><ele>23.25</ele></trkpt>
      <trkpt lat="51.459858" lon="-0.441155"><ele>23.25</ele></trkpt>
      <trkpt lat="51.459688" lon="-0.441485"><ele>23.25</ele></trkpt>
      <trkpt lat="51.459499" lon="-0.441778"><ele>23.25</ele></trkpt>
      <trkpt lat="51.459427" lon="-0.441884"><ele>23.5</ele></trkpt>
      <trkpt lat="51.45927" lon="-0.442112"><ele>23</ele></trkpt>
      <trkpt lat="51.459205" lon="-0.4422"><ele>23</ele></trkpt>
      <trkpt lat="51.459097" lon="-0.442355"><ele>23.25</ele></trkpt>
      <trkpt lat="51.459036" lon="-0.442246"><ele>23</ele></trkpt>
      <trkpt lat="51.458999" lon="-0.442219"><ele>23</ele></trkpt>
      <trkpt lat="51.458961" lon="-0.442213"><ele>23</ele></trkpt>
      <trkpt lat="51.458918" lon="-0.442216"><ele>23</ele></trkpt>
      <trkpt lat="51.458873" lon="-0.442238"><ele>23</ele></trkpt>
      <trkpt lat="51.458765" lon="-0.442371"><ele>23</ele></trkpt>
      <trkpt lat="51.458253" lon="-0.443057"><ele>26.5</ele></trkpt>
      <trkpt lat="51.458147" lon="-0.443179"><ele>26.25</ele></trkpt>
      <trkpt lat="51.458097" lon="-0.443264"><ele>26.5</ele></trkpt>
      <trkpt lat="51.458062" lon="-0.443366"><ele>26.25</ele></trkpt>
      <trkpt lat="51.458043" lon="-0.443478"><ele>24.5</ele></trkpt>
      <trkpt lat="51.458143" lon="-0.44366"><ele>23.25</ele></trkpt>
      <trkpt lat="51.458186" lon="-0.443784"><ele>25</ele></trkpt>
      <trkpt lat="51.45819" lon="-0.443891"><ele>26</ele></trkpt>
      <trkpt lat="51.45822" lon="-0.443985"><ele>26.25</ele></trkpt>
      <trkpt lat="51.458266" lon="-0.444098"><ele>26.75</ele></trkpt>
      <trkpt lat="51.45832" lon="-0.444195"><ele>27</ele></trkpt>
      <trkpt lat="51.458399" lon="-0.444269"><ele>26.5</ele></trkpt>
      <trkpt lat="51.458515" lon="-0.444278"><ele>25.75</ele></trkpt>
      <trkpt lat="51.458792" lon="-0.444188"><ele>25</ele></trkpt>
      <trkpt lat="51.459092" lon="-0.44425"><ele>23.75</ele></trkpt>
      <trkpt lat="51.45915" lon="-0.444299"><ele>23.5</ele></trkpt>
      <trkpt lat="51.45917" lon="-0.444424"><ele>23</ele></trkpt>
      <trkpt lat="51.45917" lon="-0.44449"><ele>22.5</ele></trkpt>
      <trkpt lat="51.459153" lon="-0.444608"><ele>21.75</ele></trkpt>
      <trkpt lat="51.459098" lon="-0.444678"><ele>21.5</ele></trkpt>
      <trkpt lat="51.458887" lon="-0.444987"><ele>22</ele></trkpt>
      <trkpt lat="51.458394" lon="-0.445692"><ele>22</ele></trkpt>
    </trkseg>
    <trkseg>
      <trkpt lat="51.472069" lon="-0.454878"><ele>24</ele></trkpt>
      <trkpt lat="51.472075" lon="-0.454863"><ele>24</ele></trkpt>
      <trkpt lat="51.472388" lon="-0.455203"><ele>24</ele></trkpt>
      <trkpt lat="51.47237" lon="-0.455245"><ele>24</ele></trkpt>
      <trkpt lat="51.472433" lon="-0.455313"><ele>24</ele></trkpt>
      <trkpt lat="51.472476" lon="-0.455305"><ele>24</ele></trkpt>
      <trkpt lat="51.472519" lon="-0.455276"><ele>24</ele></trkpt>
      <trkpt lat="51.472963" lon="-0.45425"><ele>24</ele></trkpt>
      <trkpt lat="51.47309" lon="-0.454194"><ele>24</ele></trkpt>
      <trkpt lat="51.473154" lon="-0.454089"><ele>24</ele></trkpt>
      <trkpt lat="51.473148" lon="-0.453955"><ele>24</ele></trkpt>
      <trkpt lat="51.473162" lon="-0.453784"><ele>23.75</ele></trkpt>
      <trkpt lat="51.473155" lon="-0.453636"><ele>23.5</ele></trkpt>
      <trkpt lat="51.473139" lon="-0.453535"><ele>23.5</ele></trkpt>
      <trkpt lat="51.473158" lon="-0.453466"><ele>23.5</ele></trkpt>
      <trkpt lat="51.473179" lon="-0.453428"><ele>23.5</ele></trkpt>
      <trkpt lat="51.473242" lon="-0.453358"><ele>23.25</ele></trkpt>
      <trkpt lat="51.473294" lon="-0.453347"><ele>23</ele></trkpt>
      <trkpt lat="51.473325" lon="-0.453351"><ele>23</ele></trkpt>
      <trkpt lat="51.473357" lon="-0.453382"><ele>23</ele></trkpt>
      <trkpt lat="51.473385" lon="-0.453435"><ele>23</ele></trkpt>
      <trkpt lat="51.473383" lon="-0.453318"><ele>22.75</ele></trkpt>
      <trkpt lat="51.473424" lon="-0.453179"><ele>22.75</ele></trkpt>
      <trkpt lat="51.473488" lon="-0.453148"><ele>22.5</ele></trkpt>
      <trkpt lat="51.474094" lon="-0.453106"><ele>22</ele></trkpt>
      <trkpt lat="51.479601" lon="-0.453127"><ele>18.5</ele></trkpt>
      <trkpt lat="51.479771" lon="-0.453141"><ele>18.5</ele></trkpt>
      <trkpt lat="51.480086" lon="-0.453134"><ele>18.5</ele></trkpt>
      <trkpt lat="51.480194" lon="-0.453158"><ele>18.5</ele></trkpt>
      <trkpt lat="51.480263" lon="-0.453194"><ele>18.5</ele></trkpt>
      <trkpt lat="51.480311" lon="-0.453236"><ele>18.5</ele></trkpt>
      <trkpt lat="51.480363" lon="-0.453303"><ele>18.5</ele></trkpt>
      <trkpt lat="51.480428" lon="-0.453415"><ele>19.25</ele></trkpt>
      <trkpt lat="51.48046" lon="-0.453484"><ele>19.5</ele></trkpt>
      <trkpt lat="51.480491" lon="-0.453557"><ele>19.75</ele></trkpt>
      <trkpt lat="51.480528" lon="-0.453712"><ele>19.5</ele></trkpt>
      <trkpt lat="51.480545" lon="-0.453862"><ele>19</ele></trkpt>
      <trkpt lat="51.480518" lon="-0.454677"><ele>20.5</ele></trkpt>
      <trkpt lat="51.480513" lon="-0.454992"><ele>20.75</ele></trkpt>
      <trkpt lat="51.480517" lon="-0.455109"><ele>20.5</ele></trkpt>
      <trkpt lat="51.480554" lon="-0.455367"><ele>20</ele></trkpt>
      <trkpt lat="51.480556" lon="-0.456838"><ele>23.5</ele></trkpt>
      <trkpt lat="51.48056" lon="-0.457111"><ele>24</ele></trkpt>
      <trkpt lat="51.480495" lon="-0.457316"><ele>24.25</ele></trkpt>
      <trkpt lat="51.480439" lon="-0.457426"><ele>24.75</ele></trkpt>
      <trkpt lat="51.480377" lon="-0.457501"><ele>25</ele></trkpt>
      <trkpt lat="51.480326" lon="-0.457567"><ele>25</ele></trkpt>
      <trkpt lat="51.480261" lon="-0.457562"><ele>25.25</ele></trkpt>
      <trkpt lat="51.480119" lon="-0.457652"><ele>25.25</ele></trkpt>
      <trkpt lat="51.480057" lon="-0.457734"><ele>25.25</ele></trkpt>
      <trkpt lat="51.480017" lon="-0.457817"><ele>25</ele></trkpt>
      <trkpt lat="51.479984" lon="-0.457963"><ele>25</ele></trkpt>
      <trkpt lat="51.479976" lon="-0.458046"><ele>25</ele></trkpt>
      <trkpt lat="51.479978" lon="-0.458167"><ele>25</ele></trkpt>
      <trkpt lat="51.479976" lon="-0.458719"><ele>25</ele></trkpt>
      <trkpt lat="51.479979" lon="-0.459107"><ele>25</ele></trkpt>
      <trkpt lat="51.479993" lon="-0.45968"><ele>25</ele></trkpt>
      <trkpt lat="51.479991" lon="-0.460433"><ele>25</ele></trkpt>
      <trkpt lat="51.479991" lon="-0.460858"><ele>25</ele></trkpt>
      <trkpt lat="51.479994" lon="-0.461279"><ele>25.25</ele></trkpt>
      <trkpt lat="51.479993" lon="-0.461387"><ele>25</ele></trkpt>
      <trkpt lat="51.479992" lon="-0.461483"><ele>25</ele></trkpt>
      <trkpt lat="51.479993" lon="-0.461657"><ele>25</ele></trkpt>
      <trkpt lat="51.479991" lon="-0.462346"><ele>25</ele></trkpt>
      <trkpt lat="51.479989" lon="-0.465615"><ele>25</ele></trkpt>
      <trkpt lat="51.479989" lon="-0.465827"><ele>25</ele></trkpt>
      <trkpt lat="51.479978" lon="-0.466626"><ele>24.75</ele></trkpt>
      <trkpt lat="51.479964" lon="-0.466841"><ele>25</ele></trkpt>
      <trkpt lat="51.479965" lon="-0.467429"><ele>25</ele></trkpt>
      <trkpt lat="51.479983" lon="-0.467542"><ele>25</ele></trkpt>
      <trkpt lat="51.479987" lon="-0.468983"><ele>25</ele></trkpt>
      <trkpt lat="51.479985" lon="-0.469283"><ele>25</ele></trkpt>
      <trkpt lat="51.479982" lon="-0.470015"><ele>25</ele></trkpt>
      <trkpt lat="51.479981" lon="-0.47053"><ele>25</ele></trkpt>
      <trkpt lat="51.479976" lon="-0.471057"><ele>25</ele></trkpt>
      <trkpt lat="51.479976" lon="-0.47113"><ele>25</ele></trkpt>
      <trkpt lat="51.47998" lon="-0.472274"><ele>25</ele></trkpt>
      <trkpt lat="51.479982" lon="-0.472439"><ele>25</ele></trkpt>
      <trkpt lat="51.480001" lon="-0.472804"><ele>25</ele></trkpt>
      <trkpt lat="51.480029" lon="-0.472844"><ele>25</ele></trkpt>
      <trkpt lat="51.480042" lon="-0.472879"><ele>25</ele></trkpt>
      <trkpt lat="51.480049" lon="-0.472923"><ele>25</ele></trkpt>
      <trkpt lat="51.480041" lon="-0.473002"><ele>25</ele></trkpt>
      <trkpt lat="51.480024" lon="-0.473042"><ele>25</ele></trkpt>
      <trkpt lat="51.479965" lon="-0.473491"><ele>25</ele></trkpt>
      <trkpt lat="51.479955" lon="-0.474292"><ele>25</ele></trkpt>
      <trkpt lat="51.47996" lon="-0.475599"><ele>25</ele></trkpt>
      <trkpt lat="51.479966" lon="-0.477014"><ele>25</ele></trkpt>
      <trkpt lat="51.479995" lon="-0.477028"><ele>25</ele></trkpt>
      <trkpt lat="51.480019" lon="-0.47706"><ele>25</ele></trkpt>
      <trkpt lat="51.480033" lon="-0.477103"><ele>25</ele></trkpt>
      <trkpt lat="51.480036" lon="-0.477152"><ele>25</ele></trkpt>
      <trkpt lat="51.480027" lon="-0.477199"><ele>25</ele></trkpt>
      <trkpt lat="51.480008" lon="-0.477237"><ele>25</ele></trkpt>
      <trkpt lat="51.479962" lon="-0.477521"><ele>25</ele></trkpt>
      <trkpt lat="51.479961" lon="-0.477625"><ele>25</ele></trkpt>
      <trkpt lat="51.479954" lon="-0.478465"><ele>25</ele></trkpt>
      <trkpt lat="51.479949" lon="-0.479212"><ele>25</ele></trkpt>
      <trkpt lat="51.479929" lon="-0.480136"><ele>25</ele></trkpt>
      <trkpt lat="51.479873" lon="-0.480524"><ele>25</ele></trkpt>
      <trkpt lat="51.479785" lon="-0.480899"><ele>24</ele></trkpt>
      <trkpt lat="51.479639" lon="-0.481361"><ele>24.75</ele></trkpt>
      <trkpt lat="51.479543" lon="-0.481629"><ele>24.25</ele></trkpt>
      <trkpt lat="51.479468" lon="-0.481877"><ele>24</ele></trkpt>
      <trkpt lat="51.479384" lon="-0.482197"><ele>24.75</ele></trkpt>
      <trkpt lat="51.479334" lon="-0.482456"><ele>24</ele></trkpt>
      <trkpt lat="51.479296" lon="-0.482697"><ele>24</ele></trkpt>
      <trkpt lat="51.479277" lon="-0.482945"><ele>23.75</ele></trkpt>
      <trkpt lat="51.479263" lon="-0.4832"><ele>24</ele></trkpt>
      <trkpt lat="51.47928" lon="-0.484364"><ele>24</ele></trkpt>
      <trkpt lat="51.479257" lon="-0.484869"><ele>24</ele></trkpt>
      <trkpt lat="51.479259" lon="-0.485799"><ele>24</ele></trkpt>
      <trkpt lat="51.479188" lon="-0.487077"><ele>23</ele></trkpt>
      <trkpt lat="51.479173" lon="-0.487578"><ele>23</ele></trkpt>
      <trkpt lat="51.479126" lon="-0.488093"><ele>23</ele></trkpt>
      <trkpt lat="51.478945" lon="-0.489757"><ele>22.75</ele></trkpt>
      <trkpt lat="51.478808" lon="-0.49094"><ele>23</ele></trkpt>
      <trkpt lat="51.478719" lon="-0.49165"><ele>23</ele></trkpt>
      <trkpt lat="51.478589" lon="-0.492605"><ele>23</ele></trkpt>
      <trkpt lat="51.478498" lon="-0.493092"><ele>23</ele></trkpt>
      <trkpt lat="51.47845" lon="-0.493278"><ele>23</ele></trkpt>
      <trkpt lat="51.478372" lon="-0.493506"><ele>22.25</ele></trkpt>
      <trkpt lat="51.478358" lon="-0.493539"><ele>22.25</ele></trkpt>
      <trkpt lat="51.4783" lon="-0.493678"><ele>22.25</ele></trkpt>
      <trkpt lat="51.478246" lon="-0.493795"><ele>22.75</ele></trkpt>
      <trkpt lat="51.47815" lon="-0.493947"><ele>23</ele></trkpt>
      <trkpt lat="51.478025" lon="-0.494104"><ele>22.75</ele></trkpt>
      <trkpt lat="51.477947" lon="-0.494197"><ele>22.5</ele></trkpt>
      <trkpt lat="51.477856" lon="-0.494276"><ele>22.5</ele></trkpt>
      <trkpt lat="51.477684" lon="-0.494398"><ele>22.5</ele></trkpt>
      <trkpt lat="51.477371" lon="-0.494546"><ele>22</ele></trkpt>
      <trkpt lat="51.477165" lon="-0.494624"><ele>22</ele></trkpt>
      <trkpt lat="51.476966" lon="-0.494625"><ele>22</ele></trkpt>
      <trkpt lat="51.476493" lon="-0.494702"><ele>21</ele></trkpt>
      <trkpt lat="51.476401" lon="-0.4947"><ele>21</ele></trkpt>
      <trkpt lat="51.476312" lon="-0.4947"><ele>21.25</ele></trkpt>
      <trkpt lat="51.476315" lon="-0.494743"><ele>21.25</ele></trkpt>
      <trkpt lat="51.476321" lon="-0.49483"><ele>21.75</ele></trkpt>
      <trkpt lat="51.476015" lon="-0.494882"><ele>22.25</ele></trkpt>
      <trkpt lat="51.475743" lon="-0.494893"><ele>23.5</ele></trkpt>
      <trkpt lat="51.475429" lon="-0.494844"><ele>25.5</ele></trkpt>
      <trkpt lat="51.475213" lon="-0.494795"><ele>27</ele></trkpt>
      <trkpt lat="51.47422" lon="-0.494384"><ele>25.5</ele></trkpt>
      <trkpt lat="51.474046" lon="-0.494304"><ele>24.75</ele></trkpt>
      <trkpt lat="51.474031" lon="-0.494286"><ele>24.75</ele></trkpt>
      <trkpt lat="51.47402" lon="-0.494251"><ele>25</ele></trkpt>
      <trkpt lat="51.473976" lon="-0.494236"><ele>24.25</ele></trkpt>
      <trkpt lat="51.473991" lon="-0.494178"><ele>24.75</ele></trkpt>
      <trkpt lat="51.474017" lon="-0.493993"><ele>26.5</ele></trkpt>
      <trkpt lat="51.474019" lon="-0.493902"><ele>27.25</ele></trkpt>
      <trkpt lat="51.47401" lon="-0.493795"><ele>27</ele></trkpt>
      <trkpt lat="51.473991" lon="-0.493716"><ele>26.5</ele></trkpt>
      <trkpt lat="51.47396" lon="-0.493624"><ele>25.75</ele></trkpt>
      <trkpt lat="51.473917" lon="-0.49354"><ele>24.75</ele></trkpt>
      <trkpt lat="51.473875" lon="-0.493476"><ele>24.5</ele></trkpt>
      <trkpt lat="51.473772" lon="-0.493398"><ele>25.25</ele></trkpt>
      <trkpt lat="51.473544" lon="-0.493287"><ele>25.25</ele></trkpt>
      <trkpt lat="51.473464" lon="-0.493162"><ele>24.75</ele></trkpt>
      <trkpt lat="51.473372" lon="-0.493101"><ele>24.5</ele></trkpt>
      <trkpt lat="51.473299" lon="-0.493032"><ele>24.25</ele></trkpt>
      <trkpt lat="51.473216" lon="-0.492927"><ele>25.25</ele></trkpt>
      <trkpt lat="51.472712" lon="-0.492307"><ele>25.25</ele></trkpt>
      <trkpt lat="51.472195" lon="-0.491728"><ele>25.75</ele></trkpt>
      <trkpt lat="51.471844" lon="-0.49141"><ele>25.75</ele></trkpt>
      <trkpt lat="51.471585" lon="-0.491219"><ele>25.75</ele></trkpt>
      <trkpt lat="51.4713" lon="-0.491056"><ele>25.25</ele></trkpt>
      <trkpt lat="51.471138" lon="-0.491062"><ele>26.25</ele></trkpt>
      <trkpt lat="51.470249" lon="-0.490776"><ele>24.75</ele></trkpt>
      <trkpt lat="51.470153" lon="-0.490733"><ele>24.5</ele></trkpt>
      <trkpt lat="51.470058" lon="-0.49063"><ele>24.25</ele></trkpt>
      <trkpt lat="51.470044" lon="-0.4906"><ele>24</ele></trkpt>
    </trkseg>
    <trkseg>
      <trkpt lat="51.503102" lon="-0.420699"><ele>33</ele></trkpt>
      <trkpt lat="51.503084" lon="-0.420719"><ele>33</ele></trkpt>
      <trkpt lat="51.503003" lon="-0.420853"><ele>33</ele></trkpt>
      <trkpt lat="51.502985" lon="-0.420884"><ele>33</ele></trkpt>
      <trkpt lat="51.502942" lon="-0.42093"><ele>33</ele></trkpt>
      <trkpt lat="51.502952" lon="-0.420957"><ele>33</ele></trkpt>
      <trkpt lat="51.502975" lon="-0.421011"><ele>33</ele></trkpt>
      <trkpt lat="51.503091" lon="-0.420885"><ele>33</ele></trkpt>
      <trkpt lat="51.503354" lon="-0.420598"><ele>33.25</ele></trkpt>
      <trkpt lat="51.503464" lon="-0.420478"><ele>33.5</ele></trkpt>
      <trkpt lat="51.503614" lon="-0.420344"><ele>33.5</ele></trkpt>
      <trkpt lat="51.50365" lon="-0.420421"><ele>32.75</ele></trkpt>
      <trkpt lat="51.503669" lon="-0.420462"><ele>32.5</ele></trkpt>
      <trkpt lat="51.5037" lon="-0.420552"><ele>32</ele></trkpt>
      <trkpt lat="51.503672" lon="-0.420674"><ele>32</ele></trkpt>
      <trkpt lat="51.503742" lon="-0.420891"><ele>32</ele></trkpt>
      <trkpt lat="51.503753" lon="-0.420925"><ele>32</ele></trkpt>
      <trkpt lat="51.503719" lon="-0.420992"><ele>32</ele></trkpt>
      <trkpt lat="51.503712" lon="-0.421101"><ele>32</ele></trkpt>
      <trkpt lat="51.503807" lon="-0.422678"><ele>32</ele></trkpt>
      <trkpt lat="51.503838" lon="-0.423103"><ele>32</ele></trkpt>
      <trkpt lat="51.503851" lon="-0.423284"><ele>32</ele></trkpt>
      <trkpt lat="51.503866" lon="-0.423333"><ele>32</ele></trkpt>
      <trkpt lat="51.504356" lon="-0.424876"><ele>32</ele></trkpt>
      <trkpt lat="51.50462" lon="-0.425714"><ele>32</ele></trkpt>
      <trkpt lat="51.504857" lon="-0.426472"><ele>31.5</ele></trkpt>
      <trkpt lat="51.504996" lon="-0.426915"><ele>32</ele></trkpt>
      <trkpt lat="51.505133" lon="-0.427356"><ele>32</ele></trkpt>
      <trkpt lat="51.50515" lon="-0.42741"><ele>32</ele></trkpt>
      <trkpt lat="51.505185" lon="-0.427481"><ele>32</ele></trkpt>
      <trkpt lat="51.505259" lon="-0.427735"><ele>32</ele></trkpt>
      <trkpt lat="51.505464" lon="-0.428327"><ele>32</ele></trkpt>
      <trkpt lat="51.505612" lon="-0.428801"><ele>32</ele></trkpt>
      <trkpt lat="51.506069" lon="-0.430149"><ele>32</ele></trkpt>
      <trkpt lat="51.506233" lon="-0.430642"><ele>32</ele></trkpt>
      <trkpt lat="51.506257" lon="-0.430715"><ele>32.25</ele></trkpt>
      <trkpt lat="51.506277" lon="-0.430858"><ele>32.25</ele></trkpt>
      <trkpt lat="51.506277" lon="-0.430943"><ele>32.5</ele></trkpt>
      <trkpt lat="51.506334" lon="-0.430987"><ele>32.5</ele></trkpt>
      <trkpt lat="51.506355" lon="-0.431041"><ele>32.75</ele></trkpt>
      <trkpt lat="51.506366" lon="-0.431118"><ele>33</ele></trkpt>
      <trkpt lat="51.506448" lon="-0.431119"><ele>33</ele></trkpt>
      <trkpt lat="51.506669" lon="-0.431207"><ele>32.75</ele></trkpt>
      <trkpt lat="51.508085" lon="-0.432366"><ele>33.25</ele></trkpt>
      <trkpt lat="51.508315" lon="-0.432543"><ele>33.75</ele></trkpt>
      <trkpt lat="51.508337" lon="-0.432508"><ele>33.75</ele></trkpt>
      <trkpt lat="51.508359" lon="-0.432509"><ele>34</ele></trkpt>
      <trkpt lat="51.508376" lon="-0.43253"><ele>34</ele></trkpt>
      <trkpt lat="51.508382" lon="-0.432564"><ele>34</ele></trkpt>
      <trkpt lat="51.508716" lon="-0.432617"><ele>32.75</ele></trkpt>
      <trkpt lat="51.508832" lon="-0.432658"><ele>31.5</ele></trkpt>
      <trkpt lat="51.509001" lon="-0.432717"><ele>32</ele></trkpt>
      <trkpt lat="51.509021" lon="-0.432725"><ele>32.25</ele></trkpt>
      <trkpt lat="51.509018" lon="-0.432637"><ele>32.25</ele></trkpt>
      <trkpt lat="51.509024" lon="-0.432539"><ele>32.25</ele></trkpt>
      <trkpt lat="51.509011" lon="-0.432495"><ele>32.25</ele></trkpt>
      <trkpt lat="51.508979" lon="-0.432447"><ele>31.75</ele></trkpt>
      <trkpt lat="51.508953" lon="-0.432594"><ele>31.5</ele></trkpt>
      <trkpt lat="51.508945" lon="-0.432807"><ele>31.5</ele></trkpt>
      <trkpt lat="51.508985" lon="-0.433073"><ele>31.25</ele></trkpt>
      <trkpt lat="51.508973" lon="-0.433519"><ele>31</ele></trkpt>
      <trkpt lat="51.508944" lon="-0.433908"><ele>30.75</ele></trkpt>
      <trkpt lat="51.508885" lon="-0.434397"><ele>30.75</ele></trkpt>
      <trkpt lat="51.508793" lon="-0.434881"><ele>32</ele></trkpt>
      <trkpt lat="51.50859" lon="-0.435839"><ele>31.75</ele></trkpt>
      <trkpt lat="51.50852" lon="-0.436103"><ele>32</ele></trkpt>
      <trkpt lat="51.508395" lon="-0.436545"><ele>31.25</ele></trkpt>
      <trkpt lat="51.508324" lon="-0.436678"><ele>31</ele></trkpt>
      <trkpt lat="51.50831" lon="-0.436738"><ele>31.25</ele></trkpt>
      <trkpt lat="51.508303" lon="-0.436979"><ele>32.25</ele></trkpt>
      <trkpt lat="51.508285" lon="-0.437091"><ele>33</ele></trkpt>
      <trkpt lat="51.508196" lon="-0.437526"><ele>32.75</ele></trkpt>
      <trkpt lat="51.508041" lon="-0.438271"><ele>30.75</ele></trkpt>
      <trkpt lat="51.507893" lon="-0.438998"><ele>30.25</ele></trkpt>
      <trkpt lat="51.50735" lon="-0.441369"><ele>31.75</ele></trkpt>
      <trkpt lat="51.507267" lon="-0.441771"><ele>30.5</ele></trkpt>
      <trkpt lat="51.507225" lon="-0.442004"><ele>30</ele></trkpt>
      <trkpt lat="51.507197" lon="-0.442249"><ele>31</ele></trkpt>
      <trkpt lat="51.50718" lon="-0.44248"><ele>31.25</ele></trkpt>
      <trkpt lat="51.507175" lon="-0.442841"><ele>31.25</ele></trkpt>
      <trkpt lat="51.507182" lon="-0.443308"><ele>31</ele></trkpt>
      <trkpt lat="51.507208" lon="-0.443636"><ele>31</ele></trkpt>
      <trkpt lat="51.507244" lon="-0.44398"><ele>30</ele></trkpt>
      <trkpt lat="51.507466" lon="-0.445681"><ele>31</ele></trkpt>
      <trkpt lat="51.507965" lon="-0.44964"><ele>32.25</ele></trkpt>
      <trkpt lat="51.50798" lon="-0.449762"><ele>32.25</ele></trkpt>
      <trkpt lat="51.508014" lon="-0.450133"><ele>31.5</ele></trkpt>
      <trkpt lat="51.508013" lon="-0.45031"><ele>31.25</ele></trkpt>
      <trkpt lat="51.508012" lon="-0.450535"><ele>32.25</ele></trkpt>
      <trkpt lat="51.508039" lon="-0.450694"><ele>31</ele></trkpt>
      <trkpt lat="51.508142" lon="-0.451007"><ele>30.5</ele></trkpt>
      <trkpt lat="51.508196" lon="-0.451341"><ele>31</ele></trkpt>
      <trkpt lat="51.508354" lon="-0.45265"><ele>30</ele></trkpt>
      <trkpt lat="51.508403" lon="-0.453039"><ele>30.75</ele></trkpt>
      <trkpt lat="51.508487" lon="-0.453684"><ele>32</ele></trkpt>
      <trkpt lat="51.508524" lon="-0.453999"><ele>32.25</ele></trkpt>
      <trkpt lat="51.50851" lon="-0.454306"><ele>32.25</ele></trkpt>
      <trkpt lat="51.508652" lon="-0.45498"><ele>30.5</ele></trkpt>
      <trkpt lat="51.508762" lon="-0.455719"><ele>32.25</ele></trkpt>
      <trkpt lat="51.508905" lon="-0.456694"><ele>30.25</ele></trkpt>
      <trkpt lat="51.508928" lon="-0.456934"><ele>30.5</ele></trkpt>
      <trkpt lat="51.509135" lon="-0.459114"><ele>30.25</ele></trkpt>
      <trkpt lat="51.509244" lon="-0.460327"><ele>29.75</ele></trkpt>
      <trkpt lat="51.509556" lon="-0.463928"><ele>30</ele></trkpt>
      <trkpt lat="51.509578" lon="-0.464361"><ele>30.5</ele></trkpt>
      <trkpt lat="51.509557" lon="-0.464656"><ele>31.25</ele></trkpt>
      <trkpt lat="51.509575" lon="-0.464786"><ele>31.25</ele></trkpt>
      <trkpt lat="51.509598" lon="-0.464827"><ele>31</ele></trkpt>
      <trkpt lat="51.509632" lon="-0.464948"><ele>30.5</ele></trkpt>
      <trkpt lat="51.509849" lon="-0.46734"><ele>30</ele></trkpt>
      <trkpt lat="51.51" lon="-0.469124"><ele>29</ele></trkpt>
      <trkpt lat="51.510052" lon="-0.469685"><ele>29.75</ele></trkpt>
      <trkpt lat="51.51009" lon="-0.47"><ele>29.75</ele></trkpt>
      <trkpt lat="51.510173" lon="-0.47053"><ele>30</ele></trkpt>
      <trkpt lat="51.510309" lon="-0.471531"><ele>29.75</ele></trkpt>
      <trkpt lat="51.510377" lon="-0.471832"><ele>29.5</ele></trkpt>
      <trkpt lat="51.510452" lon="-0.472063"><ele>29.5</ele></trkpt>
      <trkpt lat="51.510561" lon="-0.472292"><ele>29.75</ele></trkpt>
      <trkpt lat="51.510751" lon="-0.472576"><ele>30</ele></trkpt>
      <trkpt lat="51.511083" lon="-0.473008"><ele>30.25</ele></trkpt>
      <trkpt lat="51.511092" lon="-0.472983"><ele>30.25</ele></trkpt>
      <trkpt lat="51.511161" lon="-0.472777"><ele>31</ele></trkpt>
      <trkpt lat="51.511171" lon="-0.472763"><ele>31</ele></trkpt>
      <trkpt lat="51.51118" lon="-0.472782"><ele>31</ele></trkpt>
      <trkpt lat="51.511193" lon="-0.472838"><ele>31</ele></trkpt>
      <trkpt lat="51.511195" lon="-0.472919"><ele>30.75</ele></trkpt>
      <trkpt lat="51.511184" lon="-0.472958"><ele>30.5</ele></trkpt>
      <trkpt lat="51.511166" lon="-0.472989"><ele>30.25</ele></trkpt>
      <trkpt lat="51.510982" lon="-0.473154"><ele>30.75</ele></trkpt>
      <trkpt lat="51.510404" lon="-0.473732"><ele>29</ele></trkpt>
      <trkpt lat="51.51038" lon="-0.473738"><ele>28.75</ele></trkpt>
      <trkpt lat="51.510343" lon="-0.473701"><ele>28.75</ele></trkpt>
      <trkpt lat="51.51032" lon="-0.473644"><ele>29</ele></trkpt>
      <trkpt lat="51.510293" lon="-0.473456"><ele>29</ele></trkpt>
      <trkpt lat="51.510293" lon="-0.473381"><ele>29</ele></trkpt>
      <trkpt lat="51.510322" lon="-0.473137"><ele>29.75</ele></trkpt>
      <trkpt lat="51.510296" lon="-0.473125"><ele>29.75</ele></trkpt>
      <trkpt lat="51.510319" lon="-0.47296"><ele>30</ele></trkpt>
      <trkpt lat="51.510233" lon="-0.472954"><ele>30</ele></trkpt>
      <trkpt lat="51.51021" lon="-0.47263"><ele>30</ele></trkpt>
      <trkpt lat="51.510221" lon="-0.472579"><ele>30</ele></trkpt>
      <trkpt lat="51.510142" lon="-0.472465"><ele>30.25</ele></trkpt>
      <trkpt lat="51.510137" lon="-0.472465"><ele>30.5</ele></trkpt>
      <trkpt lat="51.510122" lon="-0.472465"><ele>30.5</ele></trkpt>
      <trkpt lat="51.51012" lon="-0.472292"><ele>30.5</ele></trkpt>
      <trkpt lat="51.510094" lon="-0.472294"><ele>30.5</ele></trkpt>
      <trkpt lat="51.510093" lon="-0.472233"><ele>30.5</ele></trkpt>
      <trkpt lat="51.510094" lon="-0.472294"><ele>30.5</ele></trkpt>
      <trkpt lat="51.51012" lon="-0.472292"><ele>30.5</ele></trkpt>
      <trkpt lat="51.510122" lon="-0.472465"><ele>30.5</ele></trkpt>
      <trkpt lat="51.510137" lon="-0.472465"><ele>30.5</ele></trkpt>
      <trkpt lat="51.510142" lon="-0.472465"><ele>30.25</ele></trkpt>
      <trkpt lat="51.510221" lon="-0.472579"><ele>30</ele></trkpt>
      <trkpt lat="51.51021" lon="-0.47263"><ele>30</ele></trkpt>
      <trkpt lat="51.510233" lon="-0.472954"><ele>30</ele></trkpt>
      <trkpt lat="51.510241" lon="-0.473056"><ele>30</ele></trkpt>
      <trkpt lat="51.510244" lon="-0.473097"><ele>29.75</ele></trkpt>
      <trkpt lat="51.510248" lon="-0.473176"><ele>29.5</ele></trkpt>
      <trkpt lat="51.51026" lon="-0.473385"><ele>29</ele></trkpt>
      <trkpt lat="51.510262" lon="-0.473408"><ele>29</ele></trkpt>
      <trkpt lat="51.510273" lon="-0.473527"><ele>29</ele></trkpt>
      <trkpt lat="51.510301" lon="-0.473712"><ele>28.5</ele></trkpt>
      <trkpt lat="51.510327" lon="-0.473805"><ele>28.25</ele></trkpt>
      <trkpt lat="51.510371" lon="-0.473865"><ele>28.25</ele></trkpt>
      <trkpt lat="51.510284" lon="-0.473981"><ele>27.5</ele></trkpt>
      <trkpt lat="51.510183" lon="-0.474116"><ele>26.5</ele></trkpt>
      <trkpt lat="51.510196" lon="-0.474172"><ele>26.25</ele></trkpt>
      <trkpt lat="51.510197" lon="-0.474242"><ele>27</ele></trkpt>
      <trkpt lat="51.5102" lon="-0.474676"><ele>28.75</ele></trkpt>
      <trkpt lat="51.510217" lon="-0.475083"><ele>28.5</ele></trkpt>
      <trkpt lat="51.510315" lon="-0.475442"><ele>28.25</ele></trkpt>
      <trkpt lat="51.510833" lon="-0.477047"><ele>27.5</ele></trkpt>
      <trkpt lat="51.511065" lon="-0.477338"><ele>27.5</ele></trkpt>
      <trkpt lat="51.511309" lon="-0.477597"><ele>27.25</ele></trkpt>
      <trkpt lat="51.511397" lon="-0.477667"><ele>27</ele></trkpt>
      <trkpt lat="51.51168" lon="-0.477859"><ele>27</ele></trkpt>
      <trkpt lat="51.511738" lon="-0.477892"><ele>27</ele></trkpt>
      <trkpt lat="51.511953" lon="-0.478028"><ele>27</ele></trkpt>
      <trkpt lat="51.512025" lon="-0.47807"><ele>26.75</ele></trkpt>
      <trkpt lat="51.512261" lon="-0.478205"><ele>27</ele></trkpt>
      <trkpt lat="51.512454" lon="-0.478313"><ele>27.75</ele></trkpt>
      <trkpt lat="51.51264" lon="-0.478402"><ele>27.25</ele></trkpt>
      <trkpt lat="51.512704" lon="-0.478433"><ele>27.25</ele></trkpt>
      <trkpt lat="51.51317" lon="-0.478643"><ele>28</ele></trkpt>
      <trkpt lat="51.51315" lon="-0.478871"><ele>28</ele></trkpt>
      <trkpt lat="51.513114" lon="-0.479051"><ele>28</ele></trkpt>
      <trkpt lat="51.513055" lon="-0.479207"><ele>27.75</ele></trkpt>
      <trkpt lat="51.513" lon="-0.479349"><ele>27.25</ele></trkpt>
      <trkpt lat="51.512935" lon="-0.479514"><ele>27</ele></trkpt>
      <trkpt lat="51.512929" lon="-0.479528"><ele>27</ele></trkpt>
      <trkpt lat="51.51283" lon="-0.479795"><ele>27</ele></trkpt>
      <trkpt lat="51.512825" lon="-0.479832"><ele>26.75</ele></trkpt>
      <trkpt lat="51.512835" lon="-0.479924"><ele>27</ele></trkpt>
      <trkpt lat="51.512845" lon="-0.479966"><ele>27</ele></trkpt>
      <trkpt lat="51.512874" lon="-0.480021"><ele>27</ele></trkpt>
      <trkpt lat="51.512969" lon="-0.480091"><ele>27</ele></trkpt>
      <trkpt lat="51.513226" lon="-0.480269"><ele>26.75</ele></trkpt>
      <trkpt lat="51.513322" lon="-0.480367"><ele>27</ele></trkpt>
      <trkpt lat="51.513335" lon="-0.480446"><ele>27</ele></trkpt>
      <trkpt lat="51.513363" lon="-0.480546"><ele>26.75</ele></trkpt>
      <trkpt lat="51.513428" lon="-0.480848"><ele>27</ele></trkpt>
      <trkpt lat="51.513461" lon="-0.48108"><ele>27</ele></trkpt>
      <trkpt lat="51.513498" lon="-0.481471"><ele>27</ele></trkpt>
      <trkpt lat="51.51351" lon="-0.481954"><ele>26</ele></trkpt>
      <trkpt lat="51.51348" lon="-0.482047"><ele>26</ele></trkpt>
      <trkpt lat="51.513453" lon="-0.482142"><ele>26.25</ele></trkpt>
      <trkpt lat="51.513435" lon="-0.482287"><ele>26.5</ele></trkpt>
      <trkpt lat="51.513435" lon="-0.482344"><ele>26.5</ele></trkpt>
      <trkpt lat="51.513454" lon="-0.482446"><ele>26.25</ele></trkpt>
      <trkpt lat="51.513481" lon="-0.482541"><ele>26.5</ele></trkpt>
      <trkpt lat="51.513483" lon="-0.482609"><ele>26.75</ele></trkpt>
      <trkpt lat="51.51347" lon="-0.482753"><ele>26.75</ele></trkpt>
      <trkpt lat="51.51346" lon="-0.482804"><ele>27</ele></trkpt>
      <trkpt lat="51.513441" lon="-0.482847"><ele>27</ele></trkpt>
      <trkpt lat="51.513441" lon="-0.48285"><ele>27</ele></trkpt>
      <trkpt lat="51.513449" lon="-0.482961"><ele>27.25</ele></trkpt>
      <trkpt lat="51.513454" lon="-0.483353"><ele>27.25</ele></trkpt>
      <trkpt lat="51.513455" lon="-0.483374"><ele>27</ele></trkpt>
      <trkpt lat="51.513459" lon="-0.483573"><ele>26.75</ele></trkpt>
      <trkpt lat="51.51354" lon="-0.484138"><ele>26.5</ele></trkpt>
      <trkpt lat="51.513571" lon="-0.484298"><ele>26.75</ele></trkpt>
      <trkpt lat="51.513608" lon="-0.484665"><ele>26.75</ele></trkpt>
      <trkpt lat="51.513623" lon="-0.484947"><ele>27.25</ele></trkpt>
      <trkpt lat="51.513628" lon="-0.48522"><ele>27</ele></trkpt>
      <trkpt lat="51.513658" lon="-0.485579"><ele>27.5</ele></trkpt>
      <trkpt lat="51.513712" lon="-0.485947"><ele>27.25</ele></trkpt>
      <trkpt lat="51.513858" lon="-0.486301"><ele>27</ele></trkpt>
      <trkpt lat="51.5141" lon="-0.486816"><ele>28</ele></trkpt>
      <trkpt lat="51.514298" lon="-0.487283"><ele>28.25</ele></trkpt>
      <trkpt lat="51.514372" lon="-0.487439"><ele>28</ele></trkpt>
      <trkpt lat="51.514555" lon="-0.48798"><ele>28</ele></trkpt>
      <trkpt lat="51.514679" lon="-0.48852"><ele>27</ele></trkpt>
      <trkpt lat="51.514841" lon="-0.489032"><ele>29.75</ele></trkpt>
      <trkpt lat="51.515026" lon="-0.489531"><ele>28.5</ele></trkpt>
      <trkpt lat="51.515141" lon="-0.489751"><ele>29.25</ele></trkpt>
      <trkpt lat="51.515619" lon="-0.490219"><ele>28.75</ele></trkpt>
      <trkpt lat="51.515687" lon="-0.490286"><ele>28.75</ele></trkpt>
      <trkpt lat="51.515686" lon="-0.490292"><ele>28.75</ele></trkpt>
      <trkpt lat="51.51569" lon="-0.49032"><ele>28.75</ele></trkpt>
      <trkpt lat="51.515773" lon="-0.490504"><ele>28.75</ele></trkpt>
      <trkpt lat="51.515669" lon="-0.491092"><ele>28.75</ele></trkpt>
      <trkpt lat="51.515655" lon="-0.491242"><ele>28</ele></trkpt>
      <trkpt lat="51.515656" lon="-0.49134"><ele>27.5</ele></trkpt>
      <trkpt lat="51.51559" lon="-0.491721"><ele>28.75</ele></trkpt>
      <trkpt lat="51.515539" lon="-0.491834"><ele>29.5</ele></trkpt>
      <trkpt lat="51.515255" lon="-0.493527"><ele>30</ele></trkpt>
      <trkpt lat="51.514982" lon="-0.495096"><ele>29.75</ele></trkpt>
      <trkpt lat="51.51483" lon="-0.496204"><ele>27.75</ele></trkpt>
      <trkpt lat="51.514828" lon="-0.496341"><ele>27.5</ele></trkpt>
      <trkpt lat="51.51479" lon="-0.49656"><ele>28.75</ele></trkpt>
      <trkpt lat="51.51476" lon="-0.496623"><ele>29.5</ele></trkpt>
      <trkpt lat="51.514663" lon="-0.497004"><ele>30.25</ele></trkpt>
      <trkpt lat="51.514636" lon="-0.497158"><ele>30.5</ele></trkpt>
      <trkpt lat="51.514569" lon="-0.497707"><ele>32.5</ele></trkpt>
      <trkpt lat="51.514565" lon="-0.497923"><ele>33.25</ele></trkpt>
      <trkpt lat="51.51455" lon="-0.498009"><ele>33.25</ele></trkpt>
      <trkpt lat="51.514509" lon="-0.49813"><ele>32.75</ele></trkpt>
      <trkpt lat="51.514452" lon="-0.498445"><ele>30.5</ele></trkpt>
      <trkpt lat="51.51432" lon="-0.499279"><ele>32.5</ele></trkpt>
      <trkpt lat="51.514178" lon="-0.500189"><ele>30.25</ele></trkpt>
      <trkpt lat="51.51406" lon="-0.500828"><ele>32.25</ele></trkpt>
      <trkpt lat="51.51401" lon="-0.501056"><ele>32.5</ele></trkpt>
      <trkpt lat="51.513887" lon="-0.501714"><ele>30</ele></trkpt>
      <trkpt lat="51.513811" lon="-0.502166"><ele>31.75</ele></trkpt>
      <trkpt lat="51.513583" lon="-0.503167"><ele>31</ele></trkpt>
      <trkpt lat="51.513391" lon="-0.503635"><ele>33.75</ele></trkpt>
      <trkpt lat="51.513371" lon="-0.50364"><ele>34.25</ele></trkpt>
      <trkpt lat="51.512759" lon="-0.503763"><ele>35</ele></trkpt>
      <trkpt lat="51.512118" lon="-0.503762"><ele>35</ele></trkpt>
      <trkpt lat="51.511822" lon="-0.503745"><ele>35</ele></trkpt>
      <trkpt lat="51.511621" lon="-0.503758"><ele>35</ele></trkpt>
      <trkpt lat="51.509726" lon="-0.504049"><ele>35.5</ele></trkpt>
      <trkpt lat="51.509287" lon="-0.504101"><ele>36.25</ele></trkpt>
      <trkpt lat="51.509298" lon="-0.504216"><ele>36.25</ele></trkpt>
      <trkpt lat="51.509036" lon="-0.504195"><ele>33.5</ele></trkpt>
      <trkpt lat="51.508539" lon="-0.504271"><ele>34.75</ele></trkpt>
      <trkpt lat="51.50835" lon="-0.504334"><ele>35.75</ele></trkpt>
      <trkpt lat="51.508299" lon="-0.504343"><ele>35.75</ele></trkpt>
      <trkpt lat="51.508449" lon="-0.504379"><ele>35.25</ele></trkpt>
      <trkpt lat="51.508506" lon="-0.504413"><ele>34.75</ele></trkpt>
      <trkpt lat="51.508543" lon="-0.50447"><ele>34.25</ele></trkpt>
      <trkpt lat="51.508555" lon="-0.504549"><ele>33.5</ele></trkpt>
      <trkpt lat="51.508553" lon="-0.504645"><ele>33</ele></trkpt>
      <trkpt lat="51.508436" lon="-0.506138"><ele>33.25</ele></trkpt>
      <trkpt lat="51.508427" lon="-0.506136"><ele>33.5</ele></trkpt>
      <trkpt lat="51.508366" lon="-0.506125"><ele>34.25</ele></trkpt>
      <trkpt lat="51.508329" lon="-0.506642"><ele>34</ele></trkpt>
      <trkpt lat="51.508405" lon="-0.50666"><ele>32.75</ele></trkpt>
      <trkpt lat="51.508407" lon="-0.506595"><ele>33</ele></trkpt>
      <trkpt lat="51.508461" lon="-0.506593"><ele>32.25</ele></trkpt>
      <trkpt lat="51.508485" lon="-0.506296"><ele>32.5</ele></trkpt>
      <trkpt lat="51.5085" lon="-0.506299"><ele>32.25</ele></trkpt>
      <trkpt lat="51.508471" lon="-0.506675"><ele>32</ele></trkpt>
      <trkpt lat="51.5085" lon="-0.506299"><ele>32.25</ele></trkpt>
      <trkpt lat="51.508485" lon="-0.506296"><ele>32.5</ele></trkpt>
      <trkpt lat="51.508461" lon="-0.506593"><ele>32.25</ele></trkpt>
      <trkpt lat="51.508407" lon="-0.506595"><ele>33</ele></trkpt>
      <trkpt lat="51.508405" lon="-0.50666"><ele>32.75</ele></trkpt>
      <trkpt lat="51.508329" lon="-0.506642"><ele>34</ele></trkpt>
      <trkpt lat="51.508366" lon="-0.506125"><ele>34.25</ele></trkpt>
      <trkpt lat="51.508427" lon="-0.506136"><ele>33.5</ele></trkpt>
      <trkpt lat="51.508436" lon="-0.506138"><ele>33.25</ele></trkpt>
      <trkpt lat="51.508553" lon="-0.504645"><ele>33</ele></trkpt>
      <trkpt lat="51.508555" lon="-0.504549"><ele>33.5</ele></trkpt>
      <trkpt lat="51.508543" lon="-0.50447"><ele>34.25</ele></trkpt>
      <trkpt lat="51.508506" lon="-0.504413"><ele>34.75</ele></trkpt>
      <trkpt lat="51.508449" lon="-0.504379"><ele>35.25</ele></trkpt>
      <trkpt lat="51.508299" lon="-0.504343"><ele>35.75</ele></trkpt>
      <trkpt lat="51.50835" lon="-0.504334"><ele>35.75</ele></trkpt>
      <trkpt lat="51.508539" lon="-0.504271"><ele>34.75</ele></trkpt>
      <trkpt lat="51.509036" lon="-0.504195"><ele>33.5</ele></trkpt>
      <trkpt lat="51.509298" lon="-0.504216"><ele>36.25</ele></trkpt>
      <trkpt lat="51.509287" lon="-0.504101"><ele>36.25</ele></trkpt>
      <trkpt lat="51.509726" lon="-0.504049"><ele>35.5</ele></trkpt>
      <trkpt lat="51.511621" lon="-0.503758"><ele>35</ele></trkpt>
      <trkpt lat="51.511822" lon="-0.503745"><ele>35</ele></trkpt>
      <trkpt lat="51.512118" lon="-0.503762"><ele>35</ele></trkpt>
      <trkpt lat="51.512759" lon="-0.503763"><ele>35</ele></trkpt>
      <trkpt lat="51.513371" lon="-0.50364"><ele>34.25</ele></trkpt>
      <trkpt lat="51.513455" lon="-0.503936"><ele>32.5</ele></trkpt>
      <trkpt lat="51.513282" lon="-0.505001"><ele>30.25</ele></trkpt>
      <trkpt lat="51.512501" lon="-0.509593"><ele>31.25</ele></trkpt>
      <trkpt lat="51.511933" lon="-0.51308"><ele>30</ele></trkpt>
      <trkpt lat="51.511478" lon="-0.515671"><ele>33.25</ele></trkpt>
      <trkpt lat="51.511452" lon="-0.515832"><ele>33.75</ele></trkpt>
      <trkpt lat="51.511465" lon="-0.515941"><ele>33.25</ele></trkpt>
      <trkpt lat="51.511451" lon="-0.51603"><ele>32.75</ele></trkpt>
      <trkpt lat="51.511409" lon="-0.516081"><ele>32.25</ele></trkpt>
      <trkpt lat="51.511344" lon="-0.516102"><ele>32</ele></trkpt>
      <trkpt lat="51.511331" lon="-0.516354"><ele>30.5</ele></trkpt>
      <trkpt lat="51.511344" lon="-0.516458"><ele>30.25</ele></trkpt>
      <trkpt lat="51.511199" lon="-0.517264"><ele>32</ele></trkpt>
      <trkpt lat="51.51073" lon="-0.520132"><ele>31.25</ele></trkpt>
      <trkpt lat="51.510437" lon="-0.522328"><ele>31.5</ele></trkpt>
      <trkpt lat="51.510331" lon="-0.524034"><ele>31</ele></trkpt>
      <trkpt lat="51.510264" lon="-0.525783"><ele>30</ele></trkpt>
      <trkpt lat="51.510161" lon="-0.528009"><ele>30.25</ele></trkpt>
      <trkpt lat="51.510171" lon="-0.528273"><ele>31</ele></trkpt>
      <trkpt lat="51.510194" lon="-0.528389"><ele>31</ele></trkpt>
      <trkpt lat="51.510184" lon="-0.528538"><ele>30.25</ele></trkpt>
      <trkpt lat="51.510152" lon="-0.528622"><ele>30</ele></trkpt>
      <trkpt lat="51.510106" lon="-0.528903"><ele>29.75</ele></trkpt>
      <trkpt lat="51.51009" lon="-0.529813"><ele>29</ele></trkpt>
      <trkpt lat="51.510052" lon="-0.530798"><ele>28.25</ele></trkpt>
      <trkpt lat="51.509925" lon="-0.533479"><ele>29</ele></trkpt>
      <trkpt lat="51.509852" lon="-0.535357"><ele>27.75</ele></trkpt>
      <trkpt lat="51.50982" lon="-0.535709"><ele>27.5</ele></trkpt>
      <trkpt lat="51.509713" lon="-0.538511"><ele>29.75</ele></trkpt>
      <trkpt lat="51.509547" lon="-0.541737"><ele>30.75</ele></trkpt>
      <trkpt lat="51.509557" lon="-0.541783"><ele>31</ele></trkpt>
      <trkpt lat="51.509417" lon="-0.541993"><ele>31.5</ele></trkpt>
      <trkpt lat="51.509382" lon="-0.542112"><ele>30.75</ele></trkpt>
      <trkpt lat="51.508946" lon="-0.542385"><ele>29</ele></trkpt>
      <trkpt lat="51.508833" lon="-0.542456"><ele>28.75</ele></trkpt>
      <trkpt lat="51.508637" lon="-0.542538"><ele>28</ele></trkpt>
      <trkpt lat="51.508532" lon="-0.54241"><ele>28</ele></trkpt>
      <trkpt lat="51.508469" lon="-0.54241"><ele>28.25</ele></trkpt>
      <trkpt lat="51.508392" lon="-0.542376"><ele>28.5</ele></trkpt>
      <trkpt lat="51.508377" lon="-0.542285"><ele>29.25</ele></trkpt>
      <trkpt lat="51.508328" lon="-0.542271"><ele>29.5</ele></trkpt>
      <trkpt lat="51.508146" lon="-0.542281"><ele>30</ele></trkpt>
      <trkpt lat="51.508083" lon="-0.542266"><ele>30.25</ele></trkpt>
      <trkpt lat="51.508064" lon="-0.542205"><ele>30.75</ele></trkpt>
      <trkpt lat="51.508063" lon="-0.541756"><ele>30.75</ele></trkpt>
      <trkpt lat="51.508064" lon="-0.542205"><ele>30.75</ele></trkpt>
      <trkpt lat="51.508011" lon="-0.542181"><ele>31</ele></trkpt>
      <trkpt lat="51.508013" lon="-0.542369"><ele>29.25</ele></trkpt>
      <trkpt lat="51.508017" lon="-0.542537"><ele>28.25</ele></trkpt>
      <trkpt lat="51.508019" lon="-0.542626"><ele>28.5</ele></trkpt>
      <trkpt lat="51.507736" lon="-0.542646"><ele>28.75</ele></trkpt>
      <trkpt lat="51.507619" lon="-0.542684"><ele>28</ele></trkpt>
      <trkpt lat="51.507374" lon="-0.542829"><ele>27.5</ele></trkpt>
      <trkpt lat="51.507244" lon="-0.54292"><ele>27.75</ele></trkpt>
      <trkpt lat="51.507265" lon="-0.542992"><ele>27.75</ele></trkpt>
      <trkpt lat="51.507235" lon="-0.543015"><ele>27.75</ele></trkpt>
      <trkpt lat="51.507219" lon="-0.543057"><ele>28</ele></trkpt>
      <trkpt lat="51.507211" lon="-0.543104"><ele>28</ele></trkpt>
      <trkpt lat="51.507212" lon="-0.543158"><ele>28</ele></trkpt>
      <trkpt lat="51.507301" lon="-0.543505"><ele>28</ele></trkpt>
      <trkpt lat="51.507333" lon="-0.543648"><ele>28</ele></trkpt>
      <trkpt lat="51.507354" lon="-0.543785"><ele>28</ele></trkpt>
      <trkpt lat="51.50744" lon="-0.545374"><ele>28.25</ele></trkpt>
      <trkpt lat="51.507519" lon="-0.54621"><ele>27</ele></trkpt>
      <trkpt lat="51.507488" lon="-0.546222"><ele>27</ele></trkpt>
      <trkpt lat="51.50759" lon="-0.547352"><ele>27.5</ele></trkpt>
      <trkpt lat="51.507621" lon="-0.547695"><ele>28</ele></trkpt>
      <trkpt lat="51.50765" lon="-0.548508"><ele>28</ele></trkpt>
      <trkpt lat="51.507707" lon="-0.549552"><ele>28</ele></trkpt>
      <trkpt lat="51.507786" lon="-0.550809"><ele>28</ele></trkpt>
      <trkpt lat="51.50785" lon="-0.551812"><ele>28</ele></trkpt>
      <trkpt lat="51.507838" lon="-0.551982"><ele>28</ele></trkpt>
      <trkpt lat="51.507773" lon="-0.55225"><ele>28</ele></trkpt>
      <trkpt lat="51.507699" lon="-0.552473"><ele>28.75</ele></trkpt>
      <trkpt lat="51.507665" lon="-0.552585"><ele>29</ele></trkpt>
      <trkpt lat="51.507658" lon="-0.552609"><ele>29</ele></trkpt>
      <trkpt lat="51.507652" lon="-0.552626"><ele>29</ele></trkpt>
      <trkpt lat="51.5076" lon="-0.552758"><ele>29</ele></trkpt>
      <trkpt lat="51.507476" lon="-0.55291"><ele>29</ele></trkpt>
      <trkpt lat="51.50736" lon="-0.552987"><ele>29</ele></trkpt>
      <trkpt lat="51.507297" lon="-0.553077"><ele>29</ele></trkpt>
      <trkpt lat="51.507026" lon="-0.553325"><ele>29</ele></trkpt>
      <trkpt lat="51.507125" lon="-0.554181"><ele>29</ele></trkpt>
      <trkpt lat="51.507251" lon="-0.554329"><ele>28.75</ele></trkpt>
      <trkpt lat="51.507499" lon="-0.554632"><ele>29</ele></trkpt>
      <trkpt lat="51.507549" lon="-0.554693"><ele>29</ele></trkpt>
      <trkpt lat="51.507515" lon="-0.554852"><ele>29</ele></trkpt>
      <trkpt lat="51.507499" lon="-0.555171"><ele>29</ele></trkpt>
      <trkpt lat="51.507508" lon="-0.555573"><ele>29</ele></trkpt>
      <trkpt lat="51.50744" lon="-0.555887"><ele>29</ele></trkpt>
      <trkpt lat="51.507339" lon="-0.556687"><ele>29</ele></trkpt>
      <trkpt lat="51.507245" lon="-0.556909"><ele>29</ele></trkpt>
      <trkpt lat="51.506953" lon="-0.557451"><ele>28</ele></trkpt>
      <trkpt lat="51.507004" lon="-0.557806"><ele>28</ele></trkpt>
      <trkpt lat="51.507107" lon="-0.558603"><ele>29</ele></trkpt>
      <trkpt lat="51.507151" lon="-0.558996"><ele>29</ele></trkpt>
      <trkpt lat="51.507219" lon="-0.559782"><ele>28</ele></trkpt>
      <trkpt lat="51.507231" lon="-0.560009"><ele>28</ele></trkpt>
      <trkpt lat="51.507317" lon="-0.561767"><ele>28</ele></trkpt>
      <trkpt lat="51.506783" lon="-0.562015"><ele>28</ele></trkpt>
      <trkpt lat="51.506554" lon="-0.562128"><ele>28</ele></trkpt>
      <trkpt lat="51.506046" lon="-0.562377"><ele>27.75</ele></trkpt>
      <trkpt lat="51.506077" lon="-0.562556"><ele>27.75</ele></trkpt>
      <trkpt lat="51.506118" lon="-0.562792"><ele>28</ele></trkpt>
      <trkpt lat="51.506167" lon="-0.563134"><ele>28</ele></trkpt>
      <trkpt lat="51.506184" lon="-0.563694"><ele>28</ele></trkpt>
      <trkpt lat="51.506125" lon="-0.564078"><ele>28</ele></trkpt>
      <trkpt lat="51.506041" lon="-0.564367"><ele>28</ele></trkpt>
      <trkpt lat="51.505957" lon="-0.564588"><ele>28</ele></trkpt>
      <trkpt lat="51.505874" lon="-0.564832"><ele>28</ele></trkpt>
      <trkpt lat="51.505743" lon="-0.565254"><ele>27.75</ele></trkpt>
      <trkpt lat="51.505654" lon="-0.565679"><ele>28</ele></trkpt>
      <trkpt lat="51.505623" lon="-0.566155"><ele>28</ele></trkpt>
      <trkpt lat="51.505619" lon="-0.566779"><ele>28</ele></trkpt>
      <trkpt lat="51.505653" lon="-0.567257"><ele>28</ele></trkpt>
      <trkpt lat="51.505791" lon="-0.569163"><ele>28</ele></trkpt>
      <trkpt lat="51.505857" lon="-0.570017"><ele>28</ele></trkpt>
      <trkpt lat="51.505911" lon="-0.570725"><ele>28</ele></trkpt>
      <trkpt lat="51.505931" lon="-0.57135"><ele>28</ele></trkpt>
      <trkpt lat="51.505931" lon="-0.571807"><ele>27.25</ele></trkpt>
      <trkpt lat="51.505917" lon="-0.572055"><ele>27</ele></trkpt>
      <trkpt lat="51.505888" lon="-0.572358"><ele>26.5</ele></trkpt>
      <trkpt lat="51.505824" lon="-0.572617"><ele>25.75</ele></trkpt>
      <trkpt lat="51.505722" lon="-0.572929"><ele>25.5</ele></trkpt>
      <trkpt lat="51.505636" lon="-0.573196"><ele>25</ele></trkpt>
      <trkpt lat="51.50546" lon="-0.573645"><ele>25</ele></trkpt>
      <trkpt lat="51.505353" lon="-0.574072"><ele>25</ele></trkpt>
      <trkpt lat="51.505318" lon="-0.57419"><ele>25</ele></trkpt>
      <trkpt lat="51.505333" lon="-0.574265"><ele>25</ele></trkpt>
      <trkpt lat="51.505326" lon="-0.574392"><ele>24.75</ele></trkpt>
      <trkpt lat="51.505408" lon="-0.574811"><ele>24.75</ele></trkpt>
      <trkpt lat="51.505621" lon="-0.575662"><ele>25</ele></trkpt>
      <trkpt lat="51.505839" lon="-0.576466"><ele>25.25</ele></trkpt>
      <trkpt lat="51.506032" lon="-0.577231"><ele>26</ele></trkpt>
      <trkpt lat="51.5062" lon="-0.577775"><ele>26.75</ele></trkpt>
      <trkpt lat="51.506452" lon="-0.578265"><ele>27</ele></trkpt>
      <trkpt lat="51.506504" lon="-0.578353"><ele>27.25</ele></trkpt>
      <trkpt lat="51.50655" lon="-0.578432"><ele>27.5</ele></trkpt>
      <trkpt lat="51.506594" lon="-0.578449"><ele>27.75</ele></trkpt>
      <trkpt lat="51.506818" lon="-0.578795"><ele>28</ele></trkpt>
      <trkpt lat="51.507009" lon="-0.579075"><ele>28.5</ele></trkpt>
      <trkpt lat="51.507186" lon="-0.579303"><ele>29</ele></trkpt>
      <trkpt lat="51.507214" lon="-0.579294"><ele>29</ele></trkpt>
      <trkpt lat="51.507252" lon="-0.579463"><ele>29</ele></trkpt>
      <trkpt lat="51.507291" lon="-0.579578"><ele>29</ele></trkpt>
      <trkpt lat="51.507363" lon="-0.57975"><ele>29.5</ele></trkpt>
      <trkpt lat="51.507723" lon="-0.58025"><ele>30</ele></trkpt>
      <trkpt lat="51.507832" lon="-0.580401"><ele>30.5</ele></trkpt>
      <trkpt lat="51.5079" lon="-0.580514"><ele>30.75</ele></trkpt>
      <trkpt lat="51.507941" lon="-0.580581"><ele>30.75</ele></trkpt>
      <trkpt lat="51.508045" lon="-0.580766"><ele>30</ele></trkpt>
      <trkpt lat="51.508117" lon="-0.580895"><ele>30</ele></trkpt>
      <trkpt lat="51.508287" lon="-0.581225"><ele>30.5</ele></trkpt>
      <trkpt lat="51.508354" lon="-0.581371"><ele>30</ele></trkpt>
      <trkpt lat="51.50842" lon="-0.581533"><ele>30</ele></trkpt>
      <trkpt lat="51.508453" lon="-0.581616"><ele>30</ele></trkpt>
      <trkpt lat="51.508484" lon="-0.581698"><ele>30</ele></trkpt>
      <trkpt lat="51.508538" lon="-0.581853"><ele>30</ele></trkpt>
      <trkpt lat="51.508567" lon="-0.581957"><ele>30</ele></trkpt>
      <trkpt lat="51.508639" lon="-0.582277"><ele>29.75</ele></trkpt>
      <trkpt lat="51.508847" lon="-0.583491"><ele>29.5</ele></trkpt>
      <trkpt lat="51.508901" lon="-0.583802"><ele>29</ele></trkpt>
      <trkpt lat="51.508935" lon="-0.584014"><ele>29</ele></trkpt>
      <trkpt lat="51.50894" lon="-0.58404"><ele>29</ele></trkpt>
      <trkpt lat="51.508967" lon="-0.584194"><ele>29</ele></trkpt>
      <trkpt lat="51.509501" lon="-0.587257"><ele>30</ele></trkpt>
      <trkpt lat="51.509532" lon="-0.587363"><ele>30.25</ele></trkpt>
      <trkpt lat="51.509608" lon="-0.58751"><ele>30.5</ele></trkpt>
      <trkpt lat="51.509713" lon="-0.587679"><ele>30.25</ele></trkpt>
      <trkpt lat="51.509741" lon="-0.587719"><ele>30.25</ele></trkpt>
      <trkpt lat="51.509765" lon="-0.587771"><ele>30</ele></trkpt>
      <trkpt lat="51.509792" lon="-0.587846"><ele>30.25</ele></trkpt>
      <trkpt lat="51.509806" lon="-0.587935"><ele>30.5</ele></trkpt>
      <trkpt lat="51.509812" lon="-0.588026"><ele>30.75</ele></trkpt>
      <trkpt lat="51.509797" lon="-0.588126"><ele>31</ele></trkpt>
      <trkpt lat="51.509776" lon="-0.588192"><ele>31</ele></trkpt>
      <trkpt lat="51.509744" lon="-0.588304"><ele>31</ele></trkpt>
      <trkpt lat="51.509721" lon="-0.588448"><ele>31</ele></trkpt>
      <trkpt lat="51.509723" lon="-0.588589"><ele>31</ele></trkpt>
      <trkpt lat="51.509838" lon="-0.589348"><ele>31.5</ele></trkpt>
      <trkpt lat="51.509873" lon="-0.58957"><ele>31.5</ele></trkpt>
      <trkpt lat="51.509886" lon="-0.58965"><ele>31.5</ele></trkpt>
      <trkpt lat="51.509901" lon="-0.58975"><ele>31.5</ele></trkpt>
      <trkpt lat="51.509921" lon="-0.589883"><ele>31.5</ele></trkpt>
      <trkpt lat="51.509946" lon="-0.590045"><ele>31.75</ele></trkpt>
      <trkpt lat="51.510044" lon="-0.59066"><ele>32</ele></trkpt>
      <trkpt lat="51.510305" lon="-0.592059"><ele>32</ele></trkpt>
      <trkpt lat="51.510393" lon="-0.592128"><ele>32</ele></trkpt>
      <trkpt lat="51.510439" lon="-0.592147"><ele>32</ele></trkpt>
      <trkpt lat="51.510674" lon="-0.592108"><ele>31.75</ele></trkpt>
      <trkpt lat="51.51087" lon="-0.591994"><ele>31</ele></trkpt>
      <trkpt lat="51.51097" lon="-0.591931"><ele>31</ele></trkpt>
      <trkpt lat="51.511301" lon="-0.591715"><ele>30.25</ele></trkpt>
      <trkpt lat="51.511457" lon="-0.591615"><ele>30</ele></trkpt>
      <trkpt lat="51.511529" lon="-0.591581"><ele>30</ele></trkpt>
      <trkpt lat="51.511576" lon="-0.591575"><ele>30</ele></trkpt>
      <trkpt lat="51.511634" lon="-0.591617"><ele>30</ele></trkpt>
      <trkpt lat="51.511825" lon="-0.591467"><ele>29</ele></trkpt>
      <trkpt lat="51.511871" lon="-0.591452"><ele>28.5</ele></trkpt>
      <trkpt lat="51.511825" lon="-0.591467"><ele>29</ele></trkpt>
      <trkpt lat="51.511634" lon="-0.591617"><ele>30</ele></trkpt>
      <trkpt lat="51.511663" lon="-0.591671"><ele>29.75</ele></trkpt>
      <trkpt lat="51.511692" lon="-0.591785"><ele>29.5</ele></trkpt>
      <trkpt lat="51.511749" lon="-0.592319"><ele>29.75</ele></trkpt>
      <trkpt lat="51.511774" lon="-0.592583"><ele>30</ele></trkpt>
      <trkpt lat="51.511818" lon="-0.592947"><ele>29.5</ele></trkpt>
      <trkpt lat="51.511864" lon="-0.593345"><ele>30</ele></trkpt>
      <trkpt lat="51.511898" lon="-0.593615"><ele>30.75</ele></trkpt>
      <trkpt lat="51.51196" lon="-0.594068"><ele>31.75</ele></trkpt>
      <trkpt lat="51.511875" lon="-0.594116"><ele>31.5</ele></trkpt>
      <trkpt lat="51.511843" lon="-0.594154"><ele>31.25</ele></trkpt>
      <trkpt lat="51.511769" lon="-0.594208"><ele>30.75</ele></trkpt>
      <trkpt lat="51.511793" lon="-0.594287"><ele>31</ele></trkpt>
      <trkpt lat="51.51133" lon="-0.594559"><ele>31</ele></trkpt>
      <trkpt lat="51.510902" lon="-0.594776"><ele>32</ele></trkpt>
      <trkpt lat="51.510862" lon="-0.5948"><ele>32</ele></trkpt>
      <trkpt lat="51.510837" lon="-0.594813"><ele>32</ele></trkpt>
      <trkpt lat="51.510762" lon="-0.594913"><ele>32</ele></trkpt>
      <trkpt lat="51.510704" lon="-0.595013"><ele>32</ele></trkpt>
      <trkpt lat="51.510715" lon="-0.595305"><ele>32</ele></trkpt>
      <trkpt lat="51.510712" lon="-0.595382"><ele>32</ele></trkpt>
      <trkpt lat="51.510706" lon="-0.595555"><ele>32</ele></trkpt>
      <trkpt lat="51.510673" lon="-0.595718"><ele>31.25</ele></trkpt>
      <trkpt lat="51.51065" lon="-0.596185"><ele>31</ele></trkpt>
      <trkpt lat="51.510556" lon="-0.597053"><ele>30.75</ele></trkpt>
      <trkpt lat="51.510524" lon="-0.597302"><ele>31</ele></trkpt>
      <trkpt lat="51.510494" lon="-0.597505"><ele>31</ele></trkpt>
      <trkpt lat="51.510485" lon="-0.597619"><ele>31</ele></trkpt>
      <trkpt lat="51.510472" lon="-0.597724"><ele>31</ele></trkpt>
      <trkpt lat="51.510448" lon="-0.59793"><ele>31</ele></trkpt>
      <trkpt lat="51.510446" lon="-0.598365"><ele>31</ele></trkpt>
      <trkpt lat="51.510497" lon="-0.598696"><ele>31</ele></trkpt>
      <trkpt lat="51.510658" lon="-0.599669"><ele>29.75</ele></trkpt>
      <trkpt lat="51.510664" lon="-0.599698"><ele>29.5</ele></trkpt>
      <trkpt lat="51.510746" lon="-0.600124"><ele>29.75</ele></trkpt>
      <trkpt lat="51.510914" lon="-0.600877"><ele>30.75</ele></trkpt>
      <trkpt lat="51.51129" lon="-0.602619"><ele>30.25</ele></trkpt>
      <trkpt lat="51.51134" lon="-0.602964"><ele>30</ele></trkpt>
      <trkpt lat="51.511346" lon="-0.603107"><ele>30</ele></trkpt>
      <trkpt lat="51.511359" lon="-0.603209"><ele>30</ele></trkpt>
      <trkpt lat="51.511446" lon="-0.603942"><ele>30</ele></trkpt>
      <trkpt lat="51.511427" lon="-0.60474"><ele>29.75</ele></trkpt>
      <trkpt lat="51.511476" lon="-0.606044"><ele>28.5</ele></trkpt>
      <trkpt lat="51.511489" lon="-0.606395"><ele>27.5</ele></trkpt>
      <trkpt lat="51.511515" lon="-0.60684"><ele>27</ele></trkpt>
      <trkpt lat="51.511578" lon="-0.607691"><ele>26.75</ele></trkpt>
      <trkpt lat="51.511626" lon="-0.608012"><ele>26</ele></trkpt>
      <trkpt lat="51.51166" lon="-0.608218"><ele>26</ele></trkpt>
      <trkpt lat="51.511683" lon="-0.608334"><ele>26</ele></trkpt>
      <trkpt lat="51.511741" lon="-0.608613"><ele>25.75</ele></trkpt>
      <trkpt lat="51.511952" lon="-0.609401"><ele>24.75</ele></trkpt>
      <trkpt lat="51.511988" lon="-0.609598"><ele>25</ele></trkpt>
      <trkpt lat="51.512048" lon="-0.609831"><ele>25.5</ele></trkpt>
      <trkpt lat="51.512082" lon="-0.609981"><ele>25.75</ele></trkpt>
      <trkpt lat="51.512141" lon="-0.610343"><ele>26</ele></trkpt>
      <trkpt lat="51.512208" lon="-0.610692"><ele>26.75</ele></trkpt>
      <trkpt lat="51.512274" lon="-0.611012"><ele>27</ele></trkpt>
      <trkpt lat="51.512439" lon="-0.611737"><ele>28.75</ele></trkpt>
      <trkpt lat="51.512461" lon="-0.611852"><ele>28.75</ele></trkpt>
      <trkpt lat="51.512524" lon="-0.612087"><ele>29</ele></trkpt>
      <trkpt lat="51.512564" lon="-0.612329"><ele>29</ele></trkpt>
      <trkpt lat="51.512596" lon="-0.612523"><ele>29.25</ele></trkpt>
      <trkpt lat="51.512616" lon="-0.612674"><ele>29.75</ele></trkpt>
      <trkpt lat="51.512639" lon="-0.612831"><ele>30</ele></trkpt>
      <trkpt lat="51.512669" lon="-0.613051"><ele>30</ele></trkpt>
      <trkpt lat="51.512753" lon="-0.613641"><ele>29.75</ele></trkpt>
      <trkpt lat="51.512856" lon="-0.614254"><ele>29.75</ele></trkpt>
      <trkpt lat="51.512965" lon="-0.61487"><ele>30</ele></trkpt>
      <trkpt lat="51.513068" lon="-0.615387"><ele>30</ele></trkpt>
      <trkpt lat="51.513136" lon="-0.615705"><ele>30</ele></trkpt>
      <trkpt lat="51.513203" lon="-0.616075"><ele>30</ele></trkpt>
      <trkpt lat="51.513396" lon="-0.61659"><ele>29.75</ele></trkpt>
      <trkpt lat="51.513871" lon="-0.618107"><ele>30</ele></trkpt>
      <trkpt lat="51.514047" lon="-0.618634"><ele>29.25</ele></trkpt>
      <trkpt lat="51.514331" lon="-0.619517"><ele>30</ele></trkpt>
      <trkpt lat="51.514875" lon="-0.621183"><ele>29.75</ele></trkpt>
      <trkpt lat="51.514934" lon="-0.621375"><ele>29.75</ele></trkpt>
      <trkpt lat="51.514983" lon="-0.62152"><ele>29.75</ele></trkpt>
      <trkpt lat="51.515022" lon="-0.621643"><ele>29.75</ele></trkpt>
      <trkpt lat="51.515472" lon="-0.623041"><ele>29.5</ele></trkpt>
      <trkpt lat="51.51572" lon="-0.623787"><ele>29.5</ele></trkpt>
      <trkpt lat="51.515893" lon="-0.624303"><ele>30</ele></trkpt>
      <trkpt lat="51.516071" lon="-0.624837"><ele>30</ele></trkpt>
      <trkpt lat="51.516783" lon="-0.626603"><ele>30.75</ele></trkpt>
      <trkpt lat="51.517601" lon="-0.628416"><ele>31</ele></trkpt>
      <trkpt lat="51.517678" lon="-0.628591"><ele>31</ele></trkpt>
      <trkpt lat="51.517779" lon="-0.628836"><ele>31</ele></trkpt>
      <trkpt lat="51.518218" lon="-0.629841"><ele>30</ele></trkpt>
      <trkpt lat="51.518266" lon="-0.629953"><ele>30</ele></trkpt>
      <trkpt lat="51.518325" lon="-0.630081"><ele>30</ele></trkpt>
      <trkpt lat="51.518348" lon="-0.630133"><ele>30</ele></trkpt>
      <trkpt lat="51.51838" lon="-0.630205"><ele>30</ele></trkpt>
      <trkpt lat="51.519212" lon="-0.632003"><ele>30</ele></trkpt>
      <trkpt lat="51.519422" lon="-0.63244"><ele>30.75</ele></trkpt>
      <trkpt lat="51.519758" lon="-0.633299"><ele>30</ele></trkpt>
      <trkpt lat="51.51986" lon="-0.633648"><ele>30.25</ele></trkpt>
      <trkpt lat="51.519926" lon="-0.633972"><ele>30.5</ele></trkpt>
      <trkpt lat="51.520078" lon="-0.634761"><ele>29</ele></trkpt>
      <trkpt lat="51.520165" lon="-0.63524"><ele>28.5</ele></trkpt>
      <trkpt lat="51.520303" lon="-0.636052"><ele>27</ele></trkpt>
      <trkpt lat="51.520362" lon="-0.636219"><ele>27</ele></trkpt>
      <trkpt lat="51.520449" lon="-0.636529"><ele>27</ele></trkpt>
      <trkpt lat="51.520514" lon="-0.63682"><ele>27</ele></trkpt>
      <trkpt lat="51.520542" lon="-0.636963"><ele>26.75</ele></trkpt>
      <trkpt lat="51.520567" lon="-0.637168"><ele>27</ele></trkpt>
      <trkpt lat="51.520581" lon="-0.63732"><ele>26.5</ele></trkpt>
      <trkpt lat="51.520594" lon="-0.637507"><ele>26</ele></trkpt>
      <trkpt lat="51.520601" lon="-0.63761"><ele>26</ele></trkpt>
      <trkpt lat="51.52062" lon="-0.637884"><ele>26</ele></trkpt>
      <trkpt lat="51.520643" lon="-0.637937"><ele>26</ele></trkpt>
      <trkpt lat="51.520673" lon="-0.637971"><ele>26</ele></trkpt>
      <trkpt lat="51.520689" lon="-0.637978"><ele>26</ele></trkpt>
      <trkpt lat="51.520721" lon="-0.637991"><ele>26</ele></trkpt>
      <trkpt lat="51.52078" lon="-0.638049"><ele>26</ele></trkpt>
      <trkpt lat="51.520846" lon="-0.638145"><ele>26</ele></trkpt>
      <trkpt lat="51.521052" lon="-0.638477"><ele>26.25</ele></trkpt>
      <trkpt lat="51.521768" lon="-0.639551"><ele>26.5</ele></trkpt>
      <trkpt lat="51.521981" lon="-0.639881"><ele>26.5</ele></trkpt>
      <trkpt lat="51.522243" lon="-0.640442"><ele>26.5</ele></trkpt>
      <trkpt lat="51.522325" lon="-0.640584"><ele>26.75</ele></trkpt>
      <trkpt lat="51.522381" lon="-0.640654"><ele>27</ele></trkpt>
      <trkpt lat="51.522464" lon="-0.640724"><ele>27</ele></trkpt>
      <trkpt lat="51.522508" lon="-0.640757"><ele>26.75</ele></trkpt>
      <trkpt lat="51.5225" lon="-0.640796"><ele>26.25</ele></trkpt>
      <trkpt lat="51.522761" lon="-0.640964"><ele>26.75</ele></trkpt>
      <trkpt lat="51.522821" lon="-0.641056"><ele>27</ele></trkpt>
      <trkpt lat="51.522882" lon="-0.641531"><ele>27.75</ele></trkpt>
      <trkpt lat="51.522873" lon="-0.641728"><ele>28.5</ele></trkpt>
      <trkpt lat="51.523045" lon="-0.643071"><ele>27</ele></trkpt>
      <trkpt lat="51.523258" lon="-0.643983"><ele>28</ele></trkpt>
      <trkpt lat="51.523493" lon="-0.644751"><ele>28.5</ele></trkpt>
      <trkpt lat="51.523591" lon="-0.644944"><ele>28.75</ele></trkpt>
      <trkpt lat="51.52357" lon="-0.645283"><ele>28.75</ele></trkpt>
      <trkpt lat="51.523622" lon="-0.645292"><ele>28.75</ele></trkpt>
      <trkpt lat="51.523598" lon="-0.645544"><ele>28</ele></trkpt>
      <trkpt lat="51.523562" lon="-0.645693"><ele>28.5</ele></trkpt>
      <trkpt lat="51.523578" lon="-0.64628"><ele>29</ele></trkpt>
      <trkpt lat="51.523523" lon="-0.646259"><ele>29.75</ele></trkpt>
      <trkpt lat="51.523578" lon="-0.64628"><ele>29</ele></trkpt>
      <trkpt lat="51.523587" lon="-0.64628"><ele>29</ele></trkpt>
      <trkpt lat="51.523612" lon="-0.645549"><ele>28</ele></trkpt>
      <trkpt lat="51.523873" lon="-0.645641"><ele>30</ele></trkpt>
      <trkpt lat="51.524015" lon="-0.645691"><ele>31</ele></trkpt>
      <trkpt lat="51.524074" lon="-0.645718"><ele>31.5</ele></trkpt>
      <trkpt lat="51.524162" lon="-0.645758"><ele>31.75</ele></trkpt>
      <trkpt lat="51.524516" lon="-0.64595"><ele>32.25</ele></trkpt>
      <trkpt lat="51.524803" lon="-0.646174"><ele>32</ele></trkpt>
      <trkpt lat="51.524969" lon="-0.646324"><ele>32</ele></trkpt>
      <trkpt lat="51.524922" lon="-0.646441"><ele>32</ele></trkpt>
      <trkpt lat="51.524775" lon="-0.647219"><ele>32</ele></trkpt>
      <trkpt lat="51.52469" lon="-0.648038"><ele>31.75</ele></trkpt>
      <trkpt lat="51.524666" lon="-0.6484"><ele>31</ele></trkpt>
      <trkpt lat="51.524674" lon="-0.648829"><ele>31.75</ele></trkpt>
      <trkpt lat="51.524739" lon="-0.649723"><ele>32</ele></trkpt>
      <trkpt lat="51.524842" lon="-0.650492"><ele>33</ele></trkpt>
      <trkpt lat="51.524855" lon="-0.650656"><ele>33</ele></trkpt>
      <trkpt lat="51.524852" lon="-0.650903"><ele>33</ele></trkpt>
      <trkpt lat="51.524856" lon="-0.65108"><ele>33</ele></trkpt>
      <trkpt lat="51.52484" lon="-0.652182"><ele>32</ele></trkpt>
      <trkpt lat="51.524842" lon="-0.653531"><ele>32.25</ele></trkpt>
      <trkpt lat="51.524844" lon="-0.654729"><ele>32.25</ele></trkpt>
      <trkpt lat="51.524358" lon="-0.654767"><ele>32</ele></trkpt>
      <trkpt lat="51.524369" lon="-0.654961"><ele>32</ele></trkpt>
      <trkpt lat="51.524423" lon="-0.65498"><ele>32</ele></trkpt>
      <trkpt lat="51.52444" lon="-0.655265"><ele>32</ele></trkpt>
      <trkpt lat="51.524462" lon="-0.655293"><ele>32</ele></trkpt>
      <trkpt lat="51.524471" lon="-0.655602"><ele>32</ele></trkpt>
      <trkpt lat="51.52448" lon="-0.655845"><ele>31.75</ele></trkpt>
      <trkpt lat="51.524555" lon="-0.65596"><ele>31.5</ele></trkpt>
      <trkpt lat="51.524477" lon="-0.656251"><ele>31</ele></trkpt>
      <trkpt lat="51.524521" lon="-0.657719"><ele>30</ele></trkpt>
      <trkpt lat="51.524598" lon="-0.658089"><ele>30</ele></trkpt>
      <trkpt lat="51.524806" lon="-0.658444"><ele>31</ele></trkpt>
      <trkpt lat="51.52493" lon="-0.658629"><ele>31</ele></trkpt>
      <trkpt lat="51.5251" lon="-0.658793"><ele>31.25</ele></trkpt>
      <trkpt lat="51.525259" lon="-0.658857"><ele>31.75</ele></trkpt>
      <trkpt lat="51.525785" lon="-0.658836"><ele>32.75</ele></trkpt>
      <trkpt lat="51.525828" lon="-0.658838"><ele>32.75</ele></trkpt>
      <trkpt lat="51.525837" lon="-0.658946"><ele>33</ele></trkpt>
      <trkpt lat="51.526099" lon="-0.659174"><ele>33</ele></trkpt>
      <trkpt lat="51.526098" lon="-0.659394"><ele>33</ele></trkpt>
      <trkpt lat="51.526097" lon="-0.660084"><ele>32.75</ele></trkpt>
      <trkpt lat="51.525899" lon="-0.661859"><ele>32.25</ele></trkpt>
      <trkpt lat="51.525777" lon="-0.663173"><ele>32</ele></trkpt>
      <trkpt lat="51.52644" lon="-0.663462"><ele>34</ele></trkpt>
      <trkpt lat="51.526878" lon="-0.663646"><ele>36.25</ele></trkpt>
      <trkpt lat="51.526978" lon="-0.66365"><ele>36.25</ele></trkpt>
      <trkpt lat="51.526992" lon="-0.663983"><ele>36</ele></trkpt>
      <trkpt lat="51.527002" lon="-0.664177"><ele>36.75</ele></trkpt>
      <trkpt lat="51.527009" lon="-0.664376"><ele>36.75</ele></trkpt>
      <trkpt lat="51.526997" lon="-0.664916"><ele>36.75</ele></trkpt>
      <trkpt lat="51.526984" lon="-0.66511"><ele>37</ele></trkpt>
      <trkpt lat="51.52691" lon="-0.665974"><ele>35.75</ele></trkpt>
      <trkpt lat="51.52687" lon="-0.666252"><ele>35</ele></trkpt>
      <trkpt lat="51.526842" lon="-0.666379"><ele>35</ele></trkpt>
      <trkpt lat="51.526757" lon="-0.666696"><ele>34</ele></trkpt>
      <trkpt lat="51.526654" lon="-0.666761"><ele>33.5</ele></trkpt>
      <trkpt lat="51.526659" lon="-0.66689"><ele>33</ele></trkpt>
      <trkpt lat="51.526651" lon="-0.667061"><ele>32.75</ele></trkpt>
      <trkpt lat="51.52663" lon="-0.667791"><ele>32</ele></trkpt>
      <trkpt lat="51.526625" lon="-0.667968"><ele>32</ele></trkpt>
      <trkpt lat="51.526612" lon="-0.668396"><ele>32</ele></trkpt>
      <trkpt lat="51.52658" lon="-0.669316"><ele>31.5</ele></trkpt>
      <trkpt lat="51.526566" lon="-0.669408"><ele>31.5</ele></trkpt>
      <trkpt lat="51.526514" lon="-0.669755"><ele>30.75</ele></trkpt>
      <trkpt lat="51.52641" lon="-0.670448"><ele>29.25</ele></trkpt>
      <trkpt lat="51.526322" lon="-0.670989"><ele>28.75</ele></trkpt>
      <trkpt lat="51.52624" lon="-0.6715"><ele>29</ele></trkpt>
      <trkpt lat="51.526218" lon="-0.671641"><ele>29</ele></trkpt>
      <trkpt lat="51.526147" lon="-0.672301"><ele>29.75</ele></trkpt>
      <trkpt lat="51.526022" lon="-0.674137"><ele>31</ele></trkpt>
      <trkpt lat="51.526006" lon="-0.674261"><ele>31.25</ele></trkpt>
      <trkpt lat="51.525639" lon="-0.674414"><ele>31.25</ele></trkpt>
      <trkpt lat="51.525354" lon="-0.674532"><ele>31.75</ele></trkpt>
      <trkpt lat="51.525395" lon="-0.674651"><ele>31.75</ele></trkpt>
      <trkpt lat="51.525318" lon="-0.674797"><ele>31.25</ele></trkpt>
      <trkpt lat="51.525179" lon="-0.675041"><ele>28.25</ele></trkpt>
      <trkpt lat="51.524604" lon="-0.676678"><ele>27</ele></trkpt>
      <trkpt lat="51.52422" lon="-0.676766"><ele>26.75</ele></trkpt>
      <trkpt lat="51.524216" lon="-0.676974"><ele>27</ele></trkpt>
      <trkpt lat="51.524212" lon="-0.677216"><ele>27</ele></trkpt>
      <trkpt lat="51.524197" lon="-0.678144"><ele>27.25</ele></trkpt>
      <trkpt lat="51.524184" lon="-0.678799"><ele>28</ele></trkpt>
      <trkpt lat="51.524184" lon="-0.678841"><ele>28</ele></trkpt>
      <trkpt lat="51.524159" lon="-0.679843"><ele>29.25</ele></trkpt>
      <trkpt lat="51.524152" lon="-0.67991"><ele>29.5</ele></trkpt>
      <trkpt lat="51.524135" lon="-0.67997"><ele>29.5</ele></trkpt>
      <trkpt lat="51.524065" lon="-0.680075"><ele>29</ele></trkpt>
      <trkpt lat="51.524022" lon="-0.680125"><ele>28.75</ele></trkpt>
      <trkpt lat="51.523977" lon="-0.680192"><ele>28.75</ele></trkpt>
      <trkpt lat="51.523941" lon="-0.680265"><ele>28.75</ele></trkpt>
      <trkpt lat="51.523763" lon="-0.680671"><ele>30.25</ele></trkpt>
      <trkpt lat="51.523731" lon="-0.680772"><ele>30.5</ele></trkpt>
      <trkpt lat="51.523708" lon="-0.68087"><ele>31</ele></trkpt>
      <trkpt lat="51.523696" lon="-0.680958"><ele>31.25</ele></trkpt>
      <trkpt lat="51.523645" lon="-0.681479"><ele>32.25</ele></trkpt>
      <trkpt lat="51.523593" lon="-0.681464"><ele>33</ele></trkpt>
      <trkpt lat="51.52356" lon="-0.681456"><ele>33</ele></trkpt>
      <trkpt lat="51.523553" lon="-0.681455"><ele>33</ele></trkpt>
      <trkpt lat="51.52356" lon="-0.681456"><ele>33</ele></trkpt>
      <trkpt lat="51.523593" lon="-0.681464"><ele>33</ele></trkpt>
      <trkpt lat="51.523645" lon="-0.681479"><ele>32.25</ele></trkpt>
      <trkpt lat="51.523609" lon="-0.68182"><ele>33</ele></trkpt>
      <trkpt lat="51.523478" lon="-0.68287"><ele>29.5</ele></trkpt>
      <trkpt lat="51.523101" lon="-0.68557"><ele>27.75</ele></trkpt>
      <trkpt lat="51.522994" lon="-0.6867"><ele>25.75</ele></trkpt>
      <trkpt lat="51.522859" lon="-0.688105"><ele>25.5</ele></trkpt>
      <trkpt lat="51.522697" lon="-0.689577"><ele>24.75</ele></trkpt>
      <trkpt lat="51.522636" lon="-0.689798"><ele>26</ele></trkpt>
      <trkpt lat="51.522599" lon="-0.689967"><ele>27</ele></trkpt>
      <trkpt lat="51.52276" lon="-0.690772"><ele>24</ele></trkpt>
      <trkpt lat="51.522867" lon="-0.691348"><ele>24</ele></trkpt>
      <trkpt lat="51.522984" lon="-0.691959"><ele>24</ele></trkpt>
      <trkpt lat="51.523065" lon="-0.692378"><ele>24</ele></trkpt>
      <trkpt lat="51.523095" lon="-0.69264"><ele>24</ele></trkpt>
      <trkpt lat="51.523118" lon="-0.692902"><ele>24</ele></trkpt>
      <trkpt lat="51.52312" lon="-0.69294"><ele>24</ele></trkpt>
      <trkpt lat="51.523123" lon="-0.692977"><ele>24</ele></trkpt>
      <trkpt lat="51.523195" lon="-0.693973"><ele>22.5</ele></trkpt>
      <trkpt lat="51.523235" lon="-0.694462"><ele>22.5</ele></trkpt>
      <trkpt lat="51.523241" lon="-0.694519"><ele>23</ele></trkpt>
      <trkpt lat="51.523318" lon="-0.695118"><ele>24</ele></trkpt>
      <trkpt lat="51.523393" lon="-0.695534"><ele>23</ele></trkpt>
      <trkpt lat="51.523454" lon="-0.695778"><ele>23</ele></trkpt>
      <trkpt lat="51.523525" lon="-0.696112"><ele>23.5</ele></trkpt>
      <trkpt lat="51.523672" lon="-0.696768"><ele>23.25</ele></trkpt>
      <trkpt lat="51.523748" lon="-0.697185"><ele>23</ele></trkpt>
      <trkpt lat="51.523781" lon="-0.697438"><ele>23</ele></trkpt>
      <trkpt lat="51.523848" lon="-0.697953"><ele>23</ele></trkpt>
      <trkpt lat="51.523872" lon="-0.698137"><ele>23</ele></trkpt>
      <trkpt lat="51.523909" lon="-0.698431"><ele>23.25</ele></trkpt>
      <trkpt lat="51.523931" lon="-0.698615"><ele>24</ele></trkpt>
      <trkpt lat="51.523963" lon="-0.698796"><ele>24</ele></trkpt>
      <trkpt lat="51.524013" lon="-0.699068"><ele>23.5</ele></trkpt>
      <trkpt lat="51.52401" lon="-0.699172"><ele>23.25</ele></trkpt>
      <trkpt lat="51.524007" lon="-0.699254"><ele>23.25</ele></trkpt>
      <trkpt lat="51.524005" lon="-0.699406"><ele>23.25</ele></trkpt>
      <trkpt lat="51.52399" lon="-0.699633"><ele>23.75</ele></trkpt>
      <trkpt lat="51.523988" lon="-0.699834"><ele>24</ele></trkpt>
      <trkpt lat="51.523993" lon="-0.699961"><ele>24</ele></trkpt>
      <trkpt lat="51.524001" lon="-0.700142"><ele>24</ele></trkpt>
      <trkpt lat="51.523999" lon="-0.700217"><ele>24</ele></trkpt>
      <trkpt lat="51.523976" lon="-0.700781"><ele>24.75</ele></trkpt>
      <trkpt lat="51.523968" lon="-0.700934"><ele>24.5</ele></trkpt>
      <trkpt lat="51.523963" lon="-0.701049"><ele>24</ele></trkpt>
      <trkpt lat="51.523958" lon="-0.70116"><ele>24</ele></trkpt>
      <trkpt lat="51.523935" lon="-0.702001"><ele>24.25</ele></trkpt>
      <trkpt lat="51.52392" lon="-0.702911"><ele>24.5</ele></trkpt>
      <trkpt lat="51.523921" lon="-0.703001"><ele>24.5</ele></trkpt>
      <trkpt lat="51.523924" lon="-0.703238"><ele>24.75</ele></trkpt>
      <trkpt lat="51.52391" lon="-0.703327"><ele>24.75</ele></trkpt>
      <trkpt lat="51.5239" lon="-0.703455"><ele>24.75</ele></trkpt>
      <trkpt lat="51.523894" lon="-0.703531"><ele>24.75</ele></trkpt>
      <trkpt lat="51.523885" lon="-0.703628"><ele>24.75</ele></trkpt>
      <trkpt lat="51.523867" lon="-0.703658"><ele>24.75</ele></trkpt>
      <trkpt lat="51.523854" lon="-0.703728"><ele>24.5</ele></trkpt>
      <trkpt lat="51.523858" lon="-0.703765"><ele>24.25</ele></trkpt>
      <trkpt lat="51.523869" lon="-0.703798"><ele>24.25</ele></trkpt>
      <trkpt lat="51.523849" lon="-0.703984"><ele>24</ele></trkpt>
      <trkpt lat="51.523848" lon="-0.704766"><ele>24</ele></trkpt>
      <trkpt lat="51.523841" lon="-0.705125"><ele>24</ele></trkpt>
      <trkpt lat="51.523863" lon="-0.705372"><ele>24</ele></trkpt>
      <trkpt lat="51.523862" lon="-0.705479"><ele>24</ele></trkpt>
      <trkpt lat="51.52386" lon="-0.705638"><ele>24</ele></trkpt>
      <trkpt lat="51.523858" lon="-0.70569"><ele>24</ele></trkpt>
      <trkpt lat="51.523854" lon="-0.705797"><ele>24</ele></trkpt>
      <trkpt lat="51.523828" lon="-0.707144"><ele>24</ele></trkpt>
      <trkpt lat="51.523802" lon="-0.708169"><ele>24</ele></trkpt>
      <trkpt lat="51.523797" lon="-0.708455"><ele>24</ele></trkpt>
      <trkpt lat="51.523794" lon="-0.70873"><ele>24</ele></trkpt>
      <trkpt lat="51.523793" lon="-0.708805"><ele>24</ele></trkpt>
      <trkpt lat="51.523795" lon="-0.708948"><ele>24</ele></trkpt>
      <trkpt lat="51.523798" lon="-0.709217"><ele>24</ele></trkpt>
      <trkpt lat="51.523787" lon="-0.709815"><ele>24</ele></trkpt>
      <trkpt lat="51.523771" lon="-0.710604"><ele>24</ele></trkpt>
      <trkpt lat="51.523739" lon="-0.711"><ele>24</ele></trkpt>
      <trkpt lat="51.52373" lon="-0.71121"><ele>24</ele></trkpt>
      <trkpt lat="51.523696" lon="-0.711367"><ele>24</ele></trkpt>
      <trkpt lat="51.523677" lon="-0.71155"><ele>24</ele></trkpt>
      <trkpt lat="51.523673" lon="-0.711735"><ele>24</ele></trkpt>
      <trkpt lat="51.523626" lon="-0.711877"><ele>24</ele></trkpt>
      <trkpt lat="51.523627" lon="-0.711948"><ele>24</ele></trkpt>
      <trkpt lat="51.523611" lon="-0.71198"><ele>24</ele></trkpt>
      <trkpt lat="51.523609" lon="-0.712084"><ele>24</ele></trkpt>
      <trkpt lat="51.523575" lon="-0.712447"><ele>24</ele></trkpt>
      <trkpt lat="51.523556" lon="-0.712694"><ele>24</ele></trkpt>
      <trkpt lat="51.523505" lon="-0.713106"><ele>23.75</ele></trkpt>
      <trkpt lat="51.523494" lon="-0.713242"><ele>23.5</ele></trkpt>
      <trkpt lat="51.523484" lon="-0.713424"><ele>23.5</ele></trkpt>
      <trkpt lat="51.523487" lon="-0.713577"><ele>23.75</ele></trkpt>
      <trkpt lat="51.523485" lon="-0.713604"><ele>23.75</ele></trkpt>
      <trkpt lat="51.523471" lon="-0.713796"><ele>24</ele></trkpt>
      <trkpt lat="51.523457" lon="-0.713955"><ele>24</ele></trkpt>
      <trkpt lat="51.523369" lon="-0.714932"><ele>24</ele></trkpt>
      <trkpt lat="51.523368" lon="-0.714941"><ele>24</ele></trkpt>
      <trkpt lat="51.523366" lon="-0.714974"><ele>23.75</ele></trkpt>
      <trkpt lat="51.523353" lon="-0.715226"><ele>24</ele></trkpt>
      <trkpt lat="51.523337" lon="-0.715527"><ele>24</ele></trkpt>
      <trkpt lat="51.523335" lon="-0.715554"><ele>24</ele></trkpt>
      <trkpt lat="51.523334" lon="-0.715573"><ele>24</ele></trkpt>
      <trkpt lat="51.523332" lon="-0.71561"><ele>24</ele></trkpt>
      <trkpt lat="51.523324" lon="-0.715702"><ele>24</ele></trkpt>
      <trkpt lat="51.523288" lon="-0.716194"><ele>24</ele></trkpt>
      <trkpt lat="51.523261" lon="-0.716337"><ele>24</ele></trkpt>
      <trkpt lat="51.523249" lon="-0.716404"><ele>24</ele></trkpt>
      <trkpt lat="51.523152" lon="-0.716844"><ele>23.75</ele></trkpt>
      <trkpt lat="51.523073" lon="-0.716812"><ele>23.75</ele></trkpt>
      <trkpt lat="51.523065" lon="-0.716808"><ele>23.75</ele></trkpt>
      <trkpt lat="51.523057" lon="-0.716805"><ele>23.75</ele></trkpt>
      <trkpt lat="51.522861" lon="-0.716951"><ele>23.75</ele></trkpt>
      <trkpt lat="51.52275" lon="-0.71713"><ele>23.25</ele></trkpt>
      <trkpt lat="51.522719" lon="-0.717151"><ele>23.25</ele></trkpt>
      <trkpt lat="51.522325" lon="-0.717317"><ele>23.25</ele></trkpt>
      <trkpt lat="51.522282" lon="-0.717306"><ele>23</ele></trkpt>
      <trkpt lat="51.521144" lon="-0.71706"><ele>23.5</ele></trkpt>
      <trkpt lat="51.521124" lon="-0.717173"><ele>23</ele></trkpt>
      <trkpt lat="51.521112" lon="-0.717237"><ele>23</ele></trkpt>
      <trkpt lat="51.521043" lon="-0.717623"><ele>25.75</ele></trkpt>
      <trkpt lat="51.521003" lon="-0.717809"><ele>26.75</ele></trkpt>
      <trkpt lat="51.52089" lon="-0.718254"><ele>27.75</ele></trkpt>
      <trkpt lat="51.520836" lon="-0.718512"><ele>28</ele></trkpt>
      <trkpt lat="51.520714" lon="-0.719073"><ele>28</ele></trkpt>
      <trkpt lat="51.520584" lon="-0.719654"><ele>28</ele></trkpt>
      <trkpt lat="51.520496" lon="-0.720152"><ele>27.75</ele></trkpt>
      <trkpt lat="51.520461" lon="-0.720328"><ele>27.5</ele></trkpt>
      <trkpt lat="51.520362" lon="-0.720747"><ele>27</ele></trkpt>
      <trkpt lat="51.520197" lon="-0.720978"><ele>27</ele></trkpt>
      <trkpt lat="51.520072" lon="-0.721206"><ele>27</ele></trkpt>
      <trkpt lat="51.519879" lon="-0.721689"><ele>27.25</ele></trkpt>
      <trkpt lat="51.519839" lon="-0.72176"><ele>27.5</ele></trkpt>
      <trkpt lat="51.519788" lon="-0.721775"><ele>27.75</ele></trkpt>
      <trkpt lat="51.519716" lon="-0.721761"><ele>27.75</ele></trkpt>
      <trkpt lat="51.519723" lon="-0.721822"><ele>27.75</ele></trkpt>
      <trkpt lat="51.51964" lon="-0.721797"><ele>27.75</ele></trkpt>
      <trkpt lat="51.519574" lon="-0.721776"><ele>27.5</ele></trkpt>
      <trkpt lat="51.51955" lon="-0.721803"><ele>27.5</ele></trkpt>
      <trkpt lat="51.519533" lon="-0.721824"><ele>27.5</ele></trkpt>
      <trkpt lat="51.519476" lon="-0.721884"><ele>27.75</ele></trkpt>
      <trkpt lat="51.519446" lon="-0.721803"><ele>27.25</ele></trkpt>
      <trkpt lat="51.51937" lon="-0.721858"><ele>27.5</ele></trkpt>
      <trkpt lat="51.519338" lon="-0.72189"><ele>27.25</ele></trkpt>
      <trkpt lat="51.519315" lon="-0.721856"><ele>27.25</ele></trkpt>
      <trkpt lat="51.519261" lon="-0.721835"><ele>27</ele></trkpt>
      <trkpt lat="51.519184" lon="-0.721844"><ele>27</ele></trkpt>
      <trkpt lat="51.519081" lon="-0.722073"><ele>27.75</ele></trkpt>
      <trkpt lat="51.518954" lon="-0.722282"><ele>28.75</ele></trkpt>
      <trkpt lat="51.518884" lon="-0.722344"><ele>29</ele></trkpt>
      <trkpt lat="51.518826" lon="-0.722517"><ele>29.75</ele></trkpt>
      <trkpt lat="51.518765" lon="-0.722588"><ele>30.5</ele></trkpt>
      <trkpt lat="51.518745" lon="-0.722631"><ele>30.75</ele></trkpt>
      <trkpt lat="51.518692" lon="-0.722705"><ele>32.25</ele></trkpt>
      <trkpt lat="51.518745" lon="-0.722631"><ele>30.75</ele></trkpt>
      <trkpt lat="51.518765" lon="-0.722588"><ele>30.5</ele></trkpt>
      <trkpt lat="51.518826" lon="-0.722517"><ele>29.75</ele></trkpt>
      <trkpt lat="51.518571" lon="-0.723812"><ele>28.75</ele></trkpt>
      <trkpt lat="51.519154" lon="-0.724075"><ele>28.25</ele></trkpt>
      <trkpt lat="51.519141" lon="-0.724154"><ele>28</ele></trkpt>
      <trkpt lat="51.51904" lon="-0.724706"><ele>28</ele></trkpt>
      <trkpt lat="51.518958" lon="-0.725215"><ele>29</ele></trkpt>
      <trkpt lat="51.518939" lon="-0.725335"><ele>29.5</ele></trkpt>
      <trkpt lat="51.518897" lon="-0.725698"><ele>30</ele></trkpt>
      <trkpt lat="51.5189" lon="-0.725806"><ele>30</ele></trkpt>
      <trkpt lat="51.518935" lon="-0.726105"><ele>31</ele></trkpt>
      <trkpt lat="51.518963" lon="-0.726227"><ele>31.25</ele></trkpt>
      <trkpt lat="51.519041" lon="-0.726484"><ele>31</ele></trkpt>
      <trkpt lat="51.519143" lon="-0.726714"><ele>30.75</ele></trkpt>
      <trkpt lat="51.51932" lon="-0.727009"><ele>32.25</ele></trkpt>
      <trkpt lat="51.51966" lon="-0.727479"><ele>34.5</ele></trkpt>
      <trkpt lat="51.519932" lon="-0.727786"><ele>36.5</ele></trkpt>
      <trkpt lat="51.520017" lon="-0.727869"><ele>37.25</ele></trkpt>
      <trkpt lat="51.520324" lon="-0.72813"><ele>39.5</ele></trkpt>
      <trkpt lat="51.520471" lon="-0.7283"><ele>40.5</ele></trkpt>
      <trkpt lat="51.520581" lon="-0.728457"><ele>41</ele></trkpt>
      <trkpt lat="51.520631" lon="-0.7286"><ele>41.25</ele></trkpt>
      <trkpt lat="51.520644" lon="-0.728706"><ele>40.5</ele></trkpt>
      <trkpt lat="51.520638" lon="-0.728886"><ele>39</ele></trkpt>
      <trkpt lat="51.520625" lon="-0.729128"><ele>38.5</ele></trkpt>
      <trkpt lat="51.520593" lon="-0.729369"><ele>41</ele></trkpt>
      <trkpt lat="51.520576" lon="-0.729702"><ele>43</ele></trkpt>
      <trkpt lat="51.520587" lon="-0.729822"><ele>43.25</ele></trkpt>
      <trkpt lat="51.520647" lon="-0.730022"><ele>44</ele></trkpt>
      <trkpt lat="51.520732" lon="-0.730178"><ele>45.25</ele></trkpt>
      <trkpt lat="51.520867" lon="-0.730377"><ele>46.5</ele></trkpt>
      <trkpt lat="51.520966" lon="-0.730485"><ele>47.25</ele></trkpt>
      <trkpt lat="51.521065" lon="-0.730594"><ele>47.75</ele></trkpt>
      <trkpt lat="51.521184" lon="-0.730724"><ele>48.75</ele></trkpt>
      <trkpt lat="51.521342" lon="-0.730882"><ele>49.75</ele></trkpt>
      <trkpt lat="51.521375" lon="-0.73091"><ele>49.75</ele></trkpt>
      <trkpt lat="51.521567" lon="-0.731065"><ele>49.75</ele></trkpt>
      <trkpt lat="51.521756" lon="-0.731222"><ele>49.75</ele></trkpt>
      <trkpt lat="51.522291" lon="-0.731666"><ele>49.75</ele></trkpt>
      <trkpt lat="51.522331" lon="-0.731687"><ele>49.5</ele></trkpt>
      <trkpt lat="51.522397" lon="-0.731859"><ele>50</ele></trkpt>
      <trkpt lat="51.522423" lon="-0.731967"><ele>50.25</ele></trkpt>
      <trkpt lat="51.522432" lon="-0.73219"><ele>50</ele></trkpt>
      <trkpt lat="51.522482" lon="-0.732208"><ele>50</ele></trkpt>
      <trkpt lat="51.522317" lon="-0.733132"><ele>51</ele></trkpt>
      <trkpt lat="51.5223" lon="-0.733302"><ele>51</ele></trkpt>
      <trkpt lat="51.522243" lon="-0.733457"><ele>51</ele></trkpt>
      <trkpt lat="51.522115" lon="-0.734123"><ele>50.75</ele></trkpt>
      <trkpt lat="51.522094" lon="-0.73425"><ele>51</ele></trkpt>
      <trkpt lat="51.522085" lon="-0.734298"><ele>51</ele></trkpt>
      <trkpt lat="51.52201" lon="-0.734703"><ele>50.25</ele></trkpt>
      <trkpt lat="51.52199" lon="-0.734813"><ele>50</ele></trkpt>
      <trkpt lat="51.521774" lon="-0.735979"><ele>50</ele></trkpt>
      <trkpt lat="51.521769" lon="-0.736002"><ele>50</ele></trkpt>
      <trkpt lat="51.521693" lon="-0.736372"><ele>50</ele></trkpt>
      <trkpt lat="51.521426" lon="-0.737663"><ele>49.75</ele></trkpt>
      <trkpt lat="51.521278" lon="-0.738349"><ele>49</ele></trkpt>
      <trkpt lat="51.521166" lon="-0.738844"><ele>49.75</ele></trkpt>
      <trkpt lat="51.520982" lon="-0.739586"><ele>50</ele></trkpt>
      <trkpt lat="51.520708" lon="-0.740531"><ele>51.75</ele></trkpt>
      <trkpt lat="51.520681" lon="-0.740634"><ele>52</ele></trkpt>
      <trkpt lat="51.520555" lon="-0.741106"><ele>52</ele></trkpt>
      <trkpt lat="51.520466" lon="-0.741437"><ele>52</ele></trkpt>
      <trkpt lat="51.520425" lon="-0.741592"><ele>52</ele></trkpt>
      <trkpt lat="51.520291" lon="-0.742204"><ele>52</ele></trkpt>
      <trkpt lat="51.520183" lon="-0.742753"><ele>51</ele></trkpt>
      <trkpt lat="51.520161" lon="-0.742872"><ele>51</ele></trkpt>
      <trkpt lat="51.520095" lon="-0.743225"><ele>51</ele></trkpt>
      <trkpt lat="51.520015" lon="-0.743656"><ele>49.75</ele></trkpt>
      <trkpt lat="51.519946" lon="-0.744086"><ele>49.25</ele></trkpt>
      <trkpt lat="51.519921" lon="-0.744272"><ele>49.25</ele></trkpt>
      <trkpt lat="51.519862" lon="-0.744472"><ele>48.75</ele></trkpt>
      <trkpt lat="51.519746" lon="-0.744863"><ele>46.5</ele></trkpt>
      <trkpt lat="51.51935" lon="-0.74591"><ele>42</ele></trkpt>
      <trkpt lat="51.519369" lon="-0.746064"><ele>41.75</ele></trkpt>
      <trkpt lat="51.519278" lon="-0.746382"><ele>41</ele></trkpt>
      <trkpt lat="51.519269" lon="-0.746416"><ele>40.75</ele></trkpt>
      <trkpt lat="51.519111" lon="-0.746967"><ele>39</ele></trkpt>
      <trkpt lat="51.519019" lon="-0.748075"><ele>40</ele></trkpt>
      <trkpt lat="51.51888" lon="-0.749272"><ele>40</ele></trkpt>
      <trkpt lat="51.51889" lon="-0.750074"><ele>40</ele></trkpt>
      <trkpt lat="51.518842" lon="-0.750088"><ele>40.25</ele></trkpt>
      <trkpt lat="51.51885" lon="-0.750159"><ele>40.25</ele></trkpt>
      <trkpt lat="51.518888" lon="-0.75043"><ele>40</ele></trkpt>
      <trkpt lat="51.519073" lon="-0.751932"><ele>41</ele></trkpt>
      <trkpt lat="51.519183" lon="-0.752732"><ele>41</ele></trkpt>
      <trkpt lat="51.519232" lon="-0.753444"><ele>42</ele></trkpt>
      <trkpt lat="51.519231" lon="-0.753865"><ele>42</ele></trkpt>
      <trkpt lat="51.51921" lon="-0.754329"><ele>43</ele></trkpt>
      <trkpt lat="51.5192" lon="-0.75477"><ele>43</ele></trkpt>
      <trkpt lat="51.51921" lon="-0.7552"><ele>43.75</ele></trkpt>
      <trkpt lat="51.519215" lon="-0.755439"><ele>44</ele></trkpt>
      <trkpt lat="51.51928" lon="-0.756573"><ele>45</ele></trkpt>
      <trkpt lat="51.519273" lon="-0.757475"><ele>46</ele></trkpt>
      <trkpt lat="51.51927" lon="-0.758412"><ele>47</ele></trkpt>
      <trkpt lat="51.519289" lon="-0.759109"><ele>47.75</ele></trkpt>
      <trkpt lat="51.519296" lon="-0.759842"><ele>48.25</ele></trkpt>
      <trkpt lat="51.519301" lon="-0.760252"><ele>48.75</ele></trkpt>
      <trkpt lat="51.519307" lon="-0.760763"><ele>49</ele></trkpt>
      <trkpt lat="51.519289" lon="-0.761668"><ele>50</ele></trkpt>
      <trkpt lat="51.519198" lon="-0.761957"><ele>50</ele></trkpt>
      <trkpt lat="51.519129" lon="-0.762111"><ele>49.75</ele></trkpt>
      <trkpt lat="51.519109" lon="-0.762131"><ele>50</ele></trkpt>
      <trkpt lat="51.51909" lon="-0.762156"><ele>50</ele></trkpt>
      <trkpt lat="51.519063" lon="-0.762221"><ele>50</ele></trkpt>
      <trkpt lat="51.519055" lon="-0.762258"><ele>50</ele></trkpt>
      <trkpt lat="51.519051" lon="-0.762335"><ele>50</ele></trkpt>
      <trkpt lat="51.519065" lon="-0.762414"><ele>50</ele></trkpt>
      <trkpt lat="51.519074" lon="-0.762546"><ele>50</ele></trkpt>
      <trkpt lat="51.51907" lon="-0.762688"><ele>50</ele></trkpt>
      <trkpt lat="51.519051" lon="-0.762811"><ele>50</ele></trkpt>
      <trkpt lat="51.518959" lon="-0.763262"><ele>50.75</ele></trkpt>
      <trkpt lat="51.518923" lon="-0.763389"><ele>50.75</ele></trkpt>
      <trkpt lat="51.518871" lon="-0.763506"><ele>50.75</ele></trkpt>
      <trkpt lat="51.518787" lon="-0.76362"><ele>50.75</ele></trkpt>
      <trkpt lat="51.518722" lon="-0.76369"><ele>50.75</ele></trkpt>
      <trkpt lat="51.518668" lon="-0.763725"><ele>50.75</ele></trkpt>
      <trkpt lat="51.518602" lon="-0.76384"><ele>50.75</ele></trkpt>
      <trkpt lat="51.518517" lon="-0.764051"><ele>49.75</ele></trkpt>
      <trkpt lat="51.518456" lon="-0.764245"><ele>48.75</ele></trkpt>
      <trkpt lat="51.518412" lon="-0.764425"><ele>48.25</ele></trkpt>
      <trkpt lat="51.518399" lon="-0.764509"><ele>48.25</ele></trkpt>
      <trkpt lat="51.518386" lon="-0.76469"><ele>49.75</ele></trkpt>
      <trkpt lat="51.518388" lon="-0.764824"><ele>50.25</ele></trkpt>
      <trkpt lat="51.518404" lon="-0.764968"><ele>50.5</ele></trkpt>
      <trkpt lat="51.518434" lon="-0.765222"><ele>50.25</ele></trkpt>
      <trkpt lat="51.518441" lon="-0.765353"><ele>50.25</ele></trkpt>
      <trkpt lat="51.518434" lon="-0.765528"><ele>50.25</ele></trkpt>
      <trkpt lat="51.518423" lon="-0.765611"><ele>50.25</ele></trkpt>
      <trkpt lat="51.518303" lon="-0.766265"><ele>50.75</ele></trkpt>
      <trkpt lat="51.518277" lon="-0.766425"><ele>50.75</ele></trkpt>
      <trkpt lat="51.518256" lon="-0.766686"><ele>50.5</ele></trkpt>
      <trkpt lat="51.517883" lon="-0.76848"><ele>51</ele></trkpt>
      <trkpt lat="51.516851" lon="-0.773365"><ele>49.75</ele></trkpt>
      <trkpt lat="51.516705" lon="-0.774047"><ele>49.25</ele></trkpt>
      <trkpt lat="51.516661" lon="-0.774251"><ele>48.75</ele></trkpt>
      <trkpt lat="51.516591" lon="-0.774582"><ele>48.5</ele></trkpt>
      <trkpt lat="51.516342" lon="-0.775749"><ele>47</ele></trkpt>
      <trkpt lat="51.516305" lon="-0.775941"><ele>46.5</ele></trkpt>
      <trkpt lat="51.516269" lon="-0.776136"><ele>46.5</ele></trkpt>
      <trkpt lat="51.51625" lon="-0.776237"><ele>46.5</ele></trkpt>
      <trkpt lat="51.516212" lon="-0.776448"><ele>46.25</ele></trkpt>
      <trkpt lat="51.516108" lon="-0.777101"><ele>45.75</ele></trkpt>
      <trkpt lat="51.516078" lon="-0.777304"><ele>45.75</ele></trkpt>
      <trkpt lat="51.515812" lon="-0.77918"><ele>47</ele></trkpt>
      <trkpt lat="51.51578" lon="-0.779455"><ele>47</ele></trkpt>
      <trkpt lat="51.515734" lon="-0.779828"><ele>47</ele></trkpt>
      <trkpt lat="51.515682" lon="-0.780297"><ele>48.5</ele></trkpt>
      <trkpt lat="51.515607" lon="-0.780884"><ele>48.75</ele></trkpt>
      <trkpt lat="51.515519" lon="-0.781404"><ele>50</ele></trkpt>
      <trkpt lat="51.51549" lon="-0.781802"><ele>50.5</ele></trkpt>
      <trkpt lat="51.515464" lon="-0.781953"><ele>51</ele></trkpt>
      <trkpt lat="51.515465" lon="-0.782034"><ele>51</ele></trkpt>
      <trkpt lat="51.515446" lon="-0.782131"><ele>51</ele></trkpt>
      <trkpt lat="51.515406" lon="-0.782211"><ele>51</ele></trkpt>
      <trkpt lat="51.515389" lon="-0.78237"><ele>51</ele></trkpt>
      <trkpt lat="51.515384" lon="-0.782489"><ele>51.25</ele></trkpt>
      <trkpt lat="51.515385" lon="-0.782711"><ele>51.75</ele></trkpt>
      <trkpt lat="51.515487" lon="-0.783091"><ele>52</ele></trkpt>
      <trkpt lat="51.515557" lon="-0.783431"><ele>52.25</ele></trkpt>
      <trkpt lat="51.515598" lon="-0.783756"><ele>53</ele></trkpt>
      <trkpt lat="51.515609" lon="-0.783938"><ele>53</ele></trkpt>
      <trkpt lat="51.5156" lon="-0.784838"><ele>54</ele></trkpt>
      <trkpt lat="51.515587" lon="-0.785312"><ele>54</ele></trkpt>
      <trkpt lat="51.51553" lon="-0.786716"><ele>56</ele></trkpt>
      <trkpt lat="51.515504" lon="-0.787313"><ele>57</ele></trkpt>
      <trkpt lat="51.515488" lon="-0.787644"><ele>57.25</ele></trkpt>
      <trkpt lat="51.515462" lon="-0.788132"><ele>57.75</ele></trkpt>
      <trkpt lat="51.515406" lon="-0.789014"><ele>58.25</ele></trkpt>
      <trkpt lat="51.51528" lon="-0.791124"><ele>60</ele></trkpt>
      <trkpt lat="51.515274" lon="-0.791225"><ele>60.25</ele></trkpt>
      <trkpt lat="51.515225" lon="-0.792152"><ele>61</ele></trkpt>
      <trkpt lat="51.515203" lon="-0.792704"><ele>61.5</ele></trkpt>
      <trkpt lat="51.515155" lon="-0.794079"><ele>62.25</ele></trkpt>
      <trkpt lat="51.515137" lon="-0.794474"><ele>63</ele></trkpt>
      <trkpt lat="51.515079" lon="-0.795913"><ele>63</ele></trkpt>
      <trkpt lat="51.515033" lon="-0.797058"><ele>63.75</ele></trkpt>
      <trkpt lat="51.51502" lon="-0.797436"><ele>63.75</ele></trkpt>
      <trkpt lat="51.515003" lon="-0.797775"><ele>63.75</ele></trkpt>
      <trkpt lat="51.514897" lon="-0.799918"><ele>66</ele></trkpt>
      <trkpt lat="51.514839" lon="-0.801315"><ele>67.25</ele></trkpt>
      <trkpt lat="51.514789" lon="-0.803093"><ele>70</ele></trkpt>
      <trkpt lat="51.514789" lon="-0.803293"><ele>70.5</ele></trkpt>
      <trkpt lat="51.514789" lon="-0.803392"><ele>70.75</ele></trkpt>
      <trkpt lat="51.514756" lon="-0.803418"><ele>70.75</ele></trkpt>
      <trkpt lat="51.514743" lon="-0.803459"><ele>70.75</ele></trkpt>
      <trkpt lat="51.51475" lon="-0.803517"><ele>70.75</ele></trkpt>
      <trkpt lat="51.51478" lon="-0.803553"><ele>70.75</ele></trkpt>
      <trkpt lat="51.514766" lon="-0.803652"><ele>71</ele></trkpt>
      <trkpt lat="51.514729" lon="-0.803917"><ele>71</ele></trkpt>
      <trkpt lat="51.514682" lon="-0.804319"><ele>71.75</ele></trkpt>
      <trkpt lat="51.514629" lon="-0.804692"><ele>71.5</ele></trkpt>
      <trkpt lat="51.514555" lon="-0.805102"><ele>70.75</ele></trkpt>
      <trkpt lat="51.51448" lon="-0.805457"><ele>71.25</ele></trkpt>
      <trkpt lat="51.5144" lon="-0.805793"><ele>70.75</ele></trkpt>
      <trkpt lat="51.514342" lon="-0.806023"><ele>70.5</ele></trkpt>
      <trkpt lat="51.51418" lon="-0.806569"><ele>71.5</ele></trkpt>
      <trkpt lat="51.514035" lon="-0.806998"><ele>71.5</ele></trkpt>
      <trkpt lat="51.513915" lon="-0.807313"><ele>71</ele></trkpt>
      <trkpt lat="51.513723" lon="-0.807766"><ele>70.75</ele></trkpt>
      <trkpt lat="51.513632" lon="-0.807958"><ele>71</ele></trkpt>
      <trkpt lat="51.513399" lon="-0.808405"><ele>71</ele></trkpt>
      <trkpt lat="51.513243" lon="-0.808676"><ele>71</ele></trkpt>
      <trkpt lat="51.513117" lon="-0.808878"><ele>71</ele></trkpt>
      <trkpt lat="51.512929" lon="-0.809165"><ele>71</ele></trkpt>
      <trkpt lat="51.512647" lon="-0.809538"><ele>69.5</ele></trkpt>
      <trkpt lat="51.512527" lon="-0.809688"><ele>69</ele></trkpt>
      <trkpt lat="51.51235" lon="-0.80989"><ele>67.75</ele></trkpt>
      <trkpt lat="51.511973" lon="-0.810306"><ele>66.75</ele></trkpt>
      <trkpt lat="51.510693" lon="-0.811637"><ele>66.25</ele></trkpt>
      <trkpt lat="51.510301" lon="-0.812068"><ele>66.75</ele></trkpt>
      <trkpt lat="51.510252" lon="-0.812206"><ele>67</ele></trkpt>
      <trkpt lat="51.509846" lon="-0.812711"><ele>67.5</ele></trkpt>
      <trkpt lat="51.50969" lon="-0.812916"><ele>67.5</ele></trkpt>
      <trkpt lat="51.509582" lon="-0.813044"><ele>67.5</ele></trkpt>
      <trkpt lat="51.509369" lon="-0.813329"><ele>68</ele></trkpt>
      <trkpt lat="51.509177" lon="-0.813616"><ele>67.75</ele></trkpt>
      <trkpt lat="51.508969" lon="-0.81395"><ele>67.5</ele></trkpt>
      <trkpt lat="51.508727" lon="-0.814367"><ele>67.75</ele></trkpt>
      <trkpt lat="51.508388" lon="-0.81496"><ele>67</ele></trkpt>
      <trkpt lat="51.508294" lon="-0.815035"><ele>67.25</ele></trkpt>
      <trkpt lat="51.508085" lon="-0.815402"><ele>66.75</ele></trkpt>
      <trkpt lat="51.507996" lon="-0.815551"><ele>66.75</ele></trkpt>
      <trkpt lat="51.507654" lon="-0.816121"><ele>65.75</ele></trkpt>
      <trkpt lat="51.507118" lon="-0.816978"><ele>64.75</ele></trkpt>
      <trkpt lat="51.506636" lon="-0.817669"><ele>63.75</ele></trkpt>
      <trkpt lat="51.50652" lon="-0.817811"><ele>63.25</ele></trkpt>
      <trkpt lat="51.505574" lon="-0.819083"><ele>66.25</ele></trkpt>
      <trkpt lat="51.505505" lon="-0.819179"><ele>66.75</ele></trkpt>
      <trkpt lat="51.505475" lon="-0.819219"><ele>66.75</ele></trkpt>
      <trkpt lat="51.50533" lon="-0.819416"><ele>66.25</ele></trkpt>
      <trkpt lat="51.505203" lon="-0.819569"><ele>66.75</ele></trkpt>
      <trkpt lat="51.505019" lon="-0.819773"><ele>66.25</ele></trkpt>
      <trkpt lat="51.504779" lon="-0.820021"><ele>63.75</ele></trkpt>
      <trkpt lat="51.504381" lon="-0.820387"><ele>62</ele></trkpt>
      <trkpt lat="51.504123" lon="-0.820584"><ele>60.75</ele></trkpt>
      <trkpt lat="51.5039" lon="-0.820727"><ele>60.25</ele></trkpt>
      <trkpt lat="51.503803" lon="-0.820778"><ele>60</ele></trkpt>
      <trkpt lat="51.503737" lon="-0.820813"><ele>60</ele></trkpt>
      <trkpt lat="51.503471" lon="-0.820951"><ele>59.25</ele></trkpt>
      <trkpt lat="51.503284" lon="-0.821069"><ele>58.75</ele></trkpt>
      <trkpt lat="51.503088" lon="-0.821215"><ele>58</ele></trkpt>
      <trkpt lat="51.502937" lon="-0.821345"><ele>58</ele></trkpt>
      <trkpt lat="51.502837" lon="-0.821439"><ele>57.75</ele></trkpt>
      <trkpt lat="51.502665" lon="-0.821633"><ele>57.75</ele></trkpt>
      <trkpt lat="51.502556" lon="-0.821768"><ele>57.75</ele></trkpt>
      <trkpt lat="51.502317" lon="-0.822127"><ele>58</ele></trkpt>
      <trkpt lat="51.502183" lon="-0.822365"><ele>58</ele></trkpt>
      <trkpt lat="51.501987" lon="-0.822771"><ele>58.75</ele></trkpt>
      <trkpt lat="51.501821" lon="-0.823168"><ele>59</ele></trkpt>
      <trkpt lat="51.501686" lon="-0.823519"><ele>59</ele></trkpt>
      <trkpt lat="51.501598" lon="-0.823753"><ele>59</ele></trkpt>
      <trkpt lat="51.501233" lon="-0.824705"><ele>59.75</ele></trkpt>
      <trkpt lat="51.500824" lon="-0.825783"><ele>59</ele></trkpt>
      <trkpt lat="51.500528" lon="-0.826433"><ele>58.75</ele></trkpt>
      <trkpt lat="51.500447" lon="-0.826594"><ele>58.5</ele></trkpt>
      <trkpt lat="51.500041" lon="-0.827316"><ele>59</ele></trkpt>
      <trkpt lat="51.499866" lon="-0.827651"><ele>58.75</ele></trkpt>
      <trkpt lat="51.499773" lon="-0.82785"><ele>59</ele></trkpt>
      <trkpt lat="51.49965" lon="-0.828148"><ele>59</ele></trkpt>
      <trkpt lat="51.499306" lon="-0.829078"><ele>59.5</ele></trkpt>
      <trkpt lat="51.499188" lon="-0.829103"><ele>59</ele></trkpt>
      <trkpt lat="51.498894" lon="-0.829287"><ele>58</ele></trkpt>
      <trkpt lat="51.498402" lon="-0.829853"><ele>56.75</ele></trkpt>
      <trkpt lat="51.498233" lon="-0.829959"><ele>56.25</ele></trkpt>
      <trkpt lat="51.497588" lon="-0.830032"><ele>55.25</ele></trkpt>
      <trkpt lat="51.497222" lon="-0.830184"><ele>55.5</ele></trkpt>
      <trkpt lat="51.496866" lon="-0.830406"><ele>55</ele></trkpt>
      <trkpt lat="51.496587" lon="-0.830679"><ele>55</ele></trkpt>
      <trkpt lat="51.496188" lon="-0.831141"><ele>55.25</ele></trkpt>
      <trkpt lat="51.495921" lon="-0.832084"><ele>57.75</ele></trkpt>
      <trkpt lat="51.495739" lon="-0.832718"><ele>58.75</ele></trkpt>
      <trkpt lat="51.495708" lon="-0.832825"><ele>59</ele></trkpt>
      <trkpt lat="51.495653" lon="-0.833029"><ele>59.25</ele></trkpt>
      <trkpt lat="51.495343" lon="-0.833964"><ele>60</ele></trkpt>
      <trkpt lat="51.494771" lon="-0.83569"><ele>59.25</ele></trkpt>
      <trkpt lat="51.49389" lon="-0.837749"><ele>59.75</ele></trkpt>
      <trkpt lat="51.4937" lon="-0.838047"><ele>59.25</ele></trkpt>
      <trkpt lat="51.493626" lon="-0.838163"><ele>59.25</ele></trkpt>
      <trkpt lat="51.492945" lon="-0.83923"><ele>58.5</ele></trkpt>
      <trkpt lat="51.492413" lon="-0.83966"><ele>56.25</ele></trkpt>
      <trkpt lat="51.491995" lon="-0.839973"><ele>54</ele></trkpt>
      <trkpt lat="51.491312" lon="-0.840344"><ele>52.5</ele></trkpt>
      <trkpt lat="51.490456" lon="-0.841454"><ele>51</ele></trkpt>
      <trkpt lat="51.489711" lon="-0.841971"><ele>50.75</ele></trkpt>
      <trkpt lat="51.489269" lon="-0.842222"><ele>50</ele></trkpt>
      <trkpt lat="51.488425" lon="-0.842838"><ele>49.75</ele></trkpt>
      <trkpt lat="51.488397" lon="-0.842881"><ele>49.5</ele></trkpt>
      <trkpt lat="51.488377" lon="-0.842971"><ele>49.25</ele></trkpt>
      <trkpt lat="51.488288" lon="-0.843426"><ele>49</ele></trkpt>
      <trkpt lat="51.4882" lon="-0.843972"><ele>48.25</ele></trkpt>
      <trkpt lat="51.488173" lon="-0.844137"><ele>48</ele></trkpt>
      <trkpt lat="51.488103" lon="-0.844403"><ele>47.25</ele></trkpt>
      <trkpt lat="51.488" lon="-0.844675"><ele>46</ele></trkpt>
      <trkpt lat="51.487069" lon="-0.846459"><ele>44</ele></trkpt>
      <trkpt lat="51.485919" lon="-0.848772"><ele>43.5</ele></trkpt>
      <trkpt lat="51.485698" lon="-0.849104"><ele>43.75</ele></trkpt>
      <trkpt lat="51.485491" lon="-0.849244"><ele>44</ele></trkpt>
      <trkpt lat="51.48489" lon="-0.849458"><ele>44</ele></trkpt>
      <trkpt lat="51.484476" lon="-0.8495"><ele>44.75</ele></trkpt>
      <trkpt lat="51.483822" lon="-0.849511"><ele>44.25</ele></trkpt>
      <trkpt lat="51.483427" lon="-0.849705"><ele>45.5</ele></trkpt>
      <trkpt lat="51.48314" lon="-0.849963"><ele>46.5</ele></trkpt>
      <trkpt lat="51.482974" lon="-0.850114"><ele>46.5</ele></trkpt>
      <trkpt lat="51.482374" lon="-0.85078"><ele>48.75</ele></trkpt>
      <trkpt lat="51.482039" lon="-0.850944"><ele>49</ele></trkpt>
      <trkpt lat="51.481782" lon="-0.851088"><ele>49</ele></trkpt>
      <trkpt lat="51.481662" lon="-0.851104"><ele>48.75</ele></trkpt>
      <trkpt lat="51.481589" lon="-0.851369"><ele>48.75</ele></trkpt>
      <trkpt lat="51.481451" lon="-0.85192"><ele>49.75</ele></trkpt>
      <trkpt lat="51.481343" lon="-0.852214"><ele>49.75</ele></trkpt>
      <trkpt lat="51.481166" lon="-0.852473"><ele>50</ele></trkpt>
      <trkpt lat="51.481023" lon="-0.852603"><ele>50</ele></trkpt>
      <trkpt lat="51.480921" lon="-0.852683"><ele>50.25</ele></trkpt>
      <trkpt lat="51.480772" lon="-0.852757"><ele>50.75</ele></trkpt>
      <trkpt lat="51.480449" lon="-0.852878"><ele>51</ele></trkpt>
      <trkpt lat="51.480302" lon="-0.852998"><ele>50.75</ele></trkpt>
      <trkpt lat="51.480152" lon="-0.853201"><ele>50.75</ele></trkpt>
      <trkpt lat="51.480061" lon="-0.853379"><ele>51</ele></trkpt>
      <trkpt lat="51.479997" lon="-0.853547"><ele>51</ele></trkpt>
      <trkpt lat="51.479943" lon="-0.853795"><ele>51</ele></trkpt>
      <trkpt lat="51.479921" lon="-0.853977"><ele>51</ele></trkpt>
      <trkpt lat="51.479917" lon="-0.854116"><ele>51</ele></trkpt>
      <trkpt lat="51.47993" lon="-0.854299"><ele>51</ele></trkpt>
      <trkpt lat="51.479907" lon="-0.854431"><ele>51</ele></trkpt>
      <trkpt lat="51.479846" lon="-0.854753"><ele>51</ele></trkpt>
      <trkpt lat="51.479766" lon="-0.854963"><ele>51</ele></trkpt>
      <trkpt lat="51.479672" lon="-0.855087"><ele>50.5</ele></trkpt>
      <trkpt lat="51.479451" lon="-0.855084"><ele>50.5</ele></trkpt>
      <trkpt lat="51.479225" lon="-0.855098"><ele>50.5</ele></trkpt>
      <trkpt lat="51.478954" lon="-0.855067"><ele>50.5</ele></trkpt>
      <trkpt lat="51.478772" lon="-0.85509"><ele>50.75</ele></trkpt>
      <trkpt lat="51.47834" lon="-0.855379"><ele>49.5</ele></trkpt>
      <trkpt lat="51.47826" lon="-0.855375"><ele>48.25</ele></trkpt>
      <trkpt lat="51.478145" lon="-0.855308"><ele>45.5</ele></trkpt>
      <trkpt lat="51.477893" lon="-0.855083"><ele>47.5</ele></trkpt>
      <trkpt lat="51.477829" lon="-0.855036"><ele>49.75</ele></trkpt>
      <trkpt lat="51.477763" lon="-0.855012"><ele>51.75</ele></trkpt>
      <trkpt lat="51.477644" lon="-0.85502"><ele>51.75</ele></trkpt>
      <trkpt lat="51.477454" lon="-0.855029"><ele>51.5</ele></trkpt>
      <trkpt lat="51.476596" lon="-0.855385"><ele>51</ele></trkpt>
      <trkpt lat="51.476246" lon="-0.855482"><ele>51.25</ele></trkpt>
      <trkpt lat="51.475756" lon="-0.860447"><ele>50.75</ele></trkpt>
      <trkpt lat="51.475786" lon="-0.86057"><ele>50.75</ele></trkpt>
      <trkpt lat="51.475866" lon="-0.8609"><ele>48.75</ele></trkpt>
      <trkpt lat="51.475923" lon="-0.861038"><ele>46.5</ele></trkpt>
      <trkpt lat="51.476165" lon="-0.861598"><ele>46.75</ele></trkpt>
      <trkpt lat="51.476179" lon="-0.861629"><ele>47</ele></trkpt>
      <trkpt lat="51.476116" lon="-0.861758"><ele>47.25</ele></trkpt>
      <trkpt lat="51.475631" lon="-0.863193"><ele>43.25</ele></trkpt>
      <trkpt lat="51.475746" lon="-0.863357"><ele>43.5</ele></trkpt>
      <trkpt lat="51.475674" lon="-0.863355"><ele>43.25</ele></trkpt>
      <trkpt lat="51.47562" lon="-0.863316"><ele>43</ele></trkpt>
      <trkpt lat="51.475563" lon="-0.863273"><ele>43</ele></trkpt>
      <trkpt lat="51.475554" lon="-0.863308"><ele>42.75</ele></trkpt>
      <trkpt lat="51.475563" lon="-0.863273"><ele>43</ele></trkpt>
      <trkpt lat="51.47562" lon="-0.863316"><ele>43</ele></trkpt>
      <trkpt lat="51.475603" lon="-0.863374"><ele>43</ele></trkpt>
      <trkpt lat="51.475576" lon="-0.863462"><ele>43</ele></trkpt>
      <trkpt lat="51.475576" lon="-0.8635"><ele>43</ele></trkpt>
      <trkpt lat="51.475717" lon="-0.863622"><ele>43.5</ele></trkpt>
      <trkpt lat="51.475615" lon="-0.863793"><ele>43</ele></trkpt>
      <trkpt lat="51.475567" lon="-0.8639"><ele>43</ele></trkpt>
      <trkpt lat="51.475536" lon="-0.864011"><ele>42.75</ele></trkpt>
      <trkpt lat="51.475503" lon="-0.864174"><ele>42.75</ele></trkpt>
      <trkpt lat="51.475495" lon="-0.864281"><ele>42.25</ele></trkpt>
      <trkpt lat="51.475508" lon="-0.864354"><ele>42.25</ele></trkpt>
      <trkpt lat="51.475537" lon="-0.864404"><ele>42</ele></trkpt>
      <trkpt lat="51.476181" lon="-0.864901"><ele>42</ele></trkpt>
      <trkpt lat="51.476263" lon="-0.864963"><ele>42</ele></trkpt>
      <trkpt lat="51.476752" lon="-0.865409"><ele>41.5</ele></trkpt>
      <trkpt lat="51.47709" lon="-0.865872"><ele>40.25</ele></trkpt>
      <trkpt lat="51.477142" lon="-0.866077"><ele>40.25</ele></trkpt>
      <trkpt lat="51.477211" lon="-0.866294"><ele>40</ele></trkpt>
      <trkpt lat="51.477367" lon="-0.866621"><ele>39</ele></trkpt>
      <trkpt lat="51.477468" lon="-0.866833"><ele>39</ele></trkpt>
      <trkpt lat="51.477449" lon="-0.866918"><ele>39</ele></trkpt>
      <trkpt lat="51.477395" lon="-0.867144"><ele>39.25</ele></trkpt>
      <trkpt lat="51.477386" lon="-0.867313"><ele>39.5</ele></trkpt>
      <trkpt lat="51.477398" lon="-0.867709"><ele>40.25</ele></trkpt>
      <trkpt lat="51.477421" lon="-0.868105"><ele>40.5</ele></trkpt>
      <trkpt lat="51.477446" lon="-0.868355"><ele>40.75</ele></trkpt>
      <trkpt lat="51.477473" lon="-0.868684"><ele>40.25</ele></trkpt>
      <trkpt lat="51.477501" lon="-0.868889"><ele>38.75</ele></trkpt>
      <trkpt lat="51.477531" lon="-0.869107"><ele>39.5</ele></trkpt>
      <trkpt lat="51.47763" lon="-0.869608"><ele>38.5</ele></trkpt>
      <trkpt lat="51.477662" lon="-0.869751"><ele>38.25</ele></trkpt>
      <trkpt lat="51.477742" lon="-0.870288"><ele>36.75</ele></trkpt>
      <trkpt lat="51.477778" lon="-0.870429"><ele>37</ele></trkpt>
      <trkpt lat="51.477988" lon="-0.871042"><ele>35.75</ele></trkpt>
      <trkpt lat="51.478051" lon="-0.871362"><ele>35</ele></trkpt>
      <trkpt lat="51.478141" lon="-0.87178"><ele>35.25</ele></trkpt>
      <trkpt lat="51.478162" lon="-0.872063"><ele>35</ele></trkpt>
      <trkpt lat="51.478182" lon="-0.872509"><ele>35.5</ele></trkpt>
      <trkpt lat="51.478192" lon="-0.873097"><ele>35.25</ele></trkpt>
      <trkpt lat="51.478232" lon="-0.873761"><ele>34.75</ele></trkpt>
      <trkpt lat="51.478303" lon="-0.874691"><ele>35.75</ele></trkpt>
      <trkpt lat="51.478326" lon="-0.875335"><ele>35.75</ele></trkpt>
      <trkpt lat="51.478329" lon="-0.875419"><ele>35.75</ele></trkpt>
      <trkpt lat="51.478386" lon="-0.876091"><ele>35.75</ele></trkpt>
      <trkpt lat="51.478456" lon="-0.876904"><ele>35</ele></trkpt>
      <trkpt lat="51.478472" lon="-0.87709"><ele>34.5</ele></trkpt>
      <trkpt lat="51.478503" lon="-0.877283"><ele>34.5</ele></trkpt>
      <trkpt lat="51.47859" lon="-0.877615"><ele>35.25</ele></trkpt>
      <trkpt lat="51.478737" lon="-0.878089"><ele>34.75</ele></trkpt>
      <trkpt lat="51.478912" lon="-0.878614"><ele>35.75</ele></trkpt>
      <trkpt lat="51.47902" lon="-0.879068"><ele>35</ele></trkpt>
      <trkpt lat="51.479056" lon="-0.87928"><ele>35</ele></trkpt>
      <trkpt lat="51.479077" lon="-0.879506"><ele>35</ele></trkpt>
      <trkpt lat="51.479076" lon="-0.879752"><ele>34.75</ele></trkpt>
      <trkpt lat="51.47905" lon="-0.879998"><ele>34.5</ele></trkpt>
      <trkpt lat="51.478962" lon="-0.880318"><ele>35</ele></trkpt>
      <trkpt lat="51.478841" lon="-0.880598"><ele>35.5</ele></trkpt>
      <trkpt lat="51.478674" lon="-0.880878"><ele>34.25</ele></trkpt>
      <trkpt lat="51.478579" lon="-0.881039"><ele>34.5</ele></trkpt>
      <trkpt lat="51.478531" lon="-0.881119"><ele>35</ele></trkpt>
      <trkpt lat="51.478132" lon="-0.88183"><ele>35.5</ele></trkpt>
      <trkpt lat="51.477376" lon="-0.882931"><ele>36</ele></trkpt>
      <trkpt lat="51.477045" lon="-0.883609"><ele>36.5</ele></trkpt>
      <trkpt lat="51.476886" lon="-0.884016"><ele>36.75</ele></trkpt>
      <trkpt lat="51.476437" lon="-0.884855"><ele>37</ele></trkpt>
      <trkpt lat="51.476208" lon="-0.88523"><ele>37</ele></trkpt>
      <trkpt lat="51.476126" lon="-0.885362"><ele>37.25</ele></trkpt>
      <trkpt lat="51.475812" lon="-0.885873"><ele>38</ele></trkpt>
      <trkpt lat="51.475288" lon="-0.886802"><ele>39</ele></trkpt>
      <trkpt lat="51.475265" lon="-0.886927"><ele>39</ele></trkpt>
      <trkpt lat="51.475212" lon="-0.887139"><ele>39</ele></trkpt>
      <trkpt lat="51.474676" lon="-0.889285"><ele>41</ele></trkpt>
      <trkpt lat="51.474486" lon="-0.890018"><ele>41.75</ele></trkpt>
      <trkpt lat="51.474416" lon="-0.890397"><ele>43</ele></trkpt>
      <trkpt lat="51.474411" lon="-0.890515"><ele>43</ele></trkpt>
      <trkpt lat="51.474414" lon="-0.890592"><ele>43</ele></trkpt>
      <trkpt lat="51.474446" lon="-0.890773"><ele>42.75</ele></trkpt>
      <trkpt lat="51.474463" lon="-0.890825"><ele>42.75</ele></trkpt>
      <trkpt lat="51.474478" lon="-0.891"><ele>43.25</ele></trkpt>
      <trkpt lat="51.474516" lon="-0.891228"><ele>43.75</ele></trkpt>
      <trkpt lat="51.474511" lon="-0.891267"><ele>43.75</ele></trkpt>
      <trkpt lat="51.474481" lon="-0.891364"><ele>43.75</ele></trkpt>
      <trkpt lat="51.474418" lon="-0.891497"><ele>44.25</ele></trkpt>
      <trkpt lat="51.474329" lon="-0.891618"><ele>45</ele></trkpt>
      <trkpt lat="51.474183" lon="-0.891786"><ele>45.75</ele></trkpt>
      <trkpt lat="51.473538" lon="-0.892584"><ele>48.5</ele></trkpt>
      <trkpt lat="51.472219" lon="-0.894292"><ele>51.75</ele></trkpt>
      <trkpt lat="51.471891" lon="-0.894734"><ele>52.75</ele></trkpt>
      <trkpt lat="51.471625" lon="-0.895115"><ele>53</ele></trkpt>
      <trkpt lat="51.471293" lon="-0.895708"><ele>53</ele></trkpt>
      <trkpt lat="51.471054" lon="-0.896203"><ele>53</ele></trkpt>
      <trkpt lat="51.47083" lon="-0.896707"><ele>53</ele></trkpt>
      <trkpt lat="51.470673" lon="-0.897122"><ele>53</ele></trkpt>
      <trkpt lat="51.470435" lon="-0.897792"><ele>53.75</ele></trkpt>
      <trkpt lat="51.469514" lon="-0.900489"><ele>54.5</ele></trkpt>
      <trkpt lat="51.469366" lon="-0.900908"><ele>54.75</ele></trkpt>
      <trkpt lat="51.469179" lon="-0.901396"><ele>54.75</ele></trkpt>
      <trkpt lat="51.469027" lon="-0.901785"><ele>55</ele></trkpt>
      <trkpt lat="51.468701" lon="-0.902583"><ele>55</ele></trkpt>
      <trkpt lat="51.468605" lon="-0.902802"><ele>55</ele></trkpt>
      <trkpt lat="51.468315" lon="-0.903465"><ele>55.25</ele></trkpt>
      <trkpt lat="51.468069" lon="-0.904022"><ele>55.75</ele></trkpt>
      <trkpt lat="51.468018" lon="-0.904103"><ele>55.75</ele></trkpt>
      <trkpt lat="51.467915" lon="-0.904209"><ele>55.5</ele></trkpt>
      <trkpt lat="51.46782" lon="-0.904213"><ele>55.25</ele></trkpt>
      <trkpt lat="51.467668" lon="-0.904255"><ele>55</ele></trkpt>
      <trkpt lat="51.467612" lon="-0.904287"><ele>55</ele></trkpt>
      <trkpt lat="51.467589" lon="-0.904317"><ele>55</ele></trkpt>
      <trkpt lat="51.467554" lon="-0.904397"><ele>55</ele></trkpt>
      <trkpt lat="51.467525" lon="-0.904515"><ele>55.25</ele></trkpt>
      <trkpt lat="51.467526" lon="-0.904635"><ele>55.75</ele></trkpt>
      <trkpt lat="51.46754" lon="-0.904831"><ele>56</ele></trkpt>
      <trkpt lat="51.467563" lon="-0.904972"><ele>56</ele></trkpt>
      <trkpt lat="51.467554" lon="-0.905172"><ele>56.5</ele></trkpt>
      <trkpt lat="51.467526" lon="-0.905343"><ele>56.75</ele></trkpt>
      <trkpt lat="51.467491" lon="-0.905477"><ele>57</ele></trkpt>
      <trkpt lat="51.467186" lon="-0.906089"><ele>58</ele></trkpt>
      <trkpt lat="51.467166" lon="-0.906128"><ele>58.25</ele></trkpt>
      <trkpt lat="51.467142" lon="-0.906176"><ele>58.25</ele></trkpt>
      <trkpt lat="51.466847" lon="-0.906764"><ele>59</ele></trkpt>
      <trkpt lat="51.466241" lon="-0.907933"><ele>60.25</ele></trkpt>
      <trkpt lat="51.465894" lon="-0.908652"><ele>60.75</ele></trkpt>
      <trkpt lat="51.464278" lon="-0.912202"><ele>61</ele></trkpt>
      <trkpt lat="51.463521" lon="-0.913832"><ele>62</ele></trkpt>
      <trkpt lat="51.463487" lon="-0.913908"><ele>62</ele></trkpt>
      <trkpt lat="51.463236" lon="-0.914471"><ele>62</ele></trkpt>
      <trkpt lat="51.463176" lon="-0.914602"><ele>62</ele></trkpt>
      <trkpt lat="51.463117" lon="-0.914727"><ele>62</ele></trkpt>
      <trkpt lat="51.462936" lon="-0.915132"><ele>62</ele></trkpt>
      <trkpt lat="51.462875" lon="-0.91527"><ele>62</ele></trkpt>
      <trkpt lat="51.462548" lon="-0.915986"><ele>62</ele></trkpt>
      <trkpt lat="51.462312" lon="-0.916504"><ele>62.25</ele></trkpt>
      <trkpt lat="51.462194" lon="-0.916744"><ele>62.25</ele></trkpt>
      <trkpt lat="51.462011" lon="-0.917011"><ele>63</ele></trkpt>
      <trkpt lat="51.461922" lon="-0.917149"><ele>63</ele></trkpt>
      <trkpt lat="51.461847" lon="-0.917239"><ele>62.75</ele></trkpt>
      <trkpt lat="51.461771" lon="-0.917311"><ele>63</ele></trkpt>
      <trkpt lat="51.461577" lon="-0.917468"><ele>62.75</ele></trkpt>
      <trkpt lat="51.461504" lon="-0.917515"><ele>63</ele></trkpt>
      <trkpt lat="51.461343" lon="-0.917587"><ele>62.75</ele></trkpt>
      <trkpt lat="51.461056" lon="-0.91769"><ele>62.25</ele></trkpt>
      <trkpt lat="51.46093" lon="-0.917749"><ele>62</ele></trkpt>
      <trkpt lat="51.460814" lon="-0.917817"><ele>62</ele></trkpt>
      <trkpt lat="51.460662" lon="-0.917921"><ele>61.75</ele></trkpt>
      <trkpt lat="51.460468" lon="-0.918069"><ele>61.5</ele></trkpt>
      <trkpt lat="51.460427" lon="-0.918109"><ele>61.5</ele></trkpt>
      <trkpt lat="51.460374" lon="-0.918186"><ele>61.5</ele></trkpt>
      <trkpt lat="51.460317" lon="-0.918291"><ele>62</ele></trkpt>
      <trkpt lat="51.460293" lon="-0.918351"><ele>62.5</ele></trkpt>
      <trkpt lat="51.460213" lon="-0.918606"><ele>63</ele></trkpt>
      <trkpt lat="51.460174" lon="-0.918857"><ele>63</ele></trkpt>
      <trkpt lat="51.459957" lon="-0.92005"><ele>63</ele></trkpt>
      <trkpt lat="51.459888" lon="-0.920336"><ele>63</ele></trkpt>
      <trkpt lat="51.459847" lon="-0.92047"><ele>63</ele></trkpt>
      <trkpt lat="51.459761" lon="-0.920703"><ele>62.75</ele></trkpt>
      <trkpt lat="51.459667" lon="-0.920901"><ele>63</ele></trkpt>
      <trkpt lat="51.459636" lon="-0.920959"><ele>63</ele></trkpt>
      <trkpt lat="51.459575" lon="-0.921067"><ele>63</ele></trkpt>
      <trkpt lat="51.459519" lon="-0.921162"><ele>63</ele></trkpt>
      <trkpt lat="51.459437" lon="-0.921287"><ele>63</ele></trkpt>
      <trkpt lat="51.459173" lon="-0.921758"><ele>62.75</ele></trkpt>
      <trkpt lat="51.459105" lon="-0.921873"><ele>63</ele></trkpt>
      <trkpt lat="51.459023" lon="-0.921959"><ele>62.75</ele></trkpt>
      <trkpt lat="51.458958" lon="-0.921986"><ele>62.75</ele></trkpt>
      <trkpt lat="51.458901" lon="-0.922046"><ele>62.5</ele></trkpt>
      <trkpt lat="51.458842" lon="-0.922134"><ele>62.25</ele></trkpt>
      <trkpt lat="51.458779" lon="-0.922052"><ele>62.25</ele></trkpt>
      <trkpt lat="51.458735" lon="-0.92202"><ele>62.25</ele></trkpt>
      <trkpt lat="51.45873" lon="-0.922095"><ele>62</ele></trkpt>
      <trkpt lat="51.458708" lon="-0.922197"><ele>62</ele></trkpt>
      <trkpt lat="51.458623" lon="-0.922448"><ele>61.75</ele></trkpt>
      <trkpt lat="51.458604" lon="-0.922522"><ele>61.75</ele></trkpt>
      <trkpt lat="51.458499" lon="-0.923052"><ele>61</ele></trkpt>
      <trkpt lat="51.458486" lon="-0.923121"><ele>60.75</ele></trkpt>
      <trkpt lat="51.458013" lon="-0.9256"><ele>54</ele></trkpt>
      <trkpt lat="51.457782" lon="-0.926745"><ele>51.5</ele></trkpt>
      <trkpt lat="51.457599" lon="-0.9276"><ele>49.5</ele></trkpt>
      <trkpt lat="51.457472" lon="-0.928161"><ele>48</ele></trkpt>
      <trkpt lat="51.457328" lon="-0.928776"><ele>47</ele></trkpt>
      <trkpt lat="51.457061" lon="-0.929861"><ele>45</ele></trkpt>
      <trkpt lat="51.456901" lon="-0.930557"><ele>44</ele></trkpt>
      <trkpt lat="51.456878" lon="-0.930703"><ele>44</ele></trkpt>
      <trkpt lat="51.45685" lon="-0.930975"><ele>44.25</ele></trkpt>
      <trkpt lat="51.456836" lon="-0.931361"><ele>44.25</ele></trkpt>
      <trkpt lat="51.456838" lon="-0.931421"><ele>44.25</ele></trkpt>
      <trkpt lat="51.456856" lon="-0.931622"><ele>44.25</ele></trkpt>
      <trkpt lat="51.456905" lon="-0.932043"><ele>44</ele></trkpt>
      <trkpt lat="51.456904" lon="-0.932163"><ele>44</ele></trkpt>
      <trkpt lat="51.45688" lon="-0.932319"><ele>44</ele></trkpt>
      <trkpt lat="51.456759" lon="-0.932438"><ele>44</ele></trkpt>
      <trkpt lat="51.456693" lon="-0.932521"><ele>44</ele></trkpt>
      <trkpt lat="51.456665" lon="-0.932575"><ele>44</ele></trkpt>
      <trkpt lat="51.456632" lon="-0.932671"><ele>44</ele></trkpt>
      <trkpt lat="51.456621" lon="-0.932796"><ele>44</ele></trkpt>
      <trkpt lat="51.456651" lon="-0.933087"><ele>44</ele></trkpt>
      <trkpt lat="51.456628" lon="-0.933267"><ele>44.75</ele></trkpt>
      <trkpt lat="51.456583" lon="-0.933443"><ele>44.75</ele></trkpt>
      <trkpt lat="51.45656" lon="-0.933504"><ele>44.75</ele></trkpt>
      <trkpt lat="51.456527" lon="-0.933567"><ele>44.5</ele></trkpt>
      <trkpt lat="51.456407" lon="-0.93376"><ele>44.75</ele></trkpt>
      <trkpt lat="51.45604" lon="-0.934379"><ele>45</ele></trkpt>
      <trkpt lat="51.455853" lon="-0.934786"><ele>44.75</ele></trkpt>
      <trkpt lat="51.455836" lon="-0.934825"><ele>44.75</ele></trkpt>
      <trkpt lat="51.455724" lon="-0.935141"><ele>44.75</ele></trkpt>
      <trkpt lat="51.455655" lon="-0.935372"><ele>44.25</ele></trkpt>
      <trkpt lat="51.455578" lon="-0.935687"><ele>43.75</ele></trkpt>
      <trkpt lat="51.45554" lon="-0.935879"><ele>44</ele></trkpt>
      <trkpt lat="51.45549" lon="-0.936193"><ele>44</ele></trkpt>
      <trkpt lat="51.45548" lon="-0.936273"><ele>44</ele></trkpt>
      <trkpt lat="51.455461" lon="-0.936482"><ele>44</ele></trkpt>
      <trkpt lat="51.455448" lon="-0.936743"><ele>44</ele></trkpt>
      <trkpt lat="51.455432" lon="-0.936823"><ele>44</ele></trkpt>
      <trkpt lat="51.455409" lon="-0.936892"><ele>44</ele></trkpt>
      <trkpt lat="51.455383" lon="-0.936941"><ele>44</ele></trkpt>
      <trkpt lat="51.455278" lon="-0.93709"><ele>44</ele></trkpt>
      <trkpt lat="51.455191" lon="-0.937117"><ele>43.75</ele></trkpt>
      <trkpt lat="51.455133" lon="-0.937183"><ele>43.5</ele></trkpt>
      <trkpt lat="51.455074" lon="-0.937275"><ele>43.25</ele></trkpt>
      <trkpt lat="51.455011" lon="-0.937419"><ele>43</ele></trkpt>
      <trkpt lat="51.454984" lon="-0.937517"><ele>43.25</ele></trkpt>
      <trkpt lat="51.454964" lon="-0.937647"><ele>43.25</ele></trkpt>
      <trkpt lat="51.454934" lon="-0.937942"><ele>43</ele></trkpt>
      <trkpt lat="51.454942" lon="-0.938227"><ele>43.25</ele></trkpt>
      <trkpt lat="51.454961" lon="-0.938415"><ele>43.25</ele></trkpt>
      <trkpt lat="51.454993" lon="-0.93856"><ele>43</ele></trkpt>
      <trkpt lat="51.455015" lon="-0.938632"><ele>43</ele></trkpt>
      <trkpt lat="51.455062" lon="-0.938962"><ele>43.75</ele></trkpt>
      <trkpt lat="51.455073" lon="-0.939048"><ele>43.5</ele></trkpt>
      <trkpt lat="51.455082" lon="-0.939255"><ele>43.5</ele></trkpt>
      <trkpt lat="51.45507" lon="-0.939387"><ele>43.5</ele></trkpt>
      <trkpt lat="51.455036" lon="-0.939719"><ele>43</ele></trkpt>
      <trkpt lat="51.454958" lon="-0.940544"><ele>42</ele></trkpt>
      <trkpt lat="51.45492" lon="-0.94089"><ele>42</ele></trkpt>
      <trkpt lat="51.454886" lon="-0.94113"><ele>42</ele></trkpt>
      <trkpt lat="51.454815" lon="-0.941534"><ele>42.25</ele></trkpt>
      <trkpt lat="51.454807" lon="-0.941564"><ele>42.25</ele></trkpt>
      <trkpt lat="51.454801" lon="-0.941596"><ele>42.25</ele></trkpt>
      <trkpt lat="51.454703" lon="-0.942133"><ele>42.5</ele></trkpt>
      <trkpt lat="51.454471" lon="-0.943114"><ele>43</ele></trkpt>
      <trkpt lat="51.454437" lon="-0.943236"><ele>43</ele></trkpt>
      <trkpt lat="51.454426" lon="-0.943286"><ele>43</ele></trkpt>
      <trkpt lat="51.454388" lon="-0.943447"><ele>43.5</ele></trkpt>
      <trkpt lat="51.454372" lon="-0.943518"><ele>43.75</ele></trkpt>
      <trkpt lat="51.454218" lon="-0.944324"><ele>43.5</ele></trkpt>
      <trkpt lat="51.454129" lon="-0.944735"><ele>43</ele></trkpt>
      <trkpt lat="51.453956" lon="-0.945385"><ele>43</ele></trkpt>
      <trkpt lat="51.453928" lon="-0.945489"><ele>43</ele></trkpt>
      <trkpt lat="51.453886" lon="-0.945628"><ele>43</ele></trkpt>
      <trkpt lat="51.453849" lon="-0.945753"><ele>43</ele></trkpt>
      <trkpt lat="51.453726" lon="-0.946153"><ele>43</ele></trkpt>
      <trkpt lat="51.453382" lon="-0.947314"><ele>43</ele></trkpt>
      <trkpt lat="51.453196" lon="-0.947976"><ele>43.25</ele></trkpt>
      <trkpt lat="51.453188" lon="-0.948137"><ele>43.5</ele></trkpt>
      <trkpt lat="51.453111" lon="-0.948478"><ele>43.75</ele></trkpt>
      <trkpt lat="51.453063" lon="-0.948659"><ele>43.75</ele></trkpt>
      <trkpt lat="51.453048" lon="-0.948723"><ele>44</ele></trkpt>
      <trkpt lat="51.452998" lon="-0.948989"><ele>44</ele></trkpt>
      <trkpt lat="51.452972" lon="-0.949312"><ele>44</ele></trkpt>
      <trkpt lat="51.453061" lon="-0.950051"><ele>43.75</ele></trkpt>
      <trkpt lat="51.453093" lon="-0.95053"><ele>43.5</ele></trkpt>
      <trkpt lat="51.453111" lon="-0.950777"><ele>43.5</ele></trkpt>
      <trkpt lat="51.453114" lon="-0.950819"><ele>43.5</ele></trkpt>
      <trkpt lat="51.453223" lon="-0.952066"><ele>43</ele></trkpt>
      <trkpt lat="51.453307" lon="-0.952864"><ele>43</ele></trkpt>
      <trkpt lat="51.453426" lon="-0.953955"><ele>43.5</ele></trkpt>
      <trkpt lat="51.453473" lon="-0.954426"><ele>43</ele></trkpt>
      <trkpt lat="51.453518" lon="-0.954824"><ele>43</ele></trkpt>
      <trkpt lat="51.453524" lon="-0.95489"><ele>43</ele></trkpt>
      <trkpt lat="51.453577" lon="-0.955443"><ele>43</ele></trkpt>
      <trkpt lat="51.453653" lon="-0.956207"><ele>42.75</ele></trkpt>
      <trkpt lat="51.453733" lon="-0.957043"><ele>43</ele></trkpt>
      <trkpt lat="51.453775" lon="-0.957506"><ele>43.25</ele></trkpt>
      <trkpt lat="51.453817" lon="-0.957836"><ele>43</ele></trkpt>
      <trkpt lat="51.453934" lon="-0.958589"><ele>42</ele></trkpt>
      <trkpt lat="51.45395" lon="-0.958713"><ele>42</ele></trkpt>
      <trkpt lat="51.454012" lon="-0.959141"><ele>41</ele></trkpt>
      <trkpt lat="51.45405" lon="-0.959329"><ele>40.75</ele></trkpt>
      <trkpt lat="51.454096" lon="-0.959538"><ele>40.75</ele></trkpt>
      <trkpt lat="51.454113" lon="-0.959592"><ele>40.75</ele></trkpt>
      <trkpt lat="51.45415" lon="-0.95971"><ele>40.75</ele></trkpt>
      <trkpt lat="51.454312" lon="-0.96009"><ele>40</ele></trkpt>
      <trkpt lat="51.454444" lon="-0.960307"><ele>40</ele></trkpt>
      <trkpt lat="51.454634" lon="-0.960568"><ele>39</ele></trkpt>
      <trkpt lat="51.454741" lon="-0.960705"><ele>38.75</ele></trkpt>
      <trkpt lat="51.454854" lon="-0.960911"><ele>38.25</ele></trkpt>
      <trkpt lat="51.454931" lon="-0.961113"><ele>38.25</ele></trkpt>
      <trkpt lat="51.45498" lon="-0.961356"><ele>38</ele></trkpt>
      <trkpt lat="51.455005" lon="-0.961554"><ele>38</ele></trkpt>
      <trkpt lat="51.455012" lon="-0.961727"><ele>38</ele></trkpt>
      <trkpt lat="51.454994" lon="-0.961977"><ele>38</ele></trkpt>
      <trkpt lat="51.454987" lon="-0.962161"><ele>38</ele></trkpt>
      <trkpt lat="51.454989" lon="-0.96226"><ele>38</ele></trkpt>
      <trkpt lat="51.454993" lon="-0.962307"><ele>38</ele></trkpt>
      <trkpt lat="51.455008" lon="-0.962379"><ele>38</ele></trkpt>
      <trkpt lat="51.454991" lon="-0.962573"><ele>37.75</ele></trkpt>
      <trkpt lat="51.455049" lon="-0.962638"><ele>38</ele></trkpt>
      <trkpt lat="51.455152" lon="-0.962737"><ele>38</ele></trkpt>
      <trkpt lat="51.455336" lon="-0.962865"><ele>38.25</ele></trkpt>
      <trkpt lat="51.455479" lon="-0.962931"><ele>38.5</ele></trkpt>
      <trkpt lat="51.455635" lon="-0.962973"><ele>38.5</ele></trkpt>
      <trkpt lat="51.455812" lon="-0.963009"><ele>38.75</ele></trkpt>
      <trkpt lat="51.45585" lon="-0.963016"><ele>38.75</ele></trkpt>
      <trkpt lat="51.45652" lon="-0.963134"><ele>41.25</ele></trkpt>
      <trkpt lat="51.456701" lon="-0.963192"><ele>41.25</ele></trkpt>
      <trkpt lat="51.456834" lon="-0.963249"><ele>41.25</ele></trkpt>
      <trkpt lat="51.456864" lon="-0.963285"><ele>41</ele></trkpt>
      <trkpt lat="51.456899" lon="-0.963306"><ele>41</ele></trkpt>
      <trkpt lat="51.456983" lon="-0.963465"><ele>41</ele></trkpt>
      <trkpt lat="51.457026" lon="-0.963559"><ele>41</ele></trkpt>
      <trkpt lat="51.457117" lon="-0.963847"><ele>41.5</ele></trkpt>
      <trkpt lat="51.457154" lon="-0.964049"><ele>41.75</ele></trkpt>
      <trkpt lat="51.457224" lon="-0.964598"><ele>41.25</ele></trkpt>
      <trkpt lat="51.457347" lon="-0.965547"><ele>41.5</ele></trkpt>
      <trkpt lat="51.45739" lon="-0.965952"><ele>41.75</ele></trkpt>
      <trkpt lat="51.457396" lon="-0.966002"><ele>41.75</ele></trkpt>
      <trkpt lat="51.457471" lon="-0.966552"><ele>41.5</ele></trkpt>
      <trkpt lat="51.457604" lon="-0.967437"><ele>41.5</ele></trkpt>
      <trkpt lat="51.45764" lon="-0.967651"><ele>41.25</ele></trkpt>
      <trkpt lat="51.457651" lon="-0.96771"><ele>41.25</ele></trkpt>
      <trkpt lat="51.457699" lon="-0.96795"><ele>40.75</ele></trkpt>
      <trkpt lat="51.457716" lon="-0.96809"><ele>40.25</ele></trkpt>
      <trkpt lat="51.457721" lon="-0.968286"><ele>40.25</ele></trkpt>
      <trkpt lat="51.457697" lon="-0.968388"><ele>40.25</ele></trkpt>
      <trkpt lat="51.4577" lon="-0.968488"><ele>40</ele></trkpt>
      <trkpt lat="51.457731" lon="-0.968582"><ele>39.5</ele></trkpt>
      <trkpt lat="51.457787" lon="-0.968654"><ele>38.75</ele></trkpt>
      <trkpt lat="51.457845" lon="-0.968875"><ele>38.75</ele></trkpt>
      <trkpt lat="51.457896" lon="-0.969073"><ele>38.75</ele></trkpt>
      <trkpt lat="51.457904" lon="-0.969201"><ele>39</ele></trkpt>
      <trkpt lat="51.457907" lon="-0.969256"><ele>39.25</ele></trkpt>
      <trkpt lat="51.457909" lon="-0.969311"><ele>39.5</ele></trkpt>
      <trkpt lat="51.457926" lon="-0.969775"><ele>40.5</ele></trkpt>
      <trkpt lat="51.457939" lon="-0.970185"><ele>41</ele></trkpt>
      <trkpt lat="51.457949" lon="-0.970496"><ele>42</ele></trkpt>
      <trkpt lat="51.457946" lon="-0.970549"><ele>42.25</ele></trkpt>
      <trkpt lat="51.457939" lon="-0.970585"><ele>42.25</ele></trkpt>
      <trkpt lat="51.457919" lon="-0.970628"><ele>42.25</ele></trkpt>
      <trkpt lat="51.457931" lon="-0.970655"><ele>42.25</ele></trkpt>
      <trkpt lat="51.457946" lon="-0.970728"><ele>42.5</ele></trkpt>
      <trkpt lat="51.457943" lon="-0.970829"><ele>42.5</ele></trkpt>
      <trkpt lat="51.45793" lon="-0.970959"><ele>42.75</ele></trkpt>
      <trkpt lat="51.458015" lon="-0.970975"><ele>42.75</ele></trkpt>
      <trkpt lat="51.458099" lon="-0.971132"><ele>42.75</ele></trkpt>
      <trkpt lat="51.458105" lon="-0.97119"><ele>42.75</ele></trkpt>
      <trkpt lat="51.458105" lon="-0.971236"><ele>42.75</ele></trkpt>
      <trkpt lat="51.458147" lon="-0.971245"><ele>42.75</ele></trkpt>
      <trkpt lat="51.458304" lon="-0.971245"><ele>42.75</ele></trkpt>
      <trkpt lat="51.45833" lon="-0.971876"><ele>43.75</ele></trkpt>
      <trkpt lat="51.458387" lon="-0.971948"><ele>44</ele></trkpt>
      <trkpt lat="51.45843" lon="-0.971934"><ele>44</ele></trkpt>
      <trkpt lat="51.458479" lon="-0.971931"><ele>44</ele></trkpt>
      <trkpt lat="51.458474" lon="-0.971816"><ele>44</ele></trkpt>
      <trkpt lat="51.45855" lon="-0.971805"><ele>44</ele></trkpt>
      <trkpt lat="51.458645" lon="-0.971793"><ele>43.75</ele></trkpt>
      <trkpt lat="51.45878" lon="-0.971776"><ele>43.5</ele></trkpt>
    </trkseg>
    <trkseg>
      <trkpt lat="51.491243" lon="0.121365"><ele>1</ele></trkpt>
      <trkpt lat="51.491293" lon="0.121409"><ele>1</ele></trkpt>
      <trkpt lat="51.491308" lon="0.121422"><ele>1</ele></trkpt>
      <trkpt lat="51.491297" lon="0.121457"><ele>1</ele></trkpt>
      <trkpt lat="51.491302" lon="0.121514"><ele>1</ele></trkpt>
      <trkpt lat="51.491305" lon="0.121579"><ele>1</ele></trkpt>
      <trkpt lat="51.491281" lon="0.121582"><ele>1</ele></trkpt>
      <trkpt lat="51.491267" lon="0.121583"><ele>1</ele></trkpt>
      <trkpt lat="51.491234" lon="0.121604"><ele>1</ele></trkpt>
      <trkpt lat="51.491156" lon="0.121575"><ele>1</ele></trkpt>
      <trkpt lat="51.491059" lon="0.121576"><ele>1</ele></trkpt>
      <trkpt lat="51.491042" lon="0.121523"><ele>1</ele></trkpt>
      <trkpt lat="51.490999" lon="0.121537"><ele>1</ele></trkpt>
      <trkpt lat="51.490963" lon="0.121564"><ele>1</ele></trkpt>
      <trkpt lat="51.490947" lon="0.121541"><ele>1</ele></trkpt>
      <trkpt lat="51.49087" lon="0.121359"><ele>1</ele></trkpt>
      <trkpt lat="51.490834" lon="0.12135"><ele>1</ele></trkpt>
      <trkpt lat="51.490803" lon="0.121332"><ele>1</ele></trkpt>
      <trkpt lat="51.490786" lon="0.121291"><ele>1</ele></trkpt>
      <trkpt lat="51.490742" lon="0.121246"><ele>1</ele></trkpt>
      <trkpt lat="51.490661" lon="0.12125"><ele>1</ele></trkpt>
      <trkpt lat="51.490629" lon="0.121229"><ele>1</ele></trkpt>
      <trkpt lat="51.490572" lon="0.12123"><ele>1</ele></trkpt>
      <trkpt lat="51.49053" lon="0.121233"><ele>1</ele></trkpt>
      <trkpt lat="51.49049" lon="0.121234"><ele>1</ele></trkpt>
      <trkpt lat="51.490471" lon="0.121235"><ele>1</ele></trkpt>
      <trkpt lat="51.490457" lon="0.121238"><ele>1</ele></trkpt>
      <trkpt lat="51.490444" lon="0.12124"><ele>1</ele></trkpt>
      <trkpt lat="51.490323" lon="0.121257"><ele>1.25</ele></trkpt>
      <trkpt lat="51.489884" lon="0.121276"><ele>2.25</ele></trkpt>
      <trkpt lat="51.489863" lon="0.121267"><ele>2.25</ele></trkpt>
      <trkpt lat="51.489852" lon="0.121241"><ele>2.5</ele></trkpt>
      <trkpt lat="51.489837" lon="0.121031"><ele>2.5</ele></trkpt>
      <trkpt lat="51.489826" lon="0.120932"><ele>2.5</ele></trkpt>
      <trkpt lat="51.489824" lon="0.120911"><ele>2.5</ele></trkpt>
      <trkpt lat="51.489777" lon="0.120915"><ele>2.75</ele></trkpt>
      <trkpt lat="51.489762" lon="0.120742"><ele>2.75</ele></trkpt>
      <trkpt lat="51.489745" lon="0.120557"><ele>2.75</ele></trkpt>
      <trkpt lat="51.489702" lon="0.120057"><ele>3</ele></trkpt>
      <trkpt lat="51.489671" lon="0.119678"><ele>3</ele></trkpt>
      <trkpt lat="51.489668" lon="0.119646"><ele>3</ele></trkpt>
      <trkpt lat="51.489659" lon="0.119568"><ele>3</ele></trkpt>
      <trkpt lat="51.489631" lon="0.119255"><ele>3.25</ele></trkpt>
      <trkpt lat="51.48956" lon="0.118484"><ele>3.25</ele></trkpt>
      <trkpt lat="51.489535" lon="0.11817"><ele>3</ele></trkpt>
      <trkpt lat="51.489489" lon="0.11755"><ele>2.75</ele></trkpt>
      <trkpt lat="51.489462" lon="0.117236"><ele>2.75</ele></trkpt>
      <trkpt lat="51.489414" lon="0.11661"><ele>2.75</ele></trkpt>
      <trkpt lat="51.489389" lon="0.116296"><ele>2.25</ele></trkpt>
      <trkpt lat="51.489363" lon="0.115851"><ele>2.5</ele></trkpt>
      <trkpt lat="51.48935" lon="0.115668"><ele>3</ele></trkpt>
      <trkpt lat="51.489333" lon="0.115069"><ele>3.25</ele></trkpt>
      <trkpt lat="51.489317" lon="0.114718"><ele>3.25</ele></trkpt>
      <trkpt lat="51.489295" lon="0.114177"><ele>3.5</ele></trkpt>
      <trkpt lat="51.489281" lon="0.113822"><ele>3.5</ele></trkpt>
      <trkpt lat="51.489275" lon="0.11368"><ele>3.5</ele></trkpt>
      <trkpt lat="51.489245" lon="0.112793"><ele>3</ele></trkpt>
      <trkpt lat="51.48923" lon="0.112457"><ele>3</ele></trkpt>
      <trkpt lat="51.489225" lon="0.112341"><ele>3</ele></trkpt>
      <trkpt lat="51.489206" lon="0.111818"><ele>3</ele></trkpt>
      <trkpt lat="51.489195" lon="0.111466"><ele>3</ele></trkpt>
      <trkpt lat="51.489178" lon="0.110974"><ele>3</ele></trkpt>
      <trkpt lat="51.489171" lon="0.110824"><ele>3</ele></trkpt>
      <trkpt lat="51.489159" lon="0.110664"><ele>3</ele></trkpt>
      <trkpt lat="51.489125" lon="0.110206"><ele>3</ele></trkpt>
      <trkpt lat="51.489091" lon="0.109827"><ele>3.25</ele></trkpt>
      <trkpt lat="51.489069" lon="0.109523"><ele>3.5</ele></trkpt>
      <trkpt lat="51.489014" lon="0.108818"><ele>4</ele></trkpt>
      <trkpt lat="51.488988" lon="0.108482"><ele>4</ele></trkpt>
      <trkpt lat="51.488956" lon="0.108103"><ele>3.75</ele></trkpt>
      <trkpt lat="51.488953" lon="0.108059"><ele>3.75</ele></trkpt>
      <trkpt lat="51.488951" lon="0.108046"><ele>3.75</ele></trkpt>
      <trkpt lat="51.488945" lon="0.107981"><ele>3.75</ele></trkpt>
      <trkpt lat="51.488938" lon="0.107873"><ele>3.75</ele></trkpt>
      <trkpt lat="51.488937" lon="0.107824"><ele>3.75</ele></trkpt>
      <trkpt lat="51.488936" lon="0.107774"><ele>3.75</ele></trkpt>
      <trkpt lat="51.488932" lon="0.107738"><ele>3.75</ele></trkpt>
      <trkpt lat="51.48893" lon="0.107714"><ele>3.75</ele></trkpt>
      <trkpt lat="51.488925" lon="0.107666"><ele>3.75</ele></trkpt>
      <trkpt lat="51.488918" lon="0.107453"><ele>3.75</ele></trkpt>
      <trkpt lat="51.488902" lon="0.106977"><ele>3.75</ele></trkpt>
      <trkpt lat="51.48889" lon="0.106612"><ele>3.75</ele></trkpt>
      <trkpt lat="51.488878" lon="0.106232"><ele>4</ele></trkpt>
      <trkpt lat="51.48886" lon="0.105715"><ele>4</ele></trkpt>
      <trkpt lat="51.488835" lon="0.10501"><ele>3</ele></trkpt>
      <trkpt lat="51.48882" lon="0.104538"><ele>3</ele></trkpt>
      <trkpt lat="51.488795" lon="0.103826"><ele>2.25</ele></trkpt>
      <trkpt lat="51.488774" lon="0.103235"><ele>2</ele></trkpt>
      <trkpt lat="51.488719" lon="0.101621"><ele>2</ele></trkpt>
      <trkpt lat="51.488676" lon="0.099979"><ele>1.75</ele></trkpt>
      <trkpt lat="51.488642" lon="0.09874"><ele>2</ele></trkpt>
      <trkpt lat="51.488613" lon="0.097652"><ele>1.75</ele></trkpt>
      <trkpt lat="51.488603" lon="0.097229"><ele>2</ele></trkpt>
      <trkpt lat="51.488589" lon="0.096629"><ele>2</ele></trkpt>
      <trkpt lat="51.488619" lon="0.09637"><ele>2.75</ele></trkpt>
      <trkpt lat="51.488639" lon="0.096183"><ele>2.75</ele></trkpt>
      <trkpt lat="51.488734" lon="0.09531"><ele>2.75</ele></trkpt>
      <trkpt lat="51.488752" lon="0.095162"><ele>2.75</ele></trkpt>
      <trkpt lat="51.488836" lon="0.094486"><ele>2.75</ele></trkpt>
      <trkpt lat="51.488869" lon="0.094291"><ele>2.25</ele></trkpt>
      <trkpt lat="51.488974" lon="0.093693"><ele>2.25</ele></trkpt>
      <trkpt lat="51.488862" lon="0.093638"><ele>2.75</ele></trkpt>
      <trkpt lat="51.488828" lon="0.09362"><ele>2.75</ele></trkpt>
      <trkpt lat="51.488811" lon="0.093612"><ele>2.75</ele></trkpt>
      <trkpt lat="51.488793" lon="0.093604"><ele>3</ele></trkpt>
      <trkpt lat="51.488678" lon="0.093551"><ele>3</ele></trkpt>
      <trkpt lat="51.488758" lon="0.093068"><ele>3.25</ele></trkpt>
      <trkpt lat="51.488763" lon="0.09303"><ele>3.25</ele></trkpt>
      <trkpt lat="51.488816" lon="0.092704"><ele>3.25</ele></trkpt>
      <trkpt lat="51.488871" lon="0.092386"><ele>3</ele></trkpt>
      <trkpt lat="51.48892" lon="0.092087"><ele>3.25</ele></trkpt>
      <trkpt lat="51.48896" lon="0.091872"><ele>4</ele></trkpt>
      <trkpt lat="51.488945" lon="0.09178"><ele>4.25</ele></trkpt>
      <trkpt lat="51.488958" lon="0.091702"><ele>4.5</ele></trkpt>
      <trkpt lat="51.48902" lon="0.091317"><ele>3.5</ele></trkpt>
      <trkpt lat="51.488558" lon="0.091103"><ele>5.25</ele></trkpt>
      <trkpt lat="51.488722" lon="0.090242"><ele>4.5</ele></trkpt>
      <trkpt lat="51.488412" lon="0.090101"><ele>6.5</ele></trkpt>
      <trkpt lat="51.488264" lon="0.089999"><ele>7</ele></trkpt>
      <trkpt lat="51.48821" lon="0.089936"><ele>7</ele></trkpt>
      <trkpt lat="51.488166" lon="0.089881"><ele>7.25</ele></trkpt>
      <trkpt lat="51.488513" lon="0.089162"><ele>5.75</ele></trkpt>
      <trkpt lat="51.488538" lon="0.08911"><ele>5.75</ele></trkpt>
      <trkpt lat="51.488564" lon="0.089057"><ele>5.5</ele></trkpt>
      <trkpt lat="51.488652" lon="0.088875"><ele>4.75</ele></trkpt>
      <trkpt lat="51.488772" lon="0.088587"><ele>5</ele></trkpt>
      <trkpt lat="51.488821" lon="0.088404"><ele>5</ele></trkpt>
      <trkpt lat="51.488892" lon="0.088077"><ele>4</ele></trkpt>
      <trkpt lat="51.489012" lon="0.087464"><ele>4.5</ele></trkpt>
      <trkpt lat="51.489089" lon="0.087153"><ele>4.25</ele></trkpt>
      <trkpt lat="51.489105" lon="0.087091"><ele>4</ele></trkpt>
      <trkpt lat="51.489122" lon="0.08703"><ele>4</ele></trkpt>
      <trkpt lat="51.489172" lon="0.086856"><ele>3.75</ele></trkpt>
      <trkpt lat="51.489261" lon="0.086603"><ele>3.5</ele></trkpt>
      <trkpt lat="51.48927" lon="0.086576"><ele>3.5</ele></trkpt>
      <trkpt lat="51.489344" lon="0.086295"><ele>4.25</ele></trkpt>
      <trkpt lat="51.489402" lon="0.08621"><ele>4.5</ele></trkpt>
      <trkpt lat="51.48944" lon="0.086087"><ele>5</ele></trkpt>
      <trkpt lat="51.489489" lon="0.08597"><ele>4.75</ele></trkpt>
      <trkpt lat="51.489546" lon="0.085856"><ele>4.5</ele></trkpt>
      <trkpt lat="51.489654" lon="0.085679"><ele>4.25</ele></trkpt>
      <trkpt lat="51.489788" lon="0.085486"><ele>3.5</ele></trkpt>
      <trkpt lat="51.489802" lon="0.085466"><ele>3.5</ele></trkpt>
      <trkpt lat="51.489828" lon="0.08543"><ele>3.25</ele></trkpt>
      <trkpt lat="51.489878" lon="0.085362"><ele>3.25</ele></trkpt>
      <trkpt lat="51.489974" lon="0.085227"><ele>3.25</ele></trkpt>
      <trkpt lat="51.490075" lon="0.085104"><ele>4</ele></trkpt>
      <trkpt lat="51.490135" lon="0.085015"><ele>5.25</ele></trkpt>
      <trkpt lat="51.490164" lon="0.084972"><ele>5.75</ele></trkpt>
      <trkpt lat="51.490296" lon="0.084742"><ele>7.5</ele></trkpt>
      <trkpt lat="51.490363" lon="0.084601"><ele>6.25</ele></trkpt>
      <trkpt lat="51.490477" lon="0.084286"><ele>5.75</ele></trkpt>
      <trkpt lat="51.490528" lon="0.084108"><ele>6.75</ele></trkpt>
      <trkpt lat="51.490801" lon="0.082822"><ele>6.75</ele></trkpt>
      <trkpt lat="51.490825" lon="0.082728"><ele>7</ele></trkpt>
      <trkpt lat="51.490866" lon="0.082539"><ele>6.75</ele></trkpt>
      <trkpt lat="51.490885" lon="0.082449"><ele>6.5</ele></trkpt>
      <trkpt lat="51.490945" lon="0.082148"><ele>5.5</ele></trkpt>
      <trkpt lat="51.491001" lon="0.082044"><ele>5.25</ele></trkpt>
      <trkpt lat="51.491014" lon="0.081744"><ele>5.75</ele></trkpt>
      <trkpt lat="51.491047" lon="0.081623"><ele>6</ele></trkpt>
      <trkpt lat="51.49105" lon="0.081573"><ele>6</ele></trkpt>
      <trkpt lat="51.49105" lon="0.081537"><ele>6</ele></trkpt>
      <trkpt lat="51.491077" lon="0.081498"><ele>6</ele></trkpt>
      <trkpt lat="51.491128" lon="0.081208"><ele>5.75</ele></trkpt>
      <trkpt lat="51.49114" lon="0.081011"><ele>5.75</ele></trkpt>
      <trkpt lat="51.491148" lon="0.081012"><ele>5.75</ele></trkpt>
      <trkpt lat="51.491158" lon="0.081013"><ele>5.75</ele></trkpt>
      <trkpt lat="51.491169" lon="0.080783"><ele>5.75</ele></trkpt>
      <trkpt lat="51.491149" lon="0.080556"><ele>5.75</ele></trkpt>
      <trkpt lat="51.49119" lon="0.079635"><ele>5.5</ele></trkpt>
      <trkpt lat="51.491207" lon="0.078923"><ele>6.25</ele></trkpt>
      <trkpt lat="51.491209" lon="0.078422"><ele>6.25</ele></trkpt>
      <trkpt lat="51.4912" lon="0.077913"><ele>6.25</ele></trkpt>
      <trkpt lat="51.4912" lon="0.07779"><ele>6.25</ele></trkpt>
      <trkpt lat="51.49124" lon="0.077394"><ele>6</ele></trkpt>
      <trkpt lat="51.491227" lon="0.077149"><ele>6.25</ele></trkpt>
      <trkpt lat="51.491187" lon="0.07675"><ele>6.5</ele></trkpt>
      <trkpt lat="51.491053" lon="0.07608"><ele>6</ele></trkpt>
      <trkpt lat="51.491021" lon="0.075859"><ele>6.5</ele></trkpt>
      <trkpt lat="51.490946" lon="0.07519"><ele>7</ele></trkpt>
      <trkpt lat="51.490889" lon="0.07462"><ele>7.75</ele></trkpt>
      <trkpt lat="51.490882" lon="0.074361"><ele>7.75</ele></trkpt>
      <trkpt lat="51.490887" lon="0.07422"><ele>7.75</ele></trkpt>
      <trkpt lat="51.490918" lon="0.073854"><ele>8</ele></trkpt>
      <trkpt lat="51.490956" lon="0.073624"><ele>8.5</ele></trkpt>
      <trkpt lat="51.490966" lon="0.073563"><ele>8.5</ele></trkpt>
      <trkpt lat="51.491008" lon="0.073541"><ele>8.5</ele></trkpt>
      <trkpt lat="51.491044" lon="0.073501"><ele>8.5</ele></trkpt>
      <trkpt lat="51.491068" lon="0.073455"><ele>8.5</ele></trkpt>
      <trkpt lat="51.491109" lon="0.07331"><ele>9</ele></trkpt>
      <trkpt lat="51.491126" lon="0.073266"><ele>8.75</ele></trkpt>
      <trkpt lat="51.491149" lon="0.073229"><ele>8.5</ele></trkpt>
      <trkpt lat="51.49119" lon="0.073188"><ele>8.25</ele></trkpt>
      <trkpt lat="51.491245" lon="0.073152"><ele>7.5</ele></trkpt>
      <trkpt lat="51.491508" lon="0.07327"><ele>6.5</ele></trkpt>
      <trkpt lat="51.491526" lon="0.073278"><ele>6.5</ele></trkpt>
      <trkpt lat="51.491548" lon="0.073287"><ele>6.25</ele></trkpt>
      <trkpt lat="51.491612" lon="0.073316"><ele>6</ele></trkpt>
      <trkpt lat="51.491628" lon="0.073322"><ele>6</ele></trkpt>
      <trkpt lat="51.491641" lon="0.073262"><ele>6.25</ele></trkpt>
      <trkpt lat="51.491743" lon="0.072783"><ele>6.75</ele></trkpt>
      <trkpt lat="51.491769" lon="0.072659"><ele>7</ele></trkpt>
      <trkpt lat="51.491807" lon="0.072482"><ele>7</ele></trkpt>
      <trkpt lat="51.491902" lon="0.072036"><ele>7</ele></trkpt>
      <trkpt lat="51.491985" lon="0.071649"><ele>6.75</ele></trkpt>
      <trkpt lat="51.492005" lon="0.071559"><ele>6.5</ele></trkpt>
      <trkpt lat="51.492024" lon="0.071466"><ele>6.25</ele></trkpt>
      <trkpt lat="51.491973" lon="0.071462"><ele>6.25</ele></trkpt>
      <trkpt lat="51.49205" lon="0.071062"><ele>5.25</ele></trkpt>
      <trkpt lat="51.492058" lon="0.071"><ele>5</ele></trkpt>
      <trkpt lat="51.492085" lon="0.070868"><ele>5</ele></trkpt>
      <trkpt lat="51.492091" lon="0.070835"><ele>5</ele></trkpt>
      <trkpt lat="51.492141" lon="0.070579"><ele>7.75</ele></trkpt>
      <trkpt lat="51.492156" lon="0.070509"><ele>7.75</ele></trkpt>
      <trkpt lat="51.492172" lon="0.070428"><ele>8.25</ele></trkpt>
      <trkpt lat="51.492227" lon="0.070395"><ele>8.5</ele></trkpt>
      <trkpt lat="51.492325" lon="0.070447"><ele>8</ele></trkpt>
      <trkpt lat="51.492355" lon="0.070428"><ele>8</ele></trkpt>
      <trkpt lat="51.492382" lon="0.070293"><ele>8.25</ele></trkpt>
      <trkpt lat="51.492545" lon="0.069524"><ele>9.5</ele></trkpt>
      <trkpt lat="51.492526" lon="0.069473"><ele>9.75</ele></trkpt>
      <trkpt lat="51.492644" lon="0.069338"><ele>9.25</ele></trkpt>
      <trkpt lat="51.492665" lon="0.069239"><ele>9.25</ele></trkpt>
      <trkpt lat="51.492548" lon="0.068848"><ele>9.75</ele></trkpt>
      <trkpt lat="51.492642" lon="0.068401"><ele>9.75</ele></trkpt>
      <trkpt lat="51.492719" lon="0.068296"><ele>9.5</ele></trkpt>
      <trkpt lat="51.492786" lon="0.068296"><ele>9</ele></trkpt>
      <trkpt lat="51.492786" lon="0.068262"><ele>9.25</ele></trkpt>
      <trkpt lat="51.492786" lon="0.068233"><ele>9.25</ele></trkpt>
      <trkpt lat="51.492796" lon="0.068172"><ele>9.5</ele></trkpt>
      <trkpt lat="51.492707" lon="0.067985"><ele>10</ele></trkpt>
      <trkpt lat="51.492705" lon="0.067966"><ele>10</ele></trkpt>
      <trkpt lat="51.492714" lon="0.067944"><ele>10</ele></trkpt>
      <trkpt lat="51.493018" lon="0.067482"><ele>10</ele></trkpt>
      <trkpt lat="51.492996" lon="0.067441"><ele>10</ele></trkpt>
      <trkpt lat="51.492963" lon="0.067376"><ele>10</ele></trkpt>
      <trkpt lat="51.492902" lon="0.067244"><ele>10</ele></trkpt>
      <trkpt lat="51.492913" lon="0.06723"><ele>10</ele></trkpt>
      <trkpt lat="51.492956" lon="0.06717"><ele>10</ele></trkpt>
      <trkpt lat="51.493" lon="0.06711"><ele>10</ele></trkpt>
      <trkpt lat="51.493008" lon="0.067099"><ele>10</ele></trkpt>
      <trkpt lat="51.492976" lon="0.067034"><ele>10</ele></trkpt>
      <trkpt lat="51.492969" lon="0.067002"><ele>10</ele></trkpt>
      <trkpt lat="51.492973" lon="0.06696"><ele>10</ele></trkpt>
      <trkpt lat="51.492987" lon="0.066917"><ele>10</ele></trkpt>
      <trkpt lat="51.493435" lon="0.066266"><ele>10</ele></trkpt>
      <trkpt lat="51.493424" lon="0.066245"><ele>10</ele></trkpt>
      <trkpt lat="51.493404" lon="0.066207"><ele>10</ele></trkpt>
      <trkpt lat="51.493435" lon="0.066162"><ele>10</ele></trkpt>
      <trkpt lat="51.493525" lon="0.066066"><ele>10</ele></trkpt>
      <trkpt lat="51.493614" lon="0.06601"><ele>10</ele></trkpt>
      <trkpt lat="51.493656" lon="0.065995"><ele>10</ele></trkpt>
      <trkpt lat="51.49369" lon="0.066005"><ele>10</ele></trkpt>
      <trkpt lat="51.493711" lon="0.065998"><ele>10</ele></trkpt>
      <trkpt lat="51.493729" lon="0.06598"><ele>10</ele></trkpt>
      <trkpt lat="51.493744" lon="0.065954"><ele>10</ele></trkpt>
      <trkpt lat="51.493752" lon="0.065922"><ele>10</ele></trkpt>
      <trkpt lat="51.493754" lon="0.065888"><ele>10</ele></trkpt>
      <trkpt lat="51.493785" lon="0.065801"><ele>10</ele></trkpt>
      <trkpt lat="51.493804" lon="0.065724"><ele>10</ele></trkpt>
      <trkpt lat="51.493813" lon="0.065499"><ele>10</ele></trkpt>
      <trkpt lat="51.493833" lon="0.064951"><ele>10</ele></trkpt>
      <trkpt lat="51.493865" lon="0.064676"><ele>9</ele></trkpt>
      <trkpt lat="51.493908" lon="0.064476"><ele>8.75</ele></trkpt>
      <trkpt lat="51.49395" lon="0.064208"><ele>7.75</ele></trkpt>
      <trkpt lat="51.493952" lon="0.063943"><ele>6.75</ele></trkpt>
      <trkpt lat="51.493935" lon="0.063778"><ele>6.5</ele></trkpt>
      <trkpt lat="51.49382" lon="0.063237"><ele>6</ele></trkpt>
      <trkpt lat="51.493855" lon="0.063217"><ele>6</ele></trkpt>
      <trkpt lat="51.493875" lon="0.063207"><ele>6</ele></trkpt>
      <trkpt lat="51.49374" lon="0.062593"><ele>6.5</ele></trkpt>
      <trkpt lat="51.494018" lon="0.062433"><ele>5.5</ele></trkpt>
      <trkpt lat="51.494098" lon="0.062362"><ele>5</ele></trkpt>
      <trkpt lat="51.494174" lon="0.062374"><ele>5</ele></trkpt>
      <trkpt lat="51.494303" lon="0.062373"><ele>5</ele></trkpt>
      <trkpt lat="51.494347" lon="0.062424"><ele>5</ele></trkpt>
      <trkpt lat="51.494364" lon="0.062462"><ele>5</ele></trkpt>
      <trkpt lat="51.494407" lon="0.062706"><ele>5.5</ele></trkpt>
      <trkpt lat="51.49442" lon="0.062811"><ele>5.75</ele></trkpt>
      <trkpt lat="51.494373" lon="0.062833"><ele>5.75</ele></trkpt>
      <trkpt lat="51.494379" lon="0.062902"><ele>5.75</ele></trkpt>
      <trkpt lat="51.494365" lon="0.06295"><ele>5.75</ele></trkpt>
      <trkpt lat="51.494345" lon="0.062967"><ele>5.75</ele></trkpt>
      <trkpt lat="51.49434" lon="0.062948"><ele>5.75</ele></trkpt>
      <trkpt lat="51.494337" lon="0.062939"><ele>5.75</ele></trkpt>
      <trkpt lat="51.494335" lon="0.062933"><ele>5.75</ele></trkpt>
      <trkpt lat="51.494308" lon="0.062943"><ele>5.75</ele></trkpt>
      <trkpt lat="51.494277" lon="0.062902"><ele>5.5</ele></trkpt>
      <trkpt lat="51.494273" lon="0.062876"><ele>5.5</ele></trkpt>
      <trkpt lat="51.494276" lon="0.062847"><ele>5.5</ele></trkpt>
      <trkpt lat="51.494295" lon="0.062817"><ele>5.5</ele></trkpt>
      <trkpt lat="51.494326" lon="0.062813"><ele>5.5</ele></trkpt>
      <trkpt lat="51.494342" lon="0.062826"><ele>5.5</ele></trkpt>
      <trkpt lat="51.494356" lon="0.062872"><ele>5.75</ele></trkpt>
      <trkpt lat="51.494354" lon="0.062895"><ele>5.75</ele></trkpt>
      <trkpt lat="51.494333" lon="0.062926"><ele>5.75</ele></trkpt>
      <trkpt lat="51.494311" lon="0.062935"><ele>5.75</ele></trkpt>
      <trkpt lat="51.494295" lon="0.062921"><ele>5.5</ele></trkpt>
      <trkpt lat="51.494277" lon="0.062876"><ele>5.5</ele></trkpt>
      <trkpt lat="51.494284" lon="0.06284"><ele>5.5</ele></trkpt>
      <trkpt lat="51.494294" lon="0.062826"><ele>5.5</ele></trkpt>
      <trkpt lat="51.494312" lon="0.062817"><ele>5.5</ele></trkpt>
      <trkpt lat="51.494341" lon="0.062831"><ele>5.5</ele></trkpt>
      <trkpt lat="51.49435" lon="0.062863"><ele>5.75</ele></trkpt>
      <trkpt lat="51.498745" lon="0.061664"><ele>5</ele></trkpt>
      <trkpt lat="51.498781" lon="0.061647"><ele>5</ele></trkpt>
      <trkpt lat="51.498744" lon="0.061646"><ele>5</ele></trkpt>
      <trkpt lat="51.498744" lon="0.061622"><ele>5</ele></trkpt>
      <trkpt lat="51.498759" lon="0.061589"><ele>5</ele></trkpt>
      <trkpt lat="51.498754" lon="0.061577"><ele>5</ele></trkpt>
      <trkpt lat="51.49874" lon="0.061535"><ele>5</ele></trkpt>
      <trkpt lat="51.498764" lon="0.061348"><ele>5</ele></trkpt>
      <trkpt lat="51.498763" lon="0.06129"><ele>5</ele></trkpt>
      <trkpt lat="51.498829" lon="0.0612"><ele>5</ele></trkpt>
      <trkpt lat="51.498859" lon="0.061167"><ele>5</ele></trkpt>
      <trkpt lat="51.498804" lon="0.061012"><ele>5</ele></trkpt>
      <trkpt lat="51.498721" lon="0.060819"><ele>5</ele></trkpt>
      <trkpt lat="51.498678" lon="0.060708"><ele>5</ele></trkpt>
      <trkpt lat="51.498626" lon="0.060555"><ele>5</ele></trkpt>
      <trkpt lat="51.498588" lon="0.06035"><ele>4.75</ele></trkpt>
      <trkpt lat="51.498567" lon="0.060199"><ele>4.75</ele></trkpt>
      <trkpt lat="51.498577" lon="0.060128"><ele>5</ele></trkpt>
      <trkpt lat="51.498579" lon="0.060004"><ele>5.5</ele></trkpt>
      <trkpt lat="51.498597" lon="0.060005"><ele>5.75</ele></trkpt>
      <trkpt lat="51.498605" lon="0.060005"><ele>5.75</ele></trkpt>
      <trkpt lat="51.498622" lon="0.059555"><ele>5.25</ele></trkpt>
      <trkpt lat="51.498629" lon="0.059414"><ele>4.75</ele></trkpt>
      <trkpt lat="51.498636" lon="0.05939"><ele>4.75</ele></trkpt>
      <trkpt lat="51.498636" lon="0.059311"><ele>4.75</ele></trkpt>
      <trkpt lat="51.499527" lon="0.059744"><ele>1</ele></trkpt>
      <trkpt lat="51.499956" lon="0.059955"><ele>1</ele></trkpt>
      <trkpt lat="51.500007" lon="0.05997"><ele>1</ele></trkpt>
      <trkpt lat="51.500041" lon="0.059745"><ele>1</ele></trkpt>
      <trkpt lat="51.500104" lon="0.059364"><ele>1.25</ele></trkpt>
      <trkpt lat="51.500261" lon="0.058413"><ele>1</ele></trkpt>
      <trkpt lat="51.50036" lon="0.05775"><ele>1.5</ele></trkpt>
      <trkpt lat="51.500403" lon="0.057769"><ele>1.5</ele></trkpt>
      <trkpt lat="51.500483" lon="0.05726"><ele>2</ele></trkpt>
      <trkpt lat="51.500486" lon="0.057238"><ele>2</ele></trkpt>
      <trkpt lat="51.5006" lon="0.057278"><ele>1.75</ele></trkpt>
      <trkpt lat="51.500692" lon="0.056658"><ele>2</ele></trkpt>
      <trkpt lat="51.500757" lon="0.056214"><ele>2</ele></trkpt>
      <trkpt lat="51.50076" lon="0.056196"><ele>2</ele></trkpt>
      <trkpt lat="51.501029" lon="0.05445"><ele>1.75</ele></trkpt>
      <trkpt lat="51.501067" lon="0.054226"><ele>1.25</ele></trkpt>
      <trkpt lat="51.501217" lon="0.053122"><ele>2</ele></trkpt>
      <trkpt lat="51.50139" lon="0.051744"><ele>2.5</ele></trkpt>
      <trkpt lat="51.501475" lon="0.050936"><ele>2.25</ele></trkpt>
      <trkpt lat="51.50154" lon="0.050401"><ele>2</ele></trkpt>
      <trkpt lat="51.501801" lon="0.048033"><ele>1.5</ele></trkpt>
      <trkpt lat="51.501873" lon="0.04742"><ele>1.25</ele></trkpt>
      <trkpt lat="51.50195" lon="0.046831"><ele>1</ele></trkpt>
      <trkpt lat="51.502012" lon="0.04646"><ele>1.5</ele></trkpt>
      <trkpt lat="51.502083" lon="0.046089"><ele>2</ele></trkpt>
      <trkpt lat="51.502225" lon="0.045482"><ele>1.5</ele></trkpt>
      <trkpt lat="51.502279" lon="0.045289"><ele>1</ele></trkpt>
      <trkpt lat="51.502292" lon="0.045277"><ele>1.25</ele></trkpt>
      <trkpt lat="51.502333" lon="0.045139"><ele>1.5</ele></trkpt>
      <trkpt lat="51.502344" lon="0.045058"><ele>1.75</ele></trkpt>
      <trkpt lat="51.502486" lon="0.044589"><ele>1.5</ele></trkpt>
      <trkpt lat="51.502767" lon="0.043861"><ele>1.75</ele></trkpt>
      <trkpt lat="51.503015" lon="0.043356"><ele>1.75</ele></trkpt>
      <trkpt lat="51.503236" lon="0.042978"><ele>2</ele></trkpt>
      <trkpt lat="51.503385" lon="0.042749"><ele>2</ele></trkpt>
      <trkpt lat="51.503746" lon="0.042274"><ele>2.25</ele></trkpt>
      <trkpt lat="51.503879" lon="0.042122"><ele>2.25</ele></trkpt>
      <trkpt lat="51.504158" lon="0.041835"><ele>2.5</ele></trkpt>
      <trkpt lat="51.504288" lon="0.041727"><ele>2.5</ele></trkpt>
      <trkpt lat="51.504388" lon="0.041673"><ele>2.5</ele></trkpt>
      <trkpt lat="51.50448" lon="0.041587"><ele>2.75</ele></trkpt>
      <trkpt lat="51.504502" lon="0.041554"><ele>2.75</ele></trkpt>
      <trkpt lat="51.504515" lon="0.041113"><ele>4.75</ele></trkpt>
      <trkpt lat="51.504532" lon="0.041111"><ele>5</ele></trkpt>
      <trkpt lat="51.504572" lon="0.04111"><ele>5</ele></trkpt>
      <trkpt lat="51.50461" lon="0.041109"><ele>5</ele></trkpt>
      <trkpt lat="51.504627" lon="0.04111"><ele>5</ele></trkpt>
      <trkpt lat="51.504633" lon="0.040633"><ele>5</ele></trkpt>
      <trkpt lat="51.504651" lon="0.040412"><ele>5</ele></trkpt>
      <trkpt lat="51.504662" lon="0.040312"><ele>5</ele></trkpt>
      <trkpt lat="51.504665" lon="0.040237"><ele>5.25</ele></trkpt>
      <trkpt lat="51.504665" lon="0.040171"><ele>5.75</ele></trkpt>
      <trkpt lat="51.504685" lon="0.040066"><ele>6.25</ele></trkpt>
      <trkpt lat="51.504711" lon="0.039992"><ele>6.75</ele></trkpt>
      <trkpt lat="51.504745" lon="0.039929"><ele>6.75</ele></trkpt>
      <trkpt lat="51.50476" lon="0.039913"><ele>6.75</ele></trkpt>
      <trkpt lat="51.504891" lon="0.039855"><ele>6.25</ele></trkpt>
      <trkpt lat="51.505051" lon="0.03989"><ele>5.75</ele></trkpt>
      <trkpt lat="51.505785" lon="0.039992"><ele>6</ele></trkpt>
      <trkpt lat="51.505808" lon="0.039942"><ele>6</ele></trkpt>
      <trkpt lat="51.505919" lon="0.039669"><ele>5.5</ele></trkpt>
      <trkpt lat="51.50593" lon="0.039636"><ele>5.5</ele></trkpt>
      <trkpt lat="51.505959" lon="0.039568"><ele>5.25</ele></trkpt>
      <trkpt lat="51.506233" lon="0.039582"><ele>6</ele></trkpt>
      <trkpt lat="51.506382" lon="0.03959"><ele>6</ele></trkpt>
      <trkpt lat="51.506562" lon="0.039602"><ele>4.75</ele></trkpt>
      <trkpt lat="51.506945" lon="0.039619"><ele>5</ele></trkpt>
      <trkpt lat="51.507025" lon="0.03962"><ele>5</ele></trkpt>
      <trkpt lat="51.507069" lon="0.039573"><ele>5</ele></trkpt>
      <trkpt lat="51.507089" lon="0.039505"><ele>5</ele></trkpt>
      <trkpt lat="51.507083" lon="0.039426"><ele>5</ele></trkpt>
      <trkpt lat="51.507058" lon="0.039366"><ele>5.25</ele></trkpt>
      <trkpt lat="51.507052" lon="0.03935"><ele>5.25</ele></trkpt>
      <trkpt lat="51.507047" lon="0.039324"><ele>5.25</ele></trkpt>
      <trkpt lat="51.507048" lon="0.039254"><ele>5.25</ele></trkpt>
      <trkpt lat="51.507122" lon="0.03925"><ele>5.5</ele></trkpt>
      <trkpt lat="51.507168" lon="0.039253"><ele>5.75</ele></trkpt>
      <trkpt lat="51.507644" lon="0.039287"><ele>5.25</ele></trkpt>
      <trkpt lat="51.507684" lon="0.03929"><ele>5.25</ele></trkpt>
      <trkpt lat="51.507729" lon="0.039259"><ele>5</ele></trkpt>
      <trkpt lat="51.507753" lon="0.039232"><ele>5</ele></trkpt>
      <trkpt lat="51.507795" lon="0.039226"><ele>5</ele></trkpt>
      <trkpt lat="51.507836" lon="0.039228"><ele>5</ele></trkpt>
      <trkpt lat="51.507861" lon="0.03923"><ele>5</ele></trkpt>
      <trkpt lat="51.508144" lon="0.039252"><ele>5</ele></trkpt>
      <trkpt lat="51.508438" lon="0.039399"><ele>4.5</ele></trkpt>
      <trkpt lat="51.508441" lon="0.039381"><ele>4.5</ele></trkpt>
      <trkpt lat="51.50845" lon="0.039321"><ele>4.5</ele></trkpt>
      <trkpt lat="51.508454" lon="0.039296"><ele>4.5</ele></trkpt>
      <trkpt lat="51.508514" lon="0.038962"><ele>4.25</ele></trkpt>
      <trkpt lat="51.508612" lon="0.038398"><ele>4.75</ele></trkpt>
      <trkpt lat="51.508636" lon="0.038334"><ele>4.75</ele></trkpt>
      <trkpt lat="51.508686" lon="0.038296"><ele>5</ele></trkpt>
      <trkpt lat="51.508774" lon="0.038171"><ele>5</ele></trkpt>
      <trkpt lat="51.508853" lon="0.038024"><ele>5</ele></trkpt>
      <trkpt lat="51.508892" lon="0.037969"><ele>5.25</ele></trkpt>
      <trkpt lat="51.508898" lon="0.037961"><ele>5.25</ele></trkpt>
      <trkpt lat="51.508925" lon="0.037926"><ele>5.25</ele></trkpt>
      <trkpt lat="51.508951" lon="0.03789"><ele>5.5</ele></trkpt>
      <trkpt lat="51.508971" lon="0.03786"><ele>5.5</ele></trkpt>
      <trkpt lat="51.508932" lon="0.037792"><ele>5.75</ele></trkpt>
      <trkpt lat="51.508945" lon="0.037773"><ele>5.75</ele></trkpt>
      <trkpt lat="51.508968" lon="0.037735"><ele>5.75</ele></trkpt>
      <trkpt lat="51.508991" lon="0.037697"><ele>5.75</ele></trkpt>
      <trkpt lat="51.509037" lon="0.037607"><ele>5.5</ele></trkpt>
      <trkpt lat="51.50919" lon="0.037021"><ele>3.75</ele></trkpt>
      <trkpt lat="51.509268" lon="0.036754"><ele>2.75</ele></trkpt>
      <trkpt lat="51.509347" lon="0.036214"><ele>1.75</ele></trkpt>
      <trkpt lat="51.509339" lon="0.036151"><ele>1.5</ele></trkpt>
      <trkpt lat="51.509269" lon="0.036069"><ele>1.5</ele></trkpt>
      <trkpt lat="51.509273" lon="0.036062"><ele>1.5</ele></trkpt>
      <trkpt lat="51.509291" lon="0.036007"><ele>1.5</ele></trkpt>
      <trkpt lat="51.509309" lon="0.035952"><ele>1.5</ele></trkpt>
      <trkpt lat="51.509513" lon="0.03495"><ele>1.25</ele></trkpt>
      <trkpt lat="51.509548" lon="0.034945"><ele>1.25</ele></trkpt>
      <trkpt lat="51.509577" lon="0.034917"><ele>1.25</ele></trkpt>
      <trkpt lat="51.509601" lon="0.03481"><ele>1.5</ele></trkpt>
      <trkpt lat="51.509611" lon="0.034815"><ele>1.5</ele></trkpt>
      <trkpt lat="51.509661" lon="0.034839"><ele>1.75</ele></trkpt>
      <trkpt lat="51.509673" lon="0.034782"><ele>1.75</ele></trkpt>
      <trkpt lat="51.509706" lon="0.034609"><ele>1.75</ele></trkpt>
      <trkpt lat="51.50972" lon="0.034541"><ele>1.75</ele></trkpt>
      <trkpt lat="51.509786" lon="0.03417"><ele>2</ele></trkpt>
      <trkpt lat="51.509803" lon="0.034065"><ele>2</ele></trkpt>
      <trkpt lat="51.509834" lon="0.033874"><ele>2</ele></trkpt>
      <trkpt lat="51.509841" lon="0.033824"><ele>2</ele></trkpt>
      <trkpt lat="51.509893" lon="0.033404"><ele>2</ele></trkpt>
      <trkpt lat="51.509914" lon="0.033203"><ele>2</ele></trkpt>
      <trkpt lat="51.509935" lon="0.032968"><ele>2</ele></trkpt>
      <trkpt lat="51.509954" lon="0.032595"><ele>2</ele></trkpt>
      <trkpt lat="51.509962" lon="0.032229"><ele>2</ele></trkpt>
      <trkpt lat="51.509981" lon="0.031163"><ele>1.25</ele></trkpt>
      <trkpt lat="51.509988" lon="0.030012"><ele>1</ele></trkpt>
      <trkpt lat="51.509983" lon="0.029013"><ele>2</ele></trkpt>
      <trkpt lat="51.509981" lon="0.028849"><ele>1.75</ele></trkpt>
      <trkpt lat="51.50997" lon="0.027819"><ele>1</ele></trkpt>
      <trkpt lat="51.509967" lon="0.027707"><ele>1</ele></trkpt>
      <trkpt lat="51.509951" lon="0.026848"><ele>1</ele></trkpt>
      <trkpt lat="51.509944" lon="0.026472"><ele>1.75</ele></trkpt>
      <trkpt lat="51.509944" lon="0.026428"><ele>1.75</ele></trkpt>
      <trkpt lat="51.509943" lon="0.026399"><ele>1.75</ele></trkpt>
      <trkpt lat="51.509943" lon="0.026386"><ele>2</ele></trkpt>
      <trkpt lat="51.509943" lon="0.026375"><ele>2</ele></trkpt>
      <trkpt lat="51.509939" lon="0.026212"><ele>2</ele></trkpt>
      <trkpt lat="51.509935" lon="0.026065"><ele>2</ele></trkpt>
      <trkpt lat="51.509961" lon="0.026064"><ele>2</ele></trkpt>
      <trkpt lat="51.50998" lon="0.026063"><ele>2</ele></trkpt>
      <trkpt lat="51.51001" lon="0.026062"><ele>1.75</ele></trkpt>
      <trkpt lat="51.510009" lon="0.025984"><ele>1.75</ele></trkpt>
      <trkpt lat="51.510009" lon="0.025861"><ele>1.75</ele></trkpt>
      <trkpt lat="51.50979" lon="0.02586"><ele>1.75</ele></trkpt>
      <trkpt lat="51.509791" lon="0.025921"><ele>1.75</ele></trkpt>
      <trkpt lat="51.509801" lon="0.026617"><ele>1.75</ele></trkpt>
      <trkpt lat="51.50977" lon="0.026615"><ele>1.75</ele></trkpt>
      <trkpt lat="51.509801" lon="0.026617"><ele>1.75</ele></trkpt>
      <trkpt lat="51.509791" lon="0.025921"><ele>1.75</ele></trkpt>
      <trkpt lat="51.50979" lon="0.02586"><ele>1.75</ele></trkpt>
      <trkpt lat="51.510009" lon="0.025861"><ele>1.75</ele></trkpt>
      <trkpt lat="51.510009" lon="0.025984"><ele>1.75</ele></trkpt>
      <trkpt lat="51.51001" lon="0.026062"><ele>1.75</ele></trkpt>
      <trkpt lat="51.50998" lon="0.026063"><ele>2</ele></trkpt>
      <trkpt lat="51.509961" lon="0.026064"><ele>2</ele></trkpt>
      <trkpt lat="51.509935" lon="0.026065"><ele>2</ele></trkpt>
      <trkpt lat="51.509935" lon="0.026027"><ele>2</ele></trkpt>
      <trkpt lat="51.509935" lon="0.026018"><ele>2</ele></trkpt>
      <trkpt lat="51.509928" lon="0.025963"><ele>2</ele></trkpt>
      <trkpt lat="51.509925" lon="0.025722"><ele>1.5</ele></trkpt>
      <trkpt lat="51.509921" lon="0.02549"><ele>1.25</ele></trkpt>
      <trkpt lat="51.509908" lon="0.025012"><ele>1.25</ele></trkpt>
      <trkpt lat="51.509907" lon="0.024931"><ele>1.25</ele></trkpt>
      <trkpt lat="51.509886" lon="0.024219"><ele>1.25</ele></trkpt>
      <trkpt lat="51.509872" lon="0.023707"><ele>1.25</ele></trkpt>
      <trkpt lat="51.509842" lon="0.023002"><ele>1.5</ele></trkpt>
      <trkpt lat="51.50979" lon="0.021932"><ele>1.5</ele></trkpt>
      <trkpt lat="51.509771" lon="0.021665"><ele>1.75</ele></trkpt>
      <trkpt lat="51.509763" lon="0.021554"><ele>1.75</ele></trkpt>
      <trkpt lat="51.509735" lon="0.02111"><ele>1</ele></trkpt>
      <trkpt lat="51.509663" lon="0.019968"><ele>2</ele></trkpt>
      <trkpt lat="51.50957" lon="0.018743"><ele>1.5</ele></trkpt>
      <trkpt lat="51.509519" lon="0.018253"><ele>1.5</ele></trkpt>
      <trkpt lat="51.50951" lon="0.018194"><ele>1.25</ele></trkpt>
      <trkpt lat="51.509501" lon="0.018122"><ele>1</ele></trkpt>
      <trkpt lat="51.50946" lon="0.017827"><ele>1</ele></trkpt>
      <trkpt lat="51.509212" lon="0.01616"><ele>1.75</ele></trkpt>
      <trkpt lat="51.50918" lon="0.015902"><ele>1.75</ele></trkpt>
      <trkpt lat="51.509157" lon="0.01563"><ele>2</ele></trkpt>
      <trkpt lat="51.50914" lon="0.015294"><ele>2</ele></trkpt>
      <trkpt lat="51.509136" lon="0.015"><ele>1</ele></trkpt>
      <trkpt lat="51.509144" lon="0.014715"><ele>1</ele></trkpt>
      <trkpt lat="51.509108" lon="0.01471"><ele>1</ele></trkpt>
      <trkpt lat="51.509097" lon="0.014708"><ele>1.25</ele></trkpt>
      <trkpt lat="51.50911" lon="0.0145"><ele>1.25</ele></trkpt>
      <trkpt lat="51.509136" lon="0.014271"><ele>1.25</ele></trkpt>
      <trkpt lat="51.509137" lon="0.014253"><ele>1.25</ele></trkpt>
      <trkpt lat="51.508944" lon="0.014207"><ele>1.5</ele></trkpt>
      <trkpt lat="51.508942" lon="0.01422"><ele>1.5</ele></trkpt>
      <trkpt lat="51.508923" lon="0.014388"><ele>1.5</ele></trkpt>
      <trkpt lat="51.508917" lon="0.014408"><ele>1.75</ele></trkpt>
      <trkpt lat="51.508898" lon="0.014417"><ele>1.75</ele></trkpt>
      <trkpt lat="51.508876" lon="0.014423"><ele>1.75</ele></trkpt>
      <trkpt lat="51.508875" lon="0.014363"><ele>1.75</ele></trkpt>
      <trkpt lat="51.508895" lon="0.014144"><ele>1.75</ele></trkpt>
      <trkpt lat="51.508909" lon="0.014044"><ele>1.75</ele></trkpt>
      <trkpt lat="51.508906" lon="0.013881"><ele>2</ele></trkpt>
      <trkpt lat="51.508899" lon="0.013821"><ele>2</ele></trkpt>
      <trkpt lat="51.508889" lon="0.013768"><ele>2</ele></trkpt>
      <trkpt lat="51.508883" lon="0.013732"><ele>2</ele></trkpt>
      <trkpt lat="51.508824" lon="0.013503"><ele>2</ele></trkpt>
      <trkpt lat="51.508795" lon="0.013392"><ele>2</ele></trkpt>
      <trkpt lat="51.508789" lon="0.013357"><ele>2</ele></trkpt>
      <trkpt lat="51.508779" lon="0.013303"><ele>1.75</ele></trkpt>
      <trkpt lat="51.508766" lon="0.01322"><ele>1.75</ele></trkpt>
      <trkpt lat="51.508756" lon="0.01311"><ele>1.5</ele></trkpt>
      <trkpt lat="51.508739" lon="0.012747"><ele>2</ele></trkpt>
      <trkpt lat="51.508751" lon="0.012652"><ele>2</ele></trkpt>
      <trkpt lat="51.508786" lon="0.012512"><ele>2.25</ele></trkpt>
      <trkpt lat="51.508804" lon="0.012429"><ele>2.25</ele></trkpt>
      <trkpt lat="51.508797" lon="0.012395"><ele>2.25</ele></trkpt>
      <trkpt lat="51.508779" lon="0.012377"><ele>2.25</ele></trkpt>
      <trkpt lat="51.508762" lon="0.012361"><ele>2.25</ele></trkpt>
      <trkpt lat="51.508743" lon="0.012342"><ele>2.5</ele></trkpt>
      <trkpt lat="51.508727" lon="0.012286"><ele>2.5</ele></trkpt>
      <trkpt lat="51.508711" lon="0.012242"><ele>2.5</ele></trkpt>
      <trkpt lat="51.508694" lon="0.012196"><ele>2.5</ele></trkpt>
      <trkpt lat="51.508682" lon="0.01216"><ele>2.75</ele></trkpt>
      <trkpt lat="51.508744" lon="0.012105"><ele>2.5</ele></trkpt>
      <trkpt lat="51.508738" lon="0.012068"><ele>2.75</ele></trkpt>
      <trkpt lat="51.508726" lon="0.011995"><ele>2.75</ele></trkpt>
      <trkpt lat="51.508785" lon="0.011966"><ele>2.75</ele></trkpt>
      <trkpt lat="51.508847" lon="0.011912"><ele>3.25</ele></trkpt>
      <trkpt lat="51.508962" lon="0.011772"><ele>4</ele></trkpt>
      <trkpt lat="51.509068" lon="0.011586"><ele>4.5</ele></trkpt>
      <trkpt lat="51.509137" lon="0.011443"><ele>4.75</ele></trkpt>
      <trkpt lat="51.509212" lon="0.011278"><ele>4.75</ele></trkpt>
      <trkpt lat="51.509257" lon="0.011145"><ele>5</ele></trkpt>
      <trkpt lat="51.509656" lon="0.009815"><ele>6</ele></trkpt>
      <trkpt lat="51.509796" lon="0.009308"><ele>6.5</ele></trkpt>
      <trkpt lat="51.509889" lon="0.008851"><ele>7</ele></trkpt>
      <trkpt lat="51.509932" lon="0.008585"><ele>7.25</ele></trkpt>
      <trkpt lat="51.51003" lon="0.007863"><ele>7.75</ele></trkpt>
      <trkpt lat="51.510078" lon="0.007354"><ele>8.25</ele></trkpt>
      <trkpt lat="51.510115" lon="0.006811"><ele>8.75</ele></trkpt>
      <trkpt lat="51.510136" lon="0.006155"><ele>9.25</ele></trkpt>
      <trkpt lat="51.510119" lon="0.005506"><ele>9.75</ele></trkpt>
      <trkpt lat="51.51007" lon="0.00469"><ele>10.5</ele></trkpt>
      <trkpt lat="51.510044" lon="0.004353"><ele>10.5</ele></trkpt>
      <trkpt lat="51.510033" lon="0.003802"><ele>9.25</ele></trkpt>
      <trkpt lat="51.510051" lon="0.003343"><ele>8.25</ele></trkpt>
      <trkpt lat="51.510095" lon="0.002896"><ele>6.75</ele></trkpt>
      <trkpt lat="51.510143" lon="0.002602"><ele>6</ele></trkpt>
      <trkpt lat="51.510207" lon="0.002162"><ele>5.5</ele></trkpt>
      <trkpt lat="51.510342" lon="0.001613"><ele>6</ele></trkpt>
      <trkpt lat="51.510368" lon="0.001522"><ele>6</ele></trkpt>
      <trkpt lat="51.510383" lon="0.001427"><ele>6</ele></trkpt>
      <trkpt lat="51.510397" lon="0.001251"><ele>6.25</ele></trkpt>
      <trkpt lat="51.51035" lon="0.00112"><ele>6.5</ele></trkpt>
      <trkpt lat="51.510323" lon="0.000976"><ele>6</ele></trkpt>
      <trkpt lat="51.510325" lon="0.000799"><ele>6</ele></trkpt>
      <trkpt lat="51.510368" lon="0.000608"><ele>5.75</ele></trkpt>
      <trkpt lat="51.510404" lon="0.000515"><ele>6</ele></trkpt>
      <trkpt lat="51.510413" lon="0.000225"><ele>6</ele></trkpt>
      <trkpt lat="51.510411" lon="0.00014"><ele>6</ele></trkpt>
      <trkpt lat="51.51041" lon="0.000085"><ele>6</ele></trkpt>
      <trkpt lat="51.510385" lon="-0.000258"><ele>5.75</ele></trkpt>
      <trkpt lat="51.51037" lon="-0.000413"><ele>5</ele></trkpt>
      <trkpt lat="51.510351" lon="-0.000598"><ele>4.25</ele></trkpt>
      <trkpt lat="51.510321" lon="-0.000801"><ele>3.75</ele></trkpt>
      <trkpt lat="51.510245" lon="-0.001261"><ele>2.25</ele></trkpt>
      <trkpt lat="51.510154" lon="-0.001605"><ele>3</ele></trkpt>
      <trkpt lat="51.510012" lon="-0.001955"><ele>4</ele></trkpt>
      <trkpt lat="51.509743" lon="-0.002405"><ele>5</ele></trkpt>
      <trkpt lat="51.509599" lon="-0.002586"><ele>5.25</ele></trkpt>
      <trkpt lat="51.509064" lon="-0.003258"><ele>6</ele></trkpt>
      <trkpt lat="51.508573" lon="-0.003884"><ele>5</ele></trkpt>
      <trkpt lat="51.50811" lon="-0.004715"><ele>4.75</ele></trkpt>
      <trkpt lat="51.507899" lon="-0.005472"><ele>4.5</ele></trkpt>
      <trkpt lat="51.507788" lon="-0.005842"><ele>4.75</ele></trkpt>
      <trkpt lat="51.507746" lon="-0.006029"><ele>4.25</ele></trkpt>
      <trkpt lat="51.50763" lon="-0.006885"><ele>3.5</ele></trkpt>
      <trkpt lat="51.507608" lon="-0.007176"><ele>3.25</ele></trkpt>
      <trkpt lat="51.507432" lon="-0.009213"><ele>4</ele></trkpt>
      <trkpt lat="51.507156" lon="-0.012252"><ele>4</ele></trkpt>
      <trkpt lat="51.50714" lon="-0.012629"><ele>4</ele></trkpt>
      <trkpt lat="51.507102" lon="-0.013694"><ele>3</ele></trkpt>
      <trkpt lat="51.507102" lon="-0.013938"><ele>3</ele></trkpt>
      <trkpt lat="51.507056" lon="-0.014425"><ele>3.25</ele></trkpt>
      <trkpt lat="51.507052" lon="-0.014736"><ele>3.25</ele></trkpt>
      <trkpt lat="51.507099" lon="-0.015533"><ele>4.25</ele></trkpt>
      <trkpt lat="51.507127" lon="-0.016248"><ele>4</ele></trkpt>
      <trkpt lat="51.507118" lon="-0.016307"><ele>4.25</ele></trkpt>
      <trkpt lat="51.507095" lon="-0.016354"><ele>4.25</ele></trkpt>
      <trkpt lat="51.507066" lon="-0.016387"><ele>4.5</ele></trkpt>
      <trkpt lat="51.506969" lon="-0.016423"><ele>4.75</ele></trkpt>
      <trkpt lat="51.506827" lon="-0.01645"><ele>5.5</ele></trkpt>
      <trkpt lat="51.506785" lon="-0.016458"><ele>5.5</ele></trkpt>
      <trkpt lat="51.506734" lon="-0.016511"><ele>6</ele></trkpt>
      <trkpt lat="51.506672" lon="-0.016547"><ele>6.5</ele></trkpt>
      <trkpt lat="51.506518" lon="-0.016568"><ele>5.75</ele></trkpt>
      <trkpt lat="51.506498" lon="-0.016569"><ele>5.5</ele></trkpt>
      <trkpt lat="51.506357" lon="-0.016578"><ele>4.75</ele></trkpt>
      <trkpt lat="51.506332" lon="-0.016624"><ele>4.75</ele></trkpt>
      <trkpt lat="51.506165" lon="-0.016664"><ele>4</ele></trkpt>
      <trkpt lat="51.50614" lon="-0.016669"><ele>4</ele></trkpt>
      <trkpt lat="51.505906" lon="-0.016721"><ele>3.75</ele></trkpt>
      <trkpt lat="51.505903" lon="-0.016698"><ele>3.75</ele></trkpt>
      <trkpt lat="51.505895" lon="-0.016685"><ele>3.75</ele></trkpt>
      <trkpt lat="51.505882" lon="-0.01656"><ele>4.25</ele></trkpt>
      <trkpt lat="51.505868" lon="-0.016565"><ele>4.25</ele></trkpt>
      <trkpt lat="51.505853" lon="-0.016567"><ele>4.25</ele></trkpt>
      <trkpt lat="51.505861" lon="-0.016646"><ele>4</ele></trkpt>
      <trkpt lat="51.505903" lon="-0.016957"><ele>3</ele></trkpt>
      <trkpt lat="51.505965" lon="-0.017529"><ele>2.5</ele></trkpt>
      <trkpt lat="51.506041" lon="-0.018225"><ele>3.25</ele></trkpt>
      <trkpt lat="51.506044" lon="-0.018369"><ele>3</ele></trkpt>
      <trkpt lat="51.506095" lon="-0.018847"><ele>4.75</ele></trkpt>
      <trkpt lat="51.506152" lon="-0.018834"><ele>4.5</ele></trkpt>
      <trkpt lat="51.5062" lon="-0.018821"><ele>4.5</ele></trkpt>
      <trkpt lat="51.506323" lon="-0.018788"><ele>4.5</ele></trkpt>
      <trkpt lat="51.506381" lon="-0.018771"><ele>4.5</ele></trkpt>
      <trkpt lat="51.506411" lon="-0.019069"><ele>4.25</ele></trkpt>
      <trkpt lat="51.506577" lon="-0.019025"><ele>4.75</ele></trkpt>
      <trkpt lat="51.506704" lon="-0.02017"><ele>5</ele></trkpt>
      <trkpt lat="51.506746" lon="-0.020159"><ele>5</ele></trkpt>
      <trkpt lat="51.506769" lon="-0.020371"><ele>5</ele></trkpt>
      <trkpt lat="51.507215" lon="-0.020272"><ele>5</ele></trkpt>
      <trkpt lat="51.507225" lon="-0.020403"><ele>4.5</ele></trkpt>
      <trkpt lat="51.507229" lon="-0.020452"><ele>4.25</ele></trkpt>
      <trkpt lat="51.507233" lon="-0.020501"><ele>4</ele></trkpt>
      <trkpt lat="51.507247" lon="-0.020498"><ele>4</ele></trkpt>
      <trkpt lat="51.507439" lon="-0.020461"><ele>3.25</ele></trkpt>
      <trkpt lat="51.507512" lon="-0.020464"><ele>3</ele></trkpt>
      <trkpt lat="51.507532" lon="-0.020475"><ele>3</ele></trkpt>
      <trkpt lat="51.50754" lon="-0.020568"><ele>3</ele></trkpt>
      <trkpt lat="51.507548" lon="-0.020651"><ele>3</ele></trkpt>
      <trkpt lat="51.507589" lon="-0.020691"><ele>3.25</ele></trkpt>
      <trkpt lat="51.507621" lon="-0.02084"><ele>3.25</ele></trkpt>
      <trkpt lat="51.507647" lon="-0.020878"><ele>3.5</ele></trkpt>
      <trkpt lat="51.507679" lon="-0.020904"><ele>3.5</ele></trkpt>
      <trkpt lat="51.507724" lon="-0.020936"><ele>3.75</ele></trkpt>
      <trkpt lat="51.507756" lon="-0.020948"><ele>3.75</ele></trkpt>
      <trkpt lat="51.507767" lon="-0.020939"><ele>3.75</ele></trkpt>
      <trkpt lat="51.507893" lon="-0.020839"><ele>3.5</ele></trkpt>
      <trkpt lat="51.50792" lon="-0.020825"><ele>3.25</ele></trkpt>
      <trkpt lat="51.507981" lon="-0.02082"><ele>3</ele></trkpt>
      <trkpt lat="51.508008" lon="-0.020829"><ele>3</ele></trkpt>
      <trkpt lat="51.508029" lon="-0.020845"><ele>3</ele></trkpt>
      <trkpt lat="51.508052" lon="-0.020881"><ele>3</ele></trkpt>
      <trkpt lat="51.5081" lon="-0.021058"><ele>2.5</ele></trkpt>
      <trkpt lat="51.508142" lon="-0.021262"><ele>2.25</ele></trkpt>
      <trkpt lat="51.508255" lon="-0.021913"><ele>2</ele></trkpt>
      <trkpt lat="51.508357" lon="-0.02244"><ele>2</ele></trkpt>
      <trkpt lat="51.508414" lon="-0.022682"><ele>2</ele></trkpt>
      <trkpt lat="51.508465" lon="-0.022861"><ele>2.5</ele></trkpt>
      <trkpt lat="51.508605" lon="-0.023256"><ele>3</ele></trkpt>
      <trkpt lat="51.508694" lon="-0.023466"><ele>3.5</ele></trkpt>
      <trkpt lat="51.50877" lon="-0.023652"><ele>4</ele></trkpt>
      <trkpt lat="51.508859" lon="-0.023871"><ele>4</ele></trkpt>
      <trkpt lat="51.508918" lon="-0.02395"><ele>4</ele></trkpt>
      <trkpt lat="51.508952" lon="-0.024064"><ele>4</ele></trkpt>
      <trkpt lat="51.509014" lon="-0.024264"><ele>4.25</ele></trkpt>
      <trkpt lat="51.509037" lon="-0.024333"><ele>4</ele></trkpt>
      <trkpt lat="51.509046" lon="-0.024361"><ele>4</ele></trkpt>
      <trkpt lat="51.509122" lon="-0.02457"><ele>4.25</ele></trkpt>
      <trkpt lat="51.509179" lon="-0.02469"><ele>4.75</ele></trkpt>
      <trkpt lat="51.509266" lon="-0.024844"><ele>5</ele></trkpt>
      <trkpt lat="51.509379" lon="-0.025018"><ele>5</ele></trkpt>
      <trkpt lat="51.509501" lon="-0.025188"><ele>5</ele></trkpt>
      <trkpt lat="51.509566" lon="-0.025281"><ele>4.75</ele></trkpt>
      <trkpt lat="51.509605" lon="-0.025365"><ele>4.75</ele></trkpt>
      <trkpt lat="51.509628" lon="-0.025445"><ele>4.75</ele></trkpt>
      <trkpt lat="51.509648" lon="-0.025558"><ele>4.5</ele></trkpt>
      <trkpt lat="51.509629" lon="-0.025756"><ele>4</ele></trkpt>
      <trkpt lat="51.509728" lon="-0.025893"><ele>4</ele></trkpt>
      <trkpt lat="51.509822" lon="-0.026032"><ele>4.25</ele></trkpt>
      <trkpt lat="51.510111" lon="-0.026396"><ele>4.75</ele></trkpt>
      <trkpt lat="51.510263" lon="-0.026592"><ele>4.75</ele></trkpt>
      <trkpt lat="51.510389" lon="-0.026744"><ele>5</ele></trkpt>
      <trkpt lat="51.510583" lon="-0.027"><ele>5</ele></trkpt>
      <trkpt lat="51.510724" lon="-0.027163"><ele>5</ele></trkpt>
      <trkpt lat="51.510764" lon="-0.02721"><ele>5</ele></trkpt>
      <trkpt lat="51.511109" lon="-0.027621"><ele>5</ele></trkpt>
      <trkpt lat="51.511551" lon="-0.028169"><ele>6</ele></trkpt>
      <trkpt lat="51.511677" lon="-0.028439"><ele>6</ele></trkpt>
      <trkpt lat="51.511723" lon="-0.02851"><ele>6</ele></trkpt>
      <trkpt lat="51.511745" lon="-0.028543"><ele>6</ele></trkpt>
      <trkpt lat="51.511793" lon="-0.028611"><ele>6</ele></trkpt>
      <trkpt lat="51.511883" lon="-0.028715"><ele>6</ele></trkpt>
      <trkpt lat="51.512012" lon="-0.028983"><ele>6</ele></trkpt>
      <trkpt lat="51.512086" lon="-0.02913"><ele>6</ele></trkpt>
      <trkpt lat="51.512173" lon="-0.029345"><ele>6</ele></trkpt>
      <trkpt lat="51.512192" lon="-0.029405"><ele>6</ele></trkpt>
      <trkpt lat="51.512249" lon="-0.029551"><ele>6</ele></trkpt>
      <trkpt lat="51.512306" lon="-0.029586"><ele>5.75</ele></trkpt>
      <trkpt lat="51.51232" lon="-0.029639"><ele>6</ele></trkpt>
      <trkpt lat="51.512377" lon="-0.029908"><ele>6</ele></trkpt>
      <trkpt lat="51.512411" lon="-0.030213"><ele>6.75</ele></trkpt>
      <trkpt lat="51.512415" lon="-0.030332"><ele>7</ele></trkpt>
      <trkpt lat="51.512409" lon="-0.030497"><ele>7</ele></trkpt>
      <trkpt lat="51.512346" lon="-0.030912"><ele>7.25</ele></trkpt>
      <trkpt lat="51.512324" lon="-0.031115"><ele>7.75</ele></trkpt>
      <trkpt lat="51.51232" lon="-0.031201"><ele>7.5</ele></trkpt>
      <trkpt lat="51.512314" lon="-0.031358"><ele>7</ele></trkpt>
      <trkpt lat="51.512319" lon="-0.031416"><ele>6.75</ele></trkpt>
      <trkpt lat="51.512337" lon="-0.031485"><ele>6.5</ele></trkpt>
      <trkpt lat="51.512359" lon="-0.031538"><ele>6.5</ele></trkpt>
      <trkpt lat="51.512373" lon="-0.031608"><ele>6.5</ele></trkpt>
      <trkpt lat="51.512381" lon="-0.031689"><ele>6.5</ele></trkpt>
      <trkpt lat="51.512389" lon="-0.031758"><ele>6.5</ele></trkpt>
      <trkpt lat="51.512395" lon="-0.031813"><ele>6.75</ele></trkpt>
      <trkpt lat="51.512401" lon="-0.031869"><ele>6.75</ele></trkpt>
      <trkpt lat="51.512444" lon="-0.031903"><ele>7</ele></trkpt>
      <trkpt lat="51.512478" lon="-0.031929"><ele>7.5</ele></trkpt>
      <trkpt lat="51.512611" lon="-0.032063"><ele>8</ele></trkpt>
      <trkpt lat="51.512683" lon="-0.032153"><ele>8</ele></trkpt>
      <trkpt lat="51.51273" lon="-0.032212"><ele>8</ele></trkpt>
      <trkpt lat="51.512957" lon="-0.032497"><ele>8.5</ele></trkpt>
      <trkpt lat="51.51303" lon="-0.032589"><ele>8.75</ele></trkpt>
      <trkpt lat="51.51318" lon="-0.032777"><ele>9</ele></trkpt>
      <trkpt lat="51.513256" lon="-0.032874"><ele>9</ele></trkpt>
      <trkpt lat="51.513574" lon="-0.033284"><ele>9</ele></trkpt>
      <trkpt lat="51.513663" lon="-0.033399"><ele>9</ele></trkpt>
      <trkpt lat="51.513892" lon="-0.033686"><ele>10</ele></trkpt>
      <trkpt lat="51.51401" lon="-0.033846"><ele>10</ele></trkpt>
      <trkpt lat="51.514134" lon="-0.034"><ele>10</ele></trkpt>
      <trkpt lat="51.514162" lon="-0.034018"><ele>10</ele></trkpt>
      <trkpt lat="51.514189" lon="-0.034037"><ele>10</ele></trkpt>
      <trkpt lat="51.514218" lon="-0.034055"><ele>9.75</ele></trkpt>
      <trkpt lat="51.514201" lon="-0.034239"><ele>9.75</ele></trkpt>
      <trkpt lat="51.514133" lon="-0.034953"><ele>9.75</ele></trkpt>
      <trkpt lat="51.5141" lon="-0.035261"><ele>7.75</ele></trkpt>
      <trkpt lat="51.514099" lon="-0.035357"><ele>7.5</ele></trkpt>
      <trkpt lat="51.514088" lon="-0.035666"><ele>7.25</ele></trkpt>
      <trkpt lat="51.514086" lon="-0.03573"><ele>7.5</ele></trkpt>
      <trkpt lat="51.514118" lon="-0.035729"><ele>7.75</ele></trkpt>
      <trkpt lat="51.514128" lon="-0.035729"><ele>7.75</ele></trkpt>
      <trkpt lat="51.514128" lon="-0.035774"><ele>8</ele></trkpt>
      <trkpt lat="51.514125" lon="-0.035982"><ele>9</ele></trkpt>
      <trkpt lat="51.514125" lon="-0.036036"><ele>9.25</ele></trkpt>
      <trkpt lat="51.514124" lon="-0.0361"><ele>9.75</ele></trkpt>
      <trkpt lat="51.514125" lon="-0.036184"><ele>9.75</ele></trkpt>
      <trkpt lat="51.514126" lon="-0.036634"><ele>9.75</ele></trkpt>
      <trkpt lat="51.514133" lon="-0.03665"><ele>9.75</ele></trkpt>
      <trkpt lat="51.514134" lon="-0.036697"><ele>10</ele></trkpt>
      <trkpt lat="51.514135" lon="-0.036737"><ele>10</ele></trkpt>
      <trkpt lat="51.514163" lon="-0.037094"><ele>10</ele></trkpt>
      <trkpt lat="51.514182" lon="-0.037312"><ele>10</ele></trkpt>
      <trkpt lat="51.514187" lon="-0.037357"><ele>10</ele></trkpt>
      <trkpt lat="51.514193" lon="-0.03742"><ele>10</ele></trkpt>
      <trkpt lat="51.51429" lon="-0.037897"><ele>10</ele></trkpt>
      <trkpt lat="51.514309" lon="-0.037944"><ele>10</ele></trkpt>
      <trkpt lat="51.51433" lon="-0.038025"><ele>10</ele></trkpt>
      <trkpt lat="51.514444" lon="-0.038573"><ele>9.75</ele></trkpt>
      <trkpt lat="51.514458" lon="-0.03859"><ele>10</ele></trkpt>
      <trkpt lat="51.51447" lon="-0.038654"><ele>9.75</ele></trkpt>
      <trkpt lat="51.514487" lon="-0.038744"><ele>10</ele></trkpt>
      <trkpt lat="51.514648" lon="-0.039479"><ele>10</ele></trkpt>
      <trkpt lat="51.514663" lon="-0.039549"><ele>10.25</ele></trkpt>
      <trkpt lat="51.514681" lon="-0.039638"><ele>10.5</ele></trkpt>
      <trkpt lat="51.514809" lon="-0.040208"><ele>10.75</ele></trkpt>
      <trkpt lat="51.514815" lon="-0.040232"><ele>10.75</ele></trkpt>
      <trkpt lat="51.514839" lon="-0.040233"><ele>10.75</ele></trkpt>
      <trkpt lat="51.514861" lon="-0.040244"><ele>10.75</ele></trkpt>
      <trkpt lat="51.514892" lon="-0.040306"><ele>11</ele></trkpt>
      <trkpt lat="51.514913" lon="-0.040327"><ele>11</ele></trkpt>
      <trkpt lat="51.515183" lon="-0.040378"><ele>11.25</ele></trkpt>
      <trkpt lat="51.515205" lon="-0.040396"><ele>11.25</ele></trkpt>
      <trkpt lat="51.515211" lon="-0.04042"><ele>11.25</ele></trkpt>
      <trkpt lat="51.515212" lon="-0.040433"><ele>11.25</ele></trkpt>
      <trkpt lat="51.515291" lon="-0.040434"><ele>11.25</ele></trkpt>
      <trkpt lat="51.515305" lon="-0.040427"><ele>11.25</ele></trkpt>
      <trkpt lat="51.515361" lon="-0.040417"><ele>11.25</ele></trkpt>
      <trkpt lat="51.515361" lon="-0.040481"><ele>11.25</ele></trkpt>
      <trkpt lat="51.515485" lon="-0.040481"><ele>11.5</ele></trkpt>
      <trkpt lat="51.515597" lon="-0.040493"><ele>11.75</ele></trkpt>
      <trkpt lat="51.51565" lon="-0.040513"><ele>11.75</ele></trkpt>
      <trkpt lat="51.515696" lon="-0.040558"><ele>11.75</ele></trkpt>
      <trkpt lat="51.515713" lon="-0.040596"><ele>11.75</ele></trkpt>
      <trkpt lat="51.515721" lon="-0.04066"><ele>11.75</ele></trkpt>
      <trkpt lat="51.515751" lon="-0.040667"><ele>11.5</ele></trkpt>
      <trkpt lat="51.515757" lon="-0.040669"><ele>11.5</ele></trkpt>
      <trkpt lat="51.515769" lon="-0.040672"><ele>11.5</ele></trkpt>
      <trkpt lat="51.515828" lon="-0.040745"><ele>11.25</ele></trkpt>
      <trkpt lat="51.515914" lon="-0.040855"><ele>11.25</ele></trkpt>
      <trkpt lat="51.51666" lon="-0.041802"><ele>10.25</ele></trkpt>
      <trkpt lat="51.51672" lon="-0.041894"><ele>10.5</ele></trkpt>
      <trkpt lat="51.51677" lon="-0.04198"><ele>10.5</ele></trkpt>
      <trkpt lat="51.516821" lon="-0.042116"><ele>10.25</ele></trkpt>
      <trkpt lat="51.516938" lon="-0.042211"><ele>10</ele></trkpt>
      <trkpt lat="51.517137" lon="-0.042393"><ele>10</ele></trkpt>
      <trkpt lat="51.517258" lon="-0.04251"><ele>9.75</ele></trkpt>
      <trkpt lat="51.517274" lon="-0.042525"><ele>9.75</ele></trkpt>
      <trkpt lat="51.517273" lon="-0.042553"><ele>9.75</ele></trkpt>
      <trkpt lat="51.517272" lon="-0.042634"><ele>9.75</ele></trkpt>
      <trkpt lat="51.517517" lon="-0.042652"><ele>9.5</ele></trkpt>
      <trkpt lat="51.517675" lon="-0.042676"><ele>9</ele></trkpt>
      <trkpt lat="51.517665" lon="-0.042822"><ele>9.25</ele></trkpt>
      <trkpt lat="51.517678" lon="-0.042857"><ele>9.25</ele></trkpt>
      <trkpt lat="51.517768" lon="-0.043277"><ele>9</ele></trkpt>
      <trkpt lat="51.517861" lon="-0.043723"><ele>9</ele></trkpt>
      <trkpt lat="51.517883" lon="-0.043793"><ele>9</ele></trkpt>
      <trkpt lat="51.518049" lon="-0.044383"><ele>9</ele></trkpt>
      <trkpt lat="51.518096" lon="-0.044561"><ele>9</ele></trkpt>
      <trkpt lat="51.518222" lon="-0.04482"><ele>9</ele></trkpt>
      <trkpt lat="51.518259" lon="-0.044957"><ele>9</ele></trkpt>
      <trkpt lat="51.518281" lon="-0.04517"><ele>9</ele></trkpt>
      <trkpt lat="51.518302" lon="-0.045279"><ele>9</ele></trkpt>
      <trkpt lat="51.518412" lon="-0.045567"><ele>10</ele></trkpt>
      <trkpt lat="51.518405" lon="-0.045599"><ele>10</ele></trkpt>
      <trkpt lat="51.518414" lon="-0.045766"><ele>10</ele></trkpt>
      <trkpt lat="51.518435" lon="-0.045923"><ele>9.75</ele></trkpt>
      <trkpt lat="51.51848" lon="-0.046171"><ele>9.5</ele></trkpt>
      <trkpt lat="51.518523" lon="-0.046237"><ele>9.75</ele></trkpt>
      <trkpt lat="51.518519" lon="-0.046315"><ele>9.75</ele></trkpt>
      <trkpt lat="51.518531" lon="-0.046457"><ele>10</ele></trkpt>
      <trkpt lat="51.51856" lon="-0.046783"><ele>10</ele></trkpt>
      <trkpt lat="51.518599" lon="-0.047107"><ele>10</ele></trkpt>
      <trkpt lat="51.518666" lon="-0.047447"><ele>10</ele></trkpt>
      <trkpt lat="51.518825" lon="-0.048001"><ele>9.25</ele></trkpt>
      <trkpt lat="51.518845" lon="-0.048059"><ele>9</ele></trkpt>
      <trkpt lat="51.518919" lon="-0.048288"><ele>9.75</ele></trkpt>
      <trkpt lat="51.518967" lon="-0.048474"><ele>10</ele></trkpt>
      <trkpt lat="51.519034" lon="-0.048841"><ele>10</ele></trkpt>
      <trkpt lat="51.519144" lon="-0.04956"><ele>10</ele></trkpt>
      <trkpt lat="51.519165" lon="-0.04967"><ele>10</ele></trkpt>
      <trkpt lat="51.519247" lon="-0.049947"><ele>10</ele></trkpt>
      <trkpt lat="51.519264" lon="-0.050031"><ele>10</ele></trkpt>
      <trkpt lat="51.519287" lon="-0.05018"><ele>10</ele></trkpt>
      <trkpt lat="51.519296" lon="-0.050305"><ele>10</ele></trkpt>
      <trkpt lat="51.51931" lon="-0.050506"><ele>10</ele></trkpt>
      <trkpt lat="51.519318" lon="-0.050655"><ele>10</ele></trkpt>
      <trkpt lat="51.519343" lon="-0.05114"><ele>10.25</ele></trkpt>
      <trkpt lat="51.519345" lon="-0.05117"><ele>10.25</ele></trkpt>
      <trkpt lat="51.519353" lon="-0.051359"><ele>10.25</ele></trkpt>
      <trkpt lat="51.519368" lon="-0.051716"><ele>10.25</ele></trkpt>
      <trkpt lat="51.519379" lon="-0.051983"><ele>10</ele></trkpt>
      <trkpt lat="51.519388" lon="-0.052194"><ele>10</ele></trkpt>
      <trkpt lat="51.5194" lon="-0.052458"><ele>10</ele></trkpt>
      <trkpt lat="51.519415" lon="-0.052781"><ele>10.75</ele></trkpt>
      <trkpt lat="51.519421" lon="-0.052842"><ele>10.75</ele></trkpt>
      <trkpt lat="51.519448" lon="-0.052917"><ele>10.75</ele></trkpt>
      <trkpt lat="51.519454" lon="-0.05301"><ele>11</ele></trkpt>
      <trkpt lat="51.519458" lon="-0.053058"><ele>10.75</ele></trkpt>
      <trkpt lat="51.519507" lon="-0.053515"><ele>11</ele></trkpt>
      <trkpt lat="51.519516" lon="-0.053585"><ele>11</ele></trkpt>
      <trkpt lat="51.519531" lon="-0.053751"><ele>11</ele></trkpt>
      <trkpt lat="51.519474" lon="-0.054408"><ele>11</ele></trkpt>
      <trkpt lat="51.519426" lon="-0.054781"><ele>11</ele></trkpt>
      <trkpt lat="51.519411" lon="-0.054881"><ele>11</ele></trkpt>
      <trkpt lat="51.519327" lon="-0.055434"><ele>11</ele></trkpt>
      <trkpt lat="51.519289" lon="-0.055694"><ele>11</ele></trkpt>
      <trkpt lat="51.519272" lon="-0.055768"><ele>11</ele></trkpt>
      <trkpt lat="51.519255" lon="-0.055843"><ele>11</ele></trkpt>
      <trkpt lat="51.519305" lon="-0.055896"><ele>11</ele></trkpt>
      <trkpt lat="51.51938" lon="-0.055949"><ele>11</ele></trkpt>
      <trkpt lat="51.519447" lon="-0.056"><ele>11</ele></trkpt>
      <trkpt lat="51.519495" lon="-0.056112"><ele>11</ele></trkpt>
      <trkpt lat="51.519613" lon="-0.056279"><ele>11.5</ele></trkpt>
      <trkpt lat="51.519664" lon="-0.056318"><ele>11.5</ele></trkpt>
      <trkpt lat="51.519691" lon="-0.056341"><ele>11.75</ele></trkpt>
      <trkpt lat="51.519675" lon="-0.056406"><ele>12</ele></trkpt>
      <trkpt lat="51.519674" lon="-0.056454"><ele>12</ele></trkpt>
      <trkpt lat="51.519674" lon="-0.056506"><ele>12</ele></trkpt>
      <trkpt lat="51.51965" lon="-0.056643"><ele>12</ele></trkpt>
      <trkpt lat="51.519684" lon="-0.056658"><ele>12</ele></trkpt>
      <trkpt lat="51.519697" lon="-0.056665"><ele>12</ele></trkpt>
      <trkpt lat="51.519733" lon="-0.056685"><ele>11.75</ele></trkpt>
      <trkpt lat="51.51972" lon="-0.056753"><ele>12</ele></trkpt>
      <trkpt lat="51.519705" lon="-0.057059"><ele>11.5</ele></trkpt>
      <trkpt lat="51.519593" lon="-0.057597"><ele>12</ele></trkpt>
      <trkpt lat="51.51953" lon="-0.057893"><ele>12</ele></trkpt>
      <trkpt lat="51.519521" lon="-0.057932"><ele>12</ele></trkpt>
      <trkpt lat="51.519501" lon="-0.058024"><ele>12</ele></trkpt>
      <trkpt lat="51.519569" lon="-0.058063"><ele>11.75</ele></trkpt>
      <trkpt lat="51.519674" lon="-0.058137"><ele>11.5</ele></trkpt>
      <trkpt lat="51.519668" lon="-0.058166"><ele>11.25</ele></trkpt>
      <trkpt lat="51.519665" lon="-0.058176"><ele>11.25</ele></trkpt>
      <trkpt lat="51.519356" lon="-0.059576"><ele>11.5</ele></trkpt>
      <trkpt lat="51.519374" lon="-0.059588"><ele>11.5</ele></trkpt>
      <trkpt lat="51.519488" lon="-0.059679"><ele>10.75</ele></trkpt>
      <trkpt lat="51.519518" lon="-0.059705"><ele>10.5</ele></trkpt>
      <trkpt lat="51.519543" lon="-0.059727"><ele>10.25</ele></trkpt>
      <trkpt lat="51.519568" lon="-0.059715"><ele>10</ele></trkpt>
      <trkpt lat="51.519575" lon="-0.059727"><ele>10</ele></trkpt>
      <trkpt lat="51.519636" lon="-0.059831"><ele>12.5</ele></trkpt>
    </trkseg>
    <trkseg>
      <trkpt lat="51.515944" lon="-0.176267"><ele>24.75</ele></trkpt>
      <trkpt lat="51.516226" lon="-0.176674"><ele>24</ele></trkpt>
      <trkpt lat="51.516176" lon="-0.17678"><ele>23.75</ele></trkpt>
      <trkpt lat="51.51609" lon="-0.176926"><ele>24</ele></trkpt>
      <trkpt lat="51.516393" lon="-0.177411"><ele>24</ele></trkpt>
      <trkpt lat="51.51645" lon="-0.177503"><ele>24</ele></trkpt>
      <trkpt lat="51.51644" lon="-0.177521"><ele>24</ele></trkpt>
      <trkpt lat="51.516332" lon="-0.177709"><ele>24.25</ele></trkpt>
      <trkpt lat="51.516451" lon="-0.177878"><ele>24.5</ele></trkpt>
      <trkpt lat="51.51672" lon="-0.178263"><ele>24.5</ele></trkpt>
      <trkpt lat="51.516749" lon="-0.178305"><ele>24.5</ele></trkpt>
      <trkpt lat="51.517101" lon="-0.178807"><ele>24.5</ele></trkpt>
      <trkpt lat="51.51757" lon="-0.179517"><ele>26.25</ele></trkpt>
      <trkpt lat="51.517981" lon="-0.180123"><ele>26</ele></trkpt>
      <trkpt lat="51.517941" lon="-0.180195"><ele>26.75</ele></trkpt>
      <trkpt lat="51.517951" lon="-0.18021"><ele>26.75</ele></trkpt>
      <trkpt lat="51.518012" lon="-0.180297"><ele>27</ele></trkpt>
      <trkpt lat="51.518066" lon="-0.180374"><ele>26.75</ele></trkpt>
      <trkpt lat="51.518026" lon="-0.180484"><ele>27</ele></trkpt>
      <trkpt lat="51.517993" lon="-0.180606"><ele>26.75</ele></trkpt>
      <trkpt lat="51.517955" lon="-0.180762"><ele>26.5</ele></trkpt>
      <trkpt lat="51.517848" lon="-0.181197"><ele>25.5</ele></trkpt>
      <trkpt lat="51.51781" lon="-0.181367"><ele>25.75</ele></trkpt>
      <trkpt lat="51.517687" lon="-0.181896"><ele>25.5</ele></trkpt>
      <trkpt lat="51.517686" lon="-0.181963"><ele>25.5</ele></trkpt>
      <trkpt lat="51.517695" lon="-0.182028"><ele>25.25</ele></trkpt>
      <trkpt lat="51.517691" lon="-0.182035"><ele>25.25</ele></trkpt>
      <trkpt lat="51.517656" lon="-0.182098"><ele>25.25</ele></trkpt>
      <trkpt lat="51.517679" lon="-0.182159"><ele>25</ele></trkpt>
      <trkpt lat="51.517713" lon="-0.18221"><ele>25</ele></trkpt>
      <trkpt lat="51.517728" lon="-0.182233"><ele>24.75</ele></trkpt>
      <trkpt lat="51.517759" lon="-0.182357"><ele>24.75</ele></trkpt>
      <trkpt lat="51.517884" lon="-0.182521"><ele>25.25</ele></trkpt>
      <trkpt lat="51.517934" lon="-0.182572"><ele>25.5</ele></trkpt>
      <trkpt lat="51.517977" lon="-0.182639"><ele>25.5</ele></trkpt>
      <trkpt lat="51.518015" lon="-0.182725"><ele>25.75</ele></trkpt>
      <trkpt lat="51.518095" lon="-0.182856"><ele>25.5</ele></trkpt>
      <trkpt lat="51.518138" lon="-0.18292"><ele>25.25</ele></trkpt>
      <trkpt lat="51.518096" lon="-0.182997"><ele>25.75</ele></trkpt>
      <trkpt lat="51.518076" lon="-0.18304"><ele>25.75</ele></trkpt>
      <trkpt lat="51.517829" lon="-0.183958"><ele>23.5</ele></trkpt>
      <trkpt lat="51.517797" lon="-0.184068"><ele>23.75</ele></trkpt>
      <trkpt lat="51.517793" lon="-0.184221"><ele>23.75</ele></trkpt>
      <trkpt lat="51.517824" lon="-0.18432"><ele>23.5</ele></trkpt>
      <trkpt lat="51.517831" lon="-0.184363"><ele>23.5</ele></trkpt>
      <trkpt lat="51.517913" lon="-0.184518"><ele>23</ele></trkpt>
      <trkpt lat="51.517986" lon="-0.184707"><ele>23.25</ele></trkpt>
      <trkpt lat="51.518094" lon="-0.185019"><ele>23.5</ele></trkpt>
      <trkpt lat="51.518196" lon="-0.185383"><ele>22.75</ele></trkpt>
      <trkpt lat="51.518271" lon="-0.185809"><ele>24.25</ele></trkpt>
      <trkpt lat="51.518277" lon="-0.18597"><ele>25</ele></trkpt>
      <trkpt lat="51.518272" lon="-0.186012"><ele>25.25</ele></trkpt>
      <trkpt lat="51.518259" lon="-0.186054"><ele>25.25</ele></trkpt>
      <trkpt lat="51.518233" lon="-0.18609"><ele>25.5</ele></trkpt>
      <trkpt lat="51.518201" lon="-0.18614"><ele>25.25</ele></trkpt>
      <trkpt lat="51.518271" lon="-0.186222"><ele>25.25</ele></trkpt>
      <trkpt lat="51.518307" lon="-0.186253"><ele>25.25</ele></trkpt>
      <trkpt lat="51.518272" lon="-0.186501"><ele>24</ele></trkpt>
      <trkpt lat="51.518126" lon="-0.18723"><ele>23.25</ele></trkpt>
      <trkpt lat="51.517952" lon="-0.187869"><ele>22.25</ele></trkpt>
      <trkpt lat="51.517727" lon="-0.188521"><ele>23</ele></trkpt>
      <trkpt lat="51.517688" lon="-0.188633"><ele>23</ele></trkpt>
      <trkpt lat="51.517749" lon="-0.188706"><ele>23.25</ele></trkpt>
      <trkpt lat="51.517847" lon="-0.188822"><ele>23.5</ele></trkpt>
      <trkpt lat="51.517889" lon="-0.188861"><ele>23.75</ele></trkpt>
      <trkpt lat="51.517951" lon="-0.188919"><ele>23.75</ele></trkpt>
      <trkpt lat="51.517989" lon="-0.188954"><ele>23.75</ele></trkpt>
      <trkpt lat="51.518086" lon="-0.189019"><ele>24</ele></trkpt>
      <trkpt lat="51.518076" lon="-0.189083"><ele>24</ele></trkpt>
      <trkpt lat="51.518059" lon="-0.1892"><ele>24</ele></trkpt>
      <trkpt lat="51.517986" lon="-0.189681"><ele>24.25</ele></trkpt>
      <trkpt lat="51.517863" lon="-0.190495"><ele>25</ele></trkpt>
      <trkpt lat="51.517862" lon="-0.190598"><ele>25.25</ele></trkpt>
      <trkpt lat="51.517981" lon="-0.191146"><ele>24.75</ele></trkpt>
      <trkpt lat="51.518015" lon="-0.191294"><ele>24.75</ele></trkpt>
      <trkpt lat="51.518048" lon="-0.19149"><ele>24.75</ele></trkpt>
      <trkpt lat="51.518075" lon="-0.191656"><ele>25</ele></trkpt>
      <trkpt lat="51.5181" lon="-0.1918"><ele>24.75</ele></trkpt>
      <trkpt lat="51.518126" lon="-0.191982"><ele>24.25</ele></trkpt>
      <trkpt lat="51.518155" lon="-0.192252"><ele>24.25</ele></trkpt>
      <trkpt lat="51.518167" lon="-0.192588"><ele>24.25</ele></trkpt>
      <trkpt lat="51.518167" lon="-0.19275"><ele>24.25</ele></trkpt>
      <trkpt lat="51.518154" lon="-0.193029"><ele>24</ele></trkpt>
      <trkpt lat="51.518148" lon="-0.193328"><ele>24</ele></trkpt>
      <trkpt lat="51.518068" lon="-0.193304"><ele>24</ele></trkpt>
      <trkpt lat="51.518011" lon="-0.19331"><ele>23.5</ele></trkpt>
      <trkpt lat="51.517983" lon="-0.193325"><ele>23.25</ele></trkpt>
      <trkpt lat="51.517954" lon="-0.193356"><ele>23.25</ele></trkpt>
      <trkpt lat="51.517928" lon="-0.193432"><ele>23</ele></trkpt>
      <trkpt lat="51.51785" lon="-0.193813"><ele>23.25</ele></trkpt>
      <trkpt lat="51.51777" lon="-0.194214"><ele>22.75</ele></trkpt>
      <trkpt lat="51.517755" lon="-0.194297"><ele>22.75</ele></trkpt>
      <trkpt lat="51.517762" lon="-0.194375"><ele>22.75</ele></trkpt>
      <trkpt lat="51.517738" lon="-0.194518"><ele>22.5</ele></trkpt>
      <trkpt lat="51.517716" lon="-0.194637"><ele>22.25</ele></trkpt>
      <trkpt lat="51.517697" lon="-0.19474"><ele>22</ele></trkpt>
      <trkpt lat="51.517667" lon="-0.194923"><ele>21.5</ele></trkpt>
      <trkpt lat="51.517622" lon="-0.195145"><ele>21.5</ele></trkpt>
      <trkpt lat="51.517582" lon="-0.195195"><ele>21.5</ele></trkpt>
      <trkpt lat="51.517576" lon="-0.195246"><ele>21.5</ele></trkpt>
      <trkpt lat="51.517508" lon="-0.195616"><ele>22</ele></trkpt>
      <trkpt lat="51.517497" lon="-0.195674"><ele>22</ele></trkpt>
      <trkpt lat="51.517489" lon="-0.195719"><ele>22</ele></trkpt>
      <trkpt lat="51.517474" lon="-0.19582"><ele>22</ele></trkpt>
      <trkpt lat="51.51746" lon="-0.1959"><ele>21.75</ele></trkpt>
      <trkpt lat="51.517453" lon="-0.195942"><ele>21.75</ele></trkpt>
      <trkpt lat="51.517441" lon="-0.196019"><ele>21.75</ele></trkpt>
      <trkpt lat="51.517324" lon="-0.196654"><ele>21.5</ele></trkpt>
      <trkpt lat="51.517263" lon="-0.196999"><ele>22</ele></trkpt>
      <trkpt lat="51.517195" lon="-0.197457"><ele>21.75</ele></trkpt>
      <trkpt lat="51.517146" lon="-0.197806"><ele>20.75</ele></trkpt>
      <trkpt lat="51.51713" lon="-0.197919"><ele>20.75</ele></trkpt>
      <trkpt lat="51.517083" lon="-0.198249"><ele>20.5</ele></trkpt>
      <trkpt lat="51.517073" lon="-0.198317"><ele>20.25</ele></trkpt>
      <trkpt lat="51.51697" lon="-0.199048"><ele>21.75</ele></trkpt>
      <trkpt lat="51.516849" lon="-0.199907"><ele>21.75</ele></trkpt>
      <trkpt lat="51.516824" lon="-0.20009"><ele>21.5</ele></trkpt>
      <trkpt lat="51.516763" lon="-0.200466"><ele>21.5</ele></trkpt>
      <trkpt lat="51.516688" lon="-0.200918"><ele>21.5</ele></trkpt>
      <trkpt lat="51.516679" lon="-0.200972"><ele>21.5</ele></trkpt>
      <trkpt lat="51.516557" lon="-0.201618"><ele>20.75</ele></trkpt>
      <trkpt lat="51.516518" lon="-0.201821"><ele>20</ele></trkpt>
      <trkpt lat="51.516453" lon="-0.202204"><ele>19.25</ele></trkpt>
      <trkpt lat="51.516456" lon="-0.202244"><ele>19.5</ele></trkpt>
      <trkpt lat="51.516468" lon="-0.20227"><ele>19.5</ele></trkpt>
      <trkpt lat="51.516457" lon="-0.202357"><ele>19.75</ele></trkpt>
      <trkpt lat="51.516451" lon="-0.202394"><ele>19.75</ele></trkpt>
      <trkpt lat="51.516369" lon="-0.202721"><ele>20</ele></trkpt>
      <trkpt lat="51.516294" lon="-0.203081"><ele>19.5</ele></trkpt>
      <trkpt lat="51.516286" lon="-0.203115"><ele>19.25</ele></trkpt>
      <trkpt lat="51.516273" lon="-0.203174"><ele>19.25</ele></trkpt>
      <trkpt lat="51.516247" lon="-0.203211"><ele>19</ele></trkpt>
      <trkpt lat="51.516213" lon="-0.20339"><ele>18.75</ele></trkpt>
      <trkpt lat="51.516105" lon="-0.203932"><ele>17.75</ele></trkpt>
      <trkpt lat="51.516065" lon="-0.204146"><ele>17.75</ele></trkpt>
      <trkpt lat="51.516023" lon="-0.204367"><ele>17.5</ele></trkpt>
      <trkpt lat="51.515969" lon="-0.204498"><ele>17.25</ele></trkpt>
      <trkpt lat="51.515899" lon="-0.20485"><ele>17</ele></trkpt>
      <trkpt lat="51.515895" lon="-0.204912"><ele>17</ele></trkpt>
      <trkpt lat="51.515906" lon="-0.204972"><ele>17</ele></trkpt>
      <trkpt lat="51.51569" lon="-0.205904"><ele>16.25</ele></trkpt>
      <trkpt lat="51.515642" lon="-0.206067"><ele>16</ele></trkpt>
      <trkpt lat="51.515361" lon="-0.207325"><ele>14</ele></trkpt>
      <trkpt lat="51.515284" lon="-0.207671"><ele>14</ele></trkpt>
      <trkpt lat="51.515158" lon="-0.208244"><ele>13</ele></trkpt>
      <trkpt lat="51.515147" lon="-0.208289"><ele>13</ele></trkpt>
      <trkpt lat="51.515131" lon="-0.208354"><ele>12.75</ele></trkpt>
      <trkpt lat="51.515116" lon="-0.208418"><ele>12.75</ele></trkpt>
      <trkpt lat="51.515105" lon="-0.208461"><ele>12.75</ele></trkpt>
      <trkpt lat="51.515058" lon="-0.208636"><ele>12.75</ele></trkpt>
      <trkpt lat="51.51498" lon="-0.208871"><ele>12.75</ele></trkpt>
      <trkpt lat="51.514888" lon="-0.209109"><ele>12</ele></trkpt>
      <trkpt lat="51.514787" lon="-0.209345"><ele>12</ele></trkpt>
      <trkpt lat="51.514542" lon="-0.209795"><ele>11.25</ele></trkpt>
      <trkpt lat="51.514469" lon="-0.209922"><ele>11</ele></trkpt>
      <trkpt lat="51.514682" lon="-0.210252"><ele>10.75</ele></trkpt>
      <trkpt lat="51.514994" lon="-0.210771"><ele>10.75</ele></trkpt>
      <trkpt lat="51.515016" lon="-0.210828"><ele>10.75</ele></trkpt>
      <trkpt lat="51.51505" lon="-0.210907"><ele>10.5</ele></trkpt>
      <trkpt lat="51.515147" lon="-0.211135"><ele>10</ele></trkpt>
      <trkpt lat="51.515169" lon="-0.211186"><ele>10</ele></trkpt>
      <trkpt lat="51.515241" lon="-0.211355"><ele>10.5</ele></trkpt>
      <trkpt lat="51.515383" lon="-0.211688"><ele>9.5</ele></trkpt>
      <trkpt lat="51.515542" lon="-0.21206"><ele>10.75</ele></trkpt>
      <trkpt lat="51.515575" lon="-0.212129"><ele>11</ele></trkpt>
      <trkpt lat="51.515698" lon="-0.212272"><ele>11.25</ele></trkpt>
      <trkpt lat="51.515739" lon="-0.212304"><ele>11.25</ele></trkpt>
      <trkpt lat="51.515909" lon="-0.212441"><ele>11.25</ele></trkpt>
      <trkpt lat="51.515968" lon="-0.212508"><ele>11.25</ele></trkpt>
      <trkpt lat="51.516021" lon="-0.212583"><ele>11.5</ele></trkpt>
      <trkpt lat="51.516082" lon="-0.212687"><ele>11.75</ele></trkpt>
      <trkpt lat="51.516333" lon="-0.213119"><ele>12</ele></trkpt>
      <trkpt lat="51.51643" lon="-0.213289"><ele>12.25</ele></trkpt>
      <trkpt lat="51.516533" lon="-0.213438"><ele>12.75</ele></trkpt>
      <trkpt lat="51.516634" lon="-0.213587"><ele>12.75</ele></trkpt>
      <trkpt lat="51.516879" lon="-0.213945"><ele>12.75</ele></trkpt>
      <trkpt lat="51.516907" lon="-0.213987"><ele>12.75</ele></trkpt>
      <trkpt lat="51.517263" lon="-0.214517"><ele>13</ele></trkpt>
      <trkpt lat="51.517331" lon="-0.214617"><ele>13</ele></trkpt>
      <trkpt lat="51.517391" lon="-0.214713"><ele>13</ele></trkpt>
      <trkpt lat="51.517809" lon="-0.215356"><ele>13</ele></trkpt>
      <trkpt lat="51.517868" lon="-0.215447"><ele>13</ele></trkpt>
      <trkpt lat="51.517934" lon="-0.215547"><ele>13</ele></trkpt>
      <trkpt lat="51.518158" lon="-0.215888"><ele>12.75</ele></trkpt>
      <trkpt lat="51.518343" lon="-0.216176"><ele>13.5</ele></trkpt>
      <trkpt lat="51.518418" lon="-0.216289"><ele>13.25</ele></trkpt>
      <trkpt lat="51.518464" lon="-0.216364"><ele>13.25</ele></trkpt>
      <trkpt lat="51.518686" lon="-0.21672"><ele>13.75</ele></trkpt>
      <trkpt lat="51.518783" lon="-0.216904"><ele>14</ele></trkpt>
      <trkpt lat="51.518852" lon="-0.217018"><ele>14.5</ele></trkpt>
      <trkpt lat="51.518891" lon="-0.217129"><ele>14.75</ele></trkpt>
      <trkpt lat="51.51887" lon="-0.217164"><ele>14.75</ele></trkpt>
      <trkpt lat="51.518853" lon="-0.217215"><ele>14.5</ele></trkpt>
      <trkpt lat="51.518846" lon="-0.217264"><ele>14.5</ele></trkpt>
      <trkpt lat="51.518848" lon="-0.217316"><ele>14.25</ele></trkpt>
      <trkpt lat="51.518875" lon="-0.21741"><ele>14.25</ele></trkpt>
      <trkpt lat="51.518936" lon="-0.217482"><ele>14</ele></trkpt>
      <trkpt lat="51.518965" lon="-0.217581"><ele>13.75</ele></trkpt>
      <trkpt lat="51.519003" lon="-0.21768"><ele>13.5</ele></trkpt>
      <trkpt lat="51.519056" lon="-0.218004"><ele>13</ele></trkpt>
      <trkpt lat="51.51915" lon="-0.21859"><ele>13.75</ele></trkpt>
      <trkpt lat="51.519188" lon="-0.218827"><ele>13.25</ele></trkpt>
      <trkpt lat="51.519215" lon="-0.218983"><ele>13</ele></trkpt>
      <trkpt lat="51.519559" lon="-0.221198"><ele>12.25</ele></trkpt>
      <trkpt lat="51.519594" lon="-0.221428"><ele>12.25</ele></trkpt>
      <trkpt lat="51.519629" lon="-0.221654"><ele>11.5</ele></trkpt>
      <trkpt lat="51.519591" lon="-0.221668"><ele>11.5</ele></trkpt>
      <trkpt lat="51.519578" lon="-0.221673"><ele>11.25</ele></trkpt>
      <trkpt lat="51.519904" lon="-0.223754"><ele>12.25</ele></trkpt>
      <trkpt lat="51.51994" lon="-0.224037"><ele>12.25</ele></trkpt>
      <trkpt lat="51.519977" lon="-0.224246"><ele>12.5</ele></trkpt>
      <trkpt lat="51.520103" lon="-0.225089"><ele>12.25</ele></trkpt>
      <trkpt lat="51.520112" lon="-0.225162"><ele>12.25</ele></trkpt>
      <trkpt lat="51.520108" lon="-0.225195"><ele>12.25</ele></trkpt>
      <trkpt lat="51.520016" lon="-0.225406"><ele>12</ele></trkpt>
      <trkpt lat="51.519986" lon="-0.225472"><ele>12</ele></trkpt>
      <trkpt lat="51.519963" lon="-0.225521"><ele>12</ele></trkpt>
      <trkpt lat="51.519777" lon="-0.225933"><ele>12</ele></trkpt>
      <trkpt lat="51.519749" lon="-0.22596"><ele>12</ele></trkpt>
      <trkpt lat="51.519725" lon="-0.226022"><ele>12</ele></trkpt>
      <trkpt lat="51.5197" lon="-0.226077"><ele>11.75</ele></trkpt>
      <trkpt lat="51.519689" lon="-0.226104"><ele>11.75</ele></trkpt>
      <trkpt lat="51.519696" lon="-0.226122"><ele>12</ele></trkpt>
      <trkpt lat="51.519692" lon="-0.22614"><ele>12</ele></trkpt>
      <trkpt lat="51.519654" lon="-0.226239"><ele>12</ele></trkpt>
      <trkpt lat="51.51964" lon="-0.22627"><ele>12</ele></trkpt>
      <trkpt lat="51.51951" lon="-0.226585"><ele>14</ele></trkpt>
      <trkpt lat="51.519282" lon="-0.227099"><ele>11.25</ele></trkpt>
      <trkpt lat="51.519201" lon="-0.227282"><ele>11</ele></trkpt>
      <trkpt lat="51.518949" lon="-0.227845"><ele>11</ele></trkpt>
      <trkpt lat="51.518903" lon="-0.227939"><ele>11</ele></trkpt>
      <trkpt lat="51.518693" lon="-0.227847"><ele>11</ele></trkpt>
      <trkpt lat="51.518364" lon="-0.227716"><ele>11</ele></trkpt>
      <trkpt lat="51.518331" lon="-0.227702"><ele>11</ele></trkpt>
      <trkpt lat="51.518295" lon="-0.227686"><ele>11</ele></trkpt>
      <trkpt lat="51.517707" lon="-0.227435"><ele>10</ele></trkpt>
      <trkpt lat="51.517667" lon="-0.227418"><ele>10</ele></trkpt>
      <trkpt lat="51.51764" lon="-0.227406"><ele>10</ele></trkpt>
      <trkpt lat="51.517174" lon="-0.227203"><ele>10</ele></trkpt>
      <trkpt lat="51.517145" lon="-0.227189"><ele>10</ele></trkpt>
      <trkpt lat="51.517113" lon="-0.227315"><ele>10</ele></trkpt>
      <trkpt lat="51.517082" lon="-0.2273"><ele>10</ele></trkpt>
      <trkpt lat="51.517064" lon="-0.227291"><ele>10</ele></trkpt>
      <trkpt lat="51.517" lon="-0.227259"><ele>10</ele></trkpt>
      <trkpt lat="51.516961" lon="-0.227462"><ele>10</ele></trkpt>
      <trkpt lat="51.516947" lon="-0.227537"><ele>9.75</ele></trkpt>
      <trkpt lat="51.5169" lon="-0.227795"><ele>9.75</ele></trkpt>
      <trkpt lat="51.516785" lon="-0.228486"><ele>10</ele></trkpt>
      <trkpt lat="51.516628" lon="-0.22953"><ele>10</ele></trkpt>
      <trkpt lat="51.516559" lon="-0.230155"><ele>10.5</ele></trkpt>
      <trkpt lat="51.516537" lon="-0.230422"><ele>10.5</ele></trkpt>
      <trkpt lat="51.51651" lon="-0.23085"><ele>10.25</ele></trkpt>
      <trkpt lat="51.516497" lon="-0.231093"><ele>10.25</ele></trkpt>
      <trkpt lat="51.516453" lon="-0.232032"><ele>11</ele></trkpt>
      <trkpt lat="51.516415" lon="-0.232731"><ele>11</ele></trkpt>
      <trkpt lat="51.516375" lon="-0.233297"><ele>10.75</ele></trkpt>
      <trkpt lat="51.5163" lon="-0.233986"><ele>10.75</ele></trkpt>
      <trkpt lat="51.516286" lon="-0.234122"><ele>10.75</ele></trkpt>
      <trkpt lat="51.516202" lon="-0.23472"><ele>10.25</ele></trkpt>
      <trkpt lat="51.51615" lon="-0.235224"><ele>10.75</ele></trkpt>
      <trkpt lat="51.516129" lon="-0.235452"><ele>10.75</ele></trkpt>
      <trkpt lat="51.516104" lon="-0.235705"><ele>10.75</ele></trkpt>
      <trkpt lat="51.51603" lon="-0.236577"><ele>10.5</ele></trkpt>
      <trkpt lat="51.516011" lon="-0.236793"><ele>10.5</ele></trkpt>
      <trkpt lat="51.515975" lon="-0.237187"><ele>10.75</ele></trkpt>
      <trkpt lat="51.515932" lon="-0.237646"><ele>11.5</ele></trkpt>
      <trkpt lat="51.515894" lon="-0.237889"><ele>12</ele></trkpt>
      <trkpt lat="51.51586" lon="-0.238228"><ele>12</ele></trkpt>
      <trkpt lat="51.515838" lon="-0.238615"><ele>12</ele></trkpt>
      <trkpt lat="51.515811" lon="-0.239079"><ele>12</ele></trkpt>
      <trkpt lat="51.515774" lon="-0.239737"><ele>12</ele></trkpt>
      <trkpt lat="51.515748" lon="-0.24019"><ele>12</ele></trkpt>
      <trkpt lat="51.515731" lon="-0.240496"><ele>12.25</ele></trkpt>
      <trkpt lat="51.51564" lon="-0.242125"><ele>12</ele></trkpt>
      <trkpt lat="51.515628" lon="-0.242314"><ele>11.75</ele></trkpt>
      <trkpt lat="51.515617" lon="-0.242502"><ele>11</ele></trkpt>
      <trkpt lat="51.51559" lon="-0.242892"><ele>11</ele></trkpt>
      <trkpt lat="51.515563" lon="-0.243276"><ele>11</ele></trkpt>
      <trkpt lat="51.515525" lon="-0.243729"><ele>11.25</ele></trkpt>
      <trkpt lat="51.515373" lon="-0.246015"><ele>10</ele></trkpt>
      <trkpt lat="51.515362" lon="-0.246255"><ele>10</ele></trkpt>
      <trkpt lat="51.515357" lon="-0.246339"><ele>10</ele></trkpt>
      <trkpt lat="51.515349" lon="-0.246473"><ele>10</ele></trkpt>
      <trkpt lat="51.515314" lon="-0.247327"><ele>10</ele></trkpt>
      <trkpt lat="51.515276" lon="-0.248028"><ele>9.75</ele></trkpt>
      <trkpt lat="51.515227" lon="-0.248765"><ele>10</ele></trkpt>
      <trkpt lat="51.515192" lon="-0.249126"><ele>10</ele></trkpt>
      <trkpt lat="51.515189" lon="-0.249148"><ele>10</ele></trkpt>
      <trkpt lat="51.515178" lon="-0.2492"><ele>10</ele></trkpt>
      <trkpt lat="51.515126" lon="-0.249219"><ele>10</ele></trkpt>
      <trkpt lat="51.515082" lon="-0.24926"><ele>10</ele></trkpt>
      <trkpt lat="51.515029" lon="-0.249315"><ele>10</ele></trkpt>
      <trkpt lat="51.514953" lon="-0.24938"><ele>9.75</ele></trkpt>
      <trkpt lat="51.514522" lon="-0.249252"><ele>9.25</ele></trkpt>
      <trkpt lat="51.514236" lon="-0.249165"><ele>9</ele></trkpt>
      <trkpt lat="51.514137" lon="-0.249216"><ele>9.25</ele></trkpt>
      <trkpt lat="51.51406" lon="-0.249272"><ele>9.5</ele></trkpt>
      <trkpt lat="51.514028" lon="-0.24931"><ele>9.75</ele></trkpt>
      <trkpt lat="51.513979" lon="-0.249407"><ele>9.75</ele></trkpt>
      <trkpt lat="51.513948" lon="-0.249541"><ele>9.75</ele></trkpt>
      <trkpt lat="51.513945" lon="-0.249809"><ele>10</ele></trkpt>
      <trkpt lat="51.513946" lon="-0.250254"><ele>10.75</ele></trkpt>
      <trkpt lat="51.513951" lon="-0.251083"><ele>11.75</ele></trkpt>
      <trkpt lat="51.514012" lon="-0.251786"><ele>12.25</ele></trkpt>
      <trkpt lat="51.513969" lon="-0.251794"><ele>12.25</ele></trkpt>
      <trkpt lat="51.513978" lon="-0.251876"><ele>12.75</ele></trkpt>
      <trkpt lat="51.513983" lon="-0.251926"><ele>12.75</ele></trkpt>
      <trkpt lat="51.513927" lon="-0.251934"><ele>12.75</ele></trkpt>
      <trkpt lat="51.513967" lon="-0.25227"><ele>13</ele></trkpt>
      <trkpt lat="51.514109" lon="-0.253276"><ele>15.5</ele></trkpt>
      <trkpt lat="51.514366" lon="-0.254594"><ele>18.75</ele></trkpt>
      <trkpt lat="51.514744" lon="-0.255959"><ele>22.25</ele></trkpt>
      <trkpt lat="51.515193" lon="-0.257218"><ele>25.5</ele></trkpt>
      <trkpt lat="51.515409" lon="-0.257721"><ele>26.75</ele></trkpt>
      <trkpt lat="51.515573" lon="-0.25807"><ele>28</ele></trkpt>
      <trkpt lat="51.515561" lon="-0.258142"><ele>28.25</ele></trkpt>
      <trkpt lat="51.515654" lon="-0.258329"><ele>29.25</ele></trkpt>
      <trkpt lat="51.515669" lon="-0.258362"><ele>29.25</ele></trkpt>
      <trkpt lat="51.515683" lon="-0.258385"><ele>29.25</ele></trkpt>
      <trkpt lat="51.515709" lon="-0.258443"><ele>29.5</ele></trkpt>
      <trkpt lat="51.515755" lon="-0.258546"><ele>30</ele></trkpt>
      <trkpt lat="51.515931" lon="-0.258931"><ele>30</ele></trkpt>
      <trkpt lat="51.516151" lon="-0.259378"><ele>31</ele></trkpt>
      <trkpt lat="51.51619" lon="-0.259457"><ele>32.25</ele></trkpt>
      <trkpt lat="51.516177" lon="-0.259524"><ele>32</ele></trkpt>
      <trkpt lat="51.51639" lon="-0.259971"><ele>32</ele></trkpt>
      <trkpt lat="51.516397" lon="-0.259985"><ele>32</ele></trkpt>
      <trkpt lat="51.516342" lon="-0.260029"><ele>32</ele></trkpt>
      <trkpt lat="51.516316" lon="-0.260071"><ele>32</ele></trkpt>
      <trkpt lat="51.516151" lon="-0.260204"><ele>32</ele></trkpt>
      <trkpt lat="51.516167" lon="-0.26025"><ele>32</ele></trkpt>
      <trkpt lat="51.516188" lon="-0.260489"><ele>32.25</ele></trkpt>
      <trkpt lat="51.516135" lon="-0.261713"><ele>33</ele></trkpt>
      <trkpt lat="51.516133" lon="-0.261745"><ele>33</ele></trkpt>
      <trkpt lat="51.51619" lon="-0.261798"><ele>33</ele></trkpt>
      <trkpt lat="51.516171" lon="-0.26186"><ele>33</ele></trkpt>
      <trkpt lat="51.516064" lon="-0.262935"><ele>33</ele></trkpt>
      <trkpt lat="51.516059" lon="-0.263045"><ele>33</ele></trkpt>
      <trkpt lat="51.516005" lon="-0.263678"><ele>33</ele></trkpt>
      <trkpt lat="51.515998" lon="-0.264338"><ele>33</ele></trkpt>
      <trkpt lat="51.516024" lon="-0.264843"><ele>33</ele></trkpt>
      <trkpt lat="51.51608" lon="-0.265233"><ele>32.75</ele></trkpt>
      <trkpt lat="51.516172" lon="-0.265546"><ele>33</ele></trkpt>
      <trkpt lat="51.516306" lon="-0.265969"><ele>32</ele></trkpt>
      <trkpt lat="51.516488" lon="-0.266375"><ele>31</ele></trkpt>
      <trkpt lat="51.516601" lon="-0.266551"><ele>30.25</ele></trkpt>
      <trkpt lat="51.516714" lon="-0.266707"><ele>30</ele></trkpt>
      <trkpt lat="51.51674" lon="-0.266676"><ele>30</ele></trkpt>
      <trkpt lat="51.516773" lon="-0.266716"><ele>30</ele></trkpt>
      <trkpt lat="51.516806" lon="-0.266755"><ele>30</ele></trkpt>
      <trkpt lat="51.516844" lon="-0.2668"><ele>29.5</ele></trkpt>
      <trkpt lat="51.516854" lon="-0.266811"><ele>29.5</ele></trkpt>
      <trkpt lat="51.516868" lon="-0.266779"><ele>29.75</ele></trkpt>
      <trkpt lat="51.516914" lon="-0.266682"><ele>30.5</ele></trkpt>
      <trkpt lat="51.516971" lon="-0.266626"><ele>30.5</ele></trkpt>
      <trkpt lat="51.517007" lon="-0.266617"><ele>30</ele></trkpt>
      <trkpt lat="51.51707" lon="-0.266594"><ele>29.25</ele></trkpt>
      <trkpt lat="51.517152" lon="-0.266565"><ele>28.5</ele></trkpt>
    </trkseg>
    <trkseg>
      <trkpt lat="51.54189" lon="-0.003405"><ele>7</ele></trkpt>
      <trkpt lat="51.541897" lon="-0.003416"><ele>7</ele></trkpt>
      <trkpt lat="51.541832" lon="-0.003519"><ele>7</ele></trkpt>
      <trkpt lat="51.541734" lon="-0.003357"><ele>7</ele></trkpt>
      <trkpt lat="51.541571" lon="-0.003089"><ele>4.75</ele></trkpt>
      <trkpt lat="51.54149" lon="-0.002945"><ele>4</ele></trkpt>
      <trkpt lat="51.541536" lon="-0.003138"><ele>4.75</ele></trkpt>
      <trkpt lat="51.541547" lon="-0.00316"><ele>4.75</ele></trkpt>
      <trkpt lat="51.54152" lon="-0.003199"><ele>4.75</ele></trkpt>
      <trkpt lat="51.541488" lon="-0.003242"><ele>4.75</ele></trkpt>
      <trkpt lat="51.541466" lon="-0.003272"><ele>4.5</ele></trkpt>
      <trkpt lat="51.541308" lon="-0.0035"><ele>4.75</ele></trkpt>
      <trkpt lat="51.541279" lon="-0.00354"><ele>4.75</ele></trkpt>
      <trkpt lat="51.541267" lon="-0.003516"><ele>4.5</ele></trkpt>
      <trkpt lat="51.541155" lon="-0.00341"><ele>4</ele></trkpt>
      <trkpt lat="51.541132" lon="-0.003442"><ele>4</ele></trkpt>
      <trkpt lat="51.541109" lon="-0.003474"><ele>4</ele></trkpt>
      <trkpt lat="51.541086" lon="-0.003506"><ele>4</ele></trkpt>
      <trkpt lat="51.541063" lon="-0.003538"><ele>4</ele></trkpt>
      <trkpt lat="51.541022" lon="-0.003595"><ele>4</ele></trkpt>
      <trkpt lat="51.540939" lon="-0.003533"><ele>4</ele></trkpt>
      <trkpt lat="51.540877" lon="-0.003627"><ele>4</ele></trkpt>
      <trkpt lat="51.540835" lon="-0.003691"><ele>4.25</ele></trkpt>
      <trkpt lat="51.540785" lon="-0.00376"><ele>4.25</ele></trkpt>
      <trkpt lat="51.540741" lon="-0.003806"><ele>4.25</ele></trkpt>
      <trkpt lat="51.540702" lon="-0.003829"><ele>4.25</ele></trkpt>
      <trkpt lat="51.540619" lon="-0.003847"><ele>4</ele></trkpt>
      <trkpt lat="51.540578" lon="-0.003835"><ele>4</ele></trkpt>
      <trkpt lat="51.54049" lon="-0.003857"><ele>4</ele></trkpt>
      <trkpt lat="51.540481" lon="-0.00386"><ele>4</ele></trkpt>
      <trkpt lat="51.540454" lon="-0.003872"><ele>4</ele></trkpt>
      <trkpt lat="51.540379" lon="-0.003909"><ele>4</ele></trkpt>
      <trkpt lat="51.540336" lon="-0.00395"><ele>4</ele></trkpt>
      <trkpt lat="51.540291" lon="-0.003999"><ele>4</ele></trkpt>
      <trkpt lat="51.540259" lon="-0.003958"><ele>4</ele></trkpt>
      <trkpt lat="51.540167" lon="-0.00392"><ele>4</ele></trkpt>
      <trkpt lat="51.539931" lon="-0.003974"><ele>4</ele></trkpt>
      <trkpt lat="51.539851" lon="-0.003993"><ele>4</ele></trkpt>
      <trkpt lat="51.539597" lon="-0.004051"><ele>3.5</ele></trkpt>
      <trkpt lat="51.539578" lon="-0.004047"><ele>3.25</ele></trkpt>
      <trkpt lat="51.539555" lon="-0.00402"><ele>3.25</ele></trkpt>
      <trkpt lat="51.539534" lon="-0.003966"><ele>3.25</ele></trkpt>
      <trkpt lat="51.539516" lon="-0.00397"><ele>3.25</ele></trkpt>
      <trkpt lat="51.538918" lon="-0.004086"><ele>3</ele></trkpt>
      <trkpt lat="51.53886" lon="-0.004098"><ele>3</ele></trkpt>
      <trkpt lat="51.538789" lon="-0.004108"><ele>3.25</ele></trkpt>
      <trkpt lat="51.538807" lon="-0.00437"><ele>3</ele></trkpt>
      <trkpt lat="51.538551" lon="-0.004408"><ele>3.25</ele></trkpt>
      <trkpt lat="51.538395" lon="-0.004434"><ele>3.75</ele></trkpt>
      <trkpt lat="51.538355" lon="-0.004439"><ele>3.75</ele></trkpt>
      <trkpt lat="51.538326" lon="-0.004421"><ele>4</ele></trkpt>
      <trkpt lat="51.538323" lon="-0.004307"><ele>4</ele></trkpt>
      <trkpt lat="51.538103" lon="-0.004344"><ele>4</ele></trkpt>
      <trkpt lat="51.538093" lon="-0.004285"><ele>4</ele></trkpt>
      <trkpt lat="51.538071" lon="-0.00426"><ele>4</ele></trkpt>
      <trkpt lat="51.538049" lon="-0.003931"><ele>4</ele></trkpt>
      <trkpt lat="51.537417" lon="-0.004038"><ele>4</ele></trkpt>
      <trkpt lat="51.537391" lon="-0.004063"><ele>4</ele></trkpt>
      <trkpt lat="51.537375" lon="-0.004079"><ele>4</ele></trkpt>
      <trkpt lat="51.53701" lon="-0.004432"><ele>4</ele></trkpt>
      <trkpt lat="51.536739" lon="-0.004705"><ele>4</ele></trkpt>
      <trkpt lat="51.536703" lon="-0.004748"><ele>4</ele></trkpt>
      <trkpt lat="51.536588" lon="-0.004589"><ele>4.5</ele></trkpt>
      <trkpt lat="51.536539" lon="-0.004508"><ele>4.75</ele></trkpt>
      <trkpt lat="51.536475" lon="-0.004478"><ele>4.75</ele></trkpt>
      <trkpt lat="51.536456" lon="-0.004448"><ele>4.75</ele></trkpt>
      <trkpt lat="51.536442" lon="-0.004469"><ele>4.75</ele></trkpt>
      <trkpt lat="51.536424" lon="-0.004494"><ele>4.75</ele></trkpt>
      <trkpt lat="51.536392" lon="-0.004444"><ele>5</ele></trkpt>
      <trkpt lat="51.536353" lon="-0.004426"><ele>5</ele></trkpt>
      <trkpt lat="51.536333" lon="-0.004438"><ele>5</ele></trkpt>
      <trkpt lat="51.536298" lon="-0.004481"><ele>5</ele></trkpt>
      <trkpt lat="51.536279" lon="-0.004505"><ele>5</ele></trkpt>
      <trkpt lat="51.536273" lon="-0.004503"><ele>5</ele></trkpt>
      <trkpt lat="51.536249" lon="-0.004517"><ele>5</ele></trkpt>
      <trkpt lat="51.536213" lon="-0.004472"><ele>5</ele></trkpt>
      <trkpt lat="51.5362" lon="-0.004493"><ele>5</ele></trkpt>
      <trkpt lat="51.536124" lon="-0.004598"><ele>5</ele></trkpt>
      <trkpt lat="51.536087" lon="-0.004639"><ele>4.75</ele></trkpt>
      <trkpt lat="51.535737" lon="-0.005112"><ele>4.5</ele></trkpt>
      <trkpt lat="51.535465" lon="-0.005464"><ele>5</ele></trkpt>
      <trkpt lat="51.535352" lon="-0.005581"><ele>4.75</ele></trkpt>
      <trkpt lat="51.535284" lon="-0.005669"><ele>4.75</ele></trkpt>
      <trkpt lat="51.535226" lon="-0.005751"><ele>5</ele></trkpt>
      <trkpt lat="51.535174" lon="-0.005807"><ele>5.25</ele></trkpt>
      <trkpt lat="51.53512" lon="-0.005867"><ele>5.5</ele></trkpt>
      <trkpt lat="51.535017" lon="-0.005944"><ele>5.75</ele></trkpt>
      <trkpt lat="51.534693" lon="-0.006336"><ele>6.75</ele></trkpt>
      <trkpt lat="51.53434" lon="-0.00679"><ele>7</ele></trkpt>
      <trkpt lat="51.534274" lon="-0.006878"><ele>7.25</ele></trkpt>
      <trkpt lat="51.534207" lon="-0.006951"><ele>7.5</ele></trkpt>
      <trkpt lat="51.534168" lon="-0.006998"><ele>7.75</ele></trkpt>
      <trkpt lat="51.534072" lon="-0.007107"><ele>7</ele></trkpt>
      <trkpt lat="51.533867" lon="-0.007397"><ele>6.75</ele></trkpt>
      <trkpt lat="51.53385" lon="-0.007421"><ele>6.75</ele></trkpt>
      <trkpt lat="51.533683" lon="-0.007656"><ele>6.5</ele></trkpt>
      <trkpt lat="51.533652" lon="-0.007704"><ele>6.25</ele></trkpt>
      <trkpt lat="51.53356" lon="-0.007823"><ele>6</ele></trkpt>
      <trkpt lat="51.533517" lon="-0.007878"><ele>6</ele></trkpt>
      <trkpt lat="51.533449" lon="-0.007965"><ele>6.25</ele></trkpt>
      <trkpt lat="51.533412" lon="-0.008013"><ele>6.5</ele></trkpt>
      <trkpt lat="51.533236" lon="-0.008239"><ele>4.5</ele></trkpt>
      <trkpt lat="51.532973" lon="-0.00858"><ele>5</ele></trkpt>
      <trkpt lat="51.532962" lon="-0.008591"><ele>5</ele></trkpt>
      <trkpt lat="51.532451" lon="-0.0093"><ele>5</ele></trkpt>
      <trkpt lat="51.532419" lon="-0.009347"><ele>5</ele></trkpt>
      <trkpt lat="51.532395" lon="-0.00938"><ele>5</ele></trkpt>
      <trkpt lat="51.532362" lon="-0.009429"><ele>5</ele></trkpt>
      <trkpt lat="51.532339" lon="-0.009462"><ele>5</ele></trkpt>
      <trkpt lat="51.532301" lon="-0.009493"><ele>5</ele></trkpt>
      <trkpt lat="51.532232" lon="-0.009573"><ele>4.75</ele></trkpt>
      <trkpt lat="51.532179" lon="-0.009647"><ele>5</ele></trkpt>
      <trkpt lat="51.532147" lon="-0.009691"><ele>5</ele></trkpt>
      <trkpt lat="51.53186" lon="-0.010112"><ele>5.25</ele></trkpt>
      <trkpt lat="51.531855" lon="-0.010119"><ele>5.25</ele></trkpt>
      <trkpt lat="51.531799" lon="-0.010201"><ele>5.25</ele></trkpt>
      <trkpt lat="51.531675" lon="-0.010296"><ele>5</ele></trkpt>
      <trkpt lat="51.531459" lon="-0.010592"><ele>5</ele></trkpt>
      <trkpt lat="51.531196" lon="-0.010981"><ele>5</ele></trkpt>
      <trkpt lat="51.530906" lon="-0.011455"><ele>5.5</ele></trkpt>
      <trkpt lat="51.530592" lon="-0.012067"><ele>5</ele></trkpt>
      <trkpt lat="51.53035" lon="-0.012571"><ele>5.5</ele></trkpt>
      <trkpt lat="51.529892" lon="-0.013679"><ele>6.75</ele></trkpt>
      <trkpt lat="51.52961" lon="-0.014402"><ele>7.5</ele></trkpt>
      <trkpt lat="51.529437" lon="-0.014914"><ele>8</ele></trkpt>
      <trkpt lat="51.529272" lon="-0.01547"><ele>8.5</ele></trkpt>
      <trkpt lat="51.529167" lon="-0.01587"><ele>8.75</ele></trkpt>
      <trkpt lat="51.529125" lon="-0.016064"><ele>9</ele></trkpt>
      <trkpt lat="51.529119" lon="-0.016089"><ele>9</ele></trkpt>
      <trkpt lat="51.528944" lon="-0.016708"><ele>10</ele></trkpt>
      <trkpt lat="51.528903" lon="-0.016858"><ele>10</ele></trkpt>
      <trkpt lat="51.528825" lon="-0.017143"><ele>10</ele></trkpt>
      <trkpt lat="51.528712" lon="-0.017483"><ele>10</ele></trkpt>
      <trkpt lat="51.528682" lon="-0.017541"><ele>10</ele></trkpt>
      <trkpt lat="51.528556" lon="-0.017843"><ele>10.25</ele></trkpt>
      <trkpt lat="51.528596" lon="-0.017884"><ele>10.25</ele></trkpt>
      <trkpt lat="51.528556" lon="-0.017977"><ele>10.75</ele></trkpt>
      <trkpt lat="51.528471" lon="-0.018215"><ele>11</ele></trkpt>
      <trkpt lat="51.528443" lon="-0.018351"><ele>11</ele></trkpt>
      <trkpt lat="51.528416" lon="-0.018533"><ele>11</ele></trkpt>
      <trkpt lat="51.528316" lon="-0.019191"><ele>11</ele></trkpt>
      <trkpt lat="51.528346" lon="-0.019228"><ele>10.75</ele></trkpt>
      <trkpt lat="51.528341" lon="-0.01926"><ele>11</ele></trkpt>
      <trkpt lat="51.528331" lon="-0.019355"><ele>11</ele></trkpt>
      <trkpt lat="51.528317" lon="-0.019469"><ele>11</ele></trkpt>
      <trkpt lat="51.528322" lon="-0.019516"><ele>11</ele></trkpt>
      <trkpt lat="51.528306" lon="-0.019541"><ele>11</ele></trkpt>
      <trkpt lat="51.528298" lon="-0.019574"><ele>11</ele></trkpt>
      <trkpt lat="51.528253" lon="-0.019902"><ele>10.5</ele></trkpt>
      <trkpt lat="51.52821" lon="-0.020158"><ele>10.25</ele></trkpt>
      <trkpt lat="51.52816" lon="-0.020302"><ele>10.5</ele></trkpt>
      <trkpt lat="51.528108" lon="-0.020559"><ele>11.75</ele></trkpt>
      <trkpt lat="51.527997" lon="-0.021264"><ele>10.75</ele></trkpt>
      <trkpt lat="51.528001" lon="-0.021299"><ele>11</ele></trkpt>
      <trkpt lat="51.527994" lon="-0.021348"><ele>11.5</ele></trkpt>
      <trkpt lat="51.527986" lon="-0.021407"><ele>12</ele></trkpt>
      <trkpt lat="51.527977" lon="-0.021414"><ele>12</ele></trkpt>
      <trkpt lat="51.527968" lon="-0.021467"><ele>12</ele></trkpt>
      <trkpt lat="51.527935" lon="-0.021666"><ele>12</ele></trkpt>
      <trkpt lat="51.527925" lon="-0.021723"><ele>11.75</ele></trkpt>
      <trkpt lat="51.527916" lon="-0.021776"><ele>11.75</ele></trkpt>
      <trkpt lat="51.527829" lon="-0.022275"><ele>11</ele></trkpt>
      <trkpt lat="51.527822" lon="-0.022318"><ele>11</ele></trkpt>
      <trkpt lat="51.527813" lon="-0.022361"><ele>11</ele></trkpt>
      <trkpt lat="51.527763" lon="-0.022616"><ele>11.25</ele></trkpt>
      <trkpt lat="51.527699" lon="-0.022995"><ele>11.75</ele></trkpt>
      <trkpt lat="51.527695" lon="-0.023018"><ele>11.5</ele></trkpt>
      <trkpt lat="51.527691" lon="-0.023049"><ele>11.5</ele></trkpt>
      <trkpt lat="51.527685" lon="-0.023111"><ele>11.5</ele></trkpt>
      <trkpt lat="51.527675" lon="-0.023184"><ele>11.75</ele></trkpt>
      <trkpt lat="51.527668" lon="-0.023246"><ele>11.75</ele></trkpt>
      <trkpt lat="51.527644" lon="-0.023397"><ele>11.75</ele></trkpt>
      <trkpt lat="51.527517" lon="-0.024027"><ele>11.75</ele></trkpt>
      <trkpt lat="51.527475" lon="-0.024242"><ele>12</ele></trkpt>
      <trkpt lat="51.52747" lon="-0.024276"><ele>12</ele></trkpt>
      <trkpt lat="51.527465" lon="-0.024308"><ele>12</ele></trkpt>
      <trkpt lat="51.527373" lon="-0.024807"><ele>11.5</ele></trkpt>
      <trkpt lat="51.52731" lon="-0.025088"><ele>12</ele></trkpt>
      <trkpt lat="51.527241" lon="-0.025438"><ele>12</ele></trkpt>
      <trkpt lat="51.527238" lon="-0.025451"><ele>12</ele></trkpt>
      <trkpt lat="51.527226" lon="-0.025515"><ele>11.75</ele></trkpt>
      <trkpt lat="51.527214" lon="-0.025579"><ele>12</ele></trkpt>
      <trkpt lat="51.527223" lon="-0.025632"><ele>12.25</ele></trkpt>
      <trkpt lat="51.527166" lon="-0.025898"><ele>12.75</ele></trkpt>
      <trkpt lat="51.527122" lon="-0.026093"><ele>12.5</ele></trkpt>
      <trkpt lat="51.527087" lon="-0.026143"><ele>12.5</ele></trkpt>
      <trkpt lat="51.527077" lon="-0.026183"><ele>12.25</ele></trkpt>
      <trkpt lat="51.527067" lon="-0.026225"><ele>12.25</ele></trkpt>
      <trkpt lat="51.526992" lon="-0.026542"><ele>12.5</ele></trkpt>
      <trkpt lat="51.526986" lon="-0.026575"><ele>12.5</ele></trkpt>
      <trkpt lat="51.526979" lon="-0.026604"><ele>12.75</ele></trkpt>
      <trkpt lat="51.526931" lon="-0.02681"><ele>13</ele></trkpt>
      <trkpt lat="51.526923" lon="-0.026848"><ele>13</ele></trkpt>
      <trkpt lat="51.526903" lon="-0.026937"><ele>13</ele></trkpt>
      <trkpt lat="51.526833" lon="-0.027261"><ele>12.25</ele></trkpt>
      <trkpt lat="51.526821" lon="-0.027323"><ele>12.5</ele></trkpt>
      <trkpt lat="51.526808" lon="-0.027385"><ele>12.75</ele></trkpt>
      <trkpt lat="51.526754" lon="-0.02761"><ele>13</ele></trkpt>
      <trkpt lat="51.526707" lon="-0.027811"><ele>13</ele></trkpt>
      <trkpt lat="51.526698" lon="-0.02784"><ele>13</ele></trkpt>
      <trkpt lat="51.526687" lon="-0.027874"><ele>13</ele></trkpt>
      <trkpt lat="51.526575" lon="-0.028443"><ele>13</ele></trkpt>
      <trkpt lat="51.526502" lon="-0.028774"><ele>13</ele></trkpt>
      <trkpt lat="51.526489" lon="-0.028831"><ele>13</ele></trkpt>
      <trkpt lat="51.526476" lon="-0.02889"><ele>13</ele></trkpt>
      <trkpt lat="51.526374" lon="-0.029313"><ele>13</ele></trkpt>
      <trkpt lat="51.52636" lon="-0.029306"><ele>13</ele></trkpt>
      <trkpt lat="51.526354" lon="-0.029304"><ele>13</ele></trkpt>
      <trkpt lat="51.526305" lon="-0.029537"><ele>13</ele></trkpt>
      <trkpt lat="51.526272" lon="-0.02964"><ele>13</ele></trkpt>
      <trkpt lat="51.526176" lon="-0.02973"><ele>13</ele></trkpt>
      <trkpt lat="51.526161" lon="-0.029808"><ele>13</ele></trkpt>
      <trkpt lat="51.52613" lon="-0.029965"><ele>13</ele></trkpt>
      <trkpt lat="51.526117" lon="-0.030031"><ele>13</ele></trkpt>
      <trkpt lat="51.526105" lon="-0.030094"><ele>13</ele></trkpt>
      <trkpt lat="51.526092" lon="-0.030162"><ele>13</ele></trkpt>
      <trkpt lat="51.526088" lon="-0.030183"><ele>13</ele></trkpt>
      <trkpt lat="51.526015" lon="-0.030574"><ele>13</ele></trkpt>
      <trkpt lat="51.525935" lon="-0.030959"><ele>13</ele></trkpt>
      <trkpt lat="51.525785" lon="-0.031683"><ele>13</ele></trkpt>
      <trkpt lat="51.525738" lon="-0.031775"><ele>13</ele></trkpt>
      <trkpt lat="51.525726" lon="-0.031835"><ele>13</ele></trkpt>
      <trkpt lat="51.52547" lon="-0.03289"><ele>12</ele></trkpt>
      <trkpt lat="51.5254" lon="-0.033167"><ele>12</ele></trkpt>
      <trkpt lat="51.525315" lon="-0.033483"><ele>12</ele></trkpt>
      <trkpt lat="51.525293" lon="-0.033565"><ele>12</ele></trkpt>
      <trkpt lat="51.525273" lon="-0.033639"><ele>12</ele></trkpt>
      <trkpt lat="51.525207" lon="-0.033917"><ele>12</ele></trkpt>
      <trkpt lat="51.525148" lon="-0.034143"><ele>12</ele></trkpt>
      <trkpt lat="51.525115" lon="-0.034353"><ele>12</ele></trkpt>
      <trkpt lat="51.525096" lon="-0.034436"><ele>12</ele></trkpt>
      <trkpt lat="51.525036" lon="-0.034603"><ele>12</ele></trkpt>
      <trkpt lat="51.524991" lon="-0.034691"><ele>12</ele></trkpt>
      <trkpt lat="51.524933" lon="-0.034872"><ele>12</ele></trkpt>
      <trkpt lat="51.524872" lon="-0.035072"><ele>12</ele></trkpt>
      <trkpt lat="51.52486" lon="-0.035132"><ele>12</ele></trkpt>
      <trkpt lat="51.524852" lon="-0.035198"><ele>12.25</ele></trkpt>
      <trkpt lat="51.524843" lon="-0.035404"><ele>13</ele></trkpt>
      <trkpt lat="51.524834" lon="-0.035433"><ele>13</ele></trkpt>
      <trkpt lat="51.524798" lon="-0.035554"><ele>13</ele></trkpt>
      <trkpt lat="51.524776" lon="-0.035624"><ele>12.5</ele></trkpt>
      <trkpt lat="51.524495" lon="-0.036361"><ele>12</ele></trkpt>
      <trkpt lat="51.52438" lon="-0.036668"><ele>12.75</ele></trkpt>
      <trkpt lat="51.524329" lon="-0.036811"><ele>12</ele></trkpt>
      <trkpt lat="51.524274" lon="-0.036956"><ele>11.25</ele></trkpt>
      <trkpt lat="51.524262" lon="-0.036989"><ele>11.25</ele></trkpt>
      <trkpt lat="51.524227" lon="-0.037083"><ele>11.5</ele></trkpt>
      <trkpt lat="51.524183" lon="-0.037191"><ele>12.5</ele></trkpt>
      <trkpt lat="51.524134" lon="-0.037223"><ele>12.75</ele></trkpt>
      <trkpt lat="51.524092" lon="-0.037314"><ele>12.5</ele></trkpt>
      <trkpt lat="51.524061" lon="-0.037379"><ele>12.5</ele></trkpt>
      <trkpt lat="51.523969" lon="-0.037571"><ele>12.25</ele></trkpt>
      <trkpt lat="51.523939" lon="-0.037634"><ele>12</ele></trkpt>
      <trkpt lat="51.523925" lon="-0.037667"><ele>12</ele></trkpt>
      <trkpt lat="51.523882" lon="-0.037765"><ele>12</ele></trkpt>
      <trkpt lat="51.523833" lon="-0.03795"><ele>12</ele></trkpt>
      <trkpt lat="51.523654" lon="-0.038287"><ele>12</ele></trkpt>
      <trkpt lat="51.523656" lon="-0.038446"><ele>11.5</ele></trkpt>
      <trkpt lat="51.523556" lon="-0.038644"><ele>11.25</ele></trkpt>
      <trkpt lat="51.523532" lon="-0.038694"><ele>11.25</ele></trkpt>
      <trkpt lat="51.523504" lon="-0.038754"><ele>11.5</ele></trkpt>
      <trkpt lat="51.523425" lon="-0.038926"><ele>11.25</ele></trkpt>
      <trkpt lat="51.523316" lon="-0.039211"><ele>11</ele></trkpt>
      <trkpt lat="51.523289" lon="-0.039291"><ele>11</ele></trkpt>
      <trkpt lat="51.523279" lon="-0.039323"><ele>11</ele></trkpt>
      <trkpt lat="51.523269" lon="-0.039354"><ele>11</ele></trkpt>
      <trkpt lat="51.523145" lon="-0.039739"><ele>11</ele></trkpt>
      <trkpt lat="51.523127" lon="-0.039798"><ele>11</ele></trkpt>
      <trkpt lat="51.523104" lon="-0.039887"><ele>11</ele></trkpt>
      <trkpt lat="51.523096" lon="-0.039917"><ele>11</ele></trkpt>
      <trkpt lat="51.523088" lon="-0.039944"><ele>11</ele></trkpt>
      <trkpt lat="51.523057" lon="-0.040038"><ele>11</ele></trkpt>
      <trkpt lat="51.523003" lon="-0.040208"><ele>11.5</ele></trkpt>
      <trkpt lat="51.522963" lon="-0.040334"><ele>11.5</ele></trkpt>
      <trkpt lat="51.522939" lon="-0.04039"><ele>11.5</ele></trkpt>
      <trkpt lat="51.522924" lon="-0.040434"><ele>11.5</ele></trkpt>
      <trkpt lat="51.522954" lon="-0.040457"><ele>11.5</ele></trkpt>
      <trkpt lat="51.522947" lon="-0.040479"><ele>11.5</ele></trkpt>
      <trkpt lat="51.522891" lon="-0.040656"><ele>11.25</ele></trkpt>
      <trkpt lat="51.522885" lon="-0.040731"><ele>11</ele></trkpt>
      <trkpt lat="51.522838" lon="-0.040891"><ele>11</ele></trkpt>
      <trkpt lat="51.522782" lon="-0.041077"><ele>11</ele></trkpt>
      <trkpt lat="51.522746" lon="-0.041152"><ele>11</ele></trkpt>
      <trkpt lat="51.522607" lon="-0.041794"><ele>11</ele></trkpt>
      <trkpt lat="51.522616" lon="-0.041822"><ele>11</ele></trkpt>
      <trkpt lat="51.522611" lon="-0.041841"><ele>11</ele></trkpt>
      <trkpt lat="51.522601" lon="-0.041898"><ele>11</ele></trkpt>
      <trkpt lat="51.52259" lon="-0.041957"><ele>11</ele></trkpt>
      <trkpt lat="51.522586" lon="-0.041979"><ele>11</ele></trkpt>
      <trkpt lat="51.522573" lon="-0.041986"><ele>11</ele></trkpt>
      <trkpt lat="51.522566" lon="-0.042002"><ele>11</ele></trkpt>
      <trkpt lat="51.522545" lon="-0.042116"><ele>11</ele></trkpt>
      <trkpt lat="51.522431" lon="-0.04271"><ele>11</ele></trkpt>
      <trkpt lat="51.522427" lon="-0.042732"><ele>11</ele></trkpt>
      <trkpt lat="51.522423" lon="-0.042755"><ele>11</ele></trkpt>
      <trkpt lat="51.522421" lon="-0.042768"><ele>11</ele></trkpt>
      <trkpt lat="51.52239" lon="-0.043026"><ele>10.25</ele></trkpt>
      <trkpt lat="51.522351" lon="-0.043279"><ele>10.5</ele></trkpt>
      <trkpt lat="51.522344" lon="-0.043386"><ele>10.5</ele></trkpt>
      <trkpt lat="51.522304" lon="-0.044094"><ele>11.25</ele></trkpt>
      <trkpt lat="51.522279" lon="-0.044314"><ele>11.5</ele></trkpt>
      <trkpt lat="51.522278" lon="-0.044331"><ele>11.5</ele></trkpt>
      <trkpt lat="51.522275" lon="-0.044353"><ele>11.5</ele></trkpt>
      <trkpt lat="51.522225" lon="-0.044754"><ele>11</ele></trkpt>
      <trkpt lat="51.52219" lon="-0.04503"><ele>11</ele></trkpt>
      <trkpt lat="51.522098" lon="-0.045551"><ele>11</ele></trkpt>
      <trkpt lat="51.522043" lon="-0.045858"><ele>11</ele></trkpt>
      <trkpt lat="51.521979" lon="-0.046203"><ele>11</ele></trkpt>
      <trkpt lat="51.521974" lon="-0.046229"><ele>11</ele></trkpt>
      <trkpt lat="51.521962" lon="-0.046295"><ele>11</ele></trkpt>
      <trkpt lat="51.521953" lon="-0.046345"><ele>11</ele></trkpt>
      <trkpt lat="51.521949" lon="-0.046359"><ele>11</ele></trkpt>
      <trkpt lat="51.521932" lon="-0.046438"><ele>10.75</ele></trkpt>
      <trkpt lat="51.52181" lon="-0.046991"><ele>9.5</ele></trkpt>
      <trkpt lat="51.5218" lon="-0.046985"><ele>9.5</ele></trkpt>
      <trkpt lat="51.521792" lon="-0.046981"><ele>9.5</ele></trkpt>
      <trkpt lat="51.521771" lon="-0.047095"><ele>9.75</ele></trkpt>
      <trkpt lat="51.521743" lon="-0.047146"><ele>9.75</ele></trkpt>
      <trkpt lat="51.521711" lon="-0.047308"><ele>9.75</ele></trkpt>
      <trkpt lat="51.521641" lon="-0.047648"><ele>10</ele></trkpt>
      <trkpt lat="51.521618" lon="-0.047757"><ele>10</ele></trkpt>
      <trkpt lat="51.521377" lon="-0.048882"><ele>10</ele></trkpt>
      <trkpt lat="51.521348" lon="-0.049012"><ele>10</ele></trkpt>
      <trkpt lat="51.521324" lon="-0.04907"><ele>10</ele></trkpt>
      <trkpt lat="51.521265" lon="-0.049372"><ele>10</ele></trkpt>
      <trkpt lat="51.521239" lon="-0.049408"><ele>10</ele></trkpt>
      <trkpt lat="51.521229" lon="-0.049458"><ele>10</ele></trkpt>
      <trkpt lat="51.521171" lon="-0.049727"><ele>10</ele></trkpt>
      <trkpt lat="51.521149" lon="-0.049827"><ele>10</ele></trkpt>
      <trkpt lat="51.521124" lon="-0.049954"><ele>10</ele></trkpt>
      <trkpt lat="51.521101" lon="-0.050068"><ele>10</ele></trkpt>
      <trkpt lat="51.521082" lon="-0.050164"><ele>10</ele></trkpt>
      <trkpt lat="51.521071" lon="-0.050218"><ele>10</ele></trkpt>
      <trkpt lat="51.521051" lon="-0.050316"><ele>10.25</ele></trkpt>
      <trkpt lat="51.521041" lon="-0.050367"><ele>10.25</ele></trkpt>
      <trkpt lat="51.521032" lon="-0.05041"><ele>10.5</ele></trkpt>
      <trkpt lat="51.520972" lon="-0.050507"><ele>10.75</ele></trkpt>
      <trkpt lat="51.520946" lon="-0.050664"><ele>11</ele></trkpt>
      <trkpt lat="51.520904" lon="-0.050882"><ele>10.75</ele></trkpt>
      <trkpt lat="51.520896" lon="-0.050913"><ele>10.75</ele></trkpt>
      <trkpt lat="51.520873" lon="-0.050978"><ele>10.75</ele></trkpt>
      <trkpt lat="51.520854" lon="-0.051069"><ele>10.75</ele></trkpt>
      <trkpt lat="51.520731" lon="-0.051689"><ele>11</ele></trkpt>
      <trkpt lat="51.520668" lon="-0.051995"><ele>11</ele></trkpt>
      <trkpt lat="51.520634" lon="-0.052155"><ele>11</ele></trkpt>
      <trkpt lat="51.520606" lon="-0.052282"><ele>11</ele></trkpt>
      <trkpt lat="51.520533" lon="-0.052634"><ele>11</ele></trkpt>
      <trkpt lat="51.520468" lon="-0.052966"><ele>11</ele></trkpt>
      <trkpt lat="51.520448" lon="-0.053061"><ele>11</ele></trkpt>
      <trkpt lat="51.520419" lon="-0.053205"><ele>11</ele></trkpt>
      <trkpt lat="51.520364" lon="-0.053518"><ele>11</ele></trkpt>
      <trkpt lat="51.520353" lon="-0.053581"><ele>11</ele></trkpt>
      <trkpt lat="51.520341" lon="-0.053642"><ele>11</ele></trkpt>
      <trkpt lat="51.520316" lon="-0.053771"><ele>11</ele></trkpt>
      <trkpt lat="51.520236" lon="-0.054176"><ele>11</ele></trkpt>
      <trkpt lat="51.520153" lon="-0.054717"><ele>11</ele></trkpt>
      <trkpt lat="51.520072" lon="-0.055117"><ele>11</ele></trkpt>
      <trkpt lat="51.520036" lon="-0.055206"><ele>11</ele></trkpt>
      <trkpt lat="51.519906" lon="-0.055788"><ele>11</ele></trkpt>
      <trkpt lat="51.519896" lon="-0.055922"><ele>11</ele></trkpt>
      <trkpt lat="51.519881" lon="-0.055997"><ele>11</ele></trkpt>
      <trkpt lat="51.519866" lon="-0.056072"><ele>11</ele></trkpt>
      <trkpt lat="51.519827" lon="-0.056232"><ele>11.25</ele></trkpt>
      <trkpt lat="51.519806" lon="-0.056307"><ele>11.5</ele></trkpt>
      <trkpt lat="51.519785" lon="-0.056394"><ele>12</ele></trkpt>
      <trkpt lat="51.519762" lon="-0.056484"><ele>12</ele></trkpt>
      <trkpt lat="51.519716" lon="-0.056553"><ele>12</ele></trkpt>
      <trkpt lat="51.519707" lon="-0.056603"><ele>12</ele></trkpt>
      <trkpt lat="51.519697" lon="-0.056665"><ele>12</ele></trkpt>
      <trkpt lat="51.519523" lon="-0.057553"><ele>12</ele></trkpt>
      <trkpt lat="51.519456" lon="-0.057895"><ele>12</ele></trkpt>
      <trkpt lat="51.519193" lon="-0.059153"><ele>12</ele></trkpt>
      <trkpt lat="51.519151" lon="-0.059344"><ele>12</ele></trkpt>
      <trkpt lat="51.519121" lon="-0.059472"><ele>11.75</ele></trkpt>
      <trkpt lat="51.519022" lon="-0.059888"><ele>11.75</ele></trkpt>
      <trkpt lat="51.519003" lon="-0.059982"><ele>11.75</ele></trkpt>
      <trkpt lat="51.518967" lon="-0.06005"><ele>12</ele></trkpt>
      <trkpt lat="51.518893" lon="-0.060373"><ele>12.5</ele></trkpt>
      <trkpt lat="51.51883" lon="-0.060649"><ele>12</ele></trkpt>
      <trkpt lat="51.518771" lon="-0.060908"><ele>12.25</ele></trkpt>
      <trkpt lat="51.518786" lon="-0.060973"><ele>12.25</ele></trkpt>
      <trkpt lat="51.518784" lon="-0.060982"><ele>12.25</ele></trkpt>
      <trkpt lat="51.518765" lon="-0.06107"><ele>12.25</ele></trkpt>
      <trkpt lat="51.518754" lon="-0.061118"><ele>12.25</ele></trkpt>
      <trkpt lat="51.518747" lon="-0.061147"><ele>12.5</ele></trkpt>
      <trkpt lat="51.518777" lon="-0.061269"><ele>12.25</ele></trkpt>
      <trkpt lat="51.518748" lon="-0.061404"><ele>12.5</ele></trkpt>
      <trkpt lat="51.518721" lon="-0.061526"><ele>12.75</ele></trkpt>
      <trkpt lat="51.5187" lon="-0.061623"><ele>12.75</ele></trkpt>
      <trkpt lat="51.518586" lon="-0.062143"><ele>13</ele></trkpt>
      <trkpt lat="51.518603" lon="-0.062323"><ele>13</ele></trkpt>
      <trkpt lat="51.518595" lon="-0.062376"><ele>13</ele></trkpt>
      <trkpt lat="51.518582" lon="-0.062435"><ele>13</ele></trkpt>
      <trkpt lat="51.518524" lon="-0.06272"><ele>13</ele></trkpt>
      <trkpt lat="51.518493" lon="-0.062819"><ele>13</ele></trkpt>
      <trkpt lat="51.518518" lon="-0.062919"><ele>13</ele></trkpt>
      <trkpt lat="51.518495" lon="-0.06303"><ele>13</ele></trkpt>
      <trkpt lat="51.518493" lon="-0.063091"><ele>13</ele></trkpt>
      <trkpt lat="51.518383" lon="-0.063455"><ele>13</ele></trkpt>
      <trkpt lat="51.518134" lon="-0.064343"><ele>12.5</ele></trkpt>
      <trkpt lat="51.518129" lon="-0.064413"><ele>12.5</ele></trkpt>
      <trkpt lat="51.518081" lon="-0.064583"><ele>12.75</ele></trkpt>
      <trkpt lat="51.517985" lon="-0.064914"><ele>13</ele></trkpt>
      <trkpt lat="51.517959" lon="-0.064977"><ele>13</ele></trkpt>
      <trkpt lat="51.517938" lon="-0.065062"><ele>13</ele></trkpt>
      <trkpt lat="51.517949" lon="-0.06507"><ele>13</ele></trkpt>
      <trkpt lat="51.517968" lon="-0.065085"><ele>13</ele></trkpt>
      <trkpt lat="51.518033" lon="-0.065138"><ele>13</ele></trkpt>
      <trkpt lat="51.51803" lon="-0.065215"><ele>13</ele></trkpt>
      <trkpt lat="51.518051" lon="-0.065228"><ele>13</ele></trkpt>
      <trkpt lat="51.518093" lon="-0.065251"><ele>12.75</ele></trkpt>
      <trkpt lat="51.518135" lon="-0.065287"><ele>13</ele></trkpt>
      <trkpt lat="51.518247" lon="-0.065388"><ele>13</ele></trkpt>
      <trkpt lat="51.518588" lon="-0.065754"><ele>13</ele></trkpt>
      <trkpt lat="51.51866" lon="-0.065844"><ele>13</ele></trkpt>
      <trkpt lat="51.518667" lon="-0.065856"><ele>13</ele></trkpt>
      <trkpt lat="51.51867" lon="-0.065866"><ele>13</ele></trkpt>
      <trkpt lat="51.51866" lon="-0.065902"><ele>13</ele></trkpt>
      <trkpt lat="51.518635" lon="-0.065954"><ele>12.75</ele></trkpt>
      <trkpt lat="51.518568" lon="-0.066118"><ele>13</ele></trkpt>
      <trkpt lat="51.518536" lon="-0.066185"><ele>13.25</ele></trkpt>
      <trkpt lat="51.518547" lon="-0.066199"><ele>13</ele></trkpt>
      <trkpt lat="51.518614" lon="-0.066199"><ele>13</ele></trkpt>
      <trkpt lat="51.518808" lon="-0.066196"><ele>13</ele></trkpt>
      <trkpt lat="51.51887" lon="-0.066191"><ele>13</ele></trkpt>
      <trkpt lat="51.518871" lon="-0.066299"><ele>13</ele></trkpt>
      <trkpt lat="51.518886" lon="-0.0664"><ele>13</ele></trkpt>
      <trkpt lat="51.518898" lon="-0.066487"><ele>13</ele></trkpt>
      <trkpt lat="51.518901" lon="-0.066651"><ele>13</ele></trkpt>
      <trkpt lat="51.518904" lon="-0.067623"><ele>13</ele></trkpt>
      <trkpt lat="51.518905" lon="-0.067682"><ele>13</ele></trkpt>
      <trkpt lat="51.518892" lon="-0.067751"><ele>13</ele></trkpt>
      <trkpt lat="51.518834" lon="-0.068087"><ele>13.25</ele></trkpt>
      <trkpt lat="51.518776" lon="-0.068397"><ele>13.75</ele></trkpt>
      <trkpt lat="51.518698" lon="-0.068745"><ele>13.5</ele></trkpt>
      <trkpt lat="51.518628" lon="-0.069109"><ele>14</ele></trkpt>
      <trkpt lat="51.518622" lon="-0.069138"><ele>14</ele></trkpt>
      <trkpt lat="51.518481" lon="-0.069748"><ele>14</ele></trkpt>
      <trkpt lat="51.518296" lon="-0.070577"><ele>14</ele></trkpt>
      <trkpt lat="51.518223" lon="-0.070983"><ele>14.5</ele></trkpt>
      <trkpt lat="51.51819" lon="-0.071178"><ele>14.75</ele></trkpt>
      <trkpt lat="51.518179" lon="-0.071248"><ele>14.5</ele></trkpt>
      <trkpt lat="51.518271" lon="-0.071311"><ele>14.75</ele></trkpt>
      <trkpt lat="51.518459" lon="-0.0714"><ele>14.75</ele></trkpt>
      <trkpt lat="51.518526" lon="-0.071428"><ele>14.75</ele></trkpt>
      <trkpt lat="51.518522" lon="-0.071488"><ele>14.75</ele></trkpt>
      <trkpt lat="51.518446" lon="-0.072789"><ele>13.25</ele></trkpt>
      <trkpt lat="51.518434" lon="-0.072981"><ele>13.25</ele></trkpt>
      <trkpt lat="51.518375" lon="-0.07396"><ele>13.25</ele></trkpt>
      <trkpt lat="51.518361" lon="-0.07424"><ele>14</ele></trkpt>
      <trkpt lat="51.518359" lon="-0.074281"><ele>14</ele></trkpt>
      <trkpt lat="51.518351" lon="-0.074317"><ele>14</ele></trkpt>
      <trkpt lat="51.518436" lon="-0.074369"><ele>14</ele></trkpt>
      <trkpt lat="51.518428" lon="-0.074404"><ele>14</ele></trkpt>
      <trkpt lat="51.518423" lon="-0.074424"><ele>14</ele></trkpt>
      <trkpt lat="51.518417" lon="-0.074457"><ele>13.75</ele></trkpt>
      <trkpt lat="51.51841" lon="-0.074489"><ele>13.75</ele></trkpt>
      <trkpt lat="51.518402" lon="-0.074529"><ele>13.75</ele></trkpt>
      <trkpt lat="51.518319" lon="-0.075458"><ele>13</ele></trkpt>
      <trkpt lat="51.518259" lon="-0.07617"><ele>13</ele></trkpt>
      <trkpt lat="51.518263" lon="-0.076267"><ele>13</ele></trkpt>
      <trkpt lat="51.518285" lon="-0.076302"><ele>13</ele></trkpt>
      <trkpt lat="51.518283" lon="-0.076355"><ele>13</ele></trkpt>
      <trkpt lat="51.518273" lon="-0.076356"><ele>13</ele></trkpt>
      <trkpt lat="51.518272" lon="-0.076426"><ele>12.75</ele></trkpt>
      <trkpt lat="51.518272" lon="-0.076448"><ele>12.5</ele></trkpt>
      <trkpt lat="51.518206" lon="-0.076962"><ele>12.75</ele></trkpt>
      <trkpt lat="51.51819" lon="-0.077004"><ele>13</ele></trkpt>
      <trkpt lat="51.518168" lon="-0.07706"><ele>13.5</ele></trkpt>
      <trkpt lat="51.518122" lon="-0.077574"><ele>13.75</ele></trkpt>
      <trkpt lat="51.518112" lon="-0.07771"><ele>13.5</ele></trkpt>
      <trkpt lat="51.518104" lon="-0.077751"><ele>13.5</ele></trkpt>
      <trkpt lat="51.518101" lon="-0.077763"><ele>13.5</ele></trkpt>
      <trkpt lat="51.518098" lon="-0.077795"><ele>13.5</ele></trkpt>
      <trkpt lat="51.518093" lon="-0.077934"><ele>13.75</ele></trkpt>
      <trkpt lat="51.518098" lon="-0.078392"><ele>14</ele></trkpt>
      <trkpt lat="51.518121" lon="-0.078686"><ele>14</ele></trkpt>
      <trkpt lat="51.518113" lon="-0.078757"><ele>14</ele></trkpt>
      <trkpt lat="51.518107" lon="-0.078803"><ele>14</ele></trkpt>
      <trkpt lat="51.518085" lon="-0.078823"><ele>13.75</ele></trkpt>
      <trkpt lat="51.518117" lon="-0.078942"><ele>13.75</ele></trkpt>
      <trkpt lat="51.518188" lon="-0.079402"><ele>14</ele></trkpt>
      <trkpt lat="51.518197" lon="-0.079499"><ele>14</ele></trkpt>
      <trkpt lat="51.518213" lon="-0.079569"><ele>14</ele></trkpt>
      <trkpt lat="51.518193" lon="-0.07958"><ele>14</ele></trkpt>
      <trkpt lat="51.518141" lon="-0.079613"><ele>14</ele></trkpt>
      <trkpt lat="51.51811" lon="-0.079632"><ele>13.75</ele></trkpt>
      <trkpt lat="51.517956" lon="-0.079789"><ele>14</ele></trkpt>
      <trkpt lat="51.517833" lon="-0.079953"><ele>13.75</ele></trkpt>
      <trkpt lat="51.517653" lon="-0.080161"><ele>14</ele></trkpt>
      <trkpt lat="51.517665" lon="-0.080271"><ele>14</ele></trkpt>
      <trkpt lat="51.517654" lon="-0.080283"><ele>14</ele></trkpt>
      <trkpt lat="51.517627" lon="-0.08031"><ele>14</ele></trkpt>
      <trkpt lat="51.517656" lon="-0.080391"><ele>14.25</ele></trkpt>
      <trkpt lat="51.517664" lon="-0.080427"><ele>14.5</ele></trkpt>
      <trkpt lat="51.517622" lon="-0.080527"><ele>14.75</ele></trkpt>
      <trkpt lat="51.517669" lon="-0.080943"><ele>14.25</ele></trkpt>
      <trkpt lat="51.517675" lon="-0.080969"><ele>14</ele></trkpt>
      <trkpt lat="51.517715" lon="-0.081164"><ele>12.25</ele></trkpt>
      <trkpt lat="51.517723" lon="-0.081203"><ele>11.75</ele></trkpt>
      <trkpt lat="51.517734" lon="-0.081197"><ele>11.75</ele></trkpt>
      <trkpt lat="51.517762" lon="-0.081332"><ele>10.5</ele></trkpt>
      <trkpt lat="51.517782" lon="-0.081427"><ele>10</ele></trkpt>
      <trkpt lat="51.517809" lon="-0.081413"><ele>10</ele></trkpt>
      <trkpt lat="51.51783" lon="-0.081401"><ele>10</ele></trkpt>
      <trkpt lat="51.517836" lon="-0.081426"><ele>10</ele></trkpt>
      <trkpt lat="51.51786" lon="-0.081545"><ele>10</ele></trkpt>
      <trkpt lat="51.5179" lon="-0.081523"><ele>10</ele></trkpt>
    </trkseg>
  </trk>
</gpx>
