<?xml version="1.0" encoding="UTF-8"?>
<gpx version="1.1" creator="Overland route generator" xmlns="http://www.topografix.com/GPX/1/1">
  <metadata>
    <name>Jubilee line — Overland</name>
    <desc>Above-ground running route tracing the Jubilee line and its branches, station to station. Routed on pavements and footways from OpenStreetMap data (BRouter, shortest).</desc>
    <author><name>Overland</name></author>
    <copyright author="OpenStreetMap contributors"><license>https://opendatacommons.org/licenses/odbl/1-0/</license></copyright>
    <link href="https://www.openstreetmap.org/copyright"><text>© OpenStreetMap contributors</text></link>
    <time>2026-07-06T18:42:05.461Z</time>
  </metadata>
  <wpt lat="51.619839" lon="-0.303266"><name>Stanmore</name></wpt>
  <wpt lat="51.607701" lon="-0.294693"><name>Canons Park</name></wpt>
  <wpt lat="51.594188" lon="-0.286219"><name>Queensbury</name></wpt>
  <wpt lat="51.584845" lon="-0.27879"><name>Kingsbury</name></wpt>
  <wpt lat="51.563198" lon="-0.279262"><name>Wembley Park</name></wpt>
  <wpt lat="51.553986" lon="-0.249837"><name>Neasden</name></wpt>
  <wpt lat="51.551955" lon="-0.239068"><name>Dollis Hill</name></wpt>
  <wpt lat="51.549146" lon="-0.221537"><name>Willesden Green</name></wpt>
  <wpt lat="51.547183" lon="-0.204248"><name>Kilburn</name></wpt>
  <wpt lat="51.546638" lon="-0.191059"><name>West Hampstead</name></wpt>
  <wpt lat="51.546825" lon="-0.179845"><name>Finchley Road</name></wpt>
  <wpt lat="51.543681" lon="-0.174894"><name>Swiss Cottage</name></wpt>
  <wpt lat="51.534521" lon="-0.173948"><name>St. John's Wood</name></wpt>
  <wpt lat="51.522883" lon="-0.15713"><name>Baker Street</name></wpt>
  <wpt lat="51.514304" lon="-0.149723"><name>Bond Street</name></wpt>
  <wpt lat="51.506947" lon="-0.142787"><name>Green Park</name></wpt>
  <wpt lat="51.50132" lon="-0.124861"><name>Westminster</name></wpt>
  <wpt lat="51.503299" lon="-0.11478"><name>Waterloo</name></wpt>
  <wpt lat="51.50427" lon="-0.105331"><name>Southwark</name></wpt>
  <wpt lat="51.505721" lon="-0.088873"><name>London Bridge</name></wpt>
  <wpt lat="51.49775" lon="-0.063993"><name>Bermondsey</name></wpt>
  <wpt lat="51.497931" lon="-0.049405"><name>Canada Water</name></wpt>
  <wpt lat="51.503488" lon="-0.018246"><name>Canary Wharf</name></wpt>
  <wpt lat="51.50047" lon="0.004287"><name>North Greenwich</name></wpt>
  <wpt lat="51.513584" lon="0.008322"><name>Canning Town</name></wpt>
  <wpt lat="51.528136" lon="0.005055"><name>West Ham</name></wpt>
  <wpt lat="51.541806" lon="-0.003458"><name>Stratford</name></wpt>
  <trk>
    <name>Jubilee line</name>
    <trkseg>
      <trkpt lat="51.619858" lon="-0.303275"><ele>84.75</ele></trkpt>
      <trkpt lat="51.619847" lon="-0.303345"><ele>85</ele></trkpt>
      <trkpt lat="51.619763" lon="-0.303752"><ele>85</ele></trkpt>
      <trkpt lat="51.619746" lon="-0.303827"><ele>85</ele></trkpt>
      <trkpt lat="51.619724" lon="-0.303919"><ele>85</ele></trkpt>
      <trkpt lat="51.619605" lon="-0.304382"><ele>86.75</ele></trkpt>
      <trkpt lat="51.619582" lon="-0.304453"><ele>87</ele></trkpt>
      <trkpt lat="51.619005" lon="-0.303933"><ele>86</ele></trkpt>
      <trkpt lat="51.618543" lon="-0.30353"><ele>85</ele></trkpt>
      <trkpt lat="51.618017" lon="-0.303112"><ele>85</ele></trkpt>
      <trkpt lat="51.616017" lon="-0.30149"><ele>79.5</ele></trkpt>
      <trkpt lat="51.614973" lon="-0.300646"><ele>76.75</ele></trkpt>
      <trkpt lat="51.614953" lon="-0.300712"><ele>76.75</ele></trkpt>
      <trkpt lat="51.614665" lon="-0.300484"><ele>76</ele></trkpt>
      <trkpt lat="51.614609" lon="-0.300518"><ele>76</ele></trkpt>
      <trkpt lat="51.614576" lon="-0.300635"><ele>75.75</ele></trkpt>
      <trkpt lat="51.614522" lon="-0.300598"><ele>75.75</ele></trkpt>
      <trkpt lat="51.61451" lon="-0.300638"><ele>75.75</ele></trkpt>
      <trkpt lat="51.614419" lon="-0.300963"><ele>75</ele></trkpt>
      <trkpt lat="51.613828" lon="-0.300515"><ele>74</ele></trkpt>
      <trkpt lat="51.613683" lon="-0.300412"><ele>74</ele></trkpt>
      <trkpt lat="51.613286" lon="-0.300116"><ele>72.75</ele></trkpt>
      <trkpt lat="51.613021" lon="-0.299937"><ele>71.75</ele></trkpt>
      <trkpt lat="51.612859" lon="-0.299808"><ele>71.25</ele></trkpt>
      <trkpt lat="51.612264" lon="-0.299371"><ele>70</ele></trkpt>
      <trkpt lat="51.611733" lon="-0.298995"><ele>68</ele></trkpt>
      <trkpt lat="51.611719" lon="-0.299026"><ele>68</ele></trkpt>
      <trkpt lat="51.611678" lon="-0.29906"><ele>68</ele></trkpt>
      <trkpt lat="51.611655" lon="-0.299061"><ele>68</ele></trkpt>
      <trkpt lat="51.611632" lon="-0.29905"><ele>68</ele></trkpt>
      <trkpt lat="51.6116" lon="-0.299005"><ele>68</ele></trkpt>
      <trkpt lat="51.611591" lon="-0.298973"><ele>68</ele></trkpt>
      <trkpt lat="51.611591" lon="-0.298904"><ele>68</ele></trkpt>
      <trkpt lat="51.610946" lon="-0.298416"><ele>67.25</ele></trkpt>
      <trkpt lat="51.610279" lon="-0.297937"><ele>67</ele></trkpt>
      <trkpt lat="51.610248" lon="-0.297996"><ele>67</ele></trkpt>
      <trkpt lat="51.610203" lon="-0.298019"><ele>67</ele></trkpt>
      <trkpt lat="51.610179" lon="-0.298015"><ele>67</ele></trkpt>
      <trkpt lat="51.610153" lon="-0.297998"><ele>67</ele></trkpt>
      <trkpt lat="51.610132" lon="-0.297968"><ele>67</ele></trkpt>
      <trkpt lat="51.610118" lon="-0.29793"><ele>67</ele></trkpt>
      <trkpt lat="51.610112" lon="-0.297886"><ele>67</ele></trkpt>
      <trkpt lat="51.610115" lon="-0.297842"><ele>67</ele></trkpt>
      <trkpt lat="51.608335" lon="-0.297043"><ele>66</ele></trkpt>
      <trkpt lat="51.608338" lon="-0.296997"><ele>66</ele></trkpt>
      <trkpt lat="51.60833" lon="-0.296952"><ele>66</ele></trkpt>
      <trkpt lat="51.608315" lon="-0.296913"><ele>66</ele></trkpt>
      <trkpt lat="51.608292" lon="-0.296884"><ele>66</ele></trkpt>
      <trkpt lat="51.608265" lon="-0.296868"><ele>66</ele></trkpt>
      <trkpt lat="51.608235" lon="-0.296868"><ele>66</ele></trkpt>
      <trkpt lat="51.608206" lon="-0.296884"><ele>66</ele></trkpt>
      <trkpt lat="51.608183" lon="-0.296914"><ele>66</ele></trkpt>
      <trkpt lat="51.608167" lon="-0.296955"><ele>66</ele></trkpt>
      <trkpt lat="51.60816" lon="-0.297003"><ele>66</ele></trkpt>
      <trkpt lat="51.607828" lon="-0.296968"><ele>65</ele></trkpt>
      <trkpt lat="51.607554" lon="-0.296931"><ele>65</ele></trkpt>
      <trkpt lat="51.60747" lon="-0.296921"><ele>65</ele></trkpt>
      <trkpt lat="51.607535" lon="-0.294981"><ele>64</ele></trkpt>
      <trkpt lat="51.607513" lon="-0.294979"><ele>64</ele></trkpt>
      <trkpt lat="51.607515" lon="-0.294863"><ele>64</ele></trkpt>
      <trkpt lat="51.607519" lon="-0.294759"><ele>64</ele></trkpt>
      <trkpt lat="51.60752" lon="-0.294706"><ele>64</ele></trkpt>
      <trkpt lat="51.607522" lon="-0.294666"><ele>64</ele></trkpt>
      <trkpt lat="51.607522" lon="-0.294647"><ele>64</ele></trkpt>
      <trkpt lat="51.607532" lon="-0.294522"><ele>64</ele></trkpt>
      <trkpt lat="51.607588" lon="-0.294527"><ele>64</ele></trkpt>
      <trkpt lat="51.607604" lon="-0.294528"><ele>64</ele></trkpt>
      <trkpt lat="51.607626" lon="-0.294511"><ele>64</ele></trkpt>
      <trkpt lat="51.607616" lon="-0.294732"><ele>64</ele></trkpt>
      <trkpt lat="51.607687" lon="-0.294756"><ele>64</ele></trkpt>
      <trkpt lat="51.607689" lon="-0.294736"><ele>64</ele></trkpt>
      <trkpt lat="51.607687" lon="-0.294756"><ele>64</ele></trkpt>
      <trkpt lat="51.607616" lon="-0.294732"><ele>64</ele></trkpt>
      <trkpt lat="51.607626" lon="-0.294511"><ele>64</ele></trkpt>
      <trkpt lat="51.607604" lon="-0.294528"><ele>64</ele></trkpt>
      <trkpt lat="51.607588" lon="-0.294527"><ele>64</ele></trkpt>
      <trkpt lat="51.607532" lon="-0.294522"><ele>64</ele></trkpt>
      <trkpt lat="51.60754" lon="-0.294193"><ele>64</ele></trkpt>
      <trkpt lat="51.607493" lon="-0.294185"><ele>63.75</ele></trkpt>
      <trkpt lat="51.607515" lon="-0.293751"><ele>63</ele></trkpt>
      <trkpt lat="51.607576" lon="-0.292072"><ele>62.25</ele></trkpt>
      <trkpt lat="51.607486" lon="-0.292049"><ele>61.75</ele></trkpt>
      <trkpt lat="51.607103" lon="-0.291956"><ele>60.5</ele></trkpt>
      <trkpt lat="51.606841" lon="-0.291934"><ele>59.5</ele></trkpt>
      <trkpt lat="51.606692" lon="-0.291802"><ele>58.5</ele></trkpt>
      <trkpt lat="51.606635" lon="-0.291777"><ele>58.25</ele></trkpt>
      <trkpt lat="51.606571" lon="-0.291781"><ele>58</ele></trkpt>
      <trkpt lat="51.606165" lon="-0.291593"><ele>57</ele></trkpt>
      <trkpt lat="51.605598" lon="-0.291381"><ele>56</ele></trkpt>
      <trkpt lat="51.605505" lon="-0.291307"><ele>56</ele></trkpt>
      <trkpt lat="51.605384" lon="-0.291239"><ele>56</ele></trkpt>
      <trkpt lat="51.605301" lon="-0.291205"><ele>56</ele></trkpt>
      <trkpt lat="51.605216" lon="-0.291173"><ele>55.75</ele></trkpt>
      <trkpt lat="51.605167" lon="-0.291211"><ele>55.75</ele></trkpt>
      <trkpt lat="51.605021" lon="-0.291085"><ele>56</ele></trkpt>
      <trkpt lat="51.604721" lon="-0.290988"><ele>56</ele></trkpt>
      <trkpt lat="51.603713" lon="-0.290709"><ele>58.5</ele></trkpt>
      <trkpt lat="51.603506" lon="-0.290846"><ele>59.25</ele></trkpt>
      <trkpt lat="51.603378" lon="-0.290804"><ele>59.75</ele></trkpt>
      <trkpt lat="51.602742" lon="-0.2906"><ele>59.75</ele></trkpt>
      <trkpt lat="51.60191" lon="-0.290313"><ele>60.75</ele></trkpt>
      <trkpt lat="51.601477" lon="-0.290171"><ele>61.75</ele></trkpt>
      <trkpt lat="51.600916" lon="-0.289963"><ele>63.75</ele></trkpt>
      <trkpt lat="51.600881" lon="-0.289941"><ele>64</ele></trkpt>
      <trkpt lat="51.60084" lon="-0.289881"><ele>64.25</ele></trkpt>
      <trkpt lat="51.600731" lon="-0.289667"><ele>65</ele></trkpt>
      <trkpt lat="51.600653" lon="-0.289516"><ele>65.25</ele></trkpt>
      <trkpt lat="51.60025" lon="-0.290041"><ele>65</ele></trkpt>
      <trkpt lat="51.600028" lon="-0.290468"><ele>65</ele></trkpt>
      <trkpt lat="51.59991" lon="-0.290774"><ele>64.25</ele></trkpt>
      <trkpt lat="51.599813" lon="-0.290767"><ele>64.75</ele></trkpt>
      <trkpt lat="51.599729" lon="-0.290693"><ele>64.75</ele></trkpt>
      <trkpt lat="51.599697" lon="-0.290798"><ele>64.75</ele></trkpt>
      <trkpt lat="51.599642" lon="-0.290753"><ele>64.75</ele></trkpt>
      <trkpt lat="51.599597" lon="-0.290801"><ele>64.75</ele></trkpt>
      <trkpt lat="51.599577" lon="-0.290805"><ele>64.75</ele></trkpt>
      <trkpt lat="51.599562" lon="-0.290878"><ele>64.75</ele></trkpt>
      <trkpt lat="51.598978" lon="-0.290749"><ele>62.25</ele></trkpt>
      <trkpt lat="51.598478" lon="-0.290657"><ele>60.5</ele></trkpt>
      <trkpt lat="51.597986" lon="-0.29051"><ele>57.75</ele></trkpt>
      <trkpt lat="51.597786" lon="-0.290405"><ele>57</ele></trkpt>
      <trkpt lat="51.59759" lon="-0.290274"><ele>56.25</ele></trkpt>
      <trkpt lat="51.597341" lon="-0.290038"><ele>55.25</ele></trkpt>
      <trkpt lat="51.596776" lon="-0.289263"><ele>53.25</ele></trkpt>
      <trkpt lat="51.596526" lon="-0.288899"><ele>52</ele></trkpt>
      <trkpt lat="51.596459" lon="-0.288796"><ele>51.5</ele></trkpt>
      <trkpt lat="51.596087" lon="-0.288225"><ele>50.75</ele></trkpt>
      <trkpt lat="51.595913" lon="-0.287859"><ele>50.25</ele></trkpt>
      <trkpt lat="51.595951" lon="-0.28778"><ele>50.25</ele></trkpt>
      <trkpt lat="51.595973" lon="-0.287686"><ele>50.5</ele></trkpt>
      <trkpt lat="51.595978" lon="-0.287586"><ele>50.75</ele></trkpt>
      <trkpt lat="51.595964" lon="-0.287488"><ele>50.75</ele></trkpt>
      <trkpt lat="51.595934" lon="-0.2874"><ele>50.5</ele></trkpt>
      <trkpt lat="51.59589" lon="-0.28733"><ele>50.25</ele></trkpt>
      <trkpt lat="51.595834" lon="-0.287283"><ele>50</ele></trkpt>
      <trkpt lat="51.595773" lon="-0.287264"><ele>49.75</ele></trkpt>
      <trkpt lat="51.595704" lon="-0.287281"><ele>49.5</ele></trkpt>
      <trkpt lat="51.595666" lon="-0.287299"><ele>49.25</ele></trkpt>
      <trkpt lat="51.595618" lon="-0.287356"><ele>49</ele></trkpt>
      <trkpt lat="51.595494" lon="-0.287109"><ele>48.75</ele></trkpt>
      <trkpt lat="51.595033" lon="-0.286257"><ele>48</ele></trkpt>
      <trkpt lat="51.594904" lon="-0.285976"><ele>47.5</ele></trkpt>
      <trkpt lat="51.594872" lon="-0.285914"><ele>47.5</ele></trkpt>
      <trkpt lat="51.594851" lon="-0.285863"><ele>47.25</ele></trkpt>
      <trkpt lat="51.594789" lon="-0.285726"><ele>47.5</ele></trkpt>
      <trkpt lat="51.594717" lon="-0.285558"><ele>47.75</ele></trkpt>
      <trkpt lat="51.594683" lon="-0.285592"><ele>47.5</ele></trkpt>
      <trkpt lat="51.594669" lon="-0.285607"><ele>47.5</ele></trkpt>
      <trkpt lat="51.594618" lon="-0.285507"><ele>47.5</ele></trkpt>
      <trkpt lat="51.594432" lon="-0.285473"><ele>47</ele></trkpt>
      <trkpt lat="51.594431" lon="-0.285519"><ele>47</ele></trkpt>
      <trkpt lat="51.59442" lon="-0.285783"><ele>47</ele></trkpt>
      <trkpt lat="51.594212" lon="-0.286024"><ele>49.5</ele></trkpt>
      <trkpt lat="51.594093" lon="-0.286153"><ele>49.5</ele></trkpt>
      <trkpt lat="51.594142" lon="-0.286269"><ele>50</ele></trkpt>
      <trkpt lat="51.594093" lon="-0.286153"><ele>49.5</ele></trkpt>
      <trkpt lat="51.594212" lon="-0.286024"><ele>49.5</ele></trkpt>
      <trkpt lat="51.59442" lon="-0.285783"><ele>47</ele></trkpt>
      <trkpt lat="51.594431" lon="-0.285519"><ele>47</ele></trkpt>
      <trkpt lat="51.594432" lon="-0.285473"><ele>47</ele></trkpt>
      <trkpt lat="51.594176" lon="-0.285431"><ele>47</ele></trkpt>
      <trkpt lat="51.594154" lon="-0.285381"><ele>47</ele></trkpt>
      <trkpt lat="51.594138" lon="-0.285341"><ele>47</ele></trkpt>
      <trkpt lat="51.594306" lon="-0.285156"><ele>47</ele></trkpt>
      <trkpt lat="51.594281" lon="-0.285077"><ele>47.25</ele></trkpt>
      <trkpt lat="51.594271" lon="-0.28499"><ele>47.25</ele></trkpt>
      <trkpt lat="51.594276" lon="-0.284902"><ele>47.5</ele></trkpt>
      <trkpt lat="51.594296" lon="-0.28482"><ele>47.75</ele></trkpt>
      <trkpt lat="51.594229" lon="-0.284665"><ele>48</ele></trkpt>
      <trkpt lat="51.594239" lon="-0.284495"><ele>48</ele></trkpt>
      <trkpt lat="51.594242" lon="-0.284458"><ele>48.25</ele></trkpt>
      <trkpt lat="51.59428" lon="-0.283807"><ele>48.25</ele></trkpt>
      <trkpt lat="51.593959" lon="-0.28376"><ele>47.25</ele></trkpt>
      <trkpt lat="51.593907" lon="-0.283752"><ele>47</ele></trkpt>
      <trkpt lat="51.593855" lon="-0.283722"><ele>46.75</ele></trkpt>
      <trkpt lat="51.593752" lon="-0.283527"><ele>47</ele></trkpt>
      <trkpt lat="51.593298" lon="-0.28274"><ele>45.75</ele></trkpt>
      <trkpt lat="51.592837" lon="-0.281942"><ele>45</ele></trkpt>
      <trkpt lat="51.592739" lon="-0.281773"><ele>44.75</ele></trkpt>
      <trkpt lat="51.592446" lon="-0.281361"><ele>44</ele></trkpt>
      <trkpt lat="51.592031" lon="-0.28098"><ele>44.5</ele></trkpt>
      <trkpt lat="51.591898" lon="-0.280866"><ele>45</ele></trkpt>
      <trkpt lat="51.591574" lon="-0.280587"><ele>46</ele></trkpt>
      <trkpt lat="51.590967" lon="-0.280066"><ele>47</ele></trkpt>
      <trkpt lat="51.590526" lon="-0.279686"><ele>46.75</ele></trkpt>
      <trkpt lat="51.589931" lon="-0.279175"><ele>47</ele></trkpt>
      <trkpt lat="51.589778" lon="-0.279044"><ele>47.75</ele></trkpt>
      <trkpt lat="51.589405" lon="-0.278722"><ele>48.5</ele></trkpt>
      <trkpt lat="51.588963" lon="-0.278311"><ele>49</ele></trkpt>
      <trkpt lat="51.588696" lon="-0.278062"><ele>49.75</ele></trkpt>
      <trkpt lat="51.588333" lon="-0.277914"><ele>50</ele></trkpt>
      <trkpt lat="51.587825" lon="-0.277709"><ele>49</ele></trkpt>
      <trkpt lat="51.587598" lon="-0.277617"><ele>49</ele></trkpt>
      <trkpt lat="51.587099" lon="-0.277477"><ele>48</ele></trkpt>
      <trkpt lat="51.586952" lon="-0.277436"><ele>48</ele></trkpt>
      <trkpt lat="51.586488" lon="-0.27727"><ele>46.75</ele></trkpt>
      <trkpt lat="51.586172" lon="-0.277149"><ele>46.25</ele></trkpt>
      <trkpt lat="51.586049" lon="-0.277097"><ele>46.25</ele></trkpt>
      <trkpt lat="51.585784" lon="-0.276915"><ele>46</ele></trkpt>
      <trkpt lat="51.585729" lon="-0.276886"><ele>46</ele></trkpt>
      <trkpt lat="51.585651" lon="-0.277144"><ele>45.5</ele></trkpt>
      <trkpt lat="51.585532" lon="-0.277457"><ele>45</ele></trkpt>
      <trkpt lat="51.585401" lon="-0.277772"><ele>45</ele></trkpt>
      <trkpt lat="51.585289" lon="-0.277992"><ele>45</ele></trkpt>
      <trkpt lat="51.585123" lon="-0.278383"><ele>41.25</ele></trkpt>
      <trkpt lat="51.585098" lon="-0.278469"><ele>41.25</ele></trkpt>
      <trkpt lat="51.58504" lon="-0.278425"><ele>41.5</ele></trkpt>
      <trkpt lat="51.585027" lon="-0.278457"><ele>41.5</ele></trkpt>
      <trkpt lat="51.584947" lon="-0.278715"><ele>41.75</ele></trkpt>
      <trkpt lat="51.584917" lon="-0.278837"><ele>43.75</ele></trkpt>
      <trkpt lat="51.584907" lon="-0.278877"><ele>43.75</ele></trkpt>
      <trkpt lat="51.584891" lon="-0.278973"><ele>44</ele></trkpt>
      <trkpt lat="51.584899" lon="-0.279056"><ele>44</ele></trkpt>
      <trkpt lat="51.584945" lon="-0.279106"><ele>44</ele></trkpt>
      <trkpt lat="51.584876" lon="-0.279564"><ele>44</ele></trkpt>
      <trkpt lat="51.584871" lon="-0.279624"><ele>44</ele></trkpt>
      <trkpt lat="51.584808" lon="-0.279652"><ele>44</ele></trkpt>
      <trkpt lat="51.584795" lon="-0.27967"><ele>44</ele></trkpt>
      <trkpt lat="51.58475" lon="-0.280188"><ele>44</ele></trkpt>
      <trkpt lat="51.584741" lon="-0.280408"><ele>43.5</ele></trkpt>
      <trkpt lat="51.584741" lon="-0.280449"><ele>43.25</ele></trkpt>
      <trkpt lat="51.58474" lon="-0.280895"><ele>43</ele></trkpt>
      <trkpt lat="51.584732" lon="-0.280933"><ele>43</ele></trkpt>
      <trkpt lat="51.584686" lon="-0.281041"><ele>43</ele></trkpt>
      <trkpt lat="51.58463" lon="-0.281117"><ele>43</ele></trkpt>
      <trkpt lat="51.584581" lon="-0.28113"><ele>43</ele></trkpt>
      <trkpt lat="51.58452" lon="-0.281113"><ele>43</ele></trkpt>
      <trkpt lat="51.584491" lon="-0.281092"><ele>43</ele></trkpt>
      <trkpt lat="51.584422" lon="-0.281063"><ele>43</ele></trkpt>
      <trkpt lat="51.584381" lon="-0.281027"><ele>43.25</ele></trkpt>
      <trkpt lat="51.584335" lon="-0.28099"><ele>43.5</ele></trkpt>
      <trkpt lat="51.584262" lon="-0.280922"><ele>43.75</ele></trkpt>
      <trkpt lat="51.583963" lon="-0.280687"><ele>44.25</ele></trkpt>
      <trkpt lat="51.583626" lon="-0.280433"><ele>44.75</ele></trkpt>
      <trkpt lat="51.582823" lon="-0.279821"><ele>46</ele></trkpt>
      <trkpt lat="51.582614" lon="-0.279683"><ele>46</ele></trkpt>
      <trkpt lat="51.582348" lon="-0.279532"><ele>44</ele></trkpt>
      <trkpt lat="51.581801" lon="-0.279148"><ele>45.5</ele></trkpt>
      <trkpt lat="51.581705" lon="-0.279066"><ele>45.75</ele></trkpt>
      <trkpt lat="51.581677" lon="-0.279041"><ele>45.75</ele></trkpt>
      <trkpt lat="51.5816" lon="-0.279162"><ele>46</ele></trkpt>
      <trkpt lat="51.580859" lon="-0.278605"><ele>45</ele></trkpt>
      <trkpt lat="51.58079" lon="-0.278721"><ele>44.75</ele></trkpt>
      <trkpt lat="51.580714" lon="-0.278849"><ele>44.5</ele></trkpt>
      <trkpt lat="51.580277" lon="-0.278534"><ele>43.75</ele></trkpt>
      <trkpt lat="51.580034" lon="-0.27836"><ele>43</ele></trkpt>
      <trkpt lat="51.579954" lon="-0.278312"><ele>43</ele></trkpt>
      <trkpt lat="51.579856" lon="-0.278291"><ele>43</ele></trkpt>
      <trkpt lat="51.579766" lon="-0.278366"><ele>43</ele></trkpt>
      <trkpt lat="51.57971" lon="-0.278498"><ele>42.75</ele></trkpt>
      <trkpt lat="51.579575" lon="-0.279079"><ele>42.25</ele></trkpt>
      <trkpt lat="51.579531" lon="-0.279192"><ele>42.25</ele></trkpt>
      <trkpt lat="51.579502" lon="-0.279237"><ele>42</ele></trkpt>
      <trkpt lat="51.57943" lon="-0.279392"><ele>42</ele></trkpt>
      <trkpt lat="51.579335" lon="-0.279706"><ele>42</ele></trkpt>
      <trkpt lat="51.579227" lon="-0.279664"><ele>42</ele></trkpt>
      <trkpt lat="51.578918" lon="-0.279809"><ele>41</ele></trkpt>
      <trkpt lat="51.578892" lon="-0.279821"><ele>41</ele></trkpt>
      <trkpt lat="51.578859" lon="-0.279825"><ele>41</ele></trkpt>
      <trkpt lat="51.578831" lon="-0.27995"><ele>41</ele></trkpt>
      <trkpt lat="51.578784" lon="-0.279884"><ele>41</ele></trkpt>
      <trkpt lat="51.57872" lon="-0.279795"><ele>41.25</ele></trkpt>
      <trkpt lat="51.578666" lon="-0.279816"><ele>41.5</ele></trkpt>
      <trkpt lat="51.57836" lon="-0.279958"><ele>41.75</ele></trkpt>
      <trkpt lat="51.577986" lon="-0.28027"><ele>43.25</ele></trkpt>
      <trkpt lat="51.577403" lon="-0.28096"><ele>43.75</ele></trkpt>
      <trkpt lat="51.577316" lon="-0.280961"><ele>44</ele></trkpt>
      <trkpt lat="51.577227" lon="-0.280899"><ele>44.5</ele></trkpt>
      <trkpt lat="51.577127" lon="-0.28082"><ele>45</ele></trkpt>
      <trkpt lat="51.576837" lon="-0.280914"><ele>45.25</ele></trkpt>
      <trkpt lat="51.576787" lon="-0.280688"><ele>46</ele></trkpt>
      <trkpt lat="51.57667" lon="-0.280474"><ele>46.75</ele></trkpt>
      <trkpt lat="51.57649" lon="-0.280206"><ele>47.5</ele></trkpt>
      <trkpt lat="51.576314" lon="-0.279964"><ele>48.5</ele></trkpt>
      <trkpt lat="51.576309" lon="-0.279879"><ele>48.5</ele></trkpt>
      <trkpt lat="51.576295" lon="-0.279661"><ele>48.5</ele></trkpt>
      <trkpt lat="51.575676" lon="-0.279462"><ele>53</ele></trkpt>
      <trkpt lat="51.574998" lon="-0.279591"><ele>59.5</ele></trkpt>
      <trkpt lat="51.574891" lon="-0.279642"><ele>61.5</ele></trkpt>
      <trkpt lat="51.574513" lon="-0.279556"><ele>67.25</ele></trkpt>
      <trkpt lat="51.574267" lon="-0.279522"><ele>71.75</ele></trkpt>
      <trkpt lat="51.573875" lon="-0.279544"><ele>78</ele></trkpt>
      <trkpt lat="51.573754" lon="-0.279547"><ele>79.25</ele></trkpt>
      <trkpt lat="51.57328" lon="-0.279531"><ele>83.25</ele></trkpt>
      <trkpt lat="51.573163" lon="-0.279471"><ele>84</ele></trkpt>
      <trkpt lat="51.572871" lon="-0.279485"><ele>85.5</ele></trkpt>
      <trkpt lat="51.572765" lon="-0.27964"><ele>85.25</ele></trkpt>
      <trkpt lat="51.572663" lon="-0.279766"><ele>85.25</ele></trkpt>
      <trkpt lat="51.572665" lon="-0.279817"><ele>85.25</ele></trkpt>
      <trkpt lat="51.572503" lon="-0.279844"><ele>85.75</ele></trkpt>
      <trkpt lat="51.571502" lon="-0.280035"><ele>78</ele></trkpt>
      <trkpt lat="51.571503" lon="-0.279737"><ele>78</ele></trkpt>
      <trkpt lat="51.57085" lon="-0.279343"><ele>70.75</ele></trkpt>
      <trkpt lat="51.570077" lon="-0.278837"><ele>72</ele></trkpt>
      <trkpt lat="51.569159" lon="-0.278236"><ele>68.75</ele></trkpt>
      <trkpt lat="51.568844" lon="-0.277875"><ele>66.5</ele></trkpt>
      <trkpt lat="51.568675" lon="-0.277527"><ele>65.25</ele></trkpt>
      <trkpt lat="51.568075" lon="-0.277677"><ele>61.25</ele></trkpt>
      <trkpt lat="51.567463" lon="-0.277849"><ele>55.5</ele></trkpt>
      <trkpt lat="51.566863" lon="-0.278214"><ele>51</ele></trkpt>
      <trkpt lat="51.566249" lon="-0.278621"><ele>47.25</ele></trkpt>
      <trkpt lat="51.565984" lon="-0.278805"><ele>45.75</ele></trkpt>
      <trkpt lat="51.565928" lon="-0.278845"><ele>45.25</ele></trkpt>
      <trkpt lat="51.565612" lon="-0.278965"><ele>44.75</ele></trkpt>
      <trkpt lat="51.565565" lon="-0.27833"><ele>46</ele></trkpt>
      <trkpt lat="51.565526" lon="-0.277797"><ele>45.75</ele></trkpt>
      <trkpt lat="51.565492" lon="-0.277745"><ele>45.5</ele></trkpt>
      <trkpt lat="51.565481" lon="-0.277685"><ele>45.75</ele></trkpt>
      <trkpt lat="51.565413" lon="-0.27759"><ele>45.5</ele></trkpt>
      <trkpt lat="51.565387" lon="-0.277568"><ele>45.5</ele></trkpt>
      <trkpt lat="51.565358" lon="-0.277672"><ele>44.75</ele></trkpt>
      <trkpt lat="51.565295" lon="-0.277642"><ele>44.5</ele></trkpt>
      <trkpt lat="51.565208" lon="-0.277684"><ele>44</ele></trkpt>
      <trkpt lat="51.564434" lon="-0.278346"><ele>41</ele></trkpt>
      <trkpt lat="51.564005" lon="-0.278675"><ele>40.75</ele></trkpt>
      <trkpt lat="51.563722" lon="-0.27887"><ele>40.5</ele></trkpt>
      <trkpt lat="51.563543" lon="-0.278965"><ele>40.5</ele></trkpt>
      <trkpt lat="51.563397" lon="-0.279044"><ele>40.5</ele></trkpt>
      <trkpt lat="51.563232" lon="-0.279178"><ele>40.5</ele></trkpt>
      <trkpt lat="51.563182" lon="-0.279224"><ele>40.5</ele></trkpt>
      <trkpt lat="51.563232" lon="-0.279178"><ele>40.5</ele></trkpt>
      <trkpt lat="51.563204" lon="-0.279084"><ele>40.5</ele></trkpt>
      <trkpt lat="51.56318" lon="-0.278999"><ele>40.5</ele></trkpt>
      <trkpt lat="51.563461" lon="-0.278783"><ele>40.5</ele></trkpt>
      <trkpt lat="51.564037" lon="-0.278353"><ele>40.5</ele></trkpt>
      <trkpt lat="51.564107" lon="-0.27829"><ele>40.75</ele></trkpt>
      <trkpt lat="51.564005" lon="-0.277936"><ele>40</ele></trkpt>
      <trkpt lat="51.563993" lon="-0.277893"><ele>40</ele></trkpt>
      <trkpt lat="51.563794" lon="-0.277175"><ele>40</ele></trkpt>
      <trkpt lat="51.563745" lon="-0.276862"><ele>40</ele></trkpt>
      <trkpt lat="51.563712" lon="-0.276441"><ele>40.25</ele></trkpt>
      <trkpt lat="51.5637" lon="-0.275715"><ele>42</ele></trkpt>
      <trkpt lat="51.563685" lon="-0.275537"><ele>42.5</ele></trkpt>
      <trkpt lat="51.563673" lon="-0.2755"><ele>42.75</ele></trkpt>
      <trkpt lat="51.563632" lon="-0.275428"><ele>42.5</ele></trkpt>
      <trkpt lat="51.563566" lon="-0.275378"><ele>42.5</ele></trkpt>
      <trkpt lat="51.563513" lon="-0.275317"><ele>42.5</ele></trkpt>
      <trkpt lat="51.563368" lon="-0.275131"><ele>41.75</ele></trkpt>
      <trkpt lat="51.563332" lon="-0.274951"><ele>41.75</ele></trkpt>
      <trkpt lat="51.563341" lon="-0.274585"><ele>42.5</ele></trkpt>
      <trkpt lat="51.563338" lon="-0.274006"><ele>42.25</ele></trkpt>
      <trkpt lat="51.563338" lon="-0.273963"><ele>42.25</ele></trkpt>
      <trkpt lat="51.563337" lon="-0.273796"><ele>42</ele></trkpt>
      <trkpt lat="51.563339" lon="-0.273377"><ele>42</ele></trkpt>
      <trkpt lat="51.563369" lon="-0.273266"><ele>42</ele></trkpt>
      <trkpt lat="51.563218" lon="-0.273131"><ele>41.5</ele></trkpt>
      <trkpt lat="51.56305" lon="-0.272792"><ele>40.75</ele></trkpt>
      <trkpt lat="51.562871" lon="-0.272219"><ele>39.75</ele></trkpt>
      <trkpt lat="51.562717" lon="-0.271726"><ele>38.75</ele></trkpt>
      <trkpt lat="51.5626" lon="-0.271352"><ele>37.25</ele></trkpt>
      <trkpt lat="51.562527" lon="-0.271082"><ele>36.25</ele></trkpt>
      <trkpt lat="51.562521" lon="-0.271062"><ele>36.25</ele></trkpt>
      <trkpt lat="51.562281" lon="-0.270265"><ele>35.25</ele></trkpt>
      <trkpt lat="51.562273" lon="-0.270178"><ele>35.5</ele></trkpt>
      <trkpt lat="51.562224" lon="-0.270145"><ele>35.25</ele></trkpt>
      <trkpt lat="51.561981" lon="-0.269352"><ele>36.5</ele></trkpt>
      <trkpt lat="51.561965" lon="-0.269274"><ele>36.5</ele></trkpt>
      <trkpt lat="51.561912" lon="-0.269023"><ele>36.75</ele></trkpt>
      <trkpt lat="51.561794" lon="-0.268408"><ele>37.25</ele></trkpt>
      <trkpt lat="51.561768" lon="-0.267185"><ele>37.75</ele></trkpt>
      <trkpt lat="51.561862" lon="-0.26645"><ele>35.75</ele></trkpt>
      <trkpt lat="51.561875" lon="-0.266315"><ele>35.5</ele></trkpt>
      <trkpt lat="51.561899" lon="-0.265906"><ele>35</ele></trkpt>
      <trkpt lat="51.561975" lon="-0.265546"><ele>34</ele></trkpt>
      <trkpt lat="51.561862" lon="-0.265561"><ele>33.5</ele></trkpt>
      <trkpt lat="51.561517" lon="-0.265915"><ele>34</ele></trkpt>
      <trkpt lat="51.561358" lon="-0.265542"><ele>32</ele></trkpt>
      <trkpt lat="51.561293" lon="-0.265477"><ele>32.5</ele></trkpt>
      <trkpt lat="51.561146" lon="-0.265234"><ele>32</ele></trkpt>
      <trkpt lat="51.560963" lon="-0.264956"><ele>30.5</ele></trkpt>
      <trkpt lat="51.560851" lon="-0.264854"><ele>30.25</ele></trkpt>
      <trkpt lat="51.560891" lon="-0.264698"><ele>29</ele></trkpt>
      <trkpt lat="51.560918" lon="-0.264509"><ele>30.75</ele></trkpt>
      <trkpt lat="51.560932" lon="-0.26446"><ele>31</ele></trkpt>
      <trkpt lat="51.560649" lon="-0.264322"><ele>30.25</ele></trkpt>
      <trkpt lat="51.5606" lon="-0.264264"><ele>30.75</ele></trkpt>
      <trkpt lat="51.560571" lon="-0.264181"><ele>31.75</ele></trkpt>
      <trkpt lat="51.560663" lon="-0.264064"><ele>32</ele></trkpt>
      <trkpt lat="51.560634" lon="-0.263656"><ele>32</ele></trkpt>
      <trkpt lat="51.560546" lon="-0.263598"><ele>32</ele></trkpt>
      <trkpt lat="51.560452" lon="-0.263613"><ele>32</ele></trkpt>
      <trkpt lat="51.560417" lon="-0.262927"><ele>32</ele></trkpt>
      <trkpt lat="51.56037" lon="-0.262678"><ele>32</ele></trkpt>
      <trkpt lat="51.56033" lon="-0.262488"><ele>31.75</ele></trkpt>
      <trkpt lat="51.560301" lon="-0.262273"><ele>31.75</ele></trkpt>
      <trkpt lat="51.56038" lon="-0.262209"><ele>31.5</ele></trkpt>
      <trkpt lat="51.56078" lon="-0.261753"><ele>31</ele></trkpt>
      <trkpt lat="51.560567" lon="-0.261242"><ele>31</ele></trkpt>
      <trkpt lat="51.560436" lon="-0.260926"><ele>31.75</ele></trkpt>
      <trkpt lat="51.56029" lon="-0.260562"><ele>32</ele></trkpt>
      <trkpt lat="51.560049" lon="-0.25997"><ele>32</ele></trkpt>
      <trkpt lat="51.559946" lon="-0.259718"><ele>32</ele></trkpt>
      <trkpt lat="51.559806" lon="-0.259347"><ele>32.25</ele></trkpt>
      <trkpt lat="51.559663" lon="-0.258929"><ele>33</ele></trkpt>
      <trkpt lat="51.559652" lon="-0.258816"><ele>33</ele></trkpt>
      <trkpt lat="51.559576" lon="-0.258685"><ele>33</ele></trkpt>
      <trkpt lat="51.559526" lon="-0.258581"><ele>33</ele></trkpt>
      <trkpt lat="51.559362" lon="-0.258159"><ele>33.75</ele></trkpt>
      <trkpt lat="51.558966" lon="-0.257173"><ele>36.25</ele></trkpt>
      <trkpt lat="51.5588" lon="-0.256753"><ele>36.25</ele></trkpt>
      <trkpt lat="51.55835" lon="-0.255615"><ele>36</ele></trkpt>
      <trkpt lat="51.558077" lon="-0.254967"><ele>36</ele></trkpt>
      <trkpt lat="51.558051" lon="-0.254906"><ele>36.25</ele></trkpt>
      <trkpt lat="51.557674" lon="-0.25397"><ele>37.5</ele></trkpt>
      <trkpt lat="51.557491" lon="-0.253703"><ele>37.75</ele></trkpt>
      <trkpt lat="51.557362" lon="-0.253664"><ele>37.75</ele></trkpt>
      <trkpt lat="51.557133" lon="-0.253601"><ele>38</ele></trkpt>
      <trkpt lat="51.556855" lon="-0.253481"><ele>38</ele></trkpt>
      <trkpt lat="51.556595" lon="-0.253344"><ele>38</ele></trkpt>
      <trkpt lat="51.556315" lon="-0.253143"><ele>38.5</ele></trkpt>
      <trkpt lat="51.556129" lon="-0.252988"><ele>38.25</ele></trkpt>
      <trkpt lat="51.555916" lon="-0.252839"><ele>38</ele></trkpt>
      <trkpt lat="51.555743" lon="-0.252793"><ele>37.75</ele></trkpt>
      <trkpt lat="51.55562" lon="-0.252778"><ele>37.75</ele></trkpt>
      <trkpt lat="51.555433" lon="-0.252808"><ele>38.25</ele></trkpt>
      <trkpt lat="51.555384" lon="-0.252843"><ele>38</ele></trkpt>
      <trkpt lat="51.555343" lon="-0.252866"><ele>38</ele></trkpt>
      <trkpt lat="51.555292" lon="-0.253026"><ele>37</ele></trkpt>
      <trkpt lat="51.555204" lon="-0.253092"><ele>35.5</ele></trkpt>
      <trkpt lat="51.555198" lon="-0.253073"><ele>35.75</ele></trkpt>
      <trkpt lat="51.555076" lon="-0.252507"><ele>35</ele></trkpt>
      <trkpt lat="51.555071" lon="-0.252473"><ele>34.75</ele></trkpt>
      <trkpt lat="51.555214" lon="-0.252375"><ele>36.25</ele></trkpt>
      <trkpt lat="51.555266" lon="-0.252552"><ele>38</ele></trkpt>
      <trkpt lat="51.555303" lon="-0.252535"><ele>38</ele></trkpt>
      <trkpt lat="51.555562" lon="-0.252436"><ele>37.75</ele></trkpt>
      <trkpt lat="51.555604" lon="-0.25242"><ele>37.75</ele></trkpt>
      <trkpt lat="51.555659" lon="-0.252376"><ele>37.75</ele></trkpt>
      <trkpt lat="51.555644" lon="-0.252318"><ele>37.5</ele></trkpt>
      <trkpt lat="51.555631" lon="-0.252204"><ele>37.25</ele></trkpt>
      <trkpt lat="51.555604" lon="-0.252101"><ele>37</ele></trkpt>
      <trkpt lat="51.555542" lon="-0.251945"><ele>36.75</ele></trkpt>
      <trkpt lat="51.555002" lon="-0.251112"><ele>35</ele></trkpt>
      <trkpt lat="51.554985" lon="-0.251089"><ele>34.75</ele></trkpt>
      <trkpt lat="51.554948" lon="-0.250984"><ele>35</ele></trkpt>
      <trkpt lat="51.554817" lon="-0.250312"><ele>34.5</ele></trkpt>
      <trkpt lat="51.554801" lon="-0.2502"><ele>34.75</ele></trkpt>
      <trkpt lat="51.554865" lon="-0.250206"><ele>35.25</ele></trkpt>
      <trkpt lat="51.554909" lon="-0.25019"><ele>35.5</ele></trkpt>
      <trkpt lat="51.554902" lon="-0.250123"><ele>35.5</ele></trkpt>
      <trkpt lat="51.554871" lon="-0.250096"><ele>35.5</ele></trkpt>
      <trkpt lat="51.554676" lon="-0.249974"><ele>35.75</ele></trkpt>
      <trkpt lat="51.554242" lon="-0.249731"><ele>35.25</ele></trkpt>
      <trkpt lat="51.554194" lon="-0.249708"><ele>35.25</ele></trkpt>
      <trkpt lat="51.554086" lon="-0.249688"><ele>35</ele></trkpt>
      <trkpt lat="51.55399" lon="-0.249682"><ele>35</ele></trkpt>
      <trkpt lat="51.553865" lon="-0.249673"><ele>34.75</ele></trkpt>
      <trkpt lat="51.553674" lon="-0.249637"><ele>34.75</ele></trkpt>
      <trkpt lat="51.553597" lon="-0.249604"><ele>34.75</ele></trkpt>
      <trkpt lat="51.553326" lon="-0.249414"><ele>34.75</ele></trkpt>
      <trkpt lat="51.552562" lon="-0.248918"><ele>32.25</ele></trkpt>
      <trkpt lat="51.55258" lon="-0.248827"><ele>32.5</ele></trkpt>
      <trkpt lat="51.552451" lon="-0.248732"><ele>33.5</ele></trkpt>
      <trkpt lat="51.552334" lon="-0.248689"><ele>33.25</ele></trkpt>
      <trkpt lat="51.55221" lon="-0.248736"><ele>33.25</ele></trkpt>
      <trkpt lat="51.552121" lon="-0.248793"><ele>33</ele></trkpt>
      <trkpt lat="51.55201" lon="-0.248884"><ele>32.5</ele></trkpt>
      <trkpt lat="51.551994" lon="-0.248833"><ele>32.25</ele></trkpt>
      <trkpt lat="51.551949" lon="-0.248689"><ele>32</ele></trkpt>
      <trkpt lat="51.551928" lon="-0.248637"><ele>32</ele></trkpt>
      <trkpt lat="51.551901" lon="-0.248543"><ele>32</ele></trkpt>
      <trkpt lat="51.551719" lon="-0.247734"><ele>33</ele></trkpt>
      <trkpt lat="51.551551" lon="-0.246819"><ele>33</ele></trkpt>
      <trkpt lat="51.551518" lon="-0.246662"><ele>33</ele></trkpt>
      <trkpt lat="51.551367" lon="-0.245983"><ele>33.5</ele></trkpt>
      <trkpt lat="51.551326" lon="-0.245811"><ele>34</ele></trkpt>
      <trkpt lat="51.551282" lon="-0.24562"><ele>34</ele></trkpt>
      <trkpt lat="51.551188" lon="-0.245212"><ele>34.25</ele></trkpt>
      <trkpt lat="51.551135" lon="-0.244827"><ele>35</ele></trkpt>
      <trkpt lat="51.55111" lon="-0.244649"><ele>35</ele></trkpt>
      <trkpt lat="51.551072" lon="-0.243993"><ele>35</ele></trkpt>
      <trkpt lat="51.551075" lon="-0.243773"><ele>35</ele></trkpt>
      <trkpt lat="51.551061" lon="-0.242801"><ele>36</ele></trkpt>
      <trkpt lat="51.551053" lon="-0.242029"><ele>36</ele></trkpt>
      <trkpt lat="51.551068" lon="-0.241875"><ele>36</ele></trkpt>
      <trkpt lat="51.551077" lon="-0.241821"><ele>36</ele></trkpt>
      <trkpt lat="51.551096" lon="-0.241762"><ele>36</ele></trkpt>
      <trkpt lat="51.551056" lon="-0.241723"><ele>36</ele></trkpt>
      <trkpt lat="51.550962" lon="-0.241592"><ele>36</ele></trkpt>
      <trkpt lat="51.550992" lon="-0.241533"><ele>36</ele></trkpt>
      <trkpt lat="51.551003" lon="-0.241511"><ele>36</ele></trkpt>
      <trkpt lat="51.551234" lon="-0.241077"><ele>37</ele></trkpt>
      <trkpt lat="51.551612" lon="-0.24036"><ele>37</ele></trkpt>
      <trkpt lat="51.551702" lon="-0.240187"><ele>37</ele></trkpt>
      <trkpt lat="51.551751" lon="-0.240028"><ele>37.25</ele></trkpt>
      <trkpt lat="51.551754" lon="-0.239956"><ele>37.25</ele></trkpt>
      <trkpt lat="51.551735" lon="-0.239898"><ele>37</ele></trkpt>
      <trkpt lat="51.551682" lon="-0.239811"><ele>37</ele></trkpt>
      <trkpt lat="51.551622" lon="-0.239785"><ele>37</ele></trkpt>
      <trkpt lat="51.551466" lon="-0.239538"><ele>37</ele></trkpt>
      <trkpt lat="51.551487" lon="-0.239501"><ele>37</ele></trkpt>
      <trkpt lat="51.551516" lon="-0.239405"><ele>37</ele></trkpt>
      <trkpt lat="51.551515" lon="-0.239348"><ele>37</ele></trkpt>
      <trkpt lat="51.551532" lon="-0.239341"><ele>37</ele></trkpt>
      <trkpt lat="51.551642" lon="-0.23929"><ele>37</ele></trkpt>
      <trkpt lat="51.551777" lon="-0.239141"><ele>37</ele></trkpt>
      <trkpt lat="51.551953" lon="-0.239068"><ele>37</ele></trkpt>
      <trkpt lat="51.551777" lon="-0.239141"><ele>37</ele></trkpt>
      <trkpt lat="51.551642" lon="-0.23929"><ele>37</ele></trkpt>
      <trkpt lat="51.551532" lon="-0.239341"><ele>37</ele></trkpt>
      <trkpt lat="51.551515" lon="-0.239348"><ele>37</ele></trkpt>
      <trkpt lat="51.551427" lon="-0.238659"><ele>37</ele></trkpt>
      <trkpt lat="51.551087" lon="-0.236278"><ele>39</ele></trkpt>
      <trkpt lat="51.55097" lon="-0.235386"><ele>40</ele></trkpt>
      <trkpt lat="51.550937" lon="-0.235056"><ele>40</ele></trkpt>
      <trkpt lat="51.550913" lon="-0.234694"><ele>41</ele></trkpt>
      <trkpt lat="51.550725" lon="-0.233557"><ele>41</ele></trkpt>
      <trkpt lat="51.550673" lon="-0.233281"><ele>41</ele></trkpt>
      <trkpt lat="51.550472" lon="-0.232023"><ele>42.75</ele></trkpt>
      <trkpt lat="51.550109" lon="-0.22984"><ele>43.25</ele></trkpt>
      <trkpt lat="51.549861" lon="-0.229276"><ele>43.5</ele></trkpt>
      <trkpt lat="51.549811" lon="-0.229133"><ele>43.5</ele></trkpt>
      <trkpt lat="51.549768" lon="-0.228921"><ele>43.75</ele></trkpt>
      <trkpt lat="51.549632" lon="-0.227965"><ele>43.25</ele></trkpt>
      <trkpt lat="51.549616" lon="-0.227954"><ele>43.25</ele></trkpt>
      <trkpt lat="51.549589" lon="-0.227935"><ele>43.25</ele></trkpt>
      <trkpt lat="51.54961" lon="-0.227837"><ele>43.25</ele></trkpt>
      <trkpt lat="51.549631" lon="-0.22779"><ele>43.25</ele></trkpt>
      <trkpt lat="51.549524" lon="-0.227663"><ele>43.5</ele></trkpt>
      <trkpt lat="51.549531" lon="-0.227648"><ele>43.5</ele></trkpt>
      <trkpt lat="51.549547" lon="-0.227614"><ele>43.5</ele></trkpt>
      <trkpt lat="51.549556" lon="-0.2276"><ele>43.5</ele></trkpt>
      <trkpt lat="51.549456" lon="-0.227483"><ele>43.75</ele></trkpt>
      <trkpt lat="51.549456" lon="-0.227435"><ele>43.75</ele></trkpt>
      <trkpt lat="51.549532" lon="-0.227256"><ele>43.75</ele></trkpt>
      <trkpt lat="51.548781" lon="-0.222242"><ele>52</ele></trkpt>
      <trkpt lat="51.54875" lon="-0.222035"><ele>52.5</ele></trkpt>
      <trkpt lat="51.548745" lon="-0.221996"><ele>52.75</ele></trkpt>
      <trkpt lat="51.54873" lon="-0.221951"><ele>52.75</ele></trkpt>
      <trkpt lat="51.548687" lon="-0.221668"><ele>53.25</ele></trkpt>
      <trkpt lat="51.5487" lon="-0.221637"><ele>53.25</ele></trkpt>
      <trkpt lat="51.548936" lon="-0.221267"><ele>53.25</ele></trkpt>
      <trkpt lat="51.549007" lon="-0.221171"><ele>52</ele></trkpt>
      <trkpt lat="51.549035" lon="-0.22114"><ele>51.5</ele></trkpt>
      <trkpt lat="51.549043" lon="-0.22116"><ele>51.5</ele></trkpt>
      <trkpt lat="51.5491" lon="-0.221275"><ele>51.5</ele></trkpt>
      <trkpt lat="51.549104" lon="-0.221299"><ele>51.5</ele></trkpt>
      <trkpt lat="51.54912" lon="-0.221347"><ele>51.5</ele></trkpt>
      <trkpt lat="51.549125" lon="-0.221345"><ele>51.25</ele></trkpt>
      <trkpt lat="51.549202" lon="-0.221314"><ele>51.25</ele></trkpt>
      <trkpt lat="51.549209" lon="-0.221311"><ele>51.25</ele></trkpt>
      <trkpt lat="51.549212" lon="-0.221333"><ele>51.5</ele></trkpt>
      <trkpt lat="51.549222" lon="-0.221385"><ele>51.5</ele></trkpt>
      <trkpt lat="51.549225" lon="-0.221402"><ele>51.5</ele></trkpt>
      <trkpt lat="51.549235" lon="-0.22146"><ele>51.25</ele></trkpt>
      <trkpt lat="51.549241" lon="-0.221506"><ele>51.25</ele></trkpt>
      <trkpt lat="51.549208" lon="-0.221519"><ele>50.75</ele></trkpt>
      <trkpt lat="51.549241" lon="-0.221506"><ele>51.25</ele></trkpt>
      <trkpt lat="51.549235" lon="-0.22146"><ele>51.25</ele></trkpt>
      <trkpt lat="51.549225" lon="-0.221402"><ele>51.5</ele></trkpt>
      <trkpt lat="51.549222" lon="-0.221385"><ele>51.5</ele></trkpt>
      <trkpt lat="51.549212" lon="-0.221333"><ele>51.5</ele></trkpt>
      <trkpt lat="51.549209" lon="-0.221311"><ele>51.25</ele></trkpt>
      <trkpt lat="51.54924" lon="-0.2213"><ele>51.75</ele></trkpt>
      <trkpt lat="51.549232" lon="-0.221265"><ele>51.75</ele></trkpt>
      <trkpt lat="51.549235" lon="-0.221259"><ele>51.75</ele></trkpt>
      <trkpt lat="51.549261" lon="-0.221208"><ele>51.75</ele></trkpt>
      <trkpt lat="51.549267" lon="-0.221058"><ele>52.25</ele></trkpt>
      <trkpt lat="51.549278" lon="-0.220971"><ele>52.5</ele></trkpt>
      <trkpt lat="51.549295" lon="-0.220958"><ele>52.75</ele></trkpt>
      <trkpt lat="51.549305" lon="-0.220949"><ele>52.75</ele></trkpt>
      <trkpt lat="51.549349" lon="-0.220916"><ele>53.5</ele></trkpt>
      <trkpt lat="51.549324" lon="-0.220702"><ele>53.25</ele></trkpt>
      <trkpt lat="51.549445" lon="-0.22057"><ele>54.75</ele></trkpt>
      <trkpt lat="51.549528" lon="-0.22048"><ele>54.5</ele></trkpt>
      <trkpt lat="51.549963" lon="-0.220157"><ele>53</ele></trkpt>
      <trkpt lat="51.549833" lon="-0.21939"><ele>53.5</ele></trkpt>
      <trkpt lat="51.549628" lon="-0.218177"><ele>54.25</ele></trkpt>
      <trkpt lat="51.549539" lon="-0.21765"><ele>54.5</ele></trkpt>
      <trkpt lat="51.549512" lon="-0.217473"><ele>54.75</ele></trkpt>
      <trkpt lat="51.54948" lon="-0.217287"><ele>54.75</ele></trkpt>
      <trkpt lat="51.549318" lon="-0.216282"><ele>55</ele></trkpt>
      <trkpt lat="51.549122" lon="-0.215101"><ele>55</ele></trkpt>
      <trkpt lat="51.549043" lon="-0.21457"><ele>55.25</ele></trkpt>
      <trkpt lat="51.548955" lon="-0.214072"><ele>56</ele></trkpt>
      <trkpt lat="51.548748" lon="-0.212779"><ele>57</ele></trkpt>
      <trkpt lat="51.548591" lon="-0.211789"><ele>58</ele></trkpt>
      <trkpt lat="51.548532" lon="-0.211495"><ele>58</ele></trkpt>
      <trkpt lat="51.548373" lon="-0.210704"><ele>57</ele></trkpt>
      <trkpt lat="51.548334" lon="-0.210499"><ele>57</ele></trkpt>
      <trkpt lat="51.548278" lon="-0.21037"><ele>57</ele></trkpt>
      <trkpt lat="51.54807" lon="-0.209797"><ele>56</ele></trkpt>
      <trkpt lat="51.547915" lon="-0.209306"><ele>55</ele></trkpt>
      <trkpt lat="51.547813" lon="-0.208759"><ele>54</ele></trkpt>
      <trkpt lat="51.547785" lon="-0.208214"><ele>53</ele></trkpt>
      <trkpt lat="51.547751" lon="-0.207206"><ele>51.75</ele></trkpt>
      <trkpt lat="51.547584" lon="-0.207006"><ele>50.5</ele></trkpt>
      <trkpt lat="51.547308" lon="-0.206712"><ele>50</ele></trkpt>
      <trkpt lat="51.547293" lon="-0.206636"><ele>49.75</ele></trkpt>
      <trkpt lat="51.54727" lon="-0.206078"><ele>48.75</ele></trkpt>
      <trkpt lat="51.547238" lon="-0.205328"><ele>47.75</ele></trkpt>
      <trkpt lat="51.54723" lon="-0.205146"><ele>47.5</ele></trkpt>
      <trkpt lat="51.547226" lon="-0.205055"><ele>47</ele></trkpt>
      <trkpt lat="51.547222" lon="-0.204957"><ele>47</ele></trkpt>
      <trkpt lat="51.547192" lon="-0.204247"><ele>46.75</ele></trkpt>
      <trkpt lat="51.547192" lon="-0.204236"><ele>46.75</ele></trkpt>
      <trkpt lat="51.547191" lon="-0.204177"><ele>46.75</ele></trkpt>
      <trkpt lat="51.547203" lon="-0.204123"><ele>46.75</ele></trkpt>
      <trkpt lat="51.547245" lon="-0.204005"><ele>47</ele></trkpt>
      <trkpt lat="51.547117" lon="-0.203867"><ele>46.25</ele></trkpt>
      <trkpt lat="51.547111" lon="-0.203864"><ele>46.25</ele></trkpt>
      <trkpt lat="51.547079" lon="-0.203829"><ele>46</ele></trkpt>
      <trkpt lat="51.547046" lon="-0.203793"><ele>45.75</ele></trkpt>
      <trkpt lat="51.546961" lon="-0.203704"><ele>45.25</ele></trkpt>
      <trkpt lat="51.547002" lon="-0.203553"><ele>45</ele></trkpt>
      <trkpt lat="51.547013" lon="-0.203513"><ele>45</ele></trkpt>
      <trkpt lat="51.547025" lon="-0.203464"><ele>45</ele></trkpt>
      <trkpt lat="51.547057" lon="-0.203344"><ele>45.25</ele></trkpt>
      <trkpt lat="51.547089" lon="-0.203223"><ele>45.25</ele></trkpt>
      <trkpt lat="51.547364" lon="-0.202189"><ele>45</ele></trkpt>
      <trkpt lat="51.547543" lon="-0.2015"><ele>45.5</ele></trkpt>
      <trkpt lat="51.54779" lon="-0.20057"><ele>46</ele></trkpt>
      <trkpt lat="51.547841" lon="-0.200377"><ele>46</ele></trkpt>
      <trkpt lat="51.547983" lon="-0.199762"><ele>46</ele></trkpt>
      <trkpt lat="51.548011" lon="-0.199529"><ele>46</ele></trkpt>
      <trkpt lat="51.548031" lon="-0.19936"><ele>46</ele></trkpt>
      <trkpt lat="51.54805" lon="-0.198976"><ele>46</ele></trkpt>
      <trkpt lat="51.548054" lon="-0.19867"><ele>46.75</ele></trkpt>
      <trkpt lat="51.548058" lon="-0.198378"><ele>47</ele></trkpt>
      <trkpt lat="51.548035" lon="-0.198087"><ele>46.75</ele></trkpt>
      <trkpt lat="51.548013" lon="-0.197847"><ele>46.75</ele></trkpt>
      <trkpt lat="51.54799" lon="-0.1976"><ele>46.75</ele></trkpt>
      <trkpt lat="51.547942" lon="-0.197108"><ele>47</ele></trkpt>
      <trkpt lat="51.547899" lon="-0.196716"><ele>48</ele></trkpt>
      <trkpt lat="51.547876" lon="-0.1965"><ele>48.25</ele></trkpt>
      <trkpt lat="51.547816" lon="-0.19593"><ele>47.5</ele></trkpt>
      <trkpt lat="51.547779" lon="-0.19557"><ele>47.75</ele></trkpt>
      <trkpt lat="51.54775" lon="-0.195158"><ele>48.25</ele></trkpt>
      <trkpt lat="51.547708" lon="-0.19485"><ele>48.5</ele></trkpt>
      <trkpt lat="51.547661" lon="-0.194683"><ele>48.75</ele></trkpt>
      <trkpt lat="51.547794" lon="-0.194253"><ele>50.5</ele></trkpt>
      <trkpt lat="51.547853" lon="-0.194003"><ele>51.25</ele></trkpt>
      <trkpt lat="51.547903" lon="-0.1937"><ele>52.75</ele></trkpt>
      <trkpt lat="51.547943" lon="-0.193364"><ele>54.5</ele></trkpt>
      <trkpt lat="51.547998" lon="-0.192582"><ele>55.75</ele></trkpt>
      <trkpt lat="51.54799" lon="-0.192273"><ele>56</ele></trkpt>
      <trkpt lat="51.547986" lon="-0.19206"><ele>56</ele></trkpt>
      <trkpt lat="51.547986" lon="-0.192058"><ele>56</ele></trkpt>
      <trkpt lat="51.547982" lon="-0.191857"><ele>55.75</ele></trkpt>
      <trkpt lat="51.547956" lon="-0.191445"><ele>54.75</ele></trkpt>
      <trkpt lat="51.547951" lon="-0.191251"><ele>55.25</ele></trkpt>
      <trkpt lat="51.547944" lon="-0.191142"><ele>55.75</ele></trkpt>
      <trkpt lat="51.547903" lon="-0.191143"><ele>55.75</ele></trkpt>
      <trkpt lat="51.547888" lon="-0.191085"><ele>55.75</ele></trkpt>
      <trkpt lat="51.547428" lon="-0.191124"><ele>54.25</ele></trkpt>
      <trkpt lat="51.547425" lon="-0.191061"><ele>54.25</ele></trkpt>
      <trkpt lat="51.547401" lon="-0.191064"><ele>54.5</ele></trkpt>
      <trkpt lat="51.547359" lon="-0.191069"><ele>54.75</ele></trkpt>
      <trkpt lat="51.547197" lon="-0.191086"><ele>55.75</ele></trkpt>
      <trkpt lat="51.547014" lon="-0.19109"><ele>55.75</ele></trkpt>
      <trkpt lat="51.546908" lon="-0.1911"><ele>55.25</ele></trkpt>
      <trkpt lat="51.546755" lon="-0.191108"><ele>52.5</ele></trkpt>
      <trkpt lat="51.546638" lon="-0.191115"><ele>53</ele></trkpt>
      <trkpt lat="51.546523" lon="-0.191121"><ele>53</ele></trkpt>
      <trkpt lat="51.546461" lon="-0.19113"><ele>54</ele></trkpt>
      <trkpt lat="51.546373" lon="-0.191142"><ele>55</ele></trkpt>
      <trkpt lat="51.546377" lon="-0.191049"><ele>54.5</ele></trkpt>
      <trkpt lat="51.546391" lon="-0.190725"><ele>53.5</ele></trkpt>
      <trkpt lat="51.546432" lon="-0.189776"><ele>51</ele></trkpt>
      <trkpt lat="51.546453" lon="-0.189407"><ele>50</ele></trkpt>
      <trkpt lat="51.546461" lon="-0.189262"><ele>49.5</ele></trkpt>
      <trkpt lat="51.546494" lon="-0.188945"><ele>49.25</ele></trkpt>
      <trkpt lat="51.546493" lon="-0.188899"><ele>49.25</ele></trkpt>
      <trkpt lat="51.546491" lon="-0.188758"><ele>49.5</ele></trkpt>
      <trkpt lat="51.546416" lon="-0.188621"><ele>49.75</ele></trkpt>
      <trkpt lat="51.546346" lon="-0.188485"><ele>49.25</ele></trkpt>
      <trkpt lat="51.546248" lon="-0.188176"><ele>48.5</ele></trkpt>
      <trkpt lat="51.54623" lon="-0.18799"><ele>48.25</ele></trkpt>
      <trkpt lat="51.546238" lon="-0.187809"><ele>48.25</ele></trkpt>
      <trkpt lat="51.546295" lon="-0.187405"><ele>47.5</ele></trkpt>
      <trkpt lat="51.546324" lon="-0.187198"><ele>47.5</ele></trkpt>
      <trkpt lat="51.546464" lon="-0.186094"><ele>47</ele></trkpt>
      <trkpt lat="51.546516" lon="-0.185685"><ele>46.25</ele></trkpt>
      <trkpt lat="51.546604" lon="-0.184966"><ele>46.75</ele></trkpt>
      <trkpt lat="51.546674" lon="-0.18448"><ele>46.75</ele></trkpt>
      <trkpt lat="51.546722" lon="-0.18409"><ele>46.5</ele></trkpt>
      <trkpt lat="51.546821" lon="-0.183291"><ele>46</ele></trkpt>
      <trkpt lat="51.546853" lon="-0.183036"><ele>46.5</ele></trkpt>
      <trkpt lat="51.546887" lon="-0.182497"><ele>47.25</ele></trkpt>
      <trkpt lat="51.546875" lon="-0.182149"><ele>47.25</ele></trkpt>
      <trkpt lat="51.546837" lon="-0.18184"><ele>46.75</ele></trkpt>
      <trkpt lat="51.546789" lon="-0.181611"><ele>47</ele></trkpt>
      <trkpt lat="51.546557" lon="-0.180824"><ele>47.5</ele></trkpt>
      <trkpt lat="51.546554" lon="-0.180666"><ele>49.25</ele></trkpt>
      <trkpt lat="51.546567" lon="-0.18052"><ele>50.5</ele></trkpt>
      <trkpt lat="51.546656" lon="-0.180277"><ele>51.75</ele></trkpt>
      <trkpt lat="51.546791" lon="-0.179872"><ele>53.25</ele></trkpt>
      <trkpt lat="51.54682" lon="-0.179838"><ele>53.25</ele></trkpt>
      <trkpt lat="51.546791" lon="-0.179872"><ele>53.25</ele></trkpt>
      <trkpt lat="51.546788" lon="-0.179785"><ele>53.25</ele></trkpt>
      <trkpt lat="51.5468" lon="-0.179701"><ele>53.5</ele></trkpt>
      <trkpt lat="51.54681" lon="-0.179581"><ele>53.5</ele></trkpt>
      <trkpt lat="51.546808" lon="-0.179455"><ele>53.75</ele></trkpt>
      <trkpt lat="51.546799" lon="-0.179379"><ele>53.75</ele></trkpt>
      <trkpt lat="51.546569" lon="-0.17917"><ele>53.25</ele></trkpt>
      <trkpt lat="51.546361" lon="-0.178973"><ele>53.75</ele></trkpt>
      <trkpt lat="51.546198" lon="-0.178818"><ele>54</ele></trkpt>
      <trkpt lat="51.54616" lon="-0.178782"><ele>54</ele></trkpt>
      <trkpt lat="51.545965" lon="-0.178583"><ele>54.5</ele></trkpt>
      <trkpt lat="51.54585" lon="-0.178435"><ele>55</ele></trkpt>
      <trkpt lat="51.545748" lon="-0.17827"><ele>54.75</ele></trkpt>
      <trkpt lat="51.545725" lon="-0.178231"><ele>54.75</ele></trkpt>
      <trkpt lat="51.545638" lon="-0.178053"><ele>55.25</ele></trkpt>
      <trkpt lat="51.545507" lon="-0.177713"><ele>55</ele></trkpt>
      <trkpt lat="51.545492" lon="-0.177678"><ele>55</ele></trkpt>
      <trkpt lat="51.545423" lon="-0.177497"><ele>55.5</ele></trkpt>
      <trkpt lat="51.545406" lon="-0.177449"><ele>55.75</ele></trkpt>
      <trkpt lat="51.545024" lon="-0.176424"><ele>56.25</ele></trkpt>
      <trkpt lat="51.54497" lon="-0.176299"><ele>56</ele></trkpt>
      <trkpt lat="51.545016" lon="-0.176211"><ele>56.75</ele></trkpt>
      <trkpt lat="51.544881" lon="-0.17599"><ele>57.25</ele></trkpt>
      <trkpt lat="51.54476" lon="-0.175811"><ele>57.25</ele></trkpt>
      <trkpt lat="51.544593" lon="-0.175616"><ele>57.25</ele></trkpt>
      <trkpt lat="51.544366" lon="-0.175382"><ele>57.25</ele></trkpt>
      <trkpt lat="51.544276" lon="-0.1753"><ele>57.25</ele></trkpt>
      <trkpt lat="51.544251" lon="-0.175229"><ele>57.25</ele></trkpt>
      <trkpt lat="51.544254" lon="-0.175089"><ele>57.75</ele></trkpt>
      <trkpt lat="51.544256" lon="-0.175008"><ele>58.25</ele></trkpt>
      <trkpt lat="51.544254" lon="-0.174957"><ele>58.25</ele></trkpt>
      <trkpt lat="51.544254" lon="-0.174918"><ele>58.25</ele></trkpt>
      <trkpt lat="51.544254" lon="-0.174875"><ele>58.25</ele></trkpt>
      <trkpt lat="51.544254" lon="-0.174858"><ele>58.25</ele></trkpt>
      <trkpt lat="51.54413" lon="-0.174865"><ele>58</ele></trkpt>
      <trkpt lat="51.544129" lon="-0.17485"><ele>58</ele></trkpt>
      <trkpt lat="51.544129" lon="-0.174786"><ele>58</ele></trkpt>
      <trkpt lat="51.544128" lon="-0.174722"><ele>57.75</ele></trkpt>
      <trkpt lat="51.543829" lon="-0.174735"><ele>57.75</ele></trkpt>
      <trkpt lat="51.543827" lon="-0.174696"><ele>57.5</ele></trkpt>
      <trkpt lat="51.543824" lon="-0.174606"><ele>57.25</ele></trkpt>
      <trkpt lat="51.543781" lon="-0.174518"><ele>57</ele></trkpt>
      <trkpt lat="51.543736" lon="-0.174443"><ele>57</ele></trkpt>
      <trkpt lat="51.543705" lon="-0.17441"><ele>57</ele></trkpt>
      <trkpt lat="51.543689" lon="-0.174446"><ele>57</ele></trkpt>
      <trkpt lat="51.543673" lon="-0.174486"><ele>57</ele></trkpt>
      <trkpt lat="51.543668" lon="-0.174498"><ele>57</ele></trkpt>
      <trkpt lat="51.543652" lon="-0.174538"><ele>57</ele></trkpt>
      <trkpt lat="51.543502" lon="-0.174615"><ele>57</ele></trkpt>
      <trkpt lat="51.543497" lon="-0.17461"><ele>57</ele></trkpt>
      <trkpt lat="51.543476" lon="-0.174589"><ele>57</ele></trkpt>
      <trkpt lat="51.543431" lon="-0.174551"><ele>57</ele></trkpt>
      <trkpt lat="51.543402" lon="-0.174544"><ele>57</ele></trkpt>
      <trkpt lat="51.543398" lon="-0.174583"><ele>57</ele></trkpt>
      <trkpt lat="51.543397" lon="-0.174589"><ele>57</ele></trkpt>
      <trkpt lat="51.543391" lon="-0.174647"><ele>57</ele></trkpt>
      <trkpt lat="51.543423" lon="-0.174676"><ele>57</ele></trkpt>
      <trkpt lat="51.543452" lon="-0.174667"><ele>57</ele></trkpt>
      <trkpt lat="51.54346" lon="-0.174676"><ele>57</ele></trkpt>
      <trkpt lat="51.543633" lon="-0.174859"><ele>57</ele></trkpt>
      <trkpt lat="51.543636" lon="-0.174852"><ele>57</ele></trkpt>
      <trkpt lat="51.543646" lon="-0.17485"><ele>57</ele></trkpt>
      <trkpt lat="51.543669" lon="-0.174874"><ele>57</ele></trkpt>
      <trkpt lat="51.543683" lon="-0.174839"><ele>57.25</ele></trkpt>
      <trkpt lat="51.543702" lon="-0.174864"><ele>57.25</ele></trkpt>
      <trkpt lat="51.543689" lon="-0.174898"><ele>57.25</ele></trkpt>
      <trkpt lat="51.543702" lon="-0.174864"><ele>57.25</ele></trkpt>
      <trkpt lat="51.543683" lon="-0.174839"><ele>57.25</ele></trkpt>
      <trkpt lat="51.543669" lon="-0.174874"><ele>57</ele></trkpt>
      <trkpt lat="51.543646" lon="-0.17485"><ele>57</ele></trkpt>
      <trkpt lat="51.543636" lon="-0.174852"><ele>57</ele></trkpt>
      <trkpt lat="51.543633" lon="-0.174859"><ele>56.75</ele></trkpt>
      <trkpt lat="51.54346" lon="-0.174676"><ele>56.5</ele></trkpt>
      <trkpt lat="51.543452" lon="-0.174667"><ele>56.5</ele></trkpt>
      <trkpt lat="51.543423" lon="-0.174676"><ele>56.5</ele></trkpt>
      <trkpt lat="51.543391" lon="-0.174647"><ele>56.25</ele></trkpt>
      <trkpt lat="51.543363" lon="-0.174643"><ele>56.25</ele></trkpt>
      <trkpt lat="51.543305" lon="-0.174662"><ele>56.25</ele></trkpt>
      <trkpt lat="51.543296" lon="-0.174711"><ele>56</ele></trkpt>
      <trkpt lat="51.543318" lon="-0.174839"><ele>56</ele></trkpt>
      <trkpt lat="51.543286" lon="-0.174849"><ele>56</ele></trkpt>
      <trkpt lat="51.543193" lon="-0.174703"><ele>55.75</ele></trkpt>
      <trkpt lat="51.543186" lon="-0.174704"><ele>55.75</ele></trkpt>
      <trkpt lat="51.543179" lon="-0.17473"><ele>55.5</ele></trkpt>
      <trkpt lat="51.543173" lon="-0.174773"><ele>55.75</ele></trkpt>
      <trkpt lat="51.543171" lon="-0.174787"><ele>55.75</ele></trkpt>
      <trkpt lat="51.543166" lon="-0.174829"><ele>55.75</ele></trkpt>
      <trkpt lat="51.543159" lon="-0.174886"><ele>55.5</ele></trkpt>
      <trkpt lat="51.543039" lon="-0.174911"><ele>55.25</ele></trkpt>
      <trkpt lat="51.54289" lon="-0.174914"><ele>55.25</ele></trkpt>
      <trkpt lat="51.54236" lon="-0.174979"><ele>54</ele></trkpt>
      <trkpt lat="51.541872" lon="-0.175067"><ele>53.75</ele></trkpt>
      <trkpt lat="51.54183" lon="-0.175052"><ele>53.75</ele></trkpt>
      <trkpt lat="51.541819" lon="-0.175077"><ele>53.75</ele></trkpt>
      <trkpt lat="51.541801" lon="-0.175127"><ele>53.75</ele></trkpt>
      <trkpt lat="51.541783" lon="-0.175177"><ele>53.5</ele></trkpt>
      <trkpt lat="51.5417" lon="-0.175193"><ele>53.25</ele></trkpt>
      <trkpt lat="51.541668" lon="-0.175197"><ele>53.25</ele></trkpt>
      <trkpt lat="51.541639" lon="-0.175204"><ele>53.25</ele></trkpt>
      <trkpt lat="51.541606" lon="-0.175226"><ele>53</ele></trkpt>
      <trkpt lat="51.541576" lon="-0.175246"><ele>53</ele></trkpt>
      <trkpt lat="51.541567" lon="-0.175233"><ele>53</ele></trkpt>
      <trkpt lat="51.541538" lon="-0.175189"><ele>53.25</ele></trkpt>
      <trkpt lat="51.541491" lon="-0.175227"><ele>53</ele></trkpt>
      <trkpt lat="51.541432" lon="-0.17526"><ele>53</ele></trkpt>
      <trkpt lat="51.541298" lon="-0.175318"><ele>52.75</ele></trkpt>
      <trkpt lat="51.541178" lon="-0.175365"><ele>52.75</ele></trkpt>
      <trkpt lat="51.539961" lon="-0.175612"><ele>53</ele></trkpt>
      <trkpt lat="51.539746" lon="-0.175652"><ele>53</ele></trkpt>
      <trkpt lat="51.539696" lon="-0.175662"><ele>53</ele></trkpt>
      <trkpt lat="51.539627" lon="-0.175676"><ele>53</ele></trkpt>
      <trkpt lat="51.539581" lon="-0.175684"><ele>53</ele></trkpt>
      <trkpt lat="51.539535" lon="-0.175692"><ele>53</ele></trkpt>
      <trkpt lat="51.539519" lon="-0.175695"><ele>53</ele></trkpt>
      <trkpt lat="51.539478" lon="-0.175703"><ele>53</ele></trkpt>
      <trkpt lat="51.538629" lon="-0.175875"><ele>51.75</ele></trkpt>
      <trkpt lat="51.537959" lon="-0.175998"><ele>52</ele></trkpt>
      <trkpt lat="51.537884" lon="-0.176012"><ele>52</ele></trkpt>
      <trkpt lat="51.537564" lon="-0.176072"><ele>51.25</ele></trkpt>
      <trkpt lat="51.537278" lon="-0.176112"><ele>51</ele></trkpt>
      <trkpt lat="51.53692" lon="-0.176174"><ele>49.5</ele></trkpt>
      <trkpt lat="51.536715" lon="-0.176189"><ele>50</ele></trkpt>
      <trkpt lat="51.536547" lon="-0.17618"><ele>50.5</ele></trkpt>
      <trkpt lat="51.536513" lon="-0.176174"><ele>50.5</ele></trkpt>
      <trkpt lat="51.536462" lon="-0.176164"><ele>50.75</ele></trkpt>
      <trkpt lat="51.536369" lon="-0.176137"><ele>50.75</ele></trkpt>
      <trkpt lat="51.536318" lon="-0.176122"><ele>50.75</ele></trkpt>
      <trkpt lat="51.536202" lon="-0.176085"><ele>49.75</ele></trkpt>
      <trkpt lat="51.536082" lon="-0.17603"><ele>48.75</ele></trkpt>
      <trkpt lat="51.536047" lon="-0.176014"><ele>48.75</ele></trkpt>
      <trkpt lat="51.535957" lon="-0.175951"><ele>48.75</ele></trkpt>
      <trkpt lat="51.535806" lon="-0.175826"><ele>50</ele></trkpt>
      <trkpt lat="51.53569" lon="-0.175733"><ele>50</ele></trkpt>
      <trkpt lat="51.535654" lon="-0.175699"><ele>50</ele></trkpt>
      <trkpt lat="51.535585" lon="-0.175628"><ele>50</ele></trkpt>
      <trkpt lat="51.535406" lon="-0.175411"><ele>50</ele></trkpt>
      <trkpt lat="51.53537" lon="-0.175377"><ele>50</ele></trkpt>
      <trkpt lat="51.535301" lon="-0.175368"><ele>50</ele></trkpt>
      <trkpt lat="51.53522" lon="-0.17526"><ele>50</ele></trkpt>
      <trkpt lat="51.535004" lon="-0.175002"><ele>50</ele></trkpt>
      <trkpt lat="51.534791" lon="-0.174754"><ele>50</ele></trkpt>
      <trkpt lat="51.534687" lon="-0.174615"><ele>49.75</ele></trkpt>
      <trkpt lat="51.534502" lon="-0.174394"><ele>49</ele></trkpt>
      <trkpt lat="51.534478" lon="-0.174363"><ele>49</ele></trkpt>
      <trkpt lat="51.534443" lon="-0.174319"><ele>48.75</ele></trkpt>
      <trkpt lat="51.534375" lon="-0.174242"><ele>48.75</ele></trkpt>
      <trkpt lat="51.534429" lon="-0.17411"><ele>49</ele></trkpt>
      <trkpt lat="51.534441" lon="-0.174081"><ele>49</ele></trkpt>
      <trkpt lat="51.534461" lon="-0.174032"><ele>49</ele></trkpt>
      <trkpt lat="51.534502" lon="-0.17393"><ele>49.25</ele></trkpt>
      <trkpt lat="51.534461" lon="-0.174032"><ele>49</ele></trkpt>
      <trkpt lat="51.534441" lon="-0.174081"><ele>49</ele></trkpt>
      <trkpt lat="51.534429" lon="-0.17411"><ele>49</ele></trkpt>
      <trkpt lat="51.534375" lon="-0.174242"><ele>48.75</ele></trkpt>
      <trkpt lat="51.534317" lon="-0.174166"><ele>49</ele></trkpt>
      <trkpt lat="51.534292" lon="-0.174138"><ele>49</ele></trkpt>
      <trkpt lat="51.534258" lon="-0.174097"><ele>49</ele></trkpt>
      <trkpt lat="51.534092" lon="-0.173912"><ele>48.5</ele></trkpt>
      <trkpt lat="51.533628" lon="-0.173352"><ele>47</ele></trkpt>
      <trkpt lat="51.533539" lon="-0.173255"><ele>46.75</ele></trkpt>
      <trkpt lat="51.533491" lon="-0.173198"><ele>46.75</ele></trkpt>
      <trkpt lat="51.533388" lon="-0.173073"><ele>46.75</ele></trkpt>
      <trkpt lat="51.533363" lon="-0.173044"><ele>46.75</ele></trkpt>
      <trkpt lat="51.533341" lon="-0.173017"><ele>46.75</ele></trkpt>
      <trkpt lat="51.533283" lon="-0.172943"><ele>46.75</ele></trkpt>
      <trkpt lat="51.533219" lon="-0.17286"><ele>46.5</ele></trkpt>
      <trkpt lat="51.533195" lon="-0.17283"><ele>46.5</ele></trkpt>
      <trkpt lat="51.533162" lon="-0.172789"><ele>46.25</ele></trkpt>
      <trkpt lat="51.533066" lon="-0.172669"><ele>46</ele></trkpt>
      <trkpt lat="51.532944" lon="-0.172514"><ele>46</ele></trkpt>
      <trkpt lat="51.532633" lon="-0.172134"><ele>44.75</ele></trkpt>
      <trkpt lat="51.532549" lon="-0.172034"><ele>44.75</ele></trkpt>
      <trkpt lat="51.532263" lon="-0.171684"><ele>44</ele></trkpt>
      <trkpt lat="51.531472" lon="-0.170728"><ele>42</ele></trkpt>
      <trkpt lat="51.531383" lon="-0.170631"><ele>42</ele></trkpt>
      <trkpt lat="51.531123" lon="-0.170313"><ele>41</ele></trkpt>
      <trkpt lat="51.530227" lon="-0.169214"><ele>39.75</ele></trkpt>
      <trkpt lat="51.530158" lon="-0.169117"><ele>39.5</ele></trkpt>
      <trkpt lat="51.530136" lon="-0.169078"><ele>39.25</ele></trkpt>
      <trkpt lat="51.530108" lon="-0.169002"><ele>39.25</ele></trkpt>
      <trkpt lat="51.530098" lon="-0.168966"><ele>39.25</ele></trkpt>
      <trkpt lat="51.53009" lon="-0.16894"><ele>39.25</ele></trkpt>
      <trkpt lat="51.530059" lon="-0.168784"><ele>39</ele></trkpt>
      <trkpt lat="51.530035" lon="-0.168625"><ele>39</ele></trkpt>
      <trkpt lat="51.530031" lon="-0.168427"><ele>39</ele></trkpt>
      <trkpt lat="51.530022" lon="-0.168294"><ele>39</ele></trkpt>
      <trkpt lat="51.529988" lon="-0.168074"><ele>39</ele></trkpt>
      <trkpt lat="51.529917" lon="-0.167823"><ele>38</ele></trkpt>
      <trkpt lat="51.529799" lon="-0.167581"><ele>37.25</ele></trkpt>
      <trkpt lat="51.529727" lon="-0.167475"><ele>37</ele></trkpt>
      <trkpt lat="51.529623" lon="-0.167313"><ele>36.5</ele></trkpt>
      <trkpt lat="51.529602" lon="-0.167286"><ele>36.5</ele></trkpt>
      <trkpt lat="51.529564" lon="-0.167237"><ele>36.25</ele></trkpt>
      <trkpt lat="51.529527" lon="-0.167191"><ele>36.25</ele></trkpt>
      <trkpt lat="51.529175" lon="-0.166744"><ele>32</ele></trkpt>
      <trkpt lat="51.529058" lon="-0.166586"><ele>32.25</ele></trkpt>
      <trkpt lat="51.528926" lon="-0.166427"><ele>34.25</ele></trkpt>
      <trkpt lat="51.528852" lon="-0.166338"><ele>34.75</ele></trkpt>
      <trkpt lat="51.528788" lon="-0.16626"><ele>34.5</ele></trkpt>
      <trkpt lat="51.52873" lon="-0.166193"><ele>34.25</ele></trkpt>
      <trkpt lat="51.528686" lon="-0.166196"><ele>34.25</ele></trkpt>
      <trkpt lat="51.528394" lon="-0.165846"><ele>34</ele></trkpt>
      <trkpt lat="51.528382" lon="-0.165832"><ele>34</ele></trkpt>
      <trkpt lat="51.528348" lon="-0.165728"><ele>34</ele></trkpt>
      <trkpt lat="51.528251" lon="-0.1656"><ele>33.5</ele></trkpt>
      <trkpt lat="51.528213" lon="-0.16555"><ele>33.5</ele></trkpt>
      <trkpt lat="51.528182" lon="-0.165511"><ele>33.25</ele></trkpt>
      <trkpt lat="51.528152" lon="-0.165473"><ele>33.25</ele></trkpt>
      <trkpt lat="51.527988" lon="-0.16527"><ele>33</ele></trkpt>
      <trkpt lat="51.527889" lon="-0.165145"><ele>33</ele></trkpt>
      <trkpt lat="51.527589" lon="-0.164731"><ele>33</ele></trkpt>
      <trkpt lat="51.527375" lon="-0.164416"><ele>32</ele></trkpt>
      <trkpt lat="51.52733" lon="-0.164344"><ele>32</ele></trkpt>
      <trkpt lat="51.527273" lon="-0.164258"><ele>32</ele></trkpt>
      <trkpt lat="51.52668" lon="-0.163313"><ele>31</ele></trkpt>
      <trkpt lat="51.526642" lon="-0.163251"><ele>30.75</ele></trkpt>
      <trkpt lat="51.526562" lon="-0.163118"><ele>30.75</ele></trkpt>
      <trkpt lat="51.526539" lon="-0.163079"><ele>30.75</ele></trkpt>
      <trkpt lat="51.526512" lon="-0.163022"><ele>31</ele></trkpt>
      <trkpt lat="51.526416" lon="-0.162815"><ele>31</ele></trkpt>
      <trkpt lat="51.526332" lon="-0.162585"><ele>31</ele></trkpt>
      <trkpt lat="51.526184" lon="-0.162188"><ele>30</ele></trkpt>
      <trkpt lat="51.526086" lon="-0.161988"><ele>30</ele></trkpt>
      <trkpt lat="51.525909" lon="-0.161646"><ele>30</ele></trkpt>
      <trkpt lat="51.525886" lon="-0.161554"><ele>30</ele></trkpt>
      <trkpt lat="51.525857" lon="-0.161502"><ele>30</ele></trkpt>
      <trkpt lat="51.525809" lon="-0.161389"><ele>30</ele></trkpt>
      <trkpt lat="51.525755" lon="-0.161298"><ele>30</ele></trkpt>
      <trkpt lat="51.525646" lon="-0.161123"><ele>30</ele></trkpt>
      <trkpt lat="51.525603" lon="-0.161038"><ele>30</ele></trkpt>
      <trkpt lat="51.525546" lon="-0.160955"><ele>29.75</ele></trkpt>
      <trkpt lat="51.525519" lon="-0.160939"><ele>29.75</ele></trkpt>
      <trkpt lat="51.525494" lon="-0.160892"><ele>29.5</ele></trkpt>
      <trkpt lat="51.525457" lon="-0.160827"><ele>29.25</ele></trkpt>
      <trkpt lat="51.524902" lon="-0.159827"><ele>28.5</ele></trkpt>
      <trkpt lat="51.524843" lon="-0.159722"><ele>28.25</ele></trkpt>
      <trkpt lat="51.524813" lon="-0.159667"><ele>28.25</ele></trkpt>
      <trkpt lat="51.524783" lon="-0.159614"><ele>28</ele></trkpt>
      <trkpt lat="51.524745" lon="-0.159542"><ele>28</ele></trkpt>
      <trkpt lat="51.524703" lon="-0.159461"><ele>27.75</ele></trkpt>
      <trkpt lat="51.524657" lon="-0.159374"><ele>27.5</ele></trkpt>
      <trkpt lat="51.524635" lon="-0.159333"><ele>27.5</ele></trkpt>
      <trkpt lat="51.524629" lon="-0.159321"><ele>27.5</ele></trkpt>
      <trkpt lat="51.524578" lon="-0.159224"><ele>27.5</ele></trkpt>
      <trkpt lat="51.524501" lon="-0.159077"><ele>27.75</ele></trkpt>
      <trkpt lat="51.524428" lon="-0.158939"><ele>27.75</ele></trkpt>
      <trkpt lat="51.524399" lon="-0.158809"><ele>27.75</ele></trkpt>
      <trkpt lat="51.52437" lon="-0.158752"><ele>27.75</ele></trkpt>
      <trkpt lat="51.524344" lon="-0.158699"><ele>27.75</ele></trkpt>
      <trkpt lat="51.524323" lon="-0.158655"><ele>27.75</ele></trkpt>
      <trkpt lat="51.524292" lon="-0.158594"><ele>27.75</ele></trkpt>
      <trkpt lat="51.524254" lon="-0.158515"><ele>27.75</ele></trkpt>
      <trkpt lat="51.524233" lon="-0.15849"><ele>27.75</ele></trkpt>
      <trkpt lat="51.52423" lon="-0.158418"><ele>27.75</ele></trkpt>
      <trkpt lat="51.524192" lon="-0.158299"><ele>28</ele></trkpt>
      <trkpt lat="51.524167" lon="-0.158297"><ele>28</ele></trkpt>
      <trkpt lat="51.524115" lon="-0.158294"><ele>28</ele></trkpt>
      <trkpt lat="51.524077" lon="-0.158257"><ele>28</ele></trkpt>
      <trkpt lat="51.524049" lon="-0.158245"><ele>28</ele></trkpt>
      <trkpt lat="51.524018" lon="-0.158233"><ele>28</ele></trkpt>
      <trkpt lat="51.524006" lon="-0.158227"><ele>28</ele></trkpt>
      <trkpt lat="51.523969" lon="-0.158259"><ele>28</ele></trkpt>
      <trkpt lat="51.523174" lon="-0.157893"><ele>26.75</ele></trkpt>
      <trkpt lat="51.523016" lon="-0.157819"><ele>27.25</ele></trkpt>
      <trkpt lat="51.522363" lon="-0.157501"><ele>27</ele></trkpt>
      <trkpt lat="51.522416" lon="-0.157176"><ele>27</ele></trkpt>
      <trkpt lat="51.522435" lon="-0.157063"><ele>27.25</ele></trkpt>
      <trkpt lat="51.522445" lon="-0.157069"><ele>27.25</ele></trkpt>
      <trkpt lat="51.522543" lon="-0.157114"><ele>27</ele></trkpt>
      <trkpt lat="51.522554" lon="-0.157119"><ele>27</ele></trkpt>
      <trkpt lat="51.522565" lon="-0.157125"><ele>27</ele></trkpt>
      <trkpt lat="51.522605" lon="-0.157144"><ele>27</ele></trkpt>
      <trkpt lat="51.522835" lon="-0.157304"><ele>27</ele></trkpt>
      <trkpt lat="51.522605" lon="-0.157144"><ele>26.75</ele></trkpt>
      <trkpt lat="51.522565" lon="-0.157125"><ele>26.75</ele></trkpt>
      <trkpt lat="51.522554" lon="-0.157119"><ele>26.75</ele></trkpt>
      <trkpt lat="51.522579" lon="-0.156959"><ele>26.75</ele></trkpt>
      <trkpt lat="51.522599" lon="-0.156827"><ele>26.75</ele></trkpt>
      <trkpt lat="51.522604" lon="-0.156799"><ele>26.75</ele></trkpt>
      <trkpt lat="51.52256" lon="-0.156778"><ele>26.75</ele></trkpt>
      <trkpt lat="51.522563" lon="-0.15676"><ele>26.75</ele></trkpt>
      <trkpt lat="51.522613" lon="-0.156435"><ele>26.5</ele></trkpt>
      <trkpt lat="51.522625" lon="-0.156374"><ele>26.5</ele></trkpt>
      <trkpt lat="51.522595" lon="-0.156359"><ele>26.5</ele></trkpt>
      <trkpt lat="51.52254" lon="-0.156331"><ele>26.5</ele></trkpt>
      <trkpt lat="51.522458" lon="-0.156286"><ele>26.5</ele></trkpt>
      <trkpt lat="51.522433" lon="-0.156272"><ele>26.5</ele></trkpt>
      <trkpt lat="51.52228" lon="-0.1562"><ele>26.5</ele></trkpt>
      <trkpt lat="51.522263" lon="-0.156191"><ele>26.5</ele></trkpt>
      <trkpt lat="51.522206" lon="-0.156162"><ele>26.5</ele></trkpt>
      <trkpt lat="51.522179" lon="-0.156315"><ele>26.25</ele></trkpt>
      <trkpt lat="51.522174" lon="-0.156344"><ele>26.5</ele></trkpt>
      <trkpt lat="51.521997" lon="-0.156259"><ele>25.5</ele></trkpt>
      <trkpt lat="51.52157" lon="-0.156066"><ele>25</ele></trkpt>
      <trkpt lat="51.520717" lon="-0.155669"><ele>25.5</ele></trkpt>
      <trkpt lat="51.520558" lon="-0.155599"><ele>25.75</ele></trkpt>
      <trkpt lat="51.520569" lon="-0.155533"><ele>25.75</ele></trkpt>
      <trkpt lat="51.520555" lon="-0.155527"><ele>26</ele></trkpt>
      <trkpt lat="51.520509" lon="-0.155501"><ele>26</ele></trkpt>
      <trkpt lat="51.520473" lon="-0.155482"><ele>26</ele></trkpt>
      <trkpt lat="51.520454" lon="-0.155471"><ele>26</ele></trkpt>
      <trkpt lat="51.520436" lon="-0.155548"><ele>26</ele></trkpt>
      <trkpt lat="51.52021" lon="-0.155433"><ele>25.5</ele></trkpt>
      <trkpt lat="51.520201" lon="-0.155429"><ele>25.25</ele></trkpt>
      <trkpt lat="51.520181" lon="-0.15542"><ele>25.25</ele></trkpt>
      <trkpt lat="51.519718" lon="-0.155183"><ele>24.5</ele></trkpt>
      <trkpt lat="51.519708" lon="-0.15515"><ele>24.5</ele></trkpt>
      <trkpt lat="51.519738" lon="-0.154943"><ele>24.25</ele></trkpt>
      <trkpt lat="51.519742" lon="-0.154921"><ele>24.25</ele></trkpt>
      <trkpt lat="51.519746" lon="-0.154894"><ele>24.25</ele></trkpt>
      <trkpt lat="51.519787" lon="-0.154658"><ele>24.75</ele></trkpt>
      <trkpt lat="51.519794" lon="-0.154617"><ele>24.75</ele></trkpt>
      <trkpt lat="51.519796" lon="-0.1546"><ele>24.75</ele></trkpt>
      <trkpt lat="51.51979" lon="-0.154537"><ele>24.5</ele></trkpt>
      <trkpt lat="51.519006" lon="-0.154111"><ele>23.25</ele></trkpt>
      <trkpt lat="51.518511" lon="-0.153821"><ele>23</ele></trkpt>
      <trkpt lat="51.518504" lon="-0.153666"><ele>23</ele></trkpt>
      <trkpt lat="51.518493" lon="-0.153668"><ele>23</ele></trkpt>
      <trkpt lat="51.518464" lon="-0.153673"><ele>22.75</ele></trkpt>
      <trkpt lat="51.51843" lon="-0.153227"><ele>23</ele></trkpt>
      <trkpt lat="51.518413" lon="-0.152895"><ele>22</ele></trkpt>
      <trkpt lat="51.518342" lon="-0.152085"><ele>22.25</ele></trkpt>
      <trkpt lat="51.518311" lon="-0.151657"><ele>22.75</ele></trkpt>
      <trkpt lat="51.518274" lon="-0.151578"><ele>22.5</ele></trkpt>
      <trkpt lat="51.518231" lon="-0.151537"><ele>22.5</ele></trkpt>
      <trkpt lat="51.518177" lon="-0.151529"><ele>22.5</ele></trkpt>
      <trkpt lat="51.518169" lon="-0.151465"><ele>22.25</ele></trkpt>
      <trkpt lat="51.518083" lon="-0.15096"><ele>21.75</ele></trkpt>
      <trkpt lat="51.518063" lon="-0.150869"><ele>21.75</ele></trkpt>
      <trkpt lat="51.518052" lon="-0.150845"><ele>22</ele></trkpt>
      <trkpt lat="51.518024" lon="-0.150826"><ele>22</ele></trkpt>
      <trkpt lat="51.517855" lon="-0.150717"><ele>22.5</ele></trkpt>
      <trkpt lat="51.517789" lon="-0.150692"><ele>22.75</ele></trkpt>
      <trkpt lat="51.517755" lon="-0.150691"><ele>23</ele></trkpt>
      <trkpt lat="51.517706" lon="-0.150703"><ele>23</ele></trkpt>
      <trkpt lat="51.517626" lon="-0.150728"><ele>23</ele></trkpt>
      <trkpt lat="51.517374" lon="-0.150777"><ele>22.25</ele></trkpt>
      <trkpt lat="51.51731" lon="-0.150794"><ele>22</ele></trkpt>
      <trkpt lat="51.517237" lon="-0.150793"><ele>21.75</ele></trkpt>
      <trkpt lat="51.517077" lon="-0.150738"><ele>22</ele></trkpt>
      <trkpt lat="51.517023" lon="-0.150719"><ele>22</ele></trkpt>
      <trkpt lat="51.51697" lon="-0.150695"><ele>22.25</ele></trkpt>
      <trkpt lat="51.516656" lon="-0.150552"><ele>21.75</ele></trkpt>
      <trkpt lat="51.516554" lon="-0.150505"><ele>21.75</ele></trkpt>
      <trkpt lat="51.516494" lon="-0.150438"><ele>21.75</ele></trkpt>
      <trkpt lat="51.516429" lon="-0.15035"><ele>21.75</ele></trkpt>
      <trkpt lat="51.516333" lon="-0.150198"><ele>22</ele></trkpt>
      <trkpt lat="51.51627" lon="-0.150056"><ele>22</ele></trkpt>
      <trkpt lat="51.516249" lon="-0.150023"><ele>22</ele></trkpt>
      <trkpt lat="51.51618" lon="-0.149952"><ele>21.75</ele></trkpt>
      <trkpt lat="51.516194" lon="-0.149865"><ele>21.75</ele></trkpt>
      <trkpt lat="51.516216" lon="-0.149737"><ele>21.5</ele></trkpt>
      <trkpt lat="51.516171" lon="-0.149715"><ele>21.75</ele></trkpt>
      <trkpt lat="51.516166" lon="-0.149711"><ele>21.75</ele></trkpt>
      <trkpt lat="51.516163" lon="-0.149669"><ele>22</ele></trkpt>
      <trkpt lat="51.516134" lon="-0.149642"><ele>22</ele></trkpt>
      <trkpt lat="51.516022" lon="-0.149545"><ele>22</ele></trkpt>
      <trkpt lat="51.516001" lon="-0.149526"><ele>22</ele></trkpt>
      <trkpt lat="51.516004" lon="-0.14948"><ele>22.25</ele></trkpt>
      <trkpt lat="51.515764" lon="-0.149275"><ele>22</ele></trkpt>
      <trkpt lat="51.515714" lon="-0.149259"><ele>22</ele></trkpt>
      <trkpt lat="51.515522" lon="-0.1491"><ele>22.25</ele></trkpt>
      <trkpt lat="51.515316" lon="-0.148862"><ele>23.25</ele></trkpt>
      <trkpt lat="51.515235" lon="-0.148752"><ele>23.75</ele></trkpt>
      <trkpt lat="51.515096" lon="-0.148711"><ele>23.25</ele></trkpt>
      <trkpt lat="51.515057" lon="-0.148696"><ele>23.25</ele></trkpt>
      <trkpt lat="51.514831" lon="-0.14861"><ele>23.25</ele></trkpt>
      <trkpt lat="51.514647" lon="-0.148543"><ele>23</ele></trkpt>
      <trkpt lat="51.514638" lon="-0.148624"><ele>22.75</ele></trkpt>
      <trkpt lat="51.514606" lon="-0.148848"><ele>22.5</ele></trkpt>
      <trkpt lat="51.514589" lon="-0.149002"><ele>22.25</ele></trkpt>
      <trkpt lat="51.514566" lon="-0.149201"><ele>22</ele></trkpt>
      <trkpt lat="51.514504" lon="-0.14918"><ele>22</ele></trkpt>
      <trkpt lat="51.51451" lon="-0.149132"><ele>22</ele></trkpt>
      <trkpt lat="51.51447" lon="-0.149208"><ele>22</ele></trkpt>
      <trkpt lat="51.514449" lon="-0.149253"><ele>21.75</ele></trkpt>
      <trkpt lat="51.514438" lon="-0.14934"><ele>22</ele></trkpt>
      <trkpt lat="51.514423" lon="-0.149478"><ele>21.75</ele></trkpt>
      <trkpt lat="51.514537" lon="-0.149679"><ele>21</ele></trkpt>
      <trkpt lat="51.514567" lon="-0.149652"><ele>21.25</ele></trkpt>
      <trkpt lat="51.514549" lon="-0.149662"><ele>21</ele></trkpt>
      <trkpt lat="51.514578" lon="-0.149715"><ele>21</ele></trkpt>
      <trkpt lat="51.514509" lon="-0.149712"><ele>21</ele></trkpt>
      <trkpt lat="51.514509" lon="-0.149762"><ele>21</ele></trkpt>
      <trkpt lat="51.514509" lon="-0.14983"><ele>21</ele></trkpt>
      <trkpt lat="51.514453" lon="-0.149914"><ele>21</ele></trkpt>
      <trkpt lat="51.514309" lon="-0.149885"><ele>21</ele></trkpt>
      <trkpt lat="51.514334" lon="-0.149705"><ele>21</ele></trkpt>
      <trkpt lat="51.514306" lon="-0.149699"><ele>21</ele></trkpt>
      <trkpt lat="51.514334" lon="-0.149705"><ele>21</ele></trkpt>
      <trkpt lat="51.514309" lon="-0.149885"><ele>21</ele></trkpt>
      <trkpt lat="51.514453" lon="-0.149914"><ele>21</ele></trkpt>
      <trkpt lat="51.514509" lon="-0.14983"><ele>21</ele></trkpt>
      <trkpt lat="51.514509" lon="-0.149762"><ele>21</ele></trkpt>
      <trkpt lat="51.514509" lon="-0.149712"><ele>21</ele></trkpt>
      <trkpt lat="51.514578" lon="-0.149715"><ele>21</ele></trkpt>
      <trkpt lat="51.514549" lon="-0.149662"><ele>21</ele></trkpt>
      <trkpt lat="51.514504" lon="-0.14953"><ele>21.5</ele></trkpt>
      <trkpt lat="51.514401" lon="-0.149506"><ele>21.75</ele></trkpt>
      <trkpt lat="51.514148" lon="-0.149113"><ele>21.75</ele></trkpt>
      <trkpt lat="51.513696" lon="-0.148861"><ele>20.25</ele></trkpt>
      <trkpt lat="51.513574" lon="-0.148875"><ele>19.75</ele></trkpt>
      <trkpt lat="51.51348" lon="-0.148832"><ele>19.5</ele></trkpt>
      <trkpt lat="51.513485" lon="-0.148799"><ele>19.5</ele></trkpt>
      <trkpt lat="51.513458" lon="-0.148785"><ele>19.5</ele></trkpt>
      <trkpt lat="51.513433" lon="-0.148773"><ele>19.5</ele></trkpt>
      <trkpt lat="51.513435" lon="-0.148704"><ele>19.75</ele></trkpt>
      <trkpt lat="51.513332" lon="-0.148657"><ele>19.75</ele></trkpt>
      <trkpt lat="51.513295" lon="-0.14864"><ele>19.75</ele></trkpt>
      <trkpt lat="51.513272" lon="-0.148619"><ele>19.75</ele></trkpt>
      <trkpt lat="51.513249" lon="-0.148599"><ele>20</ele></trkpt>
      <trkpt lat="51.513067" lon="-0.148505"><ele>20</ele></trkpt>
      <trkpt lat="51.513009" lon="-0.14848"><ele>19.75</ele></trkpt>
      <trkpt lat="51.512824" lon="-0.148398"><ele>19.75</ele></trkpt>
      <trkpt lat="51.512761" lon="-0.148364"><ele>19.75</ele></trkpt>
      <trkpt lat="51.512672" lon="-0.148317"><ele>20.25</ele></trkpt>
      <trkpt lat="51.512623" lon="-0.148292"><ele>20.5</ele></trkpt>
      <trkpt lat="51.512549" lon="-0.148254"><ele>20.75</ele></trkpt>
      <trkpt lat="51.512504" lon="-0.148236"><ele>20.75</ele></trkpt>
      <trkpt lat="51.512182" lon="-0.148088"><ele>20.75</ele></trkpt>
      <trkpt lat="51.512128" lon="-0.148063"><ele>20.75</ele></trkpt>
      <trkpt lat="51.511774" lon="-0.147891"><ele>21.5</ele></trkpt>
      <trkpt lat="51.511731" lon="-0.14787"><ele>21.75</ele></trkpt>
      <trkpt lat="51.511686" lon="-0.147849"><ele>21.75</ele></trkpt>
      <trkpt lat="51.511597" lon="-0.147805"><ele>22</ele></trkpt>
      <trkpt lat="51.511534" lon="-0.147779"><ele>22</ele></trkpt>
      <trkpt lat="51.511505" lon="-0.147766"><ele>21.75</ele></trkpt>
      <trkpt lat="51.511462" lon="-0.147746"><ele>21.75</ele></trkpt>
      <trkpt lat="51.510917" lon="-0.147495"><ele>21.75</ele></trkpt>
      <trkpt lat="51.510642" lon="-0.147368"><ele>22</ele></trkpt>
      <trkpt lat="51.510657" lon="-0.147288"><ele>22</ele></trkpt>
      <trkpt lat="51.510757" lon="-0.146744"><ele>21.25</ele></trkpt>
      <trkpt lat="51.510759" lon="-0.146713"><ele>21</ele></trkpt>
      <trkpt lat="51.510745" lon="-0.146698"><ele>21</ele></trkpt>
      <trkpt lat="51.510421" lon="-0.146338"><ele>20.75</ele></trkpt>
      <trkpt lat="51.510421" lon="-0.146308"><ele>20.75</ele></trkpt>
      <trkpt lat="51.510407" lon="-0.146283"><ele>20.75</ele></trkpt>
      <trkpt lat="51.510407" lon="-0.146191"><ele>20.5</ele></trkpt>
      <trkpt lat="51.510405" lon="-0.146165"><ele>20.5</ele></trkpt>
      <trkpt lat="51.510401" lon="-0.146131"><ele>20.25</ele></trkpt>
      <trkpt lat="51.510364" lon="-0.146142"><ele>20.25</ele></trkpt>
      <trkpt lat="51.510332" lon="-0.146018"><ele>20</ele></trkpt>
      <trkpt lat="51.510299" lon="-0.14594"><ele>20</ele></trkpt>
      <trkpt lat="51.510161" lon="-0.145767"><ele>19.25</ele></trkpt>
      <trkpt lat="51.510058" lon="-0.145644"><ele>19</ele></trkpt>
      <trkpt lat="51.509984" lon="-0.14554"><ele>18.75</ele></trkpt>
      <trkpt lat="51.509382" lon="-0.144723"><ele>16.75</ele></trkpt>
      <trkpt lat="51.509165" lon="-0.144387"><ele>16</ele></trkpt>
      <trkpt lat="51.50902" lon="-0.144205"><ele>16</ele></trkpt>
      <trkpt lat="51.508923" lon="-0.144124"><ele>16</ele></trkpt>
      <trkpt lat="51.50887" lon="-0.144067"><ele>16</ele></trkpt>
      <trkpt lat="51.508228" lon="-0.143325"><ele>18</ele></trkpt>
      <trkpt lat="51.507641" lon="-0.142635"><ele>19</ele></trkpt>
      <trkpt lat="51.50726" lon="-0.142176"><ele>18.75</ele></trkpt>
      <trkpt lat="51.507217" lon="-0.142122"><ele>19</ele></trkpt>
      <trkpt lat="51.507204" lon="-0.142147"><ele>19</ele></trkpt>
      <trkpt lat="51.507197" lon="-0.14216"><ele>19</ele></trkpt>
      <trkpt lat="51.507149" lon="-0.142255"><ele>19</ele></trkpt>
      <trkpt lat="51.50704" lon="-0.142467"><ele>19</ele></trkpt>
      <trkpt lat="51.506871" lon="-0.142822"><ele>18.75</ele></trkpt>
      <trkpt lat="51.506888" lon="-0.142841"><ele>18.75</ele></trkpt>
      <trkpt lat="51.506911" lon="-0.142865"><ele>18.75</ele></trkpt>
      <trkpt lat="51.506934" lon="-0.142817"><ele>18.75</ele></trkpt>
      <trkpt lat="51.50694" lon="-0.142819"><ele>18.75</ele></trkpt>
      <trkpt lat="51.506934" lon="-0.142817"><ele>18.75</ele></trkpt>
      <trkpt lat="51.506916" lon="-0.142798"><ele>18.75</ele></trkpt>
      <trkpt lat="51.506878" lon="-0.142759"><ele>19</ele></trkpt>
      <trkpt lat="51.50679" lon="-0.142717"><ele>19</ele></trkpt>
      <trkpt lat="51.506814" lon="-0.142668"><ele>19</ele></trkpt>
      <trkpt lat="51.506822" lon="-0.142653"><ele>19</ele></trkpt>
      <trkpt lat="51.506769" lon="-0.142595"><ele>19</ele></trkpt>
      <trkpt lat="51.506812" lon="-0.142504"><ele>19</ele></trkpt>
      <trkpt lat="51.506862" lon="-0.142366"><ele>18.75</ele></trkpt>
      <trkpt lat="51.506824" lon="-0.142321"><ele>18.5</ele></trkpt>
      <trkpt lat="51.506437" lon="-0.14193"><ele>15</ele></trkpt>
      <trkpt lat="51.506265" lon="-0.141786"><ele>14.25</ele></trkpt>
      <trkpt lat="51.506003" lon="-0.141588"><ele>13.5</ele></trkpt>
      <trkpt lat="51.505612" lon="-0.141309"><ele>11.75</ele></trkpt>
      <trkpt lat="51.505125" lon="-0.141004"><ele>9</ele></trkpt>
      <trkpt lat="51.504682" lon="-0.140751"><ele>7.5</ele></trkpt>
      <trkpt lat="51.504291" lon="-0.140394"><ele>7</ele></trkpt>
      <trkpt lat="51.503869" lon="-0.139967"><ele>6.75</ele></trkpt>
      <trkpt lat="51.503807" lon="-0.139894"><ele>6.75</ele></trkpt>
      <trkpt lat="51.503756" lon="-0.139835"><ele>6.75</ele></trkpt>
      <trkpt lat="51.503389" lon="-0.139415"><ele>7</ele></trkpt>
      <trkpt lat="51.503009" lon="-0.139033"><ele>7</ele></trkpt>
      <trkpt lat="51.502777" lon="-0.138816"><ele>6.5</ele></trkpt>
      <trkpt lat="51.502758" lon="-0.138794"><ele>6.5</ele></trkpt>
      <trkpt lat="51.502713" lon="-0.138743"><ele>6.25</ele></trkpt>
      <trkpt lat="51.502634" lon="-0.138653"><ele>6</ele></trkpt>
      <trkpt lat="51.503018" lon="-0.137734"><ele>6.75</ele></trkpt>
      <trkpt lat="51.502882" lon="-0.137606"><ele>6.25</ele></trkpt>
      <trkpt lat="51.502792" lon="-0.137624"><ele>6</ele></trkpt>
      <trkpt lat="51.50276" lon="-0.137545"><ele>5.75</ele></trkpt>
      <trkpt lat="51.502723" lon="-0.137425"><ele>5</ele></trkpt>
      <trkpt lat="51.502696" lon="-0.137309"><ele>4.25</ele></trkpt>
      <trkpt lat="51.502684" lon="-0.137173"><ele>3.75</ele></trkpt>
      <trkpt lat="51.502659" lon="-0.137011"><ele>3.5</ele></trkpt>
      <trkpt lat="51.502623" lon="-0.136873"><ele>3.25</ele></trkpt>
      <trkpt lat="51.502581" lon="-0.13675"><ele>3</ele></trkpt>
      <trkpt lat="51.502463" lon="-0.13647"><ele>2.25</ele></trkpt>
      <trkpt lat="51.502441" lon="-0.136428"><ele>2</ele></trkpt>
      <trkpt lat="51.502389" lon="-0.136364"><ele>1.75</ele></trkpt>
      <trkpt lat="51.5026" lon="-0.135364"><ele>2.5</ele></trkpt>
      <trkpt lat="51.502508" lon="-0.135313"><ele>2</ele></trkpt>
      <trkpt lat="51.50212" lon="-0.135103"><ele>2</ele></trkpt>
      <trkpt lat="51.502082" lon="-0.135085"><ele>2.25</ele></trkpt>
      <trkpt lat="51.501753" lon="-0.134923"><ele>3</ele></trkpt>
      <trkpt lat="51.501717" lon="-0.134895"><ele>3</ele></trkpt>
      <trkpt lat="51.50143" lon="-0.13439"><ele>3.75</ele></trkpt>
      <trkpt lat="51.501134" lon="-0.133936"><ele>4</ele></trkpt>
      <trkpt lat="51.501119" lon="-0.133898"><ele>4</ele></trkpt>
      <trkpt lat="51.501045" lon="-0.133889"><ele>4</ele></trkpt>
      <trkpt lat="51.501107" lon="-0.133297"><ele>3.75</ele></trkpt>
      <trkpt lat="51.501094" lon="-0.133293"><ele>3.75</ele></trkpt>
      <trkpt lat="51.501112" lon="-0.133125"><ele>4</ele></trkpt>
      <trkpt lat="51.501261" lon="-0.131662"><ele>3</ele></trkpt>
      <trkpt lat="51.501244" lon="-0.13165"><ele>3</ele></trkpt>
      <trkpt lat="51.501333" lon="-0.130749"><ele>3</ele></trkpt>
      <trkpt lat="51.50132" lon="-0.130747"><ele>3</ele></trkpt>
      <trkpt lat="51.50131" lon="-0.130723"><ele>3</ele></trkpt>
      <trkpt lat="51.501334" lon="-0.130301"><ele>3.5</ele></trkpt>
      <trkpt lat="51.501337" lon="-0.130163"><ele>3.75</ele></trkpt>
      <trkpt lat="51.501337" lon="-0.130106"><ele>3.75</ele></trkpt>
      <trkpt lat="51.50134" lon="-0.130045"><ele>3.75</ele></trkpt>
      <trkpt lat="51.501341" lon="-0.129908"><ele>4</ele></trkpt>
      <trkpt lat="51.501335" lon="-0.129847"><ele>4</ele></trkpt>
      <trkpt lat="51.50133" lon="-0.1298"><ele>4</ele></trkpt>
      <trkpt lat="51.50132" lon="-0.129696"><ele>4</ele></trkpt>
      <trkpt lat="51.501328" lon="-0.129647"><ele>4</ele></trkpt>
      <trkpt lat="51.501326" lon="-0.129616"><ele>4</ele></trkpt>
      <trkpt lat="51.501309" lon="-0.129492"><ele>4</ele></trkpt>
      <trkpt lat="51.501306" lon="-0.129447"><ele>4</ele></trkpt>
      <trkpt lat="51.501212" lon="-0.128319"><ele>4.5</ele></trkpt>
      <trkpt lat="51.501188" lon="-0.127865"><ele>5</ele></trkpt>
      <trkpt lat="51.501163" lon="-0.127512"><ele>4.75</ele></trkpt>
      <trkpt lat="51.501151" lon="-0.127449"><ele>4.75</ele></trkpt>
      <trkpt lat="51.501143" lon="-0.127376"><ele>4.75</ele></trkpt>
      <trkpt lat="51.501099" lon="-0.12731"><ele>5</ele></trkpt>
      <trkpt lat="51.501058" lon="-0.127118"><ele>5</ele></trkpt>
      <trkpt lat="51.501037" lon="-0.126761"><ele>5</ele></trkpt>
      <trkpt lat="51.501022" lon="-0.126459"><ele>5</ele></trkpt>
      <trkpt lat="51.501015" lon="-0.126322"><ele>5</ele></trkpt>
      <trkpt lat="51.501008" lon="-0.126154"><ele>5.5</ele></trkpt>
      <trkpt lat="51.501004" lon="-0.126058"><ele>5.5</ele></trkpt>
      <trkpt lat="51.500998" lon="-0.125915"><ele>5.75</ele></trkpt>
      <trkpt lat="51.500995" lon="-0.125851"><ele>5.75</ele></trkpt>
      <trkpt lat="51.501062" lon="-0.125844"><ele>5.75</ele></trkpt>
      <trkpt lat="51.501071" lon="-0.125843"><ele>5.75</ele></trkpt>
      <trkpt lat="51.501085" lon="-0.12584"><ele>5.75</ele></trkpt>
      <trkpt lat="51.501081" lon="-0.125523"><ele>5.75</ele></trkpt>
      <trkpt lat="51.501078" lon="-0.125484"><ele>5.75</ele></trkpt>
      <trkpt lat="51.501077" lon="-0.125457"><ele>5.75</ele></trkpt>
      <trkpt lat="51.501059" lon="-0.124928"><ele>6.75</ele></trkpt>
      <trkpt lat="51.501057" lon="-0.124887"><ele>6.75</ele></trkpt>
      <trkpt lat="51.501062" lon="-0.124886"><ele>6.75</ele></trkpt>
      <trkpt lat="51.501079" lon="-0.124885"><ele>6.75</ele></trkpt>
      <trkpt lat="51.501164" lon="-0.124876"><ele>7</ele></trkpt>
      <trkpt lat="51.501206" lon="-0.124875"><ele>7</ele></trkpt>
      <trkpt lat="51.501226" lon="-0.124842"><ele>7</ele></trkpt>
      <trkpt lat="51.501246" lon="-0.124808"><ele>7.25</ele></trkpt>
      <trkpt lat="51.501261" lon="-0.124784"><ele>7.25</ele></trkpt>
      <trkpt lat="51.501346" lon="-0.124787"><ele>7.5</ele></trkpt>
      <trkpt lat="51.501331" lon="-0.124787"><ele>7.5</ele></trkpt>
      <trkpt lat="51.501333" lon="-0.124838"><ele>7.25</ele></trkpt>
      <trkpt lat="51.501319" lon="-0.124862"><ele>7.25</ele></trkpt>
      <trkpt lat="51.501333" lon="-0.124838"><ele>7.25</ele></trkpt>
      <trkpt lat="51.501331" lon="-0.124787"><ele>7.5</ele></trkpt>
      <trkpt lat="51.501346" lon="-0.124787"><ele>7.5</ele></trkpt>
      <trkpt lat="51.501261" lon="-0.124784"><ele>7.25</ele></trkpt>
      <trkpt lat="51.501246" lon="-0.124808"><ele>7.25</ele></trkpt>
      <trkpt lat="51.501226" lon="-0.124842"><ele>7</ele></trkpt>
      <trkpt lat="51.501206" lon="-0.124875"><ele>7</ele></trkpt>
      <trkpt lat="51.501164" lon="-0.124876"><ele>7</ele></trkpt>
      <trkpt lat="51.501079" lon="-0.124885"><ele>6.75</ele></trkpt>
      <trkpt lat="51.501062" lon="-0.124886"><ele>6.75</ele></trkpt>
      <trkpt lat="51.501057" lon="-0.124887"><ele>6.75</ele></trkpt>
      <trkpt lat="51.501042" lon="-0.124438"><ele>7.75</ele></trkpt>
      <trkpt lat="51.501052" lon="-0.124363"><ele>7.75</ele></trkpt>
      <trkpt lat="51.501071" lon="-0.124316"><ele>7.75</ele></trkpt>
      <trkpt lat="51.5011" lon="-0.124297"><ele>7.75</ele></trkpt>
      <trkpt lat="51.501095" lon="-0.12424"><ele>7.75</ele></trkpt>
      <trkpt lat="51.501091" lon="-0.124191"><ele>7.75</ele></trkpt>
      <trkpt lat="51.501088" lon="-0.124152"><ele>7.75</ele></trkpt>
      <trkpt lat="51.501084" lon="-0.124043"><ele>7.75</ele></trkpt>
      <trkpt lat="51.501082" lon="-0.123995"><ele>7.75</ele></trkpt>
      <trkpt lat="51.501078" lon="-0.123935"><ele>7.75</ele></trkpt>
      <trkpt lat="51.501077" lon="-0.123903"><ele>7.75</ele></trkpt>
      <trkpt lat="51.501075" lon="-0.123852"><ele>7.25</ele></trkpt>
      <trkpt lat="51.501019" lon="-0.123732"><ele>5.75</ele></trkpt>
      <trkpt lat="51.501008" lon="-0.123681"><ele>5.25</ele></trkpt>
      <trkpt lat="51.500991" lon="-0.123571"><ele>4.25</ele></trkpt>
      <trkpt lat="51.50089" lon="-0.119981"><ele>1.5</ele></trkpt>
      <trkpt lat="51.500889" lon="-0.119932"><ele>1.75</ele></trkpt>
      <trkpt lat="51.500888" lon="-0.119861"><ele>2.25</ele></trkpt>
      <trkpt lat="51.500889" lon="-0.119763"><ele>2.75</ele></trkpt>
      <trkpt lat="51.50093" lon="-0.119527"><ele>2.5</ele></trkpt>
      <trkpt lat="51.500941" lon="-0.119466"><ele>2.25</ele></trkpt>
      <trkpt lat="51.500927" lon="-0.11924"><ele>2.25</ele></trkpt>
      <trkpt lat="51.500926" lon="-0.119209"><ele>2.25</ele></trkpt>
      <trkpt lat="51.500923" lon="-0.119176"><ele>2.25</ele></trkpt>
      <trkpt lat="51.500888" lon="-0.118668"><ele>4.75</ele></trkpt>
      <trkpt lat="51.500896" lon="-0.118597"><ele>5.25</ele></trkpt>
      <trkpt lat="51.500896" lon="-0.118487"><ele>5.5</ele></trkpt>
      <trkpt lat="51.500896" lon="-0.11846"><ele>5.5</ele></trkpt>
      <trkpt lat="51.500895" lon="-0.118404"><ele>5.5</ele></trkpt>
      <trkpt lat="51.500891" lon="-0.118176"><ele>5</ele></trkpt>
      <trkpt lat="51.500872" lon="-0.117655"><ele>4.5</ele></trkpt>
      <trkpt lat="51.500872" lon="-0.117623"><ele>4.5</ele></trkpt>
      <trkpt lat="51.500947" lon="-0.11753"><ele>4.5</ele></trkpt>
      <trkpt lat="51.500976" lon="-0.117513"><ele>4.25</ele></trkpt>
      <trkpt lat="51.501477" lon="-0.11721"><ele>4</ele></trkpt>
      <trkpt lat="51.501526" lon="-0.117194"><ele>4</ele></trkpt>
      <trkpt lat="51.501602" lon="-0.117195"><ele>4</ele></trkpt>
      <trkpt lat="51.501659" lon="-0.117169"><ele>4</ele></trkpt>
      <trkpt lat="51.501713" lon="-0.117138"><ele>3.75</ele></trkpt>
      <trkpt lat="51.501747" lon="-0.117114"><ele>3.75</ele></trkpt>
      <trkpt lat="51.501875" lon="-0.116985"><ele>3.75</ele></trkpt>
      <trkpt lat="51.502212" lon="-0.116752"><ele>3.25</ele></trkpt>
      <trkpt lat="51.502528" lon="-0.116472"><ele>4</ele></trkpt>
      <trkpt lat="51.502576" lon="-0.116429"><ele>4</ele></trkpt>
      <trkpt lat="51.502594" lon="-0.116428"><ele>4</ele></trkpt>
      <trkpt lat="51.5026" lon="-0.116404"><ele>4</ele></trkpt>
      <trkpt lat="51.502665" lon="-0.116346"><ele>4</ele></trkpt>
      <trkpt lat="51.502715" lon="-0.116308"><ele>4</ele></trkpt>
      <trkpt lat="51.502758" lon="-0.116271"><ele>4</ele></trkpt>
      <trkpt lat="51.502762" lon="-0.11625"><ele>4</ele></trkpt>
      <trkpt lat="51.502786" lon="-0.116226"><ele>4</ele></trkpt>
      <trkpt lat="51.502811" lon="-0.116202"><ele>4</ele></trkpt>
      <trkpt lat="51.503444" lon="-0.1156"><ele>4</ele></trkpt>
      <trkpt lat="51.503782" lon="-0.115281"><ele>4</ele></trkpt>
      <trkpt lat="51.503946" lon="-0.115129"><ele>4</ele></trkpt>
      <trkpt lat="51.503968" lon="-0.115186"><ele>4</ele></trkpt>
      <trkpt lat="51.504019" lon="-0.115342"><ele>4</ele></trkpt>
      <trkpt lat="51.504047" lon="-0.115414"><ele>4</ele></trkpt>
      <trkpt lat="51.503995" lon="-0.115466"><ele>4</ele></trkpt>
      <trkpt lat="51.503963" lon="-0.115379"><ele>3.75</ele></trkpt>
      <trkpt lat="51.503664" lon="-0.114709"><ele>3.75</ele></trkpt>
      <trkpt lat="51.503361" lon="-0.114562"><ele>3.75</ele></trkpt>
      <trkpt lat="51.503314" lon="-0.114738"><ele>3.75</ele></trkpt>
      <trkpt lat="51.5033" lon="-0.114783"><ele>3.75</ele></trkpt>
      <trkpt lat="51.503314" lon="-0.114738"><ele>3.75</ele></trkpt>
      <trkpt lat="51.503361" lon="-0.114562"><ele>4.25</ele></trkpt>
      <trkpt lat="51.50342" lon="-0.114325"><ele>4.25</ele></trkpt>
      <trkpt lat="51.503473" lon="-0.11417"><ele>4.25</ele></trkpt>
      <trkpt lat="51.50353" lon="-0.114095"><ele>4.25</ele></trkpt>
      <trkpt lat="51.503256" lon="-0.113789"><ele>4.5</ele></trkpt>
      <trkpt lat="51.5032" lon="-0.113863"><ele>4.5</ele></trkpt>
      <trkpt lat="51.503192" lon="-0.113845"><ele>4.5</ele></trkpt>
      <trkpt lat="51.503146" lon="-0.113742"><ele>4.75</ele></trkpt>
      <trkpt lat="51.50326" lon="-0.1136"><ele>5</ele></trkpt>
      <trkpt lat="51.503348" lon="-0.113484"><ele>5</ele></trkpt>
      <trkpt lat="51.503366" lon="-0.113459"><ele>5</ele></trkpt>
      <trkpt lat="51.503427" lon="-0.113378"><ele>5.25</ele></trkpt>
      <trkpt lat="51.503438" lon="-0.113414"><ele>5.25</ele></trkpt>
      <trkpt lat="51.503582" lon="-0.113333"><ele>5.75</ele></trkpt>
      <trkpt lat="51.503728" lon="-0.113287"><ele>5.25</ele></trkpt>
      <trkpt lat="51.503915" lon="-0.113155"><ele>5</ele></trkpt>
      <trkpt lat="51.503963" lon="-0.11312"><ele>5</ele></trkpt>
      <trkpt lat="51.503952" lon="-0.113058"><ele>5</ele></trkpt>
      <trkpt lat="51.503904" lon="-0.112845"><ele>4</ele></trkpt>
      <trkpt lat="51.503863" lon="-0.112592"><ele>4</ele></trkpt>
      <trkpt lat="51.504008" lon="-0.112391"><ele>4</ele></trkpt>
      <trkpt lat="51.504025" lon="-0.112386"><ele>4</ele></trkpt>
      <trkpt lat="51.504042" lon="-0.112381"><ele>4</ele></trkpt>
      <trkpt lat="51.504089" lon="-0.112365"><ele>4</ele></trkpt>
      <trkpt lat="51.50408" lon="-0.112261"><ele>4</ele></trkpt>
      <trkpt lat="51.504086" lon="-0.112119"><ele>4</ele></trkpt>
      <trkpt lat="51.504108" lon="-0.111999"><ele>4</ele></trkpt>
      <trkpt lat="51.504119" lon="-0.111946"><ele>4</ele></trkpt>
      <trkpt lat="51.504274" lon="-0.11113"><ele>3</ele></trkpt>
      <trkpt lat="51.50438" lon="-0.11056"><ele>2.75</ele></trkpt>
      <trkpt lat="51.504387" lon="-0.110522"><ele>3</ele></trkpt>
      <trkpt lat="51.504324" lon="-0.110487"><ele>3</ele></trkpt>
      <trkpt lat="51.504333" lon="-0.110428"><ele>3</ele></trkpt>
      <trkpt lat="51.50456" lon="-0.109064"><ele>3</ele></trkpt>
      <trkpt lat="51.504534" lon="-0.109052"><ele>3</ele></trkpt>
      <trkpt lat="51.504538" lon="-0.109024"><ele>3</ele></trkpt>
      <trkpt lat="51.504539" lon="-0.109018"><ele>3</ele></trkpt>
      <trkpt lat="51.504854" lon="-0.107115"><ele>3</ele></trkpt>
      <trkpt lat="51.504945" lon="-0.106509"><ele>3.5</ele></trkpt>
      <trkpt lat="51.504934" lon="-0.106474"><ele>3.75</ele></trkpt>
      <trkpt lat="51.504937" lon="-0.106428"><ele>3.75</ele></trkpt>
      <trkpt lat="51.504775" lon="-0.106383"><ele>3.75</ele></trkpt>
      <trkpt lat="51.504729" lon="-0.106379"><ele>3.75</ele></trkpt>
      <trkpt lat="51.504695" lon="-0.106384"><ele>3.75</ele></trkpt>
      <trkpt lat="51.504527" lon="-0.106456"><ele>3.25</ele></trkpt>
      <trkpt lat="51.504523" lon="-0.106402"><ele>3.25</ele></trkpt>
      <trkpt lat="51.504495" lon="-0.106035"><ele>3</ele></trkpt>
      <trkpt lat="51.504463" lon="-0.105608"><ele>3</ele></trkpt>
      <trkpt lat="51.504444" lon="-0.105367"><ele>3</ele></trkpt>
      <trkpt lat="51.504394" lon="-0.105368"><ele>3</ele></trkpt>
      <trkpt lat="51.504269" lon="-0.105371"><ele>3.75</ele></trkpt>
      <trkpt lat="51.50412" lon="-0.105373"><ele>3.75</ele></trkpt>
      <trkpt lat="51.504088" lon="-0.105374"><ele>3.75</ele></trkpt>
      <trkpt lat="51.504088" lon="-0.105295"><ele>3.75</ele></trkpt>
      <trkpt lat="51.504087" lon="-0.105275"><ele>4</ele></trkpt>
      <trkpt lat="51.50408" lon="-0.104979"><ele>3.75</ele></trkpt>
      <trkpt lat="51.504079" lon="-0.104864"><ele>3.5</ele></trkpt>
      <trkpt lat="51.504079" lon="-0.104794"><ele>3.25</ele></trkpt>
      <trkpt lat="51.504079" lon="-0.104783"><ele>3.25</ele></trkpt>
      <trkpt lat="51.504079" lon="-0.104742"><ele>3.25</ele></trkpt>
      <trkpt lat="51.504079" lon="-0.104705"><ele>3.25</ele></trkpt>
      <trkpt lat="51.503883" lon="-0.104707"><ele>3.75</ele></trkpt>
      <trkpt lat="51.50387" lon="-0.104707"><ele>3.75</ele></trkpt>
      <trkpt lat="51.503869" lon="-0.104666"><ele>3.75</ele></trkpt>
      <trkpt lat="51.503869" lon="-0.104637"><ele>3.5</ele></trkpt>
      <trkpt lat="51.503865" lon="-0.104505"><ele>3.25</ele></trkpt>
      <trkpt lat="51.503862" lon="-0.104405"><ele>3</ele></trkpt>
      <trkpt lat="51.503862" lon="-0.104372"><ele>3.25</ele></trkpt>
      <trkpt lat="51.5038" lon="-0.104376"><ele>3.25</ele></trkpt>
      <trkpt lat="51.50379" lon="-0.104352"><ele>3.5</ele></trkpt>
      <trkpt lat="51.503752" lon="-0.104322"><ele>3.5</ele></trkpt>
      <trkpt lat="51.503742" lon="-0.104306"><ele>3.75</ele></trkpt>
      <trkpt lat="51.5037" lon="-0.103035"><ele>4.5</ele></trkpt>
      <trkpt lat="51.503699" lon="-0.102845"><ele>4.5</ele></trkpt>
      <trkpt lat="51.503695" lon="-0.10283"><ele>4.5</ele></trkpt>
      <trkpt lat="51.503692" lon="-0.102788"><ele>4.5</ele></trkpt>
      <trkpt lat="51.50364" lon="-0.102784"><ele>4.75</ele></trkpt>
      <trkpt lat="51.50364" lon="-0.102507"><ele>4.75</ele></trkpt>
      <trkpt lat="51.503635" lon="-0.102204"><ele>4</ele></trkpt>
      <trkpt lat="51.50363" lon="-0.101826"><ele>4</ele></trkpt>
      <trkpt lat="51.50365" lon="-0.101639"><ele>3.75</ele></trkpt>
      <trkpt lat="51.50366" lon="-0.101581"><ele>3.75</ele></trkpt>
      <trkpt lat="51.503667" lon="-0.101544"><ele>3.75</ele></trkpt>
      <trkpt lat="51.503685" lon="-0.101416"><ele>3.75</ele></trkpt>
      <trkpt lat="51.503707" lon="-0.101233"><ele>3.75</ele></trkpt>
      <trkpt lat="51.503717" lon="-0.100755"><ele>3.75</ele></trkpt>
      <trkpt lat="51.503715" lon="-0.100131"><ele>3.5</ele></trkpt>
      <trkpt lat="51.503714" lon="-0.099935"><ele>3.5</ele></trkpt>
      <trkpt lat="51.503718" lon="-0.0996"><ele>4</ele></trkpt>
      <trkpt lat="51.50372" lon="-0.099341"><ele>3.25</ele></trkpt>
      <trkpt lat="51.503727" lon="-0.098657"><ele>3</ele></trkpt>
      <trkpt lat="51.503735" lon="-0.098517"><ele>3</ele></trkpt>
      <trkpt lat="51.503796" lon="-0.098184"><ele>3</ele></trkpt>
      <trkpt lat="51.503802" lon="-0.098104"><ele>3</ele></trkpt>
      <trkpt lat="51.50383" lon="-0.097579"><ele>3</ele></trkpt>
      <trkpt lat="51.503858" lon="-0.096697"><ele>3</ele></trkpt>
      <trkpt lat="51.50386" lon="-0.096615"><ele>3</ele></trkpt>
      <trkpt lat="51.503863" lon="-0.09653"><ele>3</ele></trkpt>
      <trkpt lat="51.503885" lon="-0.096483"><ele>3</ele></trkpt>
      <trkpt lat="51.503896" lon="-0.096253"><ele>3</ele></trkpt>
      <trkpt lat="51.503902" lon="-0.096121"><ele>3</ele></trkpt>
      <trkpt lat="51.503908" lon="-0.095927"><ele>3.5</ele></trkpt>
      <trkpt lat="51.503911" lon="-0.095883"><ele>3.75</ele></trkpt>
      <trkpt lat="51.503912" lon="-0.095858"><ele>3.75</ele></trkpt>
      <trkpt lat="51.503915" lon="-0.09573"><ele>4</ele></trkpt>
      <trkpt lat="51.503915" lon="-0.095651"><ele>4</ele></trkpt>
      <trkpt lat="51.50391" lon="-0.095621"><ele>4</ele></trkpt>
      <trkpt lat="51.503909" lon="-0.09561"><ele>4</ele></trkpt>
      <trkpt lat="51.503922" lon="-0.095383"><ele>4</ele></trkpt>
      <trkpt lat="51.503926" lon="-0.095319"><ele>4</ele></trkpt>
      <trkpt lat="51.503943" lon="-0.095045"><ele>4</ele></trkpt>
      <trkpt lat="51.503947" lon="-0.094975"><ele>4</ele></trkpt>
      <trkpt lat="51.503951" lon="-0.094912"><ele>4</ele></trkpt>
      <trkpt lat="51.503953" lon="-0.09488"><ele>4</ele></trkpt>
      <trkpt lat="51.503973" lon="-0.094806"><ele>4</ele></trkpt>
      <trkpt lat="51.503918" lon="-0.094568"><ele>4</ele></trkpt>
      <trkpt lat="51.503965" lon="-0.094534"><ele>4</ele></trkpt>
      <trkpt lat="51.504226" lon="-0.09434"><ele>4</ele></trkpt>
      <trkpt lat="51.504429" lon="-0.0942"><ele>4</ele></trkpt>
      <trkpt lat="51.504455" lon="-0.094181"><ele>4</ele></trkpt>
      <trkpt lat="51.504521" lon="-0.094132"><ele>4</ele></trkpt>
      <trkpt lat="51.504516" lon="-0.094103"><ele>4</ele></trkpt>
      <trkpt lat="51.504513" lon="-0.094088"><ele>4</ele></trkpt>
      <trkpt lat="51.504493" lon="-0.093974"><ele>4</ele></trkpt>
      <trkpt lat="51.504535" lon="-0.093789"><ele>4</ele></trkpt>
      <trkpt lat="51.504572" lon="-0.09364"><ele>4</ele></trkpt>
      <trkpt lat="51.504602" lon="-0.093516"><ele>4</ele></trkpt>
      <trkpt lat="51.504639" lon="-0.093505"><ele>4</ele></trkpt>
      <trkpt lat="51.50467" lon="-0.093499"><ele>4</ele></trkpt>
      <trkpt lat="51.504637" lon="-0.093121"><ele>4</ele></trkpt>
      <trkpt lat="51.504635" lon="-0.093101"><ele>4</ele></trkpt>
      <trkpt lat="51.504632" lon="-0.093066"><ele>4</ele></trkpt>
      <trkpt lat="51.504644" lon="-0.093059"><ele>4</ele></trkpt>
      <trkpt lat="51.504698" lon="-0.093021"><ele>4</ele></trkpt>
      <trkpt lat="51.504697" lon="-0.092981"><ele>4</ele></trkpt>
      <trkpt lat="51.504765" lon="-0.092939"><ele>3.75</ele></trkpt>
      <trkpt lat="51.504773" lon="-0.092933"><ele>3.75</ele></trkpt>
      <trkpt lat="51.50478" lon="-0.092902"><ele>3.75</ele></trkpt>
      <trkpt lat="51.504786" lon="-0.092865"><ele>3.75</ele></trkpt>
      <trkpt lat="51.504766" lon="-0.092244"><ele>4</ele></trkpt>
      <trkpt lat="51.50477" lon="-0.091497"><ele>4.5</ele></trkpt>
      <trkpt lat="51.504786" lon="-0.091095"><ele>5</ele></trkpt>
      <trkpt lat="51.504834" lon="-0.09074"><ele>5</ele></trkpt>
      <trkpt lat="51.504842" lon="-0.09071"><ele>5</ele></trkpt>
      <trkpt lat="51.504856" lon="-0.090693"><ele>5</ele></trkpt>
      <trkpt lat="51.504855" lon="-0.090665"><ele>5</ele></trkpt>
      <trkpt lat="51.504865" lon="-0.090588"><ele>5</ele></trkpt>
      <trkpt lat="51.504877" lon="-0.090501"><ele>5</ele></trkpt>
      <trkpt lat="51.504893" lon="-0.090476"><ele>5</ele></trkpt>
      <trkpt lat="51.504892" lon="-0.090431"><ele>5</ele></trkpt>
      <trkpt lat="51.504908" lon="-0.090251"><ele>5</ele></trkpt>
      <trkpt lat="51.504934" lon="-0.090188"><ele>5</ele></trkpt>
      <trkpt lat="51.504942" lon="-0.090108"><ele>5</ele></trkpt>
      <trkpt lat="51.504989" lon="-0.089961"><ele>5</ele></trkpt>
      <trkpt lat="51.504978" lon="-0.089691"><ele>4.75</ele></trkpt>
      <trkpt lat="51.505058" lon="-0.089565"><ele>5</ele></trkpt>
      <trkpt lat="51.505151" lon="-0.089456"><ele>5.25</ele></trkpt>
      <trkpt lat="51.505163" lon="-0.089443"><ele>5.25</ele></trkpt>
      <trkpt lat="51.505173" lon="-0.089433"><ele>5.25</ele></trkpt>
      <trkpt lat="51.505287" lon="-0.089307"><ele>5.25</ele></trkpt>
      <trkpt lat="51.505477" lon="-0.089096"><ele>5.75</ele></trkpt>
      <trkpt lat="51.505519" lon="-0.089045"><ele>5.75</ele></trkpt>
      <trkpt lat="51.505564" lon="-0.088993"><ele>5.75</ele></trkpt>
      <trkpt lat="51.505615" lon="-0.088939"><ele>5.75</ele></trkpt>
      <trkpt lat="51.505658" lon="-0.088891"><ele>5.5</ele></trkpt>
      <trkpt lat="51.5057" lon="-0.088831"><ele>5.25</ele></trkpt>
      <trkpt lat="51.505725" lon="-0.088865"><ele>4.75</ele></trkpt>
      <trkpt lat="51.5057" lon="-0.088831"><ele>5.25</ele></trkpt>
      <trkpt lat="51.5058" lon="-0.088685"><ele>5</ele></trkpt>
      <trkpt lat="51.50577" lon="-0.088578"><ele>5</ele></trkpt>
      <trkpt lat="51.50574" lon="-0.088456"><ele>5</ele></trkpt>
      <trkpt lat="51.505686" lon="-0.088237"><ele>5</ele></trkpt>
      <trkpt lat="51.505532" lon="-0.087248"><ele>4.75</ele></trkpt>
      <trkpt lat="51.505514" lon="-0.087215"><ele>4.75</ele></trkpt>
      <trkpt lat="51.505484" lon="-0.087163"><ele>4.5</ele></trkpt>
      <trkpt lat="51.505525" lon="-0.087116"><ele>4.75</ele></trkpt>
      <trkpt lat="51.505563" lon="-0.087074"><ele>5</ele></trkpt>
      <trkpt lat="51.505748" lon="-0.08699"><ele>5.5</ele></trkpt>
      <trkpt lat="51.505805" lon="-0.08699"><ele>5.75</ele></trkpt>
      <trkpt lat="51.505851" lon="-0.086995"><ele>5.75</ele></trkpt>
      <trkpt lat="51.505876" lon="-0.086996"><ele>5.75</ele></trkpt>
      <trkpt lat="51.505799" lon="-0.086547"><ele>4.75</ele></trkpt>
      <trkpt lat="51.505789" lon="-0.086498"><ele>4.75</ele></trkpt>
      <trkpt lat="51.505775" lon="-0.086424"><ele>4.75</ele></trkpt>
      <trkpt lat="51.505721" lon="-0.086169"><ele>4</ele></trkpt>
      <trkpt lat="51.505573" lon="-0.085608"><ele>4</ele></trkpt>
      <trkpt lat="51.505477" lon="-0.085314"><ele>3.75</ele></trkpt>
      <trkpt lat="51.505403" lon="-0.08515"><ele>4</ele></trkpt>
      <trkpt lat="51.505221" lon="-0.084777"><ele>4</ele></trkpt>
      <trkpt lat="51.505148" lon="-0.084631"><ele>4</ele></trkpt>
      <trkpt lat="51.504985" lon="-0.084254"><ele>4</ele></trkpt>
      <trkpt lat="51.504772" lon="-0.083746"><ele>4</ele></trkpt>
      <trkpt lat="51.504745" lon="-0.083664"><ele>4</ele></trkpt>
      <trkpt lat="51.50469" lon="-0.083535"><ele>4</ele></trkpt>
      <trkpt lat="51.504594" lon="-0.083316"><ele>4</ele></trkpt>
      <trkpt lat="51.504563" lon="-0.083241"><ele>4</ele></trkpt>
      <trkpt lat="51.504532" lon="-0.083167"><ele>4</ele></trkpt>
      <trkpt lat="51.504527" lon="-0.083148"><ele>4</ele></trkpt>
      <trkpt lat="51.504501" lon="-0.083058"><ele>4</ele></trkpt>
      <trkpt lat="51.504309" lon="-0.082449"><ele>4</ele></trkpt>
      <trkpt lat="51.504139" lon="-0.081961"><ele>4</ele></trkpt>
      <trkpt lat="51.504127" lon="-0.081934"><ele>4</ele></trkpt>
      <trkpt lat="51.504116" lon="-0.081908"><ele>4</ele></trkpt>
      <trkpt lat="51.503958" lon="-0.08154"><ele>4</ele></trkpt>
      <trkpt lat="51.503952" lon="-0.081525"><ele>4</ele></trkpt>
      <trkpt lat="51.50394" lon="-0.081487"><ele>4</ele></trkpt>
      <trkpt lat="51.503931" lon="-0.081461"><ele>4</ele></trkpt>
      <trkpt lat="51.503923" lon="-0.081449"><ele>4</ele></trkpt>
      <trkpt lat="51.503829" lon="-0.081225"><ele>4</ele></trkpt>
      <trkpt lat="51.503694" lon="-0.080902"><ele>4.75</ele></trkpt>
      <trkpt lat="51.503686" lon="-0.080883"><ele>4.75</ele></trkpt>
      <trkpt lat="51.503672" lon="-0.080837"><ele>4.75</ele></trkpt>
      <trkpt lat="51.503663" lon="-0.080804"><ele>5</ele></trkpt>
      <trkpt lat="51.50347" lon="-0.080051"><ele>4.25</ele></trkpt>
      <trkpt lat="51.503461" lon="-0.08002"><ele>4.25</ele></trkpt>
      <trkpt lat="51.503453" lon="-0.079987"><ele>4.25</ele></trkpt>
      <trkpt lat="51.503322" lon="-0.07958"><ele>4.75</ele></trkpt>
      <trkpt lat="51.503309" lon="-0.079544"><ele>4.75</ele></trkpt>
      <trkpt lat="51.503289" lon="-0.079493"><ele>4.75</ele></trkpt>
      <trkpt lat="51.503254" lon="-0.0794"><ele>5</ele></trkpt>
      <trkpt lat="51.503074" lon="-0.078906"><ele>5</ele></trkpt>
      <trkpt lat="51.503058" lon="-0.078864"><ele>5</ele></trkpt>
      <trkpt lat="51.50304" lon="-0.078816"><ele>4.75</ele></trkpt>
      <trkpt lat="51.502956" lon="-0.078587"><ele>4.5</ele></trkpt>
      <trkpt lat="51.502895" lon="-0.078466"><ele>4</ele></trkpt>
      <trkpt lat="51.502401" lon="-0.077709"><ele>4</ele></trkpt>
      <trkpt lat="51.50241" lon="-0.077696"><ele>4</ele></trkpt>
      <trkpt lat="51.502432" lon="-0.077657"><ele>4.25</ele></trkpt>
      <trkpt lat="51.502376" lon="-0.077538"><ele>4.25</ele></trkpt>
      <trkpt lat="51.502345" lon="-0.077469"><ele>4.25</ele></trkpt>
      <trkpt lat="51.502268" lon="-0.077367"><ele>4</ele></trkpt>
      <trkpt lat="51.502206" lon="-0.077306"><ele>3.75</ele></trkpt>
      <trkpt lat="51.502092" lon="-0.077106"><ele>3.25</ele></trkpt>
      <trkpt lat="51.501999" lon="-0.076967"><ele>3</ele></trkpt>
      <trkpt lat="51.501867" lon="-0.076764"><ele>3.25</ele></trkpt>
      <trkpt lat="51.501585" lon="-0.076322"><ele>3</ele></trkpt>
      <trkpt lat="51.501479" lon="-0.076137"><ele>3.5</ele></trkpt>
      <trkpt lat="51.501401" lon="-0.075998"><ele>3.75</ele></trkpt>
      <trkpt lat="51.501363" lon="-0.075913"><ele>3.75</ele></trkpt>
      <trkpt lat="51.501337" lon="-0.07586"><ele>3.75</ele></trkpt>
      <trkpt lat="51.501311" lon="-0.075806"><ele>3.5</ele></trkpt>
      <trkpt lat="51.501284" lon="-0.075747"><ele>3.5</ele></trkpt>
      <trkpt lat="51.500976" lon="-0.075128"><ele>3.25</ele></trkpt>
      <trkpt lat="51.500774" lon="-0.074734"><ele>3.75</ele></trkpt>
      <trkpt lat="51.50065" lon="-0.074486"><ele>3.25</ele></trkpt>
      <trkpt lat="51.500622" lon="-0.074434"><ele>3.25</ele></trkpt>
      <trkpt lat="51.500595" lon="-0.074382"><ele>3.25</ele></trkpt>
      <trkpt lat="51.50053" lon="-0.074271"><ele>3.5</ele></trkpt>
      <trkpt lat="51.500517" lon="-0.074219"><ele>3.75</ele></trkpt>
      <trkpt lat="51.500479" lon="-0.074063"><ele>4</ele></trkpt>
      <trkpt lat="51.500452" lon="-0.073977"><ele>4</ele></trkpt>
      <trkpt lat="51.500439" lon="-0.073957"><ele>4</ele></trkpt>
      <trkpt lat="51.500377" lon="-0.073868"><ele>4</ele></trkpt>
      <trkpt lat="51.50035" lon="-0.07381"><ele>4</ele></trkpt>
      <trkpt lat="51.500348" lon="-0.073807"><ele>4</ele></trkpt>
      <trkpt lat="51.500331" lon="-0.07375"><ele>4</ele></trkpt>
      <trkpt lat="51.500294" lon="-0.073614"><ele>4</ele></trkpt>
      <trkpt lat="51.500233" lon="-0.073396"><ele>3.75</ele></trkpt>
      <trkpt lat="51.500139" lon="-0.073033"><ele>4</ele></trkpt>
      <trkpt lat="51.500109" lon="-0.072931"><ele>4</ele></trkpt>
      <trkpt lat="51.500007" lon="-0.072692"><ele>3.5</ele></trkpt>
      <trkpt lat="51.499971" lon="-0.072609"><ele>3.25</ele></trkpt>
      <trkpt lat="51.499948" lon="-0.072489"><ele>3</ele></trkpt>
      <trkpt lat="51.499877" lon="-0.072358"><ele>3</ele></trkpt>
      <trkpt lat="51.499848" lon="-0.072311"><ele>3</ele></trkpt>
      <trkpt lat="51.499818" lon="-0.072264"><ele>3</ele></trkpt>
      <trkpt lat="51.499665" lon="-0.072015"><ele>3</ele></trkpt>
      <trkpt lat="51.499462" lon="-0.071681"><ele>3</ele></trkpt>
      <trkpt lat="51.499278" lon="-0.07134"><ele>3</ele></trkpt>
      <trkpt lat="51.499081" lon="-0.070939"><ele>2.5</ele></trkpt>
      <trkpt lat="51.49898" lon="-0.070704"><ele>2.25</ele></trkpt>
      <trkpt lat="51.498953" lon="-0.07064"><ele>2</ele></trkpt>
      <trkpt lat="51.498933" lon="-0.070543"><ele>2</ele></trkpt>
      <trkpt lat="51.498866" lon="-0.070347"><ele>2</ele></trkpt>
      <trkpt lat="51.498845" lon="-0.070293"><ele>2</ele></trkpt>
      <trkpt lat="51.498814" lon="-0.070215"><ele>2.25</ele></trkpt>
      <trkpt lat="51.498799" lon="-0.070177"><ele>2.5</ele></trkpt>
      <trkpt lat="51.498728" lon="-0.069997"><ele>3</ele></trkpt>
      <trkpt lat="51.498693" lon="-0.069907"><ele>3</ele></trkpt>
      <trkpt lat="51.498666" lon="-0.06984"><ele>3</ele></trkpt>
      <trkpt lat="51.498522" lon="-0.069438"><ele>3</ele></trkpt>
      <trkpt lat="51.498449" lon="-0.0692"><ele>3</ele></trkpt>
      <trkpt lat="51.498361" lon="-0.068913"><ele>3</ele></trkpt>
      <trkpt lat="51.498299" lon="-0.068781"><ele>3</ele></trkpt>
      <trkpt lat="51.498127" lon="-0.067988"><ele>3</ele></trkpt>
      <trkpt lat="51.498056" lon="-0.067594"><ele>3</ele></trkpt>
      <trkpt lat="51.498015" lon="-0.067296"><ele>3</ele></trkpt>
      <trkpt lat="51.497986" lon="-0.066908"><ele>2.75</ele></trkpt>
      <trkpt lat="51.497985" lon="-0.066859"><ele>2.75</ele></trkpt>
      <trkpt lat="51.498001" lon="-0.06679"><ele>2.75</ele></trkpt>
      <trkpt lat="51.497999" lon="-0.066724"><ele>2.75</ele></trkpt>
      <trkpt lat="51.497997" lon="-0.066643"><ele>2.75</ele></trkpt>
      <trkpt lat="51.497995" lon="-0.066541"><ele>2.75</ele></trkpt>
      <trkpt lat="51.497991" lon="-0.066385"><ele>3</ele></trkpt>
      <trkpt lat="51.49799" lon="-0.066267"><ele>3</ele></trkpt>
      <trkpt lat="51.497986" lon="-0.066115"><ele>3</ele></trkpt>
      <trkpt lat="51.497977" lon="-0.065943"><ele>3</ele></trkpt>
      <trkpt lat="51.49795" lon="-0.065878"><ele>3</ele></trkpt>
      <trkpt lat="51.497979" lon="-0.065481"><ele>3</ele></trkpt>
      <trkpt lat="51.498004" lon="-0.065246"><ele>3</ele></trkpt>
      <trkpt lat="51.498027" lon="-0.064998"><ele>2.75</ele></trkpt>
      <trkpt lat="51.498079" lon="-0.064476"><ele>3</ele></trkpt>
      <trkpt lat="51.498058" lon="-0.064395"><ele>3</ele></trkpt>
      <trkpt lat="51.498077" lon="-0.064241"><ele>3</ele></trkpt>
      <trkpt lat="51.498062" lon="-0.064236"><ele>3</ele></trkpt>
      <trkpt lat="51.498043" lon="-0.064229"><ele>2.75</ele></trkpt>
      <trkpt lat="51.498056" lon="-0.064148"><ele>3</ele></trkpt>
      <trkpt lat="51.498053" lon="-0.064136"><ele>3</ele></trkpt>
      <trkpt lat="51.497745" lon="-0.064025"><ele>3</ele></trkpt>
      <trkpt lat="51.498053" lon="-0.064136"><ele>3</ele></trkpt>
      <trkpt lat="51.498062" lon="-0.064137"><ele>3</ele></trkpt>
      <trkpt lat="51.49807" lon="-0.064118"><ele>3</ele></trkpt>
      <trkpt lat="51.498111" lon="-0.063811"><ele>3</ele></trkpt>
      <trkpt lat="51.498118" lon="-0.063813"><ele>3</ele></trkpt>
      <trkpt lat="51.498135" lon="-0.063818"><ele>3</ele></trkpt>
      <trkpt lat="51.498149" lon="-0.06371"><ele>3</ele></trkpt>
      <trkpt lat="51.498179" lon="-0.063481"><ele>3</ele></trkpt>
      <trkpt lat="51.498271" lon="-0.06278"><ele>3</ele></trkpt>
      <trkpt lat="51.498349" lon="-0.062175"><ele>2.75</ele></trkpt>
      <trkpt lat="51.498405" lon="-0.061735"><ele>3</ele></trkpt>
      <trkpt lat="51.498412" lon="-0.061584"><ele>3</ele></trkpt>
      <trkpt lat="51.498511" lon="-0.060953"><ele>3</ele></trkpt>
      <trkpt lat="51.498553" lon="-0.060674"><ele>3</ele></trkpt>
      <trkpt lat="51.498567" lon="-0.060563"><ele>3</ele></trkpt>
      <trkpt lat="51.498524" lon="-0.060501"><ele>3</ele></trkpt>
      <trkpt lat="51.498516" lon="-0.060457"><ele>3</ele></trkpt>
      <trkpt lat="51.49852" lon="-0.060425"><ele>3</ele></trkpt>
      <trkpt lat="51.498539" lon="-0.060373"><ele>3</ele></trkpt>
      <trkpt lat="51.498563" lon="-0.060336"><ele>3</ele></trkpt>
      <trkpt lat="51.498582" lon="-0.060266"><ele>3</ele></trkpt>
      <trkpt lat="51.498673" lon="-0.059401"><ele>3</ele></trkpt>
      <trkpt lat="51.498748" lon="-0.058657"><ele>3</ele></trkpt>
      <trkpt lat="51.498753" lon="-0.058541"><ele>3</ele></trkpt>
      <trkpt lat="51.498741" lon="-0.058534"><ele>3</ele></trkpt>
      <trkpt lat="51.498733" lon="-0.05853"><ele>3</ele></trkpt>
      <trkpt lat="51.498739" lon="-0.058469"><ele>3</ele></trkpt>
      <trkpt lat="51.498743" lon="-0.058425"><ele>3</ele></trkpt>
      <trkpt lat="51.498804" lon="-0.057752"><ele>4</ele></trkpt>
      <trkpt lat="51.498801" lon="-0.057605"><ele>4</ele></trkpt>
      <trkpt lat="51.498806" lon="-0.057408"><ele>4</ele></trkpt>
      <trkpt lat="51.498824" lon="-0.057228"><ele>4</ele></trkpt>
      <trkpt lat="51.498844" lon="-0.057029"><ele>4</ele></trkpt>
      <trkpt lat="51.498883" lon="-0.056801"><ele>3.75</ele></trkpt>
      <trkpt lat="51.498896" lon="-0.056672"><ele>4</ele></trkpt>
      <trkpt lat="51.49889" lon="-0.056495"><ele>3.25</ele></trkpt>
      <trkpt lat="51.498873" lon="-0.056353"><ele>3</ele></trkpt>
      <trkpt lat="51.498844" lon="-0.056261"><ele>3.25</ele></trkpt>
      <trkpt lat="51.4988" lon="-0.056159"><ele>3.5</ele></trkpt>
      <trkpt lat="51.498738" lon="-0.056018"><ele>3.25</ele></trkpt>
      <trkpt lat="51.498667" lon="-0.055862"><ele>3</ele></trkpt>
      <trkpt lat="51.498529" lon="-0.055496"><ele>3</ele></trkpt>
      <trkpt lat="51.498409" lon="-0.055286"><ele>3</ele></trkpt>
      <trkpt lat="51.498243" lon="-0.05504"><ele>3</ele></trkpt>
      <trkpt lat="51.498249" lon="-0.055031"><ele>3</ele></trkpt>
      <trkpt lat="51.498258" lon="-0.055017"><ele>3</ele></trkpt>
      <trkpt lat="51.498151" lon="-0.054874"><ele>3</ele></trkpt>
      <trkpt lat="51.498082" lon="-0.054769"><ele>3</ele></trkpt>
      <trkpt lat="51.498072" lon="-0.054645"><ele>2.75</ele></trkpt>
      <trkpt lat="51.498062" lon="-0.054628"><ele>2.75</ele></trkpt>
      <trkpt lat="51.498037" lon="-0.054585"><ele>2.75</ele></trkpt>
      <trkpt lat="51.497955" lon="-0.054538"><ele>2.75</ele></trkpt>
      <trkpt lat="51.49768" lon="-0.05416"><ele>2.25</ele></trkpt>
      <trkpt lat="51.49765" lon="-0.05411"><ele>2.25</ele></trkpt>
      <trkpt lat="51.497607" lon="-0.053991"><ele>2</ele></trkpt>
      <trkpt lat="51.49755" lon="-0.053923"><ele>2</ele></trkpt>
      <trkpt lat="51.497533" lon="-0.053896"><ele>2</ele></trkpt>
      <trkpt lat="51.497602" lon="-0.053753"><ele>2</ele></trkpt>
      <trkpt lat="51.49765" lon="-0.053651"><ele>2</ele></trkpt>
      <trkpt lat="51.49774" lon="-0.053485"><ele>2</ele></trkpt>
      <trkpt lat="51.497891" lon="-0.053288"><ele>2</ele></trkpt>
      <trkpt lat="51.49786" lon="-0.053216"><ele>2</ele></trkpt>
      <trkpt lat="51.497662" lon="-0.052756"><ele>2</ele></trkpt>
      <trkpt lat="51.497578" lon="-0.052554"><ele>2</ele></trkpt>
      <trkpt lat="51.497408" lon="-0.052313"><ele>2</ele></trkpt>
      <trkpt lat="51.497314" lon="-0.052189"><ele>2</ele></trkpt>
      <trkpt lat="51.497201" lon="-0.052037"><ele>2</ele></trkpt>
      <trkpt lat="51.497122" lon="-0.051979"><ele>2</ele></trkpt>
      <trkpt lat="51.497165" lon="-0.051907"><ele>2</ele></trkpt>
      <trkpt lat="51.497185" lon="-0.051808"><ele>2</ele></trkpt>
      <trkpt lat="51.497172" lon="-0.051682"><ele>2</ele></trkpt>
      <trkpt lat="51.497128" lon="-0.051527"><ele>2</ele></trkpt>
      <trkpt lat="51.497054" lon="-0.051416"><ele>2</ele></trkpt>
      <trkpt lat="51.496953" lon="-0.051294"><ele>2.25</ele></trkpt>
      <trkpt lat="51.49694" lon="-0.051277"><ele>2.25</ele></trkpt>
      <trkpt lat="51.496892" lon="-0.051206"><ele>2.5</ele></trkpt>
      <trkpt lat="51.497066" lon="-0.050876"><ele>2.75</ele></trkpt>
      <trkpt lat="51.497095" lon="-0.050822"><ele>3</ele></trkpt>
      <trkpt lat="51.497142" lon="-0.050679"><ele>3.5</ele></trkpt>
      <trkpt lat="51.497233" lon="-0.050432"><ele>3.75</ele></trkpt>
      <trkpt lat="51.497342" lon="-0.050134"><ele>4.25</ele></trkpt>
      <trkpt lat="51.497352" lon="-0.050097"><ele>4.25</ele></trkpt>
      <trkpt lat="51.497377" lon="-0.049971"><ele>4.5</ele></trkpt>
      <trkpt lat="51.497405" lon="-0.049887"><ele>4.5</ele></trkpt>
      <trkpt lat="51.497436" lon="-0.049828"><ele>4.5</ele></trkpt>
      <trkpt lat="51.497531" lon="-0.049715"><ele>5</ele></trkpt>
      <trkpt lat="51.497634" lon="-0.049605"><ele>5.25</ele></trkpt>
      <trkpt lat="51.497671" lon="-0.049578"><ele>5.5</ele></trkpt>
      <trkpt lat="51.497855" lon="-0.049443"><ele>6</ele></trkpt>
      <trkpt lat="51.497929" lon="-0.049403"><ele>6</ele></trkpt>
      <trkpt lat="51.49794" lon="-0.049397"><ele>6</ele></trkpt>
      <trkpt lat="51.497941" lon="-0.049361"><ele>6</ele></trkpt>
      <trkpt lat="51.497941" lon="-0.049336"><ele>6</ele></trkpt>
      <trkpt lat="51.497892" lon="-0.048694"><ele>6</ele></trkpt>
      <trkpt lat="51.49783" lon="-0.048436"><ele>4.75</ele></trkpt>
      <trkpt lat="51.497825" lon="-0.048412"><ele>4.5</ele></trkpt>
      <trkpt lat="51.497813" lon="-0.048361"><ele>4.25</ele></trkpt>
      <trkpt lat="51.498135" lon="-0.048179"><ele>4.5</ele></trkpt>
      <trkpt lat="51.498388" lon="-0.048036"><ele>4.25</ele></trkpt>
      <trkpt lat="51.498428" lon="-0.047986"><ele>4.5</ele></trkpt>
      <trkpt lat="51.498458" lon="-0.047949"><ele>4.5</ele></trkpt>
      <trkpt lat="51.498509" lon="-0.047837"><ele>4.75</ele></trkpt>
      <trkpt lat="51.498529" lon="-0.04771"><ele>5</ele></trkpt>
      <trkpt lat="51.498568" lon="-0.047496"><ele>4.75</ele></trkpt>
      <trkpt lat="51.498616" lon="-0.047387"><ele>4.5</ele></trkpt>
      <trkpt lat="51.499295" lon="-0.046585"><ele>4.25</ele></trkpt>
      <trkpt lat="51.499297" lon="-0.046536"><ele>4.25</ele></trkpt>
      <trkpt lat="51.499342" lon="-0.046485"><ele>4.25</ele></trkpt>
      <trkpt lat="51.499355" lon="-0.046447"><ele>4.25</ele></trkpt>
      <trkpt lat="51.499388" lon="-0.046408"><ele>4</ele></trkpt>
      <trkpt lat="51.499384" lon="-0.0464"><ele>4</ele></trkpt>
      <trkpt lat="51.499351" lon="-0.046329"><ele>4.25</ele></trkpt>
      <trkpt lat="51.499346" lon="-0.046319"><ele>4.5</ele></trkpt>
      <trkpt lat="51.49934" lon="-0.046308"><ele>4.5</ele></trkpt>
      <trkpt lat="51.499331" lon="-0.046291"><ele>4.5</ele></trkpt>
      <trkpt lat="51.499324" lon="-0.046277"><ele>4.5</ele></trkpt>
      <trkpt lat="51.499523" lon="-0.046047"><ele>4.75</ele></trkpt>
      <trkpt lat="51.49951" lon="-0.046017"><ele>4.75</ele></trkpt>
      <trkpt lat="51.499472" lon="-0.045891"><ele>4.75</ele></trkpt>
      <trkpt lat="51.499463" lon="-0.045738"><ele>5</ele></trkpt>
      <trkpt lat="51.49947" lon="-0.045627"><ele>5</ele></trkpt>
      <trkpt lat="51.499554" lon="-0.045381"><ele>5</ele></trkpt>
      <trkpt lat="51.499627" lon="-0.045249"><ele>5</ele></trkpt>
      <trkpt lat="51.499719" lon="-0.045164"><ele>5</ele></trkpt>
      <trkpt lat="51.499818" lon="-0.045133"><ele>5</ele></trkpt>
      <trkpt lat="51.499814" lon="-0.045035"><ele>5</ele></trkpt>
      <trkpt lat="51.499814" lon="-0.044842"><ele>5.25</ele></trkpt>
      <trkpt lat="51.499832" lon="-0.044644"><ele>5.5</ele></trkpt>
      <trkpt lat="51.499786" lon="-0.0446"><ele>5.75</ele></trkpt>
      <trkpt lat="51.499761" lon="-0.044594"><ele>5.75</ele></trkpt>
      <trkpt lat="51.49974" lon="-0.044609"><ele>5.75</ele></trkpt>
      <trkpt lat="51.499718" lon="-0.044551"><ele>6</ele></trkpt>
      <trkpt lat="51.499696" lon="-0.044495"><ele>6</ele></trkpt>
      <trkpt lat="51.499743" lon="-0.044443"><ele>6</ele></trkpt>
      <trkpt lat="51.49987" lon="-0.044299"><ele>6</ele></trkpt>
      <trkpt lat="51.499881" lon="-0.044286"><ele>6</ele></trkpt>
      <trkpt lat="51.499913" lon="-0.04425"><ele>6</ele></trkpt>
      <trkpt lat="51.499922" lon="-0.044171"><ele>6</ele></trkpt>
      <trkpt lat="51.499923" lon="-0.044165"><ele>6</ele></trkpt>
      <trkpt lat="51.499975" lon="-0.04384"><ele>6</ele></trkpt>
      <trkpt lat="51.499987" lon="-0.043767"><ele>6</ele></trkpt>
      <trkpt lat="51.499992" lon="-0.043732"><ele>6</ele></trkpt>
      <trkpt lat="51.500038" lon="-0.04372"><ele>6</ele></trkpt>
      <trkpt lat="51.500064" lon="-0.043501"><ele>6</ele></trkpt>
      <trkpt lat="51.500165" lon="-0.042592"><ele>6.25</ele></trkpt>
      <trkpt lat="51.500167" lon="-0.042528"><ele>6.25</ele></trkpt>
      <trkpt lat="51.500151" lon="-0.0424"><ele>6</ele></trkpt>
      <trkpt lat="51.500088" lon="-0.042162"><ele>5.5</ele></trkpt>
      <trkpt lat="51.500267" lon="-0.04198"><ele>5</ele></trkpt>
      <trkpt lat="51.500621" lon="-0.041636"><ele>5.25</ele></trkpt>
      <trkpt lat="51.500664" lon="-0.041599"><ele>5.5</ele></trkpt>
      <trkpt lat="51.500709" lon="-0.041461"><ele>6.25</ele></trkpt>
      <trkpt lat="51.500906" lon="-0.041218"><ele>8</ele></trkpt>
      <trkpt lat="51.501139" lon="-0.040967"><ele>10.75</ele></trkpt>
      <trkpt lat="51.501251" lon="-0.040904"><ele>10.75</ele></trkpt>
      <trkpt lat="51.501329" lon="-0.040776"><ele>11.25</ele></trkpt>
      <trkpt lat="51.501372" lon="-0.040659"><ele>11.25</ele></trkpt>
      <trkpt lat="51.501417" lon="-0.040496"><ele>10.5</ele></trkpt>
      <trkpt lat="51.501419" lon="-0.040355"><ele>10</ele></trkpt>
      <trkpt lat="51.501387" lon="-0.040238"><ele>9.75</ele></trkpt>
      <trkpt lat="51.501395" lon="-0.040229"><ele>9.5</ele></trkpt>
      <trkpt lat="51.501476" lon="-0.040129"><ele>8.5</ele></trkpt>
      <trkpt lat="51.50154" lon="-0.040053"><ele>8</ele></trkpt>
      <trkpt lat="51.501581" lon="-0.040004"><ele>8</ele></trkpt>
      <trkpt lat="51.501673" lon="-0.039852"><ele>8</ele></trkpt>
      <trkpt lat="51.501731" lon="-0.039858"><ele>8.25</ele></trkpt>
      <trkpt lat="51.501872" lon="-0.039964"><ele>9.25</ele></trkpt>
      <trkpt lat="51.501928" lon="-0.040003"><ele>9.75</ele></trkpt>
      <trkpt lat="51.502087" lon="-0.040037"><ele>8.75</ele></trkpt>
      <trkpt lat="51.502181" lon="-0.039948"><ele>8.25</ele></trkpt>
      <trkpt lat="51.502325" lon="-0.039811"><ele>7.5</ele></trkpt>
      <trkpt lat="51.502447" lon="-0.039736"><ele>6.5</ele></trkpt>
      <trkpt lat="51.502489" lon="-0.039667"><ele>6.25</ele></trkpt>
      <trkpt lat="51.503003" lon="-0.039095"><ele>5</ele></trkpt>
      <trkpt lat="51.50324" lon="-0.039357"><ele>5.5</ele></trkpt>
      <trkpt lat="51.503409" lon="-0.03942"><ele>5.75</ele></trkpt>
      <trkpt lat="51.503419" lon="-0.039361"><ele>5.75</ele></trkpt>
      <trkpt lat="51.503573" lon="-0.038994"><ele>4.75</ele></trkpt>
      <trkpt lat="51.503806" lon="-0.038804"><ele>4.5</ele></trkpt>
      <trkpt lat="51.503945" lon="-0.038752"><ele>4.75</ele></trkpt>
      <trkpt lat="51.503971" lon="-0.038701"><ele>4.75</ele></trkpt>
      <trkpt lat="51.503987" lon="-0.038151"><ele>5.25</ele></trkpt>
      <trkpt lat="51.504064" lon="-0.037731"><ele>5.25</ele></trkpt>
      <trkpt lat="51.50413" lon="-0.037561"><ele>5</ele></trkpt>
      <trkpt lat="51.50425" lon="-0.037229"><ele>5</ele></trkpt>
      <trkpt lat="51.504321" lon="-0.036986"><ele>5</ele></trkpt>
      <trkpt lat="51.504379" lon="-0.036459"><ele>4.75</ele></trkpt>
      <trkpt lat="51.504396" lon="-0.036201"><ele>3.75</ele></trkpt>
      <trkpt lat="51.504395" lon="-0.036023"><ele>3.25</ele></trkpt>
      <trkpt lat="51.50439" lon="-0.035751"><ele>3.5</ele></trkpt>
      <trkpt lat="51.50435" lon="-0.0355"><ele>4</ele></trkpt>
      <trkpt lat="51.504256" lon="-0.035275"><ele>4.25</ele></trkpt>
      <trkpt lat="51.504259" lon="-0.035121"><ele>4.5</ele></trkpt>
      <trkpt lat="51.504371" lon="-0.034464"><ele>2.25</ele></trkpt>
      <trkpt lat="51.5044" lon="-0.034436"><ele>2</ele></trkpt>
      <trkpt lat="51.504466" lon="-0.034259"><ele>2</ele></trkpt>
      <trkpt lat="51.504502" lon="-0.034233"><ele>2.25</ele></trkpt>
      <trkpt lat="51.504503" lon="-0.034226"><ele>2.25</ele></trkpt>
      <trkpt lat="51.504507" lon="-0.034174"><ele>2</ele></trkpt>
      <trkpt lat="51.504356" lon="-0.034182"><ele>2</ele></trkpt>
      <trkpt lat="51.504305" lon="-0.034177"><ele>2</ele></trkpt>
      <trkpt lat="51.504233" lon="-0.034149"><ele>2</ele></trkpt>
      <trkpt lat="51.504243" lon="-0.034064"><ele>2.75</ele></trkpt>
      <trkpt lat="51.504246" lon="-0.034036"><ele>3</ele></trkpt>
      <trkpt lat="51.50426" lon="-0.033922"><ele>4</ele></trkpt>
      <trkpt lat="51.504293" lon="-0.033639"><ele>4.75</ele></trkpt>
      <trkpt lat="51.504326" lon="-0.033577"><ele>5</ele></trkpt>
      <trkpt lat="51.504377" lon="-0.033539"><ele>5</ele></trkpt>
      <trkpt lat="51.504427" lon="-0.033544"><ele>5</ele></trkpt>
      <trkpt lat="51.504446" lon="-0.033531"><ele>4.75</ele></trkpt>
      <trkpt lat="51.50446" lon="-0.0335"><ele>4.75</ele></trkpt>
      <trkpt lat="51.50447" lon="-0.033321"><ele>4.75</ele></trkpt>
      <trkpt lat="51.504472" lon="-0.033302"><ele>4.75</ele></trkpt>
      <trkpt lat="51.504474" lon="-0.033287"><ele>4.75</ele></trkpt>
      <trkpt lat="51.504475" lon="-0.033281"><ele>4.75</ele></trkpt>
      <trkpt lat="51.504476" lon="-0.033272"><ele>4.75</ele></trkpt>
      <trkpt lat="51.504479" lon="-0.033081"><ele>4.75</ele></trkpt>
      <trkpt lat="51.504515" lon="-0.033084"><ele>4.5</ele></trkpt>
      <trkpt lat="51.504517" lon="-0.033047"><ele>4.5</ele></trkpt>
      <trkpt lat="51.504518" lon="-0.033033"><ele>4.5</ele></trkpt>
      <trkpt lat="51.504351" lon="-0.033026"><ele>4.75</ele></trkpt>
      <trkpt lat="51.504329" lon="-0.032925"><ele>4.25</ele></trkpt>
      <trkpt lat="51.504322" lon="-0.032813"><ele>3.5</ele></trkpt>
      <trkpt lat="51.504334" lon="-0.032609"><ele>3.25</ele></trkpt>
      <trkpt lat="51.504346" lon="-0.032529"><ele>3.25</ele></trkpt>
      <trkpt lat="51.504349" lon="-0.032513"><ele>3</ele></trkpt>
      <trkpt lat="51.504355" lon="-0.032489"><ele>3</ele></trkpt>
      <trkpt lat="51.504641" lon="-0.031351"><ele>2.75</ele></trkpt>
      <trkpt lat="51.505199" lon="-0.028764"><ele>3</ele></trkpt>
      <trkpt lat="51.505275" lon="-0.028525"><ele>3</ele></trkpt>
      <trkpt lat="51.505682" lon="-0.028477"><ele>3.75</ele></trkpt>
      <trkpt lat="51.505684" lon="-0.028425"><ele>4.25</ele></trkpt>
      <trkpt lat="51.505687" lon="-0.02839"><ele>4.5</ele></trkpt>
      <trkpt lat="51.505746" lon="-0.0284"><ele>4.5</ele></trkpt>
      <trkpt lat="51.505733" lon="-0.027964"><ele>8.5</ele></trkpt>
      <trkpt lat="51.505733" lon="-0.027939"><ele>8.75</ele></trkpt>
      <trkpt lat="51.505698" lon="-0.027936"><ele>9.25</ele></trkpt>
      <trkpt lat="51.505734" lon="-0.027938"><ele>8.75</ele></trkpt>
      <trkpt lat="51.505735" lon="-0.027918"><ele>9</ele></trkpt>
      <trkpt lat="51.505735" lon="-0.027801"><ele>10.5</ele></trkpt>
      <trkpt lat="51.505608" lon="-0.027767"><ele>10.75</ele></trkpt>
      <trkpt lat="51.505429" lon="-0.027639"><ele>9.5</ele></trkpt>
      <trkpt lat="51.505331" lon="-0.027508"><ele>7.5</ele></trkpt>
      <trkpt lat="51.505263" lon="-0.027373"><ele>8.5</ele></trkpt>
      <trkpt lat="51.505191" lon="-0.027127"><ele>9.25</ele></trkpt>
      <trkpt lat="51.505178" lon="-0.027031"><ele>9</ele></trkpt>
      <trkpt lat="51.505172" lon="-0.026804"><ele>9</ele></trkpt>
      <trkpt lat="51.505188" lon="-0.026584"><ele>8.75</ele></trkpt>
      <trkpt lat="51.50521" lon="-0.026431"><ele>8.5</ele></trkpt>
      <trkpt lat="51.505225" lon="-0.026348"><ele>8</ele></trkpt>
      <trkpt lat="51.505223" lon="-0.026328"><ele>7.75</ele></trkpt>
      <trkpt lat="51.505243" lon="-0.026284"><ele>7.75</ele></trkpt>
      <trkpt lat="51.50521" lon="-0.026246"><ele>6.5</ele></trkpt>
      <trkpt lat="51.504742" lon="-0.025751"><ele>4.75</ele></trkpt>
      <trkpt lat="51.50465" lon="-0.025652"><ele>5</ele></trkpt>
      <trkpt lat="51.504618" lon="-0.025631"><ele>5</ele></trkpt>
      <trkpt lat="51.504528" lon="-0.025539"><ele>5</ele></trkpt>
      <trkpt lat="51.504389" lon="-0.025435"><ele>5.5</ele></trkpt>
      <trkpt lat="51.504345" lon="-0.02542"><ele>5.5</ele></trkpt>
      <trkpt lat="51.503984" lon="-0.025301"><ele>5.75</ele></trkpt>
      <trkpt lat="51.503983" lon="-0.02524"><ele>6</ele></trkpt>
      <trkpt lat="51.503971" lon="-0.025144"><ele>6</ele></trkpt>
      <trkpt lat="51.50395" lon="-0.024982"><ele>5.75</ele></trkpt>
      <trkpt lat="51.503916" lon="-0.024669"><ele>5.5</ele></trkpt>
      <trkpt lat="51.503807" lon="-0.023726"><ele>4.5</ele></trkpt>
      <trkpt lat="51.503705" lon="-0.022809"><ele>5.25</ele></trkpt>
      <trkpt lat="51.503643" lon="-0.022564"><ele>4.25</ele></trkpt>
      <trkpt lat="51.503617" lon="-0.022338"><ele>3.25</ele></trkpt>
      <trkpt lat="51.503616" lon="-0.022334"><ele>3.25</ele></trkpt>
      <trkpt lat="51.50364" lon="-0.022327"><ele>3.25</ele></trkpt>
      <trkpt lat="51.503637" lon="-0.022294"><ele>3.25</ele></trkpt>
      <trkpt lat="51.503669" lon="-0.022182"><ele>3</ele></trkpt>
      <trkpt lat="51.503612" lon="-0.021573"><ele>4.25</ele></trkpt>
      <trkpt lat="51.503529" lon="-0.020839"><ele>4.75</ele></trkpt>
      <trkpt lat="51.503398" lon="-0.020021"><ele>6.5</ele></trkpt>
      <trkpt lat="51.503418" lon="-0.020004"><ele>6.5</ele></trkpt>
      <trkpt lat="51.503387" lon="-0.01974"><ele>6.75</ele></trkpt>
      <trkpt lat="51.503404" lon="-0.019735"><ele>6.75</ele></trkpt>
      <trkpt lat="51.503394" lon="-0.019688"><ele>7</ele></trkpt>
      <trkpt lat="51.503373" lon="-0.01964"><ele>7.25</ele></trkpt>
      <trkpt lat="51.503283" lon="-0.019484"><ele>7.75</ele></trkpt>
      <trkpt lat="51.503258" lon="-0.019426"><ele>8</ele></trkpt>
      <trkpt lat="51.503242" lon="-0.019366"><ele>8</ele></trkpt>
      <trkpt lat="51.50324" lon="-0.019301"><ele>8</ele></trkpt>
      <trkpt lat="51.503254" lon="-0.019232"><ele>8</ele></trkpt>
      <trkpt lat="51.503331" lon="-0.019083"><ele>8.25</ele></trkpt>
      <trkpt lat="51.503356" lon="-0.019008"><ele>8.5</ele></trkpt>
      <trkpt lat="51.503368" lon="-0.018937"><ele>8.75</ele></trkpt>
      <trkpt lat="51.503369" lon="-0.018869"><ele>9</ele></trkpt>
      <trkpt lat="51.503359" lon="-0.018808"><ele>9</ele></trkpt>
      <trkpt lat="51.503341" lon="-0.018754"><ele>9</ele></trkpt>
      <trkpt lat="51.503316" lon="-0.01871"><ele>8.75</ele></trkpt>
      <trkpt lat="51.503286" lon="-0.018676"><ele>8.75</ele></trkpt>
      <trkpt lat="51.503253" lon="-0.018654"><ele>8.5</ele></trkpt>
      <trkpt lat="51.503217" lon="-0.018647"><ele>8.5</ele></trkpt>
      <trkpt lat="51.503227" lon="-0.01861"><ele>8.5</ele></trkpt>
      <trkpt lat="51.503216" lon="-0.018513"><ele>8.5</ele></trkpt>
      <trkpt lat="51.503289" lon="-0.018442"><ele>8.75</ele></trkpt>
      <trkpt lat="51.503372" lon="-0.018406"><ele>9</ele></trkpt>
      <trkpt lat="51.503431" lon="-0.018406"><ele>9.25</ele></trkpt>
      <trkpt lat="51.503461" lon="-0.018415"><ele>9.25</ele></trkpt>
      <trkpt lat="51.503431" lon="-0.018406"><ele>9.25</ele></trkpt>
      <trkpt lat="51.503372" lon="-0.018406"><ele>9</ele></trkpt>
      <trkpt lat="51.503289" lon="-0.018442"><ele>8.75</ele></trkpt>
      <trkpt lat="51.503216" lon="-0.018513"><ele>8.5</ele></trkpt>
      <trkpt lat="51.503207" lon="-0.018448"><ele>8.75</ele></trkpt>
      <trkpt lat="51.503194" lon="-0.018426"><ele>8.75</ele></trkpt>
      <trkpt lat="51.503177" lon="-0.018418"><ele>8.75</ele></trkpt>
      <trkpt lat="51.503152" lon="-0.018436"><ele>8.75</ele></trkpt>
      <trkpt lat="51.503168" lon="-0.018479"><ele>8.5</ele></trkpt>
      <trkpt lat="51.503177" lon="-0.018542"><ele>8.5</ele></trkpt>
      <trkpt lat="51.503078" lon="-0.018571"><ele>8</ele></trkpt>
      <trkpt lat="51.502934" lon="-0.018612"><ele>8</ele></trkpt>
      <trkpt lat="51.502908" lon="-0.018617"><ele>8</ele></trkpt>
      <trkpt lat="51.502871" lon="-0.018625"><ele>8</ele></trkpt>
      <trkpt lat="51.502844" lon="-0.01863"><ele>8</ele></trkpt>
      <trkpt lat="51.50276" lon="-0.018649"><ele>8</ele></trkpt>
      <trkpt lat="51.502718" lon="-0.01866"><ele>8</ele></trkpt>
      <trkpt lat="51.502792" lon="-0.019351"><ele>7</ele></trkpt>
      <trkpt lat="51.502769" lon="-0.019356"><ele>7</ele></trkpt>
      <trkpt lat="51.502752" lon="-0.019361"><ele>7</ele></trkpt>
      <trkpt lat="51.502815" lon="-0.019963"><ele>7</ele></trkpt>
      <trkpt lat="51.502823" lon="-0.020012"><ele>7</ele></trkpt>
      <trkpt lat="51.502853" lon="-0.020071"><ele>7</ele></trkpt>
      <trkpt lat="51.502769" lon="-0.02012"><ele>7</ele></trkpt>
      <trkpt lat="51.502623" lon="-0.020162"><ele>7</ele></trkpt>
      <trkpt lat="51.502526" lon="-0.020189"><ele>7</ele></trkpt>
      <trkpt lat="51.502507" lon="-0.020195"><ele>7</ele></trkpt>
      <trkpt lat="51.502487" lon="-0.020198"><ele>6.75</ele></trkpt>
      <trkpt lat="51.502467" lon="-0.020202"><ele>6.5</ele></trkpt>
      <trkpt lat="51.502448" lon="-0.020047"><ele>6.25</ele></trkpt>
      <trkpt lat="51.502415" lon="-0.020009"><ele>6</ele></trkpt>
      <trkpt lat="51.502424" lon="-0.020089"><ele>6</ele></trkpt>
      <trkpt lat="51.502425" lon="-0.020103"><ele>6</ele></trkpt>
      <trkpt lat="51.502434" lon="-0.020184"><ele>6.25</ele></trkpt>
      <trkpt lat="51.502437" lon="-0.020212"><ele>6</ele></trkpt>
      <trkpt lat="51.502237" lon="-0.020201"><ele>5.5</ele></trkpt>
      <trkpt lat="51.502084" lon="-0.020207"><ele>5</ele></trkpt>
      <trkpt lat="51.501986" lon="-0.020232"><ele>4.75</ele></trkpt>
      <trkpt lat="51.501899" lon="-0.020267"><ele>4.5</ele></trkpt>
      <trkpt lat="51.501819" lon="-0.020319"><ele>4.25</ele></trkpt>
      <trkpt lat="51.501748" lon="-0.020378"><ele>4</ele></trkpt>
      <trkpt lat="51.501692" lon="-0.020448"><ele>3.75</ele></trkpt>
      <trkpt lat="51.501611" lon="-0.019721"><ele>4</ele></trkpt>
      <trkpt lat="51.501492" lon="-0.018699"><ele>5.25</ele></trkpt>
      <trkpt lat="51.501391" lon="-0.017832"><ele>4.75</ele></trkpt>
      <trkpt lat="51.501369" lon="-0.017633"><ele>5</ele></trkpt>
      <trkpt lat="51.501046" lon="-0.017733"><ele>5</ele></trkpt>
      <trkpt lat="51.500718" lon="-0.017366"><ele>5.5</ele></trkpt>
      <trkpt lat="51.500662" lon="-0.017383"><ele>5.75</ele></trkpt>
      <trkpt lat="51.500423" lon="-0.017461"><ele>6</ele></trkpt>
      <trkpt lat="51.500297" lon="-0.0175"><ele>5.75</ele></trkpt>
      <trkpt lat="51.50026" lon="-0.017117"><ele>5.75</ele></trkpt>
      <trkpt lat="51.500134" lon="-0.017154"><ele>5.75</ele></trkpt>
      <trkpt lat="51.500048" lon="-0.017175"><ele>5.75</ele></trkpt>
      <trkpt lat="51.49963" lon="-0.017242"><ele>5</ele></trkpt>
      <trkpt lat="51.498952" lon="-0.017333"><ele>4.5</ele></trkpt>
      <trkpt lat="51.498413" lon="-0.017428"><ele>5.25</ele></trkpt>
      <trkpt lat="51.498397" lon="-0.017425"><ele>5.25</ele></trkpt>
      <trkpt lat="51.498389" lon="-0.017399"><ele>5</ele></trkpt>
      <trkpt lat="51.497884" lon="-0.017475"><ele>4.75</ele></trkpt>
      <trkpt lat="51.49729" lon="-0.017582"><ele>4.5</ele></trkpt>
      <trkpt lat="51.496959" lon="-0.017642"><ele>4.75</ele></trkpt>
      <trkpt lat="51.49631" lon="-0.017738"><ele>5.5</ele></trkpt>
      <trkpt lat="51.496305" lon="-0.017673"><ele>5.5</ele></trkpt>
      <trkpt lat="51.496282" lon="-0.017351"><ele>5</ele></trkpt>
      <trkpt lat="51.49628" lon="-0.017283"><ele>5</ele></trkpt>
      <trkpt lat="51.496279" lon="-0.017242"><ele>5</ele></trkpt>
      <trkpt lat="51.496277" lon="-0.017212"><ele>4.75</ele></trkpt>
      <trkpt lat="51.496274" lon="-0.01713"><ele>4.5</ele></trkpt>
      <trkpt lat="51.496272" lon="-0.017079"><ele>4.25</ele></trkpt>
      <trkpt lat="51.496259" lon="-0.01682"><ele>4.25</ele></trkpt>
      <trkpt lat="51.496256" lon="-0.016776"><ele>4.5</ele></trkpt>
      <trkpt lat="51.49624" lon="-0.016692"><ele>4.75</ele></trkpt>
      <trkpt lat="51.496235" lon="-0.01661"><ele>5</ele></trkpt>
      <trkpt lat="51.496222" lon="-0.016406"><ele>5.5</ele></trkpt>
      <trkpt lat="51.496008" lon="-0.016436"><ele>5.25</ele></trkpt>
      <trkpt lat="51.495975" lon="-0.016408"><ele>5.25</ele></trkpt>
      <trkpt lat="51.495954" lon="-0.016365"><ele>5.25</ele></trkpt>
      <trkpt lat="51.495919" lon="-0.016249"><ele>5.5</ele></trkpt>
      <trkpt lat="51.495898" lon="-0.016219"><ele>5.5</ele></trkpt>
      <trkpt lat="51.495866" lon="-0.016224"><ele>5.5</ele></trkpt>
      <trkpt lat="51.49565" lon="-0.016256"><ele>5.75</ele></trkpt>
      <trkpt lat="51.494979" lon="-0.016361"><ele>5</ele></trkpt>
      <trkpt lat="51.49455" lon="-0.016429"><ele>4.75</ele></trkpt>
      <trkpt lat="51.494499" lon="-0.016414"><ele>4.75</ele></trkpt>
      <trkpt lat="51.494457" lon="-0.016383"><ele>5</ele></trkpt>
      <trkpt lat="51.494268" lon="-0.016107"><ele>4.75</ele></trkpt>
      <trkpt lat="51.493955" lon="-0.015687"><ele>5</ele></trkpt>
      <trkpt lat="51.493938" lon="-0.015614"><ele>5</ele></trkpt>
      <trkpt lat="51.493926" lon="-0.015432"><ele>5</ele></trkpt>
      <trkpt lat="51.493874" lon="-0.015438"><ele>5</ele></trkpt>
      <trkpt lat="51.493796" lon="-0.015451"><ele>5</ele></trkpt>
      <trkpt lat="51.49377" lon="-0.01543"><ele>5</ele></trkpt>
      <trkpt lat="51.493757" lon="-0.015429"><ele>5</ele></trkpt>
      <trkpt lat="51.493719" lon="-0.015282"><ele>5.5</ele></trkpt>
      <trkpt lat="51.493668" lon="-0.015171"><ele>5.75</ele></trkpt>
      <trkpt lat="51.493582" lon="-0.015066"><ele>5.75</ele></trkpt>
      <trkpt lat="51.493503" lon="-0.015018"><ele>5.5</ele></trkpt>
      <trkpt lat="51.493412" lon="-0.015018"><ele>5.25</ele></trkpt>
      <trkpt lat="51.493399" lon="-0.014781"><ele>5.75</ele></trkpt>
      <trkpt lat="51.49338" lon="-0.014642"><ele>6</ele></trkpt>
      <trkpt lat="51.493365" lon="-0.01463"><ele>6</ele></trkpt>
      <trkpt lat="51.493362" lon="-0.014578"><ele>6</ele></trkpt>
      <trkpt lat="51.493345" lon="-0.014546"><ele>6</ele></trkpt>
      <trkpt lat="51.493339" lon="-0.014479"><ele>6</ele></trkpt>
      <trkpt lat="51.493338" lon="-0.014408"><ele>6.25</ele></trkpt>
      <trkpt lat="51.493338" lon="-0.01437"><ele>6.5</ele></trkpt>
      <trkpt lat="51.493292" lon="-0.014368"><ele>6.5</ele></trkpt>
      <trkpt lat="51.493148" lon="-0.014242"><ele>7.25</ele></trkpt>
      <trkpt lat="51.493087" lon="-0.014184"><ele>7.75</ele></trkpt>
      <trkpt lat="51.493079" lon="-0.014174"><ele>7.75</ele></trkpt>
      <trkpt lat="51.492956" lon="-0.014204"><ele>7.5</ele></trkpt>
      <trkpt lat="51.4927" lon="-0.014224"><ele>7.25</ele></trkpt>
      <trkpt lat="51.492436" lon="-0.014286"><ele>6.5</ele></trkpt>
      <trkpt lat="51.491988" lon="-0.01443"><ele>6</ele></trkpt>
      <trkpt lat="51.491814" lon="-0.014465"><ele>5.75</ele></trkpt>
      <trkpt lat="51.491557" lon="-0.014484"><ele>5.5</ele></trkpt>
      <trkpt lat="51.4914" lon="-0.014451"><ele>5.75</ele></trkpt>
      <trkpt lat="51.49129" lon="-0.014448"><ele>6.25</ele></trkpt>
      <trkpt lat="51.491006" lon="-0.014354"><ele>6.75</ele></trkpt>
      <trkpt lat="51.490927" lon="-0.014307"><ele>6.75</ele></trkpt>
      <trkpt lat="51.490883" lon="-0.014269"><ele>6.75</ele></trkpt>
      <trkpt lat="51.490834" lon="-0.014215"><ele>6.75</ele></trkpt>
      <trkpt lat="51.490769" lon="-0.014196"><ele>6.25</ele></trkpt>
      <trkpt lat="51.490711" lon="-0.014228"><ele>5.75</ele></trkpt>
      <trkpt lat="51.490671" lon="-0.014199"><ele>5.75</ele></trkpt>
      <trkpt lat="51.490602" lon="-0.014114"><ele>5</ele></trkpt>
      <trkpt lat="51.490572" lon="-0.014105"><ele>4.75</ele></trkpt>
      <trkpt lat="51.490532" lon="-0.014098"><ele>4.5</ele></trkpt>
      <trkpt lat="51.490483" lon="-0.014098"><ele>4.5</ele></trkpt>
      <trkpt lat="51.490441" lon="-0.013731"><ele>3.25</ele></trkpt>
      <trkpt lat="51.490426" lon="-0.013501"><ele>2.75</ele></trkpt>
      <trkpt lat="51.490307" lon="-0.013457"><ele>2.5</ele></trkpt>
      <trkpt lat="51.49022" lon="-0.013404"><ele>2.25</ele></trkpt>
      <trkpt lat="51.490174" lon="-0.013361"><ele>2</ele></trkpt>
      <trkpt lat="51.490123" lon="-0.013336"><ele>2</ele></trkpt>
      <trkpt lat="51.490068" lon="-0.013397"><ele>2.25</ele></trkpt>
      <trkpt lat="51.489946" lon="-0.013471"><ele>2.75</ele></trkpt>
      <trkpt lat="51.489853" lon="-0.013503"><ele>2.75</ele></trkpt>
      <trkpt lat="51.489712" lon="-0.013494"><ele>2.5</ele></trkpt>
      <trkpt lat="51.489608" lon="-0.013455"><ele>2</ele></trkpt>
      <trkpt lat="51.489521" lon="-0.013385"><ele>1.25</ele></trkpt>
      <trkpt lat="51.48945" lon="-0.013293"><ele>1</ele></trkpt>
      <trkpt lat="51.488909" lon="-0.012255"><ele>1</ele></trkpt>
      <trkpt lat="51.488838" lon="-0.012115"><ele>1.25</ele></trkpt>
      <trkpt lat="51.488668" lon="-0.011779"><ele>1</ele></trkpt>
      <trkpt lat="51.488654" lon="-0.011752"><ele>1</ele></trkpt>
      <trkpt lat="51.488641" lon="-0.011727"><ele>1</ele></trkpt>
      <trkpt lat="51.488513" lon="-0.011474"><ele>1</ele></trkpt>
      <trkpt lat="51.488437" lon="-0.011337"><ele>1</ele></trkpt>
      <trkpt lat="51.488194" lon="-0.010942"><ele>2</ele></trkpt>
      <trkpt lat="51.487899" lon="-0.010496"><ele>2</ele></trkpt>
      <trkpt lat="51.487871" lon="-0.010468"><ele>2</ele></trkpt>
      <trkpt lat="51.487813" lon="-0.010437"><ele>2</ele></trkpt>
      <trkpt lat="51.487756" lon="-0.010403"><ele>2</ele></trkpt>
      <trkpt lat="51.487737" lon="-0.010392"><ele>2</ele></trkpt>
      <trkpt lat="51.487698" lon="-0.010369"><ele>2</ele></trkpt>
      <trkpt lat="51.487725" lon="-0.010243"><ele>2</ele></trkpt>
      <trkpt lat="51.48774" lon="-0.010173"><ele>2</ele></trkpt>
      <trkpt lat="51.487708" lon="-0.010152"><ele>2</ele></trkpt>
      <trkpt lat="51.487672" lon="-0.010103"><ele>2</ele></trkpt>
      <trkpt lat="51.487197" lon="-0.00977"><ele>3.25</ele></trkpt>
      <trkpt lat="51.487031" lon="-0.009646"><ele>4.25</ele></trkpt>
      <trkpt lat="51.48701" lon="-0.009622"><ele>4.5</ele></trkpt>
      <trkpt lat="51.486985" lon="-0.009594"><ele>4.5</ele></trkpt>
      <trkpt lat="51.486975" lon="-0.009581"><ele>4.75</ele></trkpt>
      <trkpt lat="51.486717" lon="-0.009385"><ele>4.75</ele></trkpt>
      <trkpt lat="51.486643" lon="-0.009343"><ele>4.75</ele></trkpt>
      <trkpt lat="51.486622" lon="-0.009331"><ele>4.75</ele></trkpt>
      <trkpt lat="51.486624" lon="-0.009362"><ele>4.75</ele></trkpt>
      <trkpt lat="51.486598" lon="-0.009395"><ele>4.5</ele></trkpt>
      <trkpt lat="51.48658" lon="-0.0094"><ele>4.5</ele></trkpt>
      <trkpt lat="51.48655" lon="-0.009386"><ele>4.25</ele></trkpt>
      <trkpt lat="51.486538" lon="-0.009368"><ele>4.25</ele></trkpt>
      <trkpt lat="51.486529" lon="-0.009333"><ele>4.25</ele></trkpt>
      <trkpt lat="51.486557" lon="-0.009326"><ele>4.25</ele></trkpt>
      <trkpt lat="51.486575" lon="-0.009321"><ele>3.75</ele></trkpt>
      <trkpt lat="51.486556" lon="-0.009326"><ele>3.25</ele></trkpt>
      <trkpt lat="51.486547" lon="-0.009328"><ele>3</ele></trkpt>
      <trkpt lat="51.48489" lon="-0.009756"><ele>4</ele></trkpt>
      <trkpt lat="51.483336" lon="-0.010157"><ele>4.75</ele></trkpt>
      <trkpt lat="51.483322" lon="-0.01016"><ele>4.75</ele></trkpt>
      <trkpt lat="51.483294" lon="-0.010167"><ele>5</ele></trkpt>
      <trkpt lat="51.483323" lon="-0.01016"><ele>5</ele></trkpt>
      <trkpt lat="51.483334" lon="-0.010157"><ele>4.75</ele></trkpt>
      <trkpt lat="51.483326" lon="-0.010123"><ele>5</ele></trkpt>
      <trkpt lat="51.483307" lon="-0.010103"><ele>5</ele></trkpt>
      <trkpt lat="51.483275" lon="-0.010109"><ele>5</ele></trkpt>
      <trkpt lat="51.483255" lon="-0.010144"><ele>5</ele></trkpt>
      <trkpt lat="51.483234" lon="-0.010131"><ele>5</ele></trkpt>
      <trkpt lat="51.483187" lon="-0.010101"><ele>5</ele></trkpt>
      <trkpt lat="51.483241" lon="-0.009988"><ele>5</ele></trkpt>
      <trkpt lat="51.483317" lon="-0.009824"><ele>5</ele></trkpt>
      <trkpt lat="51.483446" lon="-0.009545"><ele>4.75</ele></trkpt>
      <trkpt lat="51.483499" lon="-0.009264"><ele>5</ele></trkpt>
      <trkpt lat="51.483517" lon="-0.009167"><ele>5</ele></trkpt>
      <trkpt lat="51.483536" lon="-0.009058"><ele>5</ele></trkpt>
      <trkpt lat="51.483644" lon="-0.008433"><ele>4</ele></trkpt>
      <trkpt lat="51.483629" lon="-0.008425"><ele>4</ele></trkpt>
      <trkpt lat="51.483556" lon="-0.008342"><ele>4</ele></trkpt>
      <trkpt lat="51.483797" lon="-0.007341"><ele>3.5</ele></trkpt>
      <trkpt lat="51.483761" lon="-0.007261"><ele>3.75</ele></trkpt>
      <trkpt lat="51.484088" lon="-0.006282"><ele>3.75</ele></trkpt>
      <trkpt lat="51.484511" lon="-0.005017"><ele>4.25</ele></trkpt>
      <trkpt lat="51.484547" lon="-0.004953"><ele>4.25</ele></trkpt>
      <trkpt lat="51.484638" lon="-0.004669"><ele>3.5</ele></trkpt>
      <trkpt lat="51.484389" lon="-0.004452"><ele>5</ele></trkpt>
      <trkpt lat="51.484408" lon="-0.004399"><ele>5</ele></trkpt>
      <trkpt lat="51.48443" lon="-0.004339"><ele>5</ele></trkpt>
      <trkpt lat="51.484582" lon="-0.003923"><ele>4</ele></trkpt>
      <trkpt lat="51.484619" lon="-0.003804"><ele>3.75</ele></trkpt>
      <trkpt lat="51.484815" lon="-0.003291"><ele>3.5</ele></trkpt>
      <trkpt lat="51.484821" lon="-0.00328"><ele>3.5</ele></trkpt>
      <trkpt lat="51.484843" lon="-0.00324"><ele>3.5</ele></trkpt>
      <trkpt lat="51.484868" lon="-0.003196"><ele>3.5</ele></trkpt>
      <trkpt lat="51.485195" lon="-0.002602"><ele>3.5</ele></trkpt>
      <trkpt lat="51.485311" lon="-0.002589"><ele>3.5</ele></trkpt>
      <trkpt lat="51.485414" lon="-0.002381"><ele>3.5</ele></trkpt>
      <trkpt lat="51.48561" lon="-0.002019"><ele>4</ele></trkpt>
      <trkpt lat="51.485697" lon="-0.001939"><ele>4</ele></trkpt>
      <trkpt lat="51.485928" lon="-0.00149"><ele>3.25</ele></trkpt>
      <trkpt lat="51.48603" lon="-0.001219"><ele>4</ele></trkpt>
      <trkpt lat="51.486056" lon="-0.001202"><ele>4</ele></trkpt>
      <trkpt lat="51.486223" lon="-0.001166"><ele>3.75</ele></trkpt>
      <trkpt lat="51.486285" lon="-0.001123"><ele>3.5</ele></trkpt>
      <trkpt lat="51.486397" lon="-0.000904"><ele>4.25</ele></trkpt>
      <trkpt lat="51.486454" lon="-0.000795"><ele>4.5</ele></trkpt>
      <trkpt lat="51.486455" lon="-0.000625"><ele>4.5</ele></trkpt>
      <trkpt lat="51.486443" lon="-0.000597"><ele>4.5</ele></trkpt>
      <trkpt lat="51.486455" lon="-0.000545"><ele>4.25</ele></trkpt>
      <trkpt lat="51.486507" lon="-0.000439"><ele>3.75</ele></trkpt>
      <trkpt lat="51.486584" lon="-0.000224"><ele>3.25</ele></trkpt>
      <trkpt lat="51.486591" lon="-0.00018"><ele>3.5</ele></trkpt>
      <trkpt lat="51.486622" lon="-0.000006"><ele>3.75</ele></trkpt>
      <trkpt lat="51.486669" lon="0.0002"><ele>3.75</ele></trkpt>
      <trkpt lat="51.48669" lon="0.000258"><ele>3.75</ele></trkpt>
      <trkpt lat="51.486716" lon="0.0003"><ele>4</ele></trkpt>
      <trkpt lat="51.486806" lon="0.000364"><ele>4</ele></trkpt>
      <trkpt lat="51.486888" lon="0.000406"><ele>4</ele></trkpt>
      <trkpt lat="51.486883" lon="0.000475"><ele>4</ele></trkpt>
      <trkpt lat="51.486894" lon="0.000479"><ele>4</ele></trkpt>
      <trkpt lat="51.487289" lon="0.000798"><ele>4.5</ele></trkpt>
      <trkpt lat="51.487307" lon="0.000823"><ele>4.5</ele></trkpt>
      <trkpt lat="51.487501" lon="0.001103"><ele>5.75</ele></trkpt>
      <trkpt lat="51.487753" lon="0.001387"><ele>5</ele></trkpt>
      <trkpt lat="51.487974" lon="0.001539"><ele>5.5</ele></trkpt>
      <trkpt lat="51.488002" lon="0.001558"><ele>5.5</ele></trkpt>
      <trkpt lat="51.488026" lon="0.001442"><ele>5</ele></trkpt>
      <trkpt lat="51.488036" lon="0.001452"><ele>5</ele></trkpt>
      <trkpt lat="51.488277" lon="0.001676"><ele>6</ele></trkpt>
      <trkpt lat="51.48841" lon="0.0018"><ele>5</ele></trkpt>
      <trkpt lat="51.488397" lon="0.001987"><ele>5.25</ele></trkpt>
      <trkpt lat="51.488611" lon="0.002105"><ele>4.5</ele></trkpt>
      <trkpt lat="51.488636" lon="0.002119"><ele>4.75</ele></trkpt>
      <trkpt lat="51.488854" lon="0.002317"><ele>4.75</ele></trkpt>
      <trkpt lat="51.488896" lon="0.002356"><ele>4.75</ele></trkpt>
      <trkpt lat="51.48892" lon="0.002377"><ele>5</ele></trkpt>
      <trkpt lat="51.489204" lon="0.002438"><ele>5</ele></trkpt>
      <trkpt lat="51.489557" lon="0.002523"><ele>4.5</ele></trkpt>
      <trkpt lat="51.489589" lon="0.002529"><ele>4.5</ele></trkpt>
      <trkpt lat="51.489802" lon="0.00258"><ele>4.5</ele></trkpt>
      <trkpt lat="51.489905" lon="0.002614"><ele>4.75</ele></trkpt>
      <trkpt lat="51.489995" lon="0.002644"><ele>5</ele></trkpt>
      <trkpt lat="51.49009" lon="0.002653"><ele>4.75</ele></trkpt>
      <trkpt lat="51.490341" lon="0.002677"><ele>4.5</ele></trkpt>
      <trkpt lat="51.490394" lon="0.00268"><ele>4.5</ele></trkpt>
      <trkpt lat="51.490525" lon="0.002658"><ele>4</ele></trkpt>
      <trkpt lat="51.490684" lon="0.002602"><ele>4</ele></trkpt>
      <trkpt lat="51.490793" lon="0.002592"><ele>4</ele></trkpt>
      <trkpt lat="51.491012" lon="0.002581"><ele>4.5</ele></trkpt>
      <trkpt lat="51.491052" lon="0.002564"><ele>4.75</ele></trkpt>
      <trkpt lat="51.491063" lon="0.002544"><ele>4.75</ele></trkpt>
      <trkpt lat="51.491306" lon="0.002536"><ele>4.25</ele></trkpt>
      <trkpt lat="51.491419" lon="0.002543"><ele>4</ele></trkpt>
      <trkpt lat="51.491475" lon="0.002558"><ele>4</ele></trkpt>
      <trkpt lat="51.491521" lon="0.002582"><ele>4.25</ele></trkpt>
      <trkpt lat="51.491704" lon="0.002711"><ele>5</ele></trkpt>
      <trkpt lat="51.491791" lon="0.002745"><ele>5.25</ele></trkpt>
      <trkpt lat="51.491875" lon="0.002765"><ele>5</ele></trkpt>
      <trkpt lat="51.491918" lon="0.002766"><ele>5</ele></trkpt>
      <trkpt lat="51.491953" lon="0.002758"><ele>4.75</ele></trkpt>
      <trkpt lat="51.492198" lon="0.002616"><ele>4</ele></trkpt>
      <trkpt lat="51.492634" lon="0.002429"><ele>4.25</ele></trkpt>
      <trkpt lat="51.492702" lon="0.002409"><ele>4.25</ele></trkpt>
      <trkpt lat="51.492716" lon="0.002446"><ele>4.5</ele></trkpt>
      <trkpt lat="51.492843" lon="0.002404"><ele>4.25</ele></trkpt>
      <trkpt lat="51.49302" lon="0.002424"><ele>4.25</ele></trkpt>
      <trkpt lat="51.49294" lon="0.002135"><ele>4</ele></trkpt>
      <trkpt lat="51.492965" lon="0.002118"><ele>4.25</ele></trkpt>
      <trkpt lat="51.492933" lon="0.00198"><ele>4</ele></trkpt>
      <trkpt lat="51.493204" lon="0.001866"><ele>4.25</ele></trkpt>
      <trkpt lat="51.493647" lon="0.001622"><ele>4.5</ele></trkpt>
      <trkpt lat="51.493668" lon="0.001701"><ele>4.75</ele></trkpt>
      <trkpt lat="51.493718" lon="0.001717"><ele>4.5</ele></trkpt>
      <trkpt lat="51.493951" lon="0.001556"><ele>3.75</ele></trkpt>
      <trkpt lat="51.493981" lon="0.001663"><ele>4.25</ele></trkpt>
      <trkpt lat="51.494057" lon="0.001618"><ele>4.25</ele></trkpt>
      <trkpt lat="51.494079" lon="0.001583"><ele>4.25</ele></trkpt>
      <trkpt lat="51.494125" lon="0.00153"><ele>4.25</ele></trkpt>
      <trkpt lat="51.494419" lon="0.001103"><ele>4.75</ele></trkpt>
      <trkpt lat="51.494497" lon="0.001059"><ele>4.25</ele></trkpt>
      <trkpt lat="51.494641" lon="0.001246"><ele>4.25</ele></trkpt>
      <trkpt lat="51.494661" lon="0.001281"><ele>4.25</ele></trkpt>
      <trkpt lat="51.494731" lon="0.00152"><ele>4.75</ele></trkpt>
      <trkpt lat="51.494777" lon="0.001594"><ele>5</ele></trkpt>
      <trkpt lat="51.494928" lon="0.001683"><ele>4.75</ele></trkpt>
      <trkpt lat="51.494998" lon="0.001957"><ele>4.75</ele></trkpt>
      <trkpt lat="51.495027" lon="0.002066"><ele>4.5</ele></trkpt>
      <trkpt lat="51.495502" lon="0.003045"><ele>2.75</ele></trkpt>
      <trkpt lat="51.495636" lon="0.003155"><ele>2.5</ele></trkpt>
      <trkpt lat="51.495845" lon="0.002681"><ele>3.25</ele></trkpt>
      <trkpt lat="51.495892" lon="0.002483"><ele>3.5</ele></trkpt>
      <trkpt lat="51.495914" lon="0.002092"><ele>4.25</ele></trkpt>
      <trkpt lat="51.495948" lon="0.001943"><ele>3.75</ele></trkpt>
      <trkpt lat="51.495979" lon="0.001887"><ele>3.5</ele></trkpt>
      <trkpt lat="51.496067" lon="0.001803"><ele>3.25</ele></trkpt>
      <trkpt lat="51.496101" lon="0.001788"><ele>3</ele></trkpt>
      <trkpt lat="51.496138" lon="0.00179"><ele>3</ele></trkpt>
      <trkpt lat="51.496205" lon="0.001815"><ele>2.75</ele></trkpt>
      <trkpt lat="51.496339" lon="0.00193"><ele>2</ele></trkpt>
      <trkpt lat="51.496406" lon="0.001942"><ele>2</ele></trkpt>
      <trkpt lat="51.496468" lon="0.001932"><ele>2</ele></trkpt>
      <trkpt lat="51.496649" lon="0.001819"><ele>2</ele></trkpt>
      <trkpt lat="51.496812" lon="0.001771"><ele>1.75</ele></trkpt>
      <trkpt lat="51.497033" lon="0.00172"><ele>1.75</ele></trkpt>
      <trkpt lat="51.49743" lon="0.001634"><ele>2</ele></trkpt>
      <trkpt lat="51.497777" lon="0.001496"><ele>1.75</ele></trkpt>
      <trkpt lat="51.497968" lon="0.001428"><ele>1.5</ele></trkpt>
      <trkpt lat="51.497978" lon="0.001474"><ele>1.5</ele></trkpt>
      <trkpt lat="51.498466" lon="0.001307"><ele>1</ele></trkpt>
      <trkpt lat="51.498551" lon="0.001278"><ele>1.25</ele></trkpt>
      <trkpt lat="51.498568" lon="0.001272"><ele>1.25</ele></trkpt>
      <trkpt lat="51.498725" lon="0.001225"><ele>1.25</ele></trkpt>
      <trkpt lat="51.498973" lon="0.001176"><ele>1.5</ele></trkpt>
      <trkpt lat="51.49912" lon="0.001149"><ele>1.75</ele></trkpt>
      <trkpt lat="51.499159" lon="0.001139"><ele>1.75</ele></trkpt>
      <trkpt lat="51.499165" lon="0.001199"><ele>1.75</ele></trkpt>
      <trkpt lat="51.499167" lon="0.001224"><ele>2</ele></trkpt>
      <trkpt lat="51.499364" lon="0.00117"><ele>2</ele></trkpt>
      <trkpt lat="51.499797" lon="0.000988"><ele>2.25</ele></trkpt>
      <trkpt lat="51.499877" lon="0.000964"><ele>2</ele></trkpt>
      <trkpt lat="51.500145" lon="0.000886"><ele>2</ele></trkpt>
      <trkpt lat="51.500521" lon="0.000745"><ele>2</ele></trkpt>
      <trkpt lat="51.500613" lon="0.000736"><ele>2</ele></trkpt>
      <trkpt lat="51.500653" lon="0.000744"><ele>2</ele></trkpt>
      <trkpt lat="51.500739" lon="0.000789"><ele>2</ele></trkpt>
      <trkpt lat="51.500762" lon="0.00084"><ele>2</ele></trkpt>
      <trkpt lat="51.500765" lon="0.000868"><ele>2</ele></trkpt>
      <trkpt lat="51.500717" lon="0.001723"><ele>3.25</ele></trkpt>
      <trkpt lat="51.500705" lon="0.001836"><ele>2.75</ele></trkpt>
      <trkpt lat="51.500681" lon="0.001962"><ele>2.25</ele></trkpt>
      <trkpt lat="51.500644" lon="0.002101"><ele>3</ele></trkpt>
      <trkpt lat="51.500614" lon="0.002204"><ele>3.75</ele></trkpt>
      <trkpt lat="51.500593" lon="0.002244"><ele>4</ele></trkpt>
      <trkpt lat="51.500558" lon="0.002265"><ele>4</ele></trkpt>
      <trkpt lat="51.500515" lon="0.002269"><ele>4</ele></trkpt>
      <trkpt lat="51.500205" lon="0.002222"><ele>3.5</ele></trkpt>
      <trkpt lat="51.500204" lon="0.002239"><ele>3.5</ele></trkpt>
      <trkpt lat="51.500202" lon="0.002288"><ele>3.5</ele></trkpt>
      <trkpt lat="51.5002" lon="0.002345"><ele>3.5</ele></trkpt>
      <trkpt lat="51.500198" lon="0.002388"><ele>3.5</ele></trkpt>
      <trkpt lat="51.500196" lon="0.002429"><ele>3.5</ele></trkpt>
      <trkpt lat="51.500194" lon="0.002492"><ele>3.5</ele></trkpt>
      <trkpt lat="51.500193" lon="0.002519"><ele>3.5</ele></trkpt>
      <trkpt lat="51.500119" lon="0.002508"><ele>3.25</ele></trkpt>
      <trkpt lat="51.5001" lon="0.002517"><ele>3.25</ele></trkpt>
      <trkpt lat="51.500043" lon="0.002546"><ele>3.25</ele></trkpt>
      <trkpt lat="51.50002" lon="0.002558"><ele>3.25</ele></trkpt>
      <trkpt lat="51.499988" lon="0.002552"><ele>3</ele></trkpt>
      <trkpt lat="51.499986" lon="0.002576"><ele>3.25</ele></trkpt>
      <trkpt lat="51.499983" lon="0.002618"><ele>3.25</ele></trkpt>
      <trkpt lat="51.499936" lon="0.002891"><ele>4.25</ele></trkpt>
      <trkpt lat="51.499967" lon="0.002964"><ele>4.5</ele></trkpt>
      <trkpt lat="51.499978" lon="0.00299"><ele>4.5</ele></trkpt>
      <trkpt lat="51.499988" lon="0.003013"><ele>4.75</ele></trkpt>
      <trkpt lat="51.499998" lon="0.003036"><ele>4.75</ele></trkpt>
      <trkpt lat="51.500013" lon="0.003067"><ele>5</ele></trkpt>
      <trkpt lat="51.500026" lon="0.003095"><ele>5</ele></trkpt>
      <trkpt lat="51.500035" lon="0.003117"><ele>5</ele></trkpt>
      <trkpt lat="51.500047" lon="0.003144"><ele>5</ele></trkpt>
      <trkpt lat="51.500056" lon="0.003167"><ele>5</ele></trkpt>
      <trkpt lat="51.500072" lon="0.003212"><ele>5</ele></trkpt>
      <trkpt lat="51.500091" lon="0.003264"><ele>5</ele></trkpt>
      <trkpt lat="51.500192" lon="0.003487"><ele>5</ele></trkpt>
      <trkpt lat="51.500181" lon="0.003501"><ele>5</ele></trkpt>
      <trkpt lat="51.500199" lon="0.003538"><ele>5</ele></trkpt>
      <trkpt lat="51.500325" lon="0.003805"><ele>5</ele></trkpt>
      <trkpt lat="51.500346" lon="0.003848"><ele>5</ele></trkpt>
      <trkpt lat="51.500428" lon="0.003973"><ele>5</ele></trkpt>
      <trkpt lat="51.500621" lon="0.004387"><ele>5</ele></trkpt>
      <trkpt lat="51.50056" lon="0.004462"><ele>5</ele></trkpt>
      <trkpt lat="51.500524" lon="0.004388"><ele>5</ele></trkpt>
      <trkpt lat="51.500473" lon="0.004281"><ele>5</ele></trkpt>
      <trkpt lat="51.500524" lon="0.004388"><ele>5</ele></trkpt>
      <trkpt lat="51.50056" lon="0.004462"><ele>5</ele></trkpt>
      <trkpt lat="51.500621" lon="0.004387"><ele>5</ele></trkpt>
      <trkpt lat="51.500428" lon="0.003973"><ele>5</ele></trkpt>
      <trkpt lat="51.500346" lon="0.003848"><ele>5</ele></trkpt>
      <trkpt lat="51.500329" lon="0.003871"><ele>5</ele></trkpt>
      <trkpt lat="51.500308" lon="0.003897"><ele>5</ele></trkpt>
      <trkpt lat="51.500219" lon="0.00371"><ele>5</ele></trkpt>
      <trkpt lat="51.500189" lon="0.003645"><ele>5</ele></trkpt>
      <trkpt lat="51.50018" lon="0.003737"><ele>5</ele></trkpt>
      <trkpt lat="51.500261" lon="0.003911"><ele>4.75</ele></trkpt>
      <trkpt lat="51.500365" lon="0.00425"><ele>5</ele></trkpt>
      <trkpt lat="51.500564" lon="0.004931"><ele>5.75</ele></trkpt>
      <trkpt lat="51.500587" lon="0.00501"><ele>5.75</ele></trkpt>
      <trkpt lat="51.500697" lon="0.0053"><ele>5.5</ele></trkpt>
      <trkpt lat="51.500767" lon="0.005453"><ele>5.5</ele></trkpt>
      <trkpt lat="51.500845" lon="0.005523"><ele>5.75</ele></trkpt>
      <trkpt lat="51.500892" lon="0.005626"><ele>5.75</ele></trkpt>
      <trkpt lat="51.500969" lon="0.005799"><ele>5.5</ele></trkpt>
      <trkpt lat="51.501207" lon="0.006218"><ele>5.25</ele></trkpt>
      <trkpt lat="51.501408" lon="0.006555"><ele>5.25</ele></trkpt>
      <trkpt lat="51.501548" lon="0.006748"><ele>5.5</ele></trkpt>
      <trkpt lat="51.501661" lon="0.006883"><ele>6.5</ele></trkpt>
      <trkpt lat="51.501774" lon="0.006992"><ele>7.25</ele></trkpt>
      <trkpt lat="51.501987" lon="0.007151"><ele>7</ele></trkpt>
      <trkpt lat="51.50205" lon="0.007398"><ele>6.25</ele></trkpt>
      <trkpt lat="51.502067" lon="0.007433"><ele>6</ele></trkpt>
      <trkpt lat="51.502084" lon="0.007464"><ele>6</ele></trkpt>
      <trkpt lat="51.502116" lon="0.007525"><ele>5.5</ele></trkpt>
      <trkpt lat="51.502135" lon="0.007771"><ele>4.25</ele></trkpt>
      <trkpt lat="51.50212" lon="0.009155"><ele>3</ele></trkpt>
      <trkpt lat="51.502173" lon="0.009278"><ele>3</ele></trkpt>
      <trkpt lat="51.506714" lon="0.007901"><ele>2.75</ele></trkpt>
      <trkpt lat="51.507213" lon="0.00724"><ele>2.75</ele></trkpt>
      <trkpt lat="51.507647" lon="0.007514"><ele>3.5</ele></trkpt>
      <trkpt lat="51.507696" lon="0.007543"><ele>4</ele></trkpt>
      <trkpt lat="51.507703" lon="0.007737"><ele>4.25</ele></trkpt>
      <trkpt lat="51.508048" lon="0.007979"><ele>4.25</ele></trkpt>
      <trkpt lat="51.507964" lon="0.008271"><ele>4.25</ele></trkpt>
      <trkpt lat="51.50804" lon="0.008325"><ele>4</ele></trkpt>
      <trkpt lat="51.508182" lon="0.008433"><ele>4</ele></trkpt>
      <trkpt lat="51.508121" lon="0.00864"><ele>4</ele></trkpt>
      <trkpt lat="51.508361" lon="0.008827"><ele>4</ele></trkpt>
      <trkpt lat="51.508407" lon="0.008702"><ele>4</ele></trkpt>
      <trkpt lat="51.50842" lon="0.008661"><ele>4</ele></trkpt>
      <trkpt lat="51.508497" lon="0.008234"><ele>4</ele></trkpt>
      <trkpt lat="51.508585" lon="0.007675"><ele>3.5</ele></trkpt>
      <trkpt lat="51.508641" lon="0.007328"><ele>3</ele></trkpt>
      <trkpt lat="51.508658" lon="0.007216"><ele>3</ele></trkpt>
      <trkpt lat="51.508686" lon="0.007229"><ele>3.25</ele></trkpt>
      <trkpt lat="51.508707" lon="0.007237"><ele>3.25</ele></trkpt>
      <trkpt lat="51.509126" lon="0.007407"><ele>4.75</ele></trkpt>
      <trkpt lat="51.509145" lon="0.007415"><ele>4.75</ele></trkpt>
      <trkpt lat="51.509172" lon="0.007425"><ele>4.75</ele></trkpt>
      <trkpt lat="51.509337" lon="0.006496"><ele>3.5</ele></trkpt>
      <trkpt lat="51.509373" lon="0.006292"><ele>4.25</ele></trkpt>
      <trkpt lat="51.509478" lon="0.006342"><ele>3.75</ele></trkpt>
      <trkpt lat="51.509526" lon="0.006068"><ele>4</ele></trkpt>
      <trkpt lat="51.50975" lon="0.005618"><ele>4.25</ele></trkpt>
      <trkpt lat="51.509783" lon="0.005611"><ele>4.25</ele></trkpt>
      <trkpt lat="51.509826" lon="0.005614"><ele>4</ele></trkpt>
      <trkpt lat="51.509985" lon="0.005555"><ele>4</ele></trkpt>
      <trkpt lat="51.510137" lon="0.005523"><ele>4</ele></trkpt>
      <trkpt lat="51.510258" lon="0.005533"><ele>4</ele></trkpt>
      <trkpt lat="51.510482" lon="0.005644"><ele>4.25</ele></trkpt>
      <trkpt lat="51.510627" lon="0.005739"><ele>4.5</ele></trkpt>
      <trkpt lat="51.51081" lon="0.005903"><ele>4.25</ele></trkpt>
      <trkpt lat="51.510889" lon="0.006005"><ele>4</ele></trkpt>
      <trkpt lat="51.511063" lon="0.006089"><ele>5.5</ele></trkpt>
      <trkpt lat="51.511115" lon="0.006129"><ele>5.75</ele></trkpt>
      <trkpt lat="51.511262" lon="0.006437"><ele>4.75</ele></trkpt>
      <trkpt lat="51.511383" lon="0.006517"><ele>5</ele></trkpt>
      <trkpt lat="51.511838" lon="0.006785"><ele>5</ele></trkpt>
      <trkpt lat="51.511871" lon="0.006803"><ele>5</ele></trkpt>
      <trkpt lat="51.511977" lon="0.006888"><ele>5.25</ele></trkpt>
      <trkpt lat="51.512094" lon="0.006984"><ele>5.25</ele></trkpt>
      <trkpt lat="51.512114" lon="0.007"><ele>5</ele></trkpt>
      <trkpt lat="51.512228" lon="0.007058"><ele>5</ele></trkpt>
      <trkpt lat="51.512721" lon="0.007274"><ele>5.5</ele></trkpt>
      <trkpt lat="51.512868" lon="0.007263"><ele>5.25</ele></trkpt>
      <trkpt lat="51.513153" lon="0.007181"><ele>5</ele></trkpt>
      <trkpt lat="51.513318" lon="0.007133"><ele>5.25</ele></trkpt>
      <trkpt lat="51.513587" lon="0.007042"><ele>5</ele></trkpt>
      <trkpt lat="51.51364" lon="0.006993"><ele>5</ele></trkpt>
      <trkpt lat="51.513686" lon="0.006916"><ele>5</ele></trkpt>
      <trkpt lat="51.513713" lon="0.006791"><ele>5.25</ele></trkpt>
      <trkpt lat="51.513729" lon="0.006636"><ele>5.5</ele></trkpt>
      <trkpt lat="51.513752" lon="0.006655"><ele>5.25</ele></trkpt>
      <trkpt lat="51.513854" lon="0.006745"><ele>5.25</ele></trkpt>
      <trkpt lat="51.513867" lon="0.006696"><ele>5.25</ele></trkpt>
      <trkpt lat="51.514631" lon="0.006939"><ele>4.5</ele></trkpt>
      <trkpt lat="51.514622" lon="0.007018"><ele>4.5</ele></trkpt>
      <trkpt lat="51.51455" lon="0.007131"><ele>4.25</ele></trkpt>
      <trkpt lat="51.514538" lon="0.007149"><ele>4.5</ele></trkpt>
      <trkpt lat="51.514487" lon="0.007079"><ele>4.25</ele></trkpt>
      <trkpt lat="51.514467" lon="0.007137"><ele>4.5</ele></trkpt>
      <trkpt lat="51.514428" lon="0.007214"><ele>4.25</ele></trkpt>
      <trkpt lat="51.514478" lon="0.007277"><ele>4.25</ele></trkpt>
      <trkpt lat="51.514486" lon="0.007297"><ele>4.25</ele></trkpt>
      <trkpt lat="51.514504" lon="0.007345"><ele>4.25</ele></trkpt>
      <trkpt lat="51.514524" lon="0.007396"><ele>4.25</ele></trkpt>
      <trkpt lat="51.514572" lon="0.007515"><ele>4.25</ele></trkpt>
      <trkpt lat="51.514379" lon="0.007709"><ele>4</ele></trkpt>
      <trkpt lat="51.514391" lon="0.007779"><ele>4</ele></trkpt>
      <trkpt lat="51.514094" lon="0.008086"><ele>3.75</ele></trkpt>
      <trkpt lat="51.514035" lon="0.008148"><ele>3.75</ele></trkpt>
      <trkpt lat="51.513851" lon="0.008338"><ele>3.5</ele></trkpt>
      <trkpt lat="51.513833" lon="0.008294"><ele>3.5</ele></trkpt>
      <trkpt lat="51.513807" lon="0.008301"><ele>3.5</ele></trkpt>
      <trkpt lat="51.513775" lon="0.008334"><ele>3.5</ele></trkpt>
      <trkpt lat="51.513763" lon="0.008346"><ele>3.5</ele></trkpt>
      <trkpt lat="51.513732" lon="0.008379"><ele>3.5</ele></trkpt>
      <trkpt lat="51.51372" lon="0.008391"><ele>3.5</ele></trkpt>
      <trkpt lat="51.513689" lon="0.008424"><ele>3.25</ele></trkpt>
      <trkpt lat="51.513666" lon="0.008448"><ele>3.25</ele></trkpt>
      <trkpt lat="51.513632" lon="0.008363"><ele>3.25</ele></trkpt>
      <trkpt lat="51.513666" lon="0.008448"><ele>3.25</ele></trkpt>
      <trkpt lat="51.513689" lon="0.008424"><ele>3.25</ele></trkpt>
      <trkpt lat="51.51372" lon="0.008391"><ele>3.25</ele></trkpt>
      <trkpt lat="51.513732" lon="0.008379"><ele>3.25</ele></trkpt>
      <trkpt lat="51.513763" lon="0.008346"><ele>3.25</ele></trkpt>
      <trkpt lat="51.513775" lon="0.008334"><ele>3.25</ele></trkpt>
      <trkpt lat="51.513807" lon="0.008301"><ele>3.25</ele></trkpt>
      <trkpt lat="51.513833" lon="0.008294"><ele>3</ele></trkpt>
      <trkpt lat="51.513851" lon="0.008338"><ele>3</ele></trkpt>
      <trkpt lat="51.514035" lon="0.008148"><ele>3</ele></trkpt>
      <trkpt lat="51.514094" lon="0.008086"><ele>3</ele></trkpt>
      <trkpt lat="51.514391" lon="0.007779"><ele>2.75</ele></trkpt>
      <trkpt lat="51.514379" lon="0.007709"><ele>2.5</ele></trkpt>
      <trkpt lat="51.514572" lon="0.007515"><ele>2.5</ele></trkpt>
      <trkpt lat="51.514785" lon="0.008048"><ele>2.25</ele></trkpt>
      <trkpt lat="51.514797" lon="0.008078"><ele>2.25</ele></trkpt>
      <trkpt lat="51.514828" lon="0.008153"><ele>2</ele></trkpt>
      <trkpt lat="51.514807" lon="0.008121"><ele>2.25</ele></trkpt>
      <trkpt lat="51.514907" lon="0.008018"><ele>2.5</ele></trkpt>
      <trkpt lat="51.514886" lon="0.007963"><ele>2.5</ele></trkpt>
      <trkpt lat="51.514898" lon="0.00795"><ele>2.5</ele></trkpt>
      <trkpt lat="51.514959" lon="0.00789"><ele>2.75</ele></trkpt>
      <trkpt lat="51.51498" lon="0.007951"><ele>2.75</ele></trkpt>
      <trkpt lat="51.514987" lon="0.007976"><ele>2.75</ele></trkpt>
      <trkpt lat="51.514991" lon="0.007987"><ele>2.75</ele></trkpt>
      <trkpt lat="51.515005" lon="0.008034"><ele>3</ele></trkpt>
      <trkpt lat="51.515017" lon="0.008021"><ele>3</ele></trkpt>
      <trkpt lat="51.515092" lon="0.007888"><ele>3.5</ele></trkpt>
      <trkpt lat="51.5151" lon="0.007841"><ele>3.5</ele></trkpt>
      <trkpt lat="51.515097" lon="0.007803"><ele>3.5</ele></trkpt>
      <trkpt lat="51.515086" lon="0.007754"><ele>3.5</ele></trkpt>
      <trkpt lat="51.515067" lon="0.007727"><ele>3.5</ele></trkpt>
      <trkpt lat="51.515033" lon="0.007701"><ele>3.25</ele></trkpt>
      <trkpt lat="51.515031" lon="0.007676"><ele>3.5</ele></trkpt>
      <trkpt lat="51.515031" lon="0.007614"><ele>3.5</ele></trkpt>
      <trkpt lat="51.515032" lon="0.007553"><ele>3.75</ele></trkpt>
      <trkpt lat="51.515032" lon="0.00751"><ele>4</ele></trkpt>
      <trkpt lat="51.515133" lon="0.007467"><ele>4.25</ele></trkpt>
      <trkpt lat="51.515149" lon="0.007463"><ele>4.25</ele></trkpt>
      <trkpt lat="51.515191" lon="0.007446"><ele>4.5</ele></trkpt>
      <trkpt lat="51.515234" lon="0.007429"><ele>4.75</ele></trkpt>
      <trkpt lat="51.515368" lon="0.007391"><ele>5.25</ele></trkpt>
      <trkpt lat="51.515467" lon="0.007475"><ele>5</ele></trkpt>
      <trkpt lat="51.515491" lon="0.007459"><ele>5</ele></trkpt>
      <trkpt lat="51.515547" lon="0.007422"><ele>5</ele></trkpt>
      <trkpt lat="51.515597" lon="0.007389"><ele>4.5</ele></trkpt>
      <trkpt lat="51.515613" lon="0.007377"><ele>4.25</ele></trkpt>
      <trkpt lat="51.51563" lon="0.007401"><ele>4.25</ele></trkpt>
      <trkpt lat="51.515689" lon="0.007452"><ele>3.75</ele></trkpt>
      <trkpt lat="51.515737" lon="0.00748"><ele>3.5</ele></trkpt>
      <trkpt lat="51.515878" lon="0.007536"><ele>2.75</ele></trkpt>
      <trkpt lat="51.515934" lon="0.007558"><ele>2.75</ele></trkpt>
      <trkpt lat="51.515961" lon="0.007568"><ele>2.75</ele></trkpt>
      <trkpt lat="51.515978" lon="0.007575"><ele>2.5</ele></trkpt>
      <trkpt lat="51.516072" lon="0.00761"><ele>2.5</ele></trkpt>
      <trkpt lat="51.516154" lon="0.007618"><ele>2.25</ele></trkpt>
      <trkpt lat="51.516292" lon="0.007613"><ele>2.25</ele></trkpt>
      <trkpt lat="51.516374" lon="0.007604"><ele>2.25</ele></trkpt>
      <trkpt lat="51.516582" lon="0.007508"><ele>2</ele></trkpt>
      <trkpt lat="51.516681" lon="0.007436"><ele>2</ele></trkpt>
      <trkpt lat="51.51675" lon="0.007376"><ele>2</ele></trkpt>
      <trkpt lat="51.516803" lon="0.007331"><ele>2</ele></trkpt>
      <trkpt lat="51.516935" lon="0.007171"><ele>1.75</ele></trkpt>
      <trkpt lat="51.516962" lon="0.007147"><ele>1.5</ele></trkpt>
      <trkpt lat="51.516964" lon="0.007151"><ele>1.75</ele></trkpt>
      <trkpt lat="51.516983" lon="0.007189"><ele>1.75</ele></trkpt>
      <trkpt lat="51.517084" lon="0.00706"><ele>1.5</ele></trkpt>
      <trkpt lat="51.517139" lon="0.00697"><ele>1.5</ele></trkpt>
      <trkpt lat="51.517212" lon="0.006826"><ele>1.75</ele></trkpt>
      <trkpt lat="51.517497" lon="0.006157"><ele>1.75</ele></trkpt>
      <trkpt lat="51.517631" lon="0.005875"><ele>1.5</ele></trkpt>
      <trkpt lat="51.517763" lon="0.005655"><ele>1.5</ele></trkpt>
      <trkpt lat="51.517919" lon="0.005434"><ele>1.5</ele></trkpt>
      <trkpt lat="51.518083" lon="0.00526"><ele>1</ele></trkpt>
      <trkpt lat="51.518209" lon="0.005147"><ele>1</ele></trkpt>
      <trkpt lat="51.518366" lon="0.005041"><ele>1</ele></trkpt>
      <trkpt lat="51.518844" lon="0.004847"><ele>1.25</ele></trkpt>
      <trkpt lat="51.519202" lon="0.004723"><ele>1</ele></trkpt>
      <trkpt lat="51.519624" lon="0.00462"><ele>1</ele></trkpt>
      <trkpt lat="51.520521" lon="0.004512"><ele>1</ele></trkpt>
      <trkpt lat="51.520728" lon="0.004492"><ele>1</ele></trkpt>
      <trkpt lat="51.520853" lon="0.004479"><ele>1</ele></trkpt>
      <trkpt lat="51.520891" lon="0.004473"><ele>1</ele></trkpt>
      <trkpt lat="51.521238" lon="0.004399"><ele>1</ele></trkpt>
      <trkpt lat="51.521423" lon="0.004373"><ele>1</ele></trkpt>
      <trkpt lat="51.521641" lon="0.004366"><ele>1</ele></trkpt>
      <trkpt lat="51.521921" lon="0.004392"><ele>1.5</ele></trkpt>
      <trkpt lat="51.5223" lon="0.004504"><ele>1.5</ele></trkpt>
      <trkpt lat="51.522625" lon="0.004625"><ele>1.25</ele></trkpt>
      <trkpt lat="51.522748" lon="0.004661"><ele>1.5</ele></trkpt>
      <trkpt lat="51.522942" lon="0.004694"><ele>2.25</ele></trkpt>
      <trkpt lat="51.523091" lon="0.004718"><ele>2.75</ele></trkpt>
      <trkpt lat="51.523181" lon="0.004717"><ele>2.75</ele></trkpt>
      <trkpt lat="51.523183" lon="0.004766"><ele>2.5</ele></trkpt>
      <trkpt lat="51.523184" lon="0.004783"><ele>2.5</ele></trkpt>
      <trkpt lat="51.523624" lon="0.004741"><ele>2</ele></trkpt>
      <trkpt lat="51.523805" lon="0.004737"><ele>2</ele></trkpt>
      <trkpt lat="51.524237" lon="0.004791"><ele>1.5</ele></trkpt>
      <trkpt lat="51.524273" lon="0.004803"><ele>1.5</ele></trkpt>
      <trkpt lat="51.524288" lon="0.004831"><ele>1.5</ele></trkpt>
      <trkpt lat="51.524328" lon="0.004836"><ele>1.25</ele></trkpt>
      <trkpt lat="51.524372" lon="0.004845"><ele>1.25</ele></trkpt>
      <trkpt lat="51.524394" lon="0.00484"><ele>1</ele></trkpt>
      <trkpt lat="51.524707" lon="0.004862"><ele>1.25</ele></trkpt>
      <trkpt lat="51.524731" lon="0.004881"><ele>1.5</ele></trkpt>
      <trkpt lat="51.524776" lon="0.004886"><ele>1.5</ele></trkpt>
      <trkpt lat="51.524826" lon="0.004892"><ele>1.75</ele></trkpt>
      <trkpt lat="51.524854" lon="0.004885"><ele>1.75</ele></trkpt>
      <trkpt lat="51.525107" lon="0.004924"><ele>2</ele></trkpt>
      <trkpt lat="51.525496" lon="0.004936"><ele>2</ele></trkpt>
      <trkpt lat="51.52554" lon="0.004936"><ele>2</ele></trkpt>
      <trkpt lat="51.525675" lon="0.004937"><ele>1.5</ele></trkpt>
      <trkpt lat="51.52571" lon="0.004937"><ele>1.5</ele></trkpt>
      <trkpt lat="51.525748" lon="0.004937"><ele>1.25</ele></trkpt>
      <trkpt lat="51.526514" lon="0.004942"><ele>1</ele></trkpt>
      <trkpt lat="51.527619" lon="0.004918"><ele>1</ele></trkpt>
      <trkpt lat="51.52772" lon="0.004921"><ele>1</ele></trkpt>
      <trkpt lat="51.527723" lon="0.005168"><ele>1</ele></trkpt>
      <trkpt lat="51.527772" lon="0.005167"><ele>1</ele></trkpt>
      <trkpt lat="51.527799" lon="0.005166"><ele>1</ele></trkpt>
      <trkpt lat="51.527944" lon="0.00517"><ele>1.25</ele></trkpt>
      <trkpt lat="51.527997" lon="0.005182"><ele>1.5</ele></trkpt>
      <trkpt lat="51.528049" lon="0.005182"><ele>1.5</ele></trkpt>
      <trkpt lat="51.528079" lon="0.005171"><ele>1.75</ele></trkpt>
      <trkpt lat="51.528187" lon="0.00517"><ele>2.5</ele></trkpt>
      <trkpt lat="51.528186" lon="0.005096"><ele>2</ele></trkpt>
      <trkpt lat="51.528185" lon="0.005013"><ele>1.5</ele></trkpt>
      <trkpt lat="51.528159" lon="0.005048"><ele>1.5</ele></trkpt>
      <trkpt lat="51.528143" lon="0.005048"><ele>1.5</ele></trkpt>
      <trkpt lat="51.528135" lon="0.005048"><ele>1</ele></trkpt>
      <trkpt lat="51.528143" lon="0.005048"><ele>1.5</ele></trkpt>
      <trkpt lat="51.528159" lon="0.005048"><ele>1.5</ele></trkpt>
      <trkpt lat="51.528185" lon="0.005013"><ele>1.5</ele></trkpt>
      <trkpt lat="51.528186" lon="0.005096"><ele>2</ele></trkpt>
      <trkpt lat="51.528187" lon="0.00517"><ele>2.5</ele></trkpt>
      <trkpt lat="51.528079" lon="0.005171"><ele>1.75</ele></trkpt>
      <trkpt lat="51.528049" lon="0.005182"><ele>1.5</ele></trkpt>
      <trkpt lat="51.527997" lon="0.005182"><ele>1.5</ele></trkpt>
      <trkpt lat="51.527944" lon="0.00517"><ele>1.25</ele></trkpt>
      <trkpt lat="51.527799" lon="0.005166"><ele>1</ele></trkpt>
      <trkpt lat="51.527801" lon="0.004938"><ele>1</ele></trkpt>
      <trkpt lat="51.527808" lon="0.004901"><ele>1</ele></trkpt>
      <trkpt lat="51.527828" lon="0.004888"><ele>1</ele></trkpt>
      <trkpt lat="51.527977" lon="0.004884"><ele>1</ele></trkpt>
      <trkpt lat="51.528104" lon="0.00488"><ele>1</ele></trkpt>
      <trkpt lat="51.528396" lon="0.004863"><ele>1.5</ele></trkpt>
      <trkpt lat="51.528449" lon="0.004872"><ele>1.5</ele></trkpt>
      <trkpt lat="51.528605" lon="0.004967"><ele>1.75</ele></trkpt>
      <trkpt lat="51.528705" lon="0.004975"><ele>1.75</ele></trkpt>
      <trkpt lat="51.529189" lon="0.004963"><ele>2</ele></trkpt>
      <trkpt lat="51.529224" lon="0.004978"><ele>2</ele></trkpt>
      <trkpt lat="51.529248" lon="0.005018"><ele>2</ele></trkpt>
      <trkpt lat="51.529269" lon="0.00502"><ele>2</ele></trkpt>
      <trkpt lat="51.529313" lon="0.005024"><ele>2</ele></trkpt>
      <trkpt lat="51.529385" lon="0.005031"><ele>2</ele></trkpt>
      <trkpt lat="51.529391" lon="0.005032"><ele>2</ele></trkpt>
      <trkpt lat="51.529404" lon="0.004988"><ele>2</ele></trkpt>
      <trkpt lat="51.529429" lon="0.004945"><ele>2</ele></trkpt>
      <trkpt lat="51.529477" lon="0.004897"><ele>1.75</ele></trkpt>
      <trkpt lat="51.52961" lon="0.004842"><ele>1.5</ele></trkpt>
      <trkpt lat="51.529805" lon="0.004796"><ele>1.25</ele></trkpt>
      <trkpt lat="51.529847" lon="0.0048"><ele>1.25</ele></trkpt>
      <trkpt lat="51.529908" lon="0.004834"><ele>1.25</ele></trkpt>
      <trkpt lat="51.529939" lon="0.004854"><ele>1.25</ele></trkpt>
      <trkpt lat="51.529955" lon="0.004864"><ele>1.5</ele></trkpt>
      <trkpt lat="51.530035" lon="0.004981"><ele>1.75</ele></trkpt>
      <trkpt lat="51.530118" lon="0.005121"><ele>3.75</ele></trkpt>
      <trkpt lat="51.530138" lon="0.005162"><ele>4</ele></trkpt>
      <trkpt lat="51.530195" lon="0.005273"><ele>4</ele></trkpt>
      <trkpt lat="51.530342" lon="0.005528"><ele>2.75</ele></trkpt>
      <trkpt lat="51.530367" lon="0.005492"><ele>2.75</ele></trkpt>
      <trkpt lat="51.530393" lon="0.005454"><ele>2.75</ele></trkpt>
      <trkpt lat="51.530418" lon="0.005498"><ele>2.75</ele></trkpt>
      <trkpt lat="51.530623" lon="0.005862"><ele>2</ele></trkpt>
      <trkpt lat="51.530711" lon="0.006016"><ele>2</ele></trkpt>
      <trkpt lat="51.530815" lon="0.006196"><ele>2</ele></trkpt>
      <trkpt lat="51.531136" lon="0.006747"><ele>2.75</ele></trkpt>
      <trkpt lat="51.531191" lon="0.006686"><ele>2.75</ele></trkpt>
      <trkpt lat="51.531282" lon="0.006834"><ele>2.5</ele></trkpt>
      <trkpt lat="51.53136" lon="0.006961"><ele>2</ele></trkpt>
      <trkpt lat="51.531402" lon="0.006918"><ele>2</ele></trkpt>
      <trkpt lat="51.531546" lon="0.006806"><ele>2.75</ele></trkpt>
      <trkpt lat="51.531568" lon="0.006876"><ele>2.5</ele></trkpt>
      <trkpt lat="51.531833" lon="0.006667"><ele>3</ele></trkpt>
      <trkpt lat="51.5319" lon="0.006599"><ele>3</ele></trkpt>
      <trkpt lat="51.532227" lon="0.006325"><ele>3</ele></trkpt>
      <trkpt lat="51.532673" lon="0.005975"><ele>3</ele></trkpt>
      <trkpt lat="51.532703" lon="0.005954"><ele>3</ele></trkpt>
      <trkpt lat="51.532829" lon="0.005853"><ele>3</ele></trkpt>
      <trkpt lat="51.53288" lon="0.005809"><ele>3</ele></trkpt>
      <trkpt lat="51.532953" lon="0.005748"><ele>3</ele></trkpt>
      <trkpt lat="51.533016" lon="0.005695"><ele>3</ele></trkpt>
      <trkpt lat="51.533057" lon="0.005653"><ele>3</ele></trkpt>
      <trkpt lat="51.533097" lon="0.005614"><ele>3</ele></trkpt>
      <trkpt lat="51.533221" lon="0.005492"><ele>3</ele></trkpt>
      <trkpt lat="51.533325" lon="0.005396"><ele>3</ele></trkpt>
      <trkpt lat="51.533383" lon="0.005357"><ele>3</ele></trkpt>
      <trkpt lat="51.533455" lon="0.005333"><ele>3.25</ele></trkpt>
      <trkpt lat="51.533517" lon="0.005336"><ele>3.5</ele></trkpt>
      <trkpt lat="51.533558" lon="0.005346"><ele>3.75</ele></trkpt>
      <trkpt lat="51.533594" lon="0.005368"><ele>3.75</ele></trkpt>
      <trkpt lat="51.533765" lon="0.005498"><ele>3.25</ele></trkpt>
      <trkpt lat="51.533794" lon="0.005448"><ele>3.25</ele></trkpt>
      <trkpt lat="51.533874" lon="0.005337"><ele>3</ele></trkpt>
      <trkpt lat="51.534497" lon="0.004538"><ele>3</ele></trkpt>
      <trkpt lat="51.534569" lon="0.004446"><ele>3</ele></trkpt>
      <trkpt lat="51.53452" lon="0.004258"><ele>3</ele></trkpt>
      <trkpt lat="51.534466" lon="0.004053"><ele>3</ele></trkpt>
      <trkpt lat="51.534736" lon="0.003876"><ele>3</ele></trkpt>
      <trkpt lat="51.534991" lon="0.003709"><ele>3.5</ele></trkpt>
      <trkpt lat="51.535306" lon="0.003495"><ele>3.75</ele></trkpt>
      <trkpt lat="51.535506" lon="0.003359"><ele>3.25</ele></trkpt>
      <trkpt lat="51.5354" lon="0.002927"><ele>3</ele></trkpt>
      <trkpt lat="51.53526" lon="0.002357"><ele>3</ele></trkpt>
      <trkpt lat="51.535185" lon="0.002054"><ele>3</ele></trkpt>
      <trkpt lat="51.535411" lon="0.001912"><ele>3</ele></trkpt>
      <trkpt lat="51.535427" lon="0.001901"><ele>3</ele></trkpt>
      <trkpt lat="51.535559" lon="0.001814"><ele>3.25</ele></trkpt>
      <trkpt lat="51.535657" lon="0.001747"><ele>3.25</ele></trkpt>
      <trkpt lat="51.536069" lon="0.001446"><ele>3.25</ele></trkpt>
      <trkpt lat="51.536659" lon="0.000997"><ele>3.5</ele></trkpt>
      <trkpt lat="51.536686" lon="0.001"><ele>3.5</ele></trkpt>
      <trkpt lat="51.53671" lon="0.001027"><ele>3.5</ele></trkpt>
      <trkpt lat="51.536739" lon="0.000998"><ele>3.5</ele></trkpt>
      <trkpt lat="51.536749" lon="0.000988"><ele>3.5</ele></trkpt>
      <trkpt lat="51.53768" lon="0.000062"><ele>3.25</ele></trkpt>
      <trkpt lat="51.537721" lon="0.000009"><ele>3.5</ele></trkpt>
      <trkpt lat="51.537862" lon="-0.000159"><ele>3</ele></trkpt>
      <trkpt lat="51.537959" lon="-0.000276"><ele>3.25</ele></trkpt>
      <trkpt lat="51.538064" lon="-0.000414"><ele>3.5</ele></trkpt>
      <trkpt lat="51.538318" lon="-0.000728"><ele>3.75</ele></trkpt>
      <trkpt lat="51.538421" lon="-0.000873"><ele>4.25</ele></trkpt>
      <trkpt lat="51.5385" lon="-0.000973"><ele>4.5</ele></trkpt>
      <trkpt lat="51.538534" lon="-0.001017"><ele>4.75</ele></trkpt>
      <trkpt lat="51.538557" lon="-0.001061"><ele>5</ele></trkpt>
      <trkpt lat="51.538593" lon="-0.001126"><ele>5.25</ele></trkpt>
      <trkpt lat="51.538648" lon="-0.001064"><ele>6</ele></trkpt>
      <trkpt lat="51.538827" lon="-0.000847"><ele>5.75</ele></trkpt>
      <trkpt lat="51.53909" lon="-0.000558"><ele>5.5</ele></trkpt>
      <trkpt lat="51.539231" lon="-0.000413"><ele>6</ele></trkpt>
      <trkpt lat="51.539245" lon="-0.000448"><ele>6</ele></trkpt>
      <trkpt lat="51.539254" lon="-0.000471"><ele>6</ele></trkpt>
      <trkpt lat="51.53931" lon="-0.000413"><ele>6</ele></trkpt>
      <trkpt lat="51.539321" lon="-0.00044"><ele>6</ele></trkpt>
      <trkpt lat="51.539338" lon="-0.00048"><ele>6</ele></trkpt>
      <trkpt lat="51.539355" lon="-0.000518"><ele>6</ele></trkpt>
      <trkpt lat="51.539393" lon="-0.000552"><ele>6</ele></trkpt>
      <trkpt lat="51.53942" lon="-0.000571"><ele>6</ele></trkpt>
      <trkpt lat="51.539425" lon="-0.000583"><ele>6</ele></trkpt>
      <trkpt lat="51.539431" lon="-0.000594"><ele>6</ele></trkpt>
      <trkpt lat="51.539512" lon="-0.000729"><ele>5.75</ele></trkpt>
      <trkpt lat="51.539586" lon="-0.000712"><ele>5.5</ele></trkpt>
      <trkpt lat="51.539661" lon="-0.000755"><ele>5.25</ele></trkpt>
      <trkpt lat="51.539912" lon="-0.000959"><ele>5</ele></trkpt>
      <trkpt lat="51.540259" lon="-0.001314"><ele>4.75</ele></trkpt>
      <trkpt lat="51.540288" lon="-0.001376"><ele>5</ele></trkpt>
      <trkpt lat="51.540297" lon="-0.00153"><ele>5</ele></trkpt>
      <trkpt lat="51.540309" lon="-0.00153"><ele>5</ele></trkpt>
      <trkpt lat="51.540367" lon="-0.00153"><ele>5</ele></trkpt>
      <trkpt lat="51.540368" lon="-0.001607"><ele>5</ele></trkpt>
      <trkpt lat="51.540369" lon="-0.001862"><ele>4.5</ele></trkpt>
      <trkpt lat="51.540374" lon="-0.001966"><ele>4.25</ele></trkpt>
      <trkpt lat="51.540389" lon="-0.002078"><ele>4</ele></trkpt>
      <trkpt lat="51.540422" lon="-0.002176"><ele>4</ele></trkpt>
      <trkpt lat="51.540448" lon="-0.002228"><ele>4</ele></trkpt>
      <trkpt lat="51.540489" lon="-0.002281"><ele>4</ele></trkpt>
      <trkpt lat="51.540474" lon="-0.002315"><ele>4</ele></trkpt>
      <trkpt lat="51.540465" lon="-0.002331"><ele>4</ele></trkpt>
      <trkpt lat="51.540516" lon="-0.002387"><ele>4</ele></trkpt>
      <trkpt lat="51.540889" lon="-0.002614"><ele>4</ele></trkpt>
      <trkpt lat="51.540973" lon="-0.002651"><ele>4</ele></trkpt>
      <trkpt lat="51.541161" lon="-0.002738"><ele>4</ele></trkpt>
      <trkpt lat="51.54123" lon="-0.002749"><ele>4</ele></trkpt>
      <trkpt lat="51.541298" lon="-0.002894"><ele>4</ele></trkpt>
      <trkpt lat="51.541385" lon="-0.003091"><ele>4</ele></trkpt>
      <trkpt lat="51.541408" lon="-0.003059"><ele>4</ele></trkpt>
      <trkpt lat="51.541445" lon="-0.003008"><ele>4</ele></trkpt>
      <trkpt lat="51.54149" lon="-0.002945"><ele>4</ele></trkpt>
      <trkpt lat="51.541571" lon="-0.003089"><ele>4.75</ele></trkpt>
      <trkpt lat="51.541734" lon="-0.003357"><ele>7</ele></trkpt>
      <trkpt lat="51.5418" lon="-0.003467"><ele>7</ele></trkpt>
    </trkseg>
  </trk>
</gpx>
