<?xml version="1.0" encoding="UTF-8"?>
<gpx version="1.1" creator="TubeRun route generator" xmlns="http://www.topografix.com/GPX/1/1">
  <metadata>
    <name>Lioness line — TubeRun</name>
    <desc>Above-ground running route tracing the Lioness Overground line, station to station. Routed on pavements and footways from OpenStreetMap data (BRouter, hiking-beta).</desc>
    <author><name>TubeRun</name></author>
    <copyright author="OpenStreetMap contributors"><license>https://opendatacommons.org/licenses/odbl/1-0/</license></copyright>
    <link href="https://www.openstreetmap.org/copyright"><text>© OpenStreetMap contributors</text></link>
    <time>2026-07-06T08:30:05.816Z</time>
  </metadata>
  <wpt lat="51.528136" lon="-0.133924"><name>Euston</name></wpt>
  <wpt lat="51.541432" lon="-0.178878"><name>South Hampstead</name></wpt>
  <wpt lat="51.537277" lon="-0.192237"><name>Kilburn High Road</name></wpt>
  <wpt lat="51.533966" lon="-0.204985"><name>Queens Park</name></wpt>
  <wpt lat="51.53054" lon="-0.225088"><name>Kensal Green</name></wpt>
  <wpt lat="51.532497" lon="-0.244548"><name>Willesden Junction</name></wpt>
  <wpt lat="51.536289" lon="-0.257667"><name>Harlesden</name></wpt>
  <wpt lat="51.544111" lon="-0.275828"><name>Stonebridge Park</name></wpt>
  <wpt lat="51.552325" lon="-0.296433"><name>Wembley Central</name></wpt>
  <wpt lat="51.562596" lon="-0.303984"><name>North Wembley</name></wpt>
  <wpt lat="51.570214" lon="-0.308462"><name>South Kenton</name></wpt>
  <wpt lat="51.581802" lon="-0.316981"><name>Kenton</name></wpt>
  <wpt lat="51.592169" lon="-0.334571"><name>Harrow &amp; Wealdstone</name></wpt>
  <wpt lat="51.602649" lon="-0.35722"><name>Headstone Lane</name></wpt>
  <wpt lat="51.609417" lon="-0.368601"><name>Hatch End</name></wpt>
  <wpt lat="51.628351" lon="-0.385939"><name>Carpenders Park</name></wpt>
  <wpt lat="51.645894" lon="-0.385229"><name>Bushey</name></wpt>
  <wpt lat="51.652655" lon="-0.391711"><name>Watford High Street</name></wpt>
  <wpt lat="51.663529" lon="-0.396517"><name>Watford Junction</name></wpt>
  <trk>
    <name>Lioness line</name>
    <trkseg>
      <trkpt lat="51.528099" lon="-0.133883"><ele>23.75</ele></trkpt>
      <trkpt lat="51.528044" lon="-0.134006"><ele>24</ele></trkpt>
      <trkpt lat="51.528033" lon="-0.134031"><ele>24</ele></trkpt>
      <trkpt lat="51.527996" lon="-0.134111"><ele>24</ele></trkpt>
      <trkpt lat="51.527981" lon="-0.134145"><ele>24</ele></trkpt>
      <trkpt lat="51.527815" lon="-0.134512"><ele>23.75</ele></trkpt>
      <trkpt lat="51.527761" lon="-0.134631"><ele>24</ele></trkpt>
      <trkpt lat="51.527743" lon="-0.134672"><ele>24</ele></trkpt>
      <trkpt lat="51.527831" lon="-0.134779"><ele>23.25</ele></trkpt>
      <trkpt lat="51.527769" lon="-0.134933"><ele>23</ele></trkpt>
      <trkpt lat="51.527763" lon="-0.134954"><ele>23</ele></trkpt>
      <trkpt lat="51.52784" lon="-0.135042"><ele>22.5</ele></trkpt>
      <trkpt lat="51.527806" lon="-0.135121"><ele>23</ele></trkpt>
      <trkpt lat="51.527788" lon="-0.135166"><ele>23.5</ele></trkpt>
      <trkpt lat="51.52756" lon="-0.135759"><ele>23</ele></trkpt>
      <trkpt lat="51.527483" lon="-0.135962"><ele>23.25</ele></trkpt>
      <trkpt lat="51.527473" lon="-0.135986"><ele>23.5</ele></trkpt>
      <trkpt lat="51.527458" lon="-0.136034"><ele>23.75</ele></trkpt>
      <trkpt lat="51.52745" lon="-0.136058"><ele>23.75</ele></trkpt>
      <trkpt lat="51.527433" lon="-0.136099"><ele>23.75</ele></trkpt>
      <trkpt lat="51.527415" lon="-0.136111"><ele>23.75</ele></trkpt>
      <trkpt lat="51.527196" lon="-0.136667"><ele>25</ele></trkpt>
      <trkpt lat="51.527116" lon="-0.13687"><ele>25</ele></trkpt>
      <trkpt lat="51.527111" lon="-0.136883"><ele>25</ele></trkpt>
      <trkpt lat="51.527105" lon="-0.136898"><ele>25</ele></trkpt>
      <trkpt lat="51.526942" lon="-0.137314"><ele>25.75</ele></trkpt>
      <trkpt lat="51.526969" lon="-0.13734"><ele>25.75</ele></trkpt>
      <trkpt lat="51.526926" lon="-0.137408"><ele>25.75</ele></trkpt>
      <trkpt lat="51.526888" lon="-0.137468"><ele>25.75</ele></trkpt>
      <trkpt lat="51.526689" lon="-0.137973"><ele>26.75</ele></trkpt>
      <trkpt lat="51.52668" lon="-0.138013"><ele>26.75</ele></trkpt>
      <trkpt lat="51.526675" lon="-0.138031"><ele>26.75</ele></trkpt>
      <trkpt lat="51.52667" lon="-0.138053"><ele>26.75</ele></trkpt>
      <trkpt lat="51.526573" lon="-0.13846"><ele>27</ele></trkpt>
      <trkpt lat="51.526584" lon="-0.138505"><ele>27</ele></trkpt>
      <trkpt lat="51.526583" lon="-0.138532"><ele>27</ele></trkpt>
      <trkpt lat="51.526573" lon="-0.138625"><ele>26.75</ele></trkpt>
      <trkpt lat="51.526564" lon="-0.138705"><ele>26.75</ele></trkpt>
      <trkpt lat="51.526562" lon="-0.138726"><ele>26.5</ele></trkpt>
      <trkpt lat="51.527148" lon="-0.138736"><ele>26</ele></trkpt>
      <trkpt lat="51.527174" lon="-0.138748"><ele>26</ele></trkpt>
      <trkpt lat="51.527157" lon="-0.139921"><ele>26.75</ele></trkpt>
      <trkpt lat="51.527152" lon="-0.140376"><ele>27</ele></trkpt>
      <trkpt lat="51.527148" lon="-0.140779"><ele>27</ele></trkpt>
      <trkpt lat="51.527148" lon="-0.140857"><ele>27</ele></trkpt>
      <trkpt lat="51.527146" lon="-0.140917"><ele>27</ele></trkpt>
      <trkpt lat="51.527133" lon="-0.141505"><ele>28</ele></trkpt>
      <trkpt lat="51.527122" lon="-0.142012"><ele>28</ele></trkpt>
      <trkpt lat="51.527254" lon="-0.142058"><ele>27.75</ele></trkpt>
      <trkpt lat="51.527284" lon="-0.142104"><ele>27.75</ele></trkpt>
      <trkpt lat="51.527301" lon="-0.142173"><ele>27.75</ele></trkpt>
      <trkpt lat="51.527534" lon="-0.142178"><ele>27.25</ele></trkpt>
      <trkpt lat="51.527551" lon="-0.142231"><ele>27.25</ele></trkpt>
      <trkpt lat="51.527604" lon="-0.142231"><ele>27.75</ele></trkpt>
      <trkpt lat="51.527591" lon="-0.143373"><ele>28</ele></trkpt>
      <trkpt lat="51.527586" lon="-0.143404"><ele>28</ele></trkpt>
      <trkpt lat="51.527586" lon="-0.143473"><ele>28</ele></trkpt>
      <trkpt lat="51.527584" lon="-0.143583"><ele>28.25</ele></trkpt>
      <trkpt lat="51.527515" lon="-0.143582"><ele>28.75</ele></trkpt>
      <trkpt lat="51.527515" lon="-0.143633"><ele>28.75</ele></trkpt>
      <trkpt lat="51.527514" lon="-0.143662"><ele>28.75</ele></trkpt>
      <trkpt lat="51.527513" lon="-0.14381"><ele>28.75</ele></trkpt>
      <trkpt lat="51.527513" lon="-0.143864"><ele>28.75</ele></trkpt>
      <trkpt lat="51.527513" lon="-0.144014"><ele>29.25</ele></trkpt>
      <trkpt lat="51.527511" lon="-0.144158"><ele>29.75</ele></trkpt>
      <trkpt lat="51.527622" lon="-0.144157"><ele>29.5</ele></trkpt>
      <trkpt lat="51.527621" lon="-0.144262"><ele>29.5</ele></trkpt>
      <trkpt lat="51.527648" lon="-0.144268"><ele>29.5</ele></trkpt>
      <trkpt lat="51.527703" lon="-0.144315"><ele>29.5</ele></trkpt>
      <trkpt lat="51.527702" lon="-0.144401"><ele>29.75</ele></trkpt>
      <trkpt lat="51.5277" lon="-0.1446"><ele>29.75</ele></trkpt>
      <trkpt lat="51.527699" lon="-0.144761"><ele>29.75</ele></trkpt>
      <trkpt lat="51.527698" lon="-0.144817"><ele>29.75</ele></trkpt>
      <trkpt lat="51.527695" lon="-0.145368"><ele>30.5</ele></trkpt>
      <trkpt lat="51.527694" lon="-0.145675"><ele>31</ele></trkpt>
      <trkpt lat="51.527694" lon="-0.145688"><ele>31</ele></trkpt>
      <trkpt lat="51.527722" lon="-0.145689"><ele>31</ele></trkpt>
      <trkpt lat="51.527792" lon="-0.145697"><ele>31</ele></trkpt>
      <trkpt lat="51.527792" lon="-0.145715"><ele>31</ele></trkpt>
      <trkpt lat="51.52779" lon="-0.145802"><ele>31</ele></trkpt>
      <trkpt lat="51.527788" lon="-0.145887"><ele>31</ele></trkpt>
      <trkpt lat="51.527787" lon="-0.145906"><ele>31</ele></trkpt>
      <trkpt lat="51.527671" lon="-0.145904"><ele>31</ele></trkpt>
      <trkpt lat="51.527668" lon="-0.145936"><ele>31</ele></trkpt>
      <trkpt lat="51.527761" lon="-0.146364"><ele>31</ele></trkpt>
      <trkpt lat="51.528006" lon="-0.14729"><ele>32.5</ele></trkpt>
      <trkpt lat="51.528142" lon="-0.147755"><ele>33.25</ele></trkpt>
      <trkpt lat="51.528214" lon="-0.148009"><ele>33</ele></trkpt>
      <trkpt lat="51.52821" lon="-0.148131"><ele>33</ele></trkpt>
      <trkpt lat="51.528178" lon="-0.148353"><ele>33.25</ele></trkpt>
      <trkpt lat="51.528149" lon="-0.148517"><ele>33.75</ele></trkpt>
      <trkpt lat="51.528425" lon="-0.148641"><ele>34</ele></trkpt>
      <trkpt lat="51.528434" lon="-0.148645"><ele>34</ele></trkpt>
      <trkpt lat="51.528476" lon="-0.148667"><ele>34</ele></trkpt>
      <trkpt lat="51.528551" lon="-0.148693"><ele>34</ele></trkpt>
      <trkpt lat="51.528608" lon="-0.148723"><ele>34.25</ele></trkpt>
      <trkpt lat="51.528721" lon="-0.148781"><ele>34.5</ele></trkpt>
      <trkpt lat="51.528732" lon="-0.14879"><ele>34.5</ele></trkpt>
      <trkpt lat="51.529201" lon="-0.149017"><ele>35</ele></trkpt>
      <trkpt lat="51.529544" lon="-0.149684"><ele>36.75</ele></trkpt>
      <trkpt lat="51.529619" lon="-0.149858"><ele>37</ele></trkpt>
      <trkpt lat="51.52991" lon="-0.150422"><ele>37.25</ele></trkpt>
      <trkpt lat="51.530008" lon="-0.150557"><ele>36.75</ele></trkpt>
      <trkpt lat="51.530208" lon="-0.150857"><ele>36</ele></trkpt>
      <trkpt lat="51.530404" lon="-0.151034"><ele>36</ele></trkpt>
      <trkpt lat="51.530519" lon="-0.151149"><ele>35.75</ele></trkpt>
      <trkpt lat="51.530768" lon="-0.151973"><ele>34</ele></trkpt>
      <trkpt lat="51.530842" lon="-0.15227"><ele>33.75</ele></trkpt>
      <trkpt lat="51.530883" lon="-0.152499"><ele>33</ele></trkpt>
      <trkpt lat="51.531386" lon="-0.155927"><ele>33</ele></trkpt>
      <trkpt lat="51.531698" lon="-0.158141"><ele>34</ele></trkpt>
      <trkpt lat="51.531955" lon="-0.159972"><ele>35</ele></trkpt>
      <trkpt lat="51.532096" lon="-0.161227"><ele>36</ele></trkpt>
      <trkpt lat="51.532112" lon="-0.161372"><ele>36</ele></trkpt>
      <trkpt lat="51.53237" lon="-0.163661"><ele>37.25</ele></trkpt>
      <trkpt lat="51.532351" lon="-0.163749"><ele>37</ele></trkpt>
      <trkpt lat="51.532417" lon="-0.164135"><ele>37</ele></trkpt>
      <trkpt lat="51.532424" lon="-0.164161"><ele>37</ele></trkpt>
      <trkpt lat="51.532427" lon="-0.164173"><ele>37</ele></trkpt>
      <trkpt lat="51.532455" lon="-0.164246"><ele>37</ele></trkpt>
      <trkpt lat="51.532473" lon="-0.1643"><ele>37</ele></trkpt>
      <trkpt lat="51.532481" lon="-0.164328"><ele>37</ele></trkpt>
      <trkpt lat="51.532662" lon="-0.164854"><ele>35.25</ele></trkpt>
      <trkpt lat="51.532729" lon="-0.165032"><ele>33.75</ele></trkpt>
      <trkpt lat="51.532886" lon="-0.165492"><ele>33</ele></trkpt>
      <trkpt lat="51.532902" lon="-0.165565"><ele>33.75</ele></trkpt>
      <trkpt lat="51.532988" lon="-0.165882"><ele>36.75</ele></trkpt>
      <trkpt lat="51.532994" lon="-0.165898"><ele>36.75</ele></trkpt>
      <trkpt lat="51.533062" lon="-0.165847"><ele>36.75</ele></trkpt>
      <trkpt lat="51.533096" lon="-0.16597"><ele>36.75</ele></trkpt>
      <trkpt lat="51.533109" lon="-0.166015"><ele>36.75</ele></trkpt>
      <trkpt lat="51.533114" lon="-0.166029"><ele>36.75</ele></trkpt>
      <trkpt lat="51.533071" lon="-0.16606"><ele>36.75</ele></trkpt>
      <trkpt lat="51.533033" lon="-0.166092"><ele>36.75</ele></trkpt>
      <trkpt lat="51.533466" lon="-0.166813"><ele>37.25</ele></trkpt>
      <trkpt lat="51.533663" lon="-0.16714"><ele>37</ele></trkpt>
      <trkpt lat="51.534256" lon="-0.168086"><ele>39</ele></trkpt>
      <trkpt lat="51.534291" lon="-0.168136"><ele>39</ele></trkpt>
      <trkpt lat="51.534336" lon="-0.168197"><ele>39</ele></trkpt>
      <trkpt lat="51.534362" lon="-0.168231"><ele>39</ele></trkpt>
      <trkpt lat="51.534396" lon="-0.168276"><ele>39</ele></trkpt>
      <trkpt lat="51.534647" lon="-0.168566"><ele>39.75</ele></trkpt>
      <trkpt lat="51.534795" lon="-0.168735"><ele>40</ele></trkpt>
      <trkpt lat="51.53495" lon="-0.16891"><ele>40</ele></trkpt>
      <trkpt lat="51.535023" lon="-0.168993"><ele>40.25</ele></trkpt>
      <trkpt lat="51.535039" lon="-0.169011"><ele>40.5</ele></trkpt>
      <trkpt lat="51.535077" lon="-0.169055"><ele>40.5</ele></trkpt>
      <trkpt lat="51.534755" lon="-0.169736"><ele>41.75</ele></trkpt>
      <trkpt lat="51.534698" lon="-0.169858"><ele>42</ele></trkpt>
      <trkpt lat="51.534764" lon="-0.169935"><ele>41.75</ele></trkpt>
      <trkpt lat="51.535337" lon="-0.170626"><ele>42.75</ele></trkpt>
      <trkpt lat="51.535769" lon="-0.171147"><ele>44.5</ele></trkpt>
      <trkpt lat="51.536608" lon="-0.172177"><ele>47.75</ele></trkpt>
      <trkpt lat="51.536874" lon="-0.172503"><ele>49</ele></trkpt>
      <trkpt lat="51.537263" lon="-0.173001"><ele>50</ele></trkpt>
      <trkpt lat="51.537647" lon="-0.173473"><ele>51</ele></trkpt>
      <trkpt lat="51.538035" lon="-0.17395"><ele>51</ele></trkpt>
      <trkpt lat="51.538171" lon="-0.174094"><ele>51.25</ele></trkpt>
      <trkpt lat="51.538265" lon="-0.174129"><ele>51</ele></trkpt>
      <trkpt lat="51.538381" lon="-0.174118"><ele>51</ele></trkpt>
      <trkpt lat="51.538402" lon="-0.174626"><ele>52</ele></trkpt>
      <trkpt lat="51.538408" lon="-0.174701"><ele>52</ele></trkpt>
      <trkpt lat="51.538426" lon="-0.174957"><ele>52</ele></trkpt>
      <trkpt lat="51.538453" lon="-0.175343"><ele>52</ele></trkpt>
      <trkpt lat="51.539045" lon="-0.175228"><ele>52.5</ele></trkpt>
      <trkpt lat="51.539573" lon="-0.175125"><ele>53</ele></trkpt>
      <trkpt lat="51.539594" lon="-0.175183"><ele>53</ele></trkpt>
      <trkpt lat="51.539618" lon="-0.175549"><ele>53</ele></trkpt>
      <trkpt lat="51.539627" lon="-0.175676"><ele>53</ele></trkpt>
      <trkpt lat="51.539635" lon="-0.175804"><ele>53</ele></trkpt>
      <trkpt lat="51.539644" lon="-0.175932"><ele>52.75</ele></trkpt>
      <trkpt lat="51.539666" lon="-0.175927"><ele>52.75</ele></trkpt>
      <trkpt lat="51.539675" lon="-0.175926"><ele>52.75</ele></trkpt>
      <trkpt lat="51.539729" lon="-0.176589"><ele>51.25</ele></trkpt>
      <trkpt lat="51.539731" lon="-0.176621"><ele>51</ele></trkpt>
      <trkpt lat="51.539735" lon="-0.176675"><ele>51</ele></trkpt>
      <trkpt lat="51.539822" lon="-0.177918"><ele>46.25</ele></trkpt>
      <trkpt lat="51.539826" lon="-0.177972"><ele>46</ele></trkpt>
      <trkpt lat="51.539828" lon="-0.178012"><ele>45.75</ele></trkpt>
      <trkpt lat="51.539844" lon="-0.178177"><ele>45</ele></trkpt>
      <trkpt lat="51.539851" lon="-0.178259"><ele>44.75</ele></trkpt>
      <trkpt lat="51.539988" lon="-0.178371"><ele>43.75</ele></trkpt>
      <trkpt lat="51.540359" lon="-0.178624"><ele>41.75</ele></trkpt>
      <trkpt lat="51.540477" lon="-0.178692"><ele>41.75</ele></trkpt>
      <trkpt lat="51.540524" lon="-0.178734"><ele>41.5</ele></trkpt>
      <trkpt lat="51.540568" lon="-0.178793"><ele>41.25</ele></trkpt>
      <trkpt lat="51.540714" lon="-0.178856"><ele>40.5</ele></trkpt>
      <trkpt lat="51.540761" lon="-0.178891"><ele>40.25</ele></trkpt>
      <trkpt lat="51.540746" lon="-0.178978"><ele>40.25</ele></trkpt>
      <trkpt lat="51.54076" lon="-0.178994"><ele>40.25</ele></trkpt>
      <trkpt lat="51.540852" lon="-0.179059"><ele>39.5</ele></trkpt>
      <trkpt lat="51.540998" lon="-0.179152"><ele>35.75</ele></trkpt>
      <trkpt lat="51.541035" lon="-0.179165"><ele>34.75</ele></trkpt>
      <trkpt lat="51.541219" lon="-0.179236"><ele>33</ele></trkpt>
      <trkpt lat="51.54123" lon="-0.179155"><ele>33</ele></trkpt>
      <trkpt lat="51.541241" lon="-0.17907"><ele>33</ele></trkpt>
      <trkpt lat="51.541298" lon="-0.179092"><ele>33</ele></trkpt>
      <trkpt lat="51.541305" lon="-0.179039"><ele>33</ele></trkpt>
      <trkpt lat="51.54131" lon="-0.178998"><ele>33</ele></trkpt>
      <trkpt lat="51.541484" lon="-0.179054"><ele>35</ele></trkpt>
      <trkpt lat="51.541507" lon="-0.178912"><ele>35.5</ele></trkpt>
      <trkpt lat="51.541484" lon="-0.179054"><ele>35</ele></trkpt>
      <trkpt lat="51.54131" lon="-0.178998"><ele>33</ele></trkpt>
      <trkpt lat="51.541305" lon="-0.179039"><ele>33</ele></trkpt>
      <trkpt lat="51.541298" lon="-0.179092"><ele>33</ele></trkpt>
      <trkpt lat="51.541241" lon="-0.17907"><ele>33</ele></trkpt>
      <trkpt lat="51.54123" lon="-0.179155"><ele>33</ele></trkpt>
      <trkpt lat="51.541219" lon="-0.179236"><ele>33</ele></trkpt>
      <trkpt lat="51.541035" lon="-0.179165"><ele>34.75</ele></trkpt>
      <trkpt lat="51.540998" lon="-0.179152"><ele>35.75</ele></trkpt>
      <trkpt lat="51.540852" lon="-0.179059"><ele>39.5</ele></trkpt>
      <trkpt lat="51.54076" lon="-0.178994"><ele>40.25</ele></trkpt>
      <trkpt lat="51.540584" lon="-0.179952"><ele>40.5</ele></trkpt>
      <trkpt lat="51.540482" lon="-0.180463"><ele>37</ele></trkpt>
      <trkpt lat="51.54047" lon="-0.180514"><ele>36.5</ele></trkpt>
      <trkpt lat="51.540464" lon="-0.180541"><ele>36.25</ele></trkpt>
      <trkpt lat="51.540449" lon="-0.180644"><ele>36.25</ele></trkpt>
      <trkpt lat="51.540448" lon="-0.180652"><ele>36.25</ele></trkpt>
      <trkpt lat="51.540419" lon="-0.180638"><ele>36.25</ele></trkpt>
      <trkpt lat="51.54027" lon="-0.18138"><ele>37</ele></trkpt>
      <trkpt lat="51.540255" lon="-0.181457"><ele>36.75</ele></trkpt>
      <trkpt lat="51.540227" lon="-0.1816"><ele>36.75</ele></trkpt>
      <trkpt lat="51.540198" lon="-0.181584"><ele>37.25</ele></trkpt>
      <trkpt lat="51.540183" lon="-0.181576"><ele>37.25</ele></trkpt>
      <trkpt lat="51.540179" lon="-0.181596"><ele>37.25</ele></trkpt>
      <trkpt lat="51.540008" lon="-0.182385"><ele>36.75</ele></trkpt>
      <trkpt lat="51.539954" lon="-0.182614"><ele>37</ele></trkpt>
      <trkpt lat="51.539911" lon="-0.182777"><ele>37.5</ele></trkpt>
      <trkpt lat="51.539886" lon="-0.182874"><ele>37.75</ele></trkpt>
      <trkpt lat="51.539869" lon="-0.182941"><ele>37.75</ele></trkpt>
      <trkpt lat="51.539576" lon="-0.184117"><ele>37.25</ele></trkpt>
      <trkpt lat="51.539471" lon="-0.184506"><ele>37.5</ele></trkpt>
      <trkpt lat="51.53933" lon="-0.184977"><ele>36.25</ele></trkpt>
      <trkpt lat="51.539219" lon="-0.185345"><ele>37.25</ele></trkpt>
      <trkpt lat="51.539003" lon="-0.185999"><ele>36.5</ele></trkpt>
      <trkpt lat="51.538918" lon="-0.186236"><ele>36.75</ele></trkpt>
      <trkpt lat="51.538836" lon="-0.186119"><ele>36.75</ele></trkpt>
      <trkpt lat="51.538821" lon="-0.1862"><ele>36.75</ele></trkpt>
      <trkpt lat="51.538732" lon="-0.186686"><ele>35.25</ele></trkpt>
      <trkpt lat="51.538717" lon="-0.186726"><ele>35</ele></trkpt>
      <trkpt lat="51.538695" lon="-0.186756"><ele>34.75</ele></trkpt>
      <trkpt lat="51.53875" lon="-0.187001"><ele>34.25</ele></trkpt>
      <trkpt lat="51.538791" lon="-0.187059"><ele>34.5</ele></trkpt>
      <trkpt lat="51.538654" lon="-0.187117"><ele>34</ele></trkpt>
      <trkpt lat="51.538648" lon="-0.18708"><ele>34</ele></trkpt>
      <trkpt lat="51.538362" lon="-0.187214"><ele>34</ele></trkpt>
      <trkpt lat="51.538448" lon="-0.187716"><ele>33</ele></trkpt>
      <trkpt lat="51.538479" lon="-0.188"><ele>33.25</ele></trkpt>
      <trkpt lat="51.53825" lon="-0.188094"><ele>33.5</ele></trkpt>
      <trkpt lat="51.538195" lon="-0.18833"><ele>33.5</ele></trkpt>
      <trkpt lat="51.538187" lon="-0.18846"><ele>33.25</ele></trkpt>
      <trkpt lat="51.538058" lon="-0.188874"><ele>33.75</ele></trkpt>
      <trkpt lat="51.537877" lon="-0.189478"><ele>33.5</ele></trkpt>
      <trkpt lat="51.537713" lon="-0.190022"><ele>34.5</ele></trkpt>
      <trkpt lat="51.537687" lon="-0.190116"><ele>33.75</ele></trkpt>
      <trkpt lat="51.537625" lon="-0.190119"><ele>33.75</ele></trkpt>
      <trkpt lat="51.537625" lon="-0.19016"><ele>33.5</ele></trkpt>
      <trkpt lat="51.53763" lon="-0.190277"><ele>33</ele></trkpt>
      <trkpt lat="51.537636" lon="-0.190427"><ele>32.25</ele></trkpt>
      <trkpt lat="51.537604" lon="-0.190563"><ele>32.25</ele></trkpt>
      <trkpt lat="51.537546" lon="-0.190684"><ele>32.5</ele></trkpt>
      <trkpt lat="51.53749" lon="-0.19073"><ele>32.75</ele></trkpt>
      <trkpt lat="51.537475" lon="-0.190834"><ele>32.75</ele></trkpt>
      <trkpt lat="51.537376" lon="-0.191182"><ele>32.25</ele></trkpt>
      <trkpt lat="51.537241" lon="-0.191404"><ele>33.75</ele></trkpt>
      <trkpt lat="51.537197" lon="-0.191476"><ele>34.25</ele></trkpt>
      <trkpt lat="51.536905" lon="-0.191991"><ele>35.75</ele></trkpt>
      <trkpt lat="51.536924" lon="-0.192019"><ele>35.75</ele></trkpt>
      <trkpt lat="51.537052" lon="-0.19215"><ele>34</ele></trkpt>
      <trkpt lat="51.537187" lon="-0.192307"><ele>31.5</ele></trkpt>
      <trkpt lat="51.537168" lon="-0.19235"><ele>31.75</ele></trkpt>
      <trkpt lat="51.537146" lon="-0.192399"><ele>31.75</ele></trkpt>
      <trkpt lat="51.537182" lon="-0.192438"><ele>31.75</ele></trkpt>
      <trkpt lat="51.537214" lon="-0.192475"><ele>31.75</ele></trkpt>
      <trkpt lat="51.537253" lon="-0.192368"><ele>32</ele></trkpt>
      <trkpt lat="51.537298" lon="-0.192262"><ele>32</ele></trkpt>
      <trkpt lat="51.537253" lon="-0.192368"><ele>31.5</ele></trkpt>
      <trkpt lat="51.537214" lon="-0.192475"><ele>31.75</ele></trkpt>
      <trkpt lat="51.537182" lon="-0.192438"><ele>31.75</ele></trkpt>
      <trkpt lat="51.537146" lon="-0.192399"><ele>32</ele></trkpt>
      <trkpt lat="51.537139" lon="-0.192416"><ele>32</ele></trkpt>
      <trkpt lat="51.537127" lon="-0.192443"><ele>32</ele></trkpt>
      <trkpt lat="51.537108" lon="-0.192486"><ele>32.25</ele></trkpt>
      <trkpt lat="51.5371" lon="-0.192503"><ele>32.25</ele></trkpt>
      <trkpt lat="51.537083" lon="-0.192543"><ele>32.25</ele></trkpt>
      <trkpt lat="51.537238" lon="-0.19274"><ele>32.75</ele></trkpt>
      <trkpt lat="51.537253" lon="-0.192703"><ele>32.75</ele></trkpt>
      <trkpt lat="51.537357" lon="-0.19284"><ele>35</ele></trkpt>
      <trkpt lat="51.537451" lon="-0.192957"><ele>36.5</ele></trkpt>
      <trkpt lat="51.537739" lon="-0.193282"><ele>37</ele></trkpt>
      <trkpt lat="51.537739" lon="-0.193321"><ele>37</ele></trkpt>
      <trkpt lat="51.537765" lon="-0.193353"><ele>36.75</ele></trkpt>
      <trkpt lat="51.537647" lon="-0.193647"><ele>35.75</ele></trkpt>
      <trkpt lat="51.537593" lon="-0.193782"><ele>35.5</ele></trkpt>
      <trkpt lat="51.537382" lon="-0.194337"><ele>33.75</ele></trkpt>
      <trkpt lat="51.536996" lon="-0.195349"><ele>30.75</ele></trkpt>
      <trkpt lat="51.536427" lon="-0.19684"><ele>29.5</ele></trkpt>
      <trkpt lat="51.536263" lon="-0.19727"><ele>29.25</ele></trkpt>
      <trkpt lat="51.536123" lon="-0.197687"><ele>29.5</ele></trkpt>
      <trkpt lat="51.535607" lon="-0.199215"><ele>29.5</ele></trkpt>
      <trkpt lat="51.535447" lon="-0.19969"><ele>29.75</ele></trkpt>
      <trkpt lat="51.535347" lon="-0.199986"><ele>30</ele></trkpt>
      <trkpt lat="51.53531" lon="-0.200095"><ele>30</ele></trkpt>
      <trkpt lat="51.535205" lon="-0.200436"><ele>30.75</ele></trkpt>
      <trkpt lat="51.535183" lon="-0.200507"><ele>30.75</ele></trkpt>
      <trkpt lat="51.535012" lon="-0.201202"><ele>31</ele></trkpt>
      <trkpt lat="51.534871" lon="-0.201806"><ele>30.75</ele></trkpt>
      <trkpt lat="51.534758" lon="-0.202491"><ele>31.75</ele></trkpt>
      <trkpt lat="51.534711" lon="-0.202805"><ele>32</ele></trkpt>
      <trkpt lat="51.534713" lon="-0.202851"><ele>32</ele></trkpt>
      <trkpt lat="51.534741" lon="-0.202893"><ele>32.25</ele></trkpt>
      <trkpt lat="51.534887" lon="-0.203005"><ele>32.75</ele></trkpt>
      <trkpt lat="51.535037" lon="-0.203121"><ele>33</ele></trkpt>
      <trkpt lat="51.535051" lon="-0.203131"><ele>33</ele></trkpt>
      <trkpt lat="51.535043" lon="-0.203155"><ele>33</ele></trkpt>
      <trkpt lat="51.534727" lon="-0.20415"><ele>34</ele></trkpt>
      <trkpt lat="51.534604" lon="-0.204581"><ele>35</ele></trkpt>
      <trkpt lat="51.534591" lon="-0.204576"><ele>35</ele></trkpt>
      <trkpt lat="51.534584" lon="-0.204607"><ele>35.25</ele></trkpt>
      <trkpt lat="51.534571" lon="-0.204666"><ele>35.25</ele></trkpt>
      <trkpt lat="51.534558" lon="-0.204732"><ele>35.5</ele></trkpt>
      <trkpt lat="51.534554" lon="-0.204751"><ele>35.5</ele></trkpt>
      <trkpt lat="51.534333" lon="-0.204635"><ele>34</ele></trkpt>
      <trkpt lat="51.534207" lon="-0.204568"><ele>33</ele></trkpt>
      <trkpt lat="51.534197" lon="-0.204615"><ele>32.75</ele></trkpt>
      <trkpt lat="51.534173" lon="-0.204729"><ele>32.5</ele></trkpt>
      <trkpt lat="51.534093" lon="-0.204686"><ele>32</ele></trkpt>
      <trkpt lat="51.534073" lon="-0.204811"><ele>32</ele></trkpt>
      <trkpt lat="51.534093" lon="-0.204686"><ele>32.5</ele></trkpt>
      <trkpt lat="51.534173" lon="-0.204729"><ele>33.25</ele></trkpt>
      <trkpt lat="51.534197" lon="-0.204615"><ele>34</ele></trkpt>
      <trkpt lat="51.534207" lon="-0.204568"><ele>34.25</ele></trkpt>
      <trkpt lat="51.534333" lon="-0.204635"><ele>35.5</ele></trkpt>
      <trkpt lat="51.534554" lon="-0.204751"><ele>35.5</ele></trkpt>
      <trkpt lat="51.534574" lon="-0.204781"><ele>35.25</ele></trkpt>
      <trkpt lat="51.534453" lon="-0.205459"><ele>35</ele></trkpt>
      <trkpt lat="51.53439" lon="-0.205886"><ele>34.75</ele></trkpt>
      <trkpt lat="51.534314" lon="-0.206462"><ele>35</ele></trkpt>
      <trkpt lat="51.534195" lon="-0.207239"><ele>35</ele></trkpt>
      <trkpt lat="51.533867" lon="-0.20904"><ele>35</ele></trkpt>
      <trkpt lat="51.533633" lon="-0.210251"><ele>35</ele></trkpt>
      <trkpt lat="51.5324" lon="-0.216051"><ele>37</ele></trkpt>
      <trkpt lat="51.532154" lon="-0.217235"><ele>37.75</ele></trkpt>
      <trkpt lat="51.532099" lon="-0.21743"><ele>37.75</ele></trkpt>
      <trkpt lat="51.532086" lon="-0.217473"><ele>37.75</ele></trkpt>
      <trkpt lat="51.532069" lon="-0.217532"><ele>38</ele></trkpt>
      <trkpt lat="51.532056" lon="-0.217576"><ele>38.25</ele></trkpt>
      <trkpt lat="51.53205" lon="-0.217615"><ele>38.25</ele></trkpt>
      <trkpt lat="51.532038" lon="-0.217733"><ele>38.75</ele></trkpt>
      <trkpt lat="51.53197" lon="-0.218011"><ele>39</ele></trkpt>
      <trkpt lat="51.531733" lon="-0.218998"><ele>39</ele></trkpt>
      <trkpt lat="51.531368" lon="-0.220539"><ele>39.75</ele></trkpt>
      <trkpt lat="51.53122" lon="-0.221878"><ele>41.75</ele></trkpt>
      <trkpt lat="51.53097" lon="-0.224241"><ele>44</ele></trkpt>
      <trkpt lat="51.530925" lon="-0.22481"><ele>44.5</ele></trkpt>
      <trkpt lat="51.53091" lon="-0.224942"><ele>44.75</ele></trkpt>
      <trkpt lat="51.530894" lon="-0.225025"><ele>45</ele></trkpt>
      <trkpt lat="51.53086" lon="-0.225123"><ele>45</ele></trkpt>
      <trkpt lat="51.530819" lon="-0.225208"><ele>44.75</ele></trkpt>
      <trkpt lat="51.530736" lon="-0.225315"><ele>44.5</ele></trkpt>
      <trkpt lat="51.530606" lon="-0.225388"><ele>44</ele></trkpt>
      <trkpt lat="51.530517" lon="-0.225396"><ele>43.75</ele></trkpt>
      <trkpt lat="51.530521" lon="-0.225348"><ele>43.75</ele></trkpt>
      <trkpt lat="51.530528" lon="-0.225249"><ele>43.25</ele></trkpt>
      <trkpt lat="51.530522" lon="-0.225153"><ele>41</ele></trkpt>
      <trkpt lat="51.530527" lon="-0.225089"><ele>39.75</ele></trkpt>
      <trkpt lat="51.530527" lon="-0.225077"><ele>39.5</ele></trkpt>
      <trkpt lat="51.53054" lon="-0.22508"><ele>41.25</ele></trkpt>
      <trkpt lat="51.530527" lon="-0.225077"><ele>39.5</ele></trkpt>
      <trkpt lat="51.530527" lon="-0.225089"><ele>39.75</ele></trkpt>
      <trkpt lat="51.530522" lon="-0.225153"><ele>41</ele></trkpt>
      <trkpt lat="51.530528" lon="-0.225249"><ele>43.25</ele></trkpt>
      <trkpt lat="51.530521" lon="-0.225348"><ele>43.75</ele></trkpt>
      <trkpt lat="51.530517" lon="-0.225396"><ele>43.75</ele></trkpt>
      <trkpt lat="51.530459" lon="-0.225392"><ele>43.5</ele></trkpt>
      <trkpt lat="51.530254" lon="-0.225375"><ele>42.75</ele></trkpt>
      <trkpt lat="51.530257" lon="-0.225407"><ele>42.75</ele></trkpt>
      <trkpt lat="51.530259" lon="-0.225473"><ele>42.75</ele></trkpt>
      <trkpt lat="51.53026" lon="-0.225533"><ele>42.75</ele></trkpt>
      <trkpt lat="51.530255" lon="-0.225579"><ele>43</ele></trkpt>
      <trkpt lat="51.530241" lon="-0.225679"><ele>43.25</ele></trkpt>
      <trkpt lat="51.530231" lon="-0.225876"><ele>43.75</ele></trkpt>
      <trkpt lat="51.530227" lon="-0.226577"><ele>44.25</ele></trkpt>
      <trkpt lat="51.530208" lon="-0.227316"><ele>44.5</ele></trkpt>
      <trkpt lat="51.530222" lon="-0.227696"><ele>44.75</ele></trkpt>
      <trkpt lat="51.530253" lon="-0.227899"><ele>44.75</ele></trkpt>
      <trkpt lat="51.530259" lon="-0.227984"><ele>44.75</ele></trkpt>
      <trkpt lat="51.530301" lon="-0.228159"><ele>45</ele></trkpt>
      <trkpt lat="51.530285" lon="-0.228168"><ele>45</ele></trkpt>
      <trkpt lat="51.53024" lon="-0.228196"><ele>44.75</ele></trkpt>
      <trkpt lat="51.530194" lon="-0.228225"><ele>44.5</ele></trkpt>
      <trkpt lat="51.530181" lon="-0.228234"><ele>44.5</ele></trkpt>
      <trkpt lat="51.530209" lon="-0.228361"><ele>44.75</ele></trkpt>
      <trkpt lat="51.530216" lon="-0.228379"><ele>44.75</ele></trkpt>
      <trkpt lat="51.530247" lon="-0.22846"><ele>44.75</ele></trkpt>
      <trkpt lat="51.530284" lon="-0.228557"><ele>45</ele></trkpt>
      <trkpt lat="51.53058" lon="-0.229118"><ele>45.75</ele></trkpt>
      <trkpt lat="51.53065" lon="-0.229284"><ele>46</ele></trkpt>
      <trkpt lat="51.530758" lon="-0.229719"><ele>45.5</ele></trkpt>
      <trkpt lat="51.530777" lon="-0.22984"><ele>45.75</ele></trkpt>
      <trkpt lat="51.530905" lon="-0.230318"><ele>46</ele></trkpt>
      <trkpt lat="51.530914" lon="-0.230378"><ele>46</ele></trkpt>
      <trkpt lat="51.53094" lon="-0.230452"><ele>46</ele></trkpt>
      <trkpt lat="51.530962" lon="-0.230515"><ele>46</ele></trkpt>
      <trkpt lat="51.531288" lon="-0.231395"><ele>45.25</ele></trkpt>
      <trkpt lat="51.531399" lon="-0.231711"><ele>45</ele></trkpt>
      <trkpt lat="51.531425" lon="-0.231765"><ele>45</ele></trkpt>
      <trkpt lat="51.531454" lon="-0.231819"><ele>45</ele></trkpt>
      <trkpt lat="51.531552" lon="-0.232025"><ele>44.75</ele></trkpt>
      <trkpt lat="51.531604" lon="-0.232099"><ele>44.75</ele></trkpt>
      <trkpt lat="51.531626" lon="-0.232151"><ele>44.75</ele></trkpt>
      <trkpt lat="51.531647" lon="-0.232203"><ele>44.75</ele></trkpt>
      <trkpt lat="51.532327" lon="-0.233584"><ele>45</ele></trkpt>
      <trkpt lat="51.532465" lon="-0.23391"><ele>44</ele></trkpt>
      <trkpt lat="51.532568" lon="-0.234162"><ele>43.75</ele></trkpt>
      <trkpt lat="51.532572" lon="-0.234195"><ele>43.5</ele></trkpt>
      <trkpt lat="51.532566" lon="-0.234209"><ele>43.5</ele></trkpt>
      <trkpt lat="51.532568" lon="-0.234219"><ele>43.5</ele></trkpt>
      <trkpt lat="51.532576" lon="-0.234252"><ele>43.5</ele></trkpt>
      <trkpt lat="51.532584" lon="-0.234293"><ele>43.25</ele></trkpt>
      <trkpt lat="51.532588" lon="-0.234306"><ele>43.25</ele></trkpt>
      <trkpt lat="51.532611" lon="-0.234316"><ele>43.25</ele></trkpt>
      <trkpt lat="51.532618" lon="-0.234434"><ele>43</ele></trkpt>
      <trkpt lat="51.532601" lon="-0.234589"><ele>43</ele></trkpt>
      <trkpt lat="51.532269" lon="-0.236217"><ele>40.5</ele></trkpt>
      <trkpt lat="51.532265" lon="-0.236269"><ele>40.5</ele></trkpt>
      <trkpt lat="51.532262" lon="-0.236312"><ele>40.25</ele></trkpt>
      <trkpt lat="51.532253" lon="-0.236355"><ele>40</ele></trkpt>
      <trkpt lat="51.532251" lon="-0.236374"><ele>40</ele></trkpt>
      <trkpt lat="51.532263" lon="-0.236395"><ele>40</ele></trkpt>
      <trkpt lat="51.532234" lon="-0.23661"><ele>40</ele></trkpt>
      <trkpt lat="51.532152" lon="-0.236862"><ele>40</ele></trkpt>
      <trkpt lat="51.532088" lon="-0.237138"><ele>40</ele></trkpt>
      <trkpt lat="51.532065" lon="-0.237148"><ele>40</ele></trkpt>
      <trkpt lat="51.532065" lon="-0.237166"><ele>40</ele></trkpt>
      <trkpt lat="51.532063" lon="-0.237209"><ele>40</ele></trkpt>
      <trkpt lat="51.532061" lon="-0.237251"><ele>40</ele></trkpt>
      <trkpt lat="51.532061" lon="-0.237272"><ele>40</ele></trkpt>
      <trkpt lat="51.532038" lon="-0.23727"><ele>40</ele></trkpt>
      <trkpt lat="51.532011" lon="-0.237267"><ele>40</ele></trkpt>
      <trkpt lat="51.53201" lon="-0.237291"><ele>40</ele></trkpt>
      <trkpt lat="51.532007" lon="-0.237355"><ele>40</ele></trkpt>
      <trkpt lat="51.532004" lon="-0.237416"><ele>40</ele></trkpt>
      <trkpt lat="51.532003" lon="-0.237442"><ele>40</ele></trkpt>
      <trkpt lat="51.532093" lon="-0.23753"><ele>40.5</ele></trkpt>
      <trkpt lat="51.532135" lon="-0.237619"><ele>40.5</ele></trkpt>
      <trkpt lat="51.532162" lon="-0.23773"><ele>40.75</ele></trkpt>
      <trkpt lat="51.532192" lon="-0.238011"><ele>41.5</ele></trkpt>
      <trkpt lat="51.532198" lon="-0.238055"><ele>41.5</ele></trkpt>
      <trkpt lat="51.532203" lon="-0.23808"><ele>41.75</ele></trkpt>
      <trkpt lat="51.532263" lon="-0.238457"><ele>42.25</ele></trkpt>
      <trkpt lat="51.532267" lon="-0.238483"><ele>42.25</ele></trkpt>
      <trkpt lat="51.532272" lon="-0.238513"><ele>42.25</ele></trkpt>
      <trkpt lat="51.53233" lon="-0.238812"><ele>40.5</ele></trkpt>
      <trkpt lat="51.532389" lon="-0.239024"><ele>40.25</ele></trkpt>
      <trkpt lat="51.532448" lon="-0.239244"><ele>40</ele></trkpt>
      <trkpt lat="51.532533" lon="-0.239498"><ele>39.5</ele></trkpt>
      <trkpt lat="51.532789" lon="-0.240018"><ele>39</ele></trkpt>
      <trkpt lat="51.532781" lon="-0.240036"><ele>39</ele></trkpt>
      <trkpt lat="51.532778" lon="-0.24006"><ele>38.75</ele></trkpt>
      <trkpt lat="51.532768" lon="-0.24024"><ele>39</ele></trkpt>
      <trkpt lat="51.532673" lon="-0.241599"><ele>38</ele></trkpt>
      <trkpt lat="51.532649" lon="-0.241843"><ele>38.25</ele></trkpt>
      <trkpt lat="51.532614" lon="-0.242085"><ele>38.75</ele></trkpt>
      <trkpt lat="51.532576" lon="-0.242318"><ele>38.75</ele></trkpt>
      <trkpt lat="51.532524" lon="-0.242551"><ele>38.75</ele></trkpt>
      <trkpt lat="51.532465" lon="-0.242774"><ele>38.5</ele></trkpt>
      <trkpt lat="51.532371" lon="-0.24305"><ele>37.5</ele></trkpt>
      <trkpt lat="51.532324" lon="-0.243145"><ele>36.75</ele></trkpt>
      <trkpt lat="51.532204" lon="-0.243417"><ele>36.25</ele></trkpt>
      <trkpt lat="51.532174" lon="-0.243484"><ele>36.5</ele></trkpt>
      <trkpt lat="51.532156" lon="-0.243572"><ele>36.75</ele></trkpt>
      <trkpt lat="51.532163" lon="-0.243613"><ele>36.75</ele></trkpt>
      <trkpt lat="51.532163" lon="-0.243646"><ele>36.75</ele></trkpt>
      <trkpt lat="51.532168" lon="-0.24377"><ele>36.5</ele></trkpt>
      <trkpt lat="51.532198" lon="-0.243768"><ele>36.25</ele></trkpt>
      <trkpt lat="51.532199" lon="-0.243828"><ele>36.25</ele></trkpt>
      <trkpt lat="51.532199" lon="-0.243845"><ele>36.25</ele></trkpt>
      <trkpt lat="51.532161" lon="-0.243847"><ele>36.25</ele></trkpt>
      <trkpt lat="51.53221" lon="-0.244579"><ele>37.5</ele></trkpt>
      <trkpt lat="51.532247" lon="-0.244793"><ele>37.75</ele></trkpt>
      <trkpt lat="51.532245" lon="-0.24482"><ele>38</ele></trkpt>
      <trkpt lat="51.532216" lon="-0.245059"><ele>38</ele></trkpt>
      <trkpt lat="51.532289" lon="-0.245014"><ele>36.75</ele></trkpt>
      <trkpt lat="51.532402" lon="-0.244988"><ele>35.25</ele></trkpt>
      <trkpt lat="51.532491" lon="-0.244966"><ele>34</ele></trkpt>
      <trkpt lat="51.532485" lon="-0.244903"><ele>34</ele></trkpt>
      <trkpt lat="51.532475" lon="-0.2448"><ele>34</ele></trkpt>
      <trkpt lat="51.532485" lon="-0.244903"><ele>34</ele></trkpt>
      <trkpt lat="51.532491" lon="-0.244966"><ele>34.5</ele></trkpt>
      <trkpt lat="51.532402" lon="-0.244988"><ele>36</ele></trkpt>
      <trkpt lat="51.532289" lon="-0.245014"><ele>38</ele></trkpt>
      <trkpt lat="51.532216" lon="-0.245059"><ele>38</ele></trkpt>
      <trkpt lat="51.532225" lon="-0.245102"><ele>38.25</ele></trkpt>
      <trkpt lat="51.53223" lon="-0.245138"><ele>38.25</ele></trkpt>
      <trkpt lat="51.532367" lon="-0.245723"><ele>36</ele></trkpt>
      <trkpt lat="51.532368" lon="-0.24587"><ele>35.75</ele></trkpt>
      <trkpt lat="51.532382" lon="-0.245968"><ele>35.5</ele></trkpt>
      <trkpt lat="51.532473" lon="-0.246356"><ele>35.25</ele></trkpt>
      <trkpt lat="51.532496" lon="-0.246439"><ele>35.25</ele></trkpt>
      <trkpt lat="51.532522" lon="-0.24647"><ele>35.25</ele></trkpt>
      <trkpt lat="51.53253" lon="-0.246473"><ele>35.25</ele></trkpt>
      <trkpt lat="51.532583" lon="-0.246471"><ele>35.25</ele></trkpt>
      <trkpt lat="51.532585" lon="-0.246492"><ele>35.25</ele></trkpt>
      <trkpt lat="51.532594" lon="-0.246561"><ele>35.25</ele></trkpt>
      <trkpt lat="51.532603" lon="-0.246626"><ele>35.25</ele></trkpt>
      <trkpt lat="51.532605" lon="-0.24664"><ele>35.25</ele></trkpt>
      <trkpt lat="51.532748" lon="-0.246604"><ele>35</ele></trkpt>
      <trkpt lat="51.532867" lon="-0.246625"><ele>35.25</ele></trkpt>
      <trkpt lat="51.532941" lon="-0.246648"><ele>35.5</ele></trkpt>
      <trkpt lat="51.532976" lon="-0.246657"><ele>35.5</ele></trkpt>
      <trkpt lat="51.533083" lon="-0.246728"><ele>35.75</ele></trkpt>
      <trkpt lat="51.533202" lon="-0.246831"><ele>35.5</ele></trkpt>
      <trkpt lat="51.533258" lon="-0.246916"><ele>35.75</ele></trkpt>
      <trkpt lat="51.533278" lon="-0.246951"><ele>35.75</ele></trkpt>
      <trkpt lat="51.53333" lon="-0.247015"><ele>35.5</ele></trkpt>
      <trkpt lat="51.533387" lon="-0.247086"><ele>35.5</ele></trkpt>
      <trkpt lat="51.533518" lon="-0.247256"><ele>35.5</ele></trkpt>
      <trkpt lat="51.533535" lon="-0.247282"><ele>35.5</ele></trkpt>
      <trkpt lat="51.533563" lon="-0.247321"><ele>35.75</ele></trkpt>
      <trkpt lat="51.53354" lon="-0.247423"><ele>35.5</ele></trkpt>
      <trkpt lat="51.533574" lon="-0.247647"><ele>35.75</ele></trkpt>
      <trkpt lat="51.533829" lon="-0.249016"><ele>36.5</ele></trkpt>
      <trkpt lat="51.533963" lon="-0.249"><ele>37.25</ele></trkpt>
      <trkpt lat="51.534215" lon="-0.249186"><ele>38</ele></trkpt>
      <trkpt lat="51.534251" lon="-0.249212"><ele>38</ele></trkpt>
      <trkpt lat="51.534297" lon="-0.249246"><ele>38</ele></trkpt>
      <trkpt lat="51.534325" lon="-0.249267"><ele>38</ele></trkpt>
      <trkpt lat="51.534514" lon="-0.249403"><ele>38.25</ele></trkpt>
      <trkpt lat="51.534518" lon="-0.249499"><ele>38.25</ele></trkpt>
      <trkpt lat="51.53452" lon="-0.249567"><ele>38.25</ele></trkpt>
      <trkpt lat="51.534583" lon="-0.249813"><ele>38.25</ele></trkpt>
      <trkpt lat="51.535391" lon="-0.252847"><ele>38.75</ele></trkpt>
      <trkpt lat="51.535433" lon="-0.252993"><ele>38.5</ele></trkpt>
      <trkpt lat="51.535475" lon="-0.253117"><ele>38.5</ele></trkpt>
      <trkpt lat="51.53575" lon="-0.253872"><ele>37.5</ele></trkpt>
      <trkpt lat="51.535843" lon="-0.254084"><ele>37.75</ele></trkpt>
      <trkpt lat="51.535945" lon="-0.254295"><ele>37.25</ele></trkpt>
      <trkpt lat="51.536206" lon="-0.254751"><ele>36.75</ele></trkpt>
      <trkpt lat="51.536618" lon="-0.255421"><ele>37</ele></trkpt>
      <trkpt lat="51.536664" lon="-0.2555"><ele>37</ele></trkpt>
      <trkpt lat="51.536659" lon="-0.255555"><ele>37</ele></trkpt>
      <trkpt lat="51.536664" lon="-0.255564"><ele>36.75</ele></trkpt>
      <trkpt lat="51.536672" lon="-0.255576"><ele>36.75</ele></trkpt>
      <trkpt lat="51.536702" lon="-0.255563"><ele>37</ele></trkpt>
      <trkpt lat="51.537055" lon="-0.256092"><ele>36.25</ele></trkpt>
      <trkpt lat="51.537039" lon="-0.256126"><ele>36.25</ele></trkpt>
      <trkpt lat="51.536807" lon="-0.256543"><ele>36.75</ele></trkpt>
      <trkpt lat="51.536735" lon="-0.256634"><ele>36.25</ele></trkpt>
      <trkpt lat="51.536692" lon="-0.256667"><ele>36</ele></trkpt>
      <trkpt lat="51.536662" lon="-0.256692"><ele>35.75</ele></trkpt>
      <trkpt lat="51.536572" lon="-0.256759"><ele>35.75</ele></trkpt>
      <trkpt lat="51.536578" lon="-0.256787"><ele>36</ele></trkpt>
      <trkpt lat="51.536595" lon="-0.256865"><ele>36.25</ele></trkpt>
      <trkpt lat="51.536607" lon="-0.256922"><ele>36.25</ele></trkpt>
      <trkpt lat="51.536611" lon="-0.256945"><ele>36.25</ele></trkpt>
      <trkpt lat="51.536367" lon="-0.257087"><ele>36.5</ele></trkpt>
      <trkpt lat="51.53637" lon="-0.257108"><ele>36.5</ele></trkpt>
      <trkpt lat="51.536325" lon="-0.257148"><ele>35.75</ele></trkpt>
      <trkpt lat="51.536307" lon="-0.257167"><ele>35.5</ele></trkpt>
      <trkpt lat="51.536287" lon="-0.257187"><ele>35</ele></trkpt>
      <trkpt lat="51.536258" lon="-0.257204"><ele>34.5</ele></trkpt>
      <trkpt lat="51.536226" lon="-0.257235"><ele>34</ele></trkpt>
      <trkpt lat="51.536185" lon="-0.257274"><ele>33.5</ele></trkpt>
      <trkpt lat="51.536228" lon="-0.257385"><ele>33.75</ele></trkpt>
      <trkpt lat="51.536185" lon="-0.257274"><ele>33.5</ele></trkpt>
      <trkpt lat="51.536226" lon="-0.257235"><ele>34</ele></trkpt>
      <trkpt lat="51.536258" lon="-0.257204"><ele>34.5</ele></trkpt>
      <trkpt lat="51.536287" lon="-0.257187"><ele>35</ele></trkpt>
      <trkpt lat="51.536307" lon="-0.257167"><ele>35.5</ele></trkpt>
      <trkpt lat="51.536325" lon="-0.257148"><ele>35.75</ele></trkpt>
      <trkpt lat="51.53637" lon="-0.257108"><ele>36.5</ele></trkpt>
      <trkpt lat="51.536367" lon="-0.257087"><ele>36.5</ele></trkpt>
      <trkpt lat="51.536611" lon="-0.256945"><ele>36.25</ele></trkpt>
      <trkpt lat="51.536697" lon="-0.256948"><ele>35.75</ele></trkpt>
      <trkpt lat="51.536697" lon="-0.25705"><ele>35.75</ele></trkpt>
      <trkpt lat="51.536766" lon="-0.257275"><ele>35.5</ele></trkpt>
      <trkpt lat="51.536857" lon="-0.25745"><ele>35</ele></trkpt>
      <trkpt lat="51.536888" lon="-0.257407"><ele>35</ele></trkpt>
      <trkpt lat="51.536921" lon="-0.257408"><ele>35</ele></trkpt>
      <trkpt lat="51.536961" lon="-0.257528"><ele>35</ele></trkpt>
      <trkpt lat="51.537139" lon="-0.257776"><ele>35</ele></trkpt>
      <trkpt lat="51.537332" lon="-0.257998"><ele>34.25</ele></trkpt>
      <trkpt lat="51.5377" lon="-0.258402"><ele>33.75</ele></trkpt>
      <trkpt lat="51.538034" lon="-0.258791"><ele>33.25</ele></trkpt>
      <trkpt lat="51.538092" lon="-0.258913"><ele>33</ele></trkpt>
      <trkpt lat="51.538142" lon="-0.259033"><ele>33</ele></trkpt>
      <trkpt lat="51.538253" lon="-0.259398"><ele>33</ele></trkpt>
      <trkpt lat="51.538372" lon="-0.259732"><ele>32</ele></trkpt>
      <trkpt lat="51.539171" lon="-0.261428"><ele>32</ele></trkpt>
      <trkpt lat="51.539657" lon="-0.262405"><ele>32</ele></trkpt>
      <trkpt lat="51.539684" lon="-0.262459"><ele>32</ele></trkpt>
      <trkpt lat="51.539755" lon="-0.262384"><ele>31.75</ele></trkpt>
      <trkpt lat="51.539833" lon="-0.262301"><ele>31.75</ele></trkpt>
      <trkpt lat="51.539974" lon="-0.262293"><ele>31.75</ele></trkpt>
      <trkpt lat="51.540047" lon="-0.262343"><ele>31.5</ele></trkpt>
      <trkpt lat="51.540095" lon="-0.26239"><ele>31.25</ele></trkpt>
      <trkpt lat="51.54014" lon="-0.26238"><ele>31.25</ele></trkpt>
      <trkpt lat="51.540222" lon="-0.262278"><ele>31.75</ele></trkpt>
      <trkpt lat="51.540265" lon="-0.26222"><ele>32</ele></trkpt>
      <trkpt lat="51.540302" lon="-0.262296"><ele>31.5</ele></trkpt>
      <trkpt lat="51.540358" lon="-0.262227"><ele>31.5</ele></trkpt>
      <trkpt lat="51.540515" lon="-0.262145"><ele>31.25</ele></trkpt>
      <trkpt lat="51.54061" lon="-0.262156"><ele>31</ele></trkpt>
      <trkpt lat="51.540681" lon="-0.262153"><ele>31</ele></trkpt>
      <trkpt lat="51.540813" lon="-0.262083"><ele>31.5</ele></trkpt>
      <trkpt lat="51.541068" lon="-0.262066"><ele>31.5</ele></trkpt>
      <trkpt lat="51.541092" lon="-0.262317"><ele>31</ele></trkpt>
      <trkpt lat="51.541166" lon="-0.26277"><ele>31</ele></trkpt>
      <trkpt lat="51.541325" lon="-0.263322"><ele>30</ele></trkpt>
      <trkpt lat="51.541334" lon="-0.263315"><ele>30</ele></trkpt>
      <trkpt lat="51.541378" lon="-0.263281"><ele>30</ele></trkpt>
      <trkpt lat="51.541423" lon="-0.263248"><ele>30</ele></trkpt>
      <trkpt lat="51.541434" lon="-0.263239"><ele>30</ele></trkpt>
      <trkpt lat="51.541655" lon="-0.263949"><ele>29.75</ele></trkpt>
      <trkpt lat="51.541743" lon="-0.264244"><ele>29.25</ele></trkpt>
      <trkpt lat="51.541924" lon="-0.264856"><ele>29</ele></trkpt>
      <trkpt lat="51.541939" lon="-0.264906"><ele>29</ele></trkpt>
      <trkpt lat="51.541952" lon="-0.264973"><ele>29</ele></trkpt>
      <trkpt lat="51.542094" lon="-0.265492"><ele>28.5</ele></trkpt>
      <trkpt lat="51.542493" lon="-0.266832"><ele>27.25</ele></trkpt>
      <trkpt lat="51.542549" lon="-0.267018"><ele>27</ele></trkpt>
      <trkpt lat="51.542564" lon="-0.267071"><ele>27</ele></trkpt>
      <trkpt lat="51.542579" lon="-0.267126"><ele>27.25</ele></trkpt>
      <trkpt lat="51.542864" lon="-0.268128"><ele>26</ele></trkpt>
      <trkpt lat="51.54292" lon="-0.268402"><ele>25.75</ele></trkpt>
      <trkpt lat="51.542949" lon="-0.268596"><ele>25.25</ele></trkpt>
      <trkpt lat="51.542959" lon="-0.268608"><ele>25.25</ele></trkpt>
      <trkpt lat="51.542954" lon="-0.268616"><ele>25.25</ele></trkpt>
      <trkpt lat="51.542959" lon="-0.268665"><ele>25.25</ele></trkpt>
      <trkpt lat="51.542967" lon="-0.268737"><ele>25</ele></trkpt>
      <trkpt lat="51.542972" lon="-0.268752"><ele>25</ele></trkpt>
      <trkpt lat="51.542968" lon="-0.268775"><ele>25</ele></trkpt>
      <trkpt lat="51.542992" lon="-0.268996"><ele>25</ele></trkpt>
      <trkpt lat="51.543034" lon="-0.269389"><ele>25</ele></trkpt>
      <trkpt lat="51.543064" lon="-0.269673"><ele>25</ele></trkpt>
      <trkpt lat="51.543081" lon="-0.269758"><ele>25</ele></trkpt>
      <trkpt lat="51.543102" lon="-0.269801"><ele>25</ele></trkpt>
      <trkpt lat="51.543099" lon="-0.269823"><ele>25</ele></trkpt>
      <trkpt lat="51.54312" lon="-0.269917"><ele>25</ele></trkpt>
      <trkpt lat="51.54313" lon="-0.26995"><ele>25</ele></trkpt>
      <trkpt lat="51.543141" lon="-0.269958"><ele>25</ele></trkpt>
      <trkpt lat="51.543185" lon="-0.270105"><ele>25</ele></trkpt>
      <trkpt lat="51.543258" lon="-0.27028"><ele>24.75</ele></trkpt>
      <trkpt lat="51.543489" lon="-0.270618"><ele>24</ele></trkpt>
      <trkpt lat="51.543953" lon="-0.271147"><ele>25</ele></trkpt>
      <trkpt lat="51.544103" lon="-0.271279"><ele>25</ele></trkpt>
      <trkpt lat="51.544106" lon="-0.271296"><ele>25</ele></trkpt>
      <trkpt lat="51.54414" lon="-0.271345"><ele>25</ele></trkpt>
      <trkpt lat="51.544181" lon="-0.271393"><ele>25</ele></trkpt>
      <trkpt lat="51.5442" lon="-0.271402"><ele>25</ele></trkpt>
      <trkpt lat="51.544204" lon="-0.271432"><ele>25</ele></trkpt>
      <trkpt lat="51.544217" lon="-0.271462"><ele>25</ele></trkpt>
      <trkpt lat="51.544365" lon="-0.271649"><ele>25</ele></trkpt>
      <trkpt lat="51.544436" lon="-0.271664"><ele>25</ele></trkpt>
      <trkpt lat="51.544503" lon="-0.271707"><ele>25</ele></trkpt>
      <trkpt lat="51.54459" lon="-0.271729"><ele>24.75</ele></trkpt>
      <trkpt lat="51.544585" lon="-0.271789"><ele>24.75</ele></trkpt>
      <trkpt lat="51.544586" lon="-0.271833"><ele>24.5</ele></trkpt>
      <trkpt lat="51.544587" lon="-0.271869"><ele>24.5</ele></trkpt>
      <trkpt lat="51.544584" lon="-0.271898"><ele>24.5</ele></trkpt>
      <trkpt lat="51.544625" lon="-0.271948"><ele>24</ele></trkpt>
      <trkpt lat="51.544654" lon="-0.271989"><ele>23</ele></trkpt>
      <trkpt lat="51.544679" lon="-0.272019"><ele>22.5</ele></trkpt>
      <trkpt lat="51.544682" lon="-0.272062"><ele>21.75</ele></trkpt>
      <trkpt lat="51.544883" lon="-0.272329"><ele>22.5</ele></trkpt>
      <trkpt lat="51.544909" lon="-0.272337"><ele>23</ele></trkpt>
      <trkpt lat="51.544938" lon="-0.27237"><ele>23.75</ele></trkpt>
      <trkpt lat="51.544966" lon="-0.272401"><ele>24.5</ele></trkpt>
      <trkpt lat="51.54499" lon="-0.272442"><ele>25.25</ele></trkpt>
      <trkpt lat="51.544979" lon="-0.272499"><ele>25.5</ele></trkpt>
      <trkpt lat="51.544949" lon="-0.272557"><ele>25</ele></trkpt>
      <trkpt lat="51.544917" lon="-0.272622"><ele>24.5</ele></trkpt>
      <trkpt lat="51.544901" lon="-0.272661"><ele>24.5</ele></trkpt>
      <trkpt lat="51.544926" lon="-0.272688"><ele>25</ele></trkpt>
      <trkpt lat="51.544913" lon="-0.272725"><ele>25</ele></trkpt>
      <trkpt lat="51.544897" lon="-0.272774"><ele>25</ele></trkpt>
      <trkpt lat="51.544879" lon="-0.272819"><ele>25.25</ele></trkpt>
      <trkpt lat="51.544875" lon="-0.27283"><ele>25.25</ele></trkpt>
      <trkpt lat="51.544863" lon="-0.272862"><ele>25.25</ele></trkpt>
      <trkpt lat="51.544865" lon="-0.272882"><ele>25.25</ele></trkpt>
      <trkpt lat="51.544865" lon="-0.272935"><ele>25.5</ele></trkpt>
      <trkpt lat="51.544865" lon="-0.272963"><ele>25.5</ele></trkpt>
      <trkpt lat="51.544867" lon="-0.272977"><ele>25.5</ele></trkpt>
      <trkpt lat="51.544822" lon="-0.273065"><ele>25.75</ele></trkpt>
      <trkpt lat="51.544775" lon="-0.273098"><ele>25.5</ele></trkpt>
      <trkpt lat="51.544732" lon="-0.27309"><ele>25.75</ele></trkpt>
      <trkpt lat="51.544706" lon="-0.27306"><ele>25.5</ele></trkpt>
      <trkpt lat="51.544674" lon="-0.273066"><ele>25</ele></trkpt>
      <trkpt lat="51.544587" lon="-0.27316"><ele>23.75</ele></trkpt>
      <trkpt lat="51.544509" lon="-0.273268"><ele>24</ele></trkpt>
      <trkpt lat="51.544448" lon="-0.273401"><ele>24.75</ele></trkpt>
      <trkpt lat="51.544412" lon="-0.273524"><ele>24.5</ele></trkpt>
      <trkpt lat="51.544378" lon="-0.273711"><ele>24.25</ele></trkpt>
      <trkpt lat="51.544268" lon="-0.274063"><ele>24.75</ele></trkpt>
      <trkpt lat="51.54422" lon="-0.274172"><ele>25</ele></trkpt>
      <trkpt lat="51.543975" lon="-0.27472"><ele>25</ele></trkpt>
      <trkpt lat="51.543964" lon="-0.274763"><ele>25</ele></trkpt>
      <trkpt lat="51.543969" lon="-0.27488"><ele>25</ele></trkpt>
      <trkpt lat="51.54408" lon="-0.275228"><ele>26.5</ele></trkpt>
      <trkpt lat="51.544045" lon="-0.275263"><ele>27</ele></trkpt>
      <trkpt lat="51.544011" lon="-0.275289"><ele>27.5</ele></trkpt>
      <trkpt lat="51.544004" lon="-0.275296"><ele>27.75</ele></trkpt>
      <trkpt lat="51.543985" lon="-0.275312"><ele>28</ele></trkpt>
      <trkpt lat="51.54402" lon="-0.275415"><ele>28</ele></trkpt>
      <trkpt lat="51.543997" lon="-0.275654"><ele>28.25</ele></trkpt>
      <trkpt lat="51.544069" lon="-0.275865"><ele>28.5</ele></trkpt>
      <trkpt lat="51.543997" lon="-0.275654"><ele>28</ele></trkpt>
      <trkpt lat="51.54402" lon="-0.275415"><ele>28</ele></trkpt>
      <trkpt lat="51.543985" lon="-0.275312"><ele>28</ele></trkpt>
      <trkpt lat="51.544004" lon="-0.275296"><ele>27.75</ele></trkpt>
      <trkpt lat="51.544011" lon="-0.275289"><ele>27.5</ele></trkpt>
      <trkpt lat="51.544045" lon="-0.275263"><ele>27</ele></trkpt>
      <trkpt lat="51.544142" lon="-0.275535"><ele>26.25</ele></trkpt>
      <trkpt lat="51.544193" lon="-0.275657"><ele>26.25</ele></trkpt>
      <trkpt lat="51.54431" lon="-0.275758"><ele>26.25</ele></trkpt>
      <trkpt lat="51.544354" lon="-0.275625"><ele>26</ele></trkpt>
      <trkpt lat="51.544373" lon="-0.275559"><ele>26</ele></trkpt>
      <trkpt lat="51.544413" lon="-0.275496"><ele>25.75</ele></trkpt>
      <trkpt lat="51.544646" lon="-0.274988"><ele>24.75</ele></trkpt>
      <trkpt lat="51.544678" lon="-0.275025"><ele>25</ele></trkpt>
      <trkpt lat="51.544668" lon="-0.275047"><ele>25</ele></trkpt>
      <trkpt lat="51.544662" lon="-0.275063"><ele>25</ele></trkpt>
      <trkpt lat="51.544675" lon="-0.275083"><ele>25</ele></trkpt>
      <trkpt lat="51.544709" lon="-0.275038"><ele>25</ele></trkpt>
      <trkpt lat="51.544801" lon="-0.275196"><ele>25.25</ele></trkpt>
      <trkpt lat="51.544844" lon="-0.275322"><ele>25.5</ele></trkpt>
      <trkpt lat="51.5449" lon="-0.275497"><ele>25.75</ele></trkpt>
      <trkpt lat="51.54497" lon="-0.275764"><ele>26.5</ele></trkpt>
      <trkpt lat="51.545087" lon="-0.276354"><ele>26.5</ele></trkpt>
      <trkpt lat="51.545126" lon="-0.276564"><ele>26.5</ele></trkpt>
      <trkpt lat="51.545177" lon="-0.276782"><ele>26.5</ele></trkpt>
      <trkpt lat="51.545371" lon="-0.277314"><ele>27.25</ele></trkpt>
      <trkpt lat="51.545729" lon="-0.278207"><ele>27.75</ele></trkpt>
      <trkpt lat="51.545924" lon="-0.278658"><ele>28.5</ele></trkpt>
      <trkpt lat="51.546099" lon="-0.278973"><ele>28.75</ele></trkpt>
      <trkpt lat="51.546228" lon="-0.279186"><ele>29.25</ele></trkpt>
      <trkpt lat="51.546716" lon="-0.279688"><ele>30.5</ele></trkpt>
      <trkpt lat="51.546946" lon="-0.279946"><ele>30.25</ele></trkpt>
      <trkpt lat="51.547003" lon="-0.280021"><ele>30.25</ele></trkpt>
      <trkpt lat="51.547358" lon="-0.28056"><ele>30.25</ele></trkpt>
      <trkpt lat="51.547977" lon="-0.281531"><ele>30</ele></trkpt>
      <trkpt lat="51.548735" lon="-0.282736"><ele>29.25</ele></trkpt>
      <trkpt lat="51.548834" lon="-0.282907"><ele>29.75</ele></trkpt>
      <trkpt lat="51.548886" lon="-0.283036"><ele>29.75</ele></trkpt>
      <trkpt lat="51.548906" lon="-0.283128"><ele>30</ele></trkpt>
      <trkpt lat="51.548912" lon="-0.283207"><ele>30</ele></trkpt>
      <trkpt lat="51.548911" lon="-0.283349"><ele>30</ele></trkpt>
      <trkpt lat="51.548889" lon="-0.283506"><ele>30</ele></trkpt>
      <trkpt lat="51.548625" lon="-0.284967"><ele>30</ele></trkpt>
      <trkpt lat="51.548541" lon="-0.285448"><ele>30</ele></trkpt>
      <trkpt lat="51.548406" lon="-0.286252"><ele>30.25</ele></trkpt>
      <trkpt lat="51.548397" lon="-0.286344"><ele>30</ele></trkpt>
      <trkpt lat="51.548345" lon="-0.28633"><ele>30</ele></trkpt>
      <trkpt lat="51.548038" lon="-0.286189"><ele>30</ele></trkpt>
      <trkpt lat="51.548006" lon="-0.286182"><ele>30.25</ele></trkpt>
      <trkpt lat="51.548011" lon="-0.286263"><ele>30.25</ele></trkpt>
      <trkpt lat="51.548658" lon="-0.289881"><ele>33.5</ele></trkpt>
      <trkpt lat="51.548727" lon="-0.289855"><ele>33.25</ele></trkpt>
      <trkpt lat="51.549067" lon="-0.289904"><ele>33.75</ele></trkpt>
      <trkpt lat="51.549119" lon="-0.28992"><ele>33.75</ele></trkpt>
      <trkpt lat="51.549147" lon="-0.289952"><ele>33.75</ele></trkpt>
      <trkpt lat="51.549195" lon="-0.289997"><ele>34</ele></trkpt>
      <trkpt lat="51.549219" lon="-0.290049"><ele>34</ele></trkpt>
      <trkpt lat="51.549829" lon="-0.291456"><ele>35.25</ele></trkpt>
      <trkpt lat="51.550328" lon="-0.292559"><ele>37</ele></trkpt>
      <trkpt lat="51.550558" lon="-0.293015"><ele>37</ele></trkpt>
      <trkpt lat="51.55082" lon="-0.293412"><ele>38</ele></trkpt>
      <trkpt lat="51.551287" lon="-0.293939"><ele>38.5</ele></trkpt>
      <trkpt lat="51.551451" lon="-0.294061"><ele>39</ele></trkpt>
      <trkpt lat="51.551686" lon="-0.294237"><ele>39</ele></trkpt>
      <trkpt lat="51.551846" lon="-0.294355"><ele>39.5</ele></trkpt>
      <trkpt lat="51.551884" lon="-0.294385"><ele>39.75</ele></trkpt>
      <trkpt lat="51.552052" lon="-0.294503"><ele>40</ele></trkpt>
      <trkpt lat="51.55296" lon="-0.295213"><ele>43.75</ele></trkpt>
      <trkpt lat="51.553009" lon="-0.295252"><ele>44.25</ele></trkpt>
      <trkpt lat="51.553058" lon="-0.29529"><ele>44.75</ele></trkpt>
      <trkpt lat="51.55287" lon="-0.295786"><ele>42.75</ele></trkpt>
      <trkpt lat="51.552711" lon="-0.29626"><ele>39.25</ele></trkpt>
      <trkpt lat="51.552668" lon="-0.296229"><ele>39.25</ele></trkpt>
      <trkpt lat="51.552543" lon="-0.296599"><ele>39</ele></trkpt>
      <trkpt lat="51.552348" lon="-0.297097"><ele>41</ele></trkpt>
      <trkpt lat="51.552171" lon="-0.296885"><ele>39.25</ele></trkpt>
      <trkpt lat="51.552207" lon="-0.296796"><ele>39.25</ele></trkpt>
      <trkpt lat="51.552347" lon="-0.296459"><ele>39</ele></trkpt>
      <trkpt lat="51.552207" lon="-0.296796"><ele>39.25</ele></trkpt>
      <trkpt lat="51.552171" lon="-0.296885"><ele>39.25</ele></trkpt>
      <trkpt lat="51.552348" lon="-0.297097"><ele>41</ele></trkpt>
      <trkpt lat="51.552377" lon="-0.297131"><ele>41.25</ele></trkpt>
      <trkpt lat="51.55227" lon="-0.297399"><ele>42.25</ele></trkpt>
      <trkpt lat="51.55221" lon="-0.297527"><ele>42.5</ele></trkpt>
      <trkpt lat="51.552164" lon="-0.297679"><ele>41.25</ele></trkpt>
      <trkpt lat="51.552096" lon="-0.298071"><ele>40.25</ele></trkpt>
      <trkpt lat="51.55206" lon="-0.298417"><ele>39.5</ele></trkpt>
      <trkpt lat="51.552029" lon="-0.298848"><ele>40.25</ele></trkpt>
      <trkpt lat="51.552027" lon="-0.298886"><ele>40.25</ele></trkpt>
      <trkpt lat="51.55202" lon="-0.299046"><ele>40.5</ele></trkpt>
      <trkpt lat="51.552128" lon="-0.299075"><ele>40</ele></trkpt>
      <trkpt lat="51.552279" lon="-0.299116"><ele>39.25</ele></trkpt>
      <trkpt lat="51.552554" lon="-0.299161"><ele>37.75</ele></trkpt>
      <trkpt lat="51.552692" lon="-0.299197"><ele>37.25</ele></trkpt>
      <trkpt lat="51.553349" lon="-0.299304"><ele>37</ele></trkpt>
      <trkpt lat="51.553442" lon="-0.299318"><ele>37</ele></trkpt>
      <trkpt lat="51.553743" lon="-0.299387"><ele>37</ele></trkpt>
      <trkpt lat="51.554003" lon="-0.29947"><ele>37.25</ele></trkpt>
      <trkpt lat="51.554248" lon="-0.299542"><ele>38.25</ele></trkpt>
      <trkpt lat="51.554349" lon="-0.299588"><ele>38.5</ele></trkpt>
      <trkpt lat="51.554757" lon="-0.299899"><ele>39.5</ele></trkpt>
      <trkpt lat="51.554937" lon="-0.300033"><ele>38.5</ele></trkpt>
      <trkpt lat="51.555572" lon="-0.300534"><ele>38</ele></trkpt>
      <trkpt lat="51.556015" lon="-0.300906"><ele>38</ele></trkpt>
      <trkpt lat="51.556333" lon="-0.301155"><ele>38</ele></trkpt>
      <trkpt lat="51.556591" lon="-0.301352"><ele>38</ele></trkpt>
      <trkpt lat="51.557013" lon="-0.301437"><ele>39</ele></trkpt>
      <trkpt lat="51.557256" lon="-0.301581"><ele>39</ele></trkpt>
      <trkpt lat="51.557584" lon="-0.301766"><ele>40</ele></trkpt>
      <trkpt lat="51.558028" lon="-0.302032"><ele>40.75</ele></trkpt>
      <trkpt lat="51.558209" lon="-0.302131"><ele>41.5</ele></trkpt>
      <trkpt lat="51.558244" lon="-0.302293"><ele>41.75</ele></trkpt>
      <trkpt lat="51.558243" lon="-0.302499"><ele>41.75</ele></trkpt>
      <trkpt lat="51.559171" lon="-0.302728"><ele>44</ele></trkpt>
      <trkpt lat="51.559239" lon="-0.302154"><ele>42.75</ele></trkpt>
      <trkpt lat="51.559676" lon="-0.302445"><ele>44.25</ele></trkpt>
      <trkpt lat="51.559966" lon="-0.302605"><ele>44.25</ele></trkpt>
      <trkpt lat="51.56068" lon="-0.303006"><ele>44</ele></trkpt>
      <trkpt lat="51.560735" lon="-0.302994"><ele>43.75</ele></trkpt>
      <trkpt lat="51.561719" lon="-0.303612"><ele>43.5</ele></trkpt>
      <trkpt lat="51.56165" lon="-0.304397"><ele>45</ele></trkpt>
      <trkpt lat="51.561811" lon="-0.304454"><ele>45</ele></trkpt>
      <trkpt lat="51.562772" lon="-0.30483"><ele>45.5</ele></trkpt>
      <trkpt lat="51.562909" lon="-0.304228"><ele>43</ele></trkpt>
      <trkpt lat="51.562922" lon="-0.304169"><ele>43.75</ele></trkpt>
      <trkpt lat="51.562909" lon="-0.304228"><ele>43</ele></trkpt>
      <trkpt lat="51.562772" lon="-0.30483"><ele>45.5</ele></trkpt>
      <trkpt lat="51.564512" lon="-0.305766"><ele>43</ele></trkpt>
      <trkpt lat="51.565593" lon="-0.306371"><ele>45</ele></trkpt>
      <trkpt lat="51.565585" lon="-0.306424"><ele>45</ele></trkpt>
      <trkpt lat="51.56555" lon="-0.306533"><ele>44.75</ele></trkpt>
      <trkpt lat="51.565538" lon="-0.306564"><ele>44.75</ele></trkpt>
      <trkpt lat="51.565758" lon="-0.306564"><ele>45.5</ele></trkpt>
      <trkpt lat="51.56581" lon="-0.306593"><ele>45.75</ele></trkpt>
      <trkpt lat="51.565842" lon="-0.306678"><ele>46</ele></trkpt>
      <trkpt lat="51.565915" lon="-0.306916"><ele>47</ele></trkpt>
      <trkpt lat="51.56653" lon="-0.307175"><ele>48.75</ele></trkpt>
      <trkpt lat="51.566685" lon="-0.307218"><ele>49</ele></trkpt>
      <trkpt lat="51.566856" lon="-0.307295"><ele>49.25</ele></trkpt>
      <trkpt lat="51.56688" lon="-0.307213"><ele>49</ele></trkpt>
      <trkpt lat="51.566892" lon="-0.307205"><ele>49</ele></trkpt>
      <trkpt lat="51.566904" lon="-0.307195"><ele>49</ele></trkpt>
      <trkpt lat="51.566965" lon="-0.30714"><ele>49</ele></trkpt>
      <trkpt lat="51.567533" lon="-0.307879"><ele>49.75</ele></trkpt>
      <trkpt lat="51.567689" lon="-0.30802"><ele>50</ele></trkpt>
      <trkpt lat="51.567733" lon="-0.308079"><ele>50</ele></trkpt>
      <trkpt lat="51.567755" lon="-0.308107"><ele>50</ele></trkpt>
      <trkpt lat="51.567765" lon="-0.308037"><ele>50</ele></trkpt>
      <trkpt lat="51.567768" lon="-0.308019"><ele>50</ele></trkpt>
      <trkpt lat="51.5678" lon="-0.30801"><ele>49.75</ele></trkpt>
      <trkpt lat="51.567874" lon="-0.308036"><ele>49.5</ele></trkpt>
      <trkpt lat="51.568373" lon="-0.3083"><ele>47.5</ele></trkpt>
      <trkpt lat="51.568615" lon="-0.308417"><ele>45.75</ele></trkpt>
      <trkpt lat="51.568641" lon="-0.308386"><ele>45.75</ele></trkpt>
      <trkpt lat="51.568688" lon="-0.308398"><ele>45.5</ele></trkpt>
      <trkpt lat="51.568721" lon="-0.308425"><ele>45.5</ele></trkpt>
      <trkpt lat="51.568742" lon="-0.308486"><ele>45.5</ele></trkpt>
      <trkpt lat="51.56943" lon="-0.308847"><ele>43</ele></trkpt>
      <trkpt lat="51.569506" lon="-0.308896"><ele>43</ele></trkpt>
      <trkpt lat="51.569658" lon="-0.309038"><ele>43</ele></trkpt>
      <trkpt lat="51.569775" lon="-0.309132"><ele>43</ele></trkpt>
      <trkpt lat="51.57046" lon="-0.309486"><ele>43</ele></trkpt>
      <trkpt lat="51.570482" lon="-0.309482"><ele>43</ele></trkpt>
      <trkpt lat="51.570503" lon="-0.309457"><ele>43</ele></trkpt>
      <trkpt lat="51.570578" lon="-0.309147"><ele>43</ele></trkpt>
      <trkpt lat="51.570568" lon="-0.309106"><ele>43</ele></trkpt>
      <trkpt lat="51.570571" lon="-0.309062"><ele>43.25</ele></trkpt>
      <trkpt lat="51.570588" lon="-0.309027"><ele>43.5</ele></trkpt>
      <trkpt lat="51.570614" lon="-0.30901"><ele>43.75</ele></trkpt>
      <trkpt lat="51.570669" lon="-0.308736"><ele>45.25</ele></trkpt>
      <trkpt lat="51.570591" lon="-0.308686"><ele>45.5</ele></trkpt>
      <trkpt lat="51.570452" lon="-0.308604"><ele>45.5</ele></trkpt>
      <trkpt lat="51.570384" lon="-0.308564"><ele>45.25</ele></trkpt>
      <trkpt lat="51.570452" lon="-0.308604"><ele>45.5</ele></trkpt>
      <trkpt lat="51.570591" lon="-0.308686"><ele>45.5</ele></trkpt>
      <trkpt lat="51.570669" lon="-0.308736"><ele>45.25</ele></trkpt>
      <trkpt lat="51.570614" lon="-0.30901"><ele>43.75</ele></trkpt>
      <trkpt lat="51.570638" lon="-0.309014"><ele>43.75</ele></trkpt>
      <trkpt lat="51.570659" lon="-0.309035"><ele>43.75</ele></trkpt>
      <trkpt lat="51.570672" lon="-0.309072"><ele>43.5</ele></trkpt>
      <trkpt lat="51.570673" lon="-0.309116"><ele>43.25</ele></trkpt>
      <trkpt lat="51.57066" lon="-0.309154"><ele>43</ele></trkpt>
      <trkpt lat="51.570637" lon="-0.309177"><ele>43</ele></trkpt>
      <trkpt lat="51.570576" lon="-0.30944"><ele>43</ele></trkpt>
      <trkpt lat="51.570571" lon="-0.309482"><ele>43</ele></trkpt>
      <trkpt lat="51.570579" lon="-0.309533"><ele>43</ele></trkpt>
      <trkpt lat="51.57059" lon="-0.309557"><ele>43</ele></trkpt>
      <trkpt lat="51.570796" lon="-0.309664"><ele>43</ele></trkpt>
      <trkpt lat="51.570906" lon="-0.309731"><ele>43.25</ele></trkpt>
      <trkpt lat="51.570909" lon="-0.309798"><ele>43</ele></trkpt>
      <trkpt lat="51.570963" lon="-0.309779"><ele>43.25</ele></trkpt>
      <trkpt lat="51.57108" lon="-0.310199"><ele>43</ele></trkpt>
      <trkpt lat="51.571189" lon="-0.311097"><ele>44</ele></trkpt>
      <trkpt lat="51.571319" lon="-0.311731"><ele>43.75</ele></trkpt>
      <trkpt lat="51.571389" lon="-0.312426"><ele>44.5</ele></trkpt>
      <trkpt lat="51.571447" lon="-0.31311"><ele>45</ele></trkpt>
      <trkpt lat="51.571423" lon="-0.313477"><ele>45</ele></trkpt>
      <trkpt lat="51.571525" lon="-0.313482"><ele>45</ele></trkpt>
      <trkpt lat="51.571633" lon="-0.313501"><ele>45</ele></trkpt>
      <trkpt lat="51.57176" lon="-0.313577"><ele>45</ele></trkpt>
      <trkpt lat="51.571846" lon="-0.313648"><ele>44.75</ele></trkpt>
      <trkpt lat="51.572098" lon="-0.313921"><ele>45.5</ele></trkpt>
      <trkpt lat="51.572589" lon="-0.314418"><ele>46.25</ele></trkpt>
      <trkpt lat="51.572665" lon="-0.314469"><ele>46.5</ele></trkpt>
      <trkpt lat="51.572885" lon="-0.314569"><ele>46.5</ele></trkpt>
      <trkpt lat="51.572878" lon="-0.314615"><ele>46.5</ele></trkpt>
      <trkpt lat="51.572927" lon="-0.314637"><ele>46.5</ele></trkpt>
      <trkpt lat="51.573293" lon="-0.314819"><ele>47</ele></trkpt>
      <trkpt lat="51.573471" lon="-0.314902"><ele>47</ele></trkpt>
      <trkpt lat="51.573561" lon="-0.31495"><ele>47</ele></trkpt>
      <trkpt lat="51.573642" lon="-0.314962"><ele>47</ele></trkpt>
      <trkpt lat="51.573746" lon="-0.314968"><ele>47.5</ele></trkpt>
      <trkpt lat="51.573817" lon="-0.31495"><ele>47.75</ele></trkpt>
      <trkpt lat="51.573906" lon="-0.314934"><ele>48</ele></trkpt>
      <trkpt lat="51.574071" lon="-0.314946"><ele>48</ele></trkpt>
      <trkpt lat="51.574428" lon="-0.31503"><ele>48</ele></trkpt>
      <trkpt lat="51.574795" lon="-0.315137"><ele>48</ele></trkpt>
      <trkpt lat="51.574901" lon="-0.315186"><ele>48</ele></trkpt>
      <trkpt lat="51.575246" lon="-0.315464"><ele>48</ele></trkpt>
      <trkpt lat="51.575749" lon="-0.315877"><ele>49.25</ele></trkpt>
      <trkpt lat="51.576021" lon="-0.316123"><ele>49.25</ele></trkpt>
      <trkpt lat="51.576276" lon="-0.316402"><ele>49.25</ele></trkpt>
      <trkpt lat="51.576452" lon="-0.316558"><ele>49.5</ele></trkpt>
      <trkpt lat="51.576596" lon="-0.316731"><ele>50</ele></trkpt>
      <trkpt lat="51.576626" lon="-0.316801"><ele>50</ele></trkpt>
      <trkpt lat="51.576717" lon="-0.316923"><ele>50</ele></trkpt>
      <trkpt lat="51.576847" lon="-0.31707"><ele>50.25</ele></trkpt>
      <trkpt lat="51.57721" lon="-0.317346"><ele>51.25</ele></trkpt>
      <trkpt lat="51.577563" lon="-0.317669"><ele>52.5</ele></trkpt>
      <trkpt lat="51.577818" lon="-0.317919"><ele>53.5</ele></trkpt>
      <trkpt lat="51.57795" lon="-0.318063"><ele>54</ele></trkpt>
      <trkpt lat="51.578149" lon="-0.3183"><ele>55</ele></trkpt>
      <trkpt lat="51.578207" lon="-0.318348"><ele>55.5</ele></trkpt>
      <trkpt lat="51.578316" lon="-0.318311"><ele>55.5</ele></trkpt>
      <trkpt lat="51.578525" lon="-0.318255"><ele>56</ele></trkpt>
      <trkpt lat="51.578661" lon="-0.318217"><ele>56.5</ele></trkpt>
      <trkpt lat="51.578677" lon="-0.318166"><ele>56.5</ele></trkpt>
      <trkpt lat="51.57874" lon="-0.318151"><ele>56</ele></trkpt>
      <trkpt lat="51.579016" lon="-0.318096"><ele>55</ele></trkpt>
      <trkpt lat="51.579076" lon="-0.318082"><ele>55</ele></trkpt>
      <trkpt lat="51.579016" lon="-0.317463"><ele>54</ele></trkpt>
      <trkpt lat="51.579086" lon="-0.317458"><ele>54</ele></trkpt>
      <trkpt lat="51.57912" lon="-0.317481"><ele>54</ele></trkpt>
      <trkpt lat="51.58048" lon="-0.318876"><ele>55</ele></trkpt>
      <trkpt lat="51.581208" lon="-0.317666"><ele>54.5</ele></trkpt>
      <trkpt lat="51.581445" lon="-0.31791"><ele>55</ele></trkpt>
      <trkpt lat="51.581472" lon="-0.317939"><ele>54.75</ele></trkpt>
      <trkpt lat="51.581519" lon="-0.317979"><ele>55</ele></trkpt>
      <trkpt lat="51.581608" lon="-0.317848"><ele>55</ele></trkpt>
      <trkpt lat="51.581914" lon="-0.317318"><ele>52.75</ele></trkpt>
      <trkpt lat="51.581968" lon="-0.317219"><ele>51.75</ele></trkpt>
      <trkpt lat="51.581891" lon="-0.317136"><ele>51.5</ele></trkpt>
      <trkpt lat="51.581842" lon="-0.317069"><ele>51.25</ele></trkpt>
      <trkpt lat="51.581827" lon="-0.317052"><ele>51.25</ele></trkpt>
      <trkpt lat="51.581842" lon="-0.317069"><ele>51.25</ele></trkpt>
      <trkpt lat="51.581891" lon="-0.317136"><ele>51.5</ele></trkpt>
      <trkpt lat="51.581968" lon="-0.317219"><ele>51.75</ele></trkpt>
      <trkpt lat="51.581914" lon="-0.317318"><ele>52.75</ele></trkpt>
      <trkpt lat="51.581608" lon="-0.317848"><ele>55</ele></trkpt>
      <trkpt lat="51.581519" lon="-0.317979"><ele>55</ele></trkpt>
      <trkpt lat="51.581595" lon="-0.318058"><ele>55</ele></trkpt>
      <trkpt lat="51.581755" lon="-0.318264"><ele>55.75</ele></trkpt>
      <trkpt lat="51.581818" lon="-0.318338"><ele>56</ele></trkpt>
      <trkpt lat="51.583315" lon="-0.320173"><ele>60</ele></trkpt>
      <trkpt lat="51.584175" lon="-0.321266"><ele>52.75</ele></trkpt>
      <trkpt lat="51.584206" lon="-0.321305"><ele>52.75</ele></trkpt>
      <trkpt lat="51.584216" lon="-0.321318"><ele>52.75</ele></trkpt>
      <trkpt lat="51.584236" lon="-0.321278"><ele>52.75</ele></trkpt>
      <trkpt lat="51.584319" lon="-0.32138"><ele>52.25</ele></trkpt>
      <trkpt lat="51.584377" lon="-0.321308"><ele>52</ele></trkpt>
      <trkpt lat="51.584426" lon="-0.321295"><ele>52</ele></trkpt>
      <trkpt lat="51.584497" lon="-0.321202"><ele>52</ele></trkpt>
      <trkpt lat="51.584744" lon="-0.321611"><ele>52</ele></trkpt>
      <trkpt lat="51.585232" lon="-0.32242"><ele>53</ele></trkpt>
      <trkpt lat="51.585717" lon="-0.323243"><ele>51.5</ele></trkpt>
      <trkpt lat="51.58573" lon="-0.323265"><ele>51.5</ele></trkpt>
      <trkpt lat="51.586168" lon="-0.32401"><ele>51</ele></trkpt>
      <trkpt lat="51.586185" lon="-0.324035"><ele>51</ele></trkpt>
      <trkpt lat="51.586202" lon="-0.324059"><ele>51</ele></trkpt>
      <trkpt lat="51.586219" lon="-0.324085"><ele>51.25</ele></trkpt>
      <trkpt lat="51.58638" lon="-0.324356"><ele>51.75</ele></trkpt>
      <trkpt lat="51.586614" lon="-0.324751"><ele>52</ele></trkpt>
      <trkpt lat="51.586738" lon="-0.324957"><ele>52</ele></trkpt>
      <trkpt lat="51.586983" lon="-0.325392"><ele>52</ele></trkpt>
      <trkpt lat="51.587145" lon="-0.325801"><ele>52</ele></trkpt>
      <trkpt lat="51.58723" lon="-0.326101"><ele>52.75</ele></trkpt>
      <trkpt lat="51.587277" lon="-0.326314"><ele>53</ele></trkpt>
      <trkpt lat="51.587271" lon="-0.326386"><ele>52.75</ele></trkpt>
      <trkpt lat="51.587157" lon="-0.326685"><ele>53.25</ele></trkpt>
      <trkpt lat="51.587076" lon="-0.327016"><ele>54</ele></trkpt>
      <trkpt lat="51.587106" lon="-0.327048"><ele>54</ele></trkpt>
      <trkpt lat="51.587085" lon="-0.327171"><ele>54.25</ele></trkpt>
      <trkpt lat="51.586958" lon="-0.327641"><ele>54.75</ele></trkpt>
      <trkpt lat="51.58685" lon="-0.32796"><ele>54.75</ele></trkpt>
      <trkpt lat="51.586608" lon="-0.328572"><ele>55</ele></trkpt>
      <trkpt lat="51.586596" lon="-0.328671"><ele>55</ele></trkpt>
      <trkpt lat="51.586549" lon="-0.328785"><ele>55</ele></trkpt>
      <trkpt lat="51.586881" lon="-0.329118"><ele>52.5</ele></trkpt>
      <trkpt lat="51.586977" lon="-0.329191"><ele>51.75</ele></trkpt>
      <trkpt lat="51.587083" lon="-0.329184"><ele>51.5</ele></trkpt>
      <trkpt lat="51.5874" lon="-0.329489"><ele>51.25</ele></trkpt>
      <trkpt lat="51.587383" lon="-0.329629"><ele>51.25</ele></trkpt>
      <trkpt lat="51.587723" lon="-0.329787"><ele>51</ele></trkpt>
      <trkpt lat="51.587738" lon="-0.329683"><ele>51</ele></trkpt>
      <trkpt lat="51.58776" lon="-0.329599"><ele>51</ele></trkpt>
      <trkpt lat="51.587781" lon="-0.329585"><ele>51</ele></trkpt>
      <trkpt lat="51.587798" lon="-0.329573"><ele>51</ele></trkpt>
      <trkpt lat="51.58786" lon="-0.329577"><ele>51</ele></trkpt>
      <trkpt lat="51.588061" lon="-0.329639"><ele>51.5</ele></trkpt>
      <trkpt lat="51.589218" lon="-0.33004"><ele>51</ele></trkpt>
      <trkpt lat="51.58932" lon="-0.330099"><ele>51</ele></trkpt>
      <trkpt lat="51.589378" lon="-0.330213"><ele>51</ele></trkpt>
      <trkpt lat="51.589397" lon="-0.330305"><ele>51</ele></trkpt>
      <trkpt lat="51.589401" lon="-0.330416"><ele>51</ele></trkpt>
      <trkpt lat="51.589401" lon="-0.330459"><ele>51</ele></trkpt>
      <trkpt lat="51.589479" lon="-0.330487"><ele>51</ele></trkpt>
      <trkpt lat="51.589686" lon="-0.3305"><ele>51</ele></trkpt>
      <trkpt lat="51.589972" lon="-0.331834"><ele>52</ele></trkpt>
      <trkpt lat="51.590031" lon="-0.332213"><ele>52</ele></trkpt>
      <trkpt lat="51.590144" lon="-0.332146"><ele>52</ele></trkpt>
      <trkpt lat="51.59022" lon="-0.332151"><ele>52</ele></trkpt>
      <trkpt lat="51.590479" lon="-0.332268"><ele>51.75</ele></trkpt>
      <trkpt lat="51.590566" lon="-0.332331"><ele>51.5</ele></trkpt>
      <trkpt lat="51.590645" lon="-0.332413"><ele>52</ele></trkpt>
      <trkpt lat="51.590723" lon="-0.332562"><ele>52.5</ele></trkpt>
      <trkpt lat="51.59077" lon="-0.332732"><ele>52</ele></trkpt>
      <trkpt lat="51.5908" lon="-0.332981"><ele>51.5</ele></trkpt>
      <trkpt lat="51.590803" lon="-0.333028"><ele>51.25</ele></trkpt>
      <trkpt lat="51.590817" lon="-0.333277"><ele>51</ele></trkpt>
      <trkpt lat="51.590825" lon="-0.33362"><ele>51</ele></trkpt>
      <trkpt lat="51.590829" lon="-0.333917"><ele>52</ele></trkpt>
      <trkpt lat="51.590819" lon="-0.334064"><ele>53.25</ele></trkpt>
      <trkpt lat="51.59081" lon="-0.334213"><ele>54.25</ele></trkpt>
      <trkpt lat="51.590864" lon="-0.334238"><ele>54.5</ele></trkpt>
      <trkpt lat="51.591004" lon="-0.334318"><ele>55.5</ele></trkpt>
      <trkpt lat="51.591007" lon="-0.334387"><ele>55.75</ele></trkpt>
      <trkpt lat="51.591234" lon="-0.334512"><ele>55.75</ele></trkpt>
      <trkpt lat="51.591549" lon="-0.334685"><ele>55.75</ele></trkpt>
      <trkpt lat="51.591567" lon="-0.334601"><ele>55.5</ele></trkpt>
      <trkpt lat="51.591596" lon="-0.334446"><ele>55</ele></trkpt>
      <trkpt lat="51.591623" lon="-0.334413"><ele>54.75</ele></trkpt>
      <trkpt lat="51.591678" lon="-0.334345"><ele>54.5</ele></trkpt>
      <trkpt lat="51.5917" lon="-0.334317"><ele>54.25</ele></trkpt>
      <trkpt lat="51.591895" lon="-0.334723"><ele>55</ele></trkpt>
      <trkpt lat="51.591909" lon="-0.33475"><ele>55</ele></trkpt>
      <trkpt lat="51.591928" lon="-0.33479"><ele>55.25</ele></trkpt>
      <trkpt lat="51.591937" lon="-0.334809"><ele>55.25</ele></trkpt>
      <trkpt lat="51.591956" lon="-0.334849"><ele>55</ele></trkpt>
      <trkpt lat="51.591973" lon="-0.334883"><ele>55</ele></trkpt>
      <trkpt lat="51.592074" lon="-0.334755"><ele>54.5</ele></trkpt>
      <trkpt lat="51.592181" lon="-0.334621"><ele>54</ele></trkpt>
      <trkpt lat="51.592164" lon="-0.334586"><ele>54</ele></trkpt>
      <trkpt lat="51.592161" lon="-0.334581"><ele>54</ele></trkpt>
      <trkpt lat="51.592164" lon="-0.334586"><ele>54</ele></trkpt>
      <trkpt lat="51.592181" lon="-0.334621"><ele>54</ele></trkpt>
      <trkpt lat="51.592284" lon="-0.334488"><ele>54</ele></trkpt>
      <trkpt lat="51.592386" lon="-0.334351"><ele>54</ele></trkpt>
      <trkpt lat="51.592401" lon="-0.334332"><ele>54</ele></trkpt>
      <trkpt lat="51.592411" lon="-0.334321"><ele>54</ele></trkpt>
      <trkpt lat="51.592417" lon="-0.334332"><ele>54</ele></trkpt>
      <trkpt lat="51.592432" lon="-0.334359"><ele>54</ele></trkpt>
      <trkpt lat="51.592437" lon="-0.334369"><ele>54</ele></trkpt>
      <trkpt lat="51.592454" lon="-0.3344"><ele>54</ele></trkpt>
      <trkpt lat="51.592459" lon="-0.334435"><ele>53.75</ele></trkpt>
      <trkpt lat="51.592474" lon="-0.334461"><ele>54</ele></trkpt>
      <trkpt lat="51.592492" lon="-0.334461"><ele>54</ele></trkpt>
      <trkpt lat="51.592502" lon="-0.334461"><ele>53.75</ele></trkpt>
      <trkpt lat="51.592531" lon="-0.334531"><ele>53.75</ele></trkpt>
      <trkpt lat="51.592546" lon="-0.334676"><ele>53.5</ele></trkpt>
      <trkpt lat="51.592643" lon="-0.33486"><ele>52.75</ele></trkpt>
      <trkpt lat="51.592688" lon="-0.33493"><ele>52.5</ele></trkpt>
      <trkpt lat="51.592726" lon="-0.334983"><ele>52.25</ele></trkpt>
      <trkpt lat="51.592777" lon="-0.335088"><ele>52.25</ele></trkpt>
      <trkpt lat="51.592795" lon="-0.335122"><ele>52.25</ele></trkpt>
      <trkpt lat="51.592811" lon="-0.335123"><ele>52.25</ele></trkpt>
      <trkpt lat="51.592811" lon="-0.335162"><ele>52.5</ele></trkpt>
      <trkpt lat="51.592815" lon="-0.335204"><ele>52.5</ele></trkpt>
      <trkpt lat="51.592829" lon="-0.335223"><ele>52.75</ele></trkpt>
      <trkpt lat="51.592856" lon="-0.335237"><ele>52.75</ele></trkpt>
      <trkpt lat="51.592881" lon="-0.33525"><ele>52.75</ele></trkpt>
      <trkpt lat="51.592882" lon="-0.335264"><ele>52.75</ele></trkpt>
      <trkpt lat="51.592884" lon="-0.335322"><ele>53</ele></trkpt>
      <trkpt lat="51.592897" lon="-0.335406"><ele>53.25</ele></trkpt>
      <trkpt lat="51.592924" lon="-0.335484"><ele>53.25</ele></trkpt>
      <trkpt lat="51.592963" lon="-0.335564"><ele>53.25</ele></trkpt>
      <trkpt lat="51.593061" lon="-0.335713"><ele>52.75</ele></trkpt>
      <trkpt lat="51.593157" lon="-0.335792"><ele>53</ele></trkpt>
      <trkpt lat="51.593279" lon="-0.335895"><ele>53</ele></trkpt>
      <trkpt lat="51.593361" lon="-0.335964"><ele>53</ele></trkpt>
      <trkpt lat="51.593419" lon="-0.33604"><ele>53</ele></trkpt>
      <trkpt lat="51.593456" lon="-0.336093"><ele>53.25</ele></trkpt>
      <trkpt lat="51.593535" lon="-0.336235"><ele>53.5</ele></trkpt>
      <trkpt lat="51.5936" lon="-0.336379"><ele>53</ele></trkpt>
      <trkpt lat="51.59367" lon="-0.336561"><ele>53.25</ele></trkpt>
      <trkpt lat="51.593745" lon="-0.336817"><ele>53</ele></trkpt>
      <trkpt lat="51.593761" lon="-0.336866"><ele>53</ele></trkpt>
      <trkpt lat="51.593779" lon="-0.336935"><ele>53</ele></trkpt>
      <trkpt lat="51.593869" lon="-0.337272"><ele>52</ele></trkpt>
      <trkpt lat="51.593907" lon="-0.337503"><ele>52</ele></trkpt>
      <trkpt lat="51.593964" lon="-0.337511"><ele>52.75</ele></trkpt>
      <trkpt lat="51.59398" lon="-0.337513"><ele>52.75</ele></trkpt>
      <trkpt lat="51.594035" lon="-0.337533"><ele>53.5</ele></trkpt>
      <trkpt lat="51.594082" lon="-0.337594"><ele>53.75</ele></trkpt>
      <trkpt lat="51.594114" lon="-0.337661"><ele>53.75</ele></trkpt>
      <trkpt lat="51.594133" lon="-0.337701"><ele>54</ele></trkpt>
      <trkpt lat="51.594205" lon="-0.337854"><ele>54.5</ele></trkpt>
      <trkpt lat="51.594475" lon="-0.338428"><ele>55.5</ele></trkpt>
      <trkpt lat="51.594545" lon="-0.338574"><ele>55.25</ele></trkpt>
      <trkpt lat="51.594591" lon="-0.338672"><ele>55.5</ele></trkpt>
      <trkpt lat="51.594925" lon="-0.339384"><ele>56</ele></trkpt>
      <trkpt lat="51.595048" lon="-0.339625"><ele>56</ele></trkpt>
      <trkpt lat="51.595401" lon="-0.340361"><ele>56</ele></trkpt>
      <trkpt lat="51.595527" lon="-0.340621"><ele>56</ele></trkpt>
      <trkpt lat="51.595926" lon="-0.341486"><ele>56</ele></trkpt>
      <trkpt lat="51.596027" lon="-0.341675"><ele>56</ele></trkpt>
      <trkpt lat="51.596131" lon="-0.34189"><ele>56.75</ele></trkpt>
      <trkpt lat="51.596279" lon="-0.342197"><ele>57</ele></trkpt>
      <trkpt lat="51.596438" lon="-0.34253"><ele>57</ele></trkpt>
      <trkpt lat="51.596665" lon="-0.342991"><ele>57</ele></trkpt>
      <trkpt lat="51.597017" lon="-0.343304"><ele>58</ele></trkpt>
      <trkpt lat="51.597175" lon="-0.343449"><ele>57.75</ele></trkpt>
      <trkpt lat="51.597445" lon="-0.343705"><ele>58</ele></trkpt>
      <trkpt lat="51.597477" lon="-0.343733"><ele>58</ele></trkpt>
      <trkpt lat="51.597483" lon="-0.343763"><ele>58</ele></trkpt>
      <trkpt lat="51.597505" lon="-0.343783"><ele>58</ele></trkpt>
      <trkpt lat="51.597524" lon="-0.343798"><ele>58</ele></trkpt>
      <trkpt lat="51.597553" lon="-0.343791"><ele>58</ele></trkpt>
      <trkpt lat="51.597583" lon="-0.343813"><ele>58.25</ele></trkpt>
      <trkpt lat="51.597816" lon="-0.344013"><ele>59</ele></trkpt>
      <trkpt lat="51.597876" lon="-0.344075"><ele>59</ele></trkpt>
      <trkpt lat="51.598259" lon="-0.344557"><ele>59</ele></trkpt>
      <trkpt lat="51.598374" lon="-0.344709"><ele>59</ele></trkpt>
      <trkpt lat="51.598228" lon="-0.344901"><ele>59</ele></trkpt>
      <trkpt lat="51.597921" lon="-0.345305"><ele>59</ele></trkpt>
      <trkpt lat="51.598741" lon="-0.34699"><ele>61</ele></trkpt>
      <trkpt lat="51.599028" lon="-0.347569"><ele>62</ele></trkpt>
      <trkpt lat="51.599134" lon="-0.347782"><ele>62</ele></trkpt>
      <trkpt lat="51.599594" lon="-0.348707"><ele>63</ele></trkpt>
      <trkpt lat="51.599799" lon="-0.349129"><ele>63</ele></trkpt>
      <trkpt lat="51.600053" lon="-0.349622"><ele>63</ele></trkpt>
      <trkpt lat="51.600257" lon="-0.349723"><ele>63</ele></trkpt>
      <trkpt lat="51.600378" lon="-0.349773"><ele>63.25</ele></trkpt>
      <trkpt lat="51.6003" lon="-0.350455"><ele>63</ele></trkpt>
      <trkpt lat="51.600339" lon="-0.350463"><ele>63</ele></trkpt>
      <trkpt lat="51.600603" lon="-0.350968"><ele>63.5</ele></trkpt>
      <trkpt lat="51.600576" lon="-0.351109"><ele>65.5</ele></trkpt>
      <trkpt lat="51.60056" lon="-0.351192"><ele>64.75</ele></trkpt>
      <trkpt lat="51.600534" lon="-0.351326"><ele>62.75</ele></trkpt>
      <trkpt lat="51.600548" lon="-0.351452"><ele>62.25</ele></trkpt>
      <trkpt lat="51.600631" lon="-0.35155"><ele>63</ele></trkpt>
      <trkpt lat="51.600937" lon="-0.351666"><ele>61.5</ele></trkpt>
      <trkpt lat="51.601164" lon="-0.352283"><ele>59.5</ele></trkpt>
      <trkpt lat="51.601321" lon="-0.352597"><ele>59</ele></trkpt>
      <trkpt lat="51.60154" lon="-0.353035"><ele>59</ele></trkpt>
      <trkpt lat="51.601769" lon="-0.35349"><ele>59</ele></trkpt>
      <trkpt lat="51.601953" lon="-0.353895"><ele>59</ele></trkpt>
      <trkpt lat="51.602041" lon="-0.354087"><ele>59</ele></trkpt>
      <trkpt lat="51.602137" lon="-0.354298"><ele>59</ele></trkpt>
      <trkpt lat="51.602244" lon="-0.354532"><ele>59</ele></trkpt>
      <trkpt lat="51.602726" lon="-0.355582"><ele>61.75</ele></trkpt>
      <trkpt lat="51.602895" lon="-0.355973"><ele>62.5</ele></trkpt>
      <trkpt lat="51.603084" lon="-0.35641"><ele>62.75</ele></trkpt>
      <trkpt lat="51.602877" lon="-0.356645"><ele>61.75</ele></trkpt>
      <trkpt lat="51.603" lon="-0.356884"><ele>63</ele></trkpt>
      <trkpt lat="51.603021" lon="-0.356846"><ele>63.25</ele></trkpt>
      <trkpt lat="51.603026" lon="-0.356882"><ele>63.25</ele></trkpt>
      <trkpt lat="51.603045" lon="-0.357016"><ele>63</ele></trkpt>
      <trkpt lat="51.603057" lon="-0.357099"><ele>62.25</ele></trkpt>
      <trkpt lat="51.603037" lon="-0.357123"><ele>61.75</ele></trkpt>
      <trkpt lat="51.60274" lon="-0.357454"><ele>61.75</ele></trkpt>
      <trkpt lat="51.602721" lon="-0.357468"><ele>62.25</ele></trkpt>
      <trkpt lat="51.60274" lon="-0.357454"><ele>61.75</ele></trkpt>
      <trkpt lat="51.603037" lon="-0.357123"><ele>61.75</ele></trkpt>
      <trkpt lat="51.603057" lon="-0.357099"><ele>62.25</ele></trkpt>
      <trkpt lat="51.603087" lon="-0.357061"><ele>62.5</ele></trkpt>
      <trkpt lat="51.603229" lon="-0.357007"><ele>63.25</ele></trkpt>
      <trkpt lat="51.603493" lon="-0.357041"><ele>62.5</ele></trkpt>
      <trkpt lat="51.603848" lon="-0.35716"><ele>61.75</ele></trkpt>
      <trkpt lat="51.604227" lon="-0.357386"><ele>62</ele></trkpt>
      <trkpt lat="51.604403" lon="-0.357557"><ele>61.75</ele></trkpt>
      <trkpt lat="51.604482" lon="-0.357634"><ele>62</ele></trkpt>
      <trkpt lat="51.604622" lon="-0.357787"><ele>62</ele></trkpt>
      <trkpt lat="51.604688" lon="-0.357858"><ele>61.75</ele></trkpt>
      <trkpt lat="51.604867" lon="-0.358029"><ele>62</ele></trkpt>
      <trkpt lat="51.605007" lon="-0.358163"><ele>62</ele></trkpt>
      <trkpt lat="51.605096" lon="-0.358229"><ele>62</ele></trkpt>
      <trkpt lat="51.605179" lon="-0.358292"><ele>62</ele></trkpt>
      <trkpt lat="51.605391" lon="-0.358451"><ele>62</ele></trkpt>
      <trkpt lat="51.605754" lon="-0.358613"><ele>62</ele></trkpt>
      <trkpt lat="51.606029" lon="-0.35869"><ele>62</ele></trkpt>
      <trkpt lat="51.60618" lon="-0.358732"><ele>62</ele></trkpt>
      <trkpt lat="51.606299" lon="-0.358766"><ele>62</ele></trkpt>
      <trkpt lat="51.606508" lon="-0.358865"><ele>62</ele></trkpt>
      <trkpt lat="51.606892" lon="-0.359084"><ele>62.5</ele></trkpt>
      <trkpt lat="51.607266" lon="-0.359346"><ele>63</ele></trkpt>
      <trkpt lat="51.607572" lon="-0.35951"><ele>63.25</ele></trkpt>
      <trkpt lat="51.60762" lon="-0.359237"><ele>63.25</ele></trkpt>
      <trkpt lat="51.607878" lon="-0.359311"><ele>64</ele></trkpt>
      <trkpt lat="51.608071" lon="-0.359307"><ele>64</ele></trkpt>
      <trkpt lat="51.608278" lon="-0.359259"><ele>64</ele></trkpt>
      <trkpt lat="51.608412" lon="-0.359162"><ele>64</ele></trkpt>
      <trkpt lat="51.608513" lon="-0.359007"><ele>64.25</ele></trkpt>
      <trkpt lat="51.608563" lon="-0.359054"><ele>64.25</ele></trkpt>
      <trkpt lat="51.608581" lon="-0.359096"><ele>64</ele></trkpt>
      <trkpt lat="51.608586" lon="-0.359165"><ele>64</ele></trkpt>
      <trkpt lat="51.608628" lon="-0.359159"><ele>64</ele></trkpt>
      <trkpt lat="51.608655" lon="-0.359179"><ele>64</ele></trkpt>
      <trkpt lat="51.608684" lon="-0.3592"><ele>64</ele></trkpt>
      <trkpt lat="51.608733" lon="-0.359228"><ele>64</ele></trkpt>
      <trkpt lat="51.608764" lon="-0.359244"><ele>64</ele></trkpt>
      <trkpt lat="51.608808" lon="-0.359258"><ele>64</ele></trkpt>
      <trkpt lat="51.608824" lon="-0.359423"><ele>64</ele></trkpt>
      <trkpt lat="51.608884" lon="-0.359619"><ele>64</ele></trkpt>
      <trkpt lat="51.608921" lon="-0.359664"><ele>64</ele></trkpt>
      <trkpt lat="51.608917" lon="-0.359728"><ele>63.75</ele></trkpt>
      <trkpt lat="51.609003" lon="-0.3598"><ele>63.75</ele></trkpt>
      <trkpt lat="51.609223" lon="-0.359819"><ele>64</ele></trkpt>
      <trkpt lat="51.609331" lon="-0.359852"><ele>64</ele></trkpt>
      <trkpt lat="51.609424" lon="-0.360152"><ele>64</ele></trkpt>
      <trkpt lat="51.609386" lon="-0.360582"><ele>64</ele></trkpt>
      <trkpt lat="51.609404" lon="-0.361281"><ele>64</ele></trkpt>
      <trkpt lat="51.609848" lon="-0.364304"><ele>68.25</ele></trkpt>
      <trkpt lat="51.609907" lon="-0.364791"><ele>68.5</ele></trkpt>
      <trkpt lat="51.609962" lon="-0.365398"><ele>68.75</ele></trkpt>
      <trkpt lat="51.609953" lon="-0.365451"><ele>68.75</ele></trkpt>
      <trkpt lat="51.609922" lon="-0.365437"><ele>68.5</ele></trkpt>
      <trkpt lat="51.609864" lon="-0.365441"><ele>68.5</ele></trkpt>
      <trkpt lat="51.609504" lon="-0.365288"><ele>66.25</ele></trkpt>
      <trkpt lat="51.609134" lon="-0.36516"><ele>64.75</ele></trkpt>
      <trkpt lat="51.609117" lon="-0.365138"><ele>64.75</ele></trkpt>
      <trkpt lat="51.609069" lon="-0.365114"><ele>64.5</ele></trkpt>
      <trkpt lat="51.609026" lon="-0.36512"><ele>64.25</ele></trkpt>
      <trkpt lat="51.608987" lon="-0.365149"><ele>64.25</ele></trkpt>
      <trkpt lat="51.608967" lon="-0.365177"><ele>64.25</ele></trkpt>
      <trkpt lat="51.608957" lon="-0.365202"><ele>64</ele></trkpt>
      <trkpt lat="51.608852" lon="-0.365186"><ele>63.75</ele></trkpt>
      <trkpt lat="51.608769" lon="-0.365089"><ele>63.5</ele></trkpt>
      <trkpt lat="51.608731" lon="-0.365143"><ele>63.25</ele></trkpt>
      <trkpt lat="51.608702" lon="-0.365195"><ele>63.25</ele></trkpt>
      <trkpt lat="51.609008" lon="-0.365664"><ele>64.25</ele></trkpt>
      <trkpt lat="51.609047" lon="-0.366061"><ele>64.5</ele></trkpt>
      <trkpt lat="51.609011" lon="-0.36727"><ele>64.5</ele></trkpt>
      <trkpt lat="51.608985" lon="-0.367712"><ele>64.5</ele></trkpt>
      <trkpt lat="51.608991" lon="-0.367715"><ele>64.5</ele></trkpt>
      <trkpt lat="51.609027" lon="-0.367727"><ele>64.5</ele></trkpt>
      <trkpt lat="51.609052" lon="-0.367736"><ele>64.5</ele></trkpt>
      <trkpt lat="51.609065" lon="-0.367741"><ele>64.5</ele></trkpt>
      <trkpt lat="51.609058" lon="-0.367831"><ele>64.5</ele></trkpt>
      <trkpt lat="51.609078" lon="-0.367837"><ele>64.5</ele></trkpt>
      <trkpt lat="51.609102" lon="-0.367842"><ele>64.5</ele></trkpt>
      <trkpt lat="51.609123" lon="-0.367846"><ele>64.5</ele></trkpt>
      <trkpt lat="51.609139" lon="-0.367849"><ele>64.5</ele></trkpt>
      <trkpt lat="51.609093" lon="-0.36846"><ele>64.5</ele></trkpt>
      <trkpt lat="51.608977" lon="-0.369502"><ele>64.5</ele></trkpt>
      <trkpt lat="51.609" lon="-0.369474"><ele>64.5</ele></trkpt>
      <trkpt lat="51.60906" lon="-0.369365"><ele>64.5</ele></trkpt>
      <trkpt lat="51.609189" lon="-0.369108"><ele>64.75</ele></trkpt>
      <trkpt lat="51.609288" lon="-0.368932"><ele>64.75</ele></trkpt>
      <trkpt lat="51.609189" lon="-0.369108"><ele>64.75</ele></trkpt>
      <trkpt lat="51.60906" lon="-0.369365"><ele>64.5</ele></trkpt>
      <trkpt lat="51.609" lon="-0.369474"><ele>64.5</ele></trkpt>
      <trkpt lat="51.608977" lon="-0.369502"><ele>64.5</ele></trkpt>
      <trkpt lat="51.608933" lon="-0.369898"><ele>63.25</ele></trkpt>
      <trkpt lat="51.608907" lon="-0.370079"><ele>63</ele></trkpt>
      <trkpt lat="51.608763" lon="-0.370881"><ele>63</ele></trkpt>
      <trkpt lat="51.608756" lon="-0.371029"><ele>63</ele></trkpt>
      <trkpt lat="51.608748" lon="-0.371078"><ele>63</ele></trkpt>
      <trkpt lat="51.608729" lon="-0.371204"><ele>63</ele></trkpt>
      <trkpt lat="51.608715" lon="-0.371306"><ele>63</ele></trkpt>
      <trkpt lat="51.608668" lon="-0.37138"><ele>63</ele></trkpt>
      <trkpt lat="51.607987" lon="-0.373558"><ele>59.75</ele></trkpt>
      <trkpt lat="51.607995" lon="-0.373586"><ele>59.75</ele></trkpt>
      <trkpt lat="51.608347" lon="-0.373883"><ele>60</ele></trkpt>
      <trkpt lat="51.608484" lon="-0.374"><ele>60</ele></trkpt>
      <trkpt lat="51.608531" lon="-0.374042"><ele>60</ele></trkpt>
      <trkpt lat="51.608573" lon="-0.374081"><ele>60</ele></trkpt>
      <trkpt lat="51.608711" lon="-0.374253"><ele>59.75</ele></trkpt>
      <trkpt lat="51.608798" lon="-0.374439"><ele>60</ele></trkpt>
      <trkpt lat="51.608912" lon="-0.374761"><ele>61</ele></trkpt>
      <trkpt lat="51.609158" lon="-0.375573"><ele>63</ele></trkpt>
      <trkpt lat="51.609676" lon="-0.375269"><ele>61.75</ele></trkpt>
      <trkpt lat="51.610662" lon="-0.37437"><ele>65</ele></trkpt>
      <trkpt lat="51.610887" lon="-0.375003"><ele>65</ele></trkpt>
      <trkpt lat="51.610995" lon="-0.375261"><ele>65.5</ele></trkpt>
      <trkpt lat="51.611095" lon="-0.375476"><ele>65.25</ele></trkpt>
      <trkpt lat="51.611164" lon="-0.375627"><ele>65</ele></trkpt>
      <trkpt lat="51.611215" lon="-0.375699"><ele>65.25</ele></trkpt>
      <trkpt lat="51.611321" lon="-0.375612"><ele>65.75</ele></trkpt>
      <trkpt lat="51.611719" lon="-0.377507"><ele>66</ele></trkpt>
      <trkpt lat="51.613163" lon="-0.376802"><ele>69</ele></trkpt>
      <trkpt lat="51.613734" lon="-0.376535"><ele>69</ele></trkpt>
      <trkpt lat="51.614075" lon="-0.376319"><ele>69</ele></trkpt>
      <trkpt lat="51.614178" lon="-0.376744"><ele>70</ele></trkpt>
      <trkpt lat="51.614363" lon="-0.377524"><ele>71</ele></trkpt>
      <trkpt lat="51.614498" lon="-0.378042"><ele>71</ele></trkpt>
      <trkpt lat="51.614542" lon="-0.378102"><ele>71.25</ele></trkpt>
      <trkpt lat="51.614926" lon="-0.378179"><ele>72</ele></trkpt>
      <trkpt lat="51.614955" lon="-0.378227"><ele>72</ele></trkpt>
      <trkpt lat="51.61501" lon="-0.378256"><ele>72</ele></trkpt>
      <trkpt lat="51.615169" lon="-0.378361"><ele>72.5</ele></trkpt>
      <trkpt lat="51.615347" lon="-0.37857"><ele>73</ele></trkpt>
      <trkpt lat="51.615588" lon="-0.378825"><ele>73</ele></trkpt>
      <trkpt lat="51.615624" lon="-0.378856"><ele>73</ele></trkpt>
      <trkpt lat="51.61565" lon="-0.378878"><ele>73.25</ele></trkpt>
      <trkpt lat="51.615686" lon="-0.378882"><ele>73.25</ele></trkpt>
      <trkpt lat="51.617699" lon="-0.37898"><ele>72.75</ele></trkpt>
      <trkpt lat="51.618614" lon="-0.380012"><ele>76</ele></trkpt>
      <trkpt lat="51.619532" lon="-0.38096"><ele>77.75</ele></trkpt>
      <trkpt lat="51.619942" lon="-0.381307"><ele>79.75</ele></trkpt>
      <trkpt lat="51.619971" lon="-0.381353"><ele>79.75</ele></trkpt>
      <trkpt lat="51.620002" lon="-0.381369"><ele>79.75</ele></trkpt>
      <trkpt lat="51.62006" lon="-0.381387"><ele>79.25</ele></trkpt>
      <trkpt lat="51.620049" lon="-0.381495"><ele>79.5</ele></trkpt>
      <trkpt lat="51.620274" lon="-0.381583"><ele>78.25</ele></trkpt>
      <trkpt lat="51.621717" lon="-0.382422"><ele>75.75</ele></trkpt>
      <trkpt lat="51.621973" lon="-0.382612"><ele>75.75</ele></trkpt>
      <trkpt lat="51.622053" lon="-0.382799"><ele>75.75</ele></trkpt>
      <trkpt lat="51.622269" lon="-0.382929"><ele>75.75</ele></trkpt>
      <trkpt lat="51.622579" lon="-0.383148"><ele>76</ele></trkpt>
      <trkpt lat="51.622925" lon="-0.383424"><ele>76</ele></trkpt>
      <trkpt lat="51.62312" lon="-0.383661"><ele>76</ele></trkpt>
      <trkpt lat="51.623335" lon="-0.383987"><ele>76</ele></trkpt>
      <trkpt lat="51.623491" lon="-0.384133"><ele>76.25</ele></trkpt>
      <trkpt lat="51.623741" lon="-0.384209"><ele>76.25</ele></trkpt>
      <trkpt lat="51.624322" lon="-0.384259"><ele>73.75</ele></trkpt>
      <trkpt lat="51.624672" lon="-0.384335"><ele>71.5</ele></trkpt>
      <trkpt lat="51.625131" lon="-0.384505"><ele>69.25</ele></trkpt>
      <trkpt lat="51.625472" lon="-0.384655"><ele>68.75</ele></trkpt>
      <trkpt lat="51.625674" lon="-0.384764"><ele>69.75</ele></trkpt>
      <trkpt lat="51.625771" lon="-0.384883"><ele>70.5</ele></trkpt>
      <trkpt lat="51.625848" lon="-0.385031"><ele>71</ele></trkpt>
      <trkpt lat="51.625907" lon="-0.385186"><ele>72</ele></trkpt>
      <trkpt lat="51.625952" lon="-0.385444"><ele>72.25</ele></trkpt>
      <trkpt lat="51.625951" lon="-0.385633"><ele>72.5</ele></trkpt>
      <trkpt lat="51.62589" lon="-0.38607"><ele>73</ele></trkpt>
      <trkpt lat="51.62617" lon="-0.386183"><ele>74</ele></trkpt>
      <trkpt lat="51.62629" lon="-0.38623"><ele>74.5</ele></trkpt>
      <trkpt lat="51.627103" lon="-0.386557"><ele>75.75</ele></trkpt>
      <trkpt lat="51.62758" lon="-0.386736"><ele>75</ele></trkpt>
      <trkpt lat="51.627688" lon="-0.386784"><ele>75</ele></trkpt>
      <trkpt lat="51.62772" lon="-0.386798"><ele>75</ele></trkpt>
      <trkpt lat="51.627756" lon="-0.386811"><ele>75</ele></trkpt>
      <trkpt lat="51.627826" lon="-0.386837"><ele>74.75</ele></trkpt>
      <trkpt lat="51.62787" lon="-0.386853"><ele>74.5</ele></trkpt>
      <trkpt lat="51.627908" lon="-0.386867"><ele>74.25</ele></trkpt>
      <trkpt lat="51.627961" lon="-0.386886"><ele>74</ele></trkpt>
      <trkpt lat="51.628039" lon="-0.386912"><ele>73.75</ele></trkpt>
      <trkpt lat="51.628084" lon="-0.386847"><ele>73.25</ele></trkpt>
      <trkpt lat="51.628212" lon="-0.386076"><ele>70.75</ele></trkpt>
      <trkpt lat="51.628299" lon="-0.386108"><ele>70</ele></trkpt>
      <trkpt lat="51.628311" lon="-0.386035"><ele>70</ele></trkpt>
      <trkpt lat="51.628222" lon="-0.385994"><ele>70.5</ele></trkpt>
      <trkpt lat="51.628225" lon="-0.385977"><ele>70.5</ele></trkpt>
      <trkpt lat="51.628231" lon="-0.385948"><ele>70.5</ele></trkpt>
      <trkpt lat="51.628274" lon="-0.38593"><ele>70.25</ele></trkpt>
      <trkpt lat="51.628348" lon="-0.385955"><ele>69.75</ele></trkpt>
      <trkpt lat="51.62842" lon="-0.385979"><ele>69.75</ele></trkpt>
      <trkpt lat="51.628554" lon="-0.386033"><ele>69.25</ele></trkpt>
      <trkpt lat="51.62855" lon="-0.38606"><ele>69.25</ele></trkpt>
      <trkpt lat="51.628539" lon="-0.386133"><ele>69.25</ele></trkpt>
      <trkpt lat="51.628527" lon="-0.386196"><ele>69.5</ele></trkpt>
      <trkpt lat="51.628484" lon="-0.386453"><ele>70.5</ele></trkpt>
      <trkpt lat="51.628482" lon="-0.386469"><ele>70.5</ele></trkpt>
      <trkpt lat="51.628477" lon="-0.386493"><ele>70.5</ele></trkpt>
      <trkpt lat="51.628472" lon="-0.386525"><ele>70.5</ele></trkpt>
      <trkpt lat="51.628397" lon="-0.386972"><ele>71.5</ele></trkpt>
      <trkpt lat="51.628414" lon="-0.387072"><ele>71.5</ele></trkpt>
      <trkpt lat="51.628544" lon="-0.387118"><ele>70.75</ele></trkpt>
      <trkpt lat="51.629841" lon="-0.387625"><ele>67</ele></trkpt>
      <trkpt lat="51.62989" lon="-0.387652"><ele>66.75</ele></trkpt>
      <trkpt lat="51.629931" lon="-0.387669"><ele>66.5</ele></trkpt>
      <trkpt lat="51.630174" lon="-0.387776"><ele>66</ele></trkpt>
      <trkpt lat="51.630479" lon="-0.387908"><ele>65.5</ele></trkpt>
      <trkpt lat="51.631904" lon="-0.388647"><ele>63.75</ele></trkpt>
      <trkpt lat="51.632945" lon="-0.389169"><ele>65.5</ele></trkpt>
      <trkpt lat="51.63387" lon="-0.389738"><ele>66</ele></trkpt>
      <trkpt lat="51.634117" lon="-0.389924"><ele>66</ele></trkpt>
      <trkpt lat="51.634974" lon="-0.390722"><ele>66</ele></trkpt>
      <trkpt lat="51.635557" lon="-0.391515"><ele>62.75</ele></trkpt>
      <trkpt lat="51.635653" lon="-0.39165"><ele>62.5</ele></trkpt>
      <trkpt lat="51.635954" lon="-0.392154"><ele>60.5</ele></trkpt>
      <trkpt lat="51.635981" lon="-0.392154"><ele>60.5</ele></trkpt>
      <trkpt lat="51.636042" lon="-0.392274"><ele>60.25</ele></trkpt>
      <trkpt lat="51.63609" lon="-0.392279"><ele>60</ele></trkpt>
      <trkpt lat="51.636107" lon="-0.392306"><ele>60</ele></trkpt>
      <trkpt lat="51.636147" lon="-0.392369"><ele>59.75</ele></trkpt>
      <trkpt lat="51.636183" lon="-0.392317"><ele>59.5</ele></trkpt>
      <trkpt lat="51.636211" lon="-0.392284"><ele>59.5</ele></trkpt>
      <trkpt lat="51.636277" lon="-0.39221"><ele>59.25</ele></trkpt>
      <trkpt lat="51.636352" lon="-0.392165"><ele>58.75</ele></trkpt>
      <trkpt lat="51.636511" lon="-0.392132"><ele>58.5</ele></trkpt>
      <trkpt lat="51.637026" lon="-0.392187"><ele>58.25</ele></trkpt>
      <trkpt lat="51.63718" lon="-0.392218"><ele>58.75</ele></trkpt>
      <trkpt lat="51.63733" lon="-0.392241"><ele>59.5</ele></trkpt>
      <trkpt lat="51.637676" lon="-0.392263"><ele>62</ele></trkpt>
      <trkpt lat="51.637707" lon="-0.392265"><ele>62.25</ele></trkpt>
      <trkpt lat="51.638194" lon="-0.392337"><ele>67</ele></trkpt>
      <trkpt lat="51.638296" lon="-0.392333"><ele>68</ele></trkpt>
      <trkpt lat="51.63882" lon="-0.392161"><ele>72.75</ele></trkpt>
      <trkpt lat="51.639073" lon="-0.392099"><ele>75.25</ele></trkpt>
      <trkpt lat="51.640143" lon="-0.392046"><ele>75.25</ele></trkpt>
      <trkpt lat="51.640356" lon="-0.392037"><ele>74.75</ele></trkpt>
      <trkpt lat="51.64071" lon="-0.392022"><ele>74.25</ele></trkpt>
      <trkpt lat="51.640963" lon="-0.392015"><ele>74</ele></trkpt>
      <trkpt lat="51.641282" lon="-0.392005"><ele>73.25</ele></trkpt>
      <trkpt lat="51.641954" lon="-0.391981"><ele>70.75</ele></trkpt>
      <trkpt lat="51.642088" lon="-0.391963"><ele>70.25</ele></trkpt>
      <trkpt lat="51.642152" lon="-0.391915"><ele>70.25</ele></trkpt>
      <trkpt lat="51.642186" lon="-0.391863"><ele>70.25</ele></trkpt>
      <trkpt lat="51.642272" lon="-0.39163"><ele>71</ele></trkpt>
      <trkpt lat="51.642305" lon="-0.391559"><ele>71</ele></trkpt>
      <trkpt lat="51.642325" lon="-0.391516"><ele>71</ele></trkpt>
      <trkpt lat="51.642388" lon="-0.391605"><ele>71</ele></trkpt>
      <trkpt lat="51.642419" lon="-0.391553"><ele>71</ele></trkpt>
      <trkpt lat="51.642604" lon="-0.391314"><ele>71.5</ele></trkpt>
      <trkpt lat="51.642857" lon="-0.390984"><ele>72.25</ele></trkpt>
      <trkpt lat="51.642888" lon="-0.390923"><ele>72.5</ele></trkpt>
      <trkpt lat="51.642982" lon="-0.390642"><ele>73</ele></trkpt>
      <trkpt lat="51.643305" lon="-0.389647"><ele>74</ele></trkpt>
      <trkpt lat="51.643747" lon="-0.388275"><ele>74.5</ele></trkpt>
      <trkpt lat="51.64403" lon="-0.387404"><ele>74.25</ele></trkpt>
      <trkpt lat="51.644088" lon="-0.387247"><ele>74.25</ele></trkpt>
      <trkpt lat="51.644144" lon="-0.387112"><ele>74</ele></trkpt>
      <trkpt lat="51.644273" lon="-0.386853"><ele>73.5</ele></trkpt>
      <trkpt lat="51.644434" lon="-0.386526"><ele>73.5</ele></trkpt>
      <trkpt lat="51.644449" lon="-0.386481"><ele>73.25</ele></trkpt>
      <trkpt lat="51.64445" lon="-0.386414"><ele>73</ele></trkpt>
      <trkpt lat="51.644336" lon="-0.386424"><ele>73.25</ele></trkpt>
      <trkpt lat="51.644612" lon="-0.385519"><ele>72.75</ele></trkpt>
      <trkpt lat="51.645084" lon="-0.385328"><ele>70.25</ele></trkpt>
      <trkpt lat="51.645233" lon="-0.385371"><ele>70.5</ele></trkpt>
      <trkpt lat="51.64552" lon="-0.385386"><ele>69.25</ele></trkpt>
      <trkpt lat="51.645681" lon="-0.385375"><ele>68.5</ele></trkpt>
      <trkpt lat="51.645697" lon="-0.38553"><ele>67</ele></trkpt>
      <trkpt lat="51.64581" lon="-0.385573"><ele>66.25</ele></trkpt>
      <trkpt lat="51.645788" lon="-0.385431"><ele>67.5</ele></trkpt>
      <trkpt lat="51.645768" lon="-0.385269"><ele>66.75</ele></trkpt>
      <trkpt lat="51.645788" lon="-0.385431"><ele>67.5</ele></trkpt>
      <trkpt lat="51.64581" lon="-0.385573"><ele>66.25</ele></trkpt>
      <trkpt lat="51.645972" lon="-0.385605"><ele>66.5</ele></trkpt>
      <trkpt lat="51.646105" lon="-0.385651"><ele>66.5</ele></trkpt>
      <trkpt lat="51.646194" lon="-0.385777"><ele>65.75</ele></trkpt>
      <trkpt lat="51.646245" lon="-0.385885"><ele>65.5</ele></trkpt>
      <trkpt lat="51.64632" lon="-0.385786"><ele>65.5</ele></trkpt>
      <trkpt lat="51.646388" lon="-0.385695"><ele>65.75</ele></trkpt>
      <trkpt lat="51.646587" lon="-0.385272"><ele>63</ele></trkpt>
      <trkpt lat="51.646646" lon="-0.385151"><ele>62.25</ele></trkpt>
      <trkpt lat="51.646738" lon="-0.384917"><ele>61</ele></trkpt>
      <trkpt lat="51.646769" lon="-0.384727"><ele>61.75</ele></trkpt>
      <trkpt lat="51.646806" lon="-0.384734"><ele>60.75</ele></trkpt>
      <trkpt lat="51.646891" lon="-0.384802"><ele>58.75</ele></trkpt>
      <trkpt lat="51.646921" lon="-0.384834"><ele>58</ele></trkpt>
      <trkpt lat="51.64698" lon="-0.384761"><ele>57.5</ele></trkpt>
      <trkpt lat="51.64711" lon="-0.384763"><ele>56.5</ele></trkpt>
      <trkpt lat="51.647192" lon="-0.384788"><ele>55.75</ele></trkpt>
      <trkpt lat="51.647281" lon="-0.384842"><ele>55.25</ele></trkpt>
      <trkpt lat="51.647304" lon="-0.384785"><ele>55.5</ele></trkpt>
      <trkpt lat="51.647332" lon="-0.384714"><ele>55.5</ele></trkpt>
      <trkpt lat="51.647355" lon="-0.384656"><ele>55.75</ele></trkpt>
      <trkpt lat="51.647395" lon="-0.384698"><ele>55.5</ele></trkpt>
      <trkpt lat="51.647554" lon="-0.384942"><ele>55</ele></trkpt>
      <trkpt lat="51.64771" lon="-0.385158"><ele>55</ele></trkpt>
      <trkpt lat="51.647814" lon="-0.385359"><ele>54.5</ele></trkpt>
      <trkpt lat="51.647963" lon="-0.385659"><ele>54.25</ele></trkpt>
      <trkpt lat="51.648032" lon="-0.385824"><ele>54</ele></trkpt>
      <trkpt lat="51.648179" lon="-0.386089"><ele>53.5</ele></trkpt>
      <trkpt lat="51.648319" lon="-0.386356"><ele>53</ele></trkpt>
      <trkpt lat="51.648425" lon="-0.386498"><ele>53</ele></trkpt>
      <trkpt lat="51.648627" lon="-0.386651"><ele>53</ele></trkpt>
      <trkpt lat="51.648931" lon="-0.38685"><ele>53.25</ele></trkpt>
      <trkpt lat="51.648971" lon="-0.386828"><ele>53.5</ele></trkpt>
      <trkpt lat="51.648992" lon="-0.386797"><ele>53.5</ele></trkpt>
      <trkpt lat="51.649014" lon="-0.38674"><ele>53.75</ele></trkpt>
      <trkpt lat="51.649048" lon="-0.386761"><ele>53.75</ele></trkpt>
      <trkpt lat="51.649086" lon="-0.386783"><ele>53.75</ele></trkpt>
      <trkpt lat="51.649078" lon="-0.386882"><ele>53.75</ele></trkpt>
      <trkpt lat="51.64908" lon="-0.386919"><ele>53.5</ele></trkpt>
      <trkpt lat="51.649096" lon="-0.386959"><ele>53.5</ele></trkpt>
      <trkpt lat="51.64954" lon="-0.387243"><ele>53</ele></trkpt>
      <trkpt lat="51.649694" lon="-0.387302"><ele>53.25</ele></trkpt>
      <trkpt lat="51.649767" lon="-0.387295"><ele>53.25</ele></trkpt>
      <trkpt lat="51.64986" lon="-0.387237"><ele>53.5</ele></trkpt>
      <trkpt lat="51.649888" lon="-0.387283"><ele>53.5</ele></trkpt>
      <trkpt lat="51.649911" lon="-0.387327"><ele>53.75</ele></trkpt>
      <trkpt lat="51.649935" lon="-0.387364"><ele>53.75</ele></trkpt>
      <trkpt lat="51.649982" lon="-0.387404"><ele>53.75</ele></trkpt>
      <trkpt lat="51.650013" lon="-0.387456"><ele>54</ele></trkpt>
      <trkpt lat="51.650028" lon="-0.387477"><ele>54</ele></trkpt>
      <trkpt lat="51.650044" lon="-0.387495"><ele>54</ele></trkpt>
      <trkpt lat="51.650071" lon="-0.387505"><ele>54</ele></trkpt>
      <trkpt lat="51.650102" lon="-0.38751"><ele>54</ele></trkpt>
      <trkpt lat="51.650111" lon="-0.387604"><ele>54</ele></trkpt>
      <trkpt lat="51.65014" lon="-0.387666"><ele>54</ele></trkpt>
      <trkpt lat="51.650268" lon="-0.387781"><ele>54</ele></trkpt>
      <trkpt lat="51.650387" lon="-0.387873"><ele>54</ele></trkpt>
      <trkpt lat="51.650492" lon="-0.387983"><ele>54</ele></trkpt>
      <trkpt lat="51.650625" lon="-0.388182"><ele>54</ele></trkpt>
      <trkpt lat="51.65065" lon="-0.388218"><ele>54</ele></trkpt>
      <trkpt lat="51.650883" lon="-0.388766"><ele>55</ele></trkpt>
      <trkpt lat="51.650974" lon="-0.388952"><ele>55</ele></trkpt>
      <trkpt lat="51.651118" lon="-0.389183"><ele>55</ele></trkpt>
      <trkpt lat="51.651253" lon="-0.389397"><ele>56.25</ele></trkpt>
      <trkpt lat="51.651358" lon="-0.389581"><ele>56.75</ele></trkpt>
      <trkpt lat="51.651533" lon="-0.38984"><ele>57.5</ele></trkpt>
      <trkpt lat="51.651645" lon="-0.390025"><ele>58</ele></trkpt>
      <trkpt lat="51.651768" lon="-0.390209"><ele>58.25</ele></trkpt>
      <trkpt lat="51.651933" lon="-0.390382"><ele>58.75</ele></trkpt>
      <trkpt lat="51.651993" lon="-0.39039"><ele>59</ele></trkpt>
      <trkpt lat="51.65202" lon="-0.390371"><ele>59</ele></trkpt>
      <trkpt lat="51.65206" lon="-0.390432"><ele>59</ele></trkpt>
      <trkpt lat="51.652029" lon="-0.390499"><ele>59</ele></trkpt>
      <trkpt lat="51.652059" lon="-0.390561"><ele>59.25</ele></trkpt>
      <trkpt lat="51.652062" lon="-0.390603"><ele>59.25</ele></trkpt>
      <trkpt lat="51.652052" lon="-0.390661"><ele>59.25</ele></trkpt>
      <trkpt lat="51.652035" lon="-0.390693"><ele>59.25</ele></trkpt>
      <trkpt lat="51.652282" lon="-0.390866"><ele>60</ele></trkpt>
      <trkpt lat="51.652204" lon="-0.39102"><ele>59.75</ele></trkpt>
      <trkpt lat="51.652294" lon="-0.391086"><ele>60.25</ele></trkpt>
      <trkpt lat="51.652269" lon="-0.391152"><ele>60.25</ele></trkpt>
      <trkpt lat="51.652612" lon="-0.391536"><ele>60.25</ele></trkpt>
      <trkpt lat="51.652643" lon="-0.391577"/>
      <trkpt lat="51.652726" lon="-0.391687"/>
      <trkpt lat="51.652688" lon="-0.391759"/>
      <trkpt lat="51.652726" lon="-0.391687"><ele>61.25</ele></trkpt>
      <trkpt lat="51.652755" lon="-0.391726"><ele>61.25</ele></trkpt>
      <trkpt lat="51.652746" lon="-0.391787"><ele>61.5</ele></trkpt>
      <trkpt lat="51.652771" lon="-0.39181"><ele>61.75</ele></trkpt>
      <trkpt lat="51.652859" lon="-0.391854"><ele>62.75</ele></trkpt>
      <trkpt lat="51.6529" lon="-0.391875"><ele>63</ele></trkpt>
      <trkpt lat="51.652935" lon="-0.391888"><ele>63.25</ele></trkpt>
      <trkpt lat="51.652988" lon="-0.39201"><ele>63.75</ele></trkpt>
      <trkpt lat="51.653032" lon="-0.392091"><ele>64.25</ele></trkpt>
      <trkpt lat="51.653045" lon="-0.392077"><ele>64.25</ele></trkpt>
      <trkpt lat="51.653056" lon="-0.392093"><ele>64.5</ele></trkpt>
      <trkpt lat="51.653095" lon="-0.392051"><ele>64.25</ele></trkpt>
      <trkpt lat="51.653149" lon="-0.392009"><ele>64.25</ele></trkpt>
      <trkpt lat="51.653177" lon="-0.392094"><ele>64.5</ele></trkpt>
      <trkpt lat="51.653223" lon="-0.39217"><ele>64.75</ele></trkpt>
      <trkpt lat="51.653397" lon="-0.392442"><ele>65</ele></trkpt>
      <trkpt lat="51.653444" lon="-0.392509"><ele>65.25</ele></trkpt>
      <trkpt lat="51.653488" lon="-0.392572"><ele>65.5</ele></trkpt>
      <trkpt lat="51.653813" lon="-0.393131"><ele>67.25</ele></trkpt>
      <trkpt lat="51.653868" lon="-0.393247"><ele>67.5</ele></trkpt>
      <trkpt lat="51.653955" lon="-0.39343"><ele>68</ele></trkpt>
      <trkpt lat="51.654051" lon="-0.393657"><ele>68.5</ele></trkpt>
      <trkpt lat="51.654139" lon="-0.39388"><ele>68.75</ele></trkpt>
      <trkpt lat="51.654146" lon="-0.393953"><ele>69</ele></trkpt>
      <trkpt lat="51.654453" lon="-0.394655"><ele>70</ele></trkpt>
      <trkpt lat="51.654565" lon="-0.394831"><ele>70.25</ele></trkpt>
      <trkpt lat="51.654686" lon="-0.394971"><ele>70</ele></trkpt>
      <trkpt lat="51.654952" lon="-0.395356"><ele>71</ele></trkpt>
      <trkpt lat="51.65503" lon="-0.395537"><ele>71</ele></trkpt>
      <trkpt lat="51.655466" lon="-0.396247"><ele>72.25</ele></trkpt>
      <trkpt lat="51.655635" lon="-0.396523"><ele>72</ele></trkpt>
      <trkpt lat="51.65567" lon="-0.396721"><ele>72</ele></trkpt>
      <trkpt lat="51.655705" lon="-0.396745"><ele>72</ele></trkpt>
      <trkpt lat="51.655835" lon="-0.396891"><ele>72</ele></trkpt>
      <trkpt lat="51.655936" lon="-0.396961"><ele>72</ele></trkpt>
      <trkpt lat="51.656057" lon="-0.397"><ele>72</ele></trkpt>
      <trkpt lat="51.656121" lon="-0.397055"><ele>72</ele></trkpt>
      <trkpt lat="51.656635" lon="-0.397889"><ele>73</ele></trkpt>
      <trkpt lat="51.656726" lon="-0.397948"><ele>73</ele></trkpt>
      <trkpt lat="51.656735" lon="-0.397947"><ele>73</ele></trkpt>
      <trkpt lat="51.65678" lon="-0.397902"><ele>73</ele></trkpt>
      <trkpt lat="51.656971" lon="-0.397694"><ele>73</ele></trkpt>
      <trkpt lat="51.657199" lon="-0.397445"><ele>73</ele></trkpt>
      <trkpt lat="51.657323" lon="-0.39731"><ele>73.75</ele></trkpt>
      <trkpt lat="51.657484" lon="-0.397211"><ele>73.75</ele></trkpt>
      <trkpt lat="51.657581" lon="-0.397151"><ele>73.75</ele></trkpt>
      <trkpt lat="51.657662" lon="-0.3971"><ele>73.5</ele></trkpt>
      <trkpt lat="51.657743" lon="-0.397048"><ele>73.25</ele></trkpt>
      <trkpt lat="51.65772" lon="-0.396923"><ele>73.25</ele></trkpt>
      <trkpt lat="51.657763" lon="-0.396922"><ele>73</ele></trkpt>
      <trkpt lat="51.657875" lon="-0.396885"><ele>73</ele></trkpt>
      <trkpt lat="51.657904" lon="-0.396885"><ele>73</ele></trkpt>
      <trkpt lat="51.658886" lon="-0.3969"><ele>72</ele></trkpt>
      <trkpt lat="51.659077" lon="-0.396903"><ele>72</ele></trkpt>
      <trkpt lat="51.65993" lon="-0.396893"><ele>70.25</ele></trkpt>
      <trkpt lat="51.660133" lon="-0.396903"><ele>70</ele></trkpt>
      <trkpt lat="51.660244" lon="-0.396906"><ele>70</ele></trkpt>
      <trkpt lat="51.660313" lon="-0.396909"><ele>70</ele></trkpt>
      <trkpt lat="51.660424" lon="-0.396907"><ele>70</ele></trkpt>
      <trkpt lat="51.660524" lon="-0.396907"><ele>70</ele></trkpt>
      <trkpt lat="51.661063" lon="-0.396905"><ele>69.75</ele></trkpt>
      <trkpt lat="51.66108" lon="-0.396884"><ele>69.75</ele></trkpt>
      <trkpt lat="51.66108" lon="-0.396858"><ele>69.5</ele></trkpt>
      <trkpt lat="51.661114" lon="-0.396856"><ele>69.5</ele></trkpt>
      <trkpt lat="51.661164" lon="-0.39686"><ele>69.5</ele></trkpt>
      <trkpt lat="51.661175" lon="-0.396893"><ele>69.75</ele></trkpt>
      <trkpt lat="51.661205" lon="-0.396906"><ele>69.75</ele></trkpt>
      <trkpt lat="51.661537" lon="-0.396915"><ele>69.75</ele></trkpt>
      <trkpt lat="51.66181" lon="-0.396917"><ele>70</ele></trkpt>
      <trkpt lat="51.662139" lon="-0.396933"><ele>69.75</ele></trkpt>
      <trkpt lat="51.663107" lon="-0.396951"><ele>67.75</ele></trkpt>
      <trkpt lat="51.663144" lon="-0.396914"><ele>67.5</ele></trkpt>
      <trkpt lat="51.66316" lon="-0.39684"><ele>67.5</ele></trkpt>
      <trkpt lat="51.663149" lon="-0.396756"><ele>67.5</ele></trkpt>
      <trkpt lat="51.663193" lon="-0.396709"><ele>67.5</ele></trkpt>
      <trkpt lat="51.663234" lon="-0.396664"><ele>67.25</ele></trkpt>
      <trkpt lat="51.663302" lon="-0.396815"><ele>67</ele></trkpt>
      <trkpt lat="51.663504" lon="-0.396808"><ele>67</ele></trkpt>
      <trkpt lat="51.663514" lon="-0.396808"><ele>67</ele></trkpt>
      <trkpt lat="51.663507" lon="-0.396745"><ele>67</ele></trkpt>
      <trkpt lat="51.663535" lon="-0.396662"><ele>67</ele></trkpt>
      <trkpt lat="51.663533" lon="-0.396609"><ele>67</ele></trkpt>
    </trkseg>
  </trk>
</gpx>
