<?xml version="1.0" encoding="UTF-8"?>
<gpx version="1.1" creator="TubeRun route generator" xmlns="http://www.topografix.com/GPX/1/1">
  <metadata>
    <name>Mildmay line — TubeRun</name>
    <desc>Above-ground running route tracing the Mildmay line and its branches, station to station. Routed on pavements and footways from OpenStreetMap data (BRouter, shortest).</desc>
    <author><name>TubeRun</name></author>
    <copyright author="OpenStreetMap contributors"><license>https://opendatacommons.org/licenses/odbl/1-0/</license></copyright>
    <link href="https://www.openstreetmap.org/copyright"><text>© OpenStreetMap contributors</text></link>
    <time>2026-07-06T18:42:05.461Z</time>
  </metadata>
  <wpt lat="51.541895" lon="-0.003397"><name>Stratford</name></wpt>
  <wpt lat="51.54341" lon="-0.02492"><name>Hackney Wick</name></wpt>
  <wpt lat="51.547012" lon="-0.04236"><name>Homerton</name></wpt>
  <wpt lat="51.547105" lon="-0.056058"><name>Hackney Central</name></wpt>
  <wpt lat="51.548148" lon="-0.075701"><name>Dalston Kingsland</name></wpt>
  <wpt lat="51.548732" lon="-0.092191"><name>Canonbury</name></wpt>
  <wpt lat="51.546177" lon="-0.103764"><name>Highbury &amp; Islington</name></wpt>
  <wpt lat="51.543041" lon="-0.116729"><name>Caledonian Road &amp; Barnsbury</name></wpt>
  <wpt lat="51.541791" lon="-0.138701"><name>Camden Road</name></wpt>
  <wpt lat="51.546548" lon="-0.146655"><name>Kentish Town West</name></wpt>
  <wpt lat="51.555335" lon="-0.15077"><name>Gospel Oak</name></wpt>
  <wpt lat="51.55521" lon="-0.165705"><name>Hampstead Heath</name></wpt>
  <wpt lat="51.550266" lon="-0.183141"><name>Finchley Road &amp; Frognal</name></wpt>
  <wpt lat="51.547468" lon="-0.191185"><name>West Hampstead</name></wpt>
  <wpt lat="51.545166" lon="-0.202309"><name>Brondesbury</name></wpt>
  <wpt lat="51.540734" lon="-0.210054"><name>Brondesbury Park</name></wpt>
  <wpt lat="51.534554" lon="-0.219957"><name>Kensal Rise</name></wpt>
  <wpt lat="51.532497" lon="-0.244548"><name>Willesden Junction</name></wpt>
  <wpt lat="51.508716" lon="-0.262971"><name>Acton Central</name></wpt>
  <wpt lat="51.499695" lon="-0.270157"><name>South Acton</name></wpt>
  <wpt lat="51.491678" lon="-0.275286"><name>Gunnersbury</name></wpt>
  <wpt lat="51.477073" lon="-0.285054"><name>Kew Gardens</name></wpt>
  <wpt lat="51.463061" lon="-0.301558"><name>Richmond</name></wpt>
  <wpt lat="51.505285" lon="-0.217654"><name>Shepherds Bush</name></wpt>
  <wpt lat="51.497899" lon="-0.210364"><name>Kensington (Olympia)</name></wpt>
  <wpt lat="51.487061" lon="-0.195593"><name>West Brompton</name></wpt>
  <wpt lat="51.474949" lon="-0.182823"><name>Imperial Wharf</name></wpt>
  <wpt lat="51.464188" lon="-0.170293"><name>Clapham Junction</name></wpt>
  <trk>
    <name>Mildmay line</name>
    <trkseg>
      <trkpt lat="51.54189" lon="-0.003405"><ele>7</ele></trkpt>
      <trkpt lat="51.541897" lon="-0.003416"><ele>7</ele></trkpt>
      <trkpt lat="51.541832" lon="-0.003519"><ele>7</ele></trkpt>
      <trkpt lat="51.541925" lon="-0.00367"><ele>7</ele></trkpt>
      <trkpt lat="51.542026" lon="-0.003837"><ele>7</ele></trkpt>
      <trkpt lat="51.542071" lon="-0.003911"><ele>7.25</ele></trkpt>
      <trkpt lat="51.54213" lon="-0.004086"><ele>7.75</ele></trkpt>
      <trkpt lat="51.542225" lon="-0.00436"><ele>8.25</ele></trkpt>
      <trkpt lat="51.542305" lon="-0.004468"><ele>8.5</ele></trkpt>
      <trkpt lat="51.542354" lon="-0.004612"><ele>9</ele></trkpt>
      <trkpt lat="51.542377" lon="-0.004679"><ele>9</ele></trkpt>
      <trkpt lat="51.54243" lon="-0.00463"><ele>9</ele></trkpt>
      <trkpt lat="51.54259" lon="-0.004484"><ele>8.5</ele></trkpt>
      <trkpt lat="51.5426" lon="-0.004517"><ele>8.5</ele></trkpt>
      <trkpt lat="51.542606" lon="-0.004536"><ele>8.5</ele></trkpt>
      <trkpt lat="51.542628" lon="-0.004604"><ele>8.5</ele></trkpt>
      <trkpt lat="51.542653" lon="-0.004685"><ele>8.25</ele></trkpt>
      <trkpt lat="51.542654" lon="-0.004722"><ele>8.25</ele></trkpt>
      <trkpt lat="51.542862" lon="-0.004811"><ele>9.25</ele></trkpt>
      <trkpt lat="51.542856" lon="-0.004831"><ele>9.25</ele></trkpt>
      <trkpt lat="51.54291" lon="-0.004876"><ele>10</ele></trkpt>
      <trkpt lat="51.542896" lon="-0.004919"><ele>10.25</ele></trkpt>
      <trkpt lat="51.543029" lon="-0.005056"><ele>12.75</ele></trkpt>
      <trkpt lat="51.543099" lon="-0.005132"><ele>13.5</ele></trkpt>
      <trkpt lat="51.54328" lon="-0.00538"><ele>14.25</ele></trkpt>
      <trkpt lat="51.543443" lon="-0.005663"><ele>14.5</ele></trkpt>
      <trkpt lat="51.543501" lon="-0.005779"><ele>14.25</ele></trkpt>
      <trkpt lat="51.543601" lon="-0.006024"><ele>14</ele></trkpt>
      <trkpt lat="51.543689" lon="-0.006295"><ele>14</ele></trkpt>
      <trkpt lat="51.543765" lon="-0.00658"><ele>14</ele></trkpt>
      <trkpt lat="51.543806" lon="-0.006787"><ele>14</ele></trkpt>
      <trkpt lat="51.543858" lon="-0.007145"><ele>14</ele></trkpt>
      <trkpt lat="51.543879" lon="-0.007459"><ele>14</ele></trkpt>
      <trkpt lat="51.543882" lon="-0.007825"><ele>14</ele></trkpt>
      <trkpt lat="51.543867" lon="-0.008036"><ele>14</ele></trkpt>
      <trkpt lat="51.543843" lon="-0.008254"><ele>14</ele></trkpt>
      <trkpt lat="51.543775" lon="-0.008677"><ele>13</ele></trkpt>
      <trkpt lat="51.543694" lon="-0.008987"><ele>13.5</ele></trkpt>
      <trkpt lat="51.543679" lon="-0.009037"><ele>13.5</ele></trkpt>
      <trkpt lat="51.543668" lon="-0.009073"><ele>13.5</ele></trkpt>
      <trkpt lat="51.543719" lon="-0.009151"><ele>12.75</ele></trkpt>
      <trkpt lat="51.543855" lon="-0.009375"><ele>10.75</ele></trkpt>
      <trkpt lat="51.543994" lon="-0.009554"><ele>9.5</ele></trkpt>
      <trkpt lat="51.54402" lon="-0.009615"><ele>9.5</ele></trkpt>
      <trkpt lat="51.54393" lon="-0.009773"><ele>11.25</ele></trkpt>
      <trkpt lat="51.543925" lon="-0.00978"><ele>11.25</ele></trkpt>
      <trkpt lat="51.543949" lon="-0.009819"><ele>11</ele></trkpt>
      <trkpt lat="51.543943" lon="-0.009829"><ele>11</ele></trkpt>
      <trkpt lat="51.543872" lon="-0.009954"><ele>12</ele></trkpt>
      <trkpt lat="51.543694" lon="-0.010265"><ele>12.5</ele></trkpt>
      <trkpt lat="51.54363" lon="-0.010377"><ele>12.5</ele></trkpt>
      <trkpt lat="51.543622" lon="-0.010391"><ele>12.5</ele></trkpt>
      <trkpt lat="51.543569" lon="-0.010485"><ele>11.75</ele></trkpt>
      <trkpt lat="51.543536" lon="-0.010539"><ele>11.25</ele></trkpt>
      <trkpt lat="51.54375" lon="-0.010853"><ele>9.25</ele></trkpt>
      <trkpt lat="51.543835" lon="-0.010997"><ele>9</ele></trkpt>
      <trkpt lat="51.543824" lon="-0.011025"><ele>9</ele></trkpt>
      <trkpt lat="51.543806" lon="-0.011071"><ele>9</ele></trkpt>
      <trkpt lat="51.543863" lon="-0.011157"><ele>9</ele></trkpt>
      <trkpt lat="51.543915" lon="-0.011254"><ele>8.75</ele></trkpt>
      <trkpt lat="51.543941" lon="-0.011354"><ele>8.75</ele></trkpt>
      <trkpt lat="51.543962" lon="-0.011437"><ele>8.5</ele></trkpt>
      <trkpt lat="51.543973" lon="-0.011478"><ele>8.5</ele></trkpt>
      <trkpt lat="51.543977" lon="-0.011493"><ele>8.5</ele></trkpt>
      <trkpt lat="51.543988" lon="-0.011535"><ele>8.25</ele></trkpt>
      <trkpt lat="51.544019" lon="-0.011642"><ele>8.25</ele></trkpt>
      <trkpt lat="51.544062" lon="-0.011836"><ele>8.75</ele></trkpt>
      <trkpt lat="51.544103" lon="-0.012082"><ele>9.25</ele></trkpt>
      <trkpt lat="51.544121" lon="-0.012361"><ele>10.25</ele></trkpt>
      <trkpt lat="51.544123" lon="-0.01248"><ele>10.75</ele></trkpt>
      <trkpt lat="51.544127" lon="-0.012618"><ele>11</ele></trkpt>
      <trkpt lat="51.544129" lon="-0.012821"><ele>10.25</ele></trkpt>
      <trkpt lat="51.544131" lon="-0.012882"><ele>9</ele></trkpt>
      <trkpt lat="51.544133" lon="-0.012921"><ele>9</ele></trkpt>
      <trkpt lat="51.544136" lon="-0.012973"><ele>9.25</ele></trkpt>
      <trkpt lat="51.54421" lon="-0.01382"><ele>11.75</ele></trkpt>
      <trkpt lat="51.544282" lon="-0.014561"><ele>11.75</ele></trkpt>
      <trkpt lat="51.544304" lon="-0.015063"><ele>11</ele></trkpt>
      <trkpt lat="51.544299" lon="-0.0155"><ele>10.5</ele></trkpt>
      <trkpt lat="51.544268" lon="-0.016146"><ele>9.75</ele></trkpt>
      <trkpt lat="51.544245" lon="-0.016633"><ele>9.5</ele></trkpt>
      <trkpt lat="51.544229" lon="-0.016958"><ele>9.25</ele></trkpt>
      <trkpt lat="51.544228" lon="-0.016976"><ele>9.25</ele></trkpt>
      <trkpt lat="51.544229" lon="-0.017327"><ele>11.75</ele></trkpt>
      <trkpt lat="51.544272" lon="-0.017409"><ele>12</ele></trkpt>
      <trkpt lat="51.544282" lon="-0.017575"><ele>12.5</ele></trkpt>
      <trkpt lat="51.54429" lon="-0.017721"><ele>12.75</ele></trkpt>
      <trkpt lat="51.54426" lon="-0.017795"><ele>13</ele></trkpt>
      <trkpt lat="51.544277" lon="-0.017889"><ele>13</ele></trkpt>
      <trkpt lat="51.544307" lon="-0.018015"><ele>13</ele></trkpt>
      <trkpt lat="51.5443" lon="-0.01814"><ele>12.75</ele></trkpt>
      <trkpt lat="51.544322" lon="-0.01818"><ele>12.5</ele></trkpt>
      <trkpt lat="51.544297" lon="-0.018217"><ele>12.5</ele></trkpt>
      <trkpt lat="51.544269" lon="-0.018261"><ele>12.5</ele></trkpt>
      <trkpt lat="51.544275" lon="-0.018277"><ele>12.5</ele></trkpt>
      <trkpt lat="51.544277" lon="-0.018328"><ele>12.5</ele></trkpt>
      <trkpt lat="51.544442" lon="-0.018573"><ele>12.75</ele></trkpt>
      <trkpt lat="51.544536" lon="-0.018692"><ele>12.5</ele></trkpt>
      <trkpt lat="51.544737" lon="-0.018888"><ele>11.75</ele></trkpt>
      <trkpt lat="51.544858" lon="-0.018994"><ele>11.5</ele></trkpt>
      <trkpt lat="51.544842" lon="-0.019079"><ele>11.75</ele></trkpt>
      <trkpt lat="51.544835" lon="-0.01927"><ele>12</ele></trkpt>
      <trkpt lat="51.54483" lon="-0.019631"><ele>10.5</ele></trkpt>
      <trkpt lat="51.544921" lon="-0.019645"><ele>10</ele></trkpt>
      <trkpt lat="51.544904" lon="-0.019695"><ele>10</ele></trkpt>
      <trkpt lat="51.544897" lon="-0.019755"><ele>10</ele></trkpt>
      <trkpt lat="51.544908" lon="-0.020392"><ele>10</ele></trkpt>
      <trkpt lat="51.544909" lon="-0.020435"><ele>10</ele></trkpt>
      <trkpt lat="51.544909" lon="-0.020488"><ele>10</ele></trkpt>
      <trkpt lat="51.544928" lon="-0.021102"><ele>10</ele></trkpt>
      <trkpt lat="51.54493" lon="-0.021149"><ele>10</ele></trkpt>
      <trkpt lat="51.544931" lon="-0.021227"><ele>10</ele></trkpt>
      <trkpt lat="51.544931" lon="-0.021282"><ele>10</ele></trkpt>
      <trkpt lat="51.544932" lon="-0.021372"><ele>10</ele></trkpt>
      <trkpt lat="51.544915" lon="-0.021422"><ele>10</ele></trkpt>
      <trkpt lat="51.544855" lon="-0.021556"><ele>10</ele></trkpt>
      <trkpt lat="51.544825" lon="-0.021588"><ele>10</ele></trkpt>
      <trkpt lat="51.544817" lon="-0.021619"><ele>10</ele></trkpt>
      <trkpt lat="51.544812" lon="-0.021637"><ele>9.75</ele></trkpt>
      <trkpt lat="51.544771" lon="-0.021811"><ele>9.25</ele></trkpt>
      <trkpt lat="51.544569" lon="-0.022662"><ele>6</ele></trkpt>
      <trkpt lat="51.544526" lon="-0.022871"><ele>5.5</ele></trkpt>
      <trkpt lat="51.544523" lon="-0.022903"><ele>5.5</ele></trkpt>
      <trkpt lat="51.544544" lon="-0.022908"><ele>5.5</ele></trkpt>
      <trkpt lat="51.544541" lon="-0.022933"><ele>5.25</ele></trkpt>
      <trkpt lat="51.54454" lon="-0.022944"><ele>5.25</ele></trkpt>
      <trkpt lat="51.544499" lon="-0.023006"><ele>5</ele></trkpt>
      <trkpt lat="51.544494" lon="-0.023056"><ele>4.75</ele></trkpt>
      <trkpt lat="51.544487" lon="-0.02314"><ele>5</ele></trkpt>
      <trkpt lat="51.544447" lon="-0.023637"><ele>5</ele></trkpt>
      <trkpt lat="51.544415" lon="-0.024105"><ele>5</ele></trkpt>
      <trkpt lat="51.544396" lon="-0.024363"><ele>5</ele></trkpt>
      <trkpt lat="51.544356" lon="-0.024829"><ele>5</ele></trkpt>
      <trkpt lat="51.544332" lon="-0.02499"><ele>5</ele></trkpt>
      <trkpt lat="51.54431" lon="-0.025064"><ele>5</ele></trkpt>
      <trkpt lat="51.544276" lon="-0.025119"><ele>5</ele></trkpt>
      <trkpt lat="51.544185" lon="-0.025057"><ele>4.75</ele></trkpt>
      <trkpt lat="51.54414" lon="-0.025041"><ele>5</ele></trkpt>
      <trkpt lat="51.544095" lon="-0.025056"><ele>5</ele></trkpt>
      <trkpt lat="51.543748" lon="-0.025328"><ele>5</ele></trkpt>
      <trkpt lat="51.543675" lon="-0.025385"><ele>5</ele></trkpt>
      <trkpt lat="51.543579" lon="-0.025459"><ele>5</ele></trkpt>
      <trkpt lat="51.543571" lon="-0.025465"><ele>5</ele></trkpt>
      <trkpt lat="51.543506" lon="-0.025515"><ele>5</ele></trkpt>
      <trkpt lat="51.543465" lon="-0.025547"><ele>5</ele></trkpt>
      <trkpt lat="51.543391" lon="-0.02558"><ele>5.25</ele></trkpt>
      <trkpt lat="51.543316" lon="-0.025572"><ele>5</ele></trkpt>
      <trkpt lat="51.543271" lon="-0.025578"><ele>5.25</ele></trkpt>
      <trkpt lat="51.543252" lon="-0.025592"><ele>5.25</ele></trkpt>
      <trkpt lat="51.54323" lon="-0.025628"><ele>5.5</ele></trkpt>
      <trkpt lat="51.54319" lon="-0.025713"><ele>6</ele></trkpt>
      <trkpt lat="51.543114" lon="-0.025906"><ele>5.75</ele></trkpt>
      <trkpt lat="51.543085" lon="-0.025983"><ele>5.25</ele></trkpt>
      <trkpt lat="51.542944" lon="-0.026377"><ele>5.5</ele></trkpt>
      <trkpt lat="51.542857" lon="-0.026682"><ele>5.25</ele></trkpt>
      <trkpt lat="51.542783" lon="-0.026956"><ele>5</ele></trkpt>
      <trkpt lat="51.542706" lon="-0.027283"><ele>5</ele></trkpt>
      <trkpt lat="51.542695" lon="-0.027331"><ele>5</ele></trkpt>
      <trkpt lat="51.542943" lon="-0.027429"><ele>5.5</ele></trkpt>
      <trkpt lat="51.54306" lon="-0.0275"><ele>6</ele></trkpt>
      <trkpt lat="51.543865" lon="-0.027999"><ele>6.25</ele></trkpt>
      <trkpt lat="51.543925" lon="-0.028062"><ele>5.75</ele></trkpt>
      <trkpt lat="51.543964" lon="-0.028165"><ele>5.5</ele></trkpt>
      <trkpt lat="51.544002" lon="-0.028309"><ele>5.5</ele></trkpt>
      <trkpt lat="51.544048" lon="-0.028496"><ele>5.25</ele></trkpt>
      <trkpt lat="51.54407" lon="-0.028586"><ele>5.25</ele></trkpt>
      <trkpt lat="51.544094" lon="-0.028682"><ele>5</ele></trkpt>
      <trkpt lat="51.544153" lon="-0.028896"><ele>5</ele></trkpt>
      <trkpt lat="51.544188" lon="-0.028975"><ele>5.25</ele></trkpt>
      <trkpt lat="51.54429" lon="-0.029155"><ele>5.75</ele></trkpt>
      <trkpt lat="51.544321" lon="-0.02929"><ele>5</ele></trkpt>
      <trkpt lat="51.544344" lon="-0.029338"><ele>4.75</ele></trkpt>
      <trkpt lat="51.544407" lon="-0.029447"><ele>5.25</ele></trkpt>
      <trkpt lat="51.544514" lon="-0.02964"><ele>6</ele></trkpt>
      <trkpt lat="51.54453" lon="-0.029669"><ele>6</ele></trkpt>
      <trkpt lat="51.544678" lon="-0.02993"><ele>6</ele></trkpt>
      <trkpt lat="51.544717" lon="-0.029996"><ele>6</ele></trkpt>
      <trkpt lat="51.544743" lon="-0.030046"><ele>6</ele></trkpt>
      <trkpt lat="51.544776" lon="-0.030107"><ele>6</ele></trkpt>
      <trkpt lat="51.544807" lon="-0.030165"><ele>6</ele></trkpt>
      <trkpt lat="51.544851" lon="-0.030261"><ele>6</ele></trkpt>
      <trkpt lat="51.544883" lon="-0.030351"><ele>6.25</ele></trkpt>
      <trkpt lat="51.544889" lon="-0.030436"><ele>6.75</ele></trkpt>
      <trkpt lat="51.544889" lon="-0.030503"><ele>7</ele></trkpt>
      <trkpt lat="51.544885" lon="-0.030569"><ele>7.25</ele></trkpt>
      <trkpt lat="51.544868" lon="-0.030719"><ele>6.5</ele></trkpt>
      <trkpt lat="51.544846" lon="-0.030954"><ele>6.75</ele></trkpt>
      <trkpt lat="51.544825" lon="-0.03128"><ele>7.75</ele></trkpt>
      <trkpt lat="51.54481" lon="-0.031651"><ele>6.25</ele></trkpt>
      <trkpt lat="51.544811" lon="-0.031929"><ele>6</ele></trkpt>
      <trkpt lat="51.544822" lon="-0.032365"><ele>6.25</ele></trkpt>
      <trkpt lat="51.544842" lon="-0.032656"><ele>6.75</ele></trkpt>
      <trkpt lat="51.544865" lon="-0.032909"><ele>7</ele></trkpt>
      <trkpt lat="51.54487" lon="-0.03295"><ele>7</ele></trkpt>
      <trkpt lat="51.544947" lon="-0.033533"><ele>7</ele></trkpt>
      <trkpt lat="51.544953" lon="-0.033576"><ele>7</ele></trkpt>
      <trkpt lat="51.545044" lon="-0.034276"><ele>6</ele></trkpt>
      <trkpt lat="51.545096" lon="-0.03466"><ele>6</ele></trkpt>
      <trkpt lat="51.545193" lon="-0.035355"><ele>6.5</ele></trkpt>
      <trkpt lat="51.54526" lon="-0.035539"><ele>7</ele></trkpt>
      <trkpt lat="51.545282" lon="-0.035581"><ele>7</ele></trkpt>
      <trkpt lat="51.54532" lon="-0.035663"><ele>7</ele></trkpt>
      <trkpt lat="51.545381" lon="-0.035755"><ele>7.25</ele></trkpt>
      <trkpt lat="51.545601" lon="-0.035879"><ele>8</ele></trkpt>
      <trkpt lat="51.545613" lon="-0.03596"><ele>8</ele></trkpt>
      <trkpt lat="51.545682" lon="-0.036015"><ele>8.25</ele></trkpt>
      <trkpt lat="51.54577" lon="-0.036086"><ele>8.75</ele></trkpt>
      <trkpt lat="51.545943" lon="-0.036288"><ele>9.25</ele></trkpt>
      <trkpt lat="51.546236" lon="-0.036652"><ele>10.75</ele></trkpt>
      <trkpt lat="51.546278" lon="-0.036704"><ele>11</ele></trkpt>
      <trkpt lat="51.546262" lon="-0.036758"><ele>11</ele></trkpt>
      <trkpt lat="51.546263" lon="-0.037093"><ele>11.5</ele></trkpt>
      <trkpt lat="51.546266" lon="-0.037802"><ele>12</ele></trkpt>
      <trkpt lat="51.546564" lon="-0.037793"><ele>13.25</ele></trkpt>
      <trkpt lat="51.546572" lon="-0.038257"><ele>13.5</ele></trkpt>
      <trkpt lat="51.546585" lon="-0.039034"><ele>13.5</ele></trkpt>
      <trkpt lat="51.546597" lon="-0.039723"><ele>13.5</ele></trkpt>
      <trkpt lat="51.546608" lon="-0.040425"><ele>13.75</ele></trkpt>
      <trkpt lat="51.546628" lon="-0.041528"><ele>13</ele></trkpt>
      <trkpt lat="51.546635" lon="-0.041941"><ele>12.75</ele></trkpt>
      <trkpt lat="51.546636" lon="-0.041954"><ele>12.75</ele></trkpt>
      <trkpt lat="51.546637" lon="-0.04202"><ele>12.75</ele></trkpt>
      <trkpt lat="51.546676" lon="-0.042017"><ele>13</ele></trkpt>
      <trkpt lat="51.546835" lon="-0.042003"><ele>13</ele></trkpt>
      <trkpt lat="51.546835" lon="-0.042038"><ele>13</ele></trkpt>
      <trkpt lat="51.546836" lon="-0.042075"><ele>13</ele></trkpt>
      <trkpt lat="51.546844" lon="-0.042075"><ele>13</ele></trkpt>
      <trkpt lat="51.546866" lon="-0.042072"><ele>13</ele></trkpt>
      <trkpt lat="51.546876" lon="-0.042292"><ele>13</ele></trkpt>
      <trkpt lat="51.546943" lon="-0.04228"><ele>13</ele></trkpt>
      <trkpt lat="51.546964" lon="-0.042278"><ele>13.25</ele></trkpt>
      <trkpt lat="51.546965" lon="-0.042296"><ele>13.25</ele></trkpt>
      <trkpt lat="51.546966" lon="-0.042346"><ele>13.5</ele></trkpt>
      <trkpt lat="51.546993" lon="-0.042344"><ele>13.5</ele></trkpt>
      <trkpt lat="51.547009" lon="-0.042342"><ele>14</ele></trkpt>
      <trkpt lat="51.546993" lon="-0.042344"><ele>13.5</ele></trkpt>
      <trkpt lat="51.546966" lon="-0.042346"><ele>13.5</ele></trkpt>
      <trkpt lat="51.546951" lon="-0.042347"><ele>13.25</ele></trkpt>
      <trkpt lat="51.546945" lon="-0.042348"><ele>13.25</ele></trkpt>
      <trkpt lat="51.546921" lon="-0.04235"><ele>13.25</ele></trkpt>
      <trkpt lat="51.546879" lon="-0.042355"><ele>13.25</ele></trkpt>
      <trkpt lat="51.54688" lon="-0.042391"><ele>13.25</ele></trkpt>
      <trkpt lat="51.54689" lon="-0.042965"><ele>14.5</ele></trkpt>
      <trkpt lat="51.546964" lon="-0.042969"><ele>15</ele></trkpt>
      <trkpt lat="51.546981" lon="-0.042959"><ele>15</ele></trkpt>
      <trkpt lat="51.547002" lon="-0.042949"><ele>15</ele></trkpt>
      <trkpt lat="51.547148" lon="-0.042872"><ele>15</ele></trkpt>
      <trkpt lat="51.547171" lon="-0.042864"><ele>15.25</ele></trkpt>
      <trkpt lat="51.547197" lon="-0.042889"><ele>15.25</ele></trkpt>
      <trkpt lat="51.547194" lon="-0.042931"><ele>15.25</ele></trkpt>
      <trkpt lat="51.547204" lon="-0.043126"><ele>15.75</ele></trkpt>
      <trkpt lat="51.547219" lon="-0.043171"><ele>15.75</ele></trkpt>
      <trkpt lat="51.547236" lon="-0.043193"><ele>15.75</ele></trkpt>
      <trkpt lat="51.547253" lon="-0.043207"><ele>15.75</ele></trkpt>
      <trkpt lat="51.547605" lon="-0.043347"><ele>15.25</ele></trkpt>
      <trkpt lat="51.54792" lon="-0.043509"><ele>16</ele></trkpt>
      <trkpt lat="51.548204" lon="-0.043666"><ele>16</ele></trkpt>
      <trkpt lat="51.548219" lon="-0.043675"><ele>16</ele></trkpt>
      <trkpt lat="51.548268" lon="-0.043701"><ele>16</ele></trkpt>
      <trkpt lat="51.548286" lon="-0.043711"><ele>16</ele></trkpt>
      <trkpt lat="51.54833" lon="-0.043735"><ele>16</ele></trkpt>
      <trkpt lat="51.548306" lon="-0.043853"><ele>16</ele></trkpt>
      <trkpt lat="51.548274" lon="-0.044007"><ele>16</ele></trkpt>
      <trkpt lat="51.548227" lon="-0.04424"><ele>16</ele></trkpt>
      <trkpt lat="51.548176" lon="-0.044488"><ele>16</ele></trkpt>
      <trkpt lat="51.548135" lon="-0.044713"><ele>16</ele></trkpt>
      <trkpt lat="51.54812" lon="-0.044806"><ele>16</ele></trkpt>
      <trkpt lat="51.548103" lon="-0.044897"><ele>16</ele></trkpt>
      <trkpt lat="51.548041" lon="-0.045248"><ele>16</ele></trkpt>
      <trkpt lat="51.548014" lon="-0.045533"><ele>16</ele></trkpt>
      <trkpt lat="51.548006" lon="-0.045849"><ele>15.75</ele></trkpt>
      <trkpt lat="51.54801" lon="-0.045981"><ele>15.25</ele></trkpt>
      <trkpt lat="51.548017" lon="-0.046393"><ele>14.75</ele></trkpt>
      <trkpt lat="51.548033" lon="-0.047022"><ele>13.5</ele></trkpt>
      <trkpt lat="51.548042" lon="-0.047352"><ele>12.75</ele></trkpt>
      <trkpt lat="51.548042" lon="-0.047379"><ele>12.75</ele></trkpt>
      <trkpt lat="51.548044" lon="-0.047421"><ele>12.75</ele></trkpt>
      <trkpt lat="51.548047" lon="-0.047476"><ele>12.75</ele></trkpt>
      <trkpt lat="51.548049" lon="-0.047559"><ele>12.75</ele></trkpt>
      <trkpt lat="51.548051" lon="-0.047675"><ele>12.75</ele></trkpt>
      <trkpt lat="51.548058" lon="-0.047773"><ele>13</ele></trkpt>
      <trkpt lat="51.548063" lon="-0.047819"><ele>13</ele></trkpt>
      <trkpt lat="51.548067" lon="-0.047863"><ele>13.25</ele></trkpt>
      <trkpt lat="51.548071" lon="-0.047894"><ele>13.25</ele></trkpt>
      <trkpt lat="51.548153" lon="-0.048455"><ele>13.5</ele></trkpt>
      <trkpt lat="51.548255" lon="-0.049109"><ele>14</ele></trkpt>
      <trkpt lat="51.548296" lon="-0.049267"><ele>14.25</ele></trkpt>
      <trkpt lat="51.54834" lon="-0.049409"><ele>14</ele></trkpt>
      <trkpt lat="51.548566" lon="-0.050014"><ele>14.75</ele></trkpt>
      <trkpt lat="51.548728" lon="-0.050423"><ele>15.5</ele></trkpt>
      <trkpt lat="51.548772" lon="-0.050504"><ele>15.75</ele></trkpt>
      <trkpt lat="51.5488" lon="-0.050539"><ele>15.75</ele></trkpt>
      <trkpt lat="51.548864" lon="-0.050591"><ele>15.75</ele></trkpt>
      <trkpt lat="51.548847" lon="-0.050663"><ele>15.75</ele></trkpt>
      <trkpt lat="51.548663" lon="-0.051813"><ele>16</ele></trkpt>
      <trkpt lat="51.54864" lon="-0.051887"><ele>16</ele></trkpt>
      <trkpt lat="51.548643" lon="-0.051922"><ele>16</ele></trkpt>
      <trkpt lat="51.54863" lon="-0.051978"><ele>16</ele></trkpt>
      <trkpt lat="51.54858" lon="-0.052234"><ele>15.75</ele></trkpt>
      <trkpt lat="51.548561" lon="-0.052289"><ele>15.75</ele></trkpt>
      <trkpt lat="51.548542" lon="-0.05234"><ele>15.75</ele></trkpt>
      <trkpt lat="51.548411" lon="-0.052866"><ele>16</ele></trkpt>
      <trkpt lat="51.548285" lon="-0.053429"><ele>16</ele></trkpt>
      <trkpt lat="51.548256" lon="-0.053529"><ele>16</ele></trkpt>
      <trkpt lat="51.548242" lon="-0.053578"><ele>16</ele></trkpt>
      <trkpt lat="51.547968" lon="-0.05383"><ele>15.5</ele></trkpt>
      <trkpt lat="51.547815" lon="-0.054313"><ele>15</ele></trkpt>
      <trkpt lat="51.547745" lon="-0.054521"><ele>14.5</ele></trkpt>
      <trkpt lat="51.547532" lon="-0.054496"><ele>13</ele></trkpt>
      <trkpt lat="51.547486" lon="-0.054778"><ele>12.75</ele></trkpt>
      <trkpt lat="51.547441" lon="-0.054765"><ele>12.75</ele></trkpt>
      <trkpt lat="51.54742" lon="-0.05482"><ele>12.5</ele></trkpt>
      <trkpt lat="51.547402" lon="-0.054839"><ele>12.5</ele></trkpt>
      <trkpt lat="51.547299" lon="-0.054886"><ele>12.25</ele></trkpt>
      <trkpt lat="51.54731" lon="-0.054948"><ele>12.25</ele></trkpt>
      <trkpt lat="51.547321" lon="-0.054993"><ele>12.25</ele></trkpt>
      <trkpt lat="51.547284" lon="-0.055038"><ele>12</ele></trkpt>
      <trkpt lat="51.547281" lon="-0.055091"><ele>12</ele></trkpt>
      <trkpt lat="51.547301" lon="-0.055163"><ele>12</ele></trkpt>
      <trkpt lat="51.547288" lon="-0.055176"><ele>12</ele></trkpt>
      <trkpt lat="51.547262" lon="-0.055204"><ele>12</ele></trkpt>
      <trkpt lat="51.547219" lon="-0.055249"><ele>12</ele></trkpt>
      <trkpt lat="51.547205" lon="-0.055264"><ele>12</ele></trkpt>
      <trkpt lat="51.547271" lon="-0.055393"><ele>12.5</ele></trkpt>
      <trkpt lat="51.547229" lon="-0.055438"><ele>13</ele></trkpt>
      <trkpt lat="51.547214" lon="-0.055781"><ele>13</ele></trkpt>
      <trkpt lat="51.547197" lon="-0.055926"><ele>13.25</ele></trkpt>
      <trkpt lat="51.547191" lon="-0.056068"><ele>14</ele></trkpt>
      <trkpt lat="51.547188" lon="-0.056163"><ele>14</ele></trkpt>
      <trkpt lat="51.54716" lon="-0.056335"><ele>14</ele></trkpt>
      <trkpt lat="51.54717" lon="-0.056339"><ele>14</ele></trkpt>
      <trkpt lat="51.547203" lon="-0.056354"><ele>14</ele></trkpt>
      <trkpt lat="51.547481" lon="-0.056466"><ele>12.25</ele></trkpt>
      <trkpt lat="51.547508" lon="-0.056478"><ele>12.25</ele></trkpt>
      <trkpt lat="51.547535" lon="-0.05649"><ele>12.25</ele></trkpt>
      <trkpt lat="51.547635" lon="-0.056535"><ele>12.5</ele></trkpt>
      <trkpt lat="51.547642" lon="-0.056549"><ele>12.5</ele></trkpt>
      <trkpt lat="51.547734" lon="-0.056746"><ele>13</ele></trkpt>
      <trkpt lat="51.547768" lon="-0.05682"><ele>13</ele></trkpt>
      <trkpt lat="51.547839" lon="-0.056972"><ele>13</ele></trkpt>
      <trkpt lat="51.54787" lon="-0.056955"><ele>13</ele></trkpt>
      <trkpt lat="51.547884" lon="-0.056991"><ele>13</ele></trkpt>
      <trkpt lat="51.547921" lon="-0.057065"><ele>13</ele></trkpt>
      <trkpt lat="51.547973" lon="-0.057117"><ele>13</ele></trkpt>
      <trkpt lat="51.548009" lon="-0.057135"><ele>13</ele></trkpt>
      <trkpt lat="51.548024" lon="-0.057164"><ele>12.75</ele></trkpt>
      <trkpt lat="51.54804" lon="-0.057195"><ele>13</ele></trkpt>
      <trkpt lat="51.548081" lon="-0.057157"><ele>13</ele></trkpt>
      <trkpt lat="51.548108" lon="-0.057214"><ele>13</ele></trkpt>
      <trkpt lat="51.548134" lon="-0.057266"><ele>13</ele></trkpt>
      <trkpt lat="51.548158" lon="-0.057315"><ele>13</ele></trkpt>
      <trkpt lat="51.548174" lon="-0.057349"><ele>13</ele></trkpt>
      <trkpt lat="51.548199" lon="-0.0574"><ele>13</ele></trkpt>
      <trkpt lat="51.548239" lon="-0.057486"><ele>13</ele></trkpt>
      <trkpt lat="51.548448" lon="-0.057932"><ele>13</ele></trkpt>
      <trkpt lat="51.548609" lon="-0.058266"><ele>13</ele></trkpt>
      <trkpt lat="51.548754" lon="-0.058597"><ele>12.75</ele></trkpt>
      <trkpt lat="51.548784" lon="-0.058665"><ele>13</ele></trkpt>
      <trkpt lat="51.548801" lon="-0.0587"><ele>13.25</ele></trkpt>
      <trkpt lat="51.548817" lon="-0.058734"><ele>13.25</ele></trkpt>
      <trkpt lat="51.549029" lon="-0.059173"><ele>13.5</ele></trkpt>
      <trkpt lat="51.549036" lon="-0.0592"><ele>13.5</ele></trkpt>
      <trkpt lat="51.549045" lon="-0.059217"><ele>13.5</ele></trkpt>
      <trkpt lat="51.549054" lon="-0.059232"><ele>13.5</ele></trkpt>
      <trkpt lat="51.549058" lon="-0.059261"><ele>13.5</ele></trkpt>
      <trkpt lat="51.549227" lon="-0.059602"><ele>14</ele></trkpt>
      <trkpt lat="51.549288" lon="-0.059732"><ele>13.75</ele></trkpt>
      <trkpt lat="51.549388" lon="-0.059934"><ele>13.75</ele></trkpt>
      <trkpt lat="51.549395" lon="-0.059991"><ele>13.75</ele></trkpt>
      <trkpt lat="51.549382" lon="-0.060073"><ele>13.75</ele></trkpt>
      <trkpt lat="51.549368" lon="-0.060105"><ele>13.75</ele></trkpt>
      <trkpt lat="51.549229" lon="-0.060372"><ele>14.25</ele></trkpt>
      <trkpt lat="51.549115" lon="-0.060605"><ele>15</ele></trkpt>
      <trkpt lat="51.54908" lon="-0.060691"><ele>15.25</ele></trkpt>
      <trkpt lat="51.54902" lon="-0.060842"><ele>15.5</ele></trkpt>
      <trkpt lat="51.54893" lon="-0.06112"><ele>15.75</ele></trkpt>
      <trkpt lat="51.54889" lon="-0.061244"><ele>15.75</ele></trkpt>
      <trkpt lat="51.548739" lon="-0.061694"><ele>17</ele></trkpt>
      <trkpt lat="51.548723" lon="-0.061742"><ele>17</ele></trkpt>
      <trkpt lat="51.548731" lon="-0.061746"><ele>17</ele></trkpt>
      <trkpt lat="51.548764" lon="-0.061771"><ele>17</ele></trkpt>
      <trkpt lat="51.548716" lon="-0.061914"><ele>17</ele></trkpt>
      <trkpt lat="51.548507" lon="-0.062526"><ele>18</ele></trkpt>
      <trkpt lat="51.548451" lon="-0.062713"><ele>18</ele></trkpt>
      <trkpt lat="51.548412" lon="-0.062842"><ele>18</ele></trkpt>
      <trkpt lat="51.548344" lon="-0.063109"><ele>18</ele></trkpt>
      <trkpt lat="51.548313" lon="-0.0633"><ele>18</ele></trkpt>
      <trkpt lat="51.548298" lon="-0.063502"><ele>18</ele></trkpt>
      <trkpt lat="51.548298" lon="-0.06363"><ele>18</ele></trkpt>
      <trkpt lat="51.548327" lon="-0.063857"><ele>18</ele></trkpt>
      <trkpt lat="51.548335" lon="-0.063917"><ele>18</ele></trkpt>
      <trkpt lat="51.548353" lon="-0.064028"><ele>18</ele></trkpt>
      <trkpt lat="51.548359" lon="-0.064067"><ele>18</ele></trkpt>
      <trkpt lat="51.548365" lon="-0.064104"><ele>18</ele></trkpt>
      <trkpt lat="51.54837" lon="-0.064209"><ele>18</ele></trkpt>
      <trkpt lat="51.548365" lon="-0.064404"><ele>18</ele></trkpt>
      <trkpt lat="51.548339" lon="-0.064732"><ele>18</ele></trkpt>
      <trkpt lat="51.548337" lon="-0.064785"><ele>18</ele></trkpt>
      <trkpt lat="51.548323" lon="-0.065047"><ele>17.75</ele></trkpt>
      <trkpt lat="51.548303" lon="-0.065513"><ele>18.75</ele></trkpt>
      <trkpt lat="51.548307" lon="-0.065845"><ele>18.75</ele></trkpt>
      <trkpt lat="51.548307" lon="-0.065914"><ele>18.5</ele></trkpt>
      <trkpt lat="51.548309" lon="-0.066216"><ele>18.25</ele></trkpt>
      <trkpt lat="51.548313" lon="-0.066653"><ele>19</ele></trkpt>
      <trkpt lat="51.548313" lon="-0.066832"><ele>19</ele></trkpt>
      <trkpt lat="51.548311" lon="-0.067037"><ele>19</ele></trkpt>
      <trkpt lat="51.548298" lon="-0.067411"><ele>19</ele></trkpt>
      <trkpt lat="51.548288" lon="-0.067519"><ele>19</ele></trkpt>
      <trkpt lat="51.54823" lon="-0.06811"><ele>19</ele></trkpt>
      <trkpt lat="51.548203" lon="-0.068315"><ele>19</ele></trkpt>
      <trkpt lat="51.548191" lon="-0.068379"><ele>18.75</ele></trkpt>
      <trkpt lat="51.548168" lon="-0.0685"><ele>18.75</ele></trkpt>
      <trkpt lat="51.548131" lon="-0.068586"><ele>18.75</ele></trkpt>
      <trkpt lat="51.548064" lon="-0.068672"><ele>18.75</ele></trkpt>
      <trkpt lat="51.548092" lon="-0.068773"><ele>18.75</ele></trkpt>
      <trkpt lat="51.548104" lon="-0.068859"><ele>18.75</ele></trkpt>
      <trkpt lat="51.5481" lon="-0.068934"><ele>18.75</ele></trkpt>
      <trkpt lat="51.548088" lon="-0.069397"><ele>18.75</ele></trkpt>
      <trkpt lat="51.548078" lon="-0.069719"><ele>17.75</ele></trkpt>
      <trkpt lat="51.548068" lon="-0.070106"><ele>18</ele></trkpt>
      <trkpt lat="51.548061" lon="-0.07035"><ele>18</ele></trkpt>
      <trkpt lat="51.54805" lon="-0.070749"><ele>17.75</ele></trkpt>
      <trkpt lat="51.548055" lon="-0.070796"><ele>17.75</ele></trkpt>
      <trkpt lat="51.548069" lon="-0.070837"><ele>17.75</ele></trkpt>
      <trkpt lat="51.548053" lon="-0.07088"><ele>17.75</ele></trkpt>
      <trkpt lat="51.548047" lon="-0.070935"><ele>17.75</ele></trkpt>
      <trkpt lat="51.548038" lon="-0.071345"><ele>17.75</ele></trkpt>
      <trkpt lat="51.548053" lon="-0.071706"><ele>17.75</ele></trkpt>
      <trkpt lat="51.548244" lon="-0.074181"><ele>19</ele></trkpt>
      <trkpt lat="51.548233" lon="-0.074316"><ele>19</ele></trkpt>
      <trkpt lat="51.548156" lon="-0.074666"><ele>19.5</ele></trkpt>
      <trkpt lat="51.548095" lon="-0.075015"><ele>20</ele></trkpt>
      <trkpt lat="51.548106" lon="-0.075322"><ele>20</ele></trkpt>
      <trkpt lat="51.548107" lon="-0.075343"><ele>20</ele></trkpt>
      <trkpt lat="51.548113" lon="-0.075419"><ele>20</ele></trkpt>
      <trkpt lat="51.548035" lon="-0.075434"><ele>20</ele></trkpt>
      <trkpt lat="51.547945" lon="-0.075451"><ele>20</ele></trkpt>
      <trkpt lat="51.547915" lon="-0.075457"><ele>20</ele></trkpt>
      <trkpt lat="51.547923" lon="-0.075546"><ele>20</ele></trkpt>
      <trkpt lat="51.547925" lon="-0.075566"><ele>19.75</ele></trkpt>
      <trkpt lat="51.548156" lon="-0.075512"><ele>20.25</ele></trkpt>
      <trkpt lat="51.548161" lon="-0.075604"><ele>20</ele></trkpt>
      <trkpt lat="51.548163" lon="-0.075646"><ele>20</ele></trkpt>
      <trkpt lat="51.548164" lon="-0.075693"><ele>19.75</ele></trkpt>
      <trkpt lat="51.548146" lon="-0.075697"><ele>19.5</ele></trkpt>
      <trkpt lat="51.548164" lon="-0.075693"><ele>19.75</ele></trkpt>
      <trkpt lat="51.548163" lon="-0.075646"><ele>20</ele></trkpt>
      <trkpt lat="51.548161" lon="-0.075604"><ele>20</ele></trkpt>
      <trkpt lat="51.548156" lon="-0.075512"><ele>20.25</ele></trkpt>
      <trkpt lat="51.548537" lon="-0.07547"><ele>20.75</ele></trkpt>
      <trkpt lat="51.54857" lon="-0.075467"><ele>20.75</ele></trkpt>
      <trkpt lat="51.548585" lon="-0.075932"><ele>20</ele></trkpt>
      <trkpt lat="51.548587" lon="-0.075969"><ele>20</ele></trkpt>
      <trkpt lat="51.548593" lon="-0.076435"><ele>19.75</ele></trkpt>
      <trkpt lat="51.548606" lon="-0.076831"><ele>19.25</ele></trkpt>
      <trkpt lat="51.548604" lon="-0.07687"><ele>19</ele></trkpt>
      <trkpt lat="51.548589" lon="-0.07697"><ele>18.75</ele></trkpt>
      <trkpt lat="51.548696" lon="-0.07705"><ele>19</ele></trkpt>
      <trkpt lat="51.548687" lon="-0.077104"><ele>19</ele></trkpt>
      <trkpt lat="51.548685" lon="-0.077127"><ele>19</ele></trkpt>
      <trkpt lat="51.548684" lon="-0.077144"><ele>19</ele></trkpt>
      <trkpt lat="51.548682" lon="-0.077178"><ele>19</ele></trkpt>
      <trkpt lat="51.548678" lon="-0.077317"><ele>19</ele></trkpt>
      <trkpt lat="51.548675" lon="-0.077614"><ele>19.25</ele></trkpt>
      <trkpt lat="51.548683" lon="-0.077997"><ele>19.5</ele></trkpt>
      <trkpt lat="51.548703" lon="-0.078511"><ele>19.5</ele></trkpt>
      <trkpt lat="51.548712" lon="-0.078757"><ele>19.5</ele></trkpt>
      <trkpt lat="51.548719" lon="-0.078809"><ele>19.5</ele></trkpt>
      <trkpt lat="51.548757" lon="-0.078963"><ele>19.5</ele></trkpt>
      <trkpt lat="51.548869" lon="-0.079371"><ele>19.75</ele></trkpt>
      <trkpt lat="51.548909" lon="-0.07945"><ele>20</ele></trkpt>
      <trkpt lat="51.548863" lon="-0.079521"><ele>19.75</ele></trkpt>
      <trkpt lat="51.548883" lon="-0.079557"><ele>19.75</ele></trkpt>
      <trkpt lat="51.548897" lon="-0.079584"><ele>20</ele></trkpt>
      <trkpt lat="51.548687" lon="-0.079906"><ele>19.25</ele></trkpt>
      <trkpt lat="51.548653" lon="-0.079959"><ele>19.25</ele></trkpt>
      <trkpt lat="51.548625" lon="-0.079997"><ele>19</ele></trkpt>
      <trkpt lat="51.54867" lon="-0.080085"><ele>19</ele></trkpt>
      <trkpt lat="51.548784" lon="-0.081596"><ele>19.25</ele></trkpt>
      <trkpt lat="51.548868" lon="-0.082711"><ele>21.5</ele></trkpt>
      <trkpt lat="51.54889" lon="-0.083001"><ele>21.75</ele></trkpt>
      <trkpt lat="51.548951" lon="-0.083871"><ele>21</ele></trkpt>
      <trkpt lat="51.548981" lon="-0.084233"><ele>21.25</ele></trkpt>
      <trkpt lat="51.54898" lon="-0.084265"><ele>21.25</ele></trkpt>
      <trkpt lat="51.548981" lon="-0.084349"><ele>21</ele></trkpt>
      <trkpt lat="51.549004" lon="-0.084356"><ele>21.25</ele></trkpt>
      <trkpt lat="51.549003" lon="-0.084466"><ele>20.75</ele></trkpt>
      <trkpt lat="51.549024" lon="-0.084809"><ele>20</ele></trkpt>
      <trkpt lat="51.549048" lon="-0.085026"><ele>20.75</ele></trkpt>
      <trkpt lat="51.549068" lon="-0.085301"><ele>21</ele></trkpt>
      <trkpt lat="51.549073" lon="-0.085357"><ele>21</ele></trkpt>
      <trkpt lat="51.549105" lon="-0.085867"><ele>21.25</ele></trkpt>
      <trkpt lat="51.549124" lon="-0.086373"><ele>22.5</ele></trkpt>
      <trkpt lat="51.549128" lon="-0.086838"><ele>23.5</ele></trkpt>
      <trkpt lat="51.549135" lon="-0.087143"><ele>23.5</ele></trkpt>
      <trkpt lat="51.549138" lon="-0.087165"><ele>23.5</ele></trkpt>
      <trkpt lat="51.549148" lon="-0.087228"><ele>23.75</ele></trkpt>
      <trkpt lat="51.549273" lon="-0.087176"><ele>24.25</ele></trkpt>
      <trkpt lat="51.549285" lon="-0.087276"><ele>24</ele></trkpt>
      <trkpt lat="51.549287" lon="-0.087304"><ele>24</ele></trkpt>
      <trkpt lat="51.549262" lon="-0.087309"><ele>24</ele></trkpt>
      <trkpt lat="51.549249" lon="-0.087312"><ele>23.75</ele></trkpt>
      <trkpt lat="51.549279" lon="-0.087576"><ele>23.5</ele></trkpt>
      <trkpt lat="51.549319" lon="-0.088113"><ele>24</ele></trkpt>
      <trkpt lat="51.549345" lon="-0.08869"><ele>24.5</ele></trkpt>
      <trkpt lat="51.549349" lon="-0.089308"><ele>24.75</ele></trkpt>
      <trkpt lat="51.54934" lon="-0.089992"><ele>25.5</ele></trkpt>
      <trkpt lat="51.549309" lon="-0.090573"><ele>25</ele></trkpt>
      <trkpt lat="51.54925" lon="-0.091191"><ele>26</ele></trkpt>
      <trkpt lat="51.549243" lon="-0.091282"><ele>26.25</ele></trkpt>
      <trkpt lat="51.549232" lon="-0.091345"><ele>26.25</ele></trkpt>
      <trkpt lat="51.54922" lon="-0.091376"><ele>26.25</ele></trkpt>
      <trkpt lat="51.54919" lon="-0.091405"><ele>26</ele></trkpt>
      <trkpt lat="51.549129" lon="-0.091435"><ele>25.75</ele></trkpt>
      <trkpt lat="51.54886" lon="-0.091571"><ele>25</ele></trkpt>
      <trkpt lat="51.54871" lon="-0.091647"><ele>24.75</ele></trkpt>
      <trkpt lat="51.548713" lon="-0.091676"><ele>24.75</ele></trkpt>
      <trkpt lat="51.548717" lon="-0.091715"><ele>24.75</ele></trkpt>
      <trkpt lat="51.548719" lon="-0.091731"><ele>24.75</ele></trkpt>
      <trkpt lat="51.54872" lon="-0.091738"><ele>24.75</ele></trkpt>
      <trkpt lat="51.548725" lon="-0.091784"><ele>24.5</ele></trkpt>
      <trkpt lat="51.548727" lon="-0.091806"><ele>24.75</ele></trkpt>
      <trkpt lat="51.548732" lon="-0.091849"><ele>24.75</ele></trkpt>
      <trkpt lat="51.548705" lon="-0.092022"><ele>23.75</ele></trkpt>
      <trkpt lat="51.548699" lon="-0.092064"><ele>23.5</ele></trkpt>
      <trkpt lat="51.548694" lon="-0.092158"><ele>23.5</ele></trkpt>
      <trkpt lat="51.548702" lon="-0.092159"><ele>23.5</ele></trkpt>
      <trkpt lat="51.5487" lon="-0.092188"><ele>23.5</ele></trkpt>
      <trkpt lat="51.548702" lon="-0.092159"><ele>23.5</ele></trkpt>
      <trkpt lat="51.548694" lon="-0.092158"><ele>23.5</ele></trkpt>
      <trkpt lat="51.548699" lon="-0.092064"><ele>23.5</ele></trkpt>
      <trkpt lat="51.548658" lon="-0.092058"><ele>23</ele></trkpt>
      <trkpt lat="51.548658" lon="-0.092045"><ele>23.25</ele></trkpt>
      <trkpt lat="51.548536" lon="-0.092027"><ele>23.5</ele></trkpt>
      <trkpt lat="51.548452" lon="-0.091994"><ele>25</ele></trkpt>
      <trkpt lat="51.548452" lon="-0.091977"><ele>25</ele></trkpt>
      <trkpt lat="51.548017" lon="-0.092144"><ele>26</ele></trkpt>
      <trkpt lat="51.547963" lon="-0.092167"><ele>26.25</ele></trkpt>
      <trkpt lat="51.547961" lon="-0.092151"><ele>26.25</ele></trkpt>
      <trkpt lat="51.547948" lon="-0.092069"><ele>26</ele></trkpt>
      <trkpt lat="51.547624" lon="-0.0922"><ele>27.25</ele></trkpt>
      <trkpt lat="51.54744" lon="-0.092276"><ele>28.25</ele></trkpt>
      <trkpt lat="51.547412" lon="-0.092287"><ele>28.25</ele></trkpt>
      <trkpt lat="51.547268" lon="-0.09235"><ele>28.75</ele></trkpt>
      <trkpt lat="51.547249" lon="-0.092358"><ele>28.75</ele></trkpt>
      <trkpt lat="51.547204" lon="-0.092372"><ele>29</ele></trkpt>
      <trkpt lat="51.547151" lon="-0.09239"><ele>29</ele></trkpt>
      <trkpt lat="51.547188" lon="-0.092726"><ele>29</ele></trkpt>
      <trkpt lat="51.547206" lon="-0.093028"><ele>29.75</ele></trkpt>
      <trkpt lat="51.547207" lon="-0.093471"><ele>30</ele></trkpt>
      <trkpt lat="51.547203" lon="-0.09368"><ele>30</ele></trkpt>
      <trkpt lat="51.547185" lon="-0.094088"><ele>30</ele></trkpt>
      <trkpt lat="51.547183" lon="-0.094301"><ele>30</ele></trkpt>
      <trkpt lat="51.547197" lon="-0.094953"><ele>30.75</ele></trkpt>
      <trkpt lat="51.547217" lon="-0.095364"><ele>30.75</ele></trkpt>
      <trkpt lat="51.547255" lon="-0.095812"><ele>30.75</ele></trkpt>
      <trkpt lat="51.547297" lon="-0.096312"><ele>30.5</ele></trkpt>
      <trkpt lat="51.547293" lon="-0.096518"><ele>30.5</ele></trkpt>
      <trkpt lat="51.547276" lon="-0.096686"><ele>30.75</ele></trkpt>
      <trkpt lat="51.547241" lon="-0.096867"><ele>30.75</ele></trkpt>
      <trkpt lat="51.547173" lon="-0.097136"><ele>30.5</ele></trkpt>
      <trkpt lat="51.546952" lon="-0.097836"><ele>30.75</ele></trkpt>
      <trkpt lat="51.546893" lon="-0.098045"><ele>31</ele></trkpt>
      <trkpt lat="51.546816" lon="-0.098328"><ele>31.75</ele></trkpt>
      <trkpt lat="51.546799" lon="-0.098394"><ele>31.75</ele></trkpt>
      <trkpt lat="51.546758" lon="-0.098552"><ele>31.5</ele></trkpt>
      <trkpt lat="51.546748" lon="-0.098592"><ele>31.5</ele></trkpt>
      <trkpt lat="51.546684" lon="-0.098845"><ele>31</ele></trkpt>
      <trkpt lat="51.546666" lon="-0.09891"><ele>31</ele></trkpt>
      <trkpt lat="51.546312" lon="-0.100408"><ele>31.25</ele></trkpt>
      <trkpt lat="51.546296" lon="-0.100482"><ele>31.25</ele></trkpt>
      <trkpt lat="51.546248" lon="-0.100732"><ele>31.75</ele></trkpt>
      <trkpt lat="51.546208" lon="-0.100959"><ele>32.25</ele></trkpt>
      <trkpt lat="51.54619" lon="-0.101091"><ele>32.25</ele></trkpt>
      <trkpt lat="51.546173" lon="-0.1013"><ele>32.5</ele></trkpt>
      <trkpt lat="51.546155" lon="-0.101657"><ele>32.5</ele></trkpt>
      <trkpt lat="51.546151" lon="-0.101711"><ele>32.5</ele></trkpt>
      <trkpt lat="51.546183" lon="-0.101779"><ele>32.25</ele></trkpt>
      <trkpt lat="51.546172" lon="-0.101984"><ele>32.25</ele></trkpt>
      <trkpt lat="51.546168" lon="-0.102041"><ele>32.25</ele></trkpt>
      <trkpt lat="51.546165" lon="-0.102089"><ele>32.25</ele></trkpt>
      <trkpt lat="51.546161" lon="-0.102144"><ele>32.25</ele></trkpt>
      <trkpt lat="51.546162" lon="-0.102194"><ele>32.25</ele></trkpt>
      <trkpt lat="51.54616" lon="-0.102322"><ele>32</ele></trkpt>
      <trkpt lat="51.546174" lon="-0.102493"><ele>31.75</ele></trkpt>
      <trkpt lat="51.546188" lon="-0.102568"><ele>31.75</ele></trkpt>
      <trkpt lat="51.546204" lon="-0.102672"><ele>31.75</ele></trkpt>
      <trkpt lat="51.546242" lon="-0.102946"><ele>31.75</ele></trkpt>
      <trkpt lat="51.546269" lon="-0.103148"><ele>31.75</ele></trkpt>
      <trkpt lat="51.546269" lon="-0.103163"><ele>31.75</ele></trkpt>
      <trkpt lat="51.546245" lon="-0.10324"><ele>32</ele></trkpt>
      <trkpt lat="51.546253" lon="-0.103269"><ele>31.75</ele></trkpt>
      <trkpt lat="51.546296" lon="-0.103368"><ele>31.75</ele></trkpt>
      <trkpt lat="51.54625" lon="-0.10343"><ele>31.75</ele></trkpt>
      <trkpt lat="51.546088" lon="-0.103334"><ele>32</ele></trkpt>
      <trkpt lat="51.546059" lon="-0.103341"><ele>32.25</ele></trkpt>
      <trkpt lat="51.546068" lon="-0.103612"><ele>30.5</ele></trkpt>
      <trkpt lat="51.546107" lon="-0.10363"><ele>29.75</ele></trkpt>
      <trkpt lat="51.546233" lon="-0.103688"><ele>31.25</ele></trkpt>
      <trkpt lat="51.546214" lon="-0.103776"><ele>30.75</ele></trkpt>
      <trkpt lat="51.546212" lon="-0.103784"><ele>29.75</ele></trkpt>
      <trkpt lat="51.546214" lon="-0.103776"><ele>30.75</ele></trkpt>
      <trkpt lat="51.546233" lon="-0.103688"><ele>31.25</ele></trkpt>
      <trkpt lat="51.546107" lon="-0.10363"><ele>29.75</ele></trkpt>
      <trkpt lat="51.546068" lon="-0.103612"><ele>30.5</ele></trkpt>
      <trkpt lat="51.546059" lon="-0.103341"><ele>32.25</ele></trkpt>
      <trkpt lat="51.546036" lon="-0.103312"><ele>32.5</ele></trkpt>
      <trkpt lat="51.545913" lon="-0.103324"><ele>33.25</ele></trkpt>
      <trkpt lat="51.545923" lon="-0.103625"><ele>32.5</ele></trkpt>
      <trkpt lat="51.545926" lon="-0.103697"><ele>32.5</ele></trkpt>
      <trkpt lat="51.545933" lon="-0.103898"><ele>32</ele></trkpt>
      <trkpt lat="51.545928" lon="-0.103938"><ele>32.25</ele></trkpt>
      <trkpt lat="51.545912" lon="-0.10398"><ele>32.5</ele></trkpt>
      <trkpt lat="51.545888" lon="-0.103989"><ele>33</ele></trkpt>
      <trkpt lat="51.545791" lon="-0.104153"><ele>34</ele></trkpt>
      <trkpt lat="51.54576" lon="-0.104276"><ele>34.25</ele></trkpt>
      <trkpt lat="51.545711" lon="-0.104499"><ele>34</ele></trkpt>
      <trkpt lat="51.545658" lon="-0.104736"><ele>33.5</ele></trkpt>
      <trkpt lat="51.545611" lon="-0.104949"><ele>34</ele></trkpt>
      <trkpt lat="51.545566" lon="-0.104929"><ele>34.75</ele></trkpt>
      <trkpt lat="51.545488" lon="-0.104895"><ele>35</ele></trkpt>
      <trkpt lat="51.545453" lon="-0.10489"><ele>35</ele></trkpt>
      <trkpt lat="51.545371" lon="-0.1049"><ele>35.25</ele></trkpt>
      <trkpt lat="51.545308" lon="-0.104918"><ele>35.5</ele></trkpt>
      <trkpt lat="51.545256" lon="-0.105032"><ele>36</ele></trkpt>
      <trkpt lat="51.545217" lon="-0.105154"><ele>36.25</ele></trkpt>
      <trkpt lat="51.545116" lon="-0.105543"><ele>37</ele></trkpt>
      <trkpt lat="51.545065" lon="-0.105766"><ele>37.5</ele></trkpt>
      <trkpt lat="51.544899" lon="-0.106346"><ele>38.25</ele></trkpt>
      <trkpt lat="51.544847" lon="-0.106641"><ele>38.5</ele></trkpt>
      <trkpt lat="51.544809" lon="-0.106802"><ele>38.5</ele></trkpt>
      <trkpt lat="51.544782" lon="-0.106874"><ele>38.75</ele></trkpt>
      <trkpt lat="51.544726" lon="-0.106977"><ele>38.75</ele></trkpt>
      <trkpt lat="51.5447" lon="-0.107004"><ele>39</ele></trkpt>
      <trkpt lat="51.544672" lon="-0.107016"><ele>39</ele></trkpt>
      <trkpt lat="51.544629" lon="-0.10732"><ele>39</ele></trkpt>
      <trkpt lat="51.544606" lon="-0.107439"><ele>39</ele></trkpt>
      <trkpt lat="51.544547" lon="-0.107407"><ele>39</ele></trkpt>
      <trkpt lat="51.544531" lon="-0.107474"><ele>39</ele></trkpt>
      <trkpt lat="51.544447" lon="-0.107974"><ele>39.75</ele></trkpt>
      <trkpt lat="51.544388" lon="-0.108221"><ele>40</ele></trkpt>
      <trkpt lat="51.544357" lon="-0.108352"><ele>40.25</ele></trkpt>
      <trkpt lat="51.544252" lon="-0.10877"><ele>40.75</ele></trkpt>
      <trkpt lat="51.544199" lon="-0.108976"><ele>41</ele></trkpt>
      <trkpt lat="51.544002" lon="-0.109741"><ele>41.5</ele></trkpt>
      <trkpt lat="51.543985" lon="-0.109822"><ele>41.5</ele></trkpt>
      <trkpt lat="51.543879" lon="-0.110199"><ele>42</ele></trkpt>
      <trkpt lat="51.543834" lon="-0.110395"><ele>42.5</ele></trkpt>
      <trkpt lat="51.543774" lon="-0.110657"><ele>42.75</ele></trkpt>
      <trkpt lat="51.543712" lon="-0.110926"><ele>42.75</ele></trkpt>
      <trkpt lat="51.54364" lon="-0.111234"><ele>43</ele></trkpt>
      <trkpt lat="51.543584" lon="-0.111471"><ele>43</ele></trkpt>
      <trkpt lat="51.543462" lon="-0.112004"><ele>42</ele></trkpt>
      <trkpt lat="51.543424" lon="-0.11217"><ele>42.25</ele></trkpt>
      <trkpt lat="51.543231" lon="-0.113081"><ele>41</ele></trkpt>
      <trkpt lat="51.543222" lon="-0.113164"><ele>41</ele></trkpt>
      <trkpt lat="51.543211" lon="-0.113257"><ele>41</ele></trkpt>
      <trkpt lat="51.543173" lon="-0.113328"><ele>41</ele></trkpt>
      <trkpt lat="51.543132" lon="-0.113402"><ele>40.75</ele></trkpt>
      <trkpt lat="51.543133" lon="-0.113474"><ele>40.25</ele></trkpt>
      <trkpt lat="51.543112" lon="-0.11358"><ele>40</ele></trkpt>
      <trkpt lat="51.543149" lon="-0.113603"><ele>40</ele></trkpt>
      <trkpt lat="51.543177" lon="-0.11362"><ele>39.75</ele></trkpt>
      <trkpt lat="51.542678" lon="-0.115529"><ele>34.5</ele></trkpt>
      <trkpt lat="51.542663" lon="-0.115554"><ele>34.5</ele></trkpt>
      <trkpt lat="51.542649" lon="-0.115614"><ele>34.25</ele></trkpt>
      <trkpt lat="51.542959" lon="-0.115818"><ele>35.25</ele></trkpt>
      <trkpt lat="51.54298" lon="-0.115737"><ele>35.5</ele></trkpt>
      <trkpt lat="51.542993" lon="-0.115745"><ele>35.5</ele></trkpt>
      <trkpt lat="51.543138" lon="-0.115842"><ele>36.25</ele></trkpt>
      <trkpt lat="51.543035" lon="-0.116"><ele>36.25</ele></trkpt>
      <trkpt lat="51.54287" lon="-0.116612"><ele>32</ele></trkpt>
      <trkpt lat="51.542726" lon="-0.117148"><ele>32</ele></trkpt>
      <trkpt lat="51.542682" lon="-0.117343"><ele>32</ele></trkpt>
      <trkpt lat="51.543084" lon="-0.117418"><ele>32.75</ele></trkpt>
      <trkpt lat="51.543321" lon="-0.11746"><ele>32.75</ele></trkpt>
      <trkpt lat="51.543611" lon="-0.117517"><ele>33.75</ele></trkpt>
      <trkpt lat="51.543778" lon="-0.11754"><ele>34.5</ele></trkpt>
      <trkpt lat="51.543783" lon="-0.117541"><ele>34.5</ele></trkpt>
      <trkpt lat="51.543876" lon="-0.117558"><ele>34.75</ele></trkpt>
      <trkpt lat="51.543874" lon="-0.117624"><ele>34.75</ele></trkpt>
      <trkpt lat="51.543872" lon="-0.117645"><ele>34.75</ele></trkpt>
      <trkpt lat="51.543871" lon="-0.117663"><ele>34.75</ele></trkpt>
      <trkpt lat="51.543807" lon="-0.118449"><ele>35</ele></trkpt>
      <trkpt lat="51.543808" lon="-0.118484"><ele>35</ele></trkpt>
      <trkpt lat="51.543819" lon="-0.118513"><ele>35</ele></trkpt>
      <trkpt lat="51.543843" lon="-0.118528"><ele>35</ele></trkpt>
      <trkpt lat="51.544134" lon="-0.11858"><ele>35.75</ele></trkpt>
      <trkpt lat="51.544154" lon="-0.118583"><ele>35.75</ele></trkpt>
      <trkpt lat="51.544538" lon="-0.118647"><ele>37.25</ele></trkpt>
      <trkpt lat="51.544527" lon="-0.118796"><ele>37.75</ele></trkpt>
      <trkpt lat="51.544497" lon="-0.119172"><ele>39</ele></trkpt>
      <trkpt lat="51.54446" lon="-0.119647"><ele>38.75</ele></trkpt>
      <trkpt lat="51.544496" lon="-0.119684"><ele>39</ele></trkpt>
      <trkpt lat="51.544485" lon="-0.119859"><ele>39</ele></trkpt>
      <trkpt lat="51.544688" lon="-0.119896"><ele>39</ele></trkpt>
      <trkpt lat="51.544686" lon="-0.119923"><ele>39</ele></trkpt>
      <trkpt lat="51.54462" lon="-0.120705"><ele>39.5</ele></trkpt>
      <trkpt lat="51.544602" lon="-0.120856"><ele>39.5</ele></trkpt>
      <trkpt lat="51.544537" lon="-0.121207"><ele>40.25</ele></trkpt>
      <trkpt lat="51.544483" lon="-0.121434"><ele>40</ele></trkpt>
      <trkpt lat="51.544273" lon="-0.122146"><ele>40</ele></trkpt>
      <trkpt lat="51.544018" lon="-0.122984"><ele>39</ele></trkpt>
      <trkpt lat="51.543962" lon="-0.123173"><ele>39</ele></trkpt>
      <trkpt lat="51.543942" lon="-0.123284"><ele>39</ele></trkpt>
      <trkpt lat="51.543945" lon="-0.123394"><ele>38.5</ele></trkpt>
      <trkpt lat="51.543959" lon="-0.123446"><ele>38.25</ele></trkpt>
      <trkpt lat="51.543974" lon="-0.123559"><ele>37.75</ele></trkpt>
      <trkpt lat="51.54396" lon="-0.123645"><ele>37.5</ele></trkpt>
      <trkpt lat="51.543491" lon="-0.124838"><ele>36.5</ele></trkpt>
      <trkpt lat="51.543201" lon="-0.125594"><ele>36.5</ele></trkpt>
      <trkpt lat="51.543165" lon="-0.125728"><ele>36.5</ele></trkpt>
      <trkpt lat="51.543308" lon="-0.125791"><ele>37.5</ele></trkpt>
      <trkpt lat="51.543307" lon="-0.125806"><ele>37.5</ele></trkpt>
      <trkpt lat="51.543306" lon="-0.125825"><ele>37.75</ele></trkpt>
      <trkpt lat="51.543299" lon="-0.125924"><ele>37.75</ele></trkpt>
      <trkpt lat="51.54329" lon="-0.126035"><ele>37.75</ele></trkpt>
      <trkpt lat="51.54329" lon="-0.12605"><ele>37.75</ele></trkpt>
      <trkpt lat="51.543293" lon="-0.126121"><ele>37.75</ele></trkpt>
      <trkpt lat="51.543304" lon="-0.126121"><ele>37.75</ele></trkpt>
      <trkpt lat="51.543328" lon="-0.12612"><ele>37.75</ele></trkpt>
      <trkpt lat="51.543379" lon="-0.126141"><ele>38</ele></trkpt>
      <trkpt lat="51.543372" lon="-0.126213"><ele>38</ele></trkpt>
      <trkpt lat="51.543369" lon="-0.126294"><ele>38</ele></trkpt>
      <trkpt lat="51.543361" lon="-0.126767"><ele>39</ele></trkpt>
      <trkpt lat="51.543361" lon="-0.126815"><ele>39</ele></trkpt>
      <trkpt lat="51.543359" lon="-0.12698"><ele>39</ele></trkpt>
      <trkpt lat="51.543351" lon="-0.127592"><ele>39</ele></trkpt>
      <trkpt lat="51.543333" lon="-0.128142"><ele>38.5</ele></trkpt>
      <trkpt lat="51.543268" lon="-0.129037"><ele>37</ele></trkpt>
      <trkpt lat="51.543264" lon="-0.12909"><ele>37</ele></trkpt>
      <trkpt lat="51.543259" lon="-0.129156"><ele>36.75</ele></trkpt>
      <trkpt lat="51.543255" lon="-0.129206"><ele>36.5</ele></trkpt>
      <trkpt lat="51.543251" lon="-0.129268"><ele>36.25</ele></trkpt>
      <trkpt lat="51.543212" lon="-0.129788"><ele>35.75</ele></trkpt>
      <trkpt lat="51.543136" lon="-0.130462"><ele>34.5</ele></trkpt>
      <trkpt lat="51.543127" lon="-0.13055"><ele>34.25</ele></trkpt>
      <trkpt lat="51.543118" lon="-0.130625"><ele>34</ele></trkpt>
      <trkpt lat="51.543077" lon="-0.130987"><ele>33.25</ele></trkpt>
      <trkpt lat="51.543063" lon="-0.13116"><ele>31.75</ele></trkpt>
      <trkpt lat="51.543047" lon="-0.131316"><ele>31.25</ele></trkpt>
      <trkpt lat="51.543018" lon="-0.131538"><ele>30.75</ele></trkpt>
      <trkpt lat="51.543005" lon="-0.131644"><ele>30.75</ele></trkpt>
      <trkpt lat="51.543003" lon="-0.13166"><ele>30.75</ele></trkpt>
      <trkpt lat="51.542999" lon="-0.131689"><ele>31</ele></trkpt>
      <trkpt lat="51.542976" lon="-0.131849"><ele>32</ele></trkpt>
      <trkpt lat="51.542962" lon="-0.13196"><ele>32.5</ele></trkpt>
      <trkpt lat="51.542923" lon="-0.132277"><ele>32</ele></trkpt>
      <trkpt lat="51.542867" lon="-0.132644"><ele>31.5</ele></trkpt>
      <trkpt lat="51.542805" lon="-0.132937"><ele>31</ele></trkpt>
      <trkpt lat="51.542727" lon="-0.133253"><ele>30.75</ele></trkpt>
      <trkpt lat="51.542701" lon="-0.133347"><ele>30.5</ele></trkpt>
      <trkpt lat="51.542596" lon="-0.133758"><ele>30</ele></trkpt>
      <trkpt lat="51.542537" lon="-0.133984"><ele>30</ele></trkpt>
      <trkpt lat="51.5425" lon="-0.134133"><ele>29.75</ele></trkpt>
      <trkpt lat="51.542324" lon="-0.134812"><ele>29.25</ele></trkpt>
      <trkpt lat="51.542315" lon="-0.134846"><ele>29.25</ele></trkpt>
      <trkpt lat="51.54231" lon="-0.134866"><ele>29.25</ele></trkpt>
      <trkpt lat="51.542276" lon="-0.134986"><ele>29</ele></trkpt>
      <trkpt lat="51.542253" lon="-0.135065"><ele>29</ele></trkpt>
      <trkpt lat="51.542198" lon="-0.135239"><ele>28.75</ele></trkpt>
      <trkpt lat="51.542088" lon="-0.135569"><ele>28.5</ele></trkpt>
      <trkpt lat="51.54205" lon="-0.135689"><ele>28.25</ele></trkpt>
      <trkpt lat="51.542005" lon="-0.135849"><ele>28</ele></trkpt>
      <trkpt lat="51.541991" lon="-0.135905"><ele>28</ele></trkpt>
      <trkpt lat="51.541974" lon="-0.13596"><ele>28</ele></trkpt>
      <trkpt lat="51.541985" lon="-0.135972"><ele>28</ele></trkpt>
      <trkpt lat="51.541989" lon="-0.135976"><ele>28</ele></trkpt>
      <trkpt lat="51.541994" lon="-0.135982"><ele>28</ele></trkpt>
      <trkpt lat="51.541984" lon="-0.13601"><ele>28</ele></trkpt>
      <trkpt lat="51.541839" lon="-0.13641"><ele>27.75</ele></trkpt>
      <trkpt lat="51.541846" lon="-0.136418"><ele>28</ele></trkpt>
      <trkpt lat="51.541852" lon="-0.136429"><ele>28</ele></trkpt>
      <trkpt lat="51.541858" lon="-0.136439"><ele>28</ele></trkpt>
      <trkpt lat="51.54188" lon="-0.136516"><ele>28</ele></trkpt>
      <trkpt lat="51.542138" lon="-0.137938"><ele>28.75</ele></trkpt>
      <trkpt lat="51.542158" lon="-0.138056"><ele>28.75</ele></trkpt>
      <trkpt lat="51.541968" lon="-0.138227"><ele>28</ele></trkpt>
      <trkpt lat="51.541944" lon="-0.138248"><ele>28</ele></trkpt>
      <trkpt lat="51.541927" lon="-0.138265"><ele>28</ele></trkpt>
      <trkpt lat="51.541805" lon="-0.13837"><ele>28</ele></trkpt>
      <trkpt lat="51.541746" lon="-0.138424"><ele>28</ele></trkpt>
      <trkpt lat="51.541675" lon="-0.13849"><ele>28</ele></trkpt>
      <trkpt lat="51.541715" lon="-0.13857"><ele>28</ele></trkpt>
      <trkpt lat="51.54172" lon="-0.138584"><ele>28</ele></trkpt>
      <trkpt lat="51.541664" lon="-0.13864"><ele>28</ele></trkpt>
      <trkpt lat="51.541713" lon="-0.138701"><ele>28</ele></trkpt>
      <trkpt lat="51.541741" lon="-0.138722"><ele>28</ele></trkpt>
      <trkpt lat="51.541713" lon="-0.138701"><ele>28</ele></trkpt>
      <trkpt lat="51.541664" lon="-0.13864"><ele>28</ele></trkpt>
      <trkpt lat="51.54172" lon="-0.138584"><ele>28</ele></trkpt>
      <trkpt lat="51.541764" lon="-0.138542"><ele>28</ele></trkpt>
      <trkpt lat="51.541812" lon="-0.138513"><ele>28</ele></trkpt>
      <trkpt lat="51.541841" lon="-0.138524"><ele>28</ele></trkpt>
      <trkpt lat="51.54189" lon="-0.138563"><ele>28</ele></trkpt>
      <trkpt lat="51.541992" lon="-0.138642"><ele>27.75</ele></trkpt>
      <trkpt lat="51.542718" lon="-0.139259"><ele>28.5</ele></trkpt>
      <trkpt lat="51.543242" lon="-0.139723"><ele>28.5</ele></trkpt>
      <trkpt lat="51.543283" lon="-0.139668"><ele>28.5</ele></trkpt>
      <trkpt lat="51.543305" lon="-0.13969"><ele>28.75</ele></trkpt>
      <trkpt lat="51.543358" lon="-0.139745"><ele>28.75</ele></trkpt>
      <trkpt lat="51.543368" lon="-0.139754"><ele>28.75</ele></trkpt>
      <trkpt lat="51.543393" lon="-0.139778"><ele>28.75</ele></trkpt>
      <trkpt lat="51.543432" lon="-0.139819"><ele>28.5</ele></trkpt>
      <trkpt lat="51.543452" lon="-0.13984"><ele>28.5</ele></trkpt>
      <trkpt lat="51.543485" lon="-0.139873"><ele>28.25</ele></trkpt>
      <trkpt lat="51.543509" lon="-0.139916"><ele>28.25</ele></trkpt>
      <trkpt lat="51.543726" lon="-0.140134"><ele>28</ele></trkpt>
      <trkpt lat="51.543805" lon="-0.140226"><ele>28</ele></trkpt>
      <trkpt lat="51.544023" lon="-0.1405"><ele>28</ele></trkpt>
      <trkpt lat="51.544045" lon="-0.14053"><ele>28</ele></trkpt>
      <trkpt lat="51.544089" lon="-0.140575"><ele>27.75</ele></trkpt>
      <trkpt lat="51.544139" lon="-0.140607"><ele>27.75</ele></trkpt>
      <trkpt lat="51.544236" lon="-0.140705"><ele>28</ele></trkpt>
      <trkpt lat="51.544335" lon="-0.14079"><ele>28</ele></trkpt>
      <trkpt lat="51.544345" lon="-0.140799"><ele>28</ele></trkpt>
      <trkpt lat="51.544582" lon="-0.14099"><ele>28.25</ele></trkpt>
      <trkpt lat="51.54485" lon="-0.141204"><ele>29</ele></trkpt>
      <trkpt lat="51.544887" lon="-0.141204"><ele>29</ele></trkpt>
      <trkpt lat="51.544939" lon="-0.141249"><ele>29</ele></trkpt>
      <trkpt lat="51.544978" lon="-0.14129"><ele>29</ele></trkpt>
      <trkpt lat="51.545036" lon="-0.141373"><ele>29</ele></trkpt>
      <trkpt lat="51.545076" lon="-0.141476"><ele>29</ele></trkpt>
      <trkpt lat="51.545114" lon="-0.141481"><ele>29</ele></trkpt>
      <trkpt lat="51.545143" lon="-0.141486"><ele>29</ele></trkpt>
      <trkpt lat="51.545168" lon="-0.141492"><ele>29</ele></trkpt>
      <trkpt lat="51.54519" lon="-0.141497"><ele>29</ele></trkpt>
      <trkpt lat="51.54539" lon="-0.141554"><ele>29.25</ele></trkpt>
      <trkpt lat="51.545456" lon="-0.141575"><ele>29.5</ele></trkpt>
      <trkpt lat="51.545498" lon="-0.141616"><ele>29.75</ele></trkpt>
      <trkpt lat="51.545704" lon="-0.141689"><ele>30</ele></trkpt>
      <trkpt lat="51.545791" lon="-0.141721"><ele>30</ele></trkpt>
      <trkpt lat="51.545976" lon="-0.141765"><ele>30</ele></trkpt>
      <trkpt lat="51.546192" lon="-0.14179"><ele>30</ele></trkpt>
      <trkpt lat="51.546217" lon="-0.141793"><ele>30</ele></trkpt>
      <trkpt lat="51.546324" lon="-0.141796"><ele>30</ele></trkpt>
      <trkpt lat="51.546354" lon="-0.141796"><ele>30</ele></trkpt>
      <trkpt lat="51.546362" lon="-0.141795"><ele>30</ele></trkpt>
      <trkpt lat="51.546365" lon="-0.141892"><ele>30</ele></trkpt>
      <trkpt lat="51.546366" lon="-0.141932"><ele>30</ele></trkpt>
      <trkpt lat="51.546428" lon="-0.141932"><ele>30</ele></trkpt>
      <trkpt lat="51.546457" lon="-0.141962"><ele>30</ele></trkpt>
      <trkpt lat="51.546499" lon="-0.142499"><ele>30</ele></trkpt>
      <trkpt lat="51.546571" lon="-0.143614"><ele>29.75</ele></trkpt>
      <trkpt lat="51.54657" lon="-0.143756"><ele>29.75</ele></trkpt>
      <trkpt lat="51.54657" lon="-0.143812"><ele>29.5</ele></trkpt>
      <trkpt lat="51.54657" lon="-0.143899"><ele>29.5</ele></trkpt>
      <trkpt lat="51.546571" lon="-0.143999"><ele>29.5</ele></trkpt>
      <trkpt lat="51.546586" lon="-0.144109"><ele>29.5</ele></trkpt>
      <trkpt lat="51.546574" lon="-0.144413"><ele>29.5</ele></trkpt>
      <trkpt lat="51.54655" lon="-0.144955"><ele>29.75</ele></trkpt>
      <trkpt lat="51.546539" lon="-0.145087"><ele>30</ele></trkpt>
      <trkpt lat="51.546537" lon="-0.145147"><ele>30</ele></trkpt>
      <trkpt lat="51.546547" lon="-0.145148"><ele>30</ele></trkpt>
      <trkpt lat="51.546563" lon="-0.14515"><ele>30</ele></trkpt>
      <trkpt lat="51.546561" lon="-0.145185"><ele>30</ele></trkpt>
      <trkpt lat="51.546605" lon="-0.14519"><ele>30</ele></trkpt>
      <trkpt lat="51.546601" lon="-0.145239"><ele>30</ele></trkpt>
      <trkpt lat="51.546584" lon="-0.145414"><ele>30</ele></trkpt>
      <trkpt lat="51.546572" lon="-0.145521"><ele>30.25</ele></trkpt>
      <trkpt lat="51.546599" lon="-0.1456"><ele>30.5</ele></trkpt>
      <trkpt lat="51.546546" lon="-0.146022"><ele>30.25</ele></trkpt>
      <trkpt lat="51.546458" lon="-0.146542"><ele>30</ele></trkpt>
      <trkpt lat="51.546491" lon="-0.146557"><ele>30</ele></trkpt>
      <trkpt lat="51.546542" lon="-0.146579"><ele>30.25</ele></trkpt>
      <trkpt lat="51.546557" lon="-0.146585"><ele>31</ele></trkpt>
      <trkpt lat="51.546542" lon="-0.146579"><ele>30.25</ele></trkpt>
      <trkpt lat="51.546491" lon="-0.146557"><ele>30</ele></trkpt>
      <trkpt lat="51.546434" lon="-0.14679"><ele>30</ele></trkpt>
      <trkpt lat="51.546461" lon="-0.14675"><ele>30.25</ele></trkpt>
      <trkpt lat="51.546488" lon="-0.146748"><ele>30.25</ele></trkpt>
      <trkpt lat="51.546748" lon="-0.146867"><ele>31</ele></trkpt>
      <trkpt lat="51.546892" lon="-0.146894"><ele>31</ele></trkpt>
      <trkpt lat="51.54691" lon="-0.146887"><ele>31</ele></trkpt>
      <trkpt lat="51.547885" lon="-0.147072"><ele>32.5</ele></trkpt>
      <trkpt lat="51.547999" lon="-0.147097"><ele>32.75</ele></trkpt>
      <trkpt lat="51.548116" lon="-0.146624"><ele>33</ele></trkpt>
      <trkpt lat="51.548176" lon="-0.146463"><ele>33</ele></trkpt>
      <trkpt lat="51.548306" lon="-0.146188"><ele>32.75</ele></trkpt>
      <trkpt lat="51.548427" lon="-0.146391"><ele>33</ele></trkpt>
      <trkpt lat="51.548542" lon="-0.146624"><ele>33</ele></trkpt>
      <trkpt lat="51.548601" lon="-0.146777"><ele>33.25</ele></trkpt>
      <trkpt lat="51.548762" lon="-0.147107"><ele>34</ele></trkpt>
      <trkpt lat="51.548903" lon="-0.147497"><ele>34</ele></trkpt>
      <trkpt lat="51.548978" lon="-0.147656"><ele>34.25</ele></trkpt>
      <trkpt lat="51.549067" lon="-0.147795"><ele>34.5</ele></trkpt>
      <trkpt lat="51.549236" lon="-0.14804"><ele>35</ele></trkpt>
      <trkpt lat="51.549354" lon="-0.148192"><ele>35</ele></trkpt>
      <trkpt lat="51.549625" lon="-0.148549"><ele>35.75</ele></trkpt>
      <trkpt lat="51.549771" lon="-0.148722"><ele>36.25</ele></trkpt>
      <trkpt lat="51.549833" lon="-0.148788"><ele>36.25</ele></trkpt>
      <trkpt lat="51.550078" lon="-0.149046"><ele>36.5</ele></trkpt>
      <trkpt lat="51.550507" lon="-0.149396"><ele>37</ele></trkpt>
      <trkpt lat="51.550611" lon="-0.149476"><ele>37</ele></trkpt>
      <trkpt lat="51.550776" lon="-0.149602"><ele>37.5</ele></trkpt>
      <trkpt lat="51.550815" lon="-0.149635"><ele>37.5</ele></trkpt>
      <trkpt lat="51.550842" lon="-0.149657"><ele>37.75</ele></trkpt>
      <trkpt lat="51.550925" lon="-0.149724"><ele>38</ele></trkpt>
      <trkpt lat="51.550991" lon="-0.149779"><ele>38</ele></trkpt>
      <trkpt lat="51.551234" lon="-0.149971"><ele>38</ele></trkpt>
      <trkpt lat="51.551298" lon="-0.150018"><ele>38</ele></trkpt>
      <trkpt lat="51.551736" lon="-0.150355"><ele>38.25</ele></trkpt>
      <trkpt lat="51.552134" lon="-0.15067"><ele>39</ele></trkpt>
      <trkpt lat="51.552213" lon="-0.150731"><ele>39</ele></trkpt>
      <trkpt lat="51.552238" lon="-0.15075"><ele>39</ele></trkpt>
      <trkpt lat="51.552262" lon="-0.150769"><ele>39</ele></trkpt>
      <trkpt lat="51.552354" lon="-0.150851"><ele>39</ele></trkpt>
      <trkpt lat="51.552384" lon="-0.150891"><ele>39</ele></trkpt>
      <trkpt lat="51.552451" lon="-0.151001"><ele>39.5</ele></trkpt>
      <trkpt lat="51.552503" lon="-0.151114"><ele>39.75</ele></trkpt>
      <trkpt lat="51.552527" lon="-0.151186"><ele>40</ele></trkpt>
      <trkpt lat="51.552549" lon="-0.151284"><ele>40</ele></trkpt>
      <trkpt lat="51.552568" lon="-0.151444"><ele>40.25</ele></trkpt>
      <trkpt lat="51.55258" lon="-0.15151"><ele>40.25</ele></trkpt>
      <trkpt lat="51.552599" lon="-0.151565"><ele>40</ele></trkpt>
      <trkpt lat="51.552638" lon="-0.151628"><ele>40</ele></trkpt>
      <trkpt lat="51.552681" lon="-0.151659"><ele>39.75</ele></trkpt>
      <trkpt lat="51.552727" lon="-0.151667"><ele>39.75</ele></trkpt>
      <trkpt lat="51.552786" lon="-0.151659"><ele>39.5</ele></trkpt>
      <trkpt lat="51.552853" lon="-0.151624"><ele>39.5</ele></trkpt>
      <trkpt lat="51.552868" lon="-0.151613"><ele>39.5</ele></trkpt>
      <trkpt lat="51.552928" lon="-0.151573"><ele>40.5</ele></trkpt>
      <trkpt lat="51.552997" lon="-0.151543"><ele>41.75</ele></trkpt>
      <trkpt lat="51.553083" lon="-0.151511"><ele>43</ele></trkpt>
      <trkpt lat="51.553098" lon="-0.151505"><ele>43</ele></trkpt>
      <trkpt lat="51.553183" lon="-0.151474"><ele>43</ele></trkpt>
      <trkpt lat="51.553212" lon="-0.151463"><ele>43</ele></trkpt>
      <trkpt lat="51.55343" lon="-0.151397"><ele>42.5</ele></trkpt>
      <trkpt lat="51.553634" lon="-0.151361"><ele>42</ele></trkpt>
      <trkpt lat="51.553737" lon="-0.151353"><ele>41.5</ele></trkpt>
      <trkpt lat="51.553801" lon="-0.151352"><ele>41.25</ele></trkpt>
      <trkpt lat="51.553959" lon="-0.151378"><ele>41</ele></trkpt>
      <trkpt lat="51.554" lon="-0.151398"><ele>41</ele></trkpt>
      <trkpt lat="51.554031" lon="-0.15143"><ele>41</ele></trkpt>
      <trkpt lat="51.554094" lon="-0.151263"><ele>41</ele></trkpt>
      <trkpt lat="51.554136" lon="-0.151149"><ele>41</ele></trkpt>
      <trkpt lat="51.554216" lon="-0.150934"><ele>41</ele></trkpt>
      <trkpt lat="51.554363" lon="-0.150533"><ele>41</ele></trkpt>
      <trkpt lat="51.554661" lon="-0.150787"><ele>41.25</ele></trkpt>
      <trkpt lat="51.554952" lon="-0.15104"><ele>42</ele></trkpt>
      <trkpt lat="51.554972" lon="-0.151059"><ele>42</ele></trkpt>
      <trkpt lat="51.555011" lon="-0.151096"><ele>42.25</ele></trkpt>
      <trkpt lat="51.555026" lon="-0.151048"><ele>42.5</ele></trkpt>
      <trkpt lat="51.55506" lon="-0.151073"><ele>43.25</ele></trkpt>
      <trkpt lat="51.555147" lon="-0.151061"><ele>44.75</ele></trkpt>
      <trkpt lat="51.555171" lon="-0.151033"><ele>45.25</ele></trkpt>
      <trkpt lat="51.555187" lon="-0.151013"><ele>45.25</ele></trkpt>
      <trkpt lat="51.55521" lon="-0.150985"><ele>45.5</ele></trkpt>
      <trkpt lat="51.555248" lon="-0.150947"><ele>45.75</ele></trkpt>
      <trkpt lat="51.555262" lon="-0.150943"><ele>45.75</ele></trkpt>
      <trkpt lat="51.555236" lon="-0.15087"><ele>45</ele></trkpt>
      <trkpt lat="51.555247" lon="-0.150851"><ele>44.75</ele></trkpt>
      <trkpt lat="51.555236" lon="-0.15087"><ele>45</ele></trkpt>
      <trkpt lat="51.555262" lon="-0.150943"><ele>45.75</ele></trkpt>
      <trkpt lat="51.555248" lon="-0.150947"><ele>45.5</ele></trkpt>
      <trkpt lat="51.55521" lon="-0.150985"><ele>45.25</ele></trkpt>
      <trkpt lat="51.555187" lon="-0.151013"><ele>45.25</ele></trkpt>
      <trkpt lat="51.555171" lon="-0.151033"><ele>45.25</ele></trkpt>
      <trkpt lat="51.555147" lon="-0.151061"><ele>44.75</ele></trkpt>
      <trkpt lat="51.55506" lon="-0.151073"><ele>43.25</ele></trkpt>
      <trkpt lat="51.555026" lon="-0.151048"><ele>42.5</ele></trkpt>
      <trkpt lat="51.555011" lon="-0.151096"><ele>42.25</ele></trkpt>
      <trkpt lat="51.554988" lon="-0.151168"><ele>42</ele></trkpt>
      <trkpt lat="51.554938" lon="-0.151324"><ele>42</ele></trkpt>
      <trkpt lat="51.55492" lon="-0.151379"><ele>42</ele></trkpt>
      <trkpt lat="51.5549" lon="-0.151444"><ele>42</ele></trkpt>
      <trkpt lat="51.554759" lon="-0.151898"><ele>42</ele></trkpt>
      <trkpt lat="51.554599" lon="-0.152411"><ele>42.75</ele></trkpt>
      <trkpt lat="51.554301" lon="-0.153423"><ele>43.5</ele></trkpt>
      <trkpt lat="51.554039" lon="-0.154408"><ele>44.75</ele></trkpt>
      <trkpt lat="51.554032" lon="-0.154433"><ele>44.75</ele></trkpt>
      <trkpt lat="51.554015" lon="-0.154503"><ele>45</ele></trkpt>
      <trkpt lat="51.553997" lon="-0.154569"><ele>45</ele></trkpt>
      <trkpt lat="51.553817" lon="-0.155339"><ele>45.75</ele></trkpt>
      <trkpt lat="51.553797" lon="-0.155422"><ele>45.75</ele></trkpt>
      <trkpt lat="51.553611" lon="-0.156231"><ele>47</ele></trkpt>
      <trkpt lat="51.553565" lon="-0.156431"><ele>47</ele></trkpt>
      <trkpt lat="51.553436" lon="-0.156976"><ele>48</ele></trkpt>
      <trkpt lat="51.553325" lon="-0.157445"><ele>48.75</ele></trkpt>
      <trkpt lat="51.553277" lon="-0.157639"><ele>48.75</ele></trkpt>
      <trkpt lat="51.553289" lon="-0.157736"><ele>48.75</ele></trkpt>
      <trkpt lat="51.553245" lon="-0.157934"><ele>49.25</ele></trkpt>
      <trkpt lat="51.553221" lon="-0.158042"><ele>49.5</ele></trkpt>
      <trkpt lat="51.553164" lon="-0.158138"><ele>49.5</ele></trkpt>
      <trkpt lat="51.553154" lon="-0.158221"><ele>49.5</ele></trkpt>
      <trkpt lat="51.553143" lon="-0.158317"><ele>49.75</ele></trkpt>
      <trkpt lat="51.553137" lon="-0.158373"><ele>50</ele></trkpt>
      <trkpt lat="51.553123" lon="-0.158475"><ele>50</ele></trkpt>
      <trkpt lat="51.553076" lon="-0.158775"><ele>50.5</ele></trkpt>
      <trkpt lat="51.553031" lon="-0.158997"><ele>51</ele></trkpt>
      <trkpt lat="51.552962" lon="-0.159253"><ele>51.25</ele></trkpt>
      <trkpt lat="51.552896" lon="-0.159493"><ele>51.5</ele></trkpt>
      <trkpt lat="51.552896" lon="-0.159588"><ele>51.75</ele></trkpt>
      <trkpt lat="51.552912" lon="-0.159648"><ele>51.75</ele></trkpt>
      <trkpt lat="51.553086" lon="-0.1602"><ele>52</ele></trkpt>
      <trkpt lat="51.553104" lon="-0.160256"><ele>52</ele></trkpt>
      <trkpt lat="51.55342" lon="-0.161309"><ele>53.25</ele></trkpt>
      <trkpt lat="51.553443" lon="-0.161394"><ele>53.5</ele></trkpt>
      <trkpt lat="51.553519" lon="-0.161674"><ele>54</ele></trkpt>
      <trkpt lat="51.553546" lon="-0.161809"><ele>54</ele></trkpt>
      <trkpt lat="51.553602" lon="-0.161784"><ele>54</ele></trkpt>
      <trkpt lat="51.553621" lon="-0.161924"><ele>54</ele></trkpt>
      <trkpt lat="51.553723" lon="-0.162953"><ele>56</ele></trkpt>
      <trkpt lat="51.553787" lon="-0.163384"><ele>56.5</ele></trkpt>
      <trkpt lat="51.553799" lon="-0.163455"><ele>56.75</ele></trkpt>
      <trkpt lat="51.553808" lon="-0.163505"><ele>56.75</ele></trkpt>
      <trkpt lat="51.553917" lon="-0.164137"><ele>58</ele></trkpt>
      <trkpt lat="51.553943" lon="-0.164288"><ele>58.25</ele></trkpt>
      <trkpt lat="51.553965" lon="-0.164368"><ele>58.5</ele></trkpt>
      <trkpt lat="51.554034" lon="-0.164559"><ele>59</ele></trkpt>
      <trkpt lat="51.554108" lon="-0.16473"><ele>59</ele></trkpt>
      <trkpt lat="51.554132" lon="-0.164756"><ele>59</ele></trkpt>
      <trkpt lat="51.554145" lon="-0.164801"><ele>59</ele></trkpt>
      <trkpt lat="51.554156" lon="-0.164841"><ele>59</ele></trkpt>
      <trkpt lat="51.554159" lon="-0.164872"><ele>59</ele></trkpt>
      <trkpt lat="51.554176" lon="-0.164895"><ele>59</ele></trkpt>
      <trkpt lat="51.554195" lon="-0.164909"><ele>59</ele></trkpt>
      <trkpt lat="51.554241" lon="-0.164937"><ele>59</ele></trkpt>
      <trkpt lat="51.554255" lon="-0.164938"><ele>59</ele></trkpt>
      <trkpt lat="51.5543" lon="-0.165032"><ele>59</ele></trkpt>
      <trkpt lat="51.554331" lon="-0.165137"><ele>59</ele></trkpt>
      <trkpt lat="51.554404" lon="-0.165287"><ele>59</ele></trkpt>
      <trkpt lat="51.554458" lon="-0.165368"><ele>59</ele></trkpt>
      <trkpt lat="51.554466" lon="-0.165368"><ele>59</ele></trkpt>
      <trkpt lat="51.5545" lon="-0.165431"><ele>59</ele></trkpt>
      <trkpt lat="51.554557" lon="-0.16554"><ele>59</ele></trkpt>
      <trkpt lat="51.554578" lon="-0.165616"><ele>59</ele></trkpt>
      <trkpt lat="51.554586" lon="-0.165654"><ele>59.25</ele></trkpt>
      <trkpt lat="51.554691" lon="-0.165749"><ele>59.5</ele></trkpt>
      <trkpt lat="51.554841" lon="-0.165825"><ele>59.75</ele></trkpt>
      <trkpt lat="51.554892" lon="-0.165816"><ele>59.75</ele></trkpt>
      <trkpt lat="51.554925" lon="-0.165841"><ele>60</ele></trkpt>
      <trkpt lat="51.554949" lon="-0.165857"><ele>60</ele></trkpt>
      <trkpt lat="51.555006" lon="-0.165919"><ele>60.25</ele></trkpt>
      <trkpt lat="51.555172" lon="-0.16608"><ele>61.5</ele></trkpt>
      <trkpt lat="51.555198" lon="-0.166104"><ele>61.5</ele></trkpt>
      <trkpt lat="51.555209" lon="-0.166037"><ele>61.25</ele></trkpt>
      <trkpt lat="51.555228" lon="-0.165933"><ele>61</ele></trkpt>
      <trkpt lat="51.555252" lon="-0.165872"><ele>61</ele></trkpt>
      <trkpt lat="51.555239" lon="-0.165864"><ele>60.75</ele></trkpt>
      <trkpt lat="51.555212" lon="-0.165847"><ele>60.75</ele></trkpt>
      <trkpt lat="51.555234" lon="-0.165737"><ele>59.75</ele></trkpt>
      <trkpt lat="51.555238" lon="-0.165721"><ele>59.75</ele></trkpt>
      <trkpt lat="51.555225" lon="-0.165713"><ele>59.5</ele></trkpt>
      <trkpt lat="51.55521" lon="-0.165705"><ele>59</ele></trkpt>
      <trkpt lat="51.555225" lon="-0.165713"><ele>59.5</ele></trkpt>
      <trkpt lat="51.555238" lon="-0.165721"><ele>59.75</ele></trkpt>
      <trkpt lat="51.555234" lon="-0.165737"><ele>59.75</ele></trkpt>
      <trkpt lat="51.555212" lon="-0.165847"><ele>60.75</ele></trkpt>
      <trkpt lat="51.555239" lon="-0.165864"><ele>60.75</ele></trkpt>
      <trkpt lat="51.555252" lon="-0.165872"><ele>61</ele></trkpt>
      <trkpt lat="51.555228" lon="-0.165933"><ele>61</ele></trkpt>
      <trkpt lat="51.555209" lon="-0.166037"><ele>61.25</ele></trkpt>
      <trkpt lat="51.555198" lon="-0.166104"><ele>61.5</ele></trkpt>
      <trkpt lat="51.555173" lon="-0.166189"><ele>61</ele></trkpt>
      <trkpt lat="51.555244" lon="-0.16624"><ele>61.5</ele></trkpt>
      <trkpt lat="51.555273" lon="-0.166265"><ele>61.75</ele></trkpt>
      <trkpt lat="51.555542" lon="-0.166492"><ele>62.25</ele></trkpt>
      <trkpt lat="51.555685" lon="-0.166587"><ele>62.75</ele></trkpt>
      <trkpt lat="51.555958" lon="-0.166651"><ele>63</ele></trkpt>
      <trkpt lat="51.555879" lon="-0.167089"><ele>63.25</ele></trkpt>
      <trkpt lat="51.555858" lon="-0.16732"><ele>63.75</ele></trkpt>
      <trkpt lat="51.55585" lon="-0.167409"><ele>63.75</ele></trkpt>
      <trkpt lat="51.555845" lon="-0.16747"><ele>63.75</ele></trkpt>
      <trkpt lat="51.555821" lon="-0.167758"><ele>64.75</ele></trkpt>
      <trkpt lat="51.555809" lon="-0.167899"><ele>65.25</ele></trkpt>
      <trkpt lat="51.555791" lon="-0.168113"><ele>66</ele></trkpt>
      <trkpt lat="51.555776" lon="-0.168311"><ele>66.75</ele></trkpt>
      <trkpt lat="51.555751" lon="-0.168602"><ele>67.75</ele></trkpt>
      <trkpt lat="51.555626" lon="-0.170069"><ele>73.5</ele></trkpt>
      <trkpt lat="51.55563" lon="-0.170208"><ele>74</ele></trkpt>
      <trkpt lat="51.555662" lon="-0.170293"><ele>74.25</ele></trkpt>
      <trkpt lat="51.554805" lon="-0.171539"><ele>79</ele></trkpt>
      <trkpt lat="51.554718" lon="-0.171662"><ele>80</ele></trkpt>
      <trkpt lat="51.554507" lon="-0.171955"><ele>82</ele></trkpt>
      <trkpt lat="51.554618" lon="-0.172215"><ele>83.5</ele></trkpt>
      <trkpt lat="51.554699" lon="-0.172385"><ele>84.25</ele></trkpt>
      <trkpt lat="51.554789" lon="-0.172609"><ele>85.25</ele></trkpt>
      <trkpt lat="51.554825" lon="-0.172707"><ele>86</ele></trkpt>
      <trkpt lat="51.554882" lon="-0.172913"><ele>87</ele></trkpt>
      <trkpt lat="51.554948" lon="-0.173152"><ele>88</ele></trkpt>
      <trkpt lat="51.554986" lon="-0.173285"><ele>88.75</ele></trkpt>
      <trkpt lat="51.555095" lon="-0.173703"><ele>91.5</ele></trkpt>
      <trkpt lat="51.555169" lon="-0.173995"><ele>93.25</ele></trkpt>
      <trkpt lat="51.555192" lon="-0.174087"><ele>93.75</ele></trkpt>
      <trkpt lat="51.55516" lon="-0.174135"><ele>94.5</ele></trkpt>
      <trkpt lat="51.555147" lon="-0.1742"><ele>95</ele></trkpt>
      <trkpt lat="51.555145" lon="-0.174349"><ele>95.5</ele></trkpt>
      <trkpt lat="51.55524" lon="-0.174714"><ele>97.25</ele></trkpt>
      <trkpt lat="51.555197" lon="-0.174722"><ele>97.75</ele></trkpt>
      <trkpt lat="51.555186" lon="-0.174785"><ele>98.5</ele></trkpt>
      <trkpt lat="51.555248" lon="-0.175113"><ele>100.75</ele></trkpt>
      <trkpt lat="51.555325" lon="-0.175498"><ele>102</ele></trkpt>
      <trkpt lat="51.555332" lon="-0.175735"><ele>102.25</ele></trkpt>
      <trkpt lat="51.555282" lon="-0.175778"><ele>102.75</ele></trkpt>
      <trkpt lat="51.555081" lon="-0.175899"><ele>104.25</ele></trkpt>
      <trkpt lat="51.55499" lon="-0.175974"><ele>105</ele></trkpt>
      <trkpt lat="51.554947" lon="-0.176009"><ele>105</ele></trkpt>
      <trkpt lat="51.554868" lon="-0.176083"><ele>105.25</ele></trkpt>
      <trkpt lat="51.554672" lon="-0.17652"><ele>107.25</ele></trkpt>
      <trkpt lat="51.554503" lon="-0.176896"><ele>107.25</ele></trkpt>
      <trkpt lat="51.554316" lon="-0.17734"><ele>106</ele></trkpt>
      <trkpt lat="51.553942" lon="-0.177923"><ele>102.5</ele></trkpt>
      <trkpt lat="51.553431" lon="-0.178846"><ele>97</ele></trkpt>
      <trkpt lat="51.552699" lon="-0.178575"><ele>93.75</ele></trkpt>
      <trkpt lat="51.552653" lon="-0.178548"><ele>93.5</ele></trkpt>
      <trkpt lat="51.552584" lon="-0.178712"><ele>93</ele></trkpt>
      <trkpt lat="51.552494" lon="-0.178967"><ele>91.25</ele></trkpt>
      <trkpt lat="51.552322" lon="-0.179456"><ele>87.25</ele></trkpt>
      <trkpt lat="51.55202" lon="-0.180314"><ele>79.25</ele></trkpt>
      <trkpt lat="51.551908" lon="-0.180631"><ele>77.25</ele></trkpt>
      <trkpt lat="51.551536" lon="-0.181665"><ele>73</ele></trkpt>
      <trkpt lat="51.551383" lon="-0.182109"><ele>70.25</ele></trkpt>
      <trkpt lat="51.550932" lon="-0.183378"><ele>64</ele></trkpt>
      <trkpt lat="51.550914" lon="-0.183427"><ele>63.75</ele></trkpt>
      <trkpt lat="51.550888" lon="-0.183494"><ele>63.5</ele></trkpt>
      <trkpt lat="51.550817" lon="-0.183672"><ele>62.75</ele></trkpt>
      <trkpt lat="51.550746" lon="-0.183569"><ele>62.5</ele></trkpt>
      <trkpt lat="51.550708" lon="-0.183507"><ele>62.5</ele></trkpt>
      <trkpt lat="51.550567" lon="-0.183274"><ele>62</ele></trkpt>
      <trkpt lat="51.550492" lon="-0.183151"><ele>61.25</ele></trkpt>
      <trkpt lat="51.550395" lon="-0.182989"><ele>60.75</ele></trkpt>
      <trkpt lat="51.55036" lon="-0.182926"><ele>60.75</ele></trkpt>
      <trkpt lat="51.550349" lon="-0.182908"><ele>60.75</ele></trkpt>
      <trkpt lat="51.55027" lon="-0.183101"><ele>59.25</ele></trkpt>
      <trkpt lat="51.550258" lon="-0.183136"><ele>58.5</ele></trkpt>
      <trkpt lat="51.55027" lon="-0.183101"><ele>59.25</ele></trkpt>
      <trkpt lat="51.550349" lon="-0.182908"><ele>60.75</ele></trkpt>
      <trkpt lat="51.550304" lon="-0.18283"><ele>60.75</ele></trkpt>
      <trkpt lat="51.550138" lon="-0.18254"><ele>60.25</ele></trkpt>
      <trkpt lat="51.550047" lon="-0.18297"><ele>58.5</ele></trkpt>
      <trkpt lat="51.550014" lon="-0.183172"><ele>58</ele></trkpt>
      <trkpt lat="51.550044" lon="-0.183475"><ele>57</ele></trkpt>
      <trkpt lat="51.549995" lon="-0.183633"><ele>55.75</ele></trkpt>
      <trkpt lat="51.549822" lon="-0.184136"><ele>55.5</ele></trkpt>
      <trkpt lat="51.549584" lon="-0.184735"><ele>54.75</ele></trkpt>
      <trkpt lat="51.548896" lon="-0.186377"><ele>54</ele></trkpt>
      <trkpt lat="51.54869" lon="-0.186893"><ele>53.25</ele></trkpt>
      <trkpt lat="51.548637" lon="-0.187108"><ele>53</ele></trkpt>
      <trkpt lat="51.548554" lon="-0.187334"><ele>52.25</ele></trkpt>
      <trkpt lat="51.548504" lon="-0.187531"><ele>51.5</ele></trkpt>
      <trkpt lat="51.548126" lon="-0.188602"><ele>50</ele></trkpt>
      <trkpt lat="51.548006" lon="-0.188907"><ele>52.5</ele></trkpt>
      <trkpt lat="51.547974" lon="-0.189052"><ele>52.25</ele></trkpt>
      <trkpt lat="51.547872" lon="-0.189442"><ele>52</ele></trkpt>
      <trkpt lat="51.547656" lon="-0.190153"><ele>53</ele></trkpt>
      <trkpt lat="51.547411" lon="-0.190903"><ele>54</ele></trkpt>
      <trkpt lat="51.547392" lon="-0.190956"><ele>54.25</ele></trkpt>
      <trkpt lat="51.547393" lon="-0.191007"><ele>54.25</ele></trkpt>
      <trkpt lat="51.547423" lon="-0.191005"><ele>54.25</ele></trkpt>
      <trkpt lat="51.547425" lon="-0.191061"><ele>54.25</ele></trkpt>
      <trkpt lat="51.547428" lon="-0.191124"><ele>54.25</ele></trkpt>
      <trkpt lat="51.547464" lon="-0.191121"><ele>55.75</ele></trkpt>
      <trkpt lat="51.547888" lon="-0.191085"><ele>55.75</ele></trkpt>
      <trkpt lat="51.547903" lon="-0.191143"><ele>55.75</ele></trkpt>
      <trkpt lat="51.547944" lon="-0.191142"><ele>55.75</ele></trkpt>
      <trkpt lat="51.547951" lon="-0.191251"><ele>55.25</ele></trkpt>
      <trkpt lat="51.547956" lon="-0.191445"><ele>54.75</ele></trkpt>
      <trkpt lat="51.547982" lon="-0.191857"><ele>55.75</ele></trkpt>
      <trkpt lat="51.547986" lon="-0.192058"><ele>56</ele></trkpt>
      <trkpt lat="51.547986" lon="-0.19206"><ele>56</ele></trkpt>
      <trkpt lat="51.54799" lon="-0.192273"><ele>56</ele></trkpt>
      <trkpt lat="51.547998" lon="-0.192582"><ele>55.75</ele></trkpt>
      <trkpt lat="51.547943" lon="-0.193364"><ele>54.5</ele></trkpt>
      <trkpt lat="51.547903" lon="-0.1937"><ele>52.75</ele></trkpt>
      <trkpt lat="51.547853" lon="-0.194003"><ele>51.25</ele></trkpt>
      <trkpt lat="51.547794" lon="-0.194253"><ele>50.5</ele></trkpt>
      <trkpt lat="51.547661" lon="-0.194683"><ele>48.75</ele></trkpt>
      <trkpt lat="51.547608" lon="-0.194866"><ele>48.25</ele></trkpt>
      <trkpt lat="51.547527" lon="-0.195098"><ele>48</ele></trkpt>
      <trkpt lat="51.547259" lon="-0.196037"><ele>46</ele></trkpt>
      <trkpt lat="51.547232" lon="-0.196176"><ele>46</ele></trkpt>
      <trkpt lat="51.547088" lon="-0.196931"><ele>46</ele></trkpt>
      <trkpt lat="51.546973" lon="-0.197535"><ele>45</ele></trkpt>
      <trkpt lat="51.54691" lon="-0.197941"><ele>44.75</ele></trkpt>
      <trkpt lat="51.546857" lon="-0.198279"><ele>44.5</ele></trkpt>
      <trkpt lat="51.5468" lon="-0.198593"><ele>44.75</ele></trkpt>
      <trkpt lat="51.546768" lon="-0.198755"><ele>45</ele></trkpt>
      <trkpt lat="51.546704" lon="-0.199112"><ele>44.25</ele></trkpt>
      <trkpt lat="51.546486" lon="-0.200049"><ele>44.25</ele></trkpt>
      <trkpt lat="51.546371" lon="-0.200531"><ele>43.75</ele></trkpt>
      <trkpt lat="51.54619" lon="-0.201155"><ele>43</ele></trkpt>
      <trkpt lat="51.545978" lon="-0.201855"><ele>42.75</ele></trkpt>
      <trkpt lat="51.545875" lon="-0.202141"><ele>43</ele></trkpt>
      <trkpt lat="51.545843" lon="-0.202228"><ele>43</ele></trkpt>
      <trkpt lat="51.545826" lon="-0.202276"><ele>43</ele></trkpt>
      <trkpt lat="51.545802" lon="-0.20234"><ele>43</ele></trkpt>
      <trkpt lat="51.545765" lon="-0.202437"><ele>43</ele></trkpt>
      <trkpt lat="51.54569" lon="-0.202358"><ele>43</ele></trkpt>
      <trkpt lat="51.545665" lon="-0.202428"><ele>43</ele></trkpt>
      <trkpt lat="51.545256" lon="-0.201997"><ele>43</ele></trkpt>
      <trkpt lat="51.545241" lon="-0.202038"><ele>43</ele></trkpt>
      <trkpt lat="51.545182" lon="-0.202199"><ele>43</ele></trkpt>
      <trkpt lat="51.545218" lon="-0.202231"><ele>43</ele></trkpt>
      <trkpt lat="51.545184" lon="-0.202327"><ele>43</ele></trkpt>
      <trkpt lat="51.545218" lon="-0.202231"><ele>43</ele></trkpt>
      <trkpt lat="51.545182" lon="-0.202199"><ele>43</ele></trkpt>
      <trkpt lat="51.545241" lon="-0.202038"><ele>43</ele></trkpt>
      <trkpt lat="51.545256" lon="-0.201997"><ele>43</ele></trkpt>
      <trkpt lat="51.545284" lon="-0.201922"><ele>43</ele></trkpt>
      <trkpt lat="51.545331" lon="-0.201976"><ele>43</ele></trkpt>
      <trkpt lat="51.54555" lon="-0.20221"><ele>43</ele></trkpt>
      <trkpt lat="51.545647" lon="-0.202312"><ele>43</ele></trkpt>
      <trkpt lat="51.545674" lon="-0.202341"><ele>43</ele></trkpt>
      <trkpt lat="51.54569" lon="-0.202358"><ele>43</ele></trkpt>
      <trkpt lat="51.545765" lon="-0.202437"><ele>43</ele></trkpt>
      <trkpt lat="51.545729" lon="-0.202534"><ele>43</ele></trkpt>
      <trkpt lat="51.54571" lon="-0.202583"><ele>43</ele></trkpt>
      <trkpt lat="51.545687" lon="-0.202639"><ele>43.25</ele></trkpt>
      <trkpt lat="51.545634" lon="-0.202752"><ele>43.5</ele></trkpt>
      <trkpt lat="51.545571" lon="-0.202886"><ele>43.75</ele></trkpt>
      <trkpt lat="51.545496" lon="-0.203059"><ele>43.75</ele></trkpt>
      <trkpt lat="51.545441" lon="-0.203189"><ele>44</ele></trkpt>
      <trkpt lat="51.545298" lon="-0.203509"><ele>44</ele></trkpt>
      <trkpt lat="51.544998" lon="-0.20419"><ele>45</ele></trkpt>
      <trkpt lat="51.54474" lon="-0.204777"><ele>45.75</ele></trkpt>
      <trkpt lat="51.54466" lon="-0.204956"><ele>46</ele></trkpt>
      <trkpt lat="51.544524" lon="-0.205263"><ele>46.75</ele></trkpt>
      <trkpt lat="51.544332" lon="-0.205684"><ele>47.5</ele></trkpt>
      <trkpt lat="51.54401" lon="-0.206389"><ele>48</ele></trkpt>
      <trkpt lat="51.543603" lon="-0.207281"><ele>49.75</ele></trkpt>
      <trkpt lat="51.543314" lon="-0.207914"><ele>50.75</ele></trkpt>
      <trkpt lat="51.543117" lon="-0.208314"><ele>51.5</ele></trkpt>
      <trkpt lat="51.54307" lon="-0.208404"><ele>51.75</ele></trkpt>
      <trkpt lat="51.543003" lon="-0.208517"><ele>51.75</ele></trkpt>
      <trkpt lat="51.542906" lon="-0.208662"><ele>52</ele></trkpt>
      <trkpt lat="51.542698" lon="-0.208976"><ele>51.75</ele></trkpt>
      <trkpt lat="51.542661" lon="-0.209028"><ele>51.75</ele></trkpt>
      <trkpt lat="51.542649" lon="-0.209045"><ele>51.75</ele></trkpt>
      <trkpt lat="51.542546" lon="-0.209191"><ele>52</ele></trkpt>
      <trkpt lat="51.542484" lon="-0.209278"><ele>51.75</ele></trkpt>
      <trkpt lat="51.542136" lon="-0.209753"><ele>51.75</ele></trkpt>
      <trkpt lat="51.542018" lon="-0.209908"><ele>51.75</ele></trkpt>
      <trkpt lat="51.541855" lon="-0.210137"><ele>52</ele></trkpt>
      <trkpt lat="51.541658" lon="-0.21041"><ele>52</ele></trkpt>
      <trkpt lat="51.541552" lon="-0.210559"><ele>52</ele></trkpt>
      <trkpt lat="51.541493" lon="-0.210636"><ele>52</ele></trkpt>
      <trkpt lat="51.541442" lon="-0.210574"><ele>52</ele></trkpt>
      <trkpt lat="51.541305" lon="-0.210407"><ele>52</ele></trkpt>
      <trkpt lat="51.541089" lon="-0.210128"><ele>51.75</ele></trkpt>
      <trkpt lat="51.540964" lon="-0.209988"><ele>49.75</ele></trkpt>
      <trkpt lat="51.540935" lon="-0.210021"><ele>49.5</ele></trkpt>
      <trkpt lat="51.540886" lon="-0.210075"><ele>49</ele></trkpt>
      <trkpt lat="51.540834" lon="-0.21015"><ele>49</ele></trkpt>
      <trkpt lat="51.540812" lon="-0.210102"><ele>48.5</ele></trkpt>
      <trkpt lat="51.540802" lon="-0.210079"><ele>48.5</ele></trkpt>
      <trkpt lat="51.54077" lon="-0.210011"><ele>49</ele></trkpt>
      <trkpt lat="51.540802" lon="-0.210079"><ele>48.5</ele></trkpt>
      <trkpt lat="51.540812" lon="-0.210102"><ele>48.5</ele></trkpt>
      <trkpt lat="51.540834" lon="-0.21015"><ele>49</ele></trkpt>
      <trkpt lat="51.540886" lon="-0.210075"><ele>49</ele></trkpt>
      <trkpt lat="51.540935" lon="-0.210021"><ele>49.5</ele></trkpt>
      <trkpt lat="51.540964" lon="-0.209988"><ele>49.75</ele></trkpt>
      <trkpt lat="51.541089" lon="-0.210128"><ele>51.75</ele></trkpt>
      <trkpt lat="51.541305" lon="-0.210407"><ele>52</ele></trkpt>
      <trkpt lat="51.541442" lon="-0.210574"><ele>52</ele></trkpt>
      <trkpt lat="51.541493" lon="-0.210636"><ele>52</ele></trkpt>
      <trkpt lat="51.54143" lon="-0.210718"><ele>52</ele></trkpt>
      <trkpt lat="51.541309" lon="-0.210874"><ele>52</ele></trkpt>
      <trkpt lat="51.541188" lon="-0.21103"><ele>52</ele></trkpt>
      <trkpt lat="51.540875" lon="-0.211436"><ele>52.25</ele></trkpt>
      <trkpt lat="51.540407" lon="-0.212041"><ele>52</ele></trkpt>
      <trkpt lat="51.540006" lon="-0.212559"><ele>53</ele></trkpt>
      <trkpt lat="51.539717" lon="-0.212933"><ele>52.75</ele></trkpt>
      <trkpt lat="51.539378" lon="-0.213372"><ele>53</ele></trkpt>
      <trkpt lat="51.53908" lon="-0.213756"><ele>52.5</ele></trkpt>
      <trkpt lat="51.53873" lon="-0.21421"><ele>52.5</ele></trkpt>
      <trkpt lat="51.538686" lon="-0.214266"><ele>52.5</ele></trkpt>
      <trkpt lat="51.538647" lon="-0.214317"><ele>52.5</ele></trkpt>
      <trkpt lat="51.538535" lon="-0.214462"><ele>52.75</ele></trkpt>
      <trkpt lat="51.538286" lon="-0.214784"><ele>52.75</ele></trkpt>
      <trkpt lat="51.537807" lon="-0.215405"><ele>52.5</ele></trkpt>
      <trkpt lat="51.537664" lon="-0.215591"><ele>52.5</ele></trkpt>
      <trkpt lat="51.53754" lon="-0.215751"><ele>52.5</ele></trkpt>
      <trkpt lat="51.537491" lon="-0.215827"><ele>52.75</ele></trkpt>
      <trkpt lat="51.537476" lon="-0.215851"><ele>52.75</ele></trkpt>
      <trkpt lat="51.537271" lon="-0.216178"><ele>51</ele></trkpt>
      <trkpt lat="51.537154" lon="-0.216366"><ele>50.75</ele></trkpt>
      <trkpt lat="51.537087" lon="-0.216472"><ele>50.5</ele></trkpt>
      <trkpt lat="51.536816" lon="-0.216952"><ele>50.5</ele></trkpt>
      <trkpt lat="51.536625" lon="-0.217289"><ele>49.75</ele></trkpt>
      <trkpt lat="51.536465" lon="-0.217579"><ele>50</ele></trkpt>
      <trkpt lat="51.536338" lon="-0.217809"><ele>49.75</ele></trkpt>
      <trkpt lat="51.536144" lon="-0.218159"><ele>49</ele></trkpt>
      <trkpt lat="51.535973" lon="-0.218466"><ele>49</ele></trkpt>
      <trkpt lat="51.535816" lon="-0.218819"><ele>48.75</ele></trkpt>
      <trkpt lat="51.53556" lon="-0.219391"><ele>49</ele></trkpt>
      <trkpt lat="51.535431" lon="-0.21968"><ele>49.25</ele></trkpt>
      <trkpt lat="51.535332" lon="-0.219973"><ele>49.75</ele></trkpt>
      <trkpt lat="51.535272" lon="-0.220057"><ele>49.75</ele></trkpt>
      <trkpt lat="51.535211" lon="-0.219996"><ele>49.75</ele></trkpt>
      <trkpt lat="51.53514" lon="-0.219924"><ele>49.75</ele></trkpt>
      <trkpt lat="51.535063" lon="-0.219847"><ele>49.75</ele></trkpt>
      <trkpt lat="51.535039" lon="-0.219916"><ele>49.75</ele></trkpt>
      <trkpt lat="51.535034" lon="-0.219932"><ele>49.75</ele></trkpt>
      <trkpt lat="51.534771" lon="-0.219645"><ele>48.25</ele></trkpt>
      <trkpt lat="51.534749" lon="-0.219622"><ele>48.25</ele></trkpt>
      <trkpt lat="51.534741" lon="-0.219641"><ele>48</ele></trkpt>
      <trkpt lat="51.534733" lon="-0.219671"><ele>48</ele></trkpt>
      <trkpt lat="51.534711" lon="-0.21965"><ele>48</ele></trkpt>
      <trkpt lat="51.534626" lon="-0.21956"><ele>47.5</ele></trkpt>
      <trkpt lat="51.534618" lon="-0.219581"><ele>47.25</ele></trkpt>
      <trkpt lat="51.53458" lon="-0.219674"><ele>47.5</ele></trkpt>
      <trkpt lat="51.534537" lon="-0.219681"><ele>47.5</ele></trkpt>
      <trkpt lat="51.534455" lon="-0.219656"><ele>47.25</ele></trkpt>
      <trkpt lat="51.53445" lon="-0.219764"><ele>47</ele></trkpt>
      <trkpt lat="51.534476" lon="-0.219784"><ele>47</ele></trkpt>
      <trkpt lat="51.534518" lon="-0.219825"><ele>47</ele></trkpt>
      <trkpt lat="51.534491" lon="-0.219902"><ele>47</ele></trkpt>
      <trkpt lat="51.534518" lon="-0.219825"><ele>47</ele></trkpt>
      <trkpt lat="51.534476" lon="-0.219784"><ele>47</ele></trkpt>
      <trkpt lat="51.53445" lon="-0.219764"><ele>47</ele></trkpt>
      <trkpt lat="51.534455" lon="-0.219656"><ele>47.25</ele></trkpt>
      <trkpt lat="51.534537" lon="-0.219681"><ele>47.5</ele></trkpt>
      <trkpt lat="51.53458" lon="-0.219674"><ele>47.5</ele></trkpt>
      <trkpt lat="51.534618" lon="-0.219581"><ele>48</ele></trkpt>
      <trkpt lat="51.534626" lon="-0.21956"><ele>48</ele></trkpt>
      <trkpt lat="51.534711" lon="-0.21965"><ele>49</ele></trkpt>
      <trkpt lat="51.534733" lon="-0.219671"><ele>49</ele></trkpt>
      <trkpt lat="51.534741" lon="-0.219641"><ele>49.25</ele></trkpt>
      <trkpt lat="51.534749" lon="-0.219622"><ele>49.5</ele></trkpt>
      <trkpt lat="51.534771" lon="-0.219645"><ele>49.75</ele></trkpt>
      <trkpt lat="51.535034" lon="-0.219932"><ele>49.75</ele></trkpt>
      <trkpt lat="51.535077" lon="-0.219978"><ele>49.75</ele></trkpt>
      <trkpt lat="51.535084" lon="-0.220002"><ele>49.75</ele></trkpt>
      <trkpt lat="51.5351" lon="-0.220016"><ele>49.75</ele></trkpt>
      <trkpt lat="51.534909" lon="-0.220488"><ele>48.75</ele></trkpt>
      <trkpt lat="51.534595" lon="-0.221394"><ele>49</ele></trkpt>
      <trkpt lat="51.534385" lon="-0.222089"><ele>49.25</ele></trkpt>
      <trkpt lat="51.534275" lon="-0.222529"><ele>50</ele></trkpt>
      <trkpt lat="51.53424" lon="-0.22267"><ele>49.75</ele></trkpt>
      <trkpt lat="51.534112" lon="-0.223274"><ele>49.75</ele></trkpt>
      <trkpt lat="51.534027" lon="-0.223792"><ele>50</ele></trkpt>
      <trkpt lat="51.533939" lon="-0.224329"><ele>50</ele></trkpt>
      <trkpt lat="51.533786" lon="-0.225602"><ele>50.5</ele></trkpt>
      <trkpt lat="51.533773" lon="-0.225667"><ele>50.75</ele></trkpt>
      <trkpt lat="51.533763" lon="-0.225766"><ele>50.75</ele></trkpt>
      <trkpt lat="51.533763" lon="-0.225859"><ele>51</ele></trkpt>
      <trkpt lat="51.533759" lon="-0.225901"><ele>51</ele></trkpt>
      <trkpt lat="51.533748" lon="-0.226028"><ele>51</ele></trkpt>
      <trkpt lat="51.533738" lon="-0.226093"><ele>51</ele></trkpt>
      <trkpt lat="51.533721" lon="-0.226287"><ele>51</ele></trkpt>
      <trkpt lat="51.53369" lon="-0.227099"><ele>51.5</ele></trkpt>
      <trkpt lat="51.533646" lon="-0.228302"><ele>52</ele></trkpt>
      <trkpt lat="51.533595" lon="-0.22974"><ele>51.75</ele></trkpt>
      <trkpt lat="51.533561" lon="-0.230685"><ele>51</ele></trkpt>
      <trkpt lat="51.533491" lon="-0.23204"><ele>49.75</ele></trkpt>
      <trkpt lat="51.533436" lon="-0.233069"><ele>48.25</ele></trkpt>
      <trkpt lat="51.533426" lon="-0.233289"><ele>48</ele></trkpt>
      <trkpt lat="51.533415" lon="-0.233406"><ele>47.75</ele></trkpt>
      <trkpt lat="51.53343" lon="-0.233458"><ele>47.5</ele></trkpt>
      <trkpt lat="51.533434" lon="-0.23351"><ele>47.5</ele></trkpt>
      <trkpt lat="51.533448" lon="-0.233608"><ele>47.25</ele></trkpt>
      <trkpt lat="51.53343" lon="-0.233818"><ele>47</ele></trkpt>
      <trkpt lat="51.533416" lon="-0.234003"><ele>47</ele></trkpt>
      <trkpt lat="51.533391" lon="-0.234027"><ele>47</ele></trkpt>
      <trkpt lat="51.533391" lon="-0.234069"><ele>47</ele></trkpt>
      <trkpt lat="51.533396" lon="-0.234332"><ele>46.5</ele></trkpt>
      <trkpt lat="51.533394" lon="-0.234465"><ele>46</ele></trkpt>
      <trkpt lat="51.533402" lon="-0.23492"><ele>45.5</ele></trkpt>
      <trkpt lat="51.533394" lon="-0.235841"><ele>44</ele></trkpt>
      <trkpt lat="51.533382" lon="-0.236966"><ele>43</ele></trkpt>
      <trkpt lat="51.53338" lon="-0.237351"><ele>43</ele></trkpt>
      <trkpt lat="51.533376" lon="-0.237894"><ele>42</ele></trkpt>
      <trkpt lat="51.533371" lon="-0.238428"><ele>42</ele></trkpt>
      <trkpt lat="51.53337" lon="-0.238571"><ele>42</ele></trkpt>
      <trkpt lat="51.53337" lon="-0.238627"><ele>42</ele></trkpt>
      <trkpt lat="51.533369" lon="-0.238684"><ele>42</ele></trkpt>
      <trkpt lat="51.533366" lon="-0.239009"><ele>42</ele></trkpt>
      <trkpt lat="51.533366" lon="-0.23918"><ele>41.75</ele></trkpt>
      <trkpt lat="51.533384" lon="-0.239256"><ele>41.5</ele></trkpt>
      <trkpt lat="51.533459" lon="-0.239386"><ele>41.5</ele></trkpt>
      <trkpt lat="51.533581" lon="-0.239585"><ele>41.75</ele></trkpt>
      <trkpt lat="51.533556" lon="-0.239633"><ele>41.75</ele></trkpt>
      <trkpt lat="51.53355" lon="-0.239648"><ele>41.75</ele></trkpt>
      <trkpt lat="51.53356" lon="-0.239693"><ele>41.75</ele></trkpt>
      <trkpt lat="51.533554" lon="-0.239734"><ele>42</ele></trkpt>
      <trkpt lat="51.533321" lon="-0.240095"><ele>43.25</ele></trkpt>
      <trkpt lat="51.533179" lon="-0.240321"><ele>43.75</ele></trkpt>
      <trkpt lat="51.533163" lon="-0.24031"><ele>43.75</ele></trkpt>
      <trkpt lat="51.533151" lon="-0.240289"><ele>43.75</ele></trkpt>
      <trkpt lat="51.533136" lon="-0.240316"><ele>43.75</ele></trkpt>
      <trkpt lat="51.533109" lon="-0.240363"><ele>43.75</ele></trkpt>
      <trkpt lat="51.533073" lon="-0.240425"><ele>43.5</ele></trkpt>
      <trkpt lat="51.533062" lon="-0.240446"><ele>43.25</ele></trkpt>
      <trkpt lat="51.532921" lon="-0.240222"><ele>41</ele></trkpt>
      <trkpt lat="51.532789" lon="-0.240018"><ele>39.25</ele></trkpt>
      <trkpt lat="51.532781" lon="-0.240036"><ele>39</ele></trkpt>
      <trkpt lat="51.532778" lon="-0.24006"><ele>39</ele></trkpt>
      <trkpt lat="51.532768" lon="-0.24024"><ele>39</ele></trkpt>
      <trkpt lat="51.532673" lon="-0.241599"><ele>38</ele></trkpt>
      <trkpt lat="51.532649" lon="-0.241843"><ele>38.25</ele></trkpt>
      <trkpt lat="51.532614" lon="-0.242085"><ele>38.75</ele></trkpt>
      <trkpt lat="51.532576" lon="-0.242318"><ele>38.75</ele></trkpt>
      <trkpt lat="51.532524" lon="-0.242551"><ele>38.75</ele></trkpt>
      <trkpt lat="51.532465" lon="-0.242774"><ele>38.5</ele></trkpt>
      <trkpt lat="51.532371" lon="-0.24305"><ele>37.5</ele></trkpt>
      <trkpt lat="51.532324" lon="-0.243145"><ele>36.75</ele></trkpt>
      <trkpt lat="51.532204" lon="-0.243417"><ele>36.25</ele></trkpt>
      <trkpt lat="51.532174" lon="-0.243484"><ele>36.5</ele></trkpt>
      <trkpt lat="51.532156" lon="-0.243572"><ele>36.75</ele></trkpt>
      <trkpt lat="51.532163" lon="-0.243613"><ele>36.75</ele></trkpt>
      <trkpt lat="51.532163" lon="-0.243646"><ele>36.75</ele></trkpt>
      <trkpt lat="51.532168" lon="-0.24377"><ele>36.5</ele></trkpt>
      <trkpt lat="51.532198" lon="-0.243768"><ele>36.25</ele></trkpt>
      <trkpt lat="51.532199" lon="-0.243828"><ele>36.25</ele></trkpt>
      <trkpt lat="51.532199" lon="-0.243845"><ele>36.25</ele></trkpt>
      <trkpt lat="51.532161" lon="-0.243847"><ele>36.25</ele></trkpt>
      <trkpt lat="51.53221" lon="-0.244579"><ele>37.5</ele></trkpt>
      <trkpt lat="51.532247" lon="-0.244793"><ele>37.75</ele></trkpt>
      <trkpt lat="51.532245" lon="-0.24482"><ele>38</ele></trkpt>
      <trkpt lat="51.532216" lon="-0.245059"><ele>38</ele></trkpt>
      <trkpt lat="51.532289" lon="-0.245014"><ele>36.75</ele></trkpt>
      <trkpt lat="51.532402" lon="-0.244988"><ele>35.25</ele></trkpt>
      <trkpt lat="51.532491" lon="-0.244966"><ele>34</ele></trkpt>
      <trkpt lat="51.532485" lon="-0.244903"><ele>34</ele></trkpt>
      <trkpt lat="51.532475" lon="-0.2448"><ele>34</ele></trkpt>
    </trkseg>
    <trkseg>
      <trkpt lat="51.532475" lon="-0.2448"><ele>34</ele></trkpt>
      <trkpt lat="51.532485" lon="-0.244903"><ele>34</ele></trkpt>
      <trkpt lat="51.532491" lon="-0.244966"><ele>34.5</ele></trkpt>
      <trkpt lat="51.532402" lon="-0.244988"><ele>36</ele></trkpt>
      <trkpt lat="51.532289" lon="-0.245014"><ele>38</ele></trkpt>
      <trkpt lat="51.532216" lon="-0.245059"><ele>38</ele></trkpt>
      <trkpt lat="51.532225" lon="-0.245102"><ele>38.25</ele></trkpt>
      <trkpt lat="51.53223" lon="-0.245138"><ele>38.25</ele></trkpt>
      <trkpt lat="51.532367" lon="-0.245723"><ele>36</ele></trkpt>
      <trkpt lat="51.532368" lon="-0.24587"><ele>35.75</ele></trkpt>
      <trkpt lat="51.532382" lon="-0.245968"><ele>35.5</ele></trkpt>
      <trkpt lat="51.532371" lon="-0.245974"><ele>35.5</ele></trkpt>
      <trkpt lat="51.532345" lon="-0.245989"><ele>35.75</ele></trkpt>
      <trkpt lat="51.53232" lon="-0.246004"><ele>36</ele></trkpt>
      <trkpt lat="51.532312" lon="-0.246009"><ele>36</ele></trkpt>
      <trkpt lat="51.532409" lon="-0.246423"><ele>36.5</ele></trkpt>
      <trkpt lat="51.532421" lon="-0.246475"><ele>36.5</ele></trkpt>
      <trkpt lat="51.532418" lon="-0.246532"><ele>36.5</ele></trkpt>
      <trkpt lat="51.5324" lon="-0.246573"><ele>36.75</ele></trkpt>
      <trkpt lat="51.53174" lon="-0.247094"><ele>38</ele></trkpt>
      <trkpt lat="51.53164" lon="-0.247199"><ele>38.25</ele></trkpt>
      <trkpt lat="51.53139" lon="-0.24747"><ele>35.75</ele></trkpt>
      <trkpt lat="51.531331" lon="-0.247531"><ele>35.25</ele></trkpt>
      <trkpt lat="51.531331" lon="-0.247619"><ele>35</ele></trkpt>
      <trkpt lat="51.531305" lon="-0.247644"><ele>35</ele></trkpt>
      <trkpt lat="51.531078" lon="-0.247863"><ele>34</ele></trkpt>
      <trkpt lat="51.531002" lon="-0.247944"><ele>34</ele></trkpt>
      <trkpt lat="51.530943" lon="-0.247986"><ele>34</ele></trkpt>
      <trkpt lat="51.530756" lon="-0.248139"><ele>33.5</ele></trkpt>
      <trkpt lat="51.5299" lon="-0.248787"><ele>31.75</ele></trkpt>
      <trkpt lat="51.529734" lon="-0.24898"><ele>31</ele></trkpt>
      <trkpt lat="51.529594" lon="-0.249142"><ele>31.5</ele></trkpt>
      <trkpt lat="51.529515" lon="-0.249233"><ele>31.75</ele></trkpt>
      <trkpt lat="51.529443" lon="-0.249316"><ele>32</ele></trkpt>
      <trkpt lat="51.529184" lon="-0.249614"><ele>32.25</ele></trkpt>
      <trkpt lat="51.529117" lon="-0.249704"><ele>31.5</ele></trkpt>
      <trkpt lat="51.528958" lon="-0.249899"><ele>31.5</ele></trkpt>
      <trkpt lat="51.528895" lon="-0.249975"><ele>32.5</ele></trkpt>
      <trkpt lat="51.528791" lon="-0.250089"><ele>32.25</ele></trkpt>
      <trkpt lat="51.528618" lon="-0.250278"><ele>32</ele></trkpt>
      <trkpt lat="51.528517" lon="-0.250399"><ele>32.5</ele></trkpt>
      <trkpt lat="51.528367" lon="-0.250579"><ele>33</ele></trkpt>
      <trkpt lat="51.528266" lon="-0.250724"><ele>33.75</ele></trkpt>
      <trkpt lat="51.528165" lon="-0.250953"><ele>34.25</ele></trkpt>
      <trkpt lat="51.528058" lon="-0.251231"><ele>34</ele></trkpt>
      <trkpt lat="51.527843" lon="-0.251865"><ele>33</ele></trkpt>
      <trkpt lat="51.527798" lon="-0.251983"><ele>33</ele></trkpt>
      <trkpt lat="51.527735" lon="-0.252116"><ele>33</ele></trkpt>
      <trkpt lat="51.527622" lon="-0.252309"><ele>32.5</ele></trkpt>
      <trkpt lat="51.527285" lon="-0.252883"><ele>31</ele></trkpt>
      <trkpt lat="51.527216" lon="-0.253003"><ele>31</ele></trkpt>
      <trkpt lat="51.526943" lon="-0.253426"><ele>29.25</ele></trkpt>
      <trkpt lat="51.526163" lon="-0.254696"><ele>30.25</ele></trkpt>
      <trkpt lat="51.525714" lon="-0.255404"><ele>31.5</ele></trkpt>
      <trkpt lat="51.52561" lon="-0.255553"><ele>31.75</ele></trkpt>
      <trkpt lat="51.525527" lon="-0.255674"><ele>32</ele></trkpt>
      <trkpt lat="51.525307" lon="-0.255963"><ele>32</ele></trkpt>
      <trkpt lat="51.524878" lon="-0.256501"><ele>32</ele></trkpt>
      <trkpt lat="51.524841" lon="-0.25654"><ele>32</ele></trkpt>
      <trkpt lat="51.524578" lon="-0.256807"><ele>32.5</ele></trkpt>
      <trkpt lat="51.524401" lon="-0.256969"><ele>32.75</ele></trkpt>
      <trkpt lat="51.524122" lon="-0.257204"><ele>32.75</ele></trkpt>
      <trkpt lat="51.523921" lon="-0.257408"><ele>33.5</ele></trkpt>
      <trkpt lat="51.523665" lon="-0.257581"><ele>33.75</ele></trkpt>
      <trkpt lat="51.523595" lon="-0.257632"><ele>33.75</ele></trkpt>
      <trkpt lat="51.523564" lon="-0.257656"><ele>33.75</ele></trkpt>
      <trkpt lat="51.523361" lon="-0.257793"><ele>34</ele></trkpt>
      <trkpt lat="51.523195" lon="-0.257908"><ele>34.25</ele></trkpt>
      <trkpt lat="51.523104" lon="-0.257969"><ele>34.25</ele></trkpt>
      <trkpt lat="51.523082" lon="-0.257983"><ele>34.5</ele></trkpt>
      <trkpt lat="51.523028" lon="-0.258015"><ele>34.5</ele></trkpt>
      <trkpt lat="51.522904" lon="-0.258088"><ele>35.5</ele></trkpt>
      <trkpt lat="51.522889" lon="-0.258097"><ele>35.5</ele></trkpt>
      <trkpt lat="51.522872" lon="-0.258108"><ele>35.5</ele></trkpt>
      <trkpt lat="51.522793" lon="-0.258161"><ele>35.75</ele></trkpt>
      <trkpt lat="51.522763" lon="-0.258181"><ele>36</ele></trkpt>
      <trkpt lat="51.522731" lon="-0.258201"><ele>36</ele></trkpt>
      <trkpt lat="51.522605" lon="-0.258275"><ele>36</ele></trkpt>
      <trkpt lat="51.52249" lon="-0.258345"><ele>36</ele></trkpt>
      <trkpt lat="51.522462" lon="-0.258369"><ele>36</ele></trkpt>
      <trkpt lat="51.522423" lon="-0.258399"><ele>36</ele></trkpt>
      <trkpt lat="51.52236" lon="-0.258448"><ele>36.25</ele></trkpt>
      <trkpt lat="51.522289" lon="-0.258525"><ele>36.5</ele></trkpt>
      <trkpt lat="51.522255" lon="-0.258564"><ele>36.75</ele></trkpt>
      <trkpt lat="51.522183" lon="-0.258643"><ele>37</ele></trkpt>
      <trkpt lat="51.52207" lon="-0.258804"><ele>37.25</ele></trkpt>
      <trkpt lat="51.521967" lon="-0.258995"><ele>37</ele></trkpt>
      <trkpt lat="51.521941" lon="-0.259044"><ele>36.75</ele></trkpt>
      <trkpt lat="51.521869" lon="-0.259092"><ele>36.5</ele></trkpt>
      <trkpt lat="51.521837" lon="-0.259128"><ele>36.5</ele></trkpt>
      <trkpt lat="51.52181" lon="-0.259169"><ele>36.5</ele></trkpt>
      <trkpt lat="51.521693" lon="-0.259381"><ele>36</ele></trkpt>
      <trkpt lat="51.521619" lon="-0.259496"><ele>35.75</ele></trkpt>
      <trkpt lat="51.521526" lon="-0.259639"><ele>35.75</ele></trkpt>
      <trkpt lat="51.521382" lon="-0.259883"><ele>35.75</ele></trkpt>
      <trkpt lat="51.521357" lon="-0.259926"><ele>35.75</ele></trkpt>
      <trkpt lat="51.521313" lon="-0.260031"><ele>35.5</ele></trkpt>
      <trkpt lat="51.521285" lon="-0.260099"><ele>35.5</ele></trkpt>
      <trkpt lat="51.521196" lon="-0.260377"><ele>35.5</ele></trkpt>
      <trkpt lat="51.52115" lon="-0.26056"><ele>35.75</ele></trkpt>
      <trkpt lat="51.521121" lon="-0.260674"><ele>35.75</ele></trkpt>
      <trkpt lat="51.521039" lon="-0.260922"><ele>35.5</ele></trkpt>
      <trkpt lat="51.520938" lon="-0.261098"><ele>35</ele></trkpt>
      <trkpt lat="51.520801" lon="-0.261264"><ele>35</ele></trkpt>
      <trkpt lat="51.520569" lon="-0.261471"><ele>34.75</ele></trkpt>
      <trkpt lat="51.520524" lon="-0.261508"><ele>35</ele></trkpt>
      <trkpt lat="51.520376" lon="-0.261628"><ele>35</ele></trkpt>
      <trkpt lat="51.520222" lon="-0.261711"><ele>34.75</ele></trkpt>
      <trkpt lat="51.519895" lon="-0.261858"><ele>35</ele></trkpt>
      <trkpt lat="51.519712" lon="-0.261947"><ele>34.75</ele></trkpt>
      <trkpt lat="51.519625" lon="-0.26201"><ele>34.75</ele></trkpt>
      <trkpt lat="51.519588" lon="-0.262051"><ele>34.75</ele></trkpt>
      <trkpt lat="51.519554" lon="-0.262103"><ele>34.75</ele></trkpt>
      <trkpt lat="51.519528" lon="-0.262173"><ele>34.75</ele></trkpt>
      <trkpt lat="51.519514" lon="-0.262236"><ele>34.5</ele></trkpt>
      <trkpt lat="51.519506" lon="-0.262367"><ele>34.75</ele></trkpt>
      <trkpt lat="51.519424" lon="-0.262316"><ele>35</ele></trkpt>
      <trkpt lat="51.519425" lon="-0.262398"><ele>35</ele></trkpt>
      <trkpt lat="51.519425" lon="-0.262448"><ele>35</ele></trkpt>
      <trkpt lat="51.519425" lon="-0.262514"><ele>35</ele></trkpt>
      <trkpt lat="51.519372" lon="-0.26248"><ele>35</ele></trkpt>
      <trkpt lat="51.519198" lon="-0.262358"><ele>35</ele></trkpt>
      <trkpt lat="51.518893" lon="-0.262118"><ele>35.25</ele></trkpt>
      <trkpt lat="51.518857" lon="-0.262167"><ele>35</ele></trkpt>
      <trkpt lat="51.518809" lon="-0.262252"><ele>34.5</ele></trkpt>
      <trkpt lat="51.518798" lon="-0.262274"><ele>34.5</ele></trkpt>
      <trkpt lat="51.518772" lon="-0.262235"><ele>34.5</ele></trkpt>
      <trkpt lat="51.518689" lon="-0.262107"><ele>33.75</ele></trkpt>
      <trkpt lat="51.518665" lon="-0.262089"><ele>33.75</ele></trkpt>
      <trkpt lat="51.518276" lon="-0.261851"><ele>34.25</ele></trkpt>
      <trkpt lat="51.518073" lon="-0.261742"><ele>34.75</ele></trkpt>
      <trkpt lat="51.517961" lon="-0.261682"><ele>34.75</ele></trkpt>
      <trkpt lat="51.517943" lon="-0.261673"><ele>34.75</ele></trkpt>
      <trkpt lat="51.517919" lon="-0.26167"><ele>34.75</ele></trkpt>
      <trkpt lat="51.517888" lon="-0.261658"><ele>35</ele></trkpt>
      <trkpt lat="51.517881" lon="-0.261727"><ele>34.75</ele></trkpt>
      <trkpt lat="51.517857" lon="-0.261816"><ele>34.25</ele></trkpt>
      <trkpt lat="51.51775" lon="-0.262187"><ele>34</ele></trkpt>
      <trkpt lat="51.517712" lon="-0.262267"><ele>34</ele></trkpt>
      <trkpt lat="51.517697" lon="-0.262323"><ele>34</ele></trkpt>
      <trkpt lat="51.517663" lon="-0.262317"><ele>34</ele></trkpt>
      <trkpt lat="51.517495" lon="-0.262298"><ele>34</ele></trkpt>
      <trkpt lat="51.516995" lon="-0.262177"><ele>34</ele></trkpt>
      <trkpt lat="51.516615" lon="-0.262046"><ele>33.5</ele></trkpt>
      <trkpt lat="51.516368" lon="-0.26196"><ele>33</ele></trkpt>
      <trkpt lat="51.516284" lon="-0.261903"><ele>33</ele></trkpt>
      <trkpt lat="51.51619" lon="-0.261798"><ele>33</ele></trkpt>
      <trkpt lat="51.516133" lon="-0.261745"><ele>33</ele></trkpt>
      <trkpt lat="51.516065" lon="-0.261722"><ele>32.75</ele></trkpt>
      <trkpt lat="51.515707" lon="-0.261651"><ele>32</ele></trkpt>
      <trkpt lat="51.51519" lon="-0.261548"><ele>30.5</ele></trkpt>
      <trkpt lat="51.514789" lon="-0.261485"><ele>29.5</ele></trkpt>
      <trkpt lat="51.514409" lon="-0.261439"><ele>28</ele></trkpt>
      <trkpt lat="51.514376" lon="-0.261433"><ele>27.75</ele></trkpt>
      <trkpt lat="51.514347" lon="-0.261413"><ele>27.5</ele></trkpt>
      <trkpt lat="51.514304" lon="-0.261327"><ele>27.25</ele></trkpt>
      <trkpt lat="51.514066" lon="-0.261461"><ele>26.75</ele></trkpt>
      <trkpt lat="51.513386" lon="-0.261824"><ele>26</ele></trkpt>
      <trkpt lat="51.513112" lon="-0.261967"><ele>25.25</ele></trkpt>
      <trkpt lat="51.512707" lon="-0.262158"><ele>24.5</ele></trkpt>
      <trkpt lat="51.51217" lon="-0.262366"><ele>23.25</ele></trkpt>
      <trkpt lat="51.511903" lon="-0.262478"><ele>22.75</ele></trkpt>
      <trkpt lat="51.51166" lon="-0.262624"><ele>22.75</ele></trkpt>
      <trkpt lat="51.511526" lon="-0.262723"><ele>22.75</ele></trkpt>
      <trkpt lat="51.511359" lon="-0.2629"><ele>22.75</ele></trkpt>
      <trkpt lat="51.5109" lon="-0.263354"><ele>22.25</ele></trkpt>
      <trkpt lat="51.510771" lon="-0.263453"><ele>22.25</ele></trkpt>
      <trkpt lat="51.510692" lon="-0.263472"><ele>22</ele></trkpt>
      <trkpt lat="51.510651" lon="-0.263407"><ele>22</ele></trkpt>
      <trkpt lat="51.510621" lon="-0.263398"><ele>22</ele></trkpt>
      <trkpt lat="51.510562" lon="-0.263435"><ele>22</ele></trkpt>
      <trkpt lat="51.510425" lon="-0.263364"><ele>21.5</ele></trkpt>
      <trkpt lat="51.510198" lon="-0.263285"><ele>20.5</ele></trkpt>
      <trkpt lat="51.510044" lon="-0.263247"><ele>20</ele></trkpt>
      <trkpt lat="51.509697" lon="-0.26316"><ele>18.75</ele></trkpt>
      <trkpt lat="51.509353" lon="-0.263074"><ele>18</ele></trkpt>
      <trkpt lat="51.509027" lon="-0.262993"><ele>18</ele></trkpt>
      <trkpt lat="51.508989" lon="-0.262962"><ele>18</ele></trkpt>
      <trkpt lat="51.508928" lon="-0.262946"><ele>18</ele></trkpt>
      <trkpt lat="51.508932" lon="-0.262897"><ele>18</ele></trkpt>
      <trkpt lat="51.508887" lon="-0.262911"><ele>17.75</ele></trkpt>
      <trkpt lat="51.508714" lon="-0.262969"><ele>17.5</ele></trkpt>
      <trkpt lat="51.508887" lon="-0.262911"><ele>17.75</ele></trkpt>
      <trkpt lat="51.508813" lon="-0.263629"><ele>17.5</ele></trkpt>
      <trkpt lat="51.508555" lon="-0.263747"><ele>17.25</ele></trkpt>
      <trkpt lat="51.508529" lon="-0.263759"><ele>17</ele></trkpt>
      <trkpt lat="51.506607" lon="-0.264584"><ele>12.25</ele></trkpt>
      <trkpt lat="51.506608" lon="-0.264613"><ele>12.25</ele></trkpt>
      <trkpt lat="51.50661" lon="-0.264634"><ele>12.5</ele></trkpt>
      <trkpt lat="51.506555" lon="-0.264657"><ele>12.25</ele></trkpt>
      <trkpt lat="51.506572" lon="-0.265054"><ele>12.5</ele></trkpt>
      <trkpt lat="51.506524" lon="-0.26506"><ele>12.5</ele></trkpt>
      <trkpt lat="51.506506" lon="-0.265059"><ele>12.5</ele></trkpt>
      <trkpt lat="51.5064" lon="-0.265069"><ele>12.25</ele></trkpt>
      <trkpt lat="51.506381" lon="-0.265043"><ele>12</ele></trkpt>
      <trkpt lat="51.506353" lon="-0.265045"><ele>12</ele></trkpt>
      <trkpt lat="51.506327" lon="-0.265077"><ele>12</ele></trkpt>
      <trkpt lat="51.506017" lon="-0.265112"><ele>11.25</ele></trkpt>
      <trkpt lat="51.505981" lon="-0.265116"><ele>11</ele></trkpt>
      <trkpt lat="51.505936" lon="-0.265117"><ele>11</ele></trkpt>
      <trkpt lat="51.506015" lon="-0.266183"><ele>12.5</ele></trkpt>
      <trkpt lat="51.506004" lon="-0.266193"><ele>12.5</ele></trkpt>
      <trkpt lat="51.505988" lon="-0.266187"><ele>12.5</ele></trkpt>
      <trkpt lat="51.50585" lon="-0.266116"><ele>12</ele></trkpt>
      <trkpt lat="51.505593" lon="-0.26595"><ele>11</ele></trkpt>
      <trkpt lat="51.505576" lon="-0.266016"><ele>11</ele></trkpt>
      <trkpt lat="51.505263" lon="-0.265821"><ele>11</ele></trkpt>
      <trkpt lat="51.505216" lon="-0.265805"><ele>11</ele></trkpt>
      <trkpt lat="51.505177" lon="-0.265816"><ele>11</ele></trkpt>
      <trkpt lat="51.505144" lon="-0.265874"><ele>11</ele></trkpt>
      <trkpt lat="51.505115" lon="-0.265814"><ele>11</ele></trkpt>
      <trkpt lat="51.505096" lon="-0.265774"><ele>11</ele></trkpt>
      <trkpt lat="51.505099" lon="-0.265717"><ele>11</ele></trkpt>
      <trkpt lat="51.50509" lon="-0.265683"><ele>11</ele></trkpt>
      <trkpt lat="51.505065" lon="-0.265683"><ele>11</ele></trkpt>
      <trkpt lat="51.504978" lon="-0.265335"><ele>10.75</ele></trkpt>
      <trkpt lat="51.50395" lon="-0.266222"><ele>10</ele></trkpt>
      <trkpt lat="51.503854" lon="-0.26661"><ele>10</ele></trkpt>
      <trkpt lat="51.503834" lon="-0.266685"><ele>10</ele></trkpt>
      <trkpt lat="51.503681" lon="-0.266568"><ele>10</ele></trkpt>
      <trkpt lat="51.503578" lon="-0.266397"><ele>9.75</ele></trkpt>
      <trkpt lat="51.503512" lon="-0.266422"><ele>9.5</ele></trkpt>
      <trkpt lat="51.502941" lon="-0.266672"><ele>10</ele></trkpt>
      <trkpt lat="51.502904" lon="-0.266701"><ele>10</ele></trkpt>
      <trkpt lat="51.502887" lon="-0.266714"><ele>10</ele></trkpt>
      <trkpt lat="51.502591" lon="-0.26758"><ele>11</ele></trkpt>
      <trkpt lat="51.50253" lon="-0.267741"><ele>11</ele></trkpt>
      <trkpt lat="51.502453" lon="-0.267668"><ele>10.75</ele></trkpt>
      <trkpt lat="51.502284" lon="-0.267506"><ele>10</ele></trkpt>
      <trkpt lat="51.502213" lon="-0.267492"><ele>10</ele></trkpt>
      <trkpt lat="51.501306" lon="-0.268536"><ele>10.75</ele></trkpt>
      <trkpt lat="51.501303" lon="-0.26854"><ele>10.75</ele></trkpt>
      <trkpt lat="51.501285" lon="-0.26856"><ele>10.75</ele></trkpt>
      <trkpt lat="51.501064" lon="-0.26882"><ele>11</ele></trkpt>
      <trkpt lat="51.501057" lon="-0.268828"><ele>11</ele></trkpt>
      <trkpt lat="51.500592" lon="-0.269404"><ele>11</ele></trkpt>
      <trkpt lat="51.500395" lon="-0.269683"><ele>11</ele></trkpt>
      <trkpt lat="51.500364" lon="-0.269827"><ele>11</ele></trkpt>
      <trkpt lat="51.500325" lon="-0.26983"><ele>11</ele></trkpt>
      <trkpt lat="51.500028" lon="-0.27027"><ele>10</ele></trkpt>
      <trkpt lat="51.499947" lon="-0.270392"><ele>10.25</ele></trkpt>
      <trkpt lat="51.49984" lon="-0.270563"><ele>10.25</ele></trkpt>
      <trkpt lat="51.499821" lon="-0.270605"><ele>10.25</ele></trkpt>
      <trkpt lat="51.499816" lon="-0.270652"><ele>10</ele></trkpt>
      <trkpt lat="51.499797" lon="-0.270657"><ele>10</ele></trkpt>
      <trkpt lat="51.499795" lon="-0.270658"><ele>10</ele></trkpt>
      <trkpt lat="51.499751" lon="-0.27067"><ele>10</ele></trkpt>
      <trkpt lat="51.499463" lon="-0.270547"><ele>10</ele></trkpt>
      <trkpt lat="51.499402" lon="-0.27052"><ele>9.75</ele></trkpt>
      <trkpt lat="51.49944" lon="-0.270465"><ele>9.75</ele></trkpt>
      <trkpt lat="51.499521" lon="-0.270336"><ele>10</ele></trkpt>
      <trkpt lat="51.49959" lon="-0.270225"><ele>10</ele></trkpt>
      <trkpt lat="51.499521" lon="-0.270336"><ele>10</ele></trkpt>
      <trkpt lat="51.49944" lon="-0.270465"><ele>9.75</ele></trkpt>
      <trkpt lat="51.499402" lon="-0.27052"><ele>9.75</ele></trkpt>
      <trkpt lat="51.499371" lon="-0.270565"><ele>9.5</ele></trkpt>
      <trkpt lat="51.499266" lon="-0.270704"><ele>9.25</ele></trkpt>
      <trkpt lat="51.499189" lon="-0.270578"><ele>9.25</ele></trkpt>
      <trkpt lat="51.499269" lon="-0.270446"><ele>9.25</ele></trkpt>
      <trkpt lat="51.499283" lon="-0.27042"><ele>9.25</ele></trkpt>
      <trkpt lat="51.499277" lon="-0.270408"><ele>9.25</ele></trkpt>
      <trkpt lat="51.499269" lon="-0.270396"><ele>9.25</ele></trkpt>
      <trkpt lat="51.499262" lon="-0.270404"><ele>9.25</ele></trkpt>
      <trkpt lat="51.499246" lon="-0.270424"><ele>9.25</ele></trkpt>
      <trkpt lat="51.49924" lon="-0.270433"><ele>9.25</ele></trkpt>
      <trkpt lat="51.499231" lon="-0.270417"><ele>9</ele></trkpt>
      <trkpt lat="51.499144" lon="-0.270556"><ele>9</ele></trkpt>
      <trkpt lat="51.498938" lon="-0.270183"><ele>9</ele></trkpt>
      <trkpt lat="51.498844" lon="-0.270101"><ele>8.75</ele></trkpt>
      <trkpt lat="51.498808" lon="-0.270072"><ele>8.5</ele></trkpt>
      <trkpt lat="51.498574" lon="-0.270376"><ele>8.25</ele></trkpt>
      <trkpt lat="51.498359" lon="-0.270763"><ele>8</ele></trkpt>
      <trkpt lat="51.49815" lon="-0.271123"><ele>8.25</ele></trkpt>
      <trkpt lat="51.498091" lon="-0.271226"><ele>8.25</ele></trkpt>
      <trkpt lat="51.497947" lon="-0.271316"><ele>8.5</ele></trkpt>
      <trkpt lat="51.497404" lon="-0.271651"><ele>8.75</ele></trkpt>
      <trkpt lat="51.497249" lon="-0.271793"><ele>8.75</ele></trkpt>
      <trkpt lat="51.497195" lon="-0.271842"><ele>9</ele></trkpt>
      <trkpt lat="51.497398" lon="-0.272248"><ele>9</ele></trkpt>
      <trkpt lat="51.497423" lon="-0.272298"><ele>9</ele></trkpt>
      <trkpt lat="51.497511" lon="-0.272506"><ele>9</ele></trkpt>
      <trkpt lat="51.497477" lon="-0.272497"><ele>9</ele></trkpt>
      <trkpt lat="51.497425" lon="-0.272502"><ele>9</ele></trkpt>
      <trkpt lat="51.497366" lon="-0.272524"><ele>9</ele></trkpt>
      <trkpt lat="51.497292" lon="-0.272572"><ele>9</ele></trkpt>
      <trkpt lat="51.497235" lon="-0.272646"><ele>9</ele></trkpt>
      <trkpt lat="51.497216" lon="-0.27269"><ele>9</ele></trkpt>
      <trkpt lat="51.497131" lon="-0.272895"><ele>10</ele></trkpt>
      <trkpt lat="51.497104" lon="-0.272954"><ele>10.25</ele></trkpt>
      <trkpt lat="51.497086" lon="-0.272987"><ele>10.25</ele></trkpt>
      <trkpt lat="51.496944" lon="-0.273228"><ele>10.25</ele></trkpt>
      <trkpt lat="51.496867" lon="-0.273326"><ele>10</ele></trkpt>
      <trkpt lat="51.496818" lon="-0.273361"><ele>10</ele></trkpt>
      <trkpt lat="51.496863" lon="-0.273452"><ele>10</ele></trkpt>
      <trkpt lat="51.496827" lon="-0.273487"><ele>10</ele></trkpt>
      <trkpt lat="51.49677" lon="-0.273449"><ele>10.25</ele></trkpt>
      <trkpt lat="51.496657" lon="-0.273426"><ele>10.25</ele></trkpt>
      <trkpt lat="51.496313" lon="-0.273469"><ele>10.5</ele></trkpt>
      <trkpt lat="51.496313" lon="-0.273507"><ele>10.75</ele></trkpt>
      <trkpt lat="51.496303" lon="-0.273535"><ele>10.75</ele></trkpt>
      <trkpt lat="51.496288" lon="-0.27356"><ele>11</ele></trkpt>
      <trkpt lat="51.496269" lon="-0.273575"><ele>11</ele></trkpt>
      <trkpt lat="51.496197" lon="-0.273587"><ele>11.5</ele></trkpt>
      <trkpt lat="51.496099" lon="-0.273603"><ele>11.75</ele></trkpt>
      <trkpt lat="51.496048" lon="-0.273611"><ele>11.75</ele></trkpt>
      <trkpt lat="51.496068" lon="-0.27397"><ele>12.75</ele></trkpt>
      <trkpt lat="51.49597" lon="-0.273985"><ele>12.5</ele></trkpt>
      <trkpt lat="51.495771" lon="-0.274014"><ele>12.25</ele></trkpt>
      <trkpt lat="51.495477" lon="-0.274057"><ele>12.25</ele></trkpt>
      <trkpt lat="51.49546" lon="-0.27406"><ele>12.25</ele></trkpt>
      <trkpt lat="51.495164" lon="-0.274105"><ele>12</ele></trkpt>
      <trkpt lat="51.494875" lon="-0.27415"><ele>11.75</ele></trkpt>
      <trkpt lat="51.494834" lon="-0.274159"><ele>11.75</ele></trkpt>
      <trkpt lat="51.494809" lon="-0.274166"><ele>11.75</ele></trkpt>
      <trkpt lat="51.494549" lon="-0.274206"><ele>11.25</ele></trkpt>
      <trkpt lat="51.494287" lon="-0.274248"><ele>11</ele></trkpt>
      <trkpt lat="51.494198" lon="-0.274262"><ele>11</ele></trkpt>
      <trkpt lat="51.494178" lon="-0.274265"><ele>11</ele></trkpt>
      <trkpt lat="51.493921" lon="-0.274306"><ele>10</ele></trkpt>
      <trkpt lat="51.493659" lon="-0.274346"><ele>10.75</ele></trkpt>
      <trkpt lat="51.493639" lon="-0.274349"><ele>10.75</ele></trkpt>
      <trkpt lat="51.493577" lon="-0.27436"><ele>10.75</ele></trkpt>
      <trkpt lat="51.493588" lon="-0.274536"><ele>11</ele></trkpt>
      <trkpt lat="51.493409" lon="-0.274562"><ele>11</ele></trkpt>
      <trkpt lat="51.493214" lon="-0.274594"><ele>11</ele></trkpt>
      <trkpt lat="51.493089" lon="-0.274646"><ele>11</ele></trkpt>
      <trkpt lat="51.492701" lon="-0.274739"><ele>10</ele></trkpt>
      <trkpt lat="51.492636" lon="-0.27475"><ele>10</ele></trkpt>
      <trkpt lat="51.492565" lon="-0.274859"><ele>10</ele></trkpt>
      <trkpt lat="51.492545" lon="-0.274897"><ele>10</ele></trkpt>
      <trkpt lat="51.492524" lon="-0.274969"><ele>10</ele></trkpt>
      <trkpt lat="51.492496" lon="-0.275111"><ele>10</ele></trkpt>
      <trkpt lat="51.49245" lon="-0.275271"><ele>10</ele></trkpt>
      <trkpt lat="51.492444" lon="-0.275323"><ele>10</ele></trkpt>
      <trkpt lat="51.492426" lon="-0.27532"><ele>10</ele></trkpt>
      <trkpt lat="51.492411" lon="-0.275318"><ele>10</ele></trkpt>
      <trkpt lat="51.492387" lon="-0.275314"><ele>10</ele></trkpt>
      <trkpt lat="51.492341" lon="-0.275305"><ele>10</ele></trkpt>
      <trkpt lat="51.492324" lon="-0.275303"><ele>10</ele></trkpt>
      <trkpt lat="51.492318" lon="-0.275402"><ele>10</ele></trkpt>
      <trkpt lat="51.492298" lon="-0.275412"><ele>10</ele></trkpt>
      <trkpt lat="51.492084" lon="-0.275375"><ele>8</ele></trkpt>
      <trkpt lat="51.492019" lon="-0.275362"><ele>7.5</ele></trkpt>
      <trkpt lat="51.491975" lon="-0.275335"><ele>7.25</ele></trkpt>
      <trkpt lat="51.491939" lon="-0.275281"><ele>6.75</ele></trkpt>
      <trkpt lat="51.491824" lon="-0.275011"><ele>7</ele></trkpt>
      <trkpt lat="51.491804" lon="-0.275034"><ele>7</ele></trkpt>
      <trkpt lat="51.49176" lon="-0.275092"><ele>6.5</ele></trkpt>
      <trkpt lat="51.491702" lon="-0.275166"><ele>5.75</ele></trkpt>
      <trkpt lat="51.49176" lon="-0.275092"><ele>6.5</ele></trkpt>
      <trkpt lat="51.491804" lon="-0.275034"><ele>7</ele></trkpt>
      <trkpt lat="51.491824" lon="-0.275011"><ele>7</ele></trkpt>
      <trkpt lat="51.491939" lon="-0.275281"><ele>8.5</ele></trkpt>
      <trkpt lat="51.491975" lon="-0.275335"><ele>9</ele></trkpt>
      <trkpt lat="51.492019" lon="-0.275362"><ele>9.25</ele></trkpt>
      <trkpt lat="51.492084" lon="-0.275375"><ele>10</ele></trkpt>
      <trkpt lat="51.492298" lon="-0.275412"><ele>10</ele></trkpt>
      <trkpt lat="51.492318" lon="-0.275402"><ele>10</ele></trkpt>
      <trkpt lat="51.492307" lon="-0.275554"><ele>10</ele></trkpt>
      <trkpt lat="51.492299" lon="-0.27565"><ele>9.75</ele></trkpt>
      <trkpt lat="51.492254" lon="-0.276052"><ele>9.75</ele></trkpt>
      <trkpt lat="51.492238" lon="-0.276491"><ele>9.75</ele></trkpt>
      <trkpt lat="51.492113" lon="-0.278187"><ele>9.75</ele></trkpt>
      <trkpt lat="51.4921" lon="-0.278312"><ele>9.75</ele></trkpt>
      <trkpt lat="51.492095" lon="-0.278359"><ele>9.75</ele></trkpt>
      <trkpt lat="51.492051" lon="-0.278765"><ele>9.5</ele></trkpt>
      <trkpt lat="51.492039" lon="-0.27888"><ele>9.75</ele></trkpt>
      <trkpt lat="51.491954" lon="-0.279866"><ele>10</ele></trkpt>
      <trkpt lat="51.491944" lon="-0.279984"><ele>10</ele></trkpt>
      <trkpt lat="51.491936" lon="-0.280073"><ele>9.75</ele></trkpt>
      <trkpt lat="51.491903" lon="-0.280511"><ele>9.75</ele></trkpt>
      <trkpt lat="51.491865" lon="-0.280622"><ele>10</ele></trkpt>
      <trkpt lat="51.491827" lon="-0.280693"><ele>10</ele></trkpt>
      <trkpt lat="51.49176" lon="-0.280746"><ele>10</ele></trkpt>
      <trkpt lat="51.49176" lon="-0.280769"><ele>10</ele></trkpt>
      <trkpt lat="51.49176" lon="-0.280898"><ele>10</ele></trkpt>
      <trkpt lat="51.491724" lon="-0.280921"><ele>10</ele></trkpt>
      <trkpt lat="51.49169" lon="-0.280936"><ele>10</ele></trkpt>
      <trkpt lat="51.491707" lon="-0.281007"><ele>10</ele></trkpt>
      <trkpt lat="51.491714" lon="-0.281021"><ele>10</ele></trkpt>
      <trkpt lat="51.491699" lon="-0.281027"><ele>10</ele></trkpt>
      <trkpt lat="51.491666" lon="-0.281125"><ele>10</ele></trkpt>
      <trkpt lat="51.491651" lon="-0.281188"><ele>10.25</ele></trkpt>
      <trkpt lat="51.491646" lon="-0.281203"><ele>10.25</ele></trkpt>
      <trkpt lat="51.491618" lon="-0.281258"><ele>10.5</ele></trkpt>
      <trkpt lat="51.491583" lon="-0.281498"><ele>11</ele></trkpt>
      <trkpt lat="51.491504" lon="-0.28191"><ele>11</ele></trkpt>
      <trkpt lat="51.491538" lon="-0.28214"><ele>11</ele></trkpt>
      <trkpt lat="51.491399" lon="-0.282311"><ele>11</ele></trkpt>
      <trkpt lat="51.491307" lon="-0.282405"><ele>10.5</ele></trkpt>
      <trkpt lat="51.491269" lon="-0.282489"><ele>10.5</ele></trkpt>
      <trkpt lat="51.491275" lon="-0.282545"><ele>10.5</ele></trkpt>
      <trkpt lat="51.491255" lon="-0.282633"><ele>10.5</ele></trkpt>
      <trkpt lat="51.491242" lon="-0.282708"><ele>10.25</ele></trkpt>
      <trkpt lat="51.491231" lon="-0.28276"><ele>10.25</ele></trkpt>
      <trkpt lat="51.491178" lon="-0.282817"><ele>10</ele></trkpt>
      <trkpt lat="51.491135" lon="-0.282831"><ele>10</ele></trkpt>
      <trkpt lat="51.491147" lon="-0.282919"><ele>10</ele></trkpt>
      <trkpt lat="51.491146" lon="-0.283022"><ele>10</ele></trkpt>
      <trkpt lat="51.491133" lon="-0.28313"><ele>10</ele></trkpt>
      <trkpt lat="51.491104" lon="-0.283251"><ele>10</ele></trkpt>
      <trkpt lat="51.490775" lon="-0.284099"><ele>10</ele></trkpt>
      <trkpt lat="51.490616" lon="-0.284448"><ele>10</ele></trkpt>
      <trkpt lat="51.490266" lon="-0.285078"><ele>9.75</ele></trkpt>
      <trkpt lat="51.490184" lon="-0.285271"><ele>9.5</ele></trkpt>
      <trkpt lat="51.490158" lon="-0.285317"><ele>9.5</ele></trkpt>
      <trkpt lat="51.490124" lon="-0.285382"><ele>9.5</ele></trkpt>
      <trkpt lat="51.49008" lon="-0.285463"><ele>9.75</ele></trkpt>
      <trkpt lat="51.489771" lon="-0.286128"><ele>9</ele></trkpt>
      <trkpt lat="51.489726" lon="-0.286324"><ele>8.25</ele></trkpt>
      <trkpt lat="51.489722" lon="-0.286338"><ele>8</ele></trkpt>
      <trkpt lat="51.489709" lon="-0.286364"><ele>7.75</ele></trkpt>
      <trkpt lat="51.489588" lon="-0.286622"><ele>7.25</ele></trkpt>
      <trkpt lat="51.489548" lon="-0.28669"><ele>7.25</ele></trkpt>
      <trkpt lat="51.489409" lon="-0.286925"><ele>6.5</ele></trkpt>
      <trkpt lat="51.489338" lon="-0.287057"><ele>6.75</ele></trkpt>
      <trkpt lat="51.489252" lon="-0.28718"><ele>7.75</ele></trkpt>
      <trkpt lat="51.489194" lon="-0.28728"><ele>8.5</ele></trkpt>
      <trkpt lat="51.489176" lon="-0.287316"><ele>8.5</ele></trkpt>
      <trkpt lat="51.489103" lon="-0.287329"><ele>8.25</ele></trkpt>
      <trkpt lat="51.489076" lon="-0.287353"><ele>8.25</ele></trkpt>
      <trkpt lat="51.489012" lon="-0.287382"><ele>8</ele></trkpt>
      <trkpt lat="51.488971" lon="-0.287415"><ele>8</ele></trkpt>
      <trkpt lat="51.488932" lon="-0.287443"><ele>8</ele></trkpt>
      <trkpt lat="51.488886" lon="-0.287447"><ele>7.75</ele></trkpt>
      <trkpt lat="51.488816" lon="-0.287436"><ele>7.5</ele></trkpt>
      <trkpt lat="51.488802" lon="-0.287434"><ele>7.5</ele></trkpt>
      <trkpt lat="51.488762" lon="-0.287429"><ele>7.5</ele></trkpt>
      <trkpt lat="51.488716" lon="-0.287423"><ele>7.25</ele></trkpt>
      <trkpt lat="51.488706" lon="-0.287421"><ele>7.25</ele></trkpt>
      <trkpt lat="51.488695" lon="-0.28742"><ele>7.25</ele></trkpt>
      <trkpt lat="51.488583" lon="-0.287417"><ele>7</ele></trkpt>
      <trkpt lat="51.4885" lon="-0.287437"><ele>7</ele></trkpt>
      <trkpt lat="51.488421" lon="-0.287478"><ele>7.5</ele></trkpt>
      <trkpt lat="51.488191" lon="-0.287471"><ele>7.25</ele></trkpt>
      <trkpt lat="51.486816" lon="-0.287451"><ele>6.5</ele></trkpt>
      <trkpt lat="51.485435" lon="-0.287392"><ele>6</ele></trkpt>
      <trkpt lat="51.485424" lon="-0.287391"><ele>6</ele></trkpt>
      <trkpt lat="51.485376" lon="-0.287387"><ele>6</ele></trkpt>
      <trkpt lat="51.485332" lon="-0.287384"><ele>6</ele></trkpt>
      <trkpt lat="51.485183" lon="-0.287371"><ele>6</ele></trkpt>
      <trkpt lat="51.484748" lon="-0.28734"><ele>5</ele></trkpt>
      <trkpt lat="51.484381" lon="-0.28731"><ele>5</ele></trkpt>
      <trkpt lat="51.484159" lon="-0.28727"><ele>5</ele></trkpt>
      <trkpt lat="51.483952" lon="-0.287221"><ele>5</ele></trkpt>
      <trkpt lat="51.483721" lon="-0.287146"><ele>5</ele></trkpt>
      <trkpt lat="51.48347" lon="-0.287035"><ele>5</ele></trkpt>
      <trkpt lat="51.483371" lon="-0.286994"><ele>5</ele></trkpt>
      <trkpt lat="51.483227" lon="-0.286925"><ele>5</ele></trkpt>
      <trkpt lat="51.483201" lon="-0.286913"><ele>5</ele></trkpt>
      <trkpt lat="51.483054" lon="-0.286859"><ele>5</ele></trkpt>
      <trkpt lat="51.483011" lon="-0.286845"><ele>5</ele></trkpt>
      <trkpt lat="51.482792" lon="-0.286793"><ele>5.75</ele></trkpt>
      <trkpt lat="51.482718" lon="-0.286818"><ele>5.75</ele></trkpt>
      <trkpt lat="51.48265" lon="-0.286856"><ele>5.5</ele></trkpt>
      <trkpt lat="51.482603" lon="-0.286896"><ele>5.25</ele></trkpt>
      <trkpt lat="51.482299" lon="-0.28721"><ele>5.75</ele></trkpt>
      <trkpt lat="51.482076" lon="-0.287431"><ele>6</ele></trkpt>
      <trkpt lat="51.481761" lon="-0.287721"><ele>6</ele></trkpt>
      <trkpt lat="51.481268" lon="-0.288168"><ele>5.5</ele></trkpt>
      <trkpt lat="51.480905" lon="-0.288482"><ele>6</ele></trkpt>
      <trkpt lat="51.480768" lon="-0.288603"><ele>6</ele></trkpt>
      <trkpt lat="51.480435" lon="-0.288915"><ele>7</ele></trkpt>
      <trkpt lat="51.480359" lon="-0.288987"><ele>7</ele></trkpt>
      <trkpt lat="51.479882" lon="-0.287743"><ele>6</ele></trkpt>
      <trkpt lat="51.479634" lon="-0.287074"><ele>6</ele></trkpt>
      <trkpt lat="51.479548" lon="-0.286903"><ele>6</ele></trkpt>
      <trkpt lat="51.479478" lon="-0.286834"><ele>6</ele></trkpt>
      <trkpt lat="51.479403" lon="-0.286786"><ele>6</ele></trkpt>
      <trkpt lat="51.479305" lon="-0.286773"><ele>6</ele></trkpt>
      <trkpt lat="51.479208" lon="-0.286803"><ele>6</ele></trkpt>
      <trkpt lat="51.478944" lon="-0.286955"><ele>6</ele></trkpt>
      <trkpt lat="51.478825" lon="-0.286989"><ele>6</ele></trkpt>
      <trkpt lat="51.478786" lon="-0.28699"><ele>6</ele></trkpt>
      <trkpt lat="51.478721" lon="-0.286993"><ele>6</ele></trkpt>
      <trkpt lat="51.47861" lon="-0.286975"><ele>5.75</ele></trkpt>
      <trkpt lat="51.478496" lon="-0.286933"><ele>5.5</ele></trkpt>
      <trkpt lat="51.478363" lon="-0.286868"><ele>5.25</ele></trkpt>
      <trkpt lat="51.478228" lon="-0.286783"><ele>5.5</ele></trkpt>
      <trkpt lat="51.478155" lon="-0.286744"><ele>5.75</ele></trkpt>
      <trkpt lat="51.478018" lon="-0.286748"><ele>6</ele></trkpt>
      <trkpt lat="51.478012" lon="-0.286632"><ele>6</ele></trkpt>
      <trkpt lat="51.477993" lon="-0.286542"><ele>6</ele></trkpt>
      <trkpt lat="51.47795" lon="-0.286472"><ele>6.25</ele></trkpt>
      <trkpt lat="51.47766" lon="-0.286132"><ele>7.25</ele></trkpt>
      <trkpt lat="51.47741" lon="-0.285854"><ele>8</ele></trkpt>
      <trkpt lat="51.477307" lon="-0.285754"><ele>8</ele></trkpt>
      <trkpt lat="51.477274" lon="-0.285752"><ele>8</ele></trkpt>
      <trkpt lat="51.477224" lon="-0.285767"><ele>8</ele></trkpt>
      <trkpt lat="51.477211" lon="-0.285701"><ele>8</ele></trkpt>
      <trkpt lat="51.477168" lon="-0.285417"><ele>8.25</ele></trkpt>
      <trkpt lat="51.477153" lon="-0.285296"><ele>8.75</ele></trkpt>
      <trkpt lat="51.477143" lon="-0.285242"><ele>8.75</ele></trkpt>
      <trkpt lat="51.477124" lon="-0.28513"><ele>8.25</ele></trkpt>
      <trkpt lat="51.477165" lon="-0.285114"><ele>8.25</ele></trkpt>
      <trkpt lat="51.47716" lon="-0.285084"><ele>8</ele></trkpt>
      <trkpt lat="51.477115" lon="-0.285102"><ele>8</ele></trkpt>
      <trkpt lat="51.477105" lon="-0.285041"><ele>8</ele></trkpt>
      <trkpt lat="51.477076" lon="-0.284861"><ele>8</ele></trkpt>
      <trkpt lat="51.477066" lon="-0.284794"><ele>7.75</ele></trkpt>
      <trkpt lat="51.477063" lon="-0.284776"><ele>8</ele></trkpt>
      <trkpt lat="51.476878" lon="-0.284843"><ele>8</ele></trkpt>
      <trkpt lat="51.476863" lon="-0.284751"><ele>8</ele></trkpt>
      <trkpt lat="51.476781" lon="-0.284783"><ele>8</ele></trkpt>
      <trkpt lat="51.476784" lon="-0.284797"><ele>8</ele></trkpt>
      <trkpt lat="51.476187" lon="-0.285045"><ele>8</ele></trkpt>
      <trkpt lat="51.47613" lon="-0.285026"><ele>8</ele></trkpt>
      <trkpt lat="51.475935" lon="-0.285079"><ele>8</ele></trkpt>
      <trkpt lat="51.475909" lon="-0.285098"><ele>7.75</ele></trkpt>
      <trkpt lat="51.475858" lon="-0.285156"><ele>8</ele></trkpt>
      <trkpt lat="51.475835" lon="-0.285163"><ele>8</ele></trkpt>
      <trkpt lat="51.475663" lon="-0.28522"><ele>7.5</ele></trkpt>
      <trkpt lat="51.475088" lon="-0.28541"><ele>7</ele></trkpt>
      <trkpt lat="51.474529" lon="-0.285571"><ele>7</ele></trkpt>
      <trkpt lat="51.473917" lon="-0.285747"><ele>6.75</ele></trkpt>
      <trkpt lat="51.472999" lon="-0.286012"><ele>6.75</ele></trkpt>
      <trkpt lat="51.472906" lon="-0.286038"><ele>6.75</ele></trkpt>
      <trkpt lat="51.472706" lon="-0.286094"><ele>6.75</ele></trkpt>
      <trkpt lat="51.472012" lon="-0.286276"><ele>6.75</ele></trkpt>
      <trkpt lat="51.471874" lon="-0.286313"><ele>7</ele></trkpt>
      <trkpt lat="51.470773" lon="-0.28661"><ele>6.25</ele></trkpt>
      <trkpt lat="51.470213" lon="-0.286725"><ele>6.75</ele></trkpt>
      <trkpt lat="51.469981" lon="-0.286793"><ele>6.5</ele></trkpt>
      <trkpt lat="51.469952" lon="-0.286803"><ele>6.5</ele></trkpt>
      <trkpt lat="51.469619" lon="-0.286923"><ele>6</ele></trkpt>
      <trkpt lat="51.469036" lon="-0.287142"><ele>6.5</ele></trkpt>
      <trkpt lat="51.468965" lon="-0.287173"><ele>6.75</ele></trkpt>
      <trkpt lat="51.468477" lon="-0.287397"><ele>6.75</ele></trkpt>
      <trkpt lat="51.468378" lon="-0.287453"><ele>7.5</ele></trkpt>
      <trkpt lat="51.468037" lon="-0.28763"><ele>8.5</ele></trkpt>
      <trkpt lat="51.467969" lon="-0.28765"><ele>8.75</ele></trkpt>
      <trkpt lat="51.467911" lon="-0.287647"><ele>9.25</ele></trkpt>
      <trkpt lat="51.467854" lon="-0.287624"><ele>9.5</ele></trkpt>
      <trkpt lat="51.467819" lon="-0.287837"><ele>9</ele></trkpt>
      <trkpt lat="51.46781" lon="-0.287881"><ele>8.5</ele></trkpt>
      <trkpt lat="51.467781" lon="-0.288018"><ele>7.25</ele></trkpt>
      <trkpt lat="51.467756" lon="-0.288098"><ele>7</ele></trkpt>
      <trkpt lat="51.467777" lon="-0.288122"><ele>7</ele></trkpt>
      <trkpt lat="51.467791" lon="-0.288167"><ele>7.25</ele></trkpt>
      <trkpt lat="51.467799" lon="-0.288216"><ele>7.5</ele></trkpt>
      <trkpt lat="51.467798" lon="-0.288263"><ele>7.75</ele></trkpt>
      <trkpt lat="51.467785" lon="-0.288329"><ele>8</ele></trkpt>
      <trkpt lat="51.467761" lon="-0.288405"><ele>8.5</ele></trkpt>
      <trkpt lat="51.467734" lon="-0.288449"><ele>8.75</ele></trkpt>
      <trkpt lat="51.467687" lon="-0.288496"><ele>9.25</ele></trkpt>
      <trkpt lat="51.467673" lon="-0.288509"><ele>9.25</ele></trkpt>
      <trkpt lat="51.46759" lon="-0.288743"><ele>10</ele></trkpt>
      <trkpt lat="51.467569" lon="-0.288813"><ele>9.75</ele></trkpt>
      <trkpt lat="51.46753" lon="-0.288942"><ele>9.5</ele></trkpt>
      <trkpt lat="51.467424" lon="-0.28915"><ele>8.25</ele></trkpt>
      <trkpt lat="51.467268" lon="-0.289685"><ele>8</ele></trkpt>
      <trkpt lat="51.467189" lon="-0.289928"><ele>7</ele></trkpt>
      <trkpt lat="51.467036" lon="-0.290395"><ele>7</ele></trkpt>
      <trkpt lat="51.466982" lon="-0.290562"><ele>6.75</ele></trkpt>
      <trkpt lat="51.466943" lon="-0.290685"><ele>7</ele></trkpt>
      <trkpt lat="51.466836" lon="-0.291042"><ele>7</ele></trkpt>
      <trkpt lat="51.466708" lon="-0.291412"><ele>7</ele></trkpt>
      <trkpt lat="51.466627" lon="-0.291613"><ele>7</ele></trkpt>
      <trkpt lat="51.466555" lon="-0.2918"><ele>7</ele></trkpt>
      <trkpt lat="51.466289" lon="-0.2927"><ele>7</ele></trkpt>
      <trkpt lat="51.466132" lon="-0.293161"><ele>7</ele></trkpt>
      <trkpt lat="51.4661" lon="-0.293302"><ele>7</ele></trkpt>
      <trkpt lat="51.465952" lon="-0.294007"><ele>7</ele></trkpt>
      <trkpt lat="51.465857" lon="-0.294469"><ele>6.75</ele></trkpt>
      <trkpt lat="51.465619" lon="-0.295596"><ele>6</ele></trkpt>
      <trkpt lat="51.465496" lon="-0.296184"><ele>6</ele></trkpt>
      <trkpt lat="51.465407" lon="-0.296616"><ele>6.75</ele></trkpt>
      <trkpt lat="51.465245" lon="-0.297441"><ele>6.75</ele></trkpt>
      <trkpt lat="51.465212" lon="-0.297634"><ele>7</ele></trkpt>
      <trkpt lat="51.465127" lon="-0.29811"><ele>6.5</ele></trkpt>
      <trkpt lat="51.465089" lon="-0.29834"><ele>7</ele></trkpt>
      <trkpt lat="51.465056" lon="-0.298534"><ele>6.75</ele></trkpt>
      <trkpt lat="51.464945" lon="-0.298889"><ele>7</ele></trkpt>
      <trkpt lat="51.464931" lon="-0.298946"><ele>7</ele></trkpt>
      <trkpt lat="51.464892" lon="-0.299151"><ele>7</ele></trkpt>
      <trkpt lat="51.46479" lon="-0.299603"><ele>7</ele></trkpt>
      <trkpt lat="51.46467" lon="-0.300165"><ele>7</ele></trkpt>
      <trkpt lat="51.46459" lon="-0.30039"><ele>7</ele></trkpt>
      <trkpt lat="51.464568" lon="-0.300449"><ele>7</ele></trkpt>
      <trkpt lat="51.464434" lon="-0.300672"><ele>7</ele></trkpt>
      <trkpt lat="51.464272" lon="-0.30097"><ele>7</ele></trkpt>
      <trkpt lat="51.464192" lon="-0.301111"><ele>7</ele></trkpt>
      <trkpt lat="51.464145" lon="-0.30119"><ele>7</ele></trkpt>
      <trkpt lat="51.464068" lon="-0.301311"><ele>7</ele></trkpt>
      <trkpt lat="51.464037" lon="-0.301365"><ele>7</ele></trkpt>
      <trkpt lat="51.463964" lon="-0.301477"><ele>7</ele></trkpt>
      <trkpt lat="51.463793" lon="-0.301284"><ele>6.75</ele></trkpt>
      <trkpt lat="51.463743" lon="-0.301311"><ele>6.5</ele></trkpt>
      <trkpt lat="51.463637" lon="-0.301424"><ele>6</ele></trkpt>
      <trkpt lat="51.463579" lon="-0.301441"><ele>5.75</ele></trkpt>
      <trkpt lat="51.463495" lon="-0.301424"><ele>5.5</ele></trkpt>
      <trkpt lat="51.463426" lon="-0.301427"><ele>5.25</ele></trkpt>
      <trkpt lat="51.463417" lon="-0.301425"><ele>5.25</ele></trkpt>
      <trkpt lat="51.463205" lon="-0.301523"><ele>4.75</ele></trkpt>
      <trkpt lat="51.463205" lon="-0.30157"><ele>4.75</ele></trkpt>
      <trkpt lat="51.4632" lon="-0.301709"><ele>5</ele></trkpt>
      <trkpt lat="51.463162" lon="-0.301707"><ele>5</ele></trkpt>
      <trkpt lat="51.463127" lon="-0.301704"><ele>5</ele></trkpt>
      <trkpt lat="51.46309" lon="-0.301702"><ele>5</ele></trkpt>
      <trkpt lat="51.463092" lon="-0.301561"><ele>4.25</ele></trkpt>
    </trkseg>
    <trkseg>
      <trkpt lat="51.532475" lon="-0.2448"><ele>34</ele></trkpt>
      <trkpt lat="51.532485" lon="-0.244903"><ele>34</ele></trkpt>
      <trkpt lat="51.532491" lon="-0.244966"><ele>34.5</ele></trkpt>
      <trkpt lat="51.532402" lon="-0.244988"><ele>36</ele></trkpt>
      <trkpt lat="51.532289" lon="-0.245014"><ele>38</ele></trkpt>
      <trkpt lat="51.532216" lon="-0.245059"><ele>38</ele></trkpt>
      <trkpt lat="51.532245" lon="-0.24482"><ele>37.5</ele></trkpt>
      <trkpt lat="51.532247" lon="-0.244793"><ele>37.5</ele></trkpt>
      <trkpt lat="51.53221" lon="-0.244579"><ele>37.25</ele></trkpt>
      <trkpt lat="51.532161" lon="-0.243847"><ele>36.25</ele></trkpt>
      <trkpt lat="51.532199" lon="-0.243845"><ele>36.25</ele></trkpt>
      <trkpt lat="51.532199" lon="-0.243828"><ele>36.25</ele></trkpt>
      <trkpt lat="51.532198" lon="-0.243768"><ele>36.25</ele></trkpt>
      <trkpt lat="51.532168" lon="-0.24377"><ele>36.5</ele></trkpt>
      <trkpt lat="51.532163" lon="-0.243646"><ele>36.75</ele></trkpt>
      <trkpt lat="51.532163" lon="-0.243613"><ele>36.75</ele></trkpt>
      <trkpt lat="51.532156" lon="-0.243572"><ele>36.75</ele></trkpt>
      <trkpt lat="51.532174" lon="-0.243484"><ele>36.5</ele></trkpt>
      <trkpt lat="51.532204" lon="-0.243417"><ele>36.25</ele></trkpt>
      <trkpt lat="51.532324" lon="-0.243145"><ele>36.75</ele></trkpt>
      <trkpt lat="51.532371" lon="-0.24305"><ele>37.5</ele></trkpt>
      <trkpt lat="51.532465" lon="-0.242774"><ele>38.5</ele></trkpt>
      <trkpt lat="51.532524" lon="-0.242551"><ele>38.75</ele></trkpt>
      <trkpt lat="51.532576" lon="-0.242318"><ele>38.75</ele></trkpt>
      <trkpt lat="51.532614" lon="-0.242085"><ele>38.75</ele></trkpt>
      <trkpt lat="51.532649" lon="-0.241843"><ele>38.25</ele></trkpt>
      <trkpt lat="51.532673" lon="-0.241599"><ele>38</ele></trkpt>
      <trkpt lat="51.532768" lon="-0.24024"><ele>39</ele></trkpt>
      <trkpt lat="51.532778" lon="-0.24006"><ele>39</ele></trkpt>
      <trkpt lat="51.532781" lon="-0.240036"><ele>39</ele></trkpt>
      <trkpt lat="51.532789" lon="-0.240018"><ele>39.25</ele></trkpt>
      <trkpt lat="51.532533" lon="-0.239498"><ele>39.75</ele></trkpt>
      <trkpt lat="51.532448" lon="-0.239244"><ele>40</ele></trkpt>
      <trkpt lat="51.532389" lon="-0.239024"><ele>40.5</ele></trkpt>
      <trkpt lat="51.53233" lon="-0.238812"><ele>40.5</ele></trkpt>
      <trkpt lat="51.532272" lon="-0.238513"><ele>42.25</ele></trkpt>
      <trkpt lat="51.532267" lon="-0.238483"><ele>42.25</ele></trkpt>
      <trkpt lat="51.532263" lon="-0.238457"><ele>42.25</ele></trkpt>
      <trkpt lat="51.532203" lon="-0.23808"><ele>41.75</ele></trkpt>
      <trkpt lat="51.532198" lon="-0.238055"><ele>41.5</ele></trkpt>
      <trkpt lat="51.532192" lon="-0.238011"><ele>41.5</ele></trkpt>
      <trkpt lat="51.532162" lon="-0.23773"><ele>40.75</ele></trkpt>
      <trkpt lat="51.532135" lon="-0.237619"><ele>40.5</ele></trkpt>
      <trkpt lat="51.532093" lon="-0.23753"><ele>40.5</ele></trkpt>
      <trkpt lat="51.532003" lon="-0.237442"><ele>40</ele></trkpt>
      <trkpt lat="51.531738" lon="-0.237397"><ele>38.75</ele></trkpt>
      <trkpt lat="51.531438" lon="-0.237364"><ele>38</ele></trkpt>
      <trkpt lat="51.531304" lon="-0.237315"><ele>38.25</ele></trkpt>
      <trkpt lat="51.531277" lon="-0.237308"><ele>38.5</ele></trkpt>
      <trkpt lat="51.531239" lon="-0.237301"><ele>38.5</ele></trkpt>
      <trkpt lat="51.530828" lon="-0.237238"><ele>37.5</ele></trkpt>
      <trkpt lat="51.530128" lon="-0.237161"><ele>37</ele></trkpt>
      <trkpt lat="51.529939" lon="-0.237139"><ele>38.5</ele></trkpt>
      <trkpt lat="51.529866" lon="-0.237133"><ele>38</ele></trkpt>
      <trkpt lat="51.529793" lon="-0.237127"><ele>37.75</ele></trkpt>
      <trkpt lat="51.529664" lon="-0.237097"><ele>37</ele></trkpt>
      <trkpt lat="51.529632" lon="-0.237091"><ele>36.75</ele></trkpt>
      <trkpt lat="51.529584" lon="-0.23708"><ele>36.5</ele></trkpt>
      <trkpt lat="51.529493" lon="-0.237018"><ele>36</ele></trkpt>
      <trkpt lat="51.529394" lon="-0.236983"><ele>35.75</ele></trkpt>
      <trkpt lat="51.529218" lon="-0.236821"><ele>36</ele></trkpt>
      <trkpt lat="51.528789" lon="-0.236451"><ele>35</ele></trkpt>
      <trkpt lat="51.528757" lon="-0.236424"><ele>35</ele></trkpt>
      <trkpt lat="51.528726" lon="-0.236397"><ele>35</ele></trkpt>
      <trkpt lat="51.528586" lon="-0.236271"><ele>35</ele></trkpt>
      <trkpt lat="51.528373" lon="-0.23609"><ele>35</ele></trkpt>
      <trkpt lat="51.528337" lon="-0.236065"><ele>35</ele></trkpt>
      <trkpt lat="51.528302" lon="-0.236039"><ele>34.75</ele></trkpt>
      <trkpt lat="51.528193" lon="-0.235963"><ele>34.25</ele></trkpt>
      <trkpt lat="51.528031" lon="-0.235875"><ele>34</ele></trkpt>
      <trkpt lat="51.527974" lon="-0.235837"><ele>34</ele></trkpt>
      <trkpt lat="51.527916" lon="-0.235798"><ele>33.75</ele></trkpt>
      <trkpt lat="51.527741" lon="-0.23569"><ele>33.25</ele></trkpt>
      <trkpt lat="51.527745" lon="-0.235669"><ele>33.25</ele></trkpt>
      <trkpt lat="51.527752" lon="-0.235635"><ele>33</ele></trkpt>
      <trkpt lat="51.527613" lon="-0.235595"><ele>32.75</ele></trkpt>
      <trkpt lat="51.527542" lon="-0.235522"><ele>33</ele></trkpt>
      <trkpt lat="51.52744" lon="-0.23544"><ele>33</ele></trkpt>
      <trkpt lat="51.527255" lon="-0.235329"><ele>33</ele></trkpt>
      <trkpt lat="51.526825" lon="-0.234971"><ele>32.25</ele></trkpt>
      <trkpt lat="51.526346" lon="-0.23455"><ele>32.5</ele></trkpt>
      <trkpt lat="51.526328" lon="-0.234538"><ele>32.25</ele></trkpt>
      <trkpt lat="51.526257" lon="-0.234512"><ele>32</ele></trkpt>
      <trkpt lat="51.52617" lon="-0.234503"><ele>31.75</ele></trkpt>
      <trkpt lat="51.52597" lon="-0.234491"><ele>31.25</ele></trkpt>
      <trkpt lat="51.525452" lon="-0.234447"><ele>29.75</ele></trkpt>
      <trkpt lat="51.525414" lon="-0.234433"><ele>29.5</ele></trkpt>
      <trkpt lat="51.525324" lon="-0.234358"><ele>29.25</ele></trkpt>
      <trkpt lat="51.525152" lon="-0.234193"><ele>28.5</ele></trkpt>
      <trkpt lat="51.525006" lon="-0.234024"><ele>28.75</ele></trkpt>
      <trkpt lat="51.524483" lon="-0.23319"><ele>25.75</ele></trkpt>
      <trkpt lat="51.524304" lon="-0.2329"><ele>25</ele></trkpt>
      <trkpt lat="51.524153" lon="-0.232684"><ele>23.5</ele></trkpt>
      <trkpt lat="51.524111" lon="-0.232648"><ele>23.75</ele></trkpt>
      <trkpt lat="51.524004" lon="-0.232583"><ele>23.25</ele></trkpt>
      <trkpt lat="51.523877" lon="-0.23254"><ele>22.5</ele></trkpt>
      <trkpt lat="51.523688" lon="-0.232495"><ele>21.25</ele></trkpt>
      <trkpt lat="51.523418" lon="-0.232408"><ele>21.5</ele></trkpt>
      <trkpt lat="51.523306" lon="-0.232358"><ele>20.75</ele></trkpt>
      <trkpt lat="51.523237" lon="-0.232309"><ele>20.25</ele></trkpt>
      <trkpt lat="51.523182" lon="-0.232224"><ele>19.75</ele></trkpt>
      <trkpt lat="51.522716" lon="-0.231493"><ele>18.25</ele></trkpt>
      <trkpt lat="51.522319" lon="-0.2309"><ele>17.75</ele></trkpt>
      <trkpt lat="51.52217" lon="-0.230712"><ele>17</ele></trkpt>
      <trkpt lat="51.521376" lon="-0.229757"><ele>15</ele></trkpt>
      <trkpt lat="51.521329" lon="-0.229692"><ele>15</ele></trkpt>
      <trkpt lat="51.521007" lon="-0.229255"><ele>15</ele></trkpt>
      <trkpt lat="51.520988" lon="-0.229232"><ele>14.75</ele></trkpt>
      <trkpt lat="51.520824" lon="-0.229037"><ele>13.75</ele></trkpt>
      <trkpt lat="51.520711" lon="-0.228907"><ele>13.5</ele></trkpt>
      <trkpt lat="51.520174" lon="-0.228268"><ele>13</ele></trkpt>
      <trkpt lat="51.520055" lon="-0.22817"><ele>13</ele></trkpt>
      <trkpt lat="51.519946" lon="-0.228128"><ele>12.75</ele></trkpt>
      <trkpt lat="51.519771" lon="-0.22814"><ele>12</ele></trkpt>
      <trkpt lat="51.519704" lon="-0.228148"><ele>12</ele></trkpt>
      <trkpt lat="51.519604" lon="-0.228167"><ele>12</ele></trkpt>
      <trkpt lat="51.519435" lon="-0.228194"><ele>12</ele></trkpt>
      <trkpt lat="51.519316" lon="-0.228191"><ele>12</ele></trkpt>
      <trkpt lat="51.519223" lon="-0.228156"><ele>12</ele></trkpt>
      <trkpt lat="51.519174" lon="-0.228141"><ele>12</ele></trkpt>
      <trkpt lat="51.518994" lon="-0.228089"><ele>11.25</ele></trkpt>
      <trkpt lat="51.518877" lon="-0.228046"><ele>11</ele></trkpt>
      <trkpt lat="51.518826" lon="-0.228028"><ele>11</ele></trkpt>
      <trkpt lat="51.518791" lon="-0.228015"><ele>11</ele></trkpt>
      <trkpt lat="51.518664" lon="-0.227962"><ele>11</ele></trkpt>
      <trkpt lat="51.518316" lon="-0.227816"><ele>11</ele></trkpt>
      <trkpt lat="51.517647" lon="-0.227527"><ele>10</ele></trkpt>
      <trkpt lat="51.517203" lon="-0.22735"><ele>10</ele></trkpt>
      <trkpt lat="51.517113" lon="-0.227315"><ele>10</ele></trkpt>
      <trkpt lat="51.517082" lon="-0.2273"><ele>10</ele></trkpt>
      <trkpt lat="51.517064" lon="-0.227291"><ele>10</ele></trkpt>
      <trkpt lat="51.517" lon="-0.227259"><ele>10</ele></trkpt>
      <trkpt lat="51.51685" lon="-0.227173"><ele>10</ele></trkpt>
      <trkpt lat="51.516822" lon="-0.227155"><ele>10</ele></trkpt>
      <trkpt lat="51.516592" lon="-0.227024"><ele>9.75</ele></trkpt>
      <trkpt lat="51.516552" lon="-0.227002"><ele>9.5</ele></trkpt>
      <trkpt lat="51.516389" lon="-0.226867"><ele>9.25</ele></trkpt>
      <trkpt lat="51.516266" lon="-0.226794"><ele>9.5</ele></trkpt>
      <trkpt lat="51.516119" lon="-0.226708"><ele>9.75</ele></trkpt>
      <trkpt lat="51.516" lon="-0.226636"><ele>10</ele></trkpt>
      <trkpt lat="51.515846" lon="-0.22655"><ele>9.75</ele></trkpt>
      <trkpt lat="51.515751" lon="-0.226497"><ele>8.75</ele></trkpt>
      <trkpt lat="51.515656" lon="-0.226512"><ele>7.75</ele></trkpt>
      <trkpt lat="51.515528" lon="-0.226449"><ele>7</ele></trkpt>
      <trkpt lat="51.51547" lon="-0.226426"><ele>8</ele></trkpt>
      <trkpt lat="51.515373" lon="-0.226374"><ele>9.5</ele></trkpt>
      <trkpt lat="51.515362" lon="-0.226368"><ele>9.5</ele></trkpt>
      <trkpt lat="51.515346" lon="-0.226361"><ele>9.75</ele></trkpt>
      <trkpt lat="51.515315" lon="-0.226346"><ele>10</ele></trkpt>
      <trkpt lat="51.515185" lon="-0.226283"><ele>10.5</ele></trkpt>
      <trkpt lat="51.515108" lon="-0.226246"><ele>11</ele></trkpt>
      <trkpt lat="51.514997" lon="-0.226192"><ele>11.75</ele></trkpt>
      <trkpt lat="51.514938" lon="-0.226163"><ele>11.5</ele></trkpt>
      <trkpt lat="51.514923" lon="-0.226156"><ele>11.5</ele></trkpt>
      <trkpt lat="51.514881" lon="-0.226104"><ele>11.5</ele></trkpt>
      <trkpt lat="51.514843" lon="-0.226087"><ele>11.25</ele></trkpt>
      <trkpt lat="51.514823" lon="-0.226078"><ele>11.25</ele></trkpt>
      <trkpt lat="51.514418" lon="-0.225898"><ele>9.75</ele></trkpt>
      <trkpt lat="51.514129" lon="-0.225779"><ele>8.75</ele></trkpt>
      <trkpt lat="51.514112" lon="-0.225771"><ele>8.75</ele></trkpt>
      <trkpt lat="51.514085" lon="-0.225728"><ele>8.5</ele></trkpt>
      <trkpt lat="51.514005" lon="-0.225692"><ele>8.25</ele></trkpt>
      <trkpt lat="51.513968" lon="-0.225664"><ele>8.25</ele></trkpt>
      <trkpt lat="51.513612" lon="-0.2255"><ele>7</ele></trkpt>
      <trkpt lat="51.513142" lon="-0.225268"><ele>7.25</ele></trkpt>
      <trkpt lat="51.513101" lon="-0.225244"><ele>7.25</ele></trkpt>
      <trkpt lat="51.513047" lon="-0.225212"><ele>7</ele></trkpt>
      <trkpt lat="51.513026" lon="-0.225205"><ele>7.25</ele></trkpt>
      <trkpt lat="51.512972" lon="-0.225184"><ele>7.25</ele></trkpt>
      <trkpt lat="51.512877" lon="-0.225146"><ele>7.25</ele></trkpt>
      <trkpt lat="51.512769" lon="-0.225094"><ele>7.5</ele></trkpt>
      <trkpt lat="51.51272" lon="-0.22506"><ele>7.5</ele></trkpt>
      <trkpt lat="51.512703" lon="-0.225048"><ele>7.5</ele></trkpt>
      <trkpt lat="51.512691" lon="-0.225042"><ele>7.5</ele></trkpt>
      <trkpt lat="51.512674" lon="-0.225033"><ele>7.5</ele></trkpt>
      <trkpt lat="51.512618" lon="-0.225004"><ele>7.25</ele></trkpt>
      <trkpt lat="51.512577" lon="-0.224987"><ele>7.25</ele></trkpt>
      <trkpt lat="51.512257" lon="-0.224915"><ele>7.25</ele></trkpt>
      <trkpt lat="51.512126" lon="-0.22487"><ele>7.25</ele></trkpt>
      <trkpt lat="51.511979" lon="-0.224814"><ele>7.25</ele></trkpt>
      <trkpt lat="51.51193" lon="-0.224802"><ele>7.25</ele></trkpt>
      <trkpt lat="51.51188" lon="-0.22479"><ele>7</ele></trkpt>
      <trkpt lat="51.511723" lon="-0.224751"><ele>7</ele></trkpt>
      <trkpt lat="51.51166" lon="-0.224735"><ele>7</ele></trkpt>
      <trkpt lat="51.511459" lon="-0.224684"><ele>6.75</ele></trkpt>
      <trkpt lat="51.511073" lon="-0.224617"><ele>6.5</ele></trkpt>
      <trkpt lat="51.510822" lon="-0.224584"><ele>6.75</ele></trkpt>
      <trkpt lat="51.510823" lon="-0.224535"><ele>6.75</ele></trkpt>
      <trkpt lat="51.510693" lon="-0.224526"><ele>6.5</ele></trkpt>
      <trkpt lat="51.510569" lon="-0.224518"><ele>6.25</ele></trkpt>
      <trkpt lat="51.510378" lon="-0.224499"><ele>6.5</ele></trkpt>
      <trkpt lat="51.510379" lon="-0.224445"><ele>6.5</ele></trkpt>
      <trkpt lat="51.510325" lon="-0.224204"><ele>6.5</ele></trkpt>
      <trkpt lat="51.510309" lon="-0.223892"><ele>7.75</ele></trkpt>
      <trkpt lat="51.510306" lon="-0.223834"><ele>7.75</ele></trkpt>
      <trkpt lat="51.510251" lon="-0.223746"><ele>7.25</ele></trkpt>
      <trkpt lat="51.510226" lon="-0.223706"><ele>7.25</ele></trkpt>
      <trkpt lat="51.510136" lon="-0.223561"><ele>7</ele></trkpt>
      <trkpt lat="51.510127" lon="-0.223549"><ele>7</ele></trkpt>
      <trkpt lat="51.510038" lon="-0.223399"><ele>7.5</ele></trkpt>
      <trkpt lat="51.509691" lon="-0.222912"><ele>7.5</ele></trkpt>
      <trkpt lat="51.509685" lon="-0.2228"><ele>7.25</ele></trkpt>
      <trkpt lat="51.509655" lon="-0.222209"><ele>7.25</ele></trkpt>
      <trkpt lat="51.507963" lon="-0.221412"><ele>7</ele></trkpt>
      <trkpt lat="51.507147" lon="-0.221101"><ele>7</ele></trkpt>
      <trkpt lat="51.506767" lon="-0.220961"><ele>8</ele></trkpt>
      <trkpt lat="51.5067" lon="-0.220769"><ele>8.25</ele></trkpt>
      <trkpt lat="51.506694" lon="-0.220695"><ele>8.5</ele></trkpt>
      <trkpt lat="51.50674" lon="-0.220409"><ele>9</ele></trkpt>
      <trkpt lat="51.506708" lon="-0.220398"><ele>9</ele></trkpt>
      <trkpt lat="51.506687" lon="-0.22048"><ele>8.5</ele></trkpt>
      <trkpt lat="51.506623" lon="-0.220452"><ele>8.5</ele></trkpt>
      <trkpt lat="51.50662" lon="-0.22057"><ele>7.75</ele></trkpt>
      <trkpt lat="51.506377" lon="-0.219822"><ele>9.75</ele></trkpt>
      <trkpt lat="51.506374" lon="-0.219812"><ele>9.75</ele></trkpt>
      <trkpt lat="51.506349" lon="-0.219739"><ele>9.5</ele></trkpt>
      <trkpt lat="51.506291" lon="-0.219589"><ele>8.75</ele></trkpt>
      <trkpt lat="51.506227" lon="-0.219425"><ele>8.25</ele></trkpt>
      <trkpt lat="51.505958" lon="-0.218676"><ele>7.25</ele></trkpt>
      <trkpt lat="51.50589" lon="-0.21852"><ele>7</ele></trkpt>
      <trkpt lat="51.505874" lon="-0.218396"><ele>7</ele></trkpt>
      <trkpt lat="51.505882" lon="-0.218379"><ele>7</ele></trkpt>
      <trkpt lat="51.505862" lon="-0.218327"><ele>6.75</ele></trkpt>
      <trkpt lat="51.505849" lon="-0.218288"><ele>6.5</ele></trkpt>
      <trkpt lat="51.505617" lon="-0.218144"><ele>6.5</ele></trkpt>
      <trkpt lat="51.505591" lon="-0.218153"><ele>6.75</ele></trkpt>
      <trkpt lat="51.505517" lon="-0.218207"><ele>6.75</ele></trkpt>
      <trkpt lat="51.505494" lon="-0.218202"><ele>6.75</ele></trkpt>
      <trkpt lat="51.505465" lon="-0.218165"><ele>6.5</ele></trkpt>
      <trkpt lat="51.505444" lon="-0.218093"><ele>6.5</ele></trkpt>
      <trkpt lat="51.505427" lon="-0.218082"><ele>6.5</ele></trkpt>
      <trkpt lat="51.505123" lon="-0.21813"><ele>6</ele></trkpt>
      <trkpt lat="51.505104" lon="-0.218104"><ele>6</ele></trkpt>
      <trkpt lat="51.505047" lon="-0.218114"><ele>6</ele></trkpt>
      <trkpt lat="51.505045" lon="-0.21805"><ele>6</ele></trkpt>
      <trkpt lat="51.505045" lon="-0.218009"><ele>6</ele></trkpt>
      <trkpt lat="51.505044" lon="-0.217981"><ele>6</ele></trkpt>
      <trkpt lat="51.505042" lon="-0.217957"><ele>6</ele></trkpt>
      <trkpt lat="51.505041" lon="-0.217932"><ele>6</ele></trkpt>
      <trkpt lat="51.50504" lon="-0.217897"><ele>6</ele></trkpt>
      <trkpt lat="51.505052" lon="-0.217836"><ele>6</ele></trkpt>
      <trkpt lat="51.505054" lon="-0.217758"><ele>6</ele></trkpt>
      <trkpt lat="51.505093" lon="-0.217765"><ele>6</ele></trkpt>
      <trkpt lat="51.50517" lon="-0.21778"><ele>6</ele></trkpt>
      <trkpt lat="51.505219" lon="-0.217789"><ele>6</ele></trkpt>
      <trkpt lat="51.505289" lon="-0.217782"><ele>5.25</ele></trkpt>
      <trkpt lat="51.505219" lon="-0.217789"><ele>6</ele></trkpt>
      <trkpt lat="51.50517" lon="-0.21778"><ele>6</ele></trkpt>
      <trkpt lat="51.505093" lon="-0.217765"><ele>6</ele></trkpt>
      <trkpt lat="51.505054" lon="-0.217758"><ele>6</ele></trkpt>
      <trkpt lat="51.505052" lon="-0.217836"><ele>6</ele></trkpt>
      <trkpt lat="51.50504" lon="-0.217897"><ele>6</ele></trkpt>
      <trkpt lat="51.505041" lon="-0.217932"><ele>6</ele></trkpt>
      <trkpt lat="51.505042" lon="-0.217957"><ele>6</ele></trkpt>
      <trkpt lat="51.505044" lon="-0.217981"><ele>6</ele></trkpt>
      <trkpt lat="51.505045" lon="-0.218009"><ele>6</ele></trkpt>
      <trkpt lat="51.505045" lon="-0.21805"><ele>6</ele></trkpt>
      <trkpt lat="51.504969" lon="-0.218053"><ele>6</ele></trkpt>
      <trkpt lat="51.504894" lon="-0.218074"><ele>6</ele></trkpt>
      <trkpt lat="51.504626" lon="-0.218104"><ele>6.25</ele></trkpt>
      <trkpt lat="51.504591" lon="-0.218115"><ele>6.25</ele></trkpt>
      <trkpt lat="51.504529" lon="-0.218139"><ele>6.25</ele></trkpt>
      <trkpt lat="51.504482" lon="-0.218086"><ele>6.75</ele></trkpt>
      <trkpt lat="51.504433" lon="-0.218096"><ele>6.75</ele></trkpt>
      <trkpt lat="51.504402" lon="-0.218055"><ele>7</ele></trkpt>
      <trkpt lat="51.504383" lon="-0.218012"><ele>7</ele></trkpt>
      <trkpt lat="51.504368" lon="-0.217953"><ele>7.25</ele></trkpt>
      <trkpt lat="51.504362" lon="-0.217881"><ele>7.25</ele></trkpt>
      <trkpt lat="51.50435" lon="-0.217676"><ele>7.75</ele></trkpt>
      <trkpt lat="51.504293" lon="-0.217486"><ele>7.75</ele></trkpt>
      <trkpt lat="51.504311" lon="-0.217202"><ele>8.5</ele></trkpt>
      <trkpt lat="51.504194" lon="-0.216641"><ele>8.75</ele></trkpt>
      <trkpt lat="51.504163" lon="-0.216466"><ele>8.25</ele></trkpt>
      <trkpt lat="51.504102" lon="-0.216296"><ele>8</ele></trkpt>
      <trkpt lat="51.504069" lon="-0.216179"><ele>8</ele></trkpt>
      <trkpt lat="51.504005" lon="-0.216217"><ele>8</ele></trkpt>
      <trkpt lat="51.503985" lon="-0.21623"><ele>8</ele></trkpt>
      <trkpt lat="51.503934" lon="-0.216208"><ele>8</ele></trkpt>
      <trkpt lat="51.503746" lon="-0.216086"><ele>6.75</ele></trkpt>
      <trkpt lat="51.503714" lon="-0.216112"><ele>6.5</ele></trkpt>
      <trkpt lat="51.503612" lon="-0.216075"><ele>6</ele></trkpt>
      <trkpt lat="51.503595" lon="-0.216069"><ele>5.75</ele></trkpt>
      <trkpt lat="51.503566" lon="-0.21605"><ele>5.5</ele></trkpt>
      <trkpt lat="51.503545" lon="-0.216067"><ele>5.25</ele></trkpt>
      <trkpt lat="51.503522" lon="-0.216072"><ele>5</ele></trkpt>
      <trkpt lat="51.503488" lon="-0.216057"><ele>4.75</ele></trkpt>
      <trkpt lat="51.502555" lon="-0.215131"><ele>3.75</ele></trkpt>
      <trkpt lat="51.502303" lon="-0.214894"><ele>4.5</ele></trkpt>
      <trkpt lat="51.50226" lon="-0.214853"><ele>4.75</ele></trkpt>
      <trkpt lat="51.502246" lon="-0.214899"><ele>4.75</ele></trkpt>
      <trkpt lat="51.502242" lon="-0.214906"><ele>4.75</ele></trkpt>
      <trkpt lat="51.502174" lon="-0.215048"><ele>4.75</ele></trkpt>
      <trkpt lat="51.502012" lon="-0.215385"><ele>5</ele></trkpt>
      <trkpt lat="51.501886" lon="-0.215671"><ele>5</ele></trkpt>
      <trkpt lat="51.5018" lon="-0.215857"><ele>5</ele></trkpt>
      <trkpt lat="51.501757" lon="-0.215759"><ele>5</ele></trkpt>
      <trkpt lat="51.501688" lon="-0.215588"><ele>5.75</ele></trkpt>
      <trkpt lat="51.501606" lon="-0.215441"><ele>5</ele></trkpt>
      <trkpt lat="51.501509" lon="-0.215306"><ele>4.5</ele></trkpt>
      <trkpt lat="51.501405" lon="-0.215221"><ele>4.5</ele></trkpt>
      <trkpt lat="51.501263" lon="-0.215097"><ele>4.25</ele></trkpt>
      <trkpt lat="51.501225" lon="-0.215066"><ele>4.25</ele></trkpt>
      <trkpt lat="51.50095" lon="-0.214829"><ele>4</ele></trkpt>
      <trkpt lat="51.500513" lon="-0.214467"><ele>4.5</ele></trkpt>
      <trkpt lat="51.500486" lon="-0.214432"><ele>4.25</ele></trkpt>
      <trkpt lat="51.500388" lon="-0.214304"><ele>4</ele></trkpt>
      <trkpt lat="51.500112" lon="-0.213998"><ele>4</ele></trkpt>
      <trkpt lat="51.499809" lon="-0.213651"><ele>3.5</ele></trkpt>
      <trkpt lat="51.499514" lon="-0.213308"><ele>3.5</ele></trkpt>
      <trkpt lat="51.49931" lon="-0.213082"><ele>3.5</ele></trkpt>
      <trkpt lat="51.499217" lon="-0.212955"><ele>3.75</ele></trkpt>
      <trkpt lat="51.499136" lon="-0.212859"><ele>3.75</ele></trkpt>
      <trkpt lat="51.498924" lon="-0.21261"><ele>3.5</ele></trkpt>
      <trkpt lat="51.498674" lon="-0.21231"><ele>3.5</ele></trkpt>
      <trkpt lat="51.498336" lon="-0.211907"><ele>3.75</ele></trkpt>
      <trkpt lat="51.49829" lon="-0.211835"><ele>3.25</ele></trkpt>
      <trkpt lat="51.497774" lon="-0.211194"><ele>3.5</ele></trkpt>
      <trkpt lat="51.497715" lon="-0.211124"><ele>3.75</ele></trkpt>
      <trkpt lat="51.497748" lon="-0.210988"><ele>4</ele></trkpt>
      <trkpt lat="51.497835" lon="-0.210661"><ele>3.25</ele></trkpt>
      <trkpt lat="51.497837" lon="-0.210583"><ele>3</ele></trkpt>
      <trkpt lat="51.497806" lon="-0.21049"><ele>2.75</ele></trkpt>
      <trkpt lat="51.49772" lon="-0.210391"><ele>3</ele></trkpt>
      <trkpt lat="51.497588" lon="-0.21028"><ele>3.5</ele></trkpt>
      <trkpt lat="51.4975" lon="-0.21016"><ele>3.5</ele></trkpt>
      <trkpt lat="51.497254" lon="-0.209826"><ele>3.25</ele></trkpt>
      <trkpt lat="51.497213" lon="-0.209738"><ele>3</ele></trkpt>
      <trkpt lat="51.497109" lon="-0.209613"><ele>3</ele></trkpt>
      <trkpt lat="51.497045" lon="-0.209568"><ele>3.25</ele></trkpt>
      <trkpt lat="51.496824" lon="-0.209307"><ele>3.75</ele></trkpt>
      <trkpt lat="51.496656" lon="-0.209112"><ele>4.5</ele></trkpt>
      <trkpt lat="51.496586" lon="-0.209029"><ele>4.25</ele></trkpt>
      <trkpt lat="51.496192" lon="-0.208545"><ele>5.75</ele></trkpt>
      <trkpt lat="51.496134" lon="-0.208475"><ele>5.75</ele></trkpt>
      <trkpt lat="51.49608" lon="-0.208455"><ele>6</ele></trkpt>
      <trkpt lat="51.496084" lon="-0.208393"><ele>6</ele></trkpt>
      <trkpt lat="51.496093" lon="-0.208267"><ele>5.75</ele></trkpt>
      <trkpt lat="51.496086" lon="-0.208017"><ele>4.5</ele></trkpt>
      <trkpt lat="51.496263" lon="-0.207262"><ele>6.25</ele></trkpt>
      <trkpt lat="51.496309" lon="-0.207062"><ele>6.25</ele></trkpt>
      <trkpt lat="51.496326" lon="-0.207011"><ele>6</ele></trkpt>
      <trkpt lat="51.496345" lon="-0.20696"><ele>6</ele></trkpt>
      <trkpt lat="51.496325" lon="-0.206936"><ele>6</ele></trkpt>
      <trkpt lat="51.496273" lon="-0.206869"><ele>6</ele></trkpt>
      <trkpt lat="51.496398" lon="-0.206515"><ele>6</ele></trkpt>
      <trkpt lat="51.496441" lon="-0.206398"><ele>6</ele></trkpt>
      <trkpt lat="51.496541" lon="-0.206124"><ele>6</ele></trkpt>
      <trkpt lat="51.49656" lon="-0.206076"><ele>6</ele></trkpt>
      <trkpt lat="51.496573" lon="-0.206045"><ele>6</ele></trkpt>
      <trkpt lat="51.496653" lon="-0.205841"><ele>6.75</ele></trkpt>
      <trkpt lat="51.496618" lon="-0.205765"><ele>6.5</ele></trkpt>
      <trkpt lat="51.496577" lon="-0.205637"><ele>6</ele></trkpt>
      <trkpt lat="51.496568" lon="-0.205576"><ele>6</ele></trkpt>
      <trkpt lat="51.496503" lon="-0.205164"><ele>5.75</ele></trkpt>
      <trkpt lat="51.496427" lon="-0.204945"><ele>5.75</ele></trkpt>
      <trkpt lat="51.496416" lon="-0.204927"><ele>5.75</ele></trkpt>
      <trkpt lat="51.49632" lon="-0.204779"><ele>5.75</ele></trkpt>
      <trkpt lat="51.496114" lon="-0.204499"><ele>5.75</ele></trkpt>
      <trkpt lat="51.495574" lon="-0.203797"><ele>4.75</ele></trkpt>
      <trkpt lat="51.495308" lon="-0.203453"><ele>5.5</ele></trkpt>
      <trkpt lat="51.495293" lon="-0.203433"><ele>5.5</ele></trkpt>
      <trkpt lat="51.494033" lon="-0.201927"><ele>6</ele></trkpt>
      <trkpt lat="51.49398" lon="-0.201864"><ele>6</ele></trkpt>
      <trkpt lat="51.493969" lon="-0.20185"><ele>6</ele></trkpt>
      <trkpt lat="51.493701" lon="-0.201528"><ele>6</ele></trkpt>
      <trkpt lat="51.493568" lon="-0.20138"><ele>5.75</ele></trkpt>
      <trkpt lat="51.493553" lon="-0.201364"><ele>5.75</ele></trkpt>
      <trkpt lat="51.493539" lon="-0.201348"><ele>5.5</ele></trkpt>
      <trkpt lat="51.493463" lon="-0.201264"><ele>5.25</ele></trkpt>
      <trkpt lat="51.493291" lon="-0.201065"><ele>4.75</ele></trkpt>
      <trkpt lat="51.493167" lon="-0.200922"><ele>4.75</ele></trkpt>
      <trkpt lat="51.493031" lon="-0.200767"><ele>4.75</ele></trkpt>
      <trkpt lat="51.49298" lon="-0.200735"><ele>5</ele></trkpt>
      <trkpt lat="51.492928" lon="-0.200701"><ele>5</ele></trkpt>
      <trkpt lat="51.492861" lon="-0.20058"><ele>5.25</ele></trkpt>
      <trkpt lat="51.492801" lon="-0.200443"><ele>5.75</ele></trkpt>
      <trkpt lat="51.492774" lon="-0.200387"><ele>6</ele></trkpt>
      <trkpt lat="51.492742" lon="-0.200331"><ele>6</ele></trkpt>
      <trkpt lat="51.492688" lon="-0.200254"><ele>6</ele></trkpt>
      <trkpt lat="51.492622" lon="-0.200165"><ele>6</ele></trkpt>
      <trkpt lat="51.492589" lon="-0.200126"><ele>6</ele></trkpt>
      <trkpt lat="51.492511" lon="-0.20003"><ele>6</ele></trkpt>
      <trkpt lat="51.49232" lon="-0.199687"><ele>5.5</ele></trkpt>
      <trkpt lat="51.492215" lon="-0.199502"><ele>6.5</ele></trkpt>
      <trkpt lat="51.492169" lon="-0.199426"><ele>6.5</ele></trkpt>
      <trkpt lat="51.491782" lon="-0.198693"><ele>6</ele></trkpt>
      <trkpt lat="51.4917" lon="-0.19853"><ele>6.25</ele></trkpt>
      <trkpt lat="51.491059" lon="-0.197306"><ele>6.5</ele></trkpt>
      <trkpt lat="51.490736" lon="-0.196692"><ele>6</ele></trkpt>
      <trkpt lat="51.490709" lon="-0.196635"><ele>6</ele></trkpt>
      <trkpt lat="51.490674" lon="-0.196567"><ele>6</ele></trkpt>
      <trkpt lat="51.490642" lon="-0.196501"><ele>6.25</ele></trkpt>
      <trkpt lat="51.490458" lon="-0.196154"><ele>6.75</ele></trkpt>
      <trkpt lat="51.490257" lon="-0.195773"><ele>6.75</ele></trkpt>
      <trkpt lat="51.489894" lon="-0.195101"><ele>7</ele></trkpt>
      <trkpt lat="51.489635" lon="-0.19543"><ele>5.75</ele></trkpt>
      <trkpt lat="51.489498" lon="-0.195481"><ele>5.5</ele></trkpt>
      <trkpt lat="51.489331" lon="-0.195543"><ele>6.25</ele></trkpt>
      <trkpt lat="51.489145" lon="-0.195596"><ele>6.5</ele></trkpt>
      <trkpt lat="51.488816" lon="-0.195638"><ele>5.5</ele></trkpt>
      <trkpt lat="51.488676" lon="-0.195632"><ele>5.5</ele></trkpt>
      <trkpt lat="51.488535" lon="-0.195603"><ele>5.75</ele></trkpt>
      <trkpt lat="51.48822" lon="-0.195499"><ele>5.5</ele></trkpt>
      <trkpt lat="51.48794" lon="-0.195315"><ele>6</ele></trkpt>
      <trkpt lat="51.487881" lon="-0.195264"><ele>6.5</ele></trkpt>
      <trkpt lat="51.487684" lon="-0.195064"><ele>6.75</ele></trkpt>
      <trkpt lat="51.48748" lon="-0.195615"><ele>6.5</ele></trkpt>
      <trkpt lat="51.487374" lon="-0.195896"><ele>4.5</ele></trkpt>
      <trkpt lat="51.487343" lon="-0.195973"><ele>4.25</ele></trkpt>
      <trkpt lat="51.487305" lon="-0.196076"><ele>4.25</ele></trkpt>
      <trkpt lat="51.487283" lon="-0.196137"><ele>4.25</ele></trkpt>
      <trkpt lat="51.48725" lon="-0.196109"><ele>4</ele></trkpt>
      <trkpt lat="51.487238" lon="-0.196099"><ele>4</ele></trkpt>
      <trkpt lat="51.487252" lon="-0.196059"><ele>4</ele></trkpt>
      <trkpt lat="51.487307" lon="-0.195897"><ele>4</ele></trkpt>
      <trkpt lat="51.487335" lon="-0.19579"><ele>4</ele></trkpt>
      <trkpt lat="51.487304" lon="-0.195761"><ele>3.5</ele></trkpt>
      <trkpt lat="51.48729" lon="-0.195772"><ele>3.25</ele></trkpt>
      <trkpt lat="51.48728" lon="-0.19578"><ele>3</ele></trkpt>
      <trkpt lat="51.487265" lon="-0.195796"><ele>3</ele></trkpt>
      <trkpt lat="51.487165" lon="-0.195904"><ele>3</ele></trkpt>
      <trkpt lat="51.48716" lon="-0.19591"><ele>2.75</ele></trkpt>
      <trkpt lat="51.487154" lon="-0.195898"><ele>2.75</ele></trkpt>
      <trkpt lat="51.487121" lon="-0.19584"><ele>2.75</ele></trkpt>
      <trkpt lat="51.487114" lon="-0.195828"><ele>2.75</ele></trkpt>
      <trkpt lat="51.4871" lon="-0.195804"><ele>2.75</ele></trkpt>
      <trkpt lat="51.487093" lon="-0.195791"><ele>2.75</ele></trkpt>
      <trkpt lat="51.487079" lon="-0.195767"><ele>2.75</ele></trkpt>
      <trkpt lat="51.487072" lon="-0.195755"><ele>2.75</ele></trkpt>
      <trkpt lat="51.487052" lon="-0.19572"><ele>2.75</ele></trkpt>
      <trkpt lat="51.487063" lon="-0.195694"><ele>2.75</ele></trkpt>
      <trkpt lat="51.487078" lon="-0.195659"><ele>2.5</ele></trkpt>
      <trkpt lat="51.487063" lon="-0.195694"><ele>2.75</ele></trkpt>
      <trkpt lat="51.487052" lon="-0.19572"><ele>2.75</ele></trkpt>
      <trkpt lat="51.487072" lon="-0.195755"><ele>2.75</ele></trkpt>
      <trkpt lat="51.487079" lon="-0.195767"><ele>2.75</ele></trkpt>
      <trkpt lat="51.487093" lon="-0.195791"><ele>2.75</ele></trkpt>
      <trkpt lat="51.4871" lon="-0.195804"><ele>2.75</ele></trkpt>
      <trkpt lat="51.487114" lon="-0.195828"><ele>2.75</ele></trkpt>
      <trkpt lat="51.487121" lon="-0.19584"><ele>2.75</ele></trkpt>
      <trkpt lat="51.487154" lon="-0.195898"><ele>2.75</ele></trkpt>
      <trkpt lat="51.48716" lon="-0.19591"><ele>3</ele></trkpt>
      <trkpt lat="51.487165" lon="-0.195904"><ele>3</ele></trkpt>
      <trkpt lat="51.487265" lon="-0.195796"><ele>3</ele></trkpt>
      <trkpt lat="51.48728" lon="-0.19578"><ele>3</ele></trkpt>
      <trkpt lat="51.48729" lon="-0.195772"><ele>3.25</ele></trkpt>
      <trkpt lat="51.487304" lon="-0.195761"><ele>3.5</ele></trkpt>
      <trkpt lat="51.487335" lon="-0.19579"><ele>4</ele></trkpt>
      <trkpt lat="51.487364" lon="-0.1957"><ele>4.75</ele></trkpt>
      <trkpt lat="51.487388" lon="-0.195637"><ele>5.25</ele></trkpt>
      <trkpt lat="51.487505" lon="-0.195403"><ele>6.25</ele></trkpt>
      <trkpt lat="51.487795" lon="-0.194633"><ele>7</ele></trkpt>
      <trkpt lat="51.487855" lon="-0.194467"><ele>7</ele></trkpt>
      <trkpt lat="51.487847" lon="-0.194345"><ele>7</ele></trkpt>
      <trkpt lat="51.48785" lon="-0.19429"><ele>7</ele></trkpt>
      <trkpt lat="51.487863" lon="-0.194222"><ele>7</ele></trkpt>
      <trkpt lat="51.487875" lon="-0.194193"><ele>7</ele></trkpt>
      <trkpt lat="51.487954" lon="-0.19401"><ele>7</ele></trkpt>
      <trkpt lat="51.487929" lon="-0.193978"><ele>7</ele></trkpt>
      <trkpt lat="51.487892" lon="-0.193937"><ele>7</ele></trkpt>
      <trkpt lat="51.48773" lon="-0.193775"><ele>6.75</ele></trkpt>
      <trkpt lat="51.487127" lon="-0.193126"><ele>6</ele></trkpt>
      <trkpt lat="51.486517" lon="-0.192468"><ele>6</ele></trkpt>
      <trkpt lat="51.486592" lon="-0.192299"><ele>6</ele></trkpt>
      <trkpt lat="51.485982" lon="-0.191644"><ele>6</ele></trkpt>
      <trkpt lat="51.48538" lon="-0.190983"><ele>6</ele></trkpt>
      <trkpt lat="51.484955" lon="-0.190524"><ele>6</ele></trkpt>
      <trkpt lat="51.484961" lon="-0.190472"><ele>6</ele></trkpt>
      <trkpt lat="51.484945" lon="-0.190428"><ele>6</ele></trkpt>
      <trkpt lat="51.484953" lon="-0.190409"><ele>6</ele></trkpt>
      <trkpt lat="51.484662" lon="-0.190098"><ele>7</ele></trkpt>
      <trkpt lat="51.484451" lon="-0.189881"><ele>7</ele></trkpt>
      <trkpt lat="51.484442" lon="-0.189861"><ele>7</ele></trkpt>
      <trkpt lat="51.484448" lon="-0.189776"><ele>7</ele></trkpt>
      <trkpt lat="51.484441" lon="-0.1896"><ele>7</ele></trkpt>
      <trkpt lat="51.484401" lon="-0.189414"><ele>7</ele></trkpt>
      <trkpt lat="51.48433" lon="-0.189243"><ele>7</ele></trkpt>
      <trkpt lat="51.484227" lon="-0.189103"><ele>7</ele></trkpt>
      <trkpt lat="51.484322" lon="-0.188869"><ele>7</ele></trkpt>
      <trkpt lat="51.483507" lon="-0.188003"><ele>7</ele></trkpt>
      <trkpt lat="51.483479" lon="-0.187688"><ele>7</ele></trkpt>
      <trkpt lat="51.483439" lon="-0.187259"><ele>7</ele></trkpt>
      <trkpt lat="51.483411" lon="-0.18714"><ele>7</ele></trkpt>
      <trkpt lat="51.483349" lon="-0.186993"><ele>7.75</ele></trkpt>
      <trkpt lat="51.482953" lon="-0.186327"><ele>7.25</ele></trkpt>
      <trkpt lat="51.482868" lon="-0.186144"><ele>7</ele></trkpt>
      <trkpt lat="51.482706" lon="-0.186356"><ele>7</ele></trkpt>
      <trkpt lat="51.482675" lon="-0.186301"><ele>7</ele></trkpt>
      <trkpt lat="51.482626" lon="-0.186215"><ele>7</ele></trkpt>
      <trkpt lat="51.482433" lon="-0.18602"><ele>6.5</ele></trkpt>
      <trkpt lat="51.482271" lon="-0.18583"><ele>6.75</ele></trkpt>
      <trkpt lat="51.48211" lon="-0.185639"><ele>6.25</ele></trkpt>
      <trkpt lat="51.481965" lon="-0.185468"><ele>6</ele></trkpt>
      <trkpt lat="51.481928" lon="-0.185425"><ele>6</ele></trkpt>
      <trkpt lat="51.481767" lon="-0.185235"><ele>6</ele></trkpt>
      <trkpt lat="51.481749" lon="-0.185214"><ele>6</ele></trkpt>
      <trkpt lat="51.481723" lon="-0.185184"><ele>6</ele></trkpt>
      <trkpt lat="51.481408" lon="-0.184815"><ele>6</ele></trkpt>
      <trkpt lat="51.481315" lon="-0.184704"><ele>6</ele></trkpt>
      <trkpt lat="51.481238" lon="-0.184613"><ele>6</ele></trkpt>
      <trkpt lat="51.480927" lon="-0.184219"><ele>6</ele></trkpt>
      <trkpt lat="51.480881" lon="-0.18416"><ele>6</ele></trkpt>
      <trkpt lat="51.480842" lon="-0.184272"><ele>5.75</ele></trkpt>
      <trkpt lat="51.480793" lon="-0.184226"><ele>6</ele></trkpt>
      <trkpt lat="51.480787" lon="-0.18422"><ele>6</ele></trkpt>
      <trkpt lat="51.480727" lon="-0.184376"><ele>6</ele></trkpt>
      <trkpt lat="51.480694" lon="-0.184456"><ele>6</ele></trkpt>
      <trkpt lat="51.480484" lon="-0.184264"><ele>6</ele></trkpt>
      <trkpt lat="51.480392" lon="-0.184184"><ele>6</ele></trkpt>
      <trkpt lat="51.480358" lon="-0.184092"><ele>6</ele></trkpt>
      <trkpt lat="51.480142" lon="-0.183922"><ele>6</ele></trkpt>
      <trkpt lat="51.480029" lon="-0.183922"><ele>6</ele></trkpt>
      <trkpt lat="51.479943" lon="-0.183872"><ele>6</ele></trkpt>
      <trkpt lat="51.479757" lon="-0.183722"><ele>6</ele></trkpt>
      <trkpt lat="51.479629" lon="-0.1836"><ele>6</ele></trkpt>
      <trkpt lat="51.479478" lon="-0.183451"><ele>6</ele></trkpt>
      <trkpt lat="51.479393" lon="-0.183379"><ele>5.75</ele></trkpt>
      <trkpt lat="51.479354" lon="-0.183338"><ele>5.5</ele></trkpt>
      <trkpt lat="51.478915" lon="-0.182992"><ele>5.75</ele></trkpt>
      <trkpt lat="51.478025" lon="-0.182261"><ele>5.75</ele></trkpt>
      <trkpt lat="51.477987" lon="-0.182233"><ele>5.75</ele></trkpt>
      <trkpt lat="51.477822" lon="-0.182653"><ele>5</ele></trkpt>
      <trkpt lat="51.47773" lon="-0.18288"><ele>4.75</ele></trkpt>
      <trkpt lat="51.477639" lon="-0.183099"><ele>4.5</ele></trkpt>
      <trkpt lat="51.477584" lon="-0.18324"><ele>4.25</ele></trkpt>
      <trkpt lat="51.477573" lon="-0.183293"><ele>4.25</ele></trkpt>
      <trkpt lat="51.477519" lon="-0.183292"><ele>4</ele></trkpt>
      <trkpt lat="51.477459" lon="-0.183293"><ele>4</ele></trkpt>
      <trkpt lat="51.477417" lon="-0.183284"><ele>4</ele></trkpt>
      <trkpt lat="51.477394" lon="-0.183268"><ele>3.75</ele></trkpt>
      <trkpt lat="51.477273" lon="-0.183158"><ele>3.5</ele></trkpt>
      <trkpt lat="51.47722" lon="-0.18311"><ele>3.5</ele></trkpt>
      <trkpt lat="51.477156" lon="-0.183058"><ele>3.25</ele></trkpt>
      <trkpt lat="51.477141" lon="-0.183045"><ele>3.5</ele></trkpt>
      <trkpt lat="51.477102" lon="-0.183025"><ele>4.25</ele></trkpt>
      <trkpt lat="51.47705" lon="-0.183013"><ele>5</ele></trkpt>
      <trkpt lat="51.477005" lon="-0.183015"><ele>5.75</ele></trkpt>
      <trkpt lat="51.476949" lon="-0.183027"><ele>6.75</ele></trkpt>
      <trkpt lat="51.476893" lon="-0.183055"><ele>7</ele></trkpt>
      <trkpt lat="51.476748" lon="-0.183188"><ele>7.75</ele></trkpt>
      <trkpt lat="51.476678" lon="-0.183281"><ele>7.75</ele></trkpt>
      <trkpt lat="51.476534" lon="-0.183517"><ele>7.5</ele></trkpt>
      <trkpt lat="51.476502" lon="-0.183551"><ele>7.5</ele></trkpt>
      <trkpt lat="51.476456" lon="-0.183579"><ele>7.25</ele></trkpt>
      <trkpt lat="51.476381" lon="-0.183599"><ele>7</ele></trkpt>
      <trkpt lat="51.476275" lon="-0.183601"><ele>7</ele></trkpt>
      <trkpt lat="51.476175" lon="-0.183583"><ele>7</ele></trkpt>
      <trkpt lat="51.476104" lon="-0.183553"><ele>7</ele></trkpt>
      <trkpt lat="51.47595" lon="-0.183442"><ele>7</ele></trkpt>
      <trkpt lat="51.475712" lon="-0.183195"><ele>6</ele></trkpt>
      <trkpt lat="51.475701" lon="-0.183222"><ele>6.25</ele></trkpt>
      <trkpt lat="51.475697" lon="-0.183231"><ele>6.5</ele></trkpt>
      <trkpt lat="51.475646" lon="-0.183183"><ele>6</ele></trkpt>
      <trkpt lat="51.475425" lon="-0.182926"><ele>5</ele></trkpt>
      <trkpt lat="51.475288" lon="-0.182785"><ele>3</ele></trkpt>
      <trkpt lat="51.475167" lon="-0.182671"><ele>3.25</ele></trkpt>
      <trkpt lat="51.475076" lon="-0.182608"><ele>3</ele></trkpt>
      <trkpt lat="51.475024" lon="-0.182585"><ele>2.5</ele></trkpt>
      <trkpt lat="51.474983" lon="-0.18258"><ele>2.75</ele></trkpt>
      <trkpt lat="51.474958" lon="-0.182591"><ele>3.25</ele></trkpt>
      <trkpt lat="51.474855" lon="-0.182729"><ele>4</ele></trkpt>
      <trkpt lat="51.474943" lon="-0.182834"><ele>4.25</ele></trkpt>
      <trkpt lat="51.474855" lon="-0.182729"><ele>4</ele></trkpt>
      <trkpt lat="51.474697" lon="-0.1829"><ele>4</ele></trkpt>
      <trkpt lat="51.474593" lon="-0.182998"><ele>4.25</ele></trkpt>
      <trkpt lat="51.474562" lon="-0.183109"><ele>4.5</ele></trkpt>
      <trkpt lat="51.474509" lon="-0.183148"><ele>4.75</ele></trkpt>
      <trkpt lat="51.474469" lon="-0.183136"><ele>4.75</ele></trkpt>
      <trkpt lat="51.474388" lon="-0.183105"><ele>5</ele></trkpt>
      <trkpt lat="51.47435" lon="-0.18309"><ele>5</ele></trkpt>
      <trkpt lat="51.474343" lon="-0.183049"><ele>5</ele></trkpt>
      <trkpt lat="51.474265" lon="-0.183101"><ele>5</ele></trkpt>
      <trkpt lat="51.474051" lon="-0.183245"><ele>5</ele></trkpt>
      <trkpt lat="51.474009" lon="-0.183273"><ele>5</ele></trkpt>
      <trkpt lat="51.473912" lon="-0.183337"><ele>5</ele></trkpt>
      <trkpt lat="51.473852" lon="-0.183383"><ele>5</ele></trkpt>
      <trkpt lat="51.47369" lon="-0.183444"><ele>5</ele></trkpt>
      <trkpt lat="51.47365" lon="-0.183425"><ele>5</ele></trkpt>
      <trkpt lat="51.473607" lon="-0.18344"><ele>5</ele></trkpt>
      <trkpt lat="51.473576" lon="-0.183489"><ele>5</ele></trkpt>
      <trkpt lat="51.473564" lon="-0.183551"><ele>5</ele></trkpt>
      <trkpt lat="51.473483" lon="-0.183602"><ele>5</ele></trkpt>
      <trkpt lat="51.473391" lon="-0.183688"><ele>5</ele></trkpt>
      <trkpt lat="51.473019" lon="-0.18389"><ele>5</ele></trkpt>
      <trkpt lat="51.472918" lon="-0.183951"><ele>5</ele></trkpt>
      <trkpt lat="51.472493" lon="-0.184199"><ele>4.75</ele></trkpt>
      <trkpt lat="51.472032" lon="-0.184474"><ele>4</ele></trkpt>
      <trkpt lat="51.471794" lon="-0.184635"><ele>4</ele></trkpt>
      <trkpt lat="51.471578" lon="-0.184757"><ele>4</ele></trkpt>
      <trkpt lat="51.471101" lon="-0.185042"><ele>4</ele></trkpt>
      <trkpt lat="51.470928" lon="-0.185062"><ele>4</ele></trkpt>
      <trkpt lat="51.470762" lon="-0.185073"><ele>4</ele></trkpt>
      <trkpt lat="51.47053" lon="-0.185095"><ele>4</ele></trkpt>
      <trkpt lat="51.470412" lon="-0.185112"><ele>4</ele></trkpt>
      <trkpt lat="51.470234" lon="-0.185163"><ele>4</ele></trkpt>
      <trkpt lat="51.470091" lon="-0.185218"><ele>4</ele></trkpt>
      <trkpt lat="51.469928" lon="-0.185301"><ele>3.75</ele></trkpt>
      <trkpt lat="51.469804" lon="-0.185381"><ele>3.75</ele></trkpt>
      <trkpt lat="51.469609" lon="-0.185533"><ele>4</ele></trkpt>
      <trkpt lat="51.469416" lon="-0.18569"><ele>4</ele></trkpt>
      <trkpt lat="51.469355" lon="-0.185742"><ele>4</ele></trkpt>
      <trkpt lat="51.469179" lon="-0.185911"><ele>4</ele></trkpt>
      <trkpt lat="51.468981" lon="-0.186102"><ele>4</ele></trkpt>
      <trkpt lat="51.468769" lon="-0.186317"><ele>4</ele></trkpt>
      <trkpt lat="51.46844" lon="-0.186649"><ele>4</ele></trkpt>
      <trkpt lat="51.468337" lon="-0.186756"><ele>4</ele></trkpt>
      <trkpt lat="51.468268" lon="-0.186797"><ele>4</ele></trkpt>
      <trkpt lat="51.468204" lon="-0.186795"><ele>4</ele></trkpt>
      <trkpt lat="51.468088" lon="-0.186805"><ele>4</ele></trkpt>
      <trkpt lat="51.468054" lon="-0.186937"><ele>4</ele></trkpt>
      <trkpt lat="51.468018" lon="-0.187041"><ele>4</ele></trkpt>
      <trkpt lat="51.46799" lon="-0.187102"><ele>4</ele></trkpt>
      <trkpt lat="51.467962" lon="-0.187135"><ele>4</ele></trkpt>
      <trkpt lat="51.467885" lon="-0.187224"><ele>4</ele></trkpt>
      <trkpt lat="51.467752" lon="-0.18737"><ele>4</ele></trkpt>
      <trkpt lat="51.467616" lon="-0.187534"><ele>4</ele></trkpt>
      <trkpt lat="51.467385" lon="-0.187875"><ele>4.25</ele></trkpt>
      <trkpt lat="51.467244" lon="-0.18818"><ele>4</ele></trkpt>
      <trkpt lat="51.467145" lon="-0.188405"><ele>4.25</ele></trkpt>
      <trkpt lat="51.467113" lon="-0.188377"><ele>4.25</ele></trkpt>
      <trkpt lat="51.466996" lon="-0.188657"><ele>4.75</ele></trkpt>
      <trkpt lat="51.46676" lon="-0.189214"><ele>5.5</ele></trkpt>
      <trkpt lat="51.466722" lon="-0.189273"><ele>5.25</ele></trkpt>
      <trkpt lat="51.466684" lon="-0.189291"><ele>5.5</ele></trkpt>
      <trkpt lat="51.466636" lon="-0.189273"><ele>5.5</ele></trkpt>
      <trkpt lat="51.466592" lon="-0.189234"><ele>5.75</ele></trkpt>
      <trkpt lat="51.46647" lon="-0.189125"><ele>5.75</ele></trkpt>
      <trkpt lat="51.466428" lon="-0.189084"><ele>5.75</ele></trkpt>
      <trkpt lat="51.466048" lon="-0.188717"><ele>5.5</ele></trkpt>
      <trkpt lat="51.464495" lon="-0.18722"><ele>5.5</ele></trkpt>
      <trkpt lat="51.464058" lon="-0.186801"><ele>5.25</ele></trkpt>
      <trkpt lat="51.463811" lon="-0.186566"><ele>5.5</ele></trkpt>
      <trkpt lat="51.463606" lon="-0.186365"><ele>6</ele></trkpt>
      <trkpt lat="51.463528" lon="-0.186291"><ele>6</ele></trkpt>
      <trkpt lat="51.463429" lon="-0.186187"><ele>6</ele></trkpt>
      <trkpt lat="51.463283" lon="-0.186031"><ele>5.75</ele></trkpt>
      <trkpt lat="51.463043" lon="-0.185795"><ele>4.75</ele></trkpt>
      <trkpt lat="51.463012" lon="-0.185739"><ele>4.75</ele></trkpt>
      <trkpt lat="51.462989" lon="-0.185675"><ele>4.75</ele></trkpt>
      <trkpt lat="51.46297" lon="-0.185426"><ele>5</ele></trkpt>
      <trkpt lat="51.462956" lon="-0.185236"><ele>5</ele></trkpt>
      <trkpt lat="51.462953" lon="-0.185209"><ele>5</ele></trkpt>
      <trkpt lat="51.462947" lon="-0.185063"><ele>5</ele></trkpt>
      <trkpt lat="51.462981" lon="-0.18477"><ele>4.25</ele></trkpt>
      <trkpt lat="51.462983" lon="-0.1847"><ele>4.25</ele></trkpt>
      <trkpt lat="51.463001" lon="-0.184645"><ele>4.25</ele></trkpt>
      <trkpt lat="51.463009" lon="-0.184622"><ele>4.25</ele></trkpt>
      <trkpt lat="51.463007" lon="-0.184475"><ele>4.75</ele></trkpt>
      <trkpt lat="51.463347" lon="-0.183918"><ele>5</ele></trkpt>
      <trkpt lat="51.463485" lon="-0.183682"><ele>5</ele></trkpt>
      <trkpt lat="51.463516" lon="-0.183631"><ele>5</ele></trkpt>
      <trkpt lat="51.463545" lon="-0.18358"><ele>5</ele></trkpt>
      <trkpt lat="51.463616" lon="-0.183451"><ele>5</ele></trkpt>
      <trkpt lat="51.463664" lon="-0.183353"><ele>5</ele></trkpt>
      <trkpt lat="51.463749" lon="-0.183126"><ele>5</ele></trkpt>
      <trkpt lat="51.463781" lon="-0.18302"><ele>5</ele></trkpt>
      <trkpt lat="51.463845" lon="-0.182866"><ele>5</ele></trkpt>
      <trkpt lat="51.463878" lon="-0.182784"><ele>5</ele></trkpt>
      <trkpt lat="51.463952" lon="-0.182606"><ele>5</ele></trkpt>
      <trkpt lat="51.463922" lon="-0.182568"><ele>5</ele></trkpt>
      <trkpt lat="51.463909" lon="-0.182552"><ele>5</ele></trkpt>
      <trkpt lat="51.463633" lon="-0.182229"><ele>5</ele></trkpt>
      <trkpt lat="51.463372" lon="-0.181913"><ele>5</ele></trkpt>
      <trkpt lat="51.463086" lon="-0.181588"><ele>5</ele></trkpt>
      <trkpt lat="51.463068" lon="-0.181546"><ele>5</ele></trkpt>
      <trkpt lat="51.463074" lon="-0.181498"><ele>5</ele></trkpt>
      <trkpt lat="51.463051" lon="-0.181411"><ele>5</ele></trkpt>
      <trkpt lat="51.463046" lon="-0.181376"><ele>5</ele></trkpt>
      <trkpt lat="51.463017" lon="-0.18113"><ele>5</ele></trkpt>
      <trkpt lat="51.462987" lon="-0.180855"><ele>5</ele></trkpt>
      <trkpt lat="51.462982" lon="-0.180808"><ele>5</ele></trkpt>
      <trkpt lat="51.463033" lon="-0.180747"><ele>5</ele></trkpt>
      <trkpt lat="51.463082" lon="-0.180688"><ele>4.75</ele></trkpt>
      <trkpt lat="51.46318" lon="-0.180657"><ele>5</ele></trkpt>
      <trkpt lat="51.46324" lon="-0.180569"><ele>5</ele></trkpt>
      <trkpt lat="51.463145" lon="-0.180475"><ele>5</ele></trkpt>
      <trkpt lat="51.463061" lon="-0.180407"><ele>5</ele></trkpt>
      <trkpt lat="51.463072" lon="-0.180364"><ele>5</ele></trkpt>
      <trkpt lat="51.46309" lon="-0.180312"><ele>5</ele></trkpt>
      <trkpt lat="51.463192" lon="-0.180017"><ele>5</ele></trkpt>
      <trkpt lat="51.463335" lon="-0.179617"><ele>5</ele></trkpt>
      <trkpt lat="51.463464" lon="-0.17926"><ele>5</ele></trkpt>
      <trkpt lat="51.463598" lon="-0.1789"><ele>5</ele></trkpt>
      <trkpt lat="51.46374" lon="-0.178524"><ele>5</ele></trkpt>
      <trkpt lat="51.463824" lon="-0.178311"><ele>5</ele></trkpt>
      <trkpt lat="51.463883" lon="-0.178162"><ele>5</ele></trkpt>
      <trkpt lat="51.464135" lon="-0.177476"><ele>5</ele></trkpt>
      <trkpt lat="51.464207" lon="-0.177287"><ele>5</ele></trkpt>
      <trkpt lat="51.464213" lon="-0.177271"><ele>5</ele></trkpt>
      <trkpt lat="51.464264" lon="-0.177118"><ele>5</ele></trkpt>
      <trkpt lat="51.464267" lon="-0.17709"><ele>5</ele></trkpt>
      <trkpt lat="51.464258" lon="-0.177023"><ele>5</ele></trkpt>
      <trkpt lat="51.464249" lon="-0.177006"><ele>5</ele></trkpt>
      <trkpt lat="51.464245" lon="-0.176975"><ele>5</ele></trkpt>
      <trkpt lat="51.464247" lon="-0.17692"><ele>5</ele></trkpt>
      <trkpt lat="51.464257" lon="-0.176869"><ele>5</ele></trkpt>
      <trkpt lat="51.46427" lon="-0.176799"><ele>5</ele></trkpt>
      <trkpt lat="51.464274" lon="-0.176782"><ele>5</ele></trkpt>
      <trkpt lat="51.464287" lon="-0.176765"><ele>5</ele></trkpt>
      <trkpt lat="51.464369" lon="-0.176545"><ele>5</ele></trkpt>
      <trkpt lat="51.464371" lon="-0.176509"><ele>5</ele></trkpt>
      <trkpt lat="51.464513" lon="-0.176084"><ele>4.75</ele></trkpt>
      <trkpt lat="51.464587" lon="-0.175862"><ele>4.5</ele></trkpt>
      <trkpt lat="51.464662" lon="-0.175638"><ele>4.75</ele></trkpt>
      <trkpt lat="51.464758" lon="-0.175342"><ele>4.25</ele></trkpt>
      <trkpt lat="51.464844" lon="-0.175066"><ele>4</ele></trkpt>
      <trkpt lat="51.464926" lon="-0.174826"><ele>4</ele></trkpt>
      <trkpt lat="51.46499" lon="-0.174619"><ele>4</ele></trkpt>
      <trkpt lat="51.465081" lon="-0.174325"><ele>3.75</ele></trkpt>
      <trkpt lat="51.465105" lon="-0.174256"><ele>3.5</ele></trkpt>
      <trkpt lat="51.465166" lon="-0.17408"><ele>3.5</ele></trkpt>
      <trkpt lat="51.465222" lon="-0.174035"><ele>3.5</ele></trkpt>
      <trkpt lat="51.465335" lon="-0.173725"><ele>4</ele></trkpt>
      <trkpt lat="51.465377" lon="-0.173692"><ele>4</ele></trkpt>
      <trkpt lat="51.465494" lon="-0.173416"><ele>4</ele></trkpt>
      <trkpt lat="51.465457" lon="-0.173233"><ele>3.75</ele></trkpt>
      <trkpt lat="51.465374" lon="-0.172867"><ele>3.75</ele></trkpt>
      <trkpt lat="51.465353" lon="-0.172753"><ele>4</ele></trkpt>
      <trkpt lat="51.465328" lon="-0.172615"><ele>4</ele></trkpt>
      <trkpt lat="51.465304" lon="-0.172557"><ele>4</ele></trkpt>
      <trkpt lat="51.465262" lon="-0.172509"><ele>4</ele></trkpt>
      <trkpt lat="51.465126" lon="-0.172383"><ele>4</ele></trkpt>
      <trkpt lat="51.465102" lon="-0.172363"><ele>4</ele></trkpt>
      <trkpt lat="51.465079" lon="-0.172345"><ele>4</ele></trkpt>
      <trkpt lat="51.46505" lon="-0.172329"><ele>4</ele></trkpt>
      <trkpt lat="51.465087" lon="-0.172104"><ele>4</ele></trkpt>
      <trkpt lat="51.465123" lon="-0.171801"><ele>4.5</ele></trkpt>
      <trkpt lat="51.465215" lon="-0.171335"><ele>4.5</ele></trkpt>
      <trkpt lat="51.465255" lon="-0.170917"><ele>5</ele></trkpt>
      <trkpt lat="51.465273" lon="-0.170846"><ele>5</ele></trkpt>
      <trkpt lat="51.465248" lon="-0.17083"><ele>5</ele></trkpt>
      <trkpt lat="51.465179" lon="-0.17079"><ele>5.5</ele></trkpt>
      <trkpt lat="51.465157" lon="-0.170775"><ele>5.75</ele></trkpt>
      <trkpt lat="51.46513" lon="-0.170758"><ele>5.75</ele></trkpt>
      <trkpt lat="51.465061" lon="-0.170712"><ele>6.25</ele></trkpt>
      <trkpt lat="51.464936" lon="-0.170631"><ele>7.25</ele></trkpt>
      <trkpt lat="51.464513" lon="-0.170366"><ele>10.25</ele></trkpt>
      <trkpt lat="51.464439" lon="-0.170226"><ele>11</ele></trkpt>
      <trkpt lat="51.464319" lon="-0.170009"><ele>11</ele></trkpt>
      <trkpt lat="51.464268" lon="-0.170099"><ele>11</ele></trkpt>
      <trkpt lat="51.464278" lon="-0.170131"><ele>11</ele></trkpt>
    </trkseg>
  </trk>
</gpx>
