<?xml version="1.0" encoding="UTF-8"?>
<gpx version="1.1" creator="TubeRun route generator" xmlns="http://www.topografix.com/GPX/1/1">
  <metadata>
    <name>Northern line — TubeRun</name>
    <desc>Above-ground running route tracing the Northern line and its branches, station to station. Routed on pavements and footways from OpenStreetMap data (BRouter, shortest).</desc>
    <author><name>TubeRun</name></author>
    <copyright author="OpenStreetMap contributors"><license>https://opendatacommons.org/licenses/odbl/1-0/</license></copyright>
    <link href="https://www.openstreetmap.org/copyright"><text>© OpenStreetMap contributors</text></link>
    <time>2026-07-06T18:42:05.461Z</time>
  </metadata>
  <wpt lat="51.402142" lon="-0.194839"><name>Morden</name></wpt>
  <wpt lat="51.415309" lon="-0.192005"><name>South Wimbledon</name></wpt>
  <wpt lat="51.41816" lon="-0.178086"><name>Colliers Wood</name></wpt>
  <wpt lat="51.42763" lon="-0.168374"><name>Tooting Broadway</name></wpt>
  <wpt lat="51.435678" lon="-0.159736"><name>Tooting Bec</name></wpt>
  <wpt lat="51.443288" lon="-0.152997"><name>Balham</name></wpt>
  <wpt lat="51.452654" lon="-0.147582"><name>Clapham South</name></wpt>
  <wpt lat="51.461742" lon="-0.138317"><name>Clapham Common</name></wpt>
  <wpt lat="51.465135" lon="-0.130016"><name>Clapham North</name></wpt>
  <wpt lat="51.472184" lon="-0.122644"><name>Stockwell</name></wpt>
  <wpt lat="51.48185" lon="-0.112439"><name>Oval</name></wpt>
  <wpt lat="51.488337" lon="-0.105963"><name>Kennington</name></wpt>
  <wpt lat="51.503299" lon="-0.11478"><name>Waterloo</name></wpt>
  <wpt lat="51.507058" lon="-0.122666"><name>Embankment</name></wpt>
  <wpt lat="51.50741" lon="-0.127277"><name>Charing Cross</name></wpt>
  <wpt lat="51.511386" lon="-0.128426"><name>Leicester Square</name></wpt>
  <wpt lat="51.516426" lon="-0.13041"><name>Tottenham Court Road</name></wpt>
  <wpt lat="51.520599" lon="-0.134361"><name>Goodge Street</name></wpt>
  <wpt lat="51.524951" lon="-0.138321"><name>Warren Street</name></wpt>
  <wpt lat="51.527999" lon="-0.133785"><name>Euston</name></wpt>
  <wpt lat="51.534679" lon="-0.138789"><name>Mornington Crescent</name></wpt>
  <wpt lat="51.539292" lon="-0.14274"><name>Camden Town</name></wpt>
  <wpt lat="51.550312" lon="-0.140733"><name>Kentish Town</name></wpt>
  <wpt lat="51.556822" lon="-0.138433"><name>Tufnell Park</name></wpt>
  <wpt lat="51.565478" lon="-0.134819"><name>Archway</name></wpt>
  <wpt lat="51.577532" lon="-0.145857"><name>Highgate</name></wpt>
  <wpt lat="51.587131" lon="-0.165012"><name>East Finchley</name></wpt>
  <wpt lat="51.600921" lon="-0.192527"><name>Finchley Central</name></wpt>
  <wpt lat="51.609426" lon="-0.188362"><name>West Finchley</name></wpt>
  <wpt lat="51.618014" lon="-0.18542"><name>Woodside Park</name></wpt>
  <wpt lat="51.630597" lon="-0.17921"><name>Totteridge &amp; Whetstone</name></wpt>
  <wpt lat="51.650541" lon="-0.194298"><name>High Barnet</name></wpt>
  <wpt lat="51.494536" lon="-0.100606"><name>Elephant &amp; Castle</name></wpt>
  <wpt lat="51.501199" lon="-0.09337"><name>Borough</name></wpt>
  <wpt lat="51.505721" lon="-0.088873"><name>London Bridge</name></wpt>
  <wpt lat="51.513356" lon="-0.088899"><name>Bank</name></wpt>
  <wpt lat="51.518176" lon="-0.088322"><name>Moorgate</name></wpt>
  <wpt lat="51.525864" lon="-0.08777"><name>Old Street</name></wpt>
  <wpt lat="51.532624" lon="-0.105898"><name>Angel</name></wpt>
  <wpt lat="51.530663" lon="-0.123194"><name>King's Cross St. Pancras</name></wpt>
  <wpt lat="51.544118" lon="-0.153388"><name>Chalk Farm</name></wpt>
  <wpt lat="51.550311" lon="-0.164648"><name>Belsize Park</name></wpt>
  <wpt lat="51.556239" lon="-0.177464"><name>Hampstead</name></wpt>
  <wpt lat="51.572259" lon="-0.194039"><name>Golders Green</name></wpt>
  <wpt lat="51.57665" lon="-0.213622"><name>Brent Cross</name></wpt>
  <wpt lat="51.583301" lon="-0.226424"><name>Hendon Central</name></wpt>
  <wpt lat="51.595424" lon="-0.249919"><name>Colindale</name></wpt>
  <wpt lat="51.602774" lon="-0.264048"><name>Burnt Oak</name></wpt>
  <wpt lat="51.613653" lon="-0.274928"><name>Edgware</name></wpt>
  <wpt lat="51.608229" lon="-0.209986"><name>Mill Hill East</name></wpt>
  <wpt lat="51.479932" lon="-0.142142"><name>Battersea Power Station</name></wpt>
  <wpt lat="51.479912" lon="-0.128476"><name>Nine Elms</name></wpt>
  <trk>
    <name>Northern line</name>
    <trkseg>
      <trkpt lat="51.402102" lon="-0.194776"><ele>16</ele></trkpt>
      <trkpt lat="51.402188" lon="-0.194641"><ele>16.25</ele></trkpt>
      <trkpt lat="51.402346" lon="-0.19435"><ele>18.5</ele></trkpt>
      <trkpt lat="51.402379" lon="-0.194293"><ele>18.5</ele></trkpt>
      <trkpt lat="51.402417" lon="-0.194224"><ele>18.75</ele></trkpt>
      <trkpt lat="51.402662" lon="-0.193783"><ele>18.75</ele></trkpt>
      <trkpt lat="51.402746" lon="-0.193599"><ele>18.75</ele></trkpt>
      <trkpt lat="51.402794" lon="-0.193472"><ele>18.25</ele></trkpt>
      <trkpt lat="51.402836" lon="-0.193367"><ele>18</ele></trkpt>
      <trkpt lat="51.402853" lon="-0.193339"><ele>18</ele></trkpt>
      <trkpt lat="51.402878" lon="-0.193275"><ele>18</ele></trkpt>
      <trkpt lat="51.403236" lon="-0.192271"><ele>18</ele></trkpt>
      <trkpt lat="51.403316" lon="-0.192122"><ele>17.5</ele></trkpt>
      <trkpt lat="51.403383" lon="-0.191978"><ele>17</ele></trkpt>
      <trkpt lat="51.403413" lon="-0.191937"><ele>17</ele></trkpt>
      <trkpt lat="51.40353" lon="-0.191833"><ele>17</ele></trkpt>
      <trkpt lat="51.40359" lon="-0.191813"><ele>17</ele></trkpt>
      <trkpt lat="51.403632" lon="-0.191786"><ele>16.75</ele></trkpt>
      <trkpt lat="51.403667" lon="-0.191766"><ele>16.75</ele></trkpt>
      <trkpt lat="51.403714" lon="-0.191737"><ele>16.5</ele></trkpt>
      <trkpt lat="51.404029" lon="-0.191765"><ele>16.5</ele></trkpt>
      <trkpt lat="51.40409" lon="-0.191776"><ele>16.75</ele></trkpt>
      <trkpt lat="51.404154" lon="-0.191781"><ele>16.75</ele></trkpt>
      <trkpt lat="51.404627" lon="-0.191833"><ele>17</ele></trkpt>
      <trkpt lat="51.404686" lon="-0.191823"><ele>17</ele></trkpt>
      <trkpt lat="51.4047" lon="-0.191728"><ele>17</ele></trkpt>
      <trkpt lat="51.405092" lon="-0.191783"><ele>17</ele></trkpt>
      <trkpt lat="51.405279" lon="-0.19181"><ele>16.75</ele></trkpt>
      <trkpt lat="51.405951" lon="-0.191928"><ele>16</ele></trkpt>
      <trkpt lat="51.406657" lon="-0.192053"><ele>16</ele></trkpt>
      <trkpt lat="51.407104" lon="-0.192119"><ele>16</ele></trkpt>
      <trkpt lat="51.407327" lon="-0.192178"><ele>16.25</ele></trkpt>
      <trkpt lat="51.407402" lon="-0.192239"><ele>16.5</ele></trkpt>
      <trkpt lat="51.407499" lon="-0.192268"><ele>16.75</ele></trkpt>
      <trkpt lat="51.407604" lon="-0.192272"><ele>17</ele></trkpt>
      <trkpt lat="51.407748" lon="-0.192281"><ele>17.5</ele></trkpt>
      <trkpt lat="51.407849" lon="-0.192277"><ele>17.75</ele></trkpt>
      <trkpt lat="51.407917" lon="-0.192247"><ele>18.25</ele></trkpt>
      <trkpt lat="51.408205" lon="-0.192276"><ele>19</ele></trkpt>
      <trkpt lat="51.408414" lon="-0.192291"><ele>18.5</ele></trkpt>
      <trkpt lat="51.40872" lon="-0.192316"><ele>17.75</ele></trkpt>
      <trkpt lat="51.409121" lon="-0.192347"><ele>17.5</ele></trkpt>
      <trkpt lat="51.409575" lon="-0.192386"><ele>16.75</ele></trkpt>
      <trkpt lat="51.409989" lon="-0.192408"><ele>16</ele></trkpt>
      <trkpt lat="51.410061" lon="-0.192411"><ele>16</ele></trkpt>
      <trkpt lat="51.410157" lon="-0.192415"><ele>16</ele></trkpt>
      <trkpt lat="51.410256" lon="-0.19242"><ele>16</ele></trkpt>
      <trkpt lat="51.410293" lon="-0.192422"><ele>15.75</ele></trkpt>
      <trkpt lat="51.410575" lon="-0.192436"><ele>15</ele></trkpt>
      <trkpt lat="51.410695" lon="-0.192438"><ele>15</ele></trkpt>
      <trkpt lat="51.410727" lon="-0.192439"><ele>15</ele></trkpt>
      <trkpt lat="51.411033" lon="-0.192377"><ele>15</ele></trkpt>
      <trkpt lat="51.411347" lon="-0.192379"><ele>15.75</ele></trkpt>
      <trkpt lat="51.411502" lon="-0.192398"><ele>15.75</ele></trkpt>
      <trkpt lat="51.411547" lon="-0.192404"><ele>15.75</ele></trkpt>
      <trkpt lat="51.411579" lon="-0.192408"><ele>15.75</ele></trkpt>
      <trkpt lat="51.411899" lon="-0.192445"><ele>15</ele></trkpt>
      <trkpt lat="51.412194" lon="-0.192453"><ele>15</ele></trkpt>
      <trkpt lat="51.41247" lon="-0.192425"><ele>14.25</ele></trkpt>
      <trkpt lat="51.412638" lon="-0.192407"><ele>14.25</ele></trkpt>
      <trkpt lat="51.412735" lon="-0.192404"><ele>14.25</ele></trkpt>
      <trkpt lat="51.412812" lon="-0.192408"><ele>14.25</ele></trkpt>
      <trkpt lat="51.41291" lon="-0.192417"><ele>14.5</ele></trkpt>
      <trkpt lat="51.412958" lon="-0.192419"><ele>14.75</ele></trkpt>
      <trkpt lat="51.413494" lon="-0.192478"><ele>15.75</ele></trkpt>
      <trkpt lat="51.413726" lon="-0.192502"><ele>15.5</ele></trkpt>
      <trkpt lat="51.413873" lon="-0.192543"><ele>15</ele></trkpt>
      <trkpt lat="51.41389" lon="-0.192463"><ele>15</ele></trkpt>
      <trkpt lat="51.413917" lon="-0.192458"><ele>15</ele></trkpt>
      <trkpt lat="51.413934" lon="-0.192456"><ele>15</ele></trkpt>
      <trkpt lat="51.41394" lon="-0.192471"><ele>15</ele></trkpt>
      <trkpt lat="51.41403" lon="-0.192478"><ele>15</ele></trkpt>
      <trkpt lat="51.414283" lon="-0.192501"><ele>14.75</ele></trkpt>
      <trkpt lat="51.414513" lon="-0.192503"><ele>14.75</ele></trkpt>
      <trkpt lat="51.414559" lon="-0.192496"><ele>15</ele></trkpt>
      <trkpt lat="51.414631" lon="-0.192501"><ele>14.75</ele></trkpt>
      <trkpt lat="51.414934" lon="-0.192537"><ele>14.75</ele></trkpt>
      <trkpt lat="51.415117" lon="-0.192494"><ele>15</ele></trkpt>
      <trkpt lat="51.41534" lon="-0.192414"><ele>15</ele></trkpt>
      <trkpt lat="51.41546" lon="-0.192309"><ele>15</ele></trkpt>
      <trkpt lat="51.415509" lon="-0.19223"><ele>15</ele></trkpt>
      <trkpt lat="51.415473" lon="-0.192209"><ele>15</ele></trkpt>
      <trkpt lat="51.415413" lon="-0.19219"><ele>15</ele></trkpt>
      <trkpt lat="51.415343" lon="-0.192163"><ele>14.75</ele></trkpt>
      <trkpt lat="51.415413" lon="-0.19219"><ele>15</ele></trkpt>
      <trkpt lat="51.415473" lon="-0.192209"><ele>15</ele></trkpt>
      <trkpt lat="51.415509" lon="-0.19223"><ele>15</ele></trkpt>
      <trkpt lat="51.415525" lon="-0.192245"><ele>15</ele></trkpt>
      <trkpt lat="51.415555" lon="-0.192169"><ele>14.75</ele></trkpt>
      <trkpt lat="51.415581" lon="-0.192066"><ele>15</ele></trkpt>
      <trkpt lat="51.415633" lon="-0.191788"><ele>14.25</ele></trkpt>
      <trkpt lat="51.415635" lon="-0.191289"><ele>14</ele></trkpt>
      <trkpt lat="51.415636" lon="-0.191243"><ele>14</ele></trkpt>
      <trkpt lat="51.415639" lon="-0.191072"><ele>14</ele></trkpt>
      <trkpt lat="51.415642" lon="-0.191014"><ele>14</ele></trkpt>
      <trkpt lat="51.415646" lon="-0.190933"><ele>14</ele></trkpt>
      <trkpt lat="51.415649" lon="-0.190859"><ele>14</ele></trkpt>
      <trkpt lat="51.415684" lon="-0.190213"><ele>14</ele></trkpt>
      <trkpt lat="51.415695" lon="-0.190021"><ele>14.25</ele></trkpt>
      <trkpt lat="51.415709" lon="-0.189771"><ele>14</ele></trkpt>
      <trkpt lat="51.415724" lon="-0.189525"><ele>14</ele></trkpt>
      <trkpt lat="51.415727" lon="-0.18947"><ele>14</ele></trkpt>
      <trkpt lat="51.415731" lon="-0.1894"><ele>14</ele></trkpt>
      <trkpt lat="51.415739" lon="-0.189251"><ele>14</ele></trkpt>
      <trkpt lat="51.415747" lon="-0.189138"><ele>13.75</ele></trkpt>
      <trkpt lat="51.415752" lon="-0.189071"><ele>14</ele></trkpt>
      <trkpt lat="51.415783" lon="-0.188671"><ele>14</ele></trkpt>
      <trkpt lat="51.415825" lon="-0.18813"><ele>14</ele></trkpt>
      <trkpt lat="51.415857" lon="-0.18781"><ele>14</ele></trkpt>
      <trkpt lat="51.415883" lon="-0.187553"><ele>14</ele></trkpt>
      <trkpt lat="51.415889" lon="-0.187492"><ele>14</ele></trkpt>
      <trkpt lat="51.415895" lon="-0.187424"><ele>14.25</ele></trkpt>
      <trkpt lat="51.415919" lon="-0.187156"><ele>15</ele></trkpt>
      <trkpt lat="51.415937" lon="-0.186954"><ele>15</ele></trkpt>
      <trkpt lat="51.41594" lon="-0.186921"><ele>15</ele></trkpt>
      <trkpt lat="51.415943" lon="-0.186896"><ele>15</ele></trkpt>
      <trkpt lat="51.41598" lon="-0.186444"><ele>15</ele></trkpt>
      <trkpt lat="51.415988" lon="-0.186358"><ele>14.75</ele></trkpt>
      <trkpt lat="51.415997" lon="-0.186247"><ele>14.5</ele></trkpt>
      <trkpt lat="51.416001" lon="-0.186188"><ele>14.5</ele></trkpt>
      <trkpt lat="51.416007" lon="-0.186112"><ele>14.25</ele></trkpt>
      <trkpt lat="51.41601" lon="-0.186072"><ele>14.25</ele></trkpt>
      <trkpt lat="51.416014" lon="-0.186003"><ele>14.5</ele></trkpt>
      <trkpt lat="51.416032" lon="-0.185733"><ele>15</ele></trkpt>
      <trkpt lat="51.416034" lon="-0.185705"><ele>15</ele></trkpt>
      <trkpt lat="51.416055" lon="-0.185404"><ele>15</ele></trkpt>
      <trkpt lat="51.416058" lon="-0.185365"><ele>15</ele></trkpt>
      <trkpt lat="51.416076" lon="-0.185097"><ele>15</ele></trkpt>
      <trkpt lat="51.416098" lon="-0.184799"><ele>15</ele></trkpt>
      <trkpt lat="51.416115" lon="-0.18458"><ele>15</ele></trkpt>
      <trkpt lat="51.416117" lon="-0.18455"><ele>15</ele></trkpt>
      <trkpt lat="51.416119" lon="-0.184518"><ele>14.75</ele></trkpt>
      <trkpt lat="51.416122" lon="-0.184484"><ele>15</ele></trkpt>
      <trkpt lat="51.416124" lon="-0.184448"><ele>15</ele></trkpt>
      <trkpt lat="51.41614" lon="-0.184164"><ele>15</ele></trkpt>
      <trkpt lat="51.416146" lon="-0.184057"><ele>14.75</ele></trkpt>
      <trkpt lat="51.41615" lon="-0.184002"><ele>15</ele></trkpt>
      <trkpt lat="51.416166" lon="-0.183729"><ele>14.5</ele></trkpt>
      <trkpt lat="51.416176" lon="-0.18359"><ele>14</ele></trkpt>
      <trkpt lat="51.416175" lon="-0.183537"><ele>14</ele></trkpt>
      <trkpt lat="51.416177" lon="-0.183269"><ele>13.75</ele></trkpt>
      <trkpt lat="51.416195" lon="-0.182894"><ele>14</ele></trkpt>
      <trkpt lat="51.416207" lon="-0.182681"><ele>13.75</ele></trkpt>
      <trkpt lat="51.41624" lon="-0.182297"><ele>13</ele></trkpt>
      <trkpt lat="51.416245" lon="-0.182207"><ele>12.75</ele></trkpt>
      <trkpt lat="51.416255" lon="-0.182087"><ele>12.75</ele></trkpt>
      <trkpt lat="51.416256" lon="-0.182066"><ele>12.5</ele></trkpt>
      <trkpt lat="51.416276" lon="-0.181932"><ele>12.5</ele></trkpt>
      <trkpt lat="51.416298" lon="-0.181837"><ele>12.75</ele></trkpt>
      <trkpt lat="51.416333" lon="-0.181691"><ele>12.75</ele></trkpt>
      <trkpt lat="51.416341" lon="-0.18166"><ele>12.75</ele></trkpt>
      <trkpt lat="51.416404" lon="-0.181398"><ele>12</ele></trkpt>
      <trkpt lat="51.416414" lon="-0.181357"><ele>12</ele></trkpt>
      <trkpt lat="51.416444" lon="-0.181232"><ele>12</ele></trkpt>
      <trkpt lat="51.416456" lon="-0.181179"><ele>12</ele></trkpt>
      <trkpt lat="51.416545" lon="-0.180783"><ele>12</ele></trkpt>
      <trkpt lat="51.416557" lon="-0.180737"><ele>12</ele></trkpt>
      <trkpt lat="51.4166" lon="-0.180558"><ele>12</ele></trkpt>
      <trkpt lat="51.416651" lon="-0.18034"><ele>12</ele></trkpt>
      <trkpt lat="51.416717" lon="-0.18014"><ele>12</ele></trkpt>
      <trkpt lat="51.41676" lon="-0.180035"><ele>12</ele></trkpt>
      <trkpt lat="51.416787" lon="-0.179972"><ele>12</ele></trkpt>
      <trkpt lat="51.416845" lon="-0.179854"><ele>12</ele></trkpt>
      <trkpt lat="51.416917" lon="-0.179758"><ele>12</ele></trkpt>
      <trkpt lat="51.416946" lon="-0.1797"><ele>12</ele></trkpt>
      <trkpt lat="51.416964" lon="-0.17966"><ele>12</ele></trkpt>
      <trkpt lat="51.416973" lon="-0.179631"><ele>12</ele></trkpt>
      <trkpt lat="51.417" lon="-0.179492"><ele>12</ele></trkpt>
      <trkpt lat="51.417028" lon="-0.179443"><ele>12</ele></trkpt>
      <trkpt lat="51.417045" lon="-0.179414"><ele>12</ele></trkpt>
      <trkpt lat="51.417075" lon="-0.179367"><ele>12</ele></trkpt>
      <trkpt lat="51.417115" lon="-0.179314"><ele>12</ele></trkpt>
      <trkpt lat="51.417173" lon="-0.179232"><ele>12</ele></trkpt>
      <trkpt lat="51.417229" lon="-0.179164"><ele>12</ele></trkpt>
      <trkpt lat="51.417368" lon="-0.178986"><ele>12</ele></trkpt>
      <trkpt lat="51.417427" lon="-0.178915"><ele>12</ele></trkpt>
      <trkpt lat="51.417434" lon="-0.178908"><ele>12</ele></trkpt>
      <trkpt lat="51.417587" lon="-0.178738"><ele>12</ele></trkpt>
      <trkpt lat="51.417952" lon="-0.178362"><ele>12</ele></trkpt>
      <trkpt lat="51.418011" lon="-0.1783"><ele>12</ele></trkpt>
      <trkpt lat="51.418046" lon="-0.178266"><ele>12</ele></trkpt>
      <trkpt lat="51.418069" lon="-0.178243"><ele>12</ele></trkpt>
      <trkpt lat="51.418042" lon="-0.178171"><ele>12</ele></trkpt>
      <trkpt lat="51.418153" lon="-0.178069"><ele>12</ele></trkpt>
      <trkpt lat="51.418165" lon="-0.178057"><ele>12</ele></trkpt>
      <trkpt lat="51.418161" lon="-0.178047"><ele>12</ele></trkpt>
      <trkpt lat="51.418384" lon="-0.177823"><ele>12</ele></trkpt>
      <trkpt lat="51.418423" lon="-0.177785"><ele>12</ele></trkpt>
      <trkpt lat="51.418464" lon="-0.177746"><ele>12</ele></trkpt>
      <trkpt lat="51.418479" lon="-0.17775"><ele>12</ele></trkpt>
      <trkpt lat="51.418808" lon="-0.177426"><ele>12</ele></trkpt>
      <trkpt lat="51.418869" lon="-0.17736"><ele>12</ele></trkpt>
      <trkpt lat="51.418878" lon="-0.177322"><ele>12</ele></trkpt>
      <trkpt lat="51.418883" lon="-0.177317"><ele>12</ele></trkpt>
      <trkpt lat="51.418924" lon="-0.177274"><ele>12</ele></trkpt>
      <trkpt lat="51.418974" lon="-0.177222"><ele>12</ele></trkpt>
      <trkpt lat="51.418981" lon="-0.177215"><ele>12</ele></trkpt>
      <trkpt lat="51.41902" lon="-0.177176"><ele>12</ele></trkpt>
      <trkpt lat="51.419184" lon="-0.177013"><ele>12.75</ele></trkpt>
      <trkpt lat="51.419771" lon="-0.176361"><ele>13</ele></trkpt>
      <trkpt lat="51.419901" lon="-0.176226"><ele>13.25</ele></trkpt>
      <trkpt lat="51.420216" lon="-0.175941"><ele>13.75</ele></trkpt>
      <trkpt lat="51.420459" lon="-0.175749"><ele>14</ele></trkpt>
      <trkpt lat="51.42047" lon="-0.175731"><ele>14</ele></trkpt>
      <trkpt lat="51.420519" lon="-0.175692"><ele>14</ele></trkpt>
      <trkpt lat="51.420556" lon="-0.175663"><ele>14</ele></trkpt>
      <trkpt lat="51.420719" lon="-0.175516"><ele>14</ele></trkpt>
      <trkpt lat="51.421026" lon="-0.175207"><ele>13.75</ele></trkpt>
      <trkpt lat="51.421441" lon="-0.174828"><ele>14</ele></trkpt>
      <trkpt lat="51.421451" lon="-0.174858"><ele>14</ele></trkpt>
      <trkpt lat="51.421511" lon="-0.174805"><ele>14</ele></trkpt>
      <trkpt lat="51.421549" lon="-0.174783"><ele>14</ele></trkpt>
      <trkpt lat="51.421788" lon="-0.174546"><ele>13.75</ele></trkpt>
      <trkpt lat="51.421852" lon="-0.174577"><ele>14</ele></trkpt>
      <trkpt lat="51.42192" lon="-0.174513"><ele>14</ele></trkpt>
      <trkpt lat="51.421954" lon="-0.174482"><ele>14</ele></trkpt>
      <trkpt lat="51.422023" lon="-0.174415"><ele>14.25</ele></trkpt>
      <trkpt lat="51.422119" lon="-0.174323"><ele>14.75</ele></trkpt>
      <trkpt lat="51.422154" lon="-0.174288"><ele>15</ele></trkpt>
      <trkpt lat="51.422192" lon="-0.17425"><ele>15.5</ele></trkpt>
      <trkpt lat="51.422224" lon="-0.174216"><ele>15.75</ele></trkpt>
      <trkpt lat="51.422321" lon="-0.174113"><ele>15.75</ele></trkpt>
      <trkpt lat="51.422788" lon="-0.173613"><ele>16.75</ele></trkpt>
      <trkpt lat="51.422811" lon="-0.173589"><ele>16.5</ele></trkpt>
      <trkpt lat="51.422968" lon="-0.173404"><ele>16</ele></trkpt>
      <trkpt lat="51.423023" lon="-0.173341"><ele>16</ele></trkpt>
      <trkpt lat="51.423387" lon="-0.172835"><ele>16</ele></trkpt>
      <trkpt lat="51.423414" lon="-0.172798"><ele>16</ele></trkpt>
      <trkpt lat="51.423434" lon="-0.172772"><ele>15.75</ele></trkpt>
      <trkpt lat="51.423445" lon="-0.172756"><ele>15.75</ele></trkpt>
      <trkpt lat="51.423462" lon="-0.172734"><ele>15.75</ele></trkpt>
      <trkpt lat="51.423471" lon="-0.172721"><ele>15.75</ele></trkpt>
      <trkpt lat="51.423536" lon="-0.172634"><ele>15.75</ele></trkpt>
      <trkpt lat="51.423603" lon="-0.172547"><ele>15.75</ele></trkpt>
      <trkpt lat="51.423619" lon="-0.172526"><ele>15.75</ele></trkpt>
      <trkpt lat="51.423636" lon="-0.172502"><ele>15.75</ele></trkpt>
      <trkpt lat="51.423646" lon="-0.172487"><ele>15.75</ele></trkpt>
      <trkpt lat="51.42368" lon="-0.172441"><ele>15.5</ele></trkpt>
      <trkpt lat="51.423698" lon="-0.172419"><ele>15.25</ele></trkpt>
      <trkpt lat="51.423812" lon="-0.172272"><ele>15</ele></trkpt>
      <trkpt lat="51.42386" lon="-0.172211"><ele>15</ele></trkpt>
      <trkpt lat="51.42391" lon="-0.172148"><ele>14.75</ele></trkpt>
      <trkpt lat="51.424144" lon="-0.171853"><ele>15.25</ele></trkpt>
      <trkpt lat="51.424163" lon="-0.171828"><ele>15.25</ele></trkpt>
      <trkpt lat="51.424245" lon="-0.171723"><ele>15.75</ele></trkpt>
      <trkpt lat="51.424258" lon="-0.171706"><ele>15.75</ele></trkpt>
      <trkpt lat="51.424269" lon="-0.171693"><ele>15.75</ele></trkpt>
      <trkpt lat="51.424371" lon="-0.171571"><ele>16.25</ele></trkpt>
      <trkpt lat="51.424419" lon="-0.171536"><ele>16.25</ele></trkpt>
      <trkpt lat="51.424546" lon="-0.171366"><ele>17</ele></trkpt>
      <trkpt lat="51.424594" lon="-0.171274"><ele>17</ele></trkpt>
      <trkpt lat="51.424627" lon="-0.171229"><ele>17.25</ele></trkpt>
      <trkpt lat="51.424671" lon="-0.171176"><ele>17.5</ele></trkpt>
      <trkpt lat="51.424694" lon="-0.171149"><ele>17.75</ele></trkpt>
      <trkpt lat="51.4249" lon="-0.170905"><ele>18.25</ele></trkpt>
      <trkpt lat="51.425084" lon="-0.1707"><ele>19</ele></trkpt>
      <trkpt lat="51.42513" lon="-0.170648"><ele>19</ele></trkpt>
      <trkpt lat="51.425151" lon="-0.170628"><ele>19</ele></trkpt>
      <trkpt lat="51.425196" lon="-0.170584"><ele>19</ele></trkpt>
      <trkpt lat="51.42527" lon="-0.170519"><ele>19</ele></trkpt>
      <trkpt lat="51.425405" lon="-0.1704"><ele>19</ele></trkpt>
      <trkpt lat="51.42543" lon="-0.170378"><ele>19</ele></trkpt>
      <trkpt lat="51.425454" lon="-0.170358"><ele>19</ele></trkpt>
      <trkpt lat="51.425553" lon="-0.170276"><ele>19</ele></trkpt>
      <trkpt lat="51.425582" lon="-0.170249"><ele>18.75</ele></trkpt>
      <trkpt lat="51.425606" lon="-0.170227"><ele>18.75</ele></trkpt>
      <trkpt lat="51.42564" lon="-0.170198"><ele>18.5</ele></trkpt>
      <trkpt lat="51.4258" lon="-0.170069"><ele>18</ele></trkpt>
      <trkpt lat="51.426038" lon="-0.169878"><ele>18</ele></trkpt>
      <trkpt lat="51.426087" lon="-0.16984"><ele>18</ele></trkpt>
      <trkpt lat="51.426215" lon="-0.169752"><ele>18</ele></trkpt>
      <trkpt lat="51.42626" lon="-0.169721"><ele>18</ele></trkpt>
      <trkpt lat="51.426327" lon="-0.169674"><ele>18</ele></trkpt>
      <trkpt lat="51.426349" lon="-0.169659"><ele>18</ele></trkpt>
      <trkpt lat="51.426443" lon="-0.169595"><ele>17.75</ele></trkpt>
      <trkpt lat="51.426489" lon="-0.169565"><ele>17.5</ele></trkpt>
      <trkpt lat="51.426517" lon="-0.169544"><ele>17.5</ele></trkpt>
      <trkpt lat="51.426544" lon="-0.169524"><ele>17.25</ele></trkpt>
      <trkpt lat="51.426671" lon="-0.169415"><ele>17</ele></trkpt>
      <trkpt lat="51.42674" lon="-0.169357"><ele>17</ele></trkpt>
      <trkpt lat="51.427005" lon="-0.169099"><ele>16.75</ele></trkpt>
      <trkpt lat="51.427055" lon="-0.16905"><ele>16.5</ele></trkpt>
      <trkpt lat="51.427183" lon="-0.168908"><ele>16</ele></trkpt>
      <trkpt lat="51.427241" lon="-0.168842"><ele>16</ele></trkpt>
      <trkpt lat="51.42735" lon="-0.168711"><ele>16</ele></trkpt>
      <trkpt lat="51.427377" lon="-0.168679"><ele>16</ele></trkpt>
      <trkpt lat="51.427559" lon="-0.168475"><ele>16</ele></trkpt>
      <trkpt lat="51.427636" lon="-0.168393"><ele>16</ele></trkpt>
      <trkpt lat="51.427654" lon="-0.168375"><ele>16</ele></trkpt>
      <trkpt lat="51.427705" lon="-0.168322"><ele>16</ele></trkpt>
      <trkpt lat="51.427719" lon="-0.168308"><ele>16</ele></trkpt>
      <trkpt lat="51.427774" lon="-0.168254"><ele>16</ele></trkpt>
      <trkpt lat="51.427847" lon="-0.168255"><ele>16</ele></trkpt>
      <trkpt lat="51.427879" lon="-0.168227"><ele>16</ele></trkpt>
      <trkpt lat="51.427923" lon="-0.168186"><ele>16</ele></trkpt>
      <trkpt lat="51.427959" lon="-0.168143"><ele>16</ele></trkpt>
      <trkpt lat="51.427974" lon="-0.168129"><ele>16</ele></trkpt>
      <trkpt lat="51.42804" lon="-0.168066"><ele>16</ele></trkpt>
      <trkpt lat="51.428099" lon="-0.168009"><ele>16</ele></trkpt>
      <trkpt lat="51.428139" lon="-0.167968"><ele>16</ele></trkpt>
      <trkpt lat="51.428171" lon="-0.167937"><ele>16</ele></trkpt>
      <trkpt lat="51.428184" lon="-0.167925"><ele>16</ele></trkpt>
      <trkpt lat="51.428202" lon="-0.167907"><ele>16</ele></trkpt>
      <trkpt lat="51.428264" lon="-0.167837"><ele>16</ele></trkpt>
      <trkpt lat="51.428321" lon="-0.16778"><ele>16</ele></trkpt>
      <trkpt lat="51.428346" lon="-0.167707"><ele>15.75</ele></trkpt>
      <trkpt lat="51.428387" lon="-0.167669"><ele>15.75</ele></trkpt>
      <trkpt lat="51.428444" lon="-0.167614"><ele>15.5</ele></trkpt>
      <trkpt lat="51.428748" lon="-0.167298"><ele>15</ele></trkpt>
      <trkpt lat="51.428777" lon="-0.167266"><ele>15</ele></trkpt>
      <trkpt lat="51.428812" lon="-0.167226"><ele>15</ele></trkpt>
      <trkpt lat="51.428841" lon="-0.167193"><ele>15</ele></trkpt>
      <trkpt lat="51.428985" lon="-0.167028"><ele>15.75</ele></trkpt>
      <trkpt lat="51.429167" lon="-0.166839"><ele>16</ele></trkpt>
      <trkpt lat="51.429266" lon="-0.166723"><ele>16</ele></trkpt>
      <trkpt lat="51.429619" lon="-0.166326"><ele>16</ele></trkpt>
      <trkpt lat="51.42971" lon="-0.166233"><ele>16</ele></trkpt>
      <trkpt lat="51.429811" lon="-0.166128"><ele>16</ele></trkpt>
      <trkpt lat="51.429853" lon="-0.166084"><ele>16</ele></trkpt>
      <trkpt lat="51.429888" lon="-0.166049"><ele>16</ele></trkpt>
      <trkpt lat="51.430037" lon="-0.165903"><ele>16</ele></trkpt>
      <trkpt lat="51.430477" lon="-0.165466"><ele>17</ele></trkpt>
      <trkpt lat="51.43083" lon="-0.165119"><ele>17.5</ele></trkpt>
      <trkpt lat="51.430903" lon="-0.165039"><ele>17.75</ele></trkpt>
      <trkpt lat="51.430982" lon="-0.164962"><ele>18</ele></trkpt>
      <trkpt lat="51.431017" lon="-0.164928"><ele>18</ele></trkpt>
      <trkpt lat="51.431047" lon="-0.1649"><ele>18</ele></trkpt>
      <trkpt lat="51.431418" lon="-0.164535"><ele>18.5</ele></trkpt>
      <trkpt lat="51.4317" lon="-0.164256"><ele>19</ele></trkpt>
      <trkpt lat="51.431901" lon="-0.16408"><ele>19.75</ele></trkpt>
      <trkpt lat="51.431967" lon="-0.164031"><ele>20</ele></trkpt>
      <trkpt lat="51.432012" lon="-0.164004"><ele>20</ele></trkpt>
      <trkpt lat="51.432047" lon="-0.163986"><ele>20</ele></trkpt>
      <trkpt lat="51.432267" lon="-0.163885"><ele>20</ele></trkpt>
      <trkpt lat="51.4325" lon="-0.163801"><ele>21</ele></trkpt>
      <trkpt lat="51.432705" lon="-0.163724"><ele>21</ele></trkpt>
      <trkpt lat="51.43283" lon="-0.163661"><ele>21</ele></trkpt>
      <trkpt lat="51.432935" lon="-0.163601"><ele>21</ele></trkpt>
      <trkpt lat="51.43318" lon="-0.163414"><ele>21.75</ele></trkpt>
      <trkpt lat="51.433302" lon="-0.163306"><ele>22</ele></trkpt>
      <trkpt lat="51.433555" lon="-0.163054"><ele>22</ele></trkpt>
      <trkpt lat="51.433835" lon="-0.162747"><ele>23</ele></trkpt>
      <trkpt lat="51.434156" lon="-0.162357"><ele>25</ele></trkpt>
      <trkpt lat="51.43419" lon="-0.162316"><ele>25</ele></trkpt>
      <trkpt lat="51.434224" lon="-0.162267"><ele>25</ele></trkpt>
      <trkpt lat="51.434254" lon="-0.162224"><ele>25.25</ele></trkpt>
      <trkpt lat="51.434332" lon="-0.162112"><ele>25.5</ele></trkpt>
      <trkpt lat="51.434418" lon="-0.162008"><ele>25.75</ele></trkpt>
      <trkpt lat="51.434451" lon="-0.161964"><ele>26</ele></trkpt>
      <trkpt lat="51.434603" lon="-0.161733"><ele>26.5</ele></trkpt>
      <trkpt lat="51.434793" lon="-0.161414"><ele>27.25</ele></trkpt>
      <trkpt lat="51.434928" lon="-0.161176"><ele>27.25</ele></trkpt>
      <trkpt lat="51.434975" lon="-0.16109"><ele>27</ele></trkpt>
      <trkpt lat="51.435105" lon="-0.160842"><ele>27.75</ele></trkpt>
      <trkpt lat="51.435226" lon="-0.160613"><ele>28</ele></trkpt>
      <trkpt lat="51.435287" lon="-0.16048"><ele>28</ele></trkpt>
      <trkpt lat="51.435426" lon="-0.160161"><ele>28</ele></trkpt>
      <trkpt lat="51.435533" lon="-0.159917"><ele>28</ele></trkpt>
      <trkpt lat="51.435561" lon="-0.159854"><ele>28</ele></trkpt>
      <trkpt lat="51.43558" lon="-0.15981"><ele>28</ele></trkpt>
      <trkpt lat="51.435598" lon="-0.159768"><ele>28</ele></trkpt>
      <trkpt lat="51.435659" lon="-0.159617"><ele>28</ele></trkpt>
      <trkpt lat="51.435694" lon="-0.159722"><ele>28</ele></trkpt>
      <trkpt lat="51.435659" lon="-0.159617"><ele>28</ele></trkpt>
      <trkpt lat="51.435739" lon="-0.159435"><ele>28</ele></trkpt>
      <trkpt lat="51.435756" lon="-0.159395"><ele>28</ele></trkpt>
      <trkpt lat="51.435798" lon="-0.159315"><ele>28</ele></trkpt>
      <trkpt lat="51.435838" lon="-0.159259"><ele>27.75</ele></trkpt>
      <trkpt lat="51.436058" lon="-0.158925"><ele>27</ele></trkpt>
      <trkpt lat="51.436101" lon="-0.15886"><ele>27</ele></trkpt>
      <trkpt lat="51.436354" lon="-0.158494"><ele>27</ele></trkpt>
      <trkpt lat="51.436587" lon="-0.158196"><ele>26.5</ele></trkpt>
      <trkpt lat="51.436948" lon="-0.157746"><ele>26</ele></trkpt>
      <trkpt lat="51.437058" lon="-0.157615"><ele>25.75</ele></trkpt>
      <trkpt lat="51.437144" lon="-0.157512"><ele>26</ele></trkpt>
      <trkpt lat="51.437352" lon="-0.157261"><ele>26</ele></trkpt>
      <trkpt lat="51.437387" lon="-0.157221"><ele>26</ele></trkpt>
      <trkpt lat="51.437419" lon="-0.157181"><ele>26</ele></trkpt>
      <trkpt lat="51.437543" lon="-0.157034"><ele>26</ele></trkpt>
      <trkpt lat="51.437618" lon="-0.156965"><ele>26</ele></trkpt>
      <trkpt lat="51.437783" lon="-0.156835"><ele>25.5</ele></trkpt>
      <trkpt lat="51.437922" lon="-0.156741"><ele>25.25</ele></trkpt>
      <trkpt lat="51.438036" lon="-0.156684"><ele>25</ele></trkpt>
      <trkpt lat="51.438101" lon="-0.156653"><ele>25</ele></trkpt>
      <trkpt lat="51.438135" lon="-0.156635"><ele>25</ele></trkpt>
      <trkpt lat="51.438234" lon="-0.156591"><ele>25</ele></trkpt>
      <trkpt lat="51.438341" lon="-0.156539"><ele>25</ele></trkpt>
      <trkpt lat="51.438378" lon="-0.156521"><ele>25</ele></trkpt>
      <trkpt lat="51.438437" lon="-0.156499"><ele>25</ele></trkpt>
      <trkpt lat="51.438476" lon="-0.156487"><ele>25</ele></trkpt>
      <trkpt lat="51.438496" lon="-0.156474"><ele>25</ele></trkpt>
      <trkpt lat="51.438615" lon="-0.15643"><ele>25</ele></trkpt>
      <trkpt lat="51.43869" lon="-0.156367"><ele>25</ele></trkpt>
      <trkpt lat="51.438704" lon="-0.156359"><ele>25</ele></trkpt>
      <trkpt lat="51.438748" lon="-0.15634"><ele>25</ele></trkpt>
      <trkpt lat="51.438841" lon="-0.156303"><ele>25</ele></trkpt>
      <trkpt lat="51.438934" lon="-0.156253"><ele>25</ele></trkpt>
      <trkpt lat="51.439055" lon="-0.156182"><ele>25</ele></trkpt>
      <trkpt lat="51.43921" lon="-0.156099"><ele>25</ele></trkpt>
      <trkpt lat="51.439444" lon="-0.155962"><ele>25</ele></trkpt>
      <trkpt lat="51.439588" lon="-0.155869"><ele>24.75</ele></trkpt>
      <trkpt lat="51.439861" lon="-0.155706"><ele>25</ele></trkpt>
      <trkpt lat="51.440035" lon="-0.155592"><ele>25</ele></trkpt>
      <trkpt lat="51.440074" lon="-0.155569"><ele>25</ele></trkpt>
      <trkpt lat="51.44034" lon="-0.155411"><ele>25</ele></trkpt>
      <trkpt lat="51.44038" lon="-0.155389"><ele>25</ele></trkpt>
      <trkpt lat="51.440438" lon="-0.155352"><ele>25</ele></trkpt>
      <trkpt lat="51.440483" lon="-0.155324"><ele>25</ele></trkpt>
      <trkpt lat="51.440649" lon="-0.155206"><ele>25</ele></trkpt>
      <trkpt lat="51.440766" lon="-0.155125"><ele>25</ele></trkpt>
      <trkpt lat="51.44084" lon="-0.15507"><ele>25</ele></trkpt>
      <trkpt lat="51.440857" lon="-0.155058"><ele>25</ele></trkpt>
      <trkpt lat="51.441084" lon="-0.154871"><ele>25</ele></trkpt>
      <trkpt lat="51.441122" lon="-0.154841"><ele>25</ele></trkpt>
      <trkpt lat="51.441206" lon="-0.154783"><ele>25.25</ele></trkpt>
      <trkpt lat="51.441237" lon="-0.154756"><ele>25.25</ele></trkpt>
      <trkpt lat="51.441306" lon="-0.154698"><ele>25.5</ele></trkpt>
      <trkpt lat="51.44136" lon="-0.154635"><ele>25.75</ele></trkpt>
      <trkpt lat="51.441488" lon="-0.154538"><ele>26</ele></trkpt>
      <trkpt lat="51.44151" lon="-0.154517"><ele>26</ele></trkpt>
      <trkpt lat="51.441542" lon="-0.154492"><ele>26</ele></trkpt>
      <trkpt lat="51.441802" lon="-0.154265"><ele>26</ele></trkpt>
      <trkpt lat="51.441828" lon="-0.154239"><ele>26</ele></trkpt>
      <trkpt lat="51.441906" lon="-0.154164"><ele>26</ele></trkpt>
      <trkpt lat="51.441958" lon="-0.154121"><ele>26</ele></trkpt>
      <trkpt lat="51.441985" lon="-0.154098"><ele>26</ele></trkpt>
      <trkpt lat="51.441998" lon="-0.154087"><ele>26</ele></trkpt>
      <trkpt lat="51.442052" lon="-0.154079"><ele>26</ele></trkpt>
      <trkpt lat="51.44209" lon="-0.154063"><ele>26</ele></trkpt>
      <trkpt lat="51.442129" lon="-0.154043"><ele>26</ele></trkpt>
      <trkpt lat="51.442174" lon="-0.153983"><ele>26</ele></trkpt>
      <trkpt lat="51.442185" lon="-0.153944"><ele>26</ele></trkpt>
      <trkpt lat="51.442203" lon="-0.15391"><ele>26</ele></trkpt>
      <trkpt lat="51.442283" lon="-0.153838"><ele>26</ele></trkpt>
      <trkpt lat="51.442339" lon="-0.15378"><ele>26</ele></trkpt>
      <trkpt lat="51.442481" lon="-0.153639"><ele>26</ele></trkpt>
      <trkpt lat="51.442669" lon="-0.153468"><ele>26</ele></trkpt>
      <trkpt lat="51.442822" lon="-0.153331"><ele>26</ele></trkpt>
      <trkpt lat="51.442999" lon="-0.153184"><ele>26.25</ele></trkpt>
      <trkpt lat="51.443263" lon="-0.152974"><ele>26.25</ele></trkpt>
      <trkpt lat="51.443276" lon="-0.152964"><ele>26</ele></trkpt>
      <trkpt lat="51.443314" lon="-0.152932"><ele>26</ele></trkpt>
      <trkpt lat="51.443339" lon="-0.152911"><ele>26</ele></trkpt>
      <trkpt lat="51.443377" lon="-0.152883"><ele>26</ele></trkpt>
      <trkpt lat="51.443453" lon="-0.152826"><ele>26</ele></trkpt>
      <trkpt lat="51.443539" lon="-0.152761"><ele>26</ele></trkpt>
      <trkpt lat="51.443573" lon="-0.152734"><ele>26</ele></trkpt>
      <trkpt lat="51.443612" lon="-0.152697"><ele>26</ele></trkpt>
      <trkpt lat="51.443624" lon="-0.152685"><ele>26</ele></trkpt>
      <trkpt lat="51.44386" lon="-0.152476"><ele>26</ele></trkpt>
      <trkpt lat="51.444233" lon="-0.152147"><ele>26</ele></trkpt>
      <trkpt lat="51.444267" lon="-0.152117"><ele>26</ele></trkpt>
      <trkpt lat="51.444299" lon="-0.152092"><ele>26</ele></trkpt>
      <trkpt lat="51.444439" lon="-0.151971"><ele>26</ele></trkpt>
      <trkpt lat="51.444674" lon="-0.151769"><ele>26</ele></trkpt>
      <trkpt lat="51.44468" lon="-0.151764"><ele>26</ele></trkpt>
      <trkpt lat="51.444717" lon="-0.151731"><ele>26</ele></trkpt>
      <trkpt lat="51.444945" lon="-0.151519"><ele>25.75</ele></trkpt>
      <trkpt lat="51.444986" lon="-0.151482"><ele>25.75</ele></trkpt>
      <trkpt lat="51.445053" lon="-0.151424"><ele>25.75</ele></trkpt>
      <trkpt lat="51.445107" lon="-0.151371"><ele>26</ele></trkpt>
      <trkpt lat="51.445148" lon="-0.151328"><ele>26</ele></trkpt>
      <trkpt lat="51.445238" lon="-0.151231"><ele>26</ele></trkpt>
      <trkpt lat="51.44526" lon="-0.151205"><ele>26</ele></trkpt>
      <trkpt lat="51.445297" lon="-0.151159"><ele>25.75</ele></trkpt>
      <trkpt lat="51.445399" lon="-0.15101"><ele>26</ele></trkpt>
      <trkpt lat="51.445851" lon="-0.150226"><ele>25</ele></trkpt>
      <trkpt lat="51.44588" lon="-0.150178"><ele>25</ele></trkpt>
      <trkpt lat="51.445955" lon="-0.150051"><ele>25</ele></trkpt>
      <trkpt lat="51.446041" lon="-0.149936"><ele>25</ele></trkpt>
      <trkpt lat="51.446101" lon="-0.14986"><ele>25</ele></trkpt>
      <trkpt lat="51.446168" lon="-0.149792"><ele>24.75</ele></trkpt>
      <trkpt lat="51.446205" lon="-0.149755"><ele>24.5</ele></trkpt>
      <trkpt lat="51.446298" lon="-0.149672"><ele>24.25</ele></trkpt>
      <trkpt lat="51.446465" lon="-0.149541"><ele>23.75</ele></trkpt>
      <trkpt lat="51.446622" lon="-0.149432"><ele>23</ele></trkpt>
      <trkpt lat="51.446641" lon="-0.149419"><ele>23</ele></trkpt>
      <trkpt lat="51.446725" lon="-0.149364"><ele>23</ele></trkpt>
      <trkpt lat="51.44692" lon="-0.149237"><ele>23</ele></trkpt>
      <trkpt lat="51.446958" lon="-0.149218"><ele>22.75</ele></trkpt>
      <trkpt lat="51.446993" lon="-0.149196"><ele>22.75</ele></trkpt>
      <trkpt lat="51.44702" lon="-0.14918"><ele>22.5</ele></trkpt>
      <trkpt lat="51.44716" lon="-0.149089"><ele>22.25</ele></trkpt>
      <trkpt lat="51.447244" lon="-0.149037"><ele>22.25</ele></trkpt>
      <trkpt lat="51.447427" lon="-0.148914"><ele>22</ele></trkpt>
      <trkpt lat="51.447631" lon="-0.148791"><ele>22</ele></trkpt>
      <trkpt lat="51.44776" lon="-0.148706"><ele>22</ele></trkpt>
      <trkpt lat="51.447882" lon="-0.14859"><ele>22</ele></trkpt>
      <trkpt lat="51.448048" lon="-0.148488"><ele>22</ele></trkpt>
      <trkpt lat="51.448085" lon="-0.148463"><ele>22</ele></trkpt>
      <trkpt lat="51.448121" lon="-0.148442"><ele>22</ele></trkpt>
      <trkpt lat="51.448157" lon="-0.148418"><ele>21.75</ele></trkpt>
      <trkpt lat="51.448369" lon="-0.148308"><ele>22</ele></trkpt>
      <trkpt lat="51.448619" lon="-0.148158"><ele>22</ele></trkpt>
      <trkpt lat="51.448646" lon="-0.148143"><ele>22</ele></trkpt>
      <trkpt lat="51.448778" lon="-0.148085"><ele>22</ele></trkpt>
      <trkpt lat="51.44882" lon="-0.148077"><ele>22</ele></trkpt>
      <trkpt lat="51.448868" lon="-0.148067"><ele>22</ele></trkpt>
      <trkpt lat="51.448941" lon="-0.148054"><ele>22</ele></trkpt>
      <trkpt lat="51.449031" lon="-0.148038"><ele>22.5</ele></trkpt>
      <trkpt lat="51.449148" lon="-0.148019"><ele>22.75</ele></trkpt>
      <trkpt lat="51.449491" lon="-0.147966"><ele>24</ele></trkpt>
      <trkpt lat="51.44991" lon="-0.147912"><ele>26</ele></trkpt>
      <trkpt lat="51.450121" lon="-0.14788"><ele>27</ele></trkpt>
      <trkpt lat="51.450333" lon="-0.14784"><ele>28</ele></trkpt>
      <trkpt lat="51.450527" lon="-0.147799"><ele>28</ele></trkpt>
      <trkpt lat="51.450711" lon="-0.147763"><ele>28.5</ele></trkpt>
      <trkpt lat="51.450751" lon="-0.147755"><ele>28.5</ele></trkpt>
      <trkpt lat="51.450954" lon="-0.147733"><ele>29</ele></trkpt>
      <trkpt lat="51.450979" lon="-0.147732"><ele>29</ele></trkpt>
      <trkpt lat="51.451023" lon="-0.147732"><ele>29</ele></trkpt>
      <trkpt lat="51.451054" lon="-0.147731"><ele>29</ele></trkpt>
      <trkpt lat="51.451146" lon="-0.14773"><ele>29</ele></trkpt>
      <trkpt lat="51.451233" lon="-0.147733"><ele>29</ele></trkpt>
      <trkpt lat="51.451284" lon="-0.147737"><ele>29</ele></trkpt>
      <trkpt lat="51.451312" lon="-0.147738"><ele>29</ele></trkpt>
      <trkpt lat="51.451358" lon="-0.147741"><ele>29</ele></trkpt>
      <trkpt lat="51.451643" lon="-0.147761"><ele>29</ele></trkpt>
      <trkpt lat="51.451783" lon="-0.147761"><ele>29</ele></trkpt>
      <trkpt lat="51.451964" lon="-0.147759"><ele>29</ele></trkpt>
      <trkpt lat="51.452075" lon="-0.147744"><ele>29</ele></trkpt>
      <trkpt lat="51.452171" lon="-0.147728"><ele>29</ele></trkpt>
      <trkpt lat="51.452336" lon="-0.147672"><ele>29</ele></trkpt>
      <trkpt lat="51.452558" lon="-0.147579"><ele>29</ele></trkpt>
      <trkpt lat="51.452643" lon="-0.147534"><ele>29</ele></trkpt>
      <trkpt lat="51.452682" lon="-0.147514"><ele>29</ele></trkpt>
      <trkpt lat="51.452743" lon="-0.147487"><ele>28.75</ele></trkpt>
      <trkpt lat="51.452778" lon="-0.147472"><ele>28.75</ele></trkpt>
      <trkpt lat="51.452825" lon="-0.147446"><ele>28.5</ele></trkpt>
      <trkpt lat="51.45294" lon="-0.147412"><ele>28.25</ele></trkpt>
      <trkpt lat="51.453043" lon="-0.147361"><ele>28</ele></trkpt>
      <trkpt lat="51.453086" lon="-0.147333"><ele>28</ele></trkpt>
      <trkpt lat="51.453124" lon="-0.147291"><ele>28</ele></trkpt>
      <trkpt lat="51.453196" lon="-0.14725"><ele>28</ele></trkpt>
      <trkpt lat="51.45335" lon="-0.147123"><ele>27.75</ele></trkpt>
      <trkpt lat="51.453396" lon="-0.147082"><ele>27.75</ele></trkpt>
      <trkpt lat="51.453441" lon="-0.147051"><ele>27.75</ele></trkpt>
      <trkpt lat="51.453479" lon="-0.147013"><ele>27.5</ele></trkpt>
      <trkpt lat="51.453562" lon="-0.146935"><ele>27</ele></trkpt>
      <trkpt lat="51.453594" lon="-0.146903"><ele>27</ele></trkpt>
      <trkpt lat="51.45363" lon="-0.146861"><ele>27</ele></trkpt>
      <trkpt lat="51.453694" lon="-0.146789"><ele>27</ele></trkpt>
      <trkpt lat="51.453899" lon="-0.146581"><ele>27</ele></trkpt>
      <trkpt lat="51.453938" lon="-0.146544"><ele>27</ele></trkpt>
      <trkpt lat="51.454058" lon="-0.14641"><ele>27</ele></trkpt>
      <trkpt lat="51.454072" lon="-0.146394"><ele>27</ele></trkpt>
      <trkpt lat="51.45414" lon="-0.146323"><ele>26.75</ele></trkpt>
      <trkpt lat="51.454185" lon="-0.146276"><ele>26.5</ele></trkpt>
      <trkpt lat="51.454242" lon="-0.146209"><ele>26.5</ele></trkpt>
      <trkpt lat="51.454252" lon="-0.146198"><ele>26.5</ele></trkpt>
      <trkpt lat="51.454286" lon="-0.146163"><ele>26.5</ele></trkpt>
      <trkpt lat="51.454326" lon="-0.146124"><ele>26.5</ele></trkpt>
      <trkpt lat="51.454655" lon="-0.145795"><ele>27</ele></trkpt>
      <trkpt lat="51.454978" lon="-0.145481"><ele>27</ele></trkpt>
      <trkpt lat="51.455145" lon="-0.145316"><ele>27</ele></trkpt>
      <trkpt lat="51.455322" lon="-0.145149"><ele>27</ele></trkpt>
      <trkpt lat="51.455635" lon="-0.144829"><ele>27</ele></trkpt>
      <trkpt lat="51.455998" lon="-0.144482"><ele>27.75</ele></trkpt>
      <trkpt lat="51.456044" lon="-0.144441"><ele>27.75</ele></trkpt>
      <trkpt lat="51.456092" lon="-0.144401"><ele>27.75</ele></trkpt>
      <trkpt lat="51.456125" lon="-0.144365"><ele>28</ele></trkpt>
      <trkpt lat="51.456176" lon="-0.144305"><ele>28</ele></trkpt>
      <trkpt lat="51.456226" lon="-0.144256"><ele>28</ele></trkpt>
      <trkpt lat="51.456258" lon="-0.144224"><ele>28</ele></trkpt>
      <trkpt lat="51.456507" lon="-0.143975"><ele>27.75</ele></trkpt>
      <trkpt lat="51.456686" lon="-0.143825"><ele>28</ele></trkpt>
      <trkpt lat="51.456722" lon="-0.143787"><ele>28</ele></trkpt>
      <trkpt lat="51.45699" lon="-0.143538"><ele>28</ele></trkpt>
      <trkpt lat="51.457278" lon="-0.143266"><ele>27.75</ele></trkpt>
      <trkpt lat="51.457325" lon="-0.143227"><ele>27.5</ele></trkpt>
      <trkpt lat="51.457466" lon="-0.14311"><ele>27</ele></trkpt>
      <trkpt lat="51.457546" lon="-0.143046"><ele>27</ele></trkpt>
      <trkpt lat="51.457592" lon="-0.143008"><ele>27</ele></trkpt>
      <trkpt lat="51.457625" lon="-0.142978"><ele>27</ele></trkpt>
      <trkpt lat="51.457734" lon="-0.142877"><ele>27</ele></trkpt>
      <trkpt lat="51.457844" lon="-0.142776"><ele>27</ele></trkpt>
      <trkpt lat="51.458007" lon="-0.142644"><ele>27</ele></trkpt>
      <trkpt lat="51.458059" lon="-0.142613"><ele>26.75</ele></trkpt>
      <trkpt lat="51.458185" lon="-0.142503"><ele>26.5</ele></trkpt>
      <trkpt lat="51.45837" lon="-0.142361"><ele>26.25</ele></trkpt>
      <trkpt lat="51.458735" lon="-0.142057"><ele>26</ele></trkpt>
      <trkpt lat="51.45883" lon="-0.141985"><ele>26</ele></trkpt>
      <trkpt lat="51.458973" lon="-0.141882"><ele>25.5</ele></trkpt>
      <trkpt lat="51.459254" lon="-0.141646"><ele>25</ele></trkpt>
      <trkpt lat="51.459364" lon="-0.141559"><ele>25</ele></trkpt>
      <trkpt lat="51.459495" lon="-0.14142"><ele>24.75</ele></trkpt>
      <trkpt lat="51.459607" lon="-0.141276"><ele>25</ele></trkpt>
      <trkpt lat="51.459637" lon="-0.141234"><ele>25</ele></trkpt>
      <trkpt lat="51.459667" lon="-0.141193"><ele>25</ele></trkpt>
      <trkpt lat="51.459709" lon="-0.14113"><ele>25</ele></trkpt>
      <trkpt lat="51.459774" lon="-0.141045"><ele>24.75</ele></trkpt>
      <trkpt lat="51.459897" lon="-0.140871"><ele>24.25</ele></trkpt>
      <trkpt lat="51.460136" lon="-0.140498"><ele>23.5</ele></trkpt>
      <trkpt lat="51.460307" lon="-0.140226"><ele>22.75</ele></trkpt>
      <trkpt lat="51.460448" lon="-0.139995"><ele>22.25</ele></trkpt>
      <trkpt lat="51.460659" lon="-0.139636"><ele>22</ele></trkpt>
      <trkpt lat="51.460793" lon="-0.139446"><ele>22</ele></trkpt>
      <trkpt lat="51.460876" lon="-0.139331"><ele>22</ele></trkpt>
      <trkpt lat="51.460907" lon="-0.139287"><ele>21.75</ele></trkpt>
      <trkpt lat="51.460923" lon="-0.139266"><ele>21.75</ele></trkpt>
      <trkpt lat="51.460934" lon="-0.139247"><ele>22</ele></trkpt>
      <trkpt lat="51.460981" lon="-0.139215"><ele>22</ele></trkpt>
      <trkpt lat="51.461042" lon="-0.139205"><ele>22</ele></trkpt>
      <trkpt lat="51.46106" lon="-0.139204"><ele>22</ele></trkpt>
      <trkpt lat="51.461118" lon="-0.139202"><ele>21.75</ele></trkpt>
      <trkpt lat="51.461183" lon="-0.139235"><ele>21.75</ele></trkpt>
      <trkpt lat="51.461214" lon="-0.139246"><ele>21.75</ele></trkpt>
      <trkpt lat="51.46122" lon="-0.139202"><ele>21.75</ele></trkpt>
      <trkpt lat="51.461219" lon="-0.139168"><ele>21.75</ele></trkpt>
      <trkpt lat="51.461227" lon="-0.139142"><ele>22</ele></trkpt>
      <trkpt lat="51.461241" lon="-0.139109"><ele>22</ele></trkpt>
      <trkpt lat="51.461248" lon="-0.139094"><ele>22</ele></trkpt>
      <trkpt lat="51.461274" lon="-0.139035"><ele>22</ele></trkpt>
      <trkpt lat="51.461283" lon="-0.139002"><ele>22</ele></trkpt>
      <trkpt lat="51.461491" lon="-0.138684"><ele>21.75</ele></trkpt>
      <trkpt lat="51.461619" lon="-0.138457"><ele>22</ele></trkpt>
      <trkpt lat="51.461666" lon="-0.138375"><ele>22</ele></trkpt>
      <trkpt lat="51.461728" lon="-0.138293"><ele>21.75</ele></trkpt>
      <trkpt lat="51.461765" lon="-0.138246"><ele>21.75</ele></trkpt>
      <trkpt lat="51.461852" lon="-0.138144"><ele>21.75</ele></trkpt>
      <trkpt lat="51.461895" lon="-0.138138"><ele>21.75</ele></trkpt>
      <trkpt lat="51.461937" lon="-0.137991"><ele>22</ele></trkpt>
      <trkpt lat="51.461956" lon="-0.137937"><ele>21.75</ele></trkpt>
      <trkpt lat="51.461974" lon="-0.13795"><ele>22</ele></trkpt>
      <trkpt lat="51.462004" lon="-0.137973"><ele>22</ele></trkpt>
      <trkpt lat="51.462021" lon="-0.13783"><ele>22</ele></trkpt>
      <trkpt lat="51.462028" lon="-0.137813"><ele>21.75</ele></trkpt>
      <trkpt lat="51.4621" lon="-0.137696"><ele>22</ele></trkpt>
      <trkpt lat="51.462126" lon="-0.137642"><ele>22</ele></trkpt>
      <trkpt lat="51.462147" lon="-0.137597"><ele>22</ele></trkpt>
      <trkpt lat="51.462161" lon="-0.137554"><ele>22</ele></trkpt>
      <trkpt lat="51.462207" lon="-0.137585"><ele>22</ele></trkpt>
      <trkpt lat="51.462252" lon="-0.137421"><ele>22</ele></trkpt>
      <trkpt lat="51.462367" lon="-0.136888"><ele>21</ele></trkpt>
      <trkpt lat="51.462445" lon="-0.13659"><ele>21</ele></trkpt>
      <trkpt lat="51.462481" lon="-0.136488"><ele>21</ele></trkpt>
      <trkpt lat="51.462564" lon="-0.136262"><ele>21</ele></trkpt>
      <trkpt lat="51.462582" lon="-0.136194"><ele>21</ele></trkpt>
      <trkpt lat="51.462597" lon="-0.136146"><ele>21</ele></trkpt>
      <trkpt lat="51.462586" lon="-0.136109"><ele>21</ele></trkpt>
      <trkpt lat="51.46297" lon="-0.134899"><ele>20</ele></trkpt>
      <trkpt lat="51.462975" lon="-0.134885"><ele>20</ele></trkpt>
      <trkpt lat="51.462992" lon="-0.134835"><ele>20</ele></trkpt>
      <trkpt lat="51.463067" lon="-0.134603"><ele>19.5</ele></trkpt>
      <trkpt lat="51.463094" lon="-0.134525"><ele>19.25</ele></trkpt>
      <trkpt lat="51.463137" lon="-0.134457"><ele>19.25</ele></trkpt>
      <trkpt lat="51.463158" lon="-0.134402"><ele>19.25</ele></trkpt>
      <trkpt lat="51.463177" lon="-0.134348"><ele>19.25</ele></trkpt>
      <trkpt lat="51.463441" lon="-0.133624"><ele>18</ele></trkpt>
      <trkpt lat="51.463678" lon="-0.133027"><ele>17</ele></trkpt>
      <trkpt lat="51.463794" lon="-0.132753"><ele>16.75</ele></trkpt>
      <trkpt lat="51.463901" lon="-0.132523"><ele>16</ele></trkpt>
      <trkpt lat="51.46392" lon="-0.132476"><ele>15.75</ele></trkpt>
      <trkpt lat="51.463932" lon="-0.132447"><ele>15.75</ele></trkpt>
      <trkpt lat="51.464274" lon="-0.131617"><ele>14</ele></trkpt>
      <trkpt lat="51.464401" lon="-0.131338"><ele>13.75</ele></trkpt>
      <trkpt lat="51.464438" lon="-0.13127"><ele>13.5</ele></trkpt>
      <trkpt lat="51.464485" lon="-0.131181"><ele>13.25</ele></trkpt>
      <trkpt lat="51.46456" lon="-0.131043"><ele>13</ele></trkpt>
      <trkpt lat="51.464571" lon="-0.13102"><ele>13</ele></trkpt>
      <trkpt lat="51.464584" lon="-0.130994"><ele>13</ele></trkpt>
      <trkpt lat="51.464619" lon="-0.130929"><ele>13</ele></trkpt>
      <trkpt lat="51.464631" lon="-0.130909"><ele>13</ele></trkpt>
      <trkpt lat="51.464644" lon="-0.130886"><ele>13</ele></trkpt>
      <trkpt lat="51.464645" lon="-0.130858"><ele>13</ele></trkpt>
      <trkpt lat="51.464681" lon="-0.130792"><ele>13</ele></trkpt>
      <trkpt lat="51.464805" lon="-0.130598"><ele>12.75</ele></trkpt>
      <trkpt lat="51.464831" lon="-0.130568"><ele>13</ele></trkpt>
      <trkpt lat="51.464856" lon="-0.130529"><ele>13</ele></trkpt>
      <trkpt lat="51.464859" lon="-0.130525"><ele>13</ele></trkpt>
      <trkpt lat="51.464857" lon="-0.130502"><ele>13</ele></trkpt>
      <trkpt lat="51.464981" lon="-0.130281"><ele>13</ele></trkpt>
      <trkpt lat="51.465155" lon="-0.13006"><ele>13.5</ele></trkpt>
      <trkpt lat="51.465189" lon="-0.130018"><ele>13.5</ele></trkpt>
      <trkpt lat="51.465309" lon="-0.129883"><ele>14</ele></trkpt>
      <trkpt lat="51.465526" lon="-0.12967"><ele>14</ele></trkpt>
      <trkpt lat="51.465564" lon="-0.129635"><ele>14.25</ele></trkpt>
      <trkpt lat="51.465784" lon="-0.129457"><ele>14.75</ele></trkpt>
      <trkpt lat="51.465964" lon="-0.129331"><ele>14.5</ele></trkpt>
      <trkpt lat="51.465943" lon="-0.129229"><ele>14.5</ele></trkpt>
      <trkpt lat="51.466155" lon="-0.129098"><ele>14</ele></trkpt>
      <trkpt lat="51.466743" lon="-0.128718"><ele>13.5</ele></trkpt>
      <trkpt lat="51.467056" lon="-0.128513"><ele>13</ele></trkpt>
      <trkpt lat="51.467116" lon="-0.128474"><ele>13</ele></trkpt>
      <trkpt lat="51.467177" lon="-0.128437"><ele>13</ele></trkpt>
      <trkpt lat="51.467301" lon="-0.128345"><ele>12.5</ele></trkpt>
      <trkpt lat="51.467534" lon="-0.128166"><ele>12</ele></trkpt>
      <trkpt lat="51.467696" lon="-0.128038"><ele>12</ele></trkpt>
      <trkpt lat="51.467884" lon="-0.127866"><ele>11.5</ele></trkpt>
      <trkpt lat="51.468106" lon="-0.127652"><ele>10.75</ele></trkpt>
      <trkpt lat="51.468161" lon="-0.12759"><ele>10.5</ele></trkpt>
      <trkpt lat="51.46817" lon="-0.127581"><ele>10.5</ele></trkpt>
      <trkpt lat="51.468406" lon="-0.127306"><ele>10.25</ele></trkpt>
      <trkpt lat="51.468442" lon="-0.127265"><ele>10.25</ele></trkpt>
      <trkpt lat="51.468617" lon="-0.127042"><ele>9.75</ele></trkpt>
      <trkpt lat="51.46864" lon="-0.127012"><ele>9.75</ele></trkpt>
      <trkpt lat="51.468685" lon="-0.126948"><ele>9.5</ele></trkpt>
      <trkpt lat="51.468714" lon="-0.126914"><ele>9.5</ele></trkpt>
      <trkpt lat="51.468772" lon="-0.12684"><ele>9.25</ele></trkpt>
      <trkpt lat="51.468801" lon="-0.126804"><ele>9.25</ele></trkpt>
      <trkpt lat="51.46881" lon="-0.126792"><ele>9.25</ele></trkpt>
      <trkpt lat="51.468877" lon="-0.126705"><ele>9</ele></trkpt>
      <trkpt lat="51.468902" lon="-0.126669"><ele>8.75</ele></trkpt>
      <trkpt lat="51.468952" lon="-0.126603"><ele>8.75</ele></trkpt>
      <trkpt lat="51.469167" lon="-0.126295"><ele>8.25</ele></trkpt>
      <trkpt lat="51.469261" lon="-0.126147"><ele>8.5</ele></trkpt>
      <trkpt lat="51.469359" lon="-0.126018"><ele>8.25</ele></trkpt>
      <trkpt lat="51.469779" lon="-0.125449"><ele>8</ele></trkpt>
      <trkpt lat="51.469833" lon="-0.125376"><ele>8</ele></trkpt>
      <trkpt lat="51.470106" lon="-0.125028"><ele>7.5</ele></trkpt>
      <trkpt lat="51.470304" lon="-0.124775"><ele>7</ele></trkpt>
      <trkpt lat="51.470541" lon="-0.124468"><ele>7</ele></trkpt>
      <trkpt lat="51.470569" lon="-0.124433"><ele>7</ele></trkpt>
      <trkpt lat="51.470596" lon="-0.1244"><ele>7</ele></trkpt>
      <trkpt lat="51.470701" lon="-0.124273"><ele>7</ele></trkpt>
      <trkpt lat="51.470749" lon="-0.124218"><ele>7</ele></trkpt>
      <trkpt lat="51.471013" lon="-0.123915"><ele>7</ele></trkpt>
      <trkpt lat="51.471113" lon="-0.123801"><ele>7</ele></trkpt>
      <trkpt lat="51.471438" lon="-0.123446"><ele>7</ele></trkpt>
      <trkpt lat="51.4715" lon="-0.123374"><ele>7</ele></trkpt>
      <trkpt lat="51.471626" lon="-0.123233"><ele>7</ele></trkpt>
      <trkpt lat="51.471666" lon="-0.123189"><ele>7</ele></trkpt>
      <trkpt lat="51.471819" lon="-0.123024"><ele>7</ele></trkpt>
      <trkpt lat="51.471873" lon="-0.122971"><ele>7</ele></trkpt>
      <trkpt lat="51.471963" lon="-0.122875"><ele>6.75</ele></trkpt>
      <trkpt lat="51.47214" lon="-0.122681"><ele>7</ele></trkpt>
      <trkpt lat="51.472179" lon="-0.122637"><ele>7</ele></trkpt>
      <trkpt lat="51.472197" lon="-0.122618"><ele>7</ele></trkpt>
      <trkpt lat="51.472223" lon="-0.122589"><ele>7</ele></trkpt>
      <trkpt lat="51.472262" lon="-0.122547"><ele>7</ele></trkpt>
      <trkpt lat="51.472331" lon="-0.122472"><ele>7</ele></trkpt>
      <trkpt lat="51.472417" lon="-0.122385"><ele>7</ele></trkpt>
      <trkpt lat="51.472428" lon="-0.12229"><ele>7</ele></trkpt>
      <trkpt lat="51.472491" lon="-0.122228"><ele>7</ele></trkpt>
      <trkpt lat="51.472525" lon="-0.122195"><ele>7</ele></trkpt>
      <trkpt lat="51.472585" lon="-0.122132"><ele>6.75</ele></trkpt>
      <trkpt lat="51.472615" lon="-0.122058"><ele>7</ele></trkpt>
      <trkpt lat="51.472773" lon="-0.121901"><ele>7</ele></trkpt>
      <trkpt lat="51.472835" lon="-0.121837"><ele>7</ele></trkpt>
      <trkpt lat="51.472992" lon="-0.121671"><ele>6.75</ele></trkpt>
      <trkpt lat="51.473128" lon="-0.121519"><ele>6.5</ele></trkpt>
      <trkpt lat="51.473149" lon="-0.121497"><ele>6.5</ele></trkpt>
      <trkpt lat="51.4732" lon="-0.121446"><ele>6.25</ele></trkpt>
      <trkpt lat="51.473225" lon="-0.121424"><ele>6.25</ele></trkpt>
      <trkpt lat="51.473282" lon="-0.121371"><ele>6</ele></trkpt>
      <trkpt lat="51.473323" lon="-0.121334"><ele>6</ele></trkpt>
      <trkpt lat="51.473365" lon="-0.121355"><ele>6</ele></trkpt>
      <trkpt lat="51.473456" lon="-0.121256"><ele>6.25</ele></trkpt>
      <trkpt lat="51.473557" lon="-0.12115"><ele>6</ele></trkpt>
      <trkpt lat="51.473907" lon="-0.120782"><ele>6</ele></trkpt>
      <trkpt lat="51.474173" lon="-0.120502"><ele>6</ele></trkpt>
      <trkpt lat="51.474496" lon="-0.120182"><ele>6</ele></trkpt>
      <trkpt lat="51.474531" lon="-0.120147"><ele>6</ele></trkpt>
      <trkpt lat="51.474559" lon="-0.120119"><ele>6</ele></trkpt>
      <trkpt lat="51.474613" lon="-0.120067"><ele>6</ele></trkpt>
      <trkpt lat="51.474668" lon="-0.120013"><ele>6</ele></trkpt>
      <trkpt lat="51.474726" lon="-0.119951"><ele>6</ele></trkpt>
      <trkpt lat="51.474755" lon="-0.119921"><ele>6</ele></trkpt>
      <trkpt lat="51.47479" lon="-0.119883"><ele>6</ele></trkpt>
      <trkpt lat="51.475406" lon="-0.11926"><ele>6</ele></trkpt>
      <trkpt lat="51.475629" lon="-0.119028"><ele>6</ele></trkpt>
      <trkpt lat="51.476019" lon="-0.118583"><ele>6</ele></trkpt>
      <trkpt lat="51.476045" lon="-0.118554"><ele>5.75</ele></trkpt>
      <trkpt lat="51.476335" lon="-0.118219"><ele>5.75</ele></trkpt>
      <trkpt lat="51.476461" lon="-0.118076"><ele>5.5</ele></trkpt>
      <trkpt lat="51.476521" lon="-0.118002"><ele>5.5</ele></trkpt>
      <trkpt lat="51.476561" lon="-0.117956"><ele>5.25</ele></trkpt>
      <trkpt lat="51.476584" lon="-0.117932"><ele>5.25</ele></trkpt>
      <trkpt lat="51.476624" lon="-0.117889"><ele>5</ele></trkpt>
      <trkpt lat="51.477034" lon="-0.117453"><ele>5</ele></trkpt>
      <trkpt lat="51.477233" lon="-0.117237"><ele>5</ele></trkpt>
      <trkpt lat="51.477284" lon="-0.117185"><ele>5</ele></trkpt>
      <trkpt lat="51.477295" lon="-0.117174"><ele>5</ele></trkpt>
      <trkpt lat="51.477314" lon="-0.117156"><ele>5</ele></trkpt>
      <trkpt lat="51.477398" lon="-0.117067"><ele>5</ele></trkpt>
      <trkpt lat="51.477495" lon="-0.116971"><ele>5</ele></trkpt>
      <trkpt lat="51.47753" lon="-0.116935"><ele>5</ele></trkpt>
      <trkpt lat="51.477552" lon="-0.116912"><ele>5</ele></trkpt>
      <trkpt lat="51.477575" lon="-0.116889"><ele>5</ele></trkpt>
      <trkpt lat="51.477613" lon="-0.116852"><ele>5</ele></trkpt>
      <trkpt lat="51.477765" lon="-0.116701"><ele>4.75</ele></trkpt>
      <trkpt lat="51.477964" lon="-0.116502"><ele>5</ele></trkpt>
      <trkpt lat="51.478016" lon="-0.116451"><ele>5</ele></trkpt>
      <trkpt lat="51.478205" lon="-0.116255"><ele>5</ele></trkpt>
      <trkpt lat="51.478279" lon="-0.11618"><ele>5</ele></trkpt>
      <trkpt lat="51.478692" lon="-0.115759"><ele>5</ele></trkpt>
      <trkpt lat="51.478751" lon="-0.1157"><ele>5</ele></trkpt>
      <trkpt lat="51.478757" lon="-0.115693"><ele>5</ele></trkpt>
      <trkpt lat="51.478791" lon="-0.115659"><ele>5</ele></trkpt>
      <trkpt lat="51.478846" lon="-0.115597"><ele>5</ele></trkpt>
      <trkpt lat="51.479118" lon="-0.115297"><ele>5</ele></trkpt>
      <trkpt lat="51.479152" lon="-0.115258"><ele>4.75</ele></trkpt>
      <trkpt lat="51.479218" lon="-0.115191"><ele>4.75</ele></trkpt>
      <trkpt lat="51.479256" lon="-0.115152"><ele>5</ele></trkpt>
      <trkpt lat="51.479291" lon="-0.115115"><ele>5</ele></trkpt>
      <trkpt lat="51.479406" lon="-0.114993"><ele>5</ele></trkpt>
      <trkpt lat="51.479433" lon="-0.114963"><ele>5</ele></trkpt>
      <trkpt lat="51.479473" lon="-0.11492"><ele>5</ele></trkpt>
      <trkpt lat="51.4796" lon="-0.114786"><ele>5</ele></trkpt>
      <trkpt lat="51.479675" lon="-0.114708"><ele>5</ele></trkpt>
      <trkpt lat="51.479733" lon="-0.114647"><ele>4.75</ele></trkpt>
      <trkpt lat="51.479791" lon="-0.114582"><ele>4.75</ele></trkpt>
      <trkpt lat="51.480188" lon="-0.114137"><ele>4.75</ele></trkpt>
      <trkpt lat="51.480308" lon="-0.114004"><ele>5</ele></trkpt>
      <trkpt lat="51.480395" lon="-0.113909"><ele>5</ele></trkpt>
      <trkpt lat="51.480446" lon="-0.113849"><ele>4.75</ele></trkpt>
      <trkpt lat="51.480753" lon="-0.113491"><ele>5</ele></trkpt>
      <trkpt lat="51.48088" lon="-0.113342"><ele>5</ele></trkpt>
      <trkpt lat="51.480912" lon="-0.113305"><ele>5</ele></trkpt>
      <trkpt lat="51.480947" lon="-0.113261"><ele>5</ele></trkpt>
      <trkpt lat="51.481026" lon="-0.113178"><ele>5</ele></trkpt>
      <trkpt lat="51.481044" lon="-0.113159"><ele>5</ele></trkpt>
      <trkpt lat="51.48111" lon="-0.113084"><ele>5</ele></trkpt>
      <trkpt lat="51.481185" lon="-0.113003"><ele>5.25</ele></trkpt>
      <trkpt lat="51.481278" lon="-0.112917"><ele>5.5</ele></trkpt>
      <trkpt lat="51.481373" lon="-0.112824"><ele>5</ele></trkpt>
      <trkpt lat="51.481426" lon="-0.112774"><ele>5</ele></trkpt>
      <trkpt lat="51.48152" lon="-0.112688"><ele>5</ele></trkpt>
      <trkpt lat="51.481544" lon="-0.11267"><ele>5</ele></trkpt>
      <trkpt lat="51.481585" lon="-0.112637"><ele>5</ele></trkpt>
      <trkpt lat="51.481652" lon="-0.112583"><ele>5</ele></trkpt>
      <trkpt lat="51.481687" lon="-0.112534"><ele>4.75</ele></trkpt>
      <trkpt lat="51.481723" lon="-0.112464"><ele>4.75</ele></trkpt>
      <trkpt lat="51.481756" lon="-0.112418"><ele>4.5</ele></trkpt>
      <trkpt lat="51.481802" lon="-0.112374"><ele>4.5</ele></trkpt>
      <trkpt lat="51.481815" lon="-0.112418"><ele>4.25</ele></trkpt>
      <trkpt lat="51.481821" lon="-0.11243"><ele>4.25</ele></trkpt>
      <trkpt lat="51.481841" lon="-0.112414"><ele>4.25</ele></trkpt>
      <trkpt lat="51.481868" lon="-0.112393"><ele>4.25</ele></trkpt>
      <trkpt lat="51.481875" lon="-0.112417"><ele>4</ele></trkpt>
      <trkpt lat="51.481891" lon="-0.112474"><ele>4</ele></trkpt>
      <trkpt lat="51.481947" lon="-0.11243"><ele>4</ele></trkpt>
      <trkpt lat="51.482009" lon="-0.112382"><ele>4</ele></trkpt>
      <trkpt lat="51.482026" lon="-0.112369"><ele>4</ele></trkpt>
      <trkpt lat="51.482151" lon="-0.112276"><ele>4</ele></trkpt>
      <trkpt lat="51.48217" lon="-0.112257"><ele>4</ele></trkpt>
      <trkpt lat="51.482529" lon="-0.1119"><ele>4</ele></trkpt>
      <trkpt lat="51.482555" lon="-0.111866"><ele>4</ele></trkpt>
      <trkpt lat="51.482634" lon="-0.111766"><ele>4.25</ele></trkpt>
      <trkpt lat="51.482664" lon="-0.111705"><ele>4.5</ele></trkpt>
      <trkpt lat="51.482722" lon="-0.111647"><ele>4.5</ele></trkpt>
      <trkpt lat="51.482822" lon="-0.111547"><ele>4.5</ele></trkpt>
      <trkpt lat="51.482857" lon="-0.111513"><ele>4.25</ele></trkpt>
      <trkpt lat="51.482924" lon="-0.111432"><ele>4</ele></trkpt>
      <trkpt lat="51.483414" lon="-0.110978"><ele>4</ele></trkpt>
      <trkpt lat="51.483815" lon="-0.11057"><ele>4</ele></trkpt>
      <trkpt lat="51.484182" lon="-0.110206"><ele>4</ele></trkpt>
      <trkpt lat="51.484286" lon="-0.110093"><ele>4</ele></trkpt>
      <trkpt lat="51.484297" lon="-0.110034"><ele>4</ele></trkpt>
      <trkpt lat="51.484445" lon="-0.109883"><ele>4</ele></trkpt>
      <trkpt lat="51.484528" lon="-0.109788"><ele>4</ele></trkpt>
      <trkpt lat="51.484561" lon="-0.109751"><ele>4</ele></trkpt>
      <trkpt lat="51.484602" lon="-0.109702"><ele>4</ele></trkpt>
      <trkpt lat="51.484628" lon="-0.109674"><ele>4</ele></trkpt>
      <trkpt lat="51.484653" lon="-0.109646"><ele>4</ele></trkpt>
      <trkpt lat="51.484705" lon="-0.109595"><ele>4</ele></trkpt>
      <trkpt lat="51.48476" lon="-0.109544"><ele>4</ele></trkpt>
      <trkpt lat="51.484818" lon="-0.109547"><ele>4</ele></trkpt>
      <trkpt lat="51.484944" lon="-0.109409"><ele>3.75</ele></trkpt>
      <trkpt lat="51.485232" lon="-0.109096"><ele>3.25</ele></trkpt>
      <trkpt lat="51.485652" lon="-0.10868"><ele>3.25</ele></trkpt>
      <trkpt lat="51.485732" lon="-0.10859"><ele>3.25</ele></trkpt>
      <trkpt lat="51.485745" lon="-0.108578"><ele>3.25</ele></trkpt>
      <trkpt lat="51.485792" lon="-0.108531"><ele>3</ele></trkpt>
      <trkpt lat="51.485814" lon="-0.10851"><ele>3</ele></trkpt>
      <trkpt lat="51.485896" lon="-0.108431"><ele>3</ele></trkpt>
      <trkpt lat="51.485996" lon="-0.108328"><ele>3</ele></trkpt>
      <trkpt lat="51.48604" lon="-0.108282"><ele>3</ele></trkpt>
      <trkpt lat="51.486088" lon="-0.108235"><ele>3</ele></trkpt>
      <trkpt lat="51.486094" lon="-0.10823"><ele>3</ele></trkpt>
      <trkpt lat="51.486119" lon="-0.108207"><ele>3</ele></trkpt>
      <trkpt lat="51.487076" lon="-0.107205"><ele>3.75</ele></trkpt>
      <trkpt lat="51.487451" lon="-0.106816"><ele>3.5</ele></trkpt>
      <trkpt lat="51.487707" lon="-0.106554"><ele>3.5</ele></trkpt>
      <trkpt lat="51.487794" lon="-0.106466"><ele>4</ele></trkpt>
      <trkpt lat="51.487945" lon="-0.106331"><ele>3.75</ele></trkpt>
      <trkpt lat="51.488152" lon="-0.106107"><ele>3</ele></trkpt>
      <trkpt lat="51.488167" lon="-0.10609"><ele>3</ele></trkpt>
      <trkpt lat="51.488202" lon="-0.106055"><ele>3</ele></trkpt>
      <trkpt lat="51.488205" lon="-0.106052"><ele>3</ele></trkpt>
      <trkpt lat="51.48823" lon="-0.106027"><ele>3</ele></trkpt>
      <trkpt lat="51.488292" lon="-0.10596"><ele>3</ele></trkpt>
      <trkpt lat="51.488321" lon="-0.105928"><ele>3</ele></trkpt>
      <trkpt lat="51.488365" lon="-0.105881"><ele>3</ele></trkpt>
      <trkpt lat="51.488396" lon="-0.105849"><ele>3</ele></trkpt>
      <trkpt lat="51.488449" lon="-0.105803"><ele>3</ele></trkpt>
      <trkpt lat="51.488689" lon="-0.105586"><ele>3</ele></trkpt>
      <trkpt lat="51.488996" lon="-0.105284"><ele>3</ele></trkpt>
      <trkpt lat="51.489289" lon="-0.104973"><ele>3</ele></trkpt>
      <trkpt lat="51.489342" lon="-0.104922"><ele>3</ele></trkpt>
      <trkpt lat="51.489517" lon="-0.104732"><ele>3.25</ele></trkpt>
      <trkpt lat="51.489557" lon="-0.104688"><ele>3.25</ele></trkpt>
      <trkpt lat="51.489577" lon="-0.104667"><ele>3.25</ele></trkpt>
      <trkpt lat="51.489906" lon="-0.104322"><ele>3.5</ele></trkpt>
      <trkpt lat="51.490285" lon="-0.103936"><ele>3</ele></trkpt>
      <trkpt lat="51.49046" lon="-0.103761"><ele>3</ele></trkpt>
      <trkpt lat="51.490483" lon="-0.103739"><ele>3</ele></trkpt>
      <trkpt lat="51.490942" lon="-0.103308"><ele>3.25</ele></trkpt>
      <trkpt lat="51.491101" lon="-0.103176"><ele>3.25</ele></trkpt>
      <trkpt lat="51.491141" lon="-0.103152"><ele>3.25</ele></trkpt>
      <trkpt lat="51.491149" lon="-0.103147"><ele>3.25</ele></trkpt>
      <trkpt lat="51.491161" lon="-0.1031"><ele>3.25</ele></trkpt>
      <trkpt lat="51.491224" lon="-0.103035"><ele>3.25</ele></trkpt>
      <trkpt lat="51.491265" lon="-0.103006"><ele>3.5</ele></trkpt>
      <trkpt lat="51.491306" lon="-0.102973"><ele>3.5</ele></trkpt>
      <trkpt lat="51.491334" lon="-0.102947"><ele>3.75</ele></trkpt>
      <trkpt lat="51.491376" lon="-0.102935"><ele>3.75</ele></trkpt>
      <trkpt lat="51.491471" lon="-0.102823"><ele>3.75</ele></trkpt>
      <trkpt lat="51.491626" lon="-0.102637"><ele>3</ele></trkpt>
      <trkpt lat="51.491657" lon="-0.102597"><ele>3</ele></trkpt>
      <trkpt lat="51.491962" lon="-0.102217"><ele>3</ele></trkpt>
      <trkpt lat="51.492019" lon="-0.10221"><ele>3.25</ele></trkpt>
      <trkpt lat="51.492154" lon="-0.102017"><ele>3.75</ele></trkpt>
      <trkpt lat="51.49219" lon="-0.101965"><ele>3.75</ele></trkpt>
      <trkpt lat="51.492214" lon="-0.101928"><ele>3.75</ele></trkpt>
      <trkpt lat="51.492262" lon="-0.101857"><ele>4</ele></trkpt>
      <trkpt lat="51.492293" lon="-0.101805"><ele>4</ele></trkpt>
      <trkpt lat="51.49231" lon="-0.101775"><ele>4</ele></trkpt>
      <trkpt lat="51.492367" lon="-0.101682"><ele>4</ele></trkpt>
      <trkpt lat="51.492664" lon="-0.101231"><ele>3.5</ele></trkpt>
      <trkpt lat="51.492803" lon="-0.101035"><ele>3</ele></trkpt>
      <trkpt lat="51.492873" lon="-0.100954"><ele>3.25</ele></trkpt>
      <trkpt lat="51.492984" lon="-0.10085"><ele>3</ele></trkpt>
      <trkpt lat="51.493047" lon="-0.100713"><ele>3</ele></trkpt>
      <trkpt lat="51.493081" lon="-0.100661"><ele>3</ele></trkpt>
      <trkpt lat="51.493145" lon="-0.10056"><ele>3</ele></trkpt>
      <trkpt lat="51.493176" lon="-0.100511"><ele>3</ele></trkpt>
      <trkpt lat="51.493227" lon="-0.100445"><ele>3</ele></trkpt>
      <trkpt lat="51.493261" lon="-0.100425"><ele>3</ele></trkpt>
      <trkpt lat="51.493318" lon="-0.100402"><ele>3</ele></trkpt>
      <trkpt lat="51.49339" lon="-0.100389"><ele>3</ele></trkpt>
      <trkpt lat="51.493482" lon="-0.100396"><ele>3</ele></trkpt>
      <trkpt lat="51.493587" lon="-0.100442"><ele>3</ele></trkpt>
      <trkpt lat="51.49363" lon="-0.100457"><ele>2.75</ele></trkpt>
      <trkpt lat="51.493652" lon="-0.100464"><ele>2.75</ele></trkpt>
      <trkpt lat="51.493677" lon="-0.100472"><ele>2.75</ele></trkpt>
      <trkpt lat="51.4938" lon="-0.100509"><ele>2.75</ele></trkpt>
      <trkpt lat="51.493932" lon="-0.100524"><ele>2.75</ele></trkpt>
      <trkpt lat="51.49425" lon="-0.100548"><ele>2.75</ele></trkpt>
      <trkpt lat="51.494536" lon="-0.100567"><ele>3.25</ele></trkpt>
      <trkpt lat="51.494582" lon="-0.100569"><ele>3.25</ele></trkpt>
      <trkpt lat="51.494713" lon="-0.100589"><ele>3.75</ele></trkpt>
      <trkpt lat="51.494775" lon="-0.100622"><ele>4</ele></trkpt>
      <trkpt lat="51.49483" lon="-0.100669"><ele>4</ele></trkpt>
      <trkpt lat="51.494843" lon="-0.100557"><ele>4</ele></trkpt>
      <trkpt lat="51.494873" lon="-0.100508"><ele>3.75</ele></trkpt>
      <trkpt lat="51.494951" lon="-0.100463"><ele>3.75</ele></trkpt>
      <trkpt lat="51.494979" lon="-0.100429"><ele>3.75</ele></trkpt>
      <trkpt lat="51.495228" lon="-0.100436"><ele>4</ele></trkpt>
      <trkpt lat="51.49542" lon="-0.100612"><ele>4</ele></trkpt>
      <trkpt lat="51.495441" lon="-0.100618"><ele>4</ele></trkpt>
      <trkpt lat="51.495516" lon="-0.100655"><ele>4</ele></trkpt>
      <trkpt lat="51.495663" lon="-0.100416"><ele>3.75</ele></trkpt>
      <trkpt lat="51.495696" lon="-0.100358"><ele>3.5</ele></trkpt>
      <trkpt lat="51.495743" lon="-0.100298"><ele>3.25</ele></trkpt>
      <trkpt lat="51.495777" lon="-0.100283"><ele>3</ele></trkpt>
      <trkpt lat="51.495792" lon="-0.100266"><ele>3</ele></trkpt>
      <trkpt lat="51.495833" lon="-0.100213"><ele>3</ele></trkpt>
      <trkpt lat="51.495888" lon="-0.100196"><ele>3.25</ele></trkpt>
      <trkpt lat="51.495987" lon="-0.100076"><ele>3.25</ele></trkpt>
      <trkpt lat="51.496061" lon="-0.100012"><ele>3</ele></trkpt>
      <trkpt lat="51.496109" lon="-0.099996"><ele>3</ele></trkpt>
      <trkpt lat="51.496218" lon="-0.099922"><ele>3</ele></trkpt>
      <trkpt lat="51.496352" lon="-0.099851"><ele>3</ele></trkpt>
      <trkpt lat="51.496455" lon="-0.099801"><ele>3</ele></trkpt>
      <trkpt lat="51.496485" lon="-0.099785"><ele>3</ele></trkpt>
      <trkpt lat="51.496542" lon="-0.099691"><ele>3</ele></trkpt>
      <trkpt lat="51.496571" lon="-0.099666"><ele>3</ele></trkpt>
      <trkpt lat="51.49658" lon="-0.099658"><ele>3</ele></trkpt>
      <trkpt lat="51.496658" lon="-0.099593"><ele>3</ele></trkpt>
      <trkpt lat="51.496692" lon="-0.099565"><ele>3</ele></trkpt>
      <trkpt lat="51.496735" lon="-0.099522"><ele>3</ele></trkpt>
      <trkpt lat="51.496774" lon="-0.09949"><ele>3</ele></trkpt>
      <trkpt lat="51.496868" lon="-0.099488"><ele>3</ele></trkpt>
      <trkpt lat="51.497021" lon="-0.099347"><ele>2.75</ele></trkpt>
      <trkpt lat="51.49707" lon="-0.099304"><ele>3</ele></trkpt>
      <trkpt lat="51.497154" lon="-0.09922"><ele>3</ele></trkpt>
      <trkpt lat="51.497346" lon="-0.099014"><ele>3</ele></trkpt>
      <trkpt lat="51.497394" lon="-0.098962"><ele>3</ele></trkpt>
      <trkpt lat="51.497749" lon="-0.098593"><ele>3</ele></trkpt>
      <trkpt lat="51.498248" lon="-0.098042"><ele>3</ele></trkpt>
      <trkpt lat="51.498306" lon="-0.097978"><ele>3</ele></trkpt>
      <trkpt lat="51.498728" lon="-0.097482"><ele>3</ele></trkpt>
      <trkpt lat="51.498769" lon="-0.097432"><ele>3</ele></trkpt>
      <trkpt lat="51.498997" lon="-0.097132"><ele>3.25</ele></trkpt>
      <trkpt lat="51.499027" lon="-0.097086"><ele>3.25</ele></trkpt>
      <trkpt lat="51.499111" lon="-0.096948"><ele>3.75</ele></trkpt>
      <trkpt lat="51.49919" lon="-0.096813"><ele>3.5</ele></trkpt>
      <trkpt lat="51.499222" lon="-0.096757"><ele>3.25</ele></trkpt>
      <trkpt lat="51.499329" lon="-0.096565"><ele>3.5</ele></trkpt>
      <trkpt lat="51.499404" lon="-0.096438"><ele>3.75</ele></trkpt>
      <trkpt lat="51.499624" lon="-0.096052"><ele>4</ele></trkpt>
      <trkpt lat="51.499769" lon="-0.095798"><ele>4</ele></trkpt>
      <trkpt lat="51.499797" lon="-0.095749"><ele>4</ele></trkpt>
      <trkpt lat="51.499818" lon="-0.095712"><ele>4</ele></trkpt>
      <trkpt lat="51.499899" lon="-0.095582"><ele>4</ele></trkpt>
      <trkpt lat="51.499963" lon="-0.095469"><ele>4</ele></trkpt>
      <trkpt lat="51.499983" lon="-0.09543"><ele>4</ele></trkpt>
      <trkpt lat="51.500012" lon="-0.095378"><ele>4</ele></trkpt>
      <trkpt lat="51.500171" lon="-0.095081"><ele>4</ele></trkpt>
      <trkpt lat="51.500378" lon="-0.094661"><ele>4</ele></trkpt>
      <trkpt lat="51.500599" lon="-0.094232"><ele>4</ele></trkpt>
      <trkpt lat="51.500717" lon="-0.094008"><ele>3.75</ele></trkpt>
      <trkpt lat="51.500829" lon="-0.093814"><ele>3.75</ele></trkpt>
      <trkpt lat="51.500993" lon="-0.093529"><ele>4</ele></trkpt>
      <trkpt lat="51.501058" lon="-0.093518"><ele>4</ele></trkpt>
      <trkpt lat="51.501106" lon="-0.093447"><ele>4</ele></trkpt>
      <trkpt lat="51.501139" lon="-0.093403"><ele>4</ele></trkpt>
      <trkpt lat="51.501191" lon="-0.093352"><ele>4.5</ele></trkpt>
      <trkpt lat="51.501257" lon="-0.093286"><ele>4.5</ele></trkpt>
      <trkpt lat="51.501334" lon="-0.093213"><ele>4.75</ele></trkpt>
      <trkpt lat="51.501415" lon="-0.093132"><ele>4.75</ele></trkpt>
      <trkpt lat="51.501445" lon="-0.093102"><ele>4.75</ele></trkpt>
      <trkpt lat="51.501505" lon="-0.092962"><ele>4.5</ele></trkpt>
      <trkpt lat="51.50166" lon="-0.092792"><ele>4</ele></trkpt>
      <trkpt lat="51.501809" lon="-0.092653"><ele>4</ele></trkpt>
      <trkpt lat="51.502044" lon="-0.092489"><ele>4</ele></trkpt>
      <trkpt lat="51.502116" lon="-0.092444"><ele>4</ele></trkpt>
      <trkpt lat="51.502155" lon="-0.092421"><ele>4</ele></trkpt>
      <trkpt lat="51.502201" lon="-0.092398"><ele>4</ele></trkpt>
      <trkpt lat="51.502244" lon="-0.092375"><ele>4</ele></trkpt>
      <trkpt lat="51.502463" lon="-0.092266"><ele>4</ele></trkpt>
      <trkpt lat="51.50266" lon="-0.092153"><ele>4</ele></trkpt>
      <trkpt lat="51.502828" lon="-0.09203"><ele>4</ele></trkpt>
      <trkpt lat="51.502928" lon="-0.091952"><ele>4</ele></trkpt>
      <trkpt lat="51.503076" lon="-0.091841"><ele>4</ele></trkpt>
      <trkpt lat="51.503118" lon="-0.091806"><ele>4</ele></trkpt>
      <trkpt lat="51.503151" lon="-0.091779"><ele>3.75</ele></trkpt>
      <trkpt lat="51.50321" lon="-0.09173"><ele>4</ele></trkpt>
      <trkpt lat="51.503271" lon="-0.091681"><ele>4</ele></trkpt>
      <trkpt lat="51.503342" lon="-0.091625"><ele>4</ele></trkpt>
      <trkpt lat="51.503319" lon="-0.09154"><ele>4</ele></trkpt>
      <trkpt lat="51.503315" lon="-0.091528"><ele>4</ele></trkpt>
      <trkpt lat="51.503411" lon="-0.091454"><ele>4</ele></trkpt>
      <trkpt lat="51.503581" lon="-0.091312"><ele>4</ele></trkpt>
      <trkpt lat="51.50369" lon="-0.091229"><ele>4</ele></trkpt>
      <trkpt lat="51.503753" lon="-0.09118"><ele>4</ele></trkpt>
      <trkpt lat="51.503961" lon="-0.091005"><ele>4</ele></trkpt>
      <trkpt lat="51.504043" lon="-0.090924"><ele>4.25</ele></trkpt>
      <trkpt lat="51.504114" lon="-0.090831"><ele>4.75</ele></trkpt>
      <trkpt lat="51.504239" lon="-0.09063"><ele>4.25</ele></trkpt>
      <trkpt lat="51.504253" lon="-0.090608"><ele>4</ele></trkpt>
      <trkpt lat="51.504262" lon="-0.090594"><ele>4</ele></trkpt>
      <trkpt lat="51.504268" lon="-0.090585"><ele>4</ele></trkpt>
      <trkpt lat="51.50442" lon="-0.090353"><ele>4</ele></trkpt>
      <trkpt lat="51.504596" lon="-0.090118"><ele>4.25</ele></trkpt>
      <trkpt lat="51.504648" lon="-0.090051"><ele>4.5</ele></trkpt>
      <trkpt lat="51.504828" lon="-0.089817"><ele>5</ele></trkpt>
      <trkpt lat="51.504956" lon="-0.089643"><ele>4.75</ele></trkpt>
      <trkpt lat="51.504978" lon="-0.089691"><ele>4.75</ele></trkpt>
      <trkpt lat="51.505058" lon="-0.089565"><ele>5</ele></trkpt>
      <trkpt lat="51.505151" lon="-0.089456"><ele>5.25</ele></trkpt>
      <trkpt lat="51.505163" lon="-0.089443"><ele>5.25</ele></trkpt>
      <trkpt lat="51.505173" lon="-0.089433"><ele>5.25</ele></trkpt>
      <trkpt lat="51.505287" lon="-0.089307"><ele>5.25</ele></trkpt>
      <trkpt lat="51.505477" lon="-0.089096"><ele>5.75</ele></trkpt>
      <trkpt lat="51.505519" lon="-0.089045"><ele>5.75</ele></trkpt>
      <trkpt lat="51.505564" lon="-0.088993"><ele>5.75</ele></trkpt>
      <trkpt lat="51.505615" lon="-0.088939"><ele>5.75</ele></trkpt>
      <trkpt lat="51.505658" lon="-0.088891"><ele>5.5</ele></trkpt>
      <trkpt lat="51.5057" lon="-0.088831"><ele>5.25</ele></trkpt>
      <trkpt lat="51.505725" lon="-0.088865"><ele>4.75</ele></trkpt>
      <trkpt lat="51.5057" lon="-0.088831"><ele>5.25</ele></trkpt>
      <trkpt lat="51.505658" lon="-0.088891"><ele>5.5</ele></trkpt>
      <trkpt lat="51.505615" lon="-0.088939"><ele>5.75</ele></trkpt>
      <trkpt lat="51.505564" lon="-0.088993"><ele>5.75</ele></trkpt>
      <trkpt lat="51.505484" lon="-0.088746"><ele>5</ele></trkpt>
      <trkpt lat="51.505454" lon="-0.088412"><ele>4.5</ele></trkpt>
      <trkpt lat="51.505457" lon="-0.088345"><ele>4.5</ele></trkpt>
      <trkpt lat="51.505523" lon="-0.088489"><ele>4.75</ele></trkpt>
      <trkpt lat="51.505575" lon="-0.08855"><ele>5</ele></trkpt>
      <trkpt lat="51.505609" lon="-0.088545"><ele>5</ele></trkpt>
      <trkpt lat="51.505611" lon="-0.088555"><ele>5</ele></trkpt>
      <trkpt lat="51.505617" lon="-0.08858"><ele>5</ele></trkpt>
      <trkpt lat="51.505636" lon="-0.088652"><ele>5</ele></trkpt>
      <trkpt lat="51.50566" lon="-0.088705"><ele>5</ele></trkpt>
      <trkpt lat="51.505679" lon="-0.088748"><ele>5.25</ele></trkpt>
      <trkpt lat="51.505698" lon="-0.088748"><ele>5</ele></trkpt>
      <trkpt lat="51.505939" lon="-0.088429"><ele>4.75</ele></trkpt>
      <trkpt lat="51.505946" lon="-0.088443"><ele>4.75</ele></trkpt>
      <trkpt lat="51.505968" lon="-0.088491"><ele>4.5</ele></trkpt>
      <trkpt lat="51.505985" lon="-0.088526"><ele>4.5</ele></trkpt>
      <trkpt lat="51.505992" lon="-0.088539"><ele>4.5</ele></trkpt>
      <trkpt lat="51.506013" lon="-0.088512"><ele>4.5</ele></trkpt>
      <trkpt lat="51.506029" lon="-0.088491"><ele>4.5</ele></trkpt>
      <trkpt lat="51.506036" lon="-0.088507"><ele>4.5</ele></trkpt>
      <trkpt lat="51.50606" lon="-0.088574"><ele>4.25</ele></trkpt>
      <trkpt lat="51.506079" lon="-0.088557"><ele>4.25</ele></trkpt>
      <trkpt lat="51.506278" lon="-0.088411"><ele>4.25</ele></trkpt>
      <trkpt lat="51.506298" lon="-0.088399"><ele>4</ele></trkpt>
      <trkpt lat="51.50632" lon="-0.088385"><ele>4</ele></trkpt>
      <trkpt lat="51.506327" lon="-0.088381"><ele>4</ele></trkpt>
      <trkpt lat="51.506545" lon="-0.088283"><ele>4.25</ele></trkpt>
      <trkpt lat="51.507012" lon="-0.088112"><ele>5.25</ele></trkpt>
      <trkpt lat="51.508987" lon="-0.08741"><ele>9.25</ele></trkpt>
      <trkpt lat="51.509261" lon="-0.087319"><ele>10</ele></trkpt>
      <trkpt lat="51.50981" lon="-0.087104"><ele>11</ele></trkpt>
      <trkpt lat="51.509837" lon="-0.087094"><ele>11.25</ele></trkpt>
      <trkpt lat="51.510019" lon="-0.087034"><ele>11.25</ele></trkpt>
      <trkpt lat="51.51024" lon="-0.086954"><ele>11.75</ele></trkpt>
      <trkpt lat="51.510369" lon="-0.086899"><ele>12.25</ele></trkpt>
      <trkpt lat="51.510415" lon="-0.08688"><ele>12.25</ele></trkpt>
      <trkpt lat="51.510617" lon="-0.086791"><ele>13</ele></trkpt>
      <trkpt lat="51.510692" lon="-0.086757"><ele>13.25</ele></trkpt>
      <trkpt lat="51.510729" lon="-0.086741"><ele>13.5</ele></trkpt>
      <trkpt lat="51.510764" lon="-0.086725"><ele>13.75</ele></trkpt>
      <trkpt lat="51.510795" lon="-0.086705"><ele>13.75</ele></trkpt>
      <trkpt lat="51.510855" lon="-0.08667"><ele>14</ele></trkpt>
      <trkpt lat="51.5109" lon="-0.086796"><ele>14.25</ele></trkpt>
      <trkpt lat="51.510938" lon="-0.086816"><ele>14.5</ele></trkpt>
      <trkpt lat="51.510969" lon="-0.086831"><ele>14.5</ele></trkpt>
      <trkpt lat="51.511054" lon="-0.086926"><ele>14.75</ele></trkpt>
      <trkpt lat="51.511093" lon="-0.086964"><ele>14.75</ele></trkpt>
      <trkpt lat="51.511124" lon="-0.086989"><ele>15</ele></trkpt>
      <trkpt lat="51.511161" lon="-0.087021"><ele>15</ele></trkpt>
      <trkpt lat="51.511283" lon="-0.087128"><ele>15</ele></trkpt>
      <trkpt lat="51.511401" lon="-0.08723"><ele>14.75</ele></trkpt>
      <trkpt lat="51.511543" lon="-0.087357"><ele>14</ele></trkpt>
      <trkpt lat="51.511655" lon="-0.087439"><ele>12.75</ele></trkpt>
      <trkpt lat="51.51172" lon="-0.087486"><ele>12.75</ele></trkpt>
      <trkpt lat="51.511992" lon="-0.087713"><ele>16</ele></trkpt>
      <trkpt lat="51.512016" lon="-0.087733"><ele>16</ele></trkpt>
      <trkpt lat="51.512145" lon="-0.087833"><ele>15.75</ele></trkpt>
      <trkpt lat="51.512173" lon="-0.087749"><ele>16</ele></trkpt>
      <trkpt lat="51.512182" lon="-0.087755"><ele>16</ele></trkpt>
      <trkpt lat="51.512184" lon="-0.087757"><ele>16</ele></trkpt>
      <trkpt lat="51.512586" lon="-0.088077"><ele>14.75</ele></trkpt>
      <trkpt lat="51.5126" lon="-0.088089"><ele>14.75</ele></trkpt>
      <trkpt lat="51.512607" lon="-0.088068"><ele>14.75</ele></trkpt>
      <trkpt lat="51.512618" lon="-0.08803"><ele>14.5</ele></trkpt>
      <trkpt lat="51.512613" lon="-0.088058"><ele>14.5</ele></trkpt>
      <trkpt lat="51.512646" lon="-0.088086"><ele>14.5</ele></trkpt>
      <trkpt lat="51.512698" lon="-0.088129"><ele>14.5</ele></trkpt>
      <trkpt lat="51.512736" lon="-0.088125"><ele>14.5</ele></trkpt>
      <trkpt lat="51.51272" lon="-0.088102"><ele>14.5</ele></trkpt>
      <trkpt lat="51.512728" lon="-0.088123"><ele>14.5</ele></trkpt>
      <trkpt lat="51.512682" lon="-0.088175"><ele>14.5</ele></trkpt>
      <trkpt lat="51.512665" lon="-0.088223"><ele>14.5</ele></trkpt>
      <trkpt lat="51.512659" lon="-0.088239"><ele>14.5</ele></trkpt>
      <trkpt lat="51.512711" lon="-0.088278"><ele>14.5</ele></trkpt>
      <trkpt lat="51.512788" lon="-0.088339"><ele>14.5</ele></trkpt>
      <trkpt lat="51.513307" lon="-0.088745"><ele>14</ele></trkpt>
      <trkpt lat="51.513361" lon="-0.088787"><ele>14</ele></trkpt>
      <trkpt lat="51.513353" lon="-0.088859"><ele>14</ele></trkpt>
      <trkpt lat="51.513369" lon="-0.088867"><ele>14</ele></trkpt>
      <trkpt lat="51.513377" lon="-0.088884"><ele>14</ele></trkpt>
      <trkpt lat="51.513375" lon="-0.088898"><ele>14</ele></trkpt>
      <trkpt lat="51.513364" lon="-0.088907"><ele>14</ele></trkpt>
      <trkpt lat="51.513364" lon="-0.088907"><ele>14</ele></trkpt>
      <trkpt lat="51.513375" lon="-0.088898"><ele>14</ele></trkpt>
      <trkpt lat="51.513377" lon="-0.088884"><ele>14</ele></trkpt>
      <trkpt lat="51.513369" lon="-0.088867"><ele>14</ele></trkpt>
      <trkpt lat="51.513353" lon="-0.088859"><ele>14</ele></trkpt>
      <trkpt lat="51.513361" lon="-0.088787"><ele>14</ele></trkpt>
      <trkpt lat="51.513307" lon="-0.088745"><ele>14</ele></trkpt>
      <trkpt lat="51.512788" lon="-0.088339"><ele>13.75</ele></trkpt>
      <trkpt lat="51.512711" lon="-0.088278"><ele>13.5</ele></trkpt>
      <trkpt lat="51.512659" lon="-0.088239"><ele>13.5</ele></trkpt>
      <trkpt lat="51.512665" lon="-0.088223"><ele>13.5</ele></trkpt>
      <trkpt lat="51.512682" lon="-0.088175"><ele>13.5</ele></trkpt>
      <trkpt lat="51.512728" lon="-0.088123"><ele>13.5</ele></trkpt>
      <trkpt lat="51.51272" lon="-0.088102"><ele>13.5</ele></trkpt>
      <trkpt lat="51.512736" lon="-0.088125"><ele>13.5</ele></trkpt>
      <trkpt lat="51.512767" lon="-0.088099"><ele>13.5</ele></trkpt>
      <trkpt lat="51.512798" lon="-0.088071"><ele>13.5</ele></trkpt>
      <trkpt lat="51.512844" lon="-0.088204"><ele>13.5</ele></trkpt>
      <trkpt lat="51.512853" lon="-0.088291"><ele>13.25</ele></trkpt>
      <trkpt lat="51.512929" lon="-0.088318"><ele>13.25</ele></trkpt>
      <trkpt lat="51.513007" lon="-0.08845"><ele>13.25</ele></trkpt>
      <trkpt lat="51.513075" lon="-0.088568"><ele>13.25</ele></trkpt>
      <trkpt lat="51.513219" lon="-0.088912"><ele>13</ele></trkpt>
      <trkpt lat="51.513249" lon="-0.089064"><ele>13</ele></trkpt>
      <trkpt lat="51.513295" lon="-0.089151"><ele>13</ele></trkpt>
      <trkpt lat="51.513353" lon="-0.089183"><ele>13</ele></trkpt>
      <trkpt lat="51.513397" lon="-0.08914"><ele>13</ele></trkpt>
      <trkpt lat="51.513432" lon="-0.089089"><ele>13</ele></trkpt>
      <trkpt lat="51.513451" lon="-0.089133"><ele>13</ele></trkpt>
      <trkpt lat="51.513456" lon="-0.089144"><ele>13</ele></trkpt>
      <trkpt lat="51.513459" lon="-0.089153"><ele>13</ele></trkpt>
      <trkpt lat="51.513471" lon="-0.089139"><ele>13</ele></trkpt>
      <trkpt lat="51.513507" lon="-0.089124"><ele>13</ele></trkpt>
      <trkpt lat="51.513518" lon="-0.089125"><ele>13</ele></trkpt>
      <trkpt lat="51.513519" lon="-0.089084"><ele>13.25</ele></trkpt>
      <trkpt lat="51.513519" lon="-0.089065"><ele>13.25</ele></trkpt>
      <trkpt lat="51.513526" lon="-0.089009"><ele>13.5</ele></trkpt>
      <trkpt lat="51.513551" lon="-0.089024"><ele>13.5</ele></trkpt>
      <trkpt lat="51.513583" lon="-0.089047"><ele>13.25</ele></trkpt>
      <trkpt lat="51.513724" lon="-0.089158"><ele>13</ele></trkpt>
      <trkpt lat="51.513943" lon="-0.089311"><ele>12.75</ele></trkpt>
      <trkpt lat="51.514081" lon="-0.089407"><ele>12.75</ele></trkpt>
      <trkpt lat="51.514518" lon="-0.089707"><ele>12.75</ele></trkpt>
      <trkpt lat="51.514581" lon="-0.089746"><ele>13</ele></trkpt>
      <trkpt lat="51.514634" lon="-0.089766"><ele>13</ele></trkpt>
      <trkpt lat="51.51467" lon="-0.08976"><ele>13</ele></trkpt>
      <trkpt lat="51.514716" lon="-0.08975"><ele>13</ele></trkpt>
      <trkpt lat="51.514798" lon="-0.089692"><ele>13</ele></trkpt>
      <trkpt lat="51.514884" lon="-0.089639"><ele>13</ele></trkpt>
      <trkpt lat="51.514913" lon="-0.089624"><ele>13</ele></trkpt>
      <trkpt lat="51.514951" lon="-0.089603"><ele>13</ele></trkpt>
      <trkpt lat="51.514976" lon="-0.089592"><ele>13</ele></trkpt>
      <trkpt lat="51.515012" lon="-0.089577"><ele>13</ele></trkpt>
      <trkpt lat="51.515307" lon="-0.089465"><ele>13</ele></trkpt>
      <trkpt lat="51.515344" lon="-0.089451"><ele>13</ele></trkpt>
      <trkpt lat="51.515367" lon="-0.089443"><ele>13.25</ele></trkpt>
      <trkpt lat="51.515639" lon="-0.089344"><ele>13.5</ele></trkpt>
      <trkpt lat="51.515667" lon="-0.089335"><ele>13.5</ele></trkpt>
      <trkpt lat="51.515743" lon="-0.089304"><ele>13.25</ele></trkpt>
      <trkpt lat="51.51584" lon="-0.089265"><ele>13</ele></trkpt>
      <trkpt lat="51.516169" lon="-0.089139"><ele>13</ele></trkpt>
      <trkpt lat="51.516269" lon="-0.0891"><ele>13</ele></trkpt>
      <trkpt lat="51.516296" lon="-0.08909"><ele>13</ele></trkpt>
      <trkpt lat="51.516358" lon="-0.089069"><ele>13</ele></trkpt>
      <trkpt lat="51.5165" lon="-0.08902"><ele>13</ele></trkpt>
      <trkpt lat="51.516658" lon="-0.088961"><ele>13</ele></trkpt>
      <trkpt lat="51.516968" lon="-0.088845"><ele>12.5</ele></trkpt>
      <trkpt lat="51.517032" lon="-0.088821"><ele>12.25</ele></trkpt>
      <trkpt lat="51.517144" lon="-0.088779"><ele>12.5</ele></trkpt>
      <trkpt lat="51.51718" lon="-0.088768"><ele>12.75</ele></trkpt>
      <trkpt lat="51.517213" lon="-0.088758"><ele>12.75</ele></trkpt>
      <trkpt lat="51.51725" lon="-0.088743"><ele>13</ele></trkpt>
      <trkpt lat="51.517308" lon="-0.08872"><ele>13</ele></trkpt>
      <trkpt lat="51.517442" lon="-0.088669"><ele>13</ele></trkpt>
      <trkpt lat="51.517465" lon="-0.088658"><ele>13</ele></trkpt>
      <trkpt lat="51.517486" lon="-0.088647"><ele>13</ele></trkpt>
      <trkpt lat="51.51753" lon="-0.088626"><ele>13</ele></trkpt>
      <trkpt lat="51.517585" lon="-0.088596"><ele>13.25</ele></trkpt>
      <trkpt lat="51.517617" lon="-0.088578"><ele>13.25</ele></trkpt>
      <trkpt lat="51.517835" lon="-0.088444"><ele>14</ele></trkpt>
      <trkpt lat="51.518044" lon="-0.08833"><ele>13.75</ele></trkpt>
      <trkpt lat="51.518097" lon="-0.088303"><ele>14</ele></trkpt>
      <trkpt lat="51.518132" lon="-0.088285"><ele>14</ele></trkpt>
      <trkpt lat="51.518145" lon="-0.088351"><ele>14</ele></trkpt>
      <trkpt lat="51.518149" lon="-0.088376"><ele>14</ele></trkpt>
      <trkpt lat="51.518182" lon="-0.088358"><ele>14</ele></trkpt>
      <trkpt lat="51.518339" lon="-0.088273"><ele>14</ele></trkpt>
      <trkpt lat="51.518334" lon="-0.088244"><ele>14</ele></trkpt>
      <trkpt lat="51.51833" lon="-0.08818"><ele>14</ele></trkpt>
      <trkpt lat="51.518436" lon="-0.088118"><ele>14</ele></trkpt>
      <trkpt lat="51.518449" lon="-0.08811"><ele>14</ele></trkpt>
      <trkpt lat="51.518535" lon="-0.088058"><ele>14</ele></trkpt>
      <trkpt lat="51.518558" lon="-0.087992"><ele>14</ele></trkpt>
      <trkpt lat="51.518727" lon="-0.087895"><ele>14</ele></trkpt>
      <trkpt lat="51.518848" lon="-0.087851"><ele>14</ele></trkpt>
      <trkpt lat="51.518961" lon="-0.087796"><ele>14</ele></trkpt>
      <trkpt lat="51.519068" lon="-0.087734"><ele>14</ele></trkpt>
      <trkpt lat="51.519102" lon="-0.087749"><ele>14</ele></trkpt>
      <trkpt lat="51.519125" lon="-0.087736"><ele>14</ele></trkpt>
      <trkpt lat="51.519263" lon="-0.087671"><ele>13.75</ele></trkpt>
      <trkpt lat="51.51933" lon="-0.087644"><ele>13.75</ele></trkpt>
      <trkpt lat="51.519355" lon="-0.087635"><ele>14</ele></trkpt>
      <trkpt lat="51.519386" lon="-0.087623"><ele>14</ele></trkpt>
      <trkpt lat="51.519442" lon="-0.087604"><ele>14</ele></trkpt>
      <trkpt lat="51.519494" lon="-0.087588"><ele>14.25</ele></trkpt>
      <trkpt lat="51.519575" lon="-0.087561"><ele>14.25</ele></trkpt>
      <trkpt lat="51.519806" lon="-0.087487"><ele>15</ele></trkpt>
      <trkpt lat="51.519922" lon="-0.087449"><ele>15</ele></trkpt>
      <trkpt lat="51.519988" lon="-0.087428"><ele>15</ele></trkpt>
      <trkpt lat="51.520091" lon="-0.087397"><ele>15</ele></trkpt>
      <trkpt lat="51.520122" lon="-0.087334"><ele>15.25</ele></trkpt>
      <trkpt lat="51.520361" lon="-0.087274"><ele>15.75</ele></trkpt>
      <trkpt lat="51.520384" lon="-0.087268"><ele>15.75</ele></trkpt>
      <trkpt lat="51.520418" lon="-0.087259"><ele>15.75</ele></trkpt>
      <trkpt lat="51.520489" lon="-0.087235"><ele>15.75</ele></trkpt>
      <trkpt lat="51.520563" lon="-0.087217"><ele>16</ele></trkpt>
      <trkpt lat="51.520592" lon="-0.08721"><ele>16</ele></trkpt>
      <trkpt lat="51.520618" lon="-0.087203"><ele>16</ele></trkpt>
      <trkpt lat="51.520667" lon="-0.087195"><ele>16</ele></trkpt>
      <trkpt lat="51.520749" lon="-0.087181"><ele>16</ele></trkpt>
      <trkpt lat="51.520792" lon="-0.087217"><ele>16</ele></trkpt>
      <trkpt lat="51.520867" lon="-0.0872"><ele>16</ele></trkpt>
      <trkpt lat="51.520906" lon="-0.087191"><ele>16</ele></trkpt>
      <trkpt lat="51.521136" lon="-0.087139"><ele>16</ele></trkpt>
      <trkpt lat="51.521197" lon="-0.087126"><ele>16.25</ele></trkpt>
      <trkpt lat="51.521469" lon="-0.087067"><ele>17</ele></trkpt>
      <trkpt lat="51.521575" lon="-0.087044"><ele>17</ele></trkpt>
      <trkpt lat="51.521604" lon="-0.087039"><ele>17</ele></trkpt>
      <trkpt lat="51.521653" lon="-0.08703"><ele>17</ele></trkpt>
      <trkpt lat="51.521692" lon="-0.087022"><ele>17</ele></trkpt>
      <trkpt lat="51.521833" lon="-0.087003"><ele>17</ele></trkpt>
      <trkpt lat="51.521909" lon="-0.087001"><ele>17</ele></trkpt>
      <trkpt lat="51.522064" lon="-0.087018"><ele>17.25</ele></trkpt>
      <trkpt lat="51.522178" lon="-0.087046"><ele>17.75</ele></trkpt>
      <trkpt lat="51.522311" lon="-0.08708"><ele>18</ele></trkpt>
      <trkpt lat="51.522823" lon="-0.087204"><ele>19</ele></trkpt>
      <trkpt lat="51.522905" lon="-0.087224"><ele>18.75</ele></trkpt>
      <trkpt lat="51.523057" lon="-0.08726"><ele>19</ele></trkpt>
      <trkpt lat="51.523237" lon="-0.087302"><ele>19</ele></trkpt>
      <trkpt lat="51.52344" lon="-0.087339"><ele>19</ele></trkpt>
      <trkpt lat="51.523478" lon="-0.087346"><ele>19</ele></trkpt>
      <trkpt lat="51.523516" lon="-0.087352"><ele>19</ele></trkpt>
      <trkpt lat="51.523689" lon="-0.087383"><ele>18.75</ele></trkpt>
      <trkpt lat="51.524013" lon="-0.087448"><ele>18</ele></trkpt>
      <trkpt lat="51.524209" lon="-0.087478"><ele>18</ele></trkpt>
      <trkpt lat="51.524388" lon="-0.087509"><ele>18</ele></trkpt>
      <trkpt lat="51.524529" lon="-0.087532"><ele>18</ele></trkpt>
      <trkpt lat="51.524556" lon="-0.087538"><ele>18</ele></trkpt>
      <trkpt lat="51.524574" lon="-0.087542"><ele>18</ele></trkpt>
      <trkpt lat="51.5246" lon="-0.087546"><ele>18</ele></trkpt>
      <trkpt lat="51.524637" lon="-0.087554"><ele>18</ele></trkpt>
      <trkpt lat="51.524675" lon="-0.08756"><ele>18</ele></trkpt>
      <trkpt lat="51.524882" lon="-0.087577"><ele>18</ele></trkpt>
      <trkpt lat="51.5249" lon="-0.087577"><ele>18</ele></trkpt>
      <trkpt lat="51.524945" lon="-0.087578"><ele>18</ele></trkpt>
      <trkpt lat="51.525035" lon="-0.087566"><ele>17.75</ele></trkpt>
      <trkpt lat="51.5251" lon="-0.087518"><ele>17.75</ele></trkpt>
      <trkpt lat="51.525142" lon="-0.087528"><ele>17.75</ele></trkpt>
      <trkpt lat="51.525204" lon="-0.08753"><ele>17.75</ele></trkpt>
      <trkpt lat="51.525223" lon="-0.08752"><ele>17.75</ele></trkpt>
      <trkpt lat="51.525302" lon="-0.087445"><ele>18</ele></trkpt>
      <trkpt lat="51.525358" lon="-0.087395"><ele>18</ele></trkpt>
      <trkpt lat="51.525547" lon="-0.087208"><ele>17.75</ele></trkpt>
      <trkpt lat="51.525593" lon="-0.087198"><ele>17.75</ele></trkpt>
      <trkpt lat="51.525616" lon="-0.087178"><ele>17.75</ele></trkpt>
      <trkpt lat="51.525673" lon="-0.087156"><ele>17.5</ele></trkpt>
      <trkpt lat="51.525694" lon="-0.08722"><ele>17.5</ele></trkpt>
      <trkpt lat="51.5257" lon="-0.087237"><ele>17.5</ele></trkpt>
      <trkpt lat="51.525715" lon="-0.087273"><ele>17.5</ele></trkpt>
      <trkpt lat="51.525711" lon="-0.087346"><ele>17.5</ele></trkpt>
      <trkpt lat="51.525728" lon="-0.087447"><ele>17.75</ele></trkpt>
      <trkpt lat="51.525857" lon="-0.087701"><ele>17.75</ele></trkpt>
      <trkpt lat="51.525882" lon="-0.087733"><ele>17.75</ele></trkpt>
      <trkpt lat="51.525921" lon="-0.087781"><ele>17.75</ele></trkpt>
      <trkpt lat="51.52608" lon="-0.087895"><ele>17.75</ele></trkpt>
      <trkpt lat="51.526116" lon="-0.087902"><ele>17.75</ele></trkpt>
      <trkpt lat="51.526322" lon="-0.087982"><ele>17</ele></trkpt>
      <trkpt lat="51.526573" lon="-0.088099"><ele>16.75</ele></trkpt>
      <trkpt lat="51.526784" lon="-0.088255"><ele>17</ele></trkpt>
      <trkpt lat="51.526988" lon="-0.088392"><ele>17</ele></trkpt>
      <trkpt lat="51.526995" lon="-0.088397"><ele>17</ele></trkpt>
      <trkpt lat="51.527014" lon="-0.088409"><ele>17</ele></trkpt>
      <trkpt lat="51.52704" lon="-0.088428"><ele>17</ele></trkpt>
      <trkpt lat="51.527057" lon="-0.088443"><ele>17</ele></trkpt>
      <trkpt lat="51.527182" lon="-0.088555"><ele>17</ele></trkpt>
      <trkpt lat="51.527184" lon="-0.088557"><ele>17</ele></trkpt>
      <trkpt lat="51.527205" lon="-0.088576"><ele>17</ele></trkpt>
      <trkpt lat="51.527225" lon="-0.088599"><ele>17</ele></trkpt>
      <trkpt lat="51.527231" lon="-0.088606"><ele>17</ele></trkpt>
      <trkpt lat="51.527339" lon="-0.088734"><ele>17</ele></trkpt>
      <trkpt lat="51.527374" lon="-0.088808"><ele>17</ele></trkpt>
      <trkpt lat="51.527417" lon="-0.08895"><ele>17</ele></trkpt>
      <trkpt lat="51.527704" lon="-0.089919"><ele>18</ele></trkpt>
      <trkpt lat="51.527713" lon="-0.089956"><ele>18</ele></trkpt>
      <trkpt lat="51.527728" lon="-0.089996"><ele>18</ele></trkpt>
      <trkpt lat="51.52774" lon="-0.090031"><ele>18</ele></trkpt>
      <trkpt lat="51.527745" lon="-0.09005"><ele>18</ele></trkpt>
      <trkpt lat="51.527918" lon="-0.090758"><ele>18</ele></trkpt>
      <trkpt lat="51.528101" lon="-0.091423"><ele>18</ele></trkpt>
      <trkpt lat="51.528088" lon="-0.09148"><ele>18</ele></trkpt>
      <trkpt lat="51.52808" lon="-0.091529"><ele>18</ele></trkpt>
      <trkpt lat="51.528075" lon="-0.091576"><ele>18</ele></trkpt>
      <trkpt lat="51.528137" lon="-0.091615"><ele>18</ele></trkpt>
      <trkpt lat="51.528244" lon="-0.091703"><ele>18</ele></trkpt>
      <trkpt lat="51.528305" lon="-0.091938"><ele>18</ele></trkpt>
      <trkpt lat="51.528344" lon="-0.092094"><ele>18</ele></trkpt>
      <trkpt lat="51.528351" lon="-0.092123"><ele>18</ele></trkpt>
      <trkpt lat="51.528374" lon="-0.092195"><ele>18</ele></trkpt>
      <trkpt lat="51.528412" lon="-0.092346"><ele>18</ele></trkpt>
      <trkpt lat="51.528483" lon="-0.092616"><ele>18</ele></trkpt>
      <trkpt lat="51.528514" lon="-0.092726"><ele>18</ele></trkpt>
      <trkpt lat="51.528535" lon="-0.09281"><ele>18.25</ele></trkpt>
      <trkpt lat="51.528637" lon="-0.093206"><ele>18.5</ele></trkpt>
      <trkpt lat="51.52872" lon="-0.093545"><ele>19</ele></trkpt>
      <trkpt lat="51.528784" lon="-0.093803"><ele>19</ele></trkpt>
      <trkpt lat="51.528819" lon="-0.09395"><ele>19</ele></trkpt>
      <trkpt lat="51.528859" lon="-0.094092"><ele>19</ele></trkpt>
      <trkpt lat="51.528869" lon="-0.094141"><ele>19</ele></trkpt>
      <trkpt lat="51.528881" lon="-0.094187"><ele>19</ele></trkpt>
      <trkpt lat="51.52896" lon="-0.094504"><ele>19</ele></trkpt>
      <trkpt lat="51.528996" lon="-0.094641"><ele>19.25</ele></trkpt>
      <trkpt lat="51.529133" lon="-0.094743"><ele>19.75</ele></trkpt>
      <trkpt lat="51.529176" lon="-0.094918"><ele>19.75</ele></trkpt>
      <trkpt lat="51.52923" lon="-0.095134"><ele>20.25</ele></trkpt>
      <trkpt lat="51.529254" lon="-0.095233"><ele>20.75</ele></trkpt>
      <trkpt lat="51.529261" lon="-0.095265"><ele>20.75</ele></trkpt>
      <trkpt lat="51.529278" lon="-0.095326"><ele>21</ele></trkpt>
      <trkpt lat="51.529292" lon="-0.095385"><ele>21</ele></trkpt>
      <trkpt lat="51.529623" lon="-0.096691"><ele>21</ele></trkpt>
      <trkpt lat="51.529747" lon="-0.097176"><ele>20</ele></trkpt>
      <trkpt lat="51.529767" lon="-0.097255"><ele>20</ele></trkpt>
      <trkpt lat="51.529789" lon="-0.097346"><ele>19.75</ele></trkpt>
      <trkpt lat="51.529804" lon="-0.097406"><ele>20</ele></trkpt>
      <trkpt lat="51.529849" lon="-0.097575"><ele>20</ele></trkpt>
      <trkpt lat="51.529899" lon="-0.097768"><ele>20</ele></trkpt>
      <trkpt lat="51.529911" lon="-0.097821"><ele>20</ele></trkpt>
      <trkpt lat="51.529921" lon="-0.097866"><ele>20</ele></trkpt>
      <trkpt lat="51.530123" lon="-0.09866"><ele>20</ele></trkpt>
      <trkpt lat="51.530177" lon="-0.09887"><ele>20.75</ele></trkpt>
      <trkpt lat="51.530196" lon="-0.098942"><ele>21</ele></trkpt>
      <trkpt lat="51.530208" lon="-0.098988"><ele>21</ele></trkpt>
      <trkpt lat="51.530359" lon="-0.099572"><ele>20.5</ele></trkpt>
      <trkpt lat="51.530378" lon="-0.099652"><ele>20.5</ele></trkpt>
      <trkpt lat="51.53039" lon="-0.099698"><ele>20.5</ele></trkpt>
      <trkpt lat="51.530414" lon="-0.099791"><ele>20.5</ele></trkpt>
      <trkpt lat="51.530552" lon="-0.100327"><ele>21</ele></trkpt>
      <trkpt lat="51.530563" lon="-0.100373"><ele>21.25</ele></trkpt>
      <trkpt lat="51.530573" lon="-0.100412"><ele>21.5</ele></trkpt>
      <trkpt lat="51.530727" lon="-0.101033"><ele>22</ele></trkpt>
      <trkpt lat="51.530791" lon="-0.101294"><ele>22.5</ele></trkpt>
      <trkpt lat="51.5308" lon="-0.101329"><ele>22.5</ele></trkpt>
      <trkpt lat="51.530805" lon="-0.101351"><ele>22.75</ele></trkpt>
      <trkpt lat="51.530867" lon="-0.101591"><ele>22.75</ele></trkpt>
      <trkpt lat="51.530889" lon="-0.101676"><ele>22.75</ele></trkpt>
      <trkpt lat="51.53123" lon="-0.103008"><ele>25.75</ele></trkpt>
      <trkpt lat="51.53132" lon="-0.10336"><ele>26.75</ele></trkpt>
      <trkpt lat="51.531555" lon="-0.104268"><ele>29</ele></trkpt>
      <trkpt lat="51.531563" lon="-0.1043"><ele>29.25</ele></trkpt>
      <trkpt lat="51.531568" lon="-0.104319"><ele>29.25</ele></trkpt>
      <trkpt lat="51.531589" lon="-0.104397"><ele>29.5</ele></trkpt>
      <trkpt lat="51.53161" lon="-0.104478"><ele>29.75</ele></trkpt>
      <trkpt lat="51.531657" lon="-0.104661"><ele>29.75</ele></trkpt>
      <trkpt lat="51.531794" lon="-0.105243"><ele>30.75</ele></trkpt>
      <trkpt lat="51.531871" lon="-0.105574"><ele>32</ele></trkpt>
      <trkpt lat="51.531882" lon="-0.105617"><ele>32</ele></trkpt>
      <trkpt lat="51.531889" lon="-0.105649"><ele>32</ele></trkpt>
      <trkpt lat="51.531982" lon="-0.106035"><ele>32.5</ele></trkpt>
      <trkpt lat="51.532002" lon="-0.106091"><ele>32.75</ele></trkpt>
      <trkpt lat="51.53202" lon="-0.106116"><ele>33</ele></trkpt>
      <trkpt lat="51.532048" lon="-0.106152"><ele>33</ele></trkpt>
      <trkpt lat="51.532069" lon="-0.106161"><ele>33</ele></trkpt>
      <trkpt lat="51.53213" lon="-0.106165"><ele>33</ele></trkpt>
      <trkpt lat="51.532183" lon="-0.106135"><ele>33</ele></trkpt>
      <trkpt lat="51.532559" lon="-0.106124"><ele>34</ele></trkpt>
      <trkpt lat="51.532661" lon="-0.106066"><ele>34.5</ele></trkpt>
      <trkpt lat="51.532559" lon="-0.106124"><ele>34</ele></trkpt>
      <trkpt lat="51.532183" lon="-0.106135"><ele>33</ele></trkpt>
      <trkpt lat="51.53213" lon="-0.106165"><ele>33</ele></trkpt>
      <trkpt lat="51.532069" lon="-0.106161"><ele>33</ele></trkpt>
      <trkpt lat="51.53207" lon="-0.106209"><ele>33.25</ele></trkpt>
      <trkpt lat="51.532072" lon="-0.106247"><ele>33.25</ele></trkpt>
      <trkpt lat="51.532073" lon="-0.106276"><ele>33.5</ele></trkpt>
      <trkpt lat="51.532074" lon="-0.106302"><ele>33.5</ele></trkpt>
      <trkpt lat="51.532075" lon="-0.106341"><ele>33.75</ele></trkpt>
      <trkpt lat="51.532077" lon="-0.106376"><ele>33.75</ele></trkpt>
      <trkpt lat="51.531995" lon="-0.106388"><ele>33.75</ele></trkpt>
      <trkpt lat="51.531984" lon="-0.106451"><ele>34</ele></trkpt>
      <trkpt lat="51.531968" lon="-0.106535"><ele>34</ele></trkpt>
      <trkpt lat="51.531942" lon="-0.106963"><ele>34</ele></trkpt>
      <trkpt lat="51.531939" lon="-0.107114"><ele>34.5</ele></trkpt>
      <trkpt lat="51.531903" lon="-0.109069"><ele>37.75</ele></trkpt>
      <trkpt lat="51.53191" lon="-0.109093"><ele>37.75</ele></trkpt>
      <trkpt lat="51.531909" lon="-0.109158"><ele>37.75</ele></trkpt>
      <trkpt lat="51.531909" lon="-0.109191"><ele>38</ele></trkpt>
      <trkpt lat="51.531896" lon="-0.109238"><ele>38</ele></trkpt>
      <trkpt lat="51.531893" lon="-0.109352"><ele>38</ele></trkpt>
      <trkpt lat="51.531886" lon="-0.109556"><ele>38.25</ele></trkpt>
      <trkpt lat="51.531883" lon="-0.109724"><ele>38.75</ele></trkpt>
      <trkpt lat="51.531878" lon="-0.1098"><ele>38.75</ele></trkpt>
      <trkpt lat="51.531837" lon="-0.110126"><ele>39</ele></trkpt>
      <trkpt lat="51.531771" lon="-0.110561"><ele>38.25</ele></trkpt>
      <trkpt lat="51.531734" lon="-0.11081"><ele>38</ele></trkpt>
      <trkpt lat="51.531701" lon="-0.1111"><ele>38</ele></trkpt>
      <trkpt lat="51.531698" lon="-0.111148"><ele>37.75</ele></trkpt>
      <trkpt lat="51.531691" lon="-0.111232"><ele>37.5</ele></trkpt>
      <trkpt lat="51.531693" lon="-0.11129"><ele>37.25</ele></trkpt>
      <trkpt lat="51.531689" lon="-0.111343"><ele>37</ele></trkpt>
      <trkpt lat="51.531602" lon="-0.112367"><ele>34.25</ele></trkpt>
      <trkpt lat="51.531597" lon="-0.112432"><ele>34</ele></trkpt>
      <trkpt lat="51.531593" lon="-0.112487"><ele>34</ele></trkpt>
      <trkpt lat="51.531563" lon="-0.112914"><ele>33</ele></trkpt>
      <trkpt lat="51.531558" lon="-0.11299"><ele>32.75</ele></trkpt>
      <trkpt lat="51.531554" lon="-0.113043"><ele>32.5</ele></trkpt>
      <trkpt lat="51.531476" lon="-0.114021"><ele>29</ele></trkpt>
      <trkpt lat="51.531461" lon="-0.114161"><ele>28.25</ele></trkpt>
      <trkpt lat="51.531442" lon="-0.114309"><ele>28</ele></trkpt>
      <trkpt lat="51.531393" lon="-0.115001"><ele>25.75</ele></trkpt>
      <trkpt lat="51.531373" lon="-0.115275"><ele>25</ele></trkpt>
      <trkpt lat="51.531382" lon="-0.115296"><ele>24.75</ele></trkpt>
      <trkpt lat="51.531362" lon="-0.115327"><ele>24.75</ele></trkpt>
      <trkpt lat="51.531353" lon="-0.115405"><ele>24.5</ele></trkpt>
      <trkpt lat="51.531302" lon="-0.115392"><ele>24.5</ele></trkpt>
      <trkpt lat="51.531294" lon="-0.11549"><ele>24</ele></trkpt>
      <trkpt lat="51.531257" lon="-0.115997"><ele>23</ele></trkpt>
      <trkpt lat="51.531234" lon="-0.116083"><ele>23</ele></trkpt>
      <trkpt lat="51.531227" lon="-0.116174"><ele>22.75</ele></trkpt>
      <trkpt lat="51.531215" lon="-0.116366"><ele>22</ele></trkpt>
      <trkpt lat="51.531205" lon="-0.116523"><ele>21.5</ele></trkpt>
      <trkpt lat="51.5312" lon="-0.116585"><ele>21.25</ele></trkpt>
      <trkpt lat="51.531175" lon="-0.116944"><ele>21</ele></trkpt>
      <trkpt lat="51.531173" lon="-0.116981"><ele>20.75</ele></trkpt>
      <trkpt lat="51.531127" lon="-0.117585"><ele>19.75</ele></trkpt>
      <trkpt lat="51.53108" lon="-0.118201"><ele>18</ele></trkpt>
      <trkpt lat="51.531069" lon="-0.118441"><ele>17.5</ele></trkpt>
      <trkpt lat="51.531064" lon="-0.118534"><ele>17.5</ele></trkpt>
      <trkpt lat="51.531023" lon="-0.119202"><ele>16.5</ele></trkpt>
      <trkpt lat="51.531015" lon="-0.119309"><ele>16.25</ele></trkpt>
      <trkpt lat="51.531005" lon="-0.119434"><ele>16</ele></trkpt>
      <trkpt lat="51.530996" lon="-0.11956"><ele>15.75</ele></trkpt>
      <trkpt lat="51.530994" lon="-0.119591"><ele>15.75</ele></trkpt>
      <trkpt lat="51.530986" lon="-0.119644"><ele>15.5</ele></trkpt>
      <trkpt lat="51.530966" lon="-0.119964"><ele>15.25</ele></trkpt>
      <trkpt lat="51.530966" lon="-0.119965"><ele>15.25</ele></trkpt>
      <trkpt lat="51.530963" lon="-0.120001"><ele>15.25</ele></trkpt>
      <trkpt lat="51.530957" lon="-0.12008"><ele>15.25</ele></trkpt>
      <trkpt lat="51.530948" lon="-0.120221"><ele>15</ele></trkpt>
      <trkpt lat="51.530914" lon="-0.120742"><ele>15.75</ele></trkpt>
      <trkpt lat="51.530895" lon="-0.120993"><ele>16</ele></trkpt>
      <trkpt lat="51.530889" lon="-0.121108"><ele>16</ele></trkpt>
      <trkpt lat="51.530884" lon="-0.12117"><ele>16</ele></trkpt>
      <trkpt lat="51.530878" lon="-0.121239"><ele>16</ele></trkpt>
      <trkpt lat="51.530827" lon="-0.121869"><ele>16</ele></trkpt>
      <trkpt lat="51.530811" lon="-0.122077"><ele>16</ele></trkpt>
      <trkpt lat="51.530798" lon="-0.122195"><ele>16</ele></trkpt>
      <trkpt lat="51.530752" lon="-0.122319"><ele>16</ele></trkpt>
      <trkpt lat="51.530732" lon="-0.122372"><ele>16</ele></trkpt>
      <trkpt lat="51.530748" lon="-0.122418"><ele>16</ele></trkpt>
      <trkpt lat="51.530746" lon="-0.122471"><ele>16</ele></trkpt>
      <trkpt lat="51.530713" lon="-0.122536"><ele>16</ele></trkpt>
      <trkpt lat="51.530733" lon="-0.122565"><ele>16</ele></trkpt>
      <trkpt lat="51.530762" lon="-0.122602"><ele>16</ele></trkpt>
      <trkpt lat="51.530538" lon="-0.123165"><ele>16.25</ele></trkpt>
      <trkpt lat="51.530663" lon="-0.123185"><ele>17</ele></trkpt>
      <trkpt lat="51.530538" lon="-0.123165"><ele>16.25</ele></trkpt>
      <trkpt lat="51.530369" lon="-0.123662"><ele>17</ele></trkpt>
      <trkpt lat="51.530289" lon="-0.123914"><ele>17</ele></trkpt>
      <trkpt lat="51.53021" lon="-0.123977"><ele>17</ele></trkpt>
      <trkpt lat="51.530182" lon="-0.124038"><ele>17</ele></trkpt>
      <trkpt lat="51.530159" lon="-0.124086"><ele>17</ele></trkpt>
      <trkpt lat="51.530122" lon="-0.12417"><ele>17</ele></trkpt>
      <trkpt lat="51.530101" lon="-0.124218"><ele>17</ele></trkpt>
      <trkpt lat="51.530084" lon="-0.124257"><ele>17</ele></trkpt>
      <trkpt lat="51.53007" lon="-0.124302"><ele>17</ele></trkpt>
      <trkpt lat="51.53002" lon="-0.124255"><ele>17</ele></trkpt>
      <trkpt lat="51.529857" lon="-0.124636"><ele>17.5</ele></trkpt>
      <trkpt lat="51.529751" lon="-0.124914"><ele>17.75</ele></trkpt>
      <trkpt lat="51.52944" lon="-0.125668"><ele>19</ele></trkpt>
      <trkpt lat="51.52938" lon="-0.125823"><ele>19</ele></trkpt>
      <trkpt lat="51.52931" lon="-0.126003"><ele>19</ele></trkpt>
      <trkpt lat="51.529267" lon="-0.126116"><ele>19</ele></trkpt>
      <trkpt lat="51.529259" lon="-0.126164"><ele>19</ele></trkpt>
      <trkpt lat="51.529236" lon="-0.12625"><ele>19</ele></trkpt>
      <trkpt lat="51.529202" lon="-0.126344"><ele>19</ele></trkpt>
      <trkpt lat="51.52918" lon="-0.126409"><ele>19</ele></trkpt>
      <trkpt lat="51.529166" lon="-0.126452"><ele>19</ele></trkpt>
      <trkpt lat="51.529122" lon="-0.126555"><ele>19.5</ele></trkpt>
      <trkpt lat="51.528813" lon="-0.127333"><ele>20.25</ele></trkpt>
      <trkpt lat="51.52878" lon="-0.127415"><ele>20.5</ele></trkpt>
      <trkpt lat="51.528742" lon="-0.127515"><ele>20.75</ele></trkpt>
      <trkpt lat="51.528737" lon="-0.127529"><ele>20.75</ele></trkpt>
      <trkpt lat="51.528729" lon="-0.127562"><ele>20.75</ele></trkpt>
      <trkpt lat="51.528716" lon="-0.127588"><ele>20.75</ele></trkpt>
      <trkpt lat="51.528704" lon="-0.127614"><ele>20.75</ele></trkpt>
      <trkpt lat="51.528696" lon="-0.127634"><ele>20.75</ele></trkpt>
      <trkpt lat="51.528681" lon="-0.127673"><ele>20.75</ele></trkpt>
      <trkpt lat="51.528665" lon="-0.127712"><ele>20.75</ele></trkpt>
      <trkpt lat="51.528659" lon="-0.127735"><ele>20.75</ele></trkpt>
      <trkpt lat="51.528617" lon="-0.127751"><ele>20.75</ele></trkpt>
      <trkpt lat="51.528592" lon="-0.127787"><ele>21</ele></trkpt>
      <trkpt lat="51.52849" lon="-0.12804"><ele>21</ele></trkpt>
      <trkpt lat="51.52827" lon="-0.128589"><ele>21</ele></trkpt>
      <trkpt lat="51.528296" lon="-0.128616"><ele>21</ele></trkpt>
      <trkpt lat="51.528287" lon="-0.128638"><ele>21</ele></trkpt>
      <trkpt lat="51.528272" lon="-0.128677"><ele>21</ele></trkpt>
      <trkpt lat="51.528247" lon="-0.128742"><ele>21</ele></trkpt>
      <trkpt lat="51.528242" lon="-0.128756"><ele>21</ele></trkpt>
      <trkpt lat="51.528203" lon="-0.128746"><ele>21</ele></trkpt>
      <trkpt lat="51.527864" lon="-0.129611"><ele>21.75</ele></trkpt>
      <trkpt lat="51.527879" lon="-0.129681"><ele>21.5</ele></trkpt>
      <trkpt lat="51.527871" lon="-0.129707"><ele>21.5</ele></trkpt>
      <trkpt lat="51.527844" lon="-0.129783"><ele>21.75</ele></trkpt>
      <trkpt lat="51.527967" lon="-0.129903"><ele>21.75</ele></trkpt>
      <trkpt lat="51.528226" lon="-0.130157"><ele>22</ele></trkpt>
      <trkpt lat="51.528259" lon="-0.130202"><ele>22</ele></trkpt>
      <trkpt lat="51.528265" lon="-0.130281"><ele>22</ele></trkpt>
      <trkpt lat="51.528225" lon="-0.13039"><ele>22</ele></trkpt>
      <trkpt lat="51.528062" lon="-0.130833"><ele>22.75</ele></trkpt>
      <trkpt lat="51.527941" lon="-0.131161"><ele>22</ele></trkpt>
      <trkpt lat="51.527912" lon="-0.131239"><ele>22</ele></trkpt>
      <trkpt lat="51.527892" lon="-0.131294"><ele>22.25</ele></trkpt>
      <trkpt lat="51.527857" lon="-0.131389"><ele>22.5</ele></trkpt>
      <trkpt lat="51.527867" lon="-0.131518"><ele>22.75</ele></trkpt>
      <trkpt lat="51.527858" lon="-0.13155"><ele>22.75</ele></trkpt>
      <trkpt lat="51.52784" lon="-0.13161"><ele>22.75</ele></trkpt>
      <trkpt lat="51.527807" lon="-0.131686"><ele>23</ele></trkpt>
      <trkpt lat="51.527681" lon="-0.131983"><ele>23.5</ele></trkpt>
      <trkpt lat="51.527611" lon="-0.132146"><ele>23.5</ele></trkpt>
      <trkpt lat="51.527616" lon="-0.132185"><ele>23.75</ele></trkpt>
      <trkpt lat="51.527617" lon="-0.132197"><ele>23.75</ele></trkpt>
      <trkpt lat="51.527619" lon="-0.132212"><ele>23.75</ele></trkpt>
      <trkpt lat="51.527631" lon="-0.132331"><ele>23.75</ele></trkpt>
      <trkpt lat="51.527617" lon="-0.132388"><ele>23.75</ele></trkpt>
      <trkpt lat="51.527559" lon="-0.132522"><ele>23.25</ele></trkpt>
      <trkpt lat="51.527592" lon="-0.132562"><ele>23.5</ele></trkpt>
      <trkpt lat="51.527616" lon="-0.132592"><ele>23.75</ele></trkpt>
      <trkpt lat="51.527637" lon="-0.132614"><ele>23.75</ele></trkpt>
      <trkpt lat="51.527642" lon="-0.132624"><ele>24</ele></trkpt>
      <trkpt lat="51.527751" lon="-0.132738"><ele>24</ele></trkpt>
      <trkpt lat="51.527817" lon="-0.132808"><ele>24</ele></trkpt>
      <trkpt lat="51.527633" lon="-0.133242"><ele>24</ele></trkpt>
      <trkpt lat="51.527699" lon="-0.133418"><ele>24</ele></trkpt>
      <trkpt lat="51.527778" lon="-0.133499"><ele>24</ele></trkpt>
      <trkpt lat="51.527828" lon="-0.133555"><ele>24</ele></trkpt>
      <trkpt lat="51.527835" lon="-0.133563"><ele>24</ele></trkpt>
      <trkpt lat="51.527935" lon="-0.133662"><ele>24</ele></trkpt>
      <trkpt lat="51.528015" lon="-0.133746"><ele>23.75</ele></trkpt>
      <trkpt lat="51.527935" lon="-0.133662"><ele>24</ele></trkpt>
      <trkpt lat="51.52807" lon="-0.133341"><ele>23.75</ele></trkpt>
      <trkpt lat="51.528145" lon="-0.133163"><ele>23.5</ele></trkpt>
      <trkpt lat="51.528207" lon="-0.133024"><ele>23.25</ele></trkpt>
      <trkpt lat="51.527969" lon="-0.132756"><ele>24</ele></trkpt>
      <trkpt lat="51.528054" lon="-0.132545"><ele>24</ele></trkpt>
      <trkpt lat="51.528078" lon="-0.132569"><ele>23.75</ele></trkpt>
      <trkpt lat="51.528082" lon="-0.132503"><ele>23.75</ele></trkpt>
      <trkpt lat="51.528214" lon="-0.132158"><ele>22.25</ele></trkpt>
      <trkpt lat="51.528256" lon="-0.132058"><ele>22.25</ele></trkpt>
      <trkpt lat="51.528282" lon="-0.131981"><ele>22</ele></trkpt>
      <trkpt lat="51.528469" lon="-0.132192"><ele>22</ele></trkpt>
      <trkpt lat="51.528484" lon="-0.132209"><ele>22</ele></trkpt>
      <trkpt lat="51.528499" lon="-0.132226"><ele>22</ele></trkpt>
      <trkpt lat="51.528622" lon="-0.132365"><ele>21.75</ele></trkpt>
      <trkpt lat="51.528806" lon="-0.132563"><ele>22</ele></trkpt>
      <trkpt lat="51.528814" lon="-0.132599"><ele>22</ele></trkpt>
      <trkpt lat="51.528831" lon="-0.132618"><ele>22</ele></trkpt>
      <trkpt lat="51.528853" lon="-0.132642"><ele>22</ele></trkpt>
      <trkpt lat="51.528877" lon="-0.132641"><ele>22</ele></trkpt>
      <trkpt lat="51.530086" lon="-0.133996"><ele>21.5</ele></trkpt>
      <trkpt lat="51.530606" lon="-0.134533"><ele>21.5</ele></trkpt>
      <trkpt lat="51.53063" lon="-0.134558"><ele>21.5</ele></trkpt>
      <trkpt lat="51.530657" lon="-0.134588"><ele>21.5</ele></trkpt>
      <trkpt lat="51.531101" lon="-0.135036"><ele>22</ele></trkpt>
      <trkpt lat="51.531143" lon="-0.13508"><ele>21.75</ele></trkpt>
      <trkpt lat="51.531148" lon="-0.135122"><ele>21.75</ele></trkpt>
      <trkpt lat="51.531157" lon="-0.135132"><ele>21.75</ele></trkpt>
      <trkpt lat="51.531197" lon="-0.135175"><ele>21.75</ele></trkpt>
      <trkpt lat="51.531232" lon="-0.135213"><ele>21.5</ele></trkpt>
      <trkpt lat="51.53124" lon="-0.135222"><ele>21.5</ele></trkpt>
      <trkpt lat="51.531254" lon="-0.135187"><ele>21.5</ele></trkpt>
      <trkpt lat="51.531463" lon="-0.135408"><ele>20.75</ele></trkpt>
      <trkpt lat="51.532534" lon="-0.136553"><ele>23</ele></trkpt>
      <trkpt lat="51.532546" lon="-0.136565"><ele>23</ele></trkpt>
      <trkpt lat="51.532578" lon="-0.1366"><ele>23</ele></trkpt>
      <trkpt lat="51.533015" lon="-0.137073"><ele>24</ele></trkpt>
      <trkpt lat="51.533043" lon="-0.137104"><ele>24</ele></trkpt>
      <trkpt lat="51.533087" lon="-0.13716"><ele>24</ele></trkpt>
      <trkpt lat="51.533094" lon="-0.137176"><ele>24</ele></trkpt>
      <trkpt lat="51.533151" lon="-0.137232"><ele>23.75</ele></trkpt>
      <trkpt lat="51.533382" lon="-0.137512"><ele>24</ele></trkpt>
      <trkpt lat="51.534301" lon="-0.138491"><ele>23.25</ele></trkpt>
      <trkpt lat="51.534389" lon="-0.138584"><ele>23.5</ele></trkpt>
      <trkpt lat="51.534429" lon="-0.138625"><ele>23.75</ele></trkpt>
      <trkpt lat="51.534458" lon="-0.138698"><ele>24</ele></trkpt>
      <trkpt lat="51.534464" lon="-0.138816"><ele>24</ele></trkpt>
      <trkpt lat="51.534507" lon="-0.138813"><ele>24</ele></trkpt>
      <trkpt lat="51.534533" lon="-0.138924"><ele>24</ele></trkpt>
      <trkpt lat="51.534558" lon="-0.139026"><ele>24</ele></trkpt>
      <trkpt lat="51.534616" lon="-0.139001"><ele>24</ele></trkpt>
      <trkpt lat="51.534797" lon="-0.13899"><ele>24</ele></trkpt>
      <trkpt lat="51.534903" lon="-0.138994"><ele>24</ele></trkpt>
      <trkpt lat="51.535017" lon="-0.139009"><ele>24</ele></trkpt>
      <trkpt lat="51.535105" lon="-0.139047"><ele>24</ele></trkpt>
      <trkpt lat="51.535218" lon="-0.13912"><ele>24</ele></trkpt>
      <trkpt lat="51.535316" lon="-0.139208"><ele>24</ele></trkpt>
      <trkpt lat="51.535368" lon="-0.13925"><ele>24</ele></trkpt>
      <trkpt lat="51.535491" lon="-0.13936"><ele>24</ele></trkpt>
      <trkpt lat="51.5358" lon="-0.139668"><ele>24.75</ele></trkpt>
      <trkpt lat="51.535835" lon="-0.139705"><ele>25</ele></trkpt>
      <trkpt lat="51.535925" lon="-0.139798"><ele>25</ele></trkpt>
      <trkpt lat="51.53595" lon="-0.139824"><ele>25</ele></trkpt>
      <trkpt lat="51.535988" lon="-0.139864"><ele>25</ele></trkpt>
      <trkpt lat="51.537045" lon="-0.140973"><ele>28</ele></trkpt>
      <trkpt lat="51.537093" lon="-0.141024"><ele>28</ele></trkpt>
      <trkpt lat="51.537176" lon="-0.141104"><ele>28</ele></trkpt>
      <trkpt lat="51.537274" lon="-0.141196"><ele>28.25</ele></trkpt>
      <trkpt lat="51.537306" lon="-0.141225"><ele>28.25</ele></trkpt>
      <trkpt lat="51.537846" lon="-0.141706"><ele>28.75</ele></trkpt>
      <trkpt lat="51.538051" lon="-0.14189"><ele>28</ele></trkpt>
      <trkpt lat="51.538073" lon="-0.141911"><ele>28</ele></trkpt>
      <trkpt lat="51.53809" lon="-0.141925"><ele>28</ele></trkpt>
      <trkpt lat="51.538134" lon="-0.141965"><ele>28</ele></trkpt>
      <trkpt lat="51.538533" lon="-0.142276"><ele>28</ele></trkpt>
      <trkpt lat="51.538622" lon="-0.142318"><ele>27.75</ele></trkpt>
      <trkpt lat="51.538692" lon="-0.14234"><ele>27.75</ele></trkpt>
      <trkpt lat="51.53884" lon="-0.142388"><ele>27.5</ele></trkpt>
      <trkpt lat="51.538885" lon="-0.142395"><ele>27.5</ele></trkpt>
      <trkpt lat="51.538918" lon="-0.142401"><ele>27.5</ele></trkpt>
      <trkpt lat="51.539025" lon="-0.142418"><ele>27.25</ele></trkpt>
      <trkpt lat="51.539106" lon="-0.142415"><ele>27</ele></trkpt>
      <trkpt lat="51.539134" lon="-0.142412"><ele>27</ele></trkpt>
      <trkpt lat="51.53919" lon="-0.142406"><ele>26.75</ele></trkpt>
      <trkpt lat="51.539353" lon="-0.142411"><ele>26.75</ele></trkpt>
      <trkpt lat="51.539407" lon="-0.1424"><ele>26.5</ele></trkpt>
      <trkpt lat="51.53941" lon="-0.142432"><ele>26.75</ele></trkpt>
      <trkpt lat="51.539406" lon="-0.142455"><ele>26.75</ele></trkpt>
      <trkpt lat="51.539396" lon="-0.142518"><ele>27</ele></trkpt>
      <trkpt lat="51.5394" lon="-0.142684"><ele>27</ele></trkpt>
      <trkpt lat="51.539375" lon="-0.142791"><ele>27</ele></trkpt>
      <trkpt lat="51.5394" lon="-0.142684"><ele>27</ele></trkpt>
      <trkpt lat="51.539396" lon="-0.142518"><ele>27</ele></trkpt>
      <trkpt lat="51.539406" lon="-0.142455"><ele>26.75</ele></trkpt>
      <trkpt lat="51.53916" lon="-0.142539"><ele>27</ele></trkpt>
      <trkpt lat="51.539082" lon="-0.142547"><ele>27.25</ele></trkpt>
      <trkpt lat="51.539052" lon="-0.142583"><ele>27.25</ele></trkpt>
      <trkpt lat="51.539044" lon="-0.142645"><ele>27.25</ele></trkpt>
      <trkpt lat="51.539034" lon="-0.14269"><ele>27.25</ele></trkpt>
      <trkpt lat="51.539106" lon="-0.14275"><ele>27</ele></trkpt>
      <trkpt lat="51.539127" lon="-0.142775"><ele>27</ele></trkpt>
      <trkpt lat="51.539149" lon="-0.142788"><ele>27</ele></trkpt>
      <trkpt lat="51.53975" lon="-0.143306"><ele>27</ele></trkpt>
      <trkpt lat="51.539954" lon="-0.143489"><ele>27.25</ele></trkpt>
      <trkpt lat="51.540079" lon="-0.143601"><ele>27.25</ele></trkpt>
      <trkpt lat="51.540128" lon="-0.143635"><ele>27.25</ele></trkpt>
      <trkpt lat="51.540166" lon="-0.143661"><ele>27.5</ele></trkpt>
      <trkpt lat="51.540453" lon="-0.143914"><ele>27.75</ele></trkpt>
      <trkpt lat="51.540647" lon="-0.144099"><ele>28</ele></trkpt>
      <trkpt lat="51.54066" lon="-0.144114"><ele>28</ele></trkpt>
      <trkpt lat="51.540674" lon="-0.14412"><ele>28</ele></trkpt>
      <trkpt lat="51.540683" lon="-0.144129"><ele>28</ele></trkpt>
      <trkpt lat="51.5407" lon="-0.144165"><ele>28</ele></trkpt>
      <trkpt lat="51.540745" lon="-0.144225"><ele>28</ele></trkpt>
      <trkpt lat="51.540793" lon="-0.144291"><ele>28</ele></trkpt>
      <trkpt lat="51.540842" lon="-0.144361"><ele>27.75</ele></trkpt>
      <trkpt lat="51.541237" lon="-0.144964"><ele>29</ele></trkpt>
      <trkpt lat="51.541258" lon="-0.144997"><ele>28.75</ele></trkpt>
      <trkpt lat="51.541384" lon="-0.145189"><ele>29.25</ele></trkpt>
      <trkpt lat="51.541394" lon="-0.145203"><ele>29.25</ele></trkpt>
      <trkpt lat="51.541654" lon="-0.145594"><ele>29</ele></trkpt>
      <trkpt lat="51.541685" lon="-0.145642"><ele>28.75</ele></trkpt>
      <trkpt lat="51.541708" lon="-0.145716"><ele>28.75</ele></trkpt>
      <trkpt lat="51.541733" lon="-0.145797"><ele>28.75</ele></trkpt>
      <trkpt lat="51.541859" lon="-0.14593"><ele>28.5</ele></trkpt>
      <trkpt lat="51.541887" lon="-0.145987"><ele>28.5</ele></trkpt>
      <trkpt lat="51.541943" lon="-0.146072"><ele>28.75</ele></trkpt>
      <trkpt lat="51.542011" lon="-0.146185"><ele>28.75</ele></trkpt>
      <trkpt lat="51.542057" lon="-0.146261"><ele>28.75</ele></trkpt>
      <trkpt lat="51.542111" lon="-0.146351"><ele>28.75</ele></trkpt>
      <trkpt lat="51.542131" lon="-0.14639"><ele>29</ele></trkpt>
      <trkpt lat="51.542148" lon="-0.14642"><ele>29</ele></trkpt>
      <trkpt lat="51.542195" lon="-0.146509"><ele>29</ele></trkpt>
      <trkpt lat="51.542281" lon="-0.146698"><ele>28.75</ele></trkpt>
      <trkpt lat="51.542336" lon="-0.146838"><ele>28.75</ele></trkpt>
      <trkpt lat="51.542427" lon="-0.147107"><ele>29</ele></trkpt>
      <trkpt lat="51.542446" lon="-0.14716"><ele>29</ele></trkpt>
      <trkpt lat="51.542499" lon="-0.147305"><ele>29</ele></trkpt>
      <trkpt lat="51.542535" lon="-0.14741"><ele>28.75</ele></trkpt>
      <trkpt lat="51.542551" lon="-0.147456"><ele>28.75</ele></trkpt>
      <trkpt lat="51.542617" lon="-0.147681"><ele>28.75</ele></trkpt>
      <trkpt lat="51.542694" lon="-0.147963"><ele>29</ele></trkpt>
      <trkpt lat="51.542762" lon="-0.148255"><ele>28.25</ele></trkpt>
      <trkpt lat="51.542776" lon="-0.14832"><ele>28</ele></trkpt>
      <trkpt lat="51.542788" lon="-0.148374"><ele>28</ele></trkpt>
      <trkpt lat="51.542879" lon="-0.148815"><ele>27.75</ele></trkpt>
      <trkpt lat="51.542884" lon="-0.148842"><ele>28</ele></trkpt>
      <trkpt lat="51.542892" lon="-0.148878"><ele>28</ele></trkpt>
      <trkpt lat="51.542905" lon="-0.148938"><ele>28</ele></trkpt>
      <trkpt lat="51.542918" lon="-0.149001"><ele>28</ele></trkpt>
      <trkpt lat="51.542934" lon="-0.149075"><ele>28</ele></trkpt>
      <trkpt lat="51.54297" lon="-0.149232"><ele>27.75</ele></trkpt>
      <trkpt lat="51.542992" lon="-0.149333"><ele>27.75</ele></trkpt>
      <trkpt lat="51.543001" lon="-0.149377"><ele>27.75</ele></trkpt>
      <trkpt lat="51.54301" lon="-0.149416"><ele>27.75</ele></trkpt>
      <trkpt lat="51.543022" lon="-0.149481"><ele>27.75</ele></trkpt>
      <trkpt lat="51.543042" lon="-0.149577"><ele>27.75</ele></trkpt>
      <trkpt lat="51.543056" lon="-0.149648"><ele>28</ele></trkpt>
      <trkpt lat="51.54307" lon="-0.149721"><ele>28</ele></trkpt>
      <trkpt lat="51.543179" lon="-0.150289"><ele>28</ele></trkpt>
      <trkpt lat="51.543225" lon="-0.150533"><ele>28</ele></trkpt>
      <trkpt lat="51.543243" lon="-0.150595"><ele>28</ele></trkpt>
      <trkpt lat="51.54326" lon="-0.150656"><ele>28</ele></trkpt>
      <trkpt lat="51.543272" lon="-0.150708"><ele>28</ele></trkpt>
      <trkpt lat="51.543278" lon="-0.150735"><ele>28</ele></trkpt>
      <trkpt lat="51.543342" lon="-0.150985"><ele>28</ele></trkpt>
      <trkpt lat="51.543452" lon="-0.15142"><ele>29</ele></trkpt>
      <trkpt lat="51.543546" lon="-0.151743"><ele>29</ele></trkpt>
      <trkpt lat="51.543567" lon="-0.151811"><ele>29</ele></trkpt>
      <trkpt lat="51.543585" lon="-0.151861"><ele>29</ele></trkpt>
      <trkpt lat="51.543609" lon="-0.151926"><ele>29</ele></trkpt>
      <trkpt lat="51.543675" lon="-0.15212"><ele>29.5</ele></trkpt>
      <trkpt lat="51.54377" lon="-0.152357"><ele>30.5</ele></trkpt>
      <trkpt lat="51.543779" lon="-0.152452"><ele>30.75</ele></trkpt>
      <trkpt lat="51.543795" lon="-0.152495"><ele>30.75</ele></trkpt>
      <trkpt lat="51.543808" lon="-0.152531"><ele>30.75</ele></trkpt>
      <trkpt lat="51.543822" lon="-0.152606"><ele>30.5</ele></trkpt>
      <trkpt lat="51.543832" lon="-0.152632"><ele>30.5</ele></trkpt>
      <trkpt lat="51.543903" lon="-0.152826"><ele>30</ele></trkpt>
      <trkpt lat="51.543917" lon="-0.152866"><ele>30.25</ele></trkpt>
      <trkpt lat="51.543951" lon="-0.152956"><ele>30.5</ele></trkpt>
      <trkpt lat="51.54402" lon="-0.153035"><ele>30.75</ele></trkpt>
      <trkpt lat="51.544074" lon="-0.153165"><ele>31</ele></trkpt>
      <trkpt lat="51.544097" lon="-0.153211"><ele>31</ele></trkpt>
      <trkpt lat="51.544054" lon="-0.153261"><ele>31</ele></trkpt>
      <trkpt lat="51.544037" lon="-0.153281"><ele>31</ele></trkpt>
      <trkpt lat="51.544104" lon="-0.153407"><ele>31</ele></trkpt>
      <trkpt lat="51.544196" lon="-0.153579"><ele>31</ele></trkpt>
      <trkpt lat="51.54435" lon="-0.153909"><ele>32</ele></trkpt>
      <trkpt lat="51.544394" lon="-0.154003"><ele>32.25</ele></trkpt>
      <trkpt lat="51.544469" lon="-0.154082"><ele>32.5</ele></trkpt>
      <trkpt lat="51.544506" lon="-0.154138"><ele>32.75</ele></trkpt>
      <trkpt lat="51.544761" lon="-0.154588"><ele>33.5</ele></trkpt>
      <trkpt lat="51.545056" lon="-0.155075"><ele>35.25</ele></trkpt>
      <trkpt lat="51.545264" lon="-0.155376"><ele>36.25</ele></trkpt>
      <trkpt lat="51.545553" lon="-0.155804"><ele>37.75</ele></trkpt>
      <trkpt lat="51.545687" lon="-0.156006"><ele>38.5</ele></trkpt>
      <trkpt lat="51.545811" lon="-0.156192"><ele>39.25</ele></trkpt>
      <trkpt lat="51.545921" lon="-0.156385"><ele>40.25</ele></trkpt>
      <trkpt lat="51.546027" lon="-0.156563"><ele>41.25</ele></trkpt>
      <trkpt lat="51.546126" lon="-0.156758"><ele>42.25</ele></trkpt>
      <trkpt lat="51.546207" lon="-0.156928"><ele>43.25</ele></trkpt>
      <trkpt lat="51.546219" lon="-0.156913"><ele>43</ele></trkpt>
      <trkpt lat="51.546225" lon="-0.156905"><ele>43</ele></trkpt>
      <trkpt lat="51.546364" lon="-0.157283"><ele>45</ele></trkpt>
      <trkpt lat="51.546525" lon="-0.157805"><ele>48.5</ele></trkpt>
      <trkpt lat="51.546633" lon="-0.158108"><ele>49.25</ele></trkpt>
      <trkpt lat="51.546709" lon="-0.158309"><ele>50</ele></trkpt>
      <trkpt lat="51.546719" lon="-0.158335"><ele>50</ele></trkpt>
      <trkpt lat="51.546746" lon="-0.158405"><ele>50.5</ele></trkpt>
      <trkpt lat="51.546958" lon="-0.158848"><ele>52</ele></trkpt>
      <trkpt lat="51.546999" lon="-0.158854"><ele>52.25</ele></trkpt>
      <trkpt lat="51.547037" lon="-0.158938"><ele>52.75</ele></trkpt>
      <trkpt lat="51.547061" lon="-0.158992"><ele>53</ele></trkpt>
      <trkpt lat="51.547278" lon="-0.159465"><ele>54</ele></trkpt>
      <trkpt lat="51.547409" lon="-0.159726"><ele>55</ele></trkpt>
      <trkpt lat="51.547411" lon="-0.15973"><ele>55</ele></trkpt>
      <trkpt lat="51.547423" lon="-0.159752"><ele>55</ele></trkpt>
      <trkpt lat="51.547439" lon="-0.159784"><ele>55</ele></trkpt>
      <trkpt lat="51.547464" lon="-0.159831"><ele>55</ele></trkpt>
      <trkpt lat="51.547475" lon="-0.159852"><ele>55</ele></trkpt>
      <trkpt lat="51.547517" lon="-0.159931"><ele>55</ele></trkpt>
      <trkpt lat="51.547559" lon="-0.160007"><ele>55</ele></trkpt>
      <trkpt lat="51.547572" lon="-0.160033"><ele>55.25</ele></trkpt>
      <trkpt lat="51.547579" lon="-0.160045"><ele>55.25</ele></trkpt>
      <trkpt lat="51.547597" lon="-0.160077"><ele>55.25</ele></trkpt>
      <trkpt lat="51.547616" lon="-0.160113"><ele>55.25</ele></trkpt>
      <trkpt lat="51.547624" lon="-0.160134"><ele>55.25</ele></trkpt>
      <trkpt lat="51.547852" lon="-0.160486"><ele>56</ele></trkpt>
      <trkpt lat="51.547894" lon="-0.160549"><ele>56</ele></trkpt>
      <trkpt lat="51.547971" lon="-0.160658"><ele>56</ele></trkpt>
      <trkpt lat="51.548032" lon="-0.160749"><ele>56</ele></trkpt>
      <trkpt lat="51.548162" lon="-0.160942"><ele>56.75</ele></trkpt>
      <trkpt lat="51.548219" lon="-0.161031"><ele>57</ele></trkpt>
      <trkpt lat="51.548329" lon="-0.161202"><ele>57.25</ele></trkpt>
      <trkpt lat="51.548375" lon="-0.161273"><ele>57.5</ele></trkpt>
      <trkpt lat="51.5484" lon="-0.161311"><ele>57.75</ele></trkpt>
      <trkpt lat="51.548452" lon="-0.161383"><ele>57.75</ele></trkpt>
      <trkpt lat="51.548576" lon="-0.161557"><ele>58.5</ele></trkpt>
      <trkpt lat="51.548623" lon="-0.161549"><ele>58.5</ele></trkpt>
      <trkpt lat="51.548665" lon="-0.161611"><ele>59</ele></trkpt>
      <trkpt lat="51.548729" lon="-0.16171"><ele>59.25</ele></trkpt>
      <trkpt lat="51.548878" lon="-0.16194"><ele>59.75</ele></trkpt>
      <trkpt lat="51.548894" lon="-0.161964"><ele>60</ele></trkpt>
      <trkpt lat="51.549073" lon="-0.162235"><ele>60.5</ele></trkpt>
      <trkpt lat="51.549195" lon="-0.16245"><ele>61</ele></trkpt>
      <trkpt lat="51.549263" lon="-0.16259"><ele>61.5</ele></trkpt>
      <trkpt lat="51.549589" lon="-0.163227"><ele>63.5</ele></trkpt>
      <trkpt lat="51.549606" lon="-0.16326"><ele>63.5</ele></trkpt>
      <trkpt lat="51.549742" lon="-0.163534"><ele>64.5</ele></trkpt>
      <trkpt lat="51.549748" lon="-0.163527"><ele>64.5</ele></trkpt>
      <trkpt lat="51.549762" lon="-0.163508"><ele>64.5</ele></trkpt>
      <trkpt lat="51.549782" lon="-0.163549"><ele>64.75</ele></trkpt>
      <trkpt lat="51.550037" lon="-0.164057"><ele>66.5</ele></trkpt>
      <trkpt lat="51.550181" lon="-0.164319"><ele>67.5</ele></trkpt>
      <trkpt lat="51.550293" lon="-0.164496"><ele>68</ele></trkpt>
      <trkpt lat="51.550306" lon="-0.164513"><ele>68</ele></trkpt>
      <trkpt lat="51.550334" lon="-0.164551"><ele>68</ele></trkpt>
      <trkpt lat="51.550351" lon="-0.164573"><ele>68</ele></trkpt>
      <trkpt lat="51.550414" lon="-0.164462"><ele>68</ele></trkpt>
      <trkpt lat="51.550458" lon="-0.164374"><ele>67.75</ele></trkpt>
      <trkpt lat="51.550439" lon="-0.164347"><ele>67.75</ele></trkpt>
      <trkpt lat="51.550415" lon="-0.164353"><ele>67.75</ele></trkpt>
      <trkpt lat="51.550392" lon="-0.164316"><ele>67.75</ele></trkpt>
      <trkpt lat="51.550425" lon="-0.164392"><ele>67.75</ele></trkpt>
      <trkpt lat="51.550382" lon="-0.164466"><ele>67.75</ele></trkpt>
      <trkpt lat="51.550299" lon="-0.164628"><ele>67.75</ele></trkpt>
      <trkpt lat="51.550312" lon="-0.164646"><ele>67.75</ele></trkpt>
      <trkpt lat="51.550299" lon="-0.164628"><ele>67.75</ele></trkpt>
      <trkpt lat="51.550382" lon="-0.164466"><ele>67.75</ele></trkpt>
      <trkpt lat="51.550425" lon="-0.164392"><ele>67.75</ele></trkpt>
      <trkpt lat="51.550392" lon="-0.164316"><ele>67.75</ele></trkpt>
      <trkpt lat="51.550415" lon="-0.164353"><ele>67.75</ele></trkpt>
      <trkpt lat="51.550439" lon="-0.164347"><ele>67.75</ele></trkpt>
      <trkpt lat="51.550458" lon="-0.164374"><ele>67.75</ele></trkpt>
      <trkpt lat="51.550414" lon="-0.164462"><ele>68</ele></trkpt>
      <trkpt lat="51.550351" lon="-0.164573"><ele>68</ele></trkpt>
      <trkpt lat="51.550366" lon="-0.164574"><ele>68</ele></trkpt>
      <trkpt lat="51.550399" lon="-0.164595"><ele>68</ele></trkpt>
      <trkpt lat="51.550421" lon="-0.164627"><ele>68.25</ele></trkpt>
      <trkpt lat="51.550434" lon="-0.164646"><ele>68.25</ele></trkpt>
      <trkpt lat="51.550449" lon="-0.164667"><ele>68.25</ele></trkpt>
      <trkpt lat="51.55047" lon="-0.164695"><ele>68.5</ele></trkpt>
      <trkpt lat="51.551005" lon="-0.165485"><ele>71.25</ele></trkpt>
      <trkpt lat="51.550963" lon="-0.165566"><ele>71.25</ele></trkpt>
      <trkpt lat="51.551055" lon="-0.165705"><ele>71.75</ele></trkpt>
      <trkpt lat="51.551153" lon="-0.165854"><ele>72</ele></trkpt>
      <trkpt lat="51.551166" lon="-0.165875"><ele>72.25</ele></trkpt>
      <trkpt lat="51.551198" lon="-0.165924"><ele>72.5</ele></trkpt>
      <trkpt lat="51.551228" lon="-0.165972"><ele>72.5</ele></trkpt>
      <trkpt lat="51.551309" lon="-0.166094"><ele>72.75</ele></trkpt>
      <trkpt lat="51.551356" lon="-0.166163"><ele>73</ele></trkpt>
      <trkpt lat="51.55144" lon="-0.166288"><ele>73.75</ele></trkpt>
      <trkpt lat="51.551531" lon="-0.166415"><ele>74.5</ele></trkpt>
      <trkpt lat="51.551564" lon="-0.16646"><ele>74.5</ele></trkpt>
      <trkpt lat="51.551607" lon="-0.16652"><ele>74.75</ele></trkpt>
      <trkpt lat="51.55166" lon="-0.166594"><ele>74.75</ele></trkpt>
      <trkpt lat="51.551783" lon="-0.166758"><ele>75.25</ele></trkpt>
      <trkpt lat="51.551804" lon="-0.166787"><ele>75.25</ele></trkpt>
      <trkpt lat="51.551814" lon="-0.166801"><ele>75.25</ele></trkpt>
      <trkpt lat="51.551846" lon="-0.166846"><ele>75.5</ele></trkpt>
      <trkpt lat="51.55196" lon="-0.166978"><ele>76</ele></trkpt>
      <trkpt lat="51.552" lon="-0.167038"><ele>76.5</ele></trkpt>
      <trkpt lat="51.552071" lon="-0.167128"><ele>77</ele></trkpt>
      <trkpt lat="51.55214" lon="-0.167216"><ele>77.25</ele></trkpt>
      <trkpt lat="51.552338" lon="-0.167481"><ele>77.5</ele></trkpt>
      <trkpt lat="51.552392" lon="-0.167567"><ele>77.25</ele></trkpt>
      <trkpt lat="51.55243" lon="-0.167629"><ele>77.25</ele></trkpt>
      <trkpt lat="51.552495" lon="-0.167751"><ele>77</ele></trkpt>
      <trkpt lat="51.552606" lon="-0.167969"><ele>76.75</ele></trkpt>
      <trkpt lat="51.552636" lon="-0.168031"><ele>76.75</ele></trkpt>
      <trkpt lat="51.553062" lon="-0.168878"><ele>77.75</ele></trkpt>
      <trkpt lat="51.553084" lon="-0.168924"><ele>78</ele></trkpt>
      <trkpt lat="51.553171" lon="-0.169098"><ele>78.25</ele></trkpt>
      <trkpt lat="51.553249" lon="-0.169257"><ele>78.5</ele></trkpt>
      <trkpt lat="51.553341" lon="-0.169446"><ele>78.75</ele></trkpt>
      <trkpt lat="51.55336" lon="-0.169488"><ele>78.75</ele></trkpt>
      <trkpt lat="51.553389" lon="-0.16955"><ele>78.5</ele></trkpt>
      <trkpt lat="51.553593" lon="-0.169977"><ele>78.75</ele></trkpt>
      <trkpt lat="51.55372" lon="-0.17026"><ele>78.75</ele></trkpt>
      <trkpt lat="51.554507" lon="-0.171955"><ele>82</ele></trkpt>
      <trkpt lat="51.554618" lon="-0.172215"><ele>83.5</ele></trkpt>
      <trkpt lat="51.554699" lon="-0.172385"><ele>84.25</ele></trkpt>
      <trkpt lat="51.554789" lon="-0.172609"><ele>85.25</ele></trkpt>
      <trkpt lat="51.554825" lon="-0.172707"><ele>86</ele></trkpt>
      <trkpt lat="51.554882" lon="-0.172913"><ele>87</ele></trkpt>
      <trkpt lat="51.554948" lon="-0.173152"><ele>88</ele></trkpt>
      <trkpt lat="51.554986" lon="-0.173285"><ele>88.75</ele></trkpt>
      <trkpt lat="51.555095" lon="-0.173703"><ele>91.5</ele></trkpt>
      <trkpt lat="51.555169" lon="-0.173995"><ele>93.25</ele></trkpt>
      <trkpt lat="51.555192" lon="-0.174087"><ele>93.75</ele></trkpt>
      <trkpt lat="51.555226" lon="-0.174217"><ele>94.5</ele></trkpt>
      <trkpt lat="51.555314" lon="-0.174564"><ele>95.75</ele></trkpt>
      <trkpt lat="51.555471" lon="-0.175299"><ele>99.25</ele></trkpt>
      <trkpt lat="51.555501" lon="-0.175475"><ele>99.25</ele></trkpt>
      <trkpt lat="51.555593" lon="-0.175934"><ele>100</ele></trkpt>
      <trkpt lat="51.555607" lon="-0.176011"><ele>100.25</ele></trkpt>
      <trkpt lat="51.555633" lon="-0.176187"><ele>100.75</ele></trkpt>
      <trkpt lat="51.555669" lon="-0.176368"><ele>101.5</ele></trkpt>
      <trkpt lat="51.555831" lon="-0.176828"><ele>101.5</ele></trkpt>
      <trkpt lat="51.555892" lon="-0.177011"><ele>102</ele></trkpt>
      <trkpt lat="51.555922" lon="-0.177099"><ele>102.25</ele></trkpt>
      <trkpt lat="51.555938" lon="-0.177138"><ele>102.5</ele></trkpt>
      <trkpt lat="51.556007" lon="-0.177293"><ele>103</ele></trkpt>
      <trkpt lat="51.556061" lon="-0.177428"><ele>103</ele></trkpt>
      <trkpt lat="51.556113" lon="-0.177578"><ele>103.75</ele></trkpt>
      <trkpt lat="51.556163" lon="-0.177719"><ele>103.75</ele></trkpt>
      <trkpt lat="51.55618" lon="-0.177762"><ele>104</ele></trkpt>
      <trkpt lat="51.556202" lon="-0.177808"><ele>104.25</ele></trkpt>
      <trkpt lat="51.556278" lon="-0.17797"><ele>104.75</ele></trkpt>
      <trkpt lat="51.556352" lon="-0.178114"><ele>105</ele></trkpt>
      <trkpt lat="51.556488" lon="-0.178315"><ele>106.5</ele></trkpt>
      <trkpt lat="51.556516" lon="-0.178352"><ele>106.75</ele></trkpt>
      <trkpt lat="51.556542" lon="-0.178387"><ele>107.25</ele></trkpt>
      <trkpt lat="51.556661" lon="-0.178543"><ele>107.75</ele></trkpt>
      <trkpt lat="51.556765" lon="-0.178474"><ele>108.75</ele></trkpt>
      <trkpt lat="51.556797" lon="-0.178452"><ele>109</ele></trkpt>
      <trkpt lat="51.556831" lon="-0.178427"><ele>109.25</ele></trkpt>
      <trkpt lat="51.556912" lon="-0.178371"><ele>109.75</ele></trkpt>
      <trkpt lat="51.557133" lon="-0.178286"><ele>112</ele></trkpt>
      <trkpt lat="51.557236" lon="-0.178266"><ele>113</ele></trkpt>
      <trkpt lat="51.557333" lon="-0.17827"><ele>113.5</ele></trkpt>
      <trkpt lat="51.557444" lon="-0.178298"><ele>114.25</ele></trkpt>
      <trkpt lat="51.557521" lon="-0.17833"><ele>114.75</ele></trkpt>
      <trkpt lat="51.557721" lon="-0.178455"><ele>115</ele></trkpt>
      <trkpt lat="51.557729" lon="-0.178463"><ele>115</ele></trkpt>
      <trkpt lat="51.557829" lon="-0.178522"><ele>115</ele></trkpt>
      <trkpt lat="51.558033" lon="-0.178617"><ele>116</ele></trkpt>
      <trkpt lat="51.558116" lon="-0.178638"><ele>116.5</ele></trkpt>
      <trkpt lat="51.558263" lon="-0.178656"><ele>117.25</ele></trkpt>
      <trkpt lat="51.558366" lon="-0.178658"><ele>117.75</ele></trkpt>
      <trkpt lat="51.55859" lon="-0.178634"><ele>118.25</ele></trkpt>
      <trkpt lat="51.558681" lon="-0.178612"><ele>118.75</ele></trkpt>
      <trkpt lat="51.558709" lon="-0.178593"><ele>118.75</ele></trkpt>
      <trkpt lat="51.558725" lon="-0.178581"><ele>119</ele></trkpt>
      <trkpt lat="51.558798" lon="-0.178545"><ele>119.75</ele></trkpt>
      <trkpt lat="51.558902" lon="-0.178479"><ele>120.5</ele></trkpt>
      <trkpt lat="51.559066" lon="-0.178412"><ele>121.5</ele></trkpt>
      <trkpt lat="51.559269" lon="-0.178401"><ele>123</ele></trkpt>
      <trkpt lat="51.559434" lon="-0.17843"><ele>124.5</ele></trkpt>
      <trkpt lat="51.559532" lon="-0.178457"><ele>125.25</ele></trkpt>
      <trkpt lat="51.559852" lon="-0.178604"><ele>127.25</ele></trkpt>
      <trkpt lat="51.560277" lon="-0.178862"><ele>130</ele></trkpt>
      <trkpt lat="51.560728" lon="-0.17909"><ele>131.75</ele></trkpt>
      <trkpt lat="51.560858" lon="-0.179156"><ele>132</ele></trkpt>
      <trkpt lat="51.560891" lon="-0.179173"><ele>132</ele></trkpt>
      <trkpt lat="51.560918" lon="-0.179187"><ele>132.25</ele></trkpt>
      <trkpt lat="51.561039" lon="-0.17927"><ele>133</ele></trkpt>
      <trkpt lat="51.561149" lon="-0.179314"><ele>133.5</ele></trkpt>
      <trkpt lat="51.561162" lon="-0.179321"><ele>133.5</ele></trkpt>
      <trkpt lat="51.561184" lon="-0.179334"><ele>133.5</ele></trkpt>
      <trkpt lat="51.561243" lon="-0.179367"><ele>133.5</ele></trkpt>
      <trkpt lat="51.561447" lon="-0.179484"><ele>133.5</ele></trkpt>
      <trkpt lat="51.561675" lon="-0.179587"><ele>133</ele></trkpt>
      <trkpt lat="51.561834" lon="-0.179639"><ele>133.25</ele></trkpt>
      <trkpt lat="51.56211" lon="-0.179723"><ele>134</ele></trkpt>
      <trkpt lat="51.562158" lon="-0.179693"><ele>133.5</ele></trkpt>
      <trkpt lat="51.562298" lon="-0.179708"><ele>133.75</ele></trkpt>
      <trkpt lat="51.562475" lon="-0.17966"><ele>133.5</ele></trkpt>
      <trkpt lat="51.562608" lon="-0.179697"><ele>134</ele></trkpt>
      <trkpt lat="51.562741" lon="-0.179851"><ele>134.25</ele></trkpt>
      <trkpt lat="51.562785" lon="-0.179898"><ele>134.25</ele></trkpt>
      <trkpt lat="51.562816" lon="-0.179923"><ele>134</ele></trkpt>
      <trkpt lat="51.56306" lon="-0.180015"><ele>132.75</ele></trkpt>
      <trkpt lat="51.563132" lon="-0.180042"><ele>132.75</ele></trkpt>
      <trkpt lat="51.563941" lon="-0.18032"><ele>130.75</ele></trkpt>
      <trkpt lat="51.564189" lon="-0.180399"><ele>130.5</ele></trkpt>
      <trkpt lat="51.564395" lon="-0.180468"><ele>130</ele></trkpt>
      <trkpt lat="51.564849" lon="-0.180621"><ele>130</ele></trkpt>
      <trkpt lat="51.564913" lon="-0.180654"><ele>130</ele></trkpt>
      <trkpt lat="51.565015" lon="-0.180706"><ele>129.75</ele></trkpt>
      <trkpt lat="51.565202" lon="-0.180783"><ele>129.5</ele></trkpt>
      <trkpt lat="51.565261" lon="-0.180818"><ele>129</ele></trkpt>
      <trkpt lat="51.565317" lon="-0.180872"><ele>128.75</ele></trkpt>
      <trkpt lat="51.565578" lon="-0.18113"><ele>127</ele></trkpt>
      <trkpt lat="51.565865" lon="-0.181539"><ele>125.25</ele></trkpt>
      <trkpt lat="51.566288" lon="-0.182198"><ele>122</ele></trkpt>
      <trkpt lat="51.566422" lon="-0.182354"><ele>120.5</ele></trkpt>
      <trkpt lat="51.566555" lon="-0.182448"><ele>119.25</ele></trkpt>
      <trkpt lat="51.566733" lon="-0.182531"><ele>116.75</ele></trkpt>
      <trkpt lat="51.567252" lon="-0.182704"><ele>112.75</ele></trkpt>
      <trkpt lat="51.567276" lon="-0.182714"><ele>112.5</ele></trkpt>
      <trkpt lat="51.56736" lon="-0.18276"><ele>112</ele></trkpt>
      <trkpt lat="51.567501" lon="-0.182905"><ele>110.75</ele></trkpt>
      <trkpt lat="51.567532" lon="-0.18294"><ele>110.75</ele></trkpt>
      <trkpt lat="51.567621" lon="-0.183045"><ele>110.5</ele></trkpt>
      <trkpt lat="51.567752" lon="-0.183218"><ele>110</ele></trkpt>
      <trkpt lat="51.56792" lon="-0.183436"><ele>109.5</ele></trkpt>
      <trkpt lat="51.568015" lon="-0.18357"><ele>109.25</ele></trkpt>
      <trkpt lat="51.568044" lon="-0.183621"><ele>109</ele></trkpt>
      <trkpt lat="51.568103" lon="-0.183747"><ele>108.5</ele></trkpt>
      <trkpt lat="51.568139" lon="-0.183822"><ele>108.25</ele></trkpt>
      <trkpt lat="51.568423" lon="-0.184422"><ele>106.5</ele></trkpt>
      <trkpt lat="51.56845" lon="-0.184478"><ele>106.5</ele></trkpt>
      <trkpt lat="51.568589" lon="-0.184703"><ele>105</ele></trkpt>
      <trkpt lat="51.568696" lon="-0.184834"><ele>104</ele></trkpt>
      <trkpt lat="51.569094" lon="-0.185318"><ele>98.25</ele></trkpt>
      <trkpt lat="51.569179" lon="-0.18545"><ele>96.5</ele></trkpt>
      <trkpt lat="51.569225" lon="-0.185551"><ele>95.75</ele></trkpt>
      <trkpt lat="51.569223" lon="-0.185614"><ele>95.5</ele></trkpt>
      <trkpt lat="51.569242" lon="-0.185657"><ele>95.25</ele></trkpt>
      <trkpt lat="51.569282" lon="-0.18573"><ele>94.5</ele></trkpt>
      <trkpt lat="51.569343" lon="-0.185841"><ele>93.5</ele></trkpt>
      <trkpt lat="51.569404" lon="-0.185884"><ele>93</ele></trkpt>
      <trkpt lat="51.569446" lon="-0.185961"><ele>92.5</ele></trkpt>
      <trkpt lat="51.569636" lon="-0.18629"><ele>90.5</ele></trkpt>
      <trkpt lat="51.569812" lon="-0.186593"><ele>88.75</ele></trkpt>
      <trkpt lat="51.569985" lon="-0.186973"><ele>87</ele></trkpt>
      <trkpt lat="51.570031" lon="-0.1871"><ele>86.75</ele></trkpt>
      <trkpt lat="51.570146" lon="-0.187419"><ele>86.25</ele></trkpt>
      <trkpt lat="51.570263" lon="-0.187777"><ele>86</ele></trkpt>
      <trkpt lat="51.570593" lon="-0.188772"><ele>83.25</ele></trkpt>
      <trkpt lat="51.570654" lon="-0.188986"><ele>82.75</ele></trkpt>
      <trkpt lat="51.570804" lon="-0.189532"><ele>81.75</ele></trkpt>
      <trkpt lat="51.570885" lon="-0.189931"><ele>80</ele></trkpt>
      <trkpt lat="51.571139" lon="-0.191554"><ele>78.25</ele></trkpt>
      <trkpt lat="51.571249" lon="-0.19233"><ele>76.5</ele></trkpt>
      <trkpt lat="51.571359" lon="-0.193134"><ele>72.75</ele></trkpt>
      <trkpt lat="51.571372" lon="-0.193207"><ele>72.5</ele></trkpt>
      <trkpt lat="51.571393" lon="-0.193313"><ele>72</ele></trkpt>
      <trkpt lat="51.571432" lon="-0.193535"><ele>72</ele></trkpt>
      <trkpt lat="51.571487" lon="-0.19381"><ele>71.25</ele></trkpt>
      <trkpt lat="51.571556" lon="-0.19377"><ele>71.25</ele></trkpt>
      <trkpt lat="51.571604" lon="-0.193795"><ele>71.25</ele></trkpt>
      <trkpt lat="51.571765" lon="-0.193739"><ele>71</ele></trkpt>
      <trkpt lat="51.571938" lon="-0.193709"><ele>70.5</ele></trkpt>
      <trkpt lat="51.572021" lon="-0.194059"><ele>70.75</ele></trkpt>
      <trkpt lat="51.572059" lon="-0.194244"><ele>71</ele></trkpt>
      <trkpt lat="51.572072" lon="-0.194397"><ele>70.5</ele></trkpt>
      <trkpt lat="51.572092" lon="-0.194478"><ele>70.25</ele></trkpt>
      <trkpt lat="51.572106" lon="-0.194443"><ele>70.5</ele></trkpt>
      <trkpt lat="51.572161" lon="-0.19434"><ele>71.25</ele></trkpt>
      <trkpt lat="51.572173" lon="-0.194324"><ele>71.5</ele></trkpt>
      <trkpt lat="51.572229" lon="-0.194281"><ele>71.5</ele></trkpt>
      <trkpt lat="51.572298" lon="-0.194226"><ele>71.5</ele></trkpt>
      <trkpt lat="51.572257" lon="-0.194088"><ele>71.5</ele></trkpt>
      <trkpt lat="51.572298" lon="-0.194226"><ele>71.5</ele></trkpt>
      <trkpt lat="51.572229" lon="-0.194281"><ele>71.5</ele></trkpt>
      <trkpt lat="51.572173" lon="-0.194324"><ele>71.5</ele></trkpt>
      <trkpt lat="51.572161" lon="-0.19434"><ele>71.25</ele></trkpt>
      <trkpt lat="51.572106" lon="-0.194443"><ele>70.5</ele></trkpt>
      <trkpt lat="51.572092" lon="-0.194478"><ele>70.25</ele></trkpt>
      <trkpt lat="51.572136" lon="-0.194608"><ele>69.5</ele></trkpt>
      <trkpt lat="51.572189" lon="-0.194708"><ele>69</ele></trkpt>
      <trkpt lat="51.571936" lon="-0.195129"><ele>69</ele></trkpt>
      <trkpt lat="51.571966" lon="-0.195125"><ele>69</ele></trkpt>
      <trkpt lat="51.572011" lon="-0.195211"><ele>69</ele></trkpt>
      <trkpt lat="51.571981" lon="-0.195258"><ele>69</ele></trkpt>
      <trkpt lat="51.571957" lon="-0.195316"><ele>68.75</ele></trkpt>
      <trkpt lat="51.571939" lon="-0.195403"><ele>68.5</ele></trkpt>
      <trkpt lat="51.571925" lon="-0.195401"><ele>68.5</ele></trkpt>
      <trkpt lat="51.571932" lon="-0.19552"><ele>68</ele></trkpt>
      <trkpt lat="51.571941" lon="-0.19562"><ele>68</ele></trkpt>
      <trkpt lat="51.571919" lon="-0.195637"><ele>68</ele></trkpt>
      <trkpt lat="51.57205" lon="-0.196359"><ele>67</ele></trkpt>
      <trkpt lat="51.57206" lon="-0.196416"><ele>67</ele></trkpt>
      <trkpt lat="51.572074" lon="-0.196488"><ele>67</ele></trkpt>
      <trkpt lat="51.57216" lon="-0.196908"><ele>67</ele></trkpt>
      <trkpt lat="51.572572" lon="-0.198265"><ele>66</ele></trkpt>
      <trkpt lat="51.572674" lon="-0.19859"><ele>66</ele></trkpt>
      <trkpt lat="51.572759" lon="-0.198828"><ele>66</ele></trkpt>
      <trkpt lat="51.572958" lon="-0.199194"><ele>66</ele></trkpt>
      <trkpt lat="51.573143" lon="-0.199467"><ele>65.5</ele></trkpt>
      <trkpt lat="51.573089" lon="-0.199562"><ele>65.75</ele></trkpt>
      <trkpt lat="51.573166" lon="-0.199685"><ele>65.75</ele></trkpt>
      <trkpt lat="51.573244" lon="-0.199806"><ele>66</ele></trkpt>
      <trkpt lat="51.573269" lon="-0.199845"><ele>66</ele></trkpt>
      <trkpt lat="51.573638" lon="-0.20044"><ele>65</ele></trkpt>
      <trkpt lat="51.5738" lon="-0.200758"><ele>65</ele></trkpt>
      <trkpt lat="51.57392" lon="-0.200971"><ele>64.75</ele></trkpt>
      <trkpt lat="51.573982" lon="-0.20108"><ele>64.5</ele></trkpt>
      <trkpt lat="51.574256" lon="-0.201571"><ele>63.75</ele></trkpt>
      <trkpt lat="51.574453" lon="-0.201947"><ele>62.75</ele></trkpt>
      <trkpt lat="51.574531" lon="-0.202094"><ele>62.5</ele></trkpt>
      <trkpt lat="51.574835" lon="-0.20262"><ele>61.75</ele></trkpt>
      <trkpt lat="51.574881" lon="-0.202696"><ele>61.75</ele></trkpt>
      <trkpt lat="51.574896" lon="-0.202722"><ele>61.75</ele></trkpt>
      <trkpt lat="51.574928" lon="-0.202777"><ele>61.75</ele></trkpt>
      <trkpt lat="51.57523" lon="-0.203285"><ele>61.75</ele></trkpt>
      <trkpt lat="51.575351" lon="-0.20349"><ele>61.5</ele></trkpt>
      <trkpt lat="51.575389" lon="-0.203554"><ele>61.5</ele></trkpt>
      <trkpt lat="51.575628" lon="-0.203954"><ele>61</ele></trkpt>
      <trkpt lat="51.57571" lon="-0.204083"><ele>61</ele></trkpt>
      <trkpt lat="51.57576" lon="-0.204155"><ele>61</ele></trkpt>
      <trkpt lat="51.575967" lon="-0.204468"><ele>60.5</ele></trkpt>
      <trkpt lat="51.576184" lon="-0.204802"><ele>60</ele></trkpt>
      <trkpt lat="51.57649" lon="-0.205269"><ele>60</ele></trkpt>
      <trkpt lat="51.576585" lon="-0.205403"><ele>60</ele></trkpt>
      <trkpt lat="51.577263" lon="-0.206376"><ele>58.75</ele></trkpt>
      <trkpt lat="51.577407" lon="-0.206595"><ele>58.25</ele></trkpt>
      <trkpt lat="51.577582" lon="-0.20687"><ele>58.5</ele></trkpt>
      <trkpt lat="51.577746" lon="-0.207104"><ele>58</ele></trkpt>
      <trkpt lat="51.578032" lon="-0.20745"><ele>57</ele></trkpt>
      <trkpt lat="51.578072" lon="-0.207493"><ele>57</ele></trkpt>
      <trkpt lat="51.578112" lon="-0.207528"><ele>56.75</ele></trkpt>
      <trkpt lat="51.57826" lon="-0.207656"><ele>57</ele></trkpt>
      <trkpt lat="51.57823" lon="-0.207732"><ele>57</ele></trkpt>
      <trkpt lat="51.578218" lon="-0.207763"><ele>57</ele></trkpt>
      <trkpt lat="51.578048" lon="-0.208178"><ele>57</ele></trkpt>
      <trkpt lat="51.577596" lon="-0.209177"><ele>56.75</ele></trkpt>
      <trkpt lat="51.577373" lon="-0.209736"><ele>55.25</ele></trkpt>
      <trkpt lat="51.577168" lon="-0.210217"><ele>53.75</ele></trkpt>
      <trkpt lat="51.576913" lon="-0.211186"><ele>50.75</ele></trkpt>
      <trkpt lat="51.576852" lon="-0.2114"><ele>50.5</ele></trkpt>
      <trkpt lat="51.576658" lon="-0.21221"><ele>49</ele></trkpt>
      <trkpt lat="51.576519" lon="-0.212772"><ele>48.25</ele></trkpt>
      <trkpt lat="51.576736" lon="-0.213205"><ele>49</ele></trkpt>
      <trkpt lat="51.57678" lon="-0.213286"><ele>49.25</ele></trkpt>
      <trkpt lat="51.576849" lon="-0.213425"><ele>49.5</ele></trkpt>
      <trkpt lat="51.576673" lon="-0.213617"><ele>52.75</ele></trkpt>
      <trkpt lat="51.576667" lon="-0.213604"><ele>51.5</ele></trkpt>
      <trkpt lat="51.576673" lon="-0.213617"><ele>52.75</ele></trkpt>
      <trkpt lat="51.576849" lon="-0.213425"><ele>49.5</ele></trkpt>
      <trkpt lat="51.576905" lon="-0.213544"><ele>49.25</ele></trkpt>
      <trkpt lat="51.576941" lon="-0.213625"><ele>49</ele></trkpt>
      <trkpt lat="51.577091" lon="-0.213441"><ele>48.75</ele></trkpt>
      <trkpt lat="51.577241" lon="-0.213257"><ele>49</ele></trkpt>
      <trkpt lat="51.577454" lon="-0.213712"><ele>47.5</ele></trkpt>
      <trkpt lat="51.578063" lon="-0.21519"><ele>41.75</ele></trkpt>
      <trkpt lat="51.57807" lon="-0.215207"><ele>41.75</ele></trkpt>
      <trkpt lat="51.578102" lon="-0.215285"><ele>41.75</ele></trkpt>
      <trkpt lat="51.577788" lon="-0.215904"><ele>41</ele></trkpt>
      <trkpt lat="51.57776" lon="-0.215955"><ele>41.25</ele></trkpt>
      <trkpt lat="51.577417" lon="-0.216573"><ele>41.25</ele></trkpt>
      <trkpt lat="51.577206" lon="-0.217053"><ele>41.5</ele></trkpt>
      <trkpt lat="51.577089" lon="-0.217348"><ele>41.75</ele></trkpt>
      <trkpt lat="51.576962" lon="-0.217632"><ele>42.25</ele></trkpt>
      <trkpt lat="51.576927" lon="-0.217673"><ele>42.5</ele></trkpt>
      <trkpt lat="51.576886" lon="-0.217707"><ele>42.5</ele></trkpt>
      <trkpt lat="51.576841" lon="-0.21773"><ele>42.5</ele></trkpt>
      <trkpt lat="51.576748" lon="-0.217721"><ele>42.75</ele></trkpt>
      <trkpt lat="51.576814" lon="-0.217806"><ele>43</ele></trkpt>
      <trkpt lat="51.57711" lon="-0.218475"><ele>44</ele></trkpt>
      <trkpt lat="51.577128" lon="-0.218538"><ele>44.25</ele></trkpt>
      <trkpt lat="51.577144" lon="-0.21861"><ele>44.25</ele></trkpt>
      <trkpt lat="51.57715" lon="-0.218675"><ele>44.25</ele></trkpt>
      <trkpt lat="51.577216" lon="-0.218951"><ele>44.75</ele></trkpt>
      <trkpt lat="51.577323" lon="-0.219231"><ele>45.25</ele></trkpt>
      <trkpt lat="51.577521" lon="-0.219662"><ele>45.75</ele></trkpt>
      <trkpt lat="51.577567" lon="-0.219764"><ele>46</ele></trkpt>
      <trkpt lat="51.577885" lon="-0.220505"><ele>49.5</ele></trkpt>
      <trkpt lat="51.578253" lon="-0.221729"><ele>52</ele></trkpt>
      <trkpt lat="51.57848" lon="-0.22238"><ele>54</ele></trkpt>
      <trkpt lat="51.578573" lon="-0.22264"><ele>54.75</ele></trkpt>
      <trkpt lat="51.578673" lon="-0.222923"><ele>55</ele></trkpt>
      <trkpt lat="51.578791" lon="-0.223271"><ele>55.5</ele></trkpt>
      <trkpt lat="51.578938" lon="-0.223687"><ele>56</ele></trkpt>
      <trkpt lat="51.579176" lon="-0.224292"><ele>57</ele></trkpt>
      <trkpt lat="51.579466" lon="-0.224813"><ele>58</ele></trkpt>
      <trkpt lat="51.579776" lon="-0.225252"><ele>58.25</ele></trkpt>
      <trkpt lat="51.579849" lon="-0.225335"><ele>58.75</ele></trkpt>
      <trkpt lat="51.579922" lon="-0.225419"><ele>59</ele></trkpt>
      <trkpt lat="51.580055" lon="-0.225546"><ele>59</ele></trkpt>
      <trkpt lat="51.580153" lon="-0.225639"><ele>59.25</ele></trkpt>
      <trkpt lat="51.580368" lon="-0.225818"><ele>59.25</ele></trkpt>
      <trkpt lat="51.58108" lon="-0.226329"><ele>60</ele></trkpt>
      <trkpt lat="51.581227" lon="-0.226434"><ele>60.25</ele></trkpt>
      <trkpt lat="51.581327" lon="-0.226504"><ele>60.75</ele></trkpt>
      <trkpt lat="51.581436" lon="-0.226581"><ele>61</ele></trkpt>
      <trkpt lat="51.58156" lon="-0.226665"><ele>61</ele></trkpt>
      <trkpt lat="51.581712" lon="-0.226758"><ele>61.25</ele></trkpt>
      <trkpt lat="51.581873" lon="-0.226824"><ele>61.75</ele></trkpt>
      <trkpt lat="51.582048" lon="-0.226859"><ele>62.25</ele></trkpt>
      <trkpt lat="51.58223" lon="-0.226866"><ele>63</ele></trkpt>
      <trkpt lat="51.582439" lon="-0.226834"><ele>63.75</ele></trkpt>
      <trkpt lat="51.582474" lon="-0.226831"><ele>63.75</ele></trkpt>
      <trkpt lat="51.582715" lon="-0.226861"><ele>64</ele></trkpt>
      <trkpt lat="51.582802" lon="-0.226895"><ele>64</ele></trkpt>
      <trkpt lat="51.582919" lon="-0.226975"><ele>64</ele></trkpt>
      <trkpt lat="51.582984" lon="-0.227032"><ele>64</ele></trkpt>
      <trkpt lat="51.583092" lon="-0.227177"><ele>64.75</ele></trkpt>
      <trkpt lat="51.583355" lon="-0.227528"><ele>65</ele></trkpt>
      <trkpt lat="51.583772" lon="-0.228"><ele>67.5</ele></trkpt>
      <trkpt lat="51.583812" lon="-0.227886"><ele>67.5</ele></trkpt>
      <trkpt lat="51.583831" lon="-0.227831"><ele>67.75</ele></trkpt>
      <trkpt lat="51.583902" lon="-0.22763"><ele>67</ele></trkpt>
      <trkpt lat="51.58378" lon="-0.227488"><ele>66.25</ele></trkpt>
      <trkpt lat="51.583342" lon="-0.226898"><ele>65.25</ele></trkpt>
      <trkpt lat="51.58378" lon="-0.227488"><ele>66.25</ele></trkpt>
      <trkpt lat="51.583902" lon="-0.22763"><ele>67</ele></trkpt>
      <trkpt lat="51.583831" lon="-0.227831"><ele>67.75</ele></trkpt>
      <trkpt lat="51.583812" lon="-0.227886"><ele>67.5</ele></trkpt>
      <trkpt lat="51.583997" lon="-0.228082"><ele>68.75</ele></trkpt>
      <trkpt lat="51.584156" lon="-0.228272"><ele>69.75</ele></trkpt>
      <trkpt lat="51.584401" lon="-0.228592"><ele>71.75</ele></trkpt>
      <trkpt lat="51.584423" lon="-0.228604"><ele>71.75</ele></trkpt>
      <trkpt lat="51.584606" lon="-0.228828"><ele>73.75</ele></trkpt>
      <trkpt lat="51.584453" lon="-0.229114"><ele>71.25</ele></trkpt>
      <trkpt lat="51.584508" lon="-0.229193"><ele>71.75</ele></trkpt>
      <trkpt lat="51.584529" lon="-0.229264"><ele>72.75</ele></trkpt>
      <trkpt lat="51.584566" lon="-0.22932"><ele>73.25</ele></trkpt>
      <trkpt lat="51.584585" lon="-0.229348"><ele>73.75</ele></trkpt>
      <trkpt lat="51.584641" lon="-0.229261"><ele>73.5</ele></trkpt>
      <trkpt lat="51.584941" lon="-0.229695"><ele>76.75</ele></trkpt>
      <trkpt lat="51.585196" lon="-0.23009"><ele>78</ele></trkpt>
      <trkpt lat="51.585279" lon="-0.230211"><ele>78.75</ele></trkpt>
      <trkpt lat="51.585388" lon="-0.230343"><ele>79</ele></trkpt>
      <trkpt lat="51.585654" lon="-0.230721"><ele>79.25</ele></trkpt>
      <trkpt lat="51.585811" lon="-0.230964"><ele>80.75</ele></trkpt>
      <trkpt lat="51.58588" lon="-0.231064"><ele>81</ele></trkpt>
      <trkpt lat="51.586092" lon="-0.231315"><ele>81.75</ele></trkpt>
      <trkpt lat="51.586239" lon="-0.231496"><ele>81.5</ele></trkpt>
      <trkpt lat="51.586399" lon="-0.231711"><ele>80.75</ele></trkpt>
      <trkpt lat="51.586601" lon="-0.232036"><ele>80</ele></trkpt>
      <trkpt lat="51.586715" lon="-0.232247"><ele>79.75</ele></trkpt>
      <trkpt lat="51.586817" lon="-0.232485"><ele>78.75</ele></trkpt>
      <trkpt lat="51.586891" lon="-0.232695"><ele>78.25</ele></trkpt>
      <trkpt lat="51.587002" lon="-0.233096"><ele>76.75</ele></trkpt>
      <trkpt lat="51.587177" lon="-0.233832"><ele>74</ele></trkpt>
      <trkpt lat="51.587265" lon="-0.234154"><ele>72.75</ele></trkpt>
      <trkpt lat="51.587303" lon="-0.234265"><ele>72</ele></trkpt>
      <trkpt lat="51.58735" lon="-0.234514"><ele>70.75</ele></trkpt>
      <trkpt lat="51.587512" lon="-0.235153"><ele>68.75</ele></trkpt>
      <trkpt lat="51.58771" lon="-0.236001"><ele>64</ele></trkpt>
      <trkpt lat="51.587772" lon="-0.23614"><ele>63.75</ele></trkpt>
      <trkpt lat="51.587821" lon="-0.236421"><ele>62.5</ele></trkpt>
      <trkpt lat="51.587853" lon="-0.236666"><ele>61</ele></trkpt>
      <trkpt lat="51.587885" lon="-0.237168"><ele>60</ele></trkpt>
      <trkpt lat="51.587933" lon="-0.237415"><ele>59.5</ele></trkpt>
      <trkpt lat="51.587973" lon="-0.237675"><ele>59.25</ele></trkpt>
      <trkpt lat="51.588058" lon="-0.23806"><ele>58.75</ele></trkpt>
      <trkpt lat="51.588203" lon="-0.238521"><ele>58</ele></trkpt>
      <trkpt lat="51.588363" lon="-0.238906"><ele>57.5</ele></trkpt>
      <trkpt lat="51.588454" lon="-0.239092"><ele>57.25</ele></trkpt>
      <trkpt lat="51.588549" lon="-0.239264"><ele>57</ele></trkpt>
      <trkpt lat="51.588745" lon="-0.239571"><ele>56.5</ele></trkpt>
      <trkpt lat="51.588904" lon="-0.239818"><ele>56.5</ele></trkpt>
      <trkpt lat="51.589301" lon="-0.24042"><ele>52.25</ele></trkpt>
      <trkpt lat="51.589488" lon="-0.240659"><ele>51.5</ele></trkpt>
      <trkpt lat="51.589609" lon="-0.240807"><ele>50.75</ele></trkpt>
      <trkpt lat="51.589633" lon="-0.240837"><ele>50.75</ele></trkpt>
      <trkpt lat="51.589702" lon="-0.240922"><ele>50.75</ele></trkpt>
      <trkpt lat="51.590111" lon="-0.241429"><ele>48.5</ele></trkpt>
      <trkpt lat="51.590345" lon="-0.241729"><ele>47.25</ele></trkpt>
      <trkpt lat="51.59041" lon="-0.241824"><ele>46.5</ele></trkpt>
      <trkpt lat="51.590558" lon="-0.242076"><ele>46.5</ele></trkpt>
      <trkpt lat="51.590663" lon="-0.242272"><ele>45.25</ele></trkpt>
      <trkpt lat="51.59068" lon="-0.242308"><ele>45</ele></trkpt>
      <trkpt lat="51.590737" lon="-0.242439"><ele>44.75</ele></trkpt>
      <trkpt lat="51.590849" lon="-0.242742"><ele>44</ele></trkpt>
      <trkpt lat="51.590913" lon="-0.242994"><ele>42.5</ele></trkpt>
      <trkpt lat="51.590993" lon="-0.243458"><ele>41.5</ele></trkpt>
      <trkpt lat="51.591022" lon="-0.243784"><ele>40.5</ele></trkpt>
      <trkpt lat="51.591025" lon="-0.243878"><ele>40.25</ele></trkpt>
      <trkpt lat="51.59101" lon="-0.244253"><ele>39.5</ele></trkpt>
      <trkpt lat="51.59099" lon="-0.244446"><ele>40.25</ele></trkpt>
      <trkpt lat="51.590996" lon="-0.24463"><ele>40.75</ele></trkpt>
      <trkpt lat="51.591025" lon="-0.245042"><ele>41</ele></trkpt>
      <trkpt lat="51.591075" lon="-0.245692"><ele>41.5</ele></trkpt>
      <trkpt lat="51.59111" lon="-0.246064"><ele>42</ele></trkpt>
      <trkpt lat="51.591126" lon="-0.246289"><ele>42.5</ele></trkpt>
      <trkpt lat="51.591215" lon="-0.247091"><ele>42.75</ele></trkpt>
      <trkpt lat="51.591235" lon="-0.24727"><ele>43</ele></trkpt>
      <trkpt lat="51.591341" lon="-0.248211"><ele>42</ele></trkpt>
      <trkpt lat="51.591939" lon="-0.248012"><ele>42</ele></trkpt>
      <trkpt lat="51.592738" lon="-0.247761"><ele>42.75</ele></trkpt>
      <trkpt lat="51.593078" lon="-0.247658"><ele>43</ele></trkpt>
      <trkpt lat="51.593403" lon="-0.247552"><ele>43.25</ele></trkpt>
      <trkpt lat="51.593503" lon="-0.24752"><ele>43.5</ele></trkpt>
      <trkpt lat="51.593601" lon="-0.24755"><ele>44</ele></trkpt>
      <trkpt lat="51.593611" lon="-0.247527"><ele>44</ele></trkpt>
      <trkpt lat="51.593623" lon="-0.247523"><ele>44</ele></trkpt>
      <trkpt lat="51.59366" lon="-0.247538"><ele>44.25</ele></trkpt>
      <trkpt lat="51.593769" lon="-0.247678"><ele>44.75</ele></trkpt>
      <trkpt lat="51.593916" lon="-0.247929"><ele>45.5</ele></trkpt>
      <trkpt lat="51.59409" lon="-0.248262"><ele>46</ele></trkpt>
      <trkpt lat="51.594256" lon="-0.248554"><ele>46.75</ele></trkpt>
      <trkpt lat="51.594702" lon="-0.249283"><ele>47.25</ele></trkpt>
      <trkpt lat="51.594873" lon="-0.249577"><ele>47.75</ele></trkpt>
      <trkpt lat="51.594902" lon="-0.249633"><ele>48.25</ele></trkpt>
      <trkpt lat="51.594901" lon="-0.24967"><ele>48.5</ele></trkpt>
      <trkpt lat="51.59497" lon="-0.249698"><ele>48.75</ele></trkpt>
      <trkpt lat="51.595096" lon="-0.249781"><ele>48</ele></trkpt>
      <trkpt lat="51.595137" lon="-0.249827"><ele>47.75</ele></trkpt>
      <trkpt lat="51.595153" lon="-0.249794"><ele>47.25</ele></trkpt>
      <trkpt lat="51.595197" lon="-0.249763"><ele>46.5</ele></trkpt>
      <trkpt lat="51.595202" lon="-0.249751"><ele>46.25</ele></trkpt>
      <trkpt lat="51.595252" lon="-0.249654"><ele>46</ele></trkpt>
      <trkpt lat="51.595255" lon="-0.249659"><ele>46</ele></trkpt>
      <trkpt lat="51.595283" lon="-0.249701"><ele>46</ele></trkpt>
      <trkpt lat="51.595306" lon="-0.249737"><ele>45.75</ele></trkpt>
      <trkpt lat="51.595314" lon="-0.249749"><ele>45.75</ele></trkpt>
      <trkpt lat="51.595341" lon="-0.249692"><ele>45.75</ele></trkpt>
      <trkpt lat="51.595351" lon="-0.249706"><ele>45.75</ele></trkpt>
      <trkpt lat="51.59548" lon="-0.249903"><ele>46.25</ele></trkpt>
      <trkpt lat="51.595442" lon="-0.24997"><ele>46.5</ele></trkpt>
      <trkpt lat="51.595427" lon="-0.249947"><ele>46.75</ele></trkpt>
      <trkpt lat="51.595416" lon="-0.249931"><ele>46.75</ele></trkpt>
      <trkpt lat="51.595427" lon="-0.249947"><ele>46.75</ele></trkpt>
      <trkpt lat="51.595442" lon="-0.24997"><ele>46.5</ele></trkpt>
      <trkpt lat="51.59548" lon="-0.249903"><ele>46.25</ele></trkpt>
      <trkpt lat="51.595351" lon="-0.249706"><ele>45.75</ele></trkpt>
      <trkpt lat="51.595341" lon="-0.249692"><ele>45.75</ele></trkpt>
      <trkpt lat="51.595366" lon="-0.249639"><ele>46.25</ele></trkpt>
      <trkpt lat="51.595424" lon="-0.249514"><ele>47.25</ele></trkpt>
      <trkpt lat="51.595709" lon="-0.248898"><ele>48</ele></trkpt>
      <trkpt lat="51.595725" lon="-0.248863"><ele>47.75</ele></trkpt>
      <trkpt lat="51.595757" lon="-0.248793"><ele>47.25</ele></trkpt>
      <trkpt lat="51.596017" lon="-0.248247"><ele>46.75</ele></trkpt>
      <trkpt lat="51.596068" lon="-0.248141"><ele>46.75</ele></trkpt>
      <trkpt lat="51.59705" lon="-0.249351"><ele>47</ele></trkpt>
      <trkpt lat="51.597565" lon="-0.249989"><ele>47</ele></trkpt>
      <trkpt lat="51.597655" lon="-0.250111"><ele>47</ele></trkpt>
      <trkpt lat="51.597693" lon="-0.250173"><ele>47</ele></trkpt>
      <trkpt lat="51.597709" lon="-0.250227"><ele>47</ele></trkpt>
      <trkpt lat="51.597764" lon="-0.250866"><ele>47</ele></trkpt>
      <trkpt lat="51.597771" lon="-0.250953"><ele>47</ele></trkpt>
      <trkpt lat="51.597783" lon="-0.251088"><ele>46.75</ele></trkpt>
      <trkpt lat="51.597843" lon="-0.251444"><ele>46.75</ele></trkpt>
      <trkpt lat="51.597912" lon="-0.251764"><ele>46.25</ele></trkpt>
      <trkpt lat="51.597927" lon="-0.251836"><ele>46</ele></trkpt>
      <trkpt lat="51.597983" lon="-0.251869"><ele>46</ele></trkpt>
      <trkpt lat="51.59809" lon="-0.252145"><ele>46</ele></trkpt>
      <trkpt lat="51.598299" lon="-0.252585"><ele>46</ele></trkpt>
      <trkpt lat="51.598565" lon="-0.252946"><ele>46</ele></trkpt>
      <trkpt lat="51.59881" lon="-0.253244"><ele>46</ele></trkpt>
      <trkpt lat="51.599059" lon="-0.253537"><ele>46</ele></trkpt>
      <trkpt lat="51.599252" lon="-0.253807"><ele>46</ele></trkpt>
      <trkpt lat="51.599368" lon="-0.254038"><ele>46</ele></trkpt>
      <trkpt lat="51.599628" lon="-0.254554"><ele>46</ele></trkpt>
      <trkpt lat="51.600178" lon="-0.255649"><ele>46.5</ele></trkpt>
      <trkpt lat="51.600306" lon="-0.255914"><ele>47</ele></trkpt>
      <trkpt lat="51.600534" lon="-0.256536"><ele>47</ele></trkpt>
      <trkpt lat="51.600487" lon="-0.256721"><ele>47</ele></trkpt>
      <trkpt lat="51.600778" lon="-0.257563"><ele>47.75</ele></trkpt>
      <trkpt lat="51.600813" lon="-0.257664"><ele>47.75</ele></trkpt>
      <trkpt lat="51.60083" lon="-0.257655"><ele>47.75</ele></trkpt>
      <trkpt lat="51.601089" lon="-0.258372"><ele>48.75</ele></trkpt>
      <trkpt lat="51.601316" lon="-0.259"><ele>48.75</ele></trkpt>
      <trkpt lat="51.601492" lon="-0.259319"><ele>49.5</ele></trkpt>
      <trkpt lat="51.60163" lon="-0.259519"><ele>50</ele></trkpt>
      <trkpt lat="51.601758" lon="-0.259707"><ele>50.5</ele></trkpt>
      <trkpt lat="51.601894" lon="-0.259983"><ele>51.75</ele></trkpt>
      <trkpt lat="51.601979" lon="-0.260251"><ele>52</ele></trkpt>
      <trkpt lat="51.602036" lon="-0.260538"><ele>52.25</ele></trkpt>
      <trkpt lat="51.602044" lon="-0.260583"><ele>52.25</ele></trkpt>
      <trkpt lat="51.602128" lon="-0.261171"><ele>52</ele></trkpt>
      <trkpt lat="51.602271" lon="-0.261623"><ele>51.25</ele></trkpt>
      <trkpt lat="51.602349" lon="-0.261778"><ele>51</ele></trkpt>
      <trkpt lat="51.602473" lon="-0.262021"><ele>50.5</ele></trkpt>
      <trkpt lat="51.602643" lon="-0.262174"><ele>50</ele></trkpt>
      <trkpt lat="51.602895" lon="-0.262297"><ele>49.5</ele></trkpt>
      <trkpt lat="51.602976" lon="-0.262337"><ele>49.5</ele></trkpt>
      <trkpt lat="51.603217" lon="-0.262661"><ele>49</ele></trkpt>
      <trkpt lat="51.603269" lon="-0.262723"><ele>49</ele></trkpt>
      <trkpt lat="51.603526" lon="-0.263084"><ele>49</ele></trkpt>
      <trkpt lat="51.603274" lon="-0.263566"><ele>48</ele></trkpt>
      <trkpt lat="51.603157" lon="-0.2634"><ele>48.75</ele></trkpt>
      <trkpt lat="51.602944" lon="-0.263798"><ele>47.25</ele></trkpt>
      <trkpt lat="51.603157" lon="-0.2634"><ele>48.75</ele></trkpt>
      <trkpt lat="51.603274" lon="-0.263566"><ele>48</ele></trkpt>
      <trkpt lat="51.603526" lon="-0.263084"><ele>49</ele></trkpt>
      <trkpt lat="51.603651" lon="-0.26325"><ele>49</ele></trkpt>
      <trkpt lat="51.60386" lon="-0.263465"><ele>50.25</ele></trkpt>
      <trkpt lat="51.604067" lon="-0.263578"><ele>51.5</ele></trkpt>
      <trkpt lat="51.604501" lon="-0.263727"><ele>53.5</ele></trkpt>
      <trkpt lat="51.604507" lon="-0.264262"><ele>54</ele></trkpt>
      <trkpt lat="51.604589" lon="-0.264615"><ele>54</ele></trkpt>
      <trkpt lat="51.604709" lon="-0.264873"><ele>53.75</ele></trkpt>
      <trkpt lat="51.604854" lon="-0.26503"><ele>53.75</ele></trkpt>
      <trkpt lat="51.60509" lon="-0.26515"><ele>53.75</ele></trkpt>
      <trkpt lat="51.605378" lon="-0.26526"><ele>54</ele></trkpt>
      <trkpt lat="51.605561" lon="-0.265422"><ele>53.25</ele></trkpt>
      <trkpt lat="51.606448" lon="-0.266323"><ele>54.25</ele></trkpt>
      <trkpt lat="51.606495" lon="-0.266376"><ele>54.25</ele></trkpt>
      <trkpt lat="51.607111" lon="-0.26701"><ele>56.25</ele></trkpt>
      <trkpt lat="51.607294" lon="-0.26716"><ele>56.25</ele></trkpt>
      <trkpt lat="51.607521" lon="-0.267295"><ele>56.5</ele></trkpt>
      <trkpt lat="51.608246" lon="-0.267532"><ele>55.75</ele></trkpt>
      <trkpt lat="51.608912" lon="-0.267737"><ele>54</ele></trkpt>
      <trkpt lat="51.608746" lon="-0.268567"><ele>52</ele></trkpt>
      <trkpt lat="51.608649" lon="-0.269023"><ele>50.75</ele></trkpt>
      <trkpt lat="51.608416" lon="-0.270138"><ele>50</ele></trkpt>
      <trkpt lat="51.60834" lon="-0.270492"><ele>52</ele></trkpt>
      <trkpt lat="51.608267" lon="-0.270789"><ele>51.25</ele></trkpt>
      <trkpt lat="51.608181" lon="-0.271142"><ele>49.75</ele></trkpt>
      <trkpt lat="51.608094" lon="-0.271534"><ele>49.75</ele></trkpt>
      <trkpt lat="51.607875" lon="-0.272609"><ele>48.5</ele></trkpt>
      <trkpt lat="51.608215" lon="-0.272992"><ele>48.5</ele></trkpt>
      <trkpt lat="51.609432" lon="-0.274364"><ele>55.5</ele></trkpt>
      <trkpt lat="51.609713" lon="-0.27468"><ele>56.75</ele></trkpt>
      <trkpt lat="51.609885" lon="-0.274882"><ele>57.5</ele></trkpt>
      <trkpt lat="51.609917" lon="-0.274897"><ele>57.5</ele></trkpt>
      <trkpt lat="51.609945" lon="-0.274872"><ele>57.75</ele></trkpt>
      <trkpt lat="51.609956" lon="-0.274844"><ele>57.75</ele></trkpt>
      <trkpt lat="51.610388" lon="-0.275329"><ele>59</ele></trkpt>
      <trkpt lat="51.610395" lon="-0.275517"><ele>59</ele></trkpt>
      <trkpt lat="51.610572" lon="-0.275889"><ele>60</ele></trkpt>
      <trkpt lat="51.610642" lon="-0.275795"><ele>59.75</ele></trkpt>
      <trkpt lat="51.61073" lon="-0.275668"><ele>59.75</ele></trkpt>
      <trkpt lat="51.610755" lon="-0.275656"><ele>59.75</ele></trkpt>
      <trkpt lat="51.610793" lon="-0.275638"><ele>59.75</ele></trkpt>
      <trkpt lat="51.610858" lon="-0.275561"><ele>60</ele></trkpt>
      <trkpt lat="51.610889" lon="-0.275546"><ele>59.75</ele></trkpt>
      <trkpt lat="51.610926" lon="-0.275529"><ele>59.75</ele></trkpt>
      <trkpt lat="51.610991" lon="-0.275459"><ele>59.75</ele></trkpt>
      <trkpt lat="51.611032" lon="-0.275446"><ele>59.75</ele></trkpt>
      <trkpt lat="51.611058" lon="-0.275438"><ele>59.75</ele></trkpt>
      <trkpt lat="51.61116" lon="-0.27533"><ele>60</ele></trkpt>
      <trkpt lat="51.611192" lon="-0.275303"><ele>60</ele></trkpt>
      <trkpt lat="51.611248" lon="-0.275219"><ele>59.75</ele></trkpt>
      <trkpt lat="51.611298" lon="-0.275202"><ele>59.75</ele></trkpt>
      <trkpt lat="51.611327" lon="-0.275192"><ele>59.75</ele></trkpt>
      <trkpt lat="51.611393" lon="-0.275115"><ele>60</ele></trkpt>
      <trkpt lat="51.611424" lon="-0.275102"><ele>60</ele></trkpt>
      <trkpt lat="51.611461" lon="-0.275085"><ele>60</ele></trkpt>
      <trkpt lat="51.611521" lon="-0.275017"><ele>60</ele></trkpt>
      <trkpt lat="51.611567" lon="-0.275002"><ele>60</ele></trkpt>
      <trkpt lat="51.611577" lon="-0.274999"><ele>60</ele></trkpt>
      <trkpt lat="51.611598" lon="-0.274993"><ele>60</ele></trkpt>
      <trkpt lat="51.611677" lon="-0.275067"><ele>60</ele></trkpt>
      <trkpt lat="51.611686" lon="-0.275075"><ele>60</ele></trkpt>
      <trkpt lat="51.612352" lon="-0.275245"><ele>60</ele></trkpt>
      <trkpt lat="51.612422" lon="-0.275161"><ele>60</ele></trkpt>
      <trkpt lat="51.612593" lon="-0.274957"><ele>60</ele></trkpt>
      <trkpt lat="51.612691" lon="-0.27484"><ele>60</ele></trkpt>
      <trkpt lat="51.612791" lon="-0.274719"><ele>59.75</ele></trkpt>
      <trkpt lat="51.612845" lon="-0.274648"><ele>59.75</ele></trkpt>
      <trkpt lat="51.612877" lon="-0.274608"><ele>59.5</ele></trkpt>
      <trkpt lat="51.612898" lon="-0.274583"><ele>59.5</ele></trkpt>
      <trkpt lat="51.612911" lon="-0.274611"><ele>59.5</ele></trkpt>
      <trkpt lat="51.613033" lon="-0.274876"><ele>60</ele></trkpt>
      <trkpt lat="51.613072" lon="-0.27496"><ele>59.75</ele></trkpt>
      <trkpt lat="51.613078" lon="-0.274974"><ele>59.5</ele></trkpt>
      <trkpt lat="51.613128" lon="-0.275005"><ele>58.75</ele></trkpt>
      <trkpt lat="51.613151" lon="-0.275018"><ele>58.5</ele></trkpt>
      <trkpt lat="51.613183" lon="-0.275036"><ele>58.25</ele></trkpt>
      <trkpt lat="51.613194" lon="-0.27504"><ele>58</ele></trkpt>
      <trkpt lat="51.613201" lon="-0.275069"><ele>58</ele></trkpt>
      <trkpt lat="51.613322" lon="-0.275341"><ele>58.25</ele></trkpt>
      <trkpt lat="51.613374" lon="-0.275391"><ele>58</ele></trkpt>
      <trkpt lat="51.613392" lon="-0.275431"><ele>58</ele></trkpt>
      <trkpt lat="51.613413" lon="-0.275477"><ele>58.25</ele></trkpt>
      <trkpt lat="51.613434" lon="-0.275524"><ele>58.25</ele></trkpt>
      <trkpt lat="51.613451" lon="-0.275563"><ele>58.5</ele></trkpt>
      <trkpt lat="51.613482" lon="-0.275632"><ele>58.5</ele></trkpt>
      <trkpt lat="51.613548" lon="-0.275556"><ele>58</ele></trkpt>
      <trkpt lat="51.613553" lon="-0.275568"><ele>58.25</ele></trkpt>
      <trkpt lat="51.613619" lon="-0.275497"><ele>57.25</ele></trkpt>
    </trkseg>
    <trkseg>
      <trkpt lat="51.402102" lon="-0.194776"><ele>16</ele></trkpt>
      <trkpt lat="51.402188" lon="-0.194641"><ele>16.25</ele></trkpt>
      <trkpt lat="51.402346" lon="-0.19435"><ele>18.5</ele></trkpt>
      <trkpt lat="51.402379" lon="-0.194293"><ele>18.5</ele></trkpt>
      <trkpt lat="51.402417" lon="-0.194224"><ele>18.75</ele></trkpt>
      <trkpt lat="51.402662" lon="-0.193783"><ele>18.75</ele></trkpt>
      <trkpt lat="51.402746" lon="-0.193599"><ele>18.75</ele></trkpt>
      <trkpt lat="51.402794" lon="-0.193472"><ele>18.25</ele></trkpt>
      <trkpt lat="51.402836" lon="-0.193367"><ele>18</ele></trkpt>
      <trkpt lat="51.402853" lon="-0.193339"><ele>18</ele></trkpt>
      <trkpt lat="51.402878" lon="-0.193275"><ele>18</ele></trkpt>
      <trkpt lat="51.403236" lon="-0.192271"><ele>18</ele></trkpt>
      <trkpt lat="51.403316" lon="-0.192122"><ele>17.5</ele></trkpt>
      <trkpt lat="51.403383" lon="-0.191978"><ele>17</ele></trkpt>
      <trkpt lat="51.403413" lon="-0.191937"><ele>17</ele></trkpt>
      <trkpt lat="51.40353" lon="-0.191833"><ele>17</ele></trkpt>
      <trkpt lat="51.40359" lon="-0.191813"><ele>17</ele></trkpt>
      <trkpt lat="51.403632" lon="-0.191786"><ele>16.75</ele></trkpt>
      <trkpt lat="51.403667" lon="-0.191766"><ele>16.75</ele></trkpt>
      <trkpt lat="51.403714" lon="-0.191737"><ele>16.5</ele></trkpt>
      <trkpt lat="51.404029" lon="-0.191765"><ele>16.5</ele></trkpt>
      <trkpt lat="51.40409" lon="-0.191776"><ele>16.75</ele></trkpt>
      <trkpt lat="51.404154" lon="-0.191781"><ele>16.75</ele></trkpt>
      <trkpt lat="51.404627" lon="-0.191833"><ele>17</ele></trkpt>
      <trkpt lat="51.404686" lon="-0.191823"><ele>17</ele></trkpt>
      <trkpt lat="51.4047" lon="-0.191728"><ele>17</ele></trkpt>
      <trkpt lat="51.405092" lon="-0.191783"><ele>17</ele></trkpt>
      <trkpt lat="51.405279" lon="-0.19181"><ele>16.75</ele></trkpt>
      <trkpt lat="51.405951" lon="-0.191928"><ele>16</ele></trkpt>
      <trkpt lat="51.406657" lon="-0.192053"><ele>16</ele></trkpt>
      <trkpt lat="51.407104" lon="-0.192119"><ele>16</ele></trkpt>
      <trkpt lat="51.407327" lon="-0.192178"><ele>16.25</ele></trkpt>
      <trkpt lat="51.407402" lon="-0.192239"><ele>16.5</ele></trkpt>
      <trkpt lat="51.407499" lon="-0.192268"><ele>16.75</ele></trkpt>
      <trkpt lat="51.407604" lon="-0.192272"><ele>17</ele></trkpt>
      <trkpt lat="51.407748" lon="-0.192281"><ele>17.5</ele></trkpt>
      <trkpt lat="51.407849" lon="-0.192277"><ele>17.75</ele></trkpt>
      <trkpt lat="51.407917" lon="-0.192247"><ele>18.25</ele></trkpt>
      <trkpt lat="51.408205" lon="-0.192276"><ele>19</ele></trkpt>
      <trkpt lat="51.408414" lon="-0.192291"><ele>18.5</ele></trkpt>
      <trkpt lat="51.40872" lon="-0.192316"><ele>17.75</ele></trkpt>
      <trkpt lat="51.409121" lon="-0.192347"><ele>17.5</ele></trkpt>
      <trkpt lat="51.409575" lon="-0.192386"><ele>16.75</ele></trkpt>
      <trkpt lat="51.409989" lon="-0.192408"><ele>16</ele></trkpt>
      <trkpt lat="51.410061" lon="-0.192411"><ele>16</ele></trkpt>
      <trkpt lat="51.410157" lon="-0.192415"><ele>16</ele></trkpt>
      <trkpt lat="51.410256" lon="-0.19242"><ele>16</ele></trkpt>
      <trkpt lat="51.410293" lon="-0.192422"><ele>15.75</ele></trkpt>
      <trkpt lat="51.410575" lon="-0.192436"><ele>15</ele></trkpt>
      <trkpt lat="51.410695" lon="-0.192438"><ele>15</ele></trkpt>
      <trkpt lat="51.410727" lon="-0.192439"><ele>15</ele></trkpt>
      <trkpt lat="51.411033" lon="-0.192377"><ele>15</ele></trkpt>
      <trkpt lat="51.411347" lon="-0.192379"><ele>15.75</ele></trkpt>
      <trkpt lat="51.411502" lon="-0.192398"><ele>15.75</ele></trkpt>
      <trkpt lat="51.411547" lon="-0.192404"><ele>15.75</ele></trkpt>
      <trkpt lat="51.411579" lon="-0.192408"><ele>15.75</ele></trkpt>
      <trkpt lat="51.411899" lon="-0.192445"><ele>15</ele></trkpt>
      <trkpt lat="51.412194" lon="-0.192453"><ele>15</ele></trkpt>
      <trkpt lat="51.41247" lon="-0.192425"><ele>14.25</ele></trkpt>
      <trkpt lat="51.412638" lon="-0.192407"><ele>14.25</ele></trkpt>
      <trkpt lat="51.412735" lon="-0.192404"><ele>14.25</ele></trkpt>
      <trkpt lat="51.412812" lon="-0.192408"><ele>14.25</ele></trkpt>
      <trkpt lat="51.41291" lon="-0.192417"><ele>14.5</ele></trkpt>
      <trkpt lat="51.412958" lon="-0.192419"><ele>14.75</ele></trkpt>
      <trkpt lat="51.413494" lon="-0.192478"><ele>15.75</ele></trkpt>
      <trkpt lat="51.413726" lon="-0.192502"><ele>15.5</ele></trkpt>
      <trkpt lat="51.413873" lon="-0.192543"><ele>15</ele></trkpt>
      <trkpt lat="51.41389" lon="-0.192463"><ele>15</ele></trkpt>
      <trkpt lat="51.413917" lon="-0.192458"><ele>15</ele></trkpt>
      <trkpt lat="51.413934" lon="-0.192456"><ele>15</ele></trkpt>
      <trkpt lat="51.41394" lon="-0.192471"><ele>15</ele></trkpt>
      <trkpt lat="51.41403" lon="-0.192478"><ele>15</ele></trkpt>
      <trkpt lat="51.414283" lon="-0.192501"><ele>14.75</ele></trkpt>
      <trkpt lat="51.414513" lon="-0.192503"><ele>14.75</ele></trkpt>
      <trkpt lat="51.414559" lon="-0.192496"><ele>15</ele></trkpt>
      <trkpt lat="51.414631" lon="-0.192501"><ele>14.75</ele></trkpt>
      <trkpt lat="51.414934" lon="-0.192537"><ele>14.75</ele></trkpt>
      <trkpt lat="51.415117" lon="-0.192494"><ele>15</ele></trkpt>
      <trkpt lat="51.41534" lon="-0.192414"><ele>15</ele></trkpt>
      <trkpt lat="51.41546" lon="-0.192309"><ele>15</ele></trkpt>
      <trkpt lat="51.415509" lon="-0.19223"><ele>15</ele></trkpt>
      <trkpt lat="51.415473" lon="-0.192209"><ele>15</ele></trkpt>
      <trkpt lat="51.415413" lon="-0.19219"><ele>15</ele></trkpt>
      <trkpt lat="51.415343" lon="-0.192163"><ele>14.75</ele></trkpt>
      <trkpt lat="51.415413" lon="-0.19219"><ele>15</ele></trkpt>
      <trkpt lat="51.415473" lon="-0.192209"><ele>15</ele></trkpt>
      <trkpt lat="51.415509" lon="-0.19223"><ele>15</ele></trkpt>
      <trkpt lat="51.415525" lon="-0.192245"><ele>15</ele></trkpt>
      <trkpt lat="51.415555" lon="-0.192169"><ele>14.75</ele></trkpt>
      <trkpt lat="51.415581" lon="-0.192066"><ele>15</ele></trkpt>
      <trkpt lat="51.415633" lon="-0.191788"><ele>14.25</ele></trkpt>
      <trkpt lat="51.415635" lon="-0.191289"><ele>14</ele></trkpt>
      <trkpt lat="51.415636" lon="-0.191243"><ele>14</ele></trkpt>
      <trkpt lat="51.415639" lon="-0.191072"><ele>14</ele></trkpt>
      <trkpt lat="51.415642" lon="-0.191014"><ele>14</ele></trkpt>
      <trkpt lat="51.415646" lon="-0.190933"><ele>14</ele></trkpt>
      <trkpt lat="51.415649" lon="-0.190859"><ele>14</ele></trkpt>
      <trkpt lat="51.415684" lon="-0.190213"><ele>14</ele></trkpt>
      <trkpt lat="51.415695" lon="-0.190021"><ele>14.25</ele></trkpt>
      <trkpt lat="51.415709" lon="-0.189771"><ele>14</ele></trkpt>
      <trkpt lat="51.415724" lon="-0.189525"><ele>14</ele></trkpt>
      <trkpt lat="51.415727" lon="-0.18947"><ele>14</ele></trkpt>
      <trkpt lat="51.415731" lon="-0.1894"><ele>14</ele></trkpt>
      <trkpt lat="51.415739" lon="-0.189251"><ele>14</ele></trkpt>
      <trkpt lat="51.415747" lon="-0.189138"><ele>13.75</ele></trkpt>
      <trkpt lat="51.415752" lon="-0.189071"><ele>14</ele></trkpt>
      <trkpt lat="51.415783" lon="-0.188671"><ele>14</ele></trkpt>
      <trkpt lat="51.415825" lon="-0.18813"><ele>14</ele></trkpt>
      <trkpt lat="51.415857" lon="-0.18781"><ele>14</ele></trkpt>
      <trkpt lat="51.415883" lon="-0.187553"><ele>14</ele></trkpt>
      <trkpt lat="51.415889" lon="-0.187492"><ele>14</ele></trkpt>
      <trkpt lat="51.415895" lon="-0.187424"><ele>14.25</ele></trkpt>
      <trkpt lat="51.415919" lon="-0.187156"><ele>15</ele></trkpt>
      <trkpt lat="51.415937" lon="-0.186954"><ele>15</ele></trkpt>
      <trkpt lat="51.41594" lon="-0.186921"><ele>15</ele></trkpt>
      <trkpt lat="51.415943" lon="-0.186896"><ele>15</ele></trkpt>
      <trkpt lat="51.41598" lon="-0.186444"><ele>15</ele></trkpt>
      <trkpt lat="51.415988" lon="-0.186358"><ele>14.75</ele></trkpt>
      <trkpt lat="51.415997" lon="-0.186247"><ele>14.5</ele></trkpt>
      <trkpt lat="51.416001" lon="-0.186188"><ele>14.5</ele></trkpt>
      <trkpt lat="51.416007" lon="-0.186112"><ele>14.25</ele></trkpt>
      <trkpt lat="51.41601" lon="-0.186072"><ele>14.25</ele></trkpt>
      <trkpt lat="51.416014" lon="-0.186003"><ele>14.5</ele></trkpt>
      <trkpt lat="51.416032" lon="-0.185733"><ele>15</ele></trkpt>
      <trkpt lat="51.416034" lon="-0.185705"><ele>15</ele></trkpt>
      <trkpt lat="51.416055" lon="-0.185404"><ele>15</ele></trkpt>
      <trkpt lat="51.416058" lon="-0.185365"><ele>15</ele></trkpt>
      <trkpt lat="51.416076" lon="-0.185097"><ele>15</ele></trkpt>
      <trkpt lat="51.416098" lon="-0.184799"><ele>15</ele></trkpt>
      <trkpt lat="51.416115" lon="-0.18458"><ele>15</ele></trkpt>
      <trkpt lat="51.416117" lon="-0.18455"><ele>15</ele></trkpt>
      <trkpt lat="51.416119" lon="-0.184518"><ele>14.75</ele></trkpt>
      <trkpt lat="51.416122" lon="-0.184484"><ele>15</ele></trkpt>
      <trkpt lat="51.416124" lon="-0.184448"><ele>15</ele></trkpt>
      <trkpt lat="51.41614" lon="-0.184164"><ele>15</ele></trkpt>
      <trkpt lat="51.416146" lon="-0.184057"><ele>14.75</ele></trkpt>
      <trkpt lat="51.41615" lon="-0.184002"><ele>15</ele></trkpt>
      <trkpt lat="51.416166" lon="-0.183729"><ele>14.5</ele></trkpt>
      <trkpt lat="51.416176" lon="-0.18359"><ele>14</ele></trkpt>
      <trkpt lat="51.416175" lon="-0.183537"><ele>14</ele></trkpt>
      <trkpt lat="51.416177" lon="-0.183269"><ele>13.75</ele></trkpt>
      <trkpt lat="51.416195" lon="-0.182894"><ele>14</ele></trkpt>
      <trkpt lat="51.416207" lon="-0.182681"><ele>13.75</ele></trkpt>
      <trkpt lat="51.41624" lon="-0.182297"><ele>13</ele></trkpt>
      <trkpt lat="51.416245" lon="-0.182207"><ele>12.75</ele></trkpt>
      <trkpt lat="51.416255" lon="-0.182087"><ele>12.75</ele></trkpt>
      <trkpt lat="51.416256" lon="-0.182066"><ele>12.5</ele></trkpt>
      <trkpt lat="51.416276" lon="-0.181932"><ele>12.5</ele></trkpt>
      <trkpt lat="51.416298" lon="-0.181837"><ele>12.75</ele></trkpt>
      <trkpt lat="51.416333" lon="-0.181691"><ele>12.75</ele></trkpt>
      <trkpt lat="51.416341" lon="-0.18166"><ele>12.75</ele></trkpt>
      <trkpt lat="51.416404" lon="-0.181398"><ele>12</ele></trkpt>
      <trkpt lat="51.416414" lon="-0.181357"><ele>12</ele></trkpt>
      <trkpt lat="51.416444" lon="-0.181232"><ele>12</ele></trkpt>
      <trkpt lat="51.416456" lon="-0.181179"><ele>12</ele></trkpt>
      <trkpt lat="51.416545" lon="-0.180783"><ele>12</ele></trkpt>
      <trkpt lat="51.416557" lon="-0.180737"><ele>12</ele></trkpt>
      <trkpt lat="51.4166" lon="-0.180558"><ele>12</ele></trkpt>
      <trkpt lat="51.416651" lon="-0.18034"><ele>12</ele></trkpt>
      <trkpt lat="51.416717" lon="-0.18014"><ele>12</ele></trkpt>
      <trkpt lat="51.41676" lon="-0.180035"><ele>12</ele></trkpt>
      <trkpt lat="51.416787" lon="-0.179972"><ele>12</ele></trkpt>
      <trkpt lat="51.416845" lon="-0.179854"><ele>12</ele></trkpt>
      <trkpt lat="51.416917" lon="-0.179758"><ele>12</ele></trkpt>
      <trkpt lat="51.416946" lon="-0.1797"><ele>12</ele></trkpt>
      <trkpt lat="51.416964" lon="-0.17966"><ele>12</ele></trkpt>
      <trkpt lat="51.416973" lon="-0.179631"><ele>12</ele></trkpt>
      <trkpt lat="51.417" lon="-0.179492"><ele>12</ele></trkpt>
      <trkpt lat="51.417028" lon="-0.179443"><ele>12</ele></trkpt>
      <trkpt lat="51.417045" lon="-0.179414"><ele>12</ele></trkpt>
      <trkpt lat="51.417075" lon="-0.179367"><ele>12</ele></trkpt>
      <trkpt lat="51.417115" lon="-0.179314"><ele>12</ele></trkpt>
      <trkpt lat="51.417173" lon="-0.179232"><ele>12</ele></trkpt>
      <trkpt lat="51.417229" lon="-0.179164"><ele>12</ele></trkpt>
      <trkpt lat="51.417368" lon="-0.178986"><ele>12</ele></trkpt>
      <trkpt lat="51.417427" lon="-0.178915"><ele>12</ele></trkpt>
      <trkpt lat="51.417434" lon="-0.178908"><ele>12</ele></trkpt>
      <trkpt lat="51.417587" lon="-0.178738"><ele>12</ele></trkpt>
      <trkpt lat="51.417952" lon="-0.178362"><ele>12</ele></trkpt>
      <trkpt lat="51.418011" lon="-0.1783"><ele>12</ele></trkpt>
      <trkpt lat="51.418046" lon="-0.178266"><ele>12</ele></trkpt>
      <trkpt lat="51.418069" lon="-0.178243"><ele>12</ele></trkpt>
      <trkpt lat="51.418042" lon="-0.178171"><ele>12</ele></trkpt>
      <trkpt lat="51.418153" lon="-0.178069"><ele>12</ele></trkpt>
      <trkpt lat="51.418165" lon="-0.178057"><ele>12</ele></trkpt>
      <trkpt lat="51.418161" lon="-0.178047"><ele>12</ele></trkpt>
      <trkpt lat="51.418384" lon="-0.177823"><ele>12</ele></trkpt>
      <trkpt lat="51.418423" lon="-0.177785"><ele>12</ele></trkpt>
      <trkpt lat="51.418464" lon="-0.177746"><ele>12</ele></trkpt>
      <trkpt lat="51.418479" lon="-0.17775"><ele>12</ele></trkpt>
      <trkpt lat="51.418808" lon="-0.177426"><ele>12</ele></trkpt>
      <trkpt lat="51.418869" lon="-0.17736"><ele>12</ele></trkpt>
      <trkpt lat="51.418878" lon="-0.177322"><ele>12</ele></trkpt>
      <trkpt lat="51.418883" lon="-0.177317"><ele>12</ele></trkpt>
      <trkpt lat="51.418924" lon="-0.177274"><ele>12</ele></trkpt>
      <trkpt lat="51.418974" lon="-0.177222"><ele>12</ele></trkpt>
      <trkpt lat="51.418981" lon="-0.177215"><ele>12</ele></trkpt>
      <trkpt lat="51.41902" lon="-0.177176"><ele>12</ele></trkpt>
      <trkpt lat="51.419184" lon="-0.177013"><ele>12.75</ele></trkpt>
      <trkpt lat="51.419771" lon="-0.176361"><ele>13</ele></trkpt>
      <trkpt lat="51.419901" lon="-0.176226"><ele>13.25</ele></trkpt>
      <trkpt lat="51.420216" lon="-0.175941"><ele>13.75</ele></trkpt>
      <trkpt lat="51.420459" lon="-0.175749"><ele>14</ele></trkpt>
      <trkpt lat="51.42047" lon="-0.175731"><ele>14</ele></trkpt>
      <trkpt lat="51.420519" lon="-0.175692"><ele>14</ele></trkpt>
      <trkpt lat="51.420556" lon="-0.175663"><ele>14</ele></trkpt>
      <trkpt lat="51.420719" lon="-0.175516"><ele>14</ele></trkpt>
      <trkpt lat="51.421026" lon="-0.175207"><ele>13.75</ele></trkpt>
      <trkpt lat="51.421441" lon="-0.174828"><ele>14</ele></trkpt>
      <trkpt lat="51.421451" lon="-0.174858"><ele>14</ele></trkpt>
      <trkpt lat="51.421511" lon="-0.174805"><ele>14</ele></trkpt>
      <trkpt lat="51.421549" lon="-0.174783"><ele>14</ele></trkpt>
      <trkpt lat="51.421788" lon="-0.174546"><ele>13.75</ele></trkpt>
      <trkpt lat="51.421852" lon="-0.174577"><ele>14</ele></trkpt>
      <trkpt lat="51.42192" lon="-0.174513"><ele>14</ele></trkpt>
      <trkpt lat="51.421954" lon="-0.174482"><ele>14</ele></trkpt>
      <trkpt lat="51.422023" lon="-0.174415"><ele>14.25</ele></trkpt>
      <trkpt lat="51.422119" lon="-0.174323"><ele>14.75</ele></trkpt>
      <trkpt lat="51.422154" lon="-0.174288"><ele>15</ele></trkpt>
      <trkpt lat="51.422192" lon="-0.17425"><ele>15.5</ele></trkpt>
      <trkpt lat="51.422224" lon="-0.174216"><ele>15.75</ele></trkpt>
      <trkpt lat="51.422321" lon="-0.174113"><ele>15.75</ele></trkpt>
      <trkpt lat="51.422788" lon="-0.173613"><ele>16.75</ele></trkpt>
      <trkpt lat="51.422811" lon="-0.173589"><ele>16.5</ele></trkpt>
      <trkpt lat="51.422968" lon="-0.173404"><ele>16</ele></trkpt>
      <trkpt lat="51.423023" lon="-0.173341"><ele>16</ele></trkpt>
      <trkpt lat="51.423387" lon="-0.172835"><ele>16</ele></trkpt>
      <trkpt lat="51.423414" lon="-0.172798"><ele>16</ele></trkpt>
      <trkpt lat="51.423434" lon="-0.172772"><ele>15.75</ele></trkpt>
      <trkpt lat="51.423445" lon="-0.172756"><ele>15.75</ele></trkpt>
      <trkpt lat="51.423462" lon="-0.172734"><ele>15.75</ele></trkpt>
      <trkpt lat="51.423471" lon="-0.172721"><ele>15.75</ele></trkpt>
      <trkpt lat="51.423536" lon="-0.172634"><ele>15.75</ele></trkpt>
      <trkpt lat="51.423603" lon="-0.172547"><ele>15.75</ele></trkpt>
      <trkpt lat="51.423619" lon="-0.172526"><ele>15.75</ele></trkpt>
      <trkpt lat="51.423636" lon="-0.172502"><ele>15.75</ele></trkpt>
      <trkpt lat="51.423646" lon="-0.172487"><ele>15.75</ele></trkpt>
      <trkpt lat="51.42368" lon="-0.172441"><ele>15.5</ele></trkpt>
      <trkpt lat="51.423698" lon="-0.172419"><ele>15.25</ele></trkpt>
      <trkpt lat="51.423812" lon="-0.172272"><ele>15</ele></trkpt>
      <trkpt lat="51.42386" lon="-0.172211"><ele>15</ele></trkpt>
      <trkpt lat="51.42391" lon="-0.172148"><ele>14.75</ele></trkpt>
      <trkpt lat="51.424144" lon="-0.171853"><ele>15.25</ele></trkpt>
      <trkpt lat="51.424163" lon="-0.171828"><ele>15.25</ele></trkpt>
      <trkpt lat="51.424245" lon="-0.171723"><ele>15.75</ele></trkpt>
      <trkpt lat="51.424258" lon="-0.171706"><ele>15.75</ele></trkpt>
      <trkpt lat="51.424269" lon="-0.171693"><ele>15.75</ele></trkpt>
      <trkpt lat="51.424371" lon="-0.171571"><ele>16.25</ele></trkpt>
      <trkpt lat="51.424419" lon="-0.171536"><ele>16.25</ele></trkpt>
      <trkpt lat="51.424546" lon="-0.171366"><ele>17</ele></trkpt>
      <trkpt lat="51.424594" lon="-0.171274"><ele>17</ele></trkpt>
      <trkpt lat="51.424627" lon="-0.171229"><ele>17.25</ele></trkpt>
      <trkpt lat="51.424671" lon="-0.171176"><ele>17.5</ele></trkpt>
      <trkpt lat="51.424694" lon="-0.171149"><ele>17.75</ele></trkpt>
      <trkpt lat="51.4249" lon="-0.170905"><ele>18.25</ele></trkpt>
      <trkpt lat="51.425084" lon="-0.1707"><ele>19</ele></trkpt>
      <trkpt lat="51.42513" lon="-0.170648"><ele>19</ele></trkpt>
      <trkpt lat="51.425151" lon="-0.170628"><ele>19</ele></trkpt>
      <trkpt lat="51.425196" lon="-0.170584"><ele>19</ele></trkpt>
      <trkpt lat="51.42527" lon="-0.170519"><ele>19</ele></trkpt>
      <trkpt lat="51.425405" lon="-0.1704"><ele>19</ele></trkpt>
      <trkpt lat="51.42543" lon="-0.170378"><ele>19</ele></trkpt>
      <trkpt lat="51.425454" lon="-0.170358"><ele>19</ele></trkpt>
      <trkpt lat="51.425553" lon="-0.170276"><ele>19</ele></trkpt>
      <trkpt lat="51.425582" lon="-0.170249"><ele>18.75</ele></trkpt>
      <trkpt lat="51.425606" lon="-0.170227"><ele>18.75</ele></trkpt>
      <trkpt lat="51.42564" lon="-0.170198"><ele>18.5</ele></trkpt>
      <trkpt lat="51.4258" lon="-0.170069"><ele>18</ele></trkpt>
      <trkpt lat="51.426038" lon="-0.169878"><ele>18</ele></trkpt>
      <trkpt lat="51.426087" lon="-0.16984"><ele>18</ele></trkpt>
      <trkpt lat="51.426215" lon="-0.169752"><ele>18</ele></trkpt>
      <trkpt lat="51.42626" lon="-0.169721"><ele>18</ele></trkpt>
      <trkpt lat="51.426327" lon="-0.169674"><ele>18</ele></trkpt>
      <trkpt lat="51.426349" lon="-0.169659"><ele>18</ele></trkpt>
      <trkpt lat="51.426443" lon="-0.169595"><ele>17.75</ele></trkpt>
      <trkpt lat="51.426489" lon="-0.169565"><ele>17.5</ele></trkpt>
      <trkpt lat="51.426517" lon="-0.169544"><ele>17.5</ele></trkpt>
      <trkpt lat="51.426544" lon="-0.169524"><ele>17.25</ele></trkpt>
      <trkpt lat="51.426671" lon="-0.169415"><ele>17</ele></trkpt>
      <trkpt lat="51.42674" lon="-0.169357"><ele>17</ele></trkpt>
      <trkpt lat="51.427005" lon="-0.169099"><ele>16.75</ele></trkpt>
      <trkpt lat="51.427055" lon="-0.16905"><ele>16.5</ele></trkpt>
      <trkpt lat="51.427183" lon="-0.168908"><ele>16</ele></trkpt>
      <trkpt lat="51.427241" lon="-0.168842"><ele>16</ele></trkpt>
      <trkpt lat="51.42735" lon="-0.168711"><ele>16</ele></trkpt>
      <trkpt lat="51.427377" lon="-0.168679"><ele>16</ele></trkpt>
      <trkpt lat="51.427559" lon="-0.168475"><ele>16</ele></trkpt>
      <trkpt lat="51.427636" lon="-0.168393"><ele>16</ele></trkpt>
      <trkpt lat="51.427654" lon="-0.168375"><ele>16</ele></trkpt>
      <trkpt lat="51.427705" lon="-0.168322"><ele>16</ele></trkpt>
      <trkpt lat="51.427719" lon="-0.168308"><ele>16</ele></trkpt>
      <trkpt lat="51.427774" lon="-0.168254"><ele>16</ele></trkpt>
      <trkpt lat="51.427847" lon="-0.168255"><ele>16</ele></trkpt>
      <trkpt lat="51.427879" lon="-0.168227"><ele>16</ele></trkpt>
      <trkpt lat="51.427923" lon="-0.168186"><ele>16</ele></trkpt>
      <trkpt lat="51.427959" lon="-0.168143"><ele>16</ele></trkpt>
      <trkpt lat="51.427974" lon="-0.168129"><ele>16</ele></trkpt>
      <trkpt lat="51.42804" lon="-0.168066"><ele>16</ele></trkpt>
      <trkpt lat="51.428099" lon="-0.168009"><ele>16</ele></trkpt>
      <trkpt lat="51.428139" lon="-0.167968"><ele>16</ele></trkpt>
      <trkpt lat="51.428171" lon="-0.167937"><ele>16</ele></trkpt>
      <trkpt lat="51.428184" lon="-0.167925"><ele>16</ele></trkpt>
      <trkpt lat="51.428202" lon="-0.167907"><ele>16</ele></trkpt>
      <trkpt lat="51.428264" lon="-0.167837"><ele>16</ele></trkpt>
      <trkpt lat="51.428321" lon="-0.16778"><ele>16</ele></trkpt>
      <trkpt lat="51.428346" lon="-0.167707"><ele>15.75</ele></trkpt>
      <trkpt lat="51.428387" lon="-0.167669"><ele>15.75</ele></trkpt>
      <trkpt lat="51.428444" lon="-0.167614"><ele>15.5</ele></trkpt>
      <trkpt lat="51.428748" lon="-0.167298"><ele>15</ele></trkpt>
      <trkpt lat="51.428777" lon="-0.167266"><ele>15</ele></trkpt>
      <trkpt lat="51.428812" lon="-0.167226"><ele>15</ele></trkpt>
      <trkpt lat="51.428841" lon="-0.167193"><ele>15</ele></trkpt>
      <trkpt lat="51.428985" lon="-0.167028"><ele>15.75</ele></trkpt>
      <trkpt lat="51.429167" lon="-0.166839"><ele>16</ele></trkpt>
      <trkpt lat="51.429266" lon="-0.166723"><ele>16</ele></trkpt>
      <trkpt lat="51.429619" lon="-0.166326"><ele>16</ele></trkpt>
      <trkpt lat="51.42971" lon="-0.166233"><ele>16</ele></trkpt>
      <trkpt lat="51.429811" lon="-0.166128"><ele>16</ele></trkpt>
      <trkpt lat="51.429853" lon="-0.166084"><ele>16</ele></trkpt>
      <trkpt lat="51.429888" lon="-0.166049"><ele>16</ele></trkpt>
      <trkpt lat="51.430037" lon="-0.165903"><ele>16</ele></trkpt>
      <trkpt lat="51.430477" lon="-0.165466"><ele>17</ele></trkpt>
      <trkpt lat="51.43083" lon="-0.165119"><ele>17.5</ele></trkpt>
      <trkpt lat="51.430903" lon="-0.165039"><ele>17.75</ele></trkpt>
      <trkpt lat="51.430982" lon="-0.164962"><ele>18</ele></trkpt>
      <trkpt lat="51.431017" lon="-0.164928"><ele>18</ele></trkpt>
      <trkpt lat="51.431047" lon="-0.1649"><ele>18</ele></trkpt>
      <trkpt lat="51.431418" lon="-0.164535"><ele>18.5</ele></trkpt>
      <trkpt lat="51.4317" lon="-0.164256"><ele>19</ele></trkpt>
      <trkpt lat="51.431901" lon="-0.16408"><ele>19.75</ele></trkpt>
      <trkpt lat="51.431967" lon="-0.164031"><ele>20</ele></trkpt>
      <trkpt lat="51.432012" lon="-0.164004"><ele>20</ele></trkpt>
      <trkpt lat="51.432047" lon="-0.163986"><ele>20</ele></trkpt>
      <trkpt lat="51.432267" lon="-0.163885"><ele>20</ele></trkpt>
      <trkpt lat="51.4325" lon="-0.163801"><ele>21</ele></trkpt>
      <trkpt lat="51.432705" lon="-0.163724"><ele>21</ele></trkpt>
      <trkpt lat="51.43283" lon="-0.163661"><ele>21</ele></trkpt>
      <trkpt lat="51.432935" lon="-0.163601"><ele>21</ele></trkpt>
      <trkpt lat="51.43318" lon="-0.163414"><ele>21.75</ele></trkpt>
      <trkpt lat="51.433302" lon="-0.163306"><ele>22</ele></trkpt>
      <trkpt lat="51.433555" lon="-0.163054"><ele>22</ele></trkpt>
      <trkpt lat="51.433835" lon="-0.162747"><ele>23</ele></trkpt>
      <trkpt lat="51.434156" lon="-0.162357"><ele>25</ele></trkpt>
      <trkpt lat="51.43419" lon="-0.162316"><ele>25</ele></trkpt>
      <trkpt lat="51.434224" lon="-0.162267"><ele>25</ele></trkpt>
      <trkpt lat="51.434254" lon="-0.162224"><ele>25.25</ele></trkpt>
      <trkpt lat="51.434332" lon="-0.162112"><ele>25.5</ele></trkpt>
      <trkpt lat="51.434418" lon="-0.162008"><ele>25.75</ele></trkpt>
      <trkpt lat="51.434451" lon="-0.161964"><ele>26</ele></trkpt>
      <trkpt lat="51.434603" lon="-0.161733"><ele>26.5</ele></trkpt>
      <trkpt lat="51.434793" lon="-0.161414"><ele>27.25</ele></trkpt>
      <trkpt lat="51.434928" lon="-0.161176"><ele>27.25</ele></trkpt>
      <trkpt lat="51.434975" lon="-0.16109"><ele>27</ele></trkpt>
      <trkpt lat="51.435105" lon="-0.160842"><ele>27.75</ele></trkpt>
      <trkpt lat="51.435226" lon="-0.160613"><ele>28</ele></trkpt>
      <trkpt lat="51.435287" lon="-0.16048"><ele>28</ele></trkpt>
      <trkpt lat="51.435426" lon="-0.160161"><ele>28</ele></trkpt>
      <trkpt lat="51.435533" lon="-0.159917"><ele>28</ele></trkpt>
      <trkpt lat="51.435561" lon="-0.159854"><ele>28</ele></trkpt>
      <trkpt lat="51.43558" lon="-0.15981"><ele>28</ele></trkpt>
      <trkpt lat="51.435598" lon="-0.159768"><ele>28</ele></trkpt>
      <trkpt lat="51.435659" lon="-0.159617"><ele>28</ele></trkpt>
      <trkpt lat="51.435694" lon="-0.159722"><ele>28</ele></trkpt>
      <trkpt lat="51.435659" lon="-0.159617"><ele>28</ele></trkpt>
      <trkpt lat="51.435739" lon="-0.159435"><ele>28</ele></trkpt>
      <trkpt lat="51.435756" lon="-0.159395"><ele>28</ele></trkpt>
      <trkpt lat="51.435798" lon="-0.159315"><ele>28</ele></trkpt>
      <trkpt lat="51.435838" lon="-0.159259"><ele>27.75</ele></trkpt>
      <trkpt lat="51.436058" lon="-0.158925"><ele>27</ele></trkpt>
      <trkpt lat="51.436101" lon="-0.15886"><ele>27</ele></trkpt>
      <trkpt lat="51.436354" lon="-0.158494"><ele>27</ele></trkpt>
      <trkpt lat="51.436587" lon="-0.158196"><ele>26.5</ele></trkpt>
      <trkpt lat="51.436948" lon="-0.157746"><ele>26</ele></trkpt>
      <trkpt lat="51.437058" lon="-0.157615"><ele>25.75</ele></trkpt>
      <trkpt lat="51.437144" lon="-0.157512"><ele>26</ele></trkpt>
      <trkpt lat="51.437352" lon="-0.157261"><ele>26</ele></trkpt>
      <trkpt lat="51.437387" lon="-0.157221"><ele>26</ele></trkpt>
      <trkpt lat="51.437419" lon="-0.157181"><ele>26</ele></trkpt>
      <trkpt lat="51.437543" lon="-0.157034"><ele>26</ele></trkpt>
      <trkpt lat="51.437618" lon="-0.156965"><ele>26</ele></trkpt>
      <trkpt lat="51.437783" lon="-0.156835"><ele>25.5</ele></trkpt>
      <trkpt lat="51.437922" lon="-0.156741"><ele>25.25</ele></trkpt>
      <trkpt lat="51.438036" lon="-0.156684"><ele>25</ele></trkpt>
      <trkpt lat="51.438101" lon="-0.156653"><ele>25</ele></trkpt>
      <trkpt lat="51.438135" lon="-0.156635"><ele>25</ele></trkpt>
      <trkpt lat="51.438234" lon="-0.156591"><ele>25</ele></trkpt>
      <trkpt lat="51.438341" lon="-0.156539"><ele>25</ele></trkpt>
      <trkpt lat="51.438378" lon="-0.156521"><ele>25</ele></trkpt>
      <trkpt lat="51.438437" lon="-0.156499"><ele>25</ele></trkpt>
      <trkpt lat="51.438476" lon="-0.156487"><ele>25</ele></trkpt>
      <trkpt lat="51.438496" lon="-0.156474"><ele>25</ele></trkpt>
      <trkpt lat="51.438615" lon="-0.15643"><ele>25</ele></trkpt>
      <trkpt lat="51.43869" lon="-0.156367"><ele>25</ele></trkpt>
      <trkpt lat="51.438704" lon="-0.156359"><ele>25</ele></trkpt>
      <trkpt lat="51.438748" lon="-0.15634"><ele>25</ele></trkpt>
      <trkpt lat="51.438841" lon="-0.156303"><ele>25</ele></trkpt>
      <trkpt lat="51.438934" lon="-0.156253"><ele>25</ele></trkpt>
      <trkpt lat="51.439055" lon="-0.156182"><ele>25</ele></trkpt>
      <trkpt lat="51.43921" lon="-0.156099"><ele>25</ele></trkpt>
      <trkpt lat="51.439444" lon="-0.155962"><ele>25</ele></trkpt>
      <trkpt lat="51.439588" lon="-0.155869"><ele>24.75</ele></trkpt>
      <trkpt lat="51.439861" lon="-0.155706"><ele>25</ele></trkpt>
      <trkpt lat="51.440035" lon="-0.155592"><ele>25</ele></trkpt>
      <trkpt lat="51.440074" lon="-0.155569"><ele>25</ele></trkpt>
      <trkpt lat="51.44034" lon="-0.155411"><ele>25</ele></trkpt>
      <trkpt lat="51.44038" lon="-0.155389"><ele>25</ele></trkpt>
      <trkpt lat="51.440438" lon="-0.155352"><ele>25</ele></trkpt>
      <trkpt lat="51.440483" lon="-0.155324"><ele>25</ele></trkpt>
      <trkpt lat="51.440649" lon="-0.155206"><ele>25</ele></trkpt>
      <trkpt lat="51.440766" lon="-0.155125"><ele>25</ele></trkpt>
      <trkpt lat="51.44084" lon="-0.15507"><ele>25</ele></trkpt>
      <trkpt lat="51.440857" lon="-0.155058"><ele>25</ele></trkpt>
      <trkpt lat="51.441084" lon="-0.154871"><ele>25</ele></trkpt>
      <trkpt lat="51.441122" lon="-0.154841"><ele>25</ele></trkpt>
      <trkpt lat="51.441206" lon="-0.154783"><ele>25.25</ele></trkpt>
      <trkpt lat="51.441237" lon="-0.154756"><ele>25.25</ele></trkpt>
      <trkpt lat="51.441306" lon="-0.154698"><ele>25.5</ele></trkpt>
      <trkpt lat="51.44136" lon="-0.154635"><ele>25.75</ele></trkpt>
      <trkpt lat="51.441488" lon="-0.154538"><ele>26</ele></trkpt>
      <trkpt lat="51.44151" lon="-0.154517"><ele>26</ele></trkpt>
      <trkpt lat="51.441542" lon="-0.154492"><ele>26</ele></trkpt>
      <trkpt lat="51.441802" lon="-0.154265"><ele>26</ele></trkpt>
      <trkpt lat="51.441828" lon="-0.154239"><ele>26</ele></trkpt>
      <trkpt lat="51.441906" lon="-0.154164"><ele>26</ele></trkpt>
      <trkpt lat="51.441958" lon="-0.154121"><ele>26</ele></trkpt>
      <trkpt lat="51.441985" lon="-0.154098"><ele>26</ele></trkpt>
      <trkpt lat="51.441998" lon="-0.154087"><ele>26</ele></trkpt>
      <trkpt lat="51.442052" lon="-0.154079"><ele>26</ele></trkpt>
      <trkpt lat="51.44209" lon="-0.154063"><ele>26</ele></trkpt>
      <trkpt lat="51.442129" lon="-0.154043"><ele>26</ele></trkpt>
      <trkpt lat="51.442174" lon="-0.153983"><ele>26</ele></trkpt>
      <trkpt lat="51.442185" lon="-0.153944"><ele>26</ele></trkpt>
      <trkpt lat="51.442203" lon="-0.15391"><ele>26</ele></trkpt>
      <trkpt lat="51.442283" lon="-0.153838"><ele>26</ele></trkpt>
      <trkpt lat="51.442339" lon="-0.15378"><ele>26</ele></trkpt>
      <trkpt lat="51.442481" lon="-0.153639"><ele>26</ele></trkpt>
      <trkpt lat="51.442669" lon="-0.153468"><ele>26</ele></trkpt>
      <trkpt lat="51.442822" lon="-0.153331"><ele>26</ele></trkpt>
      <trkpt lat="51.442999" lon="-0.153184"><ele>26.25</ele></trkpt>
      <trkpt lat="51.443263" lon="-0.152974"><ele>26.25</ele></trkpt>
      <trkpt lat="51.443276" lon="-0.152964"><ele>26</ele></trkpt>
      <trkpt lat="51.443314" lon="-0.152932"><ele>26</ele></trkpt>
      <trkpt lat="51.443339" lon="-0.152911"><ele>26</ele></trkpt>
      <trkpt lat="51.443377" lon="-0.152883"><ele>26</ele></trkpt>
      <trkpt lat="51.443453" lon="-0.152826"><ele>26</ele></trkpt>
      <trkpt lat="51.443539" lon="-0.152761"><ele>26</ele></trkpt>
      <trkpt lat="51.443573" lon="-0.152734"><ele>26</ele></trkpt>
      <trkpt lat="51.443612" lon="-0.152697"><ele>26</ele></trkpt>
      <trkpt lat="51.443624" lon="-0.152685"><ele>26</ele></trkpt>
      <trkpt lat="51.44386" lon="-0.152476"><ele>26</ele></trkpt>
      <trkpt lat="51.444233" lon="-0.152147"><ele>26</ele></trkpt>
      <trkpt lat="51.444267" lon="-0.152117"><ele>26</ele></trkpt>
      <trkpt lat="51.444299" lon="-0.152092"><ele>26</ele></trkpt>
      <trkpt lat="51.444439" lon="-0.151971"><ele>26</ele></trkpt>
      <trkpt lat="51.444674" lon="-0.151769"><ele>26</ele></trkpt>
      <trkpt lat="51.44468" lon="-0.151764"><ele>26</ele></trkpt>
      <trkpt lat="51.444717" lon="-0.151731"><ele>26</ele></trkpt>
      <trkpt lat="51.444945" lon="-0.151519"><ele>25.75</ele></trkpt>
      <trkpt lat="51.444986" lon="-0.151482"><ele>25.75</ele></trkpt>
      <trkpt lat="51.445053" lon="-0.151424"><ele>25.75</ele></trkpt>
      <trkpt lat="51.445107" lon="-0.151371"><ele>26</ele></trkpt>
      <trkpt lat="51.445148" lon="-0.151328"><ele>26</ele></trkpt>
      <trkpt lat="51.445238" lon="-0.151231"><ele>26</ele></trkpt>
      <trkpt lat="51.44526" lon="-0.151205"><ele>26</ele></trkpt>
      <trkpt lat="51.445297" lon="-0.151159"><ele>25.75</ele></trkpt>
      <trkpt lat="51.445399" lon="-0.15101"><ele>26</ele></trkpt>
      <trkpt lat="51.445851" lon="-0.150226"><ele>25</ele></trkpt>
      <trkpt lat="51.44588" lon="-0.150178"><ele>25</ele></trkpt>
      <trkpt lat="51.445955" lon="-0.150051"><ele>25</ele></trkpt>
      <trkpt lat="51.446041" lon="-0.149936"><ele>25</ele></trkpt>
      <trkpt lat="51.446101" lon="-0.14986"><ele>25</ele></trkpt>
      <trkpt lat="51.446168" lon="-0.149792"><ele>24.75</ele></trkpt>
      <trkpt lat="51.446205" lon="-0.149755"><ele>24.5</ele></trkpt>
      <trkpt lat="51.446298" lon="-0.149672"><ele>24.25</ele></trkpt>
      <trkpt lat="51.446465" lon="-0.149541"><ele>23.75</ele></trkpt>
      <trkpt lat="51.446622" lon="-0.149432"><ele>23</ele></trkpt>
      <trkpt lat="51.446641" lon="-0.149419"><ele>23</ele></trkpt>
      <trkpt lat="51.446725" lon="-0.149364"><ele>23</ele></trkpt>
      <trkpt lat="51.44692" lon="-0.149237"><ele>23</ele></trkpt>
      <trkpt lat="51.446958" lon="-0.149218"><ele>22.75</ele></trkpt>
      <trkpt lat="51.446993" lon="-0.149196"><ele>22.75</ele></trkpt>
      <trkpt lat="51.44702" lon="-0.14918"><ele>22.5</ele></trkpt>
      <trkpt lat="51.44716" lon="-0.149089"><ele>22.25</ele></trkpt>
      <trkpt lat="51.447244" lon="-0.149037"><ele>22.25</ele></trkpt>
      <trkpt lat="51.447427" lon="-0.148914"><ele>22</ele></trkpt>
      <trkpt lat="51.447631" lon="-0.148791"><ele>22</ele></trkpt>
      <trkpt lat="51.44776" lon="-0.148706"><ele>22</ele></trkpt>
      <trkpt lat="51.447882" lon="-0.14859"><ele>22</ele></trkpt>
      <trkpt lat="51.448048" lon="-0.148488"><ele>22</ele></trkpt>
      <trkpt lat="51.448085" lon="-0.148463"><ele>22</ele></trkpt>
      <trkpt lat="51.448121" lon="-0.148442"><ele>22</ele></trkpt>
      <trkpt lat="51.448157" lon="-0.148418"><ele>21.75</ele></trkpt>
      <trkpt lat="51.448369" lon="-0.148308"><ele>22</ele></trkpt>
      <trkpt lat="51.448619" lon="-0.148158"><ele>22</ele></trkpt>
      <trkpt lat="51.448646" lon="-0.148143"><ele>22</ele></trkpt>
      <trkpt lat="51.448778" lon="-0.148085"><ele>22</ele></trkpt>
      <trkpt lat="51.44882" lon="-0.148077"><ele>22</ele></trkpt>
      <trkpt lat="51.448868" lon="-0.148067"><ele>22</ele></trkpt>
      <trkpt lat="51.448941" lon="-0.148054"><ele>22</ele></trkpt>
      <trkpt lat="51.449031" lon="-0.148038"><ele>22.5</ele></trkpt>
      <trkpt lat="51.449148" lon="-0.148019"><ele>22.75</ele></trkpt>
      <trkpt lat="51.449491" lon="-0.147966"><ele>24</ele></trkpt>
      <trkpt lat="51.44991" lon="-0.147912"><ele>26</ele></trkpt>
      <trkpt lat="51.450121" lon="-0.14788"><ele>27</ele></trkpt>
      <trkpt lat="51.450333" lon="-0.14784"><ele>28</ele></trkpt>
      <trkpt lat="51.450527" lon="-0.147799"><ele>28</ele></trkpt>
      <trkpt lat="51.450711" lon="-0.147763"><ele>28.5</ele></trkpt>
      <trkpt lat="51.450751" lon="-0.147755"><ele>28.5</ele></trkpt>
      <trkpt lat="51.450954" lon="-0.147733"><ele>29</ele></trkpt>
      <trkpt lat="51.450979" lon="-0.147732"><ele>29</ele></trkpt>
      <trkpt lat="51.451023" lon="-0.147732"><ele>29</ele></trkpt>
      <trkpt lat="51.451054" lon="-0.147731"><ele>29</ele></trkpt>
      <trkpt lat="51.451146" lon="-0.14773"><ele>29</ele></trkpt>
      <trkpt lat="51.451233" lon="-0.147733"><ele>29</ele></trkpt>
      <trkpt lat="51.451284" lon="-0.147737"><ele>29</ele></trkpt>
      <trkpt lat="51.451312" lon="-0.147738"><ele>29</ele></trkpt>
      <trkpt lat="51.451358" lon="-0.147741"><ele>29</ele></trkpt>
      <trkpt lat="51.451643" lon="-0.147761"><ele>29</ele></trkpt>
      <trkpt lat="51.451783" lon="-0.147761"><ele>29</ele></trkpt>
      <trkpt lat="51.451964" lon="-0.147759"><ele>29</ele></trkpt>
      <trkpt lat="51.452075" lon="-0.147744"><ele>29</ele></trkpt>
      <trkpt lat="51.452171" lon="-0.147728"><ele>29</ele></trkpt>
      <trkpt lat="51.452336" lon="-0.147672"><ele>29</ele></trkpt>
      <trkpt lat="51.452558" lon="-0.147579"><ele>29</ele></trkpt>
      <trkpt lat="51.452643" lon="-0.147534"><ele>29</ele></trkpt>
      <trkpt lat="51.452682" lon="-0.147514"><ele>29</ele></trkpt>
      <trkpt lat="51.452743" lon="-0.147487"><ele>28.75</ele></trkpt>
      <trkpt lat="51.452778" lon="-0.147472"><ele>28.75</ele></trkpt>
      <trkpt lat="51.452825" lon="-0.147446"><ele>28.5</ele></trkpt>
      <trkpt lat="51.45294" lon="-0.147412"><ele>28.25</ele></trkpt>
      <trkpt lat="51.453043" lon="-0.147361"><ele>28</ele></trkpt>
      <trkpt lat="51.453086" lon="-0.147333"><ele>28</ele></trkpt>
      <trkpt lat="51.453124" lon="-0.147291"><ele>28</ele></trkpt>
      <trkpt lat="51.453196" lon="-0.14725"><ele>28</ele></trkpt>
      <trkpt lat="51.45335" lon="-0.147123"><ele>27.75</ele></trkpt>
      <trkpt lat="51.453396" lon="-0.147082"><ele>27.75</ele></trkpt>
      <trkpt lat="51.453441" lon="-0.147051"><ele>27.75</ele></trkpt>
      <trkpt lat="51.453479" lon="-0.147013"><ele>27.5</ele></trkpt>
      <trkpt lat="51.453562" lon="-0.146935"><ele>27</ele></trkpt>
      <trkpt lat="51.453594" lon="-0.146903"><ele>27</ele></trkpt>
      <trkpt lat="51.45363" lon="-0.146861"><ele>27</ele></trkpt>
      <trkpt lat="51.453694" lon="-0.146789"><ele>27</ele></trkpt>
      <trkpt lat="51.453899" lon="-0.146581"><ele>27</ele></trkpt>
      <trkpt lat="51.453938" lon="-0.146544"><ele>27</ele></trkpt>
      <trkpt lat="51.454058" lon="-0.14641"><ele>27</ele></trkpt>
      <trkpt lat="51.454072" lon="-0.146394"><ele>27</ele></trkpt>
      <trkpt lat="51.45414" lon="-0.146323"><ele>26.75</ele></trkpt>
      <trkpt lat="51.454185" lon="-0.146276"><ele>26.5</ele></trkpt>
      <trkpt lat="51.454242" lon="-0.146209"><ele>26.5</ele></trkpt>
      <trkpt lat="51.454252" lon="-0.146198"><ele>26.5</ele></trkpt>
      <trkpt lat="51.454286" lon="-0.146163"><ele>26.5</ele></trkpt>
      <trkpt lat="51.454326" lon="-0.146124"><ele>26.5</ele></trkpt>
      <trkpt lat="51.454655" lon="-0.145795"><ele>27</ele></trkpt>
      <trkpt lat="51.454978" lon="-0.145481"><ele>27</ele></trkpt>
      <trkpt lat="51.455145" lon="-0.145316"><ele>27</ele></trkpt>
      <trkpt lat="51.455322" lon="-0.145149"><ele>27</ele></trkpt>
      <trkpt lat="51.455635" lon="-0.144829"><ele>27</ele></trkpt>
      <trkpt lat="51.455998" lon="-0.144482"><ele>27.75</ele></trkpt>
      <trkpt lat="51.456044" lon="-0.144441"><ele>27.75</ele></trkpt>
      <trkpt lat="51.456092" lon="-0.144401"><ele>27.75</ele></trkpt>
      <trkpt lat="51.456125" lon="-0.144365"><ele>28</ele></trkpt>
      <trkpt lat="51.456176" lon="-0.144305"><ele>28</ele></trkpt>
      <trkpt lat="51.456226" lon="-0.144256"><ele>28</ele></trkpt>
      <trkpt lat="51.456258" lon="-0.144224"><ele>28</ele></trkpt>
      <trkpt lat="51.456507" lon="-0.143975"><ele>27.75</ele></trkpt>
      <trkpt lat="51.456686" lon="-0.143825"><ele>28</ele></trkpt>
      <trkpt lat="51.456722" lon="-0.143787"><ele>28</ele></trkpt>
      <trkpt lat="51.45699" lon="-0.143538"><ele>28</ele></trkpt>
      <trkpt lat="51.457278" lon="-0.143266"><ele>27.75</ele></trkpt>
      <trkpt lat="51.457325" lon="-0.143227"><ele>27.5</ele></trkpt>
      <trkpt lat="51.457466" lon="-0.14311"><ele>27</ele></trkpt>
      <trkpt lat="51.457546" lon="-0.143046"><ele>27</ele></trkpt>
      <trkpt lat="51.457592" lon="-0.143008"><ele>27</ele></trkpt>
      <trkpt lat="51.457625" lon="-0.142978"><ele>27</ele></trkpt>
      <trkpt lat="51.457734" lon="-0.142877"><ele>27</ele></trkpt>
      <trkpt lat="51.457844" lon="-0.142776"><ele>27</ele></trkpt>
      <trkpt lat="51.458007" lon="-0.142644"><ele>27</ele></trkpt>
      <trkpt lat="51.458059" lon="-0.142613"><ele>26.75</ele></trkpt>
      <trkpt lat="51.458185" lon="-0.142503"><ele>26.5</ele></trkpt>
      <trkpt lat="51.45837" lon="-0.142361"><ele>26.25</ele></trkpt>
      <trkpt lat="51.458735" lon="-0.142057"><ele>26</ele></trkpt>
      <trkpt lat="51.45883" lon="-0.141985"><ele>26</ele></trkpt>
      <trkpt lat="51.458973" lon="-0.141882"><ele>25.5</ele></trkpt>
      <trkpt lat="51.459254" lon="-0.141646"><ele>25</ele></trkpt>
      <trkpt lat="51.459364" lon="-0.141559"><ele>25</ele></trkpt>
      <trkpt lat="51.459495" lon="-0.14142"><ele>24.75</ele></trkpt>
      <trkpt lat="51.459607" lon="-0.141276"><ele>25</ele></trkpt>
      <trkpt lat="51.459637" lon="-0.141234"><ele>25</ele></trkpt>
      <trkpt lat="51.459667" lon="-0.141193"><ele>25</ele></trkpt>
      <trkpt lat="51.459709" lon="-0.14113"><ele>25</ele></trkpt>
      <trkpt lat="51.459774" lon="-0.141045"><ele>24.75</ele></trkpt>
      <trkpt lat="51.459897" lon="-0.140871"><ele>24.25</ele></trkpt>
      <trkpt lat="51.460136" lon="-0.140498"><ele>23.5</ele></trkpt>
      <trkpt lat="51.460307" lon="-0.140226"><ele>22.75</ele></trkpt>
      <trkpt lat="51.460448" lon="-0.139995"><ele>22.25</ele></trkpt>
      <trkpt lat="51.460659" lon="-0.139636"><ele>22</ele></trkpt>
      <trkpt lat="51.460793" lon="-0.139446"><ele>22</ele></trkpt>
      <trkpt lat="51.460876" lon="-0.139331"><ele>22</ele></trkpt>
      <trkpt lat="51.460907" lon="-0.139287"><ele>21.75</ele></trkpt>
      <trkpt lat="51.460923" lon="-0.139266"><ele>21.75</ele></trkpt>
      <trkpt lat="51.460934" lon="-0.139247"><ele>22</ele></trkpt>
      <trkpt lat="51.460981" lon="-0.139215"><ele>22</ele></trkpt>
      <trkpt lat="51.461042" lon="-0.139205"><ele>22</ele></trkpt>
      <trkpt lat="51.46106" lon="-0.139204"><ele>22</ele></trkpt>
      <trkpt lat="51.461118" lon="-0.139202"><ele>21.75</ele></trkpt>
      <trkpt lat="51.461183" lon="-0.139235"><ele>21.75</ele></trkpt>
      <trkpt lat="51.461214" lon="-0.139246"><ele>21.75</ele></trkpt>
      <trkpt lat="51.46122" lon="-0.139202"><ele>21.75</ele></trkpt>
      <trkpt lat="51.461219" lon="-0.139168"><ele>21.75</ele></trkpt>
      <trkpt lat="51.461227" lon="-0.139142"><ele>22</ele></trkpt>
      <trkpt lat="51.461241" lon="-0.139109"><ele>22</ele></trkpt>
      <trkpt lat="51.461248" lon="-0.139094"><ele>22</ele></trkpt>
      <trkpt lat="51.461274" lon="-0.139035"><ele>22</ele></trkpt>
      <trkpt lat="51.461283" lon="-0.139002"><ele>22</ele></trkpt>
      <trkpt lat="51.461491" lon="-0.138684"><ele>21.75</ele></trkpt>
      <trkpt lat="51.461619" lon="-0.138457"><ele>22</ele></trkpt>
      <trkpt lat="51.461666" lon="-0.138375"><ele>22</ele></trkpt>
      <trkpt lat="51.461728" lon="-0.138293"><ele>21.75</ele></trkpt>
      <trkpt lat="51.461765" lon="-0.138246"><ele>21.75</ele></trkpt>
      <trkpt lat="51.461852" lon="-0.138144"><ele>21.75</ele></trkpt>
      <trkpt lat="51.461895" lon="-0.138138"><ele>21.75</ele></trkpt>
      <trkpt lat="51.461937" lon="-0.137991"><ele>22</ele></trkpt>
      <trkpt lat="51.461956" lon="-0.137937"><ele>21.75</ele></trkpt>
      <trkpt lat="51.461974" lon="-0.13795"><ele>22</ele></trkpt>
      <trkpt lat="51.462004" lon="-0.137973"><ele>22</ele></trkpt>
      <trkpt lat="51.462021" lon="-0.13783"><ele>22</ele></trkpt>
      <trkpt lat="51.462028" lon="-0.137813"><ele>21.75</ele></trkpt>
      <trkpt lat="51.4621" lon="-0.137696"><ele>22</ele></trkpt>
      <trkpt lat="51.462126" lon="-0.137642"><ele>22</ele></trkpt>
      <trkpt lat="51.462147" lon="-0.137597"><ele>22</ele></trkpt>
      <trkpt lat="51.462161" lon="-0.137554"><ele>22</ele></trkpt>
      <trkpt lat="51.462207" lon="-0.137585"><ele>22</ele></trkpt>
      <trkpt lat="51.462252" lon="-0.137421"><ele>22</ele></trkpt>
      <trkpt lat="51.462367" lon="-0.136888"><ele>21</ele></trkpt>
      <trkpt lat="51.462445" lon="-0.13659"><ele>21</ele></trkpt>
      <trkpt lat="51.462481" lon="-0.136488"><ele>21</ele></trkpt>
      <trkpt lat="51.462564" lon="-0.136262"><ele>21</ele></trkpt>
      <trkpt lat="51.462582" lon="-0.136194"><ele>21</ele></trkpt>
      <trkpt lat="51.462597" lon="-0.136146"><ele>21</ele></trkpt>
      <trkpt lat="51.462586" lon="-0.136109"><ele>21</ele></trkpt>
      <trkpt lat="51.46297" lon="-0.134899"><ele>20</ele></trkpt>
      <trkpt lat="51.462975" lon="-0.134885"><ele>20</ele></trkpt>
      <trkpt lat="51.462992" lon="-0.134835"><ele>20</ele></trkpt>
      <trkpt lat="51.463067" lon="-0.134603"><ele>19.5</ele></trkpt>
      <trkpt lat="51.463094" lon="-0.134525"><ele>19.25</ele></trkpt>
      <trkpt lat="51.463137" lon="-0.134457"><ele>19.25</ele></trkpt>
      <trkpt lat="51.463158" lon="-0.134402"><ele>19.25</ele></trkpt>
      <trkpt lat="51.463177" lon="-0.134348"><ele>19.25</ele></trkpt>
      <trkpt lat="51.463441" lon="-0.133624"><ele>18</ele></trkpt>
      <trkpt lat="51.463678" lon="-0.133027"><ele>17</ele></trkpt>
      <trkpt lat="51.463794" lon="-0.132753"><ele>16.75</ele></trkpt>
      <trkpt lat="51.463901" lon="-0.132523"><ele>16</ele></trkpt>
      <trkpt lat="51.46392" lon="-0.132476"><ele>15.75</ele></trkpt>
      <trkpt lat="51.463932" lon="-0.132447"><ele>15.75</ele></trkpt>
      <trkpt lat="51.464274" lon="-0.131617"><ele>14</ele></trkpt>
      <trkpt lat="51.464401" lon="-0.131338"><ele>13.75</ele></trkpt>
      <trkpt lat="51.464438" lon="-0.13127"><ele>13.5</ele></trkpt>
      <trkpt lat="51.464485" lon="-0.131181"><ele>13.25</ele></trkpt>
      <trkpt lat="51.46456" lon="-0.131043"><ele>13</ele></trkpt>
      <trkpt lat="51.464571" lon="-0.13102"><ele>13</ele></trkpt>
      <trkpt lat="51.464584" lon="-0.130994"><ele>13</ele></trkpt>
      <trkpt lat="51.464619" lon="-0.130929"><ele>13</ele></trkpt>
      <trkpt lat="51.464631" lon="-0.130909"><ele>13</ele></trkpt>
      <trkpt lat="51.464644" lon="-0.130886"><ele>13</ele></trkpt>
      <trkpt lat="51.464645" lon="-0.130858"><ele>13</ele></trkpt>
      <trkpt lat="51.464681" lon="-0.130792"><ele>13</ele></trkpt>
      <trkpt lat="51.464805" lon="-0.130598"><ele>12.75</ele></trkpt>
      <trkpt lat="51.464831" lon="-0.130568"><ele>13</ele></trkpt>
      <trkpt lat="51.464856" lon="-0.130529"><ele>13</ele></trkpt>
      <trkpt lat="51.464859" lon="-0.130525"><ele>13</ele></trkpt>
      <trkpt lat="51.464857" lon="-0.130502"><ele>13</ele></trkpt>
      <trkpt lat="51.464981" lon="-0.130281"><ele>13</ele></trkpt>
      <trkpt lat="51.465155" lon="-0.13006"><ele>13.5</ele></trkpt>
      <trkpt lat="51.465189" lon="-0.130018"><ele>13.5</ele></trkpt>
      <trkpt lat="51.465309" lon="-0.129883"><ele>14</ele></trkpt>
      <trkpt lat="51.465526" lon="-0.12967"><ele>14</ele></trkpt>
      <trkpt lat="51.465564" lon="-0.129635"><ele>14.25</ele></trkpt>
      <trkpt lat="51.465784" lon="-0.129457"><ele>14.75</ele></trkpt>
      <trkpt lat="51.465964" lon="-0.129331"><ele>14.5</ele></trkpt>
      <trkpt lat="51.465943" lon="-0.129229"><ele>14.5</ele></trkpt>
      <trkpt lat="51.466155" lon="-0.129098"><ele>14</ele></trkpt>
      <trkpt lat="51.466743" lon="-0.128718"><ele>13.5</ele></trkpt>
      <trkpt lat="51.467056" lon="-0.128513"><ele>13</ele></trkpt>
      <trkpt lat="51.467116" lon="-0.128474"><ele>13</ele></trkpt>
      <trkpt lat="51.467177" lon="-0.128437"><ele>13</ele></trkpt>
      <trkpt lat="51.467301" lon="-0.128345"><ele>12.5</ele></trkpt>
      <trkpt lat="51.467534" lon="-0.128166"><ele>12</ele></trkpt>
      <trkpt lat="51.467696" lon="-0.128038"><ele>12</ele></trkpt>
      <trkpt lat="51.467884" lon="-0.127866"><ele>11.5</ele></trkpt>
      <trkpt lat="51.468106" lon="-0.127652"><ele>10.75</ele></trkpt>
      <trkpt lat="51.468161" lon="-0.12759"><ele>10.5</ele></trkpt>
      <trkpt lat="51.46817" lon="-0.127581"><ele>10.5</ele></trkpt>
      <trkpt lat="51.468406" lon="-0.127306"><ele>10.25</ele></trkpt>
      <trkpt lat="51.468442" lon="-0.127265"><ele>10.25</ele></trkpt>
      <trkpt lat="51.468617" lon="-0.127042"><ele>9.75</ele></trkpt>
      <trkpt lat="51.46864" lon="-0.127012"><ele>9.75</ele></trkpt>
      <trkpt lat="51.468685" lon="-0.126948"><ele>9.5</ele></trkpt>
      <trkpt lat="51.468714" lon="-0.126914"><ele>9.5</ele></trkpt>
      <trkpt lat="51.468772" lon="-0.12684"><ele>9.25</ele></trkpt>
      <trkpt lat="51.468801" lon="-0.126804"><ele>9.25</ele></trkpt>
      <trkpt lat="51.46881" lon="-0.126792"><ele>9.25</ele></trkpt>
      <trkpt lat="51.468877" lon="-0.126705"><ele>9</ele></trkpt>
      <trkpt lat="51.468902" lon="-0.126669"><ele>8.75</ele></trkpt>
      <trkpt lat="51.468952" lon="-0.126603"><ele>8.75</ele></trkpt>
      <trkpt lat="51.469167" lon="-0.126295"><ele>8.25</ele></trkpt>
      <trkpt lat="51.469261" lon="-0.126147"><ele>8.5</ele></trkpt>
      <trkpt lat="51.469359" lon="-0.126018"><ele>8.25</ele></trkpt>
      <trkpt lat="51.469779" lon="-0.125449"><ele>8</ele></trkpt>
      <trkpt lat="51.469833" lon="-0.125376"><ele>8</ele></trkpt>
      <trkpt lat="51.470106" lon="-0.125028"><ele>7.5</ele></trkpt>
      <trkpt lat="51.470304" lon="-0.124775"><ele>7</ele></trkpt>
      <trkpt lat="51.470541" lon="-0.124468"><ele>7</ele></trkpt>
      <trkpt lat="51.470569" lon="-0.124433"><ele>7</ele></trkpt>
      <trkpt lat="51.470596" lon="-0.1244"><ele>7</ele></trkpt>
      <trkpt lat="51.470701" lon="-0.124273"><ele>7</ele></trkpt>
      <trkpt lat="51.470749" lon="-0.124218"><ele>7</ele></trkpt>
      <trkpt lat="51.471013" lon="-0.123915"><ele>7</ele></trkpt>
      <trkpt lat="51.471113" lon="-0.123801"><ele>7</ele></trkpt>
      <trkpt lat="51.471438" lon="-0.123446"><ele>7</ele></trkpt>
      <trkpt lat="51.4715" lon="-0.123374"><ele>7</ele></trkpt>
      <trkpt lat="51.471626" lon="-0.123233"><ele>7</ele></trkpt>
      <trkpt lat="51.471666" lon="-0.123189"><ele>7</ele></trkpt>
      <trkpt lat="51.471819" lon="-0.123024"><ele>7</ele></trkpt>
      <trkpt lat="51.471873" lon="-0.122971"><ele>7</ele></trkpt>
      <trkpt lat="51.471963" lon="-0.122875"><ele>6.75</ele></trkpt>
      <trkpt lat="51.47214" lon="-0.122681"><ele>7</ele></trkpt>
      <trkpt lat="51.472179" lon="-0.122637"><ele>7</ele></trkpt>
      <trkpt lat="51.472197" lon="-0.122618"><ele>7</ele></trkpt>
      <trkpt lat="51.472223" lon="-0.122589"><ele>7</ele></trkpt>
      <trkpt lat="51.472262" lon="-0.122547"><ele>7</ele></trkpt>
      <trkpt lat="51.472331" lon="-0.122472"><ele>7</ele></trkpt>
      <trkpt lat="51.472417" lon="-0.122385"><ele>7</ele></trkpt>
      <trkpt lat="51.472428" lon="-0.12229"><ele>7</ele></trkpt>
      <trkpt lat="51.472491" lon="-0.122228"><ele>7</ele></trkpt>
      <trkpt lat="51.472525" lon="-0.122195"><ele>7</ele></trkpt>
      <trkpt lat="51.472585" lon="-0.122132"><ele>6.75</ele></trkpt>
      <trkpt lat="51.472615" lon="-0.122058"><ele>7</ele></trkpt>
      <trkpt lat="51.472773" lon="-0.121901"><ele>7</ele></trkpt>
      <trkpt lat="51.472835" lon="-0.121837"><ele>7</ele></trkpt>
      <trkpt lat="51.472992" lon="-0.121671"><ele>6.75</ele></trkpt>
      <trkpt lat="51.473128" lon="-0.121519"><ele>6.5</ele></trkpt>
      <trkpt lat="51.473149" lon="-0.121497"><ele>6.5</ele></trkpt>
      <trkpt lat="51.4732" lon="-0.121446"><ele>6.25</ele></trkpt>
      <trkpt lat="51.473225" lon="-0.121424"><ele>6.25</ele></trkpt>
      <trkpt lat="51.473282" lon="-0.121371"><ele>6</ele></trkpt>
      <trkpt lat="51.473323" lon="-0.121334"><ele>6</ele></trkpt>
      <trkpt lat="51.473365" lon="-0.121355"><ele>6</ele></trkpt>
      <trkpt lat="51.473456" lon="-0.121256"><ele>6.25</ele></trkpt>
      <trkpt lat="51.473557" lon="-0.12115"><ele>6</ele></trkpt>
      <trkpt lat="51.473907" lon="-0.120782"><ele>6</ele></trkpt>
      <trkpt lat="51.474173" lon="-0.120502"><ele>6</ele></trkpt>
      <trkpt lat="51.474496" lon="-0.120182"><ele>6</ele></trkpt>
      <trkpt lat="51.474531" lon="-0.120147"><ele>6</ele></trkpt>
      <trkpt lat="51.474559" lon="-0.120119"><ele>6</ele></trkpt>
      <trkpt lat="51.474613" lon="-0.120067"><ele>6</ele></trkpt>
      <trkpt lat="51.474668" lon="-0.120013"><ele>6</ele></trkpt>
      <trkpt lat="51.474726" lon="-0.119951"><ele>6</ele></trkpt>
      <trkpt lat="51.474755" lon="-0.119921"><ele>6</ele></trkpt>
      <trkpt lat="51.47479" lon="-0.119883"><ele>6</ele></trkpt>
      <trkpt lat="51.475406" lon="-0.11926"><ele>6</ele></trkpt>
      <trkpt lat="51.475629" lon="-0.119028"><ele>6</ele></trkpt>
      <trkpt lat="51.476019" lon="-0.118583"><ele>6</ele></trkpt>
      <trkpt lat="51.476045" lon="-0.118554"><ele>5.75</ele></trkpt>
      <trkpt lat="51.476335" lon="-0.118219"><ele>5.75</ele></trkpt>
      <trkpt lat="51.476461" lon="-0.118076"><ele>5.5</ele></trkpt>
      <trkpt lat="51.476521" lon="-0.118002"><ele>5.5</ele></trkpt>
      <trkpt lat="51.476561" lon="-0.117956"><ele>5.25</ele></trkpt>
      <trkpt lat="51.476584" lon="-0.117932"><ele>5.25</ele></trkpt>
      <trkpt lat="51.476624" lon="-0.117889"><ele>5</ele></trkpt>
      <trkpt lat="51.477034" lon="-0.117453"><ele>5</ele></trkpt>
      <trkpt lat="51.477233" lon="-0.117237"><ele>5</ele></trkpt>
      <trkpt lat="51.477284" lon="-0.117185"><ele>5</ele></trkpt>
      <trkpt lat="51.477295" lon="-0.117174"><ele>5</ele></trkpt>
      <trkpt lat="51.477314" lon="-0.117156"><ele>5</ele></trkpt>
      <trkpt lat="51.477398" lon="-0.117067"><ele>5</ele></trkpt>
      <trkpt lat="51.477495" lon="-0.116971"><ele>5</ele></trkpt>
      <trkpt lat="51.47753" lon="-0.116935"><ele>5</ele></trkpt>
      <trkpt lat="51.477552" lon="-0.116912"><ele>5</ele></trkpt>
      <trkpt lat="51.477575" lon="-0.116889"><ele>5</ele></trkpt>
      <trkpt lat="51.477613" lon="-0.116852"><ele>5</ele></trkpt>
      <trkpt lat="51.477765" lon="-0.116701"><ele>4.75</ele></trkpt>
      <trkpt lat="51.477964" lon="-0.116502"><ele>5</ele></trkpt>
      <trkpt lat="51.478016" lon="-0.116451"><ele>5</ele></trkpt>
      <trkpt lat="51.478205" lon="-0.116255"><ele>5</ele></trkpt>
      <trkpt lat="51.478279" lon="-0.11618"><ele>5</ele></trkpt>
      <trkpt lat="51.478692" lon="-0.115759"><ele>5</ele></trkpt>
      <trkpt lat="51.478751" lon="-0.1157"><ele>5</ele></trkpt>
      <trkpt lat="51.478757" lon="-0.115693"><ele>5</ele></trkpt>
      <trkpt lat="51.478791" lon="-0.115659"><ele>5</ele></trkpt>
      <trkpt lat="51.478846" lon="-0.115597"><ele>5</ele></trkpt>
      <trkpt lat="51.479118" lon="-0.115297"><ele>5</ele></trkpt>
      <trkpt lat="51.479152" lon="-0.115258"><ele>4.75</ele></trkpt>
      <trkpt lat="51.479218" lon="-0.115191"><ele>4.75</ele></trkpt>
      <trkpt lat="51.479256" lon="-0.115152"><ele>5</ele></trkpt>
      <trkpt lat="51.479291" lon="-0.115115"><ele>5</ele></trkpt>
      <trkpt lat="51.479406" lon="-0.114993"><ele>5</ele></trkpt>
      <trkpt lat="51.479433" lon="-0.114963"><ele>5</ele></trkpt>
      <trkpt lat="51.479473" lon="-0.11492"><ele>5</ele></trkpt>
      <trkpt lat="51.4796" lon="-0.114786"><ele>5</ele></trkpt>
      <trkpt lat="51.479675" lon="-0.114708"><ele>5</ele></trkpt>
      <trkpt lat="51.479733" lon="-0.114647"><ele>4.75</ele></trkpt>
      <trkpt lat="51.479791" lon="-0.114582"><ele>4.75</ele></trkpt>
      <trkpt lat="51.480188" lon="-0.114137"><ele>4.75</ele></trkpt>
      <trkpt lat="51.480308" lon="-0.114004"><ele>5</ele></trkpt>
      <trkpt lat="51.480395" lon="-0.113909"><ele>5</ele></trkpt>
      <trkpt lat="51.480446" lon="-0.113849"><ele>4.75</ele></trkpt>
      <trkpt lat="51.480753" lon="-0.113491"><ele>5</ele></trkpt>
      <trkpt lat="51.48088" lon="-0.113342"><ele>5</ele></trkpt>
      <trkpt lat="51.480912" lon="-0.113305"><ele>5</ele></trkpt>
      <trkpt lat="51.480947" lon="-0.113261"><ele>5</ele></trkpt>
      <trkpt lat="51.481026" lon="-0.113178"><ele>5</ele></trkpt>
      <trkpt lat="51.481044" lon="-0.113159"><ele>5</ele></trkpt>
      <trkpt lat="51.48111" lon="-0.113084"><ele>5</ele></trkpt>
      <trkpt lat="51.481185" lon="-0.113003"><ele>5.25</ele></trkpt>
      <trkpt lat="51.481278" lon="-0.112917"><ele>5.5</ele></trkpt>
      <trkpt lat="51.481373" lon="-0.112824"><ele>5</ele></trkpt>
      <trkpt lat="51.481426" lon="-0.112774"><ele>5</ele></trkpt>
      <trkpt lat="51.48152" lon="-0.112688"><ele>5</ele></trkpt>
      <trkpt lat="51.481544" lon="-0.11267"><ele>5</ele></trkpt>
      <trkpt lat="51.481585" lon="-0.112637"><ele>5</ele></trkpt>
      <trkpt lat="51.481652" lon="-0.112583"><ele>5</ele></trkpt>
      <trkpt lat="51.481687" lon="-0.112534"><ele>4.75</ele></trkpt>
      <trkpt lat="51.481723" lon="-0.112464"><ele>4.75</ele></trkpt>
      <trkpt lat="51.481756" lon="-0.112418"><ele>4.5</ele></trkpt>
      <trkpt lat="51.481802" lon="-0.112374"><ele>4.5</ele></trkpt>
      <trkpt lat="51.481815" lon="-0.112418"><ele>4.25</ele></trkpt>
      <trkpt lat="51.481821" lon="-0.11243"><ele>4.25</ele></trkpt>
      <trkpt lat="51.481841" lon="-0.112414"><ele>4.25</ele></trkpt>
      <trkpt lat="51.481868" lon="-0.112393"><ele>4.25</ele></trkpt>
      <trkpt lat="51.481875" lon="-0.112417"><ele>4</ele></trkpt>
      <trkpt lat="51.481891" lon="-0.112474"><ele>4</ele></trkpt>
      <trkpt lat="51.481947" lon="-0.11243"><ele>4</ele></trkpt>
      <trkpt lat="51.482009" lon="-0.112382"><ele>4</ele></trkpt>
      <trkpt lat="51.482026" lon="-0.112369"><ele>4</ele></trkpt>
      <trkpt lat="51.482151" lon="-0.112276"><ele>4</ele></trkpt>
      <trkpt lat="51.48217" lon="-0.112257"><ele>4</ele></trkpt>
      <trkpt lat="51.482529" lon="-0.1119"><ele>4</ele></trkpt>
      <trkpt lat="51.482555" lon="-0.111866"><ele>4</ele></trkpt>
      <trkpt lat="51.482634" lon="-0.111766"><ele>4.25</ele></trkpt>
      <trkpt lat="51.482664" lon="-0.111705"><ele>4.5</ele></trkpt>
      <trkpt lat="51.482722" lon="-0.111647"><ele>4.5</ele></trkpt>
      <trkpt lat="51.482822" lon="-0.111547"><ele>4.5</ele></trkpt>
      <trkpt lat="51.482857" lon="-0.111513"><ele>4.25</ele></trkpt>
      <trkpt lat="51.482924" lon="-0.111432"><ele>4</ele></trkpt>
      <trkpt lat="51.483414" lon="-0.110978"><ele>4</ele></trkpt>
      <trkpt lat="51.483815" lon="-0.11057"><ele>4</ele></trkpt>
      <trkpt lat="51.484182" lon="-0.110206"><ele>4</ele></trkpt>
      <trkpt lat="51.484286" lon="-0.110093"><ele>4</ele></trkpt>
      <trkpt lat="51.484297" lon="-0.110034"><ele>4</ele></trkpt>
      <trkpt lat="51.484445" lon="-0.109883"><ele>4</ele></trkpt>
      <trkpt lat="51.484528" lon="-0.109788"><ele>4</ele></trkpt>
      <trkpt lat="51.484561" lon="-0.109751"><ele>4</ele></trkpt>
      <trkpt lat="51.484602" lon="-0.109702"><ele>4</ele></trkpt>
      <trkpt lat="51.484628" lon="-0.109674"><ele>4</ele></trkpt>
      <trkpt lat="51.484653" lon="-0.109646"><ele>4</ele></trkpt>
      <trkpt lat="51.484705" lon="-0.109595"><ele>4</ele></trkpt>
      <trkpt lat="51.48476" lon="-0.109544"><ele>4</ele></trkpt>
      <trkpt lat="51.484818" lon="-0.109547"><ele>4</ele></trkpt>
      <trkpt lat="51.484944" lon="-0.109409"><ele>3.75</ele></trkpt>
      <trkpt lat="51.485232" lon="-0.109096"><ele>3.25</ele></trkpt>
      <trkpt lat="51.485652" lon="-0.10868"><ele>3.25</ele></trkpt>
      <trkpt lat="51.485732" lon="-0.10859"><ele>3.25</ele></trkpt>
      <trkpt lat="51.485745" lon="-0.108578"><ele>3.25</ele></trkpt>
      <trkpt lat="51.485792" lon="-0.108531"><ele>3</ele></trkpt>
      <trkpt lat="51.485814" lon="-0.10851"><ele>3</ele></trkpt>
      <trkpt lat="51.485896" lon="-0.108431"><ele>3</ele></trkpt>
      <trkpt lat="51.485996" lon="-0.108328"><ele>3</ele></trkpt>
      <trkpt lat="51.48604" lon="-0.108282"><ele>3</ele></trkpt>
      <trkpt lat="51.486088" lon="-0.108235"><ele>3</ele></trkpt>
      <trkpt lat="51.486094" lon="-0.10823"><ele>3</ele></trkpt>
      <trkpt lat="51.486119" lon="-0.108207"><ele>3</ele></trkpt>
      <trkpt lat="51.487076" lon="-0.107205"><ele>3.75</ele></trkpt>
      <trkpt lat="51.487451" lon="-0.106816"><ele>3.5</ele></trkpt>
      <trkpt lat="51.487707" lon="-0.106554"><ele>3.5</ele></trkpt>
      <trkpt lat="51.487794" lon="-0.106466"><ele>4</ele></trkpt>
      <trkpt lat="51.487945" lon="-0.106331"><ele>3.75</ele></trkpt>
      <trkpt lat="51.488152" lon="-0.106107"><ele>3</ele></trkpt>
      <trkpt lat="51.488167" lon="-0.10609"><ele>3</ele></trkpt>
      <trkpt lat="51.488202" lon="-0.106055"><ele>3</ele></trkpt>
      <trkpt lat="51.488205" lon="-0.106052"><ele>3</ele></trkpt>
      <trkpt lat="51.48823" lon="-0.106027"><ele>3</ele></trkpt>
      <trkpt lat="51.488292" lon="-0.10596"><ele>3</ele></trkpt>
      <trkpt lat="51.488321" lon="-0.105928"><ele>3</ele></trkpt>
    </trkseg>
    <trkseg>
      <trkpt lat="51.488321" lon="-0.105928"><ele>3</ele></trkpt>
      <trkpt lat="51.488365" lon="-0.105881"><ele>3</ele></trkpt>
      <trkpt lat="51.488408" lon="-0.106004"><ele>3</ele></trkpt>
      <trkpt lat="51.488412" lon="-0.106014"><ele>3</ele></trkpt>
      <trkpt lat="51.488418" lon="-0.106028"><ele>3</ele></trkpt>
      <trkpt lat="51.488583" lon="-0.105869"><ele>3</ele></trkpt>
      <trkpt lat="51.488666" lon="-0.105805"><ele>3</ele></trkpt>
      <trkpt lat="51.489033" lon="-0.105441"><ele>3.25</ele></trkpt>
      <trkpt lat="51.489049" lon="-0.105427"><ele>3.25</ele></trkpt>
      <trkpt lat="51.489144" lon="-0.105682"><ele>3.75</ele></trkpt>
      <trkpt lat="51.489281" lon="-0.106044"><ele>4</ele></trkpt>
      <trkpt lat="51.489379" lon="-0.106301"><ele>4</ele></trkpt>
      <trkpt lat="51.489451" lon="-0.106491"><ele>4</ele></trkpt>
      <trkpt lat="51.48953" lon="-0.106696"><ele>4</ele></trkpt>
      <trkpt lat="51.4896" lon="-0.106842"><ele>4</ele></trkpt>
      <trkpt lat="51.489675" lon="-0.107021"><ele>4</ele></trkpt>
      <trkpt lat="51.489733" lon="-0.107172"><ele>4</ele></trkpt>
      <trkpt lat="51.48984" lon="-0.10744"><ele>4</ele></trkpt>
      <trkpt lat="51.489939" lon="-0.107601"><ele>3.75</ele></trkpt>
      <trkpt lat="51.48995" lon="-0.107617"><ele>3.75</ele></trkpt>
      <trkpt lat="51.489978" lon="-0.107657"><ele>3.75</ele></trkpt>
      <trkpt lat="51.48987" lon="-0.107904"><ele>3.5</ele></trkpt>
      <trkpt lat="51.489771" lon="-0.108175"><ele>4</ele></trkpt>
      <trkpt lat="51.489808" lon="-0.108211"><ele>4</ele></trkpt>
      <trkpt lat="51.489829" lon="-0.108232"><ele>4</ele></trkpt>
      <trkpt lat="51.48987" lon="-0.108277"><ele>4</ele></trkpt>
      <trkpt lat="51.490364" lon="-0.10932"><ele>3.25</ele></trkpt>
      <trkpt lat="51.490647" lon="-0.109908"><ele>3</ele></trkpt>
      <trkpt lat="51.490739" lon="-0.110104"><ele>3</ele></trkpt>
      <trkpt lat="51.490782" lon="-0.110226"><ele>3</ele></trkpt>
      <trkpt lat="51.490948" lon="-0.110931"><ele>3</ele></trkpt>
      <trkpt lat="51.490959" lon="-0.110981"><ele>3</ele></trkpt>
      <trkpt lat="51.490964" lon="-0.111083"><ele>3</ele></trkpt>
      <trkpt lat="51.49115" lon="-0.111072"><ele>3</ele></trkpt>
      <trkpt lat="51.491581" lon="-0.111035"><ele>3</ele></trkpt>
      <trkpt lat="51.491624" lon="-0.111032"><ele>3</ele></trkpt>
      <trkpt lat="51.491668" lon="-0.111025"><ele>3</ele></trkpt>
      <trkpt lat="51.491787" lon="-0.111015"><ele>3</ele></trkpt>
      <trkpt lat="51.492343" lon="-0.110973"><ele>3</ele></trkpt>
      <trkpt lat="51.49262" lon="-0.110953"><ele>3</ele></trkpt>
      <trkpt lat="51.492716" lon="-0.110944"><ele>3.25</ele></trkpt>
      <trkpt lat="51.49279" lon="-0.11094"><ele>3.25</ele></trkpt>
      <trkpt lat="51.492993" lon="-0.110923"><ele>3.75</ele></trkpt>
      <trkpt lat="51.493078" lon="-0.110918"><ele>4</ele></trkpt>
      <trkpt lat="51.49315" lon="-0.110914"><ele>4</ele></trkpt>
      <trkpt lat="51.493193" lon="-0.110912"><ele>4</ele></trkpt>
      <trkpt lat="51.493236" lon="-0.11091"><ele>4</ele></trkpt>
      <trkpt lat="51.493327" lon="-0.110905"><ele>4</ele></trkpt>
      <trkpt lat="51.493385" lon="-0.110904"><ele>4</ele></trkpt>
      <trkpt lat="51.493749" lon="-0.110886"><ele>4</ele></trkpt>
      <trkpt lat="51.494014" lon="-0.110864"><ele>3.5</ele></trkpt>
      <trkpt lat="51.494154" lon="-0.110859"><ele>3</ele></trkpt>
      <trkpt lat="51.494662" lon="-0.110855"><ele>3</ele></trkpt>
      <trkpt lat="51.495049" lon="-0.110882"><ele>3</ele></trkpt>
      <trkpt lat="51.495182" lon="-0.110894"><ele>3</ele></trkpt>
      <trkpt lat="51.495223" lon="-0.110898"><ele>3</ele></trkpt>
      <trkpt lat="51.495266" lon="-0.110903"><ele>3</ele></trkpt>
      <trkpt lat="51.495422" lon="-0.110918"><ele>3</ele></trkpt>
      <trkpt lat="51.495475" lon="-0.110932"><ele>3</ele></trkpt>
      <trkpt lat="51.495493" lon="-0.110939"><ele>3</ele></trkpt>
      <trkpt lat="51.495785" lon="-0.11108"><ele>3</ele></trkpt>
      <trkpt lat="51.496059" lon="-0.111239"><ele>2.75</ele></trkpt>
      <trkpt lat="51.496261" lon="-0.111342"><ele>3</ele></trkpt>
      <trkpt lat="51.496303" lon="-0.111365"><ele>3</ele></trkpt>
      <trkpt lat="51.496343" lon="-0.111385"><ele>3</ele></trkpt>
      <trkpt lat="51.496468" lon="-0.111457"><ele>3</ele></trkpt>
      <trkpt lat="51.496588" lon="-0.111526"><ele>3</ele></trkpt>
      <trkpt lat="51.496596" lon="-0.111531"><ele>3</ele></trkpt>
      <trkpt lat="51.496631" lon="-0.111548"><ele>3</ele></trkpt>
      <trkpt lat="51.496674" lon="-0.111569"><ele>3</ele></trkpt>
      <trkpt lat="51.496919" lon="-0.111686"><ele>3</ele></trkpt>
      <trkpt lat="51.496985" lon="-0.111714"><ele>3</ele></trkpt>
      <trkpt lat="51.496996" lon="-0.111718"><ele>3</ele></trkpt>
      <trkpt lat="51.497044" lon="-0.111739"><ele>3</ele></trkpt>
      <trkpt lat="51.497096" lon="-0.11176"><ele>3</ele></trkpt>
      <trkpt lat="51.497242" lon="-0.111823"><ele>3</ele></trkpt>
      <trkpt lat="51.497702" lon="-0.112012"><ele>3</ele></trkpt>
      <trkpt lat="51.497923" lon="-0.112081"><ele>3</ele></trkpt>
      <trkpt lat="51.498148" lon="-0.112148"><ele>3</ele></trkpt>
      <trkpt lat="51.498214" lon="-0.112106"><ele>3</ele></trkpt>
      <trkpt lat="51.498332" lon="-0.112153"><ele>3</ele></trkpt>
      <trkpt lat="51.498368" lon="-0.112168"><ele>3</ele></trkpt>
      <trkpt lat="51.498384" lon="-0.112174"><ele>3</ele></trkpt>
      <trkpt lat="51.498474" lon="-0.112214"><ele>3</ele></trkpt>
      <trkpt lat="51.498551" lon="-0.112246"><ele>3</ele></trkpt>
      <trkpt lat="51.498694" lon="-0.112289"><ele>3.25</ele></trkpt>
      <trkpt lat="51.498807" lon="-0.112346"><ele>3.5</ele></trkpt>
      <trkpt lat="51.498843" lon="-0.112448"><ele>3.75</ele></trkpt>
      <trkpt lat="51.498921" lon="-0.112545"><ele>4</ele></trkpt>
      <trkpt lat="51.498983" lon="-0.112637"><ele>4</ele></trkpt>
      <trkpt lat="51.499015" lon="-0.112685"><ele>4</ele></trkpt>
      <trkpt lat="51.499062" lon="-0.11276"><ele>4</ele></trkpt>
      <trkpt lat="51.49919" lon="-0.113008"><ele>4</ele></trkpt>
      <trkpt lat="51.499396" lon="-0.11346"><ele>4</ele></trkpt>
      <trkpt lat="51.499531" lon="-0.113756"><ele>4.25</ele></trkpt>
      <trkpt lat="51.499553" lon="-0.113803"><ele>4.25</ele></trkpt>
      <trkpt lat="51.499622" lon="-0.113881"><ele>4.5</ele></trkpt>
      <trkpt lat="51.499654" lon="-0.113951"><ele>4.75</ele></trkpt>
      <trkpt lat="51.499809" lon="-0.114258"><ele>5</ele></trkpt>
      <trkpt lat="51.499828" lon="-0.114237"><ele>5</ele></trkpt>
      <trkpt lat="51.499835" lon="-0.114227"><ele>5</ele></trkpt>
      <trkpt lat="51.499859" lon="-0.114274"><ele>5</ele></trkpt>
      <trkpt lat="51.499877" lon="-0.114297"><ele>5</ele></trkpt>
      <trkpt lat="51.4999" lon="-0.114349"><ele>5</ele></trkpt>
      <trkpt lat="51.49991" lon="-0.114374"><ele>5</ele></trkpt>
      <trkpt lat="51.49993" lon="-0.114411"><ele>5</ele></trkpt>
      <trkpt lat="51.500012" lon="-0.114545"><ele>4.75</ele></trkpt>
      <trkpt lat="51.500289" lon="-0.114881"><ele>3.75</ele></trkpt>
      <trkpt lat="51.500381" lon="-0.114985"><ele>3.75</ele></trkpt>
      <trkpt lat="51.500399" lon="-0.115006"><ele>4</ele></trkpt>
      <trkpt lat="51.500416" lon="-0.115027"><ele>4</ele></trkpt>
      <trkpt lat="51.500474" lon="-0.115136"><ele>4</ele></trkpt>
      <trkpt lat="51.500645" lon="-0.115496"><ele>4</ele></trkpt>
      <trkpt lat="51.50071" lon="-0.115569"><ele>4</ele></trkpt>
      <trkpt lat="51.500739" lon="-0.115583"><ele>4</ele></trkpt>
      <trkpt lat="51.500791" lon="-0.115576"><ele>4</ele></trkpt>
      <trkpt lat="51.500817" lon="-0.115569"><ele>4</ele></trkpt>
      <trkpt lat="51.500841" lon="-0.115562"><ele>4</ele></trkpt>
      <trkpt lat="51.501078" lon="-0.115561"><ele>4</ele></trkpt>
      <trkpt lat="51.501467" lon="-0.115543"><ele>3.25</ele></trkpt>
      <trkpt lat="51.501771" lon="-0.115401"><ele>2.75</ele></trkpt>
      <trkpt lat="51.501873" lon="-0.115561"><ele>2.75</ele></trkpt>
      <trkpt lat="51.501886" lon="-0.115574"><ele>2.75</ele></trkpt>
      <trkpt lat="51.50195" lon="-0.115639"><ele>2.75</ele></trkpt>
      <trkpt lat="51.502032" lon="-0.115771"><ele>2.5</ele></trkpt>
      <trkpt lat="51.502059" lon="-0.115749"><ele>2.5</ele></trkpt>
      <trkpt lat="51.502069" lon="-0.115741"><ele>2.5</ele></trkpt>
      <trkpt lat="51.502079" lon="-0.11578"><ele>2.5</ele></trkpt>
      <trkpt lat="51.50211" lon="-0.115839"><ele>2.25</ele></trkpt>
      <trkpt lat="51.502213" lon="-0.11598"><ele>2.5</ele></trkpt>
      <trkpt lat="51.502246" lon="-0.116033"><ele>2.75</ele></trkpt>
      <trkpt lat="51.502276" lon="-0.116087"><ele>3</ele></trkpt>
      <trkpt lat="51.502296" lon="-0.116128"><ele>3.25</ele></trkpt>
      <trkpt lat="51.502307" lon="-0.116147"><ele>3.25</ele></trkpt>
      <trkpt lat="51.502385" lon="-0.116282"><ele>3.75</ele></trkpt>
      <trkpt lat="51.502449" lon="-0.116234"><ele>3.75</ele></trkpt>
      <trkpt lat="51.502455" lon="-0.116252"><ele>3.75</ele></trkpt>
      <trkpt lat="51.502486" lon="-0.116346"><ele>3.75</ele></trkpt>
      <trkpt lat="51.50263" lon="-0.116212"><ele>4</ele></trkpt>
      <trkpt lat="51.502737" lon="-0.116171"><ele>4</ele></trkpt>
      <trkpt lat="51.502759" lon="-0.11615"><ele>4</ele></trkpt>
      <trkpt lat="51.50277" lon="-0.11618"><ele>4</ele></trkpt>
      <trkpt lat="51.502786" lon="-0.116226"><ele>4</ele></trkpt>
      <trkpt lat="51.502811" lon="-0.116202"><ele>4</ele></trkpt>
      <trkpt lat="51.503444" lon="-0.1156"><ele>4</ele></trkpt>
      <trkpt lat="51.503782" lon="-0.115281"><ele>4</ele></trkpt>
      <trkpt lat="51.503946" lon="-0.115129"><ele>4</ele></trkpt>
      <trkpt lat="51.503968" lon="-0.115186"><ele>4</ele></trkpt>
      <trkpt lat="51.504019" lon="-0.115342"><ele>4</ele></trkpt>
      <trkpt lat="51.504047" lon="-0.115414"><ele>4</ele></trkpt>
      <trkpt lat="51.503995" lon="-0.115466"><ele>4</ele></trkpt>
      <trkpt lat="51.503963" lon="-0.115379"><ele>3.75</ele></trkpt>
      <trkpt lat="51.503664" lon="-0.114709"><ele>3.75</ele></trkpt>
      <trkpt lat="51.503361" lon="-0.114562"><ele>3.75</ele></trkpt>
      <trkpt lat="51.503314" lon="-0.114738"><ele>3.75</ele></trkpt>
      <trkpt lat="51.5033" lon="-0.114783"><ele>3.75</ele></trkpt>
      <trkpt lat="51.503314" lon="-0.114738"><ele>3.75</ele></trkpt>
      <trkpt lat="51.503361" lon="-0.114562"><ele>3.75</ele></trkpt>
      <trkpt lat="51.503664" lon="-0.114709"><ele>3.75</ele></trkpt>
      <trkpt lat="51.503963" lon="-0.115379"><ele>4</ele></trkpt>
      <trkpt lat="51.503995" lon="-0.115466"><ele>4</ele></trkpt>
      <trkpt lat="51.504047" lon="-0.115414"><ele>4</ele></trkpt>
      <trkpt lat="51.504019" lon="-0.115342"><ele>4</ele></trkpt>
      <trkpt lat="51.503968" lon="-0.115186"><ele>4</ele></trkpt>
      <trkpt lat="51.503946" lon="-0.115129"><ele>4</ele></trkpt>
      <trkpt lat="51.504045" lon="-0.115028"><ele>4</ele></trkpt>
      <trkpt lat="51.504149" lon="-0.114885"><ele>4.25</ele></trkpt>
      <trkpt lat="51.504285" lon="-0.114723"><ele>4.75</ele></trkpt>
      <trkpt lat="51.504294" lon="-0.114752"><ele>4.75</ele></trkpt>
      <trkpt lat="51.504864" lon="-0.115442"><ele>3.75</ele></trkpt>
      <trkpt lat="51.504893" lon="-0.115477"><ele>3.75</ele></trkpt>
      <trkpt lat="51.505094" lon="-0.116066"><ele>4</ele></trkpt>
      <trkpt lat="51.505125" lon="-0.116157"><ele>4</ele></trkpt>
      <trkpt lat="51.505132" lon="-0.116178"><ele>4</ele></trkpt>
      <trkpt lat="51.50514" lon="-0.116201"><ele>4</ele></trkpt>
      <trkpt lat="51.505172" lon="-0.11617"><ele>4</ele></trkpt>
      <trkpt lat="51.505185" lon="-0.116208"><ele>4</ele></trkpt>
      <trkpt lat="51.505187" lon="-0.116213"><ele>4</ele></trkpt>
      <trkpt lat="51.505195" lon="-0.116238"><ele>4</ele></trkpt>
      <trkpt lat="51.505268" lon="-0.116448"><ele>4</ele></trkpt>
      <trkpt lat="51.50531" lon="-0.116566"><ele>3.75</ele></trkpt>
      <trkpt lat="51.505366" lon="-0.116738"><ele>4</ele></trkpt>
      <trkpt lat="51.505676" lon="-0.117651"><ele>4.25</ele></trkpt>
      <trkpt lat="51.505723" lon="-0.117786"><ele>4</ele></trkpt>
      <trkpt lat="51.505699" lon="-0.117879"><ele>4.25</ele></trkpt>
      <trkpt lat="51.505725" lon="-0.11793"><ele>4.5</ele></trkpt>
      <trkpt lat="51.505745" lon="-0.118042"><ele>4.75</ele></trkpt>
      <trkpt lat="51.505759" lon="-0.118084"><ele>4.75</ele></trkpt>
      <trkpt lat="51.505722" lon="-0.118114"><ele>4.5</ele></trkpt>
      <trkpt lat="51.505705" lon="-0.11813"><ele>4.5</ele></trkpt>
      <trkpt lat="51.505724" lon="-0.118195"><ele>4.25</ele></trkpt>
      <trkpt lat="51.505423" lon="-0.11843"><ele>4.5</ele></trkpt>
      <trkpt lat="51.505404" lon="-0.11837"><ele>4.75</ele></trkpt>
      <trkpt lat="51.505393" lon="-0.118377"><ele>4.75</ele></trkpt>
      <trkpt lat="51.505359" lon="-0.118406"><ele>4.75</ele></trkpt>
      <trkpt lat="51.506653" lon="-0.122574"><ele>4.75</ele></trkpt>
      <trkpt lat="51.506722" lon="-0.122862"><ele>5</ele></trkpt>
      <trkpt lat="51.506762" lon="-0.123136"><ele>5</ele></trkpt>
      <trkpt lat="51.506722" lon="-0.123151"><ele>5.25</ele></trkpt>
      <trkpt lat="51.506706" lon="-0.123157"><ele>5.25</ele></trkpt>
      <trkpt lat="51.506727" lon="-0.123275"><ele>5.5</ele></trkpt>
      <trkpt lat="51.506652" lon="-0.123377"><ele>5.75</ele></trkpt>
      <trkpt lat="51.506625" lon="-0.123389"><ele>5.75</ele></trkpt>
      <trkpt lat="51.506604" lon="-0.123296"><ele>5.5</ele></trkpt>
      <trkpt lat="51.506584" lon="-0.123249"><ele>5.5</ele></trkpt>
      <trkpt lat="51.506547" lon="-0.123264"><ele>5.5</ele></trkpt>
      <trkpt lat="51.506532" lon="-0.123173"><ele>5.5</ele></trkpt>
      <trkpt lat="51.506706" lon="-0.1231"><ele>5.5</ele></trkpt>
      <trkpt lat="51.506778" lon="-0.12307"><ele>5.5</ele></trkpt>
      <trkpt lat="51.507102" lon="-0.122811"><ele>5.5</ele></trkpt>
      <trkpt lat="51.506778" lon="-0.12307"><ele>5.5</ele></trkpt>
      <trkpt lat="51.506706" lon="-0.1231"><ele>5.5</ele></trkpt>
      <trkpt lat="51.506532" lon="-0.123173"><ele>5.5</ele></trkpt>
      <trkpt lat="51.506547" lon="-0.123264"><ele>5.5</ele></trkpt>
      <trkpt lat="51.506584" lon="-0.123249"><ele>5.5</ele></trkpt>
      <trkpt lat="51.506604" lon="-0.123296"><ele>5.5</ele></trkpt>
      <trkpt lat="51.506625" lon="-0.123389"><ele>5.75</ele></trkpt>
      <trkpt lat="51.506652" lon="-0.123377"><ele>5.75</ele></trkpt>
      <trkpt lat="51.506689" lon="-0.123611"><ele>5.75</ele></trkpt>
      <trkpt lat="51.506754" lon="-0.123757"><ele>6</ele></trkpt>
      <trkpt lat="51.506945" lon="-0.124915"><ele>6</ele></trkpt>
      <trkpt lat="51.506976" lon="-0.125105"><ele>6</ele></trkpt>
      <trkpt lat="51.506986" lon="-0.125166"><ele>6</ele></trkpt>
      <trkpt lat="51.506997" lon="-0.125223"><ele>6</ele></trkpt>
      <trkpt lat="51.507049" lon="-0.125474"><ele>6.25</ele></trkpt>
      <trkpt lat="51.507126" lon="-0.12587"><ele>6.5</ele></trkpt>
      <trkpt lat="51.50725" lon="-0.12651"><ele>7</ele></trkpt>
      <trkpt lat="51.507286" lon="-0.126659"><ele>7</ele></trkpt>
      <trkpt lat="51.507295" lon="-0.126693"><ele>7.25</ele></trkpt>
      <trkpt lat="51.507349" lon="-0.126821"><ele>7.25</ele></trkpt>
      <trkpt lat="51.5074" lon="-0.127041"><ele>7.5</ele></trkpt>
      <trkpt lat="51.507442" lon="-0.127161"><ele>7.75</ele></trkpt>
      <trkpt lat="51.507455" lon="-0.12728"><ele>7.75</ele></trkpt>
      <trkpt lat="51.507436" lon="-0.127278"><ele>7.75</ele></trkpt>
      <trkpt lat="51.50741" lon="-0.127286"><ele>7.25</ele></trkpt>
      <trkpt lat="51.507436" lon="-0.127278"><ele>7.75</ele></trkpt>
      <trkpt lat="51.507455" lon="-0.12728"><ele>7.75</ele></trkpt>
      <trkpt lat="51.507463" lon="-0.127284"><ele>7.75</ele></trkpt>
      <trkpt lat="51.507509" lon="-0.127222"><ele>8</ele></trkpt>
      <trkpt lat="51.507571" lon="-0.127158"><ele>8.25</ele></trkpt>
      <trkpt lat="51.507617" lon="-0.127116"><ele>8.25</ele></trkpt>
      <trkpt lat="51.507683" lon="-0.127054"><ele>8.5</ele></trkpt>
      <trkpt lat="51.507749" lon="-0.127029"><ele>8.75</ele></trkpt>
      <trkpt lat="51.507804" lon="-0.127012"><ele>9</ele></trkpt>
      <trkpt lat="51.507919" lon="-0.127033"><ele>9.5</ele></trkpt>
      <trkpt lat="51.50796" lon="-0.127041"><ele>9.5</ele></trkpt>
      <trkpt lat="51.507997" lon="-0.127052"><ele>9.75</ele></trkpt>
      <trkpt lat="51.508147" lon="-0.127096"><ele>10.25</ele></trkpt>
      <trkpt lat="51.508394" lon="-0.127161"><ele>11.25</ele></trkpt>
      <trkpt lat="51.508476" lon="-0.127174"><ele>12</ele></trkpt>
      <trkpt lat="51.508574" lon="-0.12718"><ele>12.5</ele></trkpt>
      <trkpt lat="51.50865" lon="-0.127184"><ele>13</ele></trkpt>
      <trkpt lat="51.508701" lon="-0.12719"><ele>13.25</ele></trkpt>
      <trkpt lat="51.508748" lon="-0.127191"><ele>13.25</ele></trkpt>
      <trkpt lat="51.50885" lon="-0.127224"><ele>13.75</ele></trkpt>
      <trkpt lat="51.508931" lon="-0.127224"><ele>14</ele></trkpt>
      <trkpt lat="51.509039" lon="-0.127238"><ele>14.25</ele></trkpt>
      <trkpt lat="51.509215" lon="-0.127272"><ele>14.75</ele></trkpt>
      <trkpt lat="51.509271" lon="-0.127286"><ele>15</ele></trkpt>
      <trkpt lat="51.509312" lon="-0.1273"><ele>15</ele></trkpt>
      <trkpt lat="51.509367" lon="-0.12732"><ele>15.25</ele></trkpt>
      <trkpt lat="51.509439" lon="-0.12737"><ele>15.25</ele></trkpt>
      <trkpt lat="51.509465" lon="-0.127403"><ele>15.25</ele></trkpt>
      <trkpt lat="51.509493" lon="-0.127441"><ele>15</ele></trkpt>
      <trkpt lat="51.509519" lon="-0.127486"><ele>15</ele></trkpt>
      <trkpt lat="51.509538" lon="-0.127522"><ele>14.75</ele></trkpt>
      <trkpt lat="51.509583" lon="-0.127607"><ele>14.5</ele></trkpt>
      <trkpt lat="51.50967" lon="-0.127773"><ele>15</ele></trkpt>
      <trkpt lat="51.50973" lon="-0.127872"><ele>16.25</ele></trkpt>
      <trkpt lat="51.509866" lon="-0.128042"><ele>16.75</ele></trkpt>
      <trkpt lat="51.510005" lon="-0.128161"><ele>16.75</ele></trkpt>
      <trkpt lat="51.510165" lon="-0.128258"><ele>17.25</ele></trkpt>
      <trkpt lat="51.510257" lon="-0.128314"><ele>17.75</ele></trkpt>
      <trkpt lat="51.510318" lon="-0.128336"><ele>18</ele></trkpt>
      <trkpt lat="51.510565" lon="-0.128397"><ele>18</ele></trkpt>
      <trkpt lat="51.510713" lon="-0.128403"><ele>18.5</ele></trkpt>
      <trkpt lat="51.510888" lon="-0.128413"><ele>19</ele></trkpt>
      <trkpt lat="51.510967" lon="-0.128406"><ele>19</ele></trkpt>
      <trkpt lat="51.511194" lon="-0.128394"><ele>19.25</ele></trkpt>
      <trkpt lat="51.511234" lon="-0.128393"><ele>19.25</ele></trkpt>
      <trkpt lat="51.511322" lon="-0.128389"><ele>19.75</ele></trkpt>
      <trkpt lat="51.511384" lon="-0.128388"><ele>19.75</ele></trkpt>
      <trkpt lat="51.511427" lon="-0.128386"><ele>19.75</ele></trkpt>
      <trkpt lat="51.511488" lon="-0.128382"><ele>20</ele></trkpt>
      <trkpt lat="51.511501" lon="-0.128381"><ele>20</ele></trkpt>
      <trkpt lat="51.51169" lon="-0.128371"><ele>20</ele></trkpt>
      <trkpt lat="51.511733" lon="-0.12837"><ele>20</ele></trkpt>
      <trkpt lat="51.511856" lon="-0.12838"><ele>20.5</ele></trkpt>
      <trkpt lat="51.511926" lon="-0.128388"><ele>20.75</ele></trkpt>
      <trkpt lat="51.512113" lon="-0.128443"><ele>21</ele></trkpt>
      <trkpt lat="51.512173" lon="-0.12847"><ele>21</ele></trkpt>
      <trkpt lat="51.512629" lon="-0.128749"><ele>22.25</ele></trkpt>
      <trkpt lat="51.51267" lon="-0.128774"><ele>22.5</ele></trkpt>
      <trkpt lat="51.512697" lon="-0.12879"><ele>22.5</ele></trkpt>
      <trkpt lat="51.512789" lon="-0.128843"><ele>23</ele></trkpt>
      <trkpt lat="51.512845" lon="-0.128875"><ele>23</ele></trkpt>
      <trkpt lat="51.512888" lon="-0.128901"><ele>23</ele></trkpt>
      <trkpt lat="51.513024" lon="-0.128982"><ele>23</ele></trkpt>
      <trkpt lat="51.513065" lon="-0.129008"><ele>23</ele></trkpt>
      <trkpt lat="51.513133" lon="-0.129047"><ele>23</ele></trkpt>
      <trkpt lat="51.513254" lon="-0.129122"><ele>23</ele></trkpt>
      <trkpt lat="51.51338" lon="-0.129195"><ele>23</ele></trkpt>
      <trkpt lat="51.513404" lon="-0.12921"><ele>23</ele></trkpt>
      <trkpt lat="51.513448" lon="-0.129232"><ele>23</ele></trkpt>
      <trkpt lat="51.513492" lon="-0.129258"><ele>23</ele></trkpt>
      <trkpt lat="51.513505" lon="-0.129265"><ele>23</ele></trkpt>
      <trkpt lat="51.513716" lon="-0.129394"><ele>23.25</ele></trkpt>
      <trkpt lat="51.513773" lon="-0.129377"><ele>23.25</ele></trkpt>
      <trkpt lat="51.513802" lon="-0.129391"><ele>23.5</ele></trkpt>
      <trkpt lat="51.513886" lon="-0.129422"><ele>23.75</ele></trkpt>
      <trkpt lat="51.51397" lon="-0.129469"><ele>24</ele></trkpt>
      <trkpt lat="51.513996" lon="-0.129523"><ele>24</ele></trkpt>
      <trkpt lat="51.514198" lon="-0.129603"><ele>24</ele></trkpt>
      <trkpt lat="51.514226" lon="-0.129615"><ele>24</ele></trkpt>
      <trkpt lat="51.514253" lon="-0.129626"><ele>24</ele></trkpt>
      <trkpt lat="51.5145" lon="-0.129725"><ele>24</ele></trkpt>
      <trkpt lat="51.514896" lon="-0.129887"><ele>25</ele></trkpt>
      <trkpt lat="51.514911" lon="-0.129894"><ele>25</ele></trkpt>
      <trkpt lat="51.514955" lon="-0.129915"><ele>25</ele></trkpt>
      <trkpt lat="51.515061" lon="-0.129966"><ele>25</ele></trkpt>
      <trkpt lat="51.51511" lon="-0.129988"><ele>25</ele></trkpt>
      <trkpt lat="51.515143" lon="-0.130001"><ele>25</ele></trkpt>
      <trkpt lat="51.515179" lon="-0.130017"><ele>25</ele></trkpt>
      <trkpt lat="51.515295" lon="-0.130069"><ele>25</ele></trkpt>
      <trkpt lat="51.515347" lon="-0.130089"><ele>25</ele></trkpt>
      <trkpt lat="51.515409" lon="-0.130116"><ele>25</ele></trkpt>
      <trkpt lat="51.515723" lon="-0.130231"><ele>25</ele></trkpt>
      <trkpt lat="51.515798" lon="-0.130251"><ele>25</ele></trkpt>
      <trkpt lat="51.51587" lon="-0.13027"><ele>25</ele></trkpt>
      <trkpt lat="51.51615" lon="-0.130331"><ele>25</ele></trkpt>
      <trkpt lat="51.516196" lon="-0.130334"><ele>25</ele></trkpt>
      <trkpt lat="51.516257" lon="-0.130344"><ele>25.25</ele></trkpt>
      <trkpt lat="51.516415" lon="-0.130369"><ele>25.5</ele></trkpt>
      <trkpt lat="51.516432" lon="-0.130401"><ele>25.25</ele></trkpt>
      <trkpt lat="51.516415" lon="-0.130369"><ele>25.5</ele></trkpt>
      <trkpt lat="51.516527" lon="-0.130398"><ele>25.75</ele></trkpt>
      <trkpt lat="51.516586" lon="-0.130423"><ele>25.75</ele></trkpt>
      <trkpt lat="51.51664" lon="-0.130456"><ele>25.75</ele></trkpt>
      <trkpt lat="51.51668" lon="-0.130488"><ele>26</ele></trkpt>
      <trkpt lat="51.516868" lon="-0.130609"><ele>26</ele></trkpt>
      <trkpt lat="51.516914" lon="-0.130637"><ele>26</ele></trkpt>
      <trkpt lat="51.517086" lon="-0.130778"><ele>26</ele></trkpt>
      <trkpt lat="51.51718" lon="-0.130864"><ele>26</ele></trkpt>
      <trkpt lat="51.517223" lon="-0.130907"><ele>26</ele></trkpt>
      <trkpt lat="51.517254" lon="-0.130937"><ele>26</ele></trkpt>
      <trkpt lat="51.517439" lon="-0.131124"><ele>26</ele></trkpt>
      <trkpt lat="51.51767" lon="-0.131356"><ele>26.5</ele></trkpt>
      <trkpt lat="51.517983" lon="-0.131658"><ele>27</ele></trkpt>
      <trkpt lat="51.518137" lon="-0.131813"><ele>26.75</ele></trkpt>
      <trkpt lat="51.518189" lon="-0.131861"><ele>26.75</ele></trkpt>
      <trkpt lat="51.518457" lon="-0.132122"><ele>27</ele></trkpt>
      <trkpt lat="51.518559" lon="-0.132221"><ele>27</ele></trkpt>
      <trkpt lat="51.518768" lon="-0.132434"><ele>27</ele></trkpt>
      <trkpt lat="51.518923" lon="-0.132588"><ele>27</ele></trkpt>
      <trkpt lat="51.518966" lon="-0.132633"><ele>27.25</ele></trkpt>
      <trkpt lat="51.519001" lon="-0.132668"><ele>27.25</ele></trkpt>
      <trkpt lat="51.519212" lon="-0.132886"><ele>28</ele></trkpt>
      <trkpt lat="51.519253" lon="-0.132927"><ele>28</ele></trkpt>
      <trkpt lat="51.519431" lon="-0.133105"><ele>27.75</ele></trkpt>
      <trkpt lat="51.519637" lon="-0.133317"><ele>27.5</ele></trkpt>
      <trkpt lat="51.520006" lon="-0.133688"><ele>28</ele></trkpt>
      <trkpt lat="51.520045" lon="-0.133727"><ele>28</ele></trkpt>
      <trkpt lat="51.520086" lon="-0.133773"><ele>28</ele></trkpt>
      <trkpt lat="51.520121" lon="-0.133807"><ele>28</ele></trkpt>
      <trkpt lat="51.520288" lon="-0.133984"><ele>28</ele></trkpt>
      <trkpt lat="51.520338" lon="-0.134037"><ele>28</ele></trkpt>
      <trkpt lat="51.520386" lon="-0.134088"><ele>28</ele></trkpt>
      <trkpt lat="51.520422" lon="-0.134126"><ele>28</ele></trkpt>
      <trkpt lat="51.520459" lon="-0.134166"><ele>27.75</ele></trkpt>
      <trkpt lat="51.520493" lon="-0.134201"><ele>28</ele></trkpt>
      <trkpt lat="51.520612" lon="-0.134329"><ele>27.75</ele></trkpt>
      <trkpt lat="51.520836" lon="-0.134567"><ele>27.75</ele></trkpt>
      <trkpt lat="51.520933" lon="-0.134667"><ele>27.75</ele></trkpt>
      <trkpt lat="51.521104" lon="-0.134837"><ele>27.5</ele></trkpt>
      <trkpt lat="51.521303" lon="-0.135031"><ele>27.5</ele></trkpt>
      <trkpt lat="51.521341" lon="-0.135065"><ele>27.5</ele></trkpt>
      <trkpt lat="51.521381" lon="-0.135101"><ele>27.5</ele></trkpt>
      <trkpt lat="51.521462" lon="-0.135172"><ele>27.25</ele></trkpt>
      <trkpt lat="51.521528" lon="-0.135231"><ele>27.5</ele></trkpt>
      <trkpt lat="51.521565" lon="-0.135264"><ele>27.5</ele></trkpt>
      <trkpt lat="51.521605" lon="-0.1353"><ele>27.5</ele></trkpt>
      <trkpt lat="51.521669" lon="-0.135362"><ele>27.5</ele></trkpt>
      <trkpt lat="51.521824" lon="-0.135511"><ele>27.25</ele></trkpt>
      <trkpt lat="51.521898" lon="-0.135584"><ele>27.75</ele></trkpt>
      <trkpt lat="51.522083" lon="-0.13576"><ele>28</ele></trkpt>
      <trkpt lat="51.522093" lon="-0.13577"><ele>28</ele></trkpt>
      <trkpt lat="51.52214" lon="-0.135815"><ele>28</ele></trkpt>
      <trkpt lat="51.522239" lon="-0.135924"><ele>28</ele></trkpt>
      <trkpt lat="51.522279" lon="-0.135964"><ele>28</ele></trkpt>
      <trkpt lat="51.522299" lon="-0.135985"><ele>28</ele></trkpt>
      <trkpt lat="51.522325" lon="-0.13601"><ele>28</ele></trkpt>
      <trkpt lat="51.522355" lon="-0.136039"><ele>28</ele></trkpt>
      <trkpt lat="51.52256" lon="-0.136237"><ele>28</ele></trkpt>
      <trkpt lat="51.52287" lon="-0.136519"><ele>28</ele></trkpt>
      <trkpt lat="51.522906" lon="-0.136553"><ele>28</ele></trkpt>
      <trkpt lat="51.522935" lon="-0.13658"><ele>28</ele></trkpt>
      <trkpt lat="51.523004" lon="-0.13664"><ele>28</ele></trkpt>
      <trkpt lat="51.523072" lon="-0.136698"><ele>28</ele></trkpt>
      <trkpt lat="51.523109" lon="-0.13673"><ele>28</ele></trkpt>
      <trkpt lat="51.523149" lon="-0.136763"><ele>28</ele></trkpt>
      <trkpt lat="51.523342" lon="-0.136933"><ele>27.75</ele></trkpt>
      <trkpt lat="51.523601" lon="-0.137159"><ele>27</ele></trkpt>
      <trkpt lat="51.523636" lon="-0.137186"><ele>27</ele></trkpt>
      <trkpt lat="51.523701" lon="-0.137233"><ele>27</ele></trkpt>
      <trkpt lat="51.523765" lon="-0.137274"><ele>27</ele></trkpt>
      <trkpt lat="51.523854" lon="-0.137339"><ele>27</ele></trkpt>
      <trkpt lat="51.523893" lon="-0.137371"><ele>26.75</ele></trkpt>
      <trkpt lat="51.524109" lon="-0.137523"><ele>27</ele></trkpt>
      <trkpt lat="51.524251" lon="-0.137612"><ele>27.25</ele></trkpt>
      <trkpt lat="51.524298" lon="-0.13764"><ele>27.25</ele></trkpt>
      <trkpt lat="51.524371" lon="-0.137686"><ele>27</ele></trkpt>
      <trkpt lat="51.524525" lon="-0.137791"><ele>27</ele></trkpt>
      <trkpt lat="51.52465" lon="-0.137861"><ele>27</ele></trkpt>
      <trkpt lat="51.524671" lon="-0.137933"><ele>27.25</ele></trkpt>
      <trkpt lat="51.524714" lon="-0.137984"><ele>27.5</ele></trkpt>
      <trkpt lat="51.524802" lon="-0.138044"><ele>27.25</ele></trkpt>
      <trkpt lat="51.524794" lon="-0.138077"><ele>27.25</ele></trkpt>
      <trkpt lat="51.524779" lon="-0.138135"><ele>27.25</ele></trkpt>
      <trkpt lat="51.524806" lon="-0.138204"><ele>26.75</ele></trkpt>
      <trkpt lat="51.524823" lon="-0.138248"><ele>26.5</ele></trkpt>
      <trkpt lat="51.524853" lon="-0.138264"><ele>25.75</ele></trkpt>
      <trkpt lat="51.524875" lon="-0.13828"><ele>25.5</ele></trkpt>
      <trkpt lat="51.524896" lon="-0.138294"><ele>25</ele></trkpt>
      <trkpt lat="51.524947" lon="-0.138332"><ele>24.5</ele></trkpt>
      <trkpt lat="51.525107" lon="-0.138447"><ele>24.5</ele></trkpt>
      <trkpt lat="51.525145" lon="-0.138471"><ele>25.25</ele></trkpt>
      <trkpt lat="51.525171" lon="-0.138491"><ele>25.75</ele></trkpt>
      <trkpt lat="51.525195" lon="-0.138494"><ele>26.25</ele></trkpt>
      <trkpt lat="51.525255" lon="-0.138503"><ele>27.5</ele></trkpt>
      <trkpt lat="51.525283" lon="-0.138482"><ele>27.75</ele></trkpt>
      <trkpt lat="51.525306" lon="-0.138469"><ele>27.75</ele></trkpt>
      <trkpt lat="51.525323" lon="-0.13841"><ele>27.75</ele></trkpt>
      <trkpt lat="51.525418" lon="-0.138463"><ele>27.25</ele></trkpt>
      <trkpt lat="51.525492" lon="-0.138417"><ele>27</ele></trkpt>
      <trkpt lat="51.525713" lon="-0.138531"><ele>27</ele></trkpt>
      <trkpt lat="51.525808" lon="-0.138563"><ele>27</ele></trkpt>
      <trkpt lat="51.525915" lon="-0.138593"><ele>27</ele></trkpt>
      <trkpt lat="51.526051" lon="-0.138605"><ele>27</ele></trkpt>
      <trkpt lat="51.526309" lon="-0.138615"><ele>27</ele></trkpt>
      <trkpt lat="51.526377" lon="-0.138617"><ele>27</ele></trkpt>
      <trkpt lat="51.52642" lon="-0.138617"><ele>26.75</ele></trkpt>
      <trkpt lat="51.526431" lon="-0.138541"><ele>27</ele></trkpt>
      <trkpt lat="51.526435" lon="-0.138516"><ele>27</ele></trkpt>
      <trkpt lat="51.526451" lon="-0.1385"><ele>27</ele></trkpt>
      <trkpt lat="51.526457" lon="-0.138483"><ele>27</ele></trkpt>
      <trkpt lat="51.526469" lon="-0.138486"><ele>27</ele></trkpt>
      <trkpt lat="51.526511" lon="-0.138494"><ele>27</ele></trkpt>
      <trkpt lat="51.52652" lon="-0.138451"><ele>27</ele></trkpt>
      <trkpt lat="51.526533" lon="-0.138381"><ele>27</ele></trkpt>
      <trkpt lat="51.52658" lon="-0.138135"><ele>27</ele></trkpt>
      <trkpt lat="51.52662" lon="-0.138001"><ele>27</ele></trkpt>
      <trkpt lat="51.526772" lon="-0.137598"><ele>25.75</ele></trkpt>
      <trkpt lat="51.526841" lon="-0.137422"><ele>25.75</ele></trkpt>
      <trkpt lat="51.526849" lon="-0.137403"><ele>25.75</ele></trkpt>
      <trkpt lat="51.526871" lon="-0.137346"><ele>25.75</ele></trkpt>
      <trkpt lat="51.526894" lon="-0.137287"><ele>25.75</ele></trkpt>
      <trkpt lat="51.526899" lon="-0.137273"><ele>25.75</ele></trkpt>
      <trkpt lat="51.527069" lon="-0.136838"><ele>25</ele></trkpt>
      <trkpt lat="51.527156" lon="-0.13663"><ele>25</ele></trkpt>
      <trkpt lat="51.527196" lon="-0.136667"><ele>25</ele></trkpt>
      <trkpt lat="51.527415" lon="-0.136111"><ele>23.75</ele></trkpt>
      <trkpt lat="51.527433" lon="-0.136099"><ele>23.75</ele></trkpt>
      <trkpt lat="51.52745" lon="-0.136058"><ele>23.75</ele></trkpt>
      <trkpt lat="51.527458" lon="-0.136034"><ele>23.75</ele></trkpt>
      <trkpt lat="51.527473" lon="-0.135986"><ele>23.5</ele></trkpt>
      <trkpt lat="51.527483" lon="-0.135962"><ele>23.25</ele></trkpt>
      <trkpt lat="51.52756" lon="-0.135759"><ele>23</ele></trkpt>
      <trkpt lat="51.527788" lon="-0.135166"><ele>23.5</ele></trkpt>
      <trkpt lat="51.527806" lon="-0.135121"><ele>23</ele></trkpt>
      <trkpt lat="51.52784" lon="-0.135042"><ele>22.5</ele></trkpt>
      <trkpt lat="51.527763" lon="-0.134954"><ele>23</ele></trkpt>
      <trkpt lat="51.527769" lon="-0.134933"><ele>23</ele></trkpt>
      <trkpt lat="51.527831" lon="-0.134779"><ele>23.25</ele></trkpt>
      <trkpt lat="51.527743" lon="-0.134672"><ele>24</ele></trkpt>
      <trkpt lat="51.527761" lon="-0.134631"><ele>24</ele></trkpt>
      <trkpt lat="51.527815" lon="-0.134512"><ele>23.75</ele></trkpt>
      <trkpt lat="51.527981" lon="-0.134145"><ele>24</ele></trkpt>
      <trkpt lat="51.527996" lon="-0.134111"><ele>24</ele></trkpt>
      <trkpt lat="51.528033" lon="-0.134031"><ele>24</ele></trkpt>
      <trkpt lat="51.528044" lon="-0.134006"><ele>24</ele></trkpt>
      <trkpt lat="51.528115" lon="-0.133849"><ele>23.75</ele></trkpt>
      <trkpt lat="51.528015" lon="-0.133746"><ele>24</ele></trkpt>
    </trkseg>
    <trkseg>
      <trkpt lat="51.528015" lon="-0.133746"><ele>23.75</ele></trkpt>
      <trkpt lat="51.527935" lon="-0.133662"><ele>24</ele></trkpt>
      <trkpt lat="51.52807" lon="-0.133341"><ele>23.75</ele></trkpt>
      <trkpt lat="51.528145" lon="-0.133163"><ele>23.5</ele></trkpt>
      <trkpt lat="51.528207" lon="-0.133024"><ele>23.25</ele></trkpt>
      <trkpt lat="51.527969" lon="-0.132756"><ele>24</ele></trkpt>
      <trkpt lat="51.528054" lon="-0.132545"><ele>24</ele></trkpt>
      <trkpt lat="51.528078" lon="-0.132569"><ele>23.75</ele></trkpt>
      <trkpt lat="51.528082" lon="-0.132503"><ele>23.75</ele></trkpt>
      <trkpt lat="51.528214" lon="-0.132158"><ele>22.25</ele></trkpt>
      <trkpt lat="51.528256" lon="-0.132058"><ele>22.25</ele></trkpt>
      <trkpt lat="51.528282" lon="-0.131981"><ele>22</ele></trkpt>
      <trkpt lat="51.528469" lon="-0.132192"><ele>22</ele></trkpt>
      <trkpt lat="51.528484" lon="-0.132209"><ele>22</ele></trkpt>
      <trkpt lat="51.528499" lon="-0.132226"><ele>22</ele></trkpt>
      <trkpt lat="51.528622" lon="-0.132365"><ele>21.75</ele></trkpt>
      <trkpt lat="51.528806" lon="-0.132563"><ele>22</ele></trkpt>
      <trkpt lat="51.528814" lon="-0.132599"><ele>22</ele></trkpt>
      <trkpt lat="51.528831" lon="-0.132618"><ele>22</ele></trkpt>
      <trkpt lat="51.528853" lon="-0.132642"><ele>22</ele></trkpt>
      <trkpt lat="51.528877" lon="-0.132641"><ele>22</ele></trkpt>
      <trkpt lat="51.530086" lon="-0.133996"><ele>21.5</ele></trkpt>
      <trkpt lat="51.530606" lon="-0.134533"><ele>21.5</ele></trkpt>
      <trkpt lat="51.53063" lon="-0.134558"><ele>21.5</ele></trkpt>
      <trkpt lat="51.530657" lon="-0.134588"><ele>21.5</ele></trkpt>
      <trkpt lat="51.531101" lon="-0.135036"><ele>22</ele></trkpt>
      <trkpt lat="51.531143" lon="-0.13508"><ele>21.75</ele></trkpt>
      <trkpt lat="51.531148" lon="-0.135122"><ele>21.75</ele></trkpt>
      <trkpt lat="51.531157" lon="-0.135132"><ele>21.75</ele></trkpt>
      <trkpt lat="51.531197" lon="-0.135175"><ele>21.75</ele></trkpt>
      <trkpt lat="51.531232" lon="-0.135213"><ele>21.5</ele></trkpt>
      <trkpt lat="51.53124" lon="-0.135222"><ele>21.5</ele></trkpt>
      <trkpt lat="51.531254" lon="-0.135187"><ele>21.5</ele></trkpt>
      <trkpt lat="51.531463" lon="-0.135408"><ele>20.75</ele></trkpt>
      <trkpt lat="51.532534" lon="-0.136553"><ele>23</ele></trkpt>
      <trkpt lat="51.532546" lon="-0.136565"><ele>23</ele></trkpt>
      <trkpt lat="51.532578" lon="-0.1366"><ele>23</ele></trkpt>
      <trkpt lat="51.533015" lon="-0.137073"><ele>24</ele></trkpt>
      <trkpt lat="51.533043" lon="-0.137104"><ele>24</ele></trkpt>
      <trkpt lat="51.533087" lon="-0.13716"><ele>24</ele></trkpt>
      <trkpt lat="51.533094" lon="-0.137176"><ele>24</ele></trkpt>
      <trkpt lat="51.533151" lon="-0.137232"><ele>23.75</ele></trkpt>
      <trkpt lat="51.533382" lon="-0.137512"><ele>24</ele></trkpt>
      <trkpt lat="51.534301" lon="-0.138491"><ele>23.25</ele></trkpt>
      <trkpt lat="51.534389" lon="-0.138584"><ele>23.5</ele></trkpt>
      <trkpt lat="51.534429" lon="-0.138625"><ele>23.75</ele></trkpt>
      <trkpt lat="51.534458" lon="-0.138698"><ele>24</ele></trkpt>
      <trkpt lat="51.534464" lon="-0.138816"><ele>24</ele></trkpt>
      <trkpt lat="51.534507" lon="-0.138813"><ele>24</ele></trkpt>
      <trkpt lat="51.53456" lon="-0.138809"><ele>24</ele></trkpt>
      <trkpt lat="51.534583" lon="-0.138798"><ele>24</ele></trkpt>
      <trkpt lat="51.534652" lon="-0.138761"><ele>24</ele></trkpt>
      <trkpt lat="51.534662" lon="-0.138801"><ele>24</ele></trkpt>
      <trkpt lat="51.534665" lon="-0.138808"><ele>24</ele></trkpt>
      <trkpt lat="51.534696" lon="-0.138865"><ele>24</ele></trkpt>
      <trkpt lat="51.534723" lon="-0.138886"><ele>23.75</ele></trkpt>
      <trkpt lat="51.534933" lon="-0.1389"><ele>24</ele></trkpt>
      <trkpt lat="51.534965" lon="-0.138912"><ele>24</ele></trkpt>
      <trkpt lat="51.534988" lon="-0.138891"><ele>24</ele></trkpt>
      <trkpt lat="51.535124" lon="-0.138936"><ele>24</ele></trkpt>
      <trkpt lat="51.535138" lon="-0.138965"><ele>24</ele></trkpt>
      <trkpt lat="51.535178" lon="-0.138966"><ele>24</ele></trkpt>
      <trkpt lat="51.535183" lon="-0.13895"><ele>24</ele></trkpt>
      <trkpt lat="51.535401" lon="-0.139161"><ele>24</ele></trkpt>
      <trkpt lat="51.535394" lon="-0.139179"><ele>24</ele></trkpt>
      <trkpt lat="51.535368" lon="-0.13925"><ele>24</ele></trkpt>
      <trkpt lat="51.535491" lon="-0.13936"><ele>24</ele></trkpt>
      <trkpt lat="51.5358" lon="-0.139668"><ele>24.75</ele></trkpt>
      <trkpt lat="51.535835" lon="-0.139705"><ele>25</ele></trkpt>
      <trkpt lat="51.535925" lon="-0.139798"><ele>25</ele></trkpt>
      <trkpt lat="51.53595" lon="-0.139824"><ele>25</ele></trkpt>
      <trkpt lat="51.535988" lon="-0.139864"><ele>25</ele></trkpt>
      <trkpt lat="51.537045" lon="-0.140973"><ele>28</ele></trkpt>
      <trkpt lat="51.537093" lon="-0.141024"><ele>28</ele></trkpt>
      <trkpt lat="51.537176" lon="-0.141104"><ele>28</ele></trkpt>
      <trkpt lat="51.537274" lon="-0.141196"><ele>28.25</ele></trkpt>
      <trkpt lat="51.537306" lon="-0.141225"><ele>28.25</ele></trkpt>
      <trkpt lat="51.537846" lon="-0.141706"><ele>28.75</ele></trkpt>
      <trkpt lat="51.538051" lon="-0.14189"><ele>28</ele></trkpt>
      <trkpt lat="51.538073" lon="-0.141911"><ele>28</ele></trkpt>
      <trkpt lat="51.53809" lon="-0.141925"><ele>28</ele></trkpt>
      <trkpt lat="51.538134" lon="-0.141965"><ele>28</ele></trkpt>
      <trkpt lat="51.538533" lon="-0.142276"><ele>28</ele></trkpt>
      <trkpt lat="51.538622" lon="-0.142318"><ele>27.75</ele></trkpt>
      <trkpt lat="51.538692" lon="-0.14234"><ele>27.75</ele></trkpt>
      <trkpt lat="51.53884" lon="-0.142388"><ele>27.5</ele></trkpt>
      <trkpt lat="51.538885" lon="-0.142395"><ele>27.5</ele></trkpt>
      <trkpt lat="51.538918" lon="-0.142401"><ele>27.5</ele></trkpt>
      <trkpt lat="51.539025" lon="-0.142418"><ele>27.25</ele></trkpt>
      <trkpt lat="51.539106" lon="-0.142415"><ele>27</ele></trkpt>
      <trkpt lat="51.539134" lon="-0.142412"><ele>27</ele></trkpt>
      <trkpt lat="51.53919" lon="-0.142406"><ele>26.75</ele></trkpt>
      <trkpt lat="51.539353" lon="-0.142411"><ele>26.75</ele></trkpt>
      <trkpt lat="51.539407" lon="-0.1424"><ele>26.5</ele></trkpt>
      <trkpt lat="51.53941" lon="-0.142432"><ele>26.75</ele></trkpt>
      <trkpt lat="51.539406" lon="-0.142455"><ele>26.75</ele></trkpt>
      <trkpt lat="51.539396" lon="-0.142518"><ele>27</ele></trkpt>
      <trkpt lat="51.5394" lon="-0.142684"><ele>27</ele></trkpt>
      <trkpt lat="51.539375" lon="-0.142791"><ele>27</ele></trkpt>
    </trkseg>
    <trkseg>
      <trkpt lat="51.539375" lon="-0.142791"><ele>27</ele></trkpt>
      <trkpt lat="51.5394" lon="-0.142684"><ele>27</ele></trkpt>
      <trkpt lat="51.539396" lon="-0.142518"><ele>27</ele></trkpt>
      <trkpt lat="51.539406" lon="-0.142455"><ele>26.75</ele></trkpt>
      <trkpt lat="51.53941" lon="-0.142432"><ele>26.75</ele></trkpt>
      <trkpt lat="51.539407" lon="-0.1424"><ele>26.5</ele></trkpt>
      <trkpt lat="51.539717" lon="-0.142331"><ele>26</ele></trkpt>
      <trkpt lat="51.540106" lon="-0.142248"><ele>26</ele></trkpt>
      <trkpt lat="51.540298" lon="-0.142213"><ele>25.75</ele></trkpt>
      <trkpt lat="51.54041" lon="-0.142197"><ele>25.75</ele></trkpt>
      <trkpt lat="51.540695" lon="-0.142161"><ele>25.75</ele></trkpt>
      <trkpt lat="51.540899" lon="-0.142128"><ele>26</ele></trkpt>
      <trkpt lat="51.54094" lon="-0.142121"><ele>26</ele></trkpt>
      <trkpt lat="51.540986" lon="-0.142115"><ele>26</ele></trkpt>
      <trkpt lat="51.541062" lon="-0.142102"><ele>26</ele></trkpt>
      <trkpt lat="51.541109" lon="-0.142081"><ele>26</ele></trkpt>
      <trkpt lat="51.541143" lon="-0.1421"><ele>25.75</ele></trkpt>
      <trkpt lat="51.541189" lon="-0.142094"><ele>25.25</ele></trkpt>
      <trkpt lat="51.541256" lon="-0.142085"><ele>25.25</ele></trkpt>
      <trkpt lat="51.541407" lon="-0.142061"><ele>25.25</ele></trkpt>
      <trkpt lat="51.541498" lon="-0.142049"><ele>25.25</ele></trkpt>
      <trkpt lat="51.541533" lon="-0.142006"><ele>25.25</ele></trkpt>
      <trkpt lat="51.541542" lon="-0.142004"><ele>25.5</ele></trkpt>
      <trkpt lat="51.541577" lon="-0.141998"><ele>25.5</ele></trkpt>
      <trkpt lat="51.541888" lon="-0.141952"><ele>26</ele></trkpt>
      <trkpt lat="51.542026" lon="-0.141929"><ele>26</ele></trkpt>
      <trkpt lat="51.542145" lon="-0.141919"><ele>26</ele></trkpt>
      <trkpt lat="51.542334" lon="-0.141898"><ele>26</ele></trkpt>
      <trkpt lat="51.54252" lon="-0.141873"><ele>26</ele></trkpt>
      <trkpt lat="51.542565" lon="-0.141866"><ele>26</ele></trkpt>
      <trkpt lat="51.542609" lon="-0.141858"><ele>26</ele></trkpt>
      <trkpt lat="51.542729" lon="-0.141831"><ele>26</ele></trkpt>
      <trkpt lat="51.542789" lon="-0.14182"><ele>26</ele></trkpt>
      <trkpt lat="51.542848" lon="-0.141813"><ele>26</ele></trkpt>
      <trkpt lat="51.542887" lon="-0.141809"><ele>26</ele></trkpt>
      <trkpt lat="51.54294" lon="-0.141804"><ele>26</ele></trkpt>
      <trkpt lat="51.543448" lon="-0.14175"><ele>26</ele></trkpt>
      <trkpt lat="51.543596" lon="-0.141725"><ele>26</ele></trkpt>
      <trkpt lat="51.543662" lon="-0.1417"><ele>26</ele></trkpt>
      <trkpt lat="51.54373" lon="-0.141668"><ele>26.25</ele></trkpt>
      <trkpt lat="51.543813" lon="-0.141609"><ele>26.75</ele></trkpt>
      <trkpt lat="51.543885" lon="-0.141567"><ele>26.75</ele></trkpt>
      <trkpt lat="51.544001" lon="-0.141517"><ele>27</ele></trkpt>
      <trkpt lat="51.544113" lon="-0.141495"><ele>27</ele></trkpt>
      <trkpt lat="51.544353" lon="-0.141495"><ele>27.5</ele></trkpt>
      <trkpt lat="51.544728" lon="-0.14148"><ele>28.5</ele></trkpt>
      <trkpt lat="51.544772" lon="-0.141447"><ele>28.75</ele></trkpt>
      <trkpt lat="51.544912" lon="-0.141452"><ele>28.75</ele></trkpt>
      <trkpt lat="51.545003" lon="-0.141465"><ele>29</ele></trkpt>
      <trkpt lat="51.545076" lon="-0.141476"><ele>29</ele></trkpt>
      <trkpt lat="51.545114" lon="-0.141481"><ele>29</ele></trkpt>
      <trkpt lat="51.545143" lon="-0.141486"><ele>29</ele></trkpt>
      <trkpt lat="51.545168" lon="-0.141492"><ele>29</ele></trkpt>
      <trkpt lat="51.54519" lon="-0.141497"><ele>29</ele></trkpt>
      <trkpt lat="51.54539" lon="-0.141554"><ele>29.25</ele></trkpt>
      <trkpt lat="51.545456" lon="-0.141575"><ele>29.5</ele></trkpt>
      <trkpt lat="51.545498" lon="-0.141616"><ele>29.75</ele></trkpt>
      <trkpt lat="51.545704" lon="-0.141689"><ele>30</ele></trkpt>
      <trkpt lat="51.545791" lon="-0.141721"><ele>30</ele></trkpt>
      <trkpt lat="51.545976" lon="-0.141765"><ele>30</ele></trkpt>
      <trkpt lat="51.546192" lon="-0.14179"><ele>30</ele></trkpt>
      <trkpt lat="51.546217" lon="-0.141793"><ele>30</ele></trkpt>
      <trkpt lat="51.546324" lon="-0.141796"><ele>30</ele></trkpt>
      <trkpt lat="51.546354" lon="-0.141796"><ele>30</ele></trkpt>
      <trkpt lat="51.546362" lon="-0.141795"><ele>30</ele></trkpt>
      <trkpt lat="51.546519" lon="-0.141772"><ele>30.25</ele></trkpt>
      <trkpt lat="51.546627" lon="-0.141753"><ele>30.75</ele></trkpt>
      <trkpt lat="51.546652" lon="-0.141748"><ele>30.75</ele></trkpt>
      <trkpt lat="51.546688" lon="-0.141738"><ele>31</ele></trkpt>
      <trkpt lat="51.546721" lon="-0.141731"><ele>31</ele></trkpt>
      <trkpt lat="51.547309" lon="-0.141554"><ele>32</ele></trkpt>
      <trkpt lat="51.547341" lon="-0.141543"><ele>32</ele></trkpt>
      <trkpt lat="51.547572" lon="-0.14146"><ele>32.25</ele></trkpt>
      <trkpt lat="51.547605" lon="-0.141447"><ele>32.25</ele></trkpt>
      <trkpt lat="51.547645" lon="-0.141427"><ele>32.5</ele></trkpt>
      <trkpt lat="51.547751" lon="-0.141378"><ele>32.75</ele></trkpt>
      <trkpt lat="51.547776" lon="-0.141367"><ele>32.75</ele></trkpt>
      <trkpt lat="51.548018" lon="-0.141271"><ele>33</ele></trkpt>
      <trkpt lat="51.548048" lon="-0.141259"><ele>33</ele></trkpt>
      <trkpt lat="51.548274" lon="-0.141177"><ele>33.75</ele></trkpt>
      <trkpt lat="51.548486" lon="-0.141126"><ele>34</ele></trkpt>
      <trkpt lat="51.548528" lon="-0.141116"><ele>34</ele></trkpt>
      <trkpt lat="51.548573" lon="-0.141105"><ele>34</ele></trkpt>
      <trkpt lat="51.548599" lon="-0.141099"><ele>34</ele></trkpt>
      <trkpt lat="51.54884" lon="-0.141054"><ele>34</ele></trkpt>
      <trkpt lat="51.548856" lon="-0.141052"><ele>34</ele></trkpt>
      <trkpt lat="51.549059" lon="-0.141002"><ele>34.75</ele></trkpt>
      <trkpt lat="51.549179" lon="-0.140977"><ele>35</ele></trkpt>
      <trkpt lat="51.549642" lon="-0.140885"><ele>35</ele></trkpt>
      <trkpt lat="51.549681" lon="-0.140874"><ele>35</ele></trkpt>
      <trkpt lat="51.549779" lon="-0.140854"><ele>35</ele></trkpt>
      <trkpt lat="51.54982" lon="-0.140845"><ele>35.25</ele></trkpt>
      <trkpt lat="51.549859" lon="-0.140837"><ele>35.25</ele></trkpt>
      <trkpt lat="51.549873" lon="-0.140834"><ele>35.5</ele></trkpt>
      <trkpt lat="51.550171" lon="-0.140772"><ele>36</ele></trkpt>
      <trkpt lat="51.550312" lon="-0.14075"><ele>36.25</ele></trkpt>
      <trkpt lat="51.550458" lon="-0.140727"><ele>36.25</ele></trkpt>
      <trkpt lat="51.550578" lon="-0.140708"><ele>36</ele></trkpt>
      <trkpt lat="51.55064" lon="-0.1407"><ele>35.75</ele></trkpt>
      <trkpt lat="51.550698" lon="-0.140693"><ele>35.75</ele></trkpt>
      <trkpt lat="51.550744" lon="-0.140686"><ele>35.75</ele></trkpt>
      <trkpt lat="51.550888" lon="-0.140674"><ele>35.5</ele></trkpt>
      <trkpt lat="51.551003" lon="-0.140659"><ele>35.25</ele></trkpt>
      <trkpt lat="51.551038" lon="-0.14066"><ele>35.25</ele></trkpt>
      <trkpt lat="51.551052" lon="-0.140663"><ele>35</ele></trkpt>
      <trkpt lat="51.551084" lon="-0.140668"><ele>35.25</ele></trkpt>
      <trkpt lat="51.551221" lon="-0.140719"><ele>36.25</ele></trkpt>
      <trkpt lat="51.551408" lon="-0.140874"><ele>37.75</ele></trkpt>
      <trkpt lat="51.551529" lon="-0.140986"><ele>37.5</ele></trkpt>
      <trkpt lat="51.551612" lon="-0.141067"><ele>37.75</ele></trkpt>
      <trkpt lat="51.551651" lon="-0.141103"><ele>37.75</ele></trkpt>
      <trkpt lat="51.551682" lon="-0.141134"><ele>38</ele></trkpt>
      <trkpt lat="51.55172" lon="-0.141152"><ele>38.25</ele></trkpt>
      <trkpt lat="51.551925" lon="-0.141109"><ele>38.75</ele></trkpt>
      <trkpt lat="51.551942" lon="-0.141106"><ele>38.75</ele></trkpt>
      <trkpt lat="51.551976" lon="-0.141104"><ele>39</ele></trkpt>
      <trkpt lat="51.552019" lon="-0.141099"><ele>39.25</ele></trkpt>
      <trkpt lat="51.552118" lon="-0.141087"><ele>39.5</ele></trkpt>
      <trkpt lat="51.552169" lon="-0.141079"><ele>39.75</ele></trkpt>
      <trkpt lat="51.552217" lon="-0.141072"><ele>39.75</ele></trkpt>
      <trkpt lat="51.552576" lon="-0.141028"><ele>40.25</ele></trkpt>
      <trkpt lat="51.552977" lon="-0.140974"><ele>41.25</ele></trkpt>
      <trkpt lat="51.553086" lon="-0.140944"><ele>41.5</ele></trkpt>
      <trkpt lat="51.553192" lon="-0.140904"><ele>41.75</ele></trkpt>
      <trkpt lat="51.553231" lon="-0.14089"><ele>42</ele></trkpt>
      <trkpt lat="51.553275" lon="-0.14087"><ele>42.25</ele></trkpt>
      <trkpt lat="51.553709" lon="-0.140679"><ele>43.75</ele></trkpt>
      <trkpt lat="51.553966" lon="-0.140528"><ele>44.75</ele></trkpt>
      <trkpt lat="51.554206" lon="-0.140355"><ele>45</ele></trkpt>
      <trkpt lat="51.554415" lon="-0.140196"><ele>46</ele></trkpt>
      <trkpt lat="51.554487" lon="-0.140141"><ele>46.25</ele></trkpt>
      <trkpt lat="51.554767" lon="-0.139937"><ele>47.5</ele></trkpt>
      <trkpt lat="51.555131" lon="-0.139677"><ele>48.5</ele></trkpt>
      <trkpt lat="51.555223" lon="-0.139606"><ele>48.75</ele></trkpt>
      <trkpt lat="51.555267" lon="-0.139573"><ele>49</ele></trkpt>
      <trkpt lat="51.555306" lon="-0.139541"><ele>48.75</ele></trkpt>
      <trkpt lat="51.555358" lon="-0.139504"><ele>48.5</ele></trkpt>
      <trkpt lat="51.555512" lon="-0.139397"><ele>48.25</ele></trkpt>
      <trkpt lat="51.555776" lon="-0.139212"><ele>48</ele></trkpt>
      <trkpt lat="51.55579" lon="-0.139201"><ele>48</ele></trkpt>
      <trkpt lat="51.555849" lon="-0.139159"><ele>48</ele></trkpt>
      <trkpt lat="51.55587" lon="-0.139143"><ele>48</ele></trkpt>
      <trkpt lat="51.556175" lon="-0.138922"><ele>47.75</ele></trkpt>
      <trkpt lat="51.556726" lon="-0.138521"><ele>45.5</ele></trkpt>
      <trkpt lat="51.556759" lon="-0.138501"><ele>45.5</ele></trkpt>
      <trkpt lat="51.556796" lon="-0.138477"><ele>45.5</ele></trkpt>
      <trkpt lat="51.556825" lon="-0.138444"><ele>45.25</ele></trkpt>
      <trkpt lat="51.556862" lon="-0.138404"><ele>45.25</ele></trkpt>
      <trkpt lat="51.556903" lon="-0.138382"><ele>45</ele></trkpt>
      <trkpt lat="51.556941" lon="-0.138363"><ele>45</ele></trkpt>
      <trkpt lat="51.556985" lon="-0.138341"><ele>45</ele></trkpt>
      <trkpt lat="51.557005" lon="-0.138331"><ele>44.75</ele></trkpt>
      <trkpt lat="51.557035" lon="-0.138316"><ele>44.75</ele></trkpt>
      <trkpt lat="51.557079" lon="-0.138298"><ele>44.75</ele></trkpt>
      <trkpt lat="51.557522" lon="-0.138137"><ele>45</ele></trkpt>
      <trkpt lat="51.557627" lon="-0.138099"><ele>45</ele></trkpt>
      <trkpt lat="51.557649" lon="-0.13809"><ele>45</ele></trkpt>
      <trkpt lat="51.557695" lon="-0.138073"><ele>45</ele></trkpt>
      <trkpt lat="51.558023" lon="-0.137954"><ele>44.75</ele></trkpt>
      <trkpt lat="51.558149" lon="-0.137908"><ele>45</ele></trkpt>
      <trkpt lat="51.558186" lon="-0.137896"><ele>45</ele></trkpt>
      <trkpt lat="51.558224" lon="-0.137886"><ele>45</ele></trkpt>
      <trkpt lat="51.558417" lon="-0.137833"><ele>44.75</ele></trkpt>
      <trkpt lat="51.55861" lon="-0.137777"><ele>45</ele></trkpt>
      <trkpt lat="51.558837" lon="-0.137713"><ele>45.5</ele></trkpt>
      <trkpt lat="51.558961" lon="-0.137676"><ele>46</ele></trkpt>
      <trkpt lat="51.559381" lon="-0.137576"><ele>46</ele></trkpt>
      <trkpt lat="51.559424" lon="-0.137566"><ele>46</ele></trkpt>
      <trkpt lat="51.560133" lon="-0.137399"><ele>46.5</ele></trkpt>
      <trkpt lat="51.56031" lon="-0.137349"><ele>47</ele></trkpt>
      <trkpt lat="51.560442" lon="-0.137301"><ele>47.5</ele></trkpt>
      <trkpt lat="51.5605" lon="-0.137274"><ele>47.75</ele></trkpt>
      <trkpt lat="51.560579" lon="-0.137235"><ele>48</ele></trkpt>
      <trkpt lat="51.560754" lon="-0.137146"><ele>47.5</ele></trkpt>
      <trkpt lat="51.561069" lon="-0.136981"><ele>48.5</ele></trkpt>
      <trkpt lat="51.561252" lon="-0.136882"><ele>49</ele></trkpt>
      <trkpt lat="51.56142" lon="-0.136782"><ele>49.25</ele></trkpt>
      <trkpt lat="51.561731" lon="-0.136605"><ele>49.75</ele></trkpt>
      <trkpt lat="51.562342" lon="-0.136265"><ele>51.25</ele></trkpt>
      <trkpt lat="51.562362" lon="-0.136254"><ele>51.5</ele></trkpt>
      <trkpt lat="51.562627" lon="-0.136099"><ele>52.25</ele></trkpt>
      <trkpt lat="51.562669" lon="-0.13607"><ele>52.5</ele></trkpt>
      <trkpt lat="51.562707" lon="-0.136051"><ele>52.5</ele></trkpt>
      <trkpt lat="51.562897" lon="-0.135946"><ele>53.25</ele></trkpt>
      <trkpt lat="51.563032" lon="-0.135869"><ele>53.75</ele></trkpt>
      <trkpt lat="51.563117" lon="-0.135826"><ele>54</ele></trkpt>
      <trkpt lat="51.563559" lon="-0.135591"><ele>53.25</ele></trkpt>
      <trkpt lat="51.563669" lon="-0.135528"><ele>53</ele></trkpt>
      <trkpt lat="51.564076" lon="-0.135289"><ele>53</ele></trkpt>
      <trkpt lat="51.5641" lon="-0.135274"><ele>52.75</ele></trkpt>
      <trkpt lat="51.564128" lon="-0.135255"><ele>52.75</ele></trkpt>
      <trkpt lat="51.564211" lon="-0.135208"><ele>53</ele></trkpt>
      <trkpt lat="51.564549" lon="-0.135022"><ele>54</ele></trkpt>
      <trkpt lat="51.564796" lon="-0.134889"><ele>54.25</ele></trkpt>
      <trkpt lat="51.565062" lon="-0.13474"><ele>54.75</ele></trkpt>
      <trkpt lat="51.565324" lon="-0.13459"><ele>55</ele></trkpt>
      <trkpt lat="51.565379" lon="-0.134644"><ele>55.25</ele></trkpt>
      <trkpt lat="51.56543" lon="-0.134609"><ele>55.5</ele></trkpt>
      <trkpt lat="51.565498" lon="-0.134556"><ele>55.75</ele></trkpt>
      <trkpt lat="51.565529" lon="-0.134626"><ele>55.75</ele></trkpt>
      <trkpt lat="51.565446" lon="-0.134708"><ele>55.5</ele></trkpt>
      <trkpt lat="51.565489" lon="-0.134722"><ele>55.75</ele></trkpt>
      <trkpt lat="51.56553" lon="-0.134734"><ele>55.75</ele></trkpt>
      <trkpt lat="51.565704" lon="-0.135117"><ele>56.5</ele></trkpt>
      <trkpt lat="51.565862" lon="-0.135494"><ele>56.5</ele></trkpt>
      <trkpt lat="51.565877" lon="-0.1355"><ele>56.75</ele></trkpt>
      <trkpt lat="51.565934" lon="-0.135517"><ele>57.25</ele></trkpt>
      <trkpt lat="51.565979" lon="-0.135492"><ele>57.75</ele></trkpt>
      <trkpt lat="51.566014" lon="-0.135501"><ele>58</ele></trkpt>
      <trkpt lat="51.566039" lon="-0.135507"><ele>58.25</ele></trkpt>
      <trkpt lat="51.566052" lon="-0.13551"><ele>58.25</ele></trkpt>
      <trkpt lat="51.566083" lon="-0.135518"><ele>58.5</ele></trkpt>
      <trkpt lat="51.5661" lon="-0.135523"><ele>58.75</ele></trkpt>
      <trkpt lat="51.566125" lon="-0.135529"><ele>59</ele></trkpt>
      <trkpt lat="51.566137" lon="-0.135447"><ele>59</ele></trkpt>
      <trkpt lat="51.566178" lon="-0.135396"><ele>59.25</ele></trkpt>
      <trkpt lat="51.566414" lon="-0.135138"><ele>59.5</ele></trkpt>
      <trkpt lat="51.566444" lon="-0.13512"><ele>59.5</ele></trkpt>
      <trkpt lat="51.566497" lon="-0.135125"><ele>60</ele></trkpt>
      <trkpt lat="51.566736" lon="-0.135199"><ele>61</ele></trkpt>
      <trkpt lat="51.567221" lon="-0.135627"><ele>63.75</ele></trkpt>
      <trkpt lat="51.567355" lon="-0.13573"><ele>64.75</ele></trkpt>
      <trkpt lat="51.567436" lon="-0.135784"><ele>65.25</ele></trkpt>
      <trkpt lat="51.567487" lon="-0.135738"><ele>65.5</ele></trkpt>
      <trkpt lat="51.567571" lon="-0.135796"><ele>66</ele></trkpt>
      <trkpt lat="51.567681" lon="-0.135872"><ele>66.5</ele></trkpt>
      <trkpt lat="51.567719" lon="-0.135901"><ele>66.75</ele></trkpt>
      <trkpt lat="51.567896" lon="-0.136032"><ele>67.75</ele></trkpt>
      <trkpt lat="51.568032" lon="-0.136143"><ele>68.75</ele></trkpt>
      <trkpt lat="51.568395" lon="-0.136422"><ele>70.5</ele></trkpt>
      <trkpt lat="51.56845" lon="-0.136441"><ele>70.75</ele></trkpt>
      <trkpt lat="51.568551" lon="-0.136518"><ele>71.5</ele></trkpt>
      <trkpt lat="51.568603" lon="-0.136556"><ele>71.75</ele></trkpt>
      <trkpt lat="51.568647" lon="-0.136587"><ele>72</ele></trkpt>
      <trkpt lat="51.568722" lon="-0.136653"><ele>72.25</ele></trkpt>
      <trkpt lat="51.568941" lon="-0.136835"><ele>73.25</ele></trkpt>
      <trkpt lat="51.569233" lon="-0.137084"><ele>75.75</ele></trkpt>
      <trkpt lat="51.569472" lon="-0.137317"><ele>77.5</ele></trkpt>
      <trkpt lat="51.570039" lon="-0.137868"><ele>81.75</ele></trkpt>
      <trkpt lat="51.570822" lon="-0.13863"><ele>85.5</ele></trkpt>
      <trkpt lat="51.570896" lon="-0.13866"><ele>85.75</ele></trkpt>
      <trkpt lat="51.571325" lon="-0.139144"><ele>86.75</ele></trkpt>
      <trkpt lat="51.571386" lon="-0.139257"><ele>87.25</ele></trkpt>
      <trkpt lat="51.571702" lon="-0.139636"><ele>87</ele></trkpt>
      <trkpt lat="51.571903" lon="-0.139818"><ele>86.75</ele></trkpt>
      <trkpt lat="51.572005" lon="-0.139883"><ele>86</ele></trkpt>
      <trkpt lat="51.572138" lon="-0.139945"><ele>85.5</ele></trkpt>
      <trkpt lat="51.572307" lon="-0.140011"><ele>85</ele></trkpt>
      <trkpt lat="51.572461" lon="-0.140071"><ele>85</ele></trkpt>
      <trkpt lat="51.573129" lon="-0.140709"><ele>84.5</ele></trkpt>
      <trkpt lat="51.573205" lon="-0.140777"><ele>84.5</ele></trkpt>
      <trkpt lat="51.573275" lon="-0.140851"><ele>85</ele></trkpt>
      <trkpt lat="51.573414" lon="-0.140997"><ele>84.25</ele></trkpt>
      <trkpt lat="51.573663" lon="-0.141232"><ele>83.75</ele></trkpt>
      <trkpt lat="51.573841" lon="-0.141418"><ele>84.75</ele></trkpt>
      <trkpt lat="51.573885" lon="-0.141464"><ele>84.75</ele></trkpt>
      <trkpt lat="51.573929" lon="-0.141506"><ele>84.75</ele></trkpt>
      <trkpt lat="51.573958" lon="-0.141533"><ele>84.75</ele></trkpt>
      <trkpt lat="51.574262" lon="-0.141813"><ele>85.75</ele></trkpt>
      <trkpt lat="51.574933" lon="-0.142416"><ele>88.75</ele></trkpt>
      <trkpt lat="51.575181" lon="-0.142657"><ele>90.25</ele></trkpt>
      <trkpt lat="51.575249" lon="-0.142724"><ele>90.75</ele></trkpt>
      <trkpt lat="51.575558" lon="-0.142998"><ele>91</ele></trkpt>
      <trkpt lat="51.57573" lon="-0.14319"><ele>92</ele></trkpt>
      <trkpt lat="51.576017" lon="-0.143524"><ele>93.75</ele></trkpt>
      <trkpt lat="51.576236" lon="-0.143811"><ele>95.25</ele></trkpt>
      <trkpt lat="51.576263" lon="-0.143871"><ele>95.5</ele></trkpt>
      <trkpt lat="51.576467" lon="-0.144371"><ele>97</ele></trkpt>
      <trkpt lat="51.576489" lon="-0.144423"><ele>97.25</ele></trkpt>
      <trkpt lat="51.576536" lon="-0.144373"><ele>97.5</ele></trkpt>
      <trkpt lat="51.576549" lon="-0.14436"><ele>97.5</ele></trkpt>
      <trkpt lat="51.576574" lon="-0.144362"><ele>97.75</ele></trkpt>
      <trkpt lat="51.576591" lon="-0.14439"><ele>97.75</ele></trkpt>
      <trkpt lat="51.576632" lon="-0.144493"><ele>97.75</ele></trkpt>
      <trkpt lat="51.576658" lon="-0.144435"><ele>98</ele></trkpt>
      <trkpt lat="51.576714" lon="-0.144498"><ele>98</ele></trkpt>
      <trkpt lat="51.576744" lon="-0.144528"><ele>98</ele></trkpt>
      <trkpt lat="51.576818" lon="-0.14466"><ele>97.25</ele></trkpt>
      <trkpt lat="51.577193" lon="-0.145329"><ele>93.75</ele></trkpt>
      <trkpt lat="51.577392" lon="-0.145683"><ele>92.25</ele></trkpt>
      <trkpt lat="51.577371" lon="-0.145726"><ele>93.25</ele></trkpt>
      <trkpt lat="51.577404" lon="-0.145802"><ele>93.75</ele></trkpt>
      <trkpt lat="51.577477" lon="-0.145975"><ele>95</ele></trkpt>
      <trkpt lat="51.577548" lon="-0.145896"><ele>95.75</ele></trkpt>
      <trkpt lat="51.577477" lon="-0.145975"><ele>96.75</ele></trkpt>
      <trkpt lat="51.577432" lon="-0.146021"><ele>97.25</ele></trkpt>
      <trkpt lat="51.577704" lon="-0.146693"><ele>102</ele></trkpt>
      <trkpt lat="51.577603" lon="-0.1468"><ele>102.25</ele></trkpt>
      <trkpt lat="51.577585" lon="-0.146818"><ele>102.5</ele></trkpt>
      <trkpt lat="51.577693" lon="-0.147063"><ele>104.25</ele></trkpt>
      <trkpt lat="51.577683" lon="-0.147075"><ele>104.25</ele></trkpt>
      <trkpt lat="51.57764" lon="-0.147121"><ele>104.5</ele></trkpt>
      <trkpt lat="51.577733" lon="-0.147332"><ele>105.25</ele></trkpt>
      <trkpt lat="51.577796" lon="-0.147488"><ele>105.75</ele></trkpt>
      <trkpt lat="51.577829" lon="-0.147565"><ele>105.75</ele></trkpt>
      <trkpt lat="51.577854" lon="-0.147619"><ele>105.5</ele></trkpt>
      <trkpt lat="51.578075" lon="-0.148104"><ele>105</ele></trkpt>
      <trkpt lat="51.578235" lon="-0.148455"><ele>105.25</ele></trkpt>
      <trkpt lat="51.578291" lon="-0.148575"><ele>105</ele></trkpt>
      <trkpt lat="51.57878" lon="-0.149668"><ele>104</ele></trkpt>
      <trkpt lat="51.579023" lon="-0.150226"><ele>102.5</ele></trkpt>
      <trkpt lat="51.579183" lon="-0.150611"><ele>100.5</ele></trkpt>
      <trkpt lat="51.579207" lon="-0.150667"><ele>100</ele></trkpt>
      <trkpt lat="51.579227" lon="-0.150715"><ele>99.75</ele></trkpt>
      <trkpt lat="51.579553" lon="-0.15146"><ele>99.25</ele></trkpt>
      <trkpt lat="51.579796" lon="-0.152022"><ele>98.5</ele></trkpt>
      <trkpt lat="51.580142" lon="-0.152818"><ele>96.25</ele></trkpt>
      <trkpt lat="51.580444" lon="-0.153523"><ele>95.25</ele></trkpt>
      <trkpt lat="51.580684" lon="-0.154068"><ele>93.5</ele></trkpt>
      <trkpt lat="51.58077" lon="-0.154222"><ele>93</ele></trkpt>
      <trkpt lat="51.580821" lon="-0.154328"><ele>93</ele></trkpt>
      <trkpt lat="51.580874" lon="-0.154506"><ele>92.75</ele></trkpt>
      <trkpt lat="51.580948" lon="-0.154684"><ele>92.5</ele></trkpt>
      <trkpt lat="51.580989" lon="-0.154783"><ele>92.25</ele></trkpt>
      <trkpt lat="51.581053" lon="-0.154938"><ele>92</ele></trkpt>
      <trkpt lat="51.581202" lon="-0.155299"><ele>92</ele></trkpt>
      <trkpt lat="51.581261" lon="-0.155455"><ele>92</ele></trkpt>
      <trkpt lat="51.581358" lon="-0.155696"><ele>92</ele></trkpt>
      <trkpt lat="51.581431" lon="-0.155854"><ele>91.5</ele></trkpt>
      <trkpt lat="51.58157" lon="-0.15621"><ele>91.5</ele></trkpt>
      <trkpt lat="51.581712" lon="-0.156547"><ele>91.75</ele></trkpt>
      <trkpt lat="51.58173" lon="-0.156648"><ele>91.75</ele></trkpt>
      <trkpt lat="51.581734" lon="-0.156858"><ele>91.75</ele></trkpt>
      <trkpt lat="51.581843" lon="-0.157056"><ele>92</ele></trkpt>
      <trkpt lat="51.581821" lon="-0.157087"><ele>92</ele></trkpt>
      <trkpt lat="51.581806" lon="-0.157112"><ele>92</ele></trkpt>
      <trkpt lat="51.58192" lon="-0.157304"><ele>92</ele></trkpt>
      <trkpt lat="51.581945" lon="-0.157345"><ele>91.75</ele></trkpt>
      <trkpt lat="51.581974" lon="-0.157399"><ele>92</ele></trkpt>
      <trkpt lat="51.581977" lon="-0.15743"><ele>92</ele></trkpt>
      <trkpt lat="51.58199" lon="-0.157434"><ele>92</ele></trkpt>
      <trkpt lat="51.58205" lon="-0.157505"><ele>92</ele></trkpt>
      <trkpt lat="51.582326" lon="-0.157925"><ele>93</ele></trkpt>
      <trkpt lat="51.582961" lon="-0.159073"><ele>93.5</ele></trkpt>
      <trkpt lat="51.583059" lon="-0.15923"><ele>93</ele></trkpt>
      <trkpt lat="51.583116" lon="-0.159325"><ele>93.25</ele></trkpt>
      <trkpt lat="51.583213" lon="-0.159512"><ele>92.75</ele></trkpt>
      <trkpt lat="51.583461" lon="-0.159977"><ele>91.5</ele></trkpt>
      <trkpt lat="51.583628" lon="-0.160308"><ele>89.75</ele></trkpt>
      <trkpt lat="51.584122" lon="-0.161253"><ele>86.75</ele></trkpt>
      <trkpt lat="51.584279" lon="-0.161534"><ele>86</ele></trkpt>
      <trkpt lat="51.5847" lon="-0.162272"><ele>82</ele></trkpt>
      <trkpt lat="51.584948" lon="-0.162637"><ele>80.75</ele></trkpt>
      <trkpt lat="51.585186" lon="-0.162969"><ele>79.25</ele></trkpt>
      <trkpt lat="51.585593" lon="-0.163489"><ele>78.5</ele></trkpt>
      <trkpt lat="51.585951" lon="-0.1638"><ele>78.5</ele></trkpt>
      <trkpt lat="51.586003" lon="-0.163857"><ele>78.5</ele></trkpt>
      <trkpt lat="51.586054" lon="-0.163914"><ele>78.75</ele></trkpt>
      <trkpt lat="51.586077" lon="-0.163949"><ele>78.75</ele></trkpt>
      <trkpt lat="51.586124" lon="-0.163982"><ele>79</ele></trkpt>
      <trkpt lat="51.586331" lon="-0.164096"><ele>79.5</ele></trkpt>
      <trkpt lat="51.58631" lon="-0.164211"><ele>79.75</ele></trkpt>
      <trkpt lat="51.586262" lon="-0.16449"><ele>80</ele></trkpt>
      <trkpt lat="51.586824" lon="-0.164974"><ele>82.5</ele></trkpt>
      <trkpt lat="51.586912" lon="-0.165065"><ele>82.75</ele></trkpt>
      <trkpt lat="51.587011" lon="-0.165216"><ele>85</ele></trkpt>
      <trkpt lat="51.587216" lon="-0.165525"><ele>85</ele></trkpt>
      <trkpt lat="51.587315" lon="-0.165693"><ele>85.5</ele></trkpt>
      <trkpt lat="51.588106" lon="-0.166909"><ele>89</ele></trkpt>
      <trkpt lat="51.588314" lon="-0.167311"><ele>90.5</ele></trkpt>
      <trkpt lat="51.588322" lon="-0.16733"><ele>90.5</ele></trkpt>
      <trkpt lat="51.588364" lon="-0.167426"><ele>90.25</ele></trkpt>
      <trkpt lat="51.58839" lon="-0.167477"><ele>90</ele></trkpt>
      <trkpt lat="51.588413" lon="-0.167448"><ele>90.25</ele></trkpt>
      <trkpt lat="51.588494" lon="-0.167604"><ele>90.5</ele></trkpt>
      <trkpt lat="51.588658" lon="-0.167933"><ele>90.5</ele></trkpt>
      <trkpt lat="51.588963" lon="-0.168598"><ele>90.5</ele></trkpt>
      <trkpt lat="51.588982" lon="-0.168621"><ele>90.5</ele></trkpt>
      <trkpt lat="51.588996" lon="-0.168638"><ele>90.5</ele></trkpt>
      <trkpt lat="51.589043" lon="-0.168662"><ele>91</ele></trkpt>
      <trkpt lat="51.589022" lon="-0.168812"><ele>90.5</ele></trkpt>
      <trkpt lat="51.589021" lon="-0.168903"><ele>90.25</ele></trkpt>
      <trkpt lat="51.589028" lon="-0.169004"><ele>90.25</ele></trkpt>
      <trkpt lat="51.589133" lon="-0.169433"><ele>89.75</ele></trkpt>
      <trkpt lat="51.589193" lon="-0.16964"><ele>90.75</ele></trkpt>
      <trkpt lat="51.589286" lon="-0.169925"><ele>91.25</ele></trkpt>
      <trkpt lat="51.589471" lon="-0.170512"><ele>92.75</ele></trkpt>
      <trkpt lat="51.589532" lon="-0.170657"><ele>93</ele></trkpt>
      <trkpt lat="51.589576" lon="-0.170735"><ele>93</ele></trkpt>
      <trkpt lat="51.589804" lon="-0.171032"><ele>93.75</ele></trkpt>
      <trkpt lat="51.589842" lon="-0.171103"><ele>93.75</ele></trkpt>
      <trkpt lat="51.589871" lon="-0.171194"><ele>94</ele></trkpt>
      <trkpt lat="51.589912" lon="-0.171359"><ele>94</ele></trkpt>
      <trkpt lat="51.590019" lon="-0.17176"><ele>94</ele></trkpt>
      <trkpt lat="51.590062" lon="-0.171883"><ele>94</ele></trkpt>
      <trkpt lat="51.590201" lon="-0.172159"><ele>94</ele></trkpt>
      <trkpt lat="51.590314" lon="-0.172374"><ele>93.5</ele></trkpt>
      <trkpt lat="51.590469" lon="-0.172706"><ele>93</ele></trkpt>
      <trkpt lat="51.590581" lon="-0.172985"><ele>93</ele></trkpt>
      <trkpt lat="51.590591" lon="-0.17301"><ele>93</ele></trkpt>
      <trkpt lat="51.590679" lon="-0.173233"><ele>92.5</ele></trkpt>
      <trkpt lat="51.59098" lon="-0.174025"><ele>93</ele></trkpt>
      <trkpt lat="51.591046" lon="-0.174266"><ele>93</ele></trkpt>
      <trkpt lat="51.591138" lon="-0.17478"><ele>93</ele></trkpt>
      <trkpt lat="51.591337" lon="-0.175716"><ele>93</ele></trkpt>
      <trkpt lat="51.591354" lon="-0.175852"><ele>93</ele></trkpt>
      <trkpt lat="51.591364" lon="-0.175991"><ele>93</ele></trkpt>
      <trkpt lat="51.591381" lon="-0.17621"><ele>93</ele></trkpt>
      <trkpt lat="51.591407" lon="-0.176555"><ele>93</ele></trkpt>
      <trkpt lat="51.591472" lon="-0.177285"><ele>93</ele></trkpt>
      <trkpt lat="51.591485" lon="-0.177424"><ele>93</ele></trkpt>
      <trkpt lat="51.591495" lon="-0.177524"><ele>93</ele></trkpt>
      <trkpt lat="51.591523" lon="-0.177831"><ele>93</ele></trkpt>
      <trkpt lat="51.591577" lon="-0.178152"><ele>93</ele></trkpt>
      <trkpt lat="51.591623" lon="-0.17835"><ele>93</ele></trkpt>
      <trkpt lat="51.591654" lon="-0.178465"><ele>93</ele></trkpt>
      <trkpt lat="51.591798" lon="-0.178934"><ele>93</ele></trkpt>
      <trkpt lat="51.591819" lon="-0.178988"><ele>93</ele></trkpt>
      <trkpt lat="51.591872" lon="-0.17913"><ele>93</ele></trkpt>
      <trkpt lat="51.591933" lon="-0.179297"><ele>93</ele></trkpt>
      <trkpt lat="51.592051" lon="-0.179609"><ele>93</ele></trkpt>
      <trkpt lat="51.592103" lon="-0.179759"><ele>93</ele></trkpt>
      <trkpt lat="51.592324" lon="-0.180318"><ele>93</ele></trkpt>
      <trkpt lat="51.592537" lon="-0.180896"><ele>93</ele></trkpt>
      <trkpt lat="51.592685" lon="-0.181279"><ele>93</ele></trkpt>
      <trkpt lat="51.592891" lon="-0.181712"><ele>92.75</ele></trkpt>
      <trkpt lat="51.592979" lon="-0.18187"><ele>92.25</ele></trkpt>
      <trkpt lat="51.593384" lon="-0.182634"><ele>91.75</ele></trkpt>
      <trkpt lat="51.593597" lon="-0.183052"><ele>91.75</ele></trkpt>
      <trkpt lat="51.593624" lon="-0.183107"><ele>91.75</ele></trkpt>
      <trkpt lat="51.593986" lon="-0.183855"><ele>91.5</ele></trkpt>
      <trkpt lat="51.594025" lon="-0.18397"><ele>91.25</ele></trkpt>
      <trkpt lat="51.594055" lon="-0.18414"><ele>91</ele></trkpt>
      <trkpt lat="51.59408" lon="-0.184392"><ele>91.25</ele></trkpt>
      <trkpt lat="51.594137" lon="-0.184388"><ele>91</ele></trkpt>
      <trkpt lat="51.59416" lon="-0.184655"><ele>91.5</ele></trkpt>
      <trkpt lat="51.594217" lon="-0.18463"><ele>91.75</ele></trkpt>
      <trkpt lat="51.594307" lon="-0.184571"><ele>92</ele></trkpt>
      <trkpt lat="51.594332" lon="-0.184565"><ele>92</ele></trkpt>
      <trkpt lat="51.594376" lon="-0.18459"><ele>92</ele></trkpt>
      <trkpt lat="51.594413" lon="-0.184635"><ele>92</ele></trkpt>
      <trkpt lat="51.594417" lon="-0.18485"><ele>91.5</ele></trkpt>
      <trkpt lat="51.594459" lon="-0.184912"><ele>91.25</ele></trkpt>
      <trkpt lat="51.59461" lon="-0.184646"><ele>91.5</ele></trkpt>
      <trkpt lat="51.59491" lon="-0.184086"><ele>90</ele></trkpt>
      <trkpt lat="51.595215" lon="-0.184464"><ele>91</ele></trkpt>
      <trkpt lat="51.595464" lon="-0.184744"><ele>91</ele></trkpt>
      <trkpt lat="51.595701" lon="-0.184834"><ele>90.75</ele></trkpt>
      <trkpt lat="51.59586" lon="-0.18506"><ele>90</ele></trkpt>
      <trkpt lat="51.596583" lon="-0.186297"><ele>89.75</ele></trkpt>
      <trkpt lat="51.596692" lon="-0.186612"><ele>89.75</ele></trkpt>
      <trkpt lat="51.596732" lon="-0.186708"><ele>89.75</ele></trkpt>
      <trkpt lat="51.596874" lon="-0.187054"><ele>89.25</ele></trkpt>
      <trkpt lat="51.596974" lon="-0.187267"><ele>89</ele></trkpt>
      <trkpt lat="51.597077" lon="-0.18714"><ele>89</ele></trkpt>
      <trkpt lat="51.597205" lon="-0.187393"><ele>89</ele></trkpt>
      <trkpt lat="51.597697" lon="-0.188364"><ele>89</ele></trkpt>
      <trkpt lat="51.598091" lon="-0.189173"><ele>88</ele></trkpt>
      <trkpt lat="51.598231" lon="-0.189601"><ele>88</ele></trkpt>
      <trkpt lat="51.598417" lon="-0.190318"><ele>87</ele></trkpt>
      <trkpt lat="51.598464" lon="-0.190519"><ele>87</ele></trkpt>
      <trkpt lat="51.598503" lon="-0.190684"><ele>86.5</ele></trkpt>
      <trkpt lat="51.598635" lon="-0.191054"><ele>85.75</ele></trkpt>
      <trkpt lat="51.59879" lon="-0.191405"><ele>85.25</ele></trkpt>
      <trkpt lat="51.599099" lon="-0.192057"><ele>82.75</ele></trkpt>
      <trkpt lat="51.599482" lon="-0.19271"><ele>81</ele></trkpt>
      <trkpt lat="51.600033" lon="-0.191929"><ele>82</ele></trkpt>
      <trkpt lat="51.600436" lon="-0.192594"><ele>84.5</ele></trkpt>
      <trkpt lat="51.600628" lon="-0.192921"><ele>84.75</ele></trkpt>
      <trkpt lat="51.600757" lon="-0.192748"><ele>92.25</ele></trkpt>
      <trkpt lat="51.600768" lon="-0.192735"><ele>93.25</ele></trkpt>
      <trkpt lat="51.60093" lon="-0.192551"><ele>102.25</ele></trkpt>
    </trkseg>
    <trkseg>
      <trkpt lat="51.60093" lon="-0.192551"><ele>80.5</ele></trkpt>
      <trkpt lat="51.601025" lon="-0.192444"><ele>80.5</ele></trkpt>
      <trkpt lat="51.601034" lon="-0.192433"><ele>80.75</ele></trkpt>
      <trkpt lat="51.601108" lon="-0.192358"><ele>81.75</ele></trkpt>
      <trkpt lat="51.601132" lon="-0.192357"><ele>82.25</ele></trkpt>
      <trkpt lat="51.60121" lon="-0.192304"><ele>83.75</ele></trkpt>
      <trkpt lat="51.601646" lon="-0.193022"><ele>87.5</ele></trkpt>
      <trkpt lat="51.601645" lon="-0.193067"><ele>87.5</ele></trkpt>
      <trkpt lat="51.60167" lon="-0.193029"><ele>88</ele></trkpt>
      <trkpt lat="51.601725" lon="-0.193124"><ele>88</ele></trkpt>
      <trkpt lat="51.601777" lon="-0.193243"><ele>88</ele></trkpt>
      <trkpt lat="51.601801" lon="-0.193301"><ele>88</ele></trkpt>
      <trkpt lat="51.601922" lon="-0.193533"><ele>87.75</ele></trkpt>
      <trkpt lat="51.602035" lon="-0.193708"><ele>87.25</ele></trkpt>
      <trkpt lat="51.602376" lon="-0.194234"><ele>85</ele></trkpt>
      <trkpt lat="51.602559" lon="-0.194575"><ele>83.25</ele></trkpt>
      <trkpt lat="51.602718" lon="-0.194916"><ele>80</ele></trkpt>
      <trkpt lat="51.602838" lon="-0.195234"><ele>80.25</ele></trkpt>
      <trkpt lat="51.602843" lon="-0.195248"><ele>80.25</ele></trkpt>
      <trkpt lat="51.602861" lon="-0.195288"><ele>80.25</ele></trkpt>
      <trkpt lat="51.602951" lon="-0.195452"><ele>79.5</ele></trkpt>
      <trkpt lat="51.603057" lon="-0.195604"><ele>78.75</ele></trkpt>
      <trkpt lat="51.60316" lon="-0.195733"><ele>77.5</ele></trkpt>
      <trkpt lat="51.603212" lon="-0.195797"><ele>77</ele></trkpt>
      <trkpt lat="51.603465" lon="-0.196016"><ele>75.25</ele></trkpt>
      <trkpt lat="51.603571" lon="-0.196099"><ele>74.25</ele></trkpt>
      <trkpt lat="51.603649" lon="-0.196175"><ele>73.75</ele></trkpt>
      <trkpt lat="51.604129" lon="-0.195796"><ele>75.25</ele></trkpt>
      <trkpt lat="51.604342" lon="-0.195553"><ele>75.25</ele></trkpt>
      <trkpt lat="51.604492" lon="-0.195294"><ele>75.5</ele></trkpt>
      <trkpt lat="51.604592" lon="-0.195146"><ele>75.25</ele></trkpt>
      <trkpt lat="51.604705" lon="-0.195046"><ele>74.75</ele></trkpt>
      <trkpt lat="51.604868" lon="-0.19496"><ele>75.25</ele></trkpt>
      <trkpt lat="51.605025" lon="-0.194909"><ele>75.5</ele></trkpt>
      <trkpt lat="51.605747" lon="-0.194429"><ele>76.25</ele></trkpt>
      <trkpt lat="51.606195" lon="-0.194108"><ele>76</ele></trkpt>
      <trkpt lat="51.606472" lon="-0.193872"><ele>76.5</ele></trkpt>
      <trkpt lat="51.606505" lon="-0.19384"><ele>76.5</ele></trkpt>
      <trkpt lat="51.606607" lon="-0.193737"><ele>76.25</ele></trkpt>
      <trkpt lat="51.606759" lon="-0.193599"><ele>76</ele></trkpt>
      <trkpt lat="51.606835" lon="-0.193507"><ele>76</ele></trkpt>
      <trkpt lat="51.606882" lon="-0.193407"><ele>76</ele></trkpt>
      <trkpt lat="51.606922" lon="-0.193261"><ele>76.25</ele></trkpt>
      <trkpt lat="51.606954" lon="-0.192979"><ele>77.25</ele></trkpt>
      <trkpt lat="51.607002" lon="-0.192757"><ele>78</ele></trkpt>
      <trkpt lat="51.607045" lon="-0.192634"><ele>78.25</ele></trkpt>
      <trkpt lat="51.607145" lon="-0.192474"><ele>78.25</ele></trkpt>
      <trkpt lat="51.608138" lon="-0.19118"><ele>76.75</ele></trkpt>
      <trkpt lat="51.608477" lon="-0.19071"><ele>76.75</ele></trkpt>
      <trkpt lat="51.60853" lon="-0.190635"><ele>77</ele></trkpt>
      <trkpt lat="51.608754" lon="-0.190257"><ele>76.5</ele></trkpt>
      <trkpt lat="51.609081" lon="-0.189705"><ele>76.25</ele></trkpt>
      <trkpt lat="51.609156" lon="-0.189571"><ele>76.5</ele></trkpt>
      <trkpt lat="51.609229" lon="-0.189445"><ele>76.5</ele></trkpt>
      <trkpt lat="51.609458" lon="-0.189085"><ele>78</ele></trkpt>
      <trkpt lat="51.609627" lon="-0.188812"><ele>77.75</ele></trkpt>
      <trkpt lat="51.609563" lon="-0.18849"><ele>79</ele></trkpt>
      <trkpt lat="51.609627" lon="-0.188812"><ele>77.75</ele></trkpt>
      <trkpt lat="51.609918" lon="-0.188318"><ele>78</ele></trkpt>
      <trkpt lat="51.61015" lon="-0.187973"><ele>78.5</ele></trkpt>
      <trkpt lat="51.610184" lon="-0.187907"><ele>79.25</ele></trkpt>
      <trkpt lat="51.610419" lon="-0.187557"><ele>78.75</ele></trkpt>
      <trkpt lat="51.610638" lon="-0.187219"><ele>78.25</ele></trkpt>
      <trkpt lat="51.611091" lon="-0.186607"><ele>76.25</ele></trkpt>
      <trkpt lat="51.611266" lon="-0.186411"><ele>76.75</ele></trkpt>
      <trkpt lat="51.611811" lon="-0.186349"><ele>76.5</ele></trkpt>
      <trkpt lat="51.611963" lon="-0.186279"><ele>77</ele></trkpt>
      <trkpt lat="51.612339" lon="-0.185987"><ele>78</ele></trkpt>
      <trkpt lat="51.612617" lon="-0.185813"><ele>77</ele></trkpt>
      <trkpt lat="51.613055" lon="-0.185574"><ele>74</ele></trkpt>
      <trkpt lat="51.613175" lon="-0.185487"><ele>73.75</ele></trkpt>
      <trkpt lat="51.613277" lon="-0.185412"><ele>73.5</ele></trkpt>
      <trkpt lat="51.613309" lon="-0.185603"><ele>72.75</ele></trkpt>
      <trkpt lat="51.613338" lon="-0.18578"><ele>72</ele></trkpt>
      <trkpt lat="51.613418" lon="-0.186057"><ele>71</ele></trkpt>
      <trkpt lat="51.613505" lon="-0.186383"><ele>69.75</ele></trkpt>
      <trkpt lat="51.613651" lon="-0.186816"><ele>69</ele></trkpt>
      <trkpt lat="51.61443" lon="-0.186592"><ele>73.5</ele></trkpt>
      <trkpt lat="51.615974" lon="-0.186056"><ele>72.25</ele></trkpt>
      <trkpt lat="51.617817" lon="-0.185365"><ele>75.5</ele></trkpt>
      <trkpt lat="51.617877" lon="-0.185323"><ele>75.5</ele></trkpt>
      <trkpt lat="51.617948" lon="-0.18529"><ele>75.25</ele></trkpt>
      <trkpt lat="51.617972" lon="-0.185437"><ele>75</ele></trkpt>
      <trkpt lat="51.617948" lon="-0.18529"><ele>75.25</ele></trkpt>
      <trkpt lat="51.617933" lon="-0.185198"><ele>75.5</ele></trkpt>
      <trkpt lat="51.617899" lon="-0.18521"><ele>75.5</ele></trkpt>
      <trkpt lat="51.617871" lon="-0.185176"><ele>75.75</ele></trkpt>
      <trkpt lat="51.617861" lon="-0.185108"><ele>75.75</ele></trkpt>
      <trkpt lat="51.61785" lon="-0.185012"><ele>75.75</ele></trkpt>
      <trkpt lat="51.617811" lon="-0.184496"><ele>76.5</ele></trkpt>
      <trkpt lat="51.617851" lon="-0.184489"><ele>76.5</ele></trkpt>
      <trkpt lat="51.618124" lon="-0.184381"><ele>75.75</ele></trkpt>
      <trkpt lat="51.618569" lon="-0.184115"><ele>74</ele></trkpt>
      <trkpt lat="51.618658" lon="-0.184042"><ele>73.75</ele></trkpt>
      <trkpt lat="51.618825" lon="-0.183908"><ele>73.75</ele></trkpt>
      <trkpt lat="51.619183" lon="-0.183641"><ele>74.75</ele></trkpt>
      <trkpt lat="51.619452" lon="-0.183471"><ele>76.25</ele></trkpt>
      <trkpt lat="51.619676" lon="-0.183361"><ele>76</ele></trkpt>
      <trkpt lat="51.619909" lon="-0.183271"><ele>76</ele></trkpt>
      <trkpt lat="51.620119" lon="-0.183212"><ele>76</ele></trkpt>
      <trkpt lat="51.620398" lon="-0.18316"><ele>76</ele></trkpt>
      <trkpt lat="51.620552" lon="-0.183149"><ele>76</ele></trkpt>
      <trkpt lat="51.620654" lon="-0.183125"><ele>76.25</ele></trkpt>
      <trkpt lat="51.620749" lon="-0.183108"><ele>76.5</ele></trkpt>
      <trkpt lat="51.62086" lon="-0.183049"><ele>76.75</ele></trkpt>
      <trkpt lat="51.62096" lon="-0.182953"><ele>76.5</ele></trkpt>
      <trkpt lat="51.62105" lon="-0.182841"><ele>76.75</ele></trkpt>
      <trkpt lat="51.621097" lon="-0.182764"><ele>77</ele></trkpt>
      <trkpt lat="51.621154" lon="-0.182641"><ele>77.25</ele></trkpt>
      <trkpt lat="51.621223" lon="-0.182459"><ele>78</ele></trkpt>
      <trkpt lat="51.621259" lon="-0.182117"><ele>78.25</ele></trkpt>
      <trkpt lat="51.621213" lon="-0.181612"><ele>79</ele></trkpt>
      <trkpt lat="51.621207" lon="-0.181331"><ele>80</ele></trkpt>
      <trkpt lat="51.621242" lon="-0.181119"><ele>80.75</ele></trkpt>
      <trkpt lat="51.62129" lon="-0.180896"><ele>82.75</ele></trkpt>
      <trkpt lat="51.621348" lon="-0.1807"><ele>83.5</ele></trkpt>
      <trkpt lat="51.621419" lon="-0.180558"><ele>84</ele></trkpt>
      <trkpt lat="51.621591" lon="-0.180319"><ele>85.75</ele></trkpt>
      <trkpt lat="51.621605" lon="-0.18027"><ele>86</ele></trkpt>
      <trkpt lat="51.621611" lon="-0.18022"><ele>86</ele></trkpt>
      <trkpt lat="51.621853" lon="-0.18018"><ele>86.25</ele></trkpt>
      <trkpt lat="51.622376" lon="-0.179798"><ele>87</ele></trkpt>
      <trkpt lat="51.622401" lon="-0.17978"><ele>87</ele></trkpt>
      <trkpt lat="51.623382" lon="-0.179166"><ele>88</ele></trkpt>
      <trkpt lat="51.623317" lon="-0.178838"><ele>89</ele></trkpt>
      <trkpt lat="51.62385" lon="-0.178441"><ele>89.25</ele></trkpt>
      <trkpt lat="51.624076" lon="-0.178433"><ele>88.25</ele></trkpt>
      <trkpt lat="51.624253" lon="-0.178482"><ele>87.5</ele></trkpt>
      <trkpt lat="51.62493" lon="-0.178525"><ele>84.5</ele></trkpt>
      <trkpt lat="51.625039" lon="-0.178599"><ele>83.75</ele></trkpt>
      <trkpt lat="51.625216" lon="-0.178736"><ele>82.75</ele></trkpt>
      <trkpt lat="51.625309" lon="-0.178763"><ele>82.25</ele></trkpt>
      <trkpt lat="51.625501" lon="-0.178789"><ele>82.25</ele></trkpt>
      <trkpt lat="51.625712" lon="-0.178815"><ele>82.25</ele></trkpt>
      <trkpt lat="51.625884" lon="-0.178816"><ele>82.25</ele></trkpt>
      <trkpt lat="51.625996" lon="-0.178828"><ele>82</ele></trkpt>
      <trkpt lat="51.626023" lon="-0.178844"><ele>82</ele></trkpt>
      <trkpt lat="51.626087" lon="-0.178876"><ele>82</ele></trkpt>
      <trkpt lat="51.626205" lon="-0.178893"><ele>81.5</ele></trkpt>
      <trkpt lat="51.626497" lon="-0.179048"><ele>80.25</ele></trkpt>
      <trkpt lat="51.626909" lon="-0.179499"><ele>78.5</ele></trkpt>
      <trkpt lat="51.626934" lon="-0.179626"><ele>77.5</ele></trkpt>
      <trkpt lat="51.627097" lon="-0.179554"><ele>77.5</ele></trkpt>
      <trkpt lat="51.627136" lon="-0.179645"><ele>76.75</ele></trkpt>
      <trkpt lat="51.627265" lon="-0.179758"><ele>76</ele></trkpt>
      <trkpt lat="51.627404" lon="-0.179827"><ele>76</ele></trkpt>
      <trkpt lat="51.627548" lon="-0.179827"><ele>76</ele></trkpt>
      <trkpt lat="51.62774" lon="-0.179758"><ele>76.5</ele></trkpt>
      <trkpt lat="51.628283" lon="-0.179492"><ele>75</ele></trkpt>
      <trkpt lat="51.628539" lon="-0.179381"><ele>75.25</ele></trkpt>
      <trkpt lat="51.6288" lon="-0.179209"><ele>77.25</ele></trkpt>
      <trkpt lat="51.629818" lon="-0.17878"><ele>80</ele></trkpt>
      <trkpt lat="51.630126" lon="-0.178775"><ele>80.25</ele></trkpt>
      <trkpt lat="51.630134" lon="-0.178875"><ele>79.5</ele></trkpt>
      <trkpt lat="51.630138" lon="-0.179021"><ele>78.5</ele></trkpt>
      <trkpt lat="51.630139" lon="-0.179153"><ele>77.75</ele></trkpt>
      <trkpt lat="51.63014" lon="-0.179307"><ele>77</ele></trkpt>
      <trkpt lat="51.630145" lon="-0.179552"><ele>77</ele></trkpt>
      <trkpt lat="51.63025" lon="-0.179544"><ele>76.5</ele></trkpt>
      <trkpt lat="51.630337" lon="-0.179536"><ele>76.5</ele></trkpt>
      <trkpt lat="51.630512" lon="-0.179519"><ele>76.5</ele></trkpt>
      <trkpt lat="51.630337" lon="-0.179536"><ele>76.5</ele></trkpt>
      <trkpt lat="51.63025" lon="-0.179544"><ele>76.5</ele></trkpt>
      <trkpt lat="51.630145" lon="-0.179552"><ele>77</ele></trkpt>
      <trkpt lat="51.630159" lon="-0.179941"><ele>75</ele></trkpt>
      <trkpt lat="51.630308" lon="-0.179923"><ele>74.5</ele></trkpt>
      <trkpt lat="51.630524" lon="-0.179866"><ele>74.75</ele></trkpt>
      <trkpt lat="51.630995" lon="-0.179771"><ele>72</ele></trkpt>
      <trkpt lat="51.631704" lon="-0.179734"><ele>69.75</ele></trkpt>
      <trkpt lat="51.632116" lon="-0.179674"><ele>70.25</ele></trkpt>
      <trkpt lat="51.632172" lon="-0.179684"><ele>70.25</ele></trkpt>
      <trkpt lat="51.632839" lon="-0.179966"><ele>68.5</ele></trkpt>
      <trkpt lat="51.633011" lon="-0.180057"><ele>69.25</ele></trkpt>
      <trkpt lat="51.633157" lon="-0.180154"><ele>69</ele></trkpt>
      <trkpt lat="51.633334" lon="-0.180329"><ele>68.75</ele></trkpt>
      <trkpt lat="51.633878" lon="-0.180903"><ele>68.75</ele></trkpt>
      <trkpt lat="51.63405" lon="-0.181077"><ele>69.5</ele></trkpt>
      <trkpt lat="51.634262" lon="-0.181291"><ele>69.5</ele></trkpt>
      <trkpt lat="51.634314" lon="-0.181361"><ele>69.5</ele></trkpt>
      <trkpt lat="51.634432" lon="-0.18152"><ele>69.25</ele></trkpt>
      <trkpt lat="51.634466" lon="-0.181566"><ele>69.5</ele></trkpt>
      <trkpt lat="51.634951" lon="-0.182232"><ele>71.5</ele></trkpt>
      <trkpt lat="51.635051" lon="-0.182344"><ele>71.25</ele></trkpt>
      <trkpt lat="51.635203" lon="-0.182477"><ele>71.5</ele></trkpt>
      <trkpt lat="51.635273" lon="-0.182513"><ele>71.75</ele></trkpt>
      <trkpt lat="51.635491" lon="-0.182585"><ele>71.25</ele></trkpt>
      <trkpt lat="51.635609" lon="-0.18263"><ele>71.25</ele></trkpt>
      <trkpt lat="51.635639" lon="-0.182654"><ele>71</ele></trkpt>
      <trkpt lat="51.635663" lon="-0.182683"><ele>71</ele></trkpt>
      <trkpt lat="51.635926" lon="-0.182903"><ele>71</ele></trkpt>
      <trkpt lat="51.636213" lon="-0.183144"><ele>71</ele></trkpt>
      <trkpt lat="51.636253" lon="-0.183192"><ele>71</ele></trkpt>
      <trkpt lat="51.6364" lon="-0.183425"><ele>70.5</ele></trkpt>
      <trkpt lat="51.636458" lon="-0.183497"><ele>70.5</ele></trkpt>
      <trkpt lat="51.636549" lon="-0.18359"><ele>70.5</ele></trkpt>
      <trkpt lat="51.636827" lon="-0.18383"><ele>70.75</ele></trkpt>
      <trkpt lat="51.637002" lon="-0.184084"><ele>70.5</ele></trkpt>
      <trkpt lat="51.637096" lon="-0.184258"><ele>70.75</ele></trkpt>
      <trkpt lat="51.637287" lon="-0.184789"><ele>71</ele></trkpt>
      <trkpt lat="51.637503" lon="-0.185259"><ele>71</ele></trkpt>
      <trkpt lat="51.637676" lon="-0.185559"><ele>71.5</ele></trkpt>
      <trkpt lat="51.637828" lon="-0.185753"><ele>71.25</ele></trkpt>
      <trkpt lat="51.637954" lon="-0.185869"><ele>71.5</ele></trkpt>
      <trkpt lat="51.638135" lon="-0.186006"><ele>71.5</ele></trkpt>
      <trkpt lat="51.638372" lon="-0.18611"><ele>72</ele></trkpt>
      <trkpt lat="51.638648" lon="-0.186316"><ele>71.25</ele></trkpt>
      <trkpt lat="51.638728" lon="-0.186373"><ele>71</ele></trkpt>
      <trkpt lat="51.638758" lon="-0.186383"><ele>71</ele></trkpt>
      <trkpt lat="51.639031" lon="-0.186591"><ele>71</ele></trkpt>
      <trkpt lat="51.639292" lon="-0.186858"><ele>71.25</ele></trkpt>
      <trkpt lat="51.639435" lon="-0.187027"><ele>71.5</ele></trkpt>
      <trkpt lat="51.639686" lon="-0.187444"><ele>71.75</ele></trkpt>
      <trkpt lat="51.639833" lon="-0.187753"><ele>72</ele></trkpt>
      <trkpt lat="51.639989" lon="-0.188276"><ele>72</ele></trkpt>
      <trkpt lat="51.640065" lon="-0.188631"><ele>72</ele></trkpt>
      <trkpt lat="51.640104" lon="-0.188735"><ele>72.25</ele></trkpt>
      <trkpt lat="51.640162" lon="-0.188843"><ele>72.5</ele></trkpt>
      <trkpt lat="51.64024" lon="-0.188937"><ele>72.75</ele></trkpt>
      <trkpt lat="51.640321" lon="-0.189001"><ele>72.5</ele></trkpt>
      <trkpt lat="51.640355" lon="-0.189028"><ele>72.5</ele></trkpt>
      <trkpt lat="51.640393" lon="-0.189039"><ele>72.5</ele></trkpt>
      <trkpt lat="51.640396" lon="-0.189041"><ele>72.5</ele></trkpt>
      <trkpt lat="51.640402" lon="-0.189042"><ele>72.5</ele></trkpt>
      <trkpt lat="51.640471" lon="-0.189193"><ele>72.5</ele></trkpt>
      <trkpt lat="51.640514" lon="-0.189304"><ele>72.75</ele></trkpt>
      <trkpt lat="51.640595" lon="-0.189399"><ele>73</ele></trkpt>
      <trkpt lat="51.64066" lon="-0.189432"><ele>73</ele></trkpt>
      <trkpt lat="51.640732" lon="-0.189438"><ele>73</ele></trkpt>
      <trkpt lat="51.640741" lon="-0.189439"><ele>73</ele></trkpt>
      <trkpt lat="51.64087" lon="-0.18944"><ele>73</ele></trkpt>
      <trkpt lat="51.64099" lon="-0.189417"><ele>73.5</ele></trkpt>
      <trkpt lat="51.641029" lon="-0.189344"><ele>73.5</ele></trkpt>
      <trkpt lat="51.641089" lon="-0.189273"><ele>73.75</ele></trkpt>
      <trkpt lat="51.641209" lon="-0.189188"><ele>74.25</ele></trkpt>
      <trkpt lat="51.641875" lon="-0.18922"><ele>76.5</ele></trkpt>
      <trkpt lat="51.64237" lon="-0.189362"><ele>79.25</ele></trkpt>
      <trkpt lat="51.643741" lon="-0.190029"><ele>81.75</ele></trkpt>
      <trkpt lat="51.645415" lon="-0.191056"><ele>82</ele></trkpt>
      <trkpt lat="51.64582" lon="-0.191023"><ele>83</ele></trkpt>
      <trkpt lat="51.646114" lon="-0.190999"><ele>84</ele></trkpt>
      <trkpt lat="51.646566" lon="-0.190945"><ele>85.5</ele></trkpt>
      <trkpt lat="51.647006" lon="-0.190908"><ele>88</ele></trkpt>
      <trkpt lat="51.647014" lon="-0.191129"><ele>87.25</ele></trkpt>
      <trkpt lat="51.647419" lon="-0.191036"><ele>90.5</ele></trkpt>
      <trkpt lat="51.647481" lon="-0.19101"><ele>91</ele></trkpt>
      <trkpt lat="51.647591" lon="-0.190944"><ele>92.25</ele></trkpt>
      <trkpt lat="51.647678" lon="-0.190967"><ele>92.75</ele></trkpt>
      <trkpt lat="51.647693" lon="-0.190907"><ele>93</ele></trkpt>
      <trkpt lat="51.647733" lon="-0.190934"><ele>93.25</ele></trkpt>
      <trkpt lat="51.64776" lon="-0.190872"><ele>93.5</ele></trkpt>
      <trkpt lat="51.64782" lon="-0.190846"><ele>94.25</ele></trkpt>
      <trkpt lat="51.64784" lon="-0.190824"><ele>94.25</ele></trkpt>
      <trkpt lat="51.647875" lon="-0.190771"><ele>94.75</ele></trkpt>
      <trkpt lat="51.647937" lon="-0.190886"><ele>94.75</ele></trkpt>
      <trkpt lat="51.648009" lon="-0.190953"><ele>95</ele></trkpt>
      <trkpt lat="51.64872" lon="-0.192257"><ele>97.75</ele></trkpt>
      <trkpt lat="51.649258" lon="-0.193217"><ele>100.75</ele></trkpt>
      <trkpt lat="51.649464" lon="-0.193579"><ele>102.75</ele></trkpt>
      <trkpt lat="51.649506" lon="-0.193531"><ele>102.25</ele></trkpt>
      <trkpt lat="51.649528" lon="-0.193527"><ele>102.25</ele></trkpt>
      <trkpt lat="51.649565" lon="-0.193528"><ele>102</ele></trkpt>
      <trkpt lat="51.64962" lon="-0.193549"><ele>102</ele></trkpt>
      <trkpt lat="51.650121" lon="-0.193965"><ele>100.25</ele></trkpt>
      <trkpt lat="51.650186" lon="-0.193965"><ele>100.25</ele></trkpt>
      <trkpt lat="51.650236" lon="-0.194033"><ele>100</ele></trkpt>
      <trkpt lat="51.650253" lon="-0.194056"><ele>100</ele></trkpt>
      <trkpt lat="51.650486" lon="-0.194469"><ele>100.5</ele></trkpt>
      <trkpt lat="51.650515" lon="-0.194455"><ele>100.25</ele></trkpt>
    </trkseg>
    <trkseg>
      <trkpt lat="51.488321" lon="-0.105928"><ele>3</ele></trkpt>
      <trkpt lat="51.488365" lon="-0.105881"><ele>3</ele></trkpt>
      <trkpt lat="51.488396" lon="-0.105849"><ele>3</ele></trkpt>
      <trkpt lat="51.488449" lon="-0.105803"><ele>3</ele></trkpt>
      <trkpt lat="51.488689" lon="-0.105586"><ele>3</ele></trkpt>
      <trkpt lat="51.488996" lon="-0.105284"><ele>3</ele></trkpt>
      <trkpt lat="51.489289" lon="-0.104973"><ele>3</ele></trkpt>
      <trkpt lat="51.489342" lon="-0.104922"><ele>3</ele></trkpt>
      <trkpt lat="51.489517" lon="-0.104732"><ele>3.25</ele></trkpt>
      <trkpt lat="51.489557" lon="-0.104688"><ele>3.25</ele></trkpt>
      <trkpt lat="51.489577" lon="-0.104667"><ele>3.25</ele></trkpt>
      <trkpt lat="51.489906" lon="-0.104322"><ele>3.5</ele></trkpt>
      <trkpt lat="51.490285" lon="-0.103936"><ele>3</ele></trkpt>
      <trkpt lat="51.49046" lon="-0.103761"><ele>3</ele></trkpt>
      <trkpt lat="51.490483" lon="-0.103739"><ele>3</ele></trkpt>
      <trkpt lat="51.490942" lon="-0.103308"><ele>3.25</ele></trkpt>
      <trkpt lat="51.491101" lon="-0.103176"><ele>3.25</ele></trkpt>
      <trkpt lat="51.491141" lon="-0.103152"><ele>3.25</ele></trkpt>
      <trkpt lat="51.491149" lon="-0.103147"><ele>3.25</ele></trkpt>
      <trkpt lat="51.491161" lon="-0.1031"><ele>3.25</ele></trkpt>
      <trkpt lat="51.491224" lon="-0.103035"><ele>3.25</ele></trkpt>
      <trkpt lat="51.491265" lon="-0.103006"><ele>3.5</ele></trkpt>
      <trkpt lat="51.491306" lon="-0.102973"><ele>3.5</ele></trkpt>
      <trkpt lat="51.491334" lon="-0.102947"><ele>3.75</ele></trkpt>
      <trkpt lat="51.491376" lon="-0.102935"><ele>3.75</ele></trkpt>
      <trkpt lat="51.491471" lon="-0.102823"><ele>3.75</ele></trkpt>
      <trkpt lat="51.491626" lon="-0.102637"><ele>3</ele></trkpt>
      <trkpt lat="51.491657" lon="-0.102597"><ele>3</ele></trkpt>
      <trkpt lat="51.491962" lon="-0.102217"><ele>3</ele></trkpt>
      <trkpt lat="51.492019" lon="-0.10221"><ele>3.25</ele></trkpt>
      <trkpt lat="51.492154" lon="-0.102017"><ele>3.75</ele></trkpt>
      <trkpt lat="51.49219" lon="-0.101965"><ele>3.75</ele></trkpt>
      <trkpt lat="51.492214" lon="-0.101928"><ele>3.75</ele></trkpt>
      <trkpt lat="51.492262" lon="-0.101857"><ele>4</ele></trkpt>
      <trkpt lat="51.492293" lon="-0.101805"><ele>4</ele></trkpt>
      <trkpt lat="51.49231" lon="-0.101775"><ele>4</ele></trkpt>
      <trkpt lat="51.492367" lon="-0.101682"><ele>4</ele></trkpt>
      <trkpt lat="51.492664" lon="-0.101231"><ele>3.5</ele></trkpt>
      <trkpt lat="51.492803" lon="-0.101035"><ele>3</ele></trkpt>
      <trkpt lat="51.492873" lon="-0.100954"><ele>3.25</ele></trkpt>
      <trkpt lat="51.492984" lon="-0.10085"><ele>3</ele></trkpt>
      <trkpt lat="51.493047" lon="-0.100713"><ele>3</ele></trkpt>
      <trkpt lat="51.493081" lon="-0.100661"><ele>3</ele></trkpt>
      <trkpt lat="51.493145" lon="-0.10056"><ele>3</ele></trkpt>
      <trkpt lat="51.493176" lon="-0.100511"><ele>3</ele></trkpt>
      <trkpt lat="51.493227" lon="-0.100445"><ele>3</ele></trkpt>
      <trkpt lat="51.493261" lon="-0.100425"><ele>3</ele></trkpt>
      <trkpt lat="51.493318" lon="-0.100402"><ele>3</ele></trkpt>
      <trkpt lat="51.49339" lon="-0.100389"><ele>3</ele></trkpt>
      <trkpt lat="51.493482" lon="-0.100396"><ele>3</ele></trkpt>
      <trkpt lat="51.493587" lon="-0.100442"><ele>3</ele></trkpt>
      <trkpt lat="51.49363" lon="-0.100457"><ele>2.75</ele></trkpt>
      <trkpt lat="51.493652" lon="-0.100464"><ele>2.75</ele></trkpt>
      <trkpt lat="51.493677" lon="-0.100472"><ele>2.75</ele></trkpt>
      <trkpt lat="51.4938" lon="-0.100509"><ele>2.75</ele></trkpt>
      <trkpt lat="51.493932" lon="-0.100524"><ele>2.75</ele></trkpt>
      <trkpt lat="51.49425" lon="-0.100548"><ele>2.75</ele></trkpt>
      <trkpt lat="51.494536" lon="-0.100567"><ele>3.25</ele></trkpt>
      <trkpt lat="51.494582" lon="-0.100569"><ele>3.25</ele></trkpt>
      <trkpt lat="51.494713" lon="-0.100589"><ele>3.75</ele></trkpt>
      <trkpt lat="51.494775" lon="-0.100622"><ele>4</ele></trkpt>
      <trkpt lat="51.49483" lon="-0.100669"><ele>4</ele></trkpt>
      <trkpt lat="51.494843" lon="-0.100557"><ele>4</ele></trkpt>
      <trkpt lat="51.494873" lon="-0.100508"><ele>3.75</ele></trkpt>
      <trkpt lat="51.494951" lon="-0.100463"><ele>3.75</ele></trkpt>
      <trkpt lat="51.494979" lon="-0.100429"><ele>3.75</ele></trkpt>
      <trkpt lat="51.495228" lon="-0.100436"><ele>4</ele></trkpt>
      <trkpt lat="51.49542" lon="-0.100612"><ele>4</ele></trkpt>
      <trkpt lat="51.495441" lon="-0.100618"><ele>4</ele></trkpt>
      <trkpt lat="51.495516" lon="-0.100655"><ele>4</ele></trkpt>
      <trkpt lat="51.495663" lon="-0.100416"><ele>3.75</ele></trkpt>
      <trkpt lat="51.495696" lon="-0.100358"><ele>3.5</ele></trkpt>
      <trkpt lat="51.495743" lon="-0.100298"><ele>3.25</ele></trkpt>
      <trkpt lat="51.495777" lon="-0.100283"><ele>3</ele></trkpt>
      <trkpt lat="51.495792" lon="-0.100266"><ele>3</ele></trkpt>
      <trkpt lat="51.495833" lon="-0.100213"><ele>3</ele></trkpt>
      <trkpt lat="51.495888" lon="-0.100196"><ele>3.25</ele></trkpt>
      <trkpt lat="51.495987" lon="-0.100076"><ele>3.25</ele></trkpt>
      <trkpt lat="51.496061" lon="-0.100012"><ele>3</ele></trkpt>
      <trkpt lat="51.496109" lon="-0.099996"><ele>3</ele></trkpt>
      <trkpt lat="51.496218" lon="-0.099922"><ele>3</ele></trkpt>
      <trkpt lat="51.496352" lon="-0.099851"><ele>3</ele></trkpt>
      <trkpt lat="51.496455" lon="-0.099801"><ele>3</ele></trkpt>
      <trkpt lat="51.496485" lon="-0.099785"><ele>3</ele></trkpt>
      <trkpt lat="51.496542" lon="-0.099691"><ele>3</ele></trkpt>
      <trkpt lat="51.496571" lon="-0.099666"><ele>3</ele></trkpt>
      <trkpt lat="51.49658" lon="-0.099658"><ele>3</ele></trkpt>
      <trkpt lat="51.496658" lon="-0.099593"><ele>3</ele></trkpt>
      <trkpt lat="51.496692" lon="-0.099565"><ele>3</ele></trkpt>
      <trkpt lat="51.496735" lon="-0.099522"><ele>3</ele></trkpt>
      <trkpt lat="51.496774" lon="-0.09949"><ele>3</ele></trkpt>
      <trkpt lat="51.496868" lon="-0.099488"><ele>3</ele></trkpt>
      <trkpt lat="51.497021" lon="-0.099347"><ele>2.75</ele></trkpt>
      <trkpt lat="51.49707" lon="-0.099304"><ele>3</ele></trkpt>
      <trkpt lat="51.497154" lon="-0.09922"><ele>3</ele></trkpt>
      <trkpt lat="51.497346" lon="-0.099014"><ele>3</ele></trkpt>
      <trkpt lat="51.497394" lon="-0.098962"><ele>3</ele></trkpt>
      <trkpt lat="51.497749" lon="-0.098593"><ele>3</ele></trkpt>
      <trkpt lat="51.498248" lon="-0.098042"><ele>3</ele></trkpt>
      <trkpt lat="51.498306" lon="-0.097978"><ele>3</ele></trkpt>
      <trkpt lat="51.498728" lon="-0.097482"><ele>3</ele></trkpt>
      <trkpt lat="51.498769" lon="-0.097432"><ele>3</ele></trkpt>
      <trkpt lat="51.498997" lon="-0.097132"><ele>3.25</ele></trkpt>
      <trkpt lat="51.499027" lon="-0.097086"><ele>3.25</ele></trkpt>
      <trkpt lat="51.499111" lon="-0.096948"><ele>3.75</ele></trkpt>
      <trkpt lat="51.49919" lon="-0.096813"><ele>3.5</ele></trkpt>
      <trkpt lat="51.499222" lon="-0.096757"><ele>3.25</ele></trkpt>
      <trkpt lat="51.499329" lon="-0.096565"><ele>3.5</ele></trkpt>
      <trkpt lat="51.499404" lon="-0.096438"><ele>3.75</ele></trkpt>
      <trkpt lat="51.499624" lon="-0.096052"><ele>4</ele></trkpt>
      <trkpt lat="51.499769" lon="-0.095798"><ele>4</ele></trkpt>
      <trkpt lat="51.499797" lon="-0.095749"><ele>4</ele></trkpt>
      <trkpt lat="51.499818" lon="-0.095712"><ele>4</ele></trkpt>
      <trkpt lat="51.499899" lon="-0.095582"><ele>4</ele></trkpt>
      <trkpt lat="51.499963" lon="-0.095469"><ele>4</ele></trkpt>
      <trkpt lat="51.499983" lon="-0.09543"><ele>4</ele></trkpt>
      <trkpt lat="51.500012" lon="-0.095378"><ele>4</ele></trkpt>
      <trkpt lat="51.500171" lon="-0.095081"><ele>4</ele></trkpt>
      <trkpt lat="51.500378" lon="-0.094661"><ele>4</ele></trkpt>
      <trkpt lat="51.500599" lon="-0.094232"><ele>4</ele></trkpt>
      <trkpt lat="51.500717" lon="-0.094008"><ele>3.75</ele></trkpt>
      <trkpt lat="51.500829" lon="-0.093814"><ele>3.75</ele></trkpt>
      <trkpt lat="51.500993" lon="-0.093529"><ele>4</ele></trkpt>
      <trkpt lat="51.501058" lon="-0.093518"><ele>4</ele></trkpt>
      <trkpt lat="51.501106" lon="-0.093447"><ele>4</ele></trkpt>
      <trkpt lat="51.501139" lon="-0.093403"><ele>4</ele></trkpt>
      <trkpt lat="51.501191" lon="-0.093352"><ele>4.5</ele></trkpt>
      <trkpt lat="51.501257" lon="-0.093286"><ele>4.5</ele></trkpt>
      <trkpt lat="51.501334" lon="-0.093213"><ele>4.75</ele></trkpt>
      <trkpt lat="51.501415" lon="-0.093132"><ele>4.75</ele></trkpt>
      <trkpt lat="51.501445" lon="-0.093102"><ele>4.75</ele></trkpt>
      <trkpt lat="51.501505" lon="-0.092962"><ele>4.5</ele></trkpt>
      <trkpt lat="51.50166" lon="-0.092792"><ele>4</ele></trkpt>
      <trkpt lat="51.501809" lon="-0.092653"><ele>4</ele></trkpt>
      <trkpt lat="51.502044" lon="-0.092489"><ele>4</ele></trkpt>
      <trkpt lat="51.502116" lon="-0.092444"><ele>4</ele></trkpt>
      <trkpt lat="51.502155" lon="-0.092421"><ele>4</ele></trkpt>
      <trkpt lat="51.502201" lon="-0.092398"><ele>4</ele></trkpt>
      <trkpt lat="51.502244" lon="-0.092375"><ele>4</ele></trkpt>
      <trkpt lat="51.502463" lon="-0.092266"><ele>4</ele></trkpt>
      <trkpt lat="51.50266" lon="-0.092153"><ele>4</ele></trkpt>
      <trkpt lat="51.502828" lon="-0.09203"><ele>4</ele></trkpt>
      <trkpt lat="51.502928" lon="-0.091952"><ele>4</ele></trkpt>
      <trkpt lat="51.503076" lon="-0.091841"><ele>4</ele></trkpt>
      <trkpt lat="51.503118" lon="-0.091806"><ele>4</ele></trkpt>
      <trkpt lat="51.503151" lon="-0.091779"><ele>3.75</ele></trkpt>
      <trkpt lat="51.50321" lon="-0.09173"><ele>4</ele></trkpt>
      <trkpt lat="51.503271" lon="-0.091681"><ele>4</ele></trkpt>
      <trkpt lat="51.503342" lon="-0.091625"><ele>4</ele></trkpt>
      <trkpt lat="51.503319" lon="-0.09154"><ele>4</ele></trkpt>
      <trkpt lat="51.503315" lon="-0.091528"><ele>4</ele></trkpt>
      <trkpt lat="51.503411" lon="-0.091454"><ele>4</ele></trkpt>
      <trkpt lat="51.503581" lon="-0.091312"><ele>4</ele></trkpt>
      <trkpt lat="51.50369" lon="-0.091229"><ele>4</ele></trkpt>
      <trkpt lat="51.503753" lon="-0.09118"><ele>4</ele></trkpt>
      <trkpt lat="51.503961" lon="-0.091005"><ele>4</ele></trkpt>
      <trkpt lat="51.504043" lon="-0.090924"><ele>4.25</ele></trkpt>
      <trkpt lat="51.504114" lon="-0.090831"><ele>4.75</ele></trkpt>
      <trkpt lat="51.504239" lon="-0.09063"><ele>4.25</ele></trkpt>
      <trkpt lat="51.504253" lon="-0.090608"><ele>4</ele></trkpt>
      <trkpt lat="51.504262" lon="-0.090594"><ele>4</ele></trkpt>
      <trkpt lat="51.504268" lon="-0.090585"><ele>4</ele></trkpt>
      <trkpt lat="51.50442" lon="-0.090353"><ele>4</ele></trkpt>
      <trkpt lat="51.504596" lon="-0.090118"><ele>4.25</ele></trkpt>
      <trkpt lat="51.504648" lon="-0.090051"><ele>4.5</ele></trkpt>
      <trkpt lat="51.504828" lon="-0.089817"><ele>5</ele></trkpt>
      <trkpt lat="51.504956" lon="-0.089643"><ele>4.75</ele></trkpt>
      <trkpt lat="51.504978" lon="-0.089691"><ele>4.75</ele></trkpt>
      <trkpt lat="51.505058" lon="-0.089565"><ele>5</ele></trkpt>
      <trkpt lat="51.505151" lon="-0.089456"><ele>5.25</ele></trkpt>
      <trkpt lat="51.505163" lon="-0.089443"><ele>5.25</ele></trkpt>
      <trkpt lat="51.505173" lon="-0.089433"><ele>5.25</ele></trkpt>
      <trkpt lat="51.505287" lon="-0.089307"><ele>5.25</ele></trkpt>
      <trkpt lat="51.505477" lon="-0.089096"><ele>5.75</ele></trkpt>
      <trkpt lat="51.505519" lon="-0.089045"><ele>5.75</ele></trkpt>
      <trkpt lat="51.505564" lon="-0.088993"><ele>5.75</ele></trkpt>
      <trkpt lat="51.505615" lon="-0.088939"><ele>5.75</ele></trkpt>
      <trkpt lat="51.505658" lon="-0.088891"><ele>5.5</ele></trkpt>
      <trkpt lat="51.5057" lon="-0.088831"><ele>5.25</ele></trkpt>
      <trkpt lat="51.505725" lon="-0.088865"><ele>4.75</ele></trkpt>
      <trkpt lat="51.5057" lon="-0.088831"><ele>5.25</ele></trkpt>
      <trkpt lat="51.505658" lon="-0.088891"><ele>5.5</ele></trkpt>
      <trkpt lat="51.505615" lon="-0.088939"><ele>5.75</ele></trkpt>
      <trkpt lat="51.505564" lon="-0.088993"><ele>5.75</ele></trkpt>
      <trkpt lat="51.505484" lon="-0.088746"><ele>5</ele></trkpt>
      <trkpt lat="51.505454" lon="-0.088412"><ele>4.5</ele></trkpt>
      <trkpt lat="51.505457" lon="-0.088345"><ele>4.5</ele></trkpt>
      <trkpt lat="51.505523" lon="-0.088489"><ele>4.75</ele></trkpt>
      <trkpt lat="51.505575" lon="-0.08855"><ele>5</ele></trkpt>
      <trkpt lat="51.505609" lon="-0.088545"><ele>5</ele></trkpt>
      <trkpt lat="51.505611" lon="-0.088555"><ele>5</ele></trkpt>
      <trkpt lat="51.505617" lon="-0.08858"><ele>5</ele></trkpt>
      <trkpt lat="51.505636" lon="-0.088652"><ele>5</ele></trkpt>
      <trkpt lat="51.50566" lon="-0.088705"><ele>5</ele></trkpt>
      <trkpt lat="51.505679" lon="-0.088748"><ele>5.25</ele></trkpt>
      <trkpt lat="51.505698" lon="-0.088748"><ele>5</ele></trkpt>
      <trkpt lat="51.505939" lon="-0.088429"><ele>4.75</ele></trkpt>
      <trkpt lat="51.505946" lon="-0.088443"><ele>4.75</ele></trkpt>
      <trkpt lat="51.505968" lon="-0.088491"><ele>4.5</ele></trkpt>
      <trkpt lat="51.505985" lon="-0.088526"><ele>4.5</ele></trkpt>
      <trkpt lat="51.505992" lon="-0.088539"><ele>4.5</ele></trkpt>
      <trkpt lat="51.506013" lon="-0.088512"><ele>4.5</ele></trkpt>
      <trkpt lat="51.506029" lon="-0.088491"><ele>4.5</ele></trkpt>
      <trkpt lat="51.506036" lon="-0.088507"><ele>4.5</ele></trkpt>
      <trkpt lat="51.50606" lon="-0.088574"><ele>4.25</ele></trkpt>
      <trkpt lat="51.506079" lon="-0.088557"><ele>4.25</ele></trkpt>
      <trkpt lat="51.506278" lon="-0.088411"><ele>4.25</ele></trkpt>
      <trkpt lat="51.506298" lon="-0.088399"><ele>4</ele></trkpt>
      <trkpt lat="51.50632" lon="-0.088385"><ele>4</ele></trkpt>
      <trkpt lat="51.506327" lon="-0.088381"><ele>4</ele></trkpt>
      <trkpt lat="51.506545" lon="-0.088283"><ele>4.25</ele></trkpt>
      <trkpt lat="51.507012" lon="-0.088112"><ele>5.25</ele></trkpt>
      <trkpt lat="51.508987" lon="-0.08741"><ele>9.25</ele></trkpt>
      <trkpt lat="51.509261" lon="-0.087319"><ele>10</ele></trkpt>
      <trkpt lat="51.50981" lon="-0.087104"><ele>11</ele></trkpt>
      <trkpt lat="51.509837" lon="-0.087094"><ele>11.25</ele></trkpt>
      <trkpt lat="51.510019" lon="-0.087034"><ele>11.25</ele></trkpt>
      <trkpt lat="51.51024" lon="-0.086954"><ele>11.75</ele></trkpt>
      <trkpt lat="51.510369" lon="-0.086899"><ele>12.25</ele></trkpt>
      <trkpt lat="51.510415" lon="-0.08688"><ele>12.25</ele></trkpt>
      <trkpt lat="51.510617" lon="-0.086791"><ele>13</ele></trkpt>
      <trkpt lat="51.510692" lon="-0.086757"><ele>13.25</ele></trkpt>
      <trkpt lat="51.510729" lon="-0.086741"><ele>13.5</ele></trkpt>
      <trkpt lat="51.510764" lon="-0.086725"><ele>13.75</ele></trkpt>
      <trkpt lat="51.510795" lon="-0.086705"><ele>13.75</ele></trkpt>
      <trkpt lat="51.510855" lon="-0.08667"><ele>14</ele></trkpt>
      <trkpt lat="51.5109" lon="-0.086796"><ele>14.25</ele></trkpt>
      <trkpt lat="51.510938" lon="-0.086816"><ele>14.5</ele></trkpt>
      <trkpt lat="51.510969" lon="-0.086831"><ele>14.5</ele></trkpt>
      <trkpt lat="51.511054" lon="-0.086926"><ele>14.75</ele></trkpt>
      <trkpt lat="51.511093" lon="-0.086964"><ele>14.75</ele></trkpt>
      <trkpt lat="51.511124" lon="-0.086989"><ele>15</ele></trkpt>
      <trkpt lat="51.511161" lon="-0.087021"><ele>15</ele></trkpt>
      <trkpt lat="51.511283" lon="-0.087128"><ele>15</ele></trkpt>
      <trkpt lat="51.511401" lon="-0.08723"><ele>14.75</ele></trkpt>
      <trkpt lat="51.511543" lon="-0.087357"><ele>14</ele></trkpt>
      <trkpt lat="51.511655" lon="-0.087439"><ele>12.75</ele></trkpt>
      <trkpt lat="51.51172" lon="-0.087486"><ele>12.75</ele></trkpt>
      <trkpt lat="51.511992" lon="-0.087713"><ele>16</ele></trkpt>
      <trkpt lat="51.512016" lon="-0.087733"><ele>16</ele></trkpt>
      <trkpt lat="51.512145" lon="-0.087833"><ele>15.75</ele></trkpt>
      <trkpt lat="51.512173" lon="-0.087749"><ele>16</ele></trkpt>
      <trkpt lat="51.512182" lon="-0.087755"><ele>16</ele></trkpt>
      <trkpt lat="51.512184" lon="-0.087757"><ele>16</ele></trkpt>
      <trkpt lat="51.512586" lon="-0.088077"><ele>14.75</ele></trkpt>
      <trkpt lat="51.5126" lon="-0.088089"><ele>14.75</ele></trkpt>
      <trkpt lat="51.512607" lon="-0.088068"><ele>14.75</ele></trkpt>
      <trkpt lat="51.512618" lon="-0.08803"><ele>14.5</ele></trkpt>
      <trkpt lat="51.512613" lon="-0.088058"><ele>14.5</ele></trkpt>
      <trkpt lat="51.512646" lon="-0.088086"><ele>14.5</ele></trkpt>
      <trkpt lat="51.512698" lon="-0.088129"><ele>14.5</ele></trkpt>
      <trkpt lat="51.512736" lon="-0.088125"><ele>14.5</ele></trkpt>
      <trkpt lat="51.51272" lon="-0.088102"><ele>14.5</ele></trkpt>
      <trkpt lat="51.512728" lon="-0.088123"><ele>14.5</ele></trkpt>
      <trkpt lat="51.512682" lon="-0.088175"><ele>14.5</ele></trkpt>
      <trkpt lat="51.512665" lon="-0.088223"><ele>14.5</ele></trkpt>
      <trkpt lat="51.512659" lon="-0.088239"><ele>14.5</ele></trkpt>
      <trkpt lat="51.512711" lon="-0.088278"><ele>14.5</ele></trkpt>
      <trkpt lat="51.512788" lon="-0.088339"><ele>14.5</ele></trkpt>
      <trkpt lat="51.513307" lon="-0.088745"><ele>14</ele></trkpt>
      <trkpt lat="51.513361" lon="-0.088787"><ele>14</ele></trkpt>
      <trkpt lat="51.513353" lon="-0.088859"><ele>14</ele></trkpt>
      <trkpt lat="51.513369" lon="-0.088867"><ele>14</ele></trkpt>
      <trkpt lat="51.513377" lon="-0.088884"><ele>14</ele></trkpt>
      <trkpt lat="51.513375" lon="-0.088898"><ele>14</ele></trkpt>
      <trkpt lat="51.513364" lon="-0.088907"><ele>14</ele></trkpt>
      <trkpt lat="51.513364" lon="-0.088907"><ele>14</ele></trkpt>
      <trkpt lat="51.513375" lon="-0.088898"><ele>14</ele></trkpt>
      <trkpt lat="51.513377" lon="-0.088884"><ele>14</ele></trkpt>
      <trkpt lat="51.513369" lon="-0.088867"><ele>14</ele></trkpt>
      <trkpt lat="51.513353" lon="-0.088859"><ele>14</ele></trkpt>
      <trkpt lat="51.513361" lon="-0.088787"><ele>14</ele></trkpt>
      <trkpt lat="51.513307" lon="-0.088745"><ele>14</ele></trkpt>
      <trkpt lat="51.512788" lon="-0.088339"><ele>13.75</ele></trkpt>
      <trkpt lat="51.512711" lon="-0.088278"><ele>13.5</ele></trkpt>
      <trkpt lat="51.512659" lon="-0.088239"><ele>13.5</ele></trkpt>
      <trkpt lat="51.512665" lon="-0.088223"><ele>13.5</ele></trkpt>
      <trkpt lat="51.512682" lon="-0.088175"><ele>13.5</ele></trkpt>
      <trkpt lat="51.512728" lon="-0.088123"><ele>13.5</ele></trkpt>
      <trkpt lat="51.51272" lon="-0.088102"><ele>13.5</ele></trkpt>
      <trkpt lat="51.512736" lon="-0.088125"><ele>13.5</ele></trkpt>
      <trkpt lat="51.512767" lon="-0.088099"><ele>13.5</ele></trkpt>
      <trkpt lat="51.512798" lon="-0.088071"><ele>13.5</ele></trkpt>
      <trkpt lat="51.512844" lon="-0.088204"><ele>13.5</ele></trkpt>
      <trkpt lat="51.512853" lon="-0.088291"><ele>13.25</ele></trkpt>
      <trkpt lat="51.512929" lon="-0.088318"><ele>13.25</ele></trkpt>
      <trkpt lat="51.513007" lon="-0.08845"><ele>13.25</ele></trkpt>
      <trkpt lat="51.513075" lon="-0.088568"><ele>13.25</ele></trkpt>
      <trkpt lat="51.513219" lon="-0.088912"><ele>13</ele></trkpt>
      <trkpt lat="51.513249" lon="-0.089064"><ele>13</ele></trkpt>
      <trkpt lat="51.513295" lon="-0.089151"><ele>13</ele></trkpt>
      <trkpt lat="51.513353" lon="-0.089183"><ele>13</ele></trkpt>
      <trkpt lat="51.513397" lon="-0.08914"><ele>13</ele></trkpt>
      <trkpt lat="51.513432" lon="-0.089089"><ele>13</ele></trkpt>
      <trkpt lat="51.513451" lon="-0.089133"><ele>13</ele></trkpt>
      <trkpt lat="51.513456" lon="-0.089144"><ele>13</ele></trkpt>
      <trkpt lat="51.513459" lon="-0.089153"><ele>13</ele></trkpt>
      <trkpt lat="51.513471" lon="-0.089139"><ele>13</ele></trkpt>
      <trkpt lat="51.513507" lon="-0.089124"><ele>13</ele></trkpt>
      <trkpt lat="51.513518" lon="-0.089125"><ele>13</ele></trkpt>
      <trkpt lat="51.513519" lon="-0.089084"><ele>13.25</ele></trkpt>
      <trkpt lat="51.513519" lon="-0.089065"><ele>13.25</ele></trkpt>
      <trkpt lat="51.513526" lon="-0.089009"><ele>13.5</ele></trkpt>
      <trkpt lat="51.513551" lon="-0.089024"><ele>13.5</ele></trkpt>
      <trkpt lat="51.513583" lon="-0.089047"><ele>13.25</ele></trkpt>
      <trkpt lat="51.513724" lon="-0.089158"><ele>13</ele></trkpt>
      <trkpt lat="51.513943" lon="-0.089311"><ele>12.75</ele></trkpt>
      <trkpt lat="51.514081" lon="-0.089407"><ele>12.75</ele></trkpt>
      <trkpt lat="51.514518" lon="-0.089707"><ele>12.75</ele></trkpt>
      <trkpt lat="51.514581" lon="-0.089746"><ele>13</ele></trkpt>
      <trkpt lat="51.514634" lon="-0.089766"><ele>13</ele></trkpt>
      <trkpt lat="51.51467" lon="-0.08976"><ele>13</ele></trkpt>
      <trkpt lat="51.514716" lon="-0.08975"><ele>13</ele></trkpt>
      <trkpt lat="51.514798" lon="-0.089692"><ele>13</ele></trkpt>
      <trkpt lat="51.514884" lon="-0.089639"><ele>13</ele></trkpt>
      <trkpt lat="51.514913" lon="-0.089624"><ele>13</ele></trkpt>
      <trkpt lat="51.514951" lon="-0.089603"><ele>13</ele></trkpt>
      <trkpt lat="51.514976" lon="-0.089592"><ele>13</ele></trkpt>
      <trkpt lat="51.515012" lon="-0.089577"><ele>13</ele></trkpt>
      <trkpt lat="51.515307" lon="-0.089465"><ele>13</ele></trkpt>
      <trkpt lat="51.515344" lon="-0.089451"><ele>13</ele></trkpt>
      <trkpt lat="51.515367" lon="-0.089443"><ele>13.25</ele></trkpt>
      <trkpt lat="51.515639" lon="-0.089344"><ele>13.5</ele></trkpt>
      <trkpt lat="51.515667" lon="-0.089335"><ele>13.5</ele></trkpt>
      <trkpt lat="51.515743" lon="-0.089304"><ele>13.25</ele></trkpt>
      <trkpt lat="51.51584" lon="-0.089265"><ele>13</ele></trkpt>
      <trkpt lat="51.516169" lon="-0.089139"><ele>13</ele></trkpt>
      <trkpt lat="51.516269" lon="-0.0891"><ele>13</ele></trkpt>
      <trkpt lat="51.516296" lon="-0.08909"><ele>13</ele></trkpt>
      <trkpt lat="51.516358" lon="-0.089069"><ele>13</ele></trkpt>
      <trkpt lat="51.5165" lon="-0.08902"><ele>13</ele></trkpt>
      <trkpt lat="51.516658" lon="-0.088961"><ele>13</ele></trkpt>
      <trkpt lat="51.516968" lon="-0.088845"><ele>12.5</ele></trkpt>
      <trkpt lat="51.517032" lon="-0.088821"><ele>12.25</ele></trkpt>
      <trkpt lat="51.517144" lon="-0.088779"><ele>12.5</ele></trkpt>
      <trkpt lat="51.51718" lon="-0.088768"><ele>12.75</ele></trkpt>
      <trkpt lat="51.517213" lon="-0.088758"><ele>12.75</ele></trkpt>
      <trkpt lat="51.51725" lon="-0.088743"><ele>13</ele></trkpt>
      <trkpt lat="51.517308" lon="-0.08872"><ele>13</ele></trkpt>
      <trkpt lat="51.517442" lon="-0.088669"><ele>13</ele></trkpt>
      <trkpt lat="51.517465" lon="-0.088658"><ele>13</ele></trkpt>
      <trkpt lat="51.517486" lon="-0.088647"><ele>13</ele></trkpt>
      <trkpt lat="51.51753" lon="-0.088626"><ele>13</ele></trkpt>
      <trkpt lat="51.517585" lon="-0.088596"><ele>13.25</ele></trkpt>
      <trkpt lat="51.517617" lon="-0.088578"><ele>13.25</ele></trkpt>
      <trkpt lat="51.517835" lon="-0.088444"><ele>14</ele></trkpt>
      <trkpt lat="51.518044" lon="-0.08833"><ele>13.75</ele></trkpt>
      <trkpt lat="51.518097" lon="-0.088303"><ele>14</ele></trkpt>
      <trkpt lat="51.518132" lon="-0.088285"><ele>14</ele></trkpt>
      <trkpt lat="51.518145" lon="-0.088351"><ele>14</ele></trkpt>
      <trkpt lat="51.518149" lon="-0.088376"><ele>14</ele></trkpt>
      <trkpt lat="51.518182" lon="-0.088358"><ele>14</ele></trkpt>
      <trkpt lat="51.518339" lon="-0.088273"><ele>14</ele></trkpt>
      <trkpt lat="51.518334" lon="-0.088244"><ele>14</ele></trkpt>
      <trkpt lat="51.51833" lon="-0.08818"><ele>14</ele></trkpt>
      <trkpt lat="51.518436" lon="-0.088118"><ele>14</ele></trkpt>
      <trkpt lat="51.518449" lon="-0.08811"><ele>14</ele></trkpt>
      <trkpt lat="51.518535" lon="-0.088058"><ele>14</ele></trkpt>
      <trkpt lat="51.518558" lon="-0.087992"><ele>14</ele></trkpt>
      <trkpt lat="51.518727" lon="-0.087895"><ele>14</ele></trkpt>
      <trkpt lat="51.518848" lon="-0.087851"><ele>14</ele></trkpt>
      <trkpt lat="51.518961" lon="-0.087796"><ele>14</ele></trkpt>
      <trkpt lat="51.519068" lon="-0.087734"><ele>14</ele></trkpt>
      <trkpt lat="51.519102" lon="-0.087749"><ele>14</ele></trkpt>
      <trkpt lat="51.519125" lon="-0.087736"><ele>14</ele></trkpt>
      <trkpt lat="51.519263" lon="-0.087671"><ele>13.75</ele></trkpt>
      <trkpt lat="51.51933" lon="-0.087644"><ele>13.75</ele></trkpt>
      <trkpt lat="51.519355" lon="-0.087635"><ele>14</ele></trkpt>
      <trkpt lat="51.519386" lon="-0.087623"><ele>14</ele></trkpt>
      <trkpt lat="51.519442" lon="-0.087604"><ele>14</ele></trkpt>
      <trkpt lat="51.519494" lon="-0.087588"><ele>14.25</ele></trkpt>
      <trkpt lat="51.519575" lon="-0.087561"><ele>14.25</ele></trkpt>
      <trkpt lat="51.519806" lon="-0.087487"><ele>15</ele></trkpt>
      <trkpt lat="51.519922" lon="-0.087449"><ele>15</ele></trkpt>
      <trkpt lat="51.519988" lon="-0.087428"><ele>15</ele></trkpt>
      <trkpt lat="51.520091" lon="-0.087397"><ele>15</ele></trkpt>
      <trkpt lat="51.520122" lon="-0.087334"><ele>15.25</ele></trkpt>
      <trkpt lat="51.520361" lon="-0.087274"><ele>15.75</ele></trkpt>
      <trkpt lat="51.520384" lon="-0.087268"><ele>15.75</ele></trkpt>
      <trkpt lat="51.520418" lon="-0.087259"><ele>15.75</ele></trkpt>
      <trkpt lat="51.520489" lon="-0.087235"><ele>15.75</ele></trkpt>
      <trkpt lat="51.520563" lon="-0.087217"><ele>16</ele></trkpt>
      <trkpt lat="51.520592" lon="-0.08721"><ele>16</ele></trkpt>
      <trkpt lat="51.520618" lon="-0.087203"><ele>16</ele></trkpt>
      <trkpt lat="51.520667" lon="-0.087195"><ele>16</ele></trkpt>
      <trkpt lat="51.520749" lon="-0.087181"><ele>16</ele></trkpt>
      <trkpt lat="51.520792" lon="-0.087217"><ele>16</ele></trkpt>
      <trkpt lat="51.520867" lon="-0.0872"><ele>16</ele></trkpt>
      <trkpt lat="51.520906" lon="-0.087191"><ele>16</ele></trkpt>
      <trkpt lat="51.521136" lon="-0.087139"><ele>16</ele></trkpt>
      <trkpt lat="51.521197" lon="-0.087126"><ele>16.25</ele></trkpt>
      <trkpt lat="51.521469" lon="-0.087067"><ele>17</ele></trkpt>
      <trkpt lat="51.521575" lon="-0.087044"><ele>17</ele></trkpt>
      <trkpt lat="51.521604" lon="-0.087039"><ele>17</ele></trkpt>
      <trkpt lat="51.521653" lon="-0.08703"><ele>17</ele></trkpt>
      <trkpt lat="51.521692" lon="-0.087022"><ele>17</ele></trkpt>
      <trkpt lat="51.521833" lon="-0.087003"><ele>17</ele></trkpt>
      <trkpt lat="51.521909" lon="-0.087001"><ele>17</ele></trkpt>
      <trkpt lat="51.522064" lon="-0.087018"><ele>17.25</ele></trkpt>
      <trkpt lat="51.522178" lon="-0.087046"><ele>17.75</ele></trkpt>
      <trkpt lat="51.522311" lon="-0.08708"><ele>18</ele></trkpt>
      <trkpt lat="51.522823" lon="-0.087204"><ele>19</ele></trkpt>
      <trkpt lat="51.522905" lon="-0.087224"><ele>18.75</ele></trkpt>
      <trkpt lat="51.523057" lon="-0.08726"><ele>19</ele></trkpt>
      <trkpt lat="51.523237" lon="-0.087302"><ele>19</ele></trkpt>
      <trkpt lat="51.52344" lon="-0.087339"><ele>19</ele></trkpt>
      <trkpt lat="51.523478" lon="-0.087346"><ele>19</ele></trkpt>
      <trkpt lat="51.523516" lon="-0.087352"><ele>19</ele></trkpt>
      <trkpt lat="51.523689" lon="-0.087383"><ele>18.75</ele></trkpt>
      <trkpt lat="51.524013" lon="-0.087448"><ele>18</ele></trkpt>
      <trkpt lat="51.524209" lon="-0.087478"><ele>18</ele></trkpt>
      <trkpt lat="51.524388" lon="-0.087509"><ele>18</ele></trkpt>
      <trkpt lat="51.524529" lon="-0.087532"><ele>18</ele></trkpt>
      <trkpt lat="51.524556" lon="-0.087538"><ele>18</ele></trkpt>
      <trkpt lat="51.524574" lon="-0.087542"><ele>18</ele></trkpt>
      <trkpt lat="51.5246" lon="-0.087546"><ele>18</ele></trkpt>
      <trkpt lat="51.524637" lon="-0.087554"><ele>18</ele></trkpt>
      <trkpt lat="51.524675" lon="-0.08756"><ele>18</ele></trkpt>
      <trkpt lat="51.524882" lon="-0.087577"><ele>18</ele></trkpt>
      <trkpt lat="51.5249" lon="-0.087577"><ele>18</ele></trkpt>
      <trkpt lat="51.524945" lon="-0.087578"><ele>18</ele></trkpt>
      <trkpt lat="51.525035" lon="-0.087566"><ele>17.75</ele></trkpt>
      <trkpt lat="51.5251" lon="-0.087518"><ele>17.75</ele></trkpt>
      <trkpt lat="51.525142" lon="-0.087528"><ele>17.75</ele></trkpt>
      <trkpt lat="51.525204" lon="-0.08753"><ele>17.75</ele></trkpt>
      <trkpt lat="51.525223" lon="-0.08752"><ele>17.75</ele></trkpt>
      <trkpt lat="51.525302" lon="-0.087445"><ele>18</ele></trkpt>
      <trkpt lat="51.525358" lon="-0.087395"><ele>18</ele></trkpt>
      <trkpt lat="51.525547" lon="-0.087208"><ele>17.75</ele></trkpt>
      <trkpt lat="51.525593" lon="-0.087198"><ele>17.75</ele></trkpt>
      <trkpt lat="51.525616" lon="-0.087178"><ele>17.75</ele></trkpt>
      <trkpt lat="51.525673" lon="-0.087156"><ele>17.5</ele></trkpt>
      <trkpt lat="51.525694" lon="-0.08722"><ele>17.5</ele></trkpt>
      <trkpt lat="51.5257" lon="-0.087237"><ele>17.5</ele></trkpt>
      <trkpt lat="51.525715" lon="-0.087273"><ele>17.5</ele></trkpt>
      <trkpt lat="51.525711" lon="-0.087346"><ele>17.5</ele></trkpt>
      <trkpt lat="51.525728" lon="-0.087447"><ele>17.75</ele></trkpt>
      <trkpt lat="51.525857" lon="-0.087701"><ele>17.75</ele></trkpt>
      <trkpt lat="51.525882" lon="-0.087733"><ele>17.75</ele></trkpt>
      <trkpt lat="51.525921" lon="-0.087781"><ele>17.75</ele></trkpt>
      <trkpt lat="51.52608" lon="-0.087895"><ele>17.75</ele></trkpt>
      <trkpt lat="51.526116" lon="-0.087902"><ele>17.75</ele></trkpt>
      <trkpt lat="51.526322" lon="-0.087982"><ele>17</ele></trkpt>
      <trkpt lat="51.526573" lon="-0.088099"><ele>16.75</ele></trkpt>
      <trkpt lat="51.526784" lon="-0.088255"><ele>17</ele></trkpt>
      <trkpt lat="51.526988" lon="-0.088392"><ele>17</ele></trkpt>
      <trkpt lat="51.526995" lon="-0.088397"><ele>17</ele></trkpt>
      <trkpt lat="51.527014" lon="-0.088409"><ele>17</ele></trkpt>
      <trkpt lat="51.52704" lon="-0.088428"><ele>17</ele></trkpt>
      <trkpt lat="51.527057" lon="-0.088443"><ele>17</ele></trkpt>
      <trkpt lat="51.527182" lon="-0.088555"><ele>17</ele></trkpt>
      <trkpt lat="51.527184" lon="-0.088557"><ele>17</ele></trkpt>
      <trkpt lat="51.527205" lon="-0.088576"><ele>17</ele></trkpt>
      <trkpt lat="51.527225" lon="-0.088599"><ele>17</ele></trkpt>
      <trkpt lat="51.527231" lon="-0.088606"><ele>17</ele></trkpt>
      <trkpt lat="51.527339" lon="-0.088734"><ele>17</ele></trkpt>
      <trkpt lat="51.527374" lon="-0.088808"><ele>17</ele></trkpt>
      <trkpt lat="51.527417" lon="-0.08895"><ele>17</ele></trkpt>
      <trkpt lat="51.527704" lon="-0.089919"><ele>18</ele></trkpt>
      <trkpt lat="51.527713" lon="-0.089956"><ele>18</ele></trkpt>
      <trkpt lat="51.527728" lon="-0.089996"><ele>18</ele></trkpt>
      <trkpt lat="51.52774" lon="-0.090031"><ele>18</ele></trkpt>
      <trkpt lat="51.527745" lon="-0.09005"><ele>18</ele></trkpt>
      <trkpt lat="51.527918" lon="-0.090758"><ele>18</ele></trkpt>
      <trkpt lat="51.528101" lon="-0.091423"><ele>18</ele></trkpt>
      <trkpt lat="51.528088" lon="-0.09148"><ele>18</ele></trkpt>
      <trkpt lat="51.52808" lon="-0.091529"><ele>18</ele></trkpt>
      <trkpt lat="51.528075" lon="-0.091576"><ele>18</ele></trkpt>
      <trkpt lat="51.528137" lon="-0.091615"><ele>18</ele></trkpt>
      <trkpt lat="51.528244" lon="-0.091703"><ele>18</ele></trkpt>
      <trkpt lat="51.528305" lon="-0.091938"><ele>18</ele></trkpt>
      <trkpt lat="51.528344" lon="-0.092094"><ele>18</ele></trkpt>
      <trkpt lat="51.528351" lon="-0.092123"><ele>18</ele></trkpt>
      <trkpt lat="51.528374" lon="-0.092195"><ele>18</ele></trkpt>
      <trkpt lat="51.528412" lon="-0.092346"><ele>18</ele></trkpt>
      <trkpt lat="51.528483" lon="-0.092616"><ele>18</ele></trkpt>
      <trkpt lat="51.528514" lon="-0.092726"><ele>18</ele></trkpt>
      <trkpt lat="51.528535" lon="-0.09281"><ele>18.25</ele></trkpt>
      <trkpt lat="51.528637" lon="-0.093206"><ele>18.5</ele></trkpt>
      <trkpt lat="51.52872" lon="-0.093545"><ele>19</ele></trkpt>
      <trkpt lat="51.528784" lon="-0.093803"><ele>19</ele></trkpt>
      <trkpt lat="51.528819" lon="-0.09395"><ele>19</ele></trkpt>
      <trkpt lat="51.528859" lon="-0.094092"><ele>19</ele></trkpt>
      <trkpt lat="51.528869" lon="-0.094141"><ele>19</ele></trkpt>
      <trkpt lat="51.528881" lon="-0.094187"><ele>19</ele></trkpt>
      <trkpt lat="51.52896" lon="-0.094504"><ele>19</ele></trkpt>
      <trkpt lat="51.528996" lon="-0.094641"><ele>19.25</ele></trkpt>
      <trkpt lat="51.529133" lon="-0.094743"><ele>19.75</ele></trkpt>
      <trkpt lat="51.529176" lon="-0.094918"><ele>19.75</ele></trkpt>
      <trkpt lat="51.52923" lon="-0.095134"><ele>20.25</ele></trkpt>
      <trkpt lat="51.529254" lon="-0.095233"><ele>20.75</ele></trkpt>
      <trkpt lat="51.529261" lon="-0.095265"><ele>20.75</ele></trkpt>
      <trkpt lat="51.529278" lon="-0.095326"><ele>21</ele></trkpt>
      <trkpt lat="51.529292" lon="-0.095385"><ele>21</ele></trkpt>
      <trkpt lat="51.529623" lon="-0.096691"><ele>21</ele></trkpt>
      <trkpt lat="51.529747" lon="-0.097176"><ele>20</ele></trkpt>
      <trkpt lat="51.529767" lon="-0.097255"><ele>20</ele></trkpt>
      <trkpt lat="51.529789" lon="-0.097346"><ele>19.75</ele></trkpt>
      <trkpt lat="51.529804" lon="-0.097406"><ele>20</ele></trkpt>
      <trkpt lat="51.529849" lon="-0.097575"><ele>20</ele></trkpt>
      <trkpt lat="51.529899" lon="-0.097768"><ele>20</ele></trkpt>
      <trkpt lat="51.529911" lon="-0.097821"><ele>20</ele></trkpt>
      <trkpt lat="51.529921" lon="-0.097866"><ele>20</ele></trkpt>
      <trkpt lat="51.530123" lon="-0.09866"><ele>20</ele></trkpt>
      <trkpt lat="51.530177" lon="-0.09887"><ele>20.75</ele></trkpt>
      <trkpt lat="51.530196" lon="-0.098942"><ele>21</ele></trkpt>
      <trkpt lat="51.530208" lon="-0.098988"><ele>21</ele></trkpt>
      <trkpt lat="51.530359" lon="-0.099572"><ele>20.5</ele></trkpt>
      <trkpt lat="51.530378" lon="-0.099652"><ele>20.5</ele></trkpt>
      <trkpt lat="51.53039" lon="-0.099698"><ele>20.5</ele></trkpt>
      <trkpt lat="51.530414" lon="-0.099791"><ele>20.5</ele></trkpt>
      <trkpt lat="51.530552" lon="-0.100327"><ele>21</ele></trkpt>
      <trkpt lat="51.530563" lon="-0.100373"><ele>21.25</ele></trkpt>
      <trkpt lat="51.530573" lon="-0.100412"><ele>21.5</ele></trkpt>
      <trkpt lat="51.530727" lon="-0.101033"><ele>22</ele></trkpt>
      <trkpt lat="51.530791" lon="-0.101294"><ele>22.5</ele></trkpt>
      <trkpt lat="51.5308" lon="-0.101329"><ele>22.5</ele></trkpt>
      <trkpt lat="51.530805" lon="-0.101351"><ele>22.75</ele></trkpt>
      <trkpt lat="51.530867" lon="-0.101591"><ele>22.75</ele></trkpt>
      <trkpt lat="51.530889" lon="-0.101676"><ele>22.75</ele></trkpt>
      <trkpt lat="51.53123" lon="-0.103008"><ele>25.75</ele></trkpt>
      <trkpt lat="51.53132" lon="-0.10336"><ele>26.75</ele></trkpt>
      <trkpt lat="51.531555" lon="-0.104268"><ele>29</ele></trkpt>
      <trkpt lat="51.531563" lon="-0.1043"><ele>29.25</ele></trkpt>
      <trkpt lat="51.531568" lon="-0.104319"><ele>29.25</ele></trkpt>
      <trkpt lat="51.531589" lon="-0.104397"><ele>29.5</ele></trkpt>
      <trkpt lat="51.53161" lon="-0.104478"><ele>29.75</ele></trkpt>
      <trkpt lat="51.531657" lon="-0.104661"><ele>29.75</ele></trkpt>
      <trkpt lat="51.531794" lon="-0.105243"><ele>30.75</ele></trkpt>
      <trkpt lat="51.531871" lon="-0.105574"><ele>32</ele></trkpt>
      <trkpt lat="51.531882" lon="-0.105617"><ele>32</ele></trkpt>
      <trkpt lat="51.531889" lon="-0.105649"><ele>32</ele></trkpt>
      <trkpt lat="51.531982" lon="-0.106035"><ele>32.5</ele></trkpt>
      <trkpt lat="51.532002" lon="-0.106091"><ele>32.75</ele></trkpt>
      <trkpt lat="51.53202" lon="-0.106116"><ele>33</ele></trkpt>
      <trkpt lat="51.532048" lon="-0.106152"><ele>33</ele></trkpt>
      <trkpt lat="51.532069" lon="-0.106161"><ele>33</ele></trkpt>
      <trkpt lat="51.53213" lon="-0.106165"><ele>33</ele></trkpt>
      <trkpt lat="51.532183" lon="-0.106135"><ele>33</ele></trkpt>
      <trkpt lat="51.532559" lon="-0.106124"><ele>34</ele></trkpt>
      <trkpt lat="51.532661" lon="-0.106066"><ele>34.5</ele></trkpt>
      <trkpt lat="51.532559" lon="-0.106124"><ele>34</ele></trkpt>
      <trkpt lat="51.532183" lon="-0.106135"><ele>33</ele></trkpt>
      <trkpt lat="51.53213" lon="-0.106165"><ele>33</ele></trkpt>
      <trkpt lat="51.532069" lon="-0.106161"><ele>33</ele></trkpt>
      <trkpt lat="51.53207" lon="-0.106209"><ele>33.25</ele></trkpt>
      <trkpt lat="51.532072" lon="-0.106247"><ele>33.25</ele></trkpt>
      <trkpt lat="51.532073" lon="-0.106276"><ele>33.5</ele></trkpt>
      <trkpt lat="51.532074" lon="-0.106302"><ele>33.5</ele></trkpt>
      <trkpt lat="51.532075" lon="-0.106341"><ele>33.75</ele></trkpt>
      <trkpt lat="51.532077" lon="-0.106376"><ele>33.75</ele></trkpt>
      <trkpt lat="51.531995" lon="-0.106388"><ele>33.75</ele></trkpt>
      <trkpt lat="51.531984" lon="-0.106451"><ele>34</ele></trkpt>
      <trkpt lat="51.531968" lon="-0.106535"><ele>34</ele></trkpt>
      <trkpt lat="51.531942" lon="-0.106963"><ele>34</ele></trkpt>
      <trkpt lat="51.531939" lon="-0.107114"><ele>34.5</ele></trkpt>
      <trkpt lat="51.531903" lon="-0.109069"><ele>37.75</ele></trkpt>
      <trkpt lat="51.53191" lon="-0.109093"><ele>37.75</ele></trkpt>
      <trkpt lat="51.531909" lon="-0.109158"><ele>37.75</ele></trkpt>
      <trkpt lat="51.531909" lon="-0.109191"><ele>38</ele></trkpt>
      <trkpt lat="51.531896" lon="-0.109238"><ele>38</ele></trkpt>
      <trkpt lat="51.531893" lon="-0.109352"><ele>38</ele></trkpt>
      <trkpt lat="51.531886" lon="-0.109556"><ele>38.25</ele></trkpt>
      <trkpt lat="51.531883" lon="-0.109724"><ele>38.75</ele></trkpt>
      <trkpt lat="51.531878" lon="-0.1098"><ele>38.75</ele></trkpt>
      <trkpt lat="51.531837" lon="-0.110126"><ele>39</ele></trkpt>
      <trkpt lat="51.531771" lon="-0.110561"><ele>38.25</ele></trkpt>
      <trkpt lat="51.531734" lon="-0.11081"><ele>38</ele></trkpt>
      <trkpt lat="51.531701" lon="-0.1111"><ele>38</ele></trkpt>
      <trkpt lat="51.531698" lon="-0.111148"><ele>37.75</ele></trkpt>
      <trkpt lat="51.531691" lon="-0.111232"><ele>37.5</ele></trkpt>
      <trkpt lat="51.531693" lon="-0.11129"><ele>37.25</ele></trkpt>
      <trkpt lat="51.531689" lon="-0.111343"><ele>37</ele></trkpt>
      <trkpt lat="51.531602" lon="-0.112367"><ele>34.25</ele></trkpt>
      <trkpt lat="51.531597" lon="-0.112432"><ele>34</ele></trkpt>
      <trkpt lat="51.531593" lon="-0.112487"><ele>34</ele></trkpt>
      <trkpt lat="51.531563" lon="-0.112914"><ele>33</ele></trkpt>
      <trkpt lat="51.531558" lon="-0.11299"><ele>32.75</ele></trkpt>
      <trkpt lat="51.531554" lon="-0.113043"><ele>32.5</ele></trkpt>
      <trkpt lat="51.531476" lon="-0.114021"><ele>29</ele></trkpt>
      <trkpt lat="51.531461" lon="-0.114161"><ele>28.25</ele></trkpt>
      <trkpt lat="51.531442" lon="-0.114309"><ele>28</ele></trkpt>
      <trkpt lat="51.531393" lon="-0.115001"><ele>25.75</ele></trkpt>
      <trkpt lat="51.531373" lon="-0.115275"><ele>25</ele></trkpt>
      <trkpt lat="51.531382" lon="-0.115296"><ele>24.75</ele></trkpt>
      <trkpt lat="51.531362" lon="-0.115327"><ele>24.75</ele></trkpt>
      <trkpt lat="51.531353" lon="-0.115405"><ele>24.5</ele></trkpt>
      <trkpt lat="51.531302" lon="-0.115392"><ele>24.5</ele></trkpt>
      <trkpt lat="51.531294" lon="-0.11549"><ele>24</ele></trkpt>
      <trkpt lat="51.531257" lon="-0.115997"><ele>23</ele></trkpt>
      <trkpt lat="51.531234" lon="-0.116083"><ele>23</ele></trkpt>
      <trkpt lat="51.531227" lon="-0.116174"><ele>22.75</ele></trkpt>
      <trkpt lat="51.531215" lon="-0.116366"><ele>22</ele></trkpt>
      <trkpt lat="51.531205" lon="-0.116523"><ele>21.5</ele></trkpt>
      <trkpt lat="51.5312" lon="-0.116585"><ele>21.25</ele></trkpt>
      <trkpt lat="51.531175" lon="-0.116944"><ele>21</ele></trkpt>
      <trkpt lat="51.531173" lon="-0.116981"><ele>20.75</ele></trkpt>
      <trkpt lat="51.531127" lon="-0.117585"><ele>19.75</ele></trkpt>
      <trkpt lat="51.53108" lon="-0.118201"><ele>18</ele></trkpt>
      <trkpt lat="51.531069" lon="-0.118441"><ele>17.5</ele></trkpt>
      <trkpt lat="51.531064" lon="-0.118534"><ele>17.5</ele></trkpt>
      <trkpt lat="51.531023" lon="-0.119202"><ele>16.5</ele></trkpt>
      <trkpt lat="51.531015" lon="-0.119309"><ele>16.25</ele></trkpt>
      <trkpt lat="51.531005" lon="-0.119434"><ele>16</ele></trkpt>
      <trkpt lat="51.530996" lon="-0.11956"><ele>15.75</ele></trkpt>
      <trkpt lat="51.530994" lon="-0.119591"><ele>15.75</ele></trkpt>
      <trkpt lat="51.530986" lon="-0.119644"><ele>15.5</ele></trkpt>
      <trkpt lat="51.530966" lon="-0.119964"><ele>15.25</ele></trkpt>
      <trkpt lat="51.530966" lon="-0.119965"><ele>15.25</ele></trkpt>
      <trkpt lat="51.530963" lon="-0.120001"><ele>15.25</ele></trkpt>
      <trkpt lat="51.530957" lon="-0.12008"><ele>15.25</ele></trkpt>
      <trkpt lat="51.530948" lon="-0.120221"><ele>15</ele></trkpt>
      <trkpt lat="51.530914" lon="-0.120742"><ele>15.75</ele></trkpt>
      <trkpt lat="51.530895" lon="-0.120993"><ele>16</ele></trkpt>
      <trkpt lat="51.530889" lon="-0.121108"><ele>16</ele></trkpt>
      <trkpt lat="51.530884" lon="-0.12117"><ele>16</ele></trkpt>
      <trkpt lat="51.530878" lon="-0.121239"><ele>16</ele></trkpt>
      <trkpt lat="51.530827" lon="-0.121869"><ele>16</ele></trkpt>
      <trkpt lat="51.530811" lon="-0.122077"><ele>16</ele></trkpt>
      <trkpt lat="51.530798" lon="-0.122195"><ele>16</ele></trkpt>
      <trkpt lat="51.530752" lon="-0.122319"><ele>16</ele></trkpt>
      <trkpt lat="51.530732" lon="-0.122372"><ele>16</ele></trkpt>
      <trkpt lat="51.530748" lon="-0.122418"><ele>16</ele></trkpt>
      <trkpt lat="51.530746" lon="-0.122471"><ele>16</ele></trkpt>
      <trkpt lat="51.530713" lon="-0.122536"><ele>16</ele></trkpt>
      <trkpt lat="51.530733" lon="-0.122565"><ele>16</ele></trkpt>
      <trkpt lat="51.530762" lon="-0.122602"><ele>16</ele></trkpt>
      <trkpt lat="51.530538" lon="-0.123165"><ele>16.25</ele></trkpt>
      <trkpt lat="51.530663" lon="-0.123185"><ele>17</ele></trkpt>
      <trkpt lat="51.530538" lon="-0.123165"><ele>16.25</ele></trkpt>
      <trkpt lat="51.530369" lon="-0.123662"><ele>17</ele></trkpt>
      <trkpt lat="51.530289" lon="-0.123914"><ele>17</ele></trkpt>
      <trkpt lat="51.53021" lon="-0.123977"><ele>17</ele></trkpt>
      <trkpt lat="51.530182" lon="-0.124038"><ele>17</ele></trkpt>
      <trkpt lat="51.530159" lon="-0.124086"><ele>17</ele></trkpt>
      <trkpt lat="51.530122" lon="-0.12417"><ele>17</ele></trkpt>
      <trkpt lat="51.530101" lon="-0.124218"><ele>17</ele></trkpt>
      <trkpt lat="51.530084" lon="-0.124257"><ele>17</ele></trkpt>
      <trkpt lat="51.53007" lon="-0.124302"><ele>17</ele></trkpt>
      <trkpt lat="51.53002" lon="-0.124255"><ele>17</ele></trkpt>
      <trkpt lat="51.529857" lon="-0.124636"><ele>17.5</ele></trkpt>
      <trkpt lat="51.529751" lon="-0.124914"><ele>17.75</ele></trkpt>
      <trkpt lat="51.52944" lon="-0.125668"><ele>19</ele></trkpt>
      <trkpt lat="51.52938" lon="-0.125823"><ele>19</ele></trkpt>
      <trkpt lat="51.52931" lon="-0.126003"><ele>19</ele></trkpt>
      <trkpt lat="51.529267" lon="-0.126116"><ele>19</ele></trkpt>
      <trkpt lat="51.529259" lon="-0.126164"><ele>19</ele></trkpt>
      <trkpt lat="51.529236" lon="-0.12625"><ele>19</ele></trkpt>
      <trkpt lat="51.529202" lon="-0.126344"><ele>19</ele></trkpt>
      <trkpt lat="51.52918" lon="-0.126409"><ele>19</ele></trkpt>
      <trkpt lat="51.529166" lon="-0.126452"><ele>19</ele></trkpt>
      <trkpt lat="51.529122" lon="-0.126555"><ele>19.5</ele></trkpt>
      <trkpt lat="51.528813" lon="-0.127333"><ele>20.25</ele></trkpt>
      <trkpt lat="51.52878" lon="-0.127415"><ele>20.5</ele></trkpt>
      <trkpt lat="51.528742" lon="-0.127515"><ele>20.75</ele></trkpt>
      <trkpt lat="51.528737" lon="-0.127529"><ele>20.75</ele></trkpt>
      <trkpt lat="51.528729" lon="-0.127562"><ele>20.75</ele></trkpt>
      <trkpt lat="51.528716" lon="-0.127588"><ele>20.75</ele></trkpt>
      <trkpt lat="51.528704" lon="-0.127614"><ele>20.75</ele></trkpt>
      <trkpt lat="51.528696" lon="-0.127634"><ele>20.75</ele></trkpt>
      <trkpt lat="51.528681" lon="-0.127673"><ele>20.75</ele></trkpt>
      <trkpt lat="51.528665" lon="-0.127712"><ele>20.75</ele></trkpt>
      <trkpt lat="51.528659" lon="-0.127735"><ele>20.75</ele></trkpt>
      <trkpt lat="51.528617" lon="-0.127751"><ele>20.75</ele></trkpt>
      <trkpt lat="51.528592" lon="-0.127787"><ele>21</ele></trkpt>
      <trkpt lat="51.52849" lon="-0.12804"><ele>21</ele></trkpt>
      <trkpt lat="51.52827" lon="-0.128589"><ele>21</ele></trkpt>
      <trkpt lat="51.528296" lon="-0.128616"><ele>21</ele></trkpt>
      <trkpt lat="51.528287" lon="-0.128638"><ele>21</ele></trkpt>
      <trkpt lat="51.528272" lon="-0.128677"><ele>21</ele></trkpt>
      <trkpt lat="51.528247" lon="-0.128742"><ele>21</ele></trkpt>
      <trkpt lat="51.528242" lon="-0.128756"><ele>21</ele></trkpt>
      <trkpt lat="51.528203" lon="-0.128746"><ele>21</ele></trkpt>
      <trkpt lat="51.527864" lon="-0.129611"><ele>21.75</ele></trkpt>
      <trkpt lat="51.527879" lon="-0.129681"><ele>21.5</ele></trkpt>
      <trkpt lat="51.527871" lon="-0.129707"><ele>21.5</ele></trkpt>
      <trkpt lat="51.527844" lon="-0.129783"><ele>21.75</ele></trkpt>
      <trkpt lat="51.527967" lon="-0.129903"><ele>21.75</ele></trkpt>
      <trkpt lat="51.528226" lon="-0.130157"><ele>22</ele></trkpt>
      <trkpt lat="51.528259" lon="-0.130202"><ele>22</ele></trkpt>
      <trkpt lat="51.528265" lon="-0.130281"><ele>22</ele></trkpt>
      <trkpt lat="51.528225" lon="-0.13039"><ele>22</ele></trkpt>
      <trkpt lat="51.528062" lon="-0.130833"><ele>22.75</ele></trkpt>
      <trkpt lat="51.527941" lon="-0.131161"><ele>22</ele></trkpt>
      <trkpt lat="51.527912" lon="-0.131239"><ele>22</ele></trkpt>
      <trkpt lat="51.527892" lon="-0.131294"><ele>22.25</ele></trkpt>
      <trkpt lat="51.527857" lon="-0.131389"><ele>22.5</ele></trkpt>
      <trkpt lat="51.527867" lon="-0.131518"><ele>22.75</ele></trkpt>
      <trkpt lat="51.527858" lon="-0.13155"><ele>22.75</ele></trkpt>
      <trkpt lat="51.52784" lon="-0.13161"><ele>22.75</ele></trkpt>
      <trkpt lat="51.527807" lon="-0.131686"><ele>23</ele></trkpt>
      <trkpt lat="51.527681" lon="-0.131983"><ele>23.5</ele></trkpt>
      <trkpt lat="51.527611" lon="-0.132146"><ele>23.5</ele></trkpt>
      <trkpt lat="51.527616" lon="-0.132185"><ele>23.75</ele></trkpt>
      <trkpt lat="51.527617" lon="-0.132197"><ele>23.75</ele></trkpt>
      <trkpt lat="51.527619" lon="-0.132212"><ele>23.75</ele></trkpt>
      <trkpt lat="51.527631" lon="-0.132331"><ele>23.75</ele></trkpt>
      <trkpt lat="51.527617" lon="-0.132388"><ele>23.75</ele></trkpt>
      <trkpt lat="51.527559" lon="-0.132522"><ele>23.25</ele></trkpt>
      <trkpt lat="51.527592" lon="-0.132562"><ele>23.5</ele></trkpt>
      <trkpt lat="51.527616" lon="-0.132592"><ele>23.75</ele></trkpt>
      <trkpt lat="51.527637" lon="-0.132614"><ele>23.75</ele></trkpt>
      <trkpt lat="51.527642" lon="-0.132624"><ele>24</ele></trkpt>
      <trkpt lat="51.527751" lon="-0.132738"><ele>24</ele></trkpt>
      <trkpt lat="51.527817" lon="-0.132808"><ele>24</ele></trkpt>
      <trkpt lat="51.527633" lon="-0.133242"><ele>24</ele></trkpt>
      <trkpt lat="51.527699" lon="-0.133418"><ele>24</ele></trkpt>
      <trkpt lat="51.527778" lon="-0.133499"><ele>24</ele></trkpt>
      <trkpt lat="51.527828" lon="-0.133555"><ele>24</ele></trkpt>
      <trkpt lat="51.527835" lon="-0.133563"><ele>24</ele></trkpt>
      <trkpt lat="51.527935" lon="-0.133662"><ele>24</ele></trkpt>
      <trkpt lat="51.528015" lon="-0.133746"><ele>23.75</ele></trkpt>
    </trkseg>
    <trkseg>
      <trkpt lat="51.528015" lon="-0.133746"><ele>23.75</ele></trkpt>
      <trkpt lat="51.527935" lon="-0.133662"><ele>24</ele></trkpt>
      <trkpt lat="51.52807" lon="-0.133341"><ele>23.75</ele></trkpt>
      <trkpt lat="51.528145" lon="-0.133163"><ele>23.5</ele></trkpt>
      <trkpt lat="51.528207" lon="-0.133024"><ele>23.25</ele></trkpt>
      <trkpt lat="51.527969" lon="-0.132756"><ele>24</ele></trkpt>
      <trkpt lat="51.528054" lon="-0.132545"><ele>24</ele></trkpt>
      <trkpt lat="51.528078" lon="-0.132569"><ele>23.75</ele></trkpt>
      <trkpt lat="51.528082" lon="-0.132503"><ele>23.75</ele></trkpt>
      <trkpt lat="51.528214" lon="-0.132158"><ele>22.25</ele></trkpt>
      <trkpt lat="51.528256" lon="-0.132058"><ele>22.25</ele></trkpt>
      <trkpt lat="51.528282" lon="-0.131981"><ele>22</ele></trkpt>
      <trkpt lat="51.528469" lon="-0.132192"><ele>22</ele></trkpt>
      <trkpt lat="51.528484" lon="-0.132209"><ele>22</ele></trkpt>
      <trkpt lat="51.528499" lon="-0.132226"><ele>22</ele></trkpt>
      <trkpt lat="51.528622" lon="-0.132365"><ele>21.75</ele></trkpt>
      <trkpt lat="51.528806" lon="-0.132563"><ele>22</ele></trkpt>
      <trkpt lat="51.528814" lon="-0.132599"><ele>22</ele></trkpt>
      <trkpt lat="51.528831" lon="-0.132618"><ele>22</ele></trkpt>
      <trkpt lat="51.528853" lon="-0.132642"><ele>22</ele></trkpt>
      <trkpt lat="51.528877" lon="-0.132641"><ele>22</ele></trkpt>
      <trkpt lat="51.530086" lon="-0.133996"><ele>21.5</ele></trkpt>
      <trkpt lat="51.530606" lon="-0.134533"><ele>21.5</ele></trkpt>
      <trkpt lat="51.53063" lon="-0.134558"><ele>21.5</ele></trkpt>
      <trkpt lat="51.530657" lon="-0.134588"><ele>21.5</ele></trkpt>
      <trkpt lat="51.531101" lon="-0.135036"><ele>22</ele></trkpt>
      <trkpt lat="51.531143" lon="-0.13508"><ele>21.75</ele></trkpt>
      <trkpt lat="51.531148" lon="-0.135122"><ele>21.75</ele></trkpt>
      <trkpt lat="51.531157" lon="-0.135132"><ele>21.75</ele></trkpt>
      <trkpt lat="51.531197" lon="-0.135175"><ele>21.75</ele></trkpt>
      <trkpt lat="51.531232" lon="-0.135213"><ele>21.5</ele></trkpt>
      <trkpt lat="51.53124" lon="-0.135222"><ele>21.5</ele></trkpt>
      <trkpt lat="51.531254" lon="-0.135187"><ele>21.5</ele></trkpt>
      <trkpt lat="51.531463" lon="-0.135408"><ele>20.75</ele></trkpt>
      <trkpt lat="51.532534" lon="-0.136553"><ele>23</ele></trkpt>
      <trkpt lat="51.532546" lon="-0.136565"><ele>23</ele></trkpt>
      <trkpt lat="51.532578" lon="-0.1366"><ele>23</ele></trkpt>
      <trkpt lat="51.533015" lon="-0.137073"><ele>24</ele></trkpt>
      <trkpt lat="51.533043" lon="-0.137104"><ele>24</ele></trkpt>
      <trkpt lat="51.533087" lon="-0.13716"><ele>24</ele></trkpt>
      <trkpt lat="51.533094" lon="-0.137176"><ele>24</ele></trkpt>
      <trkpt lat="51.533151" lon="-0.137232"><ele>23.75</ele></trkpt>
      <trkpt lat="51.533382" lon="-0.137512"><ele>24</ele></trkpt>
      <trkpt lat="51.534301" lon="-0.138491"><ele>23.25</ele></trkpt>
      <trkpt lat="51.534389" lon="-0.138584"><ele>23.5</ele></trkpt>
      <trkpt lat="51.534429" lon="-0.138625"><ele>23.75</ele></trkpt>
      <trkpt lat="51.534458" lon="-0.138698"><ele>24</ele></trkpt>
      <trkpt lat="51.534464" lon="-0.138816"><ele>24</ele></trkpt>
      <trkpt lat="51.534507" lon="-0.138813"><ele>24</ele></trkpt>
      <trkpt lat="51.534533" lon="-0.138924"><ele>24</ele></trkpt>
      <trkpt lat="51.534558" lon="-0.139026"><ele>24</ele></trkpt>
      <trkpt lat="51.534616" lon="-0.139001"><ele>24</ele></trkpt>
      <trkpt lat="51.534797" lon="-0.13899"><ele>24</ele></trkpt>
      <trkpt lat="51.534903" lon="-0.138994"><ele>24</ele></trkpt>
      <trkpt lat="51.535017" lon="-0.139009"><ele>24</ele></trkpt>
      <trkpt lat="51.535105" lon="-0.139047"><ele>24</ele></trkpt>
      <trkpt lat="51.535218" lon="-0.13912"><ele>24</ele></trkpt>
      <trkpt lat="51.535316" lon="-0.139208"><ele>24</ele></trkpt>
      <trkpt lat="51.535368" lon="-0.13925"><ele>24</ele></trkpt>
      <trkpt lat="51.535491" lon="-0.13936"><ele>24</ele></trkpt>
      <trkpt lat="51.5358" lon="-0.139668"><ele>24.75</ele></trkpt>
      <trkpt lat="51.535835" lon="-0.139705"><ele>25</ele></trkpt>
      <trkpt lat="51.535925" lon="-0.139798"><ele>25</ele></trkpt>
      <trkpt lat="51.53595" lon="-0.139824"><ele>25</ele></trkpt>
      <trkpt lat="51.535988" lon="-0.139864"><ele>25</ele></trkpt>
      <trkpt lat="51.537045" lon="-0.140973"><ele>28</ele></trkpt>
      <trkpt lat="51.537093" lon="-0.141024"><ele>28</ele></trkpt>
      <trkpt lat="51.537176" lon="-0.141104"><ele>28</ele></trkpt>
      <trkpt lat="51.537274" lon="-0.141196"><ele>28.25</ele></trkpt>
      <trkpt lat="51.537306" lon="-0.141225"><ele>28.25</ele></trkpt>
      <trkpt lat="51.537846" lon="-0.141706"><ele>28.75</ele></trkpt>
      <trkpt lat="51.538051" lon="-0.14189"><ele>28</ele></trkpt>
      <trkpt lat="51.538073" lon="-0.141911"><ele>28</ele></trkpt>
      <trkpt lat="51.53809" lon="-0.141925"><ele>28</ele></trkpt>
      <trkpt lat="51.538134" lon="-0.141965"><ele>28</ele></trkpt>
      <trkpt lat="51.538533" lon="-0.142276"><ele>28</ele></trkpt>
      <trkpt lat="51.538622" lon="-0.142318"><ele>27.75</ele></trkpt>
      <trkpt lat="51.538692" lon="-0.14234"><ele>27.75</ele></trkpt>
      <trkpt lat="51.53884" lon="-0.142388"><ele>27.5</ele></trkpt>
      <trkpt lat="51.538885" lon="-0.142395"><ele>27.5</ele></trkpt>
      <trkpt lat="51.538918" lon="-0.142401"><ele>27.5</ele></trkpt>
      <trkpt lat="51.539025" lon="-0.142418"><ele>27.25</ele></trkpt>
      <trkpt lat="51.539106" lon="-0.142415"><ele>27</ele></trkpt>
      <trkpt lat="51.539134" lon="-0.142412"><ele>27</ele></trkpt>
      <trkpt lat="51.53919" lon="-0.142406"><ele>26.75</ele></trkpt>
      <trkpt lat="51.539353" lon="-0.142411"><ele>26.75</ele></trkpt>
      <trkpt lat="51.539407" lon="-0.1424"><ele>26.5</ele></trkpt>
      <trkpt lat="51.53941" lon="-0.142432"><ele>26.75</ele></trkpt>
      <trkpt lat="51.539406" lon="-0.142455"><ele>26.75</ele></trkpt>
      <trkpt lat="51.539396" lon="-0.142518"><ele>27</ele></trkpt>
      <trkpt lat="51.5394" lon="-0.142684"><ele>27</ele></trkpt>
      <trkpt lat="51.539375" lon="-0.142791"><ele>27</ele></trkpt>
    </trkseg>
    <trkseg>
      <trkpt lat="51.539375" lon="-0.142791"><ele>27</ele></trkpt>
      <trkpt lat="51.5394" lon="-0.142684"><ele>27</ele></trkpt>
      <trkpt lat="51.539396" lon="-0.142518"><ele>27</ele></trkpt>
      <trkpt lat="51.539406" lon="-0.142455"><ele>26.75</ele></trkpt>
      <trkpt lat="51.53916" lon="-0.142539"><ele>27</ele></trkpt>
      <trkpt lat="51.539082" lon="-0.142547"><ele>27.25</ele></trkpt>
      <trkpt lat="51.539052" lon="-0.142583"><ele>27.25</ele></trkpt>
      <trkpt lat="51.539044" lon="-0.142645"><ele>27.25</ele></trkpt>
      <trkpt lat="51.539034" lon="-0.14269"><ele>27.25</ele></trkpt>
      <trkpt lat="51.539106" lon="-0.14275"><ele>27</ele></trkpt>
      <trkpt lat="51.539127" lon="-0.142775"><ele>27</ele></trkpt>
      <trkpt lat="51.539149" lon="-0.142788"><ele>27</ele></trkpt>
      <trkpt lat="51.53975" lon="-0.143306"><ele>27</ele></trkpt>
      <trkpt lat="51.539954" lon="-0.143489"><ele>27.25</ele></trkpt>
      <trkpt lat="51.540079" lon="-0.143601"><ele>27.25</ele></trkpt>
      <trkpt lat="51.540128" lon="-0.143635"><ele>27.25</ele></trkpt>
      <trkpt lat="51.540166" lon="-0.143661"><ele>27.5</ele></trkpt>
      <trkpt lat="51.540453" lon="-0.143914"><ele>27.75</ele></trkpt>
      <trkpt lat="51.540647" lon="-0.144099"><ele>28</ele></trkpt>
      <trkpt lat="51.54066" lon="-0.144114"><ele>28</ele></trkpt>
      <trkpt lat="51.540674" lon="-0.14412"><ele>28</ele></trkpt>
      <trkpt lat="51.540683" lon="-0.144129"><ele>28</ele></trkpt>
      <trkpt lat="51.5407" lon="-0.144165"><ele>28</ele></trkpt>
      <trkpt lat="51.540745" lon="-0.144225"><ele>28</ele></trkpt>
      <trkpt lat="51.540793" lon="-0.144291"><ele>28</ele></trkpt>
      <trkpt lat="51.540842" lon="-0.144361"><ele>27.75</ele></trkpt>
      <trkpt lat="51.541237" lon="-0.144964"><ele>29</ele></trkpt>
      <trkpt lat="51.541258" lon="-0.144997"><ele>28.75</ele></trkpt>
      <trkpt lat="51.541384" lon="-0.145189"><ele>29.25</ele></trkpt>
      <trkpt lat="51.541394" lon="-0.145203"><ele>29.25</ele></trkpt>
      <trkpt lat="51.541654" lon="-0.145594"><ele>29</ele></trkpt>
      <trkpt lat="51.541685" lon="-0.145642"><ele>28.75</ele></trkpt>
      <trkpt lat="51.541708" lon="-0.145716"><ele>28.75</ele></trkpt>
      <trkpt lat="51.541733" lon="-0.145797"><ele>28.75</ele></trkpt>
      <trkpt lat="51.541859" lon="-0.14593"><ele>28.5</ele></trkpt>
      <trkpt lat="51.541887" lon="-0.145987"><ele>28.5</ele></trkpt>
      <trkpt lat="51.541943" lon="-0.146072"><ele>28.75</ele></trkpt>
      <trkpt lat="51.542011" lon="-0.146185"><ele>28.75</ele></trkpt>
      <trkpt lat="51.542057" lon="-0.146261"><ele>28.75</ele></trkpt>
      <trkpt lat="51.542111" lon="-0.146351"><ele>28.75</ele></trkpt>
      <trkpt lat="51.542131" lon="-0.14639"><ele>29</ele></trkpt>
      <trkpt lat="51.542148" lon="-0.14642"><ele>29</ele></trkpt>
      <trkpt lat="51.542195" lon="-0.146509"><ele>29</ele></trkpt>
      <trkpt lat="51.542281" lon="-0.146698"><ele>28.75</ele></trkpt>
      <trkpt lat="51.542336" lon="-0.146838"><ele>28.75</ele></trkpt>
      <trkpt lat="51.542427" lon="-0.147107"><ele>29</ele></trkpt>
      <trkpt lat="51.542446" lon="-0.14716"><ele>29</ele></trkpt>
      <trkpt lat="51.542499" lon="-0.147305"><ele>29</ele></trkpt>
      <trkpt lat="51.542535" lon="-0.14741"><ele>28.75</ele></trkpt>
      <trkpt lat="51.542551" lon="-0.147456"><ele>28.75</ele></trkpt>
      <trkpt lat="51.542617" lon="-0.147681"><ele>28.75</ele></trkpt>
      <trkpt lat="51.542694" lon="-0.147963"><ele>29</ele></trkpt>
      <trkpt lat="51.542762" lon="-0.148255"><ele>28.25</ele></trkpt>
      <trkpt lat="51.542776" lon="-0.14832"><ele>28</ele></trkpt>
      <trkpt lat="51.542788" lon="-0.148374"><ele>28</ele></trkpt>
      <trkpt lat="51.542879" lon="-0.148815"><ele>27.75</ele></trkpt>
      <trkpt lat="51.542884" lon="-0.148842"><ele>28</ele></trkpt>
      <trkpt lat="51.542892" lon="-0.148878"><ele>28</ele></trkpt>
      <trkpt lat="51.542905" lon="-0.148938"><ele>28</ele></trkpt>
      <trkpt lat="51.542918" lon="-0.149001"><ele>28</ele></trkpt>
      <trkpt lat="51.542934" lon="-0.149075"><ele>28</ele></trkpt>
      <trkpt lat="51.54297" lon="-0.149232"><ele>27.75</ele></trkpt>
      <trkpt lat="51.542992" lon="-0.149333"><ele>27.75</ele></trkpt>
      <trkpt lat="51.543001" lon="-0.149377"><ele>27.75</ele></trkpt>
      <trkpt lat="51.54301" lon="-0.149416"><ele>27.75</ele></trkpt>
      <trkpt lat="51.543022" lon="-0.149481"><ele>27.75</ele></trkpt>
      <trkpt lat="51.543042" lon="-0.149577"><ele>27.75</ele></trkpt>
      <trkpt lat="51.543056" lon="-0.149648"><ele>28</ele></trkpt>
      <trkpt lat="51.54307" lon="-0.149721"><ele>28</ele></trkpt>
      <trkpt lat="51.543179" lon="-0.150289"><ele>28</ele></trkpt>
      <trkpt lat="51.543225" lon="-0.150533"><ele>28</ele></trkpt>
      <trkpt lat="51.543243" lon="-0.150595"><ele>28</ele></trkpt>
      <trkpt lat="51.54326" lon="-0.150656"><ele>28</ele></trkpt>
      <trkpt lat="51.543272" lon="-0.150708"><ele>28</ele></trkpt>
      <trkpt lat="51.543278" lon="-0.150735"><ele>28</ele></trkpt>
      <trkpt lat="51.543342" lon="-0.150985"><ele>28</ele></trkpt>
      <trkpt lat="51.543452" lon="-0.15142"><ele>29</ele></trkpt>
      <trkpt lat="51.543546" lon="-0.151743"><ele>29</ele></trkpt>
      <trkpt lat="51.543567" lon="-0.151811"><ele>29</ele></trkpt>
      <trkpt lat="51.543585" lon="-0.151861"><ele>29</ele></trkpt>
      <trkpt lat="51.543609" lon="-0.151926"><ele>29</ele></trkpt>
      <trkpt lat="51.543675" lon="-0.15212"><ele>29.5</ele></trkpt>
      <trkpt lat="51.54377" lon="-0.152357"><ele>30.5</ele></trkpt>
      <trkpt lat="51.543779" lon="-0.152452"><ele>30.75</ele></trkpt>
      <trkpt lat="51.543795" lon="-0.152495"><ele>30.75</ele></trkpt>
      <trkpt lat="51.543808" lon="-0.152531"><ele>30.75</ele></trkpt>
      <trkpt lat="51.543822" lon="-0.152606"><ele>30.5</ele></trkpt>
      <trkpt lat="51.543832" lon="-0.152632"><ele>30.5</ele></trkpt>
      <trkpt lat="51.543903" lon="-0.152826"><ele>30</ele></trkpt>
      <trkpt lat="51.543917" lon="-0.152866"><ele>30.25</ele></trkpt>
      <trkpt lat="51.543951" lon="-0.152956"><ele>30.5</ele></trkpt>
      <trkpt lat="51.54402" lon="-0.153035"><ele>30.75</ele></trkpt>
      <trkpt lat="51.544074" lon="-0.153165"><ele>31</ele></trkpt>
      <trkpt lat="51.544097" lon="-0.153211"><ele>31</ele></trkpt>
      <trkpt lat="51.544054" lon="-0.153261"><ele>31</ele></trkpt>
      <trkpt lat="51.544037" lon="-0.153281"><ele>31</ele></trkpt>
      <trkpt lat="51.544104" lon="-0.153407"><ele>31</ele></trkpt>
      <trkpt lat="51.544196" lon="-0.153579"><ele>31</ele></trkpt>
      <trkpt lat="51.54435" lon="-0.153909"><ele>32</ele></trkpt>
      <trkpt lat="51.544394" lon="-0.154003"><ele>32.25</ele></trkpt>
      <trkpt lat="51.544469" lon="-0.154082"><ele>32.5</ele></trkpt>
      <trkpt lat="51.544506" lon="-0.154138"><ele>32.75</ele></trkpt>
      <trkpt lat="51.544761" lon="-0.154588"><ele>33.5</ele></trkpt>
      <trkpt lat="51.545056" lon="-0.155075"><ele>35.25</ele></trkpt>
      <trkpt lat="51.545264" lon="-0.155376"><ele>36.25</ele></trkpt>
      <trkpt lat="51.545553" lon="-0.155804"><ele>37.75</ele></trkpt>
      <trkpt lat="51.545687" lon="-0.156006"><ele>38.5</ele></trkpt>
      <trkpt lat="51.545811" lon="-0.156192"><ele>39.25</ele></trkpt>
      <trkpt lat="51.545921" lon="-0.156385"><ele>40.25</ele></trkpt>
      <trkpt lat="51.546027" lon="-0.156563"><ele>41.25</ele></trkpt>
      <trkpt lat="51.546126" lon="-0.156758"><ele>42.25</ele></trkpt>
      <trkpt lat="51.546207" lon="-0.156928"><ele>43.25</ele></trkpt>
      <trkpt lat="51.546219" lon="-0.156913"><ele>43</ele></trkpt>
      <trkpt lat="51.546225" lon="-0.156905"><ele>43</ele></trkpt>
      <trkpt lat="51.546364" lon="-0.157283"><ele>45</ele></trkpt>
      <trkpt lat="51.546525" lon="-0.157805"><ele>48.5</ele></trkpt>
      <trkpt lat="51.546633" lon="-0.158108"><ele>49.25</ele></trkpt>
      <trkpt lat="51.546709" lon="-0.158309"><ele>50</ele></trkpt>
      <trkpt lat="51.546719" lon="-0.158335"><ele>50</ele></trkpt>
      <trkpt lat="51.546746" lon="-0.158405"><ele>50.5</ele></trkpt>
      <trkpt lat="51.546958" lon="-0.158848"><ele>52</ele></trkpt>
      <trkpt lat="51.546999" lon="-0.158854"><ele>52.25</ele></trkpt>
      <trkpt lat="51.547037" lon="-0.158938"><ele>52.75</ele></trkpt>
      <trkpt lat="51.547061" lon="-0.158992"><ele>53</ele></trkpt>
      <trkpt lat="51.547278" lon="-0.159465"><ele>54</ele></trkpt>
      <trkpt lat="51.547409" lon="-0.159726"><ele>55</ele></trkpt>
      <trkpt lat="51.547411" lon="-0.15973"><ele>55</ele></trkpt>
      <trkpt lat="51.547423" lon="-0.159752"><ele>55</ele></trkpt>
      <trkpt lat="51.547439" lon="-0.159784"><ele>55</ele></trkpt>
      <trkpt lat="51.547464" lon="-0.159831"><ele>55</ele></trkpt>
      <trkpt lat="51.547475" lon="-0.159852"><ele>55</ele></trkpt>
      <trkpt lat="51.547517" lon="-0.159931"><ele>55</ele></trkpt>
      <trkpt lat="51.547559" lon="-0.160007"><ele>55</ele></trkpt>
      <trkpt lat="51.547572" lon="-0.160033"><ele>55.25</ele></trkpt>
      <trkpt lat="51.547579" lon="-0.160045"><ele>55.25</ele></trkpt>
      <trkpt lat="51.547597" lon="-0.160077"><ele>55.25</ele></trkpt>
      <trkpt lat="51.547616" lon="-0.160113"><ele>55.25</ele></trkpt>
      <trkpt lat="51.547624" lon="-0.160134"><ele>55.25</ele></trkpt>
      <trkpt lat="51.547852" lon="-0.160486"><ele>56</ele></trkpt>
      <trkpt lat="51.547894" lon="-0.160549"><ele>56</ele></trkpt>
      <trkpt lat="51.547971" lon="-0.160658"><ele>56</ele></trkpt>
      <trkpt lat="51.548032" lon="-0.160749"><ele>56</ele></trkpt>
      <trkpt lat="51.548162" lon="-0.160942"><ele>56.75</ele></trkpt>
      <trkpt lat="51.548219" lon="-0.161031"><ele>57</ele></trkpt>
      <trkpt lat="51.548329" lon="-0.161202"><ele>57.25</ele></trkpt>
      <trkpt lat="51.548375" lon="-0.161273"><ele>57.5</ele></trkpt>
      <trkpt lat="51.5484" lon="-0.161311"><ele>57.75</ele></trkpt>
      <trkpt lat="51.548452" lon="-0.161383"><ele>57.75</ele></trkpt>
      <trkpt lat="51.548576" lon="-0.161557"><ele>58.5</ele></trkpt>
      <trkpt lat="51.548623" lon="-0.161549"><ele>58.5</ele></trkpt>
      <trkpt lat="51.548665" lon="-0.161611"><ele>59</ele></trkpt>
      <trkpt lat="51.548729" lon="-0.16171"><ele>59.25</ele></trkpt>
      <trkpt lat="51.548878" lon="-0.16194"><ele>59.75</ele></trkpt>
      <trkpt lat="51.548894" lon="-0.161964"><ele>60</ele></trkpt>
      <trkpt lat="51.549073" lon="-0.162235"><ele>60.5</ele></trkpt>
      <trkpt lat="51.549195" lon="-0.16245"><ele>61</ele></trkpt>
      <trkpt lat="51.549263" lon="-0.16259"><ele>61.5</ele></trkpt>
      <trkpt lat="51.549589" lon="-0.163227"><ele>63.5</ele></trkpt>
      <trkpt lat="51.549606" lon="-0.16326"><ele>63.5</ele></trkpt>
      <trkpt lat="51.549742" lon="-0.163534"><ele>64.5</ele></trkpt>
      <trkpt lat="51.549748" lon="-0.163527"><ele>64.5</ele></trkpt>
      <trkpt lat="51.549762" lon="-0.163508"><ele>64.5</ele></trkpt>
      <trkpt lat="51.549782" lon="-0.163549"><ele>64.75</ele></trkpt>
      <trkpt lat="51.550037" lon="-0.164057"><ele>66.5</ele></trkpt>
      <trkpt lat="51.550181" lon="-0.164319"><ele>67.5</ele></trkpt>
      <trkpt lat="51.550293" lon="-0.164496"><ele>68</ele></trkpt>
      <trkpt lat="51.550306" lon="-0.164513"><ele>68</ele></trkpt>
      <trkpt lat="51.550334" lon="-0.164551"><ele>68</ele></trkpt>
      <trkpt lat="51.550351" lon="-0.164573"><ele>68</ele></trkpt>
      <trkpt lat="51.550414" lon="-0.164462"><ele>68</ele></trkpt>
      <trkpt lat="51.550458" lon="-0.164374"><ele>67.75</ele></trkpt>
      <trkpt lat="51.550439" lon="-0.164347"><ele>67.75</ele></trkpt>
      <trkpt lat="51.550415" lon="-0.164353"><ele>67.75</ele></trkpt>
      <trkpt lat="51.550392" lon="-0.164316"><ele>67.75</ele></trkpt>
      <trkpt lat="51.550425" lon="-0.164392"><ele>67.75</ele></trkpt>
      <trkpt lat="51.550382" lon="-0.164466"><ele>67.75</ele></trkpt>
      <trkpt lat="51.550299" lon="-0.164628"><ele>67.75</ele></trkpt>
      <trkpt lat="51.550312" lon="-0.164646"><ele>67.75</ele></trkpt>
      <trkpt lat="51.550299" lon="-0.164628"><ele>67.75</ele></trkpt>
      <trkpt lat="51.550382" lon="-0.164466"><ele>67.75</ele></trkpt>
      <trkpt lat="51.550425" lon="-0.164392"><ele>67.75</ele></trkpt>
      <trkpt lat="51.550392" lon="-0.164316"><ele>67.75</ele></trkpt>
      <trkpt lat="51.550415" lon="-0.164353"><ele>67.75</ele></trkpt>
      <trkpt lat="51.550439" lon="-0.164347"><ele>67.75</ele></trkpt>
      <trkpt lat="51.550458" lon="-0.164374"><ele>67.75</ele></trkpt>
      <trkpt lat="51.550414" lon="-0.164462"><ele>68</ele></trkpt>
      <trkpt lat="51.550351" lon="-0.164573"><ele>68</ele></trkpt>
      <trkpt lat="51.550366" lon="-0.164574"><ele>68</ele></trkpt>
      <trkpt lat="51.550399" lon="-0.164595"><ele>68</ele></trkpt>
      <trkpt lat="51.550421" lon="-0.164627"><ele>68.25</ele></trkpt>
      <trkpt lat="51.550434" lon="-0.164646"><ele>68.25</ele></trkpt>
      <trkpt lat="51.550449" lon="-0.164667"><ele>68.25</ele></trkpt>
      <trkpt lat="51.55047" lon="-0.164695"><ele>68.5</ele></trkpt>
      <trkpt lat="51.551005" lon="-0.165485"><ele>71.25</ele></trkpt>
      <trkpt lat="51.550963" lon="-0.165566"><ele>71.25</ele></trkpt>
      <trkpt lat="51.551055" lon="-0.165705"><ele>71.75</ele></trkpt>
      <trkpt lat="51.551153" lon="-0.165854"><ele>72</ele></trkpt>
      <trkpt lat="51.551166" lon="-0.165875"><ele>72.25</ele></trkpt>
      <trkpt lat="51.551198" lon="-0.165924"><ele>72.5</ele></trkpt>
      <trkpt lat="51.551228" lon="-0.165972"><ele>72.5</ele></trkpt>
      <trkpt lat="51.551309" lon="-0.166094"><ele>72.75</ele></trkpt>
      <trkpt lat="51.551356" lon="-0.166163"><ele>73</ele></trkpt>
      <trkpt lat="51.55144" lon="-0.166288"><ele>73.75</ele></trkpt>
      <trkpt lat="51.551531" lon="-0.166415"><ele>74.5</ele></trkpt>
      <trkpt lat="51.551564" lon="-0.16646"><ele>74.5</ele></trkpt>
      <trkpt lat="51.551607" lon="-0.16652"><ele>74.75</ele></trkpt>
      <trkpt lat="51.55166" lon="-0.166594"><ele>74.75</ele></trkpt>
      <trkpt lat="51.551783" lon="-0.166758"><ele>75.25</ele></trkpt>
      <trkpt lat="51.551804" lon="-0.166787"><ele>75.25</ele></trkpt>
      <trkpt lat="51.551814" lon="-0.166801"><ele>75.25</ele></trkpt>
      <trkpt lat="51.551846" lon="-0.166846"><ele>75.5</ele></trkpt>
      <trkpt lat="51.55196" lon="-0.166978"><ele>76</ele></trkpt>
      <trkpt lat="51.552" lon="-0.167038"><ele>76.5</ele></trkpt>
      <trkpt lat="51.552071" lon="-0.167128"><ele>77</ele></trkpt>
      <trkpt lat="51.55214" lon="-0.167216"><ele>77.25</ele></trkpt>
      <trkpt lat="51.552338" lon="-0.167481"><ele>77.5</ele></trkpt>
      <trkpt lat="51.552392" lon="-0.167567"><ele>77.25</ele></trkpt>
      <trkpt lat="51.55243" lon="-0.167629"><ele>77.25</ele></trkpt>
      <trkpt lat="51.552495" lon="-0.167751"><ele>77</ele></trkpt>
      <trkpt lat="51.552606" lon="-0.167969"><ele>76.75</ele></trkpt>
      <trkpt lat="51.552636" lon="-0.168031"><ele>76.75</ele></trkpt>
      <trkpt lat="51.553062" lon="-0.168878"><ele>77.75</ele></trkpt>
      <trkpt lat="51.553084" lon="-0.168924"><ele>78</ele></trkpt>
      <trkpt lat="51.553171" lon="-0.169098"><ele>78.25</ele></trkpt>
      <trkpt lat="51.553249" lon="-0.169257"><ele>78.5</ele></trkpt>
      <trkpt lat="51.553341" lon="-0.169446"><ele>78.75</ele></trkpt>
      <trkpt lat="51.55336" lon="-0.169488"><ele>78.75</ele></trkpt>
      <trkpt lat="51.553389" lon="-0.16955"><ele>78.5</ele></trkpt>
      <trkpt lat="51.553593" lon="-0.169977"><ele>78.75</ele></trkpt>
      <trkpt lat="51.55372" lon="-0.17026"><ele>78.75</ele></trkpt>
      <trkpt lat="51.554507" lon="-0.171955"><ele>82</ele></trkpt>
      <trkpt lat="51.554618" lon="-0.172215"><ele>83.5</ele></trkpt>
      <trkpt lat="51.554699" lon="-0.172385"><ele>84.25</ele></trkpt>
      <trkpt lat="51.554789" lon="-0.172609"><ele>85.25</ele></trkpt>
      <trkpt lat="51.554825" lon="-0.172707"><ele>86</ele></trkpt>
      <trkpt lat="51.554882" lon="-0.172913"><ele>87</ele></trkpt>
      <trkpt lat="51.554948" lon="-0.173152"><ele>88</ele></trkpt>
      <trkpt lat="51.554986" lon="-0.173285"><ele>88.75</ele></trkpt>
      <trkpt lat="51.555095" lon="-0.173703"><ele>91.5</ele></trkpt>
      <trkpt lat="51.555169" lon="-0.173995"><ele>93.25</ele></trkpt>
      <trkpt lat="51.555192" lon="-0.174087"><ele>93.75</ele></trkpt>
      <trkpt lat="51.555226" lon="-0.174217"><ele>94.5</ele></trkpt>
      <trkpt lat="51.555314" lon="-0.174564"><ele>95.75</ele></trkpt>
      <trkpt lat="51.555471" lon="-0.175299"><ele>99.25</ele></trkpt>
      <trkpt lat="51.555501" lon="-0.175475"><ele>99.25</ele></trkpt>
      <trkpt lat="51.555593" lon="-0.175934"><ele>100</ele></trkpt>
      <trkpt lat="51.555607" lon="-0.176011"><ele>100.25</ele></trkpt>
      <trkpt lat="51.555633" lon="-0.176187"><ele>100.75</ele></trkpt>
      <trkpt lat="51.555669" lon="-0.176368"><ele>101.5</ele></trkpt>
      <trkpt lat="51.555831" lon="-0.176828"><ele>101.5</ele></trkpt>
      <trkpt lat="51.555892" lon="-0.177011"><ele>102</ele></trkpt>
      <trkpt lat="51.555922" lon="-0.177099"><ele>102.25</ele></trkpt>
      <trkpt lat="51.555938" lon="-0.177138"><ele>102.5</ele></trkpt>
      <trkpt lat="51.556007" lon="-0.177293"><ele>103</ele></trkpt>
      <trkpt lat="51.556061" lon="-0.177428"><ele>103</ele></trkpt>
      <trkpt lat="51.556113" lon="-0.177578"><ele>103.75</ele></trkpt>
      <trkpt lat="51.556163" lon="-0.177719"><ele>103.75</ele></trkpt>
      <trkpt lat="51.55618" lon="-0.177762"><ele>104</ele></trkpt>
      <trkpt lat="51.556202" lon="-0.177808"><ele>104.25</ele></trkpt>
      <trkpt lat="51.556278" lon="-0.17797"><ele>104.75</ele></trkpt>
      <trkpt lat="51.556352" lon="-0.178114"><ele>105</ele></trkpt>
      <trkpt lat="51.556488" lon="-0.178315"><ele>106.5</ele></trkpt>
      <trkpt lat="51.556516" lon="-0.178352"><ele>106.75</ele></trkpt>
      <trkpt lat="51.556542" lon="-0.178387"><ele>107.25</ele></trkpt>
      <trkpt lat="51.556661" lon="-0.178543"><ele>107.75</ele></trkpt>
      <trkpt lat="51.556765" lon="-0.178474"><ele>108.75</ele></trkpt>
      <trkpt lat="51.556797" lon="-0.178452"><ele>109</ele></trkpt>
      <trkpt lat="51.556831" lon="-0.178427"><ele>109.25</ele></trkpt>
      <trkpt lat="51.556912" lon="-0.178371"><ele>109.75</ele></trkpt>
      <trkpt lat="51.557133" lon="-0.178286"><ele>112</ele></trkpt>
      <trkpt lat="51.557236" lon="-0.178266"><ele>113</ele></trkpt>
      <trkpt lat="51.557333" lon="-0.17827"><ele>113.5</ele></trkpt>
      <trkpt lat="51.557444" lon="-0.178298"><ele>114.25</ele></trkpt>
      <trkpt lat="51.557521" lon="-0.17833"><ele>114.75</ele></trkpt>
      <trkpt lat="51.557721" lon="-0.178455"><ele>115</ele></trkpt>
      <trkpt lat="51.557729" lon="-0.178463"><ele>115</ele></trkpt>
      <trkpt lat="51.557829" lon="-0.178522"><ele>115</ele></trkpt>
      <trkpt lat="51.558033" lon="-0.178617"><ele>116</ele></trkpt>
      <trkpt lat="51.558116" lon="-0.178638"><ele>116.5</ele></trkpt>
      <trkpt lat="51.558263" lon="-0.178656"><ele>117.25</ele></trkpt>
      <trkpt lat="51.558366" lon="-0.178658"><ele>117.75</ele></trkpt>
      <trkpt lat="51.55859" lon="-0.178634"><ele>118.25</ele></trkpt>
      <trkpt lat="51.558681" lon="-0.178612"><ele>118.75</ele></trkpt>
      <trkpt lat="51.558709" lon="-0.178593"><ele>118.75</ele></trkpt>
      <trkpt lat="51.558725" lon="-0.178581"><ele>119</ele></trkpt>
      <trkpt lat="51.558798" lon="-0.178545"><ele>119.75</ele></trkpt>
      <trkpt lat="51.558902" lon="-0.178479"><ele>120.5</ele></trkpt>
      <trkpt lat="51.559066" lon="-0.178412"><ele>121.5</ele></trkpt>
      <trkpt lat="51.559269" lon="-0.178401"><ele>123</ele></trkpt>
      <trkpt lat="51.559434" lon="-0.17843"><ele>124.5</ele></trkpt>
      <trkpt lat="51.559532" lon="-0.178457"><ele>125.25</ele></trkpt>
      <trkpt lat="51.559852" lon="-0.178604"><ele>127.25</ele></trkpt>
      <trkpt lat="51.560277" lon="-0.178862"><ele>130</ele></trkpt>
      <trkpt lat="51.560728" lon="-0.17909"><ele>131.75</ele></trkpt>
      <trkpt lat="51.560858" lon="-0.179156"><ele>132</ele></trkpt>
      <trkpt lat="51.560891" lon="-0.179173"><ele>132</ele></trkpt>
      <trkpt lat="51.560918" lon="-0.179187"><ele>132.25</ele></trkpt>
      <trkpt lat="51.561039" lon="-0.17927"><ele>133</ele></trkpt>
      <trkpt lat="51.561149" lon="-0.179314"><ele>133.5</ele></trkpt>
      <trkpt lat="51.561162" lon="-0.179321"><ele>133.5</ele></trkpt>
      <trkpt lat="51.561184" lon="-0.179334"><ele>133.5</ele></trkpt>
      <trkpt lat="51.561243" lon="-0.179367"><ele>133.5</ele></trkpt>
      <trkpt lat="51.561447" lon="-0.179484"><ele>133.5</ele></trkpt>
      <trkpt lat="51.561675" lon="-0.179587"><ele>133</ele></trkpt>
      <trkpt lat="51.561834" lon="-0.179639"><ele>133.25</ele></trkpt>
      <trkpt lat="51.56211" lon="-0.179723"><ele>134</ele></trkpt>
      <trkpt lat="51.562158" lon="-0.179693"><ele>133.5</ele></trkpt>
      <trkpt lat="51.562298" lon="-0.179708"><ele>133.75</ele></trkpt>
      <trkpt lat="51.562475" lon="-0.17966"><ele>133.5</ele></trkpt>
      <trkpt lat="51.562608" lon="-0.179697"><ele>134</ele></trkpt>
      <trkpt lat="51.562741" lon="-0.179851"><ele>134.25</ele></trkpt>
      <trkpt lat="51.562785" lon="-0.179898"><ele>134.25</ele></trkpt>
      <trkpt lat="51.562816" lon="-0.179923"><ele>134</ele></trkpt>
      <trkpt lat="51.56306" lon="-0.180015"><ele>132.75</ele></trkpt>
      <trkpt lat="51.563132" lon="-0.180042"><ele>132.75</ele></trkpt>
      <trkpt lat="51.563941" lon="-0.18032"><ele>130.75</ele></trkpt>
      <trkpt lat="51.564189" lon="-0.180399"><ele>130.5</ele></trkpt>
      <trkpt lat="51.564395" lon="-0.180468"><ele>130</ele></trkpt>
      <trkpt lat="51.564849" lon="-0.180621"><ele>130</ele></trkpt>
      <trkpt lat="51.564913" lon="-0.180654"><ele>130</ele></trkpt>
      <trkpt lat="51.565015" lon="-0.180706"><ele>129.75</ele></trkpt>
      <trkpt lat="51.565202" lon="-0.180783"><ele>129.5</ele></trkpt>
      <trkpt lat="51.565261" lon="-0.180818"><ele>129</ele></trkpt>
      <trkpt lat="51.565317" lon="-0.180872"><ele>128.75</ele></trkpt>
      <trkpt lat="51.565578" lon="-0.18113"><ele>127</ele></trkpt>
      <trkpt lat="51.565865" lon="-0.181539"><ele>125.25</ele></trkpt>
      <trkpt lat="51.566288" lon="-0.182198"><ele>122</ele></trkpt>
      <trkpt lat="51.566422" lon="-0.182354"><ele>120.5</ele></trkpt>
      <trkpt lat="51.566555" lon="-0.182448"><ele>119.25</ele></trkpt>
      <trkpt lat="51.566733" lon="-0.182531"><ele>116.75</ele></trkpt>
      <trkpt lat="51.567252" lon="-0.182704"><ele>112.75</ele></trkpt>
      <trkpt lat="51.567276" lon="-0.182714"><ele>112.5</ele></trkpt>
      <trkpt lat="51.56736" lon="-0.18276"><ele>112</ele></trkpt>
      <trkpt lat="51.567501" lon="-0.182905"><ele>110.75</ele></trkpt>
      <trkpt lat="51.567532" lon="-0.18294"><ele>110.75</ele></trkpt>
      <trkpt lat="51.567621" lon="-0.183045"><ele>110.5</ele></trkpt>
      <trkpt lat="51.567752" lon="-0.183218"><ele>110</ele></trkpt>
      <trkpt lat="51.56792" lon="-0.183436"><ele>109.5</ele></trkpt>
      <trkpt lat="51.568015" lon="-0.18357"><ele>109.25</ele></trkpt>
      <trkpt lat="51.568044" lon="-0.183621"><ele>109</ele></trkpt>
      <trkpt lat="51.568103" lon="-0.183747"><ele>108.5</ele></trkpt>
      <trkpt lat="51.568139" lon="-0.183822"><ele>108.25</ele></trkpt>
      <trkpt lat="51.568423" lon="-0.184422"><ele>106.5</ele></trkpt>
      <trkpt lat="51.56845" lon="-0.184478"><ele>106.5</ele></trkpt>
      <trkpt lat="51.568589" lon="-0.184703"><ele>105</ele></trkpt>
      <trkpt lat="51.568696" lon="-0.184834"><ele>104</ele></trkpt>
      <trkpt lat="51.569094" lon="-0.185318"><ele>98.25</ele></trkpt>
      <trkpt lat="51.569179" lon="-0.18545"><ele>96.5</ele></trkpt>
      <trkpt lat="51.569225" lon="-0.185551"><ele>95.75</ele></trkpt>
      <trkpt lat="51.569223" lon="-0.185614"><ele>95.5</ele></trkpt>
      <trkpt lat="51.569242" lon="-0.185657"><ele>95.25</ele></trkpt>
      <trkpt lat="51.569282" lon="-0.18573"><ele>94.5</ele></trkpt>
      <trkpt lat="51.569343" lon="-0.185841"><ele>93.5</ele></trkpt>
      <trkpt lat="51.569404" lon="-0.185884"><ele>93</ele></trkpt>
      <trkpt lat="51.569446" lon="-0.185961"><ele>92.5</ele></trkpt>
      <trkpt lat="51.569636" lon="-0.18629"><ele>90.5</ele></trkpt>
      <trkpt lat="51.569812" lon="-0.186593"><ele>88.75</ele></trkpt>
      <trkpt lat="51.569985" lon="-0.186973"><ele>87</ele></trkpt>
      <trkpt lat="51.570031" lon="-0.1871"><ele>86.75</ele></trkpt>
      <trkpt lat="51.570146" lon="-0.187419"><ele>86.25</ele></trkpt>
      <trkpt lat="51.570263" lon="-0.187777"><ele>86</ele></trkpt>
      <trkpt lat="51.570593" lon="-0.188772"><ele>83.25</ele></trkpt>
      <trkpt lat="51.570654" lon="-0.188986"><ele>82.75</ele></trkpt>
      <trkpt lat="51.570804" lon="-0.189532"><ele>81.75</ele></trkpt>
      <trkpt lat="51.570885" lon="-0.189931"><ele>80</ele></trkpt>
      <trkpt lat="51.571139" lon="-0.191554"><ele>78.25</ele></trkpt>
      <trkpt lat="51.571249" lon="-0.19233"><ele>76.5</ele></trkpt>
      <trkpt lat="51.571359" lon="-0.193134"><ele>72.75</ele></trkpt>
      <trkpt lat="51.571372" lon="-0.193207"><ele>72.5</ele></trkpt>
      <trkpt lat="51.571393" lon="-0.193313"><ele>72</ele></trkpt>
      <trkpt lat="51.571432" lon="-0.193535"><ele>72</ele></trkpt>
      <trkpt lat="51.571487" lon="-0.19381"><ele>71.25</ele></trkpt>
      <trkpt lat="51.571556" lon="-0.19377"><ele>71.25</ele></trkpt>
      <trkpt lat="51.571604" lon="-0.193795"><ele>71.25</ele></trkpt>
      <trkpt lat="51.571765" lon="-0.193739"><ele>71</ele></trkpt>
      <trkpt lat="51.571938" lon="-0.193709"><ele>70.5</ele></trkpt>
      <trkpt lat="51.572021" lon="-0.194059"><ele>70.75</ele></trkpt>
      <trkpt lat="51.572059" lon="-0.194244"><ele>71</ele></trkpt>
      <trkpt lat="51.572072" lon="-0.194397"><ele>70.5</ele></trkpt>
      <trkpt lat="51.572092" lon="-0.194478"><ele>70.25</ele></trkpt>
      <trkpt lat="51.572106" lon="-0.194443"><ele>70.5</ele></trkpt>
      <trkpt lat="51.572161" lon="-0.19434"><ele>71.25</ele></trkpt>
      <trkpt lat="51.572173" lon="-0.194324"><ele>71.5</ele></trkpt>
      <trkpt lat="51.572229" lon="-0.194281"><ele>71.5</ele></trkpt>
      <trkpt lat="51.572298" lon="-0.194226"><ele>71.5</ele></trkpt>
      <trkpt lat="51.572257" lon="-0.194088"><ele>71.5</ele></trkpt>
      <trkpt lat="51.572298" lon="-0.194226"><ele>71.5</ele></trkpt>
      <trkpt lat="51.572229" lon="-0.194281"><ele>71.5</ele></trkpt>
      <trkpt lat="51.572173" lon="-0.194324"><ele>71.5</ele></trkpt>
      <trkpt lat="51.572161" lon="-0.19434"><ele>71.25</ele></trkpt>
      <trkpt lat="51.572106" lon="-0.194443"><ele>70.5</ele></trkpt>
      <trkpt lat="51.572092" lon="-0.194478"><ele>70.25</ele></trkpt>
      <trkpt lat="51.572136" lon="-0.194608"><ele>69.5</ele></trkpt>
      <trkpt lat="51.572189" lon="-0.194708"><ele>69</ele></trkpt>
      <trkpt lat="51.571936" lon="-0.195129"><ele>69</ele></trkpt>
      <trkpt lat="51.571966" lon="-0.195125"><ele>69</ele></trkpt>
      <trkpt lat="51.572011" lon="-0.195211"><ele>69</ele></trkpt>
      <trkpt lat="51.571981" lon="-0.195258"><ele>69</ele></trkpt>
      <trkpt lat="51.571957" lon="-0.195316"><ele>68.75</ele></trkpt>
      <trkpt lat="51.571939" lon="-0.195403"><ele>68.5</ele></trkpt>
      <trkpt lat="51.571925" lon="-0.195401"><ele>68.5</ele></trkpt>
      <trkpt lat="51.571932" lon="-0.19552"><ele>68</ele></trkpt>
      <trkpt lat="51.571941" lon="-0.19562"><ele>68</ele></trkpt>
      <trkpt lat="51.571919" lon="-0.195637"><ele>68</ele></trkpt>
      <trkpt lat="51.57205" lon="-0.196359"><ele>67</ele></trkpt>
      <trkpt lat="51.57206" lon="-0.196416"><ele>67</ele></trkpt>
      <trkpt lat="51.572074" lon="-0.196488"><ele>67</ele></trkpt>
      <trkpt lat="51.57216" lon="-0.196908"><ele>67</ele></trkpt>
      <trkpt lat="51.572572" lon="-0.198265"><ele>66</ele></trkpt>
      <trkpt lat="51.572674" lon="-0.19859"><ele>66</ele></trkpt>
      <trkpt lat="51.572759" lon="-0.198828"><ele>66</ele></trkpt>
      <trkpt lat="51.572958" lon="-0.199194"><ele>66</ele></trkpt>
      <trkpt lat="51.573143" lon="-0.199467"><ele>65.5</ele></trkpt>
      <trkpt lat="51.573089" lon="-0.199562"><ele>65.75</ele></trkpt>
      <trkpt lat="51.573166" lon="-0.199685"><ele>65.75</ele></trkpt>
      <trkpt lat="51.573244" lon="-0.199806"><ele>66</ele></trkpt>
      <trkpt lat="51.573269" lon="-0.199845"><ele>66</ele></trkpt>
      <trkpt lat="51.573638" lon="-0.20044"><ele>65</ele></trkpt>
      <trkpt lat="51.5738" lon="-0.200758"><ele>65</ele></trkpt>
      <trkpt lat="51.57392" lon="-0.200971"><ele>64.75</ele></trkpt>
      <trkpt lat="51.573982" lon="-0.20108"><ele>64.5</ele></trkpt>
      <trkpt lat="51.574256" lon="-0.201571"><ele>63.75</ele></trkpt>
      <trkpt lat="51.574453" lon="-0.201947"><ele>62.75</ele></trkpt>
      <trkpt lat="51.574531" lon="-0.202094"><ele>62.5</ele></trkpt>
      <trkpt lat="51.574835" lon="-0.20262"><ele>61.75</ele></trkpt>
      <trkpt lat="51.574881" lon="-0.202696"><ele>61.75</ele></trkpt>
      <trkpt lat="51.574896" lon="-0.202722"><ele>61.75</ele></trkpt>
      <trkpt lat="51.574928" lon="-0.202777"><ele>61.75</ele></trkpt>
      <trkpt lat="51.57523" lon="-0.203285"><ele>61.75</ele></trkpt>
      <trkpt lat="51.575351" lon="-0.20349"><ele>61.5</ele></trkpt>
      <trkpt lat="51.575389" lon="-0.203554"><ele>61.5</ele></trkpt>
      <trkpt lat="51.575628" lon="-0.203954"><ele>61</ele></trkpt>
      <trkpt lat="51.57571" lon="-0.204083"><ele>61</ele></trkpt>
      <trkpt lat="51.57576" lon="-0.204155"><ele>61</ele></trkpt>
      <trkpt lat="51.575967" lon="-0.204468"><ele>60.5</ele></trkpt>
      <trkpt lat="51.576184" lon="-0.204802"><ele>60</ele></trkpt>
      <trkpt lat="51.57649" lon="-0.205269"><ele>60</ele></trkpt>
      <trkpt lat="51.576585" lon="-0.205403"><ele>60</ele></trkpt>
      <trkpt lat="51.577263" lon="-0.206376"><ele>58.75</ele></trkpt>
      <trkpt lat="51.577407" lon="-0.206595"><ele>58.25</ele></trkpt>
      <trkpt lat="51.577582" lon="-0.20687"><ele>58.5</ele></trkpt>
      <trkpt lat="51.577746" lon="-0.207104"><ele>58</ele></trkpt>
      <trkpt lat="51.578032" lon="-0.20745"><ele>57</ele></trkpt>
      <trkpt lat="51.578072" lon="-0.207493"><ele>57</ele></trkpt>
      <trkpt lat="51.578112" lon="-0.207528"><ele>56.75</ele></trkpt>
      <trkpt lat="51.57826" lon="-0.207656"><ele>57</ele></trkpt>
      <trkpt lat="51.57823" lon="-0.207732"><ele>57</ele></trkpt>
      <trkpt lat="51.578218" lon="-0.207763"><ele>57</ele></trkpt>
      <trkpt lat="51.578048" lon="-0.208178"><ele>57</ele></trkpt>
      <trkpt lat="51.577596" lon="-0.209177"><ele>56.75</ele></trkpt>
      <trkpt lat="51.577373" lon="-0.209736"><ele>55.25</ele></trkpt>
      <trkpt lat="51.577168" lon="-0.210217"><ele>53.75</ele></trkpt>
      <trkpt lat="51.576913" lon="-0.211186"><ele>50.75</ele></trkpt>
      <trkpt lat="51.576852" lon="-0.2114"><ele>50.5</ele></trkpt>
      <trkpt lat="51.576658" lon="-0.21221"><ele>49</ele></trkpt>
      <trkpt lat="51.576519" lon="-0.212772"><ele>48.25</ele></trkpt>
      <trkpt lat="51.576736" lon="-0.213205"><ele>49</ele></trkpt>
      <trkpt lat="51.57678" lon="-0.213286"><ele>49.25</ele></trkpt>
      <trkpt lat="51.576849" lon="-0.213425"><ele>49.5</ele></trkpt>
      <trkpt lat="51.576673" lon="-0.213617"><ele>52.75</ele></trkpt>
      <trkpt lat="51.576667" lon="-0.213604"><ele>51.5</ele></trkpt>
      <trkpt lat="51.576673" lon="-0.213617"><ele>52.75</ele></trkpt>
      <trkpt lat="51.576849" lon="-0.213425"><ele>49.5</ele></trkpt>
      <trkpt lat="51.576905" lon="-0.213544"><ele>49.25</ele></trkpt>
      <trkpt lat="51.576941" lon="-0.213625"><ele>49</ele></trkpt>
      <trkpt lat="51.577091" lon="-0.213441"><ele>48.75</ele></trkpt>
      <trkpt lat="51.577241" lon="-0.213257"><ele>49</ele></trkpt>
      <trkpt lat="51.577454" lon="-0.213712"><ele>47.5</ele></trkpt>
      <trkpt lat="51.578063" lon="-0.21519"><ele>41.75</ele></trkpt>
      <trkpt lat="51.57807" lon="-0.215207"><ele>41.75</ele></trkpt>
      <trkpt lat="51.578102" lon="-0.215285"><ele>41.75</ele></trkpt>
      <trkpt lat="51.577788" lon="-0.215904"><ele>41</ele></trkpt>
      <trkpt lat="51.57776" lon="-0.215955"><ele>41.25</ele></trkpt>
      <trkpt lat="51.577417" lon="-0.216573"><ele>41.25</ele></trkpt>
      <trkpt lat="51.577206" lon="-0.217053"><ele>41.5</ele></trkpt>
      <trkpt lat="51.577089" lon="-0.217348"><ele>41.75</ele></trkpt>
      <trkpt lat="51.576962" lon="-0.217632"><ele>42.25</ele></trkpt>
      <trkpt lat="51.576927" lon="-0.217673"><ele>42.5</ele></trkpt>
      <trkpt lat="51.576886" lon="-0.217707"><ele>42.5</ele></trkpt>
      <trkpt lat="51.576841" lon="-0.21773"><ele>42.5</ele></trkpt>
      <trkpt lat="51.576748" lon="-0.217721"><ele>42.75</ele></trkpt>
      <trkpt lat="51.576814" lon="-0.217806"><ele>43</ele></trkpt>
      <trkpt lat="51.57711" lon="-0.218475"><ele>44</ele></trkpt>
      <trkpt lat="51.577128" lon="-0.218538"><ele>44.25</ele></trkpt>
      <trkpt lat="51.577144" lon="-0.21861"><ele>44.25</ele></trkpt>
      <trkpt lat="51.57715" lon="-0.218675"><ele>44.25</ele></trkpt>
      <trkpt lat="51.577216" lon="-0.218951"><ele>44.75</ele></trkpt>
      <trkpt lat="51.577323" lon="-0.219231"><ele>45.25</ele></trkpt>
      <trkpt lat="51.577521" lon="-0.219662"><ele>45.75</ele></trkpt>
      <trkpt lat="51.577567" lon="-0.219764"><ele>46</ele></trkpt>
      <trkpt lat="51.577885" lon="-0.220505"><ele>49.5</ele></trkpt>
      <trkpt lat="51.578253" lon="-0.221729"><ele>52</ele></trkpt>
      <trkpt lat="51.57848" lon="-0.22238"><ele>54</ele></trkpt>
      <trkpt lat="51.578573" lon="-0.22264"><ele>54.75</ele></trkpt>
      <trkpt lat="51.578673" lon="-0.222923"><ele>55</ele></trkpt>
      <trkpt lat="51.578791" lon="-0.223271"><ele>55.5</ele></trkpt>
      <trkpt lat="51.578938" lon="-0.223687"><ele>56</ele></trkpt>
      <trkpt lat="51.579176" lon="-0.224292"><ele>57</ele></trkpt>
      <trkpt lat="51.579466" lon="-0.224813"><ele>58</ele></trkpt>
      <trkpt lat="51.579776" lon="-0.225252"><ele>58.25</ele></trkpt>
      <trkpt lat="51.579849" lon="-0.225335"><ele>58.75</ele></trkpt>
      <trkpt lat="51.579922" lon="-0.225419"><ele>59</ele></trkpt>
      <trkpt lat="51.580055" lon="-0.225546"><ele>59</ele></trkpt>
      <trkpt lat="51.580153" lon="-0.225639"><ele>59.25</ele></trkpt>
      <trkpt lat="51.580368" lon="-0.225818"><ele>59.25</ele></trkpt>
      <trkpt lat="51.58108" lon="-0.226329"><ele>60</ele></trkpt>
      <trkpt lat="51.581227" lon="-0.226434"><ele>60.25</ele></trkpt>
      <trkpt lat="51.581327" lon="-0.226504"><ele>60.75</ele></trkpt>
      <trkpt lat="51.581436" lon="-0.226581"><ele>61</ele></trkpt>
      <trkpt lat="51.58156" lon="-0.226665"><ele>61</ele></trkpt>
      <trkpt lat="51.581712" lon="-0.226758"><ele>61.25</ele></trkpt>
      <trkpt lat="51.581873" lon="-0.226824"><ele>61.75</ele></trkpt>
      <trkpt lat="51.582048" lon="-0.226859"><ele>62.25</ele></trkpt>
      <trkpt lat="51.58223" lon="-0.226866"><ele>63</ele></trkpt>
      <trkpt lat="51.582439" lon="-0.226834"><ele>63.75</ele></trkpt>
      <trkpt lat="51.582474" lon="-0.226831"><ele>63.75</ele></trkpt>
      <trkpt lat="51.582715" lon="-0.226861"><ele>64</ele></trkpt>
      <trkpt lat="51.582802" lon="-0.226895"><ele>64</ele></trkpt>
      <trkpt lat="51.582919" lon="-0.226975"><ele>64</ele></trkpt>
      <trkpt lat="51.582984" lon="-0.227032"><ele>64</ele></trkpt>
      <trkpt lat="51.583092" lon="-0.227177"><ele>64.75</ele></trkpt>
      <trkpt lat="51.583355" lon="-0.227528"><ele>65</ele></trkpt>
      <trkpt lat="51.583772" lon="-0.228"><ele>67.5</ele></trkpt>
      <trkpt lat="51.583812" lon="-0.227886"><ele>67.5</ele></trkpt>
      <trkpt lat="51.583831" lon="-0.227831"><ele>67.75</ele></trkpt>
      <trkpt lat="51.583902" lon="-0.22763"><ele>67</ele></trkpt>
      <trkpt lat="51.58378" lon="-0.227488"><ele>66.25</ele></trkpt>
      <trkpt lat="51.583342" lon="-0.226898"><ele>65.25</ele></trkpt>
      <trkpt lat="51.58378" lon="-0.227488"><ele>66.25</ele></trkpt>
      <trkpt lat="51.583902" lon="-0.22763"><ele>67</ele></trkpt>
      <trkpt lat="51.583831" lon="-0.227831"><ele>67.75</ele></trkpt>
      <trkpt lat="51.583812" lon="-0.227886"><ele>67.5</ele></trkpt>
      <trkpt lat="51.583997" lon="-0.228082"><ele>68.75</ele></trkpt>
      <trkpt lat="51.584156" lon="-0.228272"><ele>69.75</ele></trkpt>
      <trkpt lat="51.584401" lon="-0.228592"><ele>71.75</ele></trkpt>
      <trkpt lat="51.584423" lon="-0.228604"><ele>71.75</ele></trkpt>
      <trkpt lat="51.584606" lon="-0.228828"><ele>73.75</ele></trkpt>
      <trkpt lat="51.584453" lon="-0.229114"><ele>71.25</ele></trkpt>
      <trkpt lat="51.584508" lon="-0.229193"><ele>71.75</ele></trkpt>
      <trkpt lat="51.584529" lon="-0.229264"><ele>72.75</ele></trkpt>
      <trkpt lat="51.584566" lon="-0.22932"><ele>73.25</ele></trkpt>
      <trkpt lat="51.584585" lon="-0.229348"><ele>73.75</ele></trkpt>
      <trkpt lat="51.584641" lon="-0.229261"><ele>73.5</ele></trkpt>
      <trkpt lat="51.584941" lon="-0.229695"><ele>76.75</ele></trkpt>
      <trkpt lat="51.585196" lon="-0.23009"><ele>78</ele></trkpt>
      <trkpt lat="51.585279" lon="-0.230211"><ele>78.75</ele></trkpt>
      <trkpt lat="51.585388" lon="-0.230343"><ele>79</ele></trkpt>
      <trkpt lat="51.585654" lon="-0.230721"><ele>79.25</ele></trkpt>
      <trkpt lat="51.585811" lon="-0.230964"><ele>80.75</ele></trkpt>
      <trkpt lat="51.58588" lon="-0.231064"><ele>81</ele></trkpt>
      <trkpt lat="51.586092" lon="-0.231315"><ele>81.75</ele></trkpt>
      <trkpt lat="51.586239" lon="-0.231496"><ele>81.5</ele></trkpt>
      <trkpt lat="51.586399" lon="-0.231711"><ele>80.75</ele></trkpt>
      <trkpt lat="51.586601" lon="-0.232036"><ele>80</ele></trkpt>
      <trkpt lat="51.586715" lon="-0.232247"><ele>79.75</ele></trkpt>
      <trkpt lat="51.586817" lon="-0.232485"><ele>78.75</ele></trkpt>
      <trkpt lat="51.586891" lon="-0.232695"><ele>78.25</ele></trkpt>
      <trkpt lat="51.587002" lon="-0.233096"><ele>76.75</ele></trkpt>
      <trkpt lat="51.587177" lon="-0.233832"><ele>74</ele></trkpt>
      <trkpt lat="51.587265" lon="-0.234154"><ele>72.75</ele></trkpt>
      <trkpt lat="51.587303" lon="-0.234265"><ele>72</ele></trkpt>
      <trkpt lat="51.58735" lon="-0.234514"><ele>70.75</ele></trkpt>
      <trkpt lat="51.587512" lon="-0.235153"><ele>68.75</ele></trkpt>
      <trkpt lat="51.58771" lon="-0.236001"><ele>64</ele></trkpt>
      <trkpt lat="51.587772" lon="-0.23614"><ele>63.75</ele></trkpt>
      <trkpt lat="51.587821" lon="-0.236421"><ele>62.5</ele></trkpt>
      <trkpt lat="51.587853" lon="-0.236666"><ele>61</ele></trkpt>
      <trkpt lat="51.587885" lon="-0.237168"><ele>60</ele></trkpt>
      <trkpt lat="51.587933" lon="-0.237415"><ele>59.5</ele></trkpt>
      <trkpt lat="51.587973" lon="-0.237675"><ele>59.25</ele></trkpt>
      <trkpt lat="51.588058" lon="-0.23806"><ele>58.75</ele></trkpt>
      <trkpt lat="51.588203" lon="-0.238521"><ele>58</ele></trkpt>
      <trkpt lat="51.588363" lon="-0.238906"><ele>57.5</ele></trkpt>
      <trkpt lat="51.588454" lon="-0.239092"><ele>57.25</ele></trkpt>
      <trkpt lat="51.588549" lon="-0.239264"><ele>57</ele></trkpt>
      <trkpt lat="51.588745" lon="-0.239571"><ele>56.5</ele></trkpt>
      <trkpt lat="51.588904" lon="-0.239818"><ele>56.5</ele></trkpt>
      <trkpt lat="51.589301" lon="-0.24042"><ele>52.25</ele></trkpt>
      <trkpt lat="51.589488" lon="-0.240659"><ele>51.5</ele></trkpt>
      <trkpt lat="51.589609" lon="-0.240807"><ele>50.75</ele></trkpt>
      <trkpt lat="51.589633" lon="-0.240837"><ele>50.75</ele></trkpt>
      <trkpt lat="51.589702" lon="-0.240922"><ele>50.75</ele></trkpt>
      <trkpt lat="51.590111" lon="-0.241429"><ele>48.5</ele></trkpt>
      <trkpt lat="51.590345" lon="-0.241729"><ele>47.25</ele></trkpt>
      <trkpt lat="51.59041" lon="-0.241824"><ele>46.5</ele></trkpt>
      <trkpt lat="51.590558" lon="-0.242076"><ele>46.5</ele></trkpt>
      <trkpt lat="51.590663" lon="-0.242272"><ele>45.25</ele></trkpt>
      <trkpt lat="51.59068" lon="-0.242308"><ele>45</ele></trkpt>
      <trkpt lat="51.590737" lon="-0.242439"><ele>44.75</ele></trkpt>
      <trkpt lat="51.590849" lon="-0.242742"><ele>44</ele></trkpt>
      <trkpt lat="51.590913" lon="-0.242994"><ele>42.5</ele></trkpt>
      <trkpt lat="51.590993" lon="-0.243458"><ele>41.5</ele></trkpt>
      <trkpt lat="51.591022" lon="-0.243784"><ele>40.5</ele></trkpt>
      <trkpt lat="51.591025" lon="-0.243878"><ele>40.25</ele></trkpt>
      <trkpt lat="51.59101" lon="-0.244253"><ele>39.5</ele></trkpt>
      <trkpt lat="51.59099" lon="-0.244446"><ele>40.25</ele></trkpt>
      <trkpt lat="51.590996" lon="-0.24463"><ele>40.75</ele></trkpt>
      <trkpt lat="51.591025" lon="-0.245042"><ele>41</ele></trkpt>
      <trkpt lat="51.591075" lon="-0.245692"><ele>41.5</ele></trkpt>
      <trkpt lat="51.59111" lon="-0.246064"><ele>42</ele></trkpt>
      <trkpt lat="51.591126" lon="-0.246289"><ele>42.5</ele></trkpt>
      <trkpt lat="51.591215" lon="-0.247091"><ele>42.75</ele></trkpt>
      <trkpt lat="51.591235" lon="-0.24727"><ele>43</ele></trkpt>
      <trkpt lat="51.591341" lon="-0.248211"><ele>42</ele></trkpt>
      <trkpt lat="51.591939" lon="-0.248012"><ele>42</ele></trkpt>
      <trkpt lat="51.592738" lon="-0.247761"><ele>42.75</ele></trkpt>
      <trkpt lat="51.593078" lon="-0.247658"><ele>43</ele></trkpt>
      <trkpt lat="51.593403" lon="-0.247552"><ele>43.25</ele></trkpt>
      <trkpt lat="51.593503" lon="-0.24752"><ele>43.5</ele></trkpt>
      <trkpt lat="51.593601" lon="-0.24755"><ele>44</ele></trkpt>
      <trkpt lat="51.593611" lon="-0.247527"><ele>44</ele></trkpt>
      <trkpt lat="51.593623" lon="-0.247523"><ele>44</ele></trkpt>
      <trkpt lat="51.59366" lon="-0.247538"><ele>44.25</ele></trkpt>
      <trkpt lat="51.593769" lon="-0.247678"><ele>44.75</ele></trkpt>
      <trkpt lat="51.593916" lon="-0.247929"><ele>45.5</ele></trkpt>
      <trkpt lat="51.59409" lon="-0.248262"><ele>46</ele></trkpt>
      <trkpt lat="51.594256" lon="-0.248554"><ele>46.75</ele></trkpt>
      <trkpt lat="51.594702" lon="-0.249283"><ele>47.25</ele></trkpt>
      <trkpt lat="51.594873" lon="-0.249577"><ele>47.75</ele></trkpt>
      <trkpt lat="51.594902" lon="-0.249633"><ele>48.25</ele></trkpt>
      <trkpt lat="51.594901" lon="-0.24967"><ele>48.5</ele></trkpt>
      <trkpt lat="51.59497" lon="-0.249698"><ele>48.75</ele></trkpt>
      <trkpt lat="51.595096" lon="-0.249781"><ele>48</ele></trkpt>
      <trkpt lat="51.595137" lon="-0.249827"><ele>47.75</ele></trkpt>
      <trkpt lat="51.595153" lon="-0.249794"><ele>47.25</ele></trkpt>
      <trkpt lat="51.595197" lon="-0.249763"><ele>46.5</ele></trkpt>
      <trkpt lat="51.595202" lon="-0.249751"><ele>46.25</ele></trkpt>
      <trkpt lat="51.595252" lon="-0.249654"><ele>46</ele></trkpt>
      <trkpt lat="51.595255" lon="-0.249659"><ele>46</ele></trkpt>
      <trkpt lat="51.595283" lon="-0.249701"><ele>46</ele></trkpt>
      <trkpt lat="51.595306" lon="-0.249737"><ele>45.75</ele></trkpt>
      <trkpt lat="51.595314" lon="-0.249749"><ele>45.75</ele></trkpt>
      <trkpt lat="51.595341" lon="-0.249692"><ele>45.75</ele></trkpt>
      <trkpt lat="51.595351" lon="-0.249706"><ele>45.75</ele></trkpt>
      <trkpt lat="51.59548" lon="-0.249903"><ele>46.25</ele></trkpt>
      <trkpt lat="51.595442" lon="-0.24997"><ele>46.5</ele></trkpt>
      <trkpt lat="51.595427" lon="-0.249947"><ele>46.75</ele></trkpt>
      <trkpt lat="51.595416" lon="-0.249931"><ele>46.75</ele></trkpt>
      <trkpt lat="51.595427" lon="-0.249947"><ele>46.75</ele></trkpt>
      <trkpt lat="51.595442" lon="-0.24997"><ele>46.5</ele></trkpt>
      <trkpt lat="51.59548" lon="-0.249903"><ele>46.25</ele></trkpt>
      <trkpt lat="51.595351" lon="-0.249706"><ele>45.75</ele></trkpt>
      <trkpt lat="51.595341" lon="-0.249692"><ele>45.75</ele></trkpt>
      <trkpt lat="51.595366" lon="-0.249639"><ele>46.25</ele></trkpt>
      <trkpt lat="51.595424" lon="-0.249514"><ele>47.25</ele></trkpt>
      <trkpt lat="51.595709" lon="-0.248898"><ele>48</ele></trkpt>
      <trkpt lat="51.595725" lon="-0.248863"><ele>47.75</ele></trkpt>
      <trkpt lat="51.595757" lon="-0.248793"><ele>47.25</ele></trkpt>
      <trkpt lat="51.596017" lon="-0.248247"><ele>46.75</ele></trkpt>
      <trkpt lat="51.596068" lon="-0.248141"><ele>46.75</ele></trkpt>
      <trkpt lat="51.59705" lon="-0.249351"><ele>47</ele></trkpt>
      <trkpt lat="51.597565" lon="-0.249989"><ele>47</ele></trkpt>
      <trkpt lat="51.597655" lon="-0.250111"><ele>47</ele></trkpt>
      <trkpt lat="51.597693" lon="-0.250173"><ele>47</ele></trkpt>
      <trkpt lat="51.597709" lon="-0.250227"><ele>47</ele></trkpt>
      <trkpt lat="51.597764" lon="-0.250866"><ele>47</ele></trkpt>
      <trkpt lat="51.597771" lon="-0.250953"><ele>47</ele></trkpt>
      <trkpt lat="51.597783" lon="-0.251088"><ele>46.75</ele></trkpt>
      <trkpt lat="51.597843" lon="-0.251444"><ele>46.75</ele></trkpt>
      <trkpt lat="51.597912" lon="-0.251764"><ele>46.25</ele></trkpt>
      <trkpt lat="51.597927" lon="-0.251836"><ele>46</ele></trkpt>
      <trkpt lat="51.597983" lon="-0.251869"><ele>46</ele></trkpt>
      <trkpt lat="51.59809" lon="-0.252145"><ele>46</ele></trkpt>
      <trkpt lat="51.598299" lon="-0.252585"><ele>46</ele></trkpt>
      <trkpt lat="51.598565" lon="-0.252946"><ele>46</ele></trkpt>
      <trkpt lat="51.59881" lon="-0.253244"><ele>46</ele></trkpt>
      <trkpt lat="51.599059" lon="-0.253537"><ele>46</ele></trkpt>
      <trkpt lat="51.599252" lon="-0.253807"><ele>46</ele></trkpt>
      <trkpt lat="51.599368" lon="-0.254038"><ele>46</ele></trkpt>
      <trkpt lat="51.599628" lon="-0.254554"><ele>46</ele></trkpt>
      <trkpt lat="51.600178" lon="-0.255649"><ele>46.5</ele></trkpt>
      <trkpt lat="51.600306" lon="-0.255914"><ele>47</ele></trkpt>
      <trkpt lat="51.600534" lon="-0.256536"><ele>47</ele></trkpt>
      <trkpt lat="51.600487" lon="-0.256721"><ele>47</ele></trkpt>
      <trkpt lat="51.600778" lon="-0.257563"><ele>47.75</ele></trkpt>
      <trkpt lat="51.600813" lon="-0.257664"><ele>47.75</ele></trkpt>
      <trkpt lat="51.60083" lon="-0.257655"><ele>47.75</ele></trkpt>
      <trkpt lat="51.601089" lon="-0.258372"><ele>48.75</ele></trkpt>
      <trkpt lat="51.601316" lon="-0.259"><ele>48.75</ele></trkpt>
      <trkpt lat="51.601492" lon="-0.259319"><ele>49.5</ele></trkpt>
      <trkpt lat="51.60163" lon="-0.259519"><ele>50</ele></trkpt>
      <trkpt lat="51.601758" lon="-0.259707"><ele>50.5</ele></trkpt>
      <trkpt lat="51.601894" lon="-0.259983"><ele>51.75</ele></trkpt>
      <trkpt lat="51.601979" lon="-0.260251"><ele>52</ele></trkpt>
      <trkpt lat="51.602036" lon="-0.260538"><ele>52.25</ele></trkpt>
      <trkpt lat="51.602044" lon="-0.260583"><ele>52.25</ele></trkpt>
      <trkpt lat="51.602128" lon="-0.261171"><ele>52</ele></trkpt>
      <trkpt lat="51.602271" lon="-0.261623"><ele>51.25</ele></trkpt>
      <trkpt lat="51.602349" lon="-0.261778"><ele>51</ele></trkpt>
      <trkpt lat="51.602473" lon="-0.262021"><ele>50.5</ele></trkpt>
      <trkpt lat="51.602643" lon="-0.262174"><ele>50</ele></trkpt>
      <trkpt lat="51.602895" lon="-0.262297"><ele>49.5</ele></trkpt>
      <trkpt lat="51.602976" lon="-0.262337"><ele>49.5</ele></trkpt>
      <trkpt lat="51.603217" lon="-0.262661"><ele>49</ele></trkpt>
      <trkpt lat="51.603269" lon="-0.262723"><ele>49</ele></trkpt>
      <trkpt lat="51.603526" lon="-0.263084"><ele>49</ele></trkpt>
      <trkpt lat="51.603274" lon="-0.263566"><ele>48</ele></trkpt>
      <trkpt lat="51.603157" lon="-0.2634"><ele>48.75</ele></trkpt>
      <trkpt lat="51.602944" lon="-0.263798"><ele>47.25</ele></trkpt>
      <trkpt lat="51.603157" lon="-0.2634"><ele>48.75</ele></trkpt>
      <trkpt lat="51.603274" lon="-0.263566"><ele>48</ele></trkpt>
      <trkpt lat="51.603526" lon="-0.263084"><ele>49</ele></trkpt>
      <trkpt lat="51.603651" lon="-0.26325"><ele>49</ele></trkpt>
      <trkpt lat="51.60386" lon="-0.263465"><ele>50.25</ele></trkpt>
      <trkpt lat="51.604067" lon="-0.263578"><ele>51.5</ele></trkpt>
      <trkpt lat="51.604501" lon="-0.263727"><ele>53.5</ele></trkpt>
      <trkpt lat="51.604507" lon="-0.264262"><ele>54</ele></trkpt>
      <trkpt lat="51.604589" lon="-0.264615"><ele>54</ele></trkpt>
      <trkpt lat="51.604709" lon="-0.264873"><ele>53.75</ele></trkpt>
      <trkpt lat="51.604854" lon="-0.26503"><ele>53.75</ele></trkpt>
      <trkpt lat="51.60509" lon="-0.26515"><ele>53.75</ele></trkpt>
      <trkpt lat="51.605378" lon="-0.26526"><ele>54</ele></trkpt>
      <trkpt lat="51.605561" lon="-0.265422"><ele>53.25</ele></trkpt>
      <trkpt lat="51.606448" lon="-0.266323"><ele>54.25</ele></trkpt>
      <trkpt lat="51.606495" lon="-0.266376"><ele>54.25</ele></trkpt>
      <trkpt lat="51.607111" lon="-0.26701"><ele>56.25</ele></trkpt>
      <trkpt lat="51.607294" lon="-0.26716"><ele>56.25</ele></trkpt>
      <trkpt lat="51.607521" lon="-0.267295"><ele>56.5</ele></trkpt>
      <trkpt lat="51.608246" lon="-0.267532"><ele>55.75</ele></trkpt>
      <trkpt lat="51.608912" lon="-0.267737"><ele>54</ele></trkpt>
      <trkpt lat="51.608746" lon="-0.268567"><ele>52</ele></trkpt>
      <trkpt lat="51.608649" lon="-0.269023"><ele>50.75</ele></trkpt>
      <trkpt lat="51.608416" lon="-0.270138"><ele>50</ele></trkpt>
      <trkpt lat="51.60834" lon="-0.270492"><ele>52</ele></trkpt>
      <trkpt lat="51.608267" lon="-0.270789"><ele>51.25</ele></trkpt>
      <trkpt lat="51.608181" lon="-0.271142"><ele>49.75</ele></trkpt>
      <trkpt lat="51.608094" lon="-0.271534"><ele>49.75</ele></trkpt>
      <trkpt lat="51.607875" lon="-0.272609"><ele>48.5</ele></trkpt>
      <trkpt lat="51.608215" lon="-0.272992"><ele>48.5</ele></trkpt>
      <trkpt lat="51.609432" lon="-0.274364"><ele>55.5</ele></trkpt>
      <trkpt lat="51.609713" lon="-0.27468"><ele>56.75</ele></trkpt>
      <trkpt lat="51.609885" lon="-0.274882"><ele>57.5</ele></trkpt>
      <trkpt lat="51.609917" lon="-0.274897"><ele>57.5</ele></trkpt>
      <trkpt lat="51.609945" lon="-0.274872"><ele>57.75</ele></trkpt>
      <trkpt lat="51.609956" lon="-0.274844"><ele>57.75</ele></trkpt>
      <trkpt lat="51.610388" lon="-0.275329"><ele>59</ele></trkpt>
      <trkpt lat="51.610395" lon="-0.275517"><ele>59</ele></trkpt>
      <trkpt lat="51.610572" lon="-0.275889"><ele>60</ele></trkpt>
      <trkpt lat="51.610642" lon="-0.275795"><ele>59.75</ele></trkpt>
      <trkpt lat="51.61073" lon="-0.275668"><ele>59.75</ele></trkpt>
      <trkpt lat="51.610755" lon="-0.275656"><ele>59.75</ele></trkpt>
      <trkpt lat="51.610793" lon="-0.275638"><ele>59.75</ele></trkpt>
      <trkpt lat="51.610858" lon="-0.275561"><ele>60</ele></trkpt>
      <trkpt lat="51.610889" lon="-0.275546"><ele>59.75</ele></trkpt>
      <trkpt lat="51.610926" lon="-0.275529"><ele>59.75</ele></trkpt>
      <trkpt lat="51.610991" lon="-0.275459"><ele>59.75</ele></trkpt>
      <trkpt lat="51.611032" lon="-0.275446"><ele>59.75</ele></trkpt>
      <trkpt lat="51.611058" lon="-0.275438"><ele>59.75</ele></trkpt>
      <trkpt lat="51.61116" lon="-0.27533"><ele>60</ele></trkpt>
      <trkpt lat="51.611192" lon="-0.275303"><ele>60</ele></trkpt>
      <trkpt lat="51.611248" lon="-0.275219"><ele>59.75</ele></trkpt>
      <trkpt lat="51.611298" lon="-0.275202"><ele>59.75</ele></trkpt>
      <trkpt lat="51.611327" lon="-0.275192"><ele>59.75</ele></trkpt>
      <trkpt lat="51.611393" lon="-0.275115"><ele>60</ele></trkpt>
      <trkpt lat="51.611424" lon="-0.275102"><ele>60</ele></trkpt>
      <trkpt lat="51.611461" lon="-0.275085"><ele>60</ele></trkpt>
      <trkpt lat="51.611521" lon="-0.275017"><ele>60</ele></trkpt>
      <trkpt lat="51.611567" lon="-0.275002"><ele>60</ele></trkpt>
      <trkpt lat="51.611577" lon="-0.274999"><ele>60</ele></trkpt>
      <trkpt lat="51.611598" lon="-0.274993"><ele>60</ele></trkpt>
      <trkpt lat="51.611677" lon="-0.275067"><ele>60</ele></trkpt>
      <trkpt lat="51.611686" lon="-0.275075"><ele>60</ele></trkpt>
      <trkpt lat="51.612352" lon="-0.275245"><ele>60</ele></trkpt>
      <trkpt lat="51.612422" lon="-0.275161"><ele>60</ele></trkpt>
      <trkpt lat="51.612593" lon="-0.274957"><ele>60</ele></trkpt>
      <trkpt lat="51.612691" lon="-0.27484"><ele>60</ele></trkpt>
      <trkpt lat="51.612791" lon="-0.274719"><ele>59.75</ele></trkpt>
      <trkpt lat="51.612845" lon="-0.274648"><ele>59.75</ele></trkpt>
      <trkpt lat="51.612877" lon="-0.274608"><ele>59.5</ele></trkpt>
      <trkpt lat="51.612898" lon="-0.274583"><ele>59.5</ele></trkpt>
      <trkpt lat="51.612911" lon="-0.274611"><ele>59.5</ele></trkpt>
      <trkpt lat="51.613033" lon="-0.274876"><ele>60</ele></trkpt>
      <trkpt lat="51.613072" lon="-0.27496"><ele>59.75</ele></trkpt>
      <trkpt lat="51.613078" lon="-0.274974"><ele>59.5</ele></trkpt>
      <trkpt lat="51.613128" lon="-0.275005"><ele>58.75</ele></trkpt>
      <trkpt lat="51.613151" lon="-0.275018"><ele>58.5</ele></trkpt>
      <trkpt lat="51.613183" lon="-0.275036"><ele>58.25</ele></trkpt>
      <trkpt lat="51.613194" lon="-0.27504"><ele>58</ele></trkpt>
      <trkpt lat="51.613201" lon="-0.275069"><ele>58</ele></trkpt>
      <trkpt lat="51.613322" lon="-0.275341"><ele>58.25</ele></trkpt>
      <trkpt lat="51.613374" lon="-0.275391"><ele>58</ele></trkpt>
      <trkpt lat="51.613392" lon="-0.275431"><ele>58</ele></trkpt>
      <trkpt lat="51.613413" lon="-0.275477"><ele>58.25</ele></trkpt>
      <trkpt lat="51.613434" lon="-0.275524"><ele>58.25</ele></trkpt>
      <trkpt lat="51.613451" lon="-0.275563"><ele>58.5</ele></trkpt>
      <trkpt lat="51.613482" lon="-0.275632"><ele>58.5</ele></trkpt>
      <trkpt lat="51.613548" lon="-0.275556"><ele>58</ele></trkpt>
      <trkpt lat="51.613553" lon="-0.275568"><ele>58.25</ele></trkpt>
      <trkpt lat="51.613619" lon="-0.275497"><ele>57.25</ele></trkpt>
    </trkseg>
    <trkseg>
      <trkpt lat="51.60093" lon="-0.192551"><ele>80.5</ele></trkpt>
      <trkpt lat="51.601025" lon="-0.192444"><ele>80.5</ele></trkpt>
      <trkpt lat="51.601034" lon="-0.192433"><ele>80.75</ele></trkpt>
      <trkpt lat="51.601108" lon="-0.192358"><ele>81.75</ele></trkpt>
      <trkpt lat="51.601132" lon="-0.192357"><ele>82.25</ele></trkpt>
      <trkpt lat="51.60121" lon="-0.192304"><ele>83.75</ele></trkpt>
      <trkpt lat="51.601646" lon="-0.193022"><ele>87.5</ele></trkpt>
      <trkpt lat="51.601645" lon="-0.193067"><ele>87.5</ele></trkpt>
      <trkpt lat="51.60167" lon="-0.193029"><ele>88</ele></trkpt>
      <trkpt lat="51.601725" lon="-0.193124"><ele>88</ele></trkpt>
      <trkpt lat="51.601777" lon="-0.193243"><ele>88</ele></trkpt>
      <trkpt lat="51.601801" lon="-0.193301"><ele>88</ele></trkpt>
      <trkpt lat="51.601922" lon="-0.193533"><ele>87.75</ele></trkpt>
      <trkpt lat="51.602035" lon="-0.193708"><ele>87.25</ele></trkpt>
      <trkpt lat="51.602376" lon="-0.194234"><ele>85</ele></trkpt>
      <trkpt lat="51.602559" lon="-0.194575"><ele>83.25</ele></trkpt>
      <trkpt lat="51.602718" lon="-0.194916"><ele>80</ele></trkpt>
      <trkpt lat="51.602838" lon="-0.195234"><ele>80.25</ele></trkpt>
      <trkpt lat="51.602843" lon="-0.195248"><ele>80.25</ele></trkpt>
      <trkpt lat="51.602861" lon="-0.195288"><ele>80.25</ele></trkpt>
      <trkpt lat="51.602951" lon="-0.195452"><ele>79.5</ele></trkpt>
      <trkpt lat="51.603057" lon="-0.195604"><ele>78.75</ele></trkpt>
      <trkpt lat="51.60316" lon="-0.195733"><ele>77.5</ele></trkpt>
      <trkpt lat="51.603212" lon="-0.195797"><ele>77</ele></trkpt>
      <trkpt lat="51.603465" lon="-0.196016"><ele>75.25</ele></trkpt>
      <trkpt lat="51.603571" lon="-0.196099"><ele>74.25</ele></trkpt>
      <trkpt lat="51.603649" lon="-0.196175"><ele>73.75</ele></trkpt>
      <trkpt lat="51.603714" lon="-0.19635"><ele>73</ele></trkpt>
      <trkpt lat="51.603795" lon="-0.196595"><ele>72</ele></trkpt>
      <trkpt lat="51.603822" lon="-0.196679"><ele>71.25</ele></trkpt>
      <trkpt lat="51.604133" lon="-0.197605"><ele>66.75</ele></trkpt>
      <trkpt lat="51.604401" lon="-0.198436"><ele>62.75</ele></trkpt>
      <trkpt lat="51.604472" lon="-0.198644"><ele>62</ele></trkpt>
      <trkpt lat="51.604772" lon="-0.199521"><ele>59</ele></trkpt>
      <trkpt lat="51.604866" lon="-0.199797"><ele>58.25</ele></trkpt>
      <trkpt lat="51.605042" lon="-0.200322"><ele>56.75</ele></trkpt>
      <trkpt lat="51.605221" lon="-0.200908"><ele>55.5</ele></trkpt>
      <trkpt lat="51.605251" lon="-0.20105"><ele>54.75</ele></trkpt>
      <trkpt lat="51.605265" lon="-0.201165"><ele>54.25</ele></trkpt>
      <trkpt lat="51.605265" lon="-0.201224"><ele>54.25</ele></trkpt>
      <trkpt lat="51.605221" lon="-0.201432"><ele>54.75</ele></trkpt>
      <trkpt lat="51.604983" lon="-0.201893"><ele>53.25</ele></trkpt>
      <trkpt lat="51.604526" lon="-0.202436"><ele>54</ele></trkpt>
      <trkpt lat="51.604395" lon="-0.202592"><ele>54</ele></trkpt>
      <trkpt lat="51.604419" lon="-0.20265"><ele>53.5</ele></trkpt>
      <trkpt lat="51.604462" lon="-0.202751"><ele>53</ele></trkpt>
      <trkpt lat="51.605011" lon="-0.204057"><ele>55</ele></trkpt>
      <trkpt lat="51.605323" lon="-0.204735"><ele>56.25</ele></trkpt>
      <trkpt lat="51.605606" lon="-0.205249"><ele>58.25</ele></trkpt>
      <trkpt lat="51.605636" lon="-0.205304"><ele>58.5</ele></trkpt>
      <trkpt lat="51.606171" lon="-0.206242"><ele>61.25</ele></trkpt>
      <trkpt lat="51.606478" lon="-0.206751"><ele>62.25</ele></trkpt>
      <trkpt lat="51.606545" lon="-0.20701"><ele>62.5</ele></trkpt>
      <trkpt lat="51.606817" lon="-0.206896"><ele>64.25</ele></trkpt>
      <trkpt lat="51.606853" lon="-0.207066"><ele>64.25</ele></trkpt>
      <trkpt lat="51.606922" lon="-0.207253"><ele>64.75</ele></trkpt>
      <trkpt lat="51.607293" lon="-0.207856"><ele>67.25</ele></trkpt>
      <trkpt lat="51.607308" lon="-0.207933"><ele>67.25</ele></trkpt>
      <trkpt lat="51.6073" lon="-0.208019"><ele>66.75</ele></trkpt>
      <trkpt lat="51.60725" lon="-0.208207"><ele>65.75</ele></trkpt>
      <trkpt lat="51.607208" lon="-0.208336"><ele>64.75</ele></trkpt>
      <trkpt lat="51.60718" lon="-0.208425"><ele>64.75</ele></trkpt>
      <trkpt lat="51.607755" lon="-0.208941"><ele>65.75</ele></trkpt>
      <trkpt lat="51.608371" lon="-0.209511"><ele>66.25</ele></trkpt>
      <trkpt lat="51.608497" lon="-0.209643"><ele>67</ele></trkpt>
      <trkpt lat="51.608478" lon="-0.209726"><ele>67</ele></trkpt>
      <trkpt lat="51.608471" lon="-0.209754"><ele>67</ele></trkpt>
      <trkpt lat="51.608478" lon="-0.209851"><ele>67</ele></trkpt>
      <trkpt lat="51.608422" lon="-0.209863"><ele>67.25</ele></trkpt>
      <trkpt lat="51.608397" lon="-0.209868"><ele>67.25</ele></trkpt>
      <trkpt lat="51.608359" lon="-0.209888"><ele>67.5</ele></trkpt>
      <trkpt lat="51.608296" lon="-0.20992"><ele>67.75</ele></trkpt>
    </trkseg>
    <trkseg>
      <trkpt lat="51.479864" lon="-0.142248"><ele>3.5</ele></trkpt>
      <trkpt lat="51.479842" lon="-0.142211"><ele>3.5</ele></trkpt>
      <trkpt lat="51.479765" lon="-0.142072"><ele>3.5</ele></trkpt>
      <trkpt lat="51.479852" lon="-0.141711"><ele>3.5</ele></trkpt>
      <trkpt lat="51.479808" lon="-0.141654"><ele>3.5</ele></trkpt>
      <trkpt lat="51.479779" lon="-0.141615"><ele>3.75</ele></trkpt>
      <trkpt lat="51.479811" lon="-0.141491"><ele>3.75</ele></trkpt>
      <trkpt lat="51.4798" lon="-0.141483"><ele>3.75</ele></trkpt>
      <trkpt lat="51.479789" lon="-0.141475"><ele>3.75</ele></trkpt>
      <trkpt lat="51.479836" lon="-0.141291"><ele>4</ele></trkpt>
      <trkpt lat="51.479892" lon="-0.14103"><ele>4</ele></trkpt>
      <trkpt lat="51.479866" lon="-0.140905"><ele>4</ele></trkpt>
      <trkpt lat="51.479914" lon="-0.14062"><ele>4</ele></trkpt>
      <trkpt lat="51.479932" lon="-0.140524"><ele>4</ele></trkpt>
      <trkpt lat="51.479939" lon="-0.140498"><ele>4</ele></trkpt>
      <trkpt lat="51.479912" lon="-0.14039"><ele>4</ele></trkpt>
      <trkpt lat="51.479975" lon="-0.140124"><ele>4</ele></trkpt>
      <trkpt lat="51.480021" lon="-0.139948"><ele>4</ele></trkpt>
      <trkpt lat="51.48005" lon="-0.13986"><ele>3.75</ele></trkpt>
      <trkpt lat="51.480073" lon="-0.13979"><ele>4</ele></trkpt>
      <trkpt lat="51.480121" lon="-0.139679"><ele>4</ele></trkpt>
      <trkpt lat="51.480045" lon="-0.139559"><ele>4</ele></trkpt>
      <trkpt lat="51.480011" lon="-0.139516"><ele>4</ele></trkpt>
      <trkpt lat="51.479818" lon="-0.139251"><ele>4</ele></trkpt>
      <trkpt lat="51.479706" lon="-0.139073"><ele>3.5</ele></trkpt>
      <trkpt lat="51.479647" lon="-0.138942"><ele>3.25</ele></trkpt>
      <trkpt lat="51.47962" lon="-0.138882"><ele>3.25</ele></trkpt>
      <trkpt lat="51.479541" lon="-0.138656"><ele>3</ele></trkpt>
      <trkpt lat="51.47949" lon="-0.138469"><ele>3</ele></trkpt>
      <trkpt lat="51.479462" lon="-0.138319"><ele>3</ele></trkpt>
      <trkpt lat="51.479464" lon="-0.138252"><ele>3</ele></trkpt>
      <trkpt lat="51.479446" lon="-0.138216"><ele>3</ele></trkpt>
      <trkpt lat="51.479448" lon="-0.138175"><ele>3</ele></trkpt>
      <trkpt lat="51.479425" lon="-0.138145"><ele>3</ele></trkpt>
      <trkpt lat="51.479375" lon="-0.138018"><ele>3</ele></trkpt>
      <trkpt lat="51.479398" lon="-0.13799"><ele>3</ele></trkpt>
      <trkpt lat="51.479407" lon="-0.137979"><ele>3</ele></trkpt>
      <trkpt lat="51.479385" lon="-0.137929"><ele>3</ele></trkpt>
      <trkpt lat="51.479392" lon="-0.137921"><ele>3</ele></trkpt>
      <trkpt lat="51.4794" lon="-0.137913"><ele>2.75</ele></trkpt>
      <trkpt lat="51.479278" lon="-0.137718"><ele>2.5</ele></trkpt>
      <trkpt lat="51.479132" lon="-0.137535"><ele>2.5</ele></trkpt>
      <trkpt lat="51.479052" lon="-0.137465"><ele>2.5</ele></trkpt>
      <trkpt lat="51.478662" lon="-0.137192"><ele>3</ele></trkpt>
      <trkpt lat="51.478511" lon="-0.137064"><ele>3</ele></trkpt>
      <trkpt lat="51.478471" lon="-0.136954"><ele>3.75</ele></trkpt>
      <trkpt lat="51.478454" lon="-0.136805"><ele>3.5</ele></trkpt>
      <trkpt lat="51.478475" lon="-0.136668"><ele>3.5</ele></trkpt>
      <trkpt lat="51.4785" lon="-0.136573"><ele>3.25</ele></trkpt>
      <trkpt lat="51.478539" lon="-0.136487"><ele>3.25</ele></trkpt>
      <trkpt lat="51.478627" lon="-0.136302"><ele>3</ele></trkpt>
      <trkpt lat="51.478719" lon="-0.136148"><ele>3.75</ele></trkpt>
      <trkpt lat="51.478837" lon="-0.135891"><ele>3.75</ele></trkpt>
      <trkpt lat="51.47892" lon="-0.135696"><ele>4.25</ele></trkpt>
      <trkpt lat="51.479059" lon="-0.135323"><ele>3.75</ele></trkpt>
      <trkpt lat="51.479239" lon="-0.134826"><ele>3.25</ele></trkpt>
      <trkpt lat="51.479439" lon="-0.13424"><ele>3</ele></trkpt>
      <trkpt lat="51.479543" lon="-0.133961"><ele>3.25</ele></trkpt>
      <trkpt lat="51.479576" lon="-0.133851"><ele>3.25</ele></trkpt>
      <trkpt lat="51.479546" lon="-0.133637"><ele>3</ele></trkpt>
      <trkpt lat="51.479639" lon="-0.133512"><ele>3</ele></trkpt>
      <trkpt lat="51.479714" lon="-0.13336"><ele>3</ele></trkpt>
      <trkpt lat="51.479798" lon="-0.133124"><ele>3</ele></trkpt>
      <trkpt lat="51.480098" lon="-0.132263"><ele>3</ele></trkpt>
      <trkpt lat="51.480207" lon="-0.131948"><ele>3</ele></trkpt>
      <trkpt lat="51.480288" lon="-0.131712"><ele>3</ele></trkpt>
      <trkpt lat="51.480388" lon="-0.131453"><ele>3</ele></trkpt>
      <trkpt lat="51.480406" lon="-0.131402"><ele>3</ele></trkpt>
      <trkpt lat="51.480367" lon="-0.131371"><ele>2.75</ele></trkpt>
      <trkpt lat="51.480352" lon="-0.131372"><ele>3</ele></trkpt>
      <trkpt lat="51.480317" lon="-0.131381"><ele>3</ele></trkpt>
      <trkpt lat="51.480235" lon="-0.131402"><ele>3</ele></trkpt>
      <trkpt lat="51.48019" lon="-0.13138"><ele>3</ele></trkpt>
      <trkpt lat="51.480072" lon="-0.131222"><ele>2.75</ele></trkpt>
      <trkpt lat="51.480044" lon="-0.131161"><ele>3</ele></trkpt>
      <trkpt lat="51.48004" lon="-0.131139"><ele>3</ele></trkpt>
      <trkpt lat="51.480045" lon="-0.131022"><ele>3</ele></trkpt>
      <trkpt lat="51.480068" lon="-0.130971"><ele>2.75</ele></trkpt>
      <trkpt lat="51.480185" lon="-0.130867"><ele>3</ele></trkpt>
      <trkpt lat="51.480185" lon="-0.130851"><ele>3</ele></trkpt>
      <trkpt lat="51.480181" lon="-0.130817"><ele>2.75</ele></trkpt>
      <trkpt lat="51.480173" lon="-0.130759"><ele>2.75</ele></trkpt>
      <trkpt lat="51.480164" lon="-0.130706"><ele>2.75</ele></trkpt>
      <trkpt lat="51.480171" lon="-0.130657"><ele>2.75</ele></trkpt>
      <trkpt lat="51.480156" lon="-0.130586"><ele>2.5</ele></trkpt>
      <trkpt lat="51.480184" lon="-0.13057"><ele>2.5</ele></trkpt>
      <trkpt lat="51.480096" lon="-0.13017"><ele>2</ele></trkpt>
      <trkpt lat="51.480036" lon="-0.1298"><ele>2</ele></trkpt>
      <trkpt lat="51.479737" lon="-0.128487"><ele>3</ele></trkpt>
      <trkpt lat="51.479795" lon="-0.128454"><ele>3</ele></trkpt>
      <trkpt lat="51.479893" lon="-0.128396"><ele>3</ele></trkpt>
      <trkpt lat="51.480089" lon="-0.12828"><ele>3</ele></trkpt>
      <trkpt lat="51.480314" lon="-0.128157"><ele>3</ele></trkpt>
      <trkpt lat="51.48063" lon="-0.128013"><ele>3</ele></trkpt>
      <trkpt lat="51.481011" lon="-0.127869"><ele>3</ele></trkpt>
      <trkpt lat="51.481144" lon="-0.127834"><ele>3</ele></trkpt>
      <trkpt lat="51.481246" lon="-0.127805"><ele>3</ele></trkpt>
      <trkpt lat="51.481236" lon="-0.127706"><ele>3</ele></trkpt>
      <trkpt lat="51.481346" lon="-0.127672"><ele>3</ele></trkpt>
      <trkpt lat="51.481436" lon="-0.127642"><ele>3</ele></trkpt>
      <trkpt lat="51.481553" lon="-0.127612"><ele>3</ele></trkpt>
      <trkpt lat="51.481632" lon="-0.127588"><ele>3</ele></trkpt>
      <trkpt lat="51.481796" lon="-0.127539"><ele>3</ele></trkpt>
      <trkpt lat="51.481863" lon="-0.127518"><ele>3</ele></trkpt>
      <trkpt lat="51.481929" lon="-0.12751"><ele>3</ele></trkpt>
      <trkpt lat="51.481985" lon="-0.127351"><ele>3</ele></trkpt>
      <trkpt lat="51.482001" lon="-0.127305"><ele>3</ele></trkpt>
      <trkpt lat="51.482146" lon="-0.126813"><ele>3</ele></trkpt>
      <trkpt lat="51.482257" lon="-0.126493"><ele>3.5</ele></trkpt>
      <trkpt lat="51.482434" lon="-0.126029"><ele>3</ele></trkpt>
      <trkpt lat="51.48261" lon="-0.125629"><ele>3</ele></trkpt>
      <trkpt lat="51.48278" lon="-0.125281"><ele>3.75</ele></trkpt>
      <trkpt lat="51.482875" lon="-0.125108"><ele>4</ele></trkpt>
      <trkpt lat="51.482936" lon="-0.125041"><ele>4</ele></trkpt>
      <trkpt lat="51.483524" lon="-0.124185"><ele>4</ele></trkpt>
      <trkpt lat="51.483969" lon="-0.123693"><ele>4</ele></trkpt>
      <trkpt lat="51.484004" lon="-0.123597"><ele>4.25</ele></trkpt>
      <trkpt lat="51.484008" lon="-0.123303"><ele>4</ele></trkpt>
      <trkpt lat="51.48401" lon="-0.123201"><ele>4</ele></trkpt>
      <trkpt lat="51.484119" lon="-0.123208"><ele>4</ele></trkpt>
      <trkpt lat="51.484159" lon="-0.12321"><ele>4</ele></trkpt>
      <trkpt lat="51.484174" lon="-0.123215"><ele>3.75</ele></trkpt>
      <trkpt lat="51.484209" lon="-0.123219"><ele>4</ele></trkpt>
      <trkpt lat="51.484246" lon="-0.123228"><ele>4</ele></trkpt>
      <trkpt lat="51.484378" lon="-0.123294"><ele>4</ele></trkpt>
      <trkpt lat="51.484391" lon="-0.12321"><ele>4</ele></trkpt>
      <trkpt lat="51.484407" lon="-0.123158"><ele>4</ele></trkpt>
      <trkpt lat="51.484435" lon="-0.123117"><ele>4</ele></trkpt>
      <trkpt lat="51.484518" lon="-0.123034"><ele>4.25</ele></trkpt>
      <trkpt lat="51.484623" lon="-0.122973"><ele>4.5</ele></trkpt>
      <trkpt lat="51.484651" lon="-0.122951"><ele>4.5</ele></trkpt>
      <trkpt lat="51.484687" lon="-0.122918"><ele>4.75</ele></trkpt>
      <trkpt lat="51.484721" lon="-0.122851"><ele>4.75</ele></trkpt>
      <trkpt lat="51.484774" lon="-0.122819"><ele>5</ele></trkpt>
      <trkpt lat="51.484795" lon="-0.122807"><ele>5</ele></trkpt>
      <trkpt lat="51.484885" lon="-0.122745"><ele>5</ele></trkpt>
      <trkpt lat="51.48532" lon="-0.122395"><ele>5</ele></trkpt>
      <trkpt lat="51.486013" lon="-0.121934"><ele>5</ele></trkpt>
      <trkpt lat="51.48604" lon="-0.121897"><ele>5</ele></trkpt>
      <trkpt lat="51.486076" lon="-0.121811"><ele>5</ele></trkpt>
      <trkpt lat="51.486094" lon="-0.12172"><ele>5</ele></trkpt>
      <trkpt lat="51.486093" lon="-0.121632"><ele>4.75</ele></trkpt>
      <trkpt lat="51.486129" lon="-0.121626"><ele>4.75</ele></trkpt>
      <trkpt lat="51.486156" lon="-0.12162"><ele>4.75</ele></trkpt>
      <trkpt lat="51.486141" lon="-0.121505"><ele>4.25</ele></trkpt>
      <trkpt lat="51.486172" lon="-0.121502"><ele>4.25</ele></trkpt>
      <trkpt lat="51.486203" lon="-0.121501"><ele>4.25</ele></trkpt>
      <trkpt lat="51.486199" lon="-0.12127"><ele>4</ele></trkpt>
      <trkpt lat="51.486204" lon="-0.121149"><ele>4</ele></trkpt>
      <trkpt lat="51.486204" lon="-0.121132"><ele>4</ele></trkpt>
      <trkpt lat="51.486243" lon="-0.120626"><ele>4</ele></trkpt>
      <trkpt lat="51.486301" lon="-0.120121"><ele>4.25</ele></trkpt>
      <trkpt lat="51.486381" lon="-0.11955"><ele>4</ele></trkpt>
      <trkpt lat="51.486389" lon="-0.119493"><ele>4</ele></trkpt>
      <trkpt lat="51.486419" lon="-0.119305"><ele>4</ele></trkpt>
      <trkpt lat="51.486455" lon="-0.119226"><ele>4</ele></trkpt>
      <trkpt lat="51.486459" lon="-0.119205"><ele>4</ele></trkpt>
      <trkpt lat="51.486472" lon="-0.119126"><ele>4</ele></trkpt>
      <trkpt lat="51.486476" lon="-0.119077"><ele>4</ele></trkpt>
      <trkpt lat="51.486465" lon="-0.119003"><ele>4</ele></trkpt>
      <trkpt lat="51.486509" lon="-0.118705"><ele>3.5</ele></trkpt>
      <trkpt lat="51.486566" lon="-0.118318"><ele>3.5</ele></trkpt>
      <trkpt lat="51.48657" lon="-0.118288"><ele>3.5</ele></trkpt>
      <trkpt lat="51.486583" lon="-0.118205"><ele>3.75</ele></trkpt>
      <trkpt lat="51.486617" lon="-0.117969"><ele>4</ele></trkpt>
      <trkpt lat="51.486636" lon="-0.117827"><ele>4</ele></trkpt>
      <trkpt lat="51.486647" lon="-0.117749"><ele>4</ele></trkpt>
      <trkpt lat="51.486661" lon="-0.117659"><ele>4</ele></trkpt>
      <trkpt lat="51.486681" lon="-0.117519"><ele>4</ele></trkpt>
      <trkpt lat="51.486706" lon="-0.117364"><ele>4</ele></trkpt>
      <trkpt lat="51.486808" lon="-0.116718"><ele>4</ele></trkpt>
      <trkpt lat="51.486818" lon="-0.116654"><ele>4</ele></trkpt>
      <trkpt lat="51.486824" lon="-0.116608"><ele>4</ele></trkpt>
      <trkpt lat="51.48684" lon="-0.116513"><ele>4</ele></trkpt>
      <trkpt lat="51.486858" lon="-0.116364"><ele>4</ele></trkpt>
      <trkpt lat="51.486861" lon="-0.116345"><ele>4</ele></trkpt>
      <trkpt lat="51.486866" lon="-0.116272"><ele>4</ele></trkpt>
      <trkpt lat="51.48688" lon="-0.116031"><ele>4</ele></trkpt>
      <trkpt lat="51.486899" lon="-0.115629"><ele>4</ele></trkpt>
      <trkpt lat="51.486914" lon="-0.115064"><ele>4</ele></trkpt>
      <trkpt lat="51.486916" lon="-0.115013"><ele>4</ele></trkpt>
      <trkpt lat="51.486919" lon="-0.114955"><ele>4</ele></trkpt>
      <trkpt lat="51.486919" lon="-0.114909"><ele>4</ele></trkpt>
      <trkpt lat="51.486924" lon="-0.11478"><ele>4</ele></trkpt>
      <trkpt lat="51.486928" lon="-0.114685"><ele>4</ele></trkpt>
      <trkpt lat="51.486932" lon="-0.114599"><ele>4</ele></trkpt>
      <trkpt lat="51.486935" lon="-0.114549"><ele>4</ele></trkpt>
      <trkpt lat="51.486938" lon="-0.114486"><ele>4</ele></trkpt>
      <trkpt lat="51.486938" lon="-0.114477"><ele>4</ele></trkpt>
      <trkpt lat="51.486943" lon="-0.114372"><ele>4</ele></trkpt>
      <trkpt lat="51.486947" lon="-0.114217"><ele>4</ele></trkpt>
      <trkpt lat="51.486954" lon="-0.113816"><ele>4</ele></trkpt>
      <trkpt lat="51.486956" lon="-0.113736"><ele>4</ele></trkpt>
      <trkpt lat="51.48696" lon="-0.113609"><ele>4</ele></trkpt>
      <trkpt lat="51.486962" lon="-0.113541"><ele>4</ele></trkpt>
      <trkpt lat="51.486964" lon="-0.113471"><ele>4</ele></trkpt>
      <trkpt lat="51.486988" lon="-0.113239"><ele>3.75</ele></trkpt>
      <trkpt lat="51.486997" lon="-0.113178"><ele>4</ele></trkpt>
      <trkpt lat="51.487039" lon="-0.113033"><ele>4</ele></trkpt>
      <trkpt lat="51.487056" lon="-0.112973"><ele>4</ele></trkpt>
      <trkpt lat="51.487126" lon="-0.112759"><ele>3.75</ele></trkpt>
      <trkpt lat="51.487152" lon="-0.112694"><ele>3.75</ele></trkpt>
      <trkpt lat="51.487225" lon="-0.112526"><ele>3</ele></trkpt>
      <trkpt lat="51.487329" lon="-0.112319"><ele>3.75</ele></trkpt>
      <trkpt lat="51.487379" lon="-0.112238"><ele>3.75</ele></trkpt>
      <trkpt lat="51.487411" lon="-0.112192"><ele>4</ele></trkpt>
      <trkpt lat="51.487434" lon="-0.112162"><ele>4</ele></trkpt>
      <trkpt lat="51.487447" lon="-0.112144"><ele>4</ele></trkpt>
      <trkpt lat="51.487482" lon="-0.112097"><ele>4</ele></trkpt>
      <trkpt lat="51.487536" lon="-0.112044"><ele>3.75</ele></trkpt>
      <trkpt lat="51.487566" lon="-0.112013"><ele>3.75</ele></trkpt>
      <trkpt lat="51.487604" lon="-0.11198"><ele>3.5</ele></trkpt>
      <trkpt lat="51.487733" lon="-0.111865"><ele>3.25</ele></trkpt>
      <trkpt lat="51.487744" lon="-0.111855"><ele>3.25</ele></trkpt>
      <trkpt lat="51.487976" lon="-0.111667"><ele>3.25</ele></trkpt>
      <trkpt lat="51.488009" lon="-0.111579"><ele>3</ele></trkpt>
      <trkpt lat="51.488122" lon="-0.111479"><ele>3</ele></trkpt>
      <trkpt lat="51.488251" lon="-0.111368"><ele>3.5</ele></trkpt>
      <trkpt lat="51.488414" lon="-0.111236"><ele>4</ele></trkpt>
      <trkpt lat="51.488457" lon="-0.111205"><ele>4</ele></trkpt>
      <trkpt lat="51.48853" lon="-0.11115"><ele>4</ele></trkpt>
      <trkpt lat="51.488659" lon="-0.111031"><ele>4</ele></trkpt>
      <trkpt lat="51.488746" lon="-0.110947"><ele>4</ele></trkpt>
      <trkpt lat="51.488718" lon="-0.110898"><ele>4</ele></trkpt>
      <trkpt lat="51.488758" lon="-0.110858"><ele>4</ele></trkpt>
      <trkpt lat="51.48897" lon="-0.110549"><ele>3.75</ele></trkpt>
      <trkpt lat="51.489076" lon="-0.110306"><ele>3.5</ele></trkpt>
      <trkpt lat="51.489181" lon="-0.110064"><ele>4</ele></trkpt>
      <trkpt lat="51.489332" lon="-0.109518"><ele>4</ele></trkpt>
      <trkpt lat="51.48933" lon="-0.109483"><ele>4</ele></trkpt>
      <trkpt lat="51.489328" lon="-0.109443"><ele>4</ele></trkpt>
      <trkpt lat="51.489334" lon="-0.109418"><ele>4</ele></trkpt>
      <trkpt lat="51.489129" lon="-0.109025"><ele>4</ele></trkpt>
      <trkpt lat="51.48912" lon="-0.109007"><ele>4</ele></trkpt>
      <trkpt lat="51.489106" lon="-0.108983"><ele>4</ele></trkpt>
      <trkpt lat="51.489081" lon="-0.108936"><ele>4</ele></trkpt>
      <trkpt lat="51.488994" lon="-0.108766"><ele>4</ele></trkpt>
      <trkpt lat="51.488898" lon="-0.108577"><ele>3.75</ele></trkpt>
      <trkpt lat="51.488887" lon="-0.108558"><ele>3.5</ele></trkpt>
      <trkpt lat="51.488613" lon="-0.108179"><ele>3.75</ele></trkpt>
      <trkpt lat="51.48849" lon="-0.10796"><ele>4</ele></trkpt>
      <trkpt lat="51.488478" lon="-0.107925"><ele>4</ele></trkpt>
      <trkpt lat="51.488482" lon="-0.107822"><ele>4</ele></trkpt>
      <trkpt lat="51.488237" lon="-0.107338"><ele>4</ele></trkpt>
      <trkpt lat="51.488169" lon="-0.1072"><ele>4</ele></trkpt>
      <trkpt lat="51.48784" lon="-0.106555"><ele>4</ele></trkpt>
      <trkpt lat="51.487866" lon="-0.106527"><ele>4</ele></trkpt>
      <trkpt lat="51.487982" lon="-0.106424"><ele>4</ele></trkpt>
      <trkpt lat="51.488281" lon="-0.106157"><ele>3</ele></trkpt>
      <trkpt lat="51.488276" lon="-0.106142"><ele>3</ele></trkpt>
      <trkpt lat="51.488272" lon="-0.106134"><ele>3</ele></trkpt>
      <trkpt lat="51.488321" lon="-0.106087"><ele>3</ele></trkpt>
      <trkpt lat="51.48831" lon="-0.106058"><ele>3</ele></trkpt>
      <trkpt lat="51.488292" lon="-0.10596"><ele>3</ele></trkpt>
      <trkpt lat="51.488321" lon="-0.105928"><ele>3</ele></trkpt>
    </trkseg>
  </trk>
</gpx>
