<?xml version="1.0" encoding="UTF-8"?>
<gpx version="1.1" creator="TubeRun route generator" xmlns="http://www.topografix.com/GPX/1/1">
  <metadata>
    <name>Piccadilly line — TubeRun</name>
    <desc>Above-ground running route tracing the Piccadilly line, station to station. Routed on pavements and footways from OpenStreetMap data (BRouter, hiking-beta).</desc>
    <author><name>TubeRun</name></author>
    <copyright author="OpenStreetMap contributors"><license>https://opendatacommons.org/licenses/odbl/1-0/</license></copyright>
    <link href="https://www.openstreetmap.org/copyright"><text>© OpenStreetMap contributors</text></link>
    <time>2026-07-05T08:28:35.531Z</time>
  </metadata>
  <wpt lat="51.65152" lon="-0.149171"><name>Cockfosters</name></wpt>
  <wpt lat="51.647726" lon="-0.132182"><name>Oakwood</name></wpt>
  <wpt lat="51.632315" lon="-0.127816"><name>Southgate</name></wpt>
  <wpt lat="51.616446" lon="-0.133062"><name>Arnos Grove</name></wpt>
  <wpt lat="51.607034" lon="-0.124235"><name>Bounds Green</name></wpt>
  <wpt lat="51.597479" lon="-0.109886"><name>Wood Green</name></wpt>
  <wpt lat="51.590272" lon="-0.102953"><name>Turnpike Lane</name></wpt>
  <wpt lat="51.570738" lon="-0.096118"><name>Manor House</name></wpt>
  <wpt lat="51.564158" lon="-0.106825"><name>Finsbury Park</name></wpt>
  <wpt lat="51.558655" lon="-0.107457"><name>Arsenal</name></wpt>
  <wpt lat="51.552697" lon="-0.113244"><name>Holloway Road</name></wpt>
  <wpt lat="51.548519" lon="-0.118493"><name>Caledonian Road</name></wpt>
  <wpt lat="51.530663" lon="-0.123194"><name>King's Cross St. Pancras</name></wpt>
  <wpt lat="51.523073" lon="-0.124285"><name>Russell Square</name></wpt>
  <wpt lat="51.51758" lon="-0.120475"><name>Holborn</name></wpt>
  <wpt lat="51.513093" lon="-0.124436"><name>Covent Garden</name></wpt>
  <wpt lat="51.511386" lon="-0.128426"><name>Leicester Square</name></wpt>
  <wpt lat="51.51005" lon="-0.133798"><name>Piccadilly Circus</name></wpt>
  <wpt lat="51.506947" lon="-0.142787"><name>Green Park</name></wpt>
  <wpt lat="51.503035" lon="-0.152441"><name>Hyde Park Corner</name></wpt>
  <wpt lat="51.501669" lon="-0.160508"><name>Knightsbridge</name></wpt>
  <wpt lat="51.494094" lon="-0.174138"><name>South Kensington</name></wpt>
  <wpt lat="51.494316" lon="-0.182658"><name>Gloucester Road</name></wpt>
  <wpt lat="51.492063" lon="-0.193378"><name>Earl's Court</name></wpt>
  <wpt lat="51.490311" lon="-0.213427"><name>Barons Court</name></wpt>
  <wpt lat="51.4923" lon="-0.22362"><name>Hammersmith</name></wpt>
  <wpt lat="51.495148" lon="-0.254555"><name>Turnham Green</name></wpt>
  <wpt lat="51.503057" lon="-0.280462"><name>Acton Town</name></wpt>
  <wpt lat="51.501003" lon="-0.307424"><name>South Ealing</name></wpt>
  <wpt lat="51.499319" lon="-0.314719"><name>Northfields</name></wpt>
  <wpt lat="51.495635" lon="-0.324939"><name>Boston Manor</name></wpt>
  <wpt lat="51.481274" lon="-0.352224"><name>Osterley</name></wpt>
  <wpt lat="51.473213" lon="-0.356474"><name>Hounslow East</name></wpt>
  <wpt lat="51.471295" lon="-0.366578"><name>Hounslow Central</name></wpt>
  <wpt lat="51.473469" lon="-0.386544"><name>Hounslow West</name></wpt>
  <wpt lat="51.466747" lon="-0.423191"><name>Hatton Cross</name></wpt>
  <wpt lat="51.471235" lon="-0.452265"><name>Heathrow Terminals 2 &amp; 3</name></wpt>
  <wpt lat="51.470052" lon="-0.49056"><name>Heathrow Terminal 5</name></wpt>
  <trk>
    <name>Piccadilly line</name>
    <trkseg>
      <trkpt lat="51.651795" lon="-0.148949"><ele>96.75</ele></trkpt>
      <trkpt lat="51.651801" lon="-0.148966"><ele>96.75</ele></trkpt>
      <trkpt lat="51.6519" lon="-0.149246"><ele>97.5</ele></trkpt>
      <trkpt lat="51.651899" lon="-0.149364"><ele>97.5</ele></trkpt>
      <trkpt lat="51.65191" lon="-0.149419"><ele>97.75</ele></trkpt>
      <trkpt lat="51.6519" lon="-0.149537"><ele>97.75</ele></trkpt>
      <trkpt lat="51.651884" lon="-0.149572"><ele>97.75</ele></trkpt>
      <trkpt lat="51.651863" lon="-0.14977"><ele>98</ele></trkpt>
      <trkpt lat="51.651828" lon="-0.149949"><ele>98.75</ele></trkpt>
      <trkpt lat="51.651798" lon="-0.14993"><ele>98.5</ele></trkpt>
      <trkpt lat="51.651785" lon="-0.149947"><ele>98.75</ele></trkpt>
      <trkpt lat="51.651756" lon="-0.149953"><ele>98.75</ele></trkpt>
      <trkpt lat="51.651603" lon="-0.149845"><ele>98.25</ele></trkpt>
      <trkpt lat="51.65136" lon="-0.149679"><ele>98</ele></trkpt>
      <trkpt lat="51.651025" lon="-0.149415"><ele>97.75</ele></trkpt>
      <trkpt lat="51.650741" lon="-0.149204"><ele>97</ele></trkpt>
      <trkpt lat="51.650641" lon="-0.149133"><ele>96.75</ele></trkpt>
      <trkpt lat="51.650524" lon="-0.14886"><ele>96.75</ele></trkpt>
      <trkpt lat="51.650263" lon="-0.148345"><ele>96</ele></trkpt>
      <trkpt lat="51.650115" lon="-0.148305"><ele>95.75</ele></trkpt>
      <trkpt lat="51.650029" lon="-0.148057"><ele>95.75</ele></trkpt>
      <trkpt lat="51.650036" lon="-0.147966"><ele>95.5</ele></trkpt>
      <trkpt lat="51.650008" lon="-0.147915"><ele>95.25</ele></trkpt>
      <trkpt lat="51.649982" lon="-0.147898"><ele>95.25</ele></trkpt>
      <trkpt lat="51.649936" lon="-0.147893"><ele>95.25</ele></trkpt>
      <trkpt lat="51.649931" lon="-0.147761"><ele>95</ele></trkpt>
      <trkpt lat="51.649911" lon="-0.147652"><ele>95</ele></trkpt>
      <trkpt lat="51.649882" lon="-0.147558"><ele>95</ele></trkpt>
      <trkpt lat="51.649764" lon="-0.147225"><ele>94</ele></trkpt>
      <trkpt lat="51.649648" lon="-0.146886"><ele>94</ele></trkpt>
      <trkpt lat="51.649511" lon="-0.146481"><ele>93.25</ele></trkpt>
      <trkpt lat="51.649452" lon="-0.146309"><ele>93</ele></trkpt>
      <trkpt lat="51.649319" lon="-0.14592"><ele>93</ele></trkpt>
      <trkpt lat="51.649078" lon="-0.145211"><ele>92</ele></trkpt>
      <trkpt lat="51.648921" lon="-0.144707"><ele>91.75</ele></trkpt>
      <trkpt lat="51.648742" lon="-0.144053"><ele>92</ele></trkpt>
      <trkpt lat="51.648638" lon="-0.143546"><ele>91.75</ele></trkpt>
      <trkpt lat="51.648175" lon="-0.141102"><ele>91.5</ele></trkpt>
      <trkpt lat="51.647632" lon="-0.138133"><ele>91.5</ele></trkpt>
      <trkpt lat="51.647609" lon="-0.137968"><ele>91.5</ele></trkpt>
      <trkpt lat="51.647567" lon="-0.137254"><ele>91</ele></trkpt>
      <trkpt lat="51.647547" lon="-0.136896"><ele>91</ele></trkpt>
      <trkpt lat="51.647515" lon="-0.136409"><ele>91</ele></trkpt>
      <trkpt lat="51.647479" lon="-0.135791"><ele>91</ele></trkpt>
      <trkpt lat="51.647468" lon="-0.135586"><ele>91</ele></trkpt>
      <trkpt lat="51.647541" lon="-0.135574"><ele>91</ele></trkpt>
      <trkpt lat="51.647532" lon="-0.135432"><ele>90.75</ele></trkpt>
      <trkpt lat="51.647529" lon="-0.135385"><ele>90.75</ele></trkpt>
      <trkpt lat="51.647463" lon="-0.134303"><ele>90</ele></trkpt>
      <trkpt lat="51.647456" lon="-0.134196"><ele>90</ele></trkpt>
      <trkpt lat="51.647473" lon="-0.134076"><ele>89.5</ele></trkpt>
      <trkpt lat="51.647719" lon="-0.133334"><ele>88</ele></trkpt>
      <trkpt lat="51.647719" lon="-0.133284"><ele>88</ele></trkpt>
      <trkpt lat="51.647703" lon="-0.133225"><ele>88.25</ele></trkpt>
      <trkpt lat="51.647693" lon="-0.133156"><ele>88.25</ele></trkpt>
      <trkpt lat="51.647725" lon="-0.133019"><ele>88</ele></trkpt>
      <trkpt lat="51.647751" lon="-0.132973"><ele>87.75</ele></trkpt>
      <trkpt lat="51.647776" lon="-0.132929"><ele>87.5</ele></trkpt>
      <trkpt lat="51.647782" lon="-0.132918"><ele>87.25</ele></trkpt>
      <trkpt lat="51.647784" lon="-0.132832"><ele>87</ele></trkpt>
      <trkpt lat="51.647822" lon="-0.132724"><ele>85.75</ele></trkpt>
      <trkpt lat="51.647758" lon="-0.13267"><ele>85.5</ele></trkpt>
      <trkpt lat="51.6477" lon="-0.132622"><ele>85.5</ele></trkpt>
      <trkpt lat="51.647799" lon="-0.132331"><ele>83.25</ele></trkpt>
      <trkpt lat="51.647724" lon="-0.132184"><ele>84.25</ele></trkpt>
      <trkpt lat="51.647799" lon="-0.132331"><ele>83.25</ele></trkpt>
      <trkpt lat="51.6477" lon="-0.132622"><ele>85.5</ele></trkpt>
      <trkpt lat="51.647683" lon="-0.132665"><ele>86.25</ele></trkpt>
      <trkpt lat="51.647639" lon="-0.132701"><ele>86.75</ele></trkpt>
      <trkpt lat="51.647606" lon="-0.132804"><ele>87.5</ele></trkpt>
      <trkpt lat="51.647565" lon="-0.132933"><ele>88.25</ele></trkpt>
      <trkpt lat="51.647575" lon="-0.132997"><ele>88.5</ele></trkpt>
      <trkpt lat="51.64757" lon="-0.133051"><ele>88.5</ele></trkpt>
      <trkpt lat="51.647294" lon="-0.133896"><ele>89.5</ele></trkpt>
      <trkpt lat="51.647253" lon="-0.13394"><ele>89.75</ele></trkpt>
      <trkpt lat="51.647113" lon="-0.134357"><ele>90.25</ele></trkpt>
      <trkpt lat="51.647004" lon="-0.134679"><ele>90.75</ele></trkpt>
      <trkpt lat="51.646991" lon="-0.13474"><ele>91</ele></trkpt>
      <trkpt lat="51.64698" lon="-0.134794"><ele>91</ele></trkpt>
      <trkpt lat="51.646971" lon="-0.134833"><ele>91</ele></trkpt>
      <trkpt lat="51.64687" lon="-0.13512"><ele>91.25</ele></trkpt>
      <trkpt lat="51.646817" lon="-0.135278"><ele>91.75</ele></trkpt>
      <trkpt lat="51.646765" lon="-0.135245"><ele>91.75</ele></trkpt>
      <trkpt lat="51.64654" lon="-0.135162"><ele>91.5</ele></trkpt>
      <trkpt lat="51.646311" lon="-0.135034"><ele>91</ele></trkpt>
      <trkpt lat="51.64574" lon="-0.134767"><ele>91</ele></trkpt>
      <trkpt lat="51.645561" lon="-0.134682"><ele>91</ele></trkpt>
      <trkpt lat="51.645466" lon="-0.134634"><ele>91</ele></trkpt>
      <trkpt lat="51.645363" lon="-0.13459"><ele>91</ele></trkpt>
      <trkpt lat="51.645188" lon="-0.134514"><ele>90.75</ele></trkpt>
      <trkpt lat="51.645101" lon="-0.134467"><ele>90.25</ele></trkpt>
      <trkpt lat="51.644889" lon="-0.134367"><ele>90</ele></trkpt>
      <trkpt lat="51.644736" lon="-0.134295"><ele>90</ele></trkpt>
      <trkpt lat="51.644566" lon="-0.134216"><ele>90</ele></trkpt>
      <trkpt lat="51.644408" lon="-0.134142"><ele>89.75</ele></trkpt>
      <trkpt lat="51.644215" lon="-0.134051"><ele>89</ele></trkpt>
      <trkpt lat="51.644051" lon="-0.133974"><ele>89</ele></trkpt>
      <trkpt lat="51.643782" lon="-0.133848"><ele>88.5</ele></trkpt>
      <trkpt lat="51.643595" lon="-0.13376"><ele>88</ele></trkpt>
      <trkpt lat="51.643313" lon="-0.133628"><ele>87.75</ele></trkpt>
      <trkpt lat="51.643015" lon="-0.133471"><ele>86.75</ele></trkpt>
      <trkpt lat="51.642988" lon="-0.133459"><ele>86.75</ele></trkpt>
      <trkpt lat="51.642652" lon="-0.1333"><ele>85.5</ele></trkpt>
      <trkpt lat="51.642199" lon="-0.133132"><ele>82.75</ele></trkpt>
      <trkpt lat="51.642079" lon="-0.133079"><ele>82.25</ele></trkpt>
      <trkpt lat="51.64192" lon="-0.13309"><ele>81.75</ele></trkpt>
      <trkpt lat="51.641911" lon="-0.133038"><ele>81.75</ele></trkpt>
      <trkpt lat="51.641656" lon="-0.132938"><ele>79.75</ele></trkpt>
      <trkpt lat="51.64164" lon="-0.132841"><ele>79.75</ele></trkpt>
      <trkpt lat="51.641423" lon="-0.132686"><ele>79</ele></trkpt>
      <trkpt lat="51.641363" lon="-0.132627"><ele>78.75</ele></trkpt>
      <trkpt lat="51.641327" lon="-0.132502"><ele>78.75</ele></trkpt>
      <trkpt lat="51.641211" lon="-0.132602"><ele>78.25</ele></trkpt>
      <trkpt lat="51.641173" lon="-0.13252"><ele>78</ele></trkpt>
      <trkpt lat="51.640728" lon="-0.132294"><ele>76.5</ele></trkpt>
      <trkpt lat="51.640265" lon="-0.13208"><ele>74.75</ele></trkpt>
      <trkpt lat="51.639847" lon="-0.13183"><ele>72.75</ele></trkpt>
      <trkpt lat="51.639322" lon="-0.131497"><ele>68.75</ele></trkpt>
      <trkpt lat="51.638984" lon="-0.131299"><ele>65.5</ele></trkpt>
      <trkpt lat="51.638633" lon="-0.131116"><ele>63</ele></trkpt>
      <trkpt lat="51.638475" lon="-0.131043"><ele>62.75</ele></trkpt>
      <trkpt lat="51.637799" lon="-0.130796"><ele>58</ele></trkpt>
      <trkpt lat="51.63772" lon="-0.130777"><ele>58.25</ele></trkpt>
      <trkpt lat="51.63762" lon="-0.130744"><ele>58.5</ele></trkpt>
      <trkpt lat="51.637254" lon="-0.130621"><ele>59</ele></trkpt>
      <trkpt lat="51.636998" lon="-0.130523"><ele>59.5</ele></trkpt>
      <trkpt lat="51.636947" lon="-0.130474"><ele>59.5</ele></trkpt>
      <trkpt lat="51.636878" lon="-0.130508"><ele>60</ele></trkpt>
      <trkpt lat="51.636608" lon="-0.130886"><ele>62.25</ele></trkpt>
      <trkpt lat="51.636545" lon="-0.130628"><ele>61.5</ele></trkpt>
      <trkpt lat="51.636194" lon="-0.128905"><ele>58</ele></trkpt>
      <trkpt lat="51.63614" lon="-0.128632"><ele>57</ele></trkpt>
      <trkpt lat="51.636123" lon="-0.128472"><ele>56.25</ele></trkpt>
      <trkpt lat="51.635879" lon="-0.128492"><ele>55.5</ele></trkpt>
      <trkpt lat="51.635847" lon="-0.128485"><ele>55.5</ele></trkpt>
      <trkpt lat="51.635824" lon="-0.128468"><ele>55.5</ele></trkpt>
      <trkpt lat="51.635806" lon="-0.128432"><ele>55.25</ele></trkpt>
      <trkpt lat="51.635738" lon="-0.128196"><ele>54.75</ele></trkpt>
      <trkpt lat="51.635553" lon="-0.128295"><ele>55.75</ele></trkpt>
      <trkpt lat="51.635478" lon="-0.12818"><ele>55.5</ele></trkpt>
      <trkpt lat="51.635126" lon="-0.127949"><ele>56.25</ele></trkpt>
      <trkpt lat="51.63466" lon="-0.127931"><ele>59.25</ele></trkpt>
      <trkpt lat="51.634592" lon="-0.127365"><ele>58</ele></trkpt>
      <trkpt lat="51.634402" lon="-0.127366"><ele>59.25</ele></trkpt>
      <trkpt lat="51.634286" lon="-0.12737"><ele>60</ele></trkpt>
      <trkpt lat="51.633611" lon="-0.127413"><ele>65</ele></trkpt>
      <trkpt lat="51.633614" lon="-0.127502"><ele>64.75</ele></trkpt>
      <trkpt lat="51.633163" lon="-0.127452"><ele>68</ele></trkpt>
      <trkpt lat="51.633139" lon="-0.127449"><ele>68.25</ele></trkpt>
      <trkpt lat="51.63312" lon="-0.127443"><ele>68.25</ele></trkpt>
      <trkpt lat="51.632989" lon="-0.1274"><ele>68.75</ele></trkpt>
      <trkpt lat="51.632899" lon="-0.127334"><ele>69.25</ele></trkpt>
      <trkpt lat="51.632855" lon="-0.127266"><ele>69.25</ele></trkpt>
      <trkpt lat="51.63282" lon="-0.127235"><ele>69.5</ele></trkpt>
      <trkpt lat="51.632775" lon="-0.127243"><ele>70</ele></trkpt>
      <trkpt lat="51.632748" lon="-0.127274"><ele>70</ele></trkpt>
      <trkpt lat="51.632716" lon="-0.127419"><ele>70</ele></trkpt>
      <trkpt lat="51.632691" lon="-0.127559"><ele>70.25</ele></trkpt>
      <trkpt lat="51.632685" lon="-0.1277"><ele>70.75</ele></trkpt>
      <trkpt lat="51.63266" lon="-0.127696"><ele>70.75</ele></trkpt>
      <trkpt lat="51.63264" lon="-0.127694"><ele>70.75</ele></trkpt>
      <trkpt lat="51.632603" lon="-0.127695"><ele>70.75</ele></trkpt>
      <trkpt lat="51.632574" lon="-0.127712"><ele>70.75</ele></trkpt>
      <trkpt lat="51.632563" lon="-0.127724"><ele>70.75</ele></trkpt>
      <trkpt lat="51.632538" lon="-0.127749"><ele>70.75</ele></trkpt>
      <trkpt lat="51.632506" lon="-0.127781"><ele>71</ele></trkpt>
      <trkpt lat="51.632484" lon="-0.127723"><ele>71</ele></trkpt>
      <trkpt lat="51.632432" lon="-0.127622"><ele>71</ele></trkpt>
      <trkpt lat="51.632413" lon="-0.127645"><ele>71</ele></trkpt>
      <trkpt lat="51.632365" lon="-0.127714"><ele>71.25</ele></trkpt>
      <trkpt lat="51.632318" lon="-0.127786"><ele>71.5</ele></trkpt>
      <trkpt lat="51.632309" lon="-0.127813"><ele>71.5</ele></trkpt>
      <trkpt lat="51.632318" lon="-0.127786"><ele>71.5</ele></trkpt>
      <trkpt lat="51.632365" lon="-0.127714"><ele>71.25</ele></trkpt>
      <trkpt lat="51.632413" lon="-0.127645"><ele>71</ele></trkpt>
      <trkpt lat="51.632432" lon="-0.127622"><ele>71</ele></trkpt>
      <trkpt lat="51.632338" lon="-0.127532"><ele>71</ele></trkpt>
      <trkpt lat="51.632197" lon="-0.127536"><ele>71</ele></trkpt>
      <trkpt lat="51.632052" lon="-0.127595"><ele>71.5</ele></trkpt>
      <trkpt lat="51.632008" lon="-0.127608"><ele>71.75</ele></trkpt>
      <trkpt lat="51.631939" lon="-0.127626"><ele>72</ele></trkpt>
      <trkpt lat="51.63192" lon="-0.127661"><ele>72</ele></trkpt>
      <trkpt lat="51.631906" lon="-0.127644"><ele>72</ele></trkpt>
      <trkpt lat="51.631881" lon="-0.127641"><ele>72</ele></trkpt>
      <trkpt lat="51.631662" lon="-0.127722"><ele>72</ele></trkpt>
      <trkpt lat="51.63164" lon="-0.127746"><ele>72</ele></trkpt>
      <trkpt lat="51.631628" lon="-0.127781"><ele>72</ele></trkpt>
      <trkpt lat="51.631629" lon="-0.127828"><ele>72</ele></trkpt>
      <trkpt lat="51.63155" lon="-0.127853"><ele>72.25</ele></trkpt>
      <trkpt lat="51.631565" lon="-0.127918"><ele>72.25</ele></trkpt>
      <trkpt lat="51.631585" lon="-0.127969"><ele>72.25</ele></trkpt>
      <trkpt lat="51.631536" lon="-0.128053"><ele>72.25</ele></trkpt>
      <trkpt lat="51.631264" lon="-0.128513"><ele>73</ele></trkpt>
      <trkpt lat="51.631135" lon="-0.128762"><ele>73.5</ele></trkpt>
      <trkpt lat="51.631135" lon="-0.128826"><ele>73.75</ele></trkpt>
      <trkpt lat="51.631158" lon="-0.128891"><ele>74</ele></trkpt>
      <trkpt lat="51.630945" lon="-0.12912"><ele>74</ele></trkpt>
      <trkpt lat="51.630878" lon="-0.12919"><ele>74</ele></trkpt>
      <trkpt lat="51.630802" lon="-0.129274"><ele>73.75</ele></trkpt>
      <trkpt lat="51.630764" lon="-0.129217"><ele>73.75</ele></trkpt>
      <trkpt lat="51.630717" lon="-0.129063"><ele>73.5</ele></trkpt>
      <trkpt lat="51.6307" lon="-0.128818"><ele>73.25</ele></trkpt>
      <trkpt lat="51.630329" lon="-0.128925"><ele>73</ele></trkpt>
      <trkpt lat="51.630256" lon="-0.128939"><ele>72.75</ele></trkpt>
      <trkpt lat="51.630227" lon="-0.128565"><ele>72.5</ele></trkpt>
      <trkpt lat="51.630186" lon="-0.128125"><ele>72</ele></trkpt>
      <trkpt lat="51.630172" lon="-0.127906"><ele>72</ele></trkpt>
      <trkpt lat="51.630004" lon="-0.127882"><ele>72</ele></trkpt>
      <trkpt lat="51.629544" lon="-0.127793"><ele>71</ele></trkpt>
      <trkpt lat="51.629499" lon="-0.128225"><ele>71</ele></trkpt>
      <trkpt lat="51.629461" lon="-0.128682"><ele>72</ele></trkpt>
      <trkpt lat="51.629428" lon="-0.128933"><ele>72</ele></trkpt>
      <trkpt lat="51.629385" lon="-0.129338"><ele>72</ele></trkpt>
      <trkpt lat="51.629361" lon="-0.12956"><ele>72.25</ele></trkpt>
      <trkpt lat="51.629348" lon="-0.12977"><ele>72.5</ele></trkpt>
      <trkpt lat="51.629304" lon="-0.130327"><ele>72.25</ele></trkpt>
      <trkpt lat="51.629232" lon="-0.130437"><ele>72</ele></trkpt>
      <trkpt lat="51.628806" lon="-0.130888"><ele>71.5</ele></trkpt>
      <trkpt lat="51.628523" lon="-0.131112"><ele>70.5</ele></trkpt>
      <trkpt lat="51.628515" lon="-0.131235"><ele>70.5</ele></trkpt>
      <trkpt lat="51.62818" lon="-0.131544"><ele>68.75</ele></trkpt>
      <trkpt lat="51.627708" lon="-0.132082"><ele>65.75</ele></trkpt>
      <trkpt lat="51.627212" lon="-0.132369"><ele>64.25</ele></trkpt>
      <trkpt lat="51.627014" lon="-0.132562"><ele>63.5</ele></trkpt>
      <trkpt lat="51.627052" lon="-0.132641"><ele>62.75</ele></trkpt>
      <trkpt lat="51.627033" lon="-0.132684"><ele>62.5</ele></trkpt>
      <trkpt lat="51.627023" lon="-0.132839"><ele>61.5</ele></trkpt>
      <trkpt lat="51.626942" lon="-0.132889"><ele>61</ele></trkpt>
      <trkpt lat="51.626941" lon="-0.13321"><ele>59.25</ele></trkpt>
      <trkpt lat="51.626458" lon="-0.133461"><ele>59.75</ele></trkpt>
      <trkpt lat="51.626354" lon="-0.133711"><ele>58.75</ele></trkpt>
      <trkpt lat="51.626315" lon="-0.133875"><ele>58.25</ele></trkpt>
      <trkpt lat="51.626316" lon="-0.134036"><ele>57.5</ele></trkpt>
      <trkpt lat="51.625552" lon="-0.134472"><ele>55.75</ele></trkpt>
      <trkpt lat="51.625049" lon="-0.134703"><ele>54</ele></trkpt>
      <trkpt lat="51.624718" lon="-0.134819"><ele>51.75</ele></trkpt>
      <trkpt lat="51.6245" lon="-0.134884"><ele>51.5</ele></trkpt>
      <trkpt lat="51.624232" lon="-0.134945"><ele>49.5</ele></trkpt>
      <trkpt lat="51.624191" lon="-0.134227"><ele>51.75</ele></trkpt>
      <trkpt lat="51.624105" lon="-0.134198"><ele>51.5</ele></trkpt>
      <trkpt lat="51.62405" lon="-0.1342"><ele>51.25</ele></trkpt>
      <trkpt lat="51.623998" lon="-0.134161"><ele>51.25</ele></trkpt>
      <trkpt lat="51.623979" lon="-0.134076"><ele>51.5</ele></trkpt>
      <trkpt lat="51.623922" lon="-0.133903"><ele>52</ele></trkpt>
      <trkpt lat="51.623877" lon="-0.133797"><ele>52.75</ele></trkpt>
      <trkpt lat="51.623014" lon="-0.132118"><ele>53.5</ele></trkpt>
      <trkpt lat="51.622271" lon="-0.130713"><ele>53.5</ele></trkpt>
      <trkpt lat="51.622074" lon="-0.130446"><ele>53.75</ele></trkpt>
      <trkpt lat="51.621779" lon="-0.130277"><ele>52.75</ele></trkpt>
      <trkpt lat="51.621634" lon="-0.130217"><ele>51.75</ele></trkpt>
      <trkpt lat="51.621441" lon="-0.130241"><ele>51</ele></trkpt>
      <trkpt lat="51.621253" lon="-0.130283"><ele>49.5</ele></trkpt>
      <trkpt lat="51.621084" lon="-0.130352"><ele>47.75</ele></trkpt>
      <trkpt lat="51.62094" lon="-0.130439"><ele>46.25</ele></trkpt>
      <trkpt lat="51.620675" lon="-0.130617"><ele>43.75</ele></trkpt>
      <trkpt lat="51.620466" lon="-0.130796"><ele>42.25</ele></trkpt>
      <trkpt lat="51.620205" lon="-0.131037"><ele>39.5</ele></trkpt>
      <trkpt lat="51.619881" lon="-0.130012"><ele>37</ele></trkpt>
      <trkpt lat="51.619856" lon="-0.130033"><ele>37</ele></trkpt>
      <trkpt lat="51.619791" lon="-0.130046"><ele>36.5</ele></trkpt>
      <trkpt lat="51.619722" lon="-0.130029"><ele>36</ele></trkpt>
      <trkpt lat="51.619656" lon="-0.129979"><ele>35.75</ele></trkpt>
      <trkpt lat="51.619626" lon="-0.129941"><ele>35.75</ele></trkpt>
      <trkpt lat="51.61959" lon="-0.129865"><ele>36</ele></trkpt>
      <trkpt lat="51.619555" lon="-0.129883"><ele>35.75</ele></trkpt>
      <trkpt lat="51.619342" lon="-0.130042"><ele>34.5</ele></trkpt>
      <trkpt lat="51.619283" lon="-0.130083"><ele>34</ele></trkpt>
      <trkpt lat="51.619227" lon="-0.130007"><ele>34</ele></trkpt>
      <trkpt lat="51.619193" lon="-0.129984"><ele>34</ele></trkpt>
      <trkpt lat="51.619152" lon="-0.12997"><ele>33.75</ele></trkpt>
      <trkpt lat="51.619105" lon="-0.129969"><ele>33.25</ele></trkpt>
      <trkpt lat="51.619011" lon="-0.130009"><ele>32.25</ele></trkpt>
      <trkpt lat="51.618834" lon="-0.130138"><ele>30.75</ele></trkpt>
      <trkpt lat="51.6187" lon="-0.130234"><ele>30.25</ele></trkpt>
      <trkpt lat="51.618379" lon="-0.130524"><ele>29</ele></trkpt>
      <trkpt lat="51.618216" lon="-0.130694"><ele>29</ele></trkpt>
      <trkpt lat="51.618119" lon="-0.130843"><ele>29</ele></trkpt>
      <trkpt lat="51.618068" lon="-0.13098"><ele>28.75</ele></trkpt>
      <trkpt lat="51.618012" lon="-0.131272"><ele>29</ele></trkpt>
      <trkpt lat="51.617905" lon="-0.131358"><ele>29.5</ele></trkpt>
      <trkpt lat="51.617872" lon="-0.131384"><ele>29.5</ele></trkpt>
      <trkpt lat="51.617842" lon="-0.131409"><ele>29.75</ele></trkpt>
      <trkpt lat="51.617831" lon="-0.131413"><ele>29.75</ele></trkpt>
      <trkpt lat="51.617195" lon="-0.131545"><ele>36</ele></trkpt>
      <trkpt lat="51.616902" lon="-0.131578"><ele>37.75</ele></trkpt>
      <trkpt lat="51.616147" lon="-0.131695"><ele>40</ele></trkpt>
      <trkpt lat="51.616153" lon="-0.131775"><ele>40</ele></trkpt>
      <trkpt lat="51.616151" lon="-0.131839"><ele>40</ele></trkpt>
      <trkpt lat="51.616138" lon="-0.131893"><ele>40</ele></trkpt>
      <trkpt lat="51.616092" lon="-0.131977"><ele>40</ele></trkpt>
      <trkpt lat="51.61607" lon="-0.131996"><ele>40</ele></trkpt>
      <trkpt lat="51.616035" lon="-0.132005"><ele>40</ele></trkpt>
      <trkpt lat="51.616038" lon="-0.132038"><ele>40.25</ele></trkpt>
      <trkpt lat="51.616074" lon="-0.132407"><ele>41.5</ele></trkpt>
      <trkpt lat="51.616076" lon="-0.132435"><ele>41.75</ele></trkpt>
      <trkpt lat="51.61608" lon="-0.132513"><ele>42</ele></trkpt>
      <trkpt lat="51.616164" lon="-0.132537"><ele>42</ele></trkpt>
      <trkpt lat="51.616235" lon="-0.132574"><ele>42</ele></trkpt>
      <trkpt lat="51.616264" lon="-0.132626"><ele>42</ele></trkpt>
      <trkpt lat="51.616274" lon="-0.13273"><ele>42</ele></trkpt>
      <trkpt lat="51.616469" lon="-0.132771"><ele>41.25</ele></trkpt>
      <trkpt lat="51.616274" lon="-0.13273"><ele>42</ele></trkpt>
      <trkpt lat="51.616264" lon="-0.132626"><ele>42</ele></trkpt>
      <trkpt lat="51.616235" lon="-0.132574"><ele>42</ele></trkpt>
      <trkpt lat="51.616164" lon="-0.132537"><ele>42</ele></trkpt>
      <trkpt lat="51.61608" lon="-0.132513"><ele>42</ele></trkpt>
      <trkpt lat="51.616076" lon="-0.132435"><ele>41.75</ele></trkpt>
      <trkpt lat="51.616074" lon="-0.132407"><ele>41.5</ele></trkpt>
      <trkpt lat="51.616038" lon="-0.132038"><ele>40.25</ele></trkpt>
      <trkpt lat="51.616035" lon="-0.132005"><ele>40</ele></trkpt>
      <trkpt lat="51.616032" lon="-0.131931"><ele>39.75</ele></trkpt>
      <trkpt lat="51.616024" lon="-0.131775"><ele>39.75</ele></trkpt>
      <trkpt lat="51.616021" lon="-0.131713"><ele>39.5</ele></trkpt>
      <trkpt lat="51.61596" lon="-0.131118"><ele>37.25</ele></trkpt>
      <trkpt lat="51.61573" lon="-0.129405"><ele>32.25</ele></trkpt>
      <trkpt lat="51.615627" lon="-0.128909"><ele>32</ele></trkpt>
      <trkpt lat="51.615572" lon="-0.128695"><ele>31.25</ele></trkpt>
      <trkpt lat="51.615495" lon="-0.128507"><ele>31</ele></trkpt>
      <trkpt lat="51.615457" lon="-0.128414"><ele>31</ele></trkpt>
      <trkpt lat="51.61533" lon="-0.128187"><ele>30.75</ele></trkpt>
      <trkpt lat="51.615184" lon="-0.127793"><ele>30.5</ele></trkpt>
      <trkpt lat="51.615146" lon="-0.127835"><ele>31</ele></trkpt>
      <trkpt lat="51.615088" lon="-0.127902"><ele>31.5</ele></trkpt>
      <trkpt lat="51.615036" lon="-0.127964"><ele>31.75</ele></trkpt>
      <trkpt lat="51.615017" lon="-0.127996"><ele>31.75</ele></trkpt>
      <trkpt lat="51.614985" lon="-0.12797"><ele>32</ele></trkpt>
      <trkpt lat="51.614942" lon="-0.127943"><ele>32</ele></trkpt>
      <trkpt lat="51.614898" lon="-0.127916"><ele>32</ele></trkpt>
      <trkpt lat="51.61488" lon="-0.127904"><ele>32</ele></trkpt>
      <trkpt lat="51.614903" lon="-0.127764"><ele>32</ele></trkpt>
      <trkpt lat="51.614894" lon="-0.127747"><ele>32</ele></trkpt>
      <trkpt lat="51.614873" lon="-0.127701"><ele>32</ele></trkpt>
      <trkpt lat="51.614847" lon="-0.127648"><ele>32</ele></trkpt>
      <trkpt lat="51.614826" lon="-0.127565"><ele>32</ele></trkpt>
      <trkpt lat="51.614807" lon="-0.127576"><ele>32</ele></trkpt>
      <trkpt lat="51.614777" lon="-0.127586"><ele>32</ele></trkpt>
      <trkpt lat="51.61474" lon="-0.127597"><ele>32</ele></trkpt>
      <trkpt lat="51.614725" lon="-0.127598"><ele>32</ele></trkpt>
      <trkpt lat="51.614715" lon="-0.127499"><ele>32</ele></trkpt>
      <trkpt lat="51.614678" lon="-0.127317"><ele>33</ele></trkpt>
      <trkpt lat="51.614658" lon="-0.127242"><ele>33.25</ele></trkpt>
      <trkpt lat="51.614588" lon="-0.127064"><ele>33.5</ele></trkpt>
      <trkpt lat="51.614544" lon="-0.126952"><ele>33.5</ele></trkpt>
      <trkpt lat="51.614505" lon="-0.126851"><ele>33.75</ele></trkpt>
      <trkpt lat="51.614493" lon="-0.126819"><ele>33.75</ele></trkpt>
      <trkpt lat="51.614475" lon="-0.126774"><ele>33.75</ele></trkpt>
      <trkpt lat="51.614169" lon="-0.125988"><ele>34.5</ele></trkpt>
      <trkpt lat="51.61388" lon="-0.125245"><ele>33</ele></trkpt>
      <trkpt lat="51.613858" lon="-0.125188"><ele>33</ele></trkpt>
      <trkpt lat="51.613846" lon="-0.125145"><ele>33</ele></trkpt>
      <trkpt lat="51.613787" lon="-0.124955"><ele>32.75</ele></trkpt>
      <trkpt lat="51.613697" lon="-0.124659"><ele>31.75</ele></trkpt>
      <trkpt lat="51.613671" lon="-0.124572"><ele>32</ele></trkpt>
      <trkpt lat="51.613605" lon="-0.124601"><ele>32</ele></trkpt>
      <trkpt lat="51.613154" lon="-0.124731"><ele>32.5</ele></trkpt>
      <trkpt lat="51.612571" lon="-0.124975"><ele>33</ele></trkpt>
      <trkpt lat="51.61231" lon="-0.125084"><ele>33.75</ele></trkpt>
      <trkpt lat="51.611845" lon="-0.125277"><ele>34.25</ele></trkpt>
      <trkpt lat="51.611361" lon="-0.125492"><ele>35</ele></trkpt>
      <trkpt lat="51.611157" lon="-0.125619"><ele>35.75</ele></trkpt>
      <trkpt lat="51.610615" lon="-0.125936"><ele>36.75</ele></trkpt>
      <trkpt lat="51.610525" lon="-0.125981"><ele>37</ele></trkpt>
      <trkpt lat="51.610231" lon="-0.126122"><ele>38</ele></trkpt>
      <trkpt lat="51.609904" lon="-0.12628"><ele>38.25</ele></trkpt>
      <trkpt lat="51.609872" lon="-0.126293"><ele>38.25</ele></trkpt>
      <trkpt lat="51.609841" lon="-0.126207"><ele>38.5</ele></trkpt>
      <trkpt lat="51.609771" lon="-0.126061"><ele>38.75</ele></trkpt>
      <trkpt lat="51.609715" lon="-0.125977"><ele>39</ele></trkpt>
      <trkpt lat="51.609678" lon="-0.125993"><ele>39</ele></trkpt>
      <trkpt lat="51.609297" lon="-0.12537"><ele>40</ele></trkpt>
      <trkpt lat="51.608882" lon="-0.124704"><ele>41</ele></trkpt>
      <trkpt lat="51.608726" lon="-0.124438"><ele>42</ele></trkpt>
      <trkpt lat="51.608645" lon="-0.124337"><ele>42</ele></trkpt>
      <trkpt lat="51.608364" lon="-0.124075"><ele>42.75</ele></trkpt>
      <trkpt lat="51.608212" lon="-0.123964"><ele>43</ele></trkpt>
      <trkpt lat="51.607952" lon="-0.123835"><ele>43.25</ele></trkpt>
      <trkpt lat="51.607765" lon="-0.123777"><ele>44</ele></trkpt>
      <trkpt lat="51.607723" lon="-0.123731"><ele>44</ele></trkpt>
      <trkpt lat="51.607719" lon="-0.123723"><ele>44</ele></trkpt>
      <trkpt lat="51.607663" lon="-0.123753"><ele>44.25</ele></trkpt>
      <trkpt lat="51.607662" lon="-0.12377"><ele>44.25</ele></trkpt>
      <trkpt lat="51.607649" lon="-0.123786"><ele>44.25</ele></trkpt>
      <trkpt lat="51.607574" lon="-0.123828"><ele>44.5</ele></trkpt>
      <trkpt lat="51.607503" lon="-0.123846"><ele>44.75</ele></trkpt>
      <trkpt lat="51.607405" lon="-0.123853"><ele>45.25</ele></trkpt>
      <trkpt lat="51.607346" lon="-0.123863"><ele>45.5</ele></trkpt>
      <trkpt lat="51.607186" lon="-0.123916"><ele>46</ele></trkpt>
      <trkpt lat="51.607127" lon="-0.123959"><ele>46.5</ele></trkpt>
      <trkpt lat="51.607024" lon="-0.124062"><ele>46.75</ele></trkpt>
      <trkpt lat="51.606976" lon="-0.124113"><ele>46.75</ele></trkpt>
      <trkpt lat="51.607011" lon="-0.124202"><ele>47</ele></trkpt>
      <trkpt lat="51.607026" lon="-0.124243"><ele>46.75</ele></trkpt>
      <trkpt lat="51.607011" lon="-0.124202"><ele>47</ele></trkpt>
      <trkpt lat="51.606949" lon="-0.124263"><ele>46.75</ele></trkpt>
      <trkpt lat="51.606918" lon="-0.124195"><ele>47</ele></trkpt>
      <trkpt lat="51.606877" lon="-0.124111"><ele>47</ele></trkpt>
      <trkpt lat="51.606844" lon="-0.124043"><ele>47</ele></trkpt>
      <trkpt lat="51.60676" lon="-0.123891"><ele>47</ele></trkpt>
      <trkpt lat="51.606483" lon="-0.123401"><ele>46</ele></trkpt>
      <trkpt lat="51.606467" lon="-0.123368"><ele>46</ele></trkpt>
      <trkpt lat="51.606468" lon="-0.123343"><ele>46</ele></trkpt>
      <trkpt lat="51.606451" lon="-0.123316"><ele>46</ele></trkpt>
      <trkpt lat="51.606431" lon="-0.123287"><ele>46</ele></trkpt>
      <trkpt lat="51.606423" lon="-0.123276"><ele>46</ele></trkpt>
      <trkpt lat="51.606379" lon="-0.123221"><ele>46</ele></trkpt>
      <trkpt lat="51.60611" lon="-0.122861"><ele>46</ele></trkpt>
      <trkpt lat="51.605916" lon="-0.122618"><ele>45.75</ele></trkpt>
      <trkpt lat="51.605775" lon="-0.122457"><ele>45.75</ele></trkpt>
      <trkpt lat="51.605702" lon="-0.122369"><ele>45.5</ele></trkpt>
      <trkpt lat="51.605673" lon="-0.12234"><ele>45.25</ele></trkpt>
      <trkpt lat="51.605528" lon="-0.12221"><ele>44.5</ele></trkpt>
      <trkpt lat="51.605413" lon="-0.122107"><ele>43.75</ele></trkpt>
      <trkpt lat="51.605339" lon="-0.122041"><ele>43.5</ele></trkpt>
      <trkpt lat="51.60521" lon="-0.121959"><ele>42.75</ele></trkpt>
      <trkpt lat="51.605136" lon="-0.121903"><ele>43</ele></trkpt>
      <trkpt lat="51.605119" lon="-0.121861"><ele>43.25</ele></trkpt>
      <trkpt lat="51.605115" lon="-0.121773"><ele>43.5</ele></trkpt>
      <trkpt lat="51.605119" lon="-0.121745"><ele>43.75</ele></trkpt>
      <trkpt lat="51.605101" lon="-0.121739"><ele>43.75</ele></trkpt>
      <trkpt lat="51.605064" lon="-0.121724"><ele>43.75</ele></trkpt>
      <trkpt lat="51.605039" lon="-0.121715"><ele>43.75</ele></trkpt>
      <trkpt lat="51.605022" lon="-0.121707"><ele>43.75</ele></trkpt>
      <trkpt lat="51.604977" lon="-0.121826"><ele>43.75</ele></trkpt>
      <trkpt lat="51.60497" lon="-0.121832"><ele>43.75</ele></trkpt>
      <trkpt lat="51.604948" lon="-0.12182"><ele>43.75</ele></trkpt>
      <trkpt lat="51.604947" lon="-0.121807"><ele>43.75</ele></trkpt>
      <trkpt lat="51.604949" lon="-0.121779"><ele>43.75</ele></trkpt>
      <trkpt lat="51.60492" lon="-0.121759"><ele>43.75</ele></trkpt>
      <trkpt lat="51.604563" lon="-0.121511"><ele>42</ele></trkpt>
      <trkpt lat="51.603938" lon="-0.121089"><ele>40</ele></trkpt>
      <trkpt lat="51.603667" lon="-0.120895"><ele>39</ele></trkpt>
      <trkpt lat="51.60364" lon="-0.120878"><ele>39</ele></trkpt>
      <trkpt lat="51.603618" lon="-0.120865"><ele>39</ele></trkpt>
      <trkpt lat="51.602756" lon="-0.120298"><ele>37</ele></trkpt>
      <trkpt lat="51.602694" lon="-0.120293"><ele>37</ele></trkpt>
      <trkpt lat="51.602693" lon="-0.120211"><ele>37</ele></trkpt>
      <trkpt lat="51.602649" lon="-0.120195"><ele>37</ele></trkpt>
      <trkpt lat="51.602575" lon="-0.120149"><ele>37</ele></trkpt>
      <trkpt lat="51.602357" lon="-0.119886"><ele>37</ele></trkpt>
      <trkpt lat="51.602166" lon="-0.119456"><ele>37</ele></trkpt>
      <trkpt lat="51.602124" lon="-0.11944"><ele>37</ele></trkpt>
      <trkpt lat="51.601873" lon="-0.118934"><ele>38</ele></trkpt>
      <trkpt lat="51.60186" lon="-0.118889"><ele>38</ele></trkpt>
      <trkpt lat="51.601874" lon="-0.118828"><ele>37.75</ele></trkpt>
      <trkpt lat="51.601835" lon="-0.118749"><ele>37.5</ele></trkpt>
      <trkpt lat="51.601815" lon="-0.118705"><ele>37.5</ele></trkpt>
      <trkpt lat="51.601807" lon="-0.118686"><ele>37.5</ele></trkpt>
      <trkpt lat="51.601788" lon="-0.118644"><ele>37.5</ele></trkpt>
      <trkpt lat="51.601767" lon="-0.1186"><ele>37.5</ele></trkpt>
      <trkpt lat="51.601746" lon="-0.118607"><ele>37.5</ele></trkpt>
      <trkpt lat="51.601725" lon="-0.118598"><ele>37.75</ele></trkpt>
      <trkpt lat="51.601268" lon="-0.117423"><ele>36</ele></trkpt>
      <trkpt lat="51.601159" lon="-0.117144"><ele>36</ele></trkpt>
      <trkpt lat="51.601104" lon="-0.116988"><ele>36</ele></trkpt>
      <trkpt lat="51.601044" lon="-0.116812"><ele>36</ele></trkpt>
      <trkpt lat="51.601006" lon="-0.1167"><ele>36</ele></trkpt>
      <trkpt lat="51.600863" lon="-0.116266"><ele>35</ele></trkpt>
      <trkpt lat="51.600725" lon="-0.115856"><ele>35</ele></trkpt>
      <trkpt lat="51.600719" lon="-0.115835"><ele>35</ele></trkpt>
      <trkpt lat="51.600643" lon="-0.115604"><ele>35</ele></trkpt>
      <trkpt lat="51.600593" lon="-0.11546"><ele>35</ele></trkpt>
      <trkpt lat="51.600144" lon="-0.114168"><ele>35.25</ele></trkpt>
      <trkpt lat="51.60007" lon="-0.113953"><ele>35.75</ele></trkpt>
      <trkpt lat="51.600026" lon="-0.113822"><ele>36</ele></trkpt>
      <trkpt lat="51.599848" lon="-0.113302"><ele>36.5</ele></trkpt>
      <trkpt lat="51.599827" lon="-0.113241"><ele>36.5</ele></trkpt>
      <trkpt lat="51.5998" lon="-0.113161"><ele>36.75</ele></trkpt>
      <trkpt lat="51.599787" lon="-0.113173"><ele>36.75</ele></trkpt>
      <trkpt lat="51.599748" lon="-0.113206"><ele>36.75</ele></trkpt>
      <trkpt lat="51.59971" lon="-0.113241"><ele>37</ele></trkpt>
      <trkpt lat="51.599691" lon="-0.113257"><ele>37</ele></trkpt>
      <trkpt lat="51.59959" lon="-0.11299"><ele>37</ele></trkpt>
      <trkpt lat="51.599493" lon="-0.112728"><ele>36.75</ele></trkpt>
      <trkpt lat="51.599303" lon="-0.112275"><ele>37.75</ele></trkpt>
      <trkpt lat="51.599148" lon="-0.11202"><ele>37.25</ele></trkpt>
      <trkpt lat="51.599142" lon="-0.112011"><ele>37</ele></trkpt>
      <trkpt lat="51.599137" lon="-0.112003"><ele>37</ele></trkpt>
      <trkpt lat="51.59908" lon="-0.111902"><ele>36.75</ele></trkpt>
      <trkpt lat="51.598969" lon="-0.111715"><ele>35.75</ele></trkpt>
      <trkpt lat="51.598447" lon="-0.110964"><ele>33.25</ele></trkpt>
      <trkpt lat="51.598431" lon="-0.110942"><ele>33.25</ele></trkpt>
      <trkpt lat="51.59841" lon="-0.110908"><ele>33.25</ele></trkpt>
      <trkpt lat="51.598427" lon="-0.11086"><ele>33.25</ele></trkpt>
      <trkpt lat="51.598447" lon="-0.110775"><ele>33</ele></trkpt>
      <trkpt lat="51.598469" lon="-0.110708"><ele>33</ele></trkpt>
      <trkpt lat="51.598476" lon="-0.110651"><ele>32.75</ele></trkpt>
      <trkpt lat="51.59844" lon="-0.11064"><ele>32.5</ele></trkpt>
      <trkpt lat="51.598435" lon="-0.110637"><ele>32.5</ele></trkpt>
      <trkpt lat="51.598423" lon="-0.110632"><ele>32.5</ele></trkpt>
      <trkpt lat="51.598419" lon="-0.110661"><ele>32.5</ele></trkpt>
      <trkpt lat="51.598248" lon="-0.110578"><ele>31.75</ele></trkpt>
      <trkpt lat="51.597481" lon="-0.110036"><ele>26.75</ele></trkpt>
      <trkpt lat="51.597486" lon="-0.110024"><ele>26.75</ele></trkpt>
      <trkpt lat="51.597442" lon="-0.109984"><ele>26.75</ele></trkpt>
      <trkpt lat="51.597442" lon="-0.10997"><ele>26.75</ele></trkpt>
      <trkpt lat="51.597367" lon="-0.109861"><ele>26.25</ele></trkpt>
      <trkpt lat="51.597339" lon="-0.109904"><ele>26</ele></trkpt>
      <trkpt lat="51.597287" lon="-0.109799"><ele>25.5</ele></trkpt>
      <trkpt lat="51.597268" lon="-0.109702"><ele>25.25</ele></trkpt>
      <trkpt lat="51.597259" lon="-0.109572"><ele>25</ele></trkpt>
      <trkpt lat="51.597236" lon="-0.109561"><ele>25</ele></trkpt>
      <trkpt lat="51.597215" lon="-0.109549"><ele>24.75</ele></trkpt>
      <trkpt lat="51.597201" lon="-0.109541"><ele>24.75</ele></trkpt>
      <trkpt lat="51.59718" lon="-0.109531"><ele>24.75</ele></trkpt>
      <trkpt lat="51.597157" lon="-0.109519"><ele>24.75</ele></trkpt>
      <trkpt lat="51.597121" lon="-0.1095"><ele>24.5</ele></trkpt>
      <trkpt lat="51.597096" lon="-0.109485"><ele>24.5</ele></trkpt>
      <trkpt lat="51.597006" lon="-0.109423"><ele>24</ele></trkpt>
      <trkpt lat="51.59678" lon="-0.109253"><ele>23.25</ele></trkpt>
      <trkpt lat="51.596637" lon="-0.109167"><ele>22.75</ele></trkpt>
      <trkpt lat="51.596525" lon="-0.109119"><ele>22.25</ele></trkpt>
      <trkpt lat="51.596456" lon="-0.109079"><ele>22</ele></trkpt>
      <trkpt lat="51.596427" lon="-0.109063"><ele>22</ele></trkpt>
      <trkpt lat="51.596403" lon="-0.10905"><ele>22</ele></trkpt>
      <trkpt lat="51.596387" lon="-0.109045"><ele>21.75</ele></trkpt>
      <trkpt lat="51.596341" lon="-0.10903"><ele>21.75</ele></trkpt>
      <trkpt lat="51.596278" lon="-0.109009"><ele>21.5</ele></trkpt>
      <trkpt lat="51.596244" lon="-0.109002"><ele>21.25</ele></trkpt>
      <trkpt lat="51.596199" lon="-0.10899"><ele>21.25</ele></trkpt>
      <trkpt lat="51.59614" lon="-0.108973"><ele>21</ele></trkpt>
      <trkpt lat="51.595979" lon="-0.108926"><ele>21</ele></trkpt>
      <trkpt lat="51.595773" lon="-0.10887"><ele>21</ele></trkpt>
      <trkpt lat="51.595584" lon="-0.108852"><ele>21</ele></trkpt>
      <trkpt lat="51.595454" lon="-0.108861"><ele>21</ele></trkpt>
      <trkpt lat="51.595166" lon="-0.108816"><ele>21</ele></trkpt>
      <trkpt lat="51.594995" lon="-0.10879"><ele>21</ele></trkpt>
      <trkpt lat="51.594925" lon="-0.108769"><ele>21</ele></trkpt>
      <trkpt lat="51.594836" lon="-0.108706"><ele>21</ele></trkpt>
      <trkpt lat="51.594698" lon="-0.108565"><ele>21</ele></trkpt>
      <trkpt lat="51.594613" lon="-0.108482"><ele>21</ele></trkpt>
      <trkpt lat="51.594481" lon="-0.108336"><ele>21</ele></trkpt>
      <trkpt lat="51.593646" lon="-0.10737"><ele>21</ele></trkpt>
      <trkpt lat="51.59349" lon="-0.107164"><ele>21</ele></trkpt>
      <trkpt lat="51.593437" lon="-0.107084"><ele>21</ele></trkpt>
      <trkpt lat="51.593386" lon="-0.107009"><ele>21</ele></trkpt>
      <trkpt lat="51.592568" lon="-0.105832"><ele>20.75</ele></trkpt>
      <trkpt lat="51.592208" lon="-0.105285"><ele>21</ele></trkpt>
      <trkpt lat="51.591592" lon="-0.104497"><ele>20.25</ele></trkpt>
      <trkpt lat="51.591163" lon="-0.104007"><ele>21</ele></trkpt>
      <trkpt lat="51.591072" lon="-0.103902"><ele>21</ele></trkpt>
      <trkpt lat="51.591059" lon="-0.103887"><ele>21</ele></trkpt>
      <trkpt lat="51.591047" lon="-0.103875"><ele>21</ele></trkpt>
      <trkpt lat="51.59062" lon="-0.103369"><ele>21</ele></trkpt>
      <trkpt lat="51.590667" lon="-0.103196"><ele>21</ele></trkpt>
      <trkpt lat="51.590662" lon="-0.103186"><ele>21</ele></trkpt>
      <trkpt lat="51.590637" lon="-0.103143"><ele>21</ele></trkpt>
      <trkpt lat="51.590623" lon="-0.10312"><ele>21</ele></trkpt>
      <trkpt lat="51.590607" lon="-0.103094"><ele>21</ele></trkpt>
      <trkpt lat="51.590533" lon="-0.103208"><ele>21</ele></trkpt>
      <trkpt lat="51.590514" lon="-0.103172"><ele>21</ele></trkpt>
      <trkpt lat="51.590499" lon="-0.103139"><ele>21</ele></trkpt>
      <trkpt lat="51.590483" lon="-0.103105"><ele>21</ele></trkpt>
      <trkpt lat="51.59043" lon="-0.103108"><ele>21</ele></trkpt>
      <trkpt lat="51.590374" lon="-0.103089"><ele>21</ele></trkpt>
      <trkpt lat="51.590263" lon="-0.102976"><ele>21</ele></trkpt>
      <trkpt lat="51.590205" lon="-0.102916"><ele>21</ele></trkpt>
      <trkpt lat="51.589979" lon="-0.102692"><ele>21</ele></trkpt>
      <trkpt lat="51.589962" lon="-0.102678"><ele>21</ele></trkpt>
      <trkpt lat="51.589941" lon="-0.102661"><ele>21</ele></trkpt>
      <trkpt lat="51.5899" lon="-0.102628"><ele>21.25</ele></trkpt>
      <trkpt lat="51.589568" lon="-0.102353"><ele>21.75</ele></trkpt>
      <trkpt lat="51.589505" lon="-0.102347"><ele>21.75</ele></trkpt>
      <trkpt lat="51.589463" lon="-0.102343"><ele>21.75</ele></trkpt>
      <trkpt lat="51.589433" lon="-0.102354"><ele>22</ele></trkpt>
      <trkpt lat="51.589097" lon="-0.102157"><ele>22</ele></trkpt>
      <trkpt lat="51.588987" lon="-0.102078"><ele>22</ele></trkpt>
      <trkpt lat="51.588936" lon="-0.102021"><ele>22</ele></trkpt>
      <trkpt lat="51.588829" lon="-0.101835"><ele>22</ele></trkpt>
      <trkpt lat="51.58882" lon="-0.101847"><ele>22</ele></trkpt>
      <trkpt lat="51.588797" lon="-0.101873"><ele>22</ele></trkpt>
      <trkpt lat="51.588782" lon="-0.10189"><ele>22</ele></trkpt>
      <trkpt lat="51.588758" lon="-0.101896"><ele>22</ele></trkpt>
      <trkpt lat="51.588723" lon="-0.101855"><ele>22</ele></trkpt>
      <trkpt lat="51.588694" lon="-0.101839"><ele>22</ele></trkpt>
      <trkpt lat="51.588662" lon="-0.10182"><ele>22</ele></trkpt>
      <trkpt lat="51.588646" lon="-0.101832"><ele>22</ele></trkpt>
      <trkpt lat="51.588624" lon="-0.10183"><ele>22</ele></trkpt>
      <trkpt lat="51.588038" lon="-0.10151"><ele>22</ele></trkpt>
      <trkpt lat="51.587642" lon="-0.101298"><ele>22</ele></trkpt>
      <trkpt lat="51.587639" lon="-0.101313"><ele>22</ele></trkpt>
      <trkpt lat="51.587272" lon="-0.1011"><ele>22</ele></trkpt>
      <trkpt lat="51.587267" lon="-0.101073"><ele>22</ele></trkpt>
      <trkpt lat="51.587272" lon="-0.101055"><ele>22</ele></trkpt>
      <trkpt lat="51.587259" lon="-0.101047"><ele>22</ele></trkpt>
      <trkpt lat="51.587225" lon="-0.101028"><ele>22.25</ele></trkpt>
      <trkpt lat="51.587154" lon="-0.100985"><ele>22.25</ele></trkpt>
      <trkpt lat="51.587125" lon="-0.100969"><ele>22.5</ele></trkpt>
      <trkpt lat="51.587079" lon="-0.100942"><ele>22.5</ele></trkpt>
      <trkpt lat="51.587046" lon="-0.100989"><ele>22.25</ele></trkpt>
      <trkpt lat="51.586787" lon="-0.100847"><ele>22.25</ele></trkpt>
      <trkpt lat="51.58679" lon="-0.100834"><ele>22.25</ele></trkpt>
      <trkpt lat="51.586766" lon="-0.10082"><ele>22.25</ele></trkpt>
      <trkpt lat="51.58655" lon="-0.100699"><ele>22</ele></trkpt>
      <trkpt lat="51.586467" lon="-0.100652"><ele>22</ele></trkpt>
      <trkpt lat="51.586229" lon="-0.10054"><ele>21.25</ele></trkpt>
      <trkpt lat="51.585879" lon="-0.100393"><ele>21</ele></trkpt>
      <trkpt lat="51.585856" lon="-0.100383"><ele>21</ele></trkpt>
      <trkpt lat="51.585818" lon="-0.100365"><ele>20.75</ele></trkpt>
      <trkpt lat="51.585288" lon="-0.100184"><ele>19.25</ele></trkpt>
      <trkpt lat="51.58511" lon="-0.100132"><ele>19</ele></trkpt>
      <trkpt lat="51.585074" lon="-0.100123"><ele>19</ele></trkpt>
      <trkpt lat="51.585042" lon="-0.100117"><ele>19</ele></trkpt>
      <trkpt lat="51.584949" lon="-0.100099"><ele>19</ele></trkpt>
      <trkpt lat="51.584496" lon="-0.099995"><ele>18</ele></trkpt>
      <trkpt lat="51.584468" lon="-0.099973"><ele>18</ele></trkpt>
      <trkpt lat="51.584341" lon="-0.099948"><ele>18</ele></trkpt>
      <trkpt lat="51.584304" lon="-0.099961"><ele>18</ele></trkpt>
      <trkpt lat="51.583883" lon="-0.09989"><ele>18</ele></trkpt>
      <trkpt lat="51.583869" lon="-0.099887"><ele>18</ele></trkpt>
      <trkpt lat="51.583847" lon="-0.099882"><ele>18</ele></trkpt>
      <trkpt lat="51.583814" lon="-0.099877"><ele>18</ele></trkpt>
      <trkpt lat="51.583488" lon="-0.09981"><ele>18</ele></trkpt>
      <trkpt lat="51.582706" lon="-0.099653"><ele>18</ele></trkpt>
      <trkpt lat="51.582503" lon="-0.099628"><ele>18</ele></trkpt>
      <trkpt lat="51.582477" lon="-0.099606"><ele>18</ele></trkpt>
      <trkpt lat="51.582451" lon="-0.099584"><ele>18</ele></trkpt>
      <trkpt lat="51.582427" lon="-0.099584"><ele>18.25</ele></trkpt>
      <trkpt lat="51.582405" lon="-0.099584"><ele>18.25</ele></trkpt>
      <trkpt lat="51.5823" lon="-0.099567"><ele>18.5</ele></trkpt>
      <trkpt lat="51.582226" lon="-0.099556"><ele>18.75</ele></trkpt>
      <trkpt lat="51.581516" lon="-0.099429"><ele>19.5</ele></trkpt>
      <trkpt lat="51.581465" lon="-0.09939"><ele>19.5</ele></trkpt>
      <trkpt lat="51.581439" lon="-0.099386"><ele>19.5</ele></trkpt>
      <trkpt lat="51.581401" lon="-0.09938"><ele>19.5</ele></trkpt>
      <trkpt lat="51.581372" lon="-0.099402"><ele>19.75</ele></trkpt>
      <trkpt lat="51.581319" lon="-0.099398"><ele>19.75</ele></trkpt>
      <trkpt lat="51.580837" lon="-0.099301"><ele>20</ele></trkpt>
      <trkpt lat="51.580815" lon="-0.099296"><ele>20</ele></trkpt>
      <trkpt lat="51.580784" lon="-0.09929"><ele>20</ele></trkpt>
      <trkpt lat="51.58014" lon="-0.099167"><ele>20</ele></trkpt>
      <trkpt lat="51.58011" lon="-0.099161"><ele>20</ele></trkpt>
      <trkpt lat="51.580091" lon="-0.099158"><ele>20</ele></trkpt>
      <trkpt lat="51.579807" lon="-0.099111"><ele>20</ele></trkpt>
      <trkpt lat="51.579498" lon="-0.099051"><ele>20</ele></trkpt>
      <trkpt lat="51.579471" lon="-0.099046"><ele>19.75</ele></trkpt>
      <trkpt lat="51.579447" lon="-0.099041"><ele>20</ele></trkpt>
      <trkpt lat="51.57881" lon="-0.098925"><ele>21</ele></trkpt>
      <trkpt lat="51.578524" lon="-0.098871"><ele>21</ele></trkpt>
      <trkpt lat="51.578176" lon="-0.0988"><ele>21.5</ele></trkpt>
      <trkpt lat="51.578153" lon="-0.098796"><ele>21.75</ele></trkpt>
      <trkpt lat="51.578126" lon="-0.098792"><ele>21.75</ele></trkpt>
      <trkpt lat="51.57763" lon="-0.098707"><ele>22</ele></trkpt>
      <trkpt lat="51.577166" lon="-0.098625"><ele>22.75</ele></trkpt>
      <trkpt lat="51.577107" lon="-0.098593"><ele>22.5</ele></trkpt>
      <trkpt lat="51.576937" lon="-0.098544"><ele>22.25</ele></trkpt>
      <trkpt lat="51.576778" lon="-0.098502"><ele>22.5</ele></trkpt>
      <trkpt lat="51.57674" lon="-0.09848"><ele>22.5</ele></trkpt>
      <trkpt lat="51.576719" lon="-0.098445"><ele>22.5</ele></trkpt>
      <trkpt lat="51.576706" lon="-0.098392"><ele>22.75</ele></trkpt>
      <trkpt lat="51.576693" lon="-0.098399"><ele>22.75</ele></trkpt>
      <trkpt lat="51.576664" lon="-0.098385"><ele>22.75</ele></trkpt>
      <trkpt lat="51.576634" lon="-0.098371"><ele>22.75</ele></trkpt>
      <trkpt lat="51.576623" lon="-0.098367"><ele>23</ele></trkpt>
      <trkpt lat="51.576618" lon="-0.098396"><ele>22.75</ele></trkpt>
      <trkpt lat="51.576613" lon="-0.098432"><ele>22.75</ele></trkpt>
      <trkpt lat="51.576598" lon="-0.098426"><ele>22.75</ele></trkpt>
      <trkpt lat="51.576579" lon="-0.098418"><ele>23</ele></trkpt>
      <trkpt lat="51.576562" lon="-0.09841"><ele>23</ele></trkpt>
      <trkpt lat="51.576525" lon="-0.098435"><ele>23</ele></trkpt>
      <trkpt lat="51.576484" lon="-0.09842"><ele>23.25</ele></trkpt>
      <trkpt lat="51.576472" lon="-0.098393"><ele>23.25</ele></trkpt>
      <trkpt lat="51.57646" lon="-0.098366"><ele>23.5</ele></trkpt>
      <trkpt lat="51.576455" lon="-0.098352"><ele>23.5</ele></trkpt>
      <trkpt lat="51.576334" lon="-0.098422"><ele>23.5</ele></trkpt>
      <trkpt lat="51.576246" lon="-0.098436"><ele>23.5</ele></trkpt>
      <trkpt lat="51.576084" lon="-0.098431"><ele>23.5</ele></trkpt>
      <trkpt lat="51.575834" lon="-0.098395"><ele>23.75</ele></trkpt>
      <trkpt lat="51.575808" lon="-0.098392"><ele>23.75</ele></trkpt>
      <trkpt lat="51.575651" lon="-0.098369"><ele>23.75</ele></trkpt>
      <trkpt lat="51.575396" lon="-0.098321"><ele>24.5</ele></trkpt>
      <trkpt lat="51.57509" lon="-0.098268"><ele>25.5</ele></trkpt>
      <trkpt lat="51.574892" lon="-0.098205"><ele>26</ele></trkpt>
      <trkpt lat="51.574854" lon="-0.09819"><ele>26.25</ele></trkpt>
      <trkpt lat="51.574815" lon="-0.098175"><ele>26.25</ele></trkpt>
      <trkpt lat="51.574762" lon="-0.098138"><ele>26.75</ele></trkpt>
      <trkpt lat="51.574749" lon="-0.098133"><ele>26.75</ele></trkpt>
      <trkpt lat="51.574721" lon="-0.098121"><ele>27</ele></trkpt>
      <trkpt lat="51.574694" lon="-0.098109"><ele>27</ele></trkpt>
      <trkpt lat="51.574675" lon="-0.098111"><ele>27</ele></trkpt>
      <trkpt lat="51.574664" lon="-0.098114"><ele>27</ele></trkpt>
      <trkpt lat="51.573708" lon="-0.097573"><ele>30</ele></trkpt>
      <trkpt lat="51.573613" lon="-0.097528"><ele>30.75</ele></trkpt>
      <trkpt lat="51.573605" lon="-0.097524"><ele>31</ele></trkpt>
      <trkpt lat="51.573464" lon="-0.097446"><ele>31.5</ele></trkpt>
      <trkpt lat="51.573441" lon="-0.097434"><ele>31.75</ele></trkpt>
      <trkpt lat="51.57241" lon="-0.096825"><ele>37.5</ele></trkpt>
      <trkpt lat="51.572274" lon="-0.096755"><ele>37.75</ele></trkpt>
      <trkpt lat="51.571791" lon="-0.096505"><ele>39</ele></trkpt>
      <trkpt lat="51.571761" lon="-0.096491"><ele>39</ele></trkpt>
      <trkpt lat="51.571726" lon="-0.096476"><ele>39</ele></trkpt>
      <trkpt lat="51.571518" lon="-0.096346"><ele>39</ele></trkpt>
      <trkpt lat="51.571458" lon="-0.096251"><ele>39</ele></trkpt>
      <trkpt lat="51.571206" lon="-0.096103"><ele>38.75</ele></trkpt>
      <trkpt lat="51.571011" lon="-0.095966"><ele>38.25</ele></trkpt>
      <trkpt lat="51.57095" lon="-0.09591"><ele>38.25</ele></trkpt>
      <trkpt lat="51.57094" lon="-0.095937"><ele>38.25</ele></trkpt>
      <trkpt lat="51.570917" lon="-0.096014"><ele>38.5</ele></trkpt>
      <trkpt lat="51.570892" lon="-0.096098"><ele>38.75</ele></trkpt>
      <trkpt lat="51.570885" lon="-0.096119"><ele>39</ele></trkpt>
      <trkpt lat="51.570829" lon="-0.096074"><ele>38.75</ele></trkpt>
      <trkpt lat="51.570823" lon="-0.096091"><ele>38.75</ele></trkpt>
      <trkpt lat="51.570809" lon="-0.096146"><ele>38.75</ele></trkpt>
      <trkpt lat="51.570749" lon="-0.096088"><ele>38.25</ele></trkpt>
      <trkpt lat="51.570809" lon="-0.096146"><ele>38.75</ele></trkpt>
      <trkpt lat="51.570791" lon="-0.096213"><ele>38.75</ele></trkpt>
      <trkpt lat="51.570781" lon="-0.09626"><ele>38.75</ele></trkpt>
      <trkpt lat="51.570699" lon="-0.096282"><ele>38.75</ele></trkpt>
      <trkpt lat="51.570589" lon="-0.096343"><ele>38.75</ele></trkpt>
      <trkpt lat="51.570466" lon="-0.096424"><ele>39</ele></trkpt>
      <trkpt lat="51.570424" lon="-0.096494"><ele>39</ele></trkpt>
      <trkpt lat="51.569665" lon="-0.097498"><ele>39.75</ele></trkpt>
      <trkpt lat="51.569278" lon="-0.097994"><ele>39.75</ele></trkpt>
      <trkpt lat="51.56817" lon="-0.099459"><ele>39.25</ele></trkpt>
      <trkpt lat="51.568113" lon="-0.099526"><ele>39</ele></trkpt>
      <trkpt lat="51.567017" lon="-0.100978"><ele>37.25</ele></trkpt>
      <trkpt lat="51.565268" lon="-0.103719"><ele>31</ele></trkpt>
      <trkpt lat="51.565226" lon="-0.103785"><ele>31</ele></trkpt>
      <trkpt lat="51.565194" lon="-0.103835"><ele>31</ele></trkpt>
      <trkpt lat="51.56513" lon="-0.10395"><ele>31</ele></trkpt>
      <trkpt lat="51.565114" lon="-0.103979"><ele>31</ele></trkpt>
      <trkpt lat="51.564851" lon="-0.104444"><ele>30.25</ele></trkpt>
      <trkpt lat="51.564699" lon="-0.104725"><ele>30.75</ele></trkpt>
      <trkpt lat="51.564686" lon="-0.104747"><ele>30.75</ele></trkpt>
      <trkpt lat="51.564663" lon="-0.104792"><ele>30.75</ele></trkpt>
      <trkpt lat="51.564647" lon="-0.104823"><ele>30.5</ele></trkpt>
      <trkpt lat="51.564642" lon="-0.104831"><ele>30.5</ele></trkpt>
      <trkpt lat="51.564593" lon="-0.104899"><ele>30.5</ele></trkpt>
      <trkpt lat="51.564585" lon="-0.104908"><ele>30.5</ele></trkpt>
      <trkpt lat="51.564556" lon="-0.104972"><ele>30.25</ele></trkpt>
      <trkpt lat="51.564349" lon="-0.105432"><ele>30</ele></trkpt>
      <trkpt lat="51.564324" lon="-0.105485"><ele>30</ele></trkpt>
      <trkpt lat="51.564294" lon="-0.105546"><ele>30</ele></trkpt>
      <trkpt lat="51.564265" lon="-0.105607"><ele>30</ele></trkpt>
      <trkpt lat="51.564238" lon="-0.105662"><ele>30</ele></trkpt>
      <trkpt lat="51.564147" lon="-0.105861"><ele>30.5</ele></trkpt>
      <trkpt lat="51.564283" lon="-0.105816"><ele>30.75</ele></trkpt>
      <trkpt lat="51.564477" lon="-0.105789"><ele>31.75</ele></trkpt>
      <trkpt lat="51.564481" lon="-0.105884"><ele>31.75</ele></trkpt>
      <trkpt lat="51.564483" lon="-0.105937"><ele>31.75</ele></trkpt>
      <trkpt lat="51.564503" lon="-0.106446"><ele>31.75</ele></trkpt>
      <trkpt lat="51.564519" lon="-0.106844"><ele>31.75</ele></trkpt>
      <trkpt lat="51.564349" lon="-0.106871"><ele>31.75</ele></trkpt>
      <trkpt lat="51.564343" lon="-0.106794"><ele>31.75</ele></trkpt>
      <trkpt lat="51.564349" lon="-0.106871"><ele>31.75</ele></trkpt>
      <trkpt lat="51.564519" lon="-0.106844"><ele>31.75</ele></trkpt>
      <trkpt lat="51.564503" lon="-0.106446"><ele>31.75</ele></trkpt>
      <trkpt lat="51.564483" lon="-0.105937"><ele>31.75</ele></trkpt>
      <trkpt lat="51.564481" lon="-0.105884"><ele>31.75</ele></trkpt>
      <trkpt lat="51.564477" lon="-0.105789"><ele>31.75</ele></trkpt>
      <trkpt lat="51.564283" lon="-0.105816"><ele>30.75</ele></trkpt>
      <trkpt lat="51.564147" lon="-0.105861"><ele>30.5</ele></trkpt>
      <trkpt lat="51.564131" lon="-0.105839"><ele>30</ele></trkpt>
      <trkpt lat="51.564074" lon="-0.105774"><ele>30.25</ele></trkpt>
      <trkpt lat="51.564041" lon="-0.105736"><ele>30.25</ele></trkpt>
      <trkpt lat="51.564029" lon="-0.105721"><ele>30.25</ele></trkpt>
      <trkpt lat="51.563986" lon="-0.105627"><ele>30</ele></trkpt>
      <trkpt lat="51.563888" lon="-0.105493"><ele>30</ele></trkpt>
      <trkpt lat="51.563836" lon="-0.105438"><ele>30</ele></trkpt>
      <trkpt lat="51.563809" lon="-0.105423"><ele>30</ele></trkpt>
      <trkpt lat="51.563753" lon="-0.105336"><ele>30</ele></trkpt>
      <trkpt lat="51.563735" lon="-0.105307"><ele>30</ele></trkpt>
      <trkpt lat="51.563652" lon="-0.105371"><ele>30</ele></trkpt>
      <trkpt lat="51.563562" lon="-0.10539"><ele>29.75</ele></trkpt>
      <trkpt lat="51.563278" lon="-0.105409"><ele>28.75</ele></trkpt>
      <trkpt lat="51.56269" lon="-0.105461"><ele>27.5</ele></trkpt>
      <trkpt lat="51.562573" lon="-0.105463"><ele>27.5</ele></trkpt>
      <trkpt lat="51.562404" lon="-0.10544"><ele>27.25</ele></trkpt>
      <trkpt lat="51.562296" lon="-0.105405"><ele>27</ele></trkpt>
      <trkpt lat="51.562123" lon="-0.105324"><ele>27</ele></trkpt>
      <trkpt lat="51.561647" lon="-0.105119"><ele>26.25</ele></trkpt>
      <trkpt lat="51.561308" lon="-0.104973"><ele>26.5</ele></trkpt>
      <trkpt lat="51.560969" lon="-0.104824"><ele>26</ele></trkpt>
      <trkpt lat="51.560826" lon="-0.104752"><ele>26</ele></trkpt>
      <trkpt lat="51.560515" lon="-0.104567"><ele>26</ele></trkpt>
      <trkpt lat="51.560117" lon="-0.104329"><ele>26</ele></trkpt>
      <trkpt lat="51.560029" lon="-0.104275"><ele>26</ele></trkpt>
      <trkpt lat="51.559676" lon="-0.10406"><ele>26</ele></trkpt>
      <trkpt lat="51.559384" lon="-0.103879"><ele>25.75</ele></trkpt>
      <trkpt lat="51.559032" lon="-0.103663"><ele>26</ele></trkpt>
      <trkpt lat="51.558991" lon="-0.103636"><ele>26</ele></trkpt>
      <trkpt lat="51.558962" lon="-0.103728"><ele>26</ele></trkpt>
      <trkpt lat="51.558938" lon="-0.103798"><ele>26</ele></trkpt>
      <trkpt lat="51.558817" lon="-0.1042"><ele>25.75</ele></trkpt>
      <trkpt lat="51.558743" lon="-0.104415"><ele>25.5</ele></trkpt>
      <trkpt lat="51.55861" lon="-0.104815"><ele>26</ele></trkpt>
      <trkpt lat="51.558454" lon="-0.105293"><ele>26</ele></trkpt>
      <trkpt lat="51.558353" lon="-0.105598"><ele>26</ele></trkpt>
      <trkpt lat="51.558428" lon="-0.105655"><ele>26</ele></trkpt>
      <trkpt lat="51.558448" lon="-0.105673"><ele>26</ele></trkpt>
      <trkpt lat="51.558503" lon="-0.105795"><ele>26.5</ele></trkpt>
      <trkpt lat="51.558519" lon="-0.105809"><ele>26.5</ele></trkpt>
      <trkpt lat="51.558525" lon="-0.105846"><ele>26.5</ele></trkpt>
      <trkpt lat="51.55843" lon="-0.106505"><ele>28.25</ele></trkpt>
      <trkpt lat="51.558396" lon="-0.106734"><ele>28.75</ele></trkpt>
      <trkpt lat="51.558404" lon="-0.106826"><ele>29</ele></trkpt>
      <trkpt lat="51.558361" lon="-0.107117"><ele>29.75</ele></trkpt>
      <trkpt lat="51.558356" lon="-0.107169"><ele>30</ele></trkpt>
      <trkpt lat="51.55836" lon="-0.10723"><ele>30</ele></trkpt>
      <trkpt lat="51.55838" lon="-0.107313"><ele>30.25</ele></trkpt>
      <trkpt lat="51.55839" lon="-0.107356"><ele>30.5</ele></trkpt>
      <trkpt lat="51.558417" lon="-0.107467"><ele>30.75</ele></trkpt>
      <trkpt lat="51.558445" lon="-0.10745"><ele>30.75</ele></trkpt>
      <trkpt lat="51.558491" lon="-0.107423"><ele>31</ele></trkpt>
      <trkpt lat="51.558522" lon="-0.107404"><ele>31</ele></trkpt>
      <trkpt lat="51.558543" lon="-0.107492"><ele>30.75</ele></trkpt>
      <trkpt lat="51.558522" lon="-0.107404"><ele>30.5</ele></trkpt>
      <trkpt lat="51.558491" lon="-0.107423"><ele>30.25</ele></trkpt>
      <trkpt lat="51.558445" lon="-0.10745"><ele>30.25</ele></trkpt>
      <trkpt lat="51.558417" lon="-0.107467"><ele>30</ele></trkpt>
      <trkpt lat="51.55839" lon="-0.107356"><ele>29.75</ele></trkpt>
      <trkpt lat="51.55838" lon="-0.107313"><ele>29.75</ele></trkpt>
      <trkpt lat="51.55836" lon="-0.10723"><ele>29.5</ele></trkpt>
      <trkpt lat="51.558356" lon="-0.107169"><ele>29.5</ele></trkpt>
      <trkpt lat="51.558361" lon="-0.107117"><ele>29.25</ele></trkpt>
      <trkpt lat="51.558404" lon="-0.106826"><ele>28.75</ele></trkpt>
      <trkpt lat="51.558396" lon="-0.106734"><ele>28.5</ele></trkpt>
      <trkpt lat="51.55843" lon="-0.106505"><ele>28</ele></trkpt>
      <trkpt lat="51.558525" lon="-0.105846"><ele>26.5</ele></trkpt>
      <trkpt lat="51.558519" lon="-0.105809"><ele>26.5</ele></trkpt>
      <trkpt lat="51.558503" lon="-0.105795"><ele>26.5</ele></trkpt>
      <trkpt lat="51.558448" lon="-0.105673"><ele>26</ele></trkpt>
      <trkpt lat="51.558428" lon="-0.105655"><ele>26</ele></trkpt>
      <trkpt lat="51.558353" lon="-0.105598"><ele>26</ele></trkpt>
      <trkpt lat="51.558175" lon="-0.10613"><ele>26</ele></trkpt>
      <trkpt lat="51.558098" lon="-0.106379"><ele>26</ele></trkpt>
      <trkpt lat="51.558082" lon="-0.106414"><ele>26.25</ele></trkpt>
      <trkpt lat="51.558065" lon="-0.10643"><ele>26.25</ele></trkpt>
      <trkpt lat="51.558035" lon="-0.106439"><ele>26.25</ele></trkpt>
      <trkpt lat="51.557995" lon="-0.106436"><ele>26.25</ele></trkpt>
      <trkpt lat="51.557877" lon="-0.106403"><ele>26</ele></trkpt>
      <trkpt lat="51.557837" lon="-0.106391"><ele>26</ele></trkpt>
      <trkpt lat="51.557725" lon="-0.106351"><ele>26</ele></trkpt>
      <trkpt lat="51.557514" lon="-0.106276"><ele>26.75</ele></trkpt>
      <trkpt lat="51.55744" lon="-0.106254"><ele>27</ele></trkpt>
      <trkpt lat="51.556879" lon="-0.106085"><ele>27.75</ele></trkpt>
      <trkpt lat="51.556843" lon="-0.106375"><ele>28</ele></trkpt>
      <trkpt lat="51.556635" lon="-0.106314"><ele>28</ele></trkpt>
      <trkpt lat="51.556629" lon="-0.106458"><ele>27.75</ele></trkpt>
      <trkpt lat="51.556567" lon="-0.10762"><ele>30.75</ele></trkpt>
      <trkpt lat="51.556522" lon="-0.107738"><ele>32.5</ele></trkpt>
      <trkpt lat="51.556501" lon="-0.107814"><ele>33</ele></trkpt>
      <trkpt lat="51.556306" lon="-0.108786"><ele>32.25</ele></trkpt>
      <trkpt lat="51.556177" lon="-0.108791"><ele>32.75</ele></trkpt>
      <trkpt lat="51.55608" lon="-0.109085"><ele>32</ele></trkpt>
      <trkpt lat="51.555901" lon="-0.109393"><ele>32.5</ele></trkpt>
      <trkpt lat="51.555609" lon="-0.109681"><ele>32.75</ele></trkpt>
      <trkpt lat="51.555448" lon="-0.109808"><ele>32.5</ele></trkpt>
      <trkpt lat="51.55531" lon="-0.109887"><ele>32.5</ele></trkpt>
      <trkpt lat="51.555074" lon="-0.109979"><ele>32.75</ele></trkpt>
      <trkpt lat="51.554821" lon="-0.109994"><ele>32.75</ele></trkpt>
      <trkpt lat="51.55482" lon="-0.110102"><ele>32.25</ele></trkpt>
      <trkpt lat="51.554846" lon="-0.110172"><ele>31.75</ele></trkpt>
      <trkpt lat="51.554815" lon="-0.110205"><ele>31.5</ele></trkpt>
      <trkpt lat="51.554626" lon="-0.110396"><ele>28.5</ele></trkpt>
      <trkpt lat="51.554574" lon="-0.110447"><ele>27.5</ele></trkpt>
      <trkpt lat="51.554521" lon="-0.110546"><ele>27</ele></trkpt>
      <trkpt lat="51.55445" lon="-0.110481"><ele>27</ele></trkpt>
      <trkpt lat="51.554434" lon="-0.110527"><ele>26.75</ele></trkpt>
      <trkpt lat="51.554433" lon="-0.110533"><ele>27</ele></trkpt>
      <trkpt lat="51.554422" lon="-0.110582"><ele>27</ele></trkpt>
      <trkpt lat="51.554414" lon="-0.110616"><ele>27</ele></trkpt>
      <trkpt lat="51.554407" lon="-0.110649"><ele>27</ele></trkpt>
      <trkpt lat="51.5544" lon="-0.110682"><ele>27</ele></trkpt>
      <trkpt lat="51.554389" lon="-0.110735"><ele>27</ele></trkpt>
      <trkpt lat="51.554383" lon="-0.110762"><ele>27</ele></trkpt>
      <trkpt lat="51.554259" lon="-0.110701"><ele>26.75</ele></trkpt>
      <trkpt lat="51.554234" lon="-0.110696"><ele>27</ele></trkpt>
      <trkpt lat="51.554196" lon="-0.110699"><ele>27</ele></trkpt>
      <trkpt lat="51.55414" lon="-0.11072"><ele>27</ele></trkpt>
      <trkpt lat="51.554" lon="-0.110793"><ele>27</ele></trkpt>
      <trkpt lat="51.5536" lon="-0.111095"><ele>27</ele></trkpt>
      <trkpt lat="51.553402" lon="-0.111271"><ele>27.75</ele></trkpt>
      <trkpt lat="51.553327" lon="-0.111356"><ele>28</ele></trkpt>
      <trkpt lat="51.552881" lon="-0.112105"><ele>28.5</ele></trkpt>
      <trkpt lat="51.552865" lon="-0.11219"><ele>28.5</ele></trkpt>
      <trkpt lat="51.552863" lon="-0.112229"><ele>28.5</ele></trkpt>
      <trkpt lat="51.552851" lon="-0.112253"><ele>28.75</ele></trkpt>
      <trkpt lat="51.552784" lon="-0.112402"><ele>28.75</ele></trkpt>
      <trkpt lat="51.552777" lon="-0.112418"><ele>29</ele></trkpt>
      <trkpt lat="51.552761" lon="-0.112453"><ele>29</ele></trkpt>
      <trkpt lat="51.552733" lon="-0.112515"><ele>29</ele></trkpt>
      <trkpt lat="51.552714" lon="-0.112559"><ele>29</ele></trkpt>
      <trkpt lat="51.552702" lon="-0.112586"><ele>29</ele></trkpt>
      <trkpt lat="51.55286" lon="-0.112778"><ele>28.5</ele></trkpt>
      <trkpt lat="51.552992" lon="-0.112937"><ele>29.75</ele></trkpt>
      <trkpt lat="51.552956" lon="-0.11298"><ele>30</ele></trkpt>
      <trkpt lat="51.552726" lon="-0.1133"><ele>31.5</ele></trkpt>
      <trkpt lat="51.552956" lon="-0.11298"><ele>30</ele></trkpt>
      <trkpt lat="51.552992" lon="-0.112937"><ele>29.75</ele></trkpt>
      <trkpt lat="51.55286" lon="-0.112778"><ele>28.5</ele></trkpt>
      <trkpt lat="51.552702" lon="-0.112586"><ele>29</ele></trkpt>
      <trkpt lat="51.552645" lon="-0.112527"><ele>29</ele></trkpt>
      <trkpt lat="51.552605" lon="-0.112583"><ele>29</ele></trkpt>
      <trkpt lat="51.552601" lon="-0.112575"><ele>29</ele></trkpt>
      <trkpt lat="51.552553" lon="-0.112486"><ele>29</ele></trkpt>
      <trkpt lat="51.552521" lon="-0.112532"><ele>29</ele></trkpt>
      <trkpt lat="51.552489" lon="-0.112579"><ele>29</ele></trkpt>
      <trkpt lat="51.552396" lon="-0.112712"><ele>29</ele></trkpt>
      <trkpt lat="51.552223" lon="-0.113011"><ele>29.75</ele></trkpt>
      <trkpt lat="51.551969" lon="-0.113504"><ele>30</ele></trkpt>
      <trkpt lat="51.551677" lon="-0.11407"><ele>30</ele></trkpt>
      <trkpt lat="51.551403" lon="-0.114009"><ele>30.25</ele></trkpt>
      <trkpt lat="51.551322" lon="-0.113991"><ele>30.25</ele></trkpt>
      <trkpt lat="51.551167" lon="-0.113924"><ele>30.5</ele></trkpt>
      <trkpt lat="51.550858" lon="-0.113754"><ele>30.75</ele></trkpt>
      <trkpt lat="51.550645" lon="-0.114163"><ele>30.25</ele></trkpt>
      <trkpt lat="51.550467" lon="-0.114499"><ele>31.25</ele></trkpt>
      <trkpt lat="51.550303" lon="-0.114294"><ele>31.25</ele></trkpt>
      <trkpt lat="51.549923" lon="-0.113828"><ele>31.25</ele></trkpt>
      <trkpt lat="51.549787" lon="-0.113663"><ele>31.75</ele></trkpt>
      <trkpt lat="51.549734" lon="-0.113781"><ele>31.75</ele></trkpt>
      <trkpt lat="51.549551" lon="-0.114159"><ele>32.5</ele></trkpt>
      <trkpt lat="51.54949" lon="-0.114285"><ele>32.75</ele></trkpt>
      <trkpt lat="51.549468" lon="-0.114331"><ele>32.75</ele></trkpt>
      <trkpt lat="51.549407" lon="-0.114457"><ele>33</ele></trkpt>
      <trkpt lat="51.549274" lon="-0.114733"><ele>33</ele></trkpt>
      <trkpt lat="51.54925" lon="-0.114783"><ele>33</ele></trkpt>
      <trkpt lat="51.549377" lon="-0.114941"><ele>33</ele></trkpt>
      <trkpt lat="51.549419" lon="-0.114967"><ele>33</ele></trkpt>
      <trkpt lat="51.549456" lon="-0.114972"><ele>32.75</ele></trkpt>
      <trkpt lat="51.549429" lon="-0.115096"><ele>33.25</ele></trkpt>
      <trkpt lat="51.549413" lon="-0.115138"><ele>33.25</ele></trkpt>
      <trkpt lat="51.549319" lon="-0.115323"><ele>33.5</ele></trkpt>
      <trkpt lat="51.548926" lon="-0.116159"><ele>35.75</ele></trkpt>
      <trkpt lat="51.548794" lon="-0.116407"><ele>36</ele></trkpt>
      <trkpt lat="51.54879" lon="-0.116457"><ele>36</ele></trkpt>
      <trkpt lat="51.548774" lon="-0.116505"><ele>36</ele></trkpt>
      <trkpt lat="51.548544" lon="-0.117007"><ele>37</ele></trkpt>
      <trkpt lat="51.548707" lon="-0.117268"><ele>36.5</ele></trkpt>
      <trkpt lat="51.548466" lon="-0.117524"><ele>37.25</ele></trkpt>
      <trkpt lat="51.548449" lon="-0.117563"><ele>37.25</ele></trkpt>
      <trkpt lat="51.548433" lon="-0.117601"><ele>37</ele></trkpt>
      <trkpt lat="51.548433" lon="-0.117617"><ele>37</ele></trkpt>
      <trkpt lat="51.548436" lon="-0.117888"><ele>36.5</ele></trkpt>
      <trkpt lat="51.54845" lon="-0.117888"><ele>36.5</ele></trkpt>
      <trkpt lat="51.54845" lon="-0.117934"><ele>36.5</ele></trkpt>
      <trkpt lat="51.54845" lon="-0.117989"><ele>36.75</ele></trkpt>
      <trkpt lat="51.548451" lon="-0.118066"><ele>36.75</ele></trkpt>
      <trkpt lat="51.548451" lon="-0.118095"><ele>36.75</ele></trkpt>
      <trkpt lat="51.548511" lon="-0.118093"><ele>32.5</ele></trkpt>
      <trkpt lat="51.548451" lon="-0.118095"><ele>36.75</ele></trkpt>
      <trkpt lat="51.548451" lon="-0.118066"><ele>36.75</ele></trkpt>
      <trkpt lat="51.54845" lon="-0.117989"><ele>36.75</ele></trkpt>
      <trkpt lat="51.54845" lon="-0.117934"><ele>36.5</ele></trkpt>
      <trkpt lat="51.54845" lon="-0.117888"><ele>36.5</ele></trkpt>
      <trkpt lat="51.548436" lon="-0.117888"><ele>36.5</ele></trkpt>
      <trkpt lat="51.548019" lon="-0.117897"><ele>38</ele></trkpt>
      <trkpt lat="51.547996" lon="-0.117883"><ele>38</ele></trkpt>
      <trkpt lat="51.547987" lon="-0.117885"><ele>38</ele></trkpt>
      <trkpt lat="51.547979" lon="-0.117826"><ele>38</ele></trkpt>
      <trkpt lat="51.547917" lon="-0.117749"><ele>38</ele></trkpt>
      <trkpt lat="51.54786" lon="-0.117597"><ele>38.25</ele></trkpt>
      <trkpt lat="51.54783" lon="-0.117517"><ele>38.75</ele></trkpt>
      <trkpt lat="51.54781" lon="-0.117465"><ele>38.75</ele></trkpt>
      <trkpt lat="51.547698" lon="-0.11717"><ele>39</ele></trkpt>
      <trkpt lat="51.547628" lon="-0.116986"><ele>39</ele></trkpt>
      <trkpt lat="51.547603" lon="-0.116923"><ele>38.75</ele></trkpt>
      <trkpt lat="51.547555" lon="-0.116849"><ele>38.75</ele></trkpt>
      <trkpt lat="51.547418" lon="-0.116681"><ele>39</ele></trkpt>
      <trkpt lat="51.547373" lon="-0.116628"><ele>39</ele></trkpt>
      <trkpt lat="51.547312" lon="-0.116535"><ele>39</ele></trkpt>
      <trkpt lat="51.547248" lon="-0.116431"><ele>39</ele></trkpt>
      <trkpt lat="51.54723" lon="-0.116406"><ele>39</ele></trkpt>
      <trkpt lat="51.547103" lon="-0.116258"><ele>39.25</ele></trkpt>
      <trkpt lat="51.546962" lon="-0.116097"><ele>39.75</ele></trkpt>
      <trkpt lat="51.546813" lon="-0.115931"><ele>40</ele></trkpt>
      <trkpt lat="51.546573" lon="-0.115669"><ele>40</ele></trkpt>
      <trkpt lat="51.546541" lon="-0.115633"><ele>40</ele></trkpt>
      <trkpt lat="51.546452" lon="-0.115526"><ele>40</ele></trkpt>
      <trkpt lat="51.546353" lon="-0.115416"><ele>40</ele></trkpt>
      <trkpt lat="51.546247" lon="-0.115316"><ele>40.5</ele></trkpt>
      <trkpt lat="51.54596" lon="-0.115087"><ele>41</ele></trkpt>
      <trkpt lat="51.545813" lon="-0.114982"><ele>41</ele></trkpt>
      <trkpt lat="51.545734" lon="-0.114921"><ele>41.25</ele></trkpt>
      <trkpt lat="51.545421" lon="-0.114688"><ele>41.25</ele></trkpt>
      <trkpt lat="51.545313" lon="-0.114612"><ele>41.5</ele></trkpt>
      <trkpt lat="51.54515" lon="-0.114496"><ele>41.5</ele></trkpt>
      <trkpt lat="51.544744" lon="-0.114225"><ele>42</ele></trkpt>
      <trkpt lat="51.54464" lon="-0.114157"><ele>42</ele></trkpt>
      <trkpt lat="51.544464" lon="-0.114044"><ele>42.25</ele></trkpt>
      <trkpt lat="51.544274" lon="-0.113922"><ele>42.25</ele></trkpt>
      <trkpt lat="51.544131" lon="-0.113828"><ele>41.5</ele></trkpt>
      <trkpt lat="51.543959" lon="-0.113717"><ele>38.75</ele></trkpt>
      <trkpt lat="51.543932" lon="-0.1137"><ele>38.25</ele></trkpt>
      <trkpt lat="51.543737" lon="-0.113574"><ele>39</ele></trkpt>
      <trkpt lat="51.543708" lon="-0.113554"><ele>39.5</ele></trkpt>
      <trkpt lat="51.543579" lon="-0.113469"><ele>40.75</ele></trkpt>
      <trkpt lat="51.543464" lon="-0.113394"><ele>40.75</ele></trkpt>
      <trkpt lat="51.543325" lon="-0.113318"><ele>41</ele></trkpt>
      <trkpt lat="51.543313" lon="-0.113379"><ele>40.75</ele></trkpt>
      <trkpt lat="51.543308" lon="-0.113403"><ele>40.5</ele></trkpt>
      <trkpt lat="51.543256" lon="-0.113382"><ele>40.75</ele></trkpt>
      <trkpt lat="51.543234" lon="-0.113397"><ele>40.75</ele></trkpt>
      <trkpt lat="51.543177" lon="-0.11362"><ele>39.75</ele></trkpt>
      <trkpt lat="51.542678" lon="-0.115529"><ele>34.5</ele></trkpt>
      <trkpt lat="51.542663" lon="-0.115554"><ele>34.5</ele></trkpt>
      <trkpt lat="51.542649" lon="-0.115614"><ele>34.25</ele></trkpt>
      <trkpt lat="51.542595" lon="-0.115579"><ele>34.25</ele></trkpt>
      <trkpt lat="51.542549" lon="-0.11555"><ele>34</ele></trkpt>
      <trkpt lat="51.542422" lon="-0.11547"><ele>33.75</ele></trkpt>
      <trkpt lat="51.542057" lon="-0.115227"><ele>33.25</ele></trkpt>
      <trkpt lat="51.542013" lon="-0.115201"><ele>33.25</ele></trkpt>
      <trkpt lat="51.541725" lon="-0.115204"><ele>32</ele></trkpt>
      <trkpt lat="51.541499" lon="-0.115211"><ele>31.5</ele></trkpt>
      <trkpt lat="51.541438" lon="-0.115213"><ele>31.25</ele></trkpt>
      <trkpt lat="51.541428" lon="-0.115104"><ele>31.5</ele></trkpt>
      <trkpt lat="51.541407" lon="-0.114989"><ele>31.75</ele></trkpt>
      <trkpt lat="51.541373" lon="-0.114886"><ele>31.5</ele></trkpt>
      <trkpt lat="51.541332" lon="-0.114789"><ele>31.25</ele></trkpt>
      <trkpt lat="51.541286" lon="-0.114719"><ele>31.25</ele></trkpt>
      <trkpt lat="51.541235" lon="-0.11466"><ele>31.25</ele></trkpt>
      <trkpt lat="51.541188" lon="-0.114622"><ele>31.25</ele></trkpt>
      <trkpt lat="51.541079" lon="-0.114571"><ele>31.25</ele></trkpt>
      <trkpt lat="51.5409" lon="-0.114569"><ele>31.5</ele></trkpt>
      <trkpt lat="51.540862" lon="-0.114575"><ele>31.5</ele></trkpt>
      <trkpt lat="51.54082" lon="-0.114584"><ele>31.25</ele></trkpt>
      <trkpt lat="51.540106" lon="-0.114634"><ele>29.25</ele></trkpt>
      <trkpt lat="51.539743" lon="-0.114669"><ele>28.75</ele></trkpt>
      <trkpt lat="51.539663" lon="-0.114695"><ele>28.5</ele></trkpt>
      <trkpt lat="51.53954" lon="-0.114817"><ele>28.5</ele></trkpt>
      <trkpt lat="51.539491" lon="-0.114913"><ele>28.5</ele></trkpt>
      <trkpt lat="51.539458" lon="-0.115036"><ele>28.75</ele></trkpt>
      <trkpt lat="51.539444" lon="-0.115166"><ele>28.25</ele></trkpt>
      <trkpt lat="51.539395" lon="-0.115162"><ele>28</ele></trkpt>
      <trkpt lat="51.539172" lon="-0.115157"><ele>27.25</ele></trkpt>
      <trkpt lat="51.538765" lon="-0.115159"><ele>27</ele></trkpt>
      <trkpt lat="51.538763" lon="-0.115159"><ele>27</ele></trkpt>
      <trkpt lat="51.538707" lon="-0.11516"><ele>27.25</ele></trkpt>
      <trkpt lat="51.538659" lon="-0.115164"><ele>27.25</ele></trkpt>
      <trkpt lat="51.538621" lon="-0.115167"><ele>27.25</ele></trkpt>
      <trkpt lat="51.53837" lon="-0.115193"><ele>26.5</ele></trkpt>
      <trkpt lat="51.538332" lon="-0.115197"><ele>26.5</ele></trkpt>
      <trkpt lat="51.538095" lon="-0.115223"><ele>26.25</ele></trkpt>
      <trkpt lat="51.537621" lon="-0.11528"><ele>25.75</ele></trkpt>
      <trkpt lat="51.537319" lon="-0.1153"><ele>26.25</ele></trkpt>
      <trkpt lat="51.53723" lon="-0.115304"><ele>26.75</ele></trkpt>
      <trkpt lat="51.537201" lon="-0.115308"><ele>26.5</ele></trkpt>
      <trkpt lat="51.537205" lon="-0.115383"><ele>26</ele></trkpt>
      <trkpt lat="51.536939" lon="-0.115411"><ele>25.75</ele></trkpt>
      <trkpt lat="51.536932" lon="-0.115445"><ele>25.75</ele></trkpt>
      <trkpt lat="51.536992" lon="-0.116415"><ele>24</ele></trkpt>
      <trkpt lat="51.53697" lon="-0.116416"><ele>24</ele></trkpt>
      <trkpt lat="51.53693" lon="-0.116423"><ele>24</ele></trkpt>
      <trkpt lat="51.536899" lon="-0.11643"><ele>24</ele></trkpt>
      <trkpt lat="51.536882" lon="-0.116433"><ele>24</ele></trkpt>
      <trkpt lat="51.536883" lon="-0.116466"><ele>24</ele></trkpt>
      <trkpt lat="51.536851" lon="-0.11649"><ele>24</ele></trkpt>
      <trkpt lat="51.536237" lon="-0.116621"><ele>23.5</ele></trkpt>
      <trkpt lat="51.535616" lon="-0.11675"><ele>23.75</ele></trkpt>
      <trkpt lat="51.535609" lon="-0.116732"><ele>23.75</ele></trkpt>
      <trkpt lat="51.535575" lon="-0.116744"><ele>23.75</ele></trkpt>
      <trkpt lat="51.535543" lon="-0.116752"><ele>24</ele></trkpt>
      <trkpt lat="51.535519" lon="-0.116755"><ele>24</ele></trkpt>
      <trkpt lat="51.535486" lon="-0.116757"><ele>24</ele></trkpt>
      <trkpt lat="51.535143" lon="-0.11687"><ele>22.5</ele></trkpt>
      <trkpt lat="51.535116" lon="-0.116867"><ele>22.25</ele></trkpt>
      <trkpt lat="51.534905" lon="-0.116933"><ele>21.5</ele></trkpt>
      <trkpt lat="51.53481" lon="-0.116985"><ele>22.25</ele></trkpt>
      <trkpt lat="51.534738" lon="-0.117069"><ele>23.25</ele></trkpt>
      <trkpt lat="51.534379" lon="-0.117526"><ele>22</ele></trkpt>
      <trkpt lat="51.534369" lon="-0.117529"><ele>22</ele></trkpt>
      <trkpt lat="51.534352" lon="-0.117534"><ele>21.75</ele></trkpt>
      <trkpt lat="51.534308" lon="-0.117595"><ele>21.5</ele></trkpt>
      <trkpt lat="51.534272" lon="-0.117646"><ele>21.25</ele></trkpt>
      <trkpt lat="51.534249" lon="-0.117676"><ele>21</ele></trkpt>
      <trkpt lat="51.534213" lon="-0.117722"><ele>21</ele></trkpt>
      <trkpt lat="51.533514" lon="-0.118606"><ele>18.75</ele></trkpt>
      <trkpt lat="51.533494" lon="-0.118604"><ele>18.75</ele></trkpt>
      <trkpt lat="51.533478" lon="-0.118624"><ele>19</ele></trkpt>
      <trkpt lat="51.53345" lon="-0.118658"><ele>19</ele></trkpt>
      <trkpt lat="51.53344" lon="-0.118671"><ele>19</ele></trkpt>
      <trkpt lat="51.533433" lon="-0.11868"><ele>19</ele></trkpt>
      <trkpt lat="51.533428" lon="-0.118707"><ele>19</ele></trkpt>
      <trkpt lat="51.532687" lon="-0.119667"><ele>17.75</ele></trkpt>
      <trkpt lat="51.532674" lon="-0.119679"><ele>17.75</ele></trkpt>
      <trkpt lat="51.532649" lon="-0.119708"><ele>17.75</ele></trkpt>
      <trkpt lat="51.53263" lon="-0.11973"><ele>18</ele></trkpt>
      <trkpt lat="51.532608" lon="-0.119755"><ele>18</ele></trkpt>
      <trkpt lat="51.532593" lon="-0.119774"><ele>18</ele></trkpt>
      <trkpt lat="51.5325" lon="-0.11989"><ele>18</ele></trkpt>
      <trkpt lat="51.532201" lon="-0.120266"><ele>16.75</ele></trkpt>
      <trkpt lat="51.53219" lon="-0.120279"><ele>16.75</ele></trkpt>
      <trkpt lat="51.532162" lon="-0.12031"><ele>16.5</ele></trkpt>
      <trkpt lat="51.53213" lon="-0.120351"><ele>16.5</ele></trkpt>
      <trkpt lat="51.53212" lon="-0.120364"><ele>16.25</ele></trkpt>
      <trkpt lat="51.531952" lon="-0.120576"><ele>17</ele></trkpt>
      <trkpt lat="51.531883" lon="-0.120645"><ele>16.75</ele></trkpt>
      <trkpt lat="51.531785" lon="-0.120723"><ele>16.75</ele></trkpt>
      <trkpt lat="51.531768" lon="-0.120734"><ele>16.75</ele></trkpt>
      <trkpt lat="51.531737" lon="-0.120751"><ele>16.75</ele></trkpt>
      <trkpt lat="51.5317" lon="-0.120769"><ele>16.75</ele></trkpt>
      <trkpt lat="51.531689" lon="-0.120773"><ele>16.75</ele></trkpt>
      <trkpt lat="51.531521" lon="-0.12082"><ele>16.25</ele></trkpt>
      <trkpt lat="51.531312" lon="-0.120855"><ele>16</ele></trkpt>
      <trkpt lat="51.531302" lon="-0.120865"><ele>16</ele></trkpt>
      <trkpt lat="51.531279" lon="-0.120869"><ele>16</ele></trkpt>
      <trkpt lat="51.531263" lon="-0.120871"><ele>16</ele></trkpt>
      <trkpt lat="51.531256" lon="-0.120865"><ele>16</ele></trkpt>
      <trkpt lat="51.531246" lon="-0.120887"><ele>16</ele></trkpt>
      <trkpt lat="51.530974" lon="-0.120915"><ele>16</ele></trkpt>
      <trkpt lat="51.530973" lon="-0.120933"><ele>16</ele></trkpt>
      <trkpt lat="51.530969" lon="-0.121006"><ele>16</ele></trkpt>
      <trkpt lat="51.530964" lon="-0.121091"><ele>16</ele></trkpt>
      <trkpt lat="51.530963" lon="-0.121115"><ele>16</ele></trkpt>
      <trkpt lat="51.530936" lon="-0.121117"><ele>16</ele></trkpt>
      <trkpt lat="51.530877" lon="-0.121877"><ele>15.75</ele></trkpt>
      <trkpt lat="51.530864" lon="-0.122278"><ele>16</ele></trkpt>
      <trkpt lat="51.53086" lon="-0.122384"><ele>16</ele></trkpt>
      <trkpt lat="51.530858" lon="-0.12241"><ele>16</ele></trkpt>
      <trkpt lat="51.530854" lon="-0.122478"><ele>16</ele></trkpt>
      <trkpt lat="51.530848" lon="-0.122571"><ele>16</ele></trkpt>
      <trkpt lat="51.53085" lon="-0.122628"><ele>16</ele></trkpt>
      <trkpt lat="51.530858" lon="-0.123029"><ele>16.75</ele></trkpt>
      <trkpt lat="51.530861" lon="-0.123216"><ele>17</ele></trkpt>
      <trkpt lat="51.530663" lon="-0.123185"><ele>16.25</ele></trkpt>
      <trkpt lat="51.530538" lon="-0.123165"><ele>16.25</ele></trkpt>
      <trkpt lat="51.530369" lon="-0.123662"><ele>17</ele></trkpt>
      <trkpt lat="51.530289" lon="-0.123914"><ele>17</ele></trkpt>
      <trkpt lat="51.53021" lon="-0.123977"><ele>17</ele></trkpt>
      <trkpt lat="51.530182" lon="-0.124038"><ele>17</ele></trkpt>
      <trkpt lat="51.530159" lon="-0.124086"><ele>17</ele></trkpt>
      <trkpt lat="51.530122" lon="-0.12417"><ele>17</ele></trkpt>
      <trkpt lat="51.530101" lon="-0.124218"><ele>17</ele></trkpt>
      <trkpt lat="51.530084" lon="-0.124257"><ele>17</ele></trkpt>
      <trkpt lat="51.53007" lon="-0.124302"><ele>17</ele></trkpt>
      <trkpt lat="51.53002" lon="-0.124255"><ele>17</ele></trkpt>
      <trkpt lat="51.530012" lon="-0.124247"><ele>17</ele></trkpt>
      <trkpt lat="51.529962" lon="-0.1242"><ele>17</ele></trkpt>
      <trkpt lat="51.529923" lon="-0.124159"><ele>17.25</ele></trkpt>
      <trkpt lat="51.529907" lon="-0.124143"><ele>17.25</ele></trkpt>
      <trkpt lat="51.529874" lon="-0.124221"><ele>17.25</ele></trkpt>
      <trkpt lat="51.52985" lon="-0.124271"><ele>17.5</ele></trkpt>
      <trkpt lat="51.529836" lon="-0.124258"><ele>17.5</ele></trkpt>
      <trkpt lat="51.529824" lon="-0.124247"><ele>17.5</ele></trkpt>
      <trkpt lat="51.529753" lon="-0.124181"><ele>17.75</ele></trkpt>
      <trkpt lat="51.529738" lon="-0.124167"><ele>17.75</ele></trkpt>
      <trkpt lat="51.529728" lon="-0.124183"><ele>17.75</ele></trkpt>
      <trkpt lat="51.529721" lon="-0.1242"><ele>17.75</ele></trkpt>
      <trkpt lat="51.529697" lon="-0.124256"><ele>17.75</ele></trkpt>
      <trkpt lat="51.529682" lon="-0.124292"><ele>17.75</ele></trkpt>
      <trkpt lat="51.529667" lon="-0.12433"><ele>17.75</ele></trkpt>
      <trkpt lat="51.529418" lon="-0.124071"><ele>17.75</ele></trkpt>
      <trkpt lat="51.529395" lon="-0.124044"><ele>17.75</ele></trkpt>
      <trkpt lat="51.529069" lon="-0.123702"><ele>17.75</ele></trkpt>
      <trkpt lat="51.52898" lon="-0.123608"><ele>18</ele></trkpt>
      <trkpt lat="51.528663" lon="-0.123268"><ele>19.75</ele></trkpt>
      <trkpt lat="51.528647" lon="-0.123268"><ele>19.75</ele></trkpt>
      <trkpt lat="51.52862" lon="-0.123239"><ele>19.75</ele></trkpt>
      <trkpt lat="51.528605" lon="-0.123222"><ele>20</ele></trkpt>
      <trkpt lat="51.528595" lon="-0.123212"><ele>20</ele></trkpt>
      <trkpt lat="51.528531" lon="-0.123377"><ele>20.25</ele></trkpt>
      <trkpt lat="51.528519" lon="-0.123397"><ele>20.25</ele></trkpt>
      <trkpt lat="51.528503" lon="-0.123407"><ele>20.25</ele></trkpt>
      <trkpt lat="51.52835" lon="-0.123347"><ele>20.75</ele></trkpt>
      <trkpt lat="51.527713" lon="-0.123054"><ele>22</ele></trkpt>
      <trkpt lat="51.527703" lon="-0.12305"><ele>22</ele></trkpt>
      <trkpt lat="51.52769" lon="-0.123019"><ele>22</ele></trkpt>
      <trkpt lat="51.527673" lon="-0.123012"><ele>22</ele></trkpt>
      <trkpt lat="51.527634" lon="-0.122996"><ele>22</ele></trkpt>
      <trkpt lat="51.527548" lon="-0.123442"><ele>22</ele></trkpt>
      <trkpt lat="51.527543" lon="-0.123515"><ele>22.25</ele></trkpt>
      <trkpt lat="51.527531" lon="-0.123594"><ele>22.5</ele></trkpt>
      <trkpt lat="51.527487" lon="-0.123826"><ele>23</ele></trkpt>
      <trkpt lat="51.527408" lon="-0.124239"><ele>22.25</ele></trkpt>
      <trkpt lat="51.527373" lon="-0.124354"><ele>22.25</ele></trkpt>
      <trkpt lat="51.527351" lon="-0.124405"><ele>22.5</ele></trkpt>
      <trkpt lat="51.527339" lon="-0.124426"><ele>22.5</ele></trkpt>
      <trkpt lat="51.527322" lon="-0.124426"><ele>22.5</ele></trkpt>
      <trkpt lat="51.527224" lon="-0.124342"><ele>22.75</ele></trkpt>
      <trkpt lat="51.5272" lon="-0.124417"><ele>23</ele></trkpt>
      <trkpt lat="51.527175" lon="-0.124492"><ele>23</ele></trkpt>
      <trkpt lat="51.526951" lon="-0.12428"><ele>23</ele></trkpt>
      <trkpt lat="51.526926" lon="-0.124284"><ele>22.75</ele></trkpt>
      <trkpt lat="51.526912" lon="-0.124322"><ele>22.75</ele></trkpt>
      <trkpt lat="51.526902" lon="-0.124316"><ele>22.75</ele></trkpt>
      <trkpt lat="51.526867" lon="-0.124297"><ele>22.5</ele></trkpt>
      <trkpt lat="51.526837" lon="-0.124281"><ele>22.5</ele></trkpt>
      <trkpt lat="51.526826" lon="-0.124275"><ele>22.5</ele></trkpt>
      <trkpt lat="51.526687" lon="-0.124641"><ele>23</ele></trkpt>
      <trkpt lat="51.526647" lon="-0.124748"><ele>23.75</ele></trkpt>
      <trkpt lat="51.526481" lon="-0.125189"><ele>22.75</ele></trkpt>
      <trkpt lat="51.526437" lon="-0.125304"><ele>23</ele></trkpt>
      <trkpt lat="51.526255" lon="-0.125781"><ele>23.75</ele></trkpt>
      <trkpt lat="51.526242" lon="-0.125792"><ele>23.75</ele></trkpt>
      <trkpt lat="51.526213" lon="-0.125782"><ele>23.75</ele></trkpt>
      <trkpt lat="51.526065" lon="-0.125648"><ele>23.25</ele></trkpt>
      <trkpt lat="51.525762" lon="-0.125483"><ele>23.75</ele></trkpt>
      <trkpt lat="51.525756" lon="-0.125469"><ele>23.75</ele></trkpt>
      <trkpt lat="51.525764" lon="-0.125423"><ele>23.75</ele></trkpt>
      <trkpt lat="51.525751" lon="-0.125414"><ele>23.75</ele></trkpt>
      <trkpt lat="51.525743" lon="-0.125409"><ele>23.75</ele></trkpt>
      <trkpt lat="51.525709" lon="-0.12539"><ele>23.5</ele></trkpt>
      <trkpt lat="51.525678" lon="-0.125371"><ele>23.5</ele></trkpt>
      <trkpt lat="51.525665" lon="-0.125363"><ele>23.5</ele></trkpt>
      <trkpt lat="51.525651" lon="-0.125423"><ele>23.5</ele></trkpt>
      <trkpt lat="51.525642" lon="-0.125435"><ele>23.5</ele></trkpt>
      <trkpt lat="51.525618" lon="-0.125433"><ele>23.5</ele></trkpt>
      <trkpt lat="51.525322" lon="-0.125281"><ele>22.75</ele></trkpt>
      <trkpt lat="51.525111" lon="-0.125156"><ele>23</ele></trkpt>
      <trkpt lat="51.525007" lon="-0.125078"><ele>23.5</ele></trkpt>
      <trkpt lat="51.524989" lon="-0.125061"><ele>23.75</ele></trkpt>
      <trkpt lat="51.524418" lon="-0.124715"><ele>24</ele></trkpt>
      <trkpt lat="51.52432" lon="-0.124656"><ele>24</ele></trkpt>
      <trkpt lat="51.524263" lon="-0.124618"><ele>24</ele></trkpt>
      <trkpt lat="51.524251" lon="-0.12468"><ele>24</ele></trkpt>
      <trkpt lat="51.524243" lon="-0.124721"><ele>24</ele></trkpt>
      <trkpt lat="51.524191" lon="-0.12469"><ele>24</ele></trkpt>
      <trkpt lat="51.524166" lon="-0.124677"><ele>23.75</ele></trkpt>
      <trkpt lat="51.523353" lon="-0.1242"><ele>23</ele></trkpt>
      <trkpt lat="51.523338" lon="-0.124249"><ele>23.25</ele></trkpt>
      <trkpt lat="51.523323" lon="-0.124265"><ele>23.25</ele></trkpt>
      <trkpt lat="51.523286" lon="-0.124271"><ele>23.25</ele></trkpt>
      <trkpt lat="51.523241" lon="-0.124246"><ele>23.25</ele></trkpt>
      <trkpt lat="51.523206" lon="-0.124226"><ele>23</ele></trkpt>
      <trkpt lat="51.523197" lon="-0.124265"><ele>23.25</ele></trkpt>
      <trkpt lat="51.52318" lon="-0.124337"><ele>23.5</ele></trkpt>
      <trkpt lat="51.523152" lon="-0.12432"><ele>23.5</ele></trkpt>
      <trkpt lat="51.523124" lon="-0.124313"><ele>23.5</ele></trkpt>
      <trkpt lat="51.523105" lon="-0.124403"><ele>23.75</ele></trkpt>
      <trkpt lat="51.523044" lon="-0.124409"><ele>23.75</ele></trkpt>
      <trkpt lat="51.523081" lon="-0.124405"><ele>23.75</ele></trkpt>
      <trkpt lat="51.52308" lon="-0.124353"><ele>23.75</ele></trkpt>
      <trkpt lat="51.523077" lon="-0.124285"><ele>23.75</ele></trkpt>
      <trkpt lat="51.52308" lon="-0.124353"><ele>23.75</ele></trkpt>
      <trkpt lat="51.523081" lon="-0.124405"><ele>23.75</ele></trkpt>
      <trkpt lat="51.523044" lon="-0.124409"><ele>23.75</ele></trkpt>
      <trkpt lat="51.523105" lon="-0.124403"><ele>23.75</ele></trkpt>
      <trkpt lat="51.523124" lon="-0.124313"><ele>23.5</ele></trkpt>
      <trkpt lat="51.523152" lon="-0.12432"><ele>23.5</ele></trkpt>
      <trkpt lat="51.52318" lon="-0.124337"><ele>23.5</ele></trkpt>
      <trkpt lat="51.523067" lon="-0.124872"><ele>24</ele></trkpt>
      <trkpt lat="51.523061" lon="-0.124911"><ele>24</ele></trkpt>
      <trkpt lat="51.52305" lon="-0.124957"><ele>23.75</ele></trkpt>
      <trkpt lat="51.523041" lon="-0.124996"><ele>23.75</ele></trkpt>
      <trkpt lat="51.523002" lon="-0.125152"><ele>23.5</ele></trkpt>
      <trkpt lat="51.522898" lon="-0.125502"><ele>23.25</ele></trkpt>
      <trkpt lat="51.522851" lon="-0.125604"><ele>23.5</ele></trkpt>
      <trkpt lat="51.52282" lon="-0.125675"><ele>23.75</ele></trkpt>
      <trkpt lat="51.522753" lon="-0.1256"><ele>23.25</ele></trkpt>
      <trkpt lat="51.522319" lon="-0.125035"><ele>24</ele></trkpt>
      <trkpt lat="51.522273" lon="-0.124968"><ele>24.25</ele></trkpt>
      <trkpt lat="51.522253" lon="-0.124941"><ele>24.5</ele></trkpt>
      <trkpt lat="51.5222" lon="-0.124863"><ele>25</ele></trkpt>
      <trkpt lat="51.522176" lon="-0.124828"><ele>25</ele></trkpt>
      <trkpt lat="51.522139" lon="-0.124795"><ele>25</ele></trkpt>
      <trkpt lat="51.521621" lon="-0.12418"><ele>24.75</ele></trkpt>
      <trkpt lat="51.521549" lon="-0.124085"><ele>24.5</ele></trkpt>
      <trkpt lat="51.521541" lon="-0.124075"><ele>24.5</ele></trkpt>
      <trkpt lat="51.52153" lon="-0.124061"><ele>24.5</ele></trkpt>
      <trkpt lat="51.521487" lon="-0.124002"><ele>24.5</ele></trkpt>
      <trkpt lat="51.521474" lon="-0.124028"><ele>24.5</ele></trkpt>
      <trkpt lat="51.521455" lon="-0.124068"><ele>24.5</ele></trkpt>
      <trkpt lat="51.521432" lon="-0.124114"><ele>24.25</ele></trkpt>
      <trkpt lat="51.521421" lon="-0.124138"><ele>24</ele></trkpt>
      <trkpt lat="51.521062" lon="-0.123694"><ele>24</ele></trkpt>
      <trkpt lat="51.52073" lon="-0.123284"><ele>24.25</ele></trkpt>
      <trkpt lat="51.52031" lon="-0.122744"><ele>25</ele></trkpt>
      <trkpt lat="51.519951" lon="-0.122303"><ele>24.75</ele></trkpt>
      <trkpt lat="51.519916" lon="-0.122293"><ele>24.75</ele></trkpt>
      <trkpt lat="51.519886" lon="-0.122332"><ele>24.75</ele></trkpt>
      <trkpt lat="51.51988" lon="-0.122324"><ele>24.75</ele></trkpt>
      <trkpt lat="51.519851" lon="-0.122287"><ele>24.75</ele></trkpt>
      <trkpt lat="51.519812" lon="-0.122238"><ele>24.75</ele></trkpt>
      <trkpt lat="51.519801" lon="-0.122223"><ele>24.75</ele></trkpt>
      <trkpt lat="51.519786" lon="-0.122218"><ele>24.75</ele></trkpt>
      <trkpt lat="51.519056" lon="-0.121378"><ele>25</ele></trkpt>
      <trkpt lat="51.519001" lon="-0.121322"><ele>25</ele></trkpt>
      <trkpt lat="51.518968" lon="-0.121299"><ele>25</ele></trkpt>
      <trkpt lat="51.518958" lon="-0.121271"><ele>25</ele></trkpt>
      <trkpt lat="51.518917" lon="-0.121231"><ele>25</ele></trkpt>
      <trkpt lat="51.518886" lon="-0.121201"><ele>24.75</ele></trkpt>
      <trkpt lat="51.518871" lon="-0.121187"><ele>25</ele></trkpt>
      <trkpt lat="51.518857" lon="-0.121172"><ele>25</ele></trkpt>
      <trkpt lat="51.518838" lon="-0.121151"><ele>25</ele></trkpt>
      <trkpt lat="51.518813" lon="-0.121148"><ele>25</ele></trkpt>
      <trkpt lat="51.518467" lon="-0.120992"><ele>24.5</ele></trkpt>
      <trkpt lat="51.518372" lon="-0.120969"><ele>24.25</ele></trkpt>
      <trkpt lat="51.518065" lon="-0.120765"><ele>24</ele></trkpt>
      <trkpt lat="51.517709" lon="-0.120602"><ele>24</ele></trkpt>
      <trkpt lat="51.51768" lon="-0.120578"><ele>24</ele></trkpt>
      <trkpt lat="51.517668" lon="-0.120582"><ele>24</ele></trkpt>
      <trkpt lat="51.517656" lon="-0.120514"><ele>24</ele></trkpt>
      <trkpt lat="51.517647" lon="-0.12047"><ele>24</ele></trkpt>
      <trkpt lat="51.51763" lon="-0.120385"><ele>24</ele></trkpt>
      <trkpt lat="51.517594" lon="-0.120451"><ele>24</ele></trkpt>
      <trkpt lat="51.517579" lon="-0.120476"><ele>24</ele></trkpt>
      <trkpt lat="51.517555" lon="-0.120518"><ele>24</ele></trkpt>
      <trkpt lat="51.51753" lon="-0.120564"><ele>24</ele></trkpt>
      <trkpt lat="51.517497" lon="-0.120555"><ele>23.75</ele></trkpt>
      <trkpt lat="51.517471" lon="-0.12055"><ele>23.75</ele></trkpt>
      <trkpt lat="51.516645" lon="-0.120021"><ele>22.75</ele></trkpt>
      <trkpt lat="51.516619" lon="-0.120004"><ele>22.75</ele></trkpt>
      <trkpt lat="51.516589" lon="-0.11998"><ele>22.5</ele></trkpt>
      <trkpt lat="51.516551" lon="-0.11995"><ele>22.25</ele></trkpt>
      <trkpt lat="51.516533" lon="-0.119941"><ele>22.25</ele></trkpt>
      <trkpt lat="51.516379" lon="-0.119842"><ele>22</ele></trkpt>
      <trkpt lat="51.516339" lon="-0.119816"><ele>22</ele></trkpt>
      <trkpt lat="51.516322" lon="-0.119818"><ele>22</ele></trkpt>
      <trkpt lat="51.516308" lon="-0.119794"><ele>22</ele></trkpt>
      <trkpt lat="51.516291" lon="-0.119784"><ele>22</ele></trkpt>
      <trkpt lat="51.516256" lon="-0.119764"><ele>22</ele></trkpt>
      <trkpt lat="51.516238" lon="-0.119754"><ele>22</ele></trkpt>
      <trkpt lat="51.515852" lon="-0.120415"><ele>21.75</ele></trkpt>
      <trkpt lat="51.515438" lon="-0.121051"><ele>21.25</ele></trkpt>
      <trkpt lat="51.515009" lon="-0.121637"><ele>22.75</ele></trkpt>
      <trkpt lat="51.514965" lon="-0.121681"><ele>23</ele></trkpt>
      <trkpt lat="51.514924" lon="-0.121699"><ele>23</ele></trkpt>
      <trkpt lat="51.514904" lon="-0.121664"><ele>23</ele></trkpt>
      <trkpt lat="51.514885" lon="-0.121666"><ele>23</ele></trkpt>
      <trkpt lat="51.51485" lon="-0.121684"><ele>23</ele></trkpt>
      <trkpt lat="51.514833" lon="-0.121692"><ele>23</ele></trkpt>
      <trkpt lat="51.514822" lon="-0.121702"><ele>23</ele></trkpt>
      <trkpt lat="51.514587" lon="-0.121926"><ele>23.75</ele></trkpt>
      <trkpt lat="51.514564" lon="-0.121927"><ele>23.75</ele></trkpt>
      <trkpt lat="51.514547" lon="-0.121947"><ele>24</ele></trkpt>
      <trkpt lat="51.514524" lon="-0.121973"><ele>24</ele></trkpt>
      <trkpt lat="51.514508" lon="-0.122033"><ele>24</ele></trkpt>
      <trkpt lat="51.514019" lon="-0.122778"><ele>24</ele></trkpt>
      <trkpt lat="51.513844" lon="-0.123047"><ele>24</ele></trkpt>
      <trkpt lat="51.51383" lon="-0.123047"><ele>24</ele></trkpt>
      <trkpt lat="51.513817" lon="-0.12305"><ele>23.75</ele></trkpt>
      <trkpt lat="51.513789" lon="-0.123088"><ele>24</ele></trkpt>
      <trkpt lat="51.513767" lon="-0.123118"><ele>24</ele></trkpt>
      <trkpt lat="51.513753" lon="-0.123136"><ele>24</ele></trkpt>
      <trkpt lat="51.51376" lon="-0.123152"><ele>24</ele></trkpt>
      <trkpt lat="51.513758" lon="-0.123268"><ele>24</ele></trkpt>
      <trkpt lat="51.513696" lon="-0.12335"><ele>24</ele></trkpt>
      <trkpt lat="51.513715" lon="-0.123382"><ele>24</ele></trkpt>
      <trkpt lat="51.513722" lon="-0.123412"><ele>24</ele></trkpt>
      <trkpt lat="51.513727" lon="-0.123434"><ele>24</ele></trkpt>
      <trkpt lat="51.513717" lon="-0.123498"><ele>24</ele></trkpt>
      <trkpt lat="51.513679" lon="-0.123523"><ele>24</ele></trkpt>
      <trkpt lat="51.513592" lon="-0.123644"><ele>24</ele></trkpt>
      <trkpt lat="51.513565" lon="-0.123671"><ele>24</ele></trkpt>
      <trkpt lat="51.513534" lon="-0.12372"><ele>24.25</ele></trkpt>
      <trkpt lat="51.513288" lon="-0.124117"><ele>24</ele></trkpt>
      <trkpt lat="51.513102" lon="-0.124451"><ele>23.25</ele></trkpt>
      <trkpt lat="51.512901" lon="-0.124811"><ele>23.25</ele></trkpt>
      <trkpt lat="51.512888" lon="-0.124831"><ele>23.25</ele></trkpt>
      <trkpt lat="51.512878" lon="-0.124847"><ele>23.25</ele></trkpt>
      <trkpt lat="51.512709" lon="-0.125153"><ele>23</ele></trkpt>
      <trkpt lat="51.512594" lon="-0.125379"><ele>23</ele></trkpt>
      <trkpt lat="51.512589" lon="-0.125389"><ele>23</ele></trkpt>
      <trkpt lat="51.512575" lon="-0.125418"><ele>23</ele></trkpt>
      <trkpt lat="51.51256" lon="-0.125448"><ele>23</ele></trkpt>
      <trkpt lat="51.512554" lon="-0.125461"><ele>23</ele></trkpt>
      <trkpt lat="51.512353" lon="-0.125853"><ele>22</ele></trkpt>
      <trkpt lat="51.512343" lon="-0.125875"><ele>22</ele></trkpt>
      <trkpt lat="51.512332" lon="-0.125899"><ele>22</ele></trkpt>
      <trkpt lat="51.512177" lon="-0.126297"><ele>21.75</ele></trkpt>
      <trkpt lat="51.512001" lon="-0.126752"><ele>20.75</ele></trkpt>
      <trkpt lat="51.511975" lon="-0.126885"><ele>20.25</ele></trkpt>
      <trkpt lat="51.511979" lon="-0.126918"><ele>20</ele></trkpt>
      <trkpt lat="51.511976" lon="-0.126963"><ele>20</ele></trkpt>
      <trkpt lat="51.511974" lon="-0.12701"><ele>20</ele></trkpt>
      <trkpt lat="51.511971" lon="-0.127081"><ele>20</ele></trkpt>
      <trkpt lat="51.511967" lon="-0.127154"><ele>20</ele></trkpt>
      <trkpt lat="51.511967" lon="-0.127172"><ele>20</ele></trkpt>
      <trkpt lat="51.511932" lon="-0.127181"><ele>20</ele></trkpt>
      <trkpt lat="51.511918" lon="-0.127207"><ele>20</ele></trkpt>
      <trkpt lat="51.511917" lon="-0.127301"><ele>20</ele></trkpt>
      <trkpt lat="51.511889" lon="-0.127301"><ele>20</ele></trkpt>
      <trkpt lat="51.51187" lon="-0.127301"><ele>20</ele></trkpt>
      <trkpt lat="51.511848" lon="-0.127301"><ele>20</ele></trkpt>
      <trkpt lat="51.511838" lon="-0.127302"><ele>20</ele></trkpt>
      <trkpt lat="51.511811" lon="-0.127303"><ele>20</ele></trkpt>
      <trkpt lat="51.511594" lon="-0.127922"><ele>20</ele></trkpt>
      <trkpt lat="51.511459" lon="-0.128259"><ele>20</ele></trkpt>
      <trkpt lat="51.511454" lon="-0.128281"><ele>19.75</ele></trkpt>
      <trkpt lat="51.51145" lon="-0.128294"><ele>20</ele></trkpt>
      <trkpt lat="51.511427" lon="-0.128386"><ele>19.75</ele></trkpt>
      <trkpt lat="51.511384" lon="-0.128388"><ele>19.75</ele></trkpt>
      <trkpt lat="51.511322" lon="-0.128389"><ele>19.75</ele></trkpt>
      <trkpt lat="51.511317" lon="-0.128505"><ele>19.5</ele></trkpt>
      <trkpt lat="51.511282" lon="-0.128634"><ele>19.5</ele></trkpt>
      <trkpt lat="51.511224" lon="-0.128853"><ele>19.75</ele></trkpt>
      <trkpt lat="51.511142" lon="-0.129164"><ele>20</ele></trkpt>
      <trkpt lat="51.511048" lon="-0.129504"><ele>19.75</ele></trkpt>
      <trkpt lat="51.510985" lon="-0.129664"><ele>19.75</ele></trkpt>
      <trkpt lat="51.510958" lon="-0.129727"><ele>20</ele></trkpt>
      <trkpt lat="51.510917" lon="-0.129847"><ele>20</ele></trkpt>
      <trkpt lat="51.510799" lon="-0.1302"><ele>20</ele></trkpt>
      <trkpt lat="51.510595" lon="-0.130894"><ele>20</ele></trkpt>
      <trkpt lat="51.51047" lon="-0.131331"><ele>19.5</ele></trkpt>
      <trkpt lat="51.510453" lon="-0.131391"><ele>19.5</ele></trkpt>
      <trkpt lat="51.510433" lon="-0.131465"><ele>19.5</ele></trkpt>
      <trkpt lat="51.510407" lon="-0.131582"><ele>19.25</ele></trkpt>
      <trkpt lat="51.510402" lon="-0.131604"><ele>19.25</ele></trkpt>
      <trkpt lat="51.510386" lon="-0.131688"><ele>19.25</ele></trkpt>
      <trkpt lat="51.510311" lon="-0.13216"><ele>19.25</ele></trkpt>
      <trkpt lat="51.510293" lon="-0.132268"><ele>19</ele></trkpt>
      <trkpt lat="51.510137" lon="-0.133193"><ele>19.25</ele></trkpt>
      <trkpt lat="51.510099" lon="-0.133381"><ele>19.25</ele></trkpt>
      <trkpt lat="51.510058" lon="-0.133397"><ele>19.25</ele></trkpt>
      <trkpt lat="51.510045" lon="-0.133402"><ele>19.25</ele></trkpt>
      <trkpt lat="51.510025" lon="-0.133568"><ele>19.75</ele></trkpt>
      <trkpt lat="51.510049" lon="-0.133574"><ele>19.75</ele></trkpt>
      <trkpt lat="51.510081" lon="-0.133581"><ele>19.75</ele></trkpt>
      <trkpt lat="51.510072" lon="-0.133649"><ele>20</ele></trkpt>
      <trkpt lat="51.510057" lon="-0.133801"><ele>20</ele></trkpt>
      <trkpt lat="51.510072" lon="-0.133649"><ele>20</ele></trkpt>
      <trkpt lat="51.510081" lon="-0.133581"><ele>19.75</ele></trkpt>
      <trkpt lat="51.510049" lon="-0.133574"><ele>19.75</ele></trkpt>
      <trkpt lat="51.510025" lon="-0.133568"><ele>19.75</ele></trkpt>
      <trkpt lat="51.509976" lon="-0.133557"><ele>19.5</ele></trkpt>
      <trkpt lat="51.50991" lon="-0.133899"><ele>19.5</ele></trkpt>
      <trkpt lat="51.509852" lon="-0.134297"><ele>19.25</ele></trkpt>
      <trkpt lat="51.50984" lon="-0.134431"><ele>19.25</ele></trkpt>
      <trkpt lat="51.509839" lon="-0.134691"><ele>19.75</ele></trkpt>
      <trkpt lat="51.50984" lon="-0.134721"><ele>19.75</ele></trkpt>
      <trkpt lat="51.50984" lon="-0.134759"><ele>20</ele></trkpt>
      <trkpt lat="51.50984" lon="-0.134866"><ele>20</ele></trkpt>
      <trkpt lat="51.50984" lon="-0.134923"><ele>20.25</ele></trkpt>
      <trkpt lat="51.50984" lon="-0.134941"><ele>20.25</ele></trkpt>
      <trkpt lat="51.509829" lon="-0.134977"><ele>20.25</ele></trkpt>
      <trkpt lat="51.509817" lon="-0.134993"><ele>20.25</ele></trkpt>
      <trkpt lat="51.50979" lon="-0.135"><ele>20</ele></trkpt>
      <trkpt lat="51.509755" lon="-0.134973"><ele>20</ele></trkpt>
      <trkpt lat="51.50973" lon="-0.135041"><ele>20</ele></trkpt>
      <trkpt lat="51.509474" lon="-0.135851"><ele>19.25</ele></trkpt>
      <trkpt lat="51.509471" lon="-0.13586"><ele>19.25</ele></trkpt>
      <trkpt lat="51.509462" lon="-0.135889"><ele>19.25</ele></trkpt>
      <trkpt lat="51.509454" lon="-0.135914"><ele>19.25</ele></trkpt>
      <trkpt lat="51.509452" lon="-0.135921"><ele>19.25</ele></trkpt>
      <trkpt lat="51.509433" lon="-0.135979"><ele>19.5</ele></trkpt>
      <trkpt lat="51.509143" lon="-0.136858"><ele>18.75</ele></trkpt>
      <trkpt lat="51.509077" lon="-0.137062"><ele>18.75</ele></trkpt>
      <trkpt lat="51.509076" lon="-0.137079"><ele>18.75</ele></trkpt>
      <trkpt lat="51.509066" lon="-0.137111"><ele>18.75</ele></trkpt>
      <trkpt lat="51.509054" lon="-0.137151"><ele>18.75</ele></trkpt>
      <trkpt lat="51.509048" lon="-0.137172"><ele>18.75</ele></trkpt>
      <trkpt lat="51.509044" lon="-0.137186"><ele>18.75</ele></trkpt>
      <trkpt lat="51.509017" lon="-0.13725"><ele>19</ele></trkpt>
      <trkpt lat="51.508899" lon="-0.137611"><ele>19</ele></trkpt>
      <trkpt lat="51.508897" lon="-0.137619"><ele>19</ele></trkpt>
      <trkpt lat="51.508877" lon="-0.137681"><ele>18.75</ele></trkpt>
      <trkpt lat="51.508868" lon="-0.137708"><ele>18.75</ele></trkpt>
      <trkpt lat="51.508866" lon="-0.137716"><ele>18.75</ele></trkpt>
      <trkpt lat="51.50873" lon="-0.138136"><ele>19</ele></trkpt>
      <trkpt lat="51.508708" lon="-0.138223"><ele>19</ele></trkpt>
      <trkpt lat="51.508703" lon="-0.138239"><ele>19</ele></trkpt>
      <trkpt lat="51.508696" lon="-0.138263"><ele>19</ele></trkpt>
      <trkpt lat="51.508691" lon="-0.138277"><ele>19</ele></trkpt>
      <trkpt lat="51.508685" lon="-0.138299"><ele>19</ele></trkpt>
      <trkpt lat="51.508675" lon="-0.138316"><ele>19</ele></trkpt>
      <trkpt lat="51.508556" lon="-0.138695"><ele>18.25</ele></trkpt>
      <trkpt lat="51.508462" lon="-0.138969"><ele>18</ele></trkpt>
      <trkpt lat="51.508292" lon="-0.139487"><ele>19</ele></trkpt>
      <trkpt lat="51.508145" lon="-0.13994"><ele>19.25</ele></trkpt>
      <trkpt lat="51.508142" lon="-0.139979"><ele>19.25</ele></trkpt>
      <trkpt lat="51.508136" lon="-0.139993"><ele>19.25</ele></trkpt>
      <trkpt lat="51.508119" lon="-0.14003"><ele>19.25</ele></trkpt>
      <trkpt lat="51.508101" lon="-0.140068"><ele>19.25</ele></trkpt>
      <trkpt lat="51.508095" lon="-0.14008"><ele>19.25</ele></trkpt>
      <trkpt lat="51.508059" lon="-0.140169"><ele>19.5</ele></trkpt>
      <trkpt lat="51.507929" lon="-0.140493"><ele>19.5</ele></trkpt>
      <trkpt lat="51.507884" lon="-0.140606"><ele>19.25</ele></trkpt>
      <trkpt lat="51.507902" lon="-0.140626"><ele>19.25</ele></trkpt>
      <trkpt lat="51.507896" lon="-0.140638"><ele>19.25</ele></trkpt>
      <trkpt lat="51.507879" lon="-0.140685"><ele>19.25</ele></trkpt>
      <trkpt lat="51.507865" lon="-0.140722"><ele>19.25</ele></trkpt>
      <trkpt lat="51.507855" lon="-0.140747"><ele>19.25</ele></trkpt>
      <trkpt lat="51.507837" lon="-0.140728"><ele>19</ele></trkpt>
      <trkpt lat="51.507619" lon="-0.141283"><ele>19.25</ele></trkpt>
      <trkpt lat="51.507614" lon="-0.141297"><ele>19.25</ele></trkpt>
      <trkpt lat="51.507586" lon="-0.141383"><ele>19.25</ele></trkpt>
      <trkpt lat="51.50758" lon="-0.141401"><ele>19.25</ele></trkpt>
      <trkpt lat="51.507573" lon="-0.14142"><ele>19.25</ele></trkpt>
      <trkpt lat="51.50755" lon="-0.141418"><ele>19</ele></trkpt>
      <trkpt lat="51.507242" lon="-0.142041"><ele>18.75</ele></trkpt>
      <trkpt lat="51.507251" lon="-0.142052"><ele>18.75</ele></trkpt>
      <trkpt lat="51.507246" lon="-0.142063"><ele>18.75</ele></trkpt>
      <trkpt lat="51.507217" lon="-0.142122"><ele>19</ele></trkpt>
      <trkpt lat="51.507204" lon="-0.142147"><ele>19</ele></trkpt>
      <trkpt lat="51.507197" lon="-0.14216"><ele>19</ele></trkpt>
      <trkpt lat="51.507149" lon="-0.142255"><ele>19</ele></trkpt>
      <trkpt lat="51.50704" lon="-0.142467"><ele>19</ele></trkpt>
      <trkpt lat="51.506871" lon="-0.142822"><ele>18.75</ele></trkpt>
      <trkpt lat="51.506888" lon="-0.142841"><ele>18.75</ele></trkpt>
      <trkpt lat="51.506911" lon="-0.142865"><ele>18.75</ele></trkpt>
      <trkpt lat="51.506934" lon="-0.142817"><ele>18.75</ele></trkpt>
      <trkpt lat="51.50694" lon="-0.142819"><ele>18.75</ele></trkpt>
      <trkpt lat="51.506934" lon="-0.142817"><ele>18.75</ele></trkpt>
      <trkpt lat="51.506911" lon="-0.142865"><ele>18.75</ele></trkpt>
      <trkpt lat="51.506888" lon="-0.142841"><ele>18.75</ele></trkpt>
      <trkpt lat="51.506871" lon="-0.142822"><ele>18.75</ele></trkpt>
      <trkpt lat="51.506829" lon="-0.14291"><ele>18.75</ele></trkpt>
      <trkpt lat="51.506818" lon="-0.142915"><ele>18.75</ele></trkpt>
      <trkpt lat="51.506788" lon="-0.142974"><ele>18.5</ele></trkpt>
      <trkpt lat="51.506774" lon="-0.143003"><ele>18.5</ele></trkpt>
      <trkpt lat="51.506773" lon="-0.143014"><ele>18.25</ele></trkpt>
      <trkpt lat="51.506764" lon="-0.143016"><ele>18.25</ele></trkpt>
      <trkpt lat="51.506541" lon="-0.143488"><ele>18</ele></trkpt>
      <trkpt lat="51.506523" lon="-0.143527"><ele>18</ele></trkpt>
      <trkpt lat="51.506507" lon="-0.143536"><ele>18</ele></trkpt>
      <trkpt lat="51.50649" lon="-0.143572"><ele>18</ele></trkpt>
      <trkpt lat="51.506474" lon="-0.143607"><ele>18</ele></trkpt>
      <trkpt lat="51.50647" lon="-0.143615"><ele>18</ele></trkpt>
      <trkpt lat="51.506272" lon="-0.144023"><ele>17.25</ele></trkpt>
      <trkpt lat="51.506259" lon="-0.144056"><ele>17</ele></trkpt>
      <trkpt lat="51.506257" lon="-0.144091"><ele>17</ele></trkpt>
      <trkpt lat="51.506244" lon="-0.1441"><ele>17</ele></trkpt>
      <trkpt lat="51.506224" lon="-0.144137"><ele>17</ele></trkpt>
      <trkpt lat="51.506201" lon="-0.144177"><ele>16.75</ele></trkpt>
      <trkpt lat="51.506195" lon="-0.144191"><ele>16.75</ele></trkpt>
      <trkpt lat="51.505987" lon="-0.144606"><ele>15.5</ele></trkpt>
      <trkpt lat="51.50598" lon="-0.144618"><ele>15.5</ele></trkpt>
      <trkpt lat="51.505956" lon="-0.14466"><ele>15.5</ele></trkpt>
      <trkpt lat="51.505944" lon="-0.144682"><ele>15.25</ele></trkpt>
      <trkpt lat="51.505935" lon="-0.144699"><ele>15.25</ele></trkpt>
      <trkpt lat="51.505926" lon="-0.144717"><ele>15.25</ele></trkpt>
      <trkpt lat="51.505779" lon="-0.14499"><ele>13.25</ele></trkpt>
      <trkpt lat="51.505695" lon="-0.145143"><ele>12.5</ele></trkpt>
      <trkpt lat="51.505571" lon="-0.145387"><ele>12.5</ele></trkpt>
      <trkpt lat="51.505568" lon="-0.145391"><ele>12.5</ele></trkpt>
      <trkpt lat="51.505562" lon="-0.145405"><ele>12.5</ele></trkpt>
      <trkpt lat="51.505555" lon="-0.145416"><ele>12.5</ele></trkpt>
      <trkpt lat="51.505553" lon="-0.145428"><ele>12.25</ele></trkpt>
      <trkpt lat="51.50552" lon="-0.145501"><ele>12</ele></trkpt>
      <trkpt lat="51.505048" lon="-0.146394"><ele>11.75</ele></trkpt>
      <trkpt lat="51.505037" lon="-0.146407"><ele>11.75</ele></trkpt>
      <trkpt lat="51.50503" lon="-0.146422"><ele>11.75</ele></trkpt>
      <trkpt lat="51.505029" lon="-0.146425"><ele>11.75</ele></trkpt>
      <trkpt lat="51.504899" lon="-0.146729"><ele>12</ele></trkpt>
      <trkpt lat="51.504525" lon="-0.147512"><ele>12</ele></trkpt>
      <trkpt lat="51.504515" lon="-0.147534"><ele>12.25</ele></trkpt>
      <trkpt lat="51.504495" lon="-0.147573"><ele>12.5</ele></trkpt>
      <trkpt lat="51.504481" lon="-0.147602"><ele>12.75</ele></trkpt>
      <trkpt lat="51.504104" lon="-0.148361"><ele>14.75</ele></trkpt>
      <trkpt lat="51.503923" lon="-0.14876"><ele>15</ele></trkpt>
      <trkpt lat="51.503917" lon="-0.148794"><ele>15</ele></trkpt>
      <trkpt lat="51.503926" lon="-0.148825"><ele>14.75</ele></trkpt>
      <trkpt lat="51.503917" lon="-0.148824"><ele>15</ele></trkpt>
      <trkpt lat="51.503892" lon="-0.148888"><ele>15</ele></trkpt>
      <trkpt lat="51.50388" lon="-0.148918"><ele>15</ele></trkpt>
      <trkpt lat="51.503882" lon="-0.148931"><ele>15</ele></trkpt>
      <trkpt lat="51.503864" lon="-0.148942"><ele>15</ele></trkpt>
      <trkpt lat="51.503773" lon="-0.149231"><ele>15</ele></trkpt>
      <trkpt lat="51.503648" lon="-0.149688"><ele>15.75</ele></trkpt>
      <trkpt lat="51.503679" lon="-0.149703"><ele>15.75</ele></trkpt>
      <trkpt lat="51.503676" lon="-0.149712"><ele>15.75</ele></trkpt>
      <trkpt lat="51.503658" lon="-0.149785"><ele>16</ele></trkpt>
      <trkpt lat="51.50364" lon="-0.14987"><ele>16.5</ele></trkpt>
      <trkpt lat="51.503631" lon="-0.149906"><ele>16.5</ele></trkpt>
      <trkpt lat="51.503627" lon="-0.149923"><ele>16.5</ele></trkpt>
      <trkpt lat="51.503589" lon="-0.150024"><ele>17</ele></trkpt>
      <trkpt lat="51.503566" lon="-0.150012"><ele>17</ele></trkpt>
      <trkpt lat="51.503501" lon="-0.150304"><ele>17</ele></trkpt>
      <trkpt lat="51.503485" lon="-0.150327"><ele>17</ele></trkpt>
      <trkpt lat="51.503469" lon="-0.150329"><ele>17</ele></trkpt>
      <trkpt lat="51.503417" lon="-0.150623"><ele>17</ele></trkpt>
      <trkpt lat="51.503392" lon="-0.150746"><ele>17</ele></trkpt>
      <trkpt lat="51.503387" lon="-0.150806"><ele>17</ele></trkpt>
      <trkpt lat="51.503393" lon="-0.150953"><ele>17</ele></trkpt>
      <trkpt lat="51.503409" lon="-0.151274"><ele>17</ele></trkpt>
      <trkpt lat="51.503445" lon="-0.151295"><ele>17</ele></trkpt>
      <trkpt lat="51.503496" lon="-0.151315"><ele>17</ele></trkpt>
      <trkpt lat="51.503481" lon="-0.151376"><ele>17</ele></trkpt>
      <trkpt lat="51.503432" lon="-0.151349"><ele>17</ele></trkpt>
      <trkpt lat="51.503355" lon="-0.151317"><ele>16.75</ele></trkpt>
      <trkpt lat="51.503319" lon="-0.151406"><ele>16.75</ele></trkpt>
      <trkpt lat="51.503296" lon="-0.151512"><ele>16.75</ele></trkpt>
      <trkpt lat="51.503278" lon="-0.151599"><ele>16.75</ele></trkpt>
      <trkpt lat="51.503255" lon="-0.151727"><ele>16.5</ele></trkpt>
      <trkpt lat="51.503234" lon="-0.151838"><ele>16.5</ele></trkpt>
      <trkpt lat="51.503236" lon="-0.15189"><ele>16.5</ele></trkpt>
      <trkpt lat="51.503245" lon="-0.15191"><ele>16.5</ele></trkpt>
      <trkpt lat="51.503222" lon="-0.152016"><ele>16.5</ele></trkpt>
      <trkpt lat="51.503172" lon="-0.152278"><ele>16.25</ele></trkpt>
      <trkpt lat="51.503121" lon="-0.152541"><ele>16</ele></trkpt>
      <trkpt lat="51.50309" lon="-0.152526"><ele>16</ele></trkpt>
      <trkpt lat="51.503055" lon="-0.152518"><ele>15.75</ele></trkpt>
      <trkpt lat="51.503035" lon="-0.152505"><ele>15.75</ele></trkpt>
      <trkpt lat="51.503042" lon="-0.152445"><ele>16</ele></trkpt>
      <trkpt lat="51.503035" lon="-0.152505"><ele>15.75</ele></trkpt>
      <trkpt lat="51.503055" lon="-0.152518"><ele>15.75</ele></trkpt>
      <trkpt lat="51.50309" lon="-0.152526"><ele>16</ele></trkpt>
      <trkpt lat="51.503115" lon="-0.15257"><ele>16</ele></trkpt>
      <trkpt lat="51.503097" lon="-0.152775"><ele>16</ele></trkpt>
      <trkpt lat="51.503064" lon="-0.152828"><ele>15.75</ele></trkpt>
      <trkpt lat="51.50304" lon="-0.153092"><ele>14.75</ele></trkpt>
      <trkpt lat="51.503022" lon="-0.153304"><ele>14.75</ele></trkpt>
      <trkpt lat="51.503016" lon="-0.153378"><ele>14.75</ele></trkpt>
      <trkpt lat="51.502997" lon="-0.15358"><ele>14.75</ele></trkpt>
      <trkpt lat="51.502968" lon="-0.15384"><ele>13.25</ele></trkpt>
      <trkpt lat="51.502881" lon="-0.154483"><ele>11.75</ele></trkpt>
      <trkpt lat="51.502757" lon="-0.155264"><ele>11.75</ele></trkpt>
      <trkpt lat="51.502597" lon="-0.155851"><ele>11.5</ele></trkpt>
      <trkpt lat="51.502408" lon="-0.156516"><ele>10.5</ele></trkpt>
      <trkpt lat="51.502369" lon="-0.156937"><ele>10.5</ele></trkpt>
      <trkpt lat="51.502325" lon="-0.158346"><ele>9.5</ele></trkpt>
      <trkpt lat="51.502308" lon="-0.158335"><ele>9.5</ele></trkpt>
      <trkpt lat="51.502283" lon="-0.158331"><ele>9.75</ele></trkpt>
      <trkpt lat="51.502261" lon="-0.158327"><ele>9.75</ele></trkpt>
      <trkpt lat="51.502243" lon="-0.158324"><ele>9.75</ele></trkpt>
      <trkpt lat="51.502214" lon="-0.15832"><ele>9.75</ele></trkpt>
      <trkpt lat="51.502171" lon="-0.158313"><ele>9.75</ele></trkpt>
      <trkpt lat="51.502156" lon="-0.15831"><ele>9.75</ele></trkpt>
      <trkpt lat="51.502149" lon="-0.15837"><ele>10</ele></trkpt>
      <trkpt lat="51.502143" lon="-0.158415"><ele>10</ele></trkpt>
      <trkpt lat="51.502139" lon="-0.158453"><ele>10</ele></trkpt>
      <trkpt lat="51.502131" lon="-0.158523"><ele>10</ele></trkpt>
      <trkpt lat="51.502114" lon="-0.158542"><ele>10</ele></trkpt>
      <trkpt lat="51.502121" lon="-0.158594"><ele>10</ele></trkpt>
      <trkpt lat="51.502109" lon="-0.158654"><ele>10</ele></trkpt>
      <trkpt lat="51.501982" lon="-0.159217"><ele>10</ele></trkpt>
      <trkpt lat="51.501974" lon="-0.159248"><ele>10</ele></trkpt>
      <trkpt lat="51.501964" lon="-0.159294"><ele>10</ele></trkpt>
      <trkpt lat="51.50195" lon="-0.15935"><ele>10</ele></trkpt>
      <trkpt lat="51.501939" lon="-0.159392"><ele>9.75</ele></trkpt>
      <trkpt lat="51.501819" lon="-0.159878"><ele>10</ele></trkpt>
      <trkpt lat="51.501773" lon="-0.160009"><ele>10</ele></trkpt>
      <trkpt lat="51.50173" lon="-0.160182"><ele>10</ele></trkpt>
      <trkpt lat="51.501717" lon="-0.160202"><ele>10</ele></trkpt>
      <trkpt lat="51.501696" lon="-0.160202"><ele>10</ele></trkpt>
      <trkpt lat="51.501689" lon="-0.160231"><ele>10</ele></trkpt>
      <trkpt lat="51.501668" lon="-0.160309"><ele>10</ele></trkpt>
      <trkpt lat="51.50165" lon="-0.160377"><ele>9.75</ele></trkpt>
      <trkpt lat="51.501642" lon="-0.160408"><ele>9.75</ele></trkpt>
      <trkpt lat="51.501655" lon="-0.160424"><ele>9.75</ele></trkpt>
      <trkpt lat="51.501664" lon="-0.16048"><ele>9.75</ele></trkpt>
      <trkpt lat="51.501659" lon="-0.160505"><ele>9.75</ele></trkpt>
      <trkpt lat="51.501654" lon="-0.160542"><ele>9.75</ele></trkpt>
      <trkpt lat="51.501614" lon="-0.160717"><ele>10</ele></trkpt>
      <trkpt lat="51.501586" lon="-0.160801"><ele>10</ele></trkpt>
      <trkpt lat="51.501536" lon="-0.160906"><ele>9.75</ele></trkpt>
      <trkpt lat="51.501467" lon="-0.161013"><ele>9.75</ele></trkpt>
      <trkpt lat="51.501275" lon="-0.16133"><ele>9.75</ele></trkpt>
      <trkpt lat="51.501168" lon="-0.161464"><ele>10</ele></trkpt>
      <trkpt lat="51.500925" lon="-0.161735"><ele>10</ele></trkpt>
      <trkpt lat="51.500136" lon="-0.162628"><ele>9.25</ele></trkpt>
      <trkpt lat="51.500053" lon="-0.162735"><ele>9</ele></trkpt>
      <trkpt lat="51.500036" lon="-0.162762"><ele>9</ele></trkpt>
      <trkpt lat="51.499983" lon="-0.162862"><ele>9</ele></trkpt>
      <trkpt lat="51.499964" lon="-0.162909"><ele>9</ele></trkpt>
      <trkpt lat="51.499938" lon="-0.162973"><ele>9</ele></trkpt>
      <trkpt lat="51.499712" lon="-0.163389"><ele>9</ele></trkpt>
      <trkpt lat="51.499182" lon="-0.164288"><ele>9</ele></trkpt>
      <trkpt lat="51.499154" lon="-0.164312"><ele>8.75</ele></trkpt>
      <trkpt lat="51.499125" lon="-0.16433"><ele>8.75</ele></trkpt>
      <trkpt lat="51.499109" lon="-0.16436"><ele>8.75</ele></trkpt>
      <trkpt lat="51.499085" lon="-0.1644"><ele>8.5</ele></trkpt>
      <trkpt lat="51.499073" lon="-0.164432"><ele>8.5</ele></trkpt>
      <trkpt lat="51.498826" lon="-0.164888"><ele>8.75</ele></trkpt>
      <trkpt lat="51.498717" lon="-0.165081"><ele>8.25</ele></trkpt>
      <trkpt lat="51.4987" lon="-0.165086"><ele>8.25</ele></trkpt>
      <trkpt lat="51.49868" lon="-0.165124"><ele>8</ele></trkpt>
      <trkpt lat="51.498671" lon="-0.165141"><ele>8</ele></trkpt>
      <trkpt lat="51.498665" lon="-0.165168"><ele>8</ele></trkpt>
      <trkpt lat="51.498527" lon="-0.165432"><ele>8.5</ele></trkpt>
      <trkpt lat="51.498508" lon="-0.165438"><ele>8.5</ele></trkpt>
      <trkpt lat="51.498502" lon="-0.165455"><ele>8.5</ele></trkpt>
      <trkpt lat="51.498473" lon="-0.165528"><ele>8.5</ele></trkpt>
      <trkpt lat="51.498463" lon="-0.16555"><ele>8.25</ele></trkpt>
      <trkpt lat="51.49846" lon="-0.165558"><ele>8.25</ele></trkpt>
      <trkpt lat="51.498431" lon="-0.16565"><ele>8.25</ele></trkpt>
      <trkpt lat="51.498266" lon="-0.165968"><ele>8</ele></trkpt>
      <trkpt lat="51.498221" lon="-0.166053"><ele>8</ele></trkpt>
      <trkpt lat="51.498214" lon="-0.166065"><ele>8</ele></trkpt>
      <trkpt lat="51.498176" lon="-0.166138"><ele>8</ele></trkpt>
      <trkpt lat="51.498166" lon="-0.16617"><ele>8</ele></trkpt>
      <trkpt lat="51.49816" lon="-0.166174"><ele>8</ele></trkpt>
      <trkpt lat="51.497882" lon="-0.166702"><ele>8</ele></trkpt>
      <trkpt lat="51.49788" lon="-0.16672"><ele>8</ele></trkpt>
      <trkpt lat="51.497842" lon="-0.16679"><ele>8</ele></trkpt>
      <trkpt lat="51.497833" lon="-0.166805"><ele>8</ele></trkpt>
      <trkpt lat="51.497823" lon="-0.166817"><ele>8</ele></trkpt>
      <trkpt lat="51.497802" lon="-0.166879"><ele>8</ele></trkpt>
      <trkpt lat="51.49758" lon="-0.167285"><ele>8</ele></trkpt>
      <trkpt lat="51.497572" lon="-0.167285"><ele>8</ele></trkpt>
      <trkpt lat="51.497568" lon="-0.167286"><ele>8</ele></trkpt>
      <trkpt lat="51.497539" lon="-0.167325"><ele>8</ele></trkpt>
      <trkpt lat="51.49753" lon="-0.167339"><ele>8</ele></trkpt>
      <trkpt lat="51.497506" lon="-0.167343"><ele>8</ele></trkpt>
      <trkpt lat="51.497281" lon="-0.167763"><ele>8</ele></trkpt>
      <trkpt lat="51.497113" lon="-0.168067"><ele>8</ele></trkpt>
      <trkpt lat="51.497088" lon="-0.168072"><ele>8</ele></trkpt>
      <trkpt lat="51.497083" lon="-0.168073"><ele>8</ele></trkpt>
      <trkpt lat="51.497054" lon="-0.168123"><ele>8</ele></trkpt>
      <trkpt lat="51.497042" lon="-0.168143"><ele>8</ele></trkpt>
      <trkpt lat="51.497038" lon="-0.168154"><ele>8</ele></trkpt>
      <trkpt lat="51.49702" lon="-0.168207"><ele>8</ele></trkpt>
      <trkpt lat="51.496901" lon="-0.168453"><ele>8</ele></trkpt>
      <trkpt lat="51.496567" lon="-0.16904"><ele>8</ele></trkpt>
      <trkpt lat="51.496517" lon="-0.169093"><ele>8</ele></trkpt>
      <trkpt lat="51.496477" lon="-0.169111"><ele>8</ele></trkpt>
      <trkpt lat="51.496464" lon="-0.169108"><ele>8</ele></trkpt>
      <trkpt lat="51.496461" lon="-0.169123"><ele>8</ele></trkpt>
      <trkpt lat="51.496456" lon="-0.169163"><ele>8</ele></trkpt>
      <trkpt lat="51.496448" lon="-0.169221"><ele>8</ele></trkpt>
      <trkpt lat="51.496445" lon="-0.169251"><ele>8</ele></trkpt>
      <trkpt lat="51.496442" lon="-0.16928"><ele>8</ele></trkpt>
      <trkpt lat="51.496435" lon="-0.169352"><ele>8</ele></trkpt>
      <trkpt lat="51.496445" lon="-0.16939"><ele>8</ele></trkpt>
      <trkpt lat="51.496439" lon="-0.169499"><ele>8</ele></trkpt>
      <trkpt lat="51.496084" lon="-0.170584"><ele>7.75</ele></trkpt>
      <trkpt lat="51.496021" lon="-0.170806"><ele>7.25</ele></trkpt>
      <trkpt lat="51.495951" lon="-0.171124"><ele>7.25</ele></trkpt>
      <trkpt lat="51.495881" lon="-0.171468"><ele>8</ele></trkpt>
      <trkpt lat="51.495866" lon="-0.171558"><ele>8</ele></trkpt>
      <trkpt lat="51.495841" lon="-0.17173"><ele>7.75</ele></trkpt>
      <trkpt lat="51.495823" lon="-0.171831"><ele>7.25</ele></trkpt>
      <trkpt lat="51.495779" lon="-0.172042"><ele>7.25</ele></trkpt>
      <trkpt lat="51.495736" lon="-0.172467"><ele>7.5</ele></trkpt>
      <trkpt lat="51.495715" lon="-0.172671"><ele>7.75</ele></trkpt>
      <trkpt lat="51.495674" lon="-0.173377"><ele>8.5</ele></trkpt>
      <trkpt lat="51.495669" lon="-0.17345"><ele>8.5</ele></trkpt>
      <trkpt lat="51.495655" lon="-0.173447"><ele>8.5</ele></trkpt>
      <trkpt lat="51.495396" lon="-0.173402"><ele>8</ele></trkpt>
      <trkpt lat="51.49533" lon="-0.173391"><ele>8</ele></trkpt>
      <trkpt lat="51.495269" lon="-0.17338"><ele>8</ele></trkpt>
      <trkpt lat="51.495236" lon="-0.173375"><ele>8</ele></trkpt>
      <trkpt lat="51.495193" lon="-0.173367"><ele>8</ele></trkpt>
      <trkpt lat="51.495118" lon="-0.173355"><ele>8</ele></trkpt>
      <trkpt lat="51.495109" lon="-0.173428"><ele>8</ele></trkpt>
      <trkpt lat="51.495098" lon="-0.173519"><ele>8</ele></trkpt>
      <trkpt lat="51.494523" lon="-0.173398"><ele>7</ele></trkpt>
      <trkpt lat="51.494476" lon="-0.173393"><ele>7</ele></trkpt>
      <trkpt lat="51.494347" lon="-0.174178"><ele>6.5</ele></trkpt>
      <trkpt lat="51.49433" lon="-0.174178"><ele>6.5</ele></trkpt>
      <trkpt lat="51.494222" lon="-0.174184"><ele>6.5</ele></trkpt>
      <trkpt lat="51.494149" lon="-0.174188"><ele>6.5</ele></trkpt>
      <trkpt lat="51.494094" lon="-0.174193"><ele>6.5</ele></trkpt>
      <trkpt lat="51.493997" lon="-0.1742"><ele>6.5</ele></trkpt>
      <trkpt lat="51.494041" lon="-0.174387"><ele>6.25</ele></trkpt>
      <trkpt lat="51.494075" lon="-0.17448"><ele>6.25</ele></trkpt>
      <trkpt lat="51.494086" lon="-0.174536"><ele>6.5</ele></trkpt>
      <trkpt lat="51.494072" lon="-0.174646"><ele>6.75</ele></trkpt>
      <trkpt lat="51.494057" lon="-0.174759"><ele>7</ele></trkpt>
      <trkpt lat="51.494068" lon="-0.174775"><ele>7</ele></trkpt>
      <trkpt lat="51.494072" lon="-0.174847"><ele>7</ele></trkpt>
      <trkpt lat="51.494116" lon="-0.174854"><ele>7</ele></trkpt>
      <trkpt lat="51.494089" lon="-0.175361"><ele>7.25</ele></trkpt>
      <trkpt lat="51.494109" lon="-0.175566"><ele>7</ele></trkpt>
      <trkpt lat="51.494082" lon="-0.175899"><ele>7</ele></trkpt>
      <trkpt lat="51.494069" lon="-0.176051"><ele>7.75</ele></trkpt>
      <trkpt lat="51.49402" lon="-0.176653"><ele>8</ele></trkpt>
      <trkpt lat="51.494005" lon="-0.17683"><ele>8</ele></trkpt>
      <trkpt lat="51.493964" lon="-0.177347"><ele>8</ele></trkpt>
      <trkpt lat="51.493946" lon="-0.177584"><ele>7.75</ele></trkpt>
      <trkpt lat="51.493872" lon="-0.178339"><ele>6.75</ele></trkpt>
      <trkpt lat="51.493866" lon="-0.178393"><ele>7</ele></trkpt>
      <trkpt lat="51.493861" lon="-0.178447"><ele>7.25</ele></trkpt>
      <trkpt lat="51.493919" lon="-0.17846"><ele>7.25</ele></trkpt>
      <trkpt lat="51.493932" lon="-0.178463"><ele>7.25</ele></trkpt>
      <trkpt lat="51.493927" lon="-0.178526"><ele>7.5</ele></trkpt>
      <trkpt lat="51.493946" lon="-0.178531"><ele>7.5</ele></trkpt>
      <trkpt lat="51.493944" lon="-0.17856"><ele>7.75</ele></trkpt>
      <trkpt lat="51.493939" lon="-0.178617"><ele>7.75</ele></trkpt>
      <trkpt lat="51.493935" lon="-0.178681"><ele>7.5</ele></trkpt>
      <trkpt lat="51.493931" lon="-0.178728"><ele>7.5</ele></trkpt>
      <trkpt lat="51.493928" lon="-0.17877"><ele>7.25</ele></trkpt>
      <trkpt lat="51.493925" lon="-0.178813"><ele>7.25</ele></trkpt>
      <trkpt lat="51.493917" lon="-0.178845"><ele>7</ele></trkpt>
      <trkpt lat="51.493906" lon="-0.178892"><ele>6.75</ele></trkpt>
      <trkpt lat="51.493894" lon="-0.178942"><ele>6.75</ele></trkpt>
      <trkpt lat="51.493839" lon="-0.179329"><ele>6.5</ele></trkpt>
      <trkpt lat="51.49383" lon="-0.179388"><ele>6.5</ele></trkpt>
      <trkpt lat="51.493827" lon="-0.179407"><ele>6.5</ele></trkpt>
      <trkpt lat="51.49375" lon="-0.179888"><ele>6.75</ele></trkpt>
      <trkpt lat="51.493739" lon="-0.179974"><ele>6.75</ele></trkpt>
      <trkpt lat="51.493729" lon="-0.180045"><ele>7</ele></trkpt>
      <trkpt lat="51.493731" lon="-0.180088"><ele>7</ele></trkpt>
      <trkpt lat="51.49372" lon="-0.180112"><ele>7</ele></trkpt>
      <trkpt lat="51.49367" lon="-0.180419"><ele>7</ele></trkpt>
      <trkpt lat="51.493614" lon="-0.180776"><ele>7.75</ele></trkpt>
      <trkpt lat="51.493612" lon="-0.180807"><ele>7.75</ele></trkpt>
      <trkpt lat="51.493617" lon="-0.18083"><ele>7.75</ele></trkpt>
      <trkpt lat="51.493607" lon="-0.180888"><ele>7.5</ele></trkpt>
      <trkpt lat="51.493602" lon="-0.180918"><ele>7.25</ele></trkpt>
      <trkpt lat="51.493598" lon="-0.180943"><ele>7</ele></trkpt>
      <trkpt lat="51.493581" lon="-0.181005"><ele>6.5</ele></trkpt>
      <trkpt lat="51.493504" lon="-0.181521"><ele>7.25</ele></trkpt>
      <trkpt lat="51.493469" lon="-0.18175"><ele>7.25</ele></trkpt>
      <trkpt lat="51.493456" lon="-0.181832"><ele>7</ele></trkpt>
      <trkpt lat="51.493455" lon="-0.181841"><ele>7</ele></trkpt>
      <trkpt lat="51.493444" lon="-0.18191"><ele>7</ele></trkpt>
      <trkpt lat="51.493432" lon="-0.181986"><ele>7</ele></trkpt>
      <trkpt lat="51.493429" lon="-0.182001"><ele>7</ele></trkpt>
      <trkpt lat="51.4941" lon="-0.182406"><ele>7</ele></trkpt>
      <trkpt lat="51.494113" lon="-0.182448"><ele>7</ele></trkpt>
      <trkpt lat="51.494172" lon="-0.182482"><ele>7</ele></trkpt>
      <trkpt lat="51.494201" lon="-0.182498"><ele>7</ele></trkpt>
      <trkpt lat="51.494334" lon="-0.182567"><ele>7</ele></trkpt>
      <trkpt lat="51.494201" lon="-0.182498"><ele>7</ele></trkpt>
      <trkpt lat="51.494172" lon="-0.182482"><ele>7</ele></trkpt>
      <trkpt lat="51.494018" lon="-0.183175"><ele>8</ele></trkpt>
      <trkpt lat="51.493984" lon="-0.183328"><ele>8</ele></trkpt>
      <trkpt lat="51.493944" lon="-0.183509"><ele>8</ele></trkpt>
      <trkpt lat="51.493819" lon="-0.18407"><ele>7.75</ele></trkpt>
      <trkpt lat="51.49379" lon="-0.184226"><ele>7.75</ele></trkpt>
      <trkpt lat="51.493776" lon="-0.184292"><ele>7.75</ele></trkpt>
      <trkpt lat="51.493766" lon="-0.184345"><ele>7.5</ele></trkpt>
      <trkpt lat="51.493674" lon="-0.184792"><ele>7.25</ele></trkpt>
      <trkpt lat="51.493528" lon="-0.185462"><ele>7.5</ele></trkpt>
      <trkpt lat="51.49347" lon="-0.185757"><ele>6.5</ele></trkpt>
      <trkpt lat="51.493398" lon="-0.186068"><ele>7.75</ele></trkpt>
      <trkpt lat="51.49331" lon="-0.186375"><ele>7.75</ele></trkpt>
      <trkpt lat="51.493225" lon="-0.186689"><ele>7.5</ele></trkpt>
      <trkpt lat="51.492906" lon="-0.187744"><ele>8.5</ele></trkpt>
      <trkpt lat="51.492479" lon="-0.189195"><ele>8.75</ele></trkpt>
      <trkpt lat="51.492478" lon="-0.189242"><ele>8.25</ele></trkpt>
      <trkpt lat="51.49249" lon="-0.189272"><ele>8.25</ele></trkpt>
      <trkpt lat="51.492712" lon="-0.189522"><ele>8</ele></trkpt>
      <trkpt lat="51.49293" lon="-0.189762"><ele>8</ele></trkpt>
      <trkpt lat="51.493403" lon="-0.19029"><ele>7.75</ele></trkpt>
      <trkpt lat="51.493497" lon="-0.190391"><ele>7.5</ele></trkpt>
      <trkpt lat="51.493575" lon="-0.190465"><ele>7.5</ele></trkpt>
      <trkpt lat="51.493416" lon="-0.190707"><ele>7.5</ele></trkpt>
      <trkpt lat="51.493353" lon="-0.190803"><ele>7.75</ele></trkpt>
      <trkpt lat="51.492156" lon="-0.192898"><ele>8</ele></trkpt>
      <trkpt lat="51.4922" lon="-0.192963"><ele>8</ele></trkpt>
      <trkpt lat="51.492223" lon="-0.193008"><ele>8</ele></trkpt>
      <trkpt lat="51.492148" lon="-0.193111"><ele>7.5</ele></trkpt>
      <trkpt lat="51.492095" lon="-0.193191"><ele>7.5</ele></trkpt>
      <trkpt lat="51.492061" lon="-0.193242"><ele>7.25</ele></trkpt>
      <trkpt lat="51.492096" lon="-0.193306"><ele>7</ele></trkpt>
      <trkpt lat="51.492076" lon="-0.19334"><ele>7</ele></trkpt>
      <trkpt lat="51.492054" lon="-0.19337"><ele>7</ele></trkpt>
      <trkpt lat="51.492059" lon="-0.193383"><ele>7</ele></trkpt>
      <trkpt lat="51.49206" lon="-0.193383"><ele>7</ele></trkpt>
      <trkpt lat="51.492067" lon="-0.193395"><ele>6.75</ele></trkpt>
      <trkpt lat="51.492089" lon="-0.193365"><ele>6.75</ele></trkpt>
      <trkpt lat="51.492052" lon="-0.19342"><ele>6.5</ele></trkpt>
      <trkpt lat="51.492077" lon="-0.193466"><ele>6.5</ele></trkpt>
      <trkpt lat="51.49148" lon="-0.194359"><ele>5.5</ele></trkpt>
      <trkpt lat="51.491405" lon="-0.194484"><ele>5.25</ele></trkpt>
      <trkpt lat="51.4914" lon="-0.194643"><ele>5.25</ele></trkpt>
      <trkpt lat="51.491143" lon="-0.195016"><ele>4.75</ele></trkpt>
      <trkpt lat="51.49107" lon="-0.194869"><ele>4.75</ele></trkpt>
      <trkpt lat="51.490996" lon="-0.194761"><ele>4.5</ele></trkpt>
      <trkpt lat="51.49089" lon="-0.194755"><ele>4.5</ele></trkpt>
      <trkpt lat="51.490424" lon="-0.195441"><ele>5.75</ele></trkpt>
      <trkpt lat="51.490337" lon="-0.195553"><ele>6</ele></trkpt>
      <trkpt lat="51.490285" lon="-0.195612"><ele>6</ele></trkpt>
      <trkpt lat="51.490263" lon="-0.195639"><ele>6</ele></trkpt>
      <trkpt lat="51.490258" lon="-0.195645"><ele>6.25</ele></trkpt>
      <trkpt lat="51.490297" lon="-0.195718"><ele>6.25</ele></trkpt>
      <trkpt lat="51.490288" lon="-0.19573"><ele>6.5</ele></trkpt>
      <trkpt lat="51.490257" lon="-0.195773"><ele>6.75</ele></trkpt>
      <trkpt lat="51.490223" lon="-0.195819"><ele>7</ele></trkpt>
      <trkpt lat="51.490208" lon="-0.195839"><ele>7.25</ele></trkpt>
      <trkpt lat="51.490261" lon="-0.195944"><ele>7.25</ele></trkpt>
      <trkpt lat="51.490411" lon="-0.196219"><ele>7</ele></trkpt>
      <trkpt lat="51.490423" lon="-0.196219"><ele>7</ele></trkpt>
      <trkpt lat="51.490491" lon="-0.196336"><ele>7</ele></trkpt>
      <trkpt lat="51.490654" lon="-0.196657"><ele>6</ele></trkpt>
      <trkpt lat="51.490666" lon="-0.196687"><ele>6</ele></trkpt>
      <trkpt lat="51.490675" lon="-0.196705"><ele>6</ele></trkpt>
      <trkpt lat="51.49068" lon="-0.196715"><ele>6</ele></trkpt>
      <trkpt lat="51.490686" lon="-0.196728"><ele>6</ele></trkpt>
      <trkpt lat="51.490696" lon="-0.19675"><ele>6.25</ele></trkpt>
      <trkpt lat="51.490708" lon="-0.196775"><ele>6.25</ele></trkpt>
      <trkpt lat="51.490718" lon="-0.196794"><ele>6.25</ele></trkpt>
      <trkpt lat="51.491173" lon="-0.197667"><ele>5.75</ele></trkpt>
      <trkpt lat="51.491664" lon="-0.198577"><ele>6</ele></trkpt>
      <trkpt lat="51.49212" lon="-0.199442"><ele>6.25</ele></trkpt>
      <trkpt lat="51.492129" lon="-0.199468"><ele>6.25</ele></trkpt>
      <trkpt lat="51.492146" lon="-0.199497"><ele>6.25</ele></trkpt>
      <trkpt lat="51.492157" lon="-0.199517"><ele>6.25</ele></trkpt>
      <trkpt lat="51.492169" lon="-0.199538"><ele>6</ele></trkpt>
      <trkpt lat="51.492175" lon="-0.199548"><ele>6</ele></trkpt>
      <trkpt lat="51.492179" lon="-0.199556"><ele>6</ele></trkpt>
      <trkpt lat="51.49219" lon="-0.199575"><ele>6</ele></trkpt>
      <trkpt lat="51.492212" lon="-0.199589"><ele>5.75</ele></trkpt>
      <trkpt lat="51.492438" lon="-0.200009"><ele>6</ele></trkpt>
      <trkpt lat="51.49247" lon="-0.20008"><ele>6</ele></trkpt>
      <trkpt lat="51.492493" lon="-0.200146"><ele>6</ele></trkpt>
      <trkpt lat="51.492499" lon="-0.20019"><ele>6</ele></trkpt>
      <trkpt lat="51.492493" lon="-0.200269"><ele>6</ele></trkpt>
      <trkpt lat="51.492487" lon="-0.200294"><ele>6</ele></trkpt>
      <trkpt lat="51.49239" lon="-0.200494"><ele>6.25</ele></trkpt>
      <trkpt lat="51.492218" lon="-0.200738"><ele>7.25</ele></trkpt>
      <trkpt lat="51.492058" lon="-0.200993"><ele>7.25</ele></trkpt>
      <trkpt lat="51.491972" lon="-0.20119"><ele>7</ele></trkpt>
      <trkpt lat="51.491806" lon="-0.201615"><ele>6.5</ele></trkpt>
      <trkpt lat="51.491649" lon="-0.202044"><ele>6.25</ele></trkpt>
      <trkpt lat="51.491585" lon="-0.202227"><ele>6</ele></trkpt>
      <trkpt lat="51.491543" lon="-0.202382"><ele>6</ele></trkpt>
      <trkpt lat="51.491508" lon="-0.20255"><ele>5.75</ele></trkpt>
      <trkpt lat="51.491488" lon="-0.202681"><ele>5.75</ele></trkpt>
      <trkpt lat="51.491293" lon="-0.20443"><ele>4.5</ele></trkpt>
      <trkpt lat="51.491269" lon="-0.2046"><ele>4.5</ele></trkpt>
      <trkpt lat="51.491182" lon="-0.205"><ele>4.25</ele></trkpt>
      <trkpt lat="51.491034" lon="-0.205652"><ele>4</ele></trkpt>
      <trkpt lat="51.490998" lon="-0.205714"><ele>4</ele></trkpt>
      <trkpt lat="51.490951" lon="-0.205849"><ele>4</ele></trkpt>
      <trkpt lat="51.490916" lon="-0.206007"><ele>4</ele></trkpt>
      <trkpt lat="51.490816" lon="-0.206667"><ele>4.75</ele></trkpt>
      <trkpt lat="51.490796" lon="-0.206684"><ele>4.5</ele></trkpt>
      <trkpt lat="51.490783" lon="-0.206679"><ele>4.25</ele></trkpt>
      <trkpt lat="51.490779" lon="-0.2067"><ele>4.25</ele></trkpt>
      <trkpt lat="51.490761" lon="-0.206798"><ele>4.25</ele></trkpt>
      <trkpt lat="51.490746" lon="-0.206877"><ele>4.25</ele></trkpt>
      <trkpt lat="51.490742" lon="-0.206898"><ele>4.25</ele></trkpt>
      <trkpt lat="51.490758" lon="-0.206936"><ele>4.25</ele></trkpt>
      <trkpt lat="51.490757" lon="-0.206967"><ele>4.25</ele></trkpt>
      <trkpt lat="51.490728" lon="-0.207116"><ele>4.5</ele></trkpt>
      <trkpt lat="51.490692" lon="-0.207288"><ele>4.75</ele></trkpt>
      <trkpt lat="51.490515" lon="-0.208248"><ele>4.25</ele></trkpt>
      <trkpt lat="51.490472" lon="-0.208513"><ele>4.25</ele></trkpt>
      <trkpt lat="51.490428" lon="-0.208869"><ele>4</ele></trkpt>
      <trkpt lat="51.490389" lon="-0.209261"><ele>4</ele></trkpt>
      <trkpt lat="51.490369" lon="-0.209565"><ele>4</ele></trkpt>
      <trkpt lat="51.490352" lon="-0.210069"><ele>4</ele></trkpt>
      <trkpt lat="51.490354" lon="-0.210356"><ele>4</ele></trkpt>
      <trkpt lat="51.490363" lon="-0.21063"><ele>4</ele></trkpt>
      <trkpt lat="51.490373" lon="-0.210901"><ele>4</ele></trkpt>
      <trkpt lat="51.490392" lon="-0.211202"><ele>4</ele></trkpt>
      <trkpt lat="51.490441" lon="-0.211733"><ele>3.5</ele></trkpt>
      <trkpt lat="51.490568" lon="-0.212822"><ele>4</ele></trkpt>
      <trkpt lat="51.490595" lon="-0.213107"><ele>4.75</ele></trkpt>
      <trkpt lat="51.490591" lon="-0.213138"><ele>4.5</ele></trkpt>
      <trkpt lat="51.490573" lon="-0.213156"><ele>4.5</ele></trkpt>
      <trkpt lat="51.490573" lon="-0.213222"><ele>4.25</ele></trkpt>
      <trkpt lat="51.490557" lon="-0.213222"><ele>4.25</ele></trkpt>
      <trkpt lat="51.490503" lon="-0.213221"><ele>3.75</ele></trkpt>
      <trkpt lat="51.490406" lon="-0.21322"><ele>3</ele></trkpt>
      <trkpt lat="51.490276" lon="-0.21322"><ele>2.25</ele></trkpt>
      <trkpt lat="51.490284" lon="-0.213349"><ele>1.75</ele></trkpt>
      <trkpt lat="51.49029" lon="-0.213432"><ele>1.75</ele></trkpt>
      <trkpt lat="51.490284" lon="-0.213349"><ele>2</ele></trkpt>
      <trkpt lat="51.490276" lon="-0.21322"><ele>2.75</ele></trkpt>
      <trkpt lat="51.490406" lon="-0.21322"><ele>3.75</ele></trkpt>
      <trkpt lat="51.490503" lon="-0.213221"><ele>3.75</ele></trkpt>
      <trkpt lat="51.490557" lon="-0.213222"><ele>4.25</ele></trkpt>
      <trkpt lat="51.490573" lon="-0.213222"><ele>4.25</ele></trkpt>
      <trkpt lat="51.490574" lon="-0.213281"><ele>4</ele></trkpt>
      <trkpt lat="51.490578" lon="-0.213359"><ele>3.75</ele></trkpt>
      <trkpt lat="51.490607" lon="-0.213365"><ele>3.75</ele></trkpt>
      <trkpt lat="51.490621" lon="-0.213391"><ele>3.75</ele></trkpt>
      <trkpt lat="51.490637" lon="-0.213587"><ele>3.25</ele></trkpt>
      <trkpt lat="51.490674" lon="-0.214219"><ele>3.5</ele></trkpt>
      <trkpt lat="51.490687" lon="-0.214769"><ele>4</ele></trkpt>
      <trkpt lat="51.490686" lon="-0.215125"><ele>3.75</ele></trkpt>
      <trkpt lat="51.490641" lon="-0.216424"><ele>3.5</ele></trkpt>
      <trkpt lat="51.490641" lon="-0.216699"><ele>3.5</ele></trkpt>
      <trkpt lat="51.490656" lon="-0.216963"><ele>3.5</ele></trkpt>
      <trkpt lat="51.490719" lon="-0.217347"><ele>4.25</ele></trkpt>
      <trkpt lat="51.490743" lon="-0.217464"><ele>4.5</ele></trkpt>
      <trkpt lat="51.490762" lon="-0.217557"><ele>4.5</ele></trkpt>
      <trkpt lat="51.490967" lon="-0.218763"><ele>4.5</ele></trkpt>
      <trkpt lat="51.490984" lon="-0.218844"><ele>4.75</ele></trkpt>
      <trkpt lat="51.490992" lon="-0.218887"><ele>4.75</ele></trkpt>
      <trkpt lat="51.491003" lon="-0.21894"><ele>5</ele></trkpt>
      <trkpt lat="51.491067" lon="-0.219375"><ele>5.25</ele></trkpt>
      <trkpt lat="51.491082" lon="-0.219519"><ele>5.25</ele></trkpt>
      <trkpt lat="51.49111" lon="-0.220079"><ele>5</ele></trkpt>
      <trkpt lat="51.491112" lon="-0.220556"><ele>5</ele></trkpt>
      <trkpt lat="51.491116" lon="-0.221274"><ele>6</ele></trkpt>
      <trkpt lat="51.491128" lon="-0.221437"><ele>6</ele></trkpt>
      <trkpt lat="51.491162" lon="-0.221602"><ele>6</ele></trkpt>
      <trkpt lat="51.491228" lon="-0.221826"><ele>4.5</ele></trkpt>
      <trkpt lat="51.491238" lon="-0.221892"><ele>4</ele></trkpt>
      <trkpt lat="51.491238" lon="-0.221965"><ele>3.5</ele></trkpt>
      <trkpt lat="51.491254" lon="-0.221954"><ele>3.75</ele></trkpt>
      <trkpt lat="51.491283" lon="-0.221933"><ele>4.5</ele></trkpt>
      <trkpt lat="51.49134" lon="-0.221894"><ele>5.25</ele></trkpt>
      <trkpt lat="51.491359" lon="-0.221893"><ele>5.5</ele></trkpt>
      <trkpt lat="51.491386" lon="-0.22201"><ele>5</ele></trkpt>
      <trkpt lat="51.491405" lon="-0.222089"><ele>4</ele></trkpt>
      <trkpt lat="51.491428" lon="-0.222191"><ele>2.75</ele></trkpt>
      <trkpt lat="51.491448" lon="-0.222277"><ele>2.5</ele></trkpt>
      <trkpt lat="51.491456" lon="-0.222292"><ele>2.5</ele></trkpt>
      <trkpt lat="51.491468" lon="-0.222295"><ele>2.5</ele></trkpt>
      <trkpt lat="51.491675" lon="-0.222231"><ele>5.75</ele></trkpt>
      <trkpt lat="51.492064" lon="-0.222379"><ele>5.5</ele></trkpt>
      <trkpt lat="51.492137" lon="-0.222407"><ele>5.25</ele></trkpt>
      <trkpt lat="51.492303" lon="-0.222471"><ele>5.25</ele></trkpt>
      <trkpt lat="51.492331" lon="-0.222502"><ele>5.25</ele></trkpt>
      <trkpt lat="51.492351" lon="-0.222524"><ele>5.25</ele></trkpt>
      <trkpt lat="51.492407" lon="-0.222555"><ele>5.5</ele></trkpt>
      <trkpt lat="51.492434" lon="-0.22255"><ele>5.5</ele></trkpt>
      <trkpt lat="51.492435" lon="-0.222608"><ele>5.5</ele></trkpt>
      <trkpt lat="51.492473" lon="-0.222678"><ele>5.75</ele></trkpt>
      <trkpt lat="51.492533" lon="-0.222743"><ele>6</ele></trkpt>
      <trkpt lat="51.492675" lon="-0.222884"><ele>6</ele></trkpt>
      <trkpt lat="51.49272" lon="-0.222923"><ele>6</ele></trkpt>
      <trkpt lat="51.492837" lon="-0.223026"><ele>6</ele></trkpt>
      <trkpt lat="51.492886" lon="-0.223146"><ele>6</ele></trkpt>
      <trkpt lat="51.492899" lon="-0.223216"><ele>6</ele></trkpt>
      <trkpt lat="51.492896" lon="-0.223285"><ele>6</ele></trkpt>
      <trkpt lat="51.492886" lon="-0.22332"><ele>6</ele></trkpt>
      <trkpt lat="51.4929" lon="-0.223438"><ele>5</ele></trkpt>
      <trkpt lat="51.492923" lon="-0.223502"><ele>4.75</ele></trkpt>
      <trkpt lat="51.492979" lon="-0.223603"><ele>4.75</ele></trkpt>
      <trkpt lat="51.492994" lon="-0.223614"><ele>5</ele></trkpt>
      <trkpt lat="51.492983" lon="-0.223659"><ele>5</ele></trkpt>
      <trkpt lat="51.492987" lon="-0.223914"><ele>5.75</ele></trkpt>
      <trkpt lat="51.492963" lon="-0.224247"><ele>6</ele></trkpt>
      <trkpt lat="51.492946" lon="-0.224361"><ele>6</ele></trkpt>
      <trkpt lat="51.492918" lon="-0.224475"><ele>6</ele></trkpt>
      <trkpt lat="51.49286" lon="-0.224432"><ele>6</ele></trkpt>
      <trkpt lat="51.492668" lon="-0.224265"><ele>6</ele></trkpt>
      <trkpt lat="51.492629" lon="-0.224234"><ele>6</ele></trkpt>
      <trkpt lat="51.49259" lon="-0.223844"><ele>6</ele></trkpt>
      <trkpt lat="51.492556" lon="-0.223787"><ele>6</ele></trkpt>
      <trkpt lat="51.492529" lon="-0.223762"><ele>6</ele></trkpt>
      <trkpt lat="51.49251" lon="-0.223742"><ele>6</ele></trkpt>
      <trkpt lat="51.492483" lon="-0.223713"><ele>6</ele></trkpt>
      <trkpt lat="51.492429" lon="-0.223657"><ele>6</ele></trkpt>
      <trkpt lat="51.492406" lon="-0.223633"><ele>6</ele></trkpt>
      <trkpt lat="51.492374" lon="-0.223599"><ele>6</ele></trkpt>
      <trkpt lat="51.492354" lon="-0.22358"><ele>6</ele></trkpt>
      <trkpt lat="51.492328" lon="-0.223554"><ele>6</ele></trkpt>
      <trkpt lat="51.492327" lon="-0.223554"><ele>6</ele></trkpt>
      <trkpt lat="51.492328" lon="-0.223554"><ele>6</ele></trkpt>
      <trkpt lat="51.492354" lon="-0.22358"><ele>6</ele></trkpt>
      <trkpt lat="51.492374" lon="-0.223599"><ele>6</ele></trkpt>
      <trkpt lat="51.492406" lon="-0.223633"><ele>6</ele></trkpt>
      <trkpt lat="51.492429" lon="-0.223657"><ele>6</ele></trkpt>
      <trkpt lat="51.492483" lon="-0.223713"><ele>6</ele></trkpt>
      <trkpt lat="51.49251" lon="-0.223742"><ele>6</ele></trkpt>
      <trkpt lat="51.492529" lon="-0.223762"><ele>6</ele></trkpt>
      <trkpt lat="51.492556" lon="-0.223787"><ele>6</ele></trkpt>
      <trkpt lat="51.49259" lon="-0.223844"><ele>6</ele></trkpt>
      <trkpt lat="51.492629" lon="-0.224234"><ele>6</ele></trkpt>
      <trkpt lat="51.492668" lon="-0.224265"><ele>6</ele></trkpt>
      <trkpt lat="51.49286" lon="-0.224432"><ele>6</ele></trkpt>
      <trkpt lat="51.492918" lon="-0.224475"><ele>6</ele></trkpt>
      <trkpt lat="51.492946" lon="-0.224517"><ele>6</ele></trkpt>
      <trkpt lat="51.492977" lon="-0.224584"><ele>6</ele></trkpt>
      <trkpt lat="51.493018" lon="-0.224671"><ele>6</ele></trkpt>
      <trkpt lat="51.493025" lon="-0.224686"><ele>5.75</ele></trkpt>
      <trkpt lat="51.49306" lon="-0.224769"><ele>5.75</ele></trkpt>
      <trkpt lat="51.492987" lon="-0.224914"><ele>5.25</ele></trkpt>
      <trkpt lat="51.493001" lon="-0.224981"><ele>5</ele></trkpt>
      <trkpt lat="51.493002" lon="-0.22506"><ele>5</ele></trkpt>
      <trkpt lat="51.492943" lon="-0.22563"><ele>5</ele></trkpt>
      <trkpt lat="51.492926" lon="-0.225626"><ele>5</ele></trkpt>
      <trkpt lat="51.492879" lon="-0.226077"><ele>5</ele></trkpt>
      <trkpt lat="51.492589" lon="-0.228499"><ele>4.5</ele></trkpt>
      <trkpt lat="51.492575" lon="-0.228633"><ele>4.75</ele></trkpt>
      <trkpt lat="51.492572" lon="-0.228882"><ele>4.75</ele></trkpt>
      <trkpt lat="51.492563" lon="-0.228882"><ele>4.75</ele></trkpt>
      <trkpt lat="51.492526" lon="-0.228881"><ele>4.75</ele></trkpt>
      <trkpt lat="51.49251" lon="-0.22888"><ele>4.75</ele></trkpt>
      <trkpt lat="51.492483" lon="-0.228879"><ele>4.75</ele></trkpt>
      <trkpt lat="51.492482" lon="-0.228934"><ele>4.75</ele></trkpt>
      <trkpt lat="51.492482" lon="-0.228992"><ele>4.75</ele></trkpt>
      <trkpt lat="51.492483" lon="-0.229029"><ele>4.75</ele></trkpt>
      <trkpt lat="51.492519" lon="-0.229925"><ele>5</ele></trkpt>
      <trkpt lat="51.492516" lon="-0.230475"><ele>5</ele></trkpt>
      <trkpt lat="51.492497" lon="-0.230845"><ele>5</ele></trkpt>
      <trkpt lat="51.492512" lon="-0.231381"><ele>5</ele></trkpt>
      <trkpt lat="51.492513" lon="-0.231413"><ele>5</ele></trkpt>
      <trkpt lat="51.492514" lon="-0.231468"><ele>5</ele></trkpt>
      <trkpt lat="51.492541" lon="-0.231934"><ele>5</ele></trkpt>
      <trkpt lat="51.492574" lon="-0.232421"><ele>5</ele></trkpt>
      <trkpt lat="51.492578" lon="-0.232479"><ele>5</ele></trkpt>
      <trkpt lat="51.492582" lon="-0.232529"><ele>5</ele></trkpt>
      <trkpt lat="51.492612" lon="-0.232937"><ele>5</ele></trkpt>
      <trkpt lat="51.492718" lon="-0.233828"><ele>4</ele></trkpt>
      <trkpt lat="51.49276" lon="-0.234236"><ele>5</ele></trkpt>
      <trkpt lat="51.492791" lon="-0.234637"><ele>5</ele></trkpt>
      <trkpt lat="51.492826" lon="-0.235144"><ele>4.75</ele></trkpt>
      <trkpt lat="51.492829" lon="-0.235189"><ele>5</ele></trkpt>
      <trkpt lat="51.492832" lon="-0.235237"><ele>5</ele></trkpt>
      <trkpt lat="51.492861" lon="-0.235627"><ele>4.75</ele></trkpt>
      <trkpt lat="51.492864" lon="-0.235655"><ele>4.75</ele></trkpt>
      <trkpt lat="51.492866" lon="-0.235676"><ele>4.5</ele></trkpt>
      <trkpt lat="51.492909" lon="-0.23594"><ele>4.25</ele></trkpt>
      <trkpt lat="51.492949" lon="-0.236185"><ele>4.25</ele></trkpt>
      <trkpt lat="51.492952" lon="-0.236236"><ele>4.5</ele></trkpt>
      <trkpt lat="51.492968" lon="-0.236304"><ele>4.75</ele></trkpt>
      <trkpt lat="51.493004" lon="-0.236304"><ele>4.75</ele></trkpt>
      <trkpt lat="51.493015" lon="-0.236298"><ele>4.75</ele></trkpt>
      <trkpt lat="51.493026" lon="-0.236367"><ele>4.75</ele></trkpt>
      <trkpt lat="51.493069" lon="-0.236515"><ele>5</ele></trkpt>
      <trkpt lat="51.493078" lon="-0.236552"><ele>4.75</ele></trkpt>
      <trkpt lat="51.493087" lon="-0.2366"><ele>5</ele></trkpt>
      <trkpt lat="51.493096" lon="-0.236646"><ele>5</ele></trkpt>
      <trkpt lat="51.493102" lon="-0.236676"><ele>5</ele></trkpt>
      <trkpt lat="51.49314" lon="-0.236859"><ele>4.75</ele></trkpt>
      <trkpt lat="51.493198" lon="-0.237177"><ele>5</ele></trkpt>
      <trkpt lat="51.493252" lon="-0.237458"><ele>5</ele></trkpt>
      <trkpt lat="51.493269" lon="-0.237543"><ele>5</ele></trkpt>
      <trkpt lat="51.493281" lon="-0.237613"><ele>5</ele></trkpt>
      <trkpt lat="51.493321" lon="-0.237848"><ele>5</ele></trkpt>
      <trkpt lat="51.493344" lon="-0.238009"><ele>5</ele></trkpt>
      <trkpt lat="51.49337" lon="-0.238187"><ele>5</ele></trkpt>
      <trkpt lat="51.493407" lon="-0.238656"><ele>5</ele></trkpt>
      <trkpt lat="51.493411" lon="-0.23871"><ele>5</ele></trkpt>
      <trkpt lat="51.493413" lon="-0.23875"><ele>5</ele></trkpt>
      <trkpt lat="51.493421" lon="-0.238923"><ele>5</ele></trkpt>
      <trkpt lat="51.493422" lon="-0.238945"><ele>5</ele></trkpt>
      <trkpt lat="51.493424" lon="-0.238994"><ele>5</ele></trkpt>
      <trkpt lat="51.493441" lon="-0.238992"><ele>5</ele></trkpt>
      <trkpt lat="51.49345" lon="-0.238991"><ele>5</ele></trkpt>
      <trkpt lat="51.49348" lon="-0.238988"><ele>5</ele></trkpt>
      <trkpt lat="51.493515" lon="-0.238985"><ele>5</ele></trkpt>
      <trkpt lat="51.493531" lon="-0.238984"><ele>5</ele></trkpt>
      <trkpt lat="51.49354" lon="-0.239163"><ele>5</ele></trkpt>
      <trkpt lat="51.493542" lon="-0.239225"><ele>5</ele></trkpt>
      <trkpt lat="51.493543" lon="-0.239273"><ele>5</ele></trkpt>
      <trkpt lat="51.493544" lon="-0.239325"><ele>5</ele></trkpt>
      <trkpt lat="51.493567" lon="-0.239384"><ele>5</ele></trkpt>
      <trkpt lat="51.493589" lon="-0.240297"><ele>5</ele></trkpt>
      <trkpt lat="51.493589" lon="-0.240316"><ele>5</ele></trkpt>
      <trkpt lat="51.49359" lon="-0.240332"><ele>5</ele></trkpt>
      <trkpt lat="51.493599" lon="-0.240916"><ele>5</ele></trkpt>
      <trkpt lat="51.493592" lon="-0.240943"><ele>5</ele></trkpt>
      <trkpt lat="51.493592" lon="-0.24102"><ele>5</ele></trkpt>
      <trkpt lat="51.493592" lon="-0.241065"><ele>5</ele></trkpt>
      <trkpt lat="51.493602" lon="-0.241096"><ele>5</ele></trkpt>
      <trkpt lat="51.493615" lon="-0.24172"><ele>5.75</ele></trkpt>
      <trkpt lat="51.493604" lon="-0.242121"><ele>5.75</ele></trkpt>
      <trkpt lat="51.493593" lon="-0.242381"><ele>5.75</ele></trkpt>
      <trkpt lat="51.493587" lon="-0.242499"><ele>5.75</ele></trkpt>
      <trkpt lat="51.493575" lon="-0.242758"><ele>6</ele></trkpt>
      <trkpt lat="51.493571" lon="-0.242829"><ele>6</ele></trkpt>
      <trkpt lat="51.493525" lon="-0.243691"><ele>6</ele></trkpt>
      <trkpt lat="51.493506" lon="-0.244059"><ele>6</ele></trkpt>
      <trkpt lat="51.493484" lon="-0.244944"><ele>6</ele></trkpt>
      <trkpt lat="51.493485" lon="-0.244971"><ele>6</ele></trkpt>
      <trkpt lat="51.493497" lon="-0.245"><ele>6</ele></trkpt>
      <trkpt lat="51.493499" lon="-0.245122"><ele>6</ele></trkpt>
      <trkpt lat="51.493498" lon="-0.245259"><ele>6</ele></trkpt>
      <trkpt lat="51.493485" lon="-0.245366"><ele>5.75</ele></trkpt>
      <trkpt lat="51.493443" lon="-0.246242"><ele>5</ele></trkpt>
      <trkpt lat="51.493391" lon="-0.247333"><ele>4.75</ele></trkpt>
      <trkpt lat="51.49337" lon="-0.247792"><ele>5</ele></trkpt>
      <trkpt lat="51.493346" lon="-0.248065"><ele>5</ele></trkpt>
      <trkpt lat="51.493328" lon="-0.248222"><ele>5</ele></trkpt>
      <trkpt lat="51.49331" lon="-0.248281"><ele>5</ele></trkpt>
      <trkpt lat="51.493237" lon="-0.248783"><ele>6</ele></trkpt>
      <trkpt lat="51.49319" lon="-0.249134"><ele>5</ele></trkpt>
      <trkpt lat="51.493142" lon="-0.249493"><ele>5.25</ele></trkpt>
      <trkpt lat="51.493121" lon="-0.249672"><ele>5</ele></trkpt>
      <trkpt lat="51.493096" lon="-0.249893"><ele>4.75</ele></trkpt>
      <trkpt lat="51.493062" lon="-0.250078"><ele>5.25</ele></trkpt>
      <trkpt lat="51.493009" lon="-0.250581"><ele>6</ele></trkpt>
      <trkpt lat="51.492938" lon="-0.25146"><ele>6</ele></trkpt>
      <trkpt lat="51.492976" lon="-0.251468"><ele>6</ele></trkpt>
      <trkpt lat="51.493041" lon="-0.25148"><ele>6</ele></trkpt>
      <trkpt lat="51.494993" lon="-0.251779"><ele>6.75</ele></trkpt>
      <trkpt lat="51.495007" lon="-0.251785"><ele>7</ele></trkpt>
      <trkpt lat="51.494978" lon="-0.255196"><ele>6</ele></trkpt>
      <trkpt lat="51.495285" lon="-0.255196"><ele>6.5</ele></trkpt>
      <trkpt lat="51.495284" lon="-0.255094"><ele>7.25</ele></trkpt>
      <trkpt lat="51.495286" lon="-0.254956"><ele>8</ele></trkpt>
      <trkpt lat="51.495268" lon="-0.25491"><ele>8.25</ele></trkpt>
      <trkpt lat="51.495261" lon="-0.254892"><ele>8.25</ele></trkpt>
      <trkpt lat="51.495181" lon="-0.254888"><ele>7.75</ele></trkpt>
      <trkpt lat="51.495181" lon="-0.254862"><ele>7.75</ele></trkpt>
      <trkpt lat="51.495183" lon="-0.25478"><ele>8</ele></trkpt>
      <trkpt lat="51.495183" lon="-0.254766"><ele>8</ele></trkpt>
      <trkpt lat="51.495185" lon="-0.254683"><ele>8.25</ele></trkpt>
      <trkpt lat="51.495185" lon="-0.254676"><ele>8.25</ele></trkpt>
      <trkpt lat="51.495157" lon="-0.254675"><ele>8</ele></trkpt>
      <trkpt lat="51.495185" lon="-0.254676"><ele>8.25</ele></trkpt>
      <trkpt lat="51.495185" lon="-0.254683"><ele>8.25</ele></trkpt>
      <trkpt lat="51.495183" lon="-0.254766"><ele>8</ele></trkpt>
      <trkpt lat="51.495183" lon="-0.25478"><ele>8</ele></trkpt>
      <trkpt lat="51.495181" lon="-0.254862"><ele>7.75</ele></trkpt>
      <trkpt lat="51.495181" lon="-0.254888"><ele>7.75</ele></trkpt>
      <trkpt lat="51.495261" lon="-0.254892"><ele>8.25</ele></trkpt>
      <trkpt lat="51.495268" lon="-0.25491"><ele>8.25</ele></trkpt>
      <trkpt lat="51.495286" lon="-0.254956"><ele>8</ele></trkpt>
      <trkpt lat="51.495284" lon="-0.255094"><ele>7.25</ele></trkpt>
      <trkpt lat="51.495285" lon="-0.255196"><ele>6.5</ele></trkpt>
      <trkpt lat="51.495321" lon="-0.255161"><ele>6.5</ele></trkpt>
      <trkpt lat="51.495358" lon="-0.255163"><ele>6.25</ele></trkpt>
      <trkpt lat="51.495356" lon="-0.255288"><ele>5.5</ele></trkpt>
      <trkpt lat="51.495353" lon="-0.255379"><ele>5.5</ele></trkpt>
      <trkpt lat="51.495352" lon="-0.25542"><ele>5.5</ele></trkpt>
      <trkpt lat="51.495398" lon="-0.255719"><ele>5.5</ele></trkpt>
      <trkpt lat="51.495449" lon="-0.256675"><ele>6</ele></trkpt>
      <trkpt lat="51.495511" lon="-0.257755"><ele>5.25</ele></trkpt>
      <trkpt lat="51.495466" lon="-0.257971"><ele>5.5</ele></trkpt>
      <trkpt lat="51.49544" lon="-0.258324"><ele>5.75</ele></trkpt>
      <trkpt lat="51.495394" lon="-0.258535"><ele>6</ele></trkpt>
      <trkpt lat="51.495354" lon="-0.25884"><ele>5.75</ele></trkpt>
      <trkpt lat="51.495312" lon="-0.259248"><ele>5.5</ele></trkpt>
      <trkpt lat="51.495253" lon="-0.259591"><ele>5.25</ele></trkpt>
      <trkpt lat="51.495224" lon="-0.260142"><ele>5.75</ele></trkpt>
      <trkpt lat="51.495232" lon="-0.260143"><ele>5.75</ele></trkpt>
      <trkpt lat="51.495231" lon="-0.260172"><ele>5.75</ele></trkpt>
      <trkpt lat="51.495228" lon="-0.26023"><ele>5.5</ele></trkpt>
      <trkpt lat="51.495227" lon="-0.260293"><ele>5.5</ele></trkpt>
      <trkpt lat="51.495221" lon="-0.260317"><ele>5.5</ele></trkpt>
      <trkpt lat="51.495212" lon="-0.260348"><ele>5.75</ele></trkpt>
      <trkpt lat="51.495207" lon="-0.260399"><ele>6</ele></trkpt>
      <trkpt lat="51.495223" lon="-0.260412"><ele>5.75</ele></trkpt>
      <trkpt lat="51.495285" lon="-0.260674"><ele>5</ele></trkpt>
      <trkpt lat="51.495375" lon="-0.261275"><ele>5</ele></trkpt>
      <trkpt lat="51.495571" lon="-0.262053"><ele>5.25</ele></trkpt>
      <trkpt lat="51.495612" lon="-0.262025"><ele>5.25</ele></trkpt>
      <trkpt lat="51.495621" lon="-0.262051"><ele>5.5</ele></trkpt>
      <trkpt lat="51.495633" lon="-0.262089"><ele>5.5</ele></trkpt>
      <trkpt lat="51.495806" lon="-0.262611"><ele>5.75</ele></trkpt>
      <trkpt lat="51.496032" lon="-0.263187"><ele>6</ele></trkpt>
      <trkpt lat="51.49608" lon="-0.263419"><ele>6</ele></trkpt>
      <trkpt lat="51.496099" lon="-0.263707"><ele>6</ele></trkpt>
      <trkpt lat="51.496124" lon="-0.263965"><ele>6</ele></trkpt>
      <trkpt lat="51.496122" lon="-0.264128"><ele>6</ele></trkpt>
      <trkpt lat="51.496171" lon="-0.264132"><ele>6</ele></trkpt>
      <trkpt lat="51.496169" lon="-0.264247"><ele>6</ele></trkpt>
      <trkpt lat="51.496358" lon="-0.264696"><ele>6</ele></trkpt>
      <trkpt lat="51.496415" lon="-0.264814"><ele>6</ele></trkpt>
      <trkpt lat="51.496585" lon="-0.26516"><ele>6.25</ele></trkpt>
      <trkpt lat="51.496641" lon="-0.2652"><ele>6.5</ele></trkpt>
      <trkpt lat="51.496664" lon="-0.265211"><ele>6.75</ele></trkpt>
      <trkpt lat="51.496846" lon="-0.265309"><ele>7</ele></trkpt>
      <trkpt lat="51.497041" lon="-0.265401"><ele>7</ele></trkpt>
      <trkpt lat="51.497221" lon="-0.265444"><ele>7</ele></trkpt>
      <trkpt lat="51.497479" lon="-0.26548"><ele>7</ele></trkpt>
      <trkpt lat="51.497753" lon="-0.265455"><ele>7</ele></trkpt>
      <trkpt lat="51.497773" lon="-0.265454"><ele>7</ele></trkpt>
      <trkpt lat="51.497998" lon="-0.26544"><ele>7</ele></trkpt>
      <trkpt lat="51.498013" lon="-0.265451"><ele>7</ele></trkpt>
      <trkpt lat="51.498033" lon="-0.265451"><ele>7</ele></trkpt>
      <trkpt lat="51.498087" lon="-0.265451"><ele>7</ele></trkpt>
      <trkpt lat="51.498094" lon="-0.265344"><ele>7</ele></trkpt>
      <trkpt lat="51.498126" lon="-0.265355"><ele>7</ele></trkpt>
      <trkpt lat="51.498185" lon="-0.26538"><ele>7</ele></trkpt>
      <trkpt lat="51.498189" lon="-0.26544"><ele>7</ele></trkpt>
      <trkpt lat="51.49827" lon="-0.265731"><ele>7</ele></trkpt>
      <trkpt lat="51.498341" lon="-0.265857"><ele>6.75</ele></trkpt>
      <trkpt lat="51.498452" lon="-0.266054"><ele>7</ele></trkpt>
      <trkpt lat="51.498664" lon="-0.266341"><ele>7</ele></trkpt>
      <trkpt lat="51.498726" lon="-0.266436"><ele>7</ele></trkpt>
      <trkpt lat="51.498777" lon="-0.266534"><ele>7.25</ele></trkpt>
      <trkpt lat="51.498818" lon="-0.266666"><ele>7.5</ele></trkpt>
      <trkpt lat="51.498843" lon="-0.26678"><ele>7.75</ele></trkpt>
      <trkpt lat="51.498859" lon="-0.266917"><ele>7.75</ele></trkpt>
      <trkpt lat="51.498894" lon="-0.267036"><ele>8</ele></trkpt>
      <trkpt lat="51.498953" lon="-0.267143"><ele>8</ele></trkpt>
      <trkpt lat="51.499056" lon="-0.267234"><ele>8</ele></trkpt>
      <trkpt lat="51.499286" lon="-0.267404"><ele>8.25</ele></trkpt>
      <trkpt lat="51.499386" lon="-0.267463"><ele>8.75</ele></trkpt>
      <trkpt lat="51.49946" lon="-0.267519"><ele>9</ele></trkpt>
      <trkpt lat="51.500095" lon="-0.267863"><ele>9.25</ele></trkpt>
      <trkpt lat="51.500167" lon="-0.267902"><ele>9.5</ele></trkpt>
      <trkpt lat="51.500521" lon="-0.268039"><ele>10</ele></trkpt>
      <trkpt lat="51.500645" lon="-0.268213"><ele>10</ele></trkpt>
      <trkpt lat="51.500745" lon="-0.26825"><ele>10</ele></trkpt>
      <trkpt lat="51.500792" lon="-0.268311"><ele>10</ele></trkpt>
      <trkpt lat="51.500924" lon="-0.268518"><ele>10.25</ele></trkpt>
      <trkpt lat="51.500974" lon="-0.268441"><ele>10.25</ele></trkpt>
      <trkpt lat="51.501073" lon="-0.268463"><ele>10.25</ele></trkpt>
      <trkpt lat="51.501285" lon="-0.26856"><ele>10.75</ele></trkpt>
      <trkpt lat="51.501309" lon="-0.26857"><ele>10.75</ele></trkpt>
      <trkpt lat="51.501387" lon="-0.268683"><ele>11</ele></trkpt>
      <trkpt lat="51.501441" lon="-0.268761"><ele>11</ele></trkpt>
      <trkpt lat="51.501617" lon="-0.269612"><ele>11.75</ele></trkpt>
      <trkpt lat="51.501769" lon="-0.270347"><ele>12.75</ele></trkpt>
      <trkpt lat="51.501796" lon="-0.270387"><ele>13</ele></trkpt>
      <trkpt lat="51.501828" lon="-0.270436"><ele>13</ele></trkpt>
      <trkpt lat="51.501822" lon="-0.270497"><ele>13</ele></trkpt>
      <trkpt lat="51.501791" lon="-0.270741"><ele>13</ele></trkpt>
      <trkpt lat="51.501908" lon="-0.270797"><ele>13</ele></trkpt>
      <trkpt lat="51.501896" lon="-0.270861"><ele>13</ele></trkpt>
      <trkpt lat="51.501885" lon="-0.270915"><ele>13</ele></trkpt>
      <trkpt lat="51.502407" lon="-0.271125"><ele>14</ele></trkpt>
      <trkpt lat="51.502445" lon="-0.271119"><ele>14</ele></trkpt>
      <trkpt lat="51.502433" lon="-0.271166"><ele>14</ele></trkpt>
      <trkpt lat="51.502545" lon="-0.271236"><ele>14.5</ele></trkpt>
      <trkpt lat="51.502693" lon="-0.27184"><ele>16</ele></trkpt>
      <trkpt lat="51.502611" lon="-0.272356"><ele>16.25</ele></trkpt>
      <trkpt lat="51.502476" lon="-0.273102"><ele>15.75</ele></trkpt>
      <trkpt lat="51.502438" lon="-0.273303"><ele>15.75</ele></trkpt>
      <trkpt lat="51.502307" lon="-0.274127"><ele>15.5</ele></trkpt>
      <trkpt lat="51.502299" lon="-0.274176"><ele>15.5</ele></trkpt>
      <trkpt lat="51.502292" lon="-0.27422"><ele>15.5</ele></trkpt>
      <trkpt lat="51.502223" lon="-0.274624"><ele>15</ele></trkpt>
      <trkpt lat="51.502218" lon="-0.274654"><ele>15</ele></trkpt>
      <trkpt lat="51.502256" lon="-0.274708"><ele>15</ele></trkpt>
      <trkpt lat="51.502096" lon="-0.275633"><ele>15</ele></trkpt>
      <trkpt lat="51.502048" lon="-0.275688"><ele>15</ele></trkpt>
      <trkpt lat="51.502023" lon="-0.275813"><ele>15</ele></trkpt>
      <trkpt lat="51.50196" lon="-0.276141"><ele>15</ele></trkpt>
      <trkpt lat="51.50193" lon="-0.276321"><ele>14.75</ele></trkpt>
      <trkpt lat="51.50178" lon="-0.277198"><ele>14.25</ele></trkpt>
      <trkpt lat="51.501767" lon="-0.277271"><ele>14.25</ele></trkpt>
      <trkpt lat="51.502387" lon="-0.277543"><ele>16.5</ele></trkpt>
      <trkpt lat="51.502439" lon="-0.277565"><ele>16.75</ele></trkpt>
      <trkpt lat="51.502222" lon="-0.278845"><ele>15.75</ele></trkpt>
      <trkpt lat="51.502558" lon="-0.279149"><ele>16.75</ele></trkpt>
      <trkpt lat="51.502903" lon="-0.279533"><ele>17.25</ele></trkpt>
      <trkpt lat="51.50324" lon="-0.279945"><ele>18.25</ele></trkpt>
      <trkpt lat="51.503196" lon="-0.280007"><ele>18</ele></trkpt>
      <trkpt lat="51.503125" lon="-0.28013"><ele>17.25</ele></trkpt>
      <trkpt lat="51.503004" lon="-0.280336"><ele>16</ele></trkpt>
      <trkpt lat="51.50304" lon="-0.280392"><ele>16.5</ele></trkpt>
      <trkpt lat="51.50307" lon="-0.280438"><ele>16.75</ele></trkpt>
      <trkpt lat="51.503101" lon="-0.280482"><ele>17.25</ele></trkpt>
      <trkpt lat="51.502914" lon="-0.280767"><ele>20</ele></trkpt>
      <trkpt lat="51.502905" lon="-0.280785"><ele>20</ele></trkpt>
      <trkpt lat="51.502858" lon="-0.280876"><ele>20.75</ele></trkpt>
      <trkpt lat="51.502733" lon="-0.281123"><ele>22</ele></trkpt>
      <trkpt lat="51.502761" lon="-0.281193"><ele>22</ele></trkpt>
      <trkpt lat="51.503042" lon="-0.282048"><ele>23</ele></trkpt>
      <trkpt lat="51.503047" lon="-0.282125"><ele>23</ele></trkpt>
      <trkpt lat="51.503023" lon="-0.282208"><ele>23</ele></trkpt>
      <trkpt lat="51.502395" lon="-0.283549"><ele>24</ele></trkpt>
      <trkpt lat="51.502493" lon="-0.28367"><ele>24</ele></trkpt>
      <trkpt lat="51.502628" lon="-0.283835"><ele>24.75</ele></trkpt>
      <trkpt lat="51.502908" lon="-0.284274"><ele>25.5</ele></trkpt>
      <trkpt lat="51.502934" lon="-0.284339"><ele>25.75</ele></trkpt>
      <trkpt lat="51.502717" lon="-0.284804"><ele>26</ele></trkpt>
      <trkpt lat="51.502864" lon="-0.284982"><ele>26</ele></trkpt>
      <trkpt lat="51.502958" lon="-0.285147"><ele>26</ele></trkpt>
      <trkpt lat="51.503332" lon="-0.28575"><ele>27</ele></trkpt>
      <trkpt lat="51.502875" lon="-0.286398"><ele>27</ele></trkpt>
      <trkpt lat="51.502737" lon="-0.286593"><ele>27</ele></trkpt>
      <trkpt lat="51.502298" lon="-0.287218"><ele>26.25</ele></trkpt>
      <trkpt lat="51.502665" lon="-0.28783"><ele>27</ele></trkpt>
      <trkpt lat="51.502883" lon="-0.288201"><ele>27</ele></trkpt>
      <trkpt lat="51.50297" lon="-0.288334"><ele>27</ele></trkpt>
      <trkpt lat="51.502912" lon="-0.288447"><ele>27</ele></trkpt>
      <trkpt lat="51.502888" lon="-0.288502"><ele>27</ele></trkpt>
      <trkpt lat="51.502859" lon="-0.288545"><ele>27</ele></trkpt>
      <trkpt lat="51.502896" lon="-0.288617"><ele>27</ele></trkpt>
      <trkpt lat="51.502922" lon="-0.28865"><ele>27</ele></trkpt>
      <trkpt lat="51.503039" lon="-0.288721"><ele>27</ele></trkpt>
      <trkpt lat="51.50307" lon="-0.288757"><ele>27</ele></trkpt>
      <trkpt lat="51.50309" lon="-0.288814"><ele>27</ele></trkpt>
      <trkpt lat="51.503091" lon="-0.288884"><ele>27</ele></trkpt>
      <trkpt lat="51.503071" lon="-0.28899"><ele>27</ele></trkpt>
      <trkpt lat="51.503038" lon="-0.289165"><ele>27</ele></trkpt>
      <trkpt lat="51.502808" lon="-0.290357"><ele>26.75</ele></trkpt>
      <trkpt lat="51.502519" lon="-0.291897"><ele>27</ele></trkpt>
      <trkpt lat="51.502456" lon="-0.29223"><ele>27</ele></trkpt>
      <trkpt lat="51.502374" lon="-0.293038"><ele>27</ele></trkpt>
      <trkpt lat="51.502343" lon="-0.2934"><ele>27</ele></trkpt>
      <trkpt lat="51.502324" lon="-0.293494"><ele>27</ele></trkpt>
      <trkpt lat="51.502287" lon="-0.293543"><ele>27</ele></trkpt>
      <trkpt lat="51.50224" lon="-0.293554"><ele>27</ele></trkpt>
      <trkpt lat="51.502165" lon="-0.293525"><ele>27</ele></trkpt>
      <trkpt lat="51.501691" lon="-0.293256"><ele>27</ele></trkpt>
      <trkpt lat="51.501629" lon="-0.293221"><ele>27</ele></trkpt>
      <trkpt lat="51.501648" lon="-0.293521"><ele>27</ele></trkpt>
      <trkpt lat="51.501646" lon="-0.293803"><ele>27</ele></trkpt>
      <trkpt lat="51.501623" lon="-0.294001"><ele>27</ele></trkpt>
      <trkpt lat="51.501577" lon="-0.294217"><ele>27</ele></trkpt>
      <trkpt lat="51.501502" lon="-0.294482"><ele>27</ele></trkpt>
      <trkpt lat="51.501557" lon="-0.294513"><ele>27</ele></trkpt>
      <trkpt lat="51.502562" lon="-0.29508"><ele>27</ele></trkpt>
      <trkpt lat="51.502467" lon="-0.295429"><ele>27</ele></trkpt>
      <trkpt lat="51.502422" lon="-0.295584"><ele>26.75</ele></trkpt>
      <trkpt lat="51.50235" lon="-0.295842"><ele>26.25</ele></trkpt>
      <trkpt lat="51.50219" lon="-0.296451"><ele>26</ele></trkpt>
      <trkpt lat="51.50207" lon="-0.296884"><ele>26</ele></trkpt>
      <trkpt lat="51.501973" lon="-0.297245"><ele>26</ele></trkpt>
      <trkpt lat="51.501954" lon="-0.297318"><ele>26</ele></trkpt>
      <trkpt lat="51.501935" lon="-0.297385"><ele>26</ele></trkpt>
      <trkpt lat="51.501801" lon="-0.297863"><ele>25.75</ele></trkpt>
      <trkpt lat="51.501696" lon="-0.298237"><ele>25</ele></trkpt>
      <trkpt lat="51.50157" lon="-0.298703"><ele>24.75</ele></trkpt>
      <trkpt lat="51.501445" lon="-0.299168"><ele>23.75</ele></trkpt>
      <trkpt lat="51.501368" lon="-0.299452"><ele>23</ele></trkpt>
      <trkpt lat="51.50115" lon="-0.300254"><ele>22</ele></trkpt>
      <trkpt lat="51.501046" lon="-0.300639"><ele>21</ele></trkpt>
      <trkpt lat="51.500882" lon="-0.301253"><ele>21.5</ele></trkpt>
      <trkpt lat="51.50082" lon="-0.301521"><ele>21.75</ele></trkpt>
      <trkpt lat="51.500727" lon="-0.301926"><ele>22.5</ele></trkpt>
      <trkpt lat="51.500623" lon="-0.30237"><ele>23.5</ele></trkpt>
      <trkpt lat="51.500609" lon="-0.302428"><ele>23.5</ele></trkpt>
      <trkpt lat="51.500685" lon="-0.302476"><ele>23.75</ele></trkpt>
      <trkpt lat="51.500734" lon="-0.302828"><ele>24</ele></trkpt>
      <trkpt lat="51.5012" lon="-0.303709"><ele>25</ele></trkpt>
      <trkpt lat="51.501246" lon="-0.303841"><ele>25</ele></trkpt>
      <trkpt lat="51.50114" lon="-0.304296"><ele>25</ele></trkpt>
      <trkpt lat="51.501027" lon="-0.304778"><ele>25</ele></trkpt>
      <trkpt lat="51.501439" lon="-0.304944"><ele>25.5</ele></trkpt>
      <trkpt lat="51.501632" lon="-0.305025"><ele>24</ele></trkpt>
      <trkpt lat="51.501633" lon="-0.305076"><ele>23.75</ele></trkpt>
      <trkpt lat="51.501639" lon="-0.305079"><ele>23.5</ele></trkpt>
      <trkpt lat="51.501659" lon="-0.305088"><ele>23.25</ele></trkpt>
      <trkpt lat="51.50194" lon="-0.305175"><ele>24</ele></trkpt>
      <trkpt lat="51.501972" lon="-0.305187"><ele>24.5</ele></trkpt>
      <trkpt lat="51.502019" lon="-0.305204"><ele>24.75</ele></trkpt>
      <trkpt lat="51.501998" lon="-0.305308"><ele>25</ele></trkpt>
      <trkpt lat="51.501963" lon="-0.305335"><ele>25</ele></trkpt>
      <trkpt lat="51.5016" lon="-0.306331"><ele>24</ele></trkpt>
      <trkpt lat="51.501488" lon="-0.306519"><ele>23.25</ele></trkpt>
      <trkpt lat="51.501456" lon="-0.306682"><ele>24.25</ele></trkpt>
      <trkpt lat="51.501386" lon="-0.306664"><ele>23.75</ele></trkpt>
      <trkpt lat="51.501364" lon="-0.306753"><ele>24</ele></trkpt>
      <trkpt lat="51.501339" lon="-0.306744"><ele>23.75</ele></trkpt>
      <trkpt lat="51.501333" lon="-0.306856"><ele>23.75</ele></trkpt>
      <trkpt lat="51.501313" lon="-0.307035"><ele>23.5</ele></trkpt>
      <trkpt lat="51.501272" lon="-0.307036"><ele>23.5</ele></trkpt>
      <trkpt lat="51.501188" lon="-0.306982"><ele>23.5</ele></trkpt>
      <trkpt lat="51.501149" lon="-0.306943"><ele>23.5</ele></trkpt>
      <trkpt lat="51.501112" lon="-0.307065"><ele>23.5</ele></trkpt>
      <trkpt lat="51.501149" lon="-0.306943"><ele>23.5</ele></trkpt>
      <trkpt lat="51.501188" lon="-0.306982"><ele>23.5</ele></trkpt>
      <trkpt lat="51.501272" lon="-0.307036"><ele>23.5</ele></trkpt>
      <trkpt lat="51.501313" lon="-0.307035"><ele>23.5</ele></trkpt>
      <trkpt lat="51.501333" lon="-0.306856"><ele>23.75</ele></trkpt>
      <trkpt lat="51.501339" lon="-0.306744"><ele>23.75</ele></trkpt>
      <trkpt lat="51.501292" lon="-0.306729"><ele>23.25</ele></trkpt>
      <trkpt lat="51.500941" lon="-0.306646"><ele>23.75</ele></trkpt>
      <trkpt lat="51.500707" lon="-0.306566"><ele>25</ele></trkpt>
      <trkpt lat="51.500552" lon="-0.30652"><ele>25</ele></trkpt>
      <trkpt lat="51.500504" lon="-0.306932"><ele>25</ele></trkpt>
      <trkpt lat="51.50049" lon="-0.307079"><ele>25</ele></trkpt>
      <trkpt lat="51.500384" lon="-0.307565"><ele>24.75</ele></trkpt>
      <trkpt lat="51.500322" lon="-0.307836"><ele>25</ele></trkpt>
      <trkpt lat="51.500179" lon="-0.308464"><ele>24.25</ele></trkpt>
      <trkpt lat="51.500101" lon="-0.308799"><ele>24</ele></trkpt>
      <trkpt lat="51.499973" lon="-0.309351"><ele>24</ele></trkpt>
      <trkpt lat="51.499898" lon="-0.309721"><ele>24</ele></trkpt>
      <trkpt lat="51.499845" lon="-0.310005"><ele>23.25</ele></trkpt>
      <trkpt lat="51.499784" lon="-0.310334"><ele>23</ele></trkpt>
      <trkpt lat="51.49971" lon="-0.310716"><ele>22.25</ele></trkpt>
      <trkpt lat="51.499645" lon="-0.311061"><ele>21.75</ele></trkpt>
      <trkpt lat="51.499566" lon="-0.311302"><ele>20.75</ele></trkpt>
      <trkpt lat="51.49939" lon="-0.311726"><ele>19.75</ele></trkpt>
      <trkpt lat="51.499275" lon="-0.312005"><ele>18.75</ele></trkpt>
      <trkpt lat="51.499" lon="-0.312652"><ele>18.5</ele></trkpt>
      <trkpt lat="51.498633" lon="-0.313513"><ele>19.75</ele></trkpt>
      <trkpt lat="51.498666" lon="-0.313546"><ele>20.25</ele></trkpt>
      <trkpt lat="51.498713" lon="-0.313632"><ele>21</ele></trkpt>
      <trkpt lat="51.498681" lon="-0.313706"><ele>21.25</ele></trkpt>
      <trkpt lat="51.498668" lon="-0.313786"><ele>21.5</ele></trkpt>
      <trkpt lat="51.498673" lon="-0.313873"><ele>22</ele></trkpt>
      <trkpt lat="51.498683" lon="-0.313918"><ele>22</ele></trkpt>
      <trkpt lat="51.498726" lon="-0.314006"><ele>21.75</ele></trkpt>
      <trkpt lat="51.498671" lon="-0.314066"><ele>21.5</ele></trkpt>
      <trkpt lat="51.498901" lon="-0.314292"><ele>22</ele></trkpt>
      <trkpt lat="51.498993" lon="-0.314384"><ele>22</ele></trkpt>
      <trkpt lat="51.499112" lon="-0.314473"><ele>21.75</ele></trkpt>
      <trkpt lat="51.499127" lon="-0.314484"><ele>21.75</ele></trkpt>
      <trkpt lat="51.49929" lon="-0.314606"><ele>21.25</ele></trkpt>
      <trkpt lat="51.499264" lon="-0.314715"><ele>21.25</ele></trkpt>
      <trkpt lat="51.499308" lon="-0.314748"><ele>21.25</ele></trkpt>
      <trkpt lat="51.49931" lon="-0.31475"><ele>21.25</ele></trkpt>
      <trkpt lat="51.499308" lon="-0.314748"><ele>21.25</ele></trkpt>
      <trkpt lat="51.499264" lon="-0.314715"><ele>21.25</ele></trkpt>
      <trkpt lat="51.499234" lon="-0.314816"><ele>21.25</ele></trkpt>
      <trkpt lat="51.49906" lon="-0.314653"><ele>21.75</ele></trkpt>
      <trkpt lat="51.498945" lon="-0.314539"><ele>21.75</ele></trkpt>
      <trkpt lat="51.498927" lon="-0.314548"><ele>21.75</ele></trkpt>
      <trkpt lat="51.498903" lon="-0.314517"><ele>21.75</ele></trkpt>
      <trkpt lat="51.49887" lon="-0.314488"><ele>22</ele></trkpt>
      <trkpt lat="51.498851" lon="-0.314446"><ele>22</ele></trkpt>
      <trkpt lat="51.498423" lon="-0.31402"><ele>20.75</ele></trkpt>
      <trkpt lat="51.498239" lon="-0.313856"><ele>19.75</ele></trkpt>
      <trkpt lat="51.498141" lon="-0.314114"><ele>20</ele></trkpt>
      <trkpt lat="51.497861" lon="-0.314824"><ele>20.5</ele></trkpt>
      <trkpt lat="51.497655" lon="-0.315342"><ele>21</ele></trkpt>
      <trkpt lat="51.49746" lon="-0.315849"><ele>21</ele></trkpt>
      <trkpt lat="51.497376" lon="-0.31606"><ele>21</ele></trkpt>
      <trkpt lat="51.497527" lon="-0.316244"><ele>21.25</ele></trkpt>
      <trkpt lat="51.497558" lon="-0.316308"><ele>21.5</ele></trkpt>
      <trkpt lat="51.497548" lon="-0.316383"><ele>21.75</ele></trkpt>
      <trkpt lat="51.497507" lon="-0.316518"><ele>21.75</ele></trkpt>
      <trkpt lat="51.49733" lon="-0.317081"><ele>22</ele></trkpt>
      <trkpt lat="51.497297" lon="-0.317158"><ele>22</ele></trkpt>
      <trkpt lat="51.497162" lon="-0.317469"><ele>22</ele></trkpt>
      <trkpt lat="51.496595" lon="-0.318682"><ele>22</ele></trkpt>
      <trkpt lat="51.496571" lon="-0.318707"><ele>22</ele></trkpt>
      <trkpt lat="51.496108" lon="-0.319203"><ele>21.75</ele></trkpt>
      <trkpt lat="51.495631" lon="-0.320438"><ele>22</ele></trkpt>
      <trkpt lat="51.495518" lon="-0.320734"><ele>22</ele></trkpt>
      <trkpt lat="51.495249" lon="-0.321435"><ele>21.75</ele></trkpt>
      <trkpt lat="51.4949" lon="-0.321726"><ele>21</ele></trkpt>
      <trkpt lat="51.494849" lon="-0.321773"><ele>21</ele></trkpt>
      <trkpt lat="51.49483" lon="-0.321722"><ele>21</ele></trkpt>
      <trkpt lat="51.494751" lon="-0.321802"><ele>21</ele></trkpt>
      <trkpt lat="51.494723" lon="-0.321831"><ele>21</ele></trkpt>
      <trkpt lat="51.494798" lon="-0.32202"><ele>20.75</ele></trkpt>
      <trkpt lat="51.494867" lon="-0.322195"><ele>21</ele></trkpt>
      <trkpt lat="51.494998" lon="-0.322539"><ele>20.75</ele></trkpt>
      <trkpt lat="51.495186" lon="-0.323031"><ele>21</ele></trkpt>
      <trkpt lat="51.495314" lon="-0.323364"><ele>21</ele></trkpt>
      <trkpt lat="51.495449" lon="-0.323718"><ele>22</ele></trkpt>
      <trkpt lat="51.495469" lon="-0.323792"><ele>22.25</ele></trkpt>
      <trkpt lat="51.495474" lon="-0.323811"><ele>22.25</ele></trkpt>
      <trkpt lat="51.495482" lon="-0.323841"><ele>22.25</ele></trkpt>
      <trkpt lat="51.495491" lon="-0.323872"><ele>22.5</ele></trkpt>
      <trkpt lat="51.495505" lon="-0.323924"><ele>22.5</ele></trkpt>
      <trkpt lat="51.495551" lon="-0.323977"><ele>22.75</ele></trkpt>
      <trkpt lat="51.495623" lon="-0.324136"><ele>22</ele></trkpt>
      <trkpt lat="51.495673" lon="-0.324203"><ele>21.75</ele></trkpt>
      <trkpt lat="51.495829" lon="-0.324619"><ele>20.5</ele></trkpt>
      <trkpt lat="51.495837" lon="-0.324643"><ele>20.5</ele></trkpt>
      <trkpt lat="51.495801" lon="-0.324701"><ele>20.5</ele></trkpt>
      <trkpt lat="51.495788" lon="-0.32472"><ele>20.5</ele></trkpt>
      <trkpt lat="51.495745" lon="-0.324783"><ele>20.5</ele></trkpt>
      <trkpt lat="51.495725" lon="-0.324747"><ele>20.25</ele></trkpt>
      <trkpt lat="51.49572" lon="-0.324738"><ele>20.25</ele></trkpt>
      <trkpt lat="51.49571" lon="-0.324722"><ele>20</ele></trkpt>
      <trkpt lat="51.495702" lon="-0.324733"><ele>20</ele></trkpt>
      <trkpt lat="51.495672" lon="-0.32478"><ele>20</ele></trkpt>
      <trkpt lat="51.495661" lon="-0.324797"><ele>20</ele></trkpt>
      <trkpt lat="51.495633" lon="-0.32484"><ele>20</ele></trkpt>
      <trkpt lat="51.495619" lon="-0.324861"><ele>20</ele></trkpt>
      <trkpt lat="51.49565" lon="-0.324892"><ele>20.25</ele></trkpt>
      <trkpt lat="51.495619" lon="-0.324861"><ele>20</ele></trkpt>
      <trkpt lat="51.495633" lon="-0.32484"><ele>20</ele></trkpt>
      <trkpt lat="51.495661" lon="-0.324797"><ele>20</ele></trkpt>
      <trkpt lat="51.495672" lon="-0.32478"><ele>20</ele></trkpt>
      <trkpt lat="51.495702" lon="-0.324733"><ele>20</ele></trkpt>
      <trkpt lat="51.49571" lon="-0.324722"><ele>20</ele></trkpt>
      <trkpt lat="51.49572" lon="-0.324738"><ele>20.25</ele></trkpt>
      <trkpt lat="51.495725" lon="-0.324747"><ele>20.25</ele></trkpt>
      <trkpt lat="51.495745" lon="-0.324783"><ele>20.5</ele></trkpt>
      <trkpt lat="51.495788" lon="-0.32472"><ele>20.5</ele></trkpt>
      <trkpt lat="51.495801" lon="-0.324701"><ele>20.5</ele></trkpt>
      <trkpt lat="51.495837" lon="-0.324643"><ele>20.5</ele></trkpt>
      <trkpt lat="51.495829" lon="-0.324619"><ele>20.75</ele></trkpt>
      <trkpt lat="51.495673" lon="-0.324203"><ele>22</ele></trkpt>
      <trkpt lat="51.495623" lon="-0.324136"><ele>22</ele></trkpt>
      <trkpt lat="51.495551" lon="-0.323977"><ele>22.75</ele></trkpt>
      <trkpt lat="51.495505" lon="-0.323924"><ele>22.5</ele></trkpt>
      <trkpt lat="51.495491" lon="-0.323872"><ele>22.5</ele></trkpt>
      <trkpt lat="51.495482" lon="-0.323841"><ele>22.25</ele></trkpt>
      <trkpt lat="51.495474" lon="-0.323811"><ele>22.25</ele></trkpt>
      <trkpt lat="51.495469" lon="-0.323792"><ele>22.25</ele></trkpt>
      <trkpt lat="51.495449" lon="-0.323718"><ele>22</ele></trkpt>
      <trkpt lat="51.495314" lon="-0.323364"><ele>21</ele></trkpt>
      <trkpt lat="51.495186" lon="-0.323031"><ele>21</ele></trkpt>
      <trkpt lat="51.494998" lon="-0.322539"><ele>20.75</ele></trkpt>
      <trkpt lat="51.494867" lon="-0.322195"><ele>21</ele></trkpt>
      <trkpt lat="51.494798" lon="-0.32202"><ele>20.75</ele></trkpt>
      <trkpt lat="51.494723" lon="-0.321831"><ele>21</ele></trkpt>
      <trkpt lat="51.494673" lon="-0.321704"><ele>20.75</ele></trkpt>
      <trkpt lat="51.494665" lon="-0.321686"><ele>20.75</ele></trkpt>
      <trkpt lat="51.494443" lon="-0.32118"><ele>20.75</ele></trkpt>
      <trkpt lat="51.494284" lon="-0.320843"><ele>20.75</ele></trkpt>
      <trkpt lat="51.494066" lon="-0.320384"><ele>20</ele></trkpt>
      <trkpt lat="51.493915" lon="-0.320065"><ele>20</ele></trkpt>
      <trkpt lat="51.49369" lon="-0.319578"><ele>19.5</ele></trkpt>
      <trkpt lat="51.493495" lon="-0.31925"><ele>19</ele></trkpt>
      <trkpt lat="51.493514" lon="-0.319221"><ele>19</ele></trkpt>
      <trkpt lat="51.493375" lon="-0.31902"><ele>19</ele></trkpt>
      <trkpt lat="51.493338" lon="-0.318969"><ele>19</ele></trkpt>
      <trkpt lat="51.49331" lon="-0.318973"><ele>18.75</ele></trkpt>
      <trkpt lat="51.493304" lon="-0.318974"><ele>18.75</ele></trkpt>
      <trkpt lat="51.492978" lon="-0.319036"><ele>17.5</ele></trkpt>
      <trkpt lat="51.492938" lon="-0.31895"><ele>17.25</ele></trkpt>
      <trkpt lat="51.492878" lon="-0.318885"><ele>17.25</ele></trkpt>
      <trkpt lat="51.492791" lon="-0.318875"><ele>17</ele></trkpt>
      <trkpt lat="51.492619" lon="-0.318934"><ele>17.25</ele></trkpt>
      <trkpt lat="51.492319" lon="-0.319089"><ele>16.75</ele></trkpt>
      <trkpt lat="51.492191" lon="-0.319149"><ele>16.75</ele></trkpt>
      <trkpt lat="51.492116" lon="-0.319132"><ele>16.5</ele></trkpt>
      <trkpt lat="51.492076" lon="-0.319053"><ele>16.5</ele></trkpt>
      <trkpt lat="51.491945" lon="-0.319165"><ele>16</ele></trkpt>
      <trkpt lat="51.491839" lon="-0.319279"><ele>16</ele></trkpt>
      <trkpt lat="51.491763" lon="-0.319442"><ele>16</ele></trkpt>
      <trkpt lat="51.491721" lon="-0.319558"><ele>15.25</ele></trkpt>
      <trkpt lat="51.491469" lon="-0.319365"><ele>15.25</ele></trkpt>
      <trkpt lat="51.491341" lon="-0.319307"><ele>15.25</ele></trkpt>
      <trkpt lat="51.491073" lon="-0.319261"><ele>14.5</ele></trkpt>
      <trkpt lat="51.490831" lon="-0.319126"><ele>15</ele></trkpt>
      <trkpt lat="51.490534" lon="-0.319656"><ele>12.25</ele></trkpt>
      <trkpt lat="51.490366" lon="-0.319746"><ele>11.5</ele></trkpt>
      <trkpt lat="51.490084" lon="-0.319777"><ele>10.75</ele></trkpt>
      <trkpt lat="51.489903" lon="-0.319869"><ele>10.25</ele></trkpt>
      <trkpt lat="51.489788" lon="-0.319972"><ele>10</ele></trkpt>
      <trkpt lat="51.489645" lon="-0.320011"><ele>9.5</ele></trkpt>
      <trkpt lat="51.489244" lon="-0.320008"><ele>8</ele></trkpt>
      <trkpt lat="51.489095" lon="-0.319993"><ele>7.75</ele></trkpt>
      <trkpt lat="51.48894" lon="-0.319919"><ele>7.25</ele></trkpt>
      <trkpt lat="51.488829" lon="-0.31997"><ele>7</ele></trkpt>
      <trkpt lat="51.488486" lon="-0.320519"><ele>6</ele></trkpt>
      <trkpt lat="51.488328" lon="-0.320635"><ele>6</ele></trkpt>
      <trkpt lat="51.488256" lon="-0.320637"><ele>6</ele></trkpt>
      <trkpt lat="51.488149" lon="-0.320618"><ele>6</ele></trkpt>
      <trkpt lat="51.487997" lon="-0.320505"><ele>6</ele></trkpt>
      <trkpt lat="51.487899" lon="-0.320374"><ele>6</ele></trkpt>
      <trkpt lat="51.487335" lon="-0.319365"><ele>5.25</ele></trkpt>
      <trkpt lat="51.487212" lon="-0.319395"><ele>5</ele></trkpt>
      <trkpt lat="51.487212" lon="-0.319357"><ele>5</ele></trkpt>
      <trkpt lat="51.487206" lon="-0.319245"><ele>5</ele></trkpt>
      <trkpt lat="51.486967" lon="-0.31927"><ele>6.75</ele></trkpt>
      <trkpt lat="51.486965" lon="-0.319155"><ele>6.75</ele></trkpt>
      <trkpt lat="51.486976" lon="-0.319154"><ele>6.75</ele></trkpt>
      <trkpt lat="51.48696" lon="-0.318776"><ele>6.5</ele></trkpt>
      <trkpt lat="51.486925" lon="-0.318452"><ele>6</ele></trkpt>
      <trkpt lat="51.486805" lon="-0.317727"><ele>7.25</ele></trkpt>
      <trkpt lat="51.486769" lon="-0.31775"><ele>8</ele></trkpt>
      <trkpt lat="51.486778" lon="-0.31783"><ele>7.75</ele></trkpt>
      <trkpt lat="51.486744" lon="-0.317835"><ele>8.25</ele></trkpt>
      <trkpt lat="51.486691" lon="-0.317768"><ele>9.5</ele></trkpt>
      <trkpt lat="51.486668" lon="-0.317741"><ele>9.75</ele></trkpt>
      <trkpt lat="51.486465" lon="-0.318248"><ele>8.75</ele></trkpt>
      <trkpt lat="51.486454" lon="-0.318272"><ele>8.75</ele></trkpt>
      <trkpt lat="51.486435" lon="-0.318316"><ele>8.75</ele></trkpt>
      <trkpt lat="51.486421" lon="-0.318348"><ele>8.75</ele></trkpt>
      <trkpt lat="51.486392" lon="-0.318423"><ele>8.75</ele></trkpt>
      <trkpt lat="51.486379" lon="-0.318455"><ele>9</ele></trkpt>
      <trkpt lat="51.486355" lon="-0.318514"><ele>9</ele></trkpt>
      <trkpt lat="51.486014" lon="-0.319349"><ele>9.25</ele></trkpt>
      <trkpt lat="51.485789" lon="-0.319909"><ele>9.75</ele></trkpt>
      <trkpt lat="51.485617" lon="-0.320334"><ele>10.25</ele></trkpt>
      <trkpt lat="51.485466" lon="-0.320708"><ele>12</ele></trkpt>
      <trkpt lat="51.484948" lon="-0.321984"><ele>14</ele></trkpt>
      <trkpt lat="51.484928" lon="-0.322022"><ele>14</ele></trkpt>
      <trkpt lat="51.48491" lon="-0.322031"><ele>14</ele></trkpt>
      <trkpt lat="51.484802" lon="-0.322336"><ele>14.5</ele></trkpt>
      <trkpt lat="51.484661" lon="-0.322702"><ele>15.25</ele></trkpt>
      <trkpt lat="51.484593" lon="-0.322903"><ele>15.5</ele></trkpt>
      <trkpt lat="51.484567" lon="-0.323003"><ele>15.25</ele></trkpt>
      <trkpt lat="51.484546" lon="-0.323153"><ele>15.5</ele></trkpt>
      <trkpt lat="51.484561" lon="-0.323206"><ele>15.5</ele></trkpt>
      <trkpt lat="51.484554" lon="-0.323245"><ele>15.75</ele></trkpt>
      <trkpt lat="51.484549" lon="-0.323305"><ele>15.75</ele></trkpt>
      <trkpt lat="51.484545" lon="-0.323351"><ele>16</ele></trkpt>
      <trkpt lat="51.484536" lon="-0.323456"><ele>16.25</ele></trkpt>
      <trkpt lat="51.484532" lon="-0.323513"><ele>16.25</ele></trkpt>
      <trkpt lat="51.48453" lon="-0.323541"><ele>16.25</ele></trkpt>
      <trkpt lat="51.484529" lon="-0.323562"><ele>16.5</ele></trkpt>
      <trkpt lat="51.484513" lon="-0.323588"><ele>16.25</ele></trkpt>
      <trkpt lat="51.484493" lon="-0.323668"><ele>16.5</ele></trkpt>
      <trkpt lat="51.484459" lon="-0.323738"><ele>16.5</ele></trkpt>
      <trkpt lat="51.484419" lon="-0.323797"><ele>16.5</ele></trkpt>
      <trkpt lat="51.484374" lon="-0.32383"><ele>16.75</ele></trkpt>
      <trkpt lat="51.484321" lon="-0.323847"><ele>16.75</ele></trkpt>
      <trkpt lat="51.484268" lon="-0.323845"><ele>16.75</ele></trkpt>
      <trkpt lat="51.484244" lon="-0.323856"><ele>16.75</ele></trkpt>
      <trkpt lat="51.484194" lon="-0.323933"><ele>17</ele></trkpt>
      <trkpt lat="51.484177" lon="-0.323976"><ele>17.25</ele></trkpt>
      <trkpt lat="51.484029" lon="-0.324483"><ele>18.5</ele></trkpt>
      <trkpt lat="51.483901" lon="-0.324927"><ele>18</ele></trkpt>
      <trkpt lat="51.483907" lon="-0.325004"><ele>18</ele></trkpt>
      <trkpt lat="51.4839" lon="-0.325033"><ele>18.25</ele></trkpt>
      <trkpt lat="51.483887" lon="-0.325085"><ele>18.5</ele></trkpt>
      <trkpt lat="51.483873" lon="-0.325139"><ele>19</ele></trkpt>
      <trkpt lat="51.48387" lon="-0.325153"><ele>19</ele></trkpt>
      <trkpt lat="51.48383" lon="-0.325228"><ele>19.5</ele></trkpt>
      <trkpt lat="51.483653" lon="-0.326031"><ele>20.25</ele></trkpt>
      <trkpt lat="51.483611" lon="-0.326245"><ele>20.25</ele></trkpt>
      <trkpt lat="51.483545" lon="-0.326577"><ele>21.5</ele></trkpt>
      <trkpt lat="51.483499" lon="-0.326807"><ele>21.75</ele></trkpt>
      <trkpt lat="51.483484" lon="-0.326878"><ele>21.75</ele></trkpt>
      <trkpt lat="51.483479" lon="-0.326988"><ele>22</ele></trkpt>
      <trkpt lat="51.483512" lon="-0.327091"><ele>22</ele></trkpt>
      <trkpt lat="51.483463" lon="-0.327261"><ele>22</ele></trkpt>
      <trkpt lat="51.483424" lon="-0.327408"><ele>22</ele></trkpt>
      <trkpt lat="51.483392" lon="-0.327546"><ele>22</ele></trkpt>
      <trkpt lat="51.483342" lon="-0.3278"><ele>22</ele></trkpt>
      <trkpt lat="51.483295" lon="-0.328133"><ele>22</ele></trkpt>
      <trkpt lat="51.483262" lon="-0.328309"><ele>22</ele></trkpt>
      <trkpt lat="51.483255" lon="-0.328533"><ele>22.5</ele></trkpt>
      <trkpt lat="51.48322" lon="-0.328849"><ele>22.5</ele></trkpt>
      <trkpt lat="51.483152" lon="-0.32966"><ele>23</ele></trkpt>
      <trkpt lat="51.483064" lon="-0.331309"><ele>23</ele></trkpt>
      <trkpt lat="51.483047" lon="-0.331642"><ele>23</ele></trkpt>
      <trkpt lat="51.482916" lon="-0.334191"><ele>24.25</ele></trkpt>
      <trkpt lat="51.482843" lon="-0.335623"><ele>24.25</ele></trkpt>
      <trkpt lat="51.482807" lon="-0.336338"><ele>25</ele></trkpt>
      <trkpt lat="51.482781" lon="-0.336839"><ele>24.75</ele></trkpt>
      <trkpt lat="51.482772" lon="-0.337022"><ele>25</ele></trkpt>
      <trkpt lat="51.482736" lon="-0.337754"><ele>25</ele></trkpt>
      <trkpt lat="51.4826" lon="-0.340488"><ele>25.25</ele></trkpt>
      <trkpt lat="51.48255" lon="-0.341536"><ele>26</ele></trkpt>
      <trkpt lat="51.482521" lon="-0.342053"><ele>25.75</ele></trkpt>
      <trkpt lat="51.482493" lon="-0.342542"><ele>26</ele></trkpt>
      <trkpt lat="51.482436" lon="-0.34357"><ele>26</ele></trkpt>
      <trkpt lat="51.482355" lon="-0.344425"><ele>26</ele></trkpt>
      <trkpt lat="51.482343" lon="-0.344541"><ele>26</ele></trkpt>
      <trkpt lat="51.482328" lon="-0.344651"><ele>26</ele></trkpt>
      <trkpt lat="51.482258" lon="-0.34522"><ele>26</ele></trkpt>
      <trkpt lat="51.482213" lon="-0.345548"><ele>26</ele></trkpt>
      <trkpt lat="51.482194" lon="-0.345689"><ele>26.25</ele></trkpt>
      <trkpt lat="51.482159" lon="-0.345939"><ele>26.75</ele></trkpt>
      <trkpt lat="51.481973" lon="-0.346901"><ele>27</ele></trkpt>
      <trkpt lat="51.481926" lon="-0.347138"><ele>27</ele></trkpt>
      <trkpt lat="51.481907" lon="-0.347161"><ele>27</ele></trkpt>
      <trkpt lat="51.481873" lon="-0.347309"><ele>27</ele></trkpt>
      <trkpt lat="51.481824" lon="-0.347524"><ele>27</ele></trkpt>
      <trkpt lat="51.481832" lon="-0.347567"><ele>27</ele></trkpt>
      <trkpt lat="51.481383" lon="-0.349489"><ele>26.75</ele></trkpt>
      <trkpt lat="51.481078" lon="-0.350914"><ele>27.5</ele></trkpt>
      <trkpt lat="51.480959" lon="-0.351522"><ele>28</ele></trkpt>
      <trkpt lat="51.480889" lon="-0.351693"><ele>28.5</ele></trkpt>
      <trkpt lat="51.480846" lon="-0.351891"><ele>28.75</ele></trkpt>
      <trkpt lat="51.480916" lon="-0.351929"><ele>28.25</ele></trkpt>
      <trkpt lat="51.48091" lon="-0.35196"><ele>28.25</ele></trkpt>
      <trkpt lat="51.480934" lon="-0.351972"><ele>28</ele></trkpt>
      <trkpt lat="51.480985" lon="-0.351996"><ele>27.75</ele></trkpt>
      <trkpt lat="51.480988" lon="-0.351978"><ele>27.75</ele></trkpt>
      <trkpt lat="51.481043" lon="-0.352004"><ele>27.25</ele></trkpt>
      <trkpt lat="51.48103" lon="-0.352072"><ele>27.25</ele></trkpt>
      <trkpt lat="51.481051" lon="-0.352082"><ele>27</ele></trkpt>
      <trkpt lat="51.481085" lon="-0.352103"><ele>26.5</ele></trkpt>
      <trkpt lat="51.481118" lon="-0.352158"><ele>26</ele></trkpt>
      <trkpt lat="51.481208" lon="-0.352388"><ele>26</ele></trkpt>
      <trkpt lat="51.481223" lon="-0.352372"><ele>26</ele></trkpt>
      <trkpt lat="51.481247" lon="-0.352347"><ele>26</ele></trkpt>
      <trkpt lat="51.481252" lon="-0.352342"><ele>26</ele></trkpt>
      <trkpt lat="51.481273" lon="-0.35232"><ele>26</ele></trkpt>
      <trkpt lat="51.481285" lon="-0.352307"><ele>26</ele></trkpt>
      <trkpt lat="51.481258" lon="-0.352242"><ele>26</ele></trkpt>
      <trkpt lat="51.481285" lon="-0.352307"><ele>26</ele></trkpt>
      <trkpt lat="51.481273" lon="-0.35232"><ele>26</ele></trkpt>
      <trkpt lat="51.481252" lon="-0.352342"><ele>26</ele></trkpt>
      <trkpt lat="51.481247" lon="-0.352347"><ele>26</ele></trkpt>
      <trkpt lat="51.481223" lon="-0.352372"><ele>26</ele></trkpt>
      <trkpt lat="51.481208" lon="-0.352388"><ele>26</ele></trkpt>
      <trkpt lat="51.481118" lon="-0.352158"><ele>26.75</ele></trkpt>
      <trkpt lat="51.481085" lon="-0.352103"><ele>27</ele></trkpt>
      <trkpt lat="51.481051" lon="-0.352082"><ele>27</ele></trkpt>
      <trkpt lat="51.48103" lon="-0.352072"><ele>27.25</ele></trkpt>
      <trkpt lat="51.481043" lon="-0.352004"><ele>27.25</ele></trkpt>
      <trkpt lat="51.480988" lon="-0.351978"><ele>27.75</ele></trkpt>
      <trkpt lat="51.480985" lon="-0.351996"><ele>27.75</ele></trkpt>
      <trkpt lat="51.480934" lon="-0.351972"><ele>28</ele></trkpt>
      <trkpt lat="51.48091" lon="-0.35196"><ele>28.25</ele></trkpt>
      <trkpt lat="51.480916" lon="-0.351929"><ele>28.25</ele></trkpt>
      <trkpt lat="51.480846" lon="-0.351891"><ele>28.75</ele></trkpt>
      <trkpt lat="51.480824" lon="-0.351996"><ele>29</ele></trkpt>
      <trkpt lat="51.480867" lon="-0.352014"><ele>28.5</ele></trkpt>
      <trkpt lat="51.480823" lon="-0.352277"><ele>28.25</ele></trkpt>
      <trkpt lat="51.480842" lon="-0.352286"><ele>28</ele></trkpt>
      <trkpt lat="51.480893" lon="-0.352009"><ele>28</ele></trkpt>
      <trkpt lat="51.480897" lon="-0.351977"><ele>28.25</ele></trkpt>
      <trkpt lat="51.480886" lon="-0.351964"><ele>28.25</ele></trkpt>
      <trkpt lat="51.480718" lon="-0.352006"><ele>28.25</ele></trkpt>
      <trkpt lat="51.480524" lon="-0.352025"><ele>28.75</ele></trkpt>
      <trkpt lat="51.480481" lon="-0.352255"><ele>28.75</ele></trkpt>
      <trkpt lat="51.480453" lon="-0.352242"><ele>28.5</ele></trkpt>
      <trkpt lat="51.480409" lon="-0.352559"><ele>28</ele></trkpt>
      <trkpt lat="51.480364" lon="-0.352718"><ele>26.75</ele></trkpt>
      <trkpt lat="51.480185" lon="-0.352828"><ele>26.75</ele></trkpt>
      <trkpt lat="51.479797" lon="-0.353022"><ele>26.75</ele></trkpt>
      <trkpt lat="51.479573" lon="-0.353109"><ele>26.5</ele></trkpt>
      <trkpt lat="51.479319" lon="-0.353167"><ele>26.25</ele></trkpt>
      <trkpt lat="51.479162" lon="-0.353208"><ele>26.25</ele></trkpt>
      <trkpt lat="51.478963" lon="-0.353236"><ele>26</ele></trkpt>
      <trkpt lat="51.478621" lon="-0.353245"><ele>26</ele></trkpt>
      <trkpt lat="51.478486" lon="-0.353213"><ele>25.75</ele></trkpt>
      <trkpt lat="51.478507" lon="-0.353091"><ele>25.5</ele></trkpt>
      <trkpt lat="51.478395" lon="-0.35297"><ele>25</ele></trkpt>
      <trkpt lat="51.478219" lon="-0.352751"><ele>24.75</ele></trkpt>
      <trkpt lat="51.478052" lon="-0.352607"><ele>24.25</ele></trkpt>
      <trkpt lat="51.477921" lon="-0.352588"><ele>24</ele></trkpt>
      <trkpt lat="51.477334" lon="-0.352557"><ele>23</ele></trkpt>
      <trkpt lat="51.476075" lon="-0.35246"><ele>21.5</ele></trkpt>
      <trkpt lat="51.476075" lon="-0.352592"><ele>21.75</ele></trkpt>
      <trkpt lat="51.4761" lon="-0.353096"><ele>21</ele></trkpt>
      <trkpt lat="51.47611" lon="-0.353251"><ele>21</ele></trkpt>
      <trkpt lat="51.475954" lon="-0.353284"><ele>21.25</ele></trkpt>
      <trkpt lat="51.475716" lon="-0.353367"><ele>22</ele></trkpt>
      <trkpt lat="51.475457" lon="-0.353516"><ele>23</ele></trkpt>
      <trkpt lat="51.47515" lon="-0.353642"><ele>20.5</ele></trkpt>
      <trkpt lat="51.474814" lon="-0.35387"><ele>20.5</ele></trkpt>
      <trkpt lat="51.474393" lon="-0.353948"><ele>20</ele></trkpt>
      <trkpt lat="51.473977" lon="-0.353974"><ele>20.5</ele></trkpt>
      <trkpt lat="51.473812" lon="-0.353998"><ele>20</ele></trkpt>
      <trkpt lat="51.473662" lon="-0.354092"><ele>20</ele></trkpt>
      <trkpt lat="51.473351" lon="-0.354322"><ele>21</ele></trkpt>
      <trkpt lat="51.472729" lon="-0.354657"><ele>20.5</ele></trkpt>
      <trkpt lat="51.47259" lon="-0.355071"><ele>21</ele></trkpt>
      <trkpt lat="51.472446" lon="-0.355567"><ele>20</ele></trkpt>
      <trkpt lat="51.472443" lon="-0.355597"><ele>20</ele></trkpt>
      <trkpt lat="51.472449" lon="-0.355672"><ele>20</ele></trkpt>
      <trkpt lat="51.47244" lon="-0.355755"><ele>20</ele></trkpt>
      <trkpt lat="51.472395" lon="-0.355888"><ele>20</ele></trkpt>
      <trkpt lat="51.472345" lon="-0.356037"><ele>20</ele></trkpt>
      <trkpt lat="51.472345" lon="-0.356175"><ele>20</ele></trkpt>
      <trkpt lat="51.472388" lon="-0.356214"><ele>20</ele></trkpt>
      <trkpt lat="51.472761" lon="-0.356523"><ele>20</ele></trkpt>
      <trkpt lat="51.472876" lon="-0.356614"><ele>20.25</ele></trkpt>
      <trkpt lat="51.472913" lon="-0.356644"><ele>20.5</ele></trkpt>
      <trkpt lat="51.472958" lon="-0.356512"><ele>21</ele></trkpt>
      <trkpt lat="51.472973" lon="-0.356495"><ele>21</ele></trkpt>
      <trkpt lat="51.473024" lon="-0.356493"><ele>21.25</ele></trkpt>
      <trkpt lat="51.473054" lon="-0.35652"><ele>21.5</ele></trkpt>
      <trkpt lat="51.47308" lon="-0.356544"><ele>21.25</ele></trkpt>
      <trkpt lat="51.473061" lon="-0.356595"><ele>21.25</ele></trkpt>
      <trkpt lat="51.473064" lon="-0.356615"><ele>21</ele></trkpt>
      <trkpt lat="51.473193" lon="-0.356743"><ele>21.25</ele></trkpt>
      <trkpt lat="51.473241" lon="-0.356745"><ele>21.25</ele></trkpt>
      <trkpt lat="51.473261" lon="-0.356767"><ele>21.25</ele></trkpt>
      <trkpt lat="51.473268" lon="-0.35675"><ele>21</ele></trkpt>
      <trkpt lat="51.473297" lon="-0.356679"><ele>21</ele></trkpt>
      <trkpt lat="51.473303" lon="-0.356663"><ele>21</ele></trkpt>
      <trkpt lat="51.473329" lon="-0.356599"><ele>21.25</ele></trkpt>
      <trkpt lat="51.473335" lon="-0.356583"><ele>21.5</ele></trkpt>
      <trkpt lat="51.473314" lon="-0.356561"><ele>21.5</ele></trkpt>
      <trkpt lat="51.473308" lon="-0.356577"><ele>21.5</ele></trkpt>
      <trkpt lat="51.473298" lon="-0.356603"><ele>21.25</ele></trkpt>
      <trkpt lat="51.473283" lon="-0.356638"><ele>21</ele></trkpt>
      <trkpt lat="51.47326" lon="-0.356613"><ele>21.25</ele></trkpt>
      <trkpt lat="51.473224" lon="-0.356575"><ele>21.5</ele></trkpt>
      <trkpt lat="51.47325" lon="-0.35651"><ele>21.75</ele></trkpt>
      <trkpt lat="51.473238" lon="-0.356498"><ele>22</ele></trkpt>
      <trkpt lat="51.47325" lon="-0.35651"><ele>21.75</ele></trkpt>
      <trkpt lat="51.473224" lon="-0.356575"><ele>21.5</ele></trkpt>
      <trkpt lat="51.47326" lon="-0.356613"><ele>21.25</ele></trkpt>
      <trkpt lat="51.473283" lon="-0.356638"><ele>21</ele></trkpt>
      <trkpt lat="51.473298" lon="-0.356603"><ele>21.25</ele></trkpt>
      <trkpt lat="51.473308" lon="-0.356577"><ele>21.5</ele></trkpt>
      <trkpt lat="51.473314" lon="-0.356561"><ele>21.5</ele></trkpt>
      <trkpt lat="51.473335" lon="-0.356583"><ele>21.5</ele></trkpt>
      <trkpt lat="51.473329" lon="-0.356599"><ele>21.25</ele></trkpt>
      <trkpt lat="51.473303" lon="-0.356663"><ele>21</ele></trkpt>
      <trkpt lat="51.473297" lon="-0.356679"><ele>21</ele></trkpt>
      <trkpt lat="51.473268" lon="-0.35675"><ele>21</ele></trkpt>
      <trkpt lat="51.473261" lon="-0.356767"><ele>21.25</ele></trkpt>
      <trkpt lat="51.473241" lon="-0.356745"><ele>21.25</ele></trkpt>
      <trkpt lat="51.473193" lon="-0.356743"><ele>21.25</ele></trkpt>
      <trkpt lat="51.473064" lon="-0.356615"><ele>21</ele></trkpt>
      <trkpt lat="51.473061" lon="-0.356595"><ele>21.25</ele></trkpt>
      <trkpt lat="51.47308" lon="-0.356544"><ele>21.25</ele></trkpt>
      <trkpt lat="51.473054" lon="-0.35652"><ele>21.5</ele></trkpt>
      <trkpt lat="51.473024" lon="-0.356493"><ele>21.25</ele></trkpt>
      <trkpt lat="51.472973" lon="-0.356495"><ele>21</ele></trkpt>
      <trkpt lat="51.472958" lon="-0.356512"><ele>21</ele></trkpt>
      <trkpt lat="51.472913" lon="-0.356644"><ele>20.5</ele></trkpt>
      <trkpt lat="51.472876" lon="-0.356614"><ele>20.25</ele></trkpt>
      <trkpt lat="51.472761" lon="-0.356523"><ele>20</ele></trkpt>
      <trkpt lat="51.472496" lon="-0.357332"><ele>20</ele></trkpt>
      <trkpt lat="51.472428" lon="-0.357563"><ele>20</ele></trkpt>
      <trkpt lat="51.472139" lon="-0.358538"><ele>20</ele></trkpt>
      <trkpt lat="51.471797" lon="-0.359695"><ele>19.25</ele></trkpt>
      <trkpt lat="51.471666" lon="-0.360151"><ele>19.5</ele></trkpt>
      <trkpt lat="51.471745" lon="-0.360206"><ele>20</ele></trkpt>
      <trkpt lat="51.471893" lon="-0.360301"><ele>21.5</ele></trkpt>
      <trkpt lat="51.471771" lon="-0.360746"><ele>21.25</ele></trkpt>
      <trkpt lat="51.471368" lon="-0.362646"><ele>20.75</ele></trkpt>
      <trkpt lat="51.471216" lon="-0.363611"><ele>19.25</ele></trkpt>
      <trkpt lat="51.471052" lon="-0.363559"><ele>19</ele></trkpt>
      <trkpt lat="51.470865" lon="-0.363504"><ele>19</ele></trkpt>
      <trkpt lat="51.470656" lon="-0.365314"><ele>20</ele></trkpt>
      <trkpt lat="51.47085" lon="-0.365375"><ele>20</ele></trkpt>
      <trkpt lat="51.470756" lon="-0.366066"><ele>20</ele></trkpt>
      <trkpt lat="51.470724" lon="-0.366351"><ele>20</ele></trkpt>
      <trkpt lat="51.470658" lon="-0.366926"><ele>20</ele></trkpt>
      <trkpt lat="51.471142" lon="-0.367067"><ele>21</ele></trkpt>
      <trkpt lat="51.471142" lon="-0.367033"><ele>21</ele></trkpt>
      <trkpt lat="51.471143" lon="-0.367004"><ele>21</ele></trkpt>
      <trkpt lat="51.471144" lon="-0.366926"><ele>21</ele></trkpt>
      <trkpt lat="51.471172" lon="-0.366875"><ele>21.25</ele></trkpt>
      <trkpt lat="51.471208" lon="-0.366877"><ele>21.25</ele></trkpt>
      <trkpt lat="51.471222" lon="-0.366878"><ele>21.25</ele></trkpt>
      <trkpt lat="51.471267" lon="-0.36688"><ele>21.5</ele></trkpt>
      <trkpt lat="51.471276" lon="-0.366744"><ele>22</ele></trkpt>
      <trkpt lat="51.47128" lon="-0.366681"><ele>22</ele></trkpt>
      <trkpt lat="51.471281" lon="-0.366664"><ele>22</ele></trkpt>
      <trkpt lat="51.471285" lon="-0.366607"><ele>22.25</ele></trkpt>
      <trkpt lat="51.471287" lon="-0.366578"><ele>22.25</ele></trkpt>
      <trkpt lat="51.471285" lon="-0.366607"><ele>22.25</ele></trkpt>
      <trkpt lat="51.471281" lon="-0.366664"><ele>22</ele></trkpt>
      <trkpt lat="51.47128" lon="-0.366681"><ele>22</ele></trkpt>
      <trkpt lat="51.471276" lon="-0.366744"><ele>22</ele></trkpt>
      <trkpt lat="51.471267" lon="-0.36688"><ele>21.5</ele></trkpt>
      <trkpt lat="51.471222" lon="-0.366878"><ele>21.25</ele></trkpt>
      <trkpt lat="51.471208" lon="-0.366877"><ele>21.25</ele></trkpt>
      <trkpt lat="51.471172" lon="-0.366875"><ele>21.25</ele></trkpt>
      <trkpt lat="51.471144" lon="-0.366926"><ele>21</ele></trkpt>
      <trkpt lat="51.471143" lon="-0.367004"><ele>21</ele></trkpt>
      <trkpt lat="51.471142" lon="-0.367033"><ele>21</ele></trkpt>
      <trkpt lat="51.471142" lon="-0.367067"><ele>21</ele></trkpt>
      <trkpt lat="51.471141" lon="-0.367122"><ele>20.75</ele></trkpt>
      <trkpt lat="51.471135" lon="-0.367201"><ele>20.75</ele></trkpt>
      <trkpt lat="51.471407" lon="-0.367239"><ele>20</ele></trkpt>
      <trkpt lat="51.471582" lon="-0.367236"><ele>20</ele></trkpt>
      <trkpt lat="51.471588" lon="-0.367266"><ele>20</ele></trkpt>
      <trkpt lat="51.471619" lon="-0.367333"><ele>20</ele></trkpt>
      <trkpt lat="51.471596" lon="-0.36789"><ele>20.5</ele></trkpt>
      <trkpt lat="51.471584" lon="-0.368046"><ele>20.5</ele></trkpt>
      <trkpt lat="51.471554" lon="-0.368041"><ele>20.5</ele></trkpt>
      <trkpt lat="51.471544" lon="-0.368193"><ele>20.75</ele></trkpt>
      <trkpt lat="51.471537" lon="-0.368279"><ele>20.75</ele></trkpt>
      <trkpt lat="51.47153" lon="-0.368343"><ele>21</ele></trkpt>
      <trkpt lat="51.471541" lon="-0.368429"><ele>21</ele></trkpt>
      <trkpt lat="51.471575" lon="-0.368597"><ele>21</ele></trkpt>
      <trkpt lat="51.471993" lon="-0.368536"><ele>21</ele></trkpt>
      <trkpt lat="51.472037" lon="-0.36851"><ele>21</ele></trkpt>
      <trkpt lat="51.472166" lon="-0.368457"><ele>21</ele></trkpt>
      <trkpt lat="51.472221" lon="-0.368448"><ele>21</ele></trkpt>
      <trkpt lat="51.472405" lon="-0.368414"><ele>21</ele></trkpt>
      <trkpt lat="51.472623" lon="-0.368426"><ele>21</ele></trkpt>
      <trkpt lat="51.472635" lon="-0.368479"><ele>21</ele></trkpt>
      <trkpt lat="51.472648" lon="-0.368499"><ele>21</ele></trkpt>
      <trkpt lat="51.472681" lon="-0.368518"><ele>21</ele></trkpt>
      <trkpt lat="51.472719" lon="-0.368501"><ele>21</ele></trkpt>
      <trkpt lat="51.472742" lon="-0.368451"><ele>21</ele></trkpt>
      <trkpt lat="51.472745" lon="-0.368419"><ele>21</ele></trkpt>
      <trkpt lat="51.472824" lon="-0.368494"><ele>21</ele></trkpt>
      <trkpt lat="51.472897" lon="-0.368588"><ele>21.25</ele></trkpt>
      <trkpt lat="51.472997" lon="-0.368776"><ele>21.75</ele></trkpt>
      <trkpt lat="51.473069" lon="-0.368956"><ele>22</ele></trkpt>
      <trkpt lat="51.473232" lon="-0.36928"><ele>22</ele></trkpt>
      <trkpt lat="51.473281" lon="-0.369219"><ele>22</ele></trkpt>
      <trkpt lat="51.473357" lon="-0.369178"><ele>22</ele></trkpt>
      <trkpt lat="51.473387" lon="-0.369179"><ele>22</ele></trkpt>
      <trkpt lat="51.473456" lon="-0.369201"><ele>22</ele></trkpt>
      <trkpt lat="51.473513" lon="-0.369267"><ele>22</ele></trkpt>
      <trkpt lat="51.473519" lon="-0.369248"><ele>22</ele></trkpt>
      <trkpt lat="51.473526" lon="-0.369228"><ele>22</ele></trkpt>
      <trkpt lat="51.473877" lon="-0.36931"><ele>22.25</ele></trkpt>
      <trkpt lat="51.473979" lon="-0.369395"><ele>22.25</ele></trkpt>
      <trkpt lat="51.47404" lon="-0.369414"><ele>22.5</ele></trkpt>
      <trkpt lat="51.47417" lon="-0.369488"><ele>23</ele></trkpt>
      <trkpt lat="51.474231" lon="-0.369515"><ele>23</ele></trkpt>
      <trkpt lat="51.474296" lon="-0.369522"><ele>23</ele></trkpt>
      <trkpt lat="51.475552" lon="-0.369279"><ele>24</ele></trkpt>
      <trkpt lat="51.47559" lon="-0.369333"><ele>24</ele></trkpt>
      <trkpt lat="51.477163" lon="-0.370737"><ele>25.75</ele></trkpt>
      <trkpt lat="51.477184" lon="-0.370947"><ele>26</ele></trkpt>
      <trkpt lat="51.477193" lon="-0.371726"><ele>26.75</ele></trkpt>
      <trkpt lat="51.477199" lon="-0.372155"><ele>26.75</ele></trkpt>
      <trkpt lat="51.477236" lon="-0.372533"><ele>26.75</ele></trkpt>
      <trkpt lat="51.477319" lon="-0.37275"><ele>26.25</ele></trkpt>
      <trkpt lat="51.477338" lon="-0.37283"><ele>26.25</ele></trkpt>
      <trkpt lat="51.477433" lon="-0.373017"><ele>26.75</ele></trkpt>
      <trkpt lat="51.47746" lon="-0.373069"><ele>26.75</ele></trkpt>
      <trkpt lat="51.477494" lon="-0.373135"><ele>26.75</ele></trkpt>
      <trkpt lat="51.477443" lon="-0.373206"><ele>26.75</ele></trkpt>
      <trkpt lat="51.477481" lon="-0.373241"><ele>26.75</ele></trkpt>
      <trkpt lat="51.477491" lon="-0.373255"><ele>26.75</ele></trkpt>
      <trkpt lat="51.477506" lon="-0.373247"><ele>27</ele></trkpt>
      <trkpt lat="51.477562" lon="-0.373183"><ele>27</ele></trkpt>
      <trkpt lat="51.477625" lon="-0.373226"><ele>27</ele></trkpt>
      <trkpt lat="51.477677" lon="-0.373311"><ele>27</ele></trkpt>
      <trkpt lat="51.477669" lon="-0.373379"><ele>27</ele></trkpt>
      <trkpt lat="51.477581" lon="-0.374029"><ele>27</ele></trkpt>
      <trkpt lat="51.477555" lon="-0.374224"><ele>27</ele></trkpt>
      <trkpt lat="51.477339" lon="-0.375916"><ele>25.5</ele></trkpt>
      <trkpt lat="51.477333" lon="-0.375963"><ele>25.5</ele></trkpt>
      <trkpt lat="51.477326" lon="-0.376009"><ele>25.75</ele></trkpt>
      <trkpt lat="51.477136" lon="-0.377464"><ele>25.5</ele></trkpt>
      <trkpt lat="51.477129" lon="-0.377519"><ele>25.5</ele></trkpt>
      <trkpt lat="51.477123" lon="-0.377571"><ele>25.5</ele></trkpt>
      <trkpt lat="51.477088" lon="-0.377849"><ele>25.25</ele></trkpt>
      <trkpt lat="51.476692" lon="-0.380828"><ele>24.75</ele></trkpt>
      <trkpt lat="51.476685" lon="-0.380878"><ele>24.75</ele></trkpt>
      <trkpt lat="51.476679" lon="-0.380926"><ele>24.75</ele></trkpt>
      <trkpt lat="51.476452" lon="-0.382674"><ele>24</ele></trkpt>
      <trkpt lat="51.476379" lon="-0.383212"><ele>24</ele></trkpt>
      <trkpt lat="51.476287" lon="-0.38392"><ele>24</ele></trkpt>
      <trkpt lat="51.476242" lon="-0.384262"><ele>24</ele></trkpt>
      <trkpt lat="51.476233" lon="-0.38433"><ele>24</ele></trkpt>
      <trkpt lat="51.476184" lon="-0.384363"><ele>24</ele></trkpt>
      <trkpt lat="51.476142" lon="-0.384391"><ele>24</ele></trkpt>
      <trkpt lat="51.475963" lon="-0.384515"><ele>24</ele></trkpt>
      <trkpt lat="51.475797" lon="-0.384665"><ele>24</ele></trkpt>
      <trkpt lat="51.475539" lon="-0.384936"><ele>24</ele></trkpt>
      <trkpt lat="51.475338" lon="-0.38513"><ele>24</ele></trkpt>
      <trkpt lat="51.475085" lon="-0.385383"><ele>24</ele></trkpt>
      <trkpt lat="51.47506" lon="-0.385411"><ele>24</ele></trkpt>
      <trkpt lat="51.474815" lon="-0.385623"><ele>24</ele></trkpt>
      <trkpt lat="51.474084" lon="-0.386284"><ele>23.5</ele></trkpt>
      <trkpt lat="51.473942" lon="-0.386409"><ele>23</ele></trkpt>
      <trkpt lat="51.473874" lon="-0.386457"><ele>23</ele></trkpt>
      <trkpt lat="51.473819" lon="-0.386483"><ele>23</ele></trkpt>
      <trkpt lat="51.473809" lon="-0.386488"><ele>23</ele></trkpt>
      <trkpt lat="51.47358" lon="-0.386572"><ele>23</ele></trkpt>
      <trkpt lat="51.473491" lon="-0.386618"><ele>23</ele></trkpt>
      <trkpt lat="51.473332" lon="-0.386726"><ele>23</ele></trkpt>
      <trkpt lat="51.473304" lon="-0.386745"><ele>23.25</ele></trkpt>
      <trkpt lat="51.473266" lon="-0.386773"><ele>23.25</ele></trkpt>
      <trkpt lat="51.473157" lon="-0.386854"><ele>23.25</ele></trkpt>
      <trkpt lat="51.473083" lon="-0.386907"><ele>23</ele></trkpt>
      <trkpt lat="51.473058" lon="-0.386923"><ele>23</ele></trkpt>
      <trkpt lat="51.47302" lon="-0.386945"><ele>23</ele></trkpt>
      <trkpt lat="51.472651" lon="-0.387145"><ele>23</ele></trkpt>
      <trkpt lat="51.472279" lon="-0.387343"><ele>23</ele></trkpt>
      <trkpt lat="51.471947" lon="-0.387527"><ele>23</ele></trkpt>
      <trkpt lat="51.471923" lon="-0.387569"><ele>23</ele></trkpt>
      <trkpt lat="51.47191" lon="-0.387655"><ele>23</ele></trkpt>
      <trkpt lat="51.472041" lon="-0.388958"><ele>23.5</ele></trkpt>
      <trkpt lat="51.472167" lon="-0.390591"><ele>24</ele></trkpt>
      <trkpt lat="51.472284" lon="-0.392014"><ele>24</ele></trkpt>
      <trkpt lat="51.472312" lon="-0.392115"><ele>24</ele></trkpt>
      <trkpt lat="51.472346" lon="-0.3922"><ele>24</ele></trkpt>
      <trkpt lat="51.472809" lon="-0.393291"><ele>24</ele></trkpt>
      <trkpt lat="51.472123" lon="-0.393499"><ele>24</ele></trkpt>
      <trkpt lat="51.471797" lon="-0.393605"><ele>24</ele></trkpt>
      <trkpt lat="51.471978" lon="-0.394827"><ele>24</ele></trkpt>
      <trkpt lat="51.472083" lon="-0.395573"><ele>24</ele></trkpt>
      <trkpt lat="51.471954" lon="-0.395738"><ele>24</ele></trkpt>
      <trkpt lat="51.471958" lon="-0.395875"><ele>24</ele></trkpt>
      <trkpt lat="51.471964" lon="-0.396218"><ele>24</ele></trkpt>
      <trkpt lat="51.471966" lon="-0.396314"><ele>24</ele></trkpt>
      <trkpt lat="51.471975" lon="-0.39672"><ele>24</ele></trkpt>
      <trkpt lat="51.471972" lon="-0.396782"><ele>24</ele></trkpt>
      <trkpt lat="51.471953" lon="-0.396848"><ele>24</ele></trkpt>
      <trkpt lat="51.471955" lon="-0.397125"><ele>24</ele></trkpt>
      <trkpt lat="51.471955" lon="-0.397173"><ele>24</ele></trkpt>
      <trkpt lat="51.471966" lon="-0.397201"><ele>24</ele></trkpt>
      <trkpt lat="51.471992" lon="-0.397233"><ele>24</ele></trkpt>
      <trkpt lat="51.471999" lon="-0.397274"><ele>24</ele></trkpt>
      <trkpt lat="51.472" lon="-0.397539"><ele>24</ele></trkpt>
      <trkpt lat="51.472017" lon="-0.397916"><ele>24.5</ele></trkpt>
      <trkpt lat="51.472036" lon="-0.398208"><ele>24.75</ele></trkpt>
      <trkpt lat="51.472058" lon="-0.398398"><ele>25</ele></trkpt>
      <trkpt lat="51.472084" lon="-0.398532"><ele>25</ele></trkpt>
      <trkpt lat="51.472125" lon="-0.398766"><ele>25</ele></trkpt>
      <trkpt lat="51.472146" lon="-0.399004"><ele>24.5</ele></trkpt>
      <trkpt lat="51.472159" lon="-0.399049"><ele>24.5</ele></trkpt>
      <trkpt lat="51.472223" lon="-0.399156"><ele>24</ele></trkpt>
      <trkpt lat="51.472395" lon="-0.399439"><ele>24.75</ele></trkpt>
      <trkpt lat="51.472463" lon="-0.399546"><ele>24.5</ele></trkpt>
      <trkpt lat="51.472493" lon="-0.399606"><ele>24.25</ele></trkpt>
      <trkpt lat="51.472496" lon="-0.399779"><ele>24</ele></trkpt>
      <trkpt lat="51.4725" lon="-0.399945"><ele>24</ele></trkpt>
      <trkpt lat="51.472504" lon="-0.400085"><ele>24</ele></trkpt>
      <trkpt lat="51.472507" lon="-0.400169"><ele>24</ele></trkpt>
      <trkpt lat="51.472499" lon="-0.400198"><ele>24</ele></trkpt>
      <trkpt lat="51.472464" lon="-0.400244"><ele>24</ele></trkpt>
      <trkpt lat="51.472459" lon="-0.400267"><ele>24</ele></trkpt>
      <trkpt lat="51.472466" lon="-0.400568"><ele>24</ele></trkpt>
      <trkpt lat="51.472468" lon="-0.400608"><ele>24</ele></trkpt>
      <trkpt lat="51.472491" lon="-0.400922"><ele>24</ele></trkpt>
      <trkpt lat="51.472497" lon="-0.400994"><ele>24</ele></trkpt>
      <trkpt lat="51.472494" lon="-0.401149"><ele>24</ele></trkpt>
      <trkpt lat="51.472473" lon="-0.401274"><ele>23.75</ele></trkpt>
      <trkpt lat="51.472433" lon="-0.401385"><ele>23.75</ele></trkpt>
      <trkpt lat="51.472251" lon="-0.401837"><ele>22</ele></trkpt>
      <trkpt lat="51.472313" lon="-0.401911"><ele>22</ele></trkpt>
      <trkpt lat="51.472331" lon="-0.401962"><ele>22</ele></trkpt>
      <trkpt lat="51.472342" lon="-0.402015"><ele>22</ele></trkpt>
      <trkpt lat="51.472344" lon="-0.402083"><ele>22</ele></trkpt>
      <trkpt lat="51.472335" lon="-0.402153"><ele>22</ele></trkpt>
      <trkpt lat="51.472271" lon="-0.402356"><ele>22</ele></trkpt>
      <trkpt lat="51.472355" lon="-0.402721"><ele>22</ele></trkpt>
      <trkpt lat="51.472384" lon="-0.402744"><ele>22</ele></trkpt>
      <trkpt lat="51.472333" lon="-0.402896"><ele>22</ele></trkpt>
      <trkpt lat="51.472491" lon="-0.403036"><ele>22</ele></trkpt>
      <trkpt lat="51.472673" lon="-0.403182"><ele>22</ele></trkpt>
      <trkpt lat="51.472627" lon="-0.40332"><ele>22</ele></trkpt>
      <trkpt lat="51.472596" lon="-0.403398"><ele>22</ele></trkpt>
      <trkpt lat="51.472586" lon="-0.403452"><ele>22</ele></trkpt>
      <trkpt lat="51.472564" lon="-0.403605"><ele>22</ele></trkpt>
      <trkpt lat="51.47249" lon="-0.403736"><ele>22</ele></trkpt>
      <trkpt lat="51.472471" lon="-0.403795"><ele>22</ele></trkpt>
      <trkpt lat="51.472446" lon="-0.403944"><ele>22</ele></trkpt>
      <trkpt lat="51.472417" lon="-0.404152"><ele>22</ele></trkpt>
      <trkpt lat="51.472012" lon="-0.405248"><ele>22</ele></trkpt>
      <trkpt lat="51.471961" lon="-0.40539"><ele>22</ele></trkpt>
      <trkpt lat="51.471927" lon="-0.405438"><ele>21.75</ele></trkpt>
      <trkpt lat="51.471907" lon="-0.405451"><ele>21.75</ele></trkpt>
      <trkpt lat="51.471773" lon="-0.405491"><ele>21.25</ele></trkpt>
      <trkpt lat="51.471779" lon="-0.405543"><ele>21.25</ele></trkpt>
      <trkpt lat="51.471783" lon="-0.405585"><ele>21.25</ele></trkpt>
      <trkpt lat="51.471786" lon="-0.40561"><ele>21.25</ele></trkpt>
      <trkpt lat="51.471849" lon="-0.405603"><ele>21.5</ele></trkpt>
      <trkpt lat="51.471842" lon="-0.405628"><ele>21.5</ele></trkpt>
      <trkpt lat="51.471827" lon="-0.405681"><ele>21.5</ele></trkpt>
      <trkpt lat="51.471813" lon="-0.405728"><ele>21.5</ele></trkpt>
      <trkpt lat="51.471792" lon="-0.405797"><ele>21.25</ele></trkpt>
      <trkpt lat="51.471767" lon="-0.405833"><ele>21.25</ele></trkpt>
      <trkpt lat="51.471749" lon="-0.405857"><ele>21.25</ele></trkpt>
      <trkpt lat="51.471719" lon="-0.405898"><ele>21.25</ele></trkpt>
      <trkpt lat="51.47174" lon="-0.405949"><ele>21.5</ele></trkpt>
      <trkpt lat="51.47173" lon="-0.406005"><ele>21.5</ele></trkpt>
      <trkpt lat="51.471407" lon="-0.40686"><ele>21.5</ele></trkpt>
      <trkpt lat="51.471021" lon="-0.407854"><ele>21.75</ele></trkpt>
      <trkpt lat="51.470943" lon="-0.408057"><ele>22</ele></trkpt>
      <trkpt lat="51.470523" lon="-0.409151"><ele>22.75</ele></trkpt>
      <trkpt lat="51.470393" lon="-0.409521"><ele>22.5</ele></trkpt>
      <trkpt lat="51.470236" lon="-0.410013"><ele>22.75</ele></trkpt>
      <trkpt lat="51.469953" lon="-0.410992"><ele>20.5</ele></trkpt>
      <trkpt lat="51.469868" lon="-0.411289"><ele>21.25</ele></trkpt>
      <trkpt lat="51.469754" lon="-0.411653"><ele>22</ele></trkpt>
      <trkpt lat="51.469726" lon="-0.411698"><ele>22</ele></trkpt>
      <trkpt lat="51.469707" lon="-0.41171"><ele>21.75</ele></trkpt>
      <trkpt lat="51.469706" lon="-0.411732"><ele>21.75</ele></trkpt>
      <trkpt lat="51.469706" lon="-0.411774"><ele>21.75</ele></trkpt>
      <trkpt lat="51.469704" lon="-0.41183"><ele>21.75</ele></trkpt>
      <trkpt lat="51.469696" lon="-0.411871"><ele>21.75</ele></trkpt>
      <trkpt lat="51.469673" lon="-0.411922"><ele>21.75</ele></trkpt>
      <trkpt lat="51.469654" lon="-0.411955"><ele>21.75</ele></trkpt>
      <trkpt lat="51.469641" lon="-0.412025"><ele>21.5</ele></trkpt>
      <trkpt lat="51.469331" lon="-0.413038"><ele>21</ele></trkpt>
      <trkpt lat="51.468439" lon="-0.415988"><ele>22.25</ele></trkpt>
      <trkpt lat="51.467158" lon="-0.420225"><ele>22.75</ele></trkpt>
      <trkpt lat="51.46712" lon="-0.420278"><ele>23</ele></trkpt>
      <trkpt lat="51.46702" lon="-0.420304"><ele>23</ele></trkpt>
      <trkpt lat="51.467036" lon="-0.420387"><ele>23</ele></trkpt>
      <trkpt lat="51.467043" lon="-0.420419"><ele>23</ele></trkpt>
      <trkpt lat="51.467048" lon="-0.420456"><ele>22.75</ele></trkpt>
      <trkpt lat="51.467054" lon="-0.420492"><ele>23</ele></trkpt>
      <trkpt lat="51.467049" lon="-0.420525"><ele>23</ele></trkpt>
      <trkpt lat="51.467037" lon="-0.420563"><ele>23</ele></trkpt>
      <trkpt lat="51.467028" lon="-0.420591"><ele>23</ele></trkpt>
      <trkpt lat="51.467021" lon="-0.420607"><ele>22.75</ele></trkpt>
      <trkpt lat="51.46701" lon="-0.420651"><ele>22.75</ele></trkpt>
      <trkpt lat="51.466993" lon="-0.420706"><ele>23</ele></trkpt>
      <trkpt lat="51.466995" lon="-0.420776"><ele>23</ele></trkpt>
      <trkpt lat="51.466635" lon="-0.421936"><ele>22.75</ele></trkpt>
      <trkpt lat="51.466682" lon="-0.421971"><ele>22.75</ele></trkpt>
      <trkpt lat="51.466717" lon="-0.421997"><ele>22.75</ele></trkpt>
      <trkpt lat="51.46673" lon="-0.422009"><ele>22.75</ele></trkpt>
      <trkpt lat="51.466747" lon="-0.421958"><ele>22.5</ele></trkpt>
      <trkpt lat="51.466762" lon="-0.421971"><ele>22.5</ele></trkpt>
      <trkpt lat="51.466808" lon="-0.422015"><ele>22.25</ele></trkpt>
      <trkpt lat="51.466831" lon="-0.422037"><ele>22.25</ele></trkpt>
      <trkpt lat="51.466858" lon="-0.422115"><ele>22.25</ele></trkpt>
      <trkpt lat="51.466831" lon="-0.422158"><ele>22.25</ele></trkpt>
      <trkpt lat="51.466813" lon="-0.422214"><ele>22.25</ele></trkpt>
      <trkpt lat="51.466792" lon="-0.422269"><ele>22.5</ele></trkpt>
      <trkpt lat="51.466782" lon="-0.422299"><ele>22.5</ele></trkpt>
      <trkpt lat="51.466763" lon="-0.422366"><ele>22.75</ele></trkpt>
      <trkpt lat="51.466748" lon="-0.422421"><ele>22.75</ele></trkpt>
      <trkpt lat="51.46674" lon="-0.422449"><ele>22.75</ele></trkpt>
      <trkpt lat="51.466743" lon="-0.422474"><ele>22.75</ele></trkpt>
      <trkpt lat="51.466746" lon="-0.422493"><ele>22.75</ele></trkpt>
      <trkpt lat="51.466751" lon="-0.422529"><ele>22.75</ele></trkpt>
      <trkpt lat="51.466758" lon="-0.42256"><ele>22.75</ele></trkpt>
      <trkpt lat="51.46669" lon="-0.422632"><ele>22.5</ele></trkpt>
      <trkpt lat="51.466653" lon="-0.422696"><ele>22.25</ele></trkpt>
      <trkpt lat="51.466734" lon="-0.422785"><ele>22.25</ele></trkpt>
      <trkpt lat="51.466725" lon="-0.422821"><ele>22.25</ele></trkpt>
      <trkpt lat="51.466779" lon="-0.422878"><ele>22.5</ele></trkpt>
      <trkpt lat="51.466827" lon="-0.422931"><ele>22.75</ele></trkpt>
      <trkpt lat="51.466799" lon="-0.423002"><ele>22.75</ele></trkpt>
      <trkpt lat="51.466729" lon="-0.423175"><ele>22.75</ele></trkpt>
      <trkpt lat="51.466799" lon="-0.423002"><ele>22.75</ele></trkpt>
      <trkpt lat="51.466914" lon="-0.423128"><ele>22.75</ele></trkpt>
      <trkpt lat="51.466931" lon="-0.423145"><ele>22.5</ele></trkpt>
      <trkpt lat="51.466997" lon="-0.423068"><ele>22.75</ele></trkpt>
      <trkpt lat="51.467039" lon="-0.423048"><ele>22.5</ele></trkpt>
      <trkpt lat="51.46708" lon="-0.423032"><ele>22.5</ele></trkpt>
      <trkpt lat="51.467092" lon="-0.423009"><ele>22.5</ele></trkpt>
      <trkpt lat="51.467105" lon="-0.422958"><ele>22.5</ele></trkpt>
      <trkpt lat="51.467145" lon="-0.42292"><ele>22.5</ele></trkpt>
      <trkpt lat="51.467249" lon="-0.422872"><ele>22.5</ele></trkpt>
      <trkpt lat="51.467315" lon="-0.422865"><ele>22.5</ele></trkpt>
      <trkpt lat="51.467427" lon="-0.422934"><ele>22.25</ele></trkpt>
      <trkpt lat="51.467548" lon="-0.422589"><ele>22</ele></trkpt>
      <trkpt lat="51.467636" lon="-0.422666"><ele>22</ele></trkpt>
      <trkpt lat="51.467662" lon="-0.42265"><ele>22</ele></trkpt>
      <trkpt lat="51.467729" lon="-0.42268"><ele>22</ele></trkpt>
      <trkpt lat="51.467842" lon="-0.422707"><ele>22</ele></trkpt>
      <trkpt lat="51.468035" lon="-0.422708"><ele>22</ele></trkpt>
      <trkpt lat="51.468075" lon="-0.422697"><ele>22</ele></trkpt>
      <trkpt lat="51.468103" lon="-0.422673"><ele>22</ele></trkpt>
      <trkpt lat="51.468194" lon="-0.422529"><ele>22</ele></trkpt>
      <trkpt lat="51.468244" lon="-0.422438"><ele>22</ele></trkpt>
      <trkpt lat="51.468294" lon="-0.422314"><ele>22</ele></trkpt>
      <trkpt lat="51.468302" lon="-0.422322"><ele>22</ele></trkpt>
      <trkpt lat="51.468331" lon="-0.42235"><ele>22</ele></trkpt>
      <trkpt lat="51.468359" lon="-0.422376"><ele>21.75</ele></trkpt>
      <trkpt lat="51.468372" lon="-0.422388"><ele>22</ele></trkpt>
      <trkpt lat="51.468423" lon="-0.42225"><ele>22</ele></trkpt>
      <trkpt lat="51.468429" lon="-0.422255"><ele>22</ele></trkpt>
      <trkpt lat="51.468461" lon="-0.422282"><ele>22</ele></trkpt>
      <trkpt lat="51.468506" lon="-0.422314"><ele>22</ele></trkpt>
      <trkpt lat="51.46852" lon="-0.422272"><ele>22</ele></trkpt>
      <trkpt lat="51.468616" lon="-0.422041"><ele>21.75</ele></trkpt>
      <trkpt lat="51.468691" lon="-0.421772"><ele>22</ele></trkpt>
      <trkpt lat="51.468725" lon="-0.421591"><ele>22</ele></trkpt>
      <trkpt lat="51.468752" lon="-0.421518"><ele>22</ele></trkpt>
      <trkpt lat="51.468827" lon="-0.421399"><ele>21.75</ele></trkpt>
      <trkpt lat="51.468923" lon="-0.421284"><ele>22</ele></trkpt>
      <trkpt lat="51.469017" lon="-0.421252"><ele>22</ele></trkpt>
      <trkpt lat="51.469111" lon="-0.421263"><ele>22</ele></trkpt>
      <trkpt lat="51.469135" lon="-0.421274"><ele>22</ele></trkpt>
      <trkpt lat="51.469152" lon="-0.421205"><ele>22</ele></trkpt>
      <trkpt lat="51.469171" lon="-0.421135"><ele>22</ele></trkpt>
      <trkpt lat="51.469207" lon="-0.421074"><ele>21.75</ele></trkpt>
      <trkpt lat="51.469234" lon="-0.421028"><ele>21.75</ele></trkpt>
      <trkpt lat="51.469215" lon="-0.420994"><ele>21.75</ele></trkpt>
      <trkpt lat="51.469172" lon="-0.420792"><ele>21.75</ele></trkpt>
      <trkpt lat="51.469154" lon="-0.420616"><ele>22</ele></trkpt>
      <trkpt lat="51.469146" lon="-0.42038"><ele>22</ele></trkpt>
      <trkpt lat="51.469172" lon="-0.420203"><ele>21.75</ele></trkpt>
      <trkpt lat="51.469376" lon="-0.419511"><ele>21</ele></trkpt>
      <trkpt lat="51.46939" lon="-0.419469"><ele>21</ele></trkpt>
      <trkpt lat="51.469405" lon="-0.419423"><ele>21</ele></trkpt>
      <trkpt lat="51.469546" lon="-0.419021"><ele>21</ele></trkpt>
      <trkpt lat="51.471508" lon="-0.415281"><ele>22</ele></trkpt>
      <trkpt lat="51.471647" lon="-0.415007"><ele>22</ele></trkpt>
      <trkpt lat="51.471722" lon="-0.414981"><ele>21.75</ele></trkpt>
      <trkpt lat="51.471794" lon="-0.415007"><ele>22</ele></trkpt>
      <trkpt lat="51.471872" lon="-0.415085"><ele>22</ele></trkpt>
      <trkpt lat="51.47206" lon="-0.415142"><ele>21.75</ele></trkpt>
      <trkpt lat="51.472153" lon="-0.41519"><ele>21.75</ele></trkpt>
      <trkpt lat="51.472315" lon="-0.415364"><ele>21.75</ele></trkpt>
      <trkpt lat="51.472641" lon="-0.415745"><ele>21.75</ele></trkpt>
      <trkpt lat="51.473525" lon="-0.416941"><ele>22</ele></trkpt>
      <trkpt lat="51.473891" lon="-0.417387"><ele>22</ele></trkpt>
      <trkpt lat="51.474053" lon="-0.417529"><ele>22</ele></trkpt>
      <trkpt lat="51.474196" lon="-0.417639"><ele>21.75</ele></trkpt>
      <trkpt lat="51.475134" lon="-0.418017"><ele>23.75</ele></trkpt>
      <trkpt lat="51.475359" lon="-0.418183"><ele>23.25</ele></trkpt>
      <trkpt lat="51.475501" lon="-0.418333"><ele>23.25</ele></trkpt>
      <trkpt lat="51.475658" lon="-0.418594"><ele>25</ele></trkpt>
      <trkpt lat="51.475797" lon="-0.418891"><ele>22.75</ele></trkpt>
      <trkpt lat="51.475894" lon="-0.419296"><ele>23.75</ele></trkpt>
      <trkpt lat="51.476047" lon="-0.420297"><ele>24.25</ele></trkpt>
      <trkpt lat="51.476138" lon="-0.421018"><ele>23.75</ele></trkpt>
      <trkpt lat="51.476169" lon="-0.422107"><ele>24.5</ele></trkpt>
      <trkpt lat="51.476168" lon="-0.422486"><ele>23.25</ele></trkpt>
      <trkpt lat="51.476157" lon="-0.422538"><ele>23.25</ele></trkpt>
      <trkpt lat="51.476146" lon="-0.422556"><ele>23</ele></trkpt>
      <trkpt lat="51.476114" lon="-0.422591"><ele>23</ele></trkpt>
      <trkpt lat="51.476092" lon="-0.422596"><ele>23</ele></trkpt>
      <trkpt lat="51.476089" lon="-0.422661"><ele>23</ele></trkpt>
      <trkpt lat="51.476091" lon="-0.422737"><ele>23</ele></trkpt>
      <trkpt lat="51.476138" lon="-0.422795"><ele>23</ele></trkpt>
      <trkpt lat="51.476151" lon="-0.422847"><ele>23</ele></trkpt>
      <trkpt lat="51.476159" lon="-0.423878"><ele>23</ele></trkpt>
      <trkpt lat="51.476118" lon="-0.424768"><ele>23</ele></trkpt>
      <trkpt lat="51.476112" lon="-0.425793"><ele>23</ele></trkpt>
      <trkpt lat="51.476146" lon="-0.426183"><ele>23</ele></trkpt>
      <trkpt lat="51.476145" lon="-0.426224"><ele>23</ele></trkpt>
      <trkpt lat="51.47616" lon="-0.426228"><ele>23</ele></trkpt>
      <trkpt lat="51.476195" lon="-0.426234"><ele>23</ele></trkpt>
      <trkpt lat="51.476231" lon="-0.42624"><ele>23</ele></trkpt>
      <trkpt lat="51.476306" lon="-0.426217"><ele>23</ele></trkpt>
      <trkpt lat="51.476335" lon="-0.426183"><ele>23</ele></trkpt>
      <trkpt lat="51.476372" lon="-0.426139"><ele>23</ele></trkpt>
      <trkpt lat="51.476418" lon="-0.426239"><ele>23</ele></trkpt>
      <trkpt lat="51.476509" lon="-0.426321"><ele>23</ele></trkpt>
      <trkpt lat="51.476622" lon="-0.426359"><ele>23</ele></trkpt>
      <trkpt lat="51.477975" lon="-0.426313"><ele>23.75</ele></trkpt>
      <trkpt lat="51.478022" lon="-0.426305"><ele>23.75</ele></trkpt>
      <trkpt lat="51.478067" lon="-0.426254"><ele>24</ele></trkpt>
      <trkpt lat="51.4781" lon="-0.42628"><ele>24</ele></trkpt>
      <trkpt lat="51.47812" lon="-0.426297"><ele>23.75</ele></trkpt>
      <trkpt lat="51.47815" lon="-0.426303"><ele>24</ele></trkpt>
      <trkpt lat="51.478232" lon="-0.426306"><ele>24</ele></trkpt>
      <trkpt lat="51.478277" lon="-0.426298"><ele>24</ele></trkpt>
      <trkpt lat="51.478344" lon="-0.426283"><ele>24</ele></trkpt>
      <trkpt lat="51.478381" lon="-0.426307"><ele>24</ele></trkpt>
      <trkpt lat="51.478431" lon="-0.426316"><ele>24</ele></trkpt>
      <trkpt lat="51.478782" lon="-0.426343"><ele>24</ele></trkpt>
      <trkpt lat="51.479044" lon="-0.426518"><ele>23.75</ele></trkpt>
      <trkpt lat="51.479225" lon="-0.426679"><ele>23.75</ele></trkpt>
      <trkpt lat="51.479356" lon="-0.426875"><ele>23.75</ele></trkpt>
      <trkpt lat="51.479427" lon="-0.427034"><ele>23.75</ele></trkpt>
      <trkpt lat="51.479458" lon="-0.427126"><ele>24</ele></trkpt>
      <trkpt lat="51.479518" lon="-0.427393"><ele>24</ele></trkpt>
      <trkpt lat="51.479544" lon="-0.427564"><ele>24.25</ele></trkpt>
      <trkpt lat="51.47956" lon="-0.427763"><ele>24.25</ele></trkpt>
      <trkpt lat="51.479566" lon="-0.42791"><ele>24</ele></trkpt>
      <trkpt lat="51.479561" lon="-0.428332"><ele>23.75</ele></trkpt>
      <trkpt lat="51.479577" lon="-0.428405"><ele>23.75</ele></trkpt>
      <trkpt lat="51.479601" lon="-0.428438"><ele>23.75</ele></trkpt>
      <trkpt lat="51.479604" lon="-0.428522"><ele>23.75</ele></trkpt>
      <trkpt lat="51.479605" lon="-0.428647"><ele>23.5</ele></trkpt>
      <trkpt lat="51.479606" lon="-0.428718"><ele>23.25</ele></trkpt>
      <trkpt lat="51.479562" lon="-0.42877"><ele>23</ele></trkpt>
      <trkpt lat="51.479539" lon="-0.428854"><ele>23</ele></trkpt>
      <trkpt lat="51.479497" lon="-0.429528"><ele>23</ele></trkpt>
      <trkpt lat="51.479486" lon="-0.429819"><ele>23</ele></trkpt>
      <trkpt lat="51.479476" lon="-0.430515"><ele>23</ele></trkpt>
      <trkpt lat="51.479479" lon="-0.431104"><ele>23.75</ele></trkpt>
      <trkpt lat="51.479486" lon="-0.431425"><ele>23</ele></trkpt>
      <trkpt lat="51.479495" lon="-0.431567"><ele>23</ele></trkpt>
      <trkpt lat="51.479521" lon="-0.431818"><ele>23</ele></trkpt>
      <trkpt lat="51.479523" lon="-0.431948"><ele>23</ele></trkpt>
      <trkpt lat="51.479505" lon="-0.432211"><ele>23.75</ele></trkpt>
      <trkpt lat="51.479502" lon="-0.432667"><ele>23.75</ele></trkpt>
      <trkpt lat="51.479509" lon="-0.432723"><ele>23.75</ele></trkpt>
      <trkpt lat="51.479534" lon="-0.432817"><ele>23.5</ele></trkpt>
      <trkpt lat="51.479566" lon="-0.432886"><ele>23.5</ele></trkpt>
      <trkpt lat="51.479639" lon="-0.432969"><ele>23.75</ele></trkpt>
      <trkpt lat="51.47996" lon="-0.433257"><ele>24</ele></trkpt>
      <trkpt lat="51.479993" lon="-0.433286"><ele>24</ele></trkpt>
      <trkpt lat="51.480056" lon="-0.433359"><ele>24</ele></trkpt>
      <trkpt lat="51.4801" lon="-0.433416"><ele>24</ele></trkpt>
      <trkpt lat="51.480309" lon="-0.433652"><ele>25</ele></trkpt>
      <trkpt lat="51.480347" lon="-0.43368"><ele>25</ele></trkpt>
      <trkpt lat="51.480408" lon="-0.433723"><ele>25</ele></trkpt>
      <trkpt lat="51.480446" lon="-0.433739"><ele>25</ele></trkpt>
      <trkpt lat="51.480481" lon="-0.433731"><ele>25</ele></trkpt>
      <trkpt lat="51.480498" lon="-0.433799"><ele>25</ele></trkpt>
      <trkpt lat="51.480507" lon="-0.433837"><ele>25</ele></trkpt>
      <trkpt lat="51.480533" lon="-0.433963"><ele>25</ele></trkpt>
      <trkpt lat="51.480548" lon="-0.434045"><ele>25</ele></trkpt>
      <trkpt lat="51.480549" lon="-0.434109"><ele>25</ele></trkpt>
      <trkpt lat="51.480556" lon="-0.434301"><ele>24.75</ele></trkpt>
      <trkpt lat="51.480556" lon="-0.434364"><ele>25</ele></trkpt>
      <trkpt lat="51.480573" lon="-0.43448"><ele>25</ele></trkpt>
      <trkpt lat="51.480581" lon="-0.434889"><ele>24.75</ele></trkpt>
      <trkpt lat="51.48062" lon="-0.436189"><ele>25</ele></trkpt>
      <trkpt lat="51.480658" lon="-0.437045"><ele>25</ele></trkpt>
      <trkpt lat="51.480717" lon="-0.438742"><ele>25</ele></trkpt>
      <trkpt lat="51.480748" lon="-0.439641"><ele>25</ele></trkpt>
      <trkpt lat="51.480768" lon="-0.440207"><ele>25</ele></trkpt>
      <trkpt lat="51.480804" lon="-0.440818"><ele>25</ele></trkpt>
      <trkpt lat="51.48087" lon="-0.442301"><ele>25.75</ele></trkpt>
      <trkpt lat="51.48088" lon="-0.44264"><ele>25.25</ele></trkpt>
      <trkpt lat="51.480918" lon="-0.443897"><ele>26</ele></trkpt>
      <trkpt lat="51.480999" lon="-0.445879"><ele>26</ele></trkpt>
      <trkpt lat="51.481018" lon="-0.446302"><ele>26</ele></trkpt>
      <trkpt lat="51.481072" lon="-0.448016"><ele>26</ele></trkpt>
      <trkpt lat="51.481081" lon="-0.448068"><ele>26</ele></trkpt>
      <trkpt lat="51.481029" lon="-0.44817"><ele>26</ele></trkpt>
      <trkpt lat="51.480993" lon="-0.448185"><ele>26</ele></trkpt>
      <trkpt lat="51.480997" lon="-0.448355"><ele>26</ele></trkpt>
      <trkpt lat="51.480989" lon="-0.448492"><ele>26</ele></trkpt>
      <trkpt lat="51.480942" lon="-0.448656"><ele>26</ele></trkpt>
      <trkpt lat="51.480787" lon="-0.449031"><ele>26</ele></trkpt>
      <trkpt lat="51.480694" lon="-0.449163"><ele>26</ele></trkpt>
      <trkpt lat="51.480641" lon="-0.44921"><ele>26</ele></trkpt>
      <trkpt lat="51.480571" lon="-0.449253"><ele>26</ele></trkpt>
      <trkpt lat="51.480515" lon="-0.449265"><ele>26</ele></trkpt>
      <trkpt lat="51.480484" lon="-0.449284"><ele>26</ele></trkpt>
      <trkpt lat="51.480437" lon="-0.449333"><ele>26</ele></trkpt>
      <trkpt lat="51.480419" lon="-0.449363"><ele>26</ele></trkpt>
      <trkpt lat="51.480312" lon="-0.449467"><ele>26</ele></trkpt>
      <trkpt lat="51.480272" lon="-0.449481"><ele>25.75</ele></trkpt>
      <trkpt lat="51.480214" lon="-0.449486"><ele>25.75</ele></trkpt>
      <trkpt lat="51.480213" lon="-0.449552"><ele>25.75</ele></trkpt>
      <trkpt lat="51.480212" lon="-0.449588"><ele>25.75</ele></trkpt>
      <trkpt lat="51.480211" lon="-0.449664"><ele>25.75</ele></trkpt>
      <trkpt lat="51.480211" lon="-0.449734"><ele>25.75</ele></trkpt>
      <trkpt lat="51.480211" lon="-0.449754"><ele>25.75</ele></trkpt>
      <trkpt lat="51.480249" lon="-0.449758"><ele>25.75</ele></trkpt>
      <trkpt lat="51.480284" lon="-0.449776"><ele>26</ele></trkpt>
      <trkpt lat="51.480324" lon="-0.449804"><ele>26</ele></trkpt>
      <trkpt lat="51.48035" lon="-0.449833"><ele>26</ele></trkpt>
      <trkpt lat="51.480402" lon="-0.449922"><ele>26</ele></trkpt>
      <trkpt lat="51.480426" lon="-0.449979"><ele>26</ele></trkpt>
      <trkpt lat="51.480442" lon="-0.450049"><ele>25.75</ele></trkpt>
      <trkpt lat="51.480448" lon="-0.450116"><ele>25.5</ele></trkpt>
      <trkpt lat="51.480454" lon="-0.450873"><ele>24.75</ele></trkpt>
      <trkpt lat="51.48046" lon="-0.450953"><ele>24.5</ele></trkpt>
      <trkpt lat="51.480497" lon="-0.450953"><ele>24.5</ele></trkpt>
      <trkpt lat="51.480569" lon="-0.451363"><ele>23</ele></trkpt>
      <trkpt lat="51.48062" lon="-0.451526"><ele>22.5</ele></trkpt>
      <trkpt lat="51.480652" lon="-0.451675"><ele>21.75</ele></trkpt>
      <trkpt lat="51.480658" lon="-0.451801"><ele>21</ele></trkpt>
      <trkpt lat="51.480649" lon="-0.45194"><ele>20</ele></trkpt>
      <trkpt lat="51.480618" lon="-0.452063"><ele>19.5</ele></trkpt>
      <trkpt lat="51.480581" lon="-0.45216"><ele>19.25</ele></trkpt>
      <trkpt lat="51.480528" lon="-0.452258"><ele>19.5</ele></trkpt>
      <trkpt lat="51.480485" lon="-0.452379"><ele>19.75</ele></trkpt>
      <trkpt lat="51.480462" lon="-0.45251"><ele>19.5</ele></trkpt>
      <trkpt lat="51.480454" lon="-0.452567"><ele>19.25</ele></trkpt>
      <trkpt lat="51.48033" lon="-0.452731"><ele>18.5</ele></trkpt>
      <trkpt lat="51.480286" lon="-0.452774"><ele>18</ele></trkpt>
      <trkpt lat="51.480245" lon="-0.452801"><ele>18</ele></trkpt>
      <trkpt lat="51.480197" lon="-0.452816"><ele>18</ele></trkpt>
      <trkpt lat="51.479771" lon="-0.452846"><ele>23.75</ele></trkpt>
      <trkpt lat="51.474087" lon="-0.452797"><ele>23.75</ele></trkpt>
      <trkpt lat="51.473831" lon="-0.452793"><ele>21</ele></trkpt>
      <trkpt lat="51.473631" lon="-0.452775"><ele>21.75</ele></trkpt>
      <trkpt lat="51.473514" lon="-0.452775"><ele>22.25</ele></trkpt>
      <trkpt lat="51.473415" lon="-0.452754"><ele>22.5</ele></trkpt>
      <trkpt lat="51.473398" lon="-0.452702"><ele>22.75</ele></trkpt>
      <trkpt lat="51.47339" lon="-0.452591"><ele>22.75</ele></trkpt>
      <trkpt lat="51.473392" lon="-0.452514"><ele>22.75</ele></trkpt>
      <trkpt lat="51.473408" lon="-0.452399"><ele>23</ele></trkpt>
      <trkpt lat="51.473341" lon="-0.4524"><ele>23</ele></trkpt>
      <trkpt lat="51.473344" lon="-0.452596"><ele>22.75</ele></trkpt>
      <trkpt lat="51.473335" lon="-0.452758"><ele>22.75</ele></trkpt>
      <trkpt lat="51.473358" lon="-0.452833"><ele>22.75</ele></trkpt>
      <trkpt lat="51.473422" lon="-0.452912"><ele>22.5</ele></trkpt>
      <trkpt lat="51.473" lon="-0.452941"><ele>23.75</ele></trkpt>
      <trkpt lat="51.472804" lon="-0.452954"><ele>23.5</ele></trkpt>
      <trkpt lat="51.472609" lon="-0.452966"><ele>23.5</ele></trkpt>
      <trkpt lat="51.472551" lon="-0.45296"><ele>23.5</ele></trkpt>
      <trkpt lat="51.472482" lon="-0.452942"><ele>23.5</ele></trkpt>
      <trkpt lat="51.472164" lon="-0.452819"><ele>24</ele></trkpt>
      <trkpt lat="51.472078" lon="-0.452697"><ele>24</ele></trkpt>
      <trkpt lat="51.471486" lon="-0.452117"><ele>24</ele></trkpt>
      <trkpt lat="51.471321" lon="-0.451961"><ele>24</ele></trkpt>
      <trkpt lat="51.471257" lon="-0.451921"><ele>24</ele></trkpt>
      <trkpt lat="51.471192" lon="-0.45191"><ele>24</ele></trkpt>
      <trkpt lat="51.471131" lon="-0.451923"><ele>24</ele></trkpt>
      <trkpt lat="51.471013" lon="-0.452002"><ele>24</ele></trkpt>
      <trkpt lat="51.470968" lon="-0.452055"><ele>24</ele></trkpt>
      <trkpt lat="51.470931" lon="-0.452121"><ele>24</ele></trkpt>
      <trkpt lat="51.4709" lon="-0.452209"><ele>23.75</ele></trkpt>
      <trkpt lat="51.470884" lon="-0.452314"><ele>23.75</ele></trkpt>
      <trkpt lat="51.470876" lon="-0.452447"><ele>23.75</ele></trkpt>
      <trkpt lat="51.470873" lon="-0.45296"><ele>23.75</ele></trkpt>
      <trkpt lat="51.470873" lon="-0.453533"><ele>23.5</ele></trkpt>
      <trkpt lat="51.470869" lon="-0.453696"><ele>23.5</ele></trkpt>
      <trkpt lat="51.470859" lon="-0.453789"><ele>23.5</ele></trkpt>
      <trkpt lat="51.470836" lon="-0.453874"><ele>23.5</ele></trkpt>
      <trkpt lat="51.470812" lon="-0.45393"><ele>23.5</ele></trkpt>
      <trkpt lat="51.470759" lon="-0.454007"><ele>23.5</ele></trkpt>
      <trkpt lat="51.470699" lon="-0.454066"><ele>23.5</ele></trkpt>
      <trkpt lat="51.470641" lon="-0.454096"><ele>23.5</ele></trkpt>
      <trkpt lat="51.470578" lon="-0.454109"><ele>23.5</ele></trkpt>
      <trkpt lat="51.470342" lon="-0.454074"><ele>23.5</ele></trkpt>
      <trkpt lat="51.469892" lon="-0.453997"><ele>23.25</ele></trkpt>
      <trkpt lat="51.469708" lon="-0.453955"><ele>23.25</ele></trkpt>
      <trkpt lat="51.469598" lon="-0.453917"><ele>23.25</ele></trkpt>
      <trkpt lat="51.469472" lon="-0.45384"><ele>23</ele></trkpt>
      <trkpt lat="51.469416" lon="-0.453785"><ele>23</ele></trkpt>
      <trkpt lat="51.469352" lon="-0.453706"><ele>23</ele></trkpt>
      <trkpt lat="51.4693" lon="-0.453629"><ele>23</ele></trkpt>
      <trkpt lat="51.469249" lon="-0.453526"><ele>23</ele></trkpt>
      <trkpt lat="51.469204" lon="-0.453399"><ele>23</ele></trkpt>
      <trkpt lat="51.469174" lon="-0.45328"><ele>23</ele></trkpt>
      <trkpt lat="51.469158" lon="-0.45317"><ele>23</ele></trkpt>
      <trkpt lat="51.469155" lon="-0.453068"><ele>23</ele></trkpt>
      <trkpt lat="51.469156" lon="-0.452788"><ele>22.75</ele></trkpt>
      <trkpt lat="51.469895" lon="-0.452762"><ele>23</ele></trkpt>
      <trkpt lat="51.469915" lon="-0.451472"><ele>23.75</ele></trkpt>
      <trkpt lat="51.470043" lon="-0.451478"><ele>23.75</ele></trkpt>
      <trkpt lat="51.470051" lon="-0.451478"><ele>23.75</ele></trkpt>
      <trkpt lat="51.470049" lon="-0.45152"><ele>23.75</ele></trkpt>
      <trkpt lat="51.470109" lon="-0.451522"><ele>23.75</ele></trkpt>
      <trkpt lat="51.47011" lon="-0.451583"><ele>23.5</ele></trkpt>
      <trkpt lat="51.470111" lon="-0.451725"><ele>23.25</ele></trkpt>
      <trkpt lat="51.469943" lon="-0.451725"><ele>23.5</ele></trkpt>
      <trkpt lat="51.469898" lon="-0.451725"><ele>23.25</ele></trkpt>
      <trkpt lat="51.469898" lon="-0.451679"><ele>23.25</ele></trkpt>
      <trkpt lat="51.469943" lon="-0.451682"><ele>23.25</ele></trkpt>
      <trkpt lat="51.47004" lon="-0.451685"><ele>23.25</ele></trkpt>
      <trkpt lat="51.470328" lon="-0.451696"><ele>23.25</ele></trkpt>
      <trkpt lat="51.470401" lon="-0.451684"><ele>23.25</ele></trkpt>
      <trkpt lat="51.470548" lon="-0.451681"><ele>23.5</ele></trkpt>
      <trkpt lat="51.470602" lon="-0.451679"><ele>23.5</ele></trkpt>
      <trkpt lat="51.470639" lon="-0.451722"><ele>23.5</ele></trkpt>
      <trkpt lat="51.471104" lon="-0.452369"><ele>23.75</ele></trkpt>
      <trkpt lat="51.471293" lon="-0.452781"><ele>23.75</ele></trkpt>
      <trkpt lat="51.47135" lon="-0.452719"><ele>24</ele></trkpt>
      <trkpt lat="51.471379" lon="-0.452683"><ele>24</ele></trkpt>
      <trkpt lat="51.471411" lon="-0.452646"><ele>24</ele></trkpt>
      <trkpt lat="51.471466" lon="-0.452589"><ele>24</ele></trkpt>
      <trkpt lat="51.47141" lon="-0.452464"><ele>24</ele></trkpt>
      <trkpt lat="51.471383" lon="-0.452442"><ele>24</ele></trkpt>
      <trkpt lat="51.471337" lon="-0.452337"><ele>24</ele></trkpt>
      <trkpt lat="51.471338" lon="-0.452305"><ele>24</ele></trkpt>
      <trkpt lat="51.471246" lon="-0.452157"><ele>24</ele></trkpt>
      <trkpt lat="51.471206" lon="-0.4522"><ele>24</ele></trkpt>
      <trkpt lat="51.471246" lon="-0.452157"><ele>24</ele></trkpt>
      <trkpt lat="51.471338" lon="-0.452305"><ele>24</ele></trkpt>
      <trkpt lat="51.471337" lon="-0.452337"><ele>24</ele></trkpt>
      <trkpt lat="51.471383" lon="-0.452442"><ele>24</ele></trkpt>
      <trkpt lat="51.47141" lon="-0.452464"><ele>24</ele></trkpt>
      <trkpt lat="51.471466" lon="-0.452589"><ele>24</ele></trkpt>
      <trkpt lat="51.471411" lon="-0.452646"><ele>24</ele></trkpt>
      <trkpt lat="51.471379" lon="-0.452683"><ele>24</ele></trkpt>
      <trkpt lat="51.47135" lon="-0.452719"><ele>23.75</ele></trkpt>
      <trkpt lat="51.471293" lon="-0.452781"><ele>23.75</ele></trkpt>
      <trkpt lat="51.471104" lon="-0.452369"><ele>23.75</ele></trkpt>
      <trkpt lat="51.470639" lon="-0.451722"><ele>23.5</ele></trkpt>
      <trkpt lat="51.470602" lon="-0.451679"><ele>23.5</ele></trkpt>
      <trkpt lat="51.470548" lon="-0.451681"><ele>23.5</ele></trkpt>
      <trkpt lat="51.470401" lon="-0.451684"><ele>23.25</ele></trkpt>
      <trkpt lat="51.470328" lon="-0.451696"><ele>23.25</ele></trkpt>
      <trkpt lat="51.47004" lon="-0.451685"><ele>23.25</ele></trkpt>
      <trkpt lat="51.469943" lon="-0.451682"><ele>23.25</ele></trkpt>
      <trkpt lat="51.469898" lon="-0.451679"><ele>23</ele></trkpt>
      <trkpt lat="51.469898" lon="-0.451725"><ele>23.25</ele></trkpt>
      <trkpt lat="51.469943" lon="-0.451725"><ele>23.5</ele></trkpt>
      <trkpt lat="51.470111" lon="-0.451725"><ele>23.25</ele></trkpt>
      <trkpt lat="51.47011" lon="-0.451583"><ele>23.5</ele></trkpt>
      <trkpt lat="51.470109" lon="-0.451522"><ele>23.75</ele></trkpt>
      <trkpt lat="51.470049" lon="-0.45152"><ele>23.75</ele></trkpt>
      <trkpt lat="51.470051" lon="-0.451478"><ele>23.75</ele></trkpt>
      <trkpt lat="51.470043" lon="-0.451478"><ele>23.75</ele></trkpt>
      <trkpt lat="51.469915" lon="-0.451472"><ele>23.75</ele></trkpt>
      <trkpt lat="51.469895" lon="-0.452762"><ele>23</ele></trkpt>
      <trkpt lat="51.469156" lon="-0.452788"><ele>23</ele></trkpt>
      <trkpt lat="51.469155" lon="-0.453068"><ele>23</ele></trkpt>
      <trkpt lat="51.469158" lon="-0.45317"><ele>23</ele></trkpt>
      <trkpt lat="51.469174" lon="-0.45328"><ele>23.25</ele></trkpt>
      <trkpt lat="51.469204" lon="-0.453399"><ele>23.25</ele></trkpt>
      <trkpt lat="51.469249" lon="-0.453526"><ele>23.25</ele></trkpt>
      <trkpt lat="51.4693" lon="-0.453629"><ele>23.25</ele></trkpt>
      <trkpt lat="51.469352" lon="-0.453706"><ele>23.25</ele></trkpt>
      <trkpt lat="51.469416" lon="-0.453785"><ele>23.25</ele></trkpt>
      <trkpt lat="51.469472" lon="-0.45384"><ele>23.25</ele></trkpt>
      <trkpt lat="51.469598" lon="-0.453917"><ele>23.25</ele></trkpt>
      <trkpt lat="51.469708" lon="-0.453955"><ele>23.25</ele></trkpt>
      <trkpt lat="51.469892" lon="-0.453997"><ele>23.25</ele></trkpt>
      <trkpt lat="51.470342" lon="-0.454074"><ele>23.5</ele></trkpt>
      <trkpt lat="51.470578" lon="-0.454109"><ele>23.5</ele></trkpt>
      <trkpt lat="51.470641" lon="-0.454096"><ele>23.5</ele></trkpt>
      <trkpt lat="51.470699" lon="-0.454066"><ele>23.5</ele></trkpt>
      <trkpt lat="51.470759" lon="-0.454007"><ele>23.5</ele></trkpt>
      <trkpt lat="51.470812" lon="-0.45393"><ele>23.5</ele></trkpt>
      <trkpt lat="51.470836" lon="-0.453874"><ele>23.5</ele></trkpt>
      <trkpt lat="51.470859" lon="-0.453789"><ele>23.75</ele></trkpt>
      <trkpt lat="51.470869" lon="-0.453696"><ele>23.75</ele></trkpt>
      <trkpt lat="51.470873" lon="-0.453533"><ele>23.75</ele></trkpt>
      <trkpt lat="51.470873" lon="-0.45296"><ele>23.75</ele></trkpt>
      <trkpt lat="51.470876" lon="-0.452447"><ele>23.75</ele></trkpt>
      <trkpt lat="51.470884" lon="-0.452314"><ele>23.75</ele></trkpt>
      <trkpt lat="51.4709" lon="-0.452209"><ele>23.75</ele></trkpt>
      <trkpt lat="51.470931" lon="-0.452121"><ele>24</ele></trkpt>
      <trkpt lat="51.470968" lon="-0.452055"><ele>24</ele></trkpt>
      <trkpt lat="51.471013" lon="-0.452002"><ele>24</ele></trkpt>
      <trkpt lat="51.471131" lon="-0.451923"><ele>24</ele></trkpt>
      <trkpt lat="51.471192" lon="-0.45191"><ele>24</ele></trkpt>
      <trkpt lat="51.471257" lon="-0.451921"><ele>24</ele></trkpt>
      <trkpt lat="51.471321" lon="-0.451961"><ele>24</ele></trkpt>
      <trkpt lat="51.471486" lon="-0.452117"><ele>24</ele></trkpt>
      <trkpt lat="51.472078" lon="-0.452697"><ele>24</ele></trkpt>
      <trkpt lat="51.472164" lon="-0.452819"><ele>24</ele></trkpt>
      <trkpt lat="51.472482" lon="-0.452942"><ele>23.5</ele></trkpt>
      <trkpt lat="51.472551" lon="-0.45296"><ele>23.5</ele></trkpt>
      <trkpt lat="51.472609" lon="-0.452966"><ele>23.5</ele></trkpt>
      <trkpt lat="51.472804" lon="-0.452954"><ele>23.5</ele></trkpt>
      <trkpt lat="51.473" lon="-0.452941"><ele>23.75</ele></trkpt>
      <trkpt lat="51.473422" lon="-0.452912"><ele>22.5</ele></trkpt>
      <trkpt lat="51.473358" lon="-0.452833"><ele>22.75</ele></trkpt>
      <trkpt lat="51.473335" lon="-0.452758"><ele>22.75</ele></trkpt>
      <trkpt lat="51.473344" lon="-0.452596"><ele>22.75</ele></trkpt>
      <trkpt lat="51.473341" lon="-0.4524"><ele>23</ele></trkpt>
      <trkpt lat="51.473408" lon="-0.452399"><ele>23</ele></trkpt>
      <trkpt lat="51.473565" lon="-0.45242"><ele>23</ele></trkpt>
      <trkpt lat="51.473698" lon="-0.452471"><ele>23.25</ele></trkpt>
      <trkpt lat="51.473946" lon="-0.4526"><ele>23</ele></trkpt>
      <trkpt lat="51.474049" lon="-0.452672"><ele>23.5</ele></trkpt>
      <trkpt lat="51.474114" lon="-0.452733"><ele>24</ele></trkpt>
      <trkpt lat="51.474158" lon="-0.452832"><ele>24.75</ele></trkpt>
      <trkpt lat="51.474172" lon="-0.452949"><ele>24.75</ele></trkpt>
      <trkpt lat="51.474167" lon="-0.453041"><ele>24.75</ele></trkpt>
      <trkpt lat="51.474146" lon="-0.453138"><ele>24.5</ele></trkpt>
      <trkpt lat="51.474129" lon="-0.453183"><ele>24.5</ele></trkpt>
      <trkpt lat="51.473929" lon="-0.453476"><ele>24</ele></trkpt>
      <trkpt lat="51.473812" lon="-0.453592"><ele>24.25</ele></trkpt>
      <trkpt lat="51.473635" lon="-0.453731"><ele>23.5</ele></trkpt>
      <trkpt lat="51.473561" lon="-0.453731"><ele>23.25</ele></trkpt>
      <trkpt lat="51.473507" lon="-0.453698"><ele>23.25</ele></trkpt>
      <trkpt lat="51.473462" lon="-0.453643"><ele>23</ele></trkpt>
      <trkpt lat="51.47342" lon="-0.453557"><ele>23</ele></trkpt>
      <trkpt lat="51.473385" lon="-0.453435"><ele>23</ele></trkpt>
      <trkpt lat="51.473383" lon="-0.453318"><ele>22.75</ele></trkpt>
      <trkpt lat="51.473424" lon="-0.453179"><ele>22.75</ele></trkpt>
      <trkpt lat="51.473488" lon="-0.453148"><ele>22.5</ele></trkpt>
      <trkpt lat="51.474094" lon="-0.453106"><ele>22</ele></trkpt>
      <trkpt lat="51.479601" lon="-0.453127"><ele>18.5</ele></trkpt>
      <trkpt lat="51.479771" lon="-0.453141"><ele>18.5</ele></trkpt>
      <trkpt lat="51.480086" lon="-0.453134"><ele>18.5</ele></trkpt>
      <trkpt lat="51.480194" lon="-0.453158"><ele>18.5</ele></trkpt>
      <trkpt lat="51.480263" lon="-0.453194"><ele>18.5</ele></trkpt>
      <trkpt lat="51.480311" lon="-0.453236"><ele>18.5</ele></trkpt>
      <trkpt lat="51.480363" lon="-0.453303"><ele>18.5</ele></trkpt>
      <trkpt lat="51.480428" lon="-0.453415"><ele>19.25</ele></trkpt>
      <trkpt lat="51.48046" lon="-0.453484"><ele>19.5</ele></trkpt>
      <trkpt lat="51.480491" lon="-0.453557"><ele>19.75</ele></trkpt>
      <trkpt lat="51.480528" lon="-0.453712"><ele>19.5</ele></trkpt>
      <trkpt lat="51.480545" lon="-0.453862"><ele>19</ele></trkpt>
      <trkpt lat="51.480518" lon="-0.454677"><ele>20.5</ele></trkpt>
      <trkpt lat="51.480513" lon="-0.454992"><ele>20.75</ele></trkpt>
      <trkpt lat="51.480486" lon="-0.455073"><ele>21.25</ele></trkpt>
      <trkpt lat="51.480467" lon="-0.45637"><ele>22.75</ele></trkpt>
      <trkpt lat="51.480468" lon="-0.456742"><ele>23.75</ele></trkpt>
      <trkpt lat="51.480413" lon="-0.457109"><ele>24.5</ele></trkpt>
      <trkpt lat="51.480344" lon="-0.457268"><ele>24.75</ele></trkpt>
      <trkpt lat="51.480352" lon="-0.457288"><ele>24.75</ele></trkpt>
      <trkpt lat="51.48038" lon="-0.457329"><ele>24.75</ele></trkpt>
      <trkpt lat="51.480404" lon="-0.45737"><ele>24.75</ele></trkpt>
      <trkpt lat="51.480413" lon="-0.457384"><ele>24.75</ele></trkpt>
      <trkpt lat="51.480439" lon="-0.457426"><ele>24.75</ele></trkpt>
      <trkpt lat="51.480465" lon="-0.457468"><ele>24.75</ele></trkpt>
      <trkpt lat="51.480485" lon="-0.457495"><ele>24.75</ele></trkpt>
      <trkpt lat="51.480543" lon="-0.457502"><ele>25</ele></trkpt>
      <trkpt lat="51.480566" lon="-0.457505"><ele>25</ele></trkpt>
      <trkpt lat="51.480594" lon="-0.457509"><ele>25</ele></trkpt>
      <trkpt lat="51.4806" lon="-0.45751"><ele>25</ele></trkpt>
      <trkpt lat="51.480604" lon="-0.457585"><ele>25</ele></trkpt>
      <trkpt lat="51.480615" lon="-0.457657"><ele>25</ele></trkpt>
      <trkpt lat="51.480634" lon="-0.457704"><ele>25.25</ele></trkpt>
      <trkpt lat="51.480674" lon="-0.457734"><ele>25.25</ele></trkpt>
      <trkpt lat="51.480707" lon="-0.45773"><ele>25.5</ele></trkpt>
      <trkpt lat="51.480711" lon="-0.457742"><ele>25.5</ele></trkpt>
      <trkpt lat="51.480728" lon="-0.457798"><ele>25.5</ele></trkpt>
      <trkpt lat="51.48074" lon="-0.457835"><ele>25.5</ele></trkpt>
      <trkpt lat="51.480745" lon="-0.457853"><ele>25.5</ele></trkpt>
      <trkpt lat="51.480684" lon="-0.457919"><ele>25.25</ele></trkpt>
      <trkpt lat="51.48066" lon="-0.457973"><ele>25.25</ele></trkpt>
      <trkpt lat="51.480657" lon="-0.458012"><ele>25.25</ele></trkpt>
      <trkpt lat="51.48067" lon="-0.458069"><ele>25.25</ele></trkpt>
      <trkpt lat="51.480691" lon="-0.458098"><ele>25.5</ele></trkpt>
      <trkpt lat="51.480716" lon="-0.458116"><ele>25.5</ele></trkpt>
      <trkpt lat="51.480712" lon="-0.458154"><ele>25.5</ele></trkpt>
      <trkpt lat="51.480704" lon="-0.458232"><ele>25.75</ele></trkpt>
      <trkpt lat="51.480696" lon="-0.458303"><ele>25.75</ele></trkpt>
      <trkpt lat="51.480692" lon="-0.458334"><ele>26</ele></trkpt>
      <trkpt lat="51.48074" lon="-0.458367"><ele>26</ele></trkpt>
      <trkpt lat="51.480829" lon="-0.458397"><ele>26</ele></trkpt>
      <trkpt lat="51.480968" lon="-0.458426"><ele>26</ele></trkpt>
      <trkpt lat="51.480965" lon="-0.458488"><ele>26</ele></trkpt>
      <trkpt lat="51.480963" lon="-0.458576"><ele>26</ele></trkpt>
      <trkpt lat="51.480959" lon="-0.458695"><ele>26</ele></trkpt>
      <trkpt lat="51.480942" lon="-0.458988"><ele>26</ele></trkpt>
      <trkpt lat="51.480864" lon="-0.459866"><ele>26</ele></trkpt>
      <trkpt lat="51.480839" lon="-0.460278"><ele>26</ele></trkpt>
      <trkpt lat="51.480833" lon="-0.460451"><ele>26</ele></trkpt>
      <trkpt lat="51.48084" lon="-0.461105"><ele>26</ele></trkpt>
      <trkpt lat="51.480866" lon="-0.46184"><ele>26</ele></trkpt>
      <trkpt lat="51.480967" lon="-0.463248"><ele>26</ele></trkpt>
      <trkpt lat="51.481198" lon="-0.465213"><ele>25.75</ele></trkpt>
      <trkpt lat="51.481357" lon="-0.466665"><ele>25</ele></trkpt>
      <trkpt lat="51.481364" lon="-0.46678"><ele>25</ele></trkpt>
      <trkpt lat="51.481388" lon="-0.467142"><ele>25</ele></trkpt>
      <trkpt lat="51.481404" lon="-0.467662"><ele>25.5</ele></trkpt>
      <trkpt lat="51.481417" lon="-0.468337"><ele>25</ele></trkpt>
      <trkpt lat="51.481437" lon="-0.469468"><ele>25</ele></trkpt>
      <trkpt lat="51.481455" lon="-0.469751"><ele>25.75</ele></trkpt>
      <trkpt lat="51.481578" lon="-0.471638"><ele>25.25</ele></trkpt>
      <trkpt lat="51.48159" lon="-0.471992"><ele>25</ele></trkpt>
      <trkpt lat="51.481594" lon="-0.472381"><ele>25</ele></trkpt>
      <trkpt lat="51.481565" lon="-0.474635"><ele>25</ele></trkpt>
      <trkpt lat="51.481563" lon="-0.47484"><ele>25</ele></trkpt>
      <trkpt lat="51.481611" lon="-0.475422"><ele>24.75</ele></trkpt>
      <trkpt lat="51.481613" lon="-0.475508"><ele>24.75</ele></trkpt>
      <trkpt lat="51.4816" lon="-0.475766"><ele>24.75</ele></trkpt>
      <trkpt lat="51.481596" lon="-0.476048"><ele>24.5</ele></trkpt>
      <trkpt lat="51.481605" lon="-0.476416"><ele>24.75</ele></trkpt>
      <trkpt lat="51.481669" lon="-0.477805"><ele>25</ele></trkpt>
      <trkpt lat="51.481686" lon="-0.478448"><ele>25</ele></trkpt>
      <trkpt lat="51.481698" lon="-0.479207"><ele>25</ele></trkpt>
      <trkpt lat="51.481753" lon="-0.47942"><ele>25</ele></trkpt>
      <trkpt lat="51.481768" lon="-0.479463"><ele>25</ele></trkpt>
      <trkpt lat="51.481748" lon="-0.479517"><ele>25</ele></trkpt>
      <trkpt lat="51.481732" lon="-0.479669"><ele>25</ele></trkpt>
      <trkpt lat="51.481677" lon="-0.480207"><ele>24</ele></trkpt>
      <trkpt lat="51.481586" lon="-0.48118"><ele>24.25</ele></trkpt>
      <trkpt lat="51.481497" lon="-0.482013"><ele>24.5</ele></trkpt>
      <trkpt lat="51.481463" lon="-0.482482"><ele>24</ele></trkpt>
      <trkpt lat="51.481457" lon="-0.482586"><ele>24</ele></trkpt>
      <trkpt lat="51.481456" lon="-0.482722"><ele>24</ele></trkpt>
      <trkpt lat="51.481457" lon="-0.482904"><ele>24</ele></trkpt>
      <trkpt lat="51.481279" lon="-0.482938"><ele>23.5</ele></trkpt>
      <trkpt lat="51.481292" lon="-0.483188"><ele>23.5</ele></trkpt>
      <trkpt lat="51.481337" lon="-0.484024"><ele>23.75</ele></trkpt>
      <trkpt lat="51.481321" lon="-0.484093"><ele>23.75</ele></trkpt>
      <trkpt lat="51.4813" lon="-0.484127"><ele>23.5</ele></trkpt>
      <trkpt lat="51.481267" lon="-0.484156"><ele>23.5</ele></trkpt>
      <trkpt lat="51.480905" lon="-0.484224"><ele>23</ele></trkpt>
      <trkpt lat="51.480889" lon="-0.484249"><ele>23</ele></trkpt>
      <trkpt lat="51.480919" lon="-0.484795"><ele>23.25</ele></trkpt>
      <trkpt lat="51.480905" lon="-0.484858"><ele>23.5</ele></trkpt>
      <trkpt lat="51.480827" lon="-0.484924"><ele>23.5</ele></trkpt>
      <trkpt lat="51.480253" lon="-0.485012"><ele>23</ele></trkpt>
      <trkpt lat="51.48017" lon="-0.485035"><ele>23</ele></trkpt>
      <trkpt lat="51.480177" lon="-0.485107"><ele>23.25</ele></trkpt>
      <trkpt lat="51.480182" lon="-0.485162"><ele>23.5</ele></trkpt>
      <trkpt lat="51.480191" lon="-0.485159"><ele>23.5</ele></trkpt>
      <trkpt lat="51.480198" lon="-0.48525"><ele>23.75</ele></trkpt>
      <trkpt lat="51.480181" lon="-0.485253"><ele>23.75</ele></trkpt>
      <trkpt lat="51.480179" lon="-0.485304"><ele>24</ele></trkpt>
      <trkpt lat="51.480181" lon="-0.485348"><ele>24</ele></trkpt>
      <trkpt lat="51.480161" lon="-0.486004"><ele>24</ele></trkpt>
      <trkpt lat="51.480056" lon="-0.485995"><ele>24</ele></trkpt>
      <trkpt lat="51.480026" lon="-0.485993"><ele>24</ele></trkpt>
      <trkpt lat="51.480012" lon="-0.486474"><ele>24</ele></trkpt>
      <trkpt lat="51.479895" lon="-0.486465"><ele>24</ele></trkpt>
      <trkpt lat="51.479882" lon="-0.486876"><ele>24</ele></trkpt>
      <trkpt lat="51.479881" lon="-0.486924"><ele>24</ele></trkpt>
      <trkpt lat="51.479852" lon="-0.487828"><ele>24</ele></trkpt>
      <trkpt lat="51.479831" lon="-0.488508"><ele>24</ele></trkpt>
      <trkpt lat="51.479802" lon="-0.488659"><ele>24</ele></trkpt>
      <trkpt lat="51.479708" lon="-0.488651"><ele>24</ele></trkpt>
      <trkpt lat="51.479574" lon="-0.48864"><ele>24</ele></trkpt>
      <trkpt lat="51.479464" lon="-0.488637"><ele>24</ele></trkpt>
      <trkpt lat="51.479233" lon="-0.488667"><ele>23</ele></trkpt>
      <trkpt lat="51.47916" lon="-0.488831"><ele>23</ele></trkpt>
      <trkpt lat="51.479117" lon="-0.488998"><ele>23</ele></trkpt>
      <trkpt lat="51.479105" lon="-0.489101"><ele>23</ele></trkpt>
      <trkpt lat="51.478988" lon="-0.490061"><ele>22.75</ele></trkpt>
      <trkpt lat="51.478823" lon="-0.491514"><ele>23</ele></trkpt>
      <trkpt lat="51.478674" lon="-0.492738"><ele>23</ele></trkpt>
      <trkpt lat="51.478643" lon="-0.493039"><ele>23</ele></trkpt>
      <trkpt lat="51.47858" lon="-0.493365"><ele>22.75</ele></trkpt>
      <trkpt lat="51.478542" lon="-0.493526"><ele>22.75</ele></trkpt>
      <trkpt lat="51.47851" lon="-0.493623"><ele>22.5</ele></trkpt>
      <trkpt lat="51.478497" lon="-0.493662"><ele>22.5</ele></trkpt>
      <trkpt lat="51.47846" lon="-0.493628"><ele>22.25</ele></trkpt>
      <trkpt lat="51.478426" lon="-0.493601"><ele>22.25</ele></trkpt>
      <trkpt lat="51.478395" lon="-0.493575"><ele>22.25</ele></trkpt>
      <trkpt lat="51.478358" lon="-0.493539"><ele>22.25</ele></trkpt>
      <trkpt lat="51.478322" lon="-0.493505"><ele>22.25</ele></trkpt>
      <trkpt lat="51.478313" lon="-0.493495"><ele>22.25</ele></trkpt>
      <trkpt lat="51.478169" lon="-0.493804"><ele>22.75</ele></trkpt>
      <trkpt lat="51.478056" lon="-0.493973"><ele>23</ele></trkpt>
      <trkpt lat="51.477922" lon="-0.494125"><ele>22.5</ele></trkpt>
      <trkpt lat="51.477745" lon="-0.494259"><ele>22.25</ele></trkpt>
      <trkpt lat="51.477518" lon="-0.494387"><ele>22</ele></trkpt>
      <trkpt lat="51.477311" lon="-0.494469"><ele>22</ele></trkpt>
      <trkpt lat="51.476573" lon="-0.494624"><ele>21.25</ele></trkpt>
      <trkpt lat="51.476441" lon="-0.494635"><ele>21.25</ele></trkpt>
      <trkpt lat="51.476402" lon="-0.494635"><ele>21.25</ele></trkpt>
      <trkpt lat="51.47636" lon="-0.494638"><ele>21.25</ele></trkpt>
      <trkpt lat="51.476309" lon="-0.494642"><ele>21.5</ele></trkpt>
      <trkpt lat="51.476309" lon="-0.494656"><ele>21.5</ele></trkpt>
      <trkpt lat="51.476312" lon="-0.4947"><ele>21.25</ele></trkpt>
      <trkpt lat="51.476315" lon="-0.494743"><ele>21.25</ele></trkpt>
      <trkpt lat="51.476321" lon="-0.49483"><ele>21.75</ele></trkpt>
      <trkpt lat="51.476015" lon="-0.494882"><ele>22.25</ele></trkpt>
      <trkpt lat="51.475743" lon="-0.494893"><ele>23.5</ele></trkpt>
      <trkpt lat="51.475429" lon="-0.494844"><ele>25.5</ele></trkpt>
      <trkpt lat="51.475213" lon="-0.494795"><ele>27</ele></trkpt>
      <trkpt lat="51.47422" lon="-0.494384"><ele>25.5</ele></trkpt>
      <trkpt lat="51.474046" lon="-0.494304"><ele>24.75</ele></trkpt>
      <trkpt lat="51.474031" lon="-0.494286"><ele>24.75</ele></trkpt>
      <trkpt lat="51.47402" lon="-0.494251"><ele>25</ele></trkpt>
      <trkpt lat="51.473976" lon="-0.494236"><ele>24.25</ele></trkpt>
      <trkpt lat="51.473904" lon="-0.494203"><ele>22.5</ele></trkpt>
      <trkpt lat="51.473892" lon="-0.494201"><ele>22.25</ele></trkpt>
      <trkpt lat="51.473771" lon="-0.494184"><ele>22</ele></trkpt>
      <trkpt lat="51.473442" lon="-0.493943"><ele>23.25</ele></trkpt>
      <trkpt lat="51.473299" lon="-0.493809"><ele>22.75</ele></trkpt>
      <trkpt lat="51.472901" lon="-0.493357"><ele>22.75</ele></trkpt>
      <trkpt lat="51.472363" lon="-0.492674"><ele>23.25</ele></trkpt>
      <trkpt lat="51.472109" lon="-0.492384"><ele>22.75</ele></trkpt>
      <trkpt lat="51.471922" lon="-0.492183"><ele>22.5</ele></trkpt>
      <trkpt lat="51.471423" lon="-0.491778"><ele>23.25</ele></trkpt>
      <trkpt lat="51.47116" lon="-0.491592"><ele>23</ele></trkpt>
      <trkpt lat="51.470853" lon="-0.491413"><ele>23</ele></trkpt>
      <trkpt lat="51.47006" lon="-0.491055"><ele>23.5</ele></trkpt>
      <trkpt lat="51.469797" lon="-0.490973"><ele>23.75</ele></trkpt>
      <trkpt lat="51.469589" lon="-0.490954"><ele>23.5</ele></trkpt>
      <trkpt lat="51.469535" lon="-0.490931"><ele>23.25</ele></trkpt>
      <trkpt lat="51.469488" lon="-0.490923"><ele>23</ele></trkpt>
      <trkpt lat="51.469494" lon="-0.490812"><ele>23.25</ele></trkpt>
      <trkpt lat="51.469476" lon="-0.490638"><ele>23</ele></trkpt>
      <trkpt lat="51.469529" lon="-0.490499"><ele>23.25</ele></trkpt>
      <trkpt lat="51.469578" lon="-0.490412"><ele>23.25</ele></trkpt>
      <trkpt lat="51.469599" lon="-0.490387"><ele>23.5</ele></trkpt>
      <trkpt lat="51.469649" lon="-0.490325"><ele>23.5</ele></trkpt>
      <trkpt lat="51.469712" lon="-0.490264"><ele>23.75</ele></trkpt>
      <trkpt lat="51.469775" lon="-0.490219"><ele>24</ele></trkpt>
      <trkpt lat="51.469937" lon="-0.490104"><ele>24</ele></trkpt>
      <trkpt lat="51.46993" lon="-0.490206"><ele>24</ele></trkpt>
      <trkpt lat="51.469942" lon="-0.490293"><ele>24</ele></trkpt>
      <trkpt lat="51.46997" lon="-0.49042"><ele>24</ele></trkpt>
      <trkpt lat="51.470015" lon="-0.490534"><ele>24</ele></trkpt>
      <trkpt lat="51.47005" lon="-0.490533"><ele>23.75</ele></trkpt>
    </trkseg>
  </trk>
</gpx>
