<?xml version="1.0" encoding="UTF-8"?>
<gpx version="1.1" creator="TubeRun route generator" xmlns="http://www.topografix.com/GPX/1/1">
  <metadata>
    <name>Southern — TubeRun</name>
    <desc>Above-ground running route tracing the Southern line, station to station. Routed on pavements and footways from OpenStreetMap data (BRouter, shortest).</desc>
    <author><name>TubeRun</name></author>
    <copyright author="OpenStreetMap contributors"><license>https://opendatacommons.org/licenses/odbl/1-0/</license></copyright>
    <link href="https://www.openstreetmap.org/copyright"><text>© OpenStreetMap contributors</text></link>
    <time>2026-07-14T12:17:58.116Z</time>
  </metadata>
  <wpt lat="51.49526" lon="-0.14456"><name>London Victoria</name></wpt>
  <wpt lat="51.47696" lon="-0.14753"><name>Battersea Park</name></wpt>
  <wpt lat="51.46419" lon="-0.17029"><name>Clapham Junction</name></wpt>
  <wpt lat="51.44619" lon="-0.16339"><name>Wandsworth Common</name></wpt>
  <wpt lat="51.44323" lon="-0.15242"><name>Balham</name></wpt>
  <wpt lat="51.41873" lon="-0.13601"><name>Streatham Common</name></wpt>
  <wpt lat="51.41145" lon="-0.12193"><name>Norbury</name></wpt>
  <wpt lat="51.39878" lon="-0.10031"><name>Thornton Heath</name></wpt>
  <wpt lat="51.39193" lon="-0.0883"><name>Selhurst</name></wpt>
  <wpt lat="51.37545" lon="-0.09278"><name>East Croydon</name></wpt>
  <wpt lat="51.36297" lon="-0.09346"><name>South Croydon</name></wpt>
  <wpt lat="51.34705" lon="-0.09886"><name>Purley Oaks</name></wpt>
  <wpt lat="51.33758" lon="-0.11403"><name>Purley</name></wpt>
  <wpt lat="51.31584" lon="-0.13789"><name>Coulsdon South</name></wpt>
  <wpt lat="51.26415" lon="-0.15023"><name>Merstham</name></wpt>
  <wpt lat="51.2402" lon="-0.1659"><name>Redhill</name></wpt>
  <wpt lat="51.22681" lon="-0.13253"><name>Nutfield</name></wpt>
  <wpt lat="51.21816" lon="-0.05008"><name>Godstone</name></wpt>
  <wpt lat="51.20844" lon="0.06065"><name>Edenbridge</name></wpt>
  <wpt lat="51.19734" lon="0.17347"><name>Penshurst</name></wpt>
  <wpt lat="51.1939" lon="0.2105"><name>Leigh (Kent)</name></wpt>
  <wpt lat="51.19141" lon="0.27097"><name>Tonbridge</name></wpt>
  <trk>
    <name>Southern — TubeRun</name>
    <trkseg>
      <trkpt lat="51.49523" lon="-0.144451"><ele>4.25</ele></trkpt>
      <trkpt lat="51.495095" lon="-0.144542"><ele>4.75</ele></trkpt>
      <trkpt lat="51.495158" lon="-0.144788"><ele>5.75</ele></trkpt>
      <trkpt lat="51.495077" lon="-0.144843"><ele>6.25</ele></trkpt>
      <trkpt lat="51.494946" lon="-0.144936"><ele>7.25</ele></trkpt>
      <trkpt lat="51.494682" lon="-0.145121"><ele>8.5</ele></trkpt>
      <trkpt lat="51.494489" lon="-0.145859"><ele>6.75</ele></trkpt>
      <trkpt lat="51.494276" lon="-0.146014"><ele>7</ele></trkpt>
      <trkpt lat="51.494164" lon="-0.146096"><ele>7</ele></trkpt>
      <trkpt lat="51.494054" lon="-0.146171"><ele>7.25</ele></trkpt>
      <trkpt lat="51.49404" lon="-0.146183"><ele>7.25</ele></trkpt>
      <trkpt lat="51.494124" lon="-0.146442"><ele>7</ele></trkpt>
      <trkpt lat="51.494099" lon="-0.146458"><ele>7</ele></trkpt>
      <trkpt lat="51.494057" lon="-0.14649"><ele>7.25</ele></trkpt>
      <trkpt lat="51.494015" lon="-0.146523"><ele>7.25</ele></trkpt>
      <trkpt lat="51.493994" lon="-0.146534"><ele>7.25</ele></trkpt>
      <trkpt lat="51.493965" lon="-0.146591"><ele>7</ele></trkpt>
      <trkpt lat="51.493311" lon="-0.147076"><ele>5</ele></trkpt>
      <trkpt lat="51.493229" lon="-0.14714"><ele>5.25</ele></trkpt>
      <trkpt lat="51.492654" lon="-0.147545"><ele>6.25</ele></trkpt>
      <trkpt lat="51.492579" lon="-0.147588"><ele>6.5</ele></trkpt>
      <trkpt lat="51.492542" lon="-0.14761"><ele>6.75</ele></trkpt>
      <trkpt lat="51.492528" lon="-0.147627"><ele>6.75</ele></trkpt>
      <trkpt lat="51.492493" lon="-0.147656"><ele>7</ele></trkpt>
      <trkpt lat="51.492459" lon="-0.147686"><ele>7</ele></trkpt>
      <trkpt lat="51.492429" lon="-0.147713"><ele>7.25</ele></trkpt>
      <trkpt lat="51.492361" lon="-0.147776"><ele>7.5</ele></trkpt>
      <trkpt lat="51.491346" lon="-0.148869"><ele>4</ele></trkpt>
      <trkpt lat="51.491356" lon="-0.148893"><ele>4</ele></trkpt>
      <trkpt lat="51.49137" lon="-0.148922"><ele>4</ele></trkpt>
      <trkpt lat="51.491323" lon="-0.148976"><ele>4.25</ele></trkpt>
      <trkpt lat="51.491242" lon="-0.149188"><ele>4.5</ele></trkpt>
      <trkpt lat="51.491082" lon="-0.149382"><ele>4.75</ele></trkpt>
      <trkpt lat="51.490987" lon="-0.149496"><ele>4.75</ele></trkpt>
      <trkpt lat="51.490966" lon="-0.149606"><ele>4.5</ele></trkpt>
      <trkpt lat="51.490944" lon="-0.149632"><ele>4.5</ele></trkpt>
      <trkpt lat="51.49084" lon="-0.149755"><ele>4.75</ele></trkpt>
      <trkpt lat="51.490806" lon="-0.14979"><ele>5</ele></trkpt>
      <trkpt lat="51.490757" lon="-0.14984"><ele>5</ele></trkpt>
      <trkpt lat="51.4907" lon="-0.149908"><ele>5</ele></trkpt>
      <trkpt lat="51.490678" lon="-0.149935"><ele>5</ele></trkpt>
      <trkpt lat="51.490641" lon="-0.149973"><ele>5</ele></trkpt>
      <trkpt lat="51.490587" lon="-0.149966"><ele>5</ele></trkpt>
      <trkpt lat="51.490512" lon="-0.150036"><ele>4.5</ele></trkpt>
      <trkpt lat="51.490453" lon="-0.150068"><ele>4</ele></trkpt>
      <trkpt lat="51.490353" lon="-0.150095"><ele>3.75</ele></trkpt>
      <trkpt lat="51.490229" lon="-0.15012"><ele>4</ele></trkpt>
      <trkpt lat="51.489962" lon="-0.150154"><ele>4</ele></trkpt>
      <trkpt lat="51.489678" lon="-0.150197"><ele>4</ele></trkpt>
      <trkpt lat="51.489581" lon="-0.150211"><ele>4</ele></trkpt>
      <trkpt lat="51.48953" lon="-0.150211"><ele>4</ele></trkpt>
      <trkpt lat="51.489326" lon="-0.150243"><ele>4</ele></trkpt>
      <trkpt lat="51.489068" lon="-0.150332"><ele>4</ele></trkpt>
      <trkpt lat="51.488953" lon="-0.150394"><ele>4</ele></trkpt>
      <trkpt lat="51.488452" lon="-0.150715"><ele>4</ele></trkpt>
      <trkpt lat="51.48812" lon="-0.150953"><ele>4.25</ele></trkpt>
      <trkpt lat="51.487318" lon="-0.151553"><ele>5</ele></trkpt>
      <trkpt lat="51.487238" lon="-0.151607"><ele>5</ele></trkpt>
      <trkpt lat="51.487198" lon="-0.151637"><ele>5</ele></trkpt>
      <trkpt lat="51.487161" lon="-0.151667"><ele>5</ele></trkpt>
      <trkpt lat="51.487077" lon="-0.151745"><ele>5.5</ele></trkpt>
      <trkpt lat="51.48697" lon="-0.151576"><ele>5.5</ele></trkpt>
      <trkpt lat="51.486906" lon="-0.151471"><ele>5.25</ele></trkpt>
      <trkpt lat="51.486578" lon="-0.150941"><ele>6</ele></trkpt>
      <trkpt lat="51.486497" lon="-0.150822"><ele>6</ele></trkpt>
      <trkpt lat="51.486418" lon="-0.150709"><ele>7</ele></trkpt>
      <trkpt lat="51.486414" lon="-0.150703"><ele>7</ele></trkpt>
      <trkpt lat="51.486396" lon="-0.150677"><ele>7.25</ele></trkpt>
      <trkpt lat="51.486135" lon="-0.150299"><ele>8.75</ele></trkpt>
      <trkpt lat="51.486085" lon="-0.150321"><ele>9</ele></trkpt>
      <trkpt lat="51.486075" lon="-0.150321"><ele>9</ele></trkpt>
      <trkpt lat="51.486048" lon="-0.150293"><ele>9</ele></trkpt>
      <trkpt lat="51.48602" lon="-0.150264"><ele>8.75</ele></trkpt>
      <trkpt lat="51.485948" lon="-0.150208"><ele>8.75</ele></trkpt>
      <trkpt lat="51.485899" lon="-0.150171"><ele>9</ele></trkpt>
      <trkpt lat="51.485847" lon="-0.150141"><ele>9.25</ele></trkpt>
      <trkpt lat="51.485766" lon="-0.150108"><ele>9</ele></trkpt>
      <trkpt lat="51.485724" lon="-0.150096"><ele>9</ele></trkpt>
      <trkpt lat="51.485682" lon="-0.150086"><ele>8.75</ele></trkpt>
      <trkpt lat="51.485647" lon="-0.150079"><ele>8.5</ele></trkpt>
      <trkpt lat="51.485602" lon="-0.150067"><ele>8.25</ele></trkpt>
      <trkpt lat="51.48557" lon="-0.149993"><ele>8</ele></trkpt>
      <trkpt lat="51.485485" lon="-0.14998"><ele>8</ele></trkpt>
      <trkpt lat="51.485226" lon="-0.149929"><ele>8.25</ele></trkpt>
      <trkpt lat="51.484993" lon="-0.149886"><ele>8.25</ele></trkpt>
      <trkpt lat="51.483415" lon="-0.149575"><ele>9.75</ele></trkpt>
      <trkpt lat="51.483265" lon="-0.149551"><ele>9.75</ele></trkpt>
      <trkpt lat="51.483238" lon="-0.149545"><ele>9.5</ele></trkpt>
      <trkpt lat="51.483168" lon="-0.14953"><ele>9.25</ele></trkpt>
      <trkpt lat="51.483138" lon="-0.149523"><ele>9.25</ele></trkpt>
      <trkpt lat="51.483072" lon="-0.14951"><ele>9</ele></trkpt>
      <trkpt lat="51.483026" lon="-0.1495"><ele>9</ele></trkpt>
      <trkpt lat="51.482989" lon="-0.149491"><ele>9</ele></trkpt>
      <trkpt lat="51.482968" lon="-0.149486"><ele>9</ele></trkpt>
      <trkpt lat="51.482908" lon="-0.149473"><ele>9</ele></trkpt>
      <trkpt lat="51.482863" lon="-0.149463"><ele>9</ele></trkpt>
      <trkpt lat="51.482832" lon="-0.149455"><ele>9</ele></trkpt>
      <trkpt lat="51.482759" lon="-0.14944"><ele>8.75</ele></trkpt>
      <trkpt lat="51.482391" lon="-0.149383"><ele>7</ele></trkpt>
      <trkpt lat="51.48182" lon="-0.149267"><ele>7</ele></trkpt>
      <trkpt lat="51.481797" lon="-0.149262"><ele>7</ele></trkpt>
      <trkpt lat="51.481779" lon="-0.149258"><ele>7</ele></trkpt>
      <trkpt lat="51.48174" lon="-0.149251"><ele>7</ele></trkpt>
      <trkpt lat="51.481712" lon="-0.149245"><ele>7</ele></trkpt>
      <trkpt lat="51.481694" lon="-0.149242"><ele>7</ele></trkpt>
      <trkpt lat="51.481549" lon="-0.149211"><ele>6.5</ele></trkpt>
      <trkpt lat="51.481497" lon="-0.149201"><ele>6.25</ele></trkpt>
      <trkpt lat="51.481475" lon="-0.149196"><ele>6.25</ele></trkpt>
      <trkpt lat="51.481447" lon="-0.149191"><ele>6</ele></trkpt>
      <trkpt lat="51.481412" lon="-0.149184"><ele>6</ele></trkpt>
      <trkpt lat="51.481395" lon="-0.14918"><ele>6</ele></trkpt>
      <trkpt lat="51.481086" lon="-0.149117"><ele>5.75</ele></trkpt>
      <trkpt lat="51.480941" lon="-0.149087"><ele>5.75</ele></trkpt>
      <trkpt lat="51.480765" lon="-0.149051"><ele>5.5</ele></trkpt>
      <trkpt lat="51.480551" lon="-0.149011"><ele>5.25</ele></trkpt>
      <trkpt lat="51.480504" lon="-0.149001"><ele>5.25</ele></trkpt>
      <trkpt lat="51.480493" lon="-0.148999"><ele>5.25</ele></trkpt>
      <trkpt lat="51.479759" lon="-0.148865"><ele>4.75</ele></trkpt>
      <trkpt lat="51.479257" lon="-0.14878"><ele>4</ele></trkpt>
      <trkpt lat="51.479214" lon="-0.148773"><ele>4</ele></trkpt>
      <trkpt lat="51.479161" lon="-0.148763"><ele>4</ele></trkpt>
      <trkpt lat="51.478653" lon="-0.148671"><ele>4.25</ele></trkpt>
      <trkpt lat="51.478583" lon="-0.148658"><ele>4.25</ele></trkpt>
      <trkpt lat="51.478348" lon="-0.148616"><ele>4</ele></trkpt>
      <trkpt lat="51.478337" lon="-0.148614"><ele>4</ele></trkpt>
      <trkpt lat="51.47831" lon="-0.148609"><ele>4</ele></trkpt>
      <trkpt lat="51.478301" lon="-0.148607"><ele>4</ele></trkpt>
      <trkpt lat="51.478291" lon="-0.148605"><ele>4</ele></trkpt>
      <trkpt lat="51.478265" lon="-0.14864"><ele>4.25</ele></trkpt>
      <trkpt lat="51.478206" lon="-0.148687"><ele>4.25</ele></trkpt>
      <trkpt lat="51.478164" lon="-0.148721"><ele>4.5</ele></trkpt>
      <trkpt lat="51.4781" lon="-0.148773"><ele>4.25</ele></trkpt>
      <trkpt lat="51.478054" lon="-0.148838"><ele>4</ele></trkpt>
      <trkpt lat="51.478027" lon="-0.148864"><ele>4</ele></trkpt>
      <trkpt lat="51.477946" lon="-0.148904"><ele>4</ele></trkpt>
      <trkpt lat="51.477903" lon="-0.148906"><ele>4</ele></trkpt>
      <trkpt lat="51.477825" lon="-0.14888"><ele>4</ele></trkpt>
      <trkpt lat="51.477789" lon="-0.148851"><ele>4</ele></trkpt>
      <trkpt lat="51.477727" lon="-0.148768"><ele>4.25</ele></trkpt>
      <trkpt lat="51.477704" lon="-0.148716"><ele>4.25</ele></trkpt>
      <trkpt lat="51.477682" lon="-0.14864"><ele>4.5</ele></trkpt>
      <trkpt lat="51.477674" lon="-0.1486"><ele>4.5</ele></trkpt>
      <trkpt lat="51.477577" lon="-0.148543"><ele>4.25</ele></trkpt>
      <trkpt lat="51.477552" lon="-0.148518"><ele>4</ele></trkpt>
      <trkpt lat="51.477514" lon="-0.148456"><ele>4</ele></trkpt>
      <trkpt lat="51.477507" lon="-0.148455"><ele>4</ele></trkpt>
      <trkpt lat="51.477514" lon="-0.14834"><ele>4</ele></trkpt>
      <trkpt lat="51.477515" lon="-0.148327"><ele>4</ele></trkpt>
      <trkpt lat="51.476585" lon="-0.148168"><ele>3.5</ele></trkpt>
      <trkpt lat="51.476539" lon="-0.148156"><ele>3.5</ele></trkpt>
      <trkpt lat="51.47652" lon="-0.14813"><ele>3.5</ele></trkpt>
      <trkpt lat="51.47647" lon="-0.148015"><ele>3.75</ele></trkpt>
      <trkpt lat="51.476393" lon="-0.148232"><ele>3.75</ele></trkpt>
      <trkpt lat="51.4763" lon="-0.148429"><ele>4</ele></trkpt>
      <trkpt lat="51.476282" lon="-0.148472"><ele>4</ele></trkpt>
      <trkpt lat="51.476246" lon="-0.148558"><ele>4</ele></trkpt>
      <trkpt lat="51.47622" lon="-0.148623"><ele>4</ele></trkpt>
      <trkpt lat="51.476187" lon="-0.148708"><ele>4</ele></trkpt>
      <trkpt lat="51.476179" lon="-0.148729"><ele>4</ele></trkpt>
      <trkpt lat="51.476011" lon="-0.149147"><ele>4</ele></trkpt>
      <trkpt lat="51.475945" lon="-0.149337"><ele>4</ele></trkpt>
      <trkpt lat="51.475925" lon="-0.149392"><ele>4</ele></trkpt>
      <trkpt lat="51.475855" lon="-0.149594"><ele>4</ele></trkpt>
      <trkpt lat="51.475831" lon="-0.149672"><ele>4</ele></trkpt>
      <trkpt lat="51.475579" lon="-0.150494"><ele>4</ele></trkpt>
      <trkpt lat="51.475491" lon="-0.150782"><ele>4</ele></trkpt>
      <trkpt lat="51.475376" lon="-0.151128"><ele>5</ele></trkpt>
      <trkpt lat="51.475302" lon="-0.151352"><ele>5</ele></trkpt>
      <trkpt lat="51.475283" lon="-0.151416"><ele>5</ele></trkpt>
      <trkpt lat="51.475259" lon="-0.151484"><ele>4.75</ele></trkpt>
      <trkpt lat="51.475263" lon="-0.151528"><ele>4.75</ele></trkpt>
      <trkpt lat="51.475256" lon="-0.151583"><ele>4.75</ele></trkpt>
      <trkpt lat="51.475189" lon="-0.151816"><ele>4.5</ele></trkpt>
      <trkpt lat="51.475169" lon="-0.151887"><ele>4.5</ele></trkpt>
      <trkpt lat="51.475147" lon="-0.151952"><ele>4.5</ele></trkpt>
      <trkpt lat="51.475108" lon="-0.151975"><ele>4.25</ele></trkpt>
      <trkpt lat="51.475081" lon="-0.152088"><ele>4.25</ele></trkpt>
      <trkpt lat="51.474981" lon="-0.15252"><ele>4</ele></trkpt>
      <trkpt lat="51.474902" lon="-0.152939"><ele>4.25</ele></trkpt>
      <trkpt lat="51.474881" lon="-0.153047"><ele>4.5</ele></trkpt>
      <trkpt lat="51.474828" lon="-0.153322"><ele>4.25</ele></trkpt>
      <trkpt lat="51.474801" lon="-0.153463"><ele>4</ele></trkpt>
      <trkpt lat="51.474785" lon="-0.153557"><ele>4</ele></trkpt>
      <trkpt lat="51.474707" lon="-0.154001"><ele>4</ele></trkpt>
      <trkpt lat="51.474698" lon="-0.154053"><ele>4</ele></trkpt>
      <trkpt lat="51.474689" lon="-0.154102"><ele>4</ele></trkpt>
      <trkpt lat="51.474632" lon="-0.1544"><ele>4</ele></trkpt>
      <trkpt lat="51.474546" lon="-0.154861"><ele>3.75</ele></trkpt>
      <trkpt lat="51.47444" lon="-0.155462"><ele>4</ele></trkpt>
      <trkpt lat="51.474398" lon="-0.155746"><ele>4</ele></trkpt>
      <trkpt lat="51.474391" lon="-0.155802"><ele>4</ele></trkpt>
      <trkpt lat="51.474363" lon="-0.155992"><ele>4</ele></trkpt>
      <trkpt lat="51.474354" lon="-0.156052"><ele>4</ele></trkpt>
      <trkpt lat="51.474345" lon="-0.156112"><ele>4</ele></trkpt>
      <trkpt lat="51.474317" lon="-0.156303"><ele>4</ele></trkpt>
      <trkpt lat="51.474235" lon="-0.156944"><ele>4</ele></trkpt>
      <trkpt lat="51.474165" lon="-0.157476"><ele>4</ele></trkpt>
      <trkpt lat="51.474071" lon="-0.158053"><ele>4</ele></trkpt>
      <trkpt lat="51.474041" lon="-0.15824"><ele>4</ele></trkpt>
      <trkpt lat="51.474032" lon="-0.1583"><ele>4</ele></trkpt>
      <trkpt lat="51.473973" lon="-0.158594"><ele>4</ele></trkpt>
      <trkpt lat="51.473818" lon="-0.159445"><ele>4</ele></trkpt>
      <trkpt lat="51.473749" lon="-0.159744"><ele>4</ele></trkpt>
      <trkpt lat="51.473738" lon="-0.159809"><ele>4</ele></trkpt>
      <trkpt lat="51.473726" lon="-0.159871"><ele>4</ele></trkpt>
      <trkpt lat="51.473674" lon="-0.160108"><ele>4</ele></trkpt>
      <trkpt lat="51.473622" lon="-0.160296"><ele>4</ele></trkpt>
      <trkpt lat="51.47351" lon="-0.160617"><ele>4</ele></trkpt>
      <trkpt lat="51.473453" lon="-0.160774"><ele>4</ele></trkpt>
      <trkpt lat="51.473352" lon="-0.161069"><ele>4</ele></trkpt>
      <trkpt lat="51.473204" lon="-0.161498"><ele>4</ele></trkpt>
      <trkpt lat="51.473002" lon="-0.162017"><ele>4</ele></trkpt>
      <trkpt lat="51.472884" lon="-0.162368"><ele>3.75</ele></trkpt>
      <trkpt lat="51.472862" lon="-0.162429"><ele>4</ele></trkpt>
      <trkpt lat="51.47285" lon="-0.16247"><ele>4</ele></trkpt>
      <trkpt lat="51.472825" lon="-0.16256"><ele>4</ele></trkpt>
      <trkpt lat="51.472799" lon="-0.162653"><ele>4</ele></trkpt>
      <trkpt lat="51.472761" lon="-0.162788"><ele>3.75</ele></trkpt>
      <trkpt lat="51.472744" lon="-0.162855"><ele>3.75</ele></trkpt>
      <trkpt lat="51.472549" lon="-0.163707"><ele>3</ele></trkpt>
      <trkpt lat="51.472338" lon="-0.164673"><ele>3.5</ele></trkpt>
      <trkpt lat="51.472312" lon="-0.164792"><ele>3.25</ele></trkpt>
      <trkpt lat="51.472263" lon="-0.164763"><ele>3.25</ele></trkpt>
      <trkpt lat="51.472249" lon="-0.164755"><ele>3</ele></trkpt>
      <trkpt lat="51.472233" lon="-0.164828"><ele>3.25</ele></trkpt>
      <trkpt lat="51.472154" lon="-0.165194"><ele>3.75</ele></trkpt>
      <trkpt lat="51.472119" lon="-0.165224"><ele>3.5</ele></trkpt>
      <trkpt lat="51.47184" lon="-0.165071"><ele>2.75</ele></trkpt>
      <trkpt lat="51.471701" lon="-0.164979"><ele>3</ele></trkpt>
      <trkpt lat="51.471335" lon="-0.164775"><ele>3.5</ele></trkpt>
      <trkpt lat="51.471246" lon="-0.164709"><ele>3.25</ele></trkpt>
      <trkpt lat="51.471221" lon="-0.164676"><ele>3.25</ele></trkpt>
      <trkpt lat="51.471178" lon="-0.164647"><ele>3</ele></trkpt>
      <trkpt lat="51.471148" lon="-0.164632"><ele>3</ele></trkpt>
      <trkpt lat="51.471138" lon="-0.164627"><ele>3</ele></trkpt>
      <trkpt lat="51.470965" lon="-0.164544"><ele>2.25</ele></trkpt>
      <trkpt lat="51.470959" lon="-0.16457"><ele>2.25</ele></trkpt>
      <trkpt lat="51.470946" lon="-0.164639"><ele>2.25</ele></trkpt>
      <trkpt lat="51.470938" lon="-0.164681"><ele>2.25</ele></trkpt>
      <trkpt lat="51.470933" lon="-0.1647"><ele>2.25</ele></trkpt>
      <trkpt lat="51.470862" lon="-0.164665"><ele>2</ele></trkpt>
      <trkpt lat="51.470841" lon="-0.164655"><ele>2</ele></trkpt>
      <trkpt lat="51.470678" lon="-0.165246"><ele>3.5</ele></trkpt>
      <trkpt lat="51.470654" lon="-0.165268"><ele>3.5</ele></trkpt>
      <trkpt lat="51.470257" lon="-0.165514"><ele>4</ele></trkpt>
      <trkpt lat="51.470258" lon="-0.165529"><ele>4</ele></trkpt>
      <trkpt lat="51.470232" lon="-0.165549"><ele>3.75</ele></trkpt>
      <trkpt lat="51.470224" lon="-0.165575"><ele>3.5</ele></trkpt>
      <trkpt lat="51.470168" lon="-0.165872"><ele>3</ele></trkpt>
      <trkpt lat="51.470149" lon="-0.165958"><ele>3</ele></trkpt>
      <trkpt lat="51.47012" lon="-0.166047"><ele>3</ele></trkpt>
      <trkpt lat="51.470067" lon="-0.166156"><ele>3</ele></trkpt>
      <trkpt lat="51.470063" lon="-0.166165"><ele>3.25</ele></trkpt>
      <trkpt lat="51.470016" lon="-0.166299"><ele>3.75</ele></trkpt>
      <trkpt lat="51.469987" lon="-0.166436"><ele>3.75</ele></trkpt>
      <trkpt lat="51.469935" lon="-0.166397"><ele>3.75</ele></trkpt>
      <trkpt lat="51.469608" lon="-0.166112"><ele>4.25</ele></trkpt>
      <trkpt lat="51.469302" lon="-0.165907"><ele>3.75</ele></trkpt>
      <trkpt lat="51.469269" lon="-0.165893"><ele>3.75</ele></trkpt>
      <trkpt lat="51.469224" lon="-0.165902"><ele>3.75</ele></trkpt>
      <trkpt lat="51.468839" lon="-0.165923"><ele>4.5</ele></trkpt>
      <trkpt lat="51.468671" lon="-0.165916"><ele>4</ele></trkpt>
      <trkpt lat="51.468626" lon="-0.165934"><ele>4</ele></trkpt>
      <trkpt lat="51.468495" lon="-0.166248"><ele>3.5</ele></trkpt>
      <trkpt lat="51.468486" lon="-0.166319"><ele>3.5</ele></trkpt>
      <trkpt lat="51.468422" lon="-0.166557"><ele>3.25</ele></trkpt>
      <trkpt lat="51.468389" lon="-0.16662"><ele>3</ele></trkpt>
      <trkpt lat="51.46833" lon="-0.166694"><ele>3</ele></trkpt>
      <trkpt lat="51.468391" lon="-0.166831"><ele>3</ele></trkpt>
      <trkpt lat="51.468446" lon="-0.166881"><ele>3</ele></trkpt>
      <trkpt lat="51.46843" lon="-0.166904"><ele>3</ele></trkpt>
      <trkpt lat="51.46835" lon="-0.16703"><ele>3</ele></trkpt>
      <trkpt lat="51.468166" lon="-0.167316"><ele>3</ele></trkpt>
      <trkpt lat="51.468134" lon="-0.167365"><ele>3</ele></trkpt>
      <trkpt lat="51.468034" lon="-0.16752"><ele>3</ele></trkpt>
      <trkpt lat="51.46786" lon="-0.16779"><ele>3</ele></trkpt>
      <trkpt lat="51.467824" lon="-0.167846"><ele>3</ele></trkpt>
      <trkpt lat="51.467815" lon="-0.16786"><ele>3</ele></trkpt>
      <trkpt lat="51.467738" lon="-0.167983"><ele>2.75</ele></trkpt>
      <trkpt lat="51.467507" lon="-0.168345"><ele>2</ele></trkpt>
      <trkpt lat="51.467129" lon="-0.168915"><ele>2</ele></trkpt>
      <trkpt lat="51.467104" lon="-0.168955"><ele>2</ele></trkpt>
      <trkpt lat="51.466951" lon="-0.169196"><ele>2</ele></trkpt>
      <trkpt lat="51.46677" lon="-0.169495"><ele>2.5</ele></trkpt>
      <trkpt lat="51.466709" lon="-0.169607"><ele>2.75</ele></trkpt>
      <trkpt lat="51.466688" lon="-0.169662"><ele>2.75</ele></trkpt>
      <trkpt lat="51.466669" lon="-0.169718"><ele>2.75</ele></trkpt>
      <trkpt lat="51.466532" lon="-0.169638"><ele>3</ele></trkpt>
      <trkpt lat="51.466495" lon="-0.169616"><ele>3</ele></trkpt>
      <trkpt lat="51.466461" lon="-0.169597"><ele>3</ele></trkpt>
      <trkpt lat="51.466369" lon="-0.169528"><ele>3</ele></trkpt>
      <trkpt lat="51.466353" lon="-0.169514"><ele>3</ele></trkpt>
      <trkpt lat="51.466311" lon="-0.169654"><ele>3</ele></trkpt>
      <trkpt lat="51.466222" lon="-0.169581"><ele>3.25</ele></trkpt>
      <trkpt lat="51.466146" lon="-0.169806"><ele>3.75</ele></trkpt>
      <trkpt lat="51.466113" lon="-0.169875"><ele>3.75</ele></trkpt>
      <trkpt lat="51.466087" lon="-0.169901"><ele>3.75</ele></trkpt>
      <trkpt lat="51.466005" lon="-0.170083"><ele>3.5</ele></trkpt>
      <trkpt lat="51.465989" lon="-0.170113"><ele>3.5</ele></trkpt>
      <trkpt lat="51.465969" lon="-0.170149"><ele>3.5</ele></trkpt>
      <trkpt lat="51.465929" lon="-0.170178"><ele>3.5</ele></trkpt>
      <trkpt lat="51.465826" lon="-0.170347"><ele>3.75</ele></trkpt>
      <trkpt lat="51.465744" lon="-0.170438"><ele>3.5</ele></trkpt>
      <trkpt lat="51.465558" lon="-0.170558"><ele>3</ele></trkpt>
      <trkpt lat="51.465549" lon="-0.170563"><ele>3</ele></trkpt>
      <trkpt lat="51.465508" lon="-0.170596"><ele>3.25</ele></trkpt>
      <trkpt lat="51.465499" lon="-0.17059"><ele>3.5</ele></trkpt>
      <trkpt lat="51.465462" lon="-0.170568"><ele>3.75</ele></trkpt>
      <trkpt lat="51.465433" lon="-0.170549"><ele>4.25</ele></trkpt>
      <trkpt lat="51.465415" lon="-0.170538"><ele>4.5</ele></trkpt>
      <trkpt lat="51.465288" lon="-0.170787"><ele>5</ele></trkpt>
      <trkpt lat="51.465273" lon="-0.170846"><ele>5</ele></trkpt>
      <trkpt lat="51.465248" lon="-0.17083"><ele>5</ele></trkpt>
      <trkpt lat="51.465179" lon="-0.17079"><ele>5.5</ele></trkpt>
      <trkpt lat="51.465157" lon="-0.170775"><ele>5.75</ele></trkpt>
      <trkpt lat="51.46513" lon="-0.170758"><ele>5.75</ele></trkpt>
      <trkpt lat="51.465061" lon="-0.170712"><ele>6.25</ele></trkpt>
      <trkpt lat="51.464936" lon="-0.170631"><ele>7.25</ele></trkpt>
      <trkpt lat="51.464513" lon="-0.170366"><ele>10.25</ele></trkpt>
      <trkpt lat="51.464439" lon="-0.170226"><ele>11</ele></trkpt>
      <trkpt lat="51.464319" lon="-0.170009"><ele>11</ele></trkpt>
      <trkpt lat="51.464268" lon="-0.170099"><ele>11</ele></trkpt>
      <trkpt lat="51.464278" lon="-0.170131"><ele>11</ele></trkpt>
      <trkpt lat="51.464268" lon="-0.170099"><ele>11</ele></trkpt>
      <trkpt lat="51.464319" lon="-0.170009"><ele>11</ele></trkpt>
      <trkpt lat="51.464208" lon="-0.169806"><ele>11</ele></trkpt>
      <trkpt lat="51.464101" lon="-0.169594"><ele>9.75</ele></trkpt>
      <trkpt lat="51.464018" lon="-0.169412"><ele>8.5</ele></trkpt>
      <trkpt lat="51.463942" lon="-0.169314"><ele>8</ele></trkpt>
      <trkpt lat="51.463806" lon="-0.169211"><ele>8</ele></trkpt>
      <trkpt lat="51.46348" lon="-0.168963"><ele>7.5</ele></trkpt>
      <trkpt lat="51.463462" lon="-0.168949"><ele>7.5</ele></trkpt>
      <trkpt lat="51.463428" lon="-0.16906"><ele>7.75</ele></trkpt>
      <trkpt lat="51.463407" lon="-0.169045"><ele>7.75</ele></trkpt>
      <trkpt lat="51.463361" lon="-0.169012"><ele>7.75</ele></trkpt>
      <trkpt lat="51.463344" lon="-0.169075"><ele>7.75</ele></trkpt>
      <trkpt lat="51.463309" lon="-0.169196"><ele>8</ele></trkpt>
      <trkpt lat="51.463247" lon="-0.16915"><ele>8.25</ele></trkpt>
      <trkpt lat="51.462701" lon="-0.168787"><ele>8.5</ele></trkpt>
      <trkpt lat="51.462352" lon="-0.168553"><ele>8.5</ele></trkpt>
      <trkpt lat="51.462302" lon="-0.168521"><ele>8</ele></trkpt>
      <trkpt lat="51.46219" lon="-0.168951"><ele>10</ele></trkpt>
      <trkpt lat="51.462039" lon="-0.169624"><ele>12.5</ele></trkpt>
      <trkpt lat="51.462015" lon="-0.16973"><ele>13</ele></trkpt>
      <trkpt lat="51.461894" lon="-0.170303"><ele>14</ele></trkpt>
      <trkpt lat="51.461385" lon="-0.170593"><ele>14</ele></trkpt>
      <trkpt lat="51.461239" lon="-0.170667"><ele>14.25</ele></trkpt>
      <trkpt lat="51.461194" lon="-0.170664"><ele>14.25</ele></trkpt>
      <trkpt lat="51.461152" lon="-0.170662"><ele>14.25</ele></trkpt>
      <trkpt lat="51.461123" lon="-0.170732"><ele>14.5</ele></trkpt>
      <trkpt lat="51.460932" lon="-0.17084"><ele>15</ele></trkpt>
      <trkpt lat="51.460886" lon="-0.170865"><ele>15</ele></trkpt>
      <trkpt lat="51.461016" lon="-0.171556"><ele>16.75</ele></trkpt>
      <trkpt lat="51.461022" lon="-0.17162"><ele>16.75</ele></trkpt>
      <trkpt lat="51.461019" lon="-0.171698"><ele>17</ele></trkpt>
      <trkpt lat="51.461001" lon="-0.171741"><ele>17</ele></trkpt>
      <trkpt lat="51.460972" lon="-0.171715"><ele>17</ele></trkpt>
      <trkpt lat="51.460854" lon="-0.171642"><ele>16.75</ele></trkpt>
      <trkpt lat="51.460149" lon="-0.171327"><ele>17.25</ele></trkpt>
      <trkpt lat="51.460072" lon="-0.17129"><ele>17.5</ele></trkpt>
      <trkpt lat="51.460031" lon="-0.171272"><ele>17.75</ele></trkpt>
      <trkpt lat="51.459953" lon="-0.17124"><ele>18</ele></trkpt>
      <trkpt lat="51.459894" lon="-0.171214"><ele>18</ele></trkpt>
      <trkpt lat="51.459823" lon="-0.171194"><ele>18</ele></trkpt>
      <trkpt lat="51.459794" lon="-0.171179"><ele>18</ele></trkpt>
      <trkpt lat="51.459767" lon="-0.171166"><ele>18</ele></trkpt>
      <trkpt lat="51.459725" lon="-0.171145"><ele>18</ele></trkpt>
      <trkpt lat="51.459555" lon="-0.171056"><ele>18.25</ele></trkpt>
      <trkpt lat="51.459317" lon="-0.170943"><ele>18.5</ele></trkpt>
      <trkpt lat="51.458167" lon="-0.170394"><ele>19</ele></trkpt>
      <trkpt lat="51.457931" lon="-0.170302"><ele>19</ele></trkpt>
      <trkpt lat="51.457822" lon="-0.170253"><ele>19</ele></trkpt>
      <trkpt lat="51.457679" lon="-0.170188"><ele>19</ele></trkpt>
      <trkpt lat="51.457545" lon="-0.170122"><ele>19</ele></trkpt>
      <trkpt lat="51.457426" lon="-0.170066"><ele>19</ele></trkpt>
      <trkpt lat="51.457169" lon="-0.169926"><ele>18.5</ele></trkpt>
      <trkpt lat="51.45687" lon="-0.169726"><ele>18.25</ele></trkpt>
      <trkpt lat="51.456694" lon="-0.169598"><ele>18.75</ele></trkpt>
      <trkpt lat="51.456513" lon="-0.169455"><ele>19.5</ele></trkpt>
      <trkpt lat="51.456483" lon="-0.169429"><ele>19.5</ele></trkpt>
      <trkpt lat="51.456446" lon="-0.169399"><ele>19.75</ele></trkpt>
      <trkpt lat="51.45623" lon="-0.169228"><ele>20</ele></trkpt>
      <trkpt lat="51.456093" lon="-0.169105"><ele>20</ele></trkpt>
      <trkpt lat="51.45575" lon="-0.168786"><ele>20</ele></trkpt>
      <trkpt lat="51.455322" lon="-0.168421"><ele>20.25</ele></trkpt>
      <trkpt lat="51.455135" lon="-0.168276"><ele>20</ele></trkpt>
      <trkpt lat="51.45485" lon="-0.168067"><ele>20</ele></trkpt>
      <trkpt lat="51.45438" lon="-0.167735"><ele>20</ele></trkpt>
      <trkpt lat="51.454204" lon="-0.167623"><ele>20</ele></trkpt>
      <trkpt lat="51.453835" lon="-0.167384"><ele>21</ele></trkpt>
      <trkpt lat="51.453715" lon="-0.167301"><ele>21</ele></trkpt>
      <trkpt lat="51.453716" lon="-0.167301"><ele>21</ele></trkpt>
      <trkpt lat="51.453624" lon="-0.167246"><ele>21</ele></trkpt>
      <trkpt lat="51.453422" lon="-0.167121"><ele>21.25</ele></trkpt>
      <trkpt lat="51.452997" lon="-0.166847"><ele>21.5</ele></trkpt>
      <trkpt lat="51.452968" lon="-0.166828"><ele>21.5</ele></trkpt>
      <trkpt lat="51.452911" lon="-0.166789"><ele>21.5</ele></trkpt>
      <trkpt lat="51.452854" lon="-0.16675"><ele>21.75</ele></trkpt>
      <trkpt lat="51.452711" lon="-0.166655"><ele>21.75</ele></trkpt>
      <trkpt lat="51.452399" lon="-0.16645"><ele>22</ele></trkpt>
      <trkpt lat="51.451891" lon="-0.16611"><ele>22</ele></trkpt>
      <trkpt lat="51.451761" lon="-0.166018"><ele>22</ele></trkpt>
      <trkpt lat="51.451277" lon="-0.165656"><ele>22</ele></trkpt>
      <trkpt lat="51.45124" lon="-0.165629"><ele>22</ele></trkpt>
      <trkpt lat="51.451199" lon="-0.165598"><ele>21.75</ele></trkpt>
      <trkpt lat="51.451166" lon="-0.165573"><ele>22</ele></trkpt>
      <trkpt lat="51.451021" lon="-0.165473"><ele>22</ele></trkpt>
      <trkpt lat="51.450736" lon="-0.165268"><ele>22.5</ele></trkpt>
      <trkpt lat="51.450183" lon="-0.164853"><ele>22</ele></trkpt>
      <trkpt lat="51.449648" lon="-0.164464"><ele>22</ele></trkpt>
      <trkpt lat="51.449533" lon="-0.164381"><ele>21.75</ele></trkpt>
      <trkpt lat="51.449105" lon="-0.164081"><ele>21</ele></trkpt>
      <trkpt lat="51.448955" lon="-0.163975"><ele>21.75</ele></trkpt>
      <trkpt lat="51.448835" lon="-0.163977"><ele>22</ele></trkpt>
      <trkpt lat="51.448432" lon="-0.163898"><ele>22.5</ele></trkpt>
      <trkpt lat="51.448061" lon="-0.163992"><ele>22.75</ele></trkpt>
      <trkpt lat="51.448046" lon="-0.163947"><ele>23</ele></trkpt>
      <trkpt lat="51.448042" lon="-0.163912"><ele>23</ele></trkpt>
      <trkpt lat="51.448029" lon="-0.163793"><ele>23.25</ele></trkpt>
      <trkpt lat="51.447872" lon="-0.163942"><ele>23.5</ele></trkpt>
      <trkpt lat="51.447728" lon="-0.164077"><ele>24</ele></trkpt>
      <trkpt lat="51.447444" lon="-0.16436"><ele>25</ele></trkpt>
      <trkpt lat="51.447425" lon="-0.164315"><ele>25</ele></trkpt>
      <trkpt lat="51.447407" lon="-0.164276"><ele>24.75</ele></trkpt>
      <trkpt lat="51.447395" lon="-0.164247"><ele>24.75</ele></trkpt>
      <trkpt lat="51.447358" lon="-0.164231"><ele>24.5</ele></trkpt>
      <trkpt lat="51.447254" lon="-0.164237"><ele>24.5</ele></trkpt>
      <trkpt lat="51.447203" lon="-0.164227"><ele>24.25</ele></trkpt>
      <trkpt lat="51.447089" lon="-0.16417"><ele>24</ele></trkpt>
      <trkpt lat="51.446963" lon="-0.164063"><ele>24</ele></trkpt>
      <trkpt lat="51.446859" lon="-0.16393"><ele>23.75</ele></trkpt>
      <trkpt lat="51.446707" lon="-0.163715"><ele>24</ele></trkpt>
      <trkpt lat="51.446659" lon="-0.163633"><ele>23.75</ele></trkpt>
      <trkpt lat="51.446607" lon="-0.163576"><ele>24</ele></trkpt>
      <trkpt lat="51.446559" lon="-0.163508"><ele>24</ele></trkpt>
      <trkpt lat="51.446432" lon="-0.163352"><ele>24.75</ele></trkpt>
      <trkpt lat="51.446323" lon="-0.163233"><ele>24.75</ele></trkpt>
      <trkpt lat="51.446267" lon="-0.163338"><ele>24.5</ele></trkpt>
      <trkpt lat="51.446252" lon="-0.163366"><ele>24.25</ele></trkpt>
      <trkpt lat="51.446241" lon="-0.163386"><ele>24.25</ele></trkpt>
      <trkpt lat="51.446252" lon="-0.163366"><ele>24.25</ele></trkpt>
      <trkpt lat="51.446201" lon="-0.163293"><ele>24.25</ele></trkpt>
      <trkpt lat="51.446147" lon="-0.163215"><ele>24.25</ele></trkpt>
      <trkpt lat="51.446038" lon="-0.163392"><ele>24.25</ele></trkpt>
      <trkpt lat="51.445939" lon="-0.163554"><ele>24.25</ele></trkpt>
      <trkpt lat="51.445982" lon="-0.163618"><ele>24.5</ele></trkpt>
      <trkpt lat="51.445954" lon="-0.163666"><ele>24.5</ele></trkpt>
      <trkpt lat="51.445932" lon="-0.163703"><ele>24.75</ele></trkpt>
      <trkpt lat="51.445839" lon="-0.163563"><ele>24.75</ele></trkpt>
      <trkpt lat="51.445744" lon="-0.163391"><ele>25</ele></trkpt>
      <trkpt lat="51.445322" lon="-0.162629"><ele>24.75</ele></trkpt>
      <trkpt lat="51.44469" lon="-0.161109"><ele>25</ele></trkpt>
      <trkpt lat="51.444623" lon="-0.161011"><ele>25</ele></trkpt>
      <trkpt lat="51.44456" lon="-0.16092"><ele>25.25</ele></trkpt>
      <trkpt lat="51.444507" lon="-0.160871"><ele>25</ele></trkpt>
      <trkpt lat="51.444476" lon="-0.160867"><ele>25</ele></trkpt>
      <trkpt lat="51.444211" lon="-0.160838"><ele>25</ele></trkpt>
      <trkpt lat="51.444181" lon="-0.160824"><ele>25</ele></trkpt>
      <trkpt lat="51.44417" lon="-0.160772"><ele>25</ele></trkpt>
      <trkpt lat="51.443968" lon="-0.16018"><ele>24</ele></trkpt>
      <trkpt lat="51.44341" lon="-0.158584"><ele>23</ele></trkpt>
      <trkpt lat="51.443089" lon="-0.15766"><ele>22</ele></trkpt>
      <trkpt lat="51.443005" lon="-0.157426"><ele>22</ele></trkpt>
      <trkpt lat="51.442916" lon="-0.157186"><ele>22.5</ele></trkpt>
      <trkpt lat="51.442869" lon="-0.157107"><ele>22.75</ele></trkpt>
      <trkpt lat="51.442867" lon="-0.157063"><ele>22.75</ele></trkpt>
      <trkpt lat="51.442889" lon="-0.156997"><ele>22.75</ele></trkpt>
      <trkpt lat="51.442869" lon="-0.15692"><ele>23</ele></trkpt>
      <trkpt lat="51.442887" lon="-0.156876"><ele>23</ele></trkpt>
      <trkpt lat="51.442915" lon="-0.156811"><ele>23</ele></trkpt>
      <trkpt lat="51.442945" lon="-0.156742"><ele>23</ele></trkpt>
      <trkpt lat="51.443213" lon="-0.156055"><ele>24</ele></trkpt>
      <trkpt lat="51.443367" lon="-0.155572"><ele>25.5</ele></trkpt>
      <trkpt lat="51.443629" lon="-0.154706"><ele>25</ele></trkpt>
      <trkpt lat="51.443937" lon="-0.153684"><ele>26</ele></trkpt>
      <trkpt lat="51.443956" lon="-0.15362"><ele>26</ele></trkpt>
      <trkpt lat="51.443966" lon="-0.153586"><ele>26</ele></trkpt>
      <trkpt lat="51.443983" lon="-0.153514"><ele>26</ele></trkpt>
      <trkpt lat="51.443968" lon="-0.153503"><ele>26</ele></trkpt>
      <trkpt lat="51.443814" lon="-0.153364"><ele>26</ele></trkpt>
      <trkpt lat="51.44373" lon="-0.153272"><ele>26</ele></trkpt>
      <trkpt lat="51.443572" lon="-0.153051"><ele>26</ele></trkpt>
      <trkpt lat="51.443542" lon="-0.153009"><ele>26</ele></trkpt>
      <trkpt lat="51.443523" lon="-0.152977"><ele>26</ele></trkpt>
      <trkpt lat="51.443453" lon="-0.152826"><ele>26</ele></trkpt>
      <trkpt lat="51.443432" lon="-0.152771"><ele>26</ele></trkpt>
      <trkpt lat="51.44339" lon="-0.152654"><ele>26</ele></trkpt>
      <trkpt lat="51.443339" lon="-0.152684"><ele>26</ele></trkpt>
      <trkpt lat="51.44329" lon="-0.152664"><ele>26.75</ele></trkpt>
      <trkpt lat="51.443235" lon="-0.152706"><ele>27.75</ele></trkpt>
      <trkpt lat="51.443226" lon="-0.152646"><ele>28</ele></trkpt>
      <trkpt lat="51.443187" lon="-0.15244"><ele>29</ele></trkpt>
      <trkpt lat="51.443182" lon="-0.152408"><ele>29</ele></trkpt>
      <trkpt lat="51.44317" lon="-0.152345"><ele>29</ele></trkpt>
      <trkpt lat="51.443233" lon="-0.152313"><ele>27.75</ele></trkpt>
      <trkpt lat="51.443281" lon="-0.152279"><ele>26.75</ele></trkpt>
      <trkpt lat="51.443273" lon="-0.15225"><ele>27</ele></trkpt>
      <trkpt lat="51.44315" lon="-0.151812"><ele>28</ele></trkpt>
      <trkpt lat="51.443087" lon="-0.151546"><ele>27.5</ele></trkpt>
      <trkpt lat="51.443049" lon="-0.15137"><ele>27</ele></trkpt>
      <trkpt lat="51.442944" lon="-0.150844"><ele>28.75</ele></trkpt>
      <trkpt lat="51.442811" lon="-0.150114"><ele>27.25</ele></trkpt>
      <trkpt lat="51.442813" lon="-0.149945"><ele>26.75</ele></trkpt>
      <trkpt lat="51.442827" lon="-0.149854"><ele>26.75</ele></trkpt>
      <trkpt lat="51.442829" lon="-0.149843"><ele>26.75</ele></trkpt>
      <trkpt lat="51.442779" lon="-0.149823"><ele>26.75</ele></trkpt>
      <trkpt lat="51.44275" lon="-0.149818"><ele>27.25</ele></trkpt>
      <trkpt lat="51.442742" lon="-0.149739"><ele>27.5</ele></trkpt>
      <trkpt lat="51.442715" lon="-0.149693"><ele>27.75</ele></trkpt>
      <trkpt lat="51.442726" lon="-0.149651"><ele>27.5</ele></trkpt>
      <trkpt lat="51.442739" lon="-0.14959"><ele>27.25</ele></trkpt>
      <trkpt lat="51.442702" lon="-0.149568"><ele>27.25</ele></trkpt>
      <trkpt lat="51.442683" lon="-0.149555"><ele>27.5</ele></trkpt>
      <trkpt lat="51.442652" lon="-0.149536"><ele>27.5</ele></trkpt>
      <trkpt lat="51.442216" lon="-0.1493"><ele>27</ele></trkpt>
      <trkpt lat="51.442079" lon="-0.149229"><ele>27</ele></trkpt>
      <trkpt lat="51.441702" lon="-0.149022"><ele>27</ele></trkpt>
      <trkpt lat="51.441661" lon="-0.149001"><ele>27</ele></trkpt>
      <trkpt lat="51.441633" lon="-0.148987"><ele>27</ele></trkpt>
      <trkpt lat="51.441608" lon="-0.148974"><ele>27</ele></trkpt>
      <trkpt lat="51.441388" lon="-0.148861"><ele>27</ele></trkpt>
      <trkpt lat="51.440473" lon="-0.148434"><ele>28.25</ele></trkpt>
      <trkpt lat="51.440317" lon="-0.148365"><ele>28.75</ele></trkpt>
      <trkpt lat="51.440294" lon="-0.148354"><ele>28.75</ele></trkpt>
      <trkpt lat="51.440265" lon="-0.148341"><ele>29</ele></trkpt>
      <trkpt lat="51.440219" lon="-0.14832"><ele>29</ele></trkpt>
      <trkpt lat="51.439881" lon="-0.148173"><ele>30.25</ele></trkpt>
      <trkpt lat="51.439689" lon="-0.148089"><ele>31</ele></trkpt>
      <trkpt lat="51.439602" lon="-0.148045"><ele>31.25</ele></trkpt>
      <trkpt lat="51.439495" lon="-0.147995"><ele>31.75</ele></trkpt>
      <trkpt lat="51.439129" lon="-0.147823"><ele>33</ele></trkpt>
      <trkpt lat="51.438841" lon="-0.147701"><ele>34</ele></trkpt>
      <trkpt lat="51.438764" lon="-0.147661"><ele>34.25</ele></trkpt>
      <trkpt lat="51.438732" lon="-0.147644"><ele>34.5</ele></trkpt>
      <trkpt lat="51.438707" lon="-0.14763"><ele>34.5</ele></trkpt>
      <trkpt lat="51.438585" lon="-0.147561"><ele>35</ele></trkpt>
      <trkpt lat="51.438321" lon="-0.14737"><ele>35</ele></trkpt>
      <trkpt lat="51.438274" lon="-0.147335"><ele>35</ele></trkpt>
      <trkpt lat="51.438142" lon="-0.147221"><ele>35.5</ele></trkpt>
      <trkpt lat="51.43799" lon="-0.147077"><ele>36</ele></trkpt>
      <trkpt lat="51.437817" lon="-0.14689"><ele>36</ele></trkpt>
      <trkpt lat="51.437694" lon="-0.146745"><ele>36.25</ele></trkpt>
      <trkpt lat="51.437443" lon="-0.14645"><ele>37</ele></trkpt>
      <trkpt lat="51.437318" lon="-0.146303"><ele>37</ele></trkpt>
      <trkpt lat="51.437098" lon="-0.146044"><ele>37</ele></trkpt>
      <trkpt lat="51.436823" lon="-0.14568"><ele>37</ele></trkpt>
      <trkpt lat="51.436699" lon="-0.145506"><ele>36.75</ele></trkpt>
      <trkpt lat="51.436579" lon="-0.145321"><ele>36</ele></trkpt>
      <trkpt lat="51.43636" lon="-0.144954"><ele>34.75</ele></trkpt>
      <trkpt lat="51.436161" lon="-0.144591"><ele>34</ele></trkpt>
      <trkpt lat="51.435907" lon="-0.144114"><ele>33</ele></trkpt>
      <trkpt lat="51.435861" lon="-0.144027"><ele>33</ele></trkpt>
      <trkpt lat="51.435843" lon="-0.144047"><ele>33</ele></trkpt>
      <trkpt lat="51.435828" lon="-0.144062"><ele>32.75</ele></trkpt>
      <trkpt lat="51.435813" lon="-0.144079"><ele>32.75</ele></trkpt>
      <trkpt lat="51.434382" lon="-0.143539"><ele>32</ele></trkpt>
      <trkpt lat="51.433696" lon="-0.143276"><ele>32</ele></trkpt>
      <trkpt lat="51.433478" lon="-0.143159"><ele>32.75</ele></trkpt>
      <trkpt lat="51.433331" lon="-0.143093"><ele>32.75</ele></trkpt>
      <trkpt lat="51.433115" lon="-0.142995"><ele>33</ele></trkpt>
      <trkpt lat="51.432952" lon="-0.142896"><ele>33</ele></trkpt>
      <trkpt lat="51.432838" lon="-0.142827"><ele>33</ele></trkpt>
      <trkpt lat="51.432766" lon="-0.142773"><ele>33</ele></trkpt>
      <trkpt lat="51.432594" lon="-0.142643"><ele>33</ele></trkpt>
      <trkpt lat="51.431894" lon="-0.141993"><ele>33</ele></trkpt>
      <trkpt lat="51.431677" lon="-0.141735"><ele>33</ele></trkpt>
      <trkpt lat="51.431556" lon="-0.141565"><ele>33</ele></trkpt>
      <trkpt lat="51.431002" lon="-0.140785"><ele>33.5</ele></trkpt>
      <trkpt lat="51.430815" lon="-0.140454"><ele>34</ele></trkpt>
      <trkpt lat="51.430804" lon="-0.140434"><ele>34</ele></trkpt>
      <trkpt lat="51.430735" lon="-0.140309"><ele>34</ele></trkpt>
      <trkpt lat="51.430711" lon="-0.140315"><ele>34</ele></trkpt>
      <trkpt lat="51.430683" lon="-0.14001"><ele>34.5</ele></trkpt>
      <trkpt lat="51.430669" lon="-0.139994"><ele>34.5</ele></trkpt>
      <trkpt lat="51.430627" lon="-0.140003"><ele>34.5</ele></trkpt>
      <trkpt lat="51.430618" lon="-0.139951"><ele>34.75</ele></trkpt>
      <trkpt lat="51.430596" lon="-0.139891"><ele>35</ele></trkpt>
      <trkpt lat="51.430596" lon="-0.139884"><ele>35.25</ele></trkpt>
      <trkpt lat="51.430522" lon="-0.139901"><ele>35.25</ele></trkpt>
      <trkpt lat="51.430487" lon="-0.139909"><ele>35</ele></trkpt>
      <trkpt lat="51.430358" lon="-0.13992"><ele>35</ele></trkpt>
      <trkpt lat="51.430117" lon="-0.139932"><ele>35</ele></trkpt>
      <trkpt lat="51.429543" lon="-0.139979"><ele>35</ele></trkpt>
      <trkpt lat="51.42949" lon="-0.139983"><ele>35</ele></trkpt>
      <trkpt lat="51.428763" lon="-0.140049"><ele>34.75</ele></trkpt>
      <trkpt lat="51.428629" lon="-0.140055"><ele>34.75</ele></trkpt>
      <trkpt lat="51.428465" lon="-0.140068"><ele>34.75</ele></trkpt>
      <trkpt lat="51.428425" lon="-0.140073"><ele>34.75</ele></trkpt>
      <trkpt lat="51.427686" lon="-0.140142"><ele>35</ele></trkpt>
      <trkpt lat="51.427384" lon="-0.140166"><ele>35</ele></trkpt>
      <trkpt lat="51.426821" lon="-0.140219"><ele>35</ele></trkpt>
      <trkpt lat="51.426573" lon="-0.140238"><ele>34.5</ele></trkpt>
      <trkpt lat="51.426146" lon="-0.140272"><ele>34</ele></trkpt>
      <trkpt lat="51.425988" lon="-0.140265"><ele>34</ele></trkpt>
      <trkpt lat="51.425753" lon="-0.140202"><ele>34.25</ele></trkpt>
      <trkpt lat="51.425595" lon="-0.140111"><ele>34.5</ele></trkpt>
      <trkpt lat="51.425513" lon="-0.140045"><ele>34.75</ele></trkpt>
      <trkpt lat="51.425485" lon="-0.140021"><ele>34.75</ele></trkpt>
      <trkpt lat="51.425466" lon="-0.140003"><ele>34.75</ele></trkpt>
      <trkpt lat="51.425427" lon="-0.139972"><ele>35</ele></trkpt>
      <trkpt lat="51.425395" lon="-0.139947"><ele>35</ele></trkpt>
      <trkpt lat="51.425345" lon="-0.139932"><ele>35</ele></trkpt>
      <trkpt lat="51.425243" lon="-0.139915"><ele>34.75</ele></trkpt>
      <trkpt lat="51.425215" lon="-0.139909"><ele>34.75</ele></trkpt>
      <trkpt lat="51.424954" lon="-0.139851"><ele>34.25</ele></trkpt>
      <trkpt lat="51.424846" lon="-0.139826"><ele>34.25</ele></trkpt>
      <trkpt lat="51.42425" lon="-0.139692"><ele>34</ele></trkpt>
      <trkpt lat="51.424012" lon="-0.139639"><ele>33.5</ele></trkpt>
      <trkpt lat="51.423531" lon="-0.139531"><ele>33</ele></trkpt>
      <trkpt lat="51.423024" lon="-0.139417"><ele>33</ele></trkpt>
      <trkpt lat="51.42281" lon="-0.139383"><ele>33</ele></trkpt>
      <trkpt lat="51.422567" lon="-0.139307"><ele>32</ele></trkpt>
      <trkpt lat="51.422112" lon="-0.139071"><ele>32</ele></trkpt>
      <trkpt lat="51.421973" lon="-0.139022"><ele>32</ele></trkpt>
      <trkpt lat="51.421791" lon="-0.139028"><ele>31.5</ele></trkpt>
      <trkpt lat="51.421792" lon="-0.138958"><ele>31.5</ele></trkpt>
      <trkpt lat="51.421789" lon="-0.138853"><ele>31.25</ele></trkpt>
      <trkpt lat="51.421854" lon="-0.138618"><ele>31.5</ele></trkpt>
      <trkpt lat="51.421853" lon="-0.138571"><ele>32</ele></trkpt>
      <trkpt lat="51.421831" lon="-0.13853"><ele>32</ele></trkpt>
      <trkpt lat="51.421969" lon="-0.137981"><ele>32.75</ele></trkpt>
      <trkpt lat="51.421985" lon="-0.137921"><ele>33</ele></trkpt>
      <trkpt lat="51.421983" lon="-0.137903"><ele>33</ele></trkpt>
      <trkpt lat="51.421977" lon="-0.13788"><ele>33</ele></trkpt>
      <trkpt lat="51.42196" lon="-0.137857"><ele>33</ele></trkpt>
      <trkpt lat="51.421384" lon="-0.137582"><ele>34.25</ele></trkpt>
      <trkpt lat="51.421252" lon="-0.137515"><ele>33.75</ele></trkpt>
      <trkpt lat="51.421214" lon="-0.137496"><ele>33.75</ele></trkpt>
      <trkpt lat="51.421097" lon="-0.13734"><ele>33.5</ele></trkpt>
      <trkpt lat="51.420891" lon="-0.137219"><ele>33</ele></trkpt>
      <trkpt lat="51.420811" lon="-0.137253"><ele>33</ele></trkpt>
      <trkpt lat="51.420775" lon="-0.13724"><ele>33</ele></trkpt>
      <trkpt lat="51.420699" lon="-0.137205"><ele>33</ele></trkpt>
      <trkpt lat="51.420689" lon="-0.136998"><ele>33.75</ele></trkpt>
      <trkpt lat="51.420602" lon="-0.137008"><ele>33.75</ele></trkpt>
      <trkpt lat="51.4206" lon="-0.13697"><ele>33.75</ele></trkpt>
      <trkpt lat="51.420431" lon="-0.136974"><ele>33.75</ele></trkpt>
      <trkpt lat="51.420243" lon="-0.13694"><ele>33.75</ele></trkpt>
      <trkpt lat="51.420045" lon="-0.13674"><ele>33.75</ele></trkpt>
      <trkpt lat="51.419411" lon="-0.136098"><ele>33.75</ele></trkpt>
      <trkpt lat="51.419357" lon="-0.136034"><ele>33.75</ele></trkpt>
      <trkpt lat="51.419329" lon="-0.136008"><ele>33.5</ele></trkpt>
      <trkpt lat="51.419304" lon="-0.136063"><ele>33.5</ele></trkpt>
      <trkpt lat="51.419276" lon="-0.13609"><ele>33.25</ele></trkpt>
      <trkpt lat="51.419232" lon="-0.136099"><ele>33.25</ele></trkpt>
      <trkpt lat="51.419037" lon="-0.135933"><ele>33</ele></trkpt>
      <trkpt lat="51.418902" lon="-0.13582"><ele>33</ele></trkpt>
      <trkpt lat="51.418919" lon="-0.135757"><ele>33.25</ele></trkpt>
      <trkpt lat="51.41887" lon="-0.135712"><ele>33.25</ele></trkpt>
      <trkpt lat="51.418866" lon="-0.135722"><ele>33.25</ele></trkpt>
      <trkpt lat="51.418817" lon="-0.13586"><ele>32.5</ele></trkpt>
      <trkpt lat="51.418866" lon="-0.135722"><ele>33.25</ele></trkpt>
      <trkpt lat="51.41887" lon="-0.135712"><ele>33.25</ele></trkpt>
      <trkpt lat="51.418565" lon="-0.135423"><ele>33.75</ele></trkpt>
      <trkpt lat="51.418521" lon="-0.135343"><ele>34</ele></trkpt>
      <trkpt lat="51.418513" lon="-0.13531"><ele>34.25</ele></trkpt>
      <trkpt lat="51.418475" lon="-0.135158"><ele>34.5</ele></trkpt>
      <trkpt lat="51.418449" lon="-0.135128"><ele>34.75</ele></trkpt>
      <trkpt lat="51.418462" lon="-0.135104"><ele>34.75</ele></trkpt>
      <trkpt lat="51.418479" lon="-0.135069"><ele>34.75</ele></trkpt>
      <trkpt lat="51.41843" lon="-0.135009"><ele>34.75</ele></trkpt>
      <trkpt lat="51.418406" lon="-0.134989"><ele>35</ele></trkpt>
      <trkpt lat="51.418336" lon="-0.134921"><ele>35</ele></trkpt>
      <trkpt lat="51.418313" lon="-0.134889"><ele>34.75</ele></trkpt>
      <trkpt lat="51.418309" lon="-0.134884"><ele>34.75</ele></trkpt>
      <trkpt lat="51.418272" lon="-0.134835"><ele>34.75</ele></trkpt>
      <trkpt lat="51.41821" lon="-0.134729"><ele>34.5</ele></trkpt>
      <trkpt lat="51.418191" lon="-0.134697"><ele>34.5</ele></trkpt>
      <trkpt lat="51.418175" lon="-0.134676"><ele>34.5</ele></trkpt>
      <trkpt lat="51.417927" lon="-0.134339"><ele>34.75</ele></trkpt>
      <trkpt lat="51.417517" lon="-0.13378"><ele>35</ele></trkpt>
      <trkpt lat="51.417496" lon="-0.133752"><ele>34.75</ele></trkpt>
      <trkpt lat="51.417081" lon="-0.133186"><ele>35.25</ele></trkpt>
      <trkpt lat="51.416969" lon="-0.133046"><ele>35</ele></trkpt>
      <trkpt lat="51.416957" lon="-0.133032"><ele>35</ele></trkpt>
      <trkpt lat="51.41686" lon="-0.13291"><ele>35.25</ele></trkpt>
      <trkpt lat="51.416535" lon="-0.132503"><ele>35</ele></trkpt>
      <trkpt lat="51.41621" lon="-0.132049"><ele>35</ele></trkpt>
      <trkpt lat="51.416106" lon="-0.131883"><ele>34.75</ele></trkpt>
      <trkpt lat="51.416049" lon="-0.131796"><ele>34.75</ele></trkpt>
      <trkpt lat="51.41594" lon="-0.131628"><ele>34.25</ele></trkpt>
      <trkpt lat="51.415555" lon="-0.131039"><ele>33.75</ele></trkpt>
      <trkpt lat="51.415336" lon="-0.130705"><ele>33</ele></trkpt>
      <trkpt lat="51.415313" lon="-0.13067"><ele>33</ele></trkpt>
      <trkpt lat="51.415229" lon="-0.130537"><ele>32.75</ele></trkpt>
      <trkpt lat="51.414974" lon="-0.130101"><ele>31.75</ele></trkpt>
      <trkpt lat="51.414925" lon="-0.130018"><ele>31.5</ele></trkpt>
      <trkpt lat="51.414871" lon="-0.129927"><ele>31.5</ele></trkpt>
      <trkpt lat="51.414535" lon="-0.129374"><ele>31.25</ele></trkpt>
      <trkpt lat="51.414495" lon="-0.129309"><ele>31</ele></trkpt>
      <trkpt lat="51.414458" lon="-0.129245"><ele>31</ele></trkpt>
      <trkpt lat="51.414261" lon="-0.128927"><ele>31</ele></trkpt>
      <trkpt lat="51.414166" lon="-0.128774"><ele>31</ele></trkpt>
      <trkpt lat="51.414038" lon="-0.128556"><ele>31</ele></trkpt>
      <trkpt lat="51.413956" lon="-0.128412"><ele>31</ele></trkpt>
      <trkpt lat="51.413849" lon="-0.128233"><ele>31</ele></trkpt>
      <trkpt lat="51.413751" lon="-0.128069"><ele>31</ele></trkpt>
      <trkpt lat="51.413686" lon="-0.127908"><ele>31</ele></trkpt>
      <trkpt lat="51.413665" lon="-0.127857"><ele>31</ele></trkpt>
      <trkpt lat="51.41361" lon="-0.127694"><ele>31</ele></trkpt>
      <trkpt lat="51.413542" lon="-0.127488"><ele>31</ele></trkpt>
      <trkpt lat="51.413477" lon="-0.127287"><ele>31.25</ele></trkpt>
      <trkpt lat="51.413429" lon="-0.127135"><ele>31.25</ele></trkpt>
      <trkpt lat="51.41333" lon="-0.126827"><ele>31.25</ele></trkpt>
      <trkpt lat="51.413301" lon="-0.126711"><ele>31.75</ele></trkpt>
      <trkpt lat="51.413306" lon="-0.126682"><ele>31.75</ele></trkpt>
      <trkpt lat="51.41333" lon="-0.12665"><ele>32</ele></trkpt>
      <trkpt lat="51.413308" lon="-0.126591"><ele>32</ele></trkpt>
      <trkpt lat="51.413203" lon="-0.126383"><ele>32</ele></trkpt>
      <trkpt lat="51.413182" lon="-0.12633"><ele>32</ele></trkpt>
      <trkpt lat="51.413165" lon="-0.126284"><ele>32</ele></trkpt>
      <trkpt lat="51.413107" lon="-0.126147"><ele>32</ele></trkpt>
      <trkpt lat="51.413107" lon="-0.126115"><ele>32</ele></trkpt>
      <trkpt lat="51.413116" lon="-0.126087"><ele>32</ele></trkpt>
      <trkpt lat="51.413203" lon="-0.125944"><ele>32</ele></trkpt>
      <trkpt lat="51.413219" lon="-0.12592"><ele>32</ele></trkpt>
      <trkpt lat="51.413292" lon="-0.125619"><ele>32</ele></trkpt>
      <trkpt lat="51.413296" lon="-0.125574"><ele>32</ele></trkpt>
      <trkpt lat="51.413307" lon="-0.125424"><ele>32</ele></trkpt>
      <trkpt lat="51.413158" lon="-0.125403"><ele>32</ele></trkpt>
      <trkpt lat="51.413128" lon="-0.125406"><ele>32</ele></trkpt>
      <trkpt lat="51.41308" lon="-0.125459"><ele>32</ele></trkpt>
      <trkpt lat="51.413026" lon="-0.125539"><ele>32</ele></trkpt>
      <trkpt lat="51.413015" lon="-0.125551"><ele>32</ele></trkpt>
      <trkpt lat="51.412975" lon="-0.125494"><ele>32.25</ele></trkpt>
      <trkpt lat="51.412584" lon="-0.124847"><ele>33</ele></trkpt>
      <trkpt lat="51.412582" lon="-0.124819"><ele>33</ele></trkpt>
      <trkpt lat="51.412644" lon="-0.124582"><ele>33</ele></trkpt>
      <trkpt lat="51.412737" lon="-0.124229"><ele>33</ele></trkpt>
      <trkpt lat="51.412709" lon="-0.124208"><ele>33</ele></trkpt>
      <trkpt lat="51.412689" lon="-0.12419"><ele>33</ele></trkpt>
      <trkpt lat="51.412674" lon="-0.124178"><ele>33</ele></trkpt>
      <trkpt lat="51.412591" lon="-0.124114"><ele>33</ele></trkpt>
      <trkpt lat="51.412455" lon="-0.124029"><ele>33</ele></trkpt>
      <trkpt lat="51.412426" lon="-0.123915"><ele>33</ele></trkpt>
      <trkpt lat="51.412327" lon="-0.123854"><ele>33</ele></trkpt>
      <trkpt lat="51.412344" lon="-0.123769"><ele>33</ele></trkpt>
      <trkpt lat="51.412351" lon="-0.123712"><ele>33.25</ele></trkpt>
      <trkpt lat="51.4123" lon="-0.123679"><ele>33</ele></trkpt>
      <trkpt lat="51.412281" lon="-0.123673"><ele>33</ele></trkpt>
      <trkpt lat="51.412253" lon="-0.123686"><ele>33</ele></trkpt>
      <trkpt lat="51.411959" lon="-0.123493"><ele>34.25</ele></trkpt>
      <trkpt lat="51.411959" lon="-0.123493"><ele>34.25</ele></trkpt>
      <trkpt lat="51.411527" lon="-0.123211"><ele>36</ele></trkpt>
      <trkpt lat="51.41094" lon="-0.122805"><ele>36</ele></trkpt>
      <trkpt lat="51.410858" lon="-0.12274"><ele>36</ele></trkpt>
      <trkpt lat="51.410862" lon="-0.122695"><ele>36.25</ele></trkpt>
      <trkpt lat="51.410853" lon="-0.122542"><ele>36.75</ele></trkpt>
      <trkpt lat="51.410842" lon="-0.122459"><ele>37</ele></trkpt>
      <trkpt lat="51.410816" lon="-0.122333"><ele>37</ele></trkpt>
      <trkpt lat="51.410764" lon="-0.122156"><ele>37.25</ele></trkpt>
      <trkpt lat="51.410624" lon="-0.121768"><ele>38</ele></trkpt>
      <trkpt lat="51.410141" lon="-0.120687"><ele>38.25</ele></trkpt>
      <trkpt lat="51.410013" lon="-0.120385"><ele>38.75</ele></trkpt>
      <trkpt lat="51.409732" lon="-0.119755"><ele>38.75</ele></trkpt>
      <trkpt lat="51.409552" lon="-0.119415"><ele>38.75</ele></trkpt>
      <trkpt lat="51.409379" lon="-0.119088"><ele>38</ele></trkpt>
      <trkpt lat="51.409112" lon="-0.118558"><ele>38</ele></trkpt>
      <trkpt lat="51.408299" lon="-0.116192"><ele>36</ele></trkpt>
      <trkpt lat="51.408242" lon="-0.116027"><ele>36</ele></trkpt>
      <trkpt lat="51.408062" lon="-0.115504"><ele>36</ele></trkpt>
      <trkpt lat="51.407946" lon="-0.115234"><ele>36</ele></trkpt>
      <trkpt lat="51.407797" lon="-0.114917"><ele>37</ele></trkpt>
      <trkpt lat="51.407637" lon="-0.114607"><ele>37</ele></trkpt>
      <trkpt lat="51.406281" lon="-0.112537"><ele>38</ele></trkpt>
      <trkpt lat="51.404937" lon="-0.110542"><ele>40</ele></trkpt>
      <trkpt lat="51.40486" lon="-0.110427"><ele>40</ele></trkpt>
      <trkpt lat="51.404226" lon="-0.109487"><ele>41</ele></trkpt>
      <trkpt lat="51.402055" lon="-0.106411"><ele>44.25</ele></trkpt>
      <trkpt lat="51.401993" lon="-0.106328"><ele>44.25</ele></trkpt>
      <trkpt lat="51.401011" lon="-0.10486"><ele>43.75</ele></trkpt>
      <trkpt lat="51.400033" lon="-0.103428"><ele>46</ele></trkpt>
      <trkpt lat="51.399986" lon="-0.103364"><ele>45.75</ele></trkpt>
      <trkpt lat="51.399919" lon="-0.10328"><ele>46</ele></trkpt>
      <trkpt lat="51.399092" lon="-0.102401"><ele>45.75</ele></trkpt>
      <trkpt lat="51.398227" lon="-0.101522"><ele>45</ele></trkpt>
      <trkpt lat="51.398099" lon="-0.101392"><ele>45</ele></trkpt>
      <trkpt lat="51.398121" lon="-0.101281"><ele>45.25</ele></trkpt>
      <trkpt lat="51.398182" lon="-0.101079"><ele>46</ele></trkpt>
      <trkpt lat="51.398238" lon="-0.100863"><ele>46.75</ele></trkpt>
      <trkpt lat="51.398238" lon="-0.100863"><ele>46.75</ele></trkpt>
      <trkpt lat="51.398106" lon="-0.100764"><ele>47</ele></trkpt>
      <trkpt lat="51.397897" lon="-0.100575"><ele>46.75</ele></trkpt>
      <trkpt lat="51.397691" lon="-0.100366"><ele>46.75</ele></trkpt>
      <trkpt lat="51.397574" lon="-0.10025"><ele>47</ele></trkpt>
      <trkpt lat="51.397515" lon="-0.100183"><ele>47</ele></trkpt>
      <trkpt lat="51.397448" lon="-0.100106"><ele>47</ele></trkpt>
      <trkpt lat="51.397382" lon="-0.100027"><ele>47</ele></trkpt>
      <trkpt lat="51.397272" lon="-0.09988"><ele>47</ele></trkpt>
      <trkpt lat="51.397108" lon="-0.099643"><ele>47</ele></trkpt>
      <trkpt lat="51.396949" lon="-0.099377"><ele>47</ele></trkpt>
      <trkpt lat="51.396848" lon="-0.099212"><ele>46.75</ele></trkpt>
      <trkpt lat="51.396773" lon="-0.099093"><ele>47</ele></trkpt>
      <trkpt lat="51.396507" lon="-0.098626"><ele>47</ele></trkpt>
      <trkpt lat="51.396381" lon="-0.098381"><ele>46.75</ele></trkpt>
      <trkpt lat="51.396149" lon="-0.097924"><ele>46.75</ele></trkpt>
      <trkpt lat="51.396113" lon="-0.097854"><ele>47</ele></trkpt>
      <trkpt lat="51.395997" lon="-0.097628"><ele>47</ele></trkpt>
      <trkpt lat="51.395899" lon="-0.097436"><ele>47</ele></trkpt>
      <trkpt lat="51.395703" lon="-0.097054"><ele>47.25</ele></trkpt>
      <trkpt lat="51.395575" lon="-0.096819"><ele>47.75</ele></trkpt>
      <trkpt lat="51.395382" lon="-0.096497"><ele>48</ele></trkpt>
      <trkpt lat="51.395194" lon="-0.096144"><ele>47.75</ele></trkpt>
      <trkpt lat="51.395092" lon="-0.095909"><ele>48</ele></trkpt>
      <trkpt lat="51.394991" lon="-0.095607"><ele>47.75</ele></trkpt>
      <trkpt lat="51.394911" lon="-0.095327"><ele>47.5</ele></trkpt>
      <trkpt lat="51.394817" lon="-0.094963"><ele>47.25</ele></trkpt>
      <trkpt lat="51.394779" lon="-0.094784"><ele>47</ele></trkpt>
      <trkpt lat="51.394746" lon="-0.094583"><ele>47</ele></trkpt>
      <trkpt lat="51.394706" lon="-0.094114"><ele>47</ele></trkpt>
      <trkpt lat="51.394691" lon="-0.094"><ele>47.25</ele></trkpt>
      <trkpt lat="51.394669" lon="-0.093893"><ele>47.75</ele></trkpt>
      <trkpt lat="51.394626" lon="-0.093743"><ele>47.75</ele></trkpt>
      <trkpt lat="51.394581" lon="-0.093587"><ele>48</ele></trkpt>
      <trkpt lat="51.394553" lon="-0.093479"><ele>48.75</ele></trkpt>
      <trkpt lat="51.394532" lon="-0.093407"><ele>49</ele></trkpt>
      <trkpt lat="51.394899" lon="-0.093173"><ele>48.25</ele></trkpt>
      <trkpt lat="51.395082" lon="-0.093056"><ele>48.5</ele></trkpt>
      <trkpt lat="51.395124" lon="-0.093034"><ele>48.75</ele></trkpt>
      <trkpt lat="51.395056" lon="-0.09286"><ele>48.25</ele></trkpt>
      <trkpt lat="51.394567" lon="-0.091783"><ele>48</ele></trkpt>
      <trkpt lat="51.394539" lon="-0.091628"><ele>48</ele></trkpt>
      <trkpt lat="51.394358" lon="-0.091292"><ele>48.25</ele></trkpt>
      <trkpt lat="51.394257" lon="-0.091114"><ele>48.5</ele></trkpt>
      <trkpt lat="51.394178" lon="-0.090981"><ele>48.5</ele></trkpt>
      <trkpt lat="51.393662" lon="-0.090153"><ele>48.5</ele></trkpt>
      <trkpt lat="51.393069" lon="-0.089284"><ele>47.75</ele></trkpt>
      <trkpt lat="51.39294" lon="-0.089355"><ele>48.5</ele></trkpt>
      <trkpt lat="51.392888" lon="-0.089115"><ele>49</ele></trkpt>
      <trkpt lat="51.392538" lon="-0.088692"><ele>49.5</ele></trkpt>
      <trkpt lat="51.392527" lon="-0.088615"><ele>48.75</ele></trkpt>
      <trkpt lat="51.392372" lon="-0.088434"><ele>49.25</ele></trkpt>
      <trkpt lat="51.392165" lon="-0.088217"><ele>50</ele></trkpt>
      <trkpt lat="51.392062" lon="-0.088109"><ele>49.5</ele></trkpt>
      <trkpt lat="51.392165" lon="-0.088217"><ele>50</ele></trkpt>
      <trkpt lat="51.392164" lon="-0.088182"><ele>49.75</ele></trkpt>
      <trkpt lat="51.392104" lon="-0.087919"><ele>48.25</ele></trkpt>
      <trkpt lat="51.392121" lon="-0.087697"><ele>48</ele></trkpt>
      <trkpt lat="51.391966" lon="-0.08775"><ele>48</ele></trkpt>
      <trkpt lat="51.391902" lon="-0.087781"><ele>48</ele></trkpt>
      <trkpt lat="51.391757" lon="-0.087843"><ele>48.75</ele></trkpt>
      <trkpt lat="51.391523" lon="-0.087956"><ele>49.75</ele></trkpt>
      <trkpt lat="51.391169" lon="-0.08815"><ele>49.75</ele></trkpt>
      <trkpt lat="51.390745" lon="-0.088334"><ele>49</ele></trkpt>
      <trkpt lat="51.390341" lon="-0.088481"><ele>49.75</ele></trkpt>
      <trkpt lat="51.389727" lon="-0.08866"><ele>50</ele></trkpt>
      <trkpt lat="51.389645" lon="-0.08871"><ele>50.25</ele></trkpt>
      <trkpt lat="51.389579" lon="-0.088765"><ele>50.5</ele></trkpt>
      <trkpt lat="51.389427" lon="-0.088964"><ele>51</ele></trkpt>
      <trkpt lat="51.38936" lon="-0.089109"><ele>51</ele></trkpt>
      <trkpt lat="51.389288" lon="-0.08934"><ele>51</ele></trkpt>
      <trkpt lat="51.389125" lon="-0.089934"><ele>51</ele></trkpt>
      <trkpt lat="51.389048" lon="-0.090213"><ele>51</ele></trkpt>
      <trkpt lat="51.388839" lon="-0.090959"><ele>51</ele></trkpt>
      <trkpt lat="51.388829" lon="-0.090993"><ele>51</ele></trkpt>
      <trkpt lat="51.388799" lon="-0.09097"><ele>51</ele></trkpt>
      <trkpt lat="51.388765" lon="-0.090965"><ele>51</ele></trkpt>
      <trkpt lat="51.38875" lon="-0.090962"><ele>51</ele></trkpt>
      <trkpt lat="51.388732" lon="-0.090959"><ele>51</ele></trkpt>
      <trkpt lat="51.388693" lon="-0.090963"><ele>51</ele></trkpt>
      <trkpt lat="51.388087" lon="-0.091238"><ele>51</ele></trkpt>
      <trkpt lat="51.387985" lon="-0.091282"><ele>51</ele></trkpt>
      <trkpt lat="51.387867" lon="-0.091345"><ele>51</ele></trkpt>
      <trkpt lat="51.387654" lon="-0.091445"><ele>51.25</ele></trkpt>
      <trkpt lat="51.387292" lon="-0.091613"><ele>52</ele></trkpt>
      <trkpt lat="51.38718" lon="-0.091664"><ele>52</ele></trkpt>
      <trkpt lat="51.386867" lon="-0.091807"><ele>52</ele></trkpt>
      <trkpt lat="51.386765" lon="-0.091862"><ele>52</ele></trkpt>
      <trkpt lat="51.386684" lon="-0.091905"><ele>52</ele></trkpt>
      <trkpt lat="51.386217" lon="-0.092121"><ele>52</ele></trkpt>
      <trkpt lat="51.386074" lon="-0.092188"><ele>52</ele></trkpt>
      <trkpt lat="51.385922" lon="-0.092255"><ele>52</ele></trkpt>
      <trkpt lat="51.385773" lon="-0.092321"><ele>52</ele></trkpt>
      <trkpt lat="51.385449" lon="-0.09247"><ele>53</ele></trkpt>
      <trkpt lat="51.385215" lon="-0.092577"><ele>53</ele></trkpt>
      <trkpt lat="51.384961" lon="-0.092688"><ele>53.25</ele></trkpt>
      <trkpt lat="51.384813" lon="-0.092753"><ele>52</ele></trkpt>
      <trkpt lat="51.38479" lon="-0.092763"><ele>51.75</ele></trkpt>
      <trkpt lat="51.384553" lon="-0.092862"><ele>52.75</ele></trkpt>
      <trkpt lat="51.384299" lon="-0.092994"><ele>53.25</ele></trkpt>
      <trkpt lat="51.383723" lon="-0.093258"><ele>53.25</ele></trkpt>
      <trkpt lat="51.383082" lon="-0.093562"><ele>53.5</ele></trkpt>
      <trkpt lat="51.38303" lon="-0.093587"><ele>53.5</ele></trkpt>
      <trkpt lat="51.382941" lon="-0.093626"><ele>53.5</ele></trkpt>
      <trkpt lat="51.382394" lon="-0.093883"><ele>54</ele></trkpt>
      <trkpt lat="51.382331" lon="-0.093914"><ele>54</ele></trkpt>
      <trkpt lat="51.381933" lon="-0.0941"><ele>55</ele></trkpt>
      <trkpt lat="51.381866" lon="-0.094131"><ele>55</ele></trkpt>
      <trkpt lat="51.381803" lon="-0.094163"><ele>55</ele></trkpt>
      <trkpt lat="51.381483" lon="-0.094289"><ele>55</ele></trkpt>
      <trkpt lat="51.381002" lon="-0.094487"><ele>55</ele></trkpt>
      <trkpt lat="51.380733" lon="-0.094597"><ele>55</ele></trkpt>
      <trkpt lat="51.380356" lon="-0.094752"><ele>55</ele></trkpt>
      <trkpt lat="51.38022" lon="-0.094808"><ele>55</ele></trkpt>
      <trkpt lat="51.379856" lon="-0.094957"><ele>55.25</ele></trkpt>
      <trkpt lat="51.379562" lon="-0.095076"><ele>55.5</ele></trkpt>
      <trkpt lat="51.379303" lon="-0.095181"><ele>56</ele></trkpt>
      <trkpt lat="51.379033" lon="-0.095289"><ele>56</ele></trkpt>
      <trkpt lat="51.378929" lon="-0.095332"><ele>56</ele></trkpt>
      <trkpt lat="51.378884" lon="-0.095353"><ele>56</ele></trkpt>
      <trkpt lat="51.378755" lon="-0.095416"><ele>56</ele></trkpt>
      <trkpt lat="51.378635" lon="-0.09547"><ele>56</ele></trkpt>
      <trkpt lat="51.378596" lon="-0.095489"><ele>56</ele></trkpt>
      <trkpt lat="51.378433" lon="-0.095557"><ele>56</ele></trkpt>
      <trkpt lat="51.378218" lon="-0.095639"><ele>56</ele></trkpt>
      <trkpt lat="51.378188" lon="-0.095651"><ele>56</ele></trkpt>
      <trkpt lat="51.378114" lon="-0.095678"><ele>56</ele></trkpt>
      <trkpt lat="51.37806" lon="-0.095698"><ele>56</ele></trkpt>
      <trkpt lat="51.377905" lon="-0.095753"><ele>56.5</ele></trkpt>
      <trkpt lat="51.377839" lon="-0.095768"><ele>56.75</ele></trkpt>
      <trkpt lat="51.377786" lon="-0.095774"><ele>56.75</ele></trkpt>
      <trkpt lat="51.37756" lon="-0.095773"><ele>56.25</ele></trkpt>
      <trkpt lat="51.3775" lon="-0.095767"><ele>56</ele></trkpt>
      <trkpt lat="51.377427" lon="-0.095754"><ele>56.25</ele></trkpt>
      <trkpt lat="51.377272" lon="-0.095717"><ele>56.75</ele></trkpt>
      <trkpt lat="51.377115" lon="-0.095659"><ele>57</ele></trkpt>
      <trkpt lat="51.377078" lon="-0.095623"><ele>57</ele></trkpt>
      <trkpt lat="51.377047" lon="-0.095512"><ele>57</ele></trkpt>
      <trkpt lat="51.377041" lon="-0.095485"><ele>57</ele></trkpt>
      <trkpt lat="51.377032" lon="-0.095409"><ele>57</ele></trkpt>
      <trkpt lat="51.376875" lon="-0.095486"><ele>57</ele></trkpt>
      <trkpt lat="51.376853" lon="-0.095478"><ele>57</ele></trkpt>
      <trkpt lat="51.376822" lon="-0.095459"><ele>57</ele></trkpt>
      <trkpt lat="51.37684" lon="-0.095394"><ele>57</ele></trkpt>
      <trkpt lat="51.376808" lon="-0.095189"><ele>57</ele></trkpt>
      <trkpt lat="51.37668" lon="-0.094367"><ele>57.25</ele></trkpt>
      <trkpt lat="51.376678" lon="-0.094359"><ele>57.25</ele></trkpt>
      <trkpt lat="51.376329" lon="-0.094136"><ele>58</ele></trkpt>
      <trkpt lat="51.376032" lon="-0.093942"><ele>58</ele></trkpt>
      <trkpt lat="51.375855" lon="-0.093822"><ele>57.75</ele></trkpt>
      <trkpt lat="51.37577" lon="-0.093762"><ele>57.75</ele></trkpt>
      <trkpt lat="51.375315" lon="-0.093456"><ele>57.25</ele></trkpt>
      <trkpt lat="51.375079" lon="-0.093296"><ele>58.25</ele></trkpt>
      <trkpt lat="51.375012" lon="-0.09325"><ele>58.5</ele></trkpt>
      <trkpt lat="51.375025" lon="-0.093173"><ele>58.25</ele></trkpt>
      <trkpt lat="51.37504" lon="-0.093095"><ele>57.75</ele></trkpt>
      <trkpt lat="51.37507" lon="-0.092943"><ele>57.25</ele></trkpt>
      <trkpt lat="51.375104" lon="-0.092766"><ele>57</ele></trkpt>
      <trkpt lat="51.375031" lon="-0.092731"><ele>57</ele></trkpt>
      <trkpt lat="51.374959" lon="-0.092694"><ele>57.25</ele></trkpt>
      <trkpt lat="51.375027" lon="-0.092346"><ele>60.5</ele></trkpt>
      <trkpt lat="51.375011" lon="-0.092338"><ele>60.75</ele></trkpt>
      <trkpt lat="51.37499" lon="-0.092327"><ele>61</ele></trkpt>
      <trkpt lat="51.374983" lon="-0.092323"><ele>61</ele></trkpt>
      <trkpt lat="51.374953" lon="-0.092308"><ele>61.25</ele></trkpt>
      <trkpt lat="51.374927" lon="-0.092295"><ele>61.5</ele></trkpt>
      <trkpt lat="51.37491" lon="-0.092287"><ele>61.5</ele></trkpt>
      <trkpt lat="51.374897" lon="-0.09228"><ele>61.5</ele></trkpt>
      <trkpt lat="51.374878" lon="-0.09227"><ele>61.75</ele></trkpt>
      <trkpt lat="51.374866" lon="-0.092264"><ele>61.75</ele></trkpt>
      <trkpt lat="51.374848" lon="-0.092353"><ele>60.5</ele></trkpt>
      <trkpt lat="51.374834" lon="-0.092346"><ele>60.5</ele></trkpt>
      <trkpt lat="51.374801" lon="-0.092333"><ele>60.75</ele></trkpt>
      <trkpt lat="51.374813" lon="-0.092264"><ele>61.75</ele></trkpt>
      <trkpt lat="51.374815" lon="-0.092214"><ele>62.25</ele></trkpt>
      <trkpt lat="51.3748" lon="-0.09212"><ele>62</ele></trkpt>
      <trkpt lat="51.374728" lon="-0.091933"><ele>62</ele></trkpt>
      <trkpt lat="51.374693" lon="-0.091814"><ele>62</ele></trkpt>
      <trkpt lat="51.374639" lon="-0.091835"><ele>62</ele></trkpt>
      <trkpt lat="51.374341" lon="-0.091817"><ele>62</ele></trkpt>
      <trkpt lat="51.37428" lon="-0.091802"><ele>62.25</ele></trkpt>
      <trkpt lat="51.373571" lon="-0.091749"><ele>64</ele></trkpt>
      <trkpt lat="51.373371" lon="-0.09173"><ele>64</ele></trkpt>
      <trkpt lat="51.373109" lon="-0.0917"><ele>64.75</ele></trkpt>
      <trkpt lat="51.37279" lon="-0.091674"><ele>65.75</ele></trkpt>
      <trkpt lat="51.372645" lon="-0.091666"><ele>66.25</ele></trkpt>
      <trkpt lat="51.372441" lon="-0.091628"><ele>66.75</ele></trkpt>
      <trkpt lat="51.372362" lon="-0.091591"><ele>67</ele></trkpt>
      <trkpt lat="51.372285" lon="-0.09194"><ele>66.75</ele></trkpt>
      <trkpt lat="51.372228" lon="-0.092202"><ele>66</ele></trkpt>
      <trkpt lat="51.372175" lon="-0.092553"><ele>63</ele></trkpt>
      <trkpt lat="51.372115" lon="-0.093021"><ele>61.75</ele></trkpt>
      <trkpt lat="51.372084" lon="-0.093329"><ele>62.75</ele></trkpt>
      <trkpt lat="51.372079" lon="-0.093391"><ele>63</ele></trkpt>
      <trkpt lat="51.372073" lon="-0.093444"><ele>63</ele></trkpt>
      <trkpt lat="51.372062" lon="-0.093564"><ele>63</ele></trkpt>
      <trkpt lat="51.372053" lon="-0.093561"><ele>63</ele></trkpt>
      <trkpt lat="51.372025" lon="-0.093552"><ele>63.25</ele></trkpt>
      <trkpt lat="51.371995" lon="-0.093541"><ele>63.5</ele></trkpt>
      <trkpt lat="51.371976" lon="-0.093533"><ele>63.75</ele></trkpt>
      <trkpt lat="51.37199" lon="-0.093421"><ele>63.5</ele></trkpt>
      <trkpt lat="51.371976" lon="-0.093416"><ele>63.75</ele></trkpt>
      <trkpt lat="51.371947" lon="-0.093406"><ele>63.75</ele></trkpt>
      <trkpt lat="51.37192" lon="-0.09363"><ele>63.75</ele></trkpt>
      <trkpt lat="51.371889" lon="-0.093632"><ele>63.5</ele></trkpt>
      <trkpt lat="51.371832" lon="-0.093637"><ele>63.5</ele></trkpt>
      <trkpt lat="51.371091" lon="-0.0937"><ele>63.5</ele></trkpt>
      <trkpt lat="51.370221" lon="-0.093751"><ele>64.5</ele></trkpt>
      <trkpt lat="51.36942" lon="-0.093782"><ele>66.25</ele></trkpt>
      <trkpt lat="51.369374" lon="-0.093785"><ele>66.25</ele></trkpt>
      <trkpt lat="51.369082" lon="-0.093817"><ele>66.25</ele></trkpt>
      <trkpt lat="51.368608" lon="-0.093861"><ele>66</ele></trkpt>
      <trkpt lat="51.368522" lon="-0.093871"><ele>66.25</ele></trkpt>
      <trkpt lat="51.368204" lon="-0.093899"><ele>66.75</ele></trkpt>
      <trkpt lat="51.367805" lon="-0.093942"><ele>65.75</ele></trkpt>
      <trkpt lat="51.366959" lon="-0.094021"><ele>63.5</ele></trkpt>
      <trkpt lat="51.366928" lon="-0.093803"><ele>63.75</ele></trkpt>
      <trkpt lat="51.366888" lon="-0.093578"><ele>63.75</ele></trkpt>
      <trkpt lat="51.36682" lon="-0.093297"><ele>64.25</ele></trkpt>
      <trkpt lat="51.36624" lon="-0.093277"><ele>60.75</ele></trkpt>
      <trkpt lat="51.365597" lon="-0.093311"><ele>60</ele></trkpt>
      <trkpt lat="51.365229" lon="-0.093362"><ele>60.75</ele></trkpt>
      <trkpt lat="51.36502" lon="-0.093507"><ele>61.5</ele></trkpt>
      <trkpt lat="51.364827" lon="-0.093546"><ele>61.75</ele></trkpt>
      <trkpt lat="51.364794" lon="-0.093502"><ele>61.5</ele></trkpt>
      <trkpt lat="51.364152" lon="-0.093605"><ele>62</ele></trkpt>
      <trkpt lat="51.363826" lon="-0.093588"><ele>62</ele></trkpt>
      <trkpt lat="51.36365" lon="-0.0936"><ele>62</ele></trkpt>
      <trkpt lat="51.363113" lon="-0.093642"><ele>62.75</ele></trkpt>
      <trkpt lat="51.363059" lon="-0.093647"><ele>62.75</ele></trkpt>
      <trkpt lat="51.363033" lon="-0.093656"><ele>62.75</ele></trkpt>
      <trkpt lat="51.363016" lon="-0.093684"><ele>62.75</ele></trkpt>
      <trkpt lat="51.363013" lon="-0.093732"><ele>62.75</ele></trkpt>
      <trkpt lat="51.363016" lon="-0.093837"><ele>62.75</ele></trkpt>
      <trkpt lat="51.362978" lon="-0.09384"><ele>62.75</ele></trkpt>
      <trkpt lat="51.36298" lon="-0.09389"><ele>62.5</ele></trkpt>
      <trkpt lat="51.363015" lon="-0.094967"><ele>59</ele></trkpt>
      <trkpt lat="51.363012" lon="-0.095034"><ele>58.75</ele></trkpt>
      <trkpt lat="51.362998" lon="-0.095103"><ele>58.5</ele></trkpt>
      <trkpt lat="51.362943" lon="-0.095265"><ele>58</ele></trkpt>
      <trkpt lat="51.362908" lon="-0.095336"><ele>57.75</ele></trkpt>
      <trkpt lat="51.36283" lon="-0.095428"><ele>57</ele></trkpt>
      <trkpt lat="51.362405" lon="-0.095787"><ele>52.75</ele></trkpt>
      <trkpt lat="51.362409" lon="-0.095802"><ele>52.75</ele></trkpt>
      <trkpt lat="51.362415" lon="-0.095857"><ele>52.5</ele></trkpt>
      <trkpt lat="51.362252" lon="-0.095976"><ele>51.5</ele></trkpt>
      <trkpt lat="51.362186" lon="-0.096001"><ele>51.25</ele></trkpt>
      <trkpt lat="51.362088" lon="-0.096014"><ele>51.25</ele></trkpt>
      <trkpt lat="51.361936" lon="-0.095952"><ele>51.5</ele></trkpt>
      <trkpt lat="51.361537" lon="-0.095786"><ele>51.5</ele></trkpt>
      <trkpt lat="51.361425" lon="-0.096498"><ele>50.75</ele></trkpt>
      <trkpt lat="51.361353" lon="-0.096933"><ele>50</ele></trkpt>
      <trkpt lat="51.361354" lon="-0.096954"><ele>50</ele></trkpt>
      <trkpt lat="51.361367" lon="-0.097222"><ele>50</ele></trkpt>
      <trkpt lat="51.361321" lon="-0.097894"><ele>49.5</ele></trkpt>
      <trkpt lat="51.361318" lon="-0.097954"><ele>49.25</ele></trkpt>
      <trkpt lat="51.36131" lon="-0.098066"><ele>49.25</ele></trkpt>
      <trkpt lat="51.360997" lon="-0.098025"><ele>49.75</ele></trkpt>
      <trkpt lat="51.360769" lon="-0.097991"><ele>50</ele></trkpt>
      <trkpt lat="51.360722" lon="-0.097985"><ele>50</ele></trkpt>
      <trkpt lat="51.360452" lon="-0.097945"><ele>50</ele></trkpt>
      <trkpt lat="51.360278" lon="-0.097917"><ele>50</ele></trkpt>
      <trkpt lat="51.359608" lon="-0.097821"><ele>50</ele></trkpt>
      <trkpt lat="51.358843" lon="-0.097752"><ele>51</ele></trkpt>
      <trkpt lat="51.358593" lon="-0.097738"><ele>51</ele></trkpt>
      <trkpt lat="51.358155" lon="-0.097736"><ele>51</ele></trkpt>
      <trkpt lat="51.357914" lon="-0.097746"><ele>51</ele></trkpt>
      <trkpt lat="51.357679" lon="-0.097746"><ele>51</ele></trkpt>
      <trkpt lat="51.357394" lon="-0.09774"><ele>51.25</ele></trkpt>
      <trkpt lat="51.356626" lon="-0.097743"><ele>52</ele></trkpt>
      <trkpt lat="51.356496" lon="-0.097742"><ele>52</ele></trkpt>
      <trkpt lat="51.35631" lon="-0.09774"><ele>52</ele></trkpt>
      <trkpt lat="51.355804" lon="-0.097738"><ele>52</ele></trkpt>
      <trkpt lat="51.355401" lon="-0.097737"><ele>53</ele></trkpt>
      <trkpt lat="51.355281" lon="-0.097735"><ele>53</ele></trkpt>
      <trkpt lat="51.354984" lon="-0.097735"><ele>53</ele></trkpt>
      <trkpt lat="51.354765" lon="-0.097736"><ele>53</ele></trkpt>
      <trkpt lat="51.354109" lon="-0.097749"><ele>52.75</ele></trkpt>
      <trkpt lat="51.353847" lon="-0.097766"><ele>53</ele></trkpt>
      <trkpt lat="51.353602" lon="-0.097796"><ele>54</ele></trkpt>
      <trkpt lat="51.353509" lon="-0.097821"><ele>54</ele></trkpt>
      <trkpt lat="51.353459" lon="-0.097842"><ele>54</ele></trkpt>
      <trkpt lat="51.353385" lon="-0.097749"><ele>54</ele></trkpt>
      <trkpt lat="51.35323" lon="-0.097658"><ele>54</ele></trkpt>
      <trkpt lat="51.352244" lon="-0.097245"><ele>55</ele></trkpt>
      <trkpt lat="51.352205" lon="-0.097228"><ele>55</ele></trkpt>
      <trkpt lat="51.351539" lon="-0.096937"><ele>57</ele></trkpt>
      <trkpt lat="51.351306" lon="-0.096845"><ele>57.5</ele></trkpt>
      <trkpt lat="51.351067" lon="-0.096703"><ele>58</ele></trkpt>
      <trkpt lat="51.350922" lon="-0.096592"><ele>59</ele></trkpt>
      <trkpt lat="51.350473" lon="-0.096251"><ele>61.5</ele></trkpt>
      <trkpt lat="51.350287" lon="-0.096091"><ele>62.25</ele></trkpt>
      <trkpt lat="51.350098" lon="-0.096235"><ele>63.5</ele></trkpt>
      <trkpt lat="51.35002" lon="-0.096291"><ele>63.75</ele></trkpt>
      <trkpt lat="51.349597" lon="-0.096593"><ele>64.25</ele></trkpt>
      <trkpt lat="51.348599" lon="-0.097394"><ele>65.5</ele></trkpt>
      <trkpt lat="51.348369" lon="-0.097643"><ele>65</ele></trkpt>
      <trkpt lat="51.348239" lon="-0.097771"><ele>65</ele></trkpt>
      <trkpt lat="51.347882" lon="-0.098194"><ele>65.25</ele></trkpt>
      <trkpt lat="51.347913" lon="-0.098277"><ele>64.25</ele></trkpt>
      <trkpt lat="51.347569" lon="-0.098623"><ele>65</ele></trkpt>
      <trkpt lat="51.347096" lon="-0.099246"><ele>65.5</ele></trkpt>
      <trkpt lat="51.347072" lon="-0.099095"><ele>66.75</ele></trkpt>
      <trkpt lat="51.347047" lon="-0.099033"><ele>67</ele></trkpt>
      <trkpt lat="51.347038" lon="-0.09901"><ele>67.25</ele></trkpt>
      <trkpt lat="51.346998" lon="-0.098914"><ele>68.5</ele></trkpt>
      <trkpt lat="51.347038" lon="-0.09901"><ele>67.25</ele></trkpt>
      <trkpt lat="51.347047" lon="-0.099033"><ele>67</ele></trkpt>
      <trkpt lat="51.347072" lon="-0.099095"><ele>66.75</ele></trkpt>
      <trkpt lat="51.347096" lon="-0.099246"><ele>65.5</ele></trkpt>
      <trkpt lat="51.347147" lon="-0.099377"><ele>63.75</ele></trkpt>
      <trkpt lat="51.347162" lon="-0.099576"><ele>62.5</ele></trkpt>
      <trkpt lat="51.346862" lon="-0.099835"><ele>62.5</ele></trkpt>
      <trkpt lat="51.347182" lon="-0.100732"><ele>59.5</ele></trkpt>
      <trkpt lat="51.346704" lon="-0.101139"><ele>59.75</ele></trkpt>
      <trkpt lat="51.346206" lon="-0.101582"><ele>59</ele></trkpt>
      <trkpt lat="51.34582" lon="-0.101932"><ele>59</ele></trkpt>
      <trkpt lat="51.346001" lon="-0.102476"><ele>58</ele></trkpt>
      <trkpt lat="51.345692" lon="-0.102738"><ele>58</ele></trkpt>
      <trkpt lat="51.345425" lon="-0.102959"><ele>58.25</ele></trkpt>
      <trkpt lat="51.345709" lon="-0.10377"><ele>58.75</ele></trkpt>
      <trkpt lat="51.345562" lon="-0.103876"><ele>58.75</ele></trkpt>
      <trkpt lat="51.345513" lon="-0.103911"><ele>59</ele></trkpt>
      <trkpt lat="51.345364" lon="-0.104019"><ele>59</ele></trkpt>
      <trkpt lat="51.345292" lon="-0.104071"><ele>58.75</ele></trkpt>
      <trkpt lat="51.344897" lon="-0.104287"><ele>58.75</ele></trkpt>
      <trkpt lat="51.34483" lon="-0.104274"><ele>58.5</ele></trkpt>
      <trkpt lat="51.344693" lon="-0.104344"><ele>58.5</ele></trkpt>
      <trkpt lat="51.344644" lon="-0.104405"><ele>58.75</ele></trkpt>
      <trkpt lat="51.344402" lon="-0.104522"><ele>60</ele></trkpt>
      <trkpt lat="51.344265" lon="-0.104593"><ele>60</ele></trkpt>
      <trkpt lat="51.344145" lon="-0.104647"><ele>60</ele></trkpt>
      <trkpt lat="51.344072" lon="-0.104701"><ele>60.25</ele></trkpt>
      <trkpt lat="51.343939" lon="-0.104785"><ele>60.5</ele></trkpt>
      <trkpt lat="51.34387" lon="-0.104825"><ele>60.5</ele></trkpt>
      <trkpt lat="51.343847" lon="-0.104829"><ele>60.5</ele></trkpt>
      <trkpt lat="51.343767" lon="-0.104828"><ele>60.75</ele></trkpt>
      <trkpt lat="51.343747" lon="-0.10492"><ele>60.5</ele></trkpt>
      <trkpt lat="51.343739" lon="-0.104967"><ele>60.5</ele></trkpt>
      <trkpt lat="51.343715" lon="-0.105054"><ele>60.25</ele></trkpt>
      <trkpt lat="51.342979" lon="-0.106506"><ele>60</ele></trkpt>
      <trkpt lat="51.34188" lon="-0.108569"><ele>61</ele></trkpt>
      <trkpt lat="51.341821" lon="-0.108712"><ele>61</ele></trkpt>
      <trkpt lat="51.341831" lon="-0.108825"><ele>61</ele></trkpt>
      <trkpt lat="51.341863" lon="-0.108924"><ele>61</ele></trkpt>
      <trkpt lat="51.341869" lon="-0.108984"><ele>61</ele></trkpt>
      <trkpt lat="51.34186" lon="-0.109039"><ele>61</ele></trkpt>
      <trkpt lat="51.34183" lon="-0.109101"><ele>61</ele></trkpt>
      <trkpt lat="51.340443" lon="-0.111379"><ele>62</ele></trkpt>
      <trkpt lat="51.340334" lon="-0.111541"><ele>62</ele></trkpt>
      <trkpt lat="51.339999" lon="-0.112039"><ele>63</ele></trkpt>
      <trkpt lat="51.339892" lon="-0.112192"><ele>63</ele></trkpt>
      <trkpt lat="51.339727" lon="-0.112428"><ele>63</ele></trkpt>
      <trkpt lat="51.339482" lon="-0.112558"><ele>64.5</ele></trkpt>
      <trkpt lat="51.339452" lon="-0.112576"><ele>64.75</ele></trkpt>
      <trkpt lat="51.339434" lon="-0.112583"><ele>65</ele></trkpt>
      <trkpt lat="51.339384" lon="-0.112571"><ele>65</ele></trkpt>
      <trkpt lat="51.339365" lon="-0.112575"><ele>65.25</ele></trkpt>
      <trkpt lat="51.339327" lon="-0.112609"><ele>65.25</ele></trkpt>
      <trkpt lat="51.339307" lon="-0.112649"><ele>65.25</ele></trkpt>
      <trkpt lat="51.339292" lon="-0.112694"><ele>65.5</ele></trkpt>
      <trkpt lat="51.339204" lon="-0.112746"><ele>65.75</ele></trkpt>
      <trkpt lat="51.33918" lon="-0.11277"><ele>65.75</ele></trkpt>
      <trkpt lat="51.339048" lon="-0.112909"><ele>66.75</ele></trkpt>
      <trkpt lat="51.338893" lon="-0.11314"><ele>67.75</ele></trkpt>
      <trkpt lat="51.338174" lon="-0.114322"><ele>69</ele></trkpt>
      <trkpt lat="51.33814" lon="-0.114376"><ele>69</ele></trkpt>
      <trkpt lat="51.338105" lon="-0.11443"><ele>69.25</ele></trkpt>
      <trkpt lat="51.338071" lon="-0.114488"><ele>69.25</ele></trkpt>
      <trkpt lat="51.338003" lon="-0.114597"><ele>69</ele></trkpt>
      <trkpt lat="51.33796" lon="-0.11467"><ele>68.5</ele></trkpt>
      <trkpt lat="51.337909" lon="-0.114765"><ele>68</ele></trkpt>
      <trkpt lat="51.337826" lon="-0.114908"><ele>67.25</ele></trkpt>
      <trkpt lat="51.337812" lon="-0.114932"><ele>67.25</ele></trkpt>
      <trkpt lat="51.337712" lon="-0.115088"><ele>66.25</ele></trkpt>
      <trkpt lat="51.337576" lon="-0.115321"><ele>65.5</ele></trkpt>
      <trkpt lat="51.337563" lon="-0.115343"><ele>65.5</ele></trkpt>
      <trkpt lat="51.337538" lon="-0.115377"><ele>65.5</ele></trkpt>
      <trkpt lat="51.337507" lon="-0.115417"><ele>65.25</ele></trkpt>
      <trkpt lat="51.337422" lon="-0.115543"><ele>65</ele></trkpt>
      <trkpt lat="51.337385" lon="-0.115641"><ele>65</ele></trkpt>
      <trkpt lat="51.337368" lon="-0.115718"><ele>65</ele></trkpt>
      <trkpt lat="51.337364" lon="-0.115782"><ele>65</ele></trkpt>
      <trkpt lat="51.33737" lon="-0.115839"><ele>65</ele></trkpt>
      <trkpt lat="51.337385" lon="-0.11589"><ele>65</ele></trkpt>
      <trkpt lat="51.337476" lon="-0.116115"><ele>65</ele></trkpt>
      <trkpt lat="51.337515" lon="-0.116245"><ele>64.75</ele></trkpt>
      <trkpt lat="51.337529" lon="-0.116295"><ele>64.75</ele></trkpt>
      <trkpt lat="51.337553" lon="-0.116366"><ele>64.75</ele></trkpt>
      <trkpt lat="51.337577" lon="-0.116475"><ele>64.5</ele></trkpt>
      <trkpt lat="51.337564" lon="-0.116561"><ele>64.5</ele></trkpt>
      <trkpt lat="51.337567" lon="-0.116658"><ele>64.5</ele></trkpt>
      <trkpt lat="51.337676" lon="-0.117168"><ele>63.75</ele></trkpt>
      <trkpt lat="51.337635" lon="-0.117593"><ele>64.5</ele></trkpt>
      <trkpt lat="51.337603" lon="-0.11769"><ele>64.25</ele></trkpt>
      <trkpt lat="51.337499" lon="-0.117836"><ele>64</ele></trkpt>
      <trkpt lat="51.337167" lon="-0.118171"><ele>65</ele></trkpt>
      <trkpt lat="51.336983" lon="-0.118368"><ele>65</ele></trkpt>
      <trkpt lat="51.336758" lon="-0.118626"><ele>65</ele></trkpt>
      <trkpt lat="51.336423" lon="-0.118988"><ele>65</ele></trkpt>
      <trkpt lat="51.336264" lon="-0.11916"><ele>65.25</ele></trkpt>
      <trkpt lat="51.336071" lon="-0.119374"><ele>65.25</ele></trkpt>
      <trkpt lat="51.336" lon="-0.119538"><ele>65.5</ele></trkpt>
      <trkpt lat="51.335509" lon="-0.120082"><ele>66</ele></trkpt>
      <trkpt lat="51.33494" lon="-0.120747"><ele>66.25</ele></trkpt>
      <trkpt lat="51.334032" lon="-0.121866"><ele>66.75</ele></trkpt>
      <trkpt lat="51.333746" lon="-0.122216"><ele>67</ele></trkpt>
      <trkpt lat="51.333529" lon="-0.122474"><ele>67</ele></trkpt>
      <trkpt lat="51.33311" lon="-0.123014"><ele>67.5</ele></trkpt>
      <trkpt lat="51.332965" lon="-0.12319"><ele>67.5</ele></trkpt>
      <trkpt lat="51.332864" lon="-0.123318"><ele>67.5</ele></trkpt>
      <trkpt lat="51.332397" lon="-0.123856"><ele>68</ele></trkpt>
      <trkpt lat="51.332362" lon="-0.123908"><ele>67.75</ele></trkpt>
      <trkpt lat="51.332292" lon="-0.12398"><ele>67.75</ele></trkpt>
      <trkpt lat="51.331788" lon="-0.12456"><ele>68.75</ele></trkpt>
      <trkpt lat="51.331757" lon="-0.124598"><ele>68.75</ele></trkpt>
      <trkpt lat="51.331746" lon="-0.124611"><ele>68.75</ele></trkpt>
      <trkpt lat="51.331658" lon="-0.124706"><ele>69</ele></trkpt>
      <trkpt lat="51.331577" lon="-0.124783"><ele>69</ele></trkpt>
      <trkpt lat="51.33153" lon="-0.124829"><ele>69</ele></trkpt>
      <trkpt lat="51.331447" lon="-0.124904"><ele>69</ele></trkpt>
      <trkpt lat="51.331413" lon="-0.124933"><ele>69</ele></trkpt>
      <trkpt lat="51.331371" lon="-0.124967"><ele>69</ele></trkpt>
      <trkpt lat="51.33135" lon="-0.124985"><ele>69</ele></trkpt>
      <trkpt lat="51.330699" lon="-0.125484"><ele>69</ele></trkpt>
      <trkpt lat="51.330439" lon="-0.125686"><ele>69</ele></trkpt>
      <trkpt lat="51.330367" lon="-0.125742"><ele>69.25</ele></trkpt>
      <trkpt lat="51.329356" lon="-0.126632"><ele>69.75</ele></trkpt>
      <trkpt lat="51.329185" lon="-0.126787"><ele>70</ele></trkpt>
      <trkpt lat="51.329168" lon="-0.126802"><ele>70</ele></trkpt>
      <trkpt lat="51.328905" lon="-0.127031"><ele>70.25</ele></trkpt>
      <trkpt lat="51.32831" lon="-0.127621"><ele>71</ele></trkpt>
      <trkpt lat="51.327745" lon="-0.128291"><ele>71</ele></trkpt>
      <trkpt lat="51.32748" lon="-0.128731"><ele>71.25</ele></trkpt>
      <trkpt lat="51.327346" lon="-0.128963"><ele>72</ele></trkpt>
      <trkpt lat="51.327104" lon="-0.129371"><ele>72</ele></trkpt>
      <trkpt lat="51.326871" lon="-0.129763"><ele>72</ele></trkpt>
      <trkpt lat="51.326787" lon="-0.129932"><ele>72</ele></trkpt>
      <trkpt lat="51.326508" lon="-0.130419"><ele>72</ele></trkpt>
      <trkpt lat="51.326459" lon="-0.130492"><ele>72</ele></trkpt>
      <trkpt lat="51.326126" lon="-0.130987"><ele>72.25</ele></trkpt>
      <trkpt lat="51.325289" lon="-0.132236"><ele>73</ele></trkpt>
      <trkpt lat="51.325193" lon="-0.132379"><ele>73</ele></trkpt>
      <trkpt lat="51.324469" lon="-0.133388"><ele>73.25</ele></trkpt>
      <trkpt lat="51.323662" lon="-0.134467"><ele>74</ele></trkpt>
      <trkpt lat="51.323517" lon="-0.134641"><ele>74</ele></trkpt>
      <trkpt lat="51.323402" lon="-0.134767"><ele>74</ele></trkpt>
      <trkpt lat="51.323316" lon="-0.134742"><ele>74</ele></trkpt>
      <trkpt lat="51.323186" lon="-0.134788"><ele>74</ele></trkpt>
      <trkpt lat="51.323141" lon="-0.134797"><ele>74</ele></trkpt>
      <trkpt lat="51.32309" lon="-0.134798"><ele>74</ele></trkpt>
      <trkpt lat="51.322998" lon="-0.134803"><ele>74</ele></trkpt>
      <trkpt lat="51.322218" lon="-0.13479"><ele>74.75</ele></trkpt>
      <trkpt lat="51.322148" lon="-0.134816"><ele>75</ele></trkpt>
      <trkpt lat="51.321764" lon="-0.13477"><ele>74.75</ele></trkpt>
      <trkpt lat="51.321249" lon="-0.134754"><ele>75.75</ele></trkpt>
      <trkpt lat="51.320952" lon="-0.134776"><ele>77.5</ele></trkpt>
      <trkpt lat="51.320565" lon="-0.134907"><ele>79.5</ele></trkpt>
      <trkpt lat="51.32018" lon="-0.135146"><ele>82.75</ele></trkpt>
      <trkpt lat="51.319896" lon="-0.135394"><ele>84.25</ele></trkpt>
      <trkpt lat="51.319684" lon="-0.135633"><ele>84.5</ele></trkpt>
      <trkpt lat="51.319523" lon="-0.135713"><ele>85.25</ele></trkpt>
      <trkpt lat="51.319476" lon="-0.135759"><ele>85.25</ele></trkpt>
      <trkpt lat="51.319445" lon="-0.135788"><ele>85</ele></trkpt>
      <trkpt lat="51.319319" lon="-0.135911"><ele>85.5</ele></trkpt>
      <trkpt lat="51.318448" lon="-0.13676"><ele>85.75</ele></trkpt>
      <trkpt lat="51.318166" lon="-0.136957"><ele>85.5</ele></trkpt>
      <trkpt lat="51.317581" lon="-0.137501"><ele>84.5</ele></trkpt>
      <trkpt lat="51.317139" lon="-0.137914"><ele>82</ele></trkpt>
      <trkpt lat="51.317104" lon="-0.137946"><ele>81.5</ele></trkpt>
      <trkpt lat="51.317043" lon="-0.138004"><ele>80.75</ele></trkpt>
      <trkpt lat="51.317025" lon="-0.13798"><ele>81</ele></trkpt>
      <trkpt lat="51.316978" lon="-0.137918"><ele>81</ele></trkpt>
      <trkpt lat="51.316637" lon="-0.137467"><ele>81</ele></trkpt>
      <trkpt lat="51.316508" lon="-0.13762"><ele>84.25</ele></trkpt>
      <trkpt lat="51.316256" lon="-0.137751"><ele>86</ele></trkpt>
      <trkpt lat="51.316119" lon="-0.137925"><ele>85.75</ele></trkpt>
      <trkpt lat="51.315926" lon="-0.137991"><ele>86.5</ele></trkpt>
      <trkpt lat="51.315851" lon="-0.13803"><ele>86.75</ele></trkpt>
      <trkpt lat="51.315834" lon="-0.137999"><ele>86.75</ele></trkpt>
      <trkpt lat="51.315815" lon="-0.137925"><ele>86.25</ele></trkpt>
      <trkpt lat="51.31581" lon="-0.13791"><ele>86.25</ele></trkpt>
      <trkpt lat="51.315815" lon="-0.137925"><ele>86.25</ele></trkpt>
      <trkpt lat="51.315834" lon="-0.137999"><ele>86.75</ele></trkpt>
      <trkpt lat="51.315851" lon="-0.13803"><ele>86.75</ele></trkpt>
      <trkpt lat="51.315653" lon="-0.138145"><ele>86</ele></trkpt>
      <trkpt lat="51.315564" lon="-0.138177"><ele>86</ele></trkpt>
      <trkpt lat="51.315427" lon="-0.138255"><ele>86.25</ele></trkpt>
      <trkpt lat="51.315348" lon="-0.138351"><ele>86.5</ele></trkpt>
      <trkpt lat="51.31533" lon="-0.13844"><ele>86.5</ele></trkpt>
      <trkpt lat="51.315231" lon="-0.138502"><ele>86.25</ele></trkpt>
      <trkpt lat="51.315143" lon="-0.138565"><ele>86</ele></trkpt>
      <trkpt lat="51.314779" lon="-0.138921"><ele>86</ele></trkpt>
      <trkpt lat="51.31442" lon="-0.139371"><ele>86</ele></trkpt>
      <trkpt lat="51.314213" lon="-0.139676"><ele>86.5</ele></trkpt>
      <trkpt lat="51.313909" lon="-0.140168"><ele>87.25</ele></trkpt>
      <trkpt lat="51.313626" lon="-0.140664"><ele>87.75</ele></trkpt>
      <trkpt lat="51.313468" lon="-0.140937"><ele>89</ele></trkpt>
      <trkpt lat="51.312988" lon="-0.141731"><ele>89</ele></trkpt>
      <trkpt lat="51.312772" lon="-0.142032"><ele>89.25</ele></trkpt>
      <trkpt lat="51.312677" lon="-0.142145"><ele>89.5</ele></trkpt>
      <trkpt lat="51.312382" lon="-0.142383"><ele>90.5</ele></trkpt>
      <trkpt lat="51.311956" lon="-0.142715"><ele>92</ele></trkpt>
      <trkpt lat="51.311835" lon="-0.142832"><ele>92.25</ele></trkpt>
      <trkpt lat="51.311731" lon="-0.143166"><ele>91.75</ele></trkpt>
      <trkpt lat="51.311634" lon="-0.143452"><ele>91</ele></trkpt>
      <trkpt lat="51.311562" lon="-0.143548"><ele>90.75</ele></trkpt>
      <trkpt lat="51.311398" lon="-0.143712"><ele>90</ele></trkpt>
      <trkpt lat="51.310935" lon="-0.144067"><ele>90.25</ele></trkpt>
      <trkpt lat="51.310907" lon="-0.14409"><ele>90.25</ele></trkpt>
      <trkpt lat="51.310883" lon="-0.144107"><ele>90.25</ele></trkpt>
      <trkpt lat="51.310716" lon="-0.144287"><ele>90.75</ele></trkpt>
      <trkpt lat="51.310495" lon="-0.14446"><ele>91.25</ele></trkpt>
      <trkpt lat="51.310458" lon="-0.144489"><ele>91.5</ele></trkpt>
      <trkpt lat="51.310238" lon="-0.144653"><ele>92.25</ele></trkpt>
      <trkpt lat="51.309777" lon="-0.14492"><ele>92.75</ele></trkpt>
      <trkpt lat="51.309799" lon="-0.145032"><ele>92.5</ele></trkpt>
      <trkpt lat="51.309555" lon="-0.145144"><ele>93.5</ele></trkpt>
      <trkpt lat="51.308186" lon="-0.145877"><ele>97.25</ele></trkpt>
      <trkpt lat="51.30797" lon="-0.145985"><ele>98.25</ele></trkpt>
      <trkpt lat="51.30779" lon="-0.146074"><ele>98.75</ele></trkpt>
      <trkpt lat="51.307566" lon="-0.146198"><ele>99.75</ele></trkpt>
      <trkpt lat="51.307462" lon="-0.146256"><ele>100</ele></trkpt>
      <trkpt lat="51.307437" lon="-0.146317"><ele>100</ele></trkpt>
      <trkpt lat="51.307411" lon="-0.14633"><ele>100.25</ele></trkpt>
      <trkpt lat="51.307375" lon="-0.14635"><ele>100.25</ele></trkpt>
      <trkpt lat="51.307313" lon="-0.146374"><ele>100.5</ele></trkpt>
      <trkpt lat="51.307289" lon="-0.146348"><ele>100.5</ele></trkpt>
      <trkpt lat="51.307203" lon="-0.146392"><ele>101</ele></trkpt>
      <trkpt lat="51.306858" lon="-0.146579"><ele>102</ele></trkpt>
      <trkpt lat="51.306823" lon="-0.146599"><ele>102.25</ele></trkpt>
      <trkpt lat="51.306779" lon="-0.146618"><ele>102.25</ele></trkpt>
      <trkpt lat="51.306658" lon="-0.146688"><ele>103</ele></trkpt>
      <trkpt lat="51.305906" lon="-0.147185"><ele>106</ele></trkpt>
      <trkpt lat="51.304754" lon="-0.147951"><ele>108</ele></trkpt>
      <trkpt lat="51.304723" lon="-0.147972"><ele>108</ele></trkpt>
      <trkpt lat="51.304431" lon="-0.148167"><ele>108</ele></trkpt>
      <trkpt lat="51.303823" lon="-0.148619"><ele>107</ele></trkpt>
      <trkpt lat="51.303739" lon="-0.148681"><ele>107</ele></trkpt>
      <trkpt lat="51.302981" lon="-0.14932"><ele>106.25</ele></trkpt>
      <trkpt lat="51.302639" lon="-0.149626"><ele>106</ele></trkpt>
      <trkpt lat="51.302461" lon="-0.149689"><ele>105.75</ele></trkpt>
      <trkpt lat="51.30161" lon="-0.150347"><ele>106.75</ele></trkpt>
      <trkpt lat="51.301124" lon="-0.150707"><ele>107.5</ele></trkpt>
      <trkpt lat="51.300685" lon="-0.150951"><ele>108.75</ele></trkpt>
      <trkpt lat="51.300038" lon="-0.151286"><ele>109.5</ele></trkpt>
      <trkpt lat="51.296266" lon="-0.152666"><ele>110.25</ele></trkpt>
      <trkpt lat="51.296233" lon="-0.15268"><ele>110.25</ele></trkpt>
      <trkpt lat="51.296175" lon="-0.152705"><ele>110.25</ele></trkpt>
      <trkpt lat="51.296025" lon="-0.152832"><ele>110.25</ele></trkpt>
      <trkpt lat="51.295921" lon="-0.152871"><ele>110.5</ele></trkpt>
      <trkpt lat="51.295499" lon="-0.15304"><ele>112</ele></trkpt>
      <trkpt lat="51.293855" lon="-0.153698"><ele>118.25</ele></trkpt>
      <trkpt lat="51.293409" lon="-0.153868"><ele>118.5</ele></trkpt>
      <trkpt lat="51.293236" lon="-0.153924"><ele>119</ele></trkpt>
      <trkpt lat="51.29321" lon="-0.153934"><ele>119</ele></trkpt>
      <trkpt lat="51.293104" lon="-0.153975"><ele>119</ele></trkpt>
      <trkpt lat="51.292727" lon="-0.154108"><ele>118.75</ele></trkpt>
      <trkpt lat="51.292648" lon="-0.154164"><ele>118.75</ele></trkpt>
      <trkpt lat="51.29212" lon="-0.154332"><ele>118.25</ele></trkpt>
      <trkpt lat="51.291996" lon="-0.154378"><ele>118.75</ele></trkpt>
      <trkpt lat="51.291638" lon="-0.1545"><ele>119</ele></trkpt>
      <trkpt lat="51.291549" lon="-0.154532"><ele>119</ele></trkpt>
      <trkpt lat="51.290978" lon="-0.154718"><ele>119</ele></trkpt>
      <trkpt lat="51.290239" lon="-0.154931"><ele>119.25</ele></trkpt>
      <trkpt lat="51.289242" lon="-0.155155"><ele>120.25</ele></trkpt>
      <trkpt lat="51.289185" lon="-0.155167"><ele>120.25</ele></trkpt>
      <trkpt lat="51.288592" lon="-0.155298"><ele>120</ele></trkpt>
      <trkpt lat="51.288433" lon="-0.155339"><ele>120</ele></trkpt>
      <trkpt lat="51.288267" lon="-0.155375"><ele>120.25</ele></trkpt>
      <trkpt lat="51.287672" lon="-0.155566"><ele>121</ele></trkpt>
      <trkpt lat="51.28738" lon="-0.155586"><ele>121.5</ele></trkpt>
      <trkpt lat="51.287235" lon="-0.155582"><ele>122</ele></trkpt>
      <trkpt lat="51.287036" lon="-0.155539"><ele>122.5</ele></trkpt>
      <trkpt lat="51.286934" lon="-0.155518"><ele>122.75</ele></trkpt>
      <trkpt lat="51.286732" lon="-0.155467"><ele>122.5</ele></trkpt>
      <trkpt lat="51.285994" lon="-0.155262"><ele>124.25</ele></trkpt>
      <trkpt lat="51.285712" lon="-0.155215"><ele>124.75</ele></trkpt>
      <trkpt lat="51.285437" lon="-0.155152"><ele>125</ele></trkpt>
      <trkpt lat="51.285284" lon="-0.155129"><ele>125.25</ele></trkpt>
      <trkpt lat="51.285072" lon="-0.155122"><ele>126</ele></trkpt>
      <trkpt lat="51.284867" lon="-0.155143"><ele>126.5</ele></trkpt>
      <trkpt lat="51.284698" lon="-0.155182"><ele>126.5</ele></trkpt>
      <trkpt lat="51.284558" lon="-0.155236"><ele>126.75</ele></trkpt>
      <trkpt lat="51.284417" lon="-0.155303"><ele>127.25</ele></trkpt>
      <trkpt lat="51.284286" lon="-0.155379"><ele>128</ele></trkpt>
      <trkpt lat="51.284114" lon="-0.155491"><ele>128</ele></trkpt>
      <trkpt lat="51.283815" lon="-0.15572"><ele>130.75</ele></trkpt>
      <trkpt lat="51.283772" lon="-0.155759"><ele>131.25</ele></trkpt>
      <trkpt lat="51.283284" lon="-0.156209"><ele>131</ele></trkpt>
      <trkpt lat="51.283263" lon="-0.156228"><ele>131</ele></trkpt>
      <trkpt lat="51.282933" lon="-0.156492"><ele>129</ele></trkpt>
      <trkpt lat="51.282645" lon="-0.156699"><ele>128.75</ele></trkpt>
      <trkpt lat="51.2825" lon="-0.156784"><ele>128.75</ele></trkpt>
      <trkpt lat="51.282345" lon="-0.156857"><ele>128.75</ele></trkpt>
      <trkpt lat="51.28227" lon="-0.156883"><ele>128.75</ele></trkpt>
      <trkpt lat="51.282017" lon="-0.156952"><ele>129</ele></trkpt>
      <trkpt lat="51.281868" lon="-0.156968"><ele>129.25</ele></trkpt>
      <trkpt lat="51.281799" lon="-0.156967"><ele>129.5</ele></trkpt>
      <trkpt lat="51.281719" lon="-0.156967"><ele>129.75</ele></trkpt>
      <trkpt lat="51.281549" lon="-0.15695"><ele>130</ele></trkpt>
      <trkpt lat="51.281391" lon="-0.156922"><ele>129.75</ele></trkpt>
      <trkpt lat="51.281217" lon="-0.156872"><ele>129.5</ele></trkpt>
      <trkpt lat="51.280458" lon="-0.156606"><ele>131.5</ele></trkpt>
      <trkpt lat="51.28022" lon="-0.156505"><ele>132.25</ele></trkpt>
      <trkpt lat="51.280074" lon="-0.156526"><ele>133</ele></trkpt>
      <trkpt lat="51.279645" lon="-0.156447"><ele>134.5</ele></trkpt>
      <trkpt lat="51.279377" lon="-0.156475"><ele>135</ele></trkpt>
      <trkpt lat="51.279228" lon="-0.156506"><ele>135</ele></trkpt>
      <trkpt lat="51.278948" lon="-0.156602"><ele>135</ele></trkpt>
      <trkpt lat="51.278815" lon="-0.156664"><ele>134.5</ele></trkpt>
      <trkpt lat="51.278475" lon="-0.156866"><ele>134.5</ele></trkpt>
      <trkpt lat="51.278433" lon="-0.156728"><ele>134</ele></trkpt>
      <trkpt lat="51.278398" lon="-0.156669"><ele>134</ele></trkpt>
      <trkpt lat="51.278358" lon="-0.156636"><ele>134</ele></trkpt>
      <trkpt lat="51.27831" lon="-0.156629"><ele>133.75</ele></trkpt>
      <trkpt lat="51.278053" lon="-0.156748"><ele>132.75</ele></trkpt>
      <trkpt lat="51.277896" lon="-0.156802"><ele>132.25</ele></trkpt>
      <trkpt lat="51.277734" lon="-0.156802"><ele>131.5</ele></trkpt>
      <trkpt lat="51.277631" lon="-0.156836"><ele>131</ele></trkpt>
      <trkpt lat="51.277487" lon="-0.156987"><ele>131.5</ele></trkpt>
      <trkpt lat="51.277386" lon="-0.15708"><ele>130.75</ele></trkpt>
      <trkpt lat="51.277162" lon="-0.157262"><ele>131.5</ele></trkpt>
      <trkpt lat="51.277035" lon="-0.157342"><ele>131</ele></trkpt>
      <trkpt lat="51.276984" lon="-0.157365"><ele>131</ele></trkpt>
      <trkpt lat="51.276973" lon="-0.157331"><ele>130.75</ele></trkpt>
      <trkpt lat="51.27676" lon="-0.157329"><ele>131.5</ele></trkpt>
      <trkpt lat="51.276582" lon="-0.157366"><ele>131.5</ele></trkpt>
      <trkpt lat="51.276303" lon="-0.157376"><ele>130.25</ele></trkpt>
      <trkpt lat="51.276065" lon="-0.157353"><ele>129.75</ele></trkpt>
      <trkpt lat="51.275801" lon="-0.157239"><ele>129</ele></trkpt>
      <trkpt lat="51.275492" lon="-0.157035"><ele>127.75</ele></trkpt>
      <trkpt lat="51.275299" lon="-0.15686"><ele>127.75</ele></trkpt>
      <trkpt lat="51.275143" lon="-0.15667"><ele>127.25</ele></trkpt>
      <trkpt lat="51.275055" lon="-0.156565"><ele>128.25</ele></trkpt>
      <trkpt lat="51.274868" lon="-0.1563"><ele>128.25</ele></trkpt>
      <trkpt lat="51.274742" lon="-0.156025"><ele>128</ele></trkpt>
      <trkpt lat="51.274617" lon="-0.155727"><ele>127.75</ele></trkpt>
      <trkpt lat="51.27453" lon="-0.155454"><ele>127.25</ele></trkpt>
      <trkpt lat="51.274452" lon="-0.155452"><ele>127</ele></trkpt>
      <trkpt lat="51.274398" lon="-0.155265"><ele>126.75</ele></trkpt>
      <trkpt lat="51.274112" lon="-0.153792"><ele>124.5</ele></trkpt>
      <trkpt lat="51.273996" lon="-0.153212"><ele>123.25</ele></trkpt>
      <trkpt lat="51.273925" lon="-0.152983"><ele>122.5</ele></trkpt>
      <trkpt lat="51.273863" lon="-0.152846"><ele>122.75</ele></trkpt>
      <trkpt lat="51.2738" lon="-0.152707"><ele>123</ele></trkpt>
      <trkpt lat="51.27365" lon="-0.152426"><ele>121.5</ele></trkpt>
      <trkpt lat="51.273642" lon="-0.152413"><ele>121.5</ele></trkpt>
      <trkpt lat="51.273535" lon="-0.152248"><ele>121.5</ele></trkpt>
      <trkpt lat="51.273498" lon="-0.152191"><ele>121.25</ele></trkpt>
      <trkpt lat="51.273371" lon="-0.15208"><ele>121.25</ele></trkpt>
      <trkpt lat="51.273278" lon="-0.151998"><ele>121.25</ele></trkpt>
      <trkpt lat="51.273202" lon="-0.151932"><ele>120.75</ele></trkpt>
      <trkpt lat="51.272803" lon="-0.151737"><ele>120.5</ele></trkpt>
      <trkpt lat="51.272476" lon="-0.15161"><ele>119.5</ele></trkpt>
      <trkpt lat="51.27239" lon="-0.151581"><ele>119.75</ele></trkpt>
      <trkpt lat="51.271517" lon="-0.151272"><ele>117.25</ele></trkpt>
      <trkpt lat="51.271289" lon="-0.151181"><ele>117</ele></trkpt>
      <trkpt lat="51.270566" lon="-0.151028"><ele>113.5</ele></trkpt>
      <trkpt lat="51.269849" lon="-0.150949"><ele>112</ele></trkpt>
      <trkpt lat="51.269435" lon="-0.150942"><ele>110.5</ele></trkpt>
      <trkpt lat="51.268949" lon="-0.150947"><ele>107.5</ele></trkpt>
      <trkpt lat="51.268572" lon="-0.150951"><ele>105.5</ele></trkpt>
      <trkpt lat="51.267796" lon="-0.151072"><ele>104</ele></trkpt>
      <trkpt lat="51.267716" lon="-0.151087"><ele>103.75</ele></trkpt>
      <trkpt lat="51.267545" lon="-0.15111"><ele>103</ele></trkpt>
      <trkpt lat="51.267434" lon="-0.151126"><ele>102.5</ele></trkpt>
      <trkpt lat="51.267115" lon="-0.151177"><ele>100.75</ele></trkpt>
      <trkpt lat="51.266882" lon="-0.151263"><ele>97.25</ele></trkpt>
      <trkpt lat="51.266445" lon="-0.151431"><ele>97.5</ele></trkpt>
      <trkpt lat="51.266248" lon="-0.151514"><ele>98.75</ele></trkpt>
      <trkpt lat="51.26603" lon="-0.151642"><ele>98.75</ele></trkpt>
      <trkpt lat="51.265804" lon="-0.151798"><ele>98.5</ele></trkpt>
      <trkpt lat="51.265635" lon="-0.151866"><ele>99</ele></trkpt>
      <trkpt lat="51.265469" lon="-0.152023"><ele>99.5</ele></trkpt>
      <trkpt lat="51.265338" lon="-0.152147"><ele>99.5</ele></trkpt>
      <trkpt lat="51.265308" lon="-0.152101"><ele>99.5</ele></trkpt>
      <trkpt lat="51.265168" lon="-0.151882"><ele>98.75</ele></trkpt>
      <trkpt lat="51.264922" lon="-0.151499"><ele>97.5</ele></trkpt>
      <trkpt lat="51.264835" lon="-0.151363"><ele>97.5</ele></trkpt>
      <trkpt lat="51.26481" lon="-0.151324"><ele>97.5</ele></trkpt>
      <trkpt lat="51.264535" lon="-0.150895"><ele>97</ele></trkpt>
      <trkpt lat="51.264333" lon="-0.15058"><ele>96.25</ele></trkpt>
      <trkpt lat="51.264277" lon="-0.150493"><ele>96.25</ele></trkpt>
      <trkpt lat="51.264206" lon="-0.150425"><ele>96.25</ele></trkpt>
      <trkpt lat="51.264178" lon="-0.150405"><ele>96.25</ele></trkpt>
      <trkpt lat="51.264147" lon="-0.150403"><ele>96.25</ele></trkpt>
      <trkpt lat="51.26398" lon="-0.150457"><ele>96.5</ele></trkpt>
      <trkpt lat="51.263755" lon="-0.150999"><ele>97.5</ele></trkpt>
      <trkpt lat="51.263682" lon="-0.15119"><ele>98</ele></trkpt>
      <trkpt lat="51.263422" lon="-0.151952"><ele>98.25</ele></trkpt>
      <trkpt lat="51.263387" lon="-0.152001"><ele>98.25</ele></trkpt>
      <trkpt lat="51.263395" lon="-0.152043"><ele>98.25</ele></trkpt>
      <trkpt lat="51.26342" lon="-0.152161"><ele>98.75</ele></trkpt>
      <trkpt lat="51.263247" lon="-0.152215"><ele>98.75</ele></trkpt>
      <trkpt lat="51.262991" lon="-0.152362"><ele>99</ele></trkpt>
      <trkpt lat="51.262911" lon="-0.152411"><ele>99</ele></trkpt>
      <trkpt lat="51.262785" lon="-0.152498"><ele>98.75</ele></trkpt>
      <trkpt lat="51.262554" lon="-0.152692"><ele>98.75</ele></trkpt>
      <trkpt lat="51.262237" lon="-0.152985"><ele>98.75</ele></trkpt>
      <trkpt lat="51.26159" lon="-0.153622"><ele>97.75</ele></trkpt>
      <trkpt lat="51.261396" lon="-0.153801"><ele>98</ele></trkpt>
      <trkpt lat="51.261064" lon="-0.154114"><ele>96.75</ele></trkpt>
      <trkpt lat="51.260934" lon="-0.154233"><ele>96.25</ele></trkpt>
      <trkpt lat="51.258865" lon="-0.156313"><ele>88.75</ele></trkpt>
      <trkpt lat="51.258647" lon="-0.156532"><ele>88</ele></trkpt>
      <trkpt lat="51.258275" lon="-0.156918"><ele>87.75</ele></trkpt>
      <trkpt lat="51.257747" lon="-0.15748"><ele>87</ele></trkpt>
      <trkpt lat="51.257615" lon="-0.157622"><ele>86.75</ele></trkpt>
      <trkpt lat="51.257374" lon="-0.157866"><ele>86.75</ele></trkpt>
      <trkpt lat="51.257064" lon="-0.158152"><ele>86.75</ele></trkpt>
      <trkpt lat="51.257036" lon="-0.15818"><ele>86.75</ele></trkpt>
      <trkpt lat="51.256902" lon="-0.158309"><ele>87</ele></trkpt>
      <trkpt lat="51.256739" lon="-0.158464"><ele>86.5</ele></trkpt>
      <trkpt lat="51.256609" lon="-0.158614"><ele>86</ele></trkpt>
      <trkpt lat="51.256493" lon="-0.158764"><ele>86</ele></trkpt>
      <trkpt lat="51.256359" lon="-0.158978"><ele>85.5</ele></trkpt>
      <trkpt lat="51.256269" lon="-0.159115"><ele>85</ele></trkpt>
      <trkpt lat="51.256163" lon="-0.159301"><ele>85</ele></trkpt>
      <trkpt lat="51.256074" lon="-0.159488"><ele>85</ele></trkpt>
      <trkpt lat="51.255131" lon="-0.16151"><ele>89</ele></trkpt>
      <trkpt lat="51.254968" lon="-0.161877"><ele>89.5</ele></trkpt>
      <trkpt lat="51.254849" lon="-0.162145"><ele>88.5</ele></trkpt>
      <trkpt lat="51.254596" lon="-0.162749"><ele>87</ele></trkpt>
      <trkpt lat="51.254501" lon="-0.162993"><ele>87</ele></trkpt>
      <trkpt lat="51.254414" lon="-0.163255"><ele>87</ele></trkpt>
      <trkpt lat="51.254118" lon="-0.164045"><ele>90.5</ele></trkpt>
      <trkpt lat="51.254042" lon="-0.164228"><ele>91.25</ele></trkpt>
      <trkpt lat="51.253948" lon="-0.164345"><ele>91.75</ele></trkpt>
      <trkpt lat="51.253819" lon="-0.164457"><ele>92</ele></trkpt>
      <trkpt lat="51.25367" lon="-0.164542"><ele>92</ele></trkpt>
      <trkpt lat="51.253506" lon="-0.16462"><ele>91.5</ele></trkpt>
      <trkpt lat="51.253338" lon="-0.164687"><ele>91</ele></trkpt>
      <trkpt lat="51.253203" lon="-0.164726"><ele>90.5</ele></trkpt>
      <trkpt lat="51.25254" lon="-0.164922"><ele>87</ele></trkpt>
      <trkpt lat="51.252365" lon="-0.164973"><ele>86</ele></trkpt>
      <trkpt lat="51.25158" lon="-0.165205"><ele>83.75</ele></trkpt>
      <trkpt lat="51.251014" lon="-0.165358"><ele>82.75</ele></trkpt>
      <trkpt lat="51.249789" lon="-0.165714"><ele>81</ele></trkpt>
      <trkpt lat="51.249214" lon="-0.165849"><ele>81</ele></trkpt>
      <trkpt lat="51.248627" lon="-0.166013"><ele>81</ele></trkpt>
      <trkpt lat="51.247776" lon="-0.166244"><ele>82.25</ele></trkpt>
      <trkpt lat="51.24751" lon="-0.166326"><ele>83.5</ele></trkpt>
      <trkpt lat="51.247122" lon="-0.166492"><ele>85</ele></trkpt>
      <trkpt lat="51.246975" lon="-0.166525"><ele>85.25</ele></trkpt>
      <trkpt lat="51.246452" lon="-0.16671"><ele>84.25</ele></trkpt>
      <trkpt lat="51.246353" lon="-0.166729"><ele>84</ele></trkpt>
      <trkpt lat="51.246199" lon="-0.166761"><ele>83.75</ele></trkpt>
      <trkpt lat="51.246171" lon="-0.166768"><ele>83.75</ele></trkpt>
      <trkpt lat="51.245679" lon="-0.166917"><ele>80.75</ele></trkpt>
      <trkpt lat="51.245281" lon="-0.166944"><ele>79</ele></trkpt>
      <trkpt lat="51.245119" lon="-0.166986"><ele>79</ele></trkpt>
      <trkpt lat="51.24487" lon="-0.167043"><ele>78.5</ele></trkpt>
      <trkpt lat="51.24485" lon="-0.167048"><ele>78.25</ele></trkpt>
      <trkpt lat="51.24473" lon="-0.167075"><ele>78</ele></trkpt>
      <trkpt lat="51.244315" lon="-0.167191"><ele>77.75</ele></trkpt>
      <trkpt lat="51.244129" lon="-0.167243"><ele>78</ele></trkpt>
      <trkpt lat="51.244048" lon="-0.167267"><ele>78</ele></trkpt>
      <trkpt lat="51.243137" lon="-0.167535"><ele>77</ele></trkpt>
      <trkpt lat="51.242883" lon="-0.167595"><ele>77</ele></trkpt>
      <trkpt lat="51.242725" lon="-0.16755"><ele>77</ele></trkpt>
      <trkpt lat="51.242643" lon="-0.167526"><ele>77</ele></trkpt>
      <trkpt lat="51.242627" lon="-0.167475"><ele>76.75</ele></trkpt>
      <trkpt lat="51.242602" lon="-0.167436"><ele>76.75</ele></trkpt>
      <trkpt lat="51.242573" lon="-0.167414"><ele>76.75</ele></trkpt>
      <trkpt lat="51.24253" lon="-0.167314"><ele>76.75</ele></trkpt>
      <trkpt lat="51.242399" lon="-0.166852"><ele>76</ele></trkpt>
      <trkpt lat="51.242312" lon="-0.166629"><ele>76</ele></trkpt>
      <trkpt lat="51.242243" lon="-0.166494"><ele>76.5</ele></trkpt>
      <trkpt lat="51.2422" lon="-0.16643"><ele>76.75</ele></trkpt>
      <trkpt lat="51.242068" lon="-0.166274"><ele>77</ele></trkpt>
      <trkpt lat="51.241978" lon="-0.166187"><ele>77.5</ele></trkpt>
      <trkpt lat="51.241858" lon="-0.166092"><ele>78</ele></trkpt>
      <trkpt lat="51.241797" lon="-0.166064"><ele>78</ele></trkpt>
      <trkpt lat="51.241713" lon="-0.166003"><ele>78</ele></trkpt>
      <trkpt lat="51.241608" lon="-0.165965"><ele>77.75</ele></trkpt>
      <trkpt lat="51.241487" lon="-0.16594"><ele>77.75</ele></trkpt>
      <trkpt lat="51.241294" lon="-0.165929"><ele>77.25</ele></trkpt>
      <trkpt lat="51.241209" lon="-0.165935"><ele>76.75</ele></trkpt>
      <trkpt lat="51.241094" lon="-0.165957"><ele>76.5</ele></trkpt>
      <trkpt lat="51.2409" lon="-0.166027"><ele>76</ele></trkpt>
      <trkpt lat="51.240885" lon="-0.165994"><ele>76</ele></trkpt>
      <trkpt lat="51.240833" lon="-0.166018"><ele>75.75</ele></trkpt>
      <trkpt lat="51.240751" lon="-0.166046"><ele>75.75</ele></trkpt>
      <trkpt lat="51.240568" lon="-0.16621"><ele>75.25</ele></trkpt>
      <trkpt lat="51.240418" lon="-0.166342"><ele>75.75</ele></trkpt>
      <trkpt lat="51.240238" lon="-0.166289"><ele>75.75</ele></trkpt>
      <trkpt lat="51.24013" lon="-0.166235"><ele>75.5</ele></trkpt>
      <trkpt lat="51.240131" lon="-0.166208"><ele>75.5</ele></trkpt>
      <trkpt lat="51.240133" lon="-0.166166"><ele>75.5</ele></trkpt>
      <trkpt lat="51.240136" lon="-0.166106"><ele>75.5</ele></trkpt>
      <trkpt lat="51.240126" lon="-0.166097"><ele>76.25</ele></trkpt>
      <trkpt lat="51.240136" lon="-0.166106"><ele>75.5</ele></trkpt>
      <trkpt lat="51.240133" lon="-0.166166"><ele>75.5</ele></trkpt>
      <trkpt lat="51.240131" lon="-0.166208"><ele>75.5</ele></trkpt>
      <trkpt lat="51.24013" lon="-0.166235"><ele>75.5</ele></trkpt>
      <trkpt lat="51.240072" lon="-0.166177"><ele>75.25</ele></trkpt>
      <trkpt lat="51.240044" lon="-0.166108"><ele>75</ele></trkpt>
      <trkpt lat="51.240036" lon="-0.16607"><ele>75.75</ele></trkpt>
      <trkpt lat="51.240024" lon="-0.166077"><ele>75.5</ele></trkpt>
      <trkpt lat="51.239997" lon="-0.165982"><ele>75.75</ele></trkpt>
      <trkpt lat="51.239973" lon="-0.165901"><ele>76.25</ele></trkpt>
      <trkpt lat="51.23994" lon="-0.165783"><ele>76.75</ele></trkpt>
      <trkpt lat="51.239933" lon="-0.165762"><ele>77</ele></trkpt>
      <trkpt lat="51.239914" lon="-0.165695"><ele>77.25</ele></trkpt>
      <trkpt lat="51.239891" lon="-0.165617"><ele>77.75</ele></trkpt>
      <trkpt lat="51.23985" lon="-0.165479"><ele>78.5</ele></trkpt>
      <trkpt lat="51.239754" lon="-0.165181"><ele>78.5</ele></trkpt>
      <trkpt lat="51.239748" lon="-0.165162"><ele>78.5</ele></trkpt>
      <trkpt lat="51.239669" lon="-0.165029"><ele>78.5</ele></trkpt>
      <trkpt lat="51.239638" lon="-0.164993"><ele>78.5</ele></trkpt>
      <trkpt lat="51.239582" lon="-0.164963"><ele>79</ele></trkpt>
      <trkpt lat="51.239513" lon="-0.164954"><ele>79.75</ele></trkpt>
      <trkpt lat="51.239416" lon="-0.164977"><ele>80.25</ele></trkpt>
      <trkpt lat="51.239321" lon="-0.165026"><ele>81</ele></trkpt>
      <trkpt lat="51.239073" lon="-0.165272"><ele>82.25</ele></trkpt>
      <trkpt lat="51.239012" lon="-0.165299"><ele>82.5</ele></trkpt>
      <trkpt lat="51.238964" lon="-0.165321"><ele>82.75</ele></trkpt>
      <trkpt lat="51.238878" lon="-0.165288"><ele>83</ele></trkpt>
      <trkpt lat="51.238823" lon="-0.165266"><ele>83.5</ele></trkpt>
      <trkpt lat="51.238496" lon="-0.164981"><ele>85.5</ele></trkpt>
      <trkpt lat="51.238288" lon="-0.1648"><ele>87.5</ele></trkpt>
      <trkpt lat="51.238199" lon="-0.164726"><ele>88.25</ele></trkpt>
      <trkpt lat="51.237852" lon="-0.164438"><ele>91.75</ele></trkpt>
      <trkpt lat="51.237436" lon="-0.164269"><ele>95.5</ele></trkpt>
      <trkpt lat="51.237275" lon="-0.164265"><ele>96.25</ele></trkpt>
      <trkpt lat="51.236911" lon="-0.164303"><ele>100.25</ele></trkpt>
      <trkpt lat="51.236789" lon="-0.164307"><ele>101.5</ele></trkpt>
      <trkpt lat="51.236607" lon="-0.164297"><ele>103.5</ele></trkpt>
      <trkpt lat="51.236508" lon="-0.164283"><ele>104.25</ele></trkpt>
      <trkpt lat="51.23643" lon="-0.164274"><ele>105</ele></trkpt>
      <trkpt lat="51.236299" lon="-0.164236"><ele>106.75</ele></trkpt>
      <trkpt lat="51.236191" lon="-0.164181"><ele>108</ele></trkpt>
      <trkpt lat="51.236082" lon="-0.164107"><ele>109.5</ele></trkpt>
      <trkpt lat="51.235875" lon="-0.163928"><ele>111.5</ele></trkpt>
      <trkpt lat="51.235735" lon="-0.16376"><ele>113</ele></trkpt>
      <trkpt lat="51.23565" lon="-0.163637"><ele>114</ele></trkpt>
      <trkpt lat="51.235586" lon="-0.163526"><ele>115</ele></trkpt>
      <trkpt lat="51.235532" lon="-0.163409"><ele>115.5</ele></trkpt>
      <trkpt lat="51.235456" lon="-0.163181"><ele>115.75</ele></trkpt>
      <trkpt lat="51.235419" lon="-0.163043"><ele>116</ele></trkpt>
      <trkpt lat="51.235388" lon="-0.162882"><ele>117</ele></trkpt>
      <trkpt lat="51.235356" lon="-0.162592"><ele>118.25</ele></trkpt>
      <trkpt lat="51.235353" lon="-0.162498"><ele>118.5</ele></trkpt>
      <trkpt lat="51.235358" lon="-0.162241"><ele>120.25</ele></trkpt>
      <trkpt lat="51.235378" lon="-0.162069"><ele>121.5</ele></trkpt>
      <trkpt lat="51.235431" lon="-0.161883"><ele>122.75</ele></trkpt>
      <trkpt lat="51.235378" lon="-0.161833"><ele>123.5</ele></trkpt>
      <trkpt lat="51.235334" lon="-0.161816"><ele>124.25</ele></trkpt>
      <trkpt lat="51.235233" lon="-0.161778"><ele>125.5</ele></trkpt>
      <trkpt lat="51.234835" lon="-0.161617"><ele>130.5</ele></trkpt>
      <trkpt lat="51.234205" lon="-0.161405"><ele>126.5</ele></trkpt>
      <trkpt lat="51.234012" lon="-0.161341"><ele>120.25</ele></trkpt>
      <trkpt lat="51.233831" lon="-0.161282"><ele>113.75</ele></trkpt>
      <trkpt lat="51.233734" lon="-0.161295"><ele>111</ele></trkpt>
      <trkpt lat="51.233644" lon="-0.161237"><ele>108.25</ele></trkpt>
      <trkpt lat="51.233547" lon="-0.161182"><ele>106.75</ele></trkpt>
      <trkpt lat="51.233319" lon="-0.161294"><ele>103.5</ele></trkpt>
      <trkpt lat="51.233162" lon="-0.161359"><ele>102</ele></trkpt>
      <trkpt lat="51.233116" lon="-0.161217"><ele>103.5</ele></trkpt>
      <trkpt lat="51.233055" lon="-0.160871"><ele>108.25</ele></trkpt>
      <trkpt lat="51.233037" lon="-0.160811"><ele>109.5</ele></trkpt>
      <trkpt lat="51.233016" lon="-0.16078"><ele>110.25</ele></trkpt>
      <trkpt lat="51.232992" lon="-0.160762"><ele>111</ele></trkpt>
      <trkpt lat="51.232964" lon="-0.160754"><ele>111.75</ele></trkpt>
      <trkpt lat="51.232931" lon="-0.160764"><ele>112.25</ele></trkpt>
      <trkpt lat="51.232485" lon="-0.161016"><ele>114.25</ele></trkpt>
      <trkpt lat="51.232444" lon="-0.161031"><ele>114</ele></trkpt>
      <trkpt lat="51.232378" lon="-0.161032"><ele>114</ele></trkpt>
      <trkpt lat="51.232343" lon="-0.161016"><ele>114.25</ele></trkpt>
      <trkpt lat="51.232294" lon="-0.160956"><ele>114.5</ele></trkpt>
      <trkpt lat="51.232167" lon="-0.160596"><ele>116</ele></trkpt>
      <trkpt lat="51.23196" lon="-0.159988"><ele>114.25</ele></trkpt>
      <trkpt lat="51.231984" lon="-0.159182"><ele>116.25</ele></trkpt>
      <trkpt lat="51.232052" lon="-0.15819"><ele>115.5</ele></trkpt>
      <trkpt lat="51.232072" lon="-0.157704"><ele>115.25</ele></trkpt>
      <trkpt lat="51.231983" lon="-0.156909"><ele>112.75</ele></trkpt>
      <trkpt lat="51.231968" lon="-0.155875"><ele>115.25</ele></trkpt>
      <trkpt lat="51.231973" lon="-0.154531"><ele>109.5</ele></trkpt>
      <trkpt lat="51.231987" lon="-0.153539"><ele>108.5</ele></trkpt>
      <trkpt lat="51.232025" lon="-0.153039"><ele>110.25</ele></trkpt>
      <trkpt lat="51.232309" lon="-0.150954"><ele>101</ele></trkpt>
      <trkpt lat="51.232207" lon="-0.150156"><ele>97.5</ele></trkpt>
      <trkpt lat="51.231933" lon="-0.14904"><ele>91</ele></trkpt>
      <trkpt lat="51.231937" lon="-0.148345"><ele>88</ele></trkpt>
      <trkpt lat="51.231751" lon="-0.148126"><ele>87.75</ele></trkpt>
      <trkpt lat="51.231705" lon="-0.148152"><ele>88</ele></trkpt>
      <trkpt lat="51.231629" lon="-0.148165"><ele>88.25</ele></trkpt>
      <trkpt lat="51.231484" lon="-0.148167"><ele>88.25</ele></trkpt>
      <trkpt lat="51.231392" lon="-0.14815"><ele>88.25</ele></trkpt>
      <trkpt lat="51.231333" lon="-0.148134"><ele>88</ele></trkpt>
      <trkpt lat="51.231049" lon="-0.148055"><ele>86.75</ele></trkpt>
      <trkpt lat="51.230722" lon="-0.147973"><ele>85</ele></trkpt>
      <trkpt lat="51.230492" lon="-0.147927"><ele>83</ele></trkpt>
      <trkpt lat="51.229702" lon="-0.147792"><ele>78.75</ele></trkpt>
      <trkpt lat="51.229278" lon="-0.147667"><ele>77</ele></trkpt>
      <trkpt lat="51.228951" lon="-0.147505"><ele>75.25</ele></trkpt>
      <trkpt lat="51.228695" lon="-0.147336"><ele>73.75</ele></trkpt>
      <trkpt lat="51.228451" lon="-0.147325"><ele>74.75</ele></trkpt>
      <trkpt lat="51.228224" lon="-0.147245"><ele>72.25</ele></trkpt>
      <trkpt lat="51.227879" lon="-0.146992"><ele>68.5</ele></trkpt>
      <trkpt lat="51.22756" lon="-0.146743"><ele>67.75</ele></trkpt>
      <trkpt lat="51.227404" lon="-0.146536"><ele>67.75</ele></trkpt>
      <trkpt lat="51.227242" lon="-0.146177"><ele>68.75</ele></trkpt>
      <trkpt lat="51.227141" lon="-0.145889"><ele>69.75</ele></trkpt>
      <trkpt lat="51.227034" lon="-0.145492"><ele>70</ele></trkpt>
      <trkpt lat="51.226978" lon="-0.144978"><ele>70</ele></trkpt>
      <trkpt lat="51.226947" lon="-0.144743"><ele>70.75</ele></trkpt>
      <trkpt lat="51.226765" lon="-0.143649"><ele>70.5</ele></trkpt>
      <trkpt lat="51.226604" lon="-0.142669"><ele>69.5</ele></trkpt>
      <trkpt lat="51.226499" lon="-0.142031"><ele>68.25</ele></trkpt>
      <trkpt lat="51.226431" lon="-0.141837"><ele>67.75</ele></trkpt>
      <trkpt lat="51.226383" lon="-0.141638"><ele>67</ele></trkpt>
      <trkpt lat="51.226295" lon="-0.141356"><ele>67</ele></trkpt>
      <trkpt lat="51.226193" lon="-0.141089"><ele>67.25</ele></trkpt>
      <trkpt lat="51.226095" lon="-0.14082"><ele>67</ele></trkpt>
      <trkpt lat="51.225804" lon="-0.139889"><ele>68.25</ele></trkpt>
      <trkpt lat="51.225781" lon="-0.139814"><ele>68.5</ele></trkpt>
      <trkpt lat="51.225708" lon="-0.139594"><ele>69</ele></trkpt>
      <trkpt lat="51.225355" lon="-0.138623"><ele>68.25</ele></trkpt>
      <trkpt lat="51.225544" lon="-0.138453"><ele>69.5</ele></trkpt>
      <trkpt lat="51.225581" lon="-0.138353"><ele>69.75</ele></trkpt>
      <trkpt lat="51.225685" lon="-0.138076"><ele>70.25</ele></trkpt>
      <trkpt lat="51.225816" lon="-0.137974"><ele>71</ele></trkpt>
      <trkpt lat="51.226091" lon="-0.138002"><ele>71</ele></trkpt>
      <trkpt lat="51.226221" lon="-0.137874"><ele>71.5</ele></trkpt>
      <trkpt lat="51.22629" lon="-0.137702"><ele>72</ele></trkpt>
      <trkpt lat="51.226301" lon="-0.137464"><ele>72</ele></trkpt>
      <trkpt lat="51.226299" lon="-0.137188"><ele>73</ele></trkpt>
      <trkpt lat="51.226479" lon="-0.136691"><ele>73.75</ele></trkpt>
      <trkpt lat="51.226577" lon="-0.136527"><ele>74.5</ele></trkpt>
      <trkpt lat="51.226617" lon="-0.136474"><ele>74.5</ele></trkpt>
      <trkpt lat="51.226669" lon="-0.136406"><ele>74.75</ele></trkpt>
      <trkpt lat="51.226706" lon="-0.136187"><ele>74.75</ele></trkpt>
      <trkpt lat="51.226685" lon="-0.135971"><ele>75</ele></trkpt>
      <trkpt lat="51.226613" lon="-0.135813"><ele>75.25</ele></trkpt>
      <trkpt lat="51.22657" lon="-0.135578"><ele>75.75</ele></trkpt>
      <trkpt lat="51.226601" lon="-0.135072"><ele>76</ele></trkpt>
      <trkpt lat="51.226685" lon="-0.134831"><ele>76.5</ele></trkpt>
      <trkpt lat="51.226704" lon="-0.13454"><ele>77</ele></trkpt>
      <trkpt lat="51.226527" lon="-0.13347"><ele>76.25</ele></trkpt>
      <trkpt lat="51.226681" lon="-0.133292"><ele>77</ele></trkpt>
      <trkpt lat="51.226702" lon="-0.13326"><ele>77.25</ele></trkpt>
      <trkpt lat="51.226714" lon="-0.133203"><ele>77.5</ele></trkpt>
      <trkpt lat="51.22671" lon="-0.133144"><ele>77.75</ele></trkpt>
      <trkpt lat="51.226592" lon="-0.132485"><ele>77.5</ele></trkpt>
      <trkpt lat="51.226699" lon="-0.132483"><ele>78</ele></trkpt>
      <trkpt lat="51.226592" lon="-0.132485"><ele>77.5</ele></trkpt>
      <trkpt lat="51.226549" lon="-0.132303"><ele>77.5</ele></trkpt>
      <trkpt lat="51.226514" lon="-0.132238"><ele>77.25</ele></trkpt>
      <trkpt lat="51.226459" lon="-0.132186"><ele>77</ele></trkpt>
      <trkpt lat="51.226374" lon="-0.132193"><ele>76.5</ele></trkpt>
      <trkpt lat="51.226288" lon="-0.132233"><ele>75.75</ele></trkpt>
      <trkpt lat="51.22578" lon="-0.13236"><ele>71.5</ele></trkpt>
      <trkpt lat="51.225743" lon="-0.132404"><ele>71</ele></trkpt>
      <trkpt lat="51.22574" lon="-0.132332"><ele>71</ele></trkpt>
      <trkpt lat="51.225728" lon="-0.13226"><ele>70.75</ele></trkpt>
      <trkpt lat="51.225486" lon="-0.131461"><ele>67.5</ele></trkpt>
      <trkpt lat="51.225741" lon="-0.131432"><ele>68.75</ele></trkpt>
      <trkpt lat="51.226501" lon="-0.131391"><ele>72</ele></trkpt>
      <trkpt lat="51.226572" lon="-0.131387"><ele>72.75</ele></trkpt>
      <trkpt lat="51.226722" lon="-0.131341"><ele>74.5</ele></trkpt>
      <trkpt lat="51.227726" lon="-0.130933"><ele>78</ele></trkpt>
      <trkpt lat="51.228348" lon="-0.130732"><ele>80</ele></trkpt>
      <trkpt lat="51.228563" lon="-0.130753"><ele>80</ele></trkpt>
      <trkpt lat="51.228552" lon="-0.130458"><ele>79.5</ele></trkpt>
      <trkpt lat="51.228257" lon="-0.129198"><ele>78</ele></trkpt>
      <trkpt lat="51.228162" lon="-0.12827"><ele>76.75</ele></trkpt>
      <trkpt lat="51.228169" lon="-0.127825"><ele>77</ele></trkpt>
      <trkpt lat="51.228197" lon="-0.127696"><ele>76.5</ele></trkpt>
      <trkpt lat="51.228198" lon="-0.127667"><ele>76.5</ele></trkpt>
      <trkpt lat="51.228209" lon="-0.127534"><ele>76</ele></trkpt>
      <trkpt lat="51.228288" lon="-0.126925"><ele>75.75</ele></trkpt>
      <trkpt lat="51.228354" lon="-0.126197"><ele>74.25</ele></trkpt>
      <trkpt lat="51.228718" lon="-0.125859"><ele>75.25</ele></trkpt>
      <trkpt lat="51.228806" lon="-0.125504"><ele>76</ele></trkpt>
      <trkpt lat="51.228783" lon="-0.125213"><ele>76.5</ele></trkpt>
      <trkpt lat="51.228855" lon="-0.125155"><ele>76.5</ele></trkpt>
      <trkpt lat="51.229572" lon="-0.125144"><ele>79.75</ele></trkpt>
      <trkpt lat="51.229905" lon="-0.125111"><ele>82.75</ele></trkpt>
      <trkpt lat="51.229969" lon="-0.125021"><ele>83.5</ele></trkpt>
      <trkpt lat="51.230405" lon="-0.123911"><ele>94</ele></trkpt>
      <trkpt lat="51.230707" lon="-0.123267"><ele>100.5</ele></trkpt>
      <trkpt lat="51.230996" lon="-0.122559"><ele>104.75</ele></trkpt>
      <trkpt lat="51.230577" lon="-0.12159"><ele>97.5</ele></trkpt>
      <trkpt lat="51.229919" lon="-0.120182"><ele>90.5</ele></trkpt>
      <trkpt lat="51.229283" lon="-0.119194"><ele>87.75</ele></trkpt>
      <trkpt lat="51.229241" lon="-0.119111"><ele>87.25</ele></trkpt>
      <trkpt lat="51.228952" lon="-0.118539"><ele>86</ele></trkpt>
      <trkpt lat="51.228627" lon="-0.118024"><ele>85.25</ele></trkpt>
      <trkpt lat="51.228649" lon="-0.117923"><ele>86</ele></trkpt>
      <trkpt lat="51.228678" lon="-0.11753"><ele>87.5</ele></trkpt>
      <trkpt lat="51.228671" lon="-0.117202"><ele>88</ele></trkpt>
      <trkpt lat="51.228715" lon="-0.116587"><ele>88.5</ele></trkpt>
      <trkpt lat="51.228792" lon="-0.115907"><ele>92.75</ele></trkpt>
      <trkpt lat="51.228749" lon="-0.115295"><ele>92.5</ele></trkpt>
      <trkpt lat="51.228686" lon="-0.114412"><ele>85.5</ele></trkpt>
      <trkpt lat="51.228638" lon="-0.1144"><ele>85.75</ele></trkpt>
      <trkpt lat="51.228619" lon="-0.114358"><ele>85.5</ele></trkpt>
      <trkpt lat="51.22859" lon="-0.11414"><ele>84.75</ele></trkpt>
      <trkpt lat="51.228569" lon="-0.113492"><ele>83.25</ele></trkpt>
      <trkpt lat="51.228478" lon="-0.112984"><ele>81.75</ele></trkpt>
      <trkpt lat="51.228452" lon="-0.112678"><ele>81.25</ele></trkpt>
      <trkpt lat="51.228441" lon="-0.112385"><ele>81</ele></trkpt>
      <trkpt lat="51.228448" lon="-0.112267"><ele>81</ele></trkpt>
      <trkpt lat="51.228459" lon="-0.112152"><ele>81.25</ele></trkpt>
      <trkpt lat="51.22858" lon="-0.112037"><ele>81.5</ele></trkpt>
      <trkpt lat="51.228953" lon="-0.111855"><ele>82</ele></trkpt>
      <trkpt lat="51.228991" lon="-0.11167"><ele>82.25</ele></trkpt>
      <trkpt lat="51.228876" lon="-0.111034"><ele>83</ele></trkpt>
      <trkpt lat="51.228776" lon="-0.10995"><ele>82.5</ele></trkpt>
      <trkpt lat="51.228653" lon="-0.109052"><ele>83</ele></trkpt>
      <trkpt lat="51.228626" lon="-0.108067"><ele>84.75</ele></trkpt>
      <trkpt lat="51.228605" lon="-0.107577"><ele>85.75</ele></trkpt>
      <trkpt lat="51.228523" lon="-0.106836"><ele>86.5</ele></trkpt>
      <trkpt lat="51.228242" lon="-0.106318"><ele>86.5</ele></trkpt>
      <trkpt lat="51.228128" lon="-0.106007"><ele>86.25</ele></trkpt>
      <trkpt lat="51.228079" lon="-0.105682"><ele>86</ele></trkpt>
      <trkpt lat="51.228169" lon="-0.105383"><ele>86.25</ele></trkpt>
      <trkpt lat="51.228209" lon="-0.10487"><ele>86.25</ele></trkpt>
      <trkpt lat="51.228269" lon="-0.103858"><ele>85.5</ele></trkpt>
      <trkpt lat="51.228267" lon="-0.103756"><ele>85.25</ele></trkpt>
      <trkpt lat="51.228263" lon="-0.103622"><ele>85</ele></trkpt>
      <trkpt lat="51.228202" lon="-0.103264"><ele>85</ele></trkpt>
      <trkpt lat="51.2282" lon="-0.102761"><ele>85.5</ele></trkpt>
      <trkpt lat="51.228065" lon="-0.101523"><ele>86.75</ele></trkpt>
      <trkpt lat="51.228032" lon="-0.101156"><ele>87</ele></trkpt>
      <trkpt lat="51.228037" lon="-0.101004"><ele>87.25</ele></trkpt>
      <trkpt lat="51.228038" lon="-0.100954"><ele>87.5</ele></trkpt>
      <trkpt lat="51.227983" lon="-0.100656"><ele>88</ele></trkpt>
      <trkpt lat="51.227824" lon="-0.100343"><ele>88.75</ele></trkpt>
      <trkpt lat="51.227735" lon="-0.099883"><ele>89.75</ele></trkpt>
      <trkpt lat="51.227608" lon="-0.099528"><ele>90</ele></trkpt>
      <trkpt lat="51.227271" lon="-0.098588"><ele>89.25</ele></trkpt>
      <trkpt lat="51.226867" lon="-0.097332"><ele>87.5</ele></trkpt>
      <trkpt lat="51.226632" lon="-0.096531"><ele>87</ele></trkpt>
      <trkpt lat="51.226476" lon="-0.094808"><ele>89</ele></trkpt>
      <trkpt lat="51.226512" lon="-0.094029"><ele>89.75</ele></trkpt>
      <trkpt lat="51.226516" lon="-0.093827"><ele>90</ele></trkpt>
      <trkpt lat="51.226581" lon="-0.092857"><ele>90.75</ele></trkpt>
      <trkpt lat="51.226498" lon="-0.091688"><ele>91.75</ele></trkpt>
      <trkpt lat="51.226415" lon="-0.090896"><ele>92</ele></trkpt>
      <trkpt lat="51.226331" lon="-0.090636"><ele>92.25</ele></trkpt>
      <trkpt lat="51.225839" lon="-0.090009"><ele>95.75</ele></trkpt>
      <trkpt lat="51.225698" lon="-0.089617"><ele>95.75</ele></trkpt>
      <trkpt lat="51.225529" lon="-0.089001"><ele>97</ele></trkpt>
      <trkpt lat="51.225408" lon="-0.088974"><ele>97.5</ele></trkpt>
      <trkpt lat="51.22506" lon="-0.088943"><ele>98</ele></trkpt>
      <trkpt lat="51.224791" lon="-0.088943"><ele>97</ele></trkpt>
      <trkpt lat="51.22443" lon="-0.088869"><ele>94.75</ele></trkpt>
      <trkpt lat="51.224483" lon="-0.08782"><ele>97.25</ele></trkpt>
      <trkpt lat="51.224548" lon="-0.087119"><ele>99.25</ele></trkpt>
      <trkpt lat="51.224247" lon="-0.0856"><ele>99.75</ele></trkpt>
      <trkpt lat="51.224118" lon="-0.084321"><ele>101.25</ele></trkpt>
      <trkpt lat="51.224111" lon="-0.081977"><ele>104.5</ele></trkpt>
      <trkpt lat="51.224229" lon="-0.080975"><ele>106.5</ele></trkpt>
      <trkpt lat="51.22425" lon="-0.080421"><ele>106.75</ele></trkpt>
      <trkpt lat="51.224256" lon="-0.080168"><ele>106.5</ele></trkpt>
      <trkpt lat="51.224249" lon="-0.080028"><ele>106.5</ele></trkpt>
      <trkpt lat="51.224202" lon="-0.079622"><ele>105.75</ele></trkpt>
      <trkpt lat="51.225352" lon="-0.078398"><ele>110.25</ele></trkpt>
      <trkpt lat="51.227222" lon="-0.077948"><ele>112.5</ele></trkpt>
      <trkpt lat="51.227151" lon="-0.077521"><ele>111.5</ele></trkpt>
      <trkpt lat="51.227141" lon="-0.076671"><ele>110.75</ele></trkpt>
      <trkpt lat="51.227124" lon="-0.076622"><ele>111</ele></trkpt>
      <trkpt lat="51.227077" lon="-0.07648"><ele>111.25</ele></trkpt>
      <trkpt lat="51.227115" lon="-0.075921"><ele>113.25</ele></trkpt>
      <trkpt lat="51.227239" lon="-0.075746"><ele>114.25</ele></trkpt>
      <trkpt lat="51.227339" lon="-0.075477"><ele>115.25</ele></trkpt>
      <trkpt lat="51.227249" lon="-0.07522"><ele>115</ele></trkpt>
      <trkpt lat="51.227232" lon="-0.074978"><ele>114.75</ele></trkpt>
      <trkpt lat="51.227268" lon="-0.07398"><ele>112.25</ele></trkpt>
      <trkpt lat="51.22654" lon="-0.071851"><ele>107.25</ele></trkpt>
      <trkpt lat="51.226362" lon="-0.071263"><ele>106.25</ele></trkpt>
      <trkpt lat="51.225845" lon="-0.069316"><ele>103.5</ele></trkpt>
      <trkpt lat="51.225824" lon="-0.069295"><ele>103.5</ele></trkpt>
      <trkpt lat="51.225554" lon="-0.069019"><ele>104.25</ele></trkpt>
      <trkpt lat="51.224397" lon="-0.067776"><ele>102.75</ele></trkpt>
      <trkpt lat="51.22435" lon="-0.067583"><ele>102.25</ele></trkpt>
      <trkpt lat="51.224234" lon="-0.067114"><ele>101.25</ele></trkpt>
      <trkpt lat="51.224023" lon="-0.066706"><ele>100</ele></trkpt>
      <trkpt lat="51.224378" lon="-0.065076"><ele>96</ele></trkpt>
      <trkpt lat="51.224242" lon="-0.062877"><ele>93</ele></trkpt>
      <trkpt lat="51.223995" lon="-0.061945"><ele>93.5</ele></trkpt>
      <trkpt lat="51.223728" lon="-0.06086"><ele>93.5</ele></trkpt>
      <trkpt lat="51.223697" lon="-0.060507"><ele>93.5</ele></trkpt>
      <trkpt lat="51.223886" lon="-0.060117"><ele>93.75</ele></trkpt>
      <trkpt lat="51.22346" lon="-0.059812"><ele>93.25</ele></trkpt>
      <trkpt lat="51.222978" lon="-0.059483"><ele>92</ele></trkpt>
      <trkpt lat="51.222249" lon="-0.059422"><ele>87.25</ele></trkpt>
      <trkpt lat="51.221602" lon="-0.059612"><ele>83</ele></trkpt>
      <trkpt lat="51.221219" lon="-0.059724"><ele>80.75</ele></trkpt>
      <trkpt lat="51.219412" lon="-0.060092"><ele>72</ele></trkpt>
      <trkpt lat="51.219393" lon="-0.059947"><ele>72</ele></trkpt>
      <trkpt lat="51.219043" lon="-0.057268"><ele>74.25</ele></trkpt>
      <trkpt lat="51.21858" lon="-0.053527"><ele>72</ele></trkpt>
      <trkpt lat="51.218424" lon="-0.052623"><ele>74.5</ele></trkpt>
      <trkpt lat="51.218592" lon="-0.052032"><ele>71.25</ele></trkpt>
      <trkpt lat="51.218716" lon="-0.05125"><ele>72.75</ele></trkpt>
      <trkpt lat="51.218617" lon="-0.05119"><ele>72</ele></trkpt>
      <trkpt lat="51.218658" lon="-0.050942"><ele>72.25</ele></trkpt>
      <trkpt lat="51.218765" lon="-0.050562"><ele>73.5</ele></trkpt>
      <trkpt lat="51.218717" lon="-0.050322"><ele>73.25</ele></trkpt>
      <trkpt lat="51.218753" lon="-0.04985"><ele>74</ele></trkpt>
      <trkpt lat="51.21869" lon="-0.049559"><ele>74.25</ele></trkpt>
      <trkpt lat="51.218646" lon="-0.049582"><ele>74</ele></trkpt>
      <trkpt lat="51.218635" lon="-0.049541"><ele>74</ele></trkpt>
      <trkpt lat="51.218603" lon="-0.049425"><ele>73.75</ele></trkpt>
      <trkpt lat="51.218425" lon="-0.04955"><ele>72.75</ele></trkpt>
      <trkpt lat="51.218228" lon="-0.049712"><ele>72.5</ele></trkpt>
      <trkpt lat="51.218097" lon="-0.049781"><ele>72.25</ele></trkpt>
      <trkpt lat="51.217942" lon="-0.049862"><ele>72.25</ele></trkpt>
      <trkpt lat="51.217792" lon="-0.049941"><ele>70.25</ele></trkpt>
      <trkpt lat="51.217782" lon="-0.049812"><ele>70</ele></trkpt>
      <trkpt lat="51.217647" lon="-0.048758"><ele>71.75</ele></trkpt>
      <trkpt lat="51.217417" lon="-0.047395"><ele>70.5</ele></trkpt>
      <trkpt lat="51.217419" lon="-0.045859"><ele>73.75</ele></trkpt>
      <trkpt lat="51.2174" lon="-0.04572"><ele>73.75</ele></trkpt>
      <trkpt lat="51.217391" lon="-0.045632"><ele>73.75</ele></trkpt>
      <trkpt lat="51.21722" lon="-0.044755"><ele>70.75</ele></trkpt>
      <trkpt lat="51.217008" lon="-0.042783"><ele>71</ele></trkpt>
      <trkpt lat="51.216934" lon="-0.041187"><ele>70.75</ele></trkpt>
      <trkpt lat="51.216741" lon="-0.039304"><ele>70.5</ele></trkpt>
      <trkpt lat="51.216633" lon="-0.038454"><ele>70.25</ele></trkpt>
      <trkpt lat="51.21646" lon="-0.036254"><ele>70.5</ele></trkpt>
      <trkpt lat="51.216456" lon="-0.035654"><ele>70.5</ele></trkpt>
      <trkpt lat="51.216352" lon="-0.035128"><ele>72</ele></trkpt>
      <trkpt lat="51.216353" lon="-0.034676"><ele>72.5</ele></trkpt>
      <trkpt lat="51.216183" lon="-0.033349"><ele>72.75</ele></trkpt>
      <trkpt lat="51.216034" lon="-0.031788"><ele>72</ele></trkpt>
      <trkpt lat="51.215899" lon="-0.030949"><ele>68.25</ele></trkpt>
      <trkpt lat="51.215746" lon="-0.02956"><ele>67.5</ele></trkpt>
      <trkpt lat="51.215736" lon="-0.029308"><ele>67.75</ele></trkpt>
      <trkpt lat="51.215728" lon="-0.029179"><ele>68</ele></trkpt>
      <trkpt lat="51.215674" lon="-0.028978"><ele>67.25</ele></trkpt>
      <trkpt lat="51.21569" lon="-0.028305"><ele>69.25</ele></trkpt>
      <trkpt lat="51.215693" lon="-0.028041"><ele>68</ele></trkpt>
      <trkpt lat="51.215702" lon="-0.027961"><ele>68</ele></trkpt>
      <trkpt lat="51.215684" lon="-0.027964"><ele>68</ele></trkpt>
      <trkpt lat="51.215635" lon="-0.027972"><ele>67.5</ele></trkpt>
      <trkpt lat="51.215586" lon="-0.027494"><ele>68.25</ele></trkpt>
      <trkpt lat="51.215555" lon="-0.027234"><ele>68.75</ele></trkpt>
      <trkpt lat="51.21542" lon="-0.026599"><ele>69.75</ele></trkpt>
      <trkpt lat="51.215109" lon="-0.025277"><ele>70.25</ele></trkpt>
      <trkpt lat="51.215086" lon="-0.025125"><ele>70.25</ele></trkpt>
      <trkpt lat="51.21499" lon="-0.024599"><ele>70.75</ele></trkpt>
      <trkpt lat="51.214999" lon="-0.023878"><ele>72</ele></trkpt>
      <trkpt lat="51.215005" lon="-0.023799"><ele>72.25</ele></trkpt>
      <trkpt lat="51.215216" lon="-0.022402"><ele>73.5</ele></trkpt>
      <trkpt lat="51.215094" lon="-0.020775"><ele>72.5</ele></trkpt>
      <trkpt lat="51.215082" lon="-0.020548"><ele>72.5</ele></trkpt>
      <trkpt lat="51.21498" lon="-0.019501"><ele>72.75</ele></trkpt>
      <trkpt lat="51.214818" lon="-0.016866"><ele>71.75</ele></trkpt>
      <trkpt lat="51.214758" lon="-0.016435"><ele>72.75</ele></trkpt>
      <trkpt lat="51.214577" lon="-0.015072"><ele>72.5</ele></trkpt>
      <trkpt lat="51.214513" lon="-0.014118"><ele>72.5</ele></trkpt>
      <trkpt lat="51.214421" lon="-0.013218"><ele>72</ele></trkpt>
      <trkpt lat="51.214345" lon="-0.012042"><ele>70.5</ele></trkpt>
      <trkpt lat="51.214278" lon="-0.01173"><ele>70</ele></trkpt>
      <trkpt lat="51.21412" lon="-0.01151"><ele>69.75</ele></trkpt>
      <trkpt lat="51.212838" lon="-0.010589"><ele>66.25</ele></trkpt>
      <trkpt lat="51.21271" lon="-0.010425"><ele>65.75</ele></trkpt>
      <trkpt lat="51.212563" lon="-0.010237"><ele>65</ele></trkpt>
      <trkpt lat="51.211837" lon="-0.008598"><ele>63</ele></trkpt>
      <trkpt lat="51.211643" lon="-0.008347"><ele>63.75</ele></trkpt>
      <trkpt lat="51.21156" lon="-0.008328"><ele>63.75</ele></trkpt>
      <trkpt lat="51.211462" lon="-0.008324"><ele>63.75</ele></trkpt>
      <trkpt lat="51.211334" lon="-0.008361"><ele>64</ele></trkpt>
      <trkpt lat="51.211134" lon="-0.008494"><ele>64.5</ele></trkpt>
      <trkpt lat="51.210969" lon="-0.008618"><ele>65.5</ele></trkpt>
      <trkpt lat="51.210424" lon="-0.005764"><ele>67.75</ele></trkpt>
      <trkpt lat="51.210405" lon="-0.005692"><ele>68</ele></trkpt>
      <trkpt lat="51.210379" lon="-0.005643"><ele>68.25</ele></trkpt>
      <trkpt lat="51.210325" lon="-0.005619"><ele>68.5</ele></trkpt>
      <trkpt lat="51.210258" lon="-0.005616"><ele>68.5</ele></trkpt>
      <trkpt lat="51.210127" lon="-0.005681"><ele>68.25</ele></trkpt>
      <trkpt lat="51.210036" lon="-0.005657"><ele>68.5</ele></trkpt>
      <trkpt lat="51.209557" lon="-0.005429"><ele>71</ele></trkpt>
      <trkpt lat="51.208938" lon="-0.00508"><ele>73</ele></trkpt>
      <trkpt lat="51.208927" lon="-0.001282"><ele>72.75</ele></trkpt>
      <trkpt lat="51.208897" lon="-0.000279"><ele>71</ele></trkpt>
      <trkpt lat="51.208897" lon="0.00023"><ele>68.75</ele></trkpt>
      <trkpt lat="51.209212" lon="0.003224"><ele>66.5</ele></trkpt>
      <trkpt lat="51.209225" lon="0.00335"><ele>66</ele></trkpt>
      <trkpt lat="51.20915" lon="0.00342"><ele>65.75</ele></trkpt>
      <trkpt lat="51.209216" lon="0.004773"><ele>64</ele></trkpt>
      <trkpt lat="51.209292" lon="0.00524"><ele>64.25</ele></trkpt>
      <trkpt lat="51.209298" lon="0.005713"><ele>64.25</ele></trkpt>
      <trkpt lat="51.209278" lon="0.006369"><ele>64</ele></trkpt>
      <trkpt lat="51.20924" lon="0.006502"><ele>64</ele></trkpt>
      <trkpt lat="51.208317" lon="0.006693"><ele>62.75</ele></trkpt>
      <trkpt lat="51.206895" lon="0.006867"><ele>60</ele></trkpt>
      <trkpt lat="51.206869" lon="0.006865"><ele>60</ele></trkpt>
      <trkpt lat="51.20665" lon="0.007584"><ele>57.5</ele></trkpt>
      <trkpt lat="51.205947" lon="0.009626"><ele>52</ele></trkpt>
      <trkpt lat="51.205826" lon="0.009954"><ele>52</ele></trkpt>
      <trkpt lat="51.205679" lon="0.010015"><ele>52</ele></trkpt>
      <trkpt lat="51.205629" lon="0.010121"><ele>52</ele></trkpt>
      <trkpt lat="51.205654" lon="0.010645"><ele>52.75</ele></trkpt>
      <trkpt lat="51.205419" lon="0.012172"><ele>59.75</ele></trkpt>
      <trkpt lat="51.205098" lon="0.013601"><ele>64</ele></trkpt>
      <trkpt lat="51.204905" lon="0.015207"><ele>62.5</ele></trkpt>
      <trkpt lat="51.204911" lon="0.015514"><ele>61.75</ele></trkpt>
      <trkpt lat="51.205344" lon="0.016467"><ele>61.75</ele></trkpt>
      <trkpt lat="51.206454" lon="0.018817"><ele>65.25</ele></trkpt>
      <trkpt lat="51.206566" lon="0.018826"><ele>65.75</ele></trkpt>
      <trkpt lat="51.206819" lon="0.018908"><ele>67</ele></trkpt>
      <trkpt lat="51.206759" lon="0.019817"><ele>65</ele></trkpt>
      <trkpt lat="51.206792" lon="0.02046"><ele>64</ele></trkpt>
      <trkpt lat="51.206916" lon="0.021164"><ele>63.5</ele></trkpt>
      <trkpt lat="51.206893" lon="0.021337"><ele>62.75</ele></trkpt>
      <trkpt lat="51.20696" lon="0.021554"><ele>63</ele></trkpt>
      <trkpt lat="51.207127" lon="0.023154"><ele>64.5</ele></trkpt>
      <trkpt lat="51.207218" lon="0.023542"><ele>64.75</ele></trkpt>
      <trkpt lat="51.207275" lon="0.023718"><ele>65</ele></trkpt>
      <trkpt lat="51.207287" lon="0.023763"><ele>65</ele></trkpt>
      <trkpt lat="51.207289" lon="0.023808"><ele>65</ele></trkpt>
      <trkpt lat="51.207299" lon="0.02434"><ele>65.25</ele></trkpt>
      <trkpt lat="51.207291" lon="0.024782"><ele>66</ele></trkpt>
      <trkpt lat="51.207236" lon="0.025474"><ele>66</ele></trkpt>
      <trkpt lat="51.207195" lon="0.025892"><ele>66</ele></trkpt>
      <trkpt lat="51.207127" lon="0.025901"><ele>66.25</ele></trkpt>
      <trkpt lat="51.207101" lon="0.025936"><ele>66.25</ele></trkpt>
      <trkpt lat="51.206843" lon="0.026287"><ele>66.25</ele></trkpt>
      <trkpt lat="51.20669" lon="0.026471"><ele>65.5</ele></trkpt>
      <trkpt lat="51.206414" lon="0.026759"><ele>64.5</ele></trkpt>
      <trkpt lat="51.206132" lon="0.02703"><ele>63.75</ele></trkpt>
      <trkpt lat="51.205988" lon="0.027115"><ele>63.5</ele></trkpt>
      <trkpt lat="51.205958" lon="0.027135"><ele>63.5</ele></trkpt>
      <trkpt lat="51.206058" lon="0.027334"><ele>63.25</ele></trkpt>
      <trkpt lat="51.206008" lon="0.027411"><ele>63</ele></trkpt>
      <trkpt lat="51.206037" lon="0.02745"><ele>63</ele></trkpt>
      <trkpt lat="51.206046" lon="0.027467"><ele>63</ele></trkpt>
      <trkpt lat="51.205996" lon="0.027614"><ele>62.75</ele></trkpt>
      <trkpt lat="51.206099" lon="0.028055"><ele>61.75</ele></trkpt>
      <trkpt lat="51.206426" lon="0.028572"><ele>60</ele></trkpt>
      <trkpt lat="51.206904" lon="0.029105"><ele>58</ele></trkpt>
      <trkpt lat="51.207067" lon="0.029166"><ele>58</ele></trkpt>
      <trkpt lat="51.20717" lon="0.02915"><ele>58</ele></trkpt>
      <trkpt lat="51.207717" lon="0.030544"><ele>57.75</ele></trkpt>
      <trkpt lat="51.208259" lon="0.031903"><ele>56.5</ele></trkpt>
      <trkpt lat="51.208442" lon="0.032115"><ele>56.25</ele></trkpt>
      <trkpt lat="51.208693" lon="0.032308"><ele>55.75</ele></trkpt>
      <trkpt lat="51.208916" lon="0.032482"><ele>55</ele></trkpt>
      <trkpt lat="51.20896" lon="0.032532"><ele>55</ele></trkpt>
      <trkpt lat="51.209107" lon="0.0327"><ele>55</ele></trkpt>
      <trkpt lat="51.209598" lon="0.03328"><ele>52.5</ele></trkpt>
      <trkpt lat="51.209868" lon="0.033587"><ele>51</ele></trkpt>
      <trkpt lat="51.209918" lon="0.033663"><ele>51</ele></trkpt>
      <trkpt lat="51.209921" lon="0.033779"><ele>51</ele></trkpt>
      <trkpt lat="51.209947" lon="0.033955"><ele>51</ele></trkpt>
      <trkpt lat="51.209968" lon="0.034178"><ele>51</ele></trkpt>
      <trkpt lat="51.210036" lon="0.035414"><ele>54.5</ele></trkpt>
      <trkpt lat="51.210065" lon="0.035946"><ele>56.5</ele></trkpt>
      <trkpt lat="51.210159" lon="0.03675"><ele>58.5</ele></trkpt>
      <trkpt lat="51.210264" lon="0.037534"><ele>60</ele></trkpt>
      <trkpt lat="51.210297" lon="0.037952"><ele>61.5</ele></trkpt>
      <trkpt lat="51.210298" lon="0.03813"><ele>62.25</ele></trkpt>
      <trkpt lat="51.210309" lon="0.038451"><ele>63.5</ele></trkpt>
      <trkpt lat="51.210316" lon="0.038657"><ele>64.25</ele></trkpt>
      <trkpt lat="51.210316" lon="0.039187"><ele>65.75</ele></trkpt>
      <trkpt lat="51.210295" lon="0.039619"><ele>66.25</ele></trkpt>
      <trkpt lat="51.210251" lon="0.03993"><ele>67.5</ele></trkpt>
      <trkpt lat="51.210202" lon="0.040064"><ele>68</ele></trkpt>
      <trkpt lat="51.21038" lon="0.040281"><ele>66.75</ele></trkpt>
      <trkpt lat="51.210768" lon="0.040409"><ele>67.75</ele></trkpt>
      <trkpt lat="51.210975" lon="0.040409"><ele>69.5</ele></trkpt>
      <trkpt lat="51.211124" lon="0.04044"><ele>69.75</ele></trkpt>
      <trkpt lat="51.211205" lon="0.040476"><ele>68.5</ele></trkpt>
      <trkpt lat="51.211261" lon="0.040541"><ele>68.25</ele></trkpt>
      <trkpt lat="51.211302" lon="0.040655"><ele>68.5</ele></trkpt>
      <trkpt lat="51.211316" lon="0.04082"><ele>69.25</ele></trkpt>
      <trkpt lat="51.211287" lon="0.041045"><ele>69.25</ele></trkpt>
      <trkpt lat="51.211126" lon="0.042459"><ele>69.75</ele></trkpt>
      <trkpt lat="51.211004" lon="0.044057"><ele>70.75</ele></trkpt>
      <trkpt lat="51.210971" lon="0.044862"><ele>72</ele></trkpt>
      <trkpt lat="51.211009" lon="0.045347"><ele>71.5</ele></trkpt>
      <trkpt lat="51.21109" lon="0.045838"><ele>71.75</ele></trkpt>
      <trkpt lat="51.211079" lon="0.046142"><ele>71.75</ele></trkpt>
      <trkpt lat="51.211059" lon="0.046688"><ele>71.75</ele></trkpt>
      <trkpt lat="51.21103" lon="0.047096"><ele>71.25</ele></trkpt>
      <trkpt lat="51.211005" lon="0.04735"><ele>71.25</ele></trkpt>
      <trkpt lat="51.210929" lon="0.047968"><ele>70.25</ele></trkpt>
      <trkpt lat="51.21089" lon="0.048256"><ele>70</ele></trkpt>
      <trkpt lat="51.210874" lon="0.048885"><ele>70</ele></trkpt>
      <trkpt lat="51.210871" lon="0.049165"><ele>70</ele></trkpt>
      <trkpt lat="51.210851" lon="0.049416"><ele>70</ele></trkpt>
      <trkpt lat="51.210706" lon="0.050529"><ele>69</ele></trkpt>
      <trkpt lat="51.210689" lon="0.050864"><ele>68.25</ele></trkpt>
      <trkpt lat="51.210633" lon="0.05145"><ele>68</ele></trkpt>
      <trkpt lat="51.210595" lon="0.051602"><ele>68</ele></trkpt>
      <trkpt lat="51.210493" lon="0.051879"><ele>67.75</ele></trkpt>
      <trkpt lat="51.21041" lon="0.052159"><ele>67.75</ele></trkpt>
      <trkpt lat="51.210151" lon="0.053258"><ele>66</ele></trkpt>
      <trkpt lat="51.209976" lon="0.054879"><ele>64.75</ele></trkpt>
      <trkpt lat="51.209971" lon="0.055008"><ele>64.75</ele></trkpt>
      <trkpt lat="51.209936" lon="0.055047"><ele>64.5</ele></trkpt>
      <trkpt lat="51.209012" lon="0.05693"><ele>57.25</ele></trkpt>
      <trkpt lat="51.20901" lon="0.057023"><ele>57.5</ele></trkpt>
      <trkpt lat="51.209018" lon="0.057171"><ele>58</ele></trkpt>
      <trkpt lat="51.208882" lon="0.057503"><ele>57.75</ele></trkpt>
      <trkpt lat="51.208803" lon="0.058421"><ele>57.5</ele></trkpt>
      <trkpt lat="51.208768" lon="0.058897"><ele>57.5</ele></trkpt>
      <trkpt lat="51.208789" lon="0.058989"><ele>57.5</ele></trkpt>
      <trkpt lat="51.208822" lon="0.05906"><ele>57.75</ele></trkpt>
      <trkpt lat="51.208891" lon="0.059158"><ele>58</ele></trkpt>
      <trkpt lat="51.208935" lon="0.059268"><ele>58</ele></trkpt>
      <trkpt lat="51.208968" lon="0.059464"><ele>58.25</ele></trkpt>
      <trkpt lat="51.208999" lon="0.059763"><ele>58</ele></trkpt>
      <trkpt lat="51.208991" lon="0.059859"><ele>57.75</ele></trkpt>
      <trkpt lat="51.208973" lon="0.059933"><ele>57.5</ele></trkpt>
      <trkpt lat="51.208968" lon="0.060017"><ele>57.25</ele></trkpt>
      <trkpt lat="51.208977" lon="0.060125"><ele>57.25</ele></trkpt>
      <trkpt lat="51.209019" lon="0.060343"><ele>57</ele></trkpt>
      <trkpt lat="51.209019" lon="0.060417"><ele>56.75</ele></trkpt>
      <trkpt lat="51.209004" lon="0.060524"><ele>56.5</ele></trkpt>
      <trkpt lat="51.208994" lon="0.060604"><ele>56.25</ele></trkpt>
      <trkpt lat="51.20907" lon="0.060676"><ele>56.5</ele></trkpt>
      <trkpt lat="51.209112" lon="0.060764"><ele>56.75</ele></trkpt>
      <trkpt lat="51.209134" lon="0.060893"><ele>56.75</ele></trkpt>
      <trkpt lat="51.20914" lon="0.060927"><ele>56.75</ele></trkpt>
      <trkpt lat="51.209159" lon="0.061122"><ele>56.75</ele></trkpt>
      <trkpt lat="51.209207" lon="0.062162"><ele>58</ele></trkpt>
      <trkpt lat="51.209247" lon="0.062712"><ele>59</ele></trkpt>
      <trkpt lat="51.209297" lon="0.063159"><ele>58.75</ele></trkpt>
      <trkpt lat="51.209369" lon="0.063454"><ele>58.5</ele></trkpt>
      <trkpt lat="51.209494" lon="0.063876"><ele>59</ele></trkpt>
      <trkpt lat="51.209616" lon="0.064252"><ele>58.5</ele></trkpt>
      <trkpt lat="51.209955" lon="0.065119"><ele>59</ele></trkpt>
      <trkpt lat="51.210186" lon="0.065479"><ele>59</ele></trkpt>
      <trkpt lat="51.210264" lon="0.065551"><ele>59</ele></trkpt>
      <trkpt lat="51.21025" lon="0.065635"><ele>58.5</ele></trkpt>
      <trkpt lat="51.210245" lon="0.06572"><ele>58.25</ele></trkpt>
      <trkpt lat="51.210294" lon="0.066203"><ele>58</ele></trkpt>
      <trkpt lat="51.210296" lon="0.066315"><ele>58</ele></trkpt>
      <trkpt lat="51.21025" lon="0.06695"><ele>58</ele></trkpt>
      <trkpt lat="51.210201" lon="0.067485"><ele>58</ele></trkpt>
      <trkpt lat="51.21015" lon="0.067699"><ele>58.25</ele></trkpt>
      <trkpt lat="51.210123" lon="0.067788"><ele>58.5</ele></trkpt>
      <trkpt lat="51.210079" lon="0.067891"><ele>58.5</ele></trkpt>
      <trkpt lat="51.209963" lon="0.068111"><ele>58.75</ele></trkpt>
      <trkpt lat="51.20988" lon="0.068311"><ele>58.25</ele></trkpt>
      <trkpt lat="51.209823" lon="0.068605"><ele>58.5</ele></trkpt>
      <trkpt lat="51.209735" lon="0.069202"><ele>58.75</ele></trkpt>
      <trkpt lat="51.209708" lon="0.069353"><ele>59</ele></trkpt>
      <trkpt lat="51.209681" lon="0.069466"><ele>59</ele></trkpt>
      <trkpt lat="51.209507" lon="0.070211"><ele>59.75</ele></trkpt>
      <trkpt lat="51.209434" lon="0.070552"><ele>59.75</ele></trkpt>
      <trkpt lat="51.209383" lon="0.070834"><ele>59</ele></trkpt>
      <trkpt lat="51.209363" lon="0.07105"><ele>59</ele></trkpt>
      <trkpt lat="51.209361" lon="0.071143"><ele>59</ele></trkpt>
      <trkpt lat="51.209369" lon="0.071314"><ele>59</ele></trkpt>
      <trkpt lat="51.209412" lon="0.071696"><ele>59</ele></trkpt>
      <trkpt lat="51.209412" lon="0.071836"><ele>59</ele></trkpt>
      <trkpt lat="51.209389" lon="0.072014"><ele>59</ele></trkpt>
      <trkpt lat="51.209276" lon="0.072487"><ele>59</ele></trkpt>
      <trkpt lat="51.208974" lon="0.073728"><ele>59</ele></trkpt>
      <trkpt lat="51.208928" lon="0.073965"><ele>59</ele></trkpt>
      <trkpt lat="51.208896" lon="0.074205"><ele>59</ele></trkpt>
      <trkpt lat="51.208865" lon="0.074356"><ele>59</ele></trkpt>
      <trkpt lat="51.208837" lon="0.074403"><ele>59</ele></trkpt>
      <trkpt lat="51.208874" lon="0.074514"><ele>58.75</ele></trkpt>
      <trkpt lat="51.208902" lon="0.07464"><ele>58.25</ele></trkpt>
      <trkpt lat="51.208924" lon="0.074783"><ele>57.75</ele></trkpt>
      <trkpt lat="51.208939" lon="0.074933"><ele>57.75</ele></trkpt>
      <trkpt lat="51.208995" lon="0.075566"><ele>57</ele></trkpt>
      <trkpt lat="51.209015" lon="0.075737"><ele>57</ele></trkpt>
      <trkpt lat="51.209041" lon="0.075917"><ele>57</ele></trkpt>
      <trkpt lat="51.209175" lon="0.076611"><ele>55.75</ele></trkpt>
      <trkpt lat="51.209224" lon="0.076984"><ele>55.5</ele></trkpt>
      <trkpt lat="51.20936" lon="0.079428"><ele>52</ele></trkpt>
      <trkpt lat="51.209423" lon="0.080249"><ele>52</ele></trkpt>
      <trkpt lat="51.209545" lon="0.081325"><ele>50.5</ele></trkpt>
      <trkpt lat="51.209747" lon="0.083393"><ele>47.5</ele></trkpt>
      <trkpt lat="51.209797" lon="0.083602"><ele>47</ele></trkpt>
      <trkpt lat="51.209995" lon="0.0842"><ele>47</ele></trkpt>
      <trkpt lat="51.210133" lon="0.084674"><ele>47.25</ele></trkpt>
      <trkpt lat="51.210323" lon="0.085557"><ele>50</ele></trkpt>
      <trkpt lat="51.210368" lon="0.085813"><ele>51.25</ele></trkpt>
      <trkpt lat="51.210427" lon="0.086213"><ele>52</ele></trkpt>
      <trkpt lat="51.210513" lon="0.086679"><ele>52.5</ele></trkpt>
      <trkpt lat="51.210589" lon="0.086992"><ele>53</ele></trkpt>
      <trkpt lat="51.210636" lon="0.087152"><ele>53.5</ele></trkpt>
      <trkpt lat="51.210755" lon="0.08757"><ele>53.5</ele></trkpt>
      <trkpt lat="51.210992" lon="0.088306"><ele>54</ele></trkpt>
      <trkpt lat="51.211159" lon="0.088566"><ele>54.25</ele></trkpt>
      <trkpt lat="51.211381" lon="0.088933"><ele>54.75</ele></trkpt>
      <trkpt lat="51.211652" lon="0.089424"><ele>54.75</ele></trkpt>
      <trkpt lat="51.211787" lon="0.089709"><ele>54.25</ele></trkpt>
      <trkpt lat="51.211889" lon="0.089971"><ele>53.75</ele></trkpt>
      <trkpt lat="51.211928" lon="0.090101"><ele>53.5</ele></trkpt>
      <trkpt lat="51.211954" lon="0.090213"><ele>53.25</ele></trkpt>
      <trkpt lat="51.211986" lon="0.090476"><ele>53</ele></trkpt>
      <trkpt lat="51.21201" lon="0.090851"><ele>52</ele></trkpt>
      <trkpt lat="51.212082" lon="0.092286"><ele>49.25</ele></trkpt>
      <trkpt lat="51.21212" lon="0.092712"><ele>48.75</ele></trkpt>
      <trkpt lat="51.21217" lon="0.093084"><ele>48.75</ele></trkpt>
      <trkpt lat="51.212146" lon="0.093126"><ele>48.5</ele></trkpt>
      <trkpt lat="51.212005" lon="0.093365"><ele>48</ele></trkpt>
      <trkpt lat="51.211909" lon="0.093554"><ele>47.75</ele></trkpt>
      <trkpt lat="51.211871" lon="0.093646"><ele>47.5</ele></trkpt>
      <trkpt lat="51.211809" lon="0.093805"><ele>47</ele></trkpt>
      <trkpt lat="51.211773" lon="0.094055"><ele>47.25</ele></trkpt>
      <trkpt lat="51.211792" lon="0.094316"><ele>47.5</ele></trkpt>
      <trkpt lat="51.211849" lon="0.094779"><ele>48.5</ele></trkpt>
      <trkpt lat="51.211864" lon="0.094998"><ele>49.5</ele></trkpt>
      <trkpt lat="51.211861" lon="0.095172"><ele>50</ele></trkpt>
      <trkpt lat="51.211841" lon="0.095335"><ele>51</ele></trkpt>
      <trkpt lat="51.211819" lon="0.095471"><ele>51.5</ele></trkpt>
      <trkpt lat="51.211771" lon="0.095689"><ele>52.25</ele></trkpt>
      <trkpt lat="51.211725" lon="0.095833"><ele>52.75</ele></trkpt>
      <trkpt lat="51.21165" lon="0.096024"><ele>53.5</ele></trkpt>
      <trkpt lat="51.211485" lon="0.096403"><ele>54</ele></trkpt>
      <trkpt lat="51.211245" lon="0.096977"><ele>53.25</ele></trkpt>
      <trkpt lat="51.211203" lon="0.097096"><ele>53.25</ele></trkpt>
      <trkpt lat="51.211061" lon="0.097553"><ele>53.75</ele></trkpt>
      <trkpt lat="51.210969" lon="0.097935"><ele>53.25</ele></trkpt>
      <trkpt lat="51.210942" lon="0.098104"><ele>53.25</ele></trkpt>
      <trkpt lat="51.210933" lon="0.098239"><ele>52.75</ele></trkpt>
      <trkpt lat="51.210943" lon="0.098519"><ele>52.75</ele></trkpt>
      <trkpt lat="51.211017" lon="0.099125"><ele>53.75</ele></trkpt>
      <trkpt lat="51.211058" lon="0.09937"><ele>54.5</ele></trkpt>
      <trkpt lat="51.211151" lon="0.099817"><ele>55.25</ele></trkpt>
      <trkpt lat="51.211158" lon="0.099849"><ele>55.5</ele></trkpt>
      <trkpt lat="51.211178" lon="0.099953"><ele>56</ele></trkpt>
      <trkpt lat="51.211185" lon="0.100026"><ele>56.25</ele></trkpt>
      <trkpt lat="51.211184" lon="0.100116"><ele>56.5</ele></trkpt>
      <trkpt lat="51.211172" lon="0.100263"><ele>56.75</ele></trkpt>
      <trkpt lat="51.211159" lon="0.10033"><ele>57</ele></trkpt>
      <trkpt lat="51.210842" lon="0.101556"><ele>58</ele></trkpt>
      <trkpt lat="51.21081" lon="0.101698"><ele>57.75</ele></trkpt>
      <trkpt lat="51.21067" lon="0.102788"><ele>58.25</ele></trkpt>
      <trkpt lat="51.210294" lon="0.10362"><ele>57</ele></trkpt>
      <trkpt lat="51.209788" lon="0.104333"><ele>56.5</ele></trkpt>
      <trkpt lat="51.209772" lon="0.104385"><ele>56.75</ele></trkpt>
      <trkpt lat="51.209382" lon="0.1056"><ele>58.75</ele></trkpt>
      <trkpt lat="51.209326" lon="0.1058"><ele>59.25</ele></trkpt>
      <trkpt lat="51.20929" lon="0.105981"><ele>59.75</ele></trkpt>
      <trkpt lat="51.209138" lon="0.107081"><ele>60.75</ele></trkpt>
      <trkpt lat="51.209105" lon="0.107366"><ele>61.25</ele></trkpt>
      <trkpt lat="51.20907" lon="0.107618"><ele>61.75</ele></trkpt>
      <trkpt lat="51.20903" lon="0.107801"><ele>62</ele></trkpt>
      <trkpt lat="51.209" lon="0.107902"><ele>62</ele></trkpt>
      <trkpt lat="51.208635" lon="0.109086"><ele>63.5</ele></trkpt>
      <trkpt lat="51.208524" lon="0.109401"><ele>64.5</ele></trkpt>
      <trkpt lat="51.208404" lon="0.109712"><ele>64.25</ele></trkpt>
      <trkpt lat="51.208375" lon="0.109822"><ele>64</ele></trkpt>
      <trkpt lat="51.208347" lon="0.109967"><ele>64</ele></trkpt>
      <trkpt lat="51.20834" lon="0.110053"><ele>64</ele></trkpt>
      <trkpt lat="51.208338" lon="0.110202"><ele>64</ele></trkpt>
      <trkpt lat="51.208357" lon="0.110412"><ele>63.5</ele></trkpt>
      <trkpt lat="51.208362" lon="0.110464"><ele>63.25</ele></trkpt>
      <trkpt lat="51.208258" lon="0.110513"><ele>63</ele></trkpt>
      <trkpt lat="51.208074" lon="0.110577"><ele>63</ele></trkpt>
      <trkpt lat="51.207671" lon="0.110605"><ele>62.75</ele></trkpt>
      <trkpt lat="51.207337" lon="0.110644"><ele>62</ele></trkpt>
      <trkpt lat="51.207098" lon="0.110835"><ele>60</ele></trkpt>
      <trkpt lat="51.206732" lon="0.111267"><ele>57</ele></trkpt>
      <trkpt lat="51.206444" lon="0.111576"><ele>54.75</ele></trkpt>
      <trkpt lat="51.206285" lon="0.111717"><ele>53.75</ele></trkpt>
      <trkpt lat="51.205344" lon="0.112425"><ele>49.25</ele></trkpt>
      <trkpt lat="51.205054" lon="0.112661"><ele>48.25</ele></trkpt>
      <trkpt lat="51.20493" lon="0.112775"><ele>48</ele></trkpt>
      <trkpt lat="51.204774" lon="0.112943"><ele>48</ele></trkpt>
      <trkpt lat="51.204587" lon="0.11319"><ele>48</ele></trkpt>
      <trkpt lat="51.204268" lon="0.113663"><ele>47</ele></trkpt>
      <trkpt lat="51.203979" lon="0.114113"><ele>46.5</ele></trkpt>
      <trkpt lat="51.203924" lon="0.114229"><ele>46.5</ele></trkpt>
      <trkpt lat="51.203888" lon="0.114338"><ele>46.25</ele></trkpt>
      <trkpt lat="51.203869" lon="0.114424"><ele>46</ele></trkpt>
      <trkpt lat="51.20386" lon="0.114541"><ele>46</ele></trkpt>
      <trkpt lat="51.203854" lon="0.115743"><ele>45</ele></trkpt>
      <trkpt lat="51.203714" lon="0.116326"><ele>45.25</ele></trkpt>
      <trkpt lat="51.203144" lon="0.118223"><ele>44</ele></trkpt>
      <trkpt lat="51.202803" lon="0.119277"><ele>44</ele></trkpt>
      <trkpt lat="51.20265" lon="0.11997"><ele>44.75</ele></trkpt>
      <trkpt lat="51.202503" lon="0.120714"><ele>46.5</ele></trkpt>
      <trkpt lat="51.202464" lon="0.120977"><ele>46.75</ele></trkpt>
      <trkpt lat="51.20244" lon="0.121267"><ele>47.75</ele></trkpt>
      <trkpt lat="51.202436" lon="0.121611"><ele>49</ele></trkpt>
      <trkpt lat="51.202448" lon="0.122097"><ele>52</ele></trkpt>
      <trkpt lat="51.202449" lon="0.122375"><ele>53.25</ele></trkpt>
      <trkpt lat="51.202435" lon="0.122666"><ele>54</ele></trkpt>
      <trkpt lat="51.202345" lon="0.123898"><ele>56.25</ele></trkpt>
      <trkpt lat="51.202302" lon="0.124359"><ele>56.25</ele></trkpt>
      <trkpt lat="51.202234" lon="0.124806"><ele>54.75</ele></trkpt>
      <trkpt lat="51.202122" lon="0.12569"><ele>53</ele></trkpt>
      <trkpt lat="51.202044" lon="0.126543"><ele>53.25</ele></trkpt>
      <trkpt lat="51.202018" lon="0.126819"><ele>53.5</ele></trkpt>
      <trkpt lat="51.201964" lon="0.127397"><ele>53</ele></trkpt>
      <trkpt lat="51.20185" lon="0.128345"><ele>50.5</ele></trkpt>
      <trkpt lat="51.201779" lon="0.128854"><ele>49.25</ele></trkpt>
      <trkpt lat="51.201708" lon="0.129234"><ele>48.75</ele></trkpt>
      <trkpt lat="51.20169" lon="0.129299"><ele>48.75</ele></trkpt>
      <trkpt lat="51.201665" lon="0.129356"><ele>48.75</ele></trkpt>
      <trkpt lat="51.201637" lon="0.129378"><ele>48.75</ele></trkpt>
      <trkpt lat="51.2016" lon="0.129383"><ele>48.5</ele></trkpt>
      <trkpt lat="51.201503" lon="0.129355"><ele>48.25</ele></trkpt>
      <trkpt lat="51.20138" lon="0.129338"><ele>48</ele></trkpt>
      <trkpt lat="51.201317" lon="0.129346"><ele>48</ele></trkpt>
      <trkpt lat="51.201284" lon="0.129385"><ele>48.25</ele></trkpt>
      <trkpt lat="51.201243" lon="0.129511"><ele>48.25</ele></trkpt>
      <trkpt lat="51.201098" lon="0.130086"><ele>49.75</ele></trkpt>
      <trkpt lat="51.201026" lon="0.130325"><ele>49.75</ele></trkpt>
      <trkpt lat="51.200918" lon="0.13065"><ele>50</ele></trkpt>
      <trkpt lat="51.200774" lon="0.130999"><ele>50.5</ele></trkpt>
      <trkpt lat="51.200695" lon="0.131144"><ele>50.75</ele></trkpt>
      <trkpt lat="51.200485" lon="0.131431"><ele>51</ele></trkpt>
      <trkpt lat="51.200231" lon="0.131828"><ele>51.5</ele></trkpt>
      <trkpt lat="51.200153" lon="0.131974"><ele>51.25</ele></trkpt>
      <trkpt lat="51.200121" lon="0.132053"><ele>51.25</ele></trkpt>
      <trkpt lat="51.200075" lon="0.132195"><ele>51</ele></trkpt>
      <trkpt lat="51.200063" lon="0.132256"><ele>50.75</ele></trkpt>
      <trkpt lat="51.200035" lon="0.132453"><ele>50</ele></trkpt>
      <trkpt lat="51.20003" lon="0.132681"><ele>48.75</ele></trkpt>
      <trkpt lat="51.200039" lon="0.132756"><ele>48.25</ele></trkpt>
      <trkpt lat="51.20008" lon="0.132967"><ele>47.5</ele></trkpt>
      <trkpt lat="51.200402" lon="0.134119"><ele>39.5</ele></trkpt>
      <trkpt lat="51.200704" lon="0.135249"><ele>38</ele></trkpt>
      <trkpt lat="51.200748" lon="0.135491"><ele>38.25</ele></trkpt>
      <trkpt lat="51.200758" lon="0.135638"><ele>38.5</ele></trkpt>
      <trkpt lat="51.200756" lon="0.135713"><ele>38.75</ele></trkpt>
      <trkpt lat="51.200662" lon="0.136948"><ele>39</ele></trkpt>
      <trkpt lat="51.200652" lon="0.137148"><ele>38.25</ele></trkpt>
      <trkpt lat="51.200657" lon="0.137222"><ele>38.25</ele></trkpt>
      <trkpt lat="51.200702" lon="0.137341"><ele>38.75</ele></trkpt>
      <trkpt lat="51.200779" lon="0.13739"><ele>39.5</ele></trkpt>
      <trkpt lat="51.200884" lon="0.137425"><ele>39.5</ele></trkpt>
      <trkpt lat="51.200961" lon="0.137439"><ele>38.5</ele></trkpt>
      <trkpt lat="51.201057" lon="0.137499"><ele>37.5</ele></trkpt>
      <trkpt lat="51.201121" lon="0.137609"><ele>37</ele></trkpt>
      <trkpt lat="51.201146" lon="0.137667"><ele>37</ele></trkpt>
      <trkpt lat="51.201185" lon="0.137815"><ele>37</ele></trkpt>
      <trkpt lat="51.201277" lon="0.138433"><ele>37.5</ele></trkpt>
      <trkpt lat="51.20129" lon="0.138744"><ele>37.5</ele></trkpt>
      <trkpt lat="51.201288" lon="0.138941"><ele>37.5</ele></trkpt>
      <trkpt lat="51.201262" lon="0.139712"><ele>38.5</ele></trkpt>
      <trkpt lat="51.201264" lon="0.13992"><ele>38.75</ele></trkpt>
      <trkpt lat="51.201269" lon="0.140037"><ele>39</ele></trkpt>
      <trkpt lat="51.201298" lon="0.140359"><ele>39.25</ele></trkpt>
      <trkpt lat="51.201386" lon="0.141111"><ele>39.75</ele></trkpt>
      <trkpt lat="51.201406" lon="0.141367"><ele>40</ele></trkpt>
      <trkpt lat="51.201416" lon="0.141807"><ele>40</ele></trkpt>
      <trkpt lat="51.201435" lon="0.142095"><ele>40</ele></trkpt>
      <trkpt lat="51.201466" lon="0.142334"><ele>40.25</ele></trkpt>
      <trkpt lat="51.201726" lon="0.143771"><ele>45.5</ele></trkpt>
      <trkpt lat="51.201799" lon="0.144261"><ele>47</ele></trkpt>
      <trkpt lat="51.20186" lon="0.144766"><ele>49.75</ele></trkpt>
      <trkpt lat="51.201889" lon="0.145238"><ele>51.5</ele></trkpt>
      <trkpt lat="51.201955" lon="0.146697"><ele>55</ele></trkpt>
      <trkpt lat="51.201975" lon="0.147251"><ele>55</ele></trkpt>
      <trkpt lat="51.201977" lon="0.147278"><ele>55</ele></trkpt>
      <trkpt lat="51.202033" lon="0.148528"><ele>53.25</ele></trkpt>
      <trkpt lat="51.202033" lon="0.148781"><ele>52.25</ele></trkpt>
      <trkpt lat="51.202001" lon="0.14913"><ele>51</ele></trkpt>
      <trkpt lat="51.20195" lon="0.149393"><ele>50</ele></trkpt>
      <trkpt lat="51.201381" lon="0.151749"><ele>43.75</ele></trkpt>
      <trkpt lat="51.201316" lon="0.152051"><ele>43.25</ele></trkpt>
      <trkpt lat="51.201237" lon="0.15246"><ele>44</ele></trkpt>
      <trkpt lat="51.201111" lon="0.153202"><ele>46.5</ele></trkpt>
      <trkpt lat="51.201055" lon="0.153555"><ele>46.75</ele></trkpt>
      <trkpt lat="51.200995" lon="0.153999"><ele>46.5</ele></trkpt>
      <trkpt lat="51.200958" lon="0.154346"><ele>47</ele></trkpt>
      <trkpt lat="51.200934" lon="0.154651"><ele>46.5</ele></trkpt>
      <trkpt lat="51.200902" lon="0.15534"><ele>46</ele></trkpt>
      <trkpt lat="51.200897" lon="0.155845"><ele>46</ele></trkpt>
      <trkpt lat="51.200916" lon="0.15671"><ele>44.75</ele></trkpt>
      <trkpt lat="51.200903" lon="0.15721"><ele>43.25</ele></trkpt>
      <trkpt lat="51.200811" lon="0.158399"><ele>41.75</ele></trkpt>
      <trkpt lat="51.200629" lon="0.160166"><ele>44</ele></trkpt>
      <trkpt lat="51.200596" lon="0.160398"><ele>44.25</ele></trkpt>
      <trkpt lat="51.20047" lon="0.161114"><ele>44.25</ele></trkpt>
      <trkpt lat="51.200369" lon="0.161619"><ele>43.5</ele></trkpt>
      <trkpt lat="51.200335" lon="0.161783"><ele>43.25</ele></trkpt>
      <trkpt lat="51.200218" lon="0.162304"><ele>41.75</ele></trkpt>
      <trkpt lat="51.200121" lon="0.162837"><ele>41</ele></trkpt>
      <trkpt lat="51.200069" lon="0.163246"><ele>40</ele></trkpt>
      <trkpt lat="51.200022" lon="0.163874"><ele>38.75</ele></trkpt>
      <trkpt lat="51.199963" lon="0.164357"><ele>39</ele></trkpt>
      <trkpt lat="51.199564" lon="0.166704"><ele>37.25</ele></trkpt>
      <trkpt lat="51.199546" lon="0.166813"><ele>37</ele></trkpt>
      <trkpt lat="51.199292" lon="0.168479"><ele>36</ele></trkpt>
      <trkpt lat="51.199228" lon="0.168753"><ele>36.5</ele></trkpt>
      <trkpt lat="51.199075" lon="0.16923"><ele>37</ele></trkpt>
      <trkpt lat="51.198927" lon="0.169687"><ele>38</ele></trkpt>
      <trkpt lat="51.198756" lon="0.170177"><ele>38.5</ele></trkpt>
      <trkpt lat="51.198292" lon="0.17155"><ele>37.75</ele></trkpt>
      <trkpt lat="51.19807" lon="0.172105"><ele>38.5</ele></trkpt>
      <trkpt lat="51.197827" lon="0.172727"><ele>39.75</ele></trkpt>
      <trkpt lat="51.19774" lon="0.172979"><ele>40</ele></trkpt>
      <trkpt lat="51.197684" lon="0.173171"><ele>40.75</ele></trkpt>
      <trkpt lat="51.197643" lon="0.173366"><ele>41.5</ele></trkpt>
      <trkpt lat="51.197591" lon="0.17363"><ele>42</ele></trkpt>
      <trkpt lat="51.197552" lon="0.1739"><ele>42</ele></trkpt>
      <trkpt lat="51.19754" lon="0.174012"><ele>42.5</ele></trkpt>
      <trkpt lat="51.197511" lon="0.174314"><ele>43.5</ele></trkpt>
      <trkpt lat="51.197513" lon="0.174638"><ele>44.5</ele></trkpt>
      <trkpt lat="51.197587" lon="0.175071"><ele>47.25</ele></trkpt>
      <trkpt lat="51.197768" lon="0.176189"><ele>52.5</ele></trkpt>
      <trkpt lat="51.19783" lon="0.17654"><ele>55</ele></trkpt>
      <trkpt lat="51.197841" lon="0.176598"><ele>55.5</ele></trkpt>
      <trkpt lat="51.197966" lon="0.177152"><ele>58.5</ele></trkpt>
      <trkpt lat="51.198048" lon="0.177472"><ele>58.75</ele></trkpt>
      <trkpt lat="51.198062" lon="0.177521"><ele>58.75</ele></trkpt>
      <trkpt lat="51.198213" lon="0.177969"><ele>58.5</ele></trkpt>
      <trkpt lat="51.198352" lon="0.178347"><ele>56.75</ele></trkpt>
      <trkpt lat="51.198464" lon="0.178726"><ele>55.5</ele></trkpt>
      <trkpt lat="51.198518" lon="0.179066"><ele>54.5</ele></trkpt>
      <trkpt lat="51.198551" lon="0.179422"><ele>54</ele></trkpt>
      <trkpt lat="51.198625" lon="0.180043"><ele>53</ele></trkpt>
      <trkpt lat="51.198676" lon="0.180557"><ele>52.75</ele></trkpt>
      <trkpt lat="51.198711" lon="0.181026"><ele>52</ele></trkpt>
      <trkpt lat="51.198715" lon="0.181266"><ele>51.25</ele></trkpt>
      <trkpt lat="51.198708" lon="0.18156"><ele>51</ele></trkpt>
      <trkpt lat="51.198683" lon="0.181943"><ele>51</ele></trkpt>
      <trkpt lat="51.198635" lon="0.182335"><ele>51</ele></trkpt>
      <trkpt lat="51.198577" lon="0.182679"><ele>50.75</ele></trkpt>
      <trkpt lat="51.198474" lon="0.183205"><ele>51</ele></trkpt>
      <trkpt lat="51.198379" lon="0.183632"><ele>51</ele></trkpt>
      <trkpt lat="51.198256" lon="0.184077"><ele>51</ele></trkpt>
      <trkpt lat="51.198131" lon="0.184495"><ele>51</ele></trkpt>
      <trkpt lat="51.197954" lon="0.185026"><ele>50.5</ele></trkpt>
      <trkpt lat="51.197702" lon="0.185759"><ele>50</ele></trkpt>
      <trkpt lat="51.197368" lon="0.186648"><ele>50</ele></trkpt>
      <trkpt lat="51.197309" lon="0.186784"><ele>49.5</ele></trkpt>
      <trkpt lat="51.197226" lon="0.186925"><ele>49</ele></trkpt>
      <trkpt lat="51.196744" lon="0.187468"><ele>48.25</ele></trkpt>
      <trkpt lat="51.196614" lon="0.187709"><ele>48</ele></trkpt>
      <trkpt lat="51.196569" lon="0.18785"><ele>47.5</ele></trkpt>
      <trkpt lat="51.19654" lon="0.188182"><ele>47</ele></trkpt>
      <trkpt lat="51.196523" lon="0.18856"><ele>47</ele></trkpt>
      <trkpt lat="51.196368" lon="0.190084"><ele>47</ele></trkpt>
      <trkpt lat="51.196117" lon="0.192579"><ele>46.75</ele></trkpt>
      <trkpt lat="51.196097" lon="0.192952"><ele>47</ele></trkpt>
      <trkpt lat="51.196093" lon="0.193298"><ele>47</ele></trkpt>
      <trkpt lat="51.19611" lon="0.193495"><ele>47</ele></trkpt>
      <trkpt lat="51.196142" lon="0.193696"><ele>47.25</ele></trkpt>
      <trkpt lat="51.196234" lon="0.194259"><ele>47.25</ele></trkpt>
      <trkpt lat="51.196342" lon="0.194842"><ele>47</ele></trkpt>
      <trkpt lat="51.19637" lon="0.195668"><ele>48</ele></trkpt>
      <trkpt lat="51.196359" lon="0.196457"><ele>48</ele></trkpt>
      <trkpt lat="51.196364" lon="0.196732"><ele>48</ele></trkpt>
      <trkpt lat="51.196341" lon="0.197197"><ele>48</ele></trkpt>
      <trkpt lat="51.196266" lon="0.197967"><ele>47.75</ele></trkpt>
      <trkpt lat="51.196147" lon="0.199018"><ele>44.5</ele></trkpt>
      <trkpt lat="51.196095" lon="0.199283"><ele>44</ele></trkpt>
      <trkpt lat="51.195934" lon="0.199989"><ele>43.5</ele></trkpt>
      <trkpt lat="51.195821" lon="0.200422"><ele>43</ele></trkpt>
      <trkpt lat="51.195763" lon="0.200681"><ele>43.25</ele></trkpt>
      <trkpt lat="51.195725" lon="0.200887"><ele>43.25</ele></trkpt>
      <trkpt lat="51.195725" lon="0.201148"><ele>43.25</ele></trkpt>
      <trkpt lat="51.195741" lon="0.201361"><ele>42.5</ele></trkpt>
      <trkpt lat="51.195737" lon="0.201624"><ele>42.5</ele></trkpt>
      <trkpt lat="51.195714" lon="0.201837"><ele>42.75</ele></trkpt>
      <trkpt lat="51.195583" lon="0.202626"><ele>42.75</ele></trkpt>
      <trkpt lat="51.195551" lon="0.202938"><ele>42.25</ele></trkpt>
      <trkpt lat="51.195552" lon="0.203171"><ele>42</ele></trkpt>
      <trkpt lat="51.19559" lon="0.203387"><ele>41.75</ele></trkpt>
      <trkpt lat="51.19565" lon="0.203652"><ele>41.25</ele></trkpt>
      <trkpt lat="51.196128" lon="0.205503"><ele>39.75</ele></trkpt>
      <trkpt lat="51.196181" lon="0.205743"><ele>39</ele></trkpt>
      <trkpt lat="51.196255" lon="0.20614"><ele>39</ele></trkpt>
      <trkpt lat="51.196465" lon="0.207529"><ele>39.5</ele></trkpt>
      <trkpt lat="51.196534" lon="0.208008"><ele>39</ele></trkpt>
      <trkpt lat="51.196538" lon="0.208163"><ele>39</ele></trkpt>
      <trkpt lat="51.196533" lon="0.208314"><ele>39.25</ele></trkpt>
      <trkpt lat="51.196514" lon="0.208465"><ele>39.25</ele></trkpt>
      <trkpt lat="51.196483" lon="0.208617"><ele>39.25</ele></trkpt>
      <trkpt lat="51.196277" lon="0.209385"><ele>37.75</ele></trkpt>
      <trkpt lat="51.19613" lon="0.209998"><ele>37</ele></trkpt>
      <trkpt lat="51.196043" lon="0.210399"><ele>36</ele></trkpt>
      <trkpt lat="51.196005" lon="0.210587"><ele>35</ele></trkpt>
      <trkpt lat="51.195953" lon="0.210962"><ele>34.75</ele></trkpt>
      <trkpt lat="51.195901" lon="0.211472"><ele>33.25</ele></trkpt>
      <trkpt lat="51.195898" lon="0.211652"><ele>33</ele></trkpt>
      <trkpt lat="51.195898" lon="0.211652"><ele>33</ele></trkpt>
      <trkpt lat="51.195906" lon="0.211877"><ele>32.5</ele></trkpt>
      <trkpt lat="51.195966" lon="0.212477"><ele>32.25</ele></trkpt>
      <trkpt lat="51.196014" lon="0.212797"><ele>32.25</ele></trkpt>
      <trkpt lat="51.196083" lon="0.21313"><ele>31.75</ele></trkpt>
      <trkpt lat="51.196409" lon="0.214276"><ele>31.5</ele></trkpt>
      <trkpt lat="51.19667" lon="0.214871"><ele>31</ele></trkpt>
      <trkpt lat="51.196761" lon="0.21512"><ele>31</ele></trkpt>
      <trkpt lat="51.196811" lon="0.215284"><ele>30.75</ele></trkpt>
      <trkpt lat="51.196979" lon="0.215747"><ele>31</ele></trkpt>
      <trkpt lat="51.197063" lon="0.215931"><ele>31.25</ele></trkpt>
      <trkpt lat="51.197134" lon="0.216064"><ele>31.5</ele></trkpt>
      <trkpt lat="51.197194" lon="0.216149"><ele>31.75</ele></trkpt>
      <trkpt lat="51.19725" lon="0.216203"><ele>31.75</ele></trkpt>
      <trkpt lat="51.1973" lon="0.216235"><ele>31.75</ele></trkpt>
      <trkpt lat="51.197259" lon="0.216481"><ele>31</ele></trkpt>
      <trkpt lat="51.197101" lon="0.217025"><ele>31</ele></trkpt>
      <trkpt lat="51.197005" lon="0.217383"><ele>31</ele></trkpt>
      <trkpt lat="51.196992" lon="0.217547"><ele>31</ele></trkpt>
      <trkpt lat="51.196996" lon="0.217628"><ele>31</ele></trkpt>
      <trkpt lat="51.197015" lon="0.217792"><ele>31</ele></trkpt>
      <trkpt lat="51.197047" lon="0.217979"><ele>31</ele></trkpt>
      <trkpt lat="51.197103" lon="0.218332"><ele>31</ele></trkpt>
      <trkpt lat="51.197257" lon="0.219223"><ele>31</ele></trkpt>
      <trkpt lat="51.197291" lon="0.21946"><ele>31</ele></trkpt>
      <trkpt lat="51.197318" lon="0.219742"><ele>31.25</ele></trkpt>
      <trkpt lat="51.19735" lon="0.220284"><ele>32</ele></trkpt>
      <trkpt lat="51.197375" lon="0.220842"><ele>32</ele></trkpt>
      <trkpt lat="51.197382" lon="0.221212"><ele>32.5</ele></trkpt>
      <trkpt lat="51.197361" lon="0.221499"><ele>32.5</ele></trkpt>
      <trkpt lat="51.197334" lon="0.221641"><ele>32.75</ele></trkpt>
      <trkpt lat="51.197271" lon="0.221864"><ele>33</ele></trkpt>
      <trkpt lat="51.197068" lon="0.222508"><ele>33</ele></trkpt>
      <trkpt lat="51.196997" lon="0.222751"><ele>33</ele></trkpt>
      <trkpt lat="51.196873" lon="0.223157"><ele>33</ele></trkpt>
      <trkpt lat="51.196767" lon="0.223457"><ele>32.75</ele></trkpt>
      <trkpt lat="51.196636" lon="0.223651"><ele>33</ele></trkpt>
      <trkpt lat="51.196463" lon="0.223867"><ele>33</ele></trkpt>
      <trkpt lat="51.196429" lon="0.223931"><ele>32.75</ele></trkpt>
      <trkpt lat="51.196371" lon="0.224079"><ele>33</ele></trkpt>
      <trkpt lat="51.196292" lon="0.224361"><ele>33.25</ele></trkpt>
      <trkpt lat="51.196228" lon="0.224655"><ele>32.75</ele></trkpt>
      <trkpt lat="51.196198" lon="0.224825"><ele>32.5</ele></trkpt>
      <trkpt lat="51.196188" lon="0.224913"><ele>32.5</ele></trkpt>
      <trkpt lat="51.196187" lon="0.22499"><ele>32.5</ele></trkpt>
      <trkpt lat="51.196189" lon="0.22509"><ele>32.5</ele></trkpt>
      <trkpt lat="51.196201" lon="0.225234"><ele>32.5</ele></trkpt>
      <trkpt lat="51.196308" lon="0.225905"><ele>32.25</ele></trkpt>
      <trkpt lat="51.196425" lon="0.226698"><ele>31.75</ele></trkpt>
      <trkpt lat="51.196434" lon="0.226835"><ele>31.75</ele></trkpt>
      <trkpt lat="51.196432" lon="0.22695"><ele>31.75</ele></trkpt>
      <trkpt lat="51.19642" lon="0.227098"><ele>31.75</ele></trkpt>
      <trkpt lat="51.196396" lon="0.227222"><ele>31.75</ele></trkpt>
      <trkpt lat="51.196296" lon="0.227609"><ele>32</ele></trkpt>
      <trkpt lat="51.196067" lon="0.228326"><ele>32</ele></trkpt>
      <trkpt lat="51.196044" lon="0.228455"><ele>32</ele></trkpt>
      <trkpt lat="51.196031" lon="0.228591"><ele>32.25</ele></trkpt>
      <trkpt lat="51.196022" lon="0.229142"><ele>32</ele></trkpt>
      <trkpt lat="51.196037" lon="0.229681"><ele>31.5</ele></trkpt>
      <trkpt lat="51.196045" lon="0.230833"><ele>31</ele></trkpt>
      <trkpt lat="51.196052" lon="0.231911"><ele>33</ele></trkpt>
      <trkpt lat="51.196058" lon="0.232355"><ele>33.25</ele></trkpt>
      <trkpt lat="51.196051" lon="0.232686"><ele>32.5</ele></trkpt>
      <trkpt lat="51.196052" lon="0.233555"><ele>33.25</ele></trkpt>
      <trkpt lat="51.196059" lon="0.233803"><ele>34</ele></trkpt>
      <trkpt lat="51.196071" lon="0.233995"><ele>34.25</ele></trkpt>
      <trkpt lat="51.196091" lon="0.234245"><ele>34.25</ele></trkpt>
      <trkpt lat="51.196111" lon="0.234415"><ele>34.75</ele></trkpt>
      <trkpt lat="51.196195" lon="0.234905"><ele>35</ele></trkpt>
      <trkpt lat="51.196307" lon="0.235478"><ele>35</ele></trkpt>
      <trkpt lat="51.196506" lon="0.236141"><ele>34.5</ele></trkpt>
      <trkpt lat="51.196693" lon="0.236792"><ele>33.75</ele></trkpt>
      <trkpt lat="51.196853" lon="0.237455"><ele>33.5</ele></trkpt>
      <trkpt lat="51.197026" lon="0.238119"><ele>32.25</ele></trkpt>
      <trkpt lat="51.197053" lon="0.238221"><ele>32.25</ele></trkpt>
      <trkpt lat="51.197162" lon="0.238624"><ele>32.25</ele></trkpt>
      <trkpt lat="51.197411" lon="0.239441"><ele>32.5</ele></trkpt>
      <trkpt lat="51.197579" lon="0.24005"><ele>32.75</ele></trkpt>
      <trkpt lat="51.197612" lon="0.240711"><ele>32.5</ele></trkpt>
      <trkpt lat="51.197646" lon="0.240932"><ele>32</ele></trkpt>
      <trkpt lat="51.197682" lon="0.241095"><ele>31.5</ele></trkpt>
      <trkpt lat="51.19772" lon="0.241216"><ele>31.5</ele></trkpt>
      <trkpt lat="51.197716" lon="0.243802"><ele>35</ele></trkpt>
      <trkpt lat="51.198238" lon="0.245369"><ele>31</ele></trkpt>
      <trkpt lat="51.198261" lon="0.245437"><ele>31</ele></trkpt>
      <trkpt lat="51.198209" lon="0.245491"><ele>31</ele></trkpt>
      <trkpt lat="51.198225" lon="0.245515"><ele>31</ele></trkpt>
      <trkpt lat="51.198673" lon="0.246525"><ele>29.75</ele></trkpt>
      <trkpt lat="51.198722" lon="0.246557"><ele>29.5</ele></trkpt>
      <trkpt lat="51.198697" lon="0.246976"><ele>28.5</ele></trkpt>
      <trkpt lat="51.198589" lon="0.247417"><ele>27.25</ele></trkpt>
      <trkpt lat="51.198625" lon="0.247552"><ele>26.75</ele></trkpt>
      <trkpt lat="51.198604" lon="0.247828"><ele>26.75</ele></trkpt>
      <trkpt lat="51.198539" lon="0.248129"><ele>25.5</ele></trkpt>
      <trkpt lat="51.19843" lon="0.248405"><ele>25</ele></trkpt>
      <trkpt lat="51.198376" lon="0.248924"><ele>23</ele></trkpt>
      <trkpt lat="51.19836" lon="0.24902"><ele>23</ele></trkpt>
      <trkpt lat="51.198461" lon="0.249796"><ele>23</ele></trkpt>
      <trkpt lat="51.198565" lon="0.250753"><ele>22.75</ele></trkpt>
      <trkpt lat="51.198568" lon="0.250919"><ele>22.75</ele></trkpt>
      <trkpt lat="51.198567" lon="0.250983"><ele>22.75</ele></trkpt>
      <trkpt lat="51.198567" lon="0.251011"><ele>22.75</ele></trkpt>
      <trkpt lat="51.198571" lon="0.251601"><ele>23</ele></trkpt>
      <trkpt lat="51.198514" lon="0.253334"><ele>22.25</ele></trkpt>
      <trkpt lat="51.198487" lon="0.254621"><ele>22.75</ele></trkpt>
      <trkpt lat="51.198365" lon="0.254946"><ele>22.75</ele></trkpt>
      <trkpt lat="51.198114" lon="0.256065"><ele>22</ele></trkpt>
      <trkpt lat="51.198016" lon="0.25619"><ele>21.75</ele></trkpt>
      <trkpt lat="51.197932" lon="0.256248"><ele>21.5</ele></trkpt>
      <trkpt lat="51.197926" lon="0.256371"><ele>21.5</ele></trkpt>
      <trkpt lat="51.197904" lon="0.256495"><ele>21.5</ele></trkpt>
      <trkpt lat="51.197895" lon="0.256668"><ele>21.75</ele></trkpt>
      <trkpt lat="51.197893" lon="0.257018"><ele>21.5</ele></trkpt>
      <trkpt lat="51.197805" lon="0.257755"><ele>22</ele></trkpt>
      <trkpt lat="51.197757" lon="0.258"><ele>21.75</ele></trkpt>
      <trkpt lat="51.197724" lon="0.258269"><ele>21.75</ele></trkpt>
      <trkpt lat="51.197668" lon="0.258541"><ele>21.5</ele></trkpt>
      <trkpt lat="51.197647" lon="0.258637"><ele>21.5</ele></trkpt>
      <trkpt lat="51.197629" lon="0.258729"><ele>21.5</ele></trkpt>
      <trkpt lat="51.197676" lon="0.259667"><ele>23.25</ele></trkpt>
      <trkpt lat="51.197738" lon="0.259986"><ele>22.25</ele></trkpt>
      <trkpt lat="51.197753" lon="0.260078"><ele>22</ele></trkpt>
      <trkpt lat="51.197767" lon="0.260527"><ele>22</ele></trkpt>
      <trkpt lat="51.197856" lon="0.261776"><ele>22</ele></trkpt>
      <trkpt lat="51.197844" lon="0.261898"><ele>22</ele></trkpt>
      <trkpt lat="51.19784" lon="0.262066"><ele>22</ele></trkpt>
      <trkpt lat="51.197852" lon="0.262404"><ele>21.75</ele></trkpt>
      <trkpt lat="51.197876" lon="0.262679"><ele>22</ele></trkpt>
      <trkpt lat="51.197933" lon="0.26301"><ele>22</ele></trkpt>
      <trkpt lat="51.197898" lon="0.263105"><ele>22</ele></trkpt>
      <trkpt lat="51.19783" lon="0.263257"><ele>22</ele></trkpt>
      <trkpt lat="51.197489" lon="0.263538"><ele>22</ele></trkpt>
      <trkpt lat="51.197225" lon="0.263787"><ele>22</ele></trkpt>
      <trkpt lat="51.197009" lon="0.263867"><ele>22</ele></trkpt>
      <trkpt lat="51.196735" lon="0.263929"><ele>22</ele></trkpt>
      <trkpt lat="51.196836" lon="0.264859"><ele>22</ele></trkpt>
      <trkpt lat="51.196878" lon="0.265007"><ele>22</ele></trkpt>
      <trkpt lat="51.196545" lon="0.265396"><ele>22</ele></trkpt>
      <trkpt lat="51.19541" lon="0.266687"><ele>22</ele></trkpt>
      <trkpt lat="51.194903" lon="0.267268"><ele>21</ele></trkpt>
      <trkpt lat="51.193736" lon="0.268599"><ele>21.75</ele></trkpt>
      <trkpt lat="51.193676" lon="0.268671"><ele>21.75</ele></trkpt>
      <trkpt lat="51.193684" lon="0.268745"><ele>21.5</ele></trkpt>
      <trkpt lat="51.193658" lon="0.26902"><ele>21.5</ele></trkpt>
      <trkpt lat="51.193579" lon="0.269276"><ele>22</ele></trkpt>
      <trkpt lat="51.1935" lon="0.269708"><ele>22</ele></trkpt>
      <trkpt lat="51.193452" lon="0.26969"><ele>22</ele></trkpt>
      <trkpt lat="51.193273" lon="0.269658"><ele>22</ele></trkpt>
      <trkpt lat="51.193252" lon="0.269653"><ele>22.25</ele></trkpt>
      <trkpt lat="51.193059" lon="0.269613"><ele>22.75</ele></trkpt>
      <trkpt lat="51.192989" lon="0.270545"><ele>23</ele></trkpt>
      <trkpt lat="51.192964" lon="0.270702"><ele>23</ele></trkpt>
      <trkpt lat="51.192788" lon="0.271227"><ele>22.75</ele></trkpt>
      <trkpt lat="51.192762" lon="0.271304"><ele>23</ele></trkpt>
      <trkpt lat="51.192479" lon="0.272069"><ele>23</ele></trkpt>
      <trkpt lat="51.192428" lon="0.27202"><ele>23</ele></trkpt>
      <trkpt lat="51.192367" lon="0.271989"><ele>23.25</ele></trkpt>
      <trkpt lat="51.192353" lon="0.271959"><ele>23.5</ele></trkpt>
      <trkpt lat="51.192333" lon="0.271938"><ele>23.5</ele></trkpt>
      <trkpt lat="51.19231" lon="0.271928"><ele>23.5</ele></trkpt>
      <trkpt lat="51.192265" lon="0.271945"><ele>23.75</ele></trkpt>
      <trkpt lat="51.192224" lon="0.271892"><ele>23.75</ele></trkpt>
      <trkpt lat="51.191493" lon="0.27117"><ele>24</ele></trkpt>
      <trkpt lat="51.191377" lon="0.271046"><ele>24</ele></trkpt>
    </trkseg>
  </trk>
</gpx>
