<?xml version="1.0" encoding="UTF-8"?>
<gpx version="1.1" creator="TubeRun route generator" xmlns="http://www.topografix.com/GPX/1/1">
  <metadata>
    <name>Suffragette line — TubeRun</name>
    <desc>Above-ground running route tracing the Suffragette Overground line, station to station. Routed on pavements and footways from OpenStreetMap data (BRouter, hiking-beta).</desc>
    <author><name>TubeRun</name></author>
    <copyright author="OpenStreetMap contributors"><license>https://opendatacommons.org/licenses/odbl/1-0/</license></copyright>
    <link href="https://www.openstreetmap.org/copyright"><text>© OpenStreetMap contributors</text></link>
    <time>2026-07-06T08:30:05.816Z</time>
  </metadata>
  <wpt lat="51.555335" lon="-0.15077"><name>Gospel Oak</name></wpt>
  <wpt lat="51.563631" lon="-0.129513"><name>Upper Holloway</name></wpt>
  <wpt lat="51.571302" lon="-0.117149"><name>Crouch Hill</name></wpt>
  <wpt lat="51.577182" lon="-0.098144"><name>Harringay Green Lanes</name></wpt>
  <wpt lat="51.580372" lon="-0.072103"><name>South Tottenham</name></wpt>
  <wpt lat="51.586605" lon="-0.041236"><name>Blackhorse Road</name></wpt>
  <wpt lat="51.581503" lon="-0.023846"><name>Walthamstow Queens Road</name></wpt>
  <wpt lat="51.569725" lon="-0.008051"><name>Leyton Midland Road</name></wpt>
  <wpt lat="51.563554" lon="0.008416"><name>Leytonstone High Road</name></wpt>
  <wpt lat="51.551693" lon="0.026213"><name>Wanstead Park</name></wpt>
  <wpt lat="51.549264" lon="0.044423"><name>Woodgrange Park</name></wpt>
  <wpt lat="51.539495" lon="0.080903"><name>Barking</name></wpt>
  <wpt lat="51.51953" lon="0.11596"><name>Barking Riverside</name></wpt>
  <trk>
    <name>Suffragette line</name>
    <trkseg>
      <trkpt lat="51.555247" lon="-0.150851"><ele>44.75</ele></trkpt>
      <trkpt lat="51.555236" lon="-0.15087"><ele>45</ele></trkpt>
      <trkpt lat="51.555262" lon="-0.150943"><ele>45.75</ele></trkpt>
      <trkpt lat="51.555248" lon="-0.150947"><ele>45.5</ele></trkpt>
      <trkpt lat="51.55521" lon="-0.150985"><ele>45.25</ele></trkpt>
      <trkpt lat="51.555187" lon="-0.151013"><ele>45.25</ele></trkpt>
      <trkpt lat="51.555171" lon="-0.151033"><ele>45.25</ele></trkpt>
      <trkpt lat="51.555147" lon="-0.151061"><ele>44.75</ele></trkpt>
      <trkpt lat="51.55506" lon="-0.151073"><ele>43.25</ele></trkpt>
      <trkpt lat="51.555026" lon="-0.151048"><ele>42.5</ele></trkpt>
      <trkpt lat="51.555386" lon="-0.149866"><ele>42.75</ele></trkpt>
      <trkpt lat="51.555446" lon="-0.149646"><ele>43</ele></trkpt>
      <trkpt lat="51.55546" lon="-0.149593"><ele>43.25</ele></trkpt>
      <trkpt lat="51.555535" lon="-0.14932"><ele>42.25</ele></trkpt>
      <trkpt lat="51.555551" lon="-0.149259"><ele>42</ele></trkpt>
      <trkpt lat="51.555565" lon="-0.149214"><ele>42</ele></trkpt>
      <trkpt lat="51.555665" lon="-0.148888"><ele>42.75</ele></trkpt>
      <trkpt lat="51.555694" lon="-0.148916"><ele>42.75</ele></trkpt>
      <trkpt lat="51.556128" lon="-0.149337"><ele>44</ele></trkpt>
      <trkpt lat="51.556171" lon="-0.149371"><ele>44</ele></trkpt>
      <trkpt lat="51.556263" lon="-0.149448"><ele>44.5</ele></trkpt>
      <trkpt lat="51.557054" lon="-0.147453"><ele>47</ele></trkpt>
      <trkpt lat="51.557101" lon="-0.147353"><ele>47.25</ele></trkpt>
      <trkpt lat="51.557208" lon="-0.147113"><ele>47.75</ele></trkpt>
      <trkpt lat="51.557131" lon="-0.147039"><ele>47.5</ele></trkpt>
      <trkpt lat="51.557241" lon="-0.146753"><ele>48.5</ele></trkpt>
      <trkpt lat="51.557259" lon="-0.146708"><ele>48.75</ele></trkpt>
      <trkpt lat="51.557338" lon="-0.146532"><ele>49.25</ele></trkpt>
      <trkpt lat="51.557551" lon="-0.146158"><ele>50.75</ele></trkpt>
      <trkpt lat="51.557666" lon="-0.145989"><ele>50.5</ele></trkpt>
      <trkpt lat="51.557748" lon="-0.145899"><ele>50.25</ele></trkpt>
      <trkpt lat="51.558115" lon="-0.145654"><ele>50</ele></trkpt>
      <trkpt lat="51.558194" lon="-0.145584"><ele>50</ele></trkpt>
      <trkpt lat="51.558218" lon="-0.145556"><ele>50</ele></trkpt>
      <trkpt lat="51.558275" lon="-0.14546"><ele>50</ele></trkpt>
      <trkpt lat="51.558397" lon="-0.145191"><ele>49.25</ele></trkpt>
      <trkpt lat="51.558754" lon="-0.144383"><ele>49</ele></trkpt>
      <trkpt lat="51.558945" lon="-0.143949"><ele>50</ele></trkpt>
      <trkpt lat="51.559142" lon="-0.144146"><ele>50</ele></trkpt>
      <trkpt lat="51.55939" lon="-0.144395"><ele>49.75</ele></trkpt>
      <trkpt lat="51.559589" lon="-0.144594"><ele>50</ele></trkpt>
      <trkpt lat="51.559716" lon="-0.143972"><ele>52.5</ele></trkpt>
      <trkpt lat="51.559786" lon="-0.143634"><ele>53.5</ele></trkpt>
      <trkpt lat="51.559913" lon="-0.143191"><ele>56</ele></trkpt>
      <trkpt lat="51.560046" lon="-0.142732"><ele>58</ele></trkpt>
      <trkpt lat="51.560058" lon="-0.142608"><ele>58.5</ele></trkpt>
      <trkpt lat="51.56048" lon="-0.142497"><ele>59</ele></trkpt>
      <trkpt lat="51.561257" lon="-0.142293"><ele>59.75</ele></trkpt>
      <trkpt lat="51.561419" lon="-0.142233"><ele>60.75</ele></trkpt>
      <trkpt lat="51.561531" lon="-0.142155"><ele>61.75</ele></trkpt>
      <trkpt lat="51.561615" lon="-0.142069"><ele>62.75</ele></trkpt>
      <trkpt lat="51.561711" lon="-0.141936"><ele>64</ele></trkpt>
      <trkpt lat="51.561758" lon="-0.141845"><ele>64.5</ele></trkpt>
      <trkpt lat="51.561789" lon="-0.141768"><ele>65.25</ele></trkpt>
      <trkpt lat="51.561823" lon="-0.141649"><ele>66</ele></trkpt>
      <trkpt lat="51.561843" lon="-0.141524"><ele>67</ele></trkpt>
      <trkpt lat="51.561853" lon="-0.141355"><ele>68</ele></trkpt>
      <trkpt lat="51.561843" lon="-0.141082"><ele>69</ele></trkpt>
      <trkpt lat="51.561814" lon="-0.140807"><ele>70</ele></trkpt>
      <trkpt lat="51.561981" lon="-0.1407"><ele>70.25</ele></trkpt>
      <trkpt lat="51.562033" lon="-0.140678"><ele>70</ele></trkpt>
      <trkpt lat="51.562338" lon="-0.14059"><ele>69.5</ele></trkpt>
      <trkpt lat="51.562495" lon="-0.140559"><ele>69</ele></trkpt>
      <trkpt lat="51.56249" lon="-0.140502"><ele>69</ele></trkpt>
      <trkpt lat="51.562488" lon="-0.140494"><ele>69.25</ele></trkpt>
      <trkpt lat="51.562556" lon="-0.140477"><ele>69</ele></trkpt>
      <trkpt lat="51.562554" lon="-0.140454"><ele>69</ele></trkpt>
      <trkpt lat="51.562521" lon="-0.140071"><ele>69.75</ele></trkpt>
      <trkpt lat="51.562488" lon="-0.139597"><ele>68.5</ele></trkpt>
      <trkpt lat="51.562477" lon="-0.13944"><ele>68.25</ele></trkpt>
      <trkpt lat="51.562891" lon="-0.139221"><ele>66.25</ele></trkpt>
      <trkpt lat="51.562762" lon="-0.138616"><ele>63.75</ele></trkpt>
      <trkpt lat="51.562705" lon="-0.13826"><ele>61.5</ele></trkpt>
      <trkpt lat="51.562664" lon="-0.13793"><ele>59.75</ele></trkpt>
      <trkpt lat="51.562612" lon="-0.137529"><ele>57.5</ele></trkpt>
      <trkpt lat="51.562583" lon="-0.137355"><ele>56.25</ele></trkpt>
      <trkpt lat="51.562553" lon="-0.137205"><ele>55.25</ele></trkpt>
      <trkpt lat="51.562392" lon="-0.136485"><ele>51.75</ele></trkpt>
      <trkpt lat="51.562377" lon="-0.136419"><ele>51.5</ele></trkpt>
      <trkpt lat="51.562368" lon="-0.136384"><ele>51.5</ele></trkpt>
      <trkpt lat="51.562362" lon="-0.136358"><ele>51.5</ele></trkpt>
      <trkpt lat="51.562357" lon="-0.136334"><ele>51.25</ele></trkpt>
      <trkpt lat="51.562342" lon="-0.136265"><ele>51.25</ele></trkpt>
      <trkpt lat="51.562362" lon="-0.136254"><ele>51.5</ele></trkpt>
      <trkpt lat="51.562343" lon="-0.136187"><ele>51.25</ele></trkpt>
      <trkpt lat="51.562337" lon="-0.136165"><ele>51.25</ele></trkpt>
      <trkpt lat="51.562329" lon="-0.136136"><ele>51.25</ele></trkpt>
      <trkpt lat="51.56232" lon="-0.136104"><ele>51.25</ele></trkpt>
      <trkpt lat="51.562242" lon="-0.135786"><ele>51</ele></trkpt>
      <trkpt lat="51.562194" lon="-0.135592"><ele>50.75</ele></trkpt>
      <trkpt lat="51.562162" lon="-0.135414"><ele>49.75</ele></trkpt>
      <trkpt lat="51.562152" lon="-0.135299"><ele>49.25</ele></trkpt>
      <trkpt lat="51.56215" lon="-0.135053"><ele>49</ele></trkpt>
      <trkpt lat="51.562171" lon="-0.134674"><ele>48.75</ele></trkpt>
      <trkpt lat="51.562185" lon="-0.134498"><ele>48.75</ele></trkpt>
      <trkpt lat="51.562225" lon="-0.134141"><ele>47.75</ele></trkpt>
      <trkpt lat="51.562297" lon="-0.133632"><ele>46.75</ele></trkpt>
      <trkpt lat="51.562328" lon="-0.133413"><ele>45.75</ele></trkpt>
      <trkpt lat="51.562424" lon="-0.13282"><ele>45.75</ele></trkpt>
      <trkpt lat="51.562434" lon="-0.13276"><ele>45.75</ele></trkpt>
      <trkpt lat="51.562457" lon="-0.132583"><ele>45.75</ele></trkpt>
      <trkpt lat="51.562464" lon="-0.132529"><ele>45.75</ele></trkpt>
      <trkpt lat="51.562511" lon="-0.132242"><ele>45</ele></trkpt>
      <trkpt lat="51.562593" lon="-0.132036"><ele>44.25</ele></trkpt>
      <trkpt lat="51.562655" lon="-0.131914"><ele>44.5</ele></trkpt>
      <trkpt lat="51.562734" lon="-0.131803"><ele>44.75</ele></trkpt>
      <trkpt lat="51.562812" lon="-0.13171"><ele>45</ele></trkpt>
      <trkpt lat="51.563015" lon="-0.13148"><ele>45</ele></trkpt>
      <trkpt lat="51.563334" lon="-0.131193"><ele>45</ele></trkpt>
      <trkpt lat="51.563471" lon="-0.131094"><ele>45.25</ele></trkpt>
      <trkpt lat="51.563605" lon="-0.131014"><ele>45.75</ele></trkpt>
      <trkpt lat="51.563675" lon="-0.130992"><ele>46</ele></trkpt>
      <trkpt lat="51.563754" lon="-0.131023"><ele>46.25</ele></trkpt>
      <trkpt lat="51.563826" lon="-0.130901"><ele>46</ele></trkpt>
      <trkpt lat="51.563924" lon="-0.13083"><ele>46</ele></trkpt>
      <trkpt lat="51.564176" lon="-0.130676"><ele>46.25</ele></trkpt>
      <trkpt lat="51.564148" lon="-0.130582"><ele>46</ele></trkpt>
      <trkpt lat="51.564091" lon="-0.130329"><ele>45.25</ele></trkpt>
      <trkpt lat="51.56397" lon="-0.129859"><ele>45.25</ele></trkpt>
      <trkpt lat="51.563878" lon="-0.12957"><ele>43.5</ele></trkpt>
      <trkpt lat="51.563798" lon="-0.129599"><ele>42.75</ele></trkpt>
      <trkpt lat="51.56375" lon="-0.1295"><ele>41.25</ele></trkpt>
      <trkpt lat="51.563728" lon="-0.129453"><ele>40.5</ele></trkpt>
      <trkpt lat="51.563698" lon="-0.12949"><ele>40.5</ele></trkpt>
      <trkpt lat="51.563644" lon="-0.12956"><ele>40.25</ele></trkpt>
      <trkpt lat="51.56363" lon="-0.129549"><ele>40</ele></trkpt>
      <trkpt lat="51.563644" lon="-0.12956"><ele>40.25</ele></trkpt>
      <trkpt lat="51.563698" lon="-0.12949"><ele>40.5</ele></trkpt>
      <trkpt lat="51.563687" lon="-0.129458"><ele>40</ele></trkpt>
      <trkpt lat="51.563632" lon="-0.129343"><ele>40.5</ele></trkpt>
      <trkpt lat="51.563565" lon="-0.129213"><ele>42.25</ele></trkpt>
      <trkpt lat="51.563707" lon="-0.129032"><ele>41.75</ele></trkpt>
      <trkpt lat="51.563699" lon="-0.129002"><ele>41.75</ele></trkpt>
      <trkpt lat="51.563675" lon="-0.128911"><ele>42</ele></trkpt>
      <trkpt lat="51.563588" lon="-0.128689"><ele>42</ele></trkpt>
      <trkpt lat="51.563553" lon="-0.128565"><ele>41.75</ele></trkpt>
      <trkpt lat="51.563521" lon="-0.128502"><ele>41.75</ele></trkpt>
      <trkpt lat="51.563567" lon="-0.128437"><ele>41.75</ele></trkpt>
      <trkpt lat="51.563532" lon="-0.12834"><ele>41.5</ele></trkpt>
      <trkpt lat="51.563587" lon="-0.128275"><ele>41.5</ele></trkpt>
      <trkpt lat="51.563599" lon="-0.128301"><ele>41.75</ele></trkpt>
      <trkpt lat="51.563636" lon="-0.128385"><ele>42</ele></trkpt>
      <trkpt lat="51.563832" lon="-0.128978"><ele>41.25</ele></trkpt>
      <trkpt lat="51.563962" lon="-0.129373"><ele>42.5</ele></trkpt>
      <trkpt lat="51.564173" lon="-0.130021"><ele>45</ele></trkpt>
      <trkpt lat="51.564178" lon="-0.130041"><ele>45</ele></trkpt>
      <trkpt lat="51.564267" lon="-0.1299"><ele>45</ele></trkpt>
      <trkpt lat="51.564323" lon="-0.129807"><ele>45</ele></trkpt>
      <trkpt lat="51.564681" lon="-0.129286"><ele>45</ele></trkpt>
      <trkpt lat="51.565128" lon="-0.128587"><ele>44.25</ele></trkpt>
      <trkpt lat="51.565593" lon="-0.12784"><ele>44</ele></trkpt>
      <trkpt lat="51.565634" lon="-0.127777"><ele>43.75</ele></trkpt>
      <trkpt lat="51.566013" lon="-0.127195"><ele>43.5</ele></trkpt>
      <trkpt lat="51.566113" lon="-0.127045"><ele>43.25</ele></trkpt>
      <trkpt lat="51.566423" lon="-0.126624"><ele>43</ele></trkpt>
      <trkpt lat="51.566527" lon="-0.126483"><ele>43</ele></trkpt>
      <trkpt lat="51.566928" lon="-0.125935"><ele>42.25</ele></trkpt>
      <trkpt lat="51.56725" lon="-0.125534"><ele>42</ele></trkpt>
      <trkpt lat="51.567335" lon="-0.125409"><ele>42</ele></trkpt>
      <trkpt lat="51.567366" lon="-0.125399"><ele>42</ele></trkpt>
      <trkpt lat="51.567373" lon="-0.125389"><ele>42</ele></trkpt>
      <trkpt lat="51.567394" lon="-0.125352"><ele>42</ele></trkpt>
      <trkpt lat="51.5674" lon="-0.125316"><ele>42</ele></trkpt>
      <trkpt lat="51.567531" lon="-0.125105"><ele>42</ele></trkpt>
      <trkpt lat="51.567796" lon="-0.124621"><ele>41</ele></trkpt>
      <trkpt lat="51.567925" lon="-0.124405"><ele>40.75</ele></trkpt>
      <trkpt lat="51.568054" lon="-0.124182"><ele>40.75</ele></trkpt>
      <trkpt lat="51.568199" lon="-0.123913"><ele>41.5</ele></trkpt>
      <trkpt lat="51.568299" lon="-0.123753"><ele>41.5</ele></trkpt>
      <trkpt lat="51.568389" lon="-0.123609"><ele>42</ele></trkpt>
      <trkpt lat="51.568517" lon="-0.123354"><ele>42</ele></trkpt>
      <trkpt lat="51.568548" lon="-0.123377"><ele>42</ele></trkpt>
      <trkpt lat="51.569032" lon="-0.122394"><ele>43.25</ele></trkpt>
      <trkpt lat="51.569253" lon="-0.121947"><ele>44.25</ele></trkpt>
      <trkpt lat="51.569337" lon="-0.12186"><ele>44</ele></trkpt>
      <trkpt lat="51.569501" lon="-0.121454"><ele>44.25</ele></trkpt>
      <trkpt lat="51.569895" lon="-0.120476"><ele>41.25</ele></trkpt>
      <trkpt lat="51.569824" lon="-0.120398"><ele>39.25</ele></trkpt>
      <trkpt lat="51.569535" lon="-0.120128"><ele>40.5</ele></trkpt>
      <trkpt lat="51.569685" lon="-0.119849"><ele>40.25</ele></trkpt>
      <trkpt lat="51.569879" lon="-0.119479"><ele>39.5</ele></trkpt>
      <trkpt lat="51.570052" lon="-0.119117"><ele>39</ele></trkpt>
      <trkpt lat="51.570223" lon="-0.118761"><ele>39.5</ele></trkpt>
      <trkpt lat="51.570386" lon="-0.118421"><ele>38.75</ele></trkpt>
      <trkpt lat="51.57036" lon="-0.118373"><ele>39.25</ele></trkpt>
      <trkpt lat="51.570135" lon="-0.118069"><ele>39</ele></trkpt>
      <trkpt lat="51.570194" lon="-0.117948"><ele>39</ele></trkpt>
      <trkpt lat="51.570251" lon="-0.117937"><ele>39</ele></trkpt>
      <trkpt lat="51.570902" lon="-0.116716"><ele>38.25</ele></trkpt>
      <trkpt lat="51.571078" lon="-0.117081"><ele>39</ele></trkpt>
      <trkpt lat="51.571096" lon="-0.117126"><ele>39</ele></trkpt>
      <trkpt lat="51.571115" lon="-0.117105"><ele>38.75</ele></trkpt>
      <trkpt lat="51.571162" lon="-0.117053"><ele>38.25</ele></trkpt>
      <trkpt lat="51.571242" lon="-0.117162"><ele>37.75</ele></trkpt>
      <trkpt lat="51.571162" lon="-0.117053"><ele>38.25</ele></trkpt>
      <trkpt lat="51.571115" lon="-0.117105"><ele>38.75</ele></trkpt>
      <trkpt lat="51.571126" lon="-0.117131"><ele>38.75</ele></trkpt>
      <trkpt lat="51.571239" lon="-0.117374"><ele>37.5</ele></trkpt>
      <trkpt lat="51.571241" lon="-0.117379"><ele>37.5</ele></trkpt>
      <trkpt lat="51.571354" lon="-0.117621"><ele>39.25</ele></trkpt>
      <trkpt lat="51.571397" lon="-0.117719"><ele>40</ele></trkpt>
      <trkpt lat="51.571623" lon="-0.118173"><ele>41</ele></trkpt>
      <trkpt lat="51.571896" lon="-0.117732"><ele>41.75</ele></trkpt>
      <trkpt lat="51.571996" lon="-0.117571"><ele>42</ele></trkpt>
      <trkpt lat="51.572122" lon="-0.117366"><ele>42</ele></trkpt>
      <trkpt lat="51.572171" lon="-0.117417"><ele>42.5</ele></trkpt>
      <trkpt lat="51.572253" lon="-0.117403"><ele>42.75</ele></trkpt>
      <trkpt lat="51.572319" lon="-0.117343"><ele>42.75</ele></trkpt>
      <trkpt lat="51.572412" lon="-0.117185"><ele>43.25</ele></trkpt>
      <trkpt lat="51.572484" lon="-0.117289"><ele>43.75</ele></trkpt>
      <trkpt lat="51.572501" lon="-0.117306"><ele>44</ele></trkpt>
      <trkpt lat="51.572519" lon="-0.117307"><ele>44</ele></trkpt>
      <trkpt lat="51.572587" lon="-0.117263"><ele>44.5</ele></trkpt>
      <trkpt lat="51.572724" lon="-0.117195"><ele>45.5</ele></trkpt>
      <trkpt lat="51.572794" lon="-0.117178"><ele>46</ele></trkpt>
      <trkpt lat="51.572845" lon="-0.117185"><ele>46.5</ele></trkpt>
      <trkpt lat="51.572884" lon="-0.117191"><ele>47</ele></trkpt>
      <trkpt lat="51.572953" lon="-0.117197"><ele>47.75</ele></trkpt>
      <trkpt lat="51.572964" lon="-0.117197"><ele>47.75</ele></trkpt>
      <trkpt lat="51.573073" lon="-0.1174"><ele>49.75</ele></trkpt>
      <trkpt lat="51.573258" lon="-0.117708"><ele>53</ele></trkpt>
      <trkpt lat="51.573295" lon="-0.117748"><ele>53.5</ele></trkpt>
      <trkpt lat="51.573349" lon="-0.117827"><ele>54.25</ele></trkpt>
      <trkpt lat="51.573396" lon="-0.117908"><ele>55.25</ele></trkpt>
      <trkpt lat="51.573491" lon="-0.117753"><ele>56</ele></trkpt>
      <trkpt lat="51.573617" lon="-0.117558"><ele>55.5</ele></trkpt>
      <trkpt lat="51.573696" lon="-0.117505"><ele>55.5</ele></trkpt>
      <trkpt lat="51.573797" lon="-0.117526"><ele>56.25</ele></trkpt>
      <trkpt lat="51.573801" lon="-0.117476"><ele>56</ele></trkpt>
      <trkpt lat="51.573913" lon="-0.11748"><ele>57</ele></trkpt>
      <trkpt lat="51.573977" lon="-0.117477"><ele>57.25</ele></trkpt>
      <trkpt lat="51.573966" lon="-0.117116"><ele>55.25</ele></trkpt>
      <trkpt lat="51.573925" lon="-0.116658"><ele>53.75</ele></trkpt>
      <trkpt lat="51.573913" lon="-0.116176"><ele>51.5</ele></trkpt>
      <trkpt lat="51.573885" lon="-0.115774"><ele>52</ele></trkpt>
      <trkpt lat="51.573876" lon="-0.115638"><ele>52.25</ele></trkpt>
      <trkpt lat="51.573785" lon="-0.114651"><ele>48.5</ele></trkpt>
      <trkpt lat="51.573402" lon="-0.112742"><ele>45.75</ele></trkpt>
      <trkpt lat="51.573204" lon="-0.112008"><ele>44.25</ele></trkpt>
      <trkpt lat="51.573195" lon="-0.111978"><ele>44.75</ele></trkpt>
      <trkpt lat="51.573195" lon="-0.111949"><ele>44.75</ele></trkpt>
      <trkpt lat="51.573155" lon="-0.112016"><ele>44.5</ele></trkpt>
      <trkpt lat="51.573141" lon="-0.112092"><ele>44</ele></trkpt>
      <trkpt lat="51.573152" lon="-0.112181"><ele>43.25</ele></trkpt>
      <trkpt lat="51.573154" lon="-0.112254"><ele>42.75</ele></trkpt>
      <trkpt lat="51.573166" lon="-0.112326"><ele>42.75</ele></trkpt>
      <trkpt lat="51.573169" lon="-0.112346"><ele>42.5</ele></trkpt>
      <trkpt lat="51.573171" lon="-0.112375"><ele>42.5</ele></trkpt>
      <trkpt lat="51.573372" lon="-0.112249"><ele>43</ele></trkpt>
      <trkpt lat="51.573396" lon="-0.112209"><ele>43</ele></trkpt>
      <trkpt lat="51.573413" lon="-0.112146"><ele>43</ele></trkpt>
      <trkpt lat="51.573445" lon="-0.11213"><ele>43</ele></trkpt>
      <trkpt lat="51.57348" lon="-0.112113"><ele>42.75</ele></trkpt>
      <trkpt lat="51.573526" lon="-0.112131"><ele>42.75</ele></trkpt>
      <trkpt lat="51.573596" lon="-0.112126"><ele>42.5</ele></trkpt>
      <trkpt lat="51.573711" lon="-0.112099"><ele>42.75</ele></trkpt>
      <trkpt lat="51.573764" lon="-0.11219"><ele>43</ele></trkpt>
      <trkpt lat="51.573778" lon="-0.11216"><ele>43</ele></trkpt>
      <trkpt lat="51.573844" lon="-0.112115"><ele>43.25</ele></trkpt>
      <trkpt lat="51.57394" lon="-0.112053"><ele>43.5</ele></trkpt>
      <trkpt lat="51.574081" lon="-0.111981"><ele>43.75</ele></trkpt>
      <trkpt lat="51.574202" lon="-0.111898"><ele>44</ele></trkpt>
      <trkpt lat="51.574296" lon="-0.111792"><ele>44.25</ele></trkpt>
      <trkpt lat="51.574355" lon="-0.111663"><ele>44.5</ele></trkpt>
      <trkpt lat="51.574459" lon="-0.111361"><ele>45</ele></trkpt>
      <trkpt lat="51.574517" lon="-0.111164"><ele>45.25</ele></trkpt>
      <trkpt lat="51.574597" lon="-0.110886"><ele>45.5</ele></trkpt>
      <trkpt lat="51.574964" lon="-0.109579"><ele>47.5</ele></trkpt>
      <trkpt lat="51.575269" lon="-0.108539"><ele>48.5</ele></trkpt>
      <trkpt lat="51.575396" lon="-0.108104"><ele>48</ele></trkpt>
      <trkpt lat="51.575429" lon="-0.10799"><ele>47.75</ele></trkpt>
      <trkpt lat="51.575471" lon="-0.107874"><ele>47.75</ele></trkpt>
      <trkpt lat="51.575697" lon="-0.107235"><ele>47</ele></trkpt>
      <trkpt lat="51.575846" lon="-0.106969"><ele>47</ele></trkpt>
      <trkpt lat="51.575964" lon="-0.106817"><ele>47</ele></trkpt>
      <trkpt lat="51.576086" lon="-0.106677"><ele>46.75</ele></trkpt>
      <trkpt lat="51.576303" lon="-0.106497"><ele>46.75</ele></trkpt>
      <trkpt lat="51.576555" lon="-0.106374"><ele>48</ele></trkpt>
      <trkpt lat="51.576731" lon="-0.106315"><ele>48.75</ele></trkpt>
      <trkpt lat="51.576919" lon="-0.106301"><ele>49.25</ele></trkpt>
      <trkpt lat="51.577153" lon="-0.106362"><ele>51.25</ele></trkpt>
      <trkpt lat="51.577272" lon="-0.106431"><ele>52.25</ele></trkpt>
      <trkpt lat="51.577385" lon="-0.106516"><ele>53.25</ele></trkpt>
      <trkpt lat="51.577517" lon="-0.105981"><ele>49.5</ele></trkpt>
      <trkpt lat="51.577514" lon="-0.10585"><ele>48.5</ele></trkpt>
      <trkpt lat="51.577584" lon="-0.105227"><ele>44.5</ele></trkpt>
      <trkpt lat="51.577649" lon="-0.104673"><ele>41.25</ele></trkpt>
      <trkpt lat="51.577659" lon="-0.104593"><ele>41.25</ele></trkpt>
      <trkpt lat="51.577695" lon="-0.1046"><ele>41.5</ele></trkpt>
      <trkpt lat="51.577711" lon="-0.104464"><ele>41.25</ele></trkpt>
      <trkpt lat="51.577744" lon="-0.104167"><ele>39.75</ele></trkpt>
      <trkpt lat="51.577783" lon="-0.104162"><ele>40</ele></trkpt>
      <trkpt lat="51.577786" lon="-0.104102"><ele>39.75</ele></trkpt>
      <trkpt lat="51.577809" lon="-0.103735"><ele>37.75</ele></trkpt>
      <trkpt lat="51.577816" lon="-0.103619"><ele>37</ele></trkpt>
      <trkpt lat="51.577864" lon="-0.102864"><ele>32.5</ele></trkpt>
      <trkpt lat="51.57789" lon="-0.102448"><ele>30.75</ele></trkpt>
      <trkpt lat="51.577896" lon="-0.102348"><ele>30.25</ele></trkpt>
      <trkpt lat="51.577905" lon="-0.102235"><ele>30</ele></trkpt>
      <trkpt lat="51.57792" lon="-0.102004"><ele>29</ele></trkpt>
      <trkpt lat="51.577969" lon="-0.101319"><ele>26.75</ele></trkpt>
      <trkpt lat="51.577982" lon="-0.101107"><ele>26.25</ele></trkpt>
      <trkpt lat="51.578003" lon="-0.100836"><ele>26</ele></trkpt>
      <trkpt lat="51.578035" lon="-0.100357"><ele>24.25</ele></trkpt>
      <trkpt lat="51.578074" lon="-0.099848"><ele>23.25</ele></trkpt>
      <trkpt lat="51.578115" lon="-0.099217"><ele>22</ele></trkpt>
      <trkpt lat="51.578129" lon="-0.099005"><ele>21.75</ele></trkpt>
      <trkpt lat="51.578137" lon="-0.098905"><ele>21.5</ele></trkpt>
      <trkpt lat="51.578151" lon="-0.098813"><ele>21.75</ele></trkpt>
      <trkpt lat="51.578153" lon="-0.098796"><ele>21.75</ele></trkpt>
      <trkpt lat="51.578126" lon="-0.098792"><ele>21.75</ele></trkpt>
      <trkpt lat="51.57763" lon="-0.098707"><ele>22</ele></trkpt>
      <trkpt lat="51.577166" lon="-0.098625"><ele>22.75</ele></trkpt>
      <trkpt lat="51.577166" lon="-0.098483"><ele>23.5</ele></trkpt>
      <trkpt lat="51.577152" lon="-0.098465"><ele>23.75</ele></trkpt>
      <trkpt lat="51.577156" lon="-0.098443"><ele>23.75</ele></trkpt>
      <trkpt lat="51.577225" lon="-0.098188"><ele>26</ele></trkpt>
      <trkpt lat="51.57721" lon="-0.098178"><ele>26</ele></trkpt>
      <trkpt lat="51.577225" lon="-0.098188"><ele>26</ele></trkpt>
      <trkpt lat="51.577156" lon="-0.098443"><ele>23.75</ele></trkpt>
      <trkpt lat="51.577152" lon="-0.098465"><ele>23.75</ele></trkpt>
      <trkpt lat="51.577166" lon="-0.098483"><ele>23.5</ele></trkpt>
      <trkpt lat="51.577166" lon="-0.098625"><ele>22.75</ele></trkpt>
      <trkpt lat="51.577107" lon="-0.098593"><ele>22.5</ele></trkpt>
      <trkpt lat="51.576937" lon="-0.098544"><ele>22.25</ele></trkpt>
      <trkpt lat="51.576778" lon="-0.098502"><ele>22.5</ele></trkpt>
      <trkpt lat="51.57674" lon="-0.09848"><ele>22.5</ele></trkpt>
      <trkpt lat="51.576719" lon="-0.098445"><ele>22.5</ele></trkpt>
      <trkpt lat="51.576706" lon="-0.098392"><ele>22.75</ele></trkpt>
      <trkpt lat="51.576693" lon="-0.098399"><ele>22.75</ele></trkpt>
      <trkpt lat="51.576664" lon="-0.098385"><ele>22.75</ele></trkpt>
      <trkpt lat="51.576634" lon="-0.098371"><ele>22.75</ele></trkpt>
      <trkpt lat="51.576623" lon="-0.098367"><ele>23</ele></trkpt>
      <trkpt lat="51.576618" lon="-0.098396"><ele>22.75</ele></trkpt>
      <trkpt lat="51.576613" lon="-0.098432"><ele>22.75</ele></trkpt>
      <trkpt lat="51.576598" lon="-0.098426"><ele>22.75</ele></trkpt>
      <trkpt lat="51.576579" lon="-0.098418"><ele>23</ele></trkpt>
      <trkpt lat="51.576562" lon="-0.09841"><ele>23</ele></trkpt>
      <trkpt lat="51.576525" lon="-0.098435"><ele>23</ele></trkpt>
      <trkpt lat="51.576484" lon="-0.09842"><ele>23.25</ele></trkpt>
      <trkpt lat="51.576472" lon="-0.098393"><ele>23.25</ele></trkpt>
      <trkpt lat="51.57646" lon="-0.098366"><ele>23.5</ele></trkpt>
      <trkpt lat="51.576455" lon="-0.098352"><ele>23.5</ele></trkpt>
      <trkpt lat="51.576334" lon="-0.098422"><ele>23.5</ele></trkpt>
      <trkpt lat="51.576246" lon="-0.098436"><ele>23.5</ele></trkpt>
      <trkpt lat="51.576084" lon="-0.098431"><ele>23.5</ele></trkpt>
      <trkpt lat="51.575834" lon="-0.098395"><ele>23.75</ele></trkpt>
      <trkpt lat="51.575808" lon="-0.098392"><ele>23.75</ele></trkpt>
      <trkpt lat="51.575651" lon="-0.098369"><ele>23.75</ele></trkpt>
      <trkpt lat="51.575396" lon="-0.098321"><ele>24.5</ele></trkpt>
      <trkpt lat="51.57509" lon="-0.098268"><ele>25.5</ele></trkpt>
      <trkpt lat="51.574892" lon="-0.098205"><ele>26</ele></trkpt>
      <trkpt lat="51.574854" lon="-0.09819"><ele>26.25</ele></trkpt>
      <trkpt lat="51.574815" lon="-0.098175"><ele>26.25</ele></trkpt>
      <trkpt lat="51.574762" lon="-0.098138"><ele>26.75</ele></trkpt>
      <trkpt lat="51.574749" lon="-0.098133"><ele>26.75</ele></trkpt>
      <trkpt lat="51.574721" lon="-0.098121"><ele>27</ele></trkpt>
      <trkpt lat="51.57475" lon="-0.097952"><ele>26.25</ele></trkpt>
      <trkpt lat="51.574751" lon="-0.097943"><ele>26.25</ele></trkpt>
      <trkpt lat="51.574788" lon="-0.097739"><ele>25.5</ele></trkpt>
      <trkpt lat="51.574795" lon="-0.097692"><ele>25.5</ele></trkpt>
      <trkpt lat="51.574807" lon="-0.097615"><ele>25.25</ele></trkpt>
      <trkpt lat="51.574833" lon="-0.097473"><ele>25</ele></trkpt>
      <trkpt lat="51.574957" lon="-0.096797"><ele>24</ele></trkpt>
      <trkpt lat="51.574982" lon="-0.096662"><ele>24</ele></trkpt>
      <trkpt lat="51.575012" lon="-0.096467"><ele>23.25</ele></trkpt>
      <trkpt lat="51.575055" lon="-0.096161"><ele>23</ele></trkpt>
      <trkpt lat="51.575084" lon="-0.095981"><ele>22.75</ele></trkpt>
      <trkpt lat="51.575178" lon="-0.095363"><ele>21.5</ele></trkpt>
      <trkpt lat="51.575213" lon="-0.095125"><ele>21</ele></trkpt>
      <trkpt lat="51.57525" lon="-0.094852"><ele>21</ele></trkpt>
      <trkpt lat="51.575371" lon="-0.094026"><ele>20</ele></trkpt>
      <trkpt lat="51.575441" lon="-0.093532"><ele>20</ele></trkpt>
      <trkpt lat="51.575508" lon="-0.093068"><ele>20</ele></trkpt>
      <trkpt lat="51.575618" lon="-0.092355"><ele>19</ele></trkpt>
      <trkpt lat="51.575627" lon="-0.09232"><ele>19</ele></trkpt>
      <trkpt lat="51.575721" lon="-0.092096"><ele>19</ele></trkpt>
      <trkpt lat="51.575872" lon="-0.091731"><ele>19</ele></trkpt>
      <trkpt lat="51.576301" lon="-0.09073"><ele>17.25</ele></trkpt>
      <trkpt lat="51.576434" lon="-0.090405"><ele>16.75</ele></trkpt>
      <trkpt lat="51.57644" lon="-0.09039"><ele>16.75</ele></trkpt>
      <trkpt lat="51.576449" lon="-0.09037"><ele>16.75</ele></trkpt>
      <trkpt lat="51.576484" lon="-0.090291"><ele>16.5</ele></trkpt>
      <trkpt lat="51.576762" lon="-0.089635"><ele>16</ele></trkpt>
      <trkpt lat="51.576941" lon="-0.089271"><ele>16</ele></trkpt>
      <trkpt lat="51.577067" lon="-0.089039"><ele>16</ele></trkpt>
      <trkpt lat="51.577317" lon="-0.088584"><ele>15</ele></trkpt>
      <trkpt lat="51.577533" lon="-0.088203"><ele>14.75</ele></trkpt>
      <trkpt lat="51.577603" lon="-0.088106"><ele>15</ele></trkpt>
      <trkpt lat="51.577803" lon="-0.087834"><ele>14</ele></trkpt>
      <trkpt lat="51.578122" lon="-0.087446"><ele>14</ele></trkpt>
      <trkpt lat="51.578282" lon="-0.087279"><ele>14</ele></trkpt>
      <trkpt lat="51.57846" lon="-0.087199"><ele>14</ele></trkpt>
      <trkpt lat="51.578495" lon="-0.087189"><ele>14</ele></trkpt>
      <trkpt lat="51.578608" lon="-0.087154"><ele>14</ele></trkpt>
      <trkpt lat="51.578726" lon="-0.087109"><ele>14.75</ele></trkpt>
      <trkpt lat="51.578719" lon="-0.087034"><ele>14.5</ele></trkpt>
      <trkpt lat="51.578652" lon="-0.086398"><ele>13</ele></trkpt>
      <trkpt lat="51.578587" lon="-0.086116"><ele>13</ele></trkpt>
      <trkpt lat="51.57861" lon="-0.085779"><ele>13</ele></trkpt>
      <trkpt lat="51.578653" lon="-0.085094"><ele>13</ele></trkpt>
      <trkpt lat="51.578677" lon="-0.084808"><ele>13</ele></trkpt>
      <trkpt lat="51.578658" lon="-0.084681"><ele>12.75</ele></trkpt>
      <trkpt lat="51.578649" lon="-0.08462"><ele>13</ele></trkpt>
      <trkpt lat="51.578697" lon="-0.084559"><ele>13</ele></trkpt>
      <trkpt lat="51.578856" lon="-0.084354"><ele>12.5</ele></trkpt>
      <trkpt lat="51.578889" lon="-0.084261"><ele>12.25</ele></trkpt>
      <trkpt lat="51.578938" lon="-0.083663"><ele>12.5</ele></trkpt>
      <trkpt lat="51.578937" lon="-0.083539"><ele>12.5</ele></trkpt>
      <trkpt lat="51.57867" lon="-0.082869"><ele>12</ele></trkpt>
      <trkpt lat="51.578965" lon="-0.082554"><ele>12.25</ele></trkpt>
      <trkpt lat="51.579003" lon="-0.082473"><ele>12.25</ele></trkpt>
      <trkpt lat="51.579012" lon="-0.082346"><ele>12.25</ele></trkpt>
      <trkpt lat="51.57899" lon="-0.082204"><ele>12.25</ele></trkpt>
      <trkpt lat="51.578954" lon="-0.082031"><ele>12</ele></trkpt>
      <trkpt lat="51.579149" lon="-0.081758"><ele>12</ele></trkpt>
      <trkpt lat="51.579141" lon="-0.081695"><ele>12</ele></trkpt>
      <trkpt lat="51.579126" lon="-0.08165"><ele>12</ele></trkpt>
      <trkpt lat="51.579097" lon="-0.081594"><ele>12</ele></trkpt>
      <trkpt lat="51.579043" lon="-0.081493"><ele>12</ele></trkpt>
      <trkpt lat="51.579033" lon="-0.081475"><ele>12</ele></trkpt>
      <trkpt lat="51.579407" lon="-0.080909"><ele>12.25</ele></trkpt>
      <trkpt lat="51.579419" lon="-0.080889"><ele>11.75</ele></trkpt>
      <trkpt lat="51.579471" lon="-0.080803"><ele>11</ele></trkpt>
      <trkpt lat="51.579512" lon="-0.080737"><ele>11.25</ele></trkpt>
      <trkpt lat="51.579518" lon="-0.080705"><ele>11.25</ele></trkpt>
      <trkpt lat="51.579523" lon="-0.080611"><ele>11.5</ele></trkpt>
      <trkpt lat="51.579503" lon="-0.080568"><ele>11.75</ele></trkpt>
      <trkpt lat="51.579479" lon="-0.080515"><ele>12.25</ele></trkpt>
      <trkpt lat="51.579558" lon="-0.080353"><ele>12.75</ele></trkpt>
      <trkpt lat="51.579775" lon="-0.079815"><ele>11.25</ele></trkpt>
      <trkpt lat="51.580436" lon="-0.078257"><ele>10.25</ele></trkpt>
      <trkpt lat="51.580452" lon="-0.078218"><ele>10</ele></trkpt>
      <trkpt lat="51.580471" lon="-0.078171"><ele>10</ele></trkpt>
      <trkpt lat="51.580528" lon="-0.078037"><ele>10</ele></trkpt>
      <trkpt lat="51.580661" lon="-0.077721"><ele>10</ele></trkpt>
      <trkpt lat="51.580674" lon="-0.077689"><ele>10</ele></trkpt>
      <trkpt lat="51.580692" lon="-0.077646"><ele>10</ele></trkpt>
      <trkpt lat="51.58113" lon="-0.076616"><ele>10</ele></trkpt>
      <trkpt lat="51.581151" lon="-0.076567"><ele>10</ele></trkpt>
      <trkpt lat="51.581182" lon="-0.076496"><ele>10</ele></trkpt>
      <trkpt lat="51.58121" lon="-0.07643"><ele>10</ele></trkpt>
      <trkpt lat="51.581769" lon="-0.075117"><ele>12</ele></trkpt>
      <trkpt lat="51.581792" lon="-0.075066"><ele>11.5</ele></trkpt>
      <trkpt lat="51.581743" lon="-0.075006"><ele>11</ele></trkpt>
      <trkpt lat="51.581533" lon="-0.074798"><ele>10.5</ele></trkpt>
      <trkpt lat="51.581383" lon="-0.074656"><ele>10</ele></trkpt>
      <trkpt lat="51.581265" lon="-0.074579"><ele>10.25</ele></trkpt>
      <trkpt lat="51.581122" lon="-0.074536"><ele>10</ele></trkpt>
      <trkpt lat="51.581005" lon="-0.07449"><ele>10</ele></trkpt>
      <trkpt lat="51.58091" lon="-0.074428"><ele>10</ele></trkpt>
      <trkpt lat="51.580836" lon="-0.074348"><ele>9.75</ele></trkpt>
      <trkpt lat="51.580779" lon="-0.074231"><ele>10</ele></trkpt>
      <trkpt lat="51.580743" lon="-0.074145"><ele>10</ele></trkpt>
      <trkpt lat="51.58071" lon="-0.074006"><ele>10</ele></trkpt>
      <trkpt lat="51.580678" lon="-0.073549"><ele>10</ele></trkpt>
      <trkpt lat="51.5807" lon="-0.073445"><ele>10</ele></trkpt>
      <trkpt lat="51.580748" lon="-0.073367"><ele>10</ele></trkpt>
      <trkpt lat="51.580689" lon="-0.073265"><ele>10</ele></trkpt>
      <trkpt lat="51.580657" lon="-0.073253"><ele>10</ele></trkpt>
      <trkpt lat="51.580626" lon="-0.073256"><ele>10</ele></trkpt>
      <trkpt lat="51.580622" lon="-0.073173"><ele>10</ele></trkpt>
      <trkpt lat="51.580554" lon="-0.073183"><ele>10</ele></trkpt>
      <trkpt lat="51.580529" lon="-0.072775"><ele>11</ele></trkpt>
      <trkpt lat="51.580033" lon="-0.072862"><ele>10.75</ele></trkpt>
      <trkpt lat="51.58003" lon="-0.072829"><ele>11</ele></trkpt>
      <trkpt lat="51.580024" lon="-0.072754"><ele>11</ele></trkpt>
      <trkpt lat="51.580017" lon="-0.072657"><ele>10.5</ele></trkpt>
      <trkpt lat="51.580016" lon="-0.072641"><ele>10.5</ele></trkpt>
      <trkpt lat="51.580143" lon="-0.072602"><ele>11.5</ele></trkpt>
      <trkpt lat="51.580162" lon="-0.072446"><ele>11.75</ele></trkpt>
      <trkpt lat="51.580197" lon="-0.072402"><ele>12.25</ele></trkpt>
      <trkpt lat="51.580231" lon="-0.072292"><ele>12.75</ele></trkpt>
      <trkpt lat="51.580258" lon="-0.072212"><ele>13.5</ele></trkpt>
      <trkpt lat="51.580267" lon="-0.072187"><ele>13.5</ele></trkpt>
      <trkpt lat="51.580309" lon="-0.07207"><ele>13</ele></trkpt>
      <trkpt lat="51.580341" lon="-0.072086"><ele>12.75</ele></trkpt>
      <trkpt lat="51.580372" lon="-0.072097"><ele>12</ele></trkpt>
      <trkpt lat="51.580341" lon="-0.072086"><ele>12.75</ele></trkpt>
      <trkpt lat="51.580309" lon="-0.07207"><ele>13</ele></trkpt>
      <trkpt lat="51.580267" lon="-0.072187"><ele>13.5</ele></trkpt>
      <trkpt lat="51.580258" lon="-0.072212"><ele>13.5</ele></trkpt>
      <trkpt lat="51.580231" lon="-0.072292"><ele>12.75</ele></trkpt>
      <trkpt lat="51.580197" lon="-0.072402"><ele>12.25</ele></trkpt>
      <trkpt lat="51.580162" lon="-0.072446"><ele>11.75</ele></trkpt>
      <trkpt lat="51.580143" lon="-0.072602"><ele>11.5</ele></trkpt>
      <trkpt lat="51.580016" lon="-0.072641"><ele>10.5</ele></trkpt>
      <trkpt lat="51.579822" lon="-0.072673"><ele>10.75</ele></trkpt>
      <trkpt lat="51.579759" lon="-0.072684"><ele>10.75</ele></trkpt>
      <trkpt lat="51.579869" lon="-0.07206"><ele>9.75</ele></trkpt>
      <trkpt lat="51.579896" lon="-0.071906"><ele>10</ele></trkpt>
      <trkpt lat="51.58005" lon="-0.071033"><ele>10</ele></trkpt>
      <trkpt lat="51.580146" lon="-0.070492"><ele>9.5</ele></trkpt>
      <trkpt lat="51.580194" lon="-0.07021"><ele>10</ele></trkpt>
      <trkpt lat="51.58034" lon="-0.069357"><ele>11</ele></trkpt>
      <trkpt lat="51.580427" lon="-0.068848"><ele>12.25</ele></trkpt>
      <trkpt lat="51.580481" lon="-0.068532"><ele>12.5</ele></trkpt>
      <trkpt lat="51.580601" lon="-0.067825"><ele>12</ele></trkpt>
      <trkpt lat="51.580654" lon="-0.067521"><ele>12</ele></trkpt>
      <trkpt lat="51.580759" lon="-0.066905"><ele>10.25</ele></trkpt>
      <trkpt lat="51.580901" lon="-0.066074"><ele>9.5</ele></trkpt>
      <trkpt lat="51.581044" lon="-0.06528"><ele>8.25</ele></trkpt>
      <trkpt lat="51.581068" lon="-0.065132"><ele>8</ele></trkpt>
      <trkpt lat="51.5811" lon="-0.064938"><ele>8</ele></trkpt>
      <trkpt lat="51.581203" lon="-0.064291"><ele>8</ele></trkpt>
      <trkpt lat="51.581227" lon="-0.064161"><ele>8</ele></trkpt>
      <trkpt lat="51.581377" lon="-0.063242"><ele>7</ele></trkpt>
      <trkpt lat="51.581439" lon="-0.062876"><ele>7</ele></trkpt>
      <trkpt lat="51.581504" lon="-0.062526"><ele>7.75</ele></trkpt>
      <trkpt lat="51.581549" lon="-0.062328"><ele>7.75</ele></trkpt>
      <trkpt lat="51.58154" lon="-0.062272"><ele>7.5</ele></trkpt>
      <trkpt lat="51.581532" lon="-0.06225"><ele>7.5</ele></trkpt>
      <trkpt lat="51.581173" lon="-0.061068"><ele>7</ele></trkpt>
      <trkpt lat="51.581153" lon="-0.060987"><ele>6.5</ele></trkpt>
      <trkpt lat="51.581152" lon="-0.06095"><ele>6.5</ele></trkpt>
      <trkpt lat="51.581163" lon="-0.060921"><ele>6.5</ele></trkpt>
      <trkpt lat="51.581174" lon="-0.060898"><ele>6.25</ele></trkpt>
      <trkpt lat="51.581165" lon="-0.060811"><ele>6</ele></trkpt>
      <trkpt lat="51.581214" lon="-0.060699"><ele>6.5</ele></trkpt>
      <trkpt lat="51.58121" lon="-0.060657"><ele>6.75</ele></trkpt>
      <trkpt lat="51.581572" lon="-0.059956"><ele>7.25</ele></trkpt>
      <trkpt lat="51.581604" lon="-0.059864"><ele>7.25</ele></trkpt>
      <trkpt lat="51.581758" lon="-0.059575"><ele>7</ele></trkpt>
      <trkpt lat="51.58187" lon="-0.059369"><ele>7</ele></trkpt>
      <trkpt lat="51.582135" lon="-0.058878"><ele>6.5</ele></trkpt>
      <trkpt lat="51.582374" lon="-0.058434"><ele>6.5</ele></trkpt>
      <trkpt lat="51.58254" lon="-0.058146"><ele>6.5</ele></trkpt>
      <trkpt lat="51.582658" lon="-0.057992"><ele>6.75</ele></trkpt>
      <trkpt lat="51.58273" lon="-0.057921"><ele>6.75</ele></trkpt>
      <trkpt lat="51.582801" lon="-0.057867"><ele>6.5</ele></trkpt>
      <trkpt lat="51.583094" lon="-0.057731"><ele>6.75</ele></trkpt>
      <trkpt lat="51.583153" lon="-0.057692"><ele>7</ele></trkpt>
      <trkpt lat="51.583255" lon="-0.057601"><ele>7</ele></trkpt>
      <trkpt lat="51.583391" lon="-0.057431"><ele>7</ele></trkpt>
      <trkpt lat="51.583483" lon="-0.057278"><ele>7</ele></trkpt>
      <trkpt lat="51.58351" lon="-0.057216"><ele>7.25</ele></trkpt>
      <trkpt lat="51.583576" lon="-0.057065"><ele>7.25</ele></trkpt>
      <trkpt lat="51.583867" lon="-0.056545"><ele>6.5</ele></trkpt>
      <trkpt lat="51.583904" lon="-0.05649"><ele>6.25</ele></trkpt>
      <trkpt lat="51.583997" lon="-0.056383"><ele>6.75</ele></trkpt>
      <trkpt lat="51.584058" lon="-0.056332"><ele>6.75</ele></trkpt>
      <trkpt lat="51.584125" lon="-0.056295"><ele>7</ele></trkpt>
      <trkpt lat="51.58418" lon="-0.056276"><ele>7</ele></trkpt>
      <trkpt lat="51.584342" lon="-0.056267"><ele>7</ele></trkpt>
      <trkpt lat="51.584809" lon="-0.056347"><ele>7.25</ele></trkpt>
      <trkpt lat="51.585326" lon="-0.05645"><ele>7.25</ele></trkpt>
      <trkpt lat="51.585411" lon="-0.056467"><ele>7</ele></trkpt>
      <trkpt lat="51.585614" lon="-0.056508"><ele>6.75</ele></trkpt>
      <trkpt lat="51.585696" lon="-0.056555"><ele>6.75</ele></trkpt>
      <trkpt lat="51.585801" lon="-0.056609"><ele>6.75</ele></trkpt>
      <trkpt lat="51.586013" lon="-0.056659"><ele>6.75</ele></trkpt>
      <trkpt lat="51.586115" lon="-0.056657"><ele>6.75</ele></trkpt>
      <trkpt lat="51.58623" lon="-0.056667"><ele>7</ele></trkpt>
      <trkpt lat="51.586578" lon="-0.056648"><ele>6.75</ele></trkpt>
      <trkpt lat="51.586688" lon="-0.056654"><ele>6.75</ele></trkpt>
      <trkpt lat="51.586795" lon="-0.056689"><ele>6.5</ele></trkpt>
      <trkpt lat="51.586988" lon="-0.056726"><ele>6.25</ele></trkpt>
      <trkpt lat="51.58712" lon="-0.05679"><ele>6.5</ele></trkpt>
      <trkpt lat="51.587259" lon="-0.056801"><ele>6.75</ele></trkpt>
      <trkpt lat="51.58738" lon="-0.05681"><ele>7</ele></trkpt>
      <trkpt lat="51.587608" lon="-0.056741"><ele>7</ele></trkpt>
      <trkpt lat="51.587616" lon="-0.056787"><ele>7.25</ele></trkpt>
      <trkpt lat="51.587748" lon="-0.056728"><ele>7.25</ele></trkpt>
      <trkpt lat="51.587788" lon="-0.056714"><ele>7.5</ele></trkpt>
      <trkpt lat="51.587783" lon="-0.056679"><ele>7.5</ele></trkpt>
      <trkpt lat="51.58771" lon="-0.05626"><ele>8</ele></trkpt>
      <trkpt lat="51.587668" lon="-0.056075"><ele>8</ele></trkpt>
      <trkpt lat="51.587544" lon="-0.055614"><ele>8.5</ele></trkpt>
      <trkpt lat="51.587524" lon="-0.055541"><ele>8.75</ele></trkpt>
      <trkpt lat="51.58748" lon="-0.055385"><ele>8.75</ele></trkpt>
      <trkpt lat="51.587469" lon="-0.055326"><ele>8.75</ele></trkpt>
      <trkpt lat="51.587444" lon="-0.055221"><ele>8.75</ele></trkpt>
      <trkpt lat="51.587269" lon="-0.05473"><ele>8</ele></trkpt>
      <trkpt lat="51.587243" lon="-0.054631"><ele>8.25</ele></trkpt>
      <trkpt lat="51.587217" lon="-0.054531"><ele>8.5</ele></trkpt>
      <trkpt lat="51.587171" lon="-0.054238"><ele>8.75</ele></trkpt>
      <trkpt lat="51.587142" lon="-0.05404"><ele>8.5</ele></trkpt>
      <trkpt lat="51.587086" lon="-0.053805"><ele>8.5</ele></trkpt>
      <trkpt lat="51.587049" lon="-0.053673"><ele>8.75</ele></trkpt>
      <trkpt lat="51.586986" lon="-0.053493"><ele>8.25</ele></trkpt>
      <trkpt lat="51.586979" lon="-0.053476"><ele>8</ele></trkpt>
      <trkpt lat="51.586935" lon="-0.053365"><ele>7</ele></trkpt>
      <trkpt lat="51.586836" lon="-0.05311"><ele>7.5</ele></trkpt>
      <trkpt lat="51.586757" lon="-0.052907"><ele>8.5</ele></trkpt>
      <trkpt lat="51.586717" lon="-0.052824"><ele>8.75</ele></trkpt>
      <trkpt lat="51.586695" lon="-0.052779"><ele>8.75</ele></trkpt>
      <trkpt lat="51.586676" lon="-0.05274"><ele>8.75</ele></trkpt>
      <trkpt lat="51.586533" lon="-0.052431"><ele>8.75</ele></trkpt>
      <trkpt lat="51.586474" lon="-0.052306"><ele>8.75</ele></trkpt>
      <trkpt lat="51.586448" lon="-0.052251"><ele>8.75</ele></trkpt>
      <trkpt lat="51.586436" lon="-0.052227"><ele>8.75</ele></trkpt>
      <trkpt lat="51.586409" lon="-0.052163"><ele>8.75</ele></trkpt>
      <trkpt lat="51.58635" lon="-0.052028"><ele>9</ele></trkpt>
      <trkpt lat="51.586327" lon="-0.051977"><ele>9</ele></trkpt>
      <trkpt lat="51.586315" lon="-0.051942"><ele>9.25</ele></trkpt>
      <trkpt lat="51.586279" lon="-0.051853"><ele>9.25</ele></trkpt>
      <trkpt lat="51.58622" lon="-0.051654"><ele>9.5</ele></trkpt>
      <trkpt lat="51.586156" lon="-0.051401"><ele>9.5</ele></trkpt>
      <trkpt lat="51.586143" lon="-0.051324"><ele>9.75</ele></trkpt>
      <trkpt lat="51.58612" lon="-0.05105"><ele>9.75</ele></trkpt>
      <trkpt lat="51.586117" lon="-0.050878"><ele>9.75</ele></trkpt>
      <trkpt lat="51.586128" lon="-0.050702"><ele>9.75</ele></trkpt>
      <trkpt lat="51.586156" lon="-0.050465"><ele>9.5</ele></trkpt>
      <trkpt lat="51.586634" lon="-0.045647"><ele>8.25</ele></trkpt>
      <trkpt lat="51.586673" lon="-0.045135"><ele>7.5</ele></trkpt>
      <trkpt lat="51.586719" lon="-0.044536"><ele>8.75</ele></trkpt>
      <trkpt lat="51.586711" lon="-0.04444"><ele>8.75</ele></trkpt>
      <trkpt lat="51.586754" lon="-0.04398"><ele>8</ele></trkpt>
      <trkpt lat="51.586762" lon="-0.04392"><ele>8</ele></trkpt>
      <trkpt lat="51.586788" lon="-0.043844"><ele>8</ele></trkpt>
      <trkpt lat="51.586834" lon="-0.043515"><ele>8.75</ele></trkpt>
      <trkpt lat="51.586846" lon="-0.043322"><ele>8.5</ele></trkpt>
      <trkpt lat="51.586847" lon="-0.043317"><ele>8.5</ele></trkpt>
      <trkpt lat="51.58685" lon="-0.043284"><ele>8.5</ele></trkpt>
      <trkpt lat="51.58689" lon="-0.042933"><ele>8.5</ele></trkpt>
      <trkpt lat="51.586895" lon="-0.042886"><ele>8.75</ele></trkpt>
      <trkpt lat="51.586896" lon="-0.042877"><ele>8.75</ele></trkpt>
      <trkpt lat="51.587" lon="-0.042047"><ele>9</ele></trkpt>
      <trkpt lat="51.587017" lon="-0.041995"><ele>9</ele></trkpt>
      <trkpt lat="51.587057" lon="-0.041482"><ele>10</ele></trkpt>
      <trkpt lat="51.586885" lon="-0.041408"><ele>10</ele></trkpt>
      <trkpt lat="51.587057" lon="-0.041482"><ele>10</ele></trkpt>
      <trkpt lat="51.587058" lon="-0.041423"><ele>10</ele></trkpt>
      <trkpt lat="51.587077" lon="-0.041238"><ele>10.5</ele></trkpt>
      <trkpt lat="51.58708" lon="-0.041218"><ele>10.5</ele></trkpt>
      <trkpt lat="51.587105" lon="-0.040914"><ele>12</ele></trkpt>
      <trkpt lat="51.587113" lon="-0.040742"><ele>12.25</ele></trkpt>
      <trkpt lat="51.587107" lon="-0.040742"><ele>12.25</ele></trkpt>
      <trkpt lat="51.587092" lon="-0.04074"><ele>12.25</ele></trkpt>
      <trkpt lat="51.587083" lon="-0.040688"><ele>12.5</ele></trkpt>
      <trkpt lat="51.587088" lon="-0.040639"><ele>12.25</ele></trkpt>
      <trkpt lat="51.587089" lon="-0.040631"><ele>12.25</ele></trkpt>
      <trkpt lat="51.58707" lon="-0.040626"><ele>12.5</ele></trkpt>
      <trkpt lat="51.587028" lon="-0.040569"><ele>12.5</ele></trkpt>
      <trkpt lat="51.58687" lon="-0.04051"><ele>12.25</ele></trkpt>
      <trkpt lat="51.586741" lon="-0.040428"><ele>12.5</ele></trkpt>
      <trkpt lat="51.586534" lon="-0.040368"><ele>12.75</ele></trkpt>
      <trkpt lat="51.586502" lon="-0.040351"><ele>13</ele></trkpt>
      <trkpt lat="51.586454" lon="-0.040318"><ele>13</ele></trkpt>
      <trkpt lat="51.586388" lon="-0.040254"><ele>13.75</ele></trkpt>
      <trkpt lat="51.586304" lon="-0.040121"><ele>13</ele></trkpt>
      <trkpt lat="51.586274" lon="-0.040063"><ele>12.75</ele></trkpt>
      <trkpt lat="51.586066" lon="-0.039745"><ele>12.75</ele></trkpt>
      <trkpt lat="51.586039" lon="-0.0397"><ele>12.75</ele></trkpt>
      <trkpt lat="51.585848" lon="-0.039392"><ele>13</ele></trkpt>
      <trkpt lat="51.58582" lon="-0.039383"><ele>12.75</ele></trkpt>
      <trkpt lat="51.585801" lon="-0.039354"><ele>12.75</ele></trkpt>
      <trkpt lat="51.585781" lon="-0.039323"><ele>12.75</ele></trkpt>
      <trkpt lat="51.585768" lon="-0.039241"><ele>12.75</ele></trkpt>
      <trkpt lat="51.585398" lon="-0.038639"><ele>12.25</ele></trkpt>
      <trkpt lat="51.585373" lon="-0.038596"><ele>12.25</ele></trkpt>
      <trkpt lat="51.585351" lon="-0.038558"><ele>12.25</ele></trkpt>
      <trkpt lat="51.585138" lon="-0.038201"><ele>12.25</ele></trkpt>
      <trkpt lat="51.585148" lon="-0.038178"><ele>12.5</ele></trkpt>
      <trkpt lat="51.585168" lon="-0.038141"><ele>12.5</ele></trkpt>
      <trkpt lat="51.585193" lon="-0.038095"><ele>12.5</ele></trkpt>
      <trkpt lat="51.584995" lon="-0.037826"><ele>12.75</ele></trkpt>
      <trkpt lat="51.584928" lon="-0.037758"><ele>12.5</ele></trkpt>
      <trkpt lat="51.584682" lon="-0.037564"><ele>11.75</ele></trkpt>
      <trkpt lat="51.584823" lon="-0.037032"><ele>13</ele></trkpt>
      <trkpt lat="51.584946" lon="-0.036563"><ele>13</ele></trkpt>
      <trkpt lat="51.585094" lon="-0.036"><ele>13.25</ele></trkpt>
      <trkpt lat="51.585179" lon="-0.035678"><ele>13.5</ele></trkpt>
      <trkpt lat="51.585275" lon="-0.035318"><ele>14</ele></trkpt>
      <trkpt lat="51.584935" lon="-0.035081"><ele>14</ele></trkpt>
      <trkpt lat="51.584837" lon="-0.035008"><ele>14</ele></trkpt>
      <trkpt lat="51.584754" lon="-0.03495"><ele>13.75</ele></trkpt>
      <trkpt lat="51.584729" lon="-0.03493"><ele>14</ele></trkpt>
      <trkpt lat="51.584624" lon="-0.034854"><ele>14</ele></trkpt>
      <trkpt lat="51.584485" lon="-0.034734"><ele>14</ele></trkpt>
      <trkpt lat="51.584352" lon="-0.034598"><ele>14</ele></trkpt>
      <trkpt lat="51.584265" lon="-0.034507"><ele>14</ele></trkpt>
      <trkpt lat="51.584174" lon="-0.034441"><ele>14</ele></trkpt>
      <trkpt lat="51.584252" lon="-0.034134"><ele>14</ele></trkpt>
      <trkpt lat="51.584317" lon="-0.03388"><ele>14</ele></trkpt>
      <trkpt lat="51.583849" lon="-0.033309"><ele>13</ele></trkpt>
      <trkpt lat="51.583736" lon="-0.03321"><ele>13</ele></trkpt>
      <trkpt lat="51.582561" lon="-0.032581"><ele>13</ele></trkpt>
      <trkpt lat="51.582516" lon="-0.032557"><ele>13</ele></trkpt>
      <trkpt lat="51.582476" lon="-0.032536"><ele>12.75</ele></trkpt>
      <trkpt lat="51.582173" lon="-0.032379"><ele>13</ele></trkpt>
      <trkpt lat="51.582006" lon="-0.032293"><ele>12.75</ele></trkpt>
      <trkpt lat="51.581884" lon="-0.03223"><ele>13</ele></trkpt>
      <trkpt lat="51.581939" lon="-0.03194"><ele>13</ele></trkpt>
      <trkpt lat="51.581898" lon="-0.031916"><ele>13</ele></trkpt>
      <trkpt lat="51.581713" lon="-0.031808"><ele>13</ele></trkpt>
      <trkpt lat="51.581663" lon="-0.031779"><ele>13</ele></trkpt>
      <trkpt lat="51.581528" lon="-0.031681"><ele>13</ele></trkpt>
      <trkpt lat="51.581505" lon="-0.031678"><ele>13</ele></trkpt>
      <trkpt lat="51.581487" lon="-0.031667"><ele>13</ele></trkpt>
      <trkpt lat="51.581469" lon="-0.031656"><ele>13</ele></trkpt>
      <trkpt lat="51.581453" lon="-0.03162"><ele>13.5</ele></trkpt>
      <trkpt lat="51.581424" lon="-0.031586"><ele>14</ele></trkpt>
      <trkpt lat="51.581298" lon="-0.031456"><ele>15</ele></trkpt>
      <trkpt lat="51.581261" lon="-0.031416"><ele>14.75</ele></trkpt>
      <trkpt lat="51.581232" lon="-0.031347"><ele>14.5</ele></trkpt>
      <trkpt lat="51.581205" lon="-0.031317"><ele>14</ele></trkpt>
      <trkpt lat="51.580861" lon="-0.031048"><ele>13.75</ele></trkpt>
      <trkpt lat="51.580833" lon="-0.031024"><ele>14</ele></trkpt>
      <trkpt lat="51.580996" lon="-0.030457"><ele>13.5</ele></trkpt>
      <trkpt lat="51.581007" lon="-0.030432"><ele>13.5</ele></trkpt>
      <trkpt lat="51.581257" lon="-0.029547"><ele>14</ele></trkpt>
      <trkpt lat="51.581315" lon="-0.029346"><ele>14</ele></trkpt>
      <trkpt lat="51.581349" lon="-0.029151"><ele>14</ele></trkpt>
      <trkpt lat="51.581456" lon="-0.028446"><ele>13.75</ele></trkpt>
      <trkpt lat="51.58146" lon="-0.028392"><ele>13.75</ele></trkpt>
      <trkpt lat="51.581455" lon="-0.028323"><ele>13.75</ele></trkpt>
      <trkpt lat="51.581444" lon="-0.02825"><ele>14</ele></trkpt>
      <trkpt lat="51.581424" lon="-0.028176"><ele>14.25</ele></trkpt>
      <trkpt lat="51.581413" lon="-0.028111"><ele>14.5</ele></trkpt>
      <trkpt lat="51.581475" lon="-0.028092"><ele>14.5</ele></trkpt>
      <trkpt lat="51.581471" lon="-0.027982"><ele>14.5</ele></trkpt>
      <trkpt lat="51.581471" lon="-0.027955"><ele>14.5</ele></trkpt>
      <trkpt lat="51.581471" lon="-0.027891"><ele>14.25</ele></trkpt>
      <trkpt lat="51.581472" lon="-0.027691"><ele>14.25</ele></trkpt>
      <trkpt lat="51.581466" lon="-0.02761"><ele>14.25</ele></trkpt>
      <trkpt lat="51.581454" lon="-0.027563"><ele>14</ele></trkpt>
      <trkpt lat="51.581444" lon="-0.027532"><ele>14</ele></trkpt>
      <trkpt lat="51.581414" lon="-0.027492"><ele>14</ele></trkpt>
      <trkpt lat="51.581366" lon="-0.027456"><ele>14</ele></trkpt>
      <trkpt lat="51.581346" lon="-0.027448"><ele>14</ele></trkpt>
      <trkpt lat="51.581366" lon="-0.02725"><ele>14</ele></trkpt>
      <trkpt lat="51.581382" lon="-0.027085"><ele>14.5</ele></trkpt>
      <trkpt lat="51.581386" lon="-0.027046"><ele>14.5</ele></trkpt>
      <trkpt lat="51.581412" lon="-0.026797"><ele>15</ele></trkpt>
      <trkpt lat="51.581426" lon="-0.026734"><ele>15</ele></trkpt>
      <trkpt lat="51.581454" lon="-0.026678"><ele>15</ele></trkpt>
      <trkpt lat="51.581391" lon="-0.026606"><ele>15</ele></trkpt>
      <trkpt lat="51.581339" lon="-0.026567"><ele>15</ele></trkpt>
      <trkpt lat="51.580893" lon="-0.026452"><ele>15</ele></trkpt>
      <trkpt lat="51.580818" lon="-0.026408"><ele>14.75</ele></trkpt>
      <trkpt lat="51.580615" lon="-0.026231"><ele>15</ele></trkpt>
      <trkpt lat="51.580742" lon="-0.025874"><ele>15</ele></trkpt>
      <trkpt lat="51.580889" lon="-0.025463"><ele>16</ele></trkpt>
      <trkpt lat="51.581028" lon="-0.025059"><ele>16</ele></trkpt>
      <trkpt lat="51.581215" lon="-0.024515"><ele>17</ele></trkpt>
      <trkpt lat="51.581311" lon="-0.024263"><ele>17</ele></trkpt>
      <trkpt lat="51.58136" lon="-0.024136"><ele>17</ele></trkpt>
      <trkpt lat="51.581381" lon="-0.024034"><ele>17</ele></trkpt>
      <trkpt lat="51.581377" lon="-0.023996"><ele>17</ele></trkpt>
      <trkpt lat="51.58146" lon="-0.023887"><ele>16</ele></trkpt>
      <trkpt lat="51.581475" lon="-0.023866"><ele>15.75</ele></trkpt>
      <trkpt lat="51.581496" lon="-0.023836"><ele>16.75</ele></trkpt>
      <trkpt lat="51.581475" lon="-0.023866"><ele>15.75</ele></trkpt>
      <trkpt lat="51.58146" lon="-0.023887"><ele>16</ele></trkpt>
      <trkpt lat="51.581377" lon="-0.023996"><ele>17</ele></trkpt>
      <trkpt lat="51.581349" lon="-0.023932"><ele>17</ele></trkpt>
      <trkpt lat="51.581264" lon="-0.023779"><ele>16.5</ele></trkpt>
      <trkpt lat="51.581159" lon="-0.023587"><ele>17</ele></trkpt>
      <trkpt lat="51.581139" lon="-0.023561"><ele>17.25</ele></trkpt>
      <trkpt lat="51.581084" lon="-0.023525"><ele>17.5</ele></trkpt>
      <trkpt lat="51.581053" lon="-0.023527"><ele>17.75</ele></trkpt>
      <trkpt lat="51.580767" lon="-0.023544"><ele>17.75</ele></trkpt>
      <trkpt lat="51.580722" lon="-0.023518"><ele>17.5</ele></trkpt>
      <trkpt lat="51.58071" lon="-0.023428"><ele>17.75</ele></trkpt>
      <trkpt lat="51.580714" lon="-0.02331"><ele>18</ele></trkpt>
      <trkpt lat="51.580771" lon="-0.022958"><ele>17.5</ele></trkpt>
      <trkpt lat="51.580385" lon="-0.022729"><ele>18</ele></trkpt>
      <trkpt lat="51.580018" lon="-0.022511"><ele>17</ele></trkpt>
      <trkpt lat="51.580133" lon="-0.022044"><ele>18</ele></trkpt>
      <trkpt lat="51.580192" lon="-0.021805"><ele>16.5</ele></trkpt>
      <trkpt lat="51.580231" lon="-0.021644"><ele>14.75</ele></trkpt>
      <trkpt lat="51.580202" lon="-0.021625"><ele>15.25</ele></trkpt>
      <trkpt lat="51.579885" lon="-0.02143"><ele>17.5</ele></trkpt>
      <trkpt lat="51.579507" lon="-0.021184"><ele>17</ele></trkpt>
      <trkpt lat="51.579467" lon="-0.021156"><ele>17</ele></trkpt>
      <trkpt lat="51.579419" lon="-0.021299"><ele>17</ele></trkpt>
      <trkpt lat="51.579388" lon="-0.021273"><ele>17</ele></trkpt>
      <trkpt lat="51.579377" lon="-0.021263"><ele>17</ele></trkpt>
      <trkpt lat="51.579034" lon="-0.020883"><ele>17</ele></trkpt>
      <trkpt lat="51.578647" lon="-0.020488"><ele>17</ele></trkpt>
      <trkpt lat="51.578176" lon="-0.02002"><ele>16</ele></trkpt>
      <trkpt lat="51.57777" lon="-0.019627"><ele>16</ele></trkpt>
      <trkpt lat="51.577752" lon="-0.019613"><ele>16</ele></trkpt>
      <trkpt lat="51.577741" lon="-0.019604"><ele>16</ele></trkpt>
      <trkpt lat="51.577705" lon="-0.019574"><ele>16</ele></trkpt>
      <trkpt lat="51.577673" lon="-0.019551"><ele>16</ele></trkpt>
      <trkpt lat="51.577671" lon="-0.019486"><ele>16</ele></trkpt>
      <trkpt lat="51.577636" lon="-0.019409"><ele>16</ele></trkpt>
      <trkpt lat="51.577499" lon="-0.019279"><ele>15.75</ele></trkpt>
      <trkpt lat="51.576929" lon="-0.018736"><ele>15.5</ele></trkpt>
      <trkpt lat="51.57651" lon="-0.018337"><ele>15</ele></trkpt>
      <trkpt lat="51.576082" lon="-0.01793"><ele>15</ele></trkpt>
      <trkpt lat="51.575859" lon="-0.01772"><ele>15</ele></trkpt>
      <trkpt lat="51.575767" lon="-0.017666"><ele>15</ele></trkpt>
      <trkpt lat="51.5757" lon="-0.017593"><ele>15</ele></trkpt>
      <trkpt lat="51.575762" lon="-0.017426"><ele>15</ele></trkpt>
      <trkpt lat="51.575835" lon="-0.017227"><ele>15</ele></trkpt>
      <trkpt lat="51.575719" lon="-0.017124"><ele>15</ele></trkpt>
      <trkpt lat="51.575284" lon="-0.016738"><ele>14.75</ele></trkpt>
      <trkpt lat="51.575039" lon="-0.01652"><ele>15</ele></trkpt>
      <trkpt lat="51.575002" lon="-0.016526"><ele>14.75</ele></trkpt>
      <trkpt lat="51.574965" lon="-0.016567"><ele>15</ele></trkpt>
      <trkpt lat="51.574937" lon="-0.016572"><ele>15</ele></trkpt>
      <trkpt lat="51.574901" lon="-0.016556"><ele>15</ele></trkpt>
      <trkpt lat="51.574596" lon="-0.016232"><ele>15</ele></trkpt>
      <trkpt lat="51.574376" lon="-0.015997"><ele>15</ele></trkpt>
      <trkpt lat="51.574254" lon="-0.015875"><ele>15</ele></trkpt>
      <trkpt lat="51.574153" lon="-0.015774"><ele>15</ele></trkpt>
      <trkpt lat="51.573917" lon="-0.01554"><ele>14.75</ele></trkpt>
      <trkpt lat="51.573718" lon="-0.015371"><ele>15</ele></trkpt>
      <trkpt lat="51.573676" lon="-0.015287"><ele>15</ele></trkpt>
      <trkpt lat="51.573644" lon="-0.015233"><ele>15</ele></trkpt>
      <trkpt lat="51.573601" lon="-0.015305"><ele>14.75</ele></trkpt>
      <trkpt lat="51.573565" lon="-0.015253"><ele>14.75</ele></trkpt>
      <trkpt lat="51.573542" lon="-0.015226"><ele>14.75</ele></trkpt>
      <trkpt lat="51.57353" lon="-0.015212"><ele>14.5</ele></trkpt>
      <trkpt lat="51.573511" lon="-0.01519"><ele>14.5</ele></trkpt>
      <trkpt lat="51.573396" lon="-0.015056"><ele>14</ele></trkpt>
      <trkpt lat="51.573267" lon="-0.014888"><ele>14.25</ele></trkpt>
      <trkpt lat="51.57302" lon="-0.014566"><ele>14</ele></trkpt>
      <trkpt lat="51.572376" lon="-0.013704"><ele>14.25</ele></trkpt>
      <trkpt lat="51.572113" lon="-0.013354"><ele>14</ele></trkpt>
      <trkpt lat="51.572315" lon="-0.012995"><ele>14</ele></trkpt>
      <trkpt lat="51.572274" lon="-0.012933"><ele>14</ele></trkpt>
      <trkpt lat="51.572327" lon="-0.012846"><ele>14</ele></trkpt>
      <trkpt lat="51.572294" lon="-0.012804"><ele>14</ele></trkpt>
      <trkpt lat="51.572335" lon="-0.012734"><ele>14</ele></trkpt>
      <trkpt lat="51.572347" lon="-0.012713"><ele>14</ele></trkpt>
      <trkpt lat="51.572176" lon="-0.012485"><ele>14</ele></trkpt>
      <trkpt lat="51.572121" lon="-0.012414"><ele>14.5</ele></trkpt>
      <trkpt lat="51.572086" lon="-0.012325"><ele>14.75</ele></trkpt>
      <trkpt lat="51.572079" lon="-0.012234"><ele>14.75</ele></trkpt>
      <trkpt lat="51.572076" lon="-0.012196"><ele>14.75</ele></trkpt>
      <trkpt lat="51.572046" lon="-0.012038"><ele>14.5</ele></trkpt>
      <trkpt lat="51.572018" lon="-0.011958"><ele>14.25</ele></trkpt>
      <trkpt lat="51.571914" lon="-0.011814"><ele>14.25</ele></trkpt>
      <trkpt lat="51.571755" lon="-0.011595"><ele>14.25</ele></trkpt>
      <trkpt lat="51.571728" lon="-0.011556"><ele>14</ele></trkpt>
      <trkpt lat="51.571636" lon="-0.011724"><ele>14</ele></trkpt>
      <trkpt lat="51.571317" lon="-0.011297"><ele>14</ele></trkpt>
      <trkpt lat="51.571127" lon="-0.010922"><ele>14</ele></trkpt>
      <trkpt lat="51.571119" lon="-0.01094"><ele>14</ele></trkpt>
      <trkpt lat="51.571112" lon="-0.010954"><ele>14</ele></trkpt>
      <trkpt lat="51.571066" lon="-0.01086"><ele>14</ele></trkpt>
      <trkpt lat="51.570912" lon="-0.010567"><ele>14</ele></trkpt>
      <trkpt lat="51.570768" lon="-0.010273"><ele>14</ele></trkpt>
      <trkpt lat="51.570328" lon="-0.009272"><ele>14</ele></trkpt>
      <trkpt lat="51.570091" lon="-0.008684"><ele>14</ele></trkpt>
      <trkpt lat="51.569975" lon="-0.00837"><ele>13.75</ele></trkpt>
      <trkpt lat="51.569953" lon="-0.008368"><ele>14</ele></trkpt>
      <trkpt lat="51.5698" lon="-0.008355"><ele>14</ele></trkpt>
      <trkpt lat="51.569798" lon="-0.008323"><ele>14</ele></trkpt>
      <trkpt lat="51.569795" lon="-0.008249"><ele>14</ele></trkpt>
      <trkpt lat="51.569791" lon="-0.008161"><ele>14</ele></trkpt>
      <trkpt lat="51.56979" lon="-0.00813"><ele>13.75</ele></trkpt>
      <trkpt lat="51.569686" lon="-0.00813"><ele>14</ele></trkpt>
      <trkpt lat="51.56968" lon="-0.008061"><ele>14</ele></trkpt>
      <trkpt lat="51.569686" lon="-0.00813"><ele>14</ele></trkpt>
      <trkpt lat="51.56979" lon="-0.00813"><ele>13.75</ele></trkpt>
      <trkpt lat="51.569872" lon="-0.008129"><ele>14</ele></trkpt>
      <trkpt lat="51.569878" lon="-0.008128"><ele>14</ele></trkpt>
      <trkpt lat="51.569909" lon="-0.008128"><ele>14</ele></trkpt>
      <trkpt lat="51.569907" lon="-0.008109"><ele>14</ele></trkpt>
      <trkpt lat="51.569883" lon="-0.0079"><ele>14</ele></trkpt>
      <trkpt lat="51.56978" lon="-0.007583"><ele>14</ele></trkpt>
      <trkpt lat="51.569732" lon="-0.007442"><ele>14</ele></trkpt>
      <trkpt lat="51.569608" lon="-0.007074"><ele>14</ele></trkpt>
      <trkpt lat="51.569427" lon="-0.006541"><ele>14</ele></trkpt>
      <trkpt lat="51.569284" lon="-0.006122"><ele>14.25</ele></trkpt>
      <trkpt lat="51.569124" lon="-0.005648"><ele>15</ele></trkpt>
      <trkpt lat="51.568967" lon="-0.005185"><ele>16</ele></trkpt>
      <trkpt lat="51.568942" lon="-0.005151"><ele>16.25</ele></trkpt>
      <trkpt lat="51.568917" lon="-0.005132"><ele>16.25</ele></trkpt>
      <trkpt lat="51.568802" lon="-0.00546"><ele>16</ele></trkpt>
      <trkpt lat="51.568571" lon="-0.006168"><ele>15</ele></trkpt>
      <trkpt lat="51.568529" lon="-0.006131"><ele>15</ele></trkpt>
      <trkpt lat="51.568483" lon="-0.006075"><ele>15</ele></trkpt>
      <trkpt lat="51.568215" lon="-0.00541"><ele>15.5</ele></trkpt>
      <trkpt lat="51.568002" lon="-0.004798"><ele>16</ele></trkpt>
      <trkpt lat="51.567899" lon="-0.004528"><ele>16.25</ele></trkpt>
      <trkpt lat="51.567751" lon="-0.00413"><ele>17</ele></trkpt>
      <trkpt lat="51.567688" lon="-0.003965"><ele>17</ele></trkpt>
      <trkpt lat="51.567566" lon="-0.003667"><ele>17</ele></trkpt>
      <trkpt lat="51.567346" lon="-0.003149"><ele>17</ele></trkpt>
      <trkpt lat="51.566973" lon="-0.002376"><ele>16</ele></trkpt>
      <trkpt lat="51.566778" lon="-0.001953"><ele>15.25</ele></trkpt>
      <trkpt lat="51.566801" lon="-0.00192"><ele>15.25</ele></trkpt>
      <trkpt lat="51.566648" lon="-0.001585"><ele>14.5</ele></trkpt>
      <trkpt lat="51.566623" lon="-0.001617"><ele>14.5</ele></trkpt>
      <trkpt lat="51.566445" lon="-0.001245"><ele>13</ele></trkpt>
      <trkpt lat="51.566358" lon="-0.001065"><ele>13</ele></trkpt>
      <trkpt lat="51.56628" lon="-0.000906"><ele>13</ele></trkpt>
      <trkpt lat="51.566205" lon="-0.00074"><ele>13</ele></trkpt>
      <trkpt lat="51.566107" lon="-0.000539"><ele>14</ele></trkpt>
      <trkpt lat="51.565645" lon="0.00041"><ele>16.25</ele></trkpt>
      <trkpt lat="51.565582" lon="0.000535"><ele>16.75</ele></trkpt>
      <trkpt lat="51.56531" lon="0.001079"><ele>17.75</ele></trkpt>
      <trkpt lat="51.565288" lon="0.001123"><ele>18</ele></trkpt>
      <trkpt lat="51.565265" lon="0.001167"><ele>18</ele></trkpt>
      <trkpt lat="51.565038" lon="0.001593"><ele>18</ele></trkpt>
      <trkpt lat="51.564964" lon="0.00174"><ele>18</ele></trkpt>
      <trkpt lat="51.564656" lon="0.00233"><ele>18</ele></trkpt>
      <trkpt lat="51.56502" lon="0.003177"><ele>18</ele></trkpt>
      <trkpt lat="51.565165" lon="0.003628"><ele>19</ele></trkpt>
      <trkpt lat="51.565162" lon="0.003687"><ele>19</ele></trkpt>
      <trkpt lat="51.56478" lon="0.004572"><ele>19</ele></trkpt>
      <trkpt lat="51.564713" lon="0.004737"><ele>18.75</ele></trkpt>
      <trkpt lat="51.564692" lon="0.004787"><ele>18.25</ele></trkpt>
      <trkpt lat="51.56468" lon="0.004817"><ele>18</ele></trkpt>
      <trkpt lat="51.564094" lon="0.004322"><ele>17.5</ele></trkpt>
      <trkpt lat="51.564083" lon="0.0043"><ele>17.5</ele></trkpt>
      <trkpt lat="51.564072" lon="0.004317"><ele>17.25</ele></trkpt>
      <trkpt lat="51.564053" lon="0.004303"><ele>17.25</ele></trkpt>
      <trkpt lat="51.563945" lon="0.00421"><ele>17</ele></trkpt>
      <trkpt lat="51.563804" lon="0.004997"><ele>19</ele></trkpt>
      <trkpt lat="51.563722" lon="0.005169"><ele>19</ele></trkpt>
      <trkpt lat="51.563696" lon="0.005237"><ele>19</ele></trkpt>
      <trkpt lat="51.56369" lon="0.005252"><ele>19</ele></trkpt>
      <trkpt lat="51.56374" lon="0.005298"><ele>19</ele></trkpt>
      <trkpt lat="51.563725" lon="0.005338"><ele>19</ele></trkpt>
      <trkpt lat="51.563716" lon="0.005361"><ele>19</ele></trkpt>
      <trkpt lat="51.563741" lon="0.005385"><ele>19</ele></trkpt>
      <trkpt lat="51.56377" lon="0.005411"><ele>19</ele></trkpt>
      <trkpt lat="51.5637" lon="0.005595"><ele>19</ele></trkpt>
      <trkpt lat="51.56369" lon="0.005621"><ele>18.75</ele></trkpt>
      <trkpt lat="51.563579" lon="0.005816"><ele>19</ele></trkpt>
      <trkpt lat="51.563305" lon="0.006227"><ele>19</ele></trkpt>
      <trkpt lat="51.56304" lon="0.006494"><ele>19</ele></trkpt>
      <trkpt lat="51.562785" lon="0.006659"><ele>19</ele></trkpt>
      <trkpt lat="51.562868" lon="0.006926"><ele>19</ele></trkpt>
      <trkpt lat="51.562912" lon="0.007069"><ele>19</ele></trkpt>
      <trkpt lat="51.563067" lon="0.007496"><ele>19</ele></trkpt>
      <trkpt lat="51.563166" lon="0.007774"><ele>19</ele></trkpt>
      <trkpt lat="51.563166" lon="0.007879"><ele>19</ele></trkpt>
      <trkpt lat="51.563266" lon="0.008149"><ele>19</ele></trkpt>
      <trkpt lat="51.56329" lon="0.008254"><ele>19</ele></trkpt>
      <trkpt lat="51.563339" lon="0.008217"><ele>19</ele></trkpt>
      <trkpt lat="51.563359" lon="0.008258"><ele>18.75</ele></trkpt>
      <trkpt lat="51.563379" lon="0.008307"><ele>19</ele></trkpt>
      <trkpt lat="51.5634" lon="0.008379"><ele>18.75</ele></trkpt>
      <trkpt lat="51.563407" lon="0.008472"><ele>19</ele></trkpt>
      <trkpt lat="51.563404" lon="0.008514"><ele>19</ele></trkpt>
      <trkpt lat="51.563396" lon="0.00854"><ele>19</ele></trkpt>
      <trkpt lat="51.563348" lon="0.008642"><ele>19</ele></trkpt>
      <trkpt lat="51.563384" lon="0.008692"><ele>19</ele></trkpt>
      <trkpt lat="51.563492" lon="0.008473"><ele>19</ele></trkpt>
      <trkpt lat="51.563384" lon="0.008692"><ele>19</ele></trkpt>
      <trkpt lat="51.563348" lon="0.008642"><ele>19</ele></trkpt>
      <trkpt lat="51.563036" lon="0.009316"><ele>19</ele></trkpt>
      <trkpt lat="51.563052" lon="0.009328"><ele>19</ele></trkpt>
      <trkpt lat="51.563015" lon="0.009434"><ele>19</ele></trkpt>
      <trkpt lat="51.56299" lon="0.009418"><ele>19</ele></trkpt>
      <trkpt lat="51.562956" lon="0.009489"><ele>19</ele></trkpt>
      <trkpt lat="51.563068" lon="0.009551"><ele>19</ele></trkpt>
      <trkpt lat="51.563017" lon="0.009638"><ele>19</ele></trkpt>
      <trkpt lat="51.563003" lon="0.009663"><ele>19</ele></trkpt>
      <trkpt lat="51.562942" lon="0.009767"><ele>19</ele></trkpt>
      <trkpt lat="51.562732" lon="0.010121"><ele>18.75</ele></trkpt>
      <trkpt lat="51.562416" lon="0.010596"><ele>18</ele></trkpt>
      <trkpt lat="51.562236" lon="0.010839"><ele>18</ele></trkpt>
      <trkpt lat="51.562161" lon="0.010844"><ele>18</ele></trkpt>
      <trkpt lat="51.562132" lon="0.011459"><ele>18</ele></trkpt>
      <trkpt lat="51.562046" lon="0.011455"><ele>18</ele></trkpt>
      <trkpt lat="51.56203" lon="0.011752"><ele>18</ele></trkpt>
      <trkpt lat="51.562034" lon="0.011775"><ele>18</ele></trkpt>
      <trkpt lat="51.562043" lon="0.011802"><ele>18</ele></trkpt>
      <trkpt lat="51.562034" lon="0.012095"><ele>18</ele></trkpt>
      <trkpt lat="51.562037" lon="0.012142"><ele>18</ele></trkpt>
      <trkpt lat="51.562036" lon="0.012222"><ele>18</ele></trkpt>
      <trkpt lat="51.562032" lon="0.012421"><ele>17.5</ele></trkpt>
      <trkpt lat="51.562045" lon="0.012521"><ele>17.25</ele></trkpt>
      <trkpt lat="51.562038" lon="0.012628"><ele>17.25</ele></trkpt>
      <trkpt lat="51.562054" lon="0.012644"><ele>17.25</ele></trkpt>
      <trkpt lat="51.562052" lon="0.012689"><ele>17.25</ele></trkpt>
      <trkpt lat="51.562048" lon="0.012785"><ele>17.25</ele></trkpt>
      <trkpt lat="51.562014" lon="0.012787"><ele>17.25</ele></trkpt>
      <trkpt lat="51.562008" lon="0.012959"><ele>17</ele></trkpt>
      <trkpt lat="51.562018" lon="0.013112"><ele>17.25</ele></trkpt>
      <trkpt lat="51.562037" lon="0.013232"><ele>17.75</ele></trkpt>
      <trkpt lat="51.562027" lon="0.013658"><ele>17.25</ele></trkpt>
      <trkpt lat="51.561918" lon="0.013653"><ele>16.75</ele></trkpt>
      <trkpt lat="51.561686" lon="0.013645"><ele>16.75</ele></trkpt>
      <trkpt lat="51.561699" lon="0.013714"><ele>16.5</ele></trkpt>
      <trkpt lat="51.561711" lon="0.013735"><ele>16.5</ele></trkpt>
      <trkpt lat="51.56175" lon="0.013895"><ele>16.25</ele></trkpt>
      <trkpt lat="51.561744" lon="0.014143"><ele>16.25</ele></trkpt>
      <trkpt lat="51.561725" lon="0.01438"><ele>16.75</ele></trkpt>
      <trkpt lat="51.561425" lon="0.014328"><ele>16.5</ele></trkpt>
      <trkpt lat="51.561243" lon="0.014326"><ele>16.25</ele></trkpt>
      <trkpt lat="51.561002" lon="0.014365"><ele>16</ele></trkpt>
      <trkpt lat="51.560767" lon="0.014439"><ele>16</ele></trkpt>
      <trkpt lat="51.560491" lon="0.014544"><ele>16</ele></trkpt>
      <trkpt lat="51.560398" lon="0.014593"><ele>16</ele></trkpt>
      <trkpt lat="51.560183" lon="0.014675"><ele>16</ele></trkpt>
      <trkpt lat="51.560062" lon="0.014766"><ele>16</ele></trkpt>
      <trkpt lat="51.559941" lon="0.014869"><ele>15.75</ele></trkpt>
      <trkpt lat="51.559638" lon="0.015622"><ele>15</ele></trkpt>
      <trkpt lat="51.559516" lon="0.015622"><ele>15</ele></trkpt>
      <trkpt lat="51.559212" lon="0.016688"><ele>15</ele></trkpt>
      <trkpt lat="51.559156" lon="0.016906"><ele>15</ele></trkpt>
      <trkpt lat="51.558946" lon="0.017347"><ele>15</ele></trkpt>
      <trkpt lat="51.558426" lon="0.018085"><ele>15</ele></trkpt>
      <trkpt lat="51.558209" lon="0.018186"><ele>15</ele></trkpt>
      <trkpt lat="51.558195" lon="0.018247"><ele>15</ele></trkpt>
      <trkpt lat="51.558183" lon="0.018293"><ele>15</ele></trkpt>
      <trkpt lat="51.55803" lon="0.018225"><ele>15</ele></trkpt>
      <trkpt lat="51.557883" lon="0.018371"><ele>15</ele></trkpt>
      <trkpt lat="51.557908" lon="0.018425"><ele>15</ele></trkpt>
      <trkpt lat="51.55751" lon="0.018886"><ele>15</ele></trkpt>
      <trkpt lat="51.556701" lon="0.019773"><ele>15</ele></trkpt>
      <trkpt lat="51.556422" lon="0.0201"><ele>14.75</ele></trkpt>
      <trkpt lat="51.556516" lon="0.020304"><ele>15</ele></trkpt>
      <trkpt lat="51.556382" lon="0.02044"><ele>14.75</ele></trkpt>
      <trkpt lat="51.556351" lon="0.020465"><ele>14.75</ele></trkpt>
      <trkpt lat="51.55632" lon="0.020474"><ele>14.75</ele></trkpt>
      <trkpt lat="51.55631" lon="0.020669"><ele>14.5</ele></trkpt>
      <trkpt lat="51.556311" lon="0.020956"><ele>14.5</ele></trkpt>
      <trkpt lat="51.556179" lon="0.02091"><ele>14</ele></trkpt>
      <trkpt lat="51.556141" lon="0.020918"><ele>14</ele></trkpt>
      <trkpt lat="51.556176" lon="0.021186"><ele>14</ele></trkpt>
      <trkpt lat="51.556186" lon="0.021376"><ele>14.25</ele></trkpt>
      <trkpt lat="51.556166" lon="0.021761"><ele>14</ele></trkpt>
      <trkpt lat="51.556126" lon="0.022041"><ele>14</ele></trkpt>
      <trkpt lat="51.555892" lon="0.022202"><ele>14</ele></trkpt>
      <trkpt lat="51.555318" lon="0.022595"><ele>14</ele></trkpt>
      <trkpt lat="51.554921" lon="0.022867"><ele>14</ele></trkpt>
      <trkpt lat="51.554824" lon="0.022935"><ele>14</ele></trkpt>
      <trkpt lat="51.554645" lon="0.02306"><ele>13.5</ele></trkpt>
      <trkpt lat="51.554522" lon="0.022523"><ele>13.25</ele></trkpt>
      <trkpt lat="51.554456" lon="0.02228"><ele>13</ele></trkpt>
      <trkpt lat="51.554446" lon="0.0223"><ele>13</ele></trkpt>
      <trkpt lat="51.554039" lon="0.02316"><ele>13</ele></trkpt>
      <trkpt lat="51.554083" lon="0.023244"><ele>13</ele></trkpt>
      <trkpt lat="51.554065" lon="0.023273"><ele>13</ele></trkpt>
      <trkpt lat="51.554048" lon="0.02328"><ele>13</ele></trkpt>
      <trkpt lat="51.554006" lon="0.023355"><ele>13</ele></trkpt>
      <trkpt lat="51.553966" lon="0.02341"><ele>13</ele></trkpt>
      <trkpt lat="51.553616" lon="0.023754"><ele>13</ele></trkpt>
      <trkpt lat="51.55359" lon="0.023776"><ele>13</ele></trkpt>
      <trkpt lat="51.553578" lon="0.02379"><ele>13</ele></trkpt>
      <trkpt lat="51.553573" lon="0.023795"><ele>13</ele></trkpt>
      <trkpt lat="51.55342" lon="0.023929"><ele>13</ele></trkpt>
      <trkpt lat="51.553413" lon="0.023909"><ele>13</ele></trkpt>
      <trkpt lat="51.553393" lon="0.023861"><ele>13</ele></trkpt>
      <trkpt lat="51.553374" lon="0.023806"><ele>13</ele></trkpt>
      <trkpt lat="51.55337" lon="0.023795"><ele>13</ele></trkpt>
      <trkpt lat="51.55334" lon="0.023822"><ele>13</ele></trkpt>
      <trkpt lat="51.553266" lon="0.023893"><ele>12.75</ele></trkpt>
      <trkpt lat="51.55324" lon="0.023919"><ele>12.75</ele></trkpt>
      <trkpt lat="51.553213" lon="0.023945"><ele>12.75</ele></trkpt>
      <trkpt lat="51.553198" lon="0.023962"><ele>12.75</ele></trkpt>
      <trkpt lat="51.55318" lon="0.023994"><ele>12.75</ele></trkpt>
      <trkpt lat="51.553112" lon="0.024051"><ele>12.5</ele></trkpt>
      <trkpt lat="51.55284" lon="0.024245"><ele>12</ele></trkpt>
      <trkpt lat="51.552746" lon="0.024338"><ele>12</ele></trkpt>
      <trkpt lat="51.552673" lon="0.024425"><ele>12</ele></trkpt>
      <trkpt lat="51.552651" lon="0.02446"><ele>12</ele></trkpt>
      <trkpt lat="51.552687" lon="0.024526"><ele>12</ele></trkpt>
      <trkpt lat="51.552631" lon="0.024665"><ele>12</ele></trkpt>
      <trkpt lat="51.552581" lon="0.024913"><ele>12</ele></trkpt>
      <trkpt lat="51.552576" lon="0.025008"><ele>12</ele></trkpt>
      <trkpt lat="51.552577" lon="0.025078"><ele>12</ele></trkpt>
      <trkpt lat="51.552543" lon="0.025076"><ele>12</ele></trkpt>
      <trkpt lat="51.552536" lon="0.025075"><ele>12</ele></trkpt>
      <trkpt lat="51.552526" lon="0.02518"><ele>11.75</ele></trkpt>
      <trkpt lat="51.552511" lon="0.025215"><ele>12</ele></trkpt>
      <trkpt lat="51.55248" lon="0.025247"><ele>12</ele></trkpt>
      <trkpt lat="51.55248" lon="0.025273"><ele>12</ele></trkpt>
      <trkpt lat="51.552479" lon="0.02533"><ele>12</ele></trkpt>
      <trkpt lat="51.552482" lon="0.025388"><ele>12</ele></trkpt>
      <trkpt lat="51.552482" lon="0.02541"><ele>12</ele></trkpt>
      <trkpt lat="51.55247" lon="0.02541"><ele>12</ele></trkpt>
      <trkpt lat="51.552451" lon="0.02544"><ele>12</ele></trkpt>
      <trkpt lat="51.552168" lon="0.02545"><ele>11.75</ele></trkpt>
      <trkpt lat="51.552147" lon="0.025461"><ele>11.75</ele></trkpt>
      <trkpt lat="51.552124" lon="0.025468"><ele>11.75</ele></trkpt>
      <trkpt lat="51.552101" lon="0.025476"><ele>11.75</ele></trkpt>
      <trkpt lat="51.551934" lon="0.025474"><ele>11.5</ele></trkpt>
      <trkpt lat="51.551763" lon="0.025412"><ele>11</ele></trkpt>
      <trkpt lat="51.551734" lon="0.025399"><ele>11</ele></trkpt>
      <trkpt lat="51.551704" lon="0.025577"><ele>11</ele></trkpt>
      <trkpt lat="51.551612" lon="0.026181"><ele>11</ele></trkpt>
      <trkpt lat="51.551704" lon="0.025577"><ele>11</ele></trkpt>
      <trkpt lat="51.551734" lon="0.025399"><ele>11</ele></trkpt>
      <trkpt lat="51.551705" lon="0.025386"><ele>11</ele></trkpt>
      <trkpt lat="51.551645" lon="0.025359"><ele>11</ele></trkpt>
      <trkpt lat="51.551495" lon="0.02536"><ele>11</ele></trkpt>
      <trkpt lat="51.551486" lon="0.02536"><ele>11</ele></trkpt>
      <trkpt lat="51.55129" lon="0.025313"><ele>11</ele></trkpt>
      <trkpt lat="51.551174" lon="0.025302"><ele>11</ele></trkpt>
      <trkpt lat="51.551132" lon="0.025298"><ele>11</ele></trkpt>
      <trkpt lat="51.55111" lon="0.025307"><ele>11</ele></trkpt>
      <trkpt lat="51.550999" lon="0.025287"><ele>11</ele></trkpt>
      <trkpt lat="51.550981" lon="0.02527"><ele>11</ele></trkpt>
      <trkpt lat="51.550846" lon="0.025243"><ele>11</ele></trkpt>
      <trkpt lat="51.550355" lon="0.025146"><ele>11</ele></trkpt>
      <trkpt lat="51.550335" lon="0.025152"><ele>11</ele></trkpt>
      <trkpt lat="51.55031" lon="0.025176"><ele>11</ele></trkpt>
      <trkpt lat="51.550305" lon="0.025217"><ele>11</ele></trkpt>
      <trkpt lat="51.550358" lon="0.02569"><ele>11</ele></trkpt>
      <trkpt lat="51.550316" lon="0.025702"><ele>11</ele></trkpt>
      <trkpt lat="51.550387" lon="0.026186"><ele>11</ele></trkpt>
      <trkpt lat="51.55057" lon="0.027455"><ele>11</ele></trkpt>
      <trkpt lat="51.550582" lon="0.027536"><ele>11</ele></trkpt>
      <trkpt lat="51.550688" lon="0.028277"><ele>11</ele></trkpt>
      <trkpt lat="51.550871" lon="0.029558"><ele>11</ele></trkpt>
      <trkpt lat="51.550974" lon="0.030296"><ele>11</ele></trkpt>
      <trkpt lat="51.551005" lon="0.030512"><ele>11</ele></trkpt>
      <trkpt lat="51.551088" lon="0.031081"><ele>11</ele></trkpt>
      <trkpt lat="51.551183" lon="0.031726"><ele>11</ele></trkpt>
      <trkpt lat="51.551195" lon="0.031807"><ele>11</ele></trkpt>
      <trkpt lat="51.551265" lon="0.032292"><ele>11</ele></trkpt>
      <trkpt lat="51.551384" lon="0.0331"><ele>11</ele></trkpt>
      <trkpt lat="51.551413" lon="0.033316"><ele>11</ele></trkpt>
      <trkpt lat="51.551457" lon="0.033623"><ele>11</ele></trkpt>
      <trkpt lat="51.5515" lon="0.033923"><ele>11</ele></trkpt>
      <trkpt lat="51.551531" lon="0.034139"><ele>11</ele></trkpt>
      <trkpt lat="51.551553" lon="0.034296"><ele>11</ele></trkpt>
      <trkpt lat="51.551568" lon="0.034397"><ele>11</ele></trkpt>
      <trkpt lat="51.55145" lon="0.03444"><ele>11</ele></trkpt>
      <trkpt lat="51.551336" lon="0.034481"><ele>11</ele></trkpt>
      <trkpt lat="51.551228" lon="0.034521"><ele>11.25</ele></trkpt>
      <trkpt lat="51.551015" lon="0.034594"><ele>10.5</ele></trkpt>
      <trkpt lat="51.550785" lon="0.034665"><ele>9.25</ele></trkpt>
      <trkpt lat="51.550531" lon="0.034746"><ele>11</ele></trkpt>
      <trkpt lat="51.550536" lon="0.034788"><ele>11</ele></trkpt>
      <trkpt lat="51.550538" lon="0.034805"><ele>11</ele></trkpt>
      <trkpt lat="51.550513" lon="0.034814"><ele>11</ele></trkpt>
      <trkpt lat="51.550501" lon="0.034845"><ele>11</ele></trkpt>
      <trkpt lat="51.550572" lon="0.035497"><ele>10.75</ele></trkpt>
      <trkpt lat="51.55058" lon="0.035632"><ele>10.75</ele></trkpt>
      <trkpt lat="51.550583" lon="0.035896"><ele>10.75</ele></trkpt>
      <trkpt lat="51.550544" lon="0.036463"><ele>11.5</ele></trkpt>
      <trkpt lat="51.550478" lon="0.036872"><ele>12.25</ele></trkpt>
      <trkpt lat="51.55027" lon="0.037805"><ele>11</ele></trkpt>
      <trkpt lat="51.550253" lon="0.037827"><ele>11</ele></trkpt>
      <trkpt lat="51.550171" lon="0.038209"><ele>11</ele></trkpt>
      <trkpt lat="51.550171" lon="0.038267"><ele>11</ele></trkpt>
      <trkpt lat="51.550066" lon="0.038752"><ele>10</ele></trkpt>
      <trkpt lat="51.549793" lon="0.039985"><ele>10</ele></trkpt>
      <trkpt lat="51.549711" lon="0.040355"><ele>9.25</ele></trkpt>
      <trkpt lat="51.549581" lon="0.040945"><ele>9.75</ele></trkpt>
      <trkpt lat="51.549511" lon="0.04118"><ele>9</ele></trkpt>
      <trkpt lat="51.549442" lon="0.041305"><ele>9</ele></trkpt>
      <trkpt lat="51.54924" lon="0.041589"><ele>9.25</ele></trkpt>
      <trkpt lat="51.549016" lon="0.041845"><ele>9.5</ele></trkpt>
      <trkpt lat="51.548858" lon="0.041985"><ele>10</ele></trkpt>
      <trkpt lat="51.549015" lon="0.04255"><ele>9.5</ele></trkpt>
      <trkpt lat="51.549021" lon="0.042637"><ele>9.75</ele></trkpt>
      <trkpt lat="51.549237" lon="0.043325"><ele>9.75</ele></trkpt>
      <trkpt lat="51.549224" lon="0.043333"><ele>10</ele></trkpt>
      <trkpt lat="51.549219" lon="0.043337"><ele>10</ele></trkpt>
      <trkpt lat="51.549184" lon="0.043361"><ele>10.75</ele></trkpt>
      <trkpt lat="51.549145" lon="0.043389"><ele>10.75</ele></trkpt>
      <trkpt lat="51.549141" lon="0.043392"><ele>10.75</ele></trkpt>
      <trkpt lat="51.549123" lon="0.043405"><ele>10.75</ele></trkpt>
      <trkpt lat="51.549179" lon="0.043567"><ele>10.75</ele></trkpt>
      <trkpt lat="51.549255" lon="0.043804"><ele>10</ele></trkpt>
      <trkpt lat="51.549302" lon="0.043951"><ele>9.75</ele></trkpt>
      <trkpt lat="51.549388" lon="0.044232"><ele>9.25</ele></trkpt>
      <trkpt lat="51.549376" lon="0.044242"><ele>9.25</ele></trkpt>
      <trkpt lat="51.549355" lon="0.044294"><ele>9.25</ele></trkpt>
      <trkpt lat="51.549322" lon="0.044441"><ele>9</ele></trkpt>
      <trkpt lat="51.54932" lon="0.04445"><ele>8.25</ele></trkpt>
      <trkpt lat="51.549322" lon="0.044441"><ele>9</ele></trkpt>
      <trkpt lat="51.549355" lon="0.044294"><ele>9.25</ele></trkpt>
      <trkpt lat="51.549376" lon="0.044242"><ele>9.25</ele></trkpt>
      <trkpt lat="51.549388" lon="0.044232"><ele>9.5</ele></trkpt>
      <trkpt lat="51.54942" lon="0.044335"><ele>10</ele></trkpt>
      <trkpt lat="51.54969" lon="0.045222"><ele>10</ele></trkpt>
      <trkpt lat="51.549703" lon="0.045263"><ele>10</ele></trkpt>
      <trkpt lat="51.549473" lon="0.045501"><ele>10</ele></trkpt>
      <trkpt lat="51.549413" lon="0.045777"><ele>10</ele></trkpt>
      <trkpt lat="51.549188" lon="0.046817"><ele>10</ele></trkpt>
      <trkpt lat="51.549033" lon="0.04753"><ele>10</ele></trkpt>
      <trkpt lat="51.548962" lon="0.047858"><ele>10</ele></trkpt>
      <trkpt lat="51.549001" lon="0.04788"><ele>10</ele></trkpt>
      <trkpt lat="51.549014" lon="0.047888"><ele>10</ele></trkpt>
      <trkpt lat="51.54905" lon="0.048108"><ele>10</ele></trkpt>
      <trkpt lat="51.549036" lon="0.048114"><ele>10</ele></trkpt>
      <trkpt lat="51.549041" lon="0.048144"><ele>10</ele></trkpt>
      <trkpt lat="51.549051" lon="0.048207"><ele>10</ele></trkpt>
      <trkpt lat="51.549062" lon="0.048274"><ele>10</ele></trkpt>
      <trkpt lat="51.549067" lon="0.048306"><ele>10</ele></trkpt>
      <trkpt lat="51.548721" lon="0.048433"><ele>10</ele></trkpt>
      <trkpt lat="51.548683" lon="0.048457"><ele>10</ele></trkpt>
      <trkpt lat="51.548595" lon="0.048549"><ele>9.75</ele></trkpt>
      <trkpt lat="51.548537" lon="0.048531"><ele>8.75</ele></trkpt>
      <trkpt lat="51.548489" lon="0.048529"><ele>8</ele></trkpt>
      <trkpt lat="51.548423" lon="0.048821"><ele>7.75</ele></trkpt>
      <trkpt lat="51.548301" lon="0.049362"><ele>8.25</ele></trkpt>
      <trkpt lat="51.54822" lon="0.049727"><ele>7.75</ele></trkpt>
      <trkpt lat="51.548158" lon="0.050006"><ele>7.5</ele></trkpt>
      <trkpt lat="51.548022" lon="0.050652"><ele>9.5</ele></trkpt>
      <trkpt lat="51.54797" lon="0.050904"><ele>8.75</ele></trkpt>
      <trkpt lat="51.547815" lon="0.051644"><ele>9.75</ele></trkpt>
      <trkpt lat="51.547794" lon="0.05175"><ele>10</ele></trkpt>
      <trkpt lat="51.547768" lon="0.051924"><ele>9.75</ele></trkpt>
      <trkpt lat="51.547753" lon="0.052148"><ele>9.5</ele></trkpt>
      <trkpt lat="51.547756" lon="0.052298"><ele>9.5</ele></trkpt>
      <trkpt lat="51.547775" lon="0.052423"><ele>9.75</ele></trkpt>
      <trkpt lat="51.547787" lon="0.052649"><ele>10</ele></trkpt>
      <trkpt lat="51.547877" lon="0.053282"><ele>10</ele></trkpt>
      <trkpt lat="51.5479" lon="0.053436"><ele>10</ele></trkpt>
      <trkpt lat="51.548024" lon="0.054214"><ele>10</ele></trkpt>
      <trkpt lat="51.548035" lon="0.054281"><ele>10</ele></trkpt>
      <trkpt lat="51.548108" lon="0.054796"><ele>10</ele></trkpt>
      <trkpt lat="51.548073" lon="0.054803"><ele>10</ele></trkpt>
      <trkpt lat="51.547804" lon="0.054858"><ele>9.5</ele></trkpt>
      <trkpt lat="51.547589" lon="0.054902"><ele>9</ele></trkpt>
      <trkpt lat="51.547545" lon="0.054926"><ele>9</ele></trkpt>
      <trkpt lat="51.547529" lon="0.054983"><ele>9</ele></trkpt>
      <trkpt lat="51.547221" lon="0.056285"><ele>9</ele></trkpt>
      <trkpt lat="51.547052" lon="0.057006"><ele>9</ele></trkpt>
      <trkpt lat="51.547055" lon="0.057082"><ele>9</ele></trkpt>
      <trkpt lat="51.547011" lon="0.057111"><ele>9</ele></trkpt>
      <trkpt lat="51.546942" lon="0.05717"><ele>9</ele></trkpt>
      <trkpt lat="51.546844" lon="0.057224"><ele>9.25</ele></trkpt>
      <trkpt lat="51.546765" lon="0.057239"><ele>9.5</ele></trkpt>
      <trkpt lat="51.546718" lon="0.057237"><ele>9.75</ele></trkpt>
      <trkpt lat="51.546664" lon="0.057222"><ele>9.75</ele></trkpt>
      <trkpt lat="51.546594" lon="0.057196"><ele>8.75</ele></trkpt>
      <trkpt lat="51.546525" lon="0.057158"><ele>8</ele></trkpt>
      <trkpt lat="51.546522" lon="0.057156"><ele>7.75</ele></trkpt>
      <trkpt lat="51.546517" lon="0.057175"><ele>7.75</ele></trkpt>
      <trkpt lat="51.546503" lon="0.057222"><ele>7.75</ele></trkpt>
      <trkpt lat="51.546489" lon="0.057273"><ele>7.75</ele></trkpt>
      <trkpt lat="51.546485" lon="0.057286"><ele>7.75</ele></trkpt>
      <trkpt lat="51.546488" lon="0.057289"><ele>8</ele></trkpt>
      <trkpt lat="51.546522" lon="0.05731"><ele>8</ele></trkpt>
      <trkpt lat="51.546561" lon="0.057332"><ele>8.5</ele></trkpt>
      <trkpt lat="51.546555" lon="0.057454"><ele>8.5</ele></trkpt>
      <trkpt lat="51.546547" lon="0.05779"><ele>8.5</ele></trkpt>
      <trkpt lat="51.546558" lon="0.057918"><ele>8.75</ele></trkpt>
      <trkpt lat="51.546595" lon="0.058161"><ele>8.75</ele></trkpt>
      <trkpt lat="51.546628" lon="0.058398"><ele>8.5</ele></trkpt>
      <trkpt lat="51.546597" lon="0.058426"><ele>8.25</ele></trkpt>
      <trkpt lat="51.546527" lon="0.058691"><ele>8</ele></trkpt>
      <trkpt lat="51.546039" lon="0.060684"><ele>6</ele></trkpt>
      <trkpt lat="51.545616" lon="0.062763"><ele>4</ele></trkpt>
      <trkpt lat="51.545442" lon="0.063367"><ele>3</ele></trkpt>
      <trkpt lat="51.545356" lon="0.063746"><ele>3</ele></trkpt>
      <trkpt lat="51.545394" lon="0.063766"><ele>3</ele></trkpt>
      <trkpt lat="51.545719" lon="0.063961"><ele>3</ele></trkpt>
      <trkpt lat="51.545902" lon="0.06388"><ele>3</ele></trkpt>
      <trkpt lat="51.545928" lon="0.063877"><ele>3</ele></trkpt>
      <trkpt lat="51.545994" lon="0.064854"><ele>3</ele></trkpt>
      <trkpt lat="51.546061" lon="0.064873"><ele>3</ele></trkpt>
      <trkpt lat="51.546062" lon="0.064903"><ele>3</ele></trkpt>
      <trkpt lat="51.546093" lon="0.065674"><ele>3</ele></trkpt>
      <trkpt lat="51.546095" lon="0.065709"><ele>3</ele></trkpt>
      <trkpt lat="51.546126" lon="0.066476"><ele>3</ele></trkpt>
      <trkpt lat="51.546151" lon="0.067098"><ele>3</ele></trkpt>
      <trkpt lat="51.546155" lon="0.06719"><ele>3</ele></trkpt>
      <trkpt lat="51.546169" lon="0.067231"><ele>3</ele></trkpt>
      <trkpt lat="51.546103" lon="0.068202"><ele>3.5</ele></trkpt>
      <trkpt lat="51.546098" lon="0.068779"><ele>4</ele></trkpt>
      <trkpt lat="51.546088" lon="0.068944"><ele>4</ele></trkpt>
      <trkpt lat="51.546032" lon="0.069065"><ele>4</ele></trkpt>
      <trkpt lat="51.545872" lon="0.06913"><ele>4.5</ele></trkpt>
      <trkpt lat="51.54569" lon="0.069147"><ele>4.75</ele></trkpt>
      <trkpt lat="51.545397" lon="0.06907"><ele>5</ele></trkpt>
      <trkpt lat="51.545199" lon="0.069061"><ele>5</ele></trkpt>
      <trkpt lat="51.545055" lon="0.069036"><ele>4.5</ele></trkpt>
      <trkpt lat="51.544863" lon="0.069036"><ele>4.75</ele></trkpt>
      <trkpt lat="51.544674" lon="0.069225"><ele>5</ele></trkpt>
      <trkpt lat="51.544478" lon="0.069346"><ele>4.75</ele></trkpt>
      <trkpt lat="51.544141" lon="0.069175"><ele>4.75</ele></trkpt>
      <trkpt lat="51.54397" lon="0.069124"><ele>4.5</ele></trkpt>
      <trkpt lat="51.54362" lon="0.068914"><ele>4</ele></trkpt>
      <trkpt lat="51.543588" lon="0.068894"><ele>4</ele></trkpt>
      <trkpt lat="51.54338" lon="0.068887"><ele>3.75</ele></trkpt>
      <trkpt lat="51.543316" lon="0.068905"><ele>4</ele></trkpt>
      <trkpt lat="51.543262" lon="0.068871"><ele>3.75</ele></trkpt>
      <trkpt lat="51.542925" lon="0.068413"><ele>3.75</ele></trkpt>
      <trkpt lat="51.542819" lon="0.068188"><ele>3.75</ele></trkpt>
      <trkpt lat="51.542744" lon="0.06798"><ele>4</ele></trkpt>
      <trkpt lat="51.542716" lon="0.067946"><ele>4</ele></trkpt>
      <trkpt lat="51.542637" lon="0.067937"><ele>3.75</ele></trkpt>
      <trkpt lat="51.542486" lon="0.068366"><ele>4.75</ele></trkpt>
      <trkpt lat="51.542411" lon="0.068517"><ele>4</ele></trkpt>
      <trkpt lat="51.542377" lon="0.06854"><ele>4</ele></trkpt>
      <trkpt lat="51.542331" lon="0.068547"><ele>3.75</ele></trkpt>
      <trkpt lat="51.542173" lon="0.068515"><ele>3.75</ele></trkpt>
      <trkpt lat="51.542077" lon="0.068532"><ele>4</ele></trkpt>
      <trkpt lat="51.541805" lon="0.068608"><ele>4.25</ele></trkpt>
      <trkpt lat="51.541723" lon="0.068676"><ele>4</ele></trkpt>
      <trkpt lat="51.541583" lon="0.068838"><ele>3.75</ele></trkpt>
      <trkpt lat="51.541415" lon="0.06901"><ele>3.75</ele></trkpt>
      <trkpt lat="51.541367" lon="0.069002"><ele>4</ele></trkpt>
      <trkpt lat="51.541328" lon="0.068966"><ele>4</ele></trkpt>
      <trkpt lat="51.541284" lon="0.068904"><ele>4</ele></trkpt>
      <trkpt lat="51.541252" lon="0.068841"><ele>3.75</ele></trkpt>
      <trkpt lat="51.541228" lon="0.068795"><ele>3.75</ele></trkpt>
      <trkpt lat="51.541181" lon="0.068671"><ele>4</ele></trkpt>
      <trkpt lat="51.541139" lon="0.068604"><ele>4.5</ele></trkpt>
      <trkpt lat="51.541066" lon="0.06851"><ele>4.25</ele></trkpt>
      <trkpt lat="51.540997" lon="0.068447"><ele>4</ele></trkpt>
      <trkpt lat="51.540834" lon="0.068413"><ele>4.5</ele></trkpt>
      <trkpt lat="51.540775" lon="0.068425"><ele>4.25</ele></trkpt>
      <trkpt lat="51.540696" lon="0.068469"><ele>4</ele></trkpt>
      <trkpt lat="51.540636" lon="0.068535"><ele>4.25</ele></trkpt>
      <trkpt lat="51.540604" lon="0.068606"><ele>4.75</ele></trkpt>
      <trkpt lat="51.540566" lon="0.068737"><ele>4.75</ele></trkpt>
      <trkpt lat="51.540521" lon="0.069042"><ele>4.25</ele></trkpt>
      <trkpt lat="51.540523" lon="0.069097"><ele>4</ele></trkpt>
      <trkpt lat="51.540457" lon="0.069234"><ele>4</ele></trkpt>
      <trkpt lat="51.540419" lon="0.069246"><ele>4</ele></trkpt>
      <trkpt lat="51.540326" lon="0.069244"><ele>4</ele></trkpt>
      <trkpt lat="51.540329" lon="0.069298"><ele>3.75</ele></trkpt>
      <trkpt lat="51.540353" lon="0.069842"><ele>4.75</ele></trkpt>
      <trkpt lat="51.540362" lon="0.069941"><ele>5.5</ele></trkpt>
      <trkpt lat="51.540334" lon="0.069936"><ele>5.5</ele></trkpt>
      <trkpt lat="51.540258" lon="0.069871"><ele>5</ele></trkpt>
      <trkpt lat="51.540187" lon="0.069832"><ele>5</ele></trkpt>
      <trkpt lat="51.540114" lon="0.069816"><ele>5.25</ele></trkpt>
      <trkpt lat="51.540024" lon="0.069841"><ele>5.75</ele></trkpt>
      <trkpt lat="51.53994" lon="0.07002"><ele>5.75</ele></trkpt>
      <trkpt lat="51.539962" lon="0.070083"><ele>5.5</ele></trkpt>
      <trkpt lat="51.539982" lon="0.070236"><ele>5</ele></trkpt>
      <trkpt lat="51.539993" lon="0.070343"><ele>5</ele></trkpt>
      <trkpt lat="51.540005" lon="0.070466"><ele>5</ele></trkpt>
      <trkpt lat="51.54002" lon="0.070621"><ele>5</ele></trkpt>
      <trkpt lat="51.539838" lon="0.070678"><ele>5.5</ele></trkpt>
      <trkpt lat="51.539812" lon="0.070699"><ele>5.5</ele></trkpt>
      <trkpt lat="51.539795" lon="0.07075"><ele>5.5</ele></trkpt>
      <trkpt lat="51.539796" lon="0.070794"><ele>5.5</ele></trkpt>
      <trkpt lat="51.539896" lon="0.071534"><ele>5</ele></trkpt>
      <trkpt lat="51.539998" lon="0.072096"><ele>5</ele></trkpt>
      <trkpt lat="51.54002" lon="0.072216"><ele>5</ele></trkpt>
      <trkpt lat="51.540193" lon="0.073084"><ele>5.5</ele></trkpt>
      <trkpt lat="51.540329" lon="0.073712"><ele>5.25</ele></trkpt>
      <trkpt lat="51.540401" lon="0.074054"><ele>6.25</ele></trkpt>
      <trkpt lat="51.540411" lon="0.07408"><ele>6.25</ele></trkpt>
      <trkpt lat="51.540394" lon="0.074175"><ele>6.5</ele></trkpt>
      <trkpt lat="51.540366" lon="0.074336"><ele>6.75</ele></trkpt>
      <trkpt lat="51.54039" lon="0.074423"><ele>6.75</ele></trkpt>
      <trkpt lat="51.540396" lon="0.074443"><ele>6.75</ele></trkpt>
      <trkpt lat="51.540408" lon="0.074475"><ele>7</ele></trkpt>
      <trkpt lat="51.540442" lon="0.074509"><ele>7</ele></trkpt>
      <trkpt lat="51.540494" lon="0.074632"><ele>7</ele></trkpt>
      <trkpt lat="51.54052" lon="0.074694"><ele>7</ele></trkpt>
      <trkpt lat="51.540536" lon="0.07473"><ele>6.75</ele></trkpt>
      <trkpt lat="51.540512" lon="0.074784"><ele>6.75</ele></trkpt>
      <trkpt lat="51.540498" lon="0.074842"><ele>7</ele></trkpt>
      <trkpt lat="51.540493" lon="0.074909"><ele>7</ele></trkpt>
      <trkpt lat="51.540506" lon="0.074996"><ele>7</ele></trkpt>
      <trkpt lat="51.540574" lon="0.075387"><ele>7.25</ele></trkpt>
      <trkpt lat="51.540587" lon="0.075425"><ele>7.5</ele></trkpt>
      <trkpt lat="51.540601" lon="0.075507"><ele>7.75</ele></trkpt>
      <trkpt lat="51.540608" lon="0.075553"><ele>7.75</ele></trkpt>
      <trkpt lat="51.540687" lon="0.076017"><ele>8.25</ele></trkpt>
      <trkpt lat="51.540723" lon="0.076114"><ele>8.25</ele></trkpt>
      <trkpt lat="51.540789" lon="0.076238"><ele>8.25</ele></trkpt>
      <trkpt lat="51.540858" lon="0.076397"><ele>8.75</ele></trkpt>
      <trkpt lat="51.540908" lon="0.076548"><ele>9.5</ele></trkpt>
      <trkpt lat="51.540915" lon="0.076586"><ele>9.5</ele></trkpt>
      <trkpt lat="51.540921" lon="0.07662"><ele>9.75</ele></trkpt>
      <trkpt lat="51.541025" lon="0.077047"><ele>9.5</ele></trkpt>
      <trkpt lat="51.541074" lon="0.077211"><ele>9.5</ele></trkpt>
      <trkpt lat="51.541115" lon="0.07732"><ele>9.5</ele></trkpt>
      <trkpt lat="51.54134" lon="0.077799"><ele>9.5</ele></trkpt>
      <trkpt lat="51.541367" lon="0.077811"><ele>9.5</ele></trkpt>
      <trkpt lat="51.541363" lon="0.077871"><ele>9.5</ele></trkpt>
      <trkpt lat="51.541362" lon="0.077914"><ele>9.5</ele></trkpt>
      <trkpt lat="51.54138" lon="0.077949"><ele>9.75</ele></trkpt>
      <trkpt lat="51.541449" lon="0.078021"><ele>9.5</ele></trkpt>
      <trkpt lat="51.541504" lon="0.078083"><ele>9</ele></trkpt>
      <trkpt lat="51.541486" lon="0.078094"><ele>9</ele></trkpt>
      <trkpt lat="51.541463" lon="0.078139"><ele>9</ele></trkpt>
      <trkpt lat="51.541398" lon="0.078293"><ele>9</ele></trkpt>
      <trkpt lat="51.541342" lon="0.07832"><ele>8.5</ele></trkpt>
      <trkpt lat="51.541296" lon="0.07839"><ele>8.25</ele></trkpt>
      <trkpt lat="51.541259" lon="0.078423"><ele>8</ele></trkpt>
      <trkpt lat="51.541204" lon="0.078535"><ele>8</ele></trkpt>
      <trkpt lat="51.541192" lon="0.07856"><ele>8</ele></trkpt>
      <trkpt lat="51.541079" lon="0.078796"><ele>8.25</ele></trkpt>
      <trkpt lat="51.541047" lon="0.07889"><ele>8.25</ele></trkpt>
      <trkpt lat="51.541032" lon="0.079037"><ele>8.25</ele></trkpt>
      <trkpt lat="51.541013" lon="0.079161"><ele>8.25</ele></trkpt>
      <trkpt lat="51.540981" lon="0.079258"><ele>8</ele></trkpt>
      <trkpt lat="51.540947" lon="0.079281"><ele>8</ele></trkpt>
      <trkpt lat="51.540932" lon="0.079304"><ele>8</ele></trkpt>
      <trkpt lat="51.540659" lon="0.079847"><ele>7.75</ele></trkpt>
      <trkpt lat="51.540653" lon="0.079892"><ele>7.75</ele></trkpt>
      <trkpt lat="51.540604" lon="0.079902"><ele>7.75</ele></trkpt>
      <trkpt lat="51.540566" lon="0.079964"><ele>7.75</ele></trkpt>
      <trkpt lat="51.540382" lon="0.080354"><ele>8.25</ele></trkpt>
      <trkpt lat="51.540204" lon="0.080701"><ele>8</ele></trkpt>
      <trkpt lat="51.539757" lon="0.081612"><ele>10.25</ele></trkpt>
      <trkpt lat="51.539731" lon="0.081633"><ele>10.5</ele></trkpt>
      <trkpt lat="51.539676" lon="0.081644"><ele>10</ele></trkpt>
      <trkpt lat="51.539638" lon="0.08157"><ele>9</ele></trkpt>
      <trkpt lat="51.539347" lon="0.081194"><ele>9.75</ele></trkpt>
      <trkpt lat="51.538918" lon="0.080637"><ele>9.75</ele></trkpt>
      <trkpt lat="51.538871" lon="0.080724"><ele>9.75</ele></trkpt>
      <trkpt lat="51.538843" lon="0.080781"><ele>9.75</ele></trkpt>
      <trkpt lat="51.538807" lon="0.080855"><ele>9.5</ele></trkpt>
      <trkpt lat="51.5388" lon="0.08087"><ele>9.5</ele></trkpt>
      <trkpt lat="51.538878" lon="0.080966"><ele>9.75</ele></trkpt>
      <trkpt lat="51.538956" lon="0.081073"><ele>9</ele></trkpt>
      <trkpt lat="51.538984" lon="0.081107"><ele>8.5</ele></trkpt>
      <trkpt lat="51.539014" lon="0.081146"><ele>8</ele></trkpt>
      <trkpt lat="51.539023" lon="0.081158"><ele>7.75</ele></trkpt>
      <trkpt lat="51.539009" lon="0.081189"><ele>7.75</ele></trkpt>
      <trkpt lat="51.538991" lon="0.081228"><ele>7.75</ele></trkpt>
      <trkpt lat="51.538984" lon="0.081244"><ele>8</ele></trkpt>
      <trkpt lat="51.538963" lon="0.081292"><ele>7.75</ele></trkpt>
      <trkpt lat="51.538952" lon="0.081318"><ele>7.75</ele></trkpt>
      <trkpt lat="51.538896" lon="0.081445"><ele>7.5</ele></trkpt>
      <trkpt lat="51.538855" lon="0.081535"><ele>7</ele></trkpt>
      <trkpt lat="51.538086" lon="0.083101"><ele>7.25</ele></trkpt>
      <trkpt lat="51.538015" lon="0.08315"><ele>7.5</ele></trkpt>
      <trkpt lat="51.537976" lon="0.083165"><ele>7.5</ele></trkpt>
      <trkpt lat="51.537866" lon="0.083124"><ele>8.5</ele></trkpt>
      <trkpt lat="51.537844" lon="0.083121"><ele>8.5</ele></trkpt>
      <trkpt lat="51.537803" lon="0.083115"><ele>8.75</ele></trkpt>
      <trkpt lat="51.537467" lon="0.083813"><ele>8</ele></trkpt>
      <trkpt lat="51.53728" lon="0.084092"><ele>8</ele></trkpt>
      <trkpt lat="51.537224" lon="0.084176"><ele>7.75</ele></trkpt>
      <trkpt lat="51.536791" lon="0.084799"><ele>8</ele></trkpt>
      <trkpt lat="51.536721" lon="0.084889"><ele>7.75</ele></trkpt>
      <trkpt lat="51.536654" lon="0.084997"><ele>8</ele></trkpt>
      <trkpt lat="51.535098" lon="0.088121"><ele>6</ele></trkpt>
      <trkpt lat="51.535015" lon="0.088255"><ele>5.75</ele></trkpt>
      <trkpt lat="51.534977" lon="0.088315"><ele>5.75</ele></trkpt>
      <trkpt lat="51.534951" lon="0.088332"><ele>5.75</ele></trkpt>
      <trkpt lat="51.535019" lon="0.088625"><ele>5</ele></trkpt>
      <trkpt lat="51.535048" lon="0.088758"><ele>5</ele></trkpt>
      <trkpt lat="51.535051" lon="0.088858"><ele>5</ele></trkpt>
      <trkpt lat="51.535039" lon="0.0889"><ele>5</ele></trkpt>
      <trkpt lat="51.535003" lon="0.088966"><ele>5</ele></trkpt>
      <trkpt lat="51.534967" lon="0.088975"><ele>5</ele></trkpt>
      <trkpt lat="51.534935" lon="0.088967"><ele>5</ele></trkpt>
      <trkpt lat="51.534903" lon="0.088953"><ele>5</ele></trkpt>
      <trkpt lat="51.534883" lon="0.08901"><ele>5</ele></trkpt>
      <trkpt lat="51.534733" lon="0.089374"><ele>4.75</ele></trkpt>
      <trkpt lat="51.53472" lon="0.089453"><ele>4.75</ele></trkpt>
      <trkpt lat="51.534404" lon="0.090205"><ele>4</ele></trkpt>
      <trkpt lat="51.534231" lon="0.090618"><ele>3</ele></trkpt>
      <trkpt lat="51.534049" lon="0.091075"><ele>3</ele></trkpt>
      <trkpt lat="51.534025" lon="0.091105"><ele>3</ele></trkpt>
      <trkpt lat="51.533998" lon="0.091117"><ele>2.75</ele></trkpt>
      <trkpt lat="51.533882" lon="0.091105"><ele>3</ele></trkpt>
      <trkpt lat="51.533857" lon="0.091123"><ele>2.75</ele></trkpt>
      <trkpt lat="51.533837" lon="0.091151"><ele>2.75</ele></trkpt>
      <trkpt lat="51.533759" lon="0.09133"><ele>2</ele></trkpt>
      <trkpt lat="51.533454" lon="0.092165"><ele>2</ele></trkpt>
      <trkpt lat="51.533402" lon="0.092313"><ele>2.25</ele></trkpt>
      <trkpt lat="51.532964" lon="0.09356"><ele>3</ele></trkpt>
      <trkpt lat="51.53294" lon="0.09362"><ele>3</ele></trkpt>
      <trkpt lat="51.532922" lon="0.093638"><ele>3</ele></trkpt>
      <trkpt lat="51.532609" lon="0.09389"><ele>2.25</ele></trkpt>
      <trkpt lat="51.532393" lon="0.094052"><ele>2</ele></trkpt>
      <trkpt lat="51.532374" lon="0.094066"><ele>2</ele></trkpt>
      <trkpt lat="51.531896" lon="0.094451"><ele>2</ele></trkpt>
      <trkpt lat="51.531845" lon="0.094491"><ele>2</ele></trkpt>
      <trkpt lat="51.531821" lon="0.094511"><ele>2</ele></trkpt>
      <trkpt lat="51.531827" lon="0.09454"><ele>2</ele></trkpt>
      <trkpt lat="51.531825" lon="0.0946"><ele>2</ele></trkpt>
      <trkpt lat="51.531806" lon="0.094653"><ele>2</ele></trkpt>
      <trkpt lat="51.531774" lon="0.094685"><ele>2</ele></trkpt>
      <trkpt lat="51.531745" lon="0.094691"><ele>2</ele></trkpt>
      <trkpt lat="51.531716" lon="0.09468"><ele>2</ele></trkpt>
      <trkpt lat="51.531692" lon="0.094653"><ele>2</ele></trkpt>
      <trkpt lat="51.531654" lon="0.094693"><ele>2</ele></trkpt>
      <trkpt lat="51.531362" lon="0.094844"><ele>2</ele></trkpt>
      <trkpt lat="51.531333" lon="0.094875"><ele>2</ele></trkpt>
      <trkpt lat="51.531311" lon="0.094867"><ele>2</ele></trkpt>
      <trkpt lat="51.531296" lon="0.094909"><ele>2</ele></trkpt>
      <trkpt lat="51.531277" lon="0.094934"><ele>2</ele></trkpt>
      <trkpt lat="51.53125" lon="0.094948"><ele>2</ele></trkpt>
      <trkpt lat="51.531374" lon="0.095597"><ele>2</ele></trkpt>
      <trkpt lat="51.531463" lon="0.096056"><ele>2</ele></trkpt>
      <trkpt lat="51.531429" lon="0.096068"><ele>2</ele></trkpt>
      <trkpt lat="51.531376" lon="0.096231"><ele>2</ele></trkpt>
      <trkpt lat="51.531382" lon="0.09627"><ele>2</ele></trkpt>
      <trkpt lat="51.53139" lon="0.09631"><ele>2</ele></trkpt>
      <trkpt lat="51.531113" lon="0.09645"><ele>2</ele></trkpt>
      <trkpt lat="51.531006" lon="0.096504"><ele>2</ele></trkpt>
      <trkpt lat="51.531164" lon="0.097293"><ele>2</ele></trkpt>
      <trkpt lat="51.531419" lon="0.098538"><ele>2.5</ele></trkpt>
      <trkpt lat="51.531441" lon="0.098629"><ele>2.75</ele></trkpt>
      <trkpt lat="51.531468" lon="0.098771"><ele>3</ele></trkpt>
      <trkpt lat="51.531451" lon="0.098779"><ele>3</ele></trkpt>
      <trkpt lat="51.531421" lon="0.098801"><ele>3.25</ele></trkpt>
      <trkpt lat="51.531513" lon="0.099299"><ele>4.75</ele></trkpt>
      <trkpt lat="51.531499" lon="0.099373"><ele>5</ele></trkpt>
      <trkpt lat="51.531455" lon="0.099462"><ele>5.75</ele></trkpt>
      <trkpt lat="51.53115" lon="0.09992"><ele>3.75</ele></trkpt>
      <trkpt lat="51.531142" lon="0.099932"><ele>3.5</ele></trkpt>
      <trkpt lat="51.531122" lon="0.09996"><ele>2.75</ele></trkpt>
      <trkpt lat="51.531072" lon="0.100031"><ele>2</ele></trkpt>
      <trkpt lat="51.530993" lon="0.100148"><ele>2.25</ele></trkpt>
      <trkpt lat="51.530921" lon="0.100253"><ele>2.25</ele></trkpt>
      <trkpt lat="51.530876" lon="0.100293"><ele>2</ele></trkpt>
      <trkpt lat="51.530843" lon="0.100311"><ele>2</ele></trkpt>
      <trkpt lat="51.530799" lon="0.100381"><ele>2</ele></trkpt>
      <trkpt lat="51.530727" lon="0.10039"><ele>2</ele></trkpt>
      <trkpt lat="51.530566" lon="0.100383"><ele>2</ele></trkpt>
      <trkpt lat="51.530451" lon="0.100366"><ele>2</ele></trkpt>
      <trkpt lat="51.530421" lon="0.100582"><ele>2</ele></trkpt>
      <trkpt lat="51.530405" lon="0.100675"><ele>2</ele></trkpt>
      <trkpt lat="51.530348" lon="0.100911"><ele>2</ele></trkpt>
      <trkpt lat="51.530295" lon="0.101077"><ele>2</ele></trkpt>
      <trkpt lat="51.530219" lon="0.101267"><ele>2</ele></trkpt>
      <trkpt lat="51.530177" lon="0.101351"><ele>2</ele></trkpt>
      <trkpt lat="51.530117" lon="0.101471"><ele>2</ele></trkpt>
      <trkpt lat="51.529885" lon="0.10174"><ele>2</ele></trkpt>
      <trkpt lat="51.529851" lon="0.101765"><ele>2</ele></trkpt>
      <trkpt lat="51.529854" lon="0.101882"><ele>2</ele></trkpt>
      <trkpt lat="51.529805" lon="0.102611"><ele>2</ele></trkpt>
      <trkpt lat="51.529747" lon="0.102661"><ele>2</ele></trkpt>
      <trkpt lat="51.52975" lon="0.102748"><ele>2</ele></trkpt>
      <trkpt lat="51.529744" lon="0.10291"><ele>2</ele></trkpt>
      <trkpt lat="51.529708" lon="0.10354"><ele>2</ele></trkpt>
      <trkpt lat="51.529674" lon="0.104042"><ele>2</ele></trkpt>
      <trkpt lat="51.529644" lon="0.104587"><ele>2</ele></trkpt>
      <trkpt lat="51.529614" lon="0.104582"><ele>2</ele></trkpt>
      <trkpt lat="51.529225" lon="0.104512"><ele>2</ele></trkpt>
      <trkpt lat="51.529155" lon="0.104501"><ele>2</ele></trkpt>
      <trkpt lat="51.529148" lon="0.104609"><ele>2</ele></trkpt>
      <trkpt lat="51.528543" lon="0.10453"><ele>2</ele></trkpt>
      <trkpt lat="51.528523" lon="0.10495"><ele>2</ele></trkpt>
      <trkpt lat="51.528522" lon="0.104965"><ele>2</ele></trkpt>
      <trkpt lat="51.528441" lon="0.104953"><ele>2</ele></trkpt>
      <trkpt lat="51.528445" lon="0.104896"><ele>2</ele></trkpt>
      <trkpt lat="51.528348" lon="0.105117"><ele>2</ele></trkpt>
      <trkpt lat="51.52826" lon="0.106503"><ele>2</ele></trkpt>
      <trkpt lat="51.528257" lon="0.106552"><ele>2</ele></trkpt>
      <trkpt lat="51.528246" lon="0.106725"><ele>2</ele></trkpt>
      <trkpt lat="51.528213" lon="0.107191"><ele>2</ele></trkpt>
      <trkpt lat="51.528161" lon="0.107723"><ele>2</ele></trkpt>
      <trkpt lat="51.528106" lon="0.108129"><ele>2</ele></trkpt>
      <trkpt lat="51.528016" lon="0.108095"><ele>2</ele></trkpt>
      <trkpt lat="51.527924" lon="0.108063"><ele>2</ele></trkpt>
      <trkpt lat="51.527885" lon="0.108287"><ele>2</ele></trkpt>
      <trkpt lat="51.527855" lon="0.108468"><ele>2</ele></trkpt>
      <trkpt lat="51.527784" lon="0.108806"><ele>2</ele></trkpt>
      <trkpt lat="51.527716" lon="0.109129"><ele>2</ele></trkpt>
      <trkpt lat="51.527371" lon="0.110632"><ele>2</ele></trkpt>
      <trkpt lat="51.526974" lon="0.112362"><ele>2</ele></trkpt>
      <trkpt lat="51.526915" lon="0.112628"><ele>2</ele></trkpt>
      <trkpt lat="51.52677" lon="0.113253"><ele>2</ele></trkpt>
      <trkpt lat="51.52667" lon="0.113677"><ele>2</ele></trkpt>
      <trkpt lat="51.526603" lon="0.113967"><ele>2</ele></trkpt>
      <trkpt lat="51.526477" lon="0.11476"><ele>2</ele></trkpt>
      <trkpt lat="51.526433" lon="0.115132"><ele>2</ele></trkpt>
      <trkpt lat="51.52638" lon="0.115835"><ele>2</ele></trkpt>
      <trkpt lat="51.52637" lon="0.116574"><ele>2</ele></trkpt>
      <trkpt lat="51.526155" lon="0.116574"><ele>2</ele></trkpt>
      <trkpt lat="51.525924" lon="0.116584"><ele>2</ele></trkpt>
      <trkpt lat="51.525813" lon="0.116533"><ele>2</ele></trkpt>
      <trkpt lat="51.525792" lon="0.116701"><ele>2</ele></trkpt>
      <trkpt lat="51.525768" lon="0.116693"><ele>2</ele></trkpt>
      <trkpt lat="51.525749" lon="0.116703"><ele>2</ele></trkpt>
      <trkpt lat="51.525714" lon="0.11671"><ele>2</ele></trkpt>
      <trkpt lat="51.524955" lon="0.11662"><ele>2</ele></trkpt>
      <trkpt lat="51.524822" lon="0.116546"><ele>2</ele></trkpt>
      <trkpt lat="51.524753" lon="0.116539"><ele>2</ele></trkpt>
      <trkpt lat="51.524668" lon="0.116535"><ele>2</ele></trkpt>
      <trkpt lat="51.524393" lon="0.116572"><ele>2.25</ele></trkpt>
      <trkpt lat="51.524381" lon="0.116586"><ele>2</ele></trkpt>
      <trkpt lat="51.52435" lon="0.116625"><ele>2</ele></trkpt>
      <trkpt lat="51.52437" lon="0.116675"><ele>2</ele></trkpt>
      <trkpt lat="51.524378" lon="0.116695"><ele>2</ele></trkpt>
      <trkpt lat="51.524349" lon="0.116714"><ele>2.25</ele></trkpt>
      <trkpt lat="51.523847" lon="0.116655"><ele>2</ele></trkpt>
      <trkpt lat="51.523718" lon="0.116645"><ele>2.5</ele></trkpt>
      <trkpt lat="51.522993" lon="0.116539"><ele>2.5</ele></trkpt>
      <trkpt lat="51.522796" lon="0.116514"><ele>2.75</ele></trkpt>
      <trkpt lat="51.522414" lon="0.116466"><ele>2.5</ele></trkpt>
      <trkpt lat="51.521746" lon="0.116346"><ele>2.5</ele></trkpt>
      <trkpt lat="51.521392" lon="0.116277"><ele>3</ele></trkpt>
      <trkpt lat="51.521344" lon="0.11626"><ele>3</ele></trkpt>
      <trkpt lat="51.52087" lon="0.116127"><ele>2.75</ele></trkpt>
      <trkpt lat="51.520539" lon="0.116038"><ele>3</ele></trkpt>
      <trkpt lat="51.520471" lon="0.116025"><ele>3</ele></trkpt>
      <trkpt lat="51.520461" lon="0.11603"><ele>3</ele></trkpt>
      <trkpt lat="51.520455" lon="0.116079"><ele>3.25</ele></trkpt>
      <trkpt lat="51.520445" lon="0.116076"><ele>3.25</ele></trkpt>
      <trkpt lat="51.520418" lon="0.116066"><ele>3.25</ele></trkpt>
      <trkpt lat="51.520383" lon="0.116055"><ele>3.25</ele></trkpt>
      <trkpt lat="51.520354" lon="0.116049"><ele>3.5</ele></trkpt>
      <trkpt lat="51.520351" lon="0.11602"><ele>3.25</ele></trkpt>
      <trkpt lat="51.520336" lon="0.115991"><ele>3.25</ele></trkpt>
      <trkpt lat="51.520322" lon="0.11597"><ele>3.25</ele></trkpt>
      <trkpt lat="51.520292" lon="0.115949"><ele>3.25</ele></trkpt>
      <trkpt lat="51.52025" lon="0.115946"><ele>3.25</ele></trkpt>
      <trkpt lat="51.519828" lon="0.115772"><ele>4</ele></trkpt>
      <trkpt lat="51.519743" lon="0.115747"><ele>4.5</ele></trkpt>
      <trkpt lat="51.51964" lon="0.115744"><ele>4.75</ele></trkpt>
      <trkpt lat="51.519547" lon="0.115758"><ele>4.75</ele></trkpt>
      <trkpt lat="51.519518" lon="0.115762"><ele>4.75</ele></trkpt>
    </trkseg>
  </trk>
</gpx>
