<?xml version="1.0" encoding="UTF-8"?>
<gpx version="1.1" creator="TubeRun route generator" xmlns="http://www.topografix.com/GPX/1/1">
  <metadata>
    <name>Thameslink — TubeRun</name>
    <desc>Above-ground running route tracing the Thameslink line, station to station. Routed on pavements and footways from OpenStreetMap data (BRouter, shortest).</desc>
    <author><name>TubeRun</name></author>
    <copyright author="OpenStreetMap contributors"><license>https://opendatacommons.org/licenses/odbl/1-0/</license></copyright>
    <link href="https://www.openstreetmap.org/copyright"><text>© OpenStreetMap contributors</text></link>
    <time>2026-07-14T08:30:30.260Z</time>
  </metadata>
  <wpt lat="51.44135" lon="0.36664"><name>Gravesend</name></wpt>
  <wpt lat="51.44585" lon="0.32433"><name>Northfleet</name></wpt>
  <wpt lat="51.44907" lon="0.30954"><name>Swanscombe</name></wpt>
  <wpt lat="51.45037" lon="0.28029"><name>Greenhithe for Bluewater</name></wpt>
  <wpt lat="51.45133" lon="0.26377"><name>Stone Crossing</name></wpt>
  <wpt lat="51.44737" lon="0.21925"><name>Dartford</name></wpt>
  <wpt lat="51.46779" lon="0.19049"><name>Slade Green</name></wpt>
  <wpt lat="51.49106" lon="0.12139"><name>Abbey Wood</name></wpt>
  <wpt lat="51.4898" lon="0.08426"><name>Plumstead</name></wpt>
  <wpt lat="51.48991" lon="0.06919"><name>Woolwich Arsenal</name></wpt>
  <wpt lat="51.48681" lon="0.03126"><name>Charlton</name></wpt>
  <wpt lat="51.4842" lon="0.0184"><name>Westcombe Park</name></wpt>
  <wpt lat="51.48263" lon="0.00291"><name>Maze Hill</name></wpt>
  <wpt lat="51.47814" lon="-0.01334"><name>Greenwich</name></wpt>
  <wpt lat="51.47885" lon="-0.02627"><name>Deptford</name></wpt>
  <wpt lat="51.50502" lon="-0.08609"><name>London Bridge</name></wpt>
  <wpt lat="51.51181" lon="-0.10333"><name>London Blackfriars</name></wpt>
  <wpt lat="51.51394" lon="-0.10359"><name>City Thameslink</name></wpt>
  <wpt lat="51.52017" lon="-0.1052"><name>Farringdon</name></wpt>
  <wpt lat="51.53217" lon="-0.12734"><name>London St Pancras International LL</name></wpt>
  <wpt lat="51.5505" lon="-0.14036"><name>Kentish Town</name></wpt>
  <wpt lat="51.54848" lon="-0.19184"><name>West Hampstead Thameslink</name></wpt>
  <wpt lat="51.55845" lon="-0.21268"><name>Cricklewood</name></wpt>
  <wpt lat="51.56843" lon="-0.22549"><name>Brent Cross West Station</name></wpt>
  <wpt lat="51.58007" lon="-0.23867"><name>Hendon</name></wpt>
  <wpt lat="51.61309" lon="-0.24924"><name>Mill Hill Broadway</name></wpt>
  <wpt lat="51.65307" lon="-0.28008"><name>Elstree &amp; Borehamwood</name></wpt>
  <wpt lat="51.68519" lon="-0.31724"><name>Radlett</name></wpt>
  <wpt lat="51.75047" lon="-0.32754"><name>St Albans City</name></wpt>
  <trk>
    <name>Thameslink — TubeRun</name>
    <trkseg>
      <trkpt lat="51.441407" lon="0.366827"><ele>15</ele></trkpt>
      <trkpt lat="51.441454" lon="0.366828"><ele>15</ele></trkpt>
      <trkpt lat="51.441469" lon="0.366829"><ele>15.25</ele></trkpt>
      <trkpt lat="51.441469" lon="0.366894"><ele>15.25</ele></trkpt>
      <trkpt lat="51.441486" lon="0.366894"><ele>15.25</ele></trkpt>
      <trkpt lat="51.441497" lon="0.366894"><ele>15.25</ele></trkpt>
      <trkpt lat="51.441498" lon="0.366842"><ele>15.25</ele></trkpt>
      <trkpt lat="51.441514" lon="0.366841"><ele>15.25</ele></trkpt>
      <trkpt lat="51.441527" lon="0.36684"><ele>15.25</ele></trkpt>
      <trkpt lat="51.441537" lon="0.366829"><ele>15.5</ele></trkpt>
      <trkpt lat="51.441552" lon="0.366829"><ele>15.5</ele></trkpt>
      <trkpt lat="51.44157" lon="0.366828"><ele>15.5</ele></trkpt>
      <trkpt lat="51.441583" lon="0.366777"><ele>15.5</ele></trkpt>
      <trkpt lat="51.44161" lon="0.366709"><ele>15.75</ele></trkpt>
      <trkpt lat="51.441682" lon="0.366521"><ele>16.5</ele></trkpt>
      <trkpt lat="51.441697" lon="0.366467"><ele>16.5</ele></trkpt>
      <trkpt lat="51.441703" lon="0.366413"><ele>16.75</ele></trkpt>
      <trkpt lat="51.441764" lon="0.366435"><ele>16.75</ele></trkpt>
      <trkpt lat="51.441801" lon="0.366453"><ele>16.75</ele></trkpt>
      <trkpt lat="51.441815" lon="0.366458"><ele>16.75</ele></trkpt>
      <trkpt lat="51.441837" lon="0.366384"><ele>17</ele></trkpt>
      <trkpt lat="51.44185" lon="0.366339"><ele>17</ele></trkpt>
      <trkpt lat="51.441866" lon="0.366291"><ele>17.25</ele></trkpt>
      <trkpt lat="51.441874" lon="0.366265"><ele>17.25</ele></trkpt>
      <trkpt lat="51.441898" lon="0.366272"><ele>17.25</ele></trkpt>
      <trkpt lat="51.441952" lon="0.366256"><ele>17.25</ele></trkpt>
      <trkpt lat="51.442075" lon="0.366266"><ele>17.25</ele></trkpt>
      <trkpt lat="51.442181" lon="0.366254"><ele>17.25</ele></trkpt>
      <trkpt lat="51.44238" lon="0.366229"><ele>17</ele></trkpt>
      <trkpt lat="51.442397" lon="0.366213"><ele>17</ele></trkpt>
      <trkpt lat="51.44239" lon="0.365839"><ele>17.25</ele></trkpt>
      <trkpt lat="51.442392" lon="0.365596"><ele>17.75</ele></trkpt>
      <trkpt lat="51.442386" lon="0.365585"><ele>17.75</ele></trkpt>
      <trkpt lat="51.442395" lon="0.365521"><ele>18</ele></trkpt>
      <trkpt lat="51.442408" lon="0.365433"><ele>18</ele></trkpt>
      <trkpt lat="51.442385" lon="0.365348"><ele>18.25</ele></trkpt>
      <trkpt lat="51.442414" lon="0.365298"><ele>18.25</ele></trkpt>
      <trkpt lat="51.442447" lon="0.365174"><ele>18</ele></trkpt>
      <trkpt lat="51.44243" lon="0.364627"><ele>18.75</ele></trkpt>
      <trkpt lat="51.442447" lon="0.364493"><ele>18.75</ele></trkpt>
      <trkpt lat="51.44245" lon="0.364394"><ele>18.75</ele></trkpt>
      <trkpt lat="51.442438" lon="0.364174"><ele>18.75</ele></trkpt>
      <trkpt lat="51.442409" lon="0.364095"><ele>18.75</ele></trkpt>
      <trkpt lat="51.442406" lon="0.363955"><ele>18.75</ele></trkpt>
      <trkpt lat="51.442406" lon="0.363806"><ele>18.25</ele></trkpt>
      <trkpt lat="51.442399" lon="0.36327"><ele>18.75</ele></trkpt>
      <trkpt lat="51.442396" lon="0.362908"><ele>19.5</ele></trkpt>
      <trkpt lat="51.442392" lon="0.362535"><ele>20.25</ele></trkpt>
      <trkpt lat="51.442375" lon="0.361262"><ele>21</ele></trkpt>
      <trkpt lat="51.442372" lon="0.361048"><ele>21</ele></trkpt>
      <trkpt lat="51.442353" lon="0.360898"><ele>21</ele></trkpt>
      <trkpt lat="51.442348" lon="0.36053"><ele>20.75</ele></trkpt>
      <trkpt lat="51.442324" lon="0.35904"><ele>20.5</ele></trkpt>
      <trkpt lat="51.442318" lon="0.358689"><ele>21.25</ele></trkpt>
      <trkpt lat="51.442299" lon="0.357548"><ele>20.75</ele></trkpt>
      <trkpt lat="51.442292" lon="0.357159"><ele>19.75</ele></trkpt>
      <trkpt lat="51.442291" lon="0.356927"><ele>20</ele></trkpt>
      <trkpt lat="51.442289" lon="0.356725"><ele>20.25</ele></trkpt>
      <trkpt lat="51.442286" lon="0.356437"><ele>20.75</ele></trkpt>
      <trkpt lat="51.442284" lon="0.356182"><ele>20.75</ele></trkpt>
      <trkpt lat="51.442282" lon="0.355662"><ele>22.75</ele></trkpt>
      <trkpt lat="51.44228" lon="0.35546"><ele>23</ele></trkpt>
      <trkpt lat="51.442278" lon="0.355352"><ele>23</ele></trkpt>
      <trkpt lat="51.442278" lon="0.355279"><ele>23</ele></trkpt>
      <trkpt lat="51.442271" lon="0.355052"><ele>23.75</ele></trkpt>
      <trkpt lat="51.442256" lon="0.354382"><ele>24</ele></trkpt>
      <trkpt lat="51.442256" lon="0.354346"><ele>24.25</ele></trkpt>
      <trkpt lat="51.442251" lon="0.353844"><ele>25.75</ele></trkpt>
      <trkpt lat="51.442248" lon="0.353604"><ele>25.75</ele></trkpt>
      <trkpt lat="51.44227" lon="0.353429"><ele>26.5</ele></trkpt>
      <trkpt lat="51.442265" lon="0.352929"><ele>27.25</ele></trkpt>
      <trkpt lat="51.442263" lon="0.352722"><ele>27.75</ele></trkpt>
      <trkpt lat="51.442262" lon="0.352294"><ele>27</ele></trkpt>
      <trkpt lat="51.442242" lon="0.351339"><ele>25</ele></trkpt>
      <trkpt lat="51.442234" lon="0.350816"><ele>25</ele></trkpt>
      <trkpt lat="51.442232" lon="0.350686"><ele>25</ele></trkpt>
      <trkpt lat="51.44223" lon="0.350472"><ele>24.5</ele></trkpt>
      <trkpt lat="51.442227" lon="0.350276"><ele>24</ele></trkpt>
      <trkpt lat="51.442214" lon="0.349484"><ele>24</ele></trkpt>
      <trkpt lat="51.442213" lon="0.349463"><ele>24</ele></trkpt>
      <trkpt lat="51.442203" lon="0.3488"><ele>24</ele></trkpt>
      <trkpt lat="51.4422" lon="0.348632"><ele>23.75</ele></trkpt>
      <trkpt lat="51.442188" lon="0.347854"><ele>22.5</ele></trkpt>
      <trkpt lat="51.44218" lon="0.347335"><ele>24</ele></trkpt>
      <trkpt lat="51.442175" lon="0.347061"><ele>25.5</ele></trkpt>
      <trkpt lat="51.442173" lon="0.346942"><ele>26.25</ele></trkpt>
      <trkpt lat="51.442173" lon="0.346897"><ele>26.5</ele></trkpt>
      <trkpt lat="51.44213" lon="0.344522"><ele>26.5</ele></trkpt>
      <trkpt lat="51.442128" lon="0.344342"><ele>28.25</ele></trkpt>
      <trkpt lat="51.442123" lon="0.343556"><ele>25.75</ele></trkpt>
      <trkpt lat="51.442082" lon="0.340657"><ele>21.75</ele></trkpt>
      <trkpt lat="51.442058" lon="0.338782"><ele>20</ele></trkpt>
      <trkpt lat="51.442069" lon="0.338538"><ele>19.75</ele></trkpt>
      <trkpt lat="51.442088" lon="0.338291"><ele>20</ele></trkpt>
      <trkpt lat="51.442152" lon="0.337655"><ele>27.5</ele></trkpt>
      <trkpt lat="51.442172" lon="0.337477"><ele>29</ele></trkpt>
      <trkpt lat="51.442202" lon="0.337352"><ele>29</ele></trkpt>
      <trkpt lat="51.44226" lon="0.337171"><ele>27.75</ele></trkpt>
      <trkpt lat="51.442415" lon="0.337"><ele>27.5</ele></trkpt>
      <trkpt lat="51.442624" lon="0.336854"><ele>28</ele></trkpt>
      <trkpt lat="51.442913" lon="0.336641"><ele>29</ele></trkpt>
      <trkpt lat="51.443055" lon="0.336502"><ele>29</ele></trkpt>
      <trkpt lat="51.443123" lon="0.336414"><ele>28.75</ele></trkpt>
      <trkpt lat="51.443222" lon="0.336279"><ele>29</ele></trkpt>
      <trkpt lat="51.443264" lon="0.336222"><ele>29</ele></trkpt>
      <trkpt lat="51.443388" lon="0.336086"><ele>28.5</ele></trkpt>
      <trkpt lat="51.443534" lon="0.335972"><ele>27.75</ele></trkpt>
      <trkpt lat="51.443583" lon="0.335936"><ele>27.75</ele></trkpt>
      <trkpt lat="51.443662" lon="0.335879"><ele>27.5</ele></trkpt>
      <trkpt lat="51.443954" lon="0.335567"><ele>27.5</ele></trkpt>
      <trkpt lat="51.444153" lon="0.335302"><ele>27</ele></trkpt>
      <trkpt lat="51.444249" lon="0.334939"><ele>23.25</ele></trkpt>
      <trkpt lat="51.444346" lon="0.334474"><ele>23.75</ele></trkpt>
      <trkpt lat="51.444437" lon="0.333899"><ele>26.25</ele></trkpt>
      <trkpt lat="51.444482" lon="0.333591"><ele>25.5</ele></trkpt>
      <trkpt lat="51.44453" lon="0.33325"><ele>24</ele></trkpt>
      <trkpt lat="51.444563" lon="0.333057"><ele>25</ele></trkpt>
      <trkpt lat="51.444685" lon="0.332408"><ele>30</ele></trkpt>
      <trkpt lat="51.44478" lon="0.331922"><ele>30.75</ele></trkpt>
      <trkpt lat="51.444917" lon="0.33122"><ele>31</ele></trkpt>
      <trkpt lat="51.444982" lon="0.330978"><ele>30.75</ele></trkpt>
      <trkpt lat="51.445104" lon="0.330568"><ele>30.5</ele></trkpt>
      <trkpt lat="51.445412" lon="0.329575"><ele>28.75</ele></trkpt>
      <trkpt lat="51.445501" lon="0.329265"><ele>27.75</ele></trkpt>
      <trkpt lat="51.445594" lon="0.328903"><ele>27.5</ele></trkpt>
      <trkpt lat="51.445648" lon="0.328664"><ele>26.75</ele></trkpt>
      <trkpt lat="51.445726" lon="0.328301"><ele>25.75</ele></trkpt>
      <trkpt lat="51.445797" lon="0.327969"><ele>25.75</ele></trkpt>
      <trkpt lat="51.445984" lon="0.327149"><ele>24.25</ele></trkpt>
      <trkpt lat="51.445818" lon="0.32704"><ele>24.75</ele></trkpt>
      <trkpt lat="51.445752" lon="0.326948"><ele>24.5</ele></trkpt>
      <trkpt lat="51.445717" lon="0.326866"><ele>24.25</ele></trkpt>
      <trkpt lat="51.445697" lon="0.326795"><ele>23.75</ele></trkpt>
      <trkpt lat="51.44569" lon="0.326737"><ele>23.5</ele></trkpt>
      <trkpt lat="51.445693" lon="0.3266"><ele>23.25</ele></trkpt>
      <trkpt lat="51.445702" lon="0.326528"><ele>23</ele></trkpt>
      <trkpt lat="51.445756" lon="0.326391"><ele>22.5</ele></trkpt>
      <trkpt lat="51.445808" lon="0.326268"><ele>22.25</ele></trkpt>
      <trkpt lat="51.445842" lon="0.32616"><ele>22</ele></trkpt>
      <trkpt lat="51.44599" lon="0.32557"><ele>20.75</ele></trkpt>
      <trkpt lat="51.446022" lon="0.325415"><ele>20.5</ele></trkpt>
      <trkpt lat="51.446028" lon="0.325336"><ele>20.25</ele></trkpt>
      <trkpt lat="51.446023" lon="0.325233"><ele>19.75</ele></trkpt>
      <trkpt lat="51.445959" lon="0.324796"><ele>18.5</ele></trkpt>
      <trkpt lat="51.446069" lon="0.324438"><ele>17.5</ele></trkpt>
      <trkpt lat="51.445952" lon="0.324304"><ele>16.5</ele></trkpt>
      <trkpt lat="51.445908" lon="0.324399"><ele>16.25</ele></trkpt>
      <trkpt lat="51.445908" lon="0.3244"><ele>16.25</ele></trkpt>
      <trkpt lat="51.445952" lon="0.324304"><ele>16.5</ele></trkpt>
      <trkpt lat="51.446069" lon="0.324438"><ele>17.5</ele></trkpt>
      <trkpt lat="51.446112" lon="0.324333"><ele>17.5</ele></trkpt>
      <trkpt lat="51.446512" lon="0.323394"><ele>16</ele></trkpt>
      <trkpt lat="51.446571" lon="0.323309"><ele>15.75</ele></trkpt>
      <trkpt lat="51.446645" lon="0.32326"><ele>15.5</ele></trkpt>
      <trkpt lat="51.446717" lon="0.323255"><ele>15.5</ele></trkpt>
      <trkpt lat="51.44674" lon="0.323131"><ele>15</ele></trkpt>
      <trkpt lat="51.446789" lon="0.323009"><ele>14.25</ele></trkpt>
      <trkpt lat="51.447358" lon="0.322148"><ele>4.75</ele></trkpt>
      <trkpt lat="51.447363" lon="0.322086"><ele>4.5</ele></trkpt>
      <trkpt lat="51.447468" lon="0.322061"><ele>4</ele></trkpt>
      <trkpt lat="51.447532" lon="0.322057"><ele>3.75</ele></trkpt>
      <trkpt lat="51.44805" lon="0.32245"><ele>3.75</ele></trkpt>
      <trkpt lat="51.448078" lon="0.32245"><ele>3.75</ele></trkpt>
      <trkpt lat="51.448136" lon="0.322391"><ele>3.75</ele></trkpt>
      <trkpt lat="51.448178" lon="0.322316"><ele>3.75</ele></trkpt>
      <trkpt lat="51.448181" lon="0.322284"><ele>3.5</ele></trkpt>
      <trkpt lat="51.448245" lon="0.322257"><ele>3.75</ele></trkpt>
      <trkpt lat="51.448202" lon="0.32206"><ele>3</ele></trkpt>
      <trkpt lat="51.448074" lon="0.321844"><ele>3</ele></trkpt>
      <trkpt lat="51.44796" lon="0.321692"><ele>3</ele></trkpt>
      <trkpt lat="51.447651" lon="0.32142"><ele>3</ele></trkpt>
      <trkpt lat="51.447275" lon="0.321097"><ele>4.75</ele></trkpt>
      <trkpt lat="51.446967" lon="0.32081"><ele>4.5</ele></trkpt>
      <trkpt lat="51.446836" lon="0.320696"><ele>5</ele></trkpt>
      <trkpt lat="51.446791" lon="0.320578"><ele>5.25</ele></trkpt>
      <trkpt lat="51.446732" lon="0.320485"><ele>4.5</ele></trkpt>
      <trkpt lat="51.446758" lon="0.320456"><ele>4.75</ele></trkpt>
      <trkpt lat="51.44677" lon="0.32044"><ele>5</ele></trkpt>
      <trkpt lat="51.446815" lon="0.320528"><ele>5.5</ele></trkpt>
      <trkpt lat="51.446849" lon="0.320457"><ele>5.75</ele></trkpt>
      <trkpt lat="51.447019" lon="0.320054"><ele>8</ele></trkpt>
      <trkpt lat="51.44729" lon="0.319361"><ele>7.5</ele></trkpt>
      <trkpt lat="51.447419" lon="0.318979"><ele>5.75</ele></trkpt>
      <trkpt lat="51.447496" lon="0.3187"><ele>5.5</ele></trkpt>
      <trkpt lat="51.447549" lon="0.318533"><ele>7.25</ele></trkpt>
      <trkpt lat="51.447623" lon="0.318433"><ele>8.75</ele></trkpt>
      <trkpt lat="51.447569" lon="0.318304"><ele>8.5</ele></trkpt>
      <trkpt lat="51.447416" lon="0.318465"><ele>6.5</ele></trkpt>
      <trkpt lat="51.447406" lon="0.318468"><ele>6.5</ele></trkpt>
      <trkpt lat="51.44715" lon="0.317817"><ele>9.25</ele></trkpt>
      <trkpt lat="51.447035" lon="0.317496"><ele>10.75</ele></trkpt>
      <trkpt lat="51.446934" lon="0.317183"><ele>12.25</ele></trkpt>
      <trkpt lat="51.446926" lon="0.31714"><ele>12.25</ele></trkpt>
      <trkpt lat="51.446931" lon="0.316996"><ele>12.75</ele></trkpt>
      <trkpt lat="51.446902" lon="0.316895"><ele>13.25</ele></trkpt>
      <trkpt lat="51.446399" lon="0.315865"><ele>19.5</ele></trkpt>
      <trkpt lat="51.446051" lon="0.315115"><ele>23</ele></trkpt>
      <trkpt lat="51.445978" lon="0.314947"><ele>23.75</ele></trkpt>
      <trkpt lat="51.44594" lon="0.314809"><ele>24.25</ele></trkpt>
      <trkpt lat="51.445695" lon="0.31423"><ele>26</ele></trkpt>
      <trkpt lat="51.444986" lon="0.312596"><ele>31</ele></trkpt>
      <trkpt lat="51.444956" lon="0.312529"><ele>31</ele></trkpt>
      <trkpt lat="51.444934" lon="0.312512"><ele>30.75</ele></trkpt>
      <trkpt lat="51.444924" lon="0.31249"><ele>30.75</ele></trkpt>
      <trkpt lat="51.444935" lon="0.312364"><ele>31</ele></trkpt>
      <trkpt lat="51.444936" lon="0.312307"><ele>31</ele></trkpt>
      <trkpt lat="51.445061" lon="0.312269"><ele>30.5</ele></trkpt>
      <trkpt lat="51.44534" lon="0.312155"><ele>30</ele></trkpt>
      <trkpt lat="51.445375" lon="0.312128"><ele>30</ele></trkpt>
      <trkpt lat="51.445502" lon="0.312078"><ele>30</ele></trkpt>
      <trkpt lat="51.445555" lon="0.312074"><ele>30</ele></trkpt>
      <trkpt lat="51.445894" lon="0.311968"><ele>28.5</ele></trkpt>
      <trkpt lat="51.445969" lon="0.311941"><ele>28.5</ele></trkpt>
      <trkpt lat="51.446033" lon="0.311897"><ele>28.25</ele></trkpt>
      <trkpt lat="51.446082" lon="0.311838"><ele>28.25</ele></trkpt>
      <trkpt lat="51.446196" lon="0.311755"><ele>28.25</ele></trkpt>
      <trkpt lat="51.446393" lon="0.311584"><ele>27.75</ele></trkpt>
      <trkpt lat="51.446544" lon="0.311419"><ele>27.75</ele></trkpt>
      <trkpt lat="51.446694" lon="0.311157"><ele>27.75</ele></trkpt>
      <trkpt lat="51.446833" lon="0.310892"><ele>27.5</ele></trkpt>
      <trkpt lat="51.446856" lon="0.310864"><ele>27.5</ele></trkpt>
      <trkpt lat="51.446873" lon="0.310842"><ele>27.5</ele></trkpt>
      <trkpt lat="51.446981" lon="0.310546"><ele>27.75</ele></trkpt>
      <trkpt lat="51.447029" lon="0.310381"><ele>27.75</ele></trkpt>
      <trkpt lat="51.44708" lon="0.310369"><ele>27.75</ele></trkpt>
      <trkpt lat="51.447259" lon="0.310255"><ele>27.75</ele></trkpt>
      <trkpt lat="51.447441" lon="0.310182"><ele>27.25</ele></trkpt>
      <trkpt lat="51.447743" lon="0.310078"><ele>27.75</ele></trkpt>
      <trkpt lat="51.447903" lon="0.310014"><ele>28</ele></trkpt>
      <trkpt lat="51.448263" lon="0.30983"><ele>28.75</ele></trkpt>
      <trkpt lat="51.448283" lon="0.309823"><ele>28.75</ele></trkpt>
      <trkpt lat="51.448724" lon="0.309578"><ele>29</ele></trkpt>
      <trkpt lat="51.448927" lon="0.309436"><ele>28</ele></trkpt>
      <trkpt lat="51.448942" lon="0.309475"><ele>27.5</ele></trkpt>
      <trkpt lat="51.448968" lon="0.30946"><ele>27</ele></trkpt>
      <trkpt lat="51.448965" lon="0.30953"><ele>27</ele></trkpt>
      <trkpt lat="51.448968" lon="0.30946"><ele>27</ele></trkpt>
      <trkpt lat="51.448942" lon="0.309475"><ele>27.5</ele></trkpt>
      <trkpt lat="51.448927" lon="0.309436"><ele>28</ele></trkpt>
      <trkpt lat="51.448998" lon="0.309381"><ele>26.25</ele></trkpt>
      <trkpt lat="51.449075" lon="0.309338"><ele>24</ele></trkpt>
      <trkpt lat="51.449316" lon="0.309191"><ele>25.75</ele></trkpt>
      <trkpt lat="51.449381" lon="0.309151"><ele>27.75</ele></trkpt>
      <trkpt lat="51.449468" lon="0.309103"><ele>30</ele></trkpt>
      <trkpt lat="51.449566" lon="0.309065"><ele>30</ele></trkpt>
      <trkpt lat="51.449654" lon="0.30903"><ele>30</ele></trkpt>
      <trkpt lat="51.44971" lon="0.308972"><ele>30</ele></trkpt>
      <trkpt lat="51.449816" lon="0.308946"><ele>30</ele></trkpt>
      <trkpt lat="51.449845" lon="0.308915"><ele>30</ele></trkpt>
      <trkpt lat="51.449983" lon="0.308896"><ele>30</ele></trkpt>
      <trkpt lat="51.450098" lon="0.30888"><ele>29.75</ele></trkpt>
      <trkpt lat="51.450382" lon="0.307257"><ele>26.25</ele></trkpt>
      <trkpt lat="51.450583" lon="0.305992"><ele>10</ele></trkpt>
      <trkpt lat="51.451057" lon="0.302789"><ele>14</ele></trkpt>
      <trkpt lat="51.451172" lon="0.301226"><ele>10.25</ele></trkpt>
      <trkpt lat="51.451248" lon="0.300393"><ele>6.5</ele></trkpt>
      <trkpt lat="51.45127" lon="0.299984"><ele>6.25</ele></trkpt>
      <trkpt lat="51.451275" lon="0.299879"><ele>6</ele></trkpt>
      <trkpt lat="51.451277" lon="0.299546"><ele>6</ele></trkpt>
      <trkpt lat="51.451268" lon="0.299414"><ele>6</ele></trkpt>
      <trkpt lat="51.451261" lon="0.299347"><ele>6</ele></trkpt>
      <trkpt lat="51.451237" lon="0.299113"><ele>6.5</ele></trkpt>
      <trkpt lat="51.451163" lon="0.298617"><ele>9</ele></trkpt>
      <trkpt lat="51.451126" lon="0.298494"><ele>10</ele></trkpt>
      <trkpt lat="51.451051" lon="0.298024"><ele>10</ele></trkpt>
      <trkpt lat="51.450889" lon="0.297095"><ele>11.75</ele></trkpt>
      <trkpt lat="51.450847" lon="0.296771"><ele>16.25</ele></trkpt>
      <trkpt lat="51.450788" lon="0.296083"><ele>19</ele></trkpt>
      <trkpt lat="51.450776" lon="0.29584"><ele>20.75</ele></trkpt>
      <trkpt lat="51.45077" lon="0.295654"><ele>21.75</ele></trkpt>
      <trkpt lat="51.450762" lon="0.295055"><ele>21.25</ele></trkpt>
      <trkpt lat="51.450757" lon="0.291545"><ele>28</ele></trkpt>
      <trkpt lat="51.450718" lon="0.29107"><ele>28.5</ele></trkpt>
      <trkpt lat="51.450703" lon="0.290964"><ele>28.75</ele></trkpt>
      <trkpt lat="51.450539" lon="0.289797"><ele>28.75</ele></trkpt>
      <trkpt lat="51.450449" lon="0.288938"><ele>29.25</ele></trkpt>
      <trkpt lat="51.450379" lon="0.288527"><ele>29.5</ele></trkpt>
      <trkpt lat="51.450343" lon="0.288343"><ele>29.75</ele></trkpt>
      <trkpt lat="51.450332" lon="0.28829"><ele>29.75</ele></trkpt>
      <trkpt lat="51.450255" lon="0.2879"><ele>29.75</ele></trkpt>
      <trkpt lat="51.450175" lon="0.287405"><ele>29.75</ele></trkpt>
      <trkpt lat="51.450138" lon="0.287163"><ele>29.5</ele></trkpt>
      <trkpt lat="51.450132" lon="0.287089"><ele>29.75</ele></trkpt>
      <trkpt lat="51.450088" lon="0.286548"><ele>30</ele></trkpt>
      <trkpt lat="51.450135" lon="0.286538"><ele>29.75</ele></trkpt>
      <trkpt lat="51.450071" lon="0.285675"><ele>30.25</ele></trkpt>
      <trkpt lat="51.450096" lon="0.285675"><ele>30</ele></trkpt>
      <trkpt lat="51.450138" lon="0.285739"><ele>29.5</ele></trkpt>
      <trkpt lat="51.450253" lon="0.285741"><ele>28.25</ele></trkpt>
      <trkpt lat="51.450335" lon="0.285673"><ele>28</ele></trkpt>
      <trkpt lat="51.450344" lon="0.284978"><ele>22.75</ele></trkpt>
      <trkpt lat="51.450371" lon="0.28429"><ele>13.75</ele></trkpt>
      <trkpt lat="51.450414" lon="0.283598"><ele>9.25</ele></trkpt>
      <trkpt lat="51.450451" lon="0.28313"><ele>8.25</ele></trkpt>
      <trkpt lat="51.450498" lon="0.28264"><ele>9.5</ele></trkpt>
      <trkpt lat="51.45063" lon="0.281506"><ele>10.75</ele></trkpt>
      <trkpt lat="51.450596" lon="0.281492"><ele>11.25</ele></trkpt>
      <trkpt lat="51.450613" lon="0.281364"><ele>11.25</ele></trkpt>
      <trkpt lat="51.450616" lon="0.281261"><ele>11.75</ele></trkpt>
      <trkpt lat="51.450598" lon="0.281179"><ele>12.25</ele></trkpt>
      <trkpt lat="51.450556" lon="0.28108"><ele>12.75</ele></trkpt>
      <trkpt lat="51.450556" lon="0.280938"><ele>12.75</ele></trkpt>
      <trkpt lat="51.450604" lon="0.280438"><ele>13.75</ele></trkpt>
      <trkpt lat="51.450676" lon="0.280337"><ele>13.5</ele></trkpt>
      <trkpt lat="51.450725" lon="0.280114"><ele>13</ele></trkpt>
      <trkpt lat="51.450753" lon="0.279929"><ele>12.25</ele></trkpt>
      <trkpt lat="51.450797" lon="0.279718"><ele>11.25</ele></trkpt>
      <trkpt lat="51.450923" lon="0.279224"><ele>10.5</ele></trkpt>
      <trkpt lat="51.451008" lon="0.278849"><ele>8.5</ele></trkpt>
      <trkpt lat="51.451028" lon="0.278713"><ele>7.5</ele></trkpt>
      <trkpt lat="51.451027" lon="0.27863"><ele>7.25</ele></trkpt>
      <trkpt lat="51.451018" lon="0.278561"><ele>6.75</ele></trkpt>
      <trkpt lat="51.451075" lon="0.27859"><ele>6.25</ele></trkpt>
      <trkpt lat="51.451036" lon="0.278392"><ele>5.5</ele></trkpt>
      <trkpt lat="51.451" lon="0.278323"><ele>5.25</ele></trkpt>
      <trkpt lat="51.450983" lon="0.27814"><ele>4.75</ele></trkpt>
      <trkpt lat="51.451004" lon="0.278047"><ele>4.5</ele></trkpt>
      <trkpt lat="51.451043" lon="0.277973"><ele>5</ele></trkpt>
      <trkpt lat="51.451093" lon="0.277926"><ele>5</ele></trkpt>
      <trkpt lat="51.451169" lon="0.277639"><ele>4.75</ele></trkpt>
      <trkpt lat="51.451216" lon="0.277176"><ele>5.25</ele></trkpt>
      <trkpt lat="51.451224" lon="0.277103"><ele>5.5</ele></trkpt>
      <trkpt lat="51.451173" lon="0.277086"><ele>6.25</ele></trkpt>
      <trkpt lat="51.451239" lon="0.276595"><ele>6.75</ele></trkpt>
      <trkpt lat="51.451252" lon="0.276426"><ele>6.75</ele></trkpt>
      <trkpt lat="51.451266" lon="0.275941"><ele>6.5</ele></trkpt>
      <trkpt lat="51.451273" lon="0.275881"><ele>6.25</ele></trkpt>
      <trkpt lat="51.45125" lon="0.275733"><ele>7.25</ele></trkpt>
      <trkpt lat="51.451273" lon="0.274698"><ele>8.25</ele></trkpt>
      <trkpt lat="51.451303" lon="0.274249"><ele>9</ele></trkpt>
      <trkpt lat="51.451345" lon="0.27364"><ele>8.75</ele></trkpt>
      <trkpt lat="51.451415" lon="0.271938"><ele>7.5</ele></trkpt>
      <trkpt lat="51.451576" lon="0.271806"><ele>4.5</ele></trkpt>
      <trkpt lat="51.451576" lon="0.271462"><ele>4.5</ele></trkpt>
      <trkpt lat="51.451782" lon="0.271225"><ele>3.5</ele></trkpt>
      <trkpt lat="51.451905" lon="0.271108"><ele>4</ele></trkpt>
      <trkpt lat="51.451909" lon="0.270998"><ele>4</ele></trkpt>
      <trkpt lat="51.451785" lon="0.267589"><ele>6.75</ele></trkpt>
      <trkpt lat="51.45178" lon="0.267022"><ele>5.5</ele></trkpt>
      <trkpt lat="51.451784" lon="0.266904"><ele>5</ele></trkpt>
      <trkpt lat="51.451802" lon="0.266755"><ele>4.5</ele></trkpt>
      <trkpt lat="51.451752" lon="0.266729"><ele>4.75</ele></trkpt>
      <trkpt lat="51.451724" lon="0.266667"><ele>4.75</ele></trkpt>
      <trkpt lat="51.451685" lon="0.266618"><ele>5</ele></trkpt>
      <trkpt lat="51.451649" lon="0.266532"><ele>5.5</ele></trkpt>
      <trkpt lat="51.451628" lon="0.266444"><ele>6</ele></trkpt>
      <trkpt lat="51.451575" lon="0.266151"><ele>6.5</ele></trkpt>
      <trkpt lat="51.45151" lon="0.265784"><ele>7</ele></trkpt>
      <trkpt lat="51.451518" lon="0.264331"><ele>6.75</ele></trkpt>
      <trkpt lat="51.45146" lon="0.264332"><ele>7.25</ele></trkpt>
      <trkpt lat="51.451362" lon="0.264337"><ele>8.25</ele></trkpt>
      <trkpt lat="51.450973" lon="0.264518"><ele>12.75</ele></trkpt>
      <trkpt lat="51.450877" lon="0.264556"><ele>13.75</ele></trkpt>
      <trkpt lat="51.450768" lon="0.264575"><ele>15.5</ele></trkpt>
      <trkpt lat="51.450766" lon="0.264533"><ele>15.25</ele></trkpt>
      <trkpt lat="51.450784" lon="0.264267"><ele>15.75</ele></trkpt>
      <trkpt lat="51.450782" lon="0.264046"><ele>16.5</ele></trkpt>
      <trkpt lat="51.450754" lon="0.263433"><ele>16.75</ele></trkpt>
      <trkpt lat="51.450729" lon="0.262681"><ele>15.5</ele></trkpt>
      <trkpt lat="51.450732" lon="0.261274"><ele>12.5</ele></trkpt>
      <trkpt lat="51.450746" lon="0.260851"><ele>12.5</ele></trkpt>
      <trkpt lat="51.450797" lon="0.26019"><ele>11.25</ele></trkpt>
      <trkpt lat="51.450798" lon="0.260064"><ele>11.25</ele></trkpt>
      <trkpt lat="51.450801" lon="0.259858"><ele>11.5</ele></trkpt>
      <trkpt lat="51.450818" lon="0.259556"><ele>11.75</ele></trkpt>
      <trkpt lat="51.450822" lon="0.259484"><ele>12</ele></trkpt>
      <trkpt lat="51.450828" lon="0.258975"><ele>12.75</ele></trkpt>
      <trkpt lat="51.450843" lon="0.258681"><ele>12.75</ele></trkpt>
      <trkpt lat="51.450848" lon="0.25827"><ele>12.75</ele></trkpt>
      <trkpt lat="51.450844" lon="0.257836"><ele>12</ele></trkpt>
      <trkpt lat="51.450837" lon="0.257343"><ele>12.5</ele></trkpt>
      <trkpt lat="51.450833" lon="0.257177"><ele>13</ele></trkpt>
      <trkpt lat="51.450824" lon="0.256703"><ele>13</ele></trkpt>
      <trkpt lat="51.450811" lon="0.254188"><ele>7</ele></trkpt>
      <trkpt lat="51.450837" lon="0.253893"><ele>6</ele></trkpt>
      <trkpt lat="51.450881" lon="0.253524"><ele>7</ele></trkpt>
      <trkpt lat="51.450935" lon="0.252572"><ele>7.25</ele></trkpt>
      <trkpt lat="51.451008" lon="0.250602"><ele>15</ele></trkpt>
      <trkpt lat="51.450989" lon="0.249757"><ele>17.75</ele></trkpt>
      <trkpt lat="51.450954" lon="0.249165"><ele>20</ele></trkpt>
      <trkpt lat="51.450856" lon="0.248177"><ele>25</ele></trkpt>
      <trkpt lat="51.450843" lon="0.248036"><ele>25.75</ele></trkpt>
      <trkpt lat="51.450838" lon="0.247975"><ele>25.75</ele></trkpt>
      <trkpt lat="51.450743" lon="0.24797"><ele>26.5</ele></trkpt>
      <trkpt lat="51.450628" lon="0.247944"><ele>27.25</ele></trkpt>
      <trkpt lat="51.450497" lon="0.247894"><ele>28.25</ele></trkpt>
      <trkpt lat="51.450417" lon="0.247852"><ele>28.75</ele></trkpt>
      <trkpt lat="51.449758" lon="0.247443"><ele>34.75</ele></trkpt>
      <trkpt lat="51.449662" lon="0.247372"><ele>35</ele></trkpt>
      <trkpt lat="51.449487" lon="0.24718"><ele>35.75</ele></trkpt>
      <trkpt lat="51.448876" lon="0.24642"><ele>37.75</ele></trkpt>
      <trkpt lat="51.448626" lon="0.246181"><ele>38</ele></trkpt>
      <trkpt lat="51.448444" lon="0.246066"><ele>38</ele></trkpt>
      <trkpt lat="51.448291" lon="0.245992"><ele>38.25</ele></trkpt>
      <trkpt lat="51.448306" lon="0.245911"><ele>38.5</ele></trkpt>
      <trkpt lat="51.448198" lon="0.245859"><ele>38.25</ele></trkpt>
      <trkpt lat="51.448092" lon="0.245844"><ele>38</ele></trkpt>
      <trkpt lat="51.448059" lon="0.24584"><ele>38</ele></trkpt>
      <trkpt lat="51.44806" lon="0.245809"><ele>38</ele></trkpt>
      <trkpt lat="51.448061" lon="0.245791"><ele>38</ele></trkpt>
      <trkpt lat="51.447393" lon="0.245635"><ele>38</ele></trkpt>
      <trkpt lat="51.447338" lon="0.245324"><ele>38.25</ele></trkpt>
      <trkpt lat="51.447265" lon="0.24465"><ele>37.75</ele></trkpt>
      <trkpt lat="51.447265" lon="0.244592"><ele>38</ele></trkpt>
      <trkpt lat="51.447272" lon="0.244558"><ele>38</ele></trkpt>
      <trkpt lat="51.447266" lon="0.244465"><ele>38</ele></trkpt>
      <trkpt lat="51.447211" lon="0.244469"><ele>38</ele></trkpt>
      <trkpt lat="51.447193" lon="0.244098"><ele>38</ele></trkpt>
      <trkpt lat="51.447198" lon="0.243724"><ele>38</ele></trkpt>
      <trkpt lat="51.447192" lon="0.243522"><ele>38</ele></trkpt>
      <trkpt lat="51.44719" lon="0.243481"><ele>38</ele></trkpt>
      <trkpt lat="51.44719" lon="0.243468"><ele>38</ele></trkpt>
      <trkpt lat="51.447082" lon="0.242596"><ele>38</ele></trkpt>
      <trkpt lat="51.447038" lon="0.242217"><ele>38</ele></trkpt>
      <trkpt lat="51.44701" lon="0.241625"><ele>38</ele></trkpt>
      <trkpt lat="51.446992" lon="0.241406"><ele>38</ele></trkpt>
      <trkpt lat="51.446975" lon="0.241191"><ele>38</ele></trkpt>
      <trkpt lat="51.446928" lon="0.240855"><ele>37</ele></trkpt>
      <trkpt lat="51.446926" lon="0.240174"><ele>35.25</ele></trkpt>
      <trkpt lat="51.446989" lon="0.239641"><ele>32.75</ele></trkpt>
      <trkpt lat="51.447252" lon="0.239032"><ele>29.5</ele></trkpt>
      <trkpt lat="51.447351" lon="0.238611"><ele>27.75</ele></trkpt>
      <trkpt lat="51.447483" lon="0.237331"><ele>24</ele></trkpt>
      <trkpt lat="51.447619" lon="0.236463"><ele>24.25</ele></trkpt>
      <trkpt lat="51.447676" lon="0.236426"><ele>24</ele></trkpt>
      <trkpt lat="51.447716" lon="0.236407"><ele>24</ele></trkpt>
      <trkpt lat="51.447908" lon="0.236283"><ele>24</ele></trkpt>
      <trkpt lat="51.447942" lon="0.236272"><ele>24</ele></trkpt>
      <trkpt lat="51.447974" lon="0.236295"><ele>24</ele></trkpt>
      <trkpt lat="51.447995" lon="0.236335"><ele>24</ele></trkpt>
      <trkpt lat="51.448003" lon="0.236381"><ele>24</ele></trkpt>
      <trkpt lat="51.448" lon="0.236425"><ele>24</ele></trkpt>
      <trkpt lat="51.447987" lon="0.236464"><ele>24</ele></trkpt>
      <trkpt lat="51.447961" lon="0.236496"><ele>24</ele></trkpt>
      <trkpt lat="51.447932" lon="0.236508"><ele>24</ele></trkpt>
      <trkpt lat="51.447905" lon="0.236502"><ele>24</ele></trkpt>
      <trkpt lat="51.447878" lon="0.236476"><ele>24</ele></trkpt>
      <trkpt lat="51.44786" lon="0.23643"><ele>24</ele></trkpt>
      <trkpt lat="51.44785" lon="0.236361"><ele>24</ele></trkpt>
      <trkpt lat="51.4478" lon="0.235493"><ele>23.75</ele></trkpt>
      <trkpt lat="51.44779" lon="0.235394"><ele>23.75</ele></trkpt>
      <trkpt lat="51.44777" lon="0.235267"><ele>23.75</ele></trkpt>
      <trkpt lat="51.447742" lon="0.235141"><ele>23.75</ele></trkpt>
      <trkpt lat="51.447663" lon="0.234861"><ele>23.75</ele></trkpt>
      <trkpt lat="51.447647" lon="0.234862"><ele>23.5</ele></trkpt>
      <trkpt lat="51.447588" lon="0.234893"><ele>23.75</ele></trkpt>
      <trkpt lat="51.447449" lon="0.234232"><ele>27.5</ele></trkpt>
      <trkpt lat="51.447415" lon="0.233986"><ele>27.75</ele></trkpt>
      <trkpt lat="51.447386" lon="0.233725"><ele>27.75</ele></trkpt>
      <trkpt lat="51.447326" lon="0.232964"><ele>26.75</ele></trkpt>
      <trkpt lat="51.446849" lon="0.233069"><ele>29.75</ele></trkpt>
      <trkpt lat="51.446797" lon="0.232435"><ele>30.5</ele></trkpt>
      <trkpt lat="51.446772" lon="0.232285"><ele>30.75</ele></trkpt>
      <trkpt lat="51.446635" lon="0.231473"><ele>31</ele></trkpt>
      <trkpt lat="51.446645" lon="0.231468"><ele>31</ele></trkpt>
      <trkpt lat="51.44663" lon="0.231383"><ele>31</ele></trkpt>
      <trkpt lat="51.446586" lon="0.231055"><ele>31.75</ele></trkpt>
      <trkpt lat="51.446585" lon="0.231016"><ele>31.75</ele></trkpt>
      <trkpt lat="51.446581" lon="0.230902"><ele>31.75</ele></trkpt>
      <trkpt lat="51.446553" lon="0.230258"><ele>32</ele></trkpt>
      <trkpt lat="51.446546" lon="0.230164"><ele>32</ele></trkpt>
      <trkpt lat="51.446562" lon="0.228856"><ele>31.75</ele></trkpt>
      <trkpt lat="51.446592" lon="0.228112"><ele>31</ele></trkpt>
      <trkpt lat="51.446779" lon="0.226564"><ele>27.75</ele></trkpt>
      <trkpt lat="51.446936" lon="0.225497"><ele>22.5</ele></trkpt>
      <trkpt lat="51.446947" lon="0.224954"><ele>19.5</ele></trkpt>
      <trkpt lat="51.446938" lon="0.223875"><ele>14</ele></trkpt>
      <trkpt lat="51.446938" lon="0.223801"><ele>13.5</ele></trkpt>
      <trkpt lat="51.446787" lon="0.222891"><ele>10.75</ele></trkpt>
      <trkpt lat="51.446752" lon="0.222732"><ele>9.5</ele></trkpt>
      <trkpt lat="51.446691" lon="0.222555"><ele>7.5</ele></trkpt>
      <trkpt lat="51.446602" lon="0.222414"><ele>6.75</ele></trkpt>
      <trkpt lat="51.446681" lon="0.222331"><ele>6.5</ele></trkpt>
      <trkpt lat="51.446714" lon="0.222272"><ele>6.5</ele></trkpt>
      <trkpt lat="51.446748" lon="0.222163"><ele>6.25</ele></trkpt>
      <trkpt lat="51.446754" lon="0.222089"><ele>5.75</ele></trkpt>
      <trkpt lat="51.446839" lon="0.222094"><ele>6.25</ele></trkpt>
      <trkpt lat="51.446846" lon="0.222066"><ele>6.25</ele></trkpt>
      <trkpt lat="51.446877" lon="0.222047"><ele>6.25</ele></trkpt>
      <trkpt lat="51.446877" lon="0.221945"><ele>5.75</ele></trkpt>
      <trkpt lat="51.44688" lon="0.221856"><ele>6.25</ele></trkpt>
      <trkpt lat="51.446755" lon="0.221854"><ele>5.5</ele></trkpt>
      <trkpt lat="51.446764" lon="0.221737"><ele>5.75</ele></trkpt>
      <trkpt lat="51.446694" lon="0.221689"><ele>5.25</ele></trkpt>
      <trkpt lat="51.446721" lon="0.221365"><ele>5.5</ele></trkpt>
      <trkpt lat="51.44674" lon="0.221286"><ele>5.75</ele></trkpt>
      <trkpt lat="51.446749" lon="0.221207"><ele>6.25</ele></trkpt>
      <trkpt lat="51.446688" lon="0.221188"><ele>5.25</ele></trkpt>
      <trkpt lat="51.446748" lon="0.220605"><ele>4.75</ele></trkpt>
      <trkpt lat="51.44675" lon="0.220569"><ele>4.75</ele></trkpt>
      <trkpt lat="51.446784" lon="0.220402"><ele>6.5</ele></trkpt>
      <trkpt lat="51.446864" lon="0.220316"><ele>8</ele></trkpt>
      <trkpt lat="51.446891" lon="0.220301"><ele>8.25</ele></trkpt>
      <trkpt lat="51.446948" lon="0.220306"><ele>8.5</ele></trkpt>
      <trkpt lat="51.447" lon="0.220289"><ele>9</ele></trkpt>
      <trkpt lat="51.447016" lon="0.220268"><ele>9.5</ele></trkpt>
      <trkpt lat="51.447028" lon="0.220227"><ele>9.5</ele></trkpt>
      <trkpt lat="51.447008" lon="0.220137"><ele>9.75</ele></trkpt>
      <trkpt lat="51.447043" lon="0.220103"><ele>10</ele></trkpt>
      <trkpt lat="51.447072" lon="0.220056"><ele>10.25</ele></trkpt>
      <trkpt lat="51.447106" lon="0.219936"><ele>10.5</ele></trkpt>
      <trkpt lat="51.447213" lon="0.219389"><ele>10.75</ele></trkpt>
      <trkpt lat="51.447232" lon="0.219299"><ele>10.75</ele></trkpt>
      <trkpt lat="51.447189" lon="0.219178"><ele>10.5</ele></trkpt>
      <trkpt lat="51.447203" lon="0.219114"><ele>10.75</ele></trkpt>
      <trkpt lat="51.447225" lon="0.219002"><ele>10.75</ele></trkpt>
      <trkpt lat="51.44718" lon="0.218972"><ele>10.75</ele></trkpt>
      <trkpt lat="51.447185" lon="0.218944"><ele>10.75</ele></trkpt>
      <trkpt lat="51.447168" lon="0.218885"><ele>10.75</ele></trkpt>
      <trkpt lat="51.447109" lon="0.218854"><ele>10.5</ele></trkpt>
      <trkpt lat="51.447091" lon="0.218852"><ele>10.5</ele></trkpt>
      <trkpt lat="51.44719" lon="0.218634"><ele>10.75</ele></trkpt>
      <trkpt lat="51.447284" lon="0.21856"><ele>10.75</ele></trkpt>
      <trkpt lat="51.44728" lon="0.218498"><ele>10.75</ele></trkpt>
      <trkpt lat="51.447288" lon="0.218449"><ele>10.75</ele></trkpt>
      <trkpt lat="51.447306" lon="0.218408"><ele>10.5</ele></trkpt>
      <trkpt lat="51.44734" lon="0.218369"><ele>10.5</ele></trkpt>
      <trkpt lat="51.447386" lon="0.218366"><ele>10.25</ele></trkpt>
      <trkpt lat="51.447416" lon="0.218382"><ele>10.25</ele></trkpt>
      <trkpt lat="51.44744" lon="0.218413"><ele>10</ele></trkpt>
      <trkpt lat="51.447511" lon="0.218101"><ele>10</ele></trkpt>
      <trkpt lat="51.447536" lon="0.217951"><ele>9.25</ele></trkpt>
      <trkpt lat="51.44753" lon="0.217857"><ele>9</ele></trkpt>
      <trkpt lat="51.447509" lon="0.217784"><ele>8.75</ele></trkpt>
      <trkpt lat="51.447548" lon="0.217651"><ele>7</ele></trkpt>
      <trkpt lat="51.447558" lon="0.217653"><ele>7</ele></trkpt>
      <trkpt lat="51.447603" lon="0.217677"><ele>6.75</ele></trkpt>
      <trkpt lat="51.44764" lon="0.217628"><ele>6</ele></trkpt>
      <trkpt lat="51.447649" lon="0.217612"><ele>5.75</ele></trkpt>
      <trkpt lat="51.447681" lon="0.217553"><ele>5</ele></trkpt>
      <trkpt lat="51.447724" lon="0.217608"><ele>5</ele></trkpt>
      <trkpt lat="51.447746" lon="0.217566"><ele>4.5</ele></trkpt>
      <trkpt lat="51.447777" lon="0.217502"><ele>4</ele></trkpt>
      <trkpt lat="51.447823" lon="0.217552"><ele>4.25</ele></trkpt>
      <trkpt lat="51.447866" lon="0.217601"><ele>4.25</ele></trkpt>
      <trkpt lat="51.44799" lon="0.217679"><ele>4.25</ele></trkpt>
      <trkpt lat="51.448132" lon="0.217846"><ele>4</ele></trkpt>
      <trkpt lat="51.448399" lon="0.217856"><ele>4</ele></trkpt>
      <trkpt lat="51.448473" lon="0.217838"><ele>4</ele></trkpt>
      <trkpt lat="51.448529" lon="0.217747"><ele>4</ele></trkpt>
      <trkpt lat="51.448569" lon="0.217781"><ele>4</ele></trkpt>
      <trkpt lat="51.44872" lon="0.217236"><ele>4</ele></trkpt>
      <trkpt lat="51.448783" lon="0.217039"><ele>4</ele></trkpt>
      <trkpt lat="51.449055" lon="0.216188"><ele>3.5</ele></trkpt>
      <trkpt lat="51.449141" lon="0.215929"><ele>3.75</ele></trkpt>
      <trkpt lat="51.449374" lon="0.21534"><ele>3.25</ele></trkpt>
      <trkpt lat="51.449387" lon="0.215205"><ele>3.25</ele></trkpt>
      <trkpt lat="51.449451" lon="0.214976"><ele>4</ele></trkpt>
      <trkpt lat="51.449651" lon="0.214363"><ele>4</ele></trkpt>
      <trkpt lat="51.449777" lon="0.213944"><ele>3.75</ele></trkpt>
      <trkpt lat="51.449865" lon="0.213707"><ele>3.5</ele></trkpt>
      <trkpt lat="51.449914" lon="0.213601"><ele>3.25</ele></trkpt>
      <trkpt lat="51.449936" lon="0.213567"><ele>3.25</ele></trkpt>
      <trkpt lat="51.449951" lon="0.213544"><ele>3.25</ele></trkpt>
      <trkpt lat="51.450017" lon="0.213442"><ele>3.5</ele></trkpt>
      <trkpt lat="51.450171" lon="0.213271"><ele>3.5</ele></trkpt>
      <trkpt lat="51.450294" lon="0.213133"><ele>3.5</ele></trkpt>
      <trkpt lat="51.45036" lon="0.21303"><ele>3.75</ele></trkpt>
      <trkpt lat="51.450449" lon="0.212863"><ele>4</ele></trkpt>
      <trkpt lat="51.450587" lon="0.212607"><ele>4.5</ele></trkpt>
      <trkpt lat="51.450981" lon="0.211866"><ele>6.25</ele></trkpt>
      <trkpt lat="51.451061" lon="0.211724"><ele>6.75</ele></trkpt>
      <trkpt lat="51.451119" lon="0.21165"><ele>7</ele></trkpt>
      <trkpt lat="51.451297" lon="0.211461"><ele>7.5</ele></trkpt>
      <trkpt lat="51.452526" lon="0.210118"><ele>9.75</ele></trkpt>
      <trkpt lat="51.453272" lon="0.209288"><ele>9</ele></trkpt>
      <trkpt lat="51.453679" lon="0.208835"><ele>8.75</ele></trkpt>
      <trkpt lat="51.453785" lon="0.208718"><ele>8.25</ele></trkpt>
      <trkpt lat="51.454021" lon="0.208435"><ele>8</ele></trkpt>
      <trkpt lat="51.454349" lon="0.208006"><ele>7.75</ele></trkpt>
      <trkpt lat="51.454408" lon="0.207917"><ele>7.75</ele></trkpt>
      <trkpt lat="51.454622" lon="0.207596"><ele>7.25</ele></trkpt>
      <trkpt lat="51.454842" lon="0.207251"><ele>7</ele></trkpt>
      <trkpt lat="51.455075" lon="0.206836"><ele>7</ele></trkpt>
      <trkpt lat="51.455163" lon="0.206658"><ele>7</ele></trkpt>
      <trkpt lat="51.455394" lon="0.206159"><ele>7</ele></trkpt>
      <trkpt lat="51.455611" lon="0.205668"><ele>6.75</ele></trkpt>
      <trkpt lat="51.455705" lon="0.205342"><ele>6.25</ele></trkpt>
      <trkpt lat="51.455723" lon="0.205298"><ele>6.25</ele></trkpt>
      <trkpt lat="51.455903" lon="0.204872"><ele>6</ele></trkpt>
      <trkpt lat="51.45596" lon="0.204754"><ele>6</ele></trkpt>
      <trkpt lat="51.456105" lon="0.204478"><ele>5</ele></trkpt>
      <trkpt lat="51.456134" lon="0.204395"><ele>5</ele></trkpt>
      <trkpt lat="51.456137" lon="0.204301"><ele>5</ele></trkpt>
      <trkpt lat="51.45613" lon="0.204165"><ele>5</ele></trkpt>
      <trkpt lat="51.456167" lon="0.203329"><ele>3.75</ele></trkpt>
      <trkpt lat="51.45621" lon="0.203059"><ele>3.5</ele></trkpt>
      <trkpt lat="51.456255" lon="0.202362"><ele>3</ele></trkpt>
      <trkpt lat="51.456264" lon="0.201622"><ele>3</ele></trkpt>
      <trkpt lat="51.456217" lon="0.201161"><ele>3</ele></trkpt>
      <trkpt lat="51.456178" lon="0.200766"><ele>4</ele></trkpt>
      <trkpt lat="51.456155" lon="0.200507"><ele>2.5</ele></trkpt>
      <trkpt lat="51.45615" lon="0.200337"><ele>2.75</ele></trkpt>
      <trkpt lat="51.456158" lon="0.200069"><ele>3</ele></trkpt>
      <trkpt lat="51.456141" lon="0.199872"><ele>3</ele></trkpt>
      <trkpt lat="51.456103" lon="0.19943"><ele>3.75</ele></trkpt>
      <trkpt lat="51.456079" lon="0.198976"><ele>3.75</ele></trkpt>
      <trkpt lat="51.456076" lon="0.198637"><ele>4.5</ele></trkpt>
      <trkpt lat="51.456092" lon="0.198334"><ele>4.75</ele></trkpt>
      <trkpt lat="51.456164" lon="0.197986"><ele>5.5</ele></trkpt>
      <trkpt lat="51.456212" lon="0.19767"><ele>6</ele></trkpt>
      <trkpt lat="51.45624" lon="0.197439"><ele>6.25</ele></trkpt>
      <trkpt lat="51.456303" lon="0.19704"><ele>6.5</ele></trkpt>
      <trkpt lat="51.456392" lon="0.196655"><ele>7.75</ele></trkpt>
      <trkpt lat="51.456422" lon="0.196583"><ele>7.75</ele></trkpt>
      <trkpt lat="51.456471" lon="0.196421"><ele>7.5</ele></trkpt>
      <trkpt lat="51.456501" lon="0.196393"><ele>7.5</ele></trkpt>
      <trkpt lat="51.456529" lon="0.196353"><ele>7.5</ele></trkpt>
      <trkpt lat="51.456563" lon="0.196265"><ele>7.5</ele></trkpt>
      <trkpt lat="51.456574" lon="0.196198"><ele>7.75</ele></trkpt>
      <trkpt lat="51.456575" lon="0.196144"><ele>7.75</ele></trkpt>
      <trkpt lat="51.45656" lon="0.196039"><ele>8</ele></trkpt>
      <trkpt lat="51.456593" lon="0.19592"><ele>8.5</ele></trkpt>
      <trkpt lat="51.456622" lon="0.19585"><ele>8.75</ele></trkpt>
      <trkpt lat="51.456861" lon="0.195459"><ele>8.5</ele></trkpt>
      <trkpt lat="51.456995" lon="0.19524"><ele>9</ele></trkpt>
      <trkpt lat="51.457495" lon="0.194479"><ele>9</ele></trkpt>
      <trkpt lat="51.457608" lon="0.194309"><ele>9</ele></trkpt>
      <trkpt lat="51.457755" lon="0.19411"><ele>9</ele></trkpt>
      <trkpt lat="51.458297" lon="0.193448"><ele>9</ele></trkpt>
      <trkpt lat="51.458332" lon="0.193398"><ele>9</ele></trkpt>
      <trkpt lat="51.459084" lon="0.19246"><ele>9.5</ele></trkpt>
      <trkpt lat="51.459364" lon="0.192151"><ele>10</ele></trkpt>
      <trkpt lat="51.459681" lon="0.191927"><ele>10</ele></trkpt>
      <trkpt lat="51.459748" lon="0.191846"><ele>10</ele></trkpt>
      <trkpt lat="51.459804" lon="0.191901"><ele>10</ele></trkpt>
      <trkpt lat="51.459867" lon="0.191911"><ele>10</ele></trkpt>
      <trkpt lat="51.459913" lon="0.191887"><ele>10</ele></trkpt>
      <trkpt lat="51.45994" lon="0.19185"><ele>10</ele></trkpt>
      <trkpt lat="51.459959" lon="0.191825"><ele>10</ele></trkpt>
      <trkpt lat="51.459981" lon="0.191756"><ele>10</ele></trkpt>
      <trkpt lat="51.459988" lon="0.191672"><ele>10</ele></trkpt>
      <trkpt lat="51.459976" lon="0.191596"><ele>10</ele></trkpt>
      <trkpt lat="51.460088" lon="0.191431"><ele>10</ele></trkpt>
      <trkpt lat="51.460344" lon="0.191127"><ele>10</ele></trkpt>
      <trkpt lat="51.460566" lon="0.190842"><ele>10</ele></trkpt>
      <trkpt lat="51.461467" lon="0.189784"><ele>10</ele></trkpt>
      <trkpt lat="51.462059" lon="0.189141"><ele>10</ele></trkpt>
      <trkpt lat="51.4621" lon="0.189103"><ele>10</ele></trkpt>
      <trkpt lat="51.46225" lon="0.18891"><ele>10</ele></trkpt>
      <trkpt lat="51.462603" lon="0.188509"><ele>10.25</ele></trkpt>
      <trkpt lat="51.462849" lon="0.188245"><ele>10.5</ele></trkpt>
      <trkpt lat="51.463365" lon="0.187755"><ele>10.75</ele></trkpt>
      <trkpt lat="51.463402" lon="0.187755"><ele>10.75</ele></trkpt>
      <trkpt lat="51.463454" lon="0.187717"><ele>10.5</ele></trkpt>
      <trkpt lat="51.463481" lon="0.187682"><ele>10.5</ele></trkpt>
      <trkpt lat="51.463533" lon="0.187573"><ele>10.75</ele></trkpt>
      <trkpt lat="51.463615" lon="0.187361"><ele>10.75</ele></trkpt>
      <trkpt lat="51.463642" lon="0.187277"><ele>10.75</ele></trkpt>
      <trkpt lat="51.463731" lon="0.187204"><ele>10.5</ele></trkpt>
      <trkpt lat="51.463798" lon="0.187168"><ele>10.25</ele></trkpt>
      <trkpt lat="51.46382" lon="0.187159"><ele>10.25</ele></trkpt>
      <trkpt lat="51.463938" lon="0.187157"><ele>10.75</ele></trkpt>
      <trkpt lat="51.463986" lon="0.187207"><ele>11.25</ele></trkpt>
      <trkpt lat="51.464036" lon="0.187268"><ele>11.75</ele></trkpt>
      <trkpt lat="51.464209" lon="0.187486"><ele>10.75</ele></trkpt>
      <trkpt lat="51.464296" lon="0.187629"><ele>11</ele></trkpt>
      <trkpt lat="51.464549" lon="0.188047"><ele>10</ele></trkpt>
      <trkpt lat="51.464615" lon="0.188158"><ele>10</ele></trkpt>
      <trkpt lat="51.464725" lon="0.188341"><ele>9.75</ele></trkpt>
      <trkpt lat="51.464949" lon="0.188722"><ele>9</ele></trkpt>
      <trkpt lat="51.465221" lon="0.189166"><ele>9</ele></trkpt>
      <trkpt lat="51.465544" lon="0.189718"><ele>8</ele></trkpt>
      <trkpt lat="51.465671" lon="0.189936"><ele>8</ele></trkpt>
      <trkpt lat="51.465846" lon="0.190188"><ele>7.75</ele></trkpt>
      <trkpt lat="51.466052" lon="0.190399"><ele>7</ele></trkpt>
      <trkpt lat="51.466122" lon="0.190455"><ele>7</ele></trkpt>
      <trkpt lat="51.466263" lon="0.190518"><ele>7</ele></trkpt>
      <trkpt lat="51.466447" lon="0.190517"><ele>7</ele></trkpt>
      <trkpt lat="51.46656" lon="0.190492"><ele>7</ele></trkpt>
      <trkpt lat="51.466753" lon="0.190397"><ele>7</ele></trkpt>
      <trkpt lat="51.467136" lon="0.190205"><ele>7</ele></trkpt>
      <trkpt lat="51.467221" lon="0.190197"><ele>7</ele></trkpt>
      <trkpt lat="51.467256" lon="0.190169"><ele>7</ele></trkpt>
      <trkpt lat="51.467292" lon="0.190354"><ele>7</ele></trkpt>
      <trkpt lat="51.467322" lon="0.190508"><ele>7</ele></trkpt>
      <trkpt lat="51.467329" lon="0.19054"><ele>7</ele></trkpt>
      <trkpt lat="51.467341" lon="0.190546"><ele>7</ele></trkpt>
      <trkpt lat="51.467574" lon="0.190327"><ele>7</ele></trkpt>
      <trkpt lat="51.467636" lon="0.190502"><ele>7</ele></trkpt>
      <trkpt lat="51.467658" lon="0.190639"><ele>7.25</ele></trkpt>
      <trkpt lat="51.46755" lon="0.190727"><ele>7</ele></trkpt>
      <trkpt lat="51.467568" lon="0.190784"><ele>7</ele></trkpt>
      <trkpt lat="51.467576" lon="0.190813"><ele>7</ele></trkpt>
      <trkpt lat="51.467612" lon="0.190922"><ele>7</ele></trkpt>
      <trkpt lat="51.467841" lon="0.190714"><ele>7.25</ele></trkpt>
      <trkpt lat="51.468012" lon="0.190566"><ele>7</ele></trkpt>
      <trkpt lat="51.468154" lon="0.19047"><ele>7</ele></trkpt>
      <trkpt lat="51.468307" lon="0.190414"><ele>7</ele></trkpt>
      <trkpt lat="51.46846" lon="0.190389"><ele>7</ele></trkpt>
      <trkpt lat="51.468708" lon="0.190395"><ele>6.75</ele></trkpt>
      <trkpt lat="51.469008" lon="0.1904"><ele>6.25</ele></trkpt>
      <trkpt lat="51.469205" lon="0.190424"><ele>5.75</ele></trkpt>
      <trkpt lat="51.469339" lon="0.190467"><ele>5.25</ele></trkpt>
      <trkpt lat="51.469438" lon="0.190499"><ele>5</ele></trkpt>
      <trkpt lat="51.469609" lon="0.190541"><ele>4.25</ele></trkpt>
      <trkpt lat="51.469851" lon="0.190599"><ele>4</ele></trkpt>
      <trkpt lat="51.470146" lon="0.190607"><ele>4</ele></trkpt>
      <trkpt lat="51.470243" lon="0.19059"><ele>4</ele></trkpt>
      <trkpt lat="51.470319" lon="0.19055"><ele>4</ele></trkpt>
      <trkpt lat="51.470375" lon="0.19047"><ele>4.25</ele></trkpt>
      <trkpt lat="51.470396" lon="0.190377"><ele>4.5</ele></trkpt>
      <trkpt lat="51.470438" lon="0.190412"><ele>4.5</ele></trkpt>
      <trkpt lat="51.470464" lon="0.190367"><ele>4.5</ele></trkpt>
      <trkpt lat="51.470497" lon="0.190332"><ele>4.75</ele></trkpt>
      <trkpt lat="51.470523" lon="0.190325"><ele>4.75</ele></trkpt>
      <trkpt lat="51.470574" lon="0.19034"><ele>4.5</ele></trkpt>
      <trkpt lat="51.470586" lon="0.190266"><ele>4.75</ele></trkpt>
      <trkpt lat="51.470596" lon="0.1902"><ele>4.5</ele></trkpt>
      <trkpt lat="51.470686" lon="0.190227"><ele>4.25</ele></trkpt>
      <trkpt lat="51.470887" lon="0.190265"><ele>4</ele></trkpt>
      <trkpt lat="51.471209" lon="0.190284"><ele>4</ele></trkpt>
      <trkpt lat="51.47127" lon="0.190286"><ele>4</ele></trkpt>
      <trkpt lat="51.47132" lon="0.190253"><ele>4</ele></trkpt>
      <trkpt lat="51.471556" lon="0.190264"><ele>4</ele></trkpt>
      <trkpt lat="51.471573" lon="0.19025"><ele>4</ele></trkpt>
      <trkpt lat="51.471593" lon="0.189473"><ele>4.75</ele></trkpt>
      <trkpt lat="51.471653" lon="0.189475"><ele>4.75</ele></trkpt>
      <trkpt lat="51.471657" lon="0.189161"><ele>5</ele></trkpt>
      <trkpt lat="51.471667" lon="0.188936"><ele>5</ele></trkpt>
      <trkpt lat="51.47168" lon="0.188583"><ele>5</ele></trkpt>
      <trkpt lat="51.471684" lon="0.188454"><ele>5</ele></trkpt>
      <trkpt lat="51.471691" lon="0.188237"><ele>5.25</ele></trkpt>
      <trkpt lat="51.471679" lon="0.187919"><ele>6</ele></trkpt>
      <trkpt lat="51.471649" lon="0.187621"><ele>6</ele></trkpt>
      <trkpt lat="51.471624" lon="0.187422"><ele>6.25</ele></trkpt>
      <trkpt lat="51.471608" lon="0.187246"><ele>6.75</ele></trkpt>
      <trkpt lat="51.471598" lon="0.187125"><ele>7</ele></trkpt>
      <trkpt lat="51.471606" lon="0.187036"><ele>7</ele></trkpt>
      <trkpt lat="51.471618" lon="0.186978"><ele>7</ele></trkpt>
      <trkpt lat="51.471635" lon="0.186934"><ele>7</ele></trkpt>
      <trkpt lat="51.471673" lon="0.186888"><ele>7</ele></trkpt>
      <trkpt lat="51.471725" lon="0.186843"><ele>7</ele></trkpt>
      <trkpt lat="51.471894" lon="0.186786"><ele>7.25</ele></trkpt>
      <trkpt lat="51.471918" lon="0.186785"><ele>7.5</ele></trkpt>
      <trkpt lat="51.471976" lon="0.186784"><ele>7.5</ele></trkpt>
      <trkpt lat="51.472033" lon="0.186764"><ele>7.75</ele></trkpt>
      <trkpt lat="51.472303" lon="0.18641"><ele>8.25</ele></trkpt>
      <trkpt lat="51.472481" lon="0.186179"><ele>8.75</ele></trkpt>
      <trkpt lat="51.472648" lon="0.186083"><ele>9</ele></trkpt>
      <trkpt lat="51.473181" lon="0.185766"><ele>8.5</ele></trkpt>
      <trkpt lat="51.473369" lon="0.18566"><ele>8</ele></trkpt>
      <trkpt lat="51.473608" lon="0.185522"><ele>8</ele></trkpt>
      <trkpt lat="51.47365" lon="0.185498"><ele>8.25</ele></trkpt>
      <trkpt lat="51.473621" lon="0.185367"><ele>8.5</ele></trkpt>
      <trkpt lat="51.473572" lon="0.185145"><ele>9</ele></trkpt>
      <trkpt lat="51.473525" lon="0.184964"><ele>9</ele></trkpt>
      <trkpt lat="51.473496" lon="0.184828"><ele>9.25</ele></trkpt>
      <trkpt lat="51.473617" lon="0.184759"><ele>9.75</ele></trkpt>
      <trkpt lat="51.473687" lon="0.184719"><ele>9.75</ele></trkpt>
      <trkpt lat="51.473698" lon="0.184713"><ele>9.75</ele></trkpt>
      <trkpt lat="51.473662" lon="0.184565"><ele>9.5</ele></trkpt>
      <trkpt lat="51.473935" lon="0.184477"><ele>9.5</ele></trkpt>
      <trkpt lat="51.474" lon="0.184423"><ele>8.5</ele></trkpt>
      <trkpt lat="51.474017" lon="0.184163"><ele>7.5</ele></trkpt>
      <trkpt lat="51.474025" lon="0.184064"><ele>8.5</ele></trkpt>
      <trkpt lat="51.474025" lon="0.184024"><ele>9</ele></trkpt>
      <trkpt lat="51.474035" lon="0.183832"><ele>10.25</ele></trkpt>
      <trkpt lat="51.474062" lon="0.183697"><ele>10</ele></trkpt>
      <trkpt lat="51.474089" lon="0.183634"><ele>10</ele></trkpt>
      <trkpt lat="51.474185" lon="0.183496"><ele>9.75</ele></trkpt>
      <trkpt lat="51.474705" lon="0.182905"><ele>9.75</ele></trkpt>
      <trkpt lat="51.474897" lon="0.182703"><ele>9.5</ele></trkpt>
      <trkpt lat="51.475054" lon="0.182568"><ele>9</ele></trkpt>
      <trkpt lat="51.475229" lon="0.182492"><ele>10.25</ele></trkpt>
      <trkpt lat="51.475403" lon="0.182437"><ele>10.5</ele></trkpt>
      <trkpt lat="51.475403" lon="0.182393"><ele>10.25</ele></trkpt>
      <trkpt lat="51.475468" lon="0.182368"><ele>10.5</ele></trkpt>
      <trkpt lat="51.475624" lon="0.18234"><ele>11</ele></trkpt>
      <trkpt lat="51.475776" lon="0.182327"><ele>11.25</ele></trkpt>
      <trkpt lat="51.476217" lon="0.182384"><ele>11.75</ele></trkpt>
      <trkpt lat="51.476253" lon="0.182419"><ele>11.75</ele></trkpt>
      <trkpt lat="51.476267" lon="0.182294"><ele>11.5</ele></trkpt>
      <trkpt lat="51.476273" lon="0.181915"><ele>12.5</ele></trkpt>
      <trkpt lat="51.47626" lon="0.181652"><ele>13.25</ele></trkpt>
      <trkpt lat="51.476257" lon="0.18158"><ele>12.5</ele></trkpt>
      <trkpt lat="51.476481" lon="0.181505"><ele>12.5</ele></trkpt>
      <trkpt lat="51.476706" lon="0.181389"><ele>11.75</ele></trkpt>
      <trkpt lat="51.476958" lon="0.181177"><ele>10.75</ele></trkpt>
      <trkpt lat="51.477131" lon="0.180988"><ele>10</ele></trkpt>
      <trkpt lat="51.477459" lon="0.180602"><ele>10.5</ele></trkpt>
      <trkpt lat="51.477619" lon="0.180432"><ele>10.75</ele></trkpt>
      <trkpt lat="51.478077" lon="0.179995"><ele>12</ele></trkpt>
      <trkpt lat="51.478052" lon="0.179934"><ele>11.75</ele></trkpt>
      <trkpt lat="51.478099" lon="0.179881"><ele>12</ele></trkpt>
      <trkpt lat="51.478068" lon="0.1798"><ele>12</ele></trkpt>
      <trkpt lat="51.47822" lon="0.179648"><ele>11.5</ele></trkpt>
      <trkpt lat="51.478387" lon="0.179472"><ele>11.75</ele></trkpt>
      <trkpt lat="51.478423" lon="0.179432"><ele>11.75</ele></trkpt>
      <trkpt lat="51.479024" lon="0.178801"><ele>12.25</ele></trkpt>
      <trkpt lat="51.47992" lon="0.177773"><ele>14</ele></trkpt>
      <trkpt lat="51.479943" lon="0.177749"><ele>14</ele></trkpt>
      <trkpt lat="51.480042" lon="0.177666"><ele>14.25</ele></trkpt>
      <trkpt lat="51.480205" lon="0.1776"><ele>14.5</ele></trkpt>
      <trkpt lat="51.480288" lon="0.177489"><ele>15</ele></trkpt>
      <trkpt lat="51.480321" lon="0.177411"><ele>15</ele></trkpt>
      <trkpt lat="51.480345" lon="0.177353"><ele>15</ele></trkpt>
      <trkpt lat="51.480349" lon="0.177255"><ele>15</ele></trkpt>
      <trkpt lat="51.480373" lon="0.177166"><ele>14.25</ele></trkpt>
      <trkpt lat="51.480414" lon="0.177094"><ele>14</ele></trkpt>
      <trkpt lat="51.480465" lon="0.177051"><ele>14</ele></trkpt>
      <trkpt lat="51.480522" lon="0.177036"><ele>14.5</ele></trkpt>
      <trkpt lat="51.480559" lon="0.177043"><ele>14.75</ele></trkpt>
      <trkpt lat="51.480595" lon="0.177062"><ele>14.75</ele></trkpt>
      <trkpt lat="51.481151" lon="0.176486"><ele>12</ele></trkpt>
      <trkpt lat="51.481257" lon="0.176362"><ele>9.75</ele></trkpt>
      <trkpt lat="51.481415" lon="0.176153"><ele>10.25</ele></trkpt>
      <trkpt lat="51.481659" lon="0.175774"><ele>10.5</ele></trkpt>
      <trkpt lat="51.481846" lon="0.175457"><ele>9.75</ele></trkpt>
      <trkpt lat="51.482284" lon="0.174693"><ele>8.75</ele></trkpt>
      <trkpt lat="51.482744" lon="0.173972"><ele>8.5</ele></trkpt>
      <trkpt lat="51.483225" lon="0.173319"><ele>8</ele></trkpt>
      <trkpt lat="51.484169" lon="0.172201"><ele>6.75</ele></trkpt>
      <trkpt lat="51.484305" lon="0.17204"><ele>6.25</ele></trkpt>
      <trkpt lat="51.485219" lon="0.170916"><ele>6</ele></trkpt>
      <trkpt lat="51.486197" lon="0.169766"><ele>4.75</ele></trkpt>
      <trkpt lat="51.487015" lon="0.168787"><ele>4.25</ele></trkpt>
      <trkpt lat="51.487998" lon="0.167767"><ele>3</ele></trkpt>
      <trkpt lat="51.48824" lon="0.167381"><ele>2.25</ele></trkpt>
      <trkpt lat="51.48885" lon="0.166645"><ele>3</ele></trkpt>
      <trkpt lat="51.489043" lon="0.166378"><ele>3.25</ele></trkpt>
      <trkpt lat="51.489398" lon="0.16581"><ele>6.25</ele></trkpt>
      <trkpt lat="51.489426" lon="0.165712"><ele>6.25</ele></trkpt>
      <trkpt lat="51.489464" lon="0.165656"><ele>6.25</ele></trkpt>
      <trkpt lat="51.489487" lon="0.165621"><ele>6</ele></trkpt>
      <trkpt lat="51.489579" lon="0.165498"><ele>5.75</ele></trkpt>
      <trkpt lat="51.489578" lon="0.165423"><ele>4.75</ele></trkpt>
      <trkpt lat="51.489573" lon="0.164909"><ele>2</ele></trkpt>
      <trkpt lat="51.489577" lon="0.164814"><ele>2</ele></trkpt>
      <trkpt lat="51.48958" lon="0.164749"><ele>2</ele></trkpt>
      <trkpt lat="51.489601" lon="0.164616"><ele>2.5</ele></trkpt>
      <trkpt lat="51.489929" lon="0.163613"><ele>3.25</ele></trkpt>
      <trkpt lat="51.489987" lon="0.1634"><ele>3</ele></trkpt>
      <trkpt lat="51.490021" lon="0.163205"><ele>2.75</ele></trkpt>
      <trkpt lat="51.49007" lon="0.162896"><ele>2.5</ele></trkpt>
      <trkpt lat="51.490147" lon="0.162477"><ele>2.25</ele></trkpt>
      <trkpt lat="51.490179" lon="0.16229"><ele>2.25</ele></trkpt>
      <trkpt lat="51.490301" lon="0.161498"><ele>2</ele></trkpt>
      <trkpt lat="51.490384" lon="0.160886"><ele>2</ele></trkpt>
      <trkpt lat="51.490412" lon="0.160498"><ele>2</ele></trkpt>
      <trkpt lat="51.490419" lon="0.160313"><ele>2.25</ele></trkpt>
      <trkpt lat="51.49042" lon="0.160096"><ele>2.25</ele></trkpt>
      <trkpt lat="51.490405" lon="0.159859"><ele>2</ele></trkpt>
      <trkpt lat="51.490375" lon="0.159618"><ele>1.5</ele></trkpt>
      <trkpt lat="51.490315" lon="0.159234"><ele>1.75</ele></trkpt>
      <trkpt lat="51.490312" lon="0.159209"><ele>1.75</ele></trkpt>
      <trkpt lat="51.490255" lon="0.158884"><ele>2</ele></trkpt>
      <trkpt lat="51.490175" lon="0.158319"><ele>3.5</ele></trkpt>
      <trkpt lat="51.490153" lon="0.158049"><ele>4.25</ele></trkpt>
      <trkpt lat="51.490149" lon="0.157802"><ele>4.25</ele></trkpt>
      <trkpt lat="51.490147" lon="0.157398"><ele>4.5</ele></trkpt>
      <trkpt lat="51.490138" lon="0.156648"><ele>4.5</ele></trkpt>
      <trkpt lat="51.490094" lon="0.156542"><ele>4.75</ele></trkpt>
      <trkpt lat="51.49009" lon="0.156354"><ele>5</ele></trkpt>
      <trkpt lat="51.490101" lon="0.156169"><ele>4.75</ele></trkpt>
      <trkpt lat="51.490128" lon="0.155973"><ele>5</ele></trkpt>
      <trkpt lat="51.490194" lon="0.155632"><ele>4.5</ele></trkpt>
      <trkpt lat="51.490187" lon="0.155561"><ele>4.75</ele></trkpt>
      <trkpt lat="51.490198" lon="0.155498"><ele>4.5</ele></trkpt>
      <trkpt lat="51.490224" lon="0.155443"><ele>4</ele></trkpt>
      <trkpt lat="51.490306" lon="0.154573"><ele>2.75</ele></trkpt>
      <trkpt lat="51.490347" lon="0.154146"><ele>2.5</ele></trkpt>
      <trkpt lat="51.490355" lon="0.154025"><ele>2.25</ele></trkpt>
      <trkpt lat="51.490418" lon="0.153687"><ele>3</ele></trkpt>
      <trkpt lat="51.490509" lon="0.153193"><ele>3.5</ele></trkpt>
      <trkpt lat="51.49062" lon="0.152701"><ele>2.75</ele></trkpt>
      <trkpt lat="51.490665" lon="0.152484"><ele>3</ele></trkpt>
      <trkpt lat="51.490722" lon="0.152223"><ele>3</ele></trkpt>
      <trkpt lat="51.490819" lon="0.151947"><ele>3</ele></trkpt>
      <trkpt lat="51.490904" lon="0.151736"><ele>2.5</ele></trkpt>
      <trkpt lat="51.491001" lon="0.151507"><ele>2.5</ele></trkpt>
      <trkpt lat="51.491042" lon="0.151391"><ele>2.25</ele></trkpt>
      <trkpt lat="51.491035" lon="0.151316"><ele>2.5</ele></trkpt>
      <trkpt lat="51.491063" lon="0.151238"><ele>2.25</ele></trkpt>
      <trkpt lat="51.491132" lon="0.151001"><ele>1.75</ele></trkpt>
      <trkpt lat="51.491192" lon="0.150718"><ele>2</ele></trkpt>
      <trkpt lat="51.491286" lon="0.149998"><ele>1.5</ele></trkpt>
      <trkpt lat="51.491316" lon="0.149744"><ele>1.25</ele></trkpt>
      <trkpt lat="51.491349" lon="0.149467"><ele>1.25</ele></trkpt>
      <trkpt lat="51.491373" lon="0.149172"><ele>1</ele></trkpt>
      <trkpt lat="51.491373" lon="0.149058"><ele>1.25</ele></trkpt>
      <trkpt lat="51.491352" lon="0.148701"><ele>2.75</ele></trkpt>
      <trkpt lat="51.491334" lon="0.148542"><ele>3</ele></trkpt>
      <trkpt lat="51.491352" lon="0.148473"><ele>3</ele></trkpt>
      <trkpt lat="51.491349" lon="0.148397"><ele>3</ele></trkpt>
      <trkpt lat="51.491344" lon="0.148336"><ele>3</ele></trkpt>
      <trkpt lat="51.491332" lon="0.148181"><ele>3.5</ele></trkpt>
      <trkpt lat="51.491304" lon="0.147683"><ele>3.75</ele></trkpt>
      <trkpt lat="51.491251" lon="0.146386"><ele>2.5</ele></trkpt>
      <trkpt lat="51.49122" lon="0.145722"><ele>3.5</ele></trkpt>
      <trkpt lat="51.491184" lon="0.144771"><ele>3.5</ele></trkpt>
      <trkpt lat="51.491185" lon="0.144574"><ele>3.5</ele></trkpt>
      <trkpt lat="51.491185" lon="0.144481"><ele>3.5</ele></trkpt>
      <trkpt lat="51.491191" lon="0.144286"><ele>3.5</ele></trkpt>
      <trkpt lat="51.491217" lon="0.143391"><ele>3.5</ele></trkpt>
      <trkpt lat="51.491207" lon="0.143189"><ele>3.5</ele></trkpt>
      <trkpt lat="51.491193" lon="0.143078"><ele>3.5</ele></trkpt>
      <trkpt lat="51.491124" lon="0.142614"><ele>2.75</ele></trkpt>
      <trkpt lat="51.490996" lon="0.141954"><ele>4</ele></trkpt>
      <trkpt lat="51.490761" lon="0.14092"><ele>3.75</ele></trkpt>
      <trkpt lat="51.490675" lon="0.140581"><ele>3.25</ele></trkpt>
      <trkpt lat="51.49063" lon="0.140422"><ele>3</ele></trkpt>
      <trkpt lat="51.490601" lon="0.140293"><ele>2.75</ele></trkpt>
      <trkpt lat="51.490593" lon="0.140255"><ele>2.75</ele></trkpt>
      <trkpt lat="51.490557" lon="0.13995"><ele>2.75</ele></trkpt>
      <trkpt lat="51.490532" lon="0.139703"><ele>3.5</ele></trkpt>
      <trkpt lat="51.49048" lon="0.139122"><ele>4.25</ele></trkpt>
      <trkpt lat="51.490435" lon="0.138569"><ele>4.5</ele></trkpt>
      <trkpt lat="51.490342" lon="0.137466"><ele>4.5</ele></trkpt>
      <trkpt lat="51.490331" lon="0.137301"><ele>4.5</ele></trkpt>
      <trkpt lat="51.490325" lon="0.137244"><ele>4.5</ele></trkpt>
      <trkpt lat="51.490303" lon="0.137002"><ele>4</ele></trkpt>
      <trkpt lat="51.490278" lon="0.136651"><ele>2.75</ele></trkpt>
      <trkpt lat="51.490268" lon="0.136328"><ele>3</ele></trkpt>
      <trkpt lat="51.490287" lon="0.135892"><ele>2.75</ele></trkpt>
      <trkpt lat="51.490342" lon="0.13531"><ele>4</ele></trkpt>
      <trkpt lat="51.490376" lon="0.135009"><ele>4.5</ele></trkpt>
      <trkpt lat="51.490403" lon="0.134775"><ele>4.5</ele></trkpt>
      <trkpt lat="51.490462" lon="0.134292"><ele>4</ele></trkpt>
      <trkpt lat="51.490517" lon="0.13377"><ele>3.25</ele></trkpt>
      <trkpt lat="51.490533" lon="0.133595"><ele>3</ele></trkpt>
      <trkpt lat="51.490535" lon="0.133366"><ele>3</ele></trkpt>
      <trkpt lat="51.490533" lon="0.133273"><ele>3.25</ele></trkpt>
      <trkpt lat="51.490527" lon="0.133117"><ele>3.25</ele></trkpt>
      <trkpt lat="51.490502" lon="0.13285"><ele>3.75</ele></trkpt>
      <trkpt lat="51.490425" lon="0.13205"><ele>2.75</ele></trkpt>
      <trkpt lat="51.490403" lon="0.131782"><ele>2.25</ele></trkpt>
      <trkpt lat="51.490256" lon="0.130095"><ele>3.25</ele></trkpt>
      <trkpt lat="51.490225" lon="0.129784"><ele>3.5</ele></trkpt>
      <trkpt lat="51.490271" lon="0.129773"><ele>3</ele></trkpt>
      <trkpt lat="51.490265" lon="0.129701"><ele>3</ele></trkpt>
      <trkpt lat="51.490269" lon="0.129675"><ele>3</ele></trkpt>
      <trkpt lat="51.490267" lon="0.129659"><ele>3</ele></trkpt>
      <trkpt lat="51.490259" lon="0.129575"><ele>3</ele></trkpt>
      <trkpt lat="51.490254" lon="0.129501"><ele>3</ele></trkpt>
      <trkpt lat="51.490186" lon="0.128706"><ele>2.5</ele></trkpt>
      <trkpt lat="51.490141" lon="0.128181"><ele>3.25</ele></trkpt>
      <trkpt lat="51.490127" lon="0.128036"><ele>3.5</ele></trkpt>
      <trkpt lat="51.49008" lon="0.127456"><ele>2.5</ele></trkpt>
      <trkpt lat="51.490086" lon="0.127317"><ele>2.25</ele></trkpt>
      <trkpt lat="51.490088" lon="0.127263"><ele>2.25</ele></trkpt>
      <trkpt lat="51.490043" lon="0.126709"><ele>2.5</ele></trkpt>
      <trkpt lat="51.490021" lon="0.126329"><ele>2.75</ele></trkpt>
      <trkpt lat="51.490012" lon="0.126181"><ele>2.75</ele></trkpt>
      <trkpt lat="51.490017" lon="0.126135"><ele>2.75</ele></trkpt>
      <trkpt lat="51.490043" lon="0.126079"><ele>2.5</ele></trkpt>
      <trkpt lat="51.490099" lon="0.126027"><ele>2.25</ele></trkpt>
      <trkpt lat="51.490121" lon="0.126017"><ele>2</ele></trkpt>
      <trkpt lat="51.490384" lon="0.125969"><ele>0.75</ele></trkpt>
      <trkpt lat="51.490381" lon="0.125927"><ele>1</ele></trkpt>
      <trkpt lat="51.490751" lon="0.125875"><ele>1</ele></trkpt>
      <trkpt lat="51.49078" lon="0.125874"><ele>1</ele></trkpt>
      <trkpt lat="51.490629" lon="0.123096"><ele>1</ele></trkpt>
      <trkpt lat="51.490629" lon="0.123084"><ele>1</ele></trkpt>
      <trkpt lat="51.490668" lon="0.123093"><ele>1</ele></trkpt>
      <trkpt lat="51.49067" lon="0.122959"><ele>1</ele></trkpt>
      <trkpt lat="51.490654" lon="0.122653"><ele>1</ele></trkpt>
      <trkpt lat="51.490666" lon="0.122575"><ele>1</ele></trkpt>
      <trkpt lat="51.490679" lon="0.122556"><ele>1</ele></trkpt>
      <trkpt lat="51.490725" lon="0.122496"><ele>1</ele></trkpt>
      <trkpt lat="51.490913" lon="0.122488"><ele>1.25</ele></trkpt>
      <trkpt lat="51.490914" lon="0.122442"><ele>1.25</ele></trkpt>
      <trkpt lat="51.490913" lon="0.122402"><ele>1.25</ele></trkpt>
      <trkpt lat="51.490905" lon="0.122368"><ele>1.25</ele></trkpt>
      <trkpt lat="51.4909" lon="0.122174"><ele>1</ele></trkpt>
      <trkpt lat="51.490896" lon="0.121821"><ele>1</ele></trkpt>
      <trkpt lat="51.490954" lon="0.121788"><ele>1</ele></trkpt>
      <trkpt lat="51.490958" lon="0.121775"><ele>1</ele></trkpt>
      <trkpt lat="51.490958" lon="0.121738"><ele>1</ele></trkpt>
      <trkpt lat="51.490966" lon="0.121605"><ele>1</ele></trkpt>
      <trkpt lat="51.490963" lon="0.121564"><ele>1</ele></trkpt>
      <trkpt lat="51.490999" lon="0.121537"><ele>1</ele></trkpt>
      <trkpt lat="51.491042" lon="0.121523"><ele>1</ele></trkpt>
      <trkpt lat="51.491079" lon="0.121405"><ele>1.25</ele></trkpt>
      <trkpt lat="51.491042" lon="0.121523"><ele>1</ele></trkpt>
      <trkpt lat="51.490999" lon="0.121537"><ele>1</ele></trkpt>
      <trkpt lat="51.490963" lon="0.121564"><ele>1</ele></trkpt>
      <trkpt lat="51.490947" lon="0.121541"><ele>1</ele></trkpt>
      <trkpt lat="51.49087" lon="0.121359"><ele>1</ele></trkpt>
      <trkpt lat="51.490834" lon="0.12135"><ele>1</ele></trkpt>
      <trkpt lat="51.490803" lon="0.121332"><ele>1</ele></trkpt>
      <trkpt lat="51.490786" lon="0.121291"><ele>1</ele></trkpt>
      <trkpt lat="51.490742" lon="0.121246"><ele>1</ele></trkpt>
      <trkpt lat="51.490661" lon="0.12125"><ele>1</ele></trkpt>
      <trkpt lat="51.490629" lon="0.121229"><ele>1</ele></trkpt>
      <trkpt lat="51.490572" lon="0.12123"><ele>1</ele></trkpt>
      <trkpt lat="51.49053" lon="0.121233"><ele>1</ele></trkpt>
      <trkpt lat="51.49049" lon="0.121234"><ele>1</ele></trkpt>
      <trkpt lat="51.490471" lon="0.121235"><ele>1</ele></trkpt>
      <trkpt lat="51.490457" lon="0.121238"><ele>1</ele></trkpt>
      <trkpt lat="51.490444" lon="0.12124"><ele>1</ele></trkpt>
      <trkpt lat="51.490323" lon="0.121257"><ele>1.25</ele></trkpt>
      <trkpt lat="51.489884" lon="0.121276"><ele>2.25</ele></trkpt>
      <trkpt lat="51.489863" lon="0.121267"><ele>2.25</ele></trkpt>
      <trkpt lat="51.489852" lon="0.121241"><ele>2.5</ele></trkpt>
      <trkpt lat="51.489837" lon="0.121031"><ele>2.5</ele></trkpt>
      <trkpt lat="51.489826" lon="0.120932"><ele>2.5</ele></trkpt>
      <trkpt lat="51.489824" lon="0.120911"><ele>2.5</ele></trkpt>
      <trkpt lat="51.489777" lon="0.120915"><ele>2.75</ele></trkpt>
      <trkpt lat="51.489762" lon="0.120742"><ele>2.75</ele></trkpt>
      <trkpt lat="51.489745" lon="0.120557"><ele>2.75</ele></trkpt>
      <trkpt lat="51.489702" lon="0.120057"><ele>3</ele></trkpt>
      <trkpt lat="51.489671" lon="0.119678"><ele>3</ele></trkpt>
      <trkpt lat="51.489668" lon="0.119646"><ele>3</ele></trkpt>
      <trkpt lat="51.489659" lon="0.119568"><ele>3</ele></trkpt>
      <trkpt lat="51.489631" lon="0.119255"><ele>3.25</ele></trkpt>
      <trkpt lat="51.48956" lon="0.118484"><ele>3.25</ele></trkpt>
      <trkpt lat="51.489535" lon="0.11817"><ele>3</ele></trkpt>
      <trkpt lat="51.489489" lon="0.11755"><ele>2.75</ele></trkpt>
      <trkpt lat="51.489462" lon="0.117236"><ele>2.75</ele></trkpt>
      <trkpt lat="51.489414" lon="0.11661"><ele>2.75</ele></trkpt>
      <trkpt lat="51.489389" lon="0.116296"><ele>2.25</ele></trkpt>
      <trkpt lat="51.489363" lon="0.115851"><ele>2.5</ele></trkpt>
      <trkpt lat="51.48935" lon="0.115668"><ele>3</ele></trkpt>
      <trkpt lat="51.489333" lon="0.115069"><ele>3.25</ele></trkpt>
      <trkpt lat="51.489317" lon="0.114718"><ele>3.25</ele></trkpt>
      <trkpt lat="51.489295" lon="0.114177"><ele>3.5</ele></trkpt>
      <trkpt lat="51.489281" lon="0.113822"><ele>3.5</ele></trkpt>
      <trkpt lat="51.489275" lon="0.11368"><ele>3.5</ele></trkpt>
      <trkpt lat="51.489245" lon="0.112793"><ele>3</ele></trkpt>
      <trkpt lat="51.48923" lon="0.112457"><ele>3</ele></trkpt>
      <trkpt lat="51.489225" lon="0.112341"><ele>3</ele></trkpt>
      <trkpt lat="51.489206" lon="0.111818"><ele>3</ele></trkpt>
      <trkpt lat="51.489195" lon="0.111466"><ele>3</ele></trkpt>
      <trkpt lat="51.489178" lon="0.110974"><ele>3</ele></trkpt>
      <trkpt lat="51.489171" lon="0.110824"><ele>3</ele></trkpt>
      <trkpt lat="51.489159" lon="0.110664"><ele>3</ele></trkpt>
      <trkpt lat="51.489125" lon="0.110206"><ele>3</ele></trkpt>
      <trkpt lat="51.489091" lon="0.109827"><ele>3.25</ele></trkpt>
      <trkpt lat="51.489069" lon="0.109523"><ele>3.5</ele></trkpt>
      <trkpt lat="51.489014" lon="0.108818"><ele>4</ele></trkpt>
      <trkpt lat="51.488988" lon="0.108482"><ele>4</ele></trkpt>
      <trkpt lat="51.488956" lon="0.108103"><ele>3.75</ele></trkpt>
      <trkpt lat="51.488953" lon="0.108059"><ele>3.75</ele></trkpt>
      <trkpt lat="51.488951" lon="0.108046"><ele>3.75</ele></trkpt>
      <trkpt lat="51.488945" lon="0.107981"><ele>3.75</ele></trkpt>
      <trkpt lat="51.488938" lon="0.107873"><ele>3.75</ele></trkpt>
      <trkpt lat="51.488937" lon="0.107824"><ele>3.75</ele></trkpt>
      <trkpt lat="51.488936" lon="0.107774"><ele>3.75</ele></trkpt>
      <trkpt lat="51.488932" lon="0.107738"><ele>3.75</ele></trkpt>
      <trkpt lat="51.48893" lon="0.107714"><ele>3.75</ele></trkpt>
      <trkpt lat="51.488925" lon="0.107666"><ele>3.75</ele></trkpt>
      <trkpt lat="51.488918" lon="0.107453"><ele>3.75</ele></trkpt>
      <trkpt lat="51.488902" lon="0.106977"><ele>3.75</ele></trkpt>
      <trkpt lat="51.48889" lon="0.106612"><ele>3.75</ele></trkpt>
      <trkpt lat="51.488878" lon="0.106232"><ele>4</ele></trkpt>
      <trkpt lat="51.48886" lon="0.105715"><ele>4</ele></trkpt>
      <trkpt lat="51.488835" lon="0.10501"><ele>3</ele></trkpt>
      <trkpt lat="51.48882" lon="0.104538"><ele>3</ele></trkpt>
      <trkpt lat="51.488795" lon="0.103826"><ele>2.25</ele></trkpt>
      <trkpt lat="51.488774" lon="0.103235"><ele>2</ele></trkpt>
      <trkpt lat="51.488719" lon="0.101621"><ele>2</ele></trkpt>
      <trkpt lat="51.488676" lon="0.099979"><ele>1.75</ele></trkpt>
      <trkpt lat="51.488642" lon="0.09874"><ele>2</ele></trkpt>
      <trkpt lat="51.488613" lon="0.097652"><ele>1.75</ele></trkpt>
      <trkpt lat="51.488603" lon="0.097229"><ele>2</ele></trkpt>
      <trkpt lat="51.488589" lon="0.096629"><ele>2</ele></trkpt>
      <trkpt lat="51.488619" lon="0.09637"><ele>2.75</ele></trkpt>
      <trkpt lat="51.488639" lon="0.096183"><ele>2.75</ele></trkpt>
      <trkpt lat="51.488734" lon="0.09531"><ele>2.75</ele></trkpt>
      <trkpt lat="51.488752" lon="0.095162"><ele>2.75</ele></trkpt>
      <trkpt lat="51.488836" lon="0.094486"><ele>2.75</ele></trkpt>
      <trkpt lat="51.488869" lon="0.094291"><ele>2.25</ele></trkpt>
      <trkpt lat="51.488974" lon="0.093693"><ele>2.25</ele></trkpt>
      <trkpt lat="51.488862" lon="0.093638"><ele>2.75</ele></trkpt>
      <trkpt lat="51.488828" lon="0.09362"><ele>2.75</ele></trkpt>
      <trkpt lat="51.488811" lon="0.093612"><ele>2.75</ele></trkpt>
      <trkpt lat="51.488793" lon="0.093604"><ele>3</ele></trkpt>
      <trkpt lat="51.488678" lon="0.093551"><ele>3</ele></trkpt>
      <trkpt lat="51.488758" lon="0.093068"><ele>3.25</ele></trkpt>
      <trkpt lat="51.488763" lon="0.09303"><ele>3.25</ele></trkpt>
      <trkpt lat="51.488816" lon="0.092704"><ele>3.25</ele></trkpt>
      <trkpt lat="51.488871" lon="0.092386"><ele>3</ele></trkpt>
      <trkpt lat="51.48892" lon="0.092087"><ele>3.25</ele></trkpt>
      <trkpt lat="51.48896" lon="0.091872"><ele>4</ele></trkpt>
      <trkpt lat="51.488945" lon="0.09178"><ele>4.25</ele></trkpt>
      <trkpt lat="51.488958" lon="0.091702"><ele>4.5</ele></trkpt>
      <trkpt lat="51.48902" lon="0.091317"><ele>3.5</ele></trkpt>
      <trkpt lat="51.488558" lon="0.091103"><ele>5.25</ele></trkpt>
      <trkpt lat="51.488722" lon="0.090242"><ele>4.5</ele></trkpt>
      <trkpt lat="51.488412" lon="0.090101"><ele>6.5</ele></trkpt>
      <trkpt lat="51.488264" lon="0.089999"><ele>7</ele></trkpt>
      <trkpt lat="51.48821" lon="0.089936"><ele>7</ele></trkpt>
      <trkpt lat="51.488166" lon="0.089881"><ele>7.25</ele></trkpt>
      <trkpt lat="51.488513" lon="0.089162"><ele>5.75</ele></trkpt>
      <trkpt lat="51.488538" lon="0.08911"><ele>5.75</ele></trkpt>
      <trkpt lat="51.488564" lon="0.089057"><ele>5.5</ele></trkpt>
      <trkpt lat="51.488652" lon="0.088875"><ele>4.75</ele></trkpt>
      <trkpt lat="51.488772" lon="0.088587"><ele>5</ele></trkpt>
      <trkpt lat="51.488821" lon="0.088404"><ele>5</ele></trkpt>
      <trkpt lat="51.488892" lon="0.088077"><ele>4</ele></trkpt>
      <trkpt lat="51.489012" lon="0.087464"><ele>4.5</ele></trkpt>
      <trkpt lat="51.489089" lon="0.087153"><ele>4.25</ele></trkpt>
      <trkpt lat="51.489105" lon="0.087091"><ele>4</ele></trkpt>
      <trkpt lat="51.489122" lon="0.08703"><ele>4</ele></trkpt>
      <trkpt lat="51.489172" lon="0.086856"><ele>3.75</ele></trkpt>
      <trkpt lat="51.489261" lon="0.086603"><ele>3.5</ele></trkpt>
      <trkpt lat="51.48927" lon="0.086576"><ele>3.5</ele></trkpt>
      <trkpt lat="51.489344" lon="0.086295"><ele>4.25</ele></trkpt>
      <trkpt lat="51.489349" lon="0.086145"><ele>4.75</ele></trkpt>
      <trkpt lat="51.489501" lon="0.085592"><ele>5.25</ele></trkpt>
      <trkpt lat="51.489564" lon="0.08541"><ele>5.5</ele></trkpt>
      <trkpt lat="51.489625" lon="0.085281"><ele>5.5</ele></trkpt>
      <trkpt lat="51.489655" lon="0.085225"><ele>5.5</ele></trkpt>
      <trkpt lat="51.489711" lon="0.085147"><ele>5</ele></trkpt>
      <trkpt lat="51.489738" lon="0.085115"><ele>4.75</ele></trkpt>
      <trkpt lat="51.489764" lon="0.085089"><ele>4.75</ele></trkpt>
      <trkpt lat="51.489853" lon="0.084985"><ele>4.5</ele></trkpt>
      <trkpt lat="51.489887" lon="0.08494"><ele>4.5</ele></trkpt>
      <trkpt lat="51.489924" lon="0.084784"><ele>5.75</ele></trkpt>
      <trkpt lat="51.490167" lon="0.084282"><ele>7.25</ele></trkpt>
      <trkpt lat="51.4904" lon="0.083154"><ele>7</ele></trkpt>
      <trkpt lat="51.490411" lon="0.083101"><ele>7</ele></trkpt>
      <trkpt lat="51.490418" lon="0.083065"><ele>7</ele></trkpt>
      <trkpt lat="51.490535" lon="0.0825"><ele>6.75</ele></trkpt>
      <trkpt lat="51.490545" lon="0.082456"><ele>6.75</ele></trkpt>
      <trkpt lat="51.490554" lon="0.082415"><ele>6.75</ele></trkpt>
      <trkpt lat="51.490572" lon="0.082309"><ele>7</ele></trkpt>
      <trkpt lat="51.490569" lon="0.082147"><ele>6.75</ele></trkpt>
      <trkpt lat="51.490751" lon="0.081268"><ele>6.25</ele></trkpt>
      <trkpt lat="51.490776" lon="0.081104"><ele>6</ele></trkpt>
      <trkpt lat="51.490807" lon="0.080834"><ele>6</ele></trkpt>
      <trkpt lat="51.490833" lon="0.080508"><ele>6</ele></trkpt>
      <trkpt lat="51.490856" lon="0.08019"><ele>6</ele></trkpt>
      <trkpt lat="51.490902" lon="0.079552"><ele>6</ele></trkpt>
      <trkpt lat="51.490911" lon="0.079468"><ele>6</ele></trkpt>
      <trkpt lat="51.490915" lon="0.079429"><ele>6</ele></trkpt>
      <trkpt lat="51.490957" lon="0.078665"><ele>7</ele></trkpt>
      <trkpt lat="51.490957" lon="0.078245"><ele>7</ele></trkpt>
      <trkpt lat="51.490945" lon="0.078194"><ele>7</ele></trkpt>
      <trkpt lat="51.490945" lon="0.078155"><ele>7</ele></trkpt>
      <trkpt lat="51.490945" lon="0.078116"><ele>7</ele></trkpt>
      <trkpt lat="51.490954" lon="0.078028"><ele>7</ele></trkpt>
      <trkpt lat="51.490951" lon="0.077965"><ele>7</ele></trkpt>
      <trkpt lat="51.490946" lon="0.077861"><ele>7</ele></trkpt>
      <trkpt lat="51.490944" lon="0.07781"><ele>7</ele></trkpt>
      <trkpt lat="51.490893" lon="0.077437"><ele>7</ele></trkpt>
      <trkpt lat="51.490874" lon="0.077162"><ele>7</ele></trkpt>
      <trkpt lat="51.490866" lon="0.077042"><ele>6.75</ele></trkpt>
      <trkpt lat="51.490855" lon="0.076876"><ele>7</ele></trkpt>
      <trkpt lat="51.490859" lon="0.076587"><ele>7</ele></trkpt>
      <trkpt lat="51.49079" lon="0.075941"><ele>7.5</ele></trkpt>
      <trkpt lat="51.49077" lon="0.07592"><ele>7.5</ele></trkpt>
      <trkpt lat="51.490763" lon="0.075846"><ele>7.5</ele></trkpt>
      <trkpt lat="51.490758" lon="0.075797"><ele>7.75</ele></trkpt>
      <trkpt lat="51.490784" lon="0.075759"><ele>7.75</ele></trkpt>
      <trkpt lat="51.490788" lon="0.075722"><ele>7.75</ele></trkpt>
      <trkpt lat="51.490697" lon="0.074912"><ele>8</ele></trkpt>
      <trkpt lat="51.490671" lon="0.074436"><ele>8.5</ele></trkpt>
      <trkpt lat="51.490678" lon="0.074017"><ele>9</ele></trkpt>
      <trkpt lat="51.490694" lon="0.073705"><ele>9.25</ele></trkpt>
      <trkpt lat="51.490757" lon="0.073156"><ele>9.25</ele></trkpt>
      <trkpt lat="51.490742" lon="0.073109"><ele>9.25</ele></trkpt>
      <trkpt lat="51.490724" lon="0.073086"><ele>9.25</ele></trkpt>
      <trkpt lat="51.490729" lon="0.073061"><ele>9.25</ele></trkpt>
      <trkpt lat="51.490747" lon="0.072984"><ele>9.5</ele></trkpt>
      <trkpt lat="51.49075" lon="0.072969"><ele>9.5</ele></trkpt>
      <trkpt lat="51.49078" lon="0.072969"><ele>9.5</ele></trkpt>
      <trkpt lat="51.490782" lon="0.072955"><ele>9.5</ele></trkpt>
      <trkpt lat="51.490783" lon="0.072943"><ele>9.5</ele></trkpt>
      <trkpt lat="51.49079" lon="0.072878"><ele>9.75</ele></trkpt>
      <trkpt lat="51.490791" lon="0.072864"><ele>9.75</ele></trkpt>
      <trkpt lat="51.490818" lon="0.072798"><ele>9.75</ele></trkpt>
      <trkpt lat="51.49083" lon="0.072735"><ele>10</ele></trkpt>
      <trkpt lat="51.490927" lon="0.072029"><ele>9.5</ele></trkpt>
      <trkpt lat="51.490932" lon="0.071955"><ele>9.5</ele></trkpt>
      <trkpt lat="51.490936" lon="0.071898"><ele>9.5</ele></trkpt>
      <trkpt lat="51.491142" lon="0.070523"><ele>9</ele></trkpt>
      <trkpt lat="51.491172" lon="0.070174"><ele>9</ele></trkpt>
      <trkpt lat="51.491169" lon="0.070093"><ele>9</ele></trkpt>
      <trkpt lat="51.491159" lon="0.070032"><ele>9</ele></trkpt>
      <trkpt lat="51.491108" lon="0.069988"><ele>9</ele></trkpt>
      <trkpt lat="51.490834" lon="0.069798"><ele>9</ele></trkpt>
      <trkpt lat="51.49076" lon="0.069786"><ele>9</ele></trkpt>
      <trkpt lat="51.490556" lon="0.069622"><ele>9.25</ele></trkpt>
      <trkpt lat="51.490544" lon="0.069608"><ele>9.25</ele></trkpt>
      <trkpt lat="51.490522" lon="0.069584"><ele>9.5</ele></trkpt>
      <trkpt lat="51.4905" lon="0.069558"><ele>9.5</ele></trkpt>
      <trkpt lat="51.490488" lon="0.069546"><ele>9.5</ele></trkpt>
      <trkpt lat="51.49045" lon="0.069469"><ele>9.75</ele></trkpt>
      <trkpt lat="51.490406" lon="0.069394"><ele>10</ele></trkpt>
      <trkpt lat="51.490289" lon="0.069196"><ele>10</ele></trkpt>
      <trkpt lat="51.49017" lon="0.068999"><ele>9.5</ele></trkpt>
      <trkpt lat="51.490065" lon="0.068809"><ele>10</ele></trkpt>
      <trkpt lat="51.490132" lon="0.068689"><ele>10.25</ele></trkpt>
      <trkpt lat="51.490139" lon="0.068677"><ele>10.25</ele></trkpt>
      <trkpt lat="51.49014" lon="0.06861"><ele>10.5</ele></trkpt>
      <trkpt lat="51.490144" lon="0.068565"><ele>10.5</ele></trkpt>
      <trkpt lat="51.490223" lon="0.068391"><ele>11.5</ele></trkpt>
      <trkpt lat="51.490154" lon="0.068149"><ele>12.5</ele></trkpt>
      <trkpt lat="51.490117" lon="0.067863"><ele>13.5</ele></trkpt>
      <trkpt lat="51.490093" lon="0.067689"><ele>14</ele></trkpt>
      <trkpt lat="51.490061" lon="0.067445"><ele>14</ele></trkpt>
      <trkpt lat="51.490127" lon="0.067119"><ele>14.5</ele></trkpt>
      <trkpt lat="51.490098" lon="0.067099"><ele>14.75</ele></trkpt>
      <trkpt lat="51.490089" lon="0.067075"><ele>14.75</ele></trkpt>
      <trkpt lat="51.490065" lon="0.067011"><ele>14.75</ele></trkpt>
      <trkpt lat="51.490044" lon="0.066957"><ele>14.75</ele></trkpt>
      <trkpt lat="51.490035" lon="0.066934"><ele>15</ele></trkpt>
      <trkpt lat="51.490045" lon="0.066905"><ele>14.75</ele></trkpt>
      <trkpt lat="51.490046" lon="0.066861"><ele>15</ele></trkpt>
      <trkpt lat="51.490026" lon="0.066801"><ele>15</ele></trkpt>
      <trkpt lat="51.489831" lon="0.066298"><ele>14.75</ele></trkpt>
      <trkpt lat="51.489804" lon="0.066229"><ele>14.75</ele></trkpt>
      <trkpt lat="51.489727" lon="0.066029"><ele>14.75</ele></trkpt>
      <trkpt lat="51.489715" lon="0.065997"><ele>15</ele></trkpt>
      <trkpt lat="51.489702" lon="0.065965"><ele>15</ele></trkpt>
      <trkpt lat="51.489293" lon="0.06498"><ele>19</ele></trkpt>
      <trkpt lat="51.489318" lon="0.064953"><ele>18.75</ele></trkpt>
      <trkpt lat="51.489343" lon="0.064926"><ele>18.5</ele></trkpt>
      <trkpt lat="51.489216" lon="0.064623"><ele>19</ele></trkpt>
      <trkpt lat="51.489149" lon="0.064469"><ele>19.75</ele></trkpt>
      <trkpt lat="51.488739" lon="0.063506"><ele>24.75</ele></trkpt>
      <trkpt lat="51.488662" lon="0.063417"><ele>25.5</ele></trkpt>
      <trkpt lat="51.488555" lon="0.063175"><ele>26.75</ele></trkpt>
      <trkpt lat="51.48853" lon="0.063118"><ele>27</ele></trkpt>
      <trkpt lat="51.488447" lon="0.062916"><ele>28</ele></trkpt>
      <trkpt lat="51.488401" lon="0.062802"><ele>28.5</ele></trkpt>
      <trkpt lat="51.488333" lon="0.062633"><ele>29.5</ele></trkpt>
      <trkpt lat="51.48825" lon="0.062319"><ele>32</ele></trkpt>
      <trkpt lat="51.488138" lon="0.062041"><ele>33.25</ele></trkpt>
      <trkpt lat="51.488082" lon="0.061902"><ele>33.75</ele></trkpt>
      <trkpt lat="51.487741" lon="0.061022"><ele>36</ele></trkpt>
      <trkpt lat="51.487719" lon="0.060958"><ele>36</ele></trkpt>
      <trkpt lat="51.48771" lon="0.06089"><ele>36</ele></trkpt>
      <trkpt lat="51.487628" lon="0.059921"><ele>35.75</ele></trkpt>
      <trkpt lat="51.487469" lon="0.058083"><ele>35.75</ele></trkpt>
      <trkpt lat="51.487449" lon="0.057856"><ele>36</ele></trkpt>
      <trkpt lat="51.487362" lon="0.056808"><ele>37</ele></trkpt>
      <trkpt lat="51.487356" lon="0.056733"><ele>37</ele></trkpt>
      <trkpt lat="51.48735" lon="0.056665"><ele>37</ele></trkpt>
      <trkpt lat="51.487327" lon="0.056465"><ele>37</ele></trkpt>
      <trkpt lat="51.487308" lon="0.056311"><ele>36.75</ele></trkpt>
      <trkpt lat="51.487298" lon="0.056229"><ele>36.5</ele></trkpt>
      <trkpt lat="51.487289" lon="0.056158"><ele>36.25</ele></trkpt>
      <trkpt lat="51.487234" lon="0.05561"><ele>35</ele></trkpt>
      <trkpt lat="51.487142" lon="0.054533"><ele>30.75</ele></trkpt>
      <trkpt lat="51.487094" lon="0.054037"><ele>29</ele></trkpt>
      <trkpt lat="51.487074" lon="0.053896"><ele>28.5</ele></trkpt>
      <trkpt lat="51.487047" lon="0.053776"><ele>28</ele></trkpt>
      <trkpt lat="51.487007" lon="0.05365"><ele>27.75</ele></trkpt>
      <trkpt lat="51.486866" lon="0.053318"><ele>26.75</ele></trkpt>
      <trkpt lat="51.486743" lon="0.053038"><ele>24.5</ele></trkpt>
      <trkpt lat="51.486665" lon="0.052861"><ele>23.5</ele></trkpt>
      <trkpt lat="51.486489" lon="0.052463"><ele>22.25</ele></trkpt>
      <trkpt lat="51.48641" lon="0.052287"><ele>22.75</ele></trkpt>
      <trkpt lat="51.486104" lon="0.051596"><ele>25</ele></trkpt>
      <trkpt lat="51.486036" lon="0.051442"><ele>25.75</ele></trkpt>
      <trkpt lat="51.485723" lon="0.050726"><ele>29.75</ele></trkpt>
      <trkpt lat="51.485687" lon="0.050645"><ele>30</ele></trkpt>
      <trkpt lat="51.485511" lon="0.050237"><ele>31.25</ele></trkpt>
      <trkpt lat="51.485411" lon="0.050016"><ele>32.25</ele></trkpt>
      <trkpt lat="51.485295" lon="0.049751"><ele>33.75</ele></trkpt>
      <trkpt lat="51.485121" lon="0.049354"><ele>36.25</ele></trkpt>
      <trkpt lat="51.485055" lon="0.049234"><ele>36.75</ele></trkpt>
      <trkpt lat="51.484975" lon="0.04911"><ele>37.25</ele></trkpt>
      <trkpt lat="51.48478" lon="0.04884"><ele>38.75</ele></trkpt>
      <trkpt lat="51.48444" lon="0.048422"><ele>40.5</ele></trkpt>
      <trkpt lat="51.484125" lon="0.048062"><ele>41</ele></trkpt>
      <trkpt lat="51.484173" lon="0.047957"><ele>41</ele></trkpt>
      <trkpt lat="51.48433" lon="0.047613"><ele>41</ele></trkpt>
      <trkpt lat="51.48439" lon="0.047498"><ele>41</ele></trkpt>
      <trkpt lat="51.484458" lon="0.047416"><ele>40.75</ele></trkpt>
      <trkpt lat="51.484564" lon="0.04731"><ele>40.5</ele></trkpt>
      <trkpt lat="51.484697" lon="0.047196"><ele>40</ele></trkpt>
      <trkpt lat="51.484871" lon="0.047068"><ele>39.5</ele></trkpt>
      <trkpt lat="51.485446" lon="0.046679"><ele>37.25</ele></trkpt>
      <trkpt lat="51.485727" lon="0.046485"><ele>35.5</ele></trkpt>
      <trkpt lat="51.485554" lon="0.0458"><ele>36</ele></trkpt>
      <trkpt lat="51.485692" lon="0.045699"><ele>35.25</ele></trkpt>
      <trkpt lat="51.485898" lon="0.045493"><ele>32.5</ele></trkpt>
      <trkpt lat="51.486115" lon="0.045229"><ele>29.5</ele></trkpt>
      <trkpt lat="51.486223" lon="0.044996"><ele>28</ele></trkpt>
      <trkpt lat="51.486267" lon="0.044767"><ele>27.25</ele></trkpt>
      <trkpt lat="51.486327" lon="0.044121"><ele>23.5</ele></trkpt>
      <trkpt lat="51.486354" lon="0.043926"><ele>22</ele></trkpt>
      <trkpt lat="51.486377" lon="0.043833"><ele>21.25</ele></trkpt>
      <trkpt lat="51.486415" lon="0.043745"><ele>20.5</ele></trkpt>
      <trkpt lat="51.486486" lon="0.043604"><ele>19.5</ele></trkpt>
      <trkpt lat="51.486858" lon="0.042974"><ele>15.25</ele></trkpt>
      <trkpt lat="51.486854" lon="0.042737"><ele>14.75</ele></trkpt>
      <trkpt lat="51.486821" lon="0.042599"><ele>14.75</ele></trkpt>
      <trkpt lat="51.48676" lon="0.042466"><ele>15</ele></trkpt>
      <trkpt lat="51.48679" lon="0.042408"><ele>14.75</ele></trkpt>
      <trkpt lat="51.486708" lon="0.04229"><ele>14.75</ele></trkpt>
      <trkpt lat="51.486717" lon="0.042274"><ele>14.75</ele></trkpt>
      <trkpt lat="51.486736" lon="0.04224"><ele>14.5</ele></trkpt>
      <trkpt lat="51.486757" lon="0.042202"><ele>14.25</ele></trkpt>
      <trkpt lat="51.486771" lon="0.042177"><ele>14</ele></trkpt>
      <trkpt lat="51.486796" lon="0.042192"><ele>14</ele></trkpt>
      <trkpt lat="51.486958" lon="0.04198"><ele>12.75</ele></trkpt>
      <trkpt lat="51.487227" lon="0.041651"><ele>12</ele></trkpt>
      <trkpt lat="51.487652" lon="0.04106"><ele>9.75</ele></trkpt>
      <trkpt lat="51.487661" lon="0.04103"><ele>9.75</ele></trkpt>
      <trkpt lat="51.487657" lon="0.040998"><ele>9.75</ele></trkpt>
      <trkpt lat="51.487251" lon="0.040062"><ele>14.75</ele></trkpt>
      <trkpt lat="51.487212" lon="0.039964"><ele>15</ele></trkpt>
      <trkpt lat="51.487199" lon="0.039957"><ele>15.25</ele></trkpt>
      <trkpt lat="51.487186" lon="0.039945"><ele>15.5</ele></trkpt>
      <trkpt lat="51.487166" lon="0.039946"><ele>16</ele></trkpt>
      <trkpt lat="51.487158" lon="0.039861"><ele>15.75</ele></trkpt>
      <trkpt lat="51.487128" lon="0.03966"><ele>14.75</ele></trkpt>
      <trkpt lat="51.487113" lon="0.039478"><ele>13.75</ele></trkpt>
      <trkpt lat="51.487117" lon="0.039311"><ele>12.5</ele></trkpt>
      <trkpt lat="51.487141" lon="0.039123"><ele>11.25</ele></trkpt>
      <trkpt lat="51.487162" lon="0.039018"><ele>10.75</ele></trkpt>
      <trkpt lat="51.487174" lon="0.038959"><ele>10.5</ele></trkpt>
      <trkpt lat="51.487149" lon="0.038944"><ele>10.5</ele></trkpt>
      <trkpt lat="51.487122" lon="0.038928"><ele>10.75</ele></trkpt>
      <trkpt lat="51.487147" lon="0.038822"><ele>10.5</ele></trkpt>
      <trkpt lat="51.487267" lon="0.038317"><ele>8.75</ele></trkpt>
      <trkpt lat="51.487304" lon="0.037829"><ele>7</ele></trkpt>
      <trkpt lat="51.487317" lon="0.037664"><ele>6.5</ele></trkpt>
      <trkpt lat="51.487405" lon="0.036621"><ele>4.5</ele></trkpt>
      <trkpt lat="51.487441" lon="0.036144"><ele>3.75</ele></trkpt>
      <trkpt lat="51.48745" lon="0.036034"><ele>3.75</ele></trkpt>
      <trkpt lat="51.487461" lon="0.0359"><ele>3.75</ele></trkpt>
      <trkpt lat="51.487464" lon="0.03577"><ele>4</ele></trkpt>
      <trkpt lat="51.487461" lon="0.035639"><ele>4</ele></trkpt>
      <trkpt lat="51.487444" lon="0.035505"><ele>4</ele></trkpt>
      <trkpt lat="51.487414" lon="0.03537"><ele>4</ele></trkpt>
      <trkpt lat="51.487135" lon="0.03432"><ele>4</ele></trkpt>
      <trkpt lat="51.487007" lon="0.033911"><ele>4.5</ele></trkpt>
      <trkpt lat="51.486971" lon="0.033789"><ele>5</ele></trkpt>
      <trkpt lat="51.486955" lon="0.033753"><ele>5</ele></trkpt>
      <trkpt lat="51.486935" lon="0.033735"><ele>5</ele></trkpt>
      <trkpt lat="51.48691" lon="0.033729"><ele>5</ele></trkpt>
      <trkpt lat="51.486884" lon="0.03374"><ele>5.25</ele></trkpt>
      <trkpt lat="51.486796" lon="0.033808"><ele>5.5</ele></trkpt>
      <trkpt lat="51.486775" lon="0.033715"><ele>5.75</ele></trkpt>
      <trkpt lat="51.486479" lon="0.032442"><ele>11.25</ele></trkpt>
      <trkpt lat="51.48645" lon="0.032319"><ele>11.5</ele></trkpt>
      <trkpt lat="51.486498" lon="0.03229"><ele>11.5</ele></trkpt>
      <trkpt lat="51.486487" lon="0.032217"><ele>11.5</ele></trkpt>
      <trkpt lat="51.486522" lon="0.032201"><ele>11.25</ele></trkpt>
      <trkpt lat="51.486537" lon="0.03219"><ele>11.25</ele></trkpt>
      <trkpt lat="51.48644" lon="0.031561"><ele>9.25</ele></trkpt>
      <trkpt lat="51.48644" lon="0.031561"><ele>9.25</ele></trkpt>
      <trkpt lat="51.486174" lon="0.029739"><ele>6.75</ele></trkpt>
      <trkpt lat="51.485586" lon="0.027452"><ele>12.75</ele></trkpt>
      <trkpt lat="51.485571" lon="0.027421"><ele>13</ele></trkpt>
      <trkpt lat="51.485551" lon="0.027405"><ele>13.25</ele></trkpt>
      <trkpt lat="51.485528" lon="0.027402"><ele>13.25</ele></trkpt>
      <trkpt lat="51.485506" lon="0.027414"><ele>13.25</ele></trkpt>
      <trkpt lat="51.485329" lon="0.026795"><ele>14.5</ele></trkpt>
      <trkpt lat="51.485255" lon="0.026693"><ele>15</ele></trkpt>
      <trkpt lat="51.485233" lon="0.02664"><ele>15</ele></trkpt>
      <trkpt lat="51.485259" lon="0.026594"><ele>15</ele></trkpt>
      <trkpt lat="51.485254" lon="0.026573"><ele>15</ele></trkpt>
      <trkpt lat="51.485231" lon="0.026587"><ele>15</ele></trkpt>
      <trkpt lat="51.485211" lon="0.026588"><ele>15</ele></trkpt>
      <trkpt lat="51.485195" lon="0.026578"><ele>15</ele></trkpt>
      <trkpt lat="51.48518" lon="0.026558"><ele>15</ele></trkpt>
      <trkpt lat="51.485127" lon="0.026441"><ele>15.25</ele></trkpt>
      <trkpt lat="51.48504" lon="0.026338"><ele>15.75</ele></trkpt>
      <trkpt lat="51.485021" lon="0.026297"><ele>15.75</ele></trkpt>
      <trkpt lat="51.484971" lon="0.026114"><ele>16</ele></trkpt>
      <trkpt lat="51.484972" lon="0.02606"><ele>16</ele></trkpt>
      <trkpt lat="51.484988" lon="0.026022"><ele>16</ele></trkpt>
      <trkpt lat="51.485156" lon="0.025918"><ele>12.5</ele></trkpt>
      <trkpt lat="51.48518" lon="0.025892"><ele>12.25</ele></trkpt>
      <trkpt lat="51.485273" lon="0.025804"><ele>11.75</ele></trkpt>
      <trkpt lat="51.485394" lon="0.025734"><ele>11.25</ele></trkpt>
      <trkpt lat="51.485415" lon="0.025729"><ele>11.25</ele></trkpt>
      <trkpt lat="51.485483" lon="0.025693"><ele>11.25</ele></trkpt>
      <trkpt lat="51.485467" lon="0.025634"><ele>11.5</ele></trkpt>
      <trkpt lat="51.485542" lon="0.025586"><ele>11.75</ele></trkpt>
      <trkpt lat="51.485665" lon="0.025506"><ele>11</ele></trkpt>
      <trkpt lat="51.485672" lon="0.025502"><ele>11</ele></trkpt>
      <trkpt lat="51.485679" lon="0.025497"><ele>11</ele></trkpt>
      <trkpt lat="51.485681" lon="0.025496"><ele>11</ele></trkpt>
      <trkpt lat="51.485763" lon="0.02544"><ele>10.5</ele></trkpt>
      <trkpt lat="51.485968" lon="0.025309"><ele>9.5</ele></trkpt>
      <trkpt lat="51.485951" lon="0.025239"><ele>9.5</ele></trkpt>
      <trkpt lat="51.485861" lon="0.024852"><ele>9.75</ele></trkpt>
      <trkpt lat="51.485838" lon="0.024757"><ele>9.75</ele></trkpt>
      <trkpt lat="51.485773" lon="0.024769"><ele>10</ele></trkpt>
      <trkpt lat="51.485747" lon="0.024658"><ele>10.25</ele></trkpt>
      <trkpt lat="51.485559" lon="0.024774"><ele>10.75</ele></trkpt>
      <trkpt lat="51.485486" lon="0.024818"><ele>11.25</ele></trkpt>
      <trkpt lat="51.485415" lon="0.024472"><ele>11.5</ele></trkpt>
      <trkpt lat="51.485411" lon="0.024365"><ele>11.5</ele></trkpt>
      <trkpt lat="51.485376" lon="0.024249"><ele>11.5</ele></trkpt>
      <trkpt lat="51.48533" lon="0.023947"><ele>11.75</ele></trkpt>
      <trkpt lat="51.485364" lon="0.023932"><ele>11.5</ele></trkpt>
      <trkpt lat="51.485386" lon="0.023893"><ele>11.5</ele></trkpt>
      <trkpt lat="51.485399" lon="0.023846"><ele>11.25</ele></trkpt>
      <trkpt lat="51.485504" lon="0.023808"><ele>10.75</ele></trkpt>
      <trkpt lat="51.485523" lon="0.023802"><ele>10.75</ele></trkpt>
      <trkpt lat="51.485595" lon="0.023777"><ele>10.25</ele></trkpt>
      <trkpt lat="51.48561" lon="0.023771"><ele>10</ele></trkpt>
      <trkpt lat="51.485623" lon="0.023622"><ele>9.5</ele></trkpt>
      <trkpt lat="51.485633" lon="0.023619"><ele>9.25</ele></trkpt>
      <trkpt lat="51.485647" lon="0.023614"><ele>9.25</ele></trkpt>
      <trkpt lat="51.485667" lon="0.023607"><ele>9</ele></trkpt>
      <trkpt lat="51.485762" lon="0.023574"><ele>8.5</ele></trkpt>
      <trkpt lat="51.485772" lon="0.023541"><ele>8.25</ele></trkpt>
      <trkpt lat="51.48564" lon="0.020616"><ele>7.75</ele></trkpt>
      <trkpt lat="51.485639" lon="0.020601"><ele>7.75</ele></trkpt>
      <trkpt lat="51.485627" lon="0.020582"><ele>7.75</ele></trkpt>
      <trkpt lat="51.485627" lon="0.020566"><ele>7.75</ele></trkpt>
      <trkpt lat="51.485624" lon="0.020511"><ele>7.5</ele></trkpt>
      <trkpt lat="51.485622" lon="0.020456"><ele>7.5</ele></trkpt>
      <trkpt lat="51.485621" lon="0.020436"><ele>7.5</ele></trkpt>
      <trkpt lat="51.485679" lon="0.020428"><ele>7.25</ele></trkpt>
      <trkpt lat="51.485677" lon="0.020376"><ele>7.25</ele></trkpt>
      <trkpt lat="51.485672" lon="0.02026"><ele>7</ele></trkpt>
      <trkpt lat="51.485662" lon="0.019977"><ele>6.25</ele></trkpt>
      <trkpt lat="51.485668" lon="0.019907"><ele>6.75</ele></trkpt>
      <trkpt lat="51.485662" lon="0.019817"><ele>7.25</ele></trkpt>
      <trkpt lat="51.48566" lon="0.019791"><ele>7.5</ele></trkpt>
      <trkpt lat="51.485666" lon="0.01979"><ele>7.5</ele></trkpt>
      <trkpt lat="51.485672" lon="0.019789"><ele>7.5</ele></trkpt>
      <trkpt lat="51.485668" lon="0.019743"><ele>7.75</ele></trkpt>
      <trkpt lat="51.485664" lon="0.019694"><ele>7.5</ele></trkpt>
      <trkpt lat="51.485663" lon="0.019686"><ele>7.5</ele></trkpt>
      <trkpt lat="51.485652" lon="0.019688"><ele>7.5</ele></trkpt>
      <trkpt lat="51.485652" lon="0.019678"><ele>7.25</ele></trkpt>
      <trkpt lat="51.485649" lon="0.019647"><ele>7</ele></trkpt>
      <trkpt lat="51.485646" lon="0.019611"><ele>7</ele></trkpt>
      <trkpt lat="51.485199" lon="0.019692"><ele>8.5</ele></trkpt>
      <trkpt lat="51.484499" lon="0.019084"><ele>11.25</ele></trkpt>
      <trkpt lat="51.484447" lon="0.019079"><ele>11.25</ele></trkpt>
      <trkpt lat="51.484365" lon="0.018121"><ele>12</ele></trkpt>
      <trkpt lat="51.484324" lon="0.018112"><ele>12.5</ele></trkpt>
      <trkpt lat="51.484274" lon="0.018101"><ele>12.75</ele></trkpt>
      <trkpt lat="51.484268" lon="0.018103"><ele>13</ele></trkpt>
      <trkpt lat="51.484267" lon="0.018087"><ele>12.75</ele></trkpt>
      <trkpt lat="51.484253" lon="0.017946"><ele>12.75</ele></trkpt>
      <trkpt lat="51.484107" lon="0.017983"><ele>13.5</ele></trkpt>
      <trkpt lat="51.484078" lon="0.017862"><ele>13.75</ele></trkpt>
      <trkpt lat="51.484061" lon="0.01771"><ele>14</ele></trkpt>
      <trkpt lat="51.484045" lon="0.017675"><ele>14.25</ele></trkpt>
      <trkpt lat="51.483909" lon="0.017508"><ele>15.75</ele></trkpt>
      <trkpt lat="51.483602" lon="0.017166"><ele>18.25</ele></trkpt>
      <trkpt lat="51.483567" lon="0.017129"><ele>18.75</ele></trkpt>
      <trkpt lat="51.483454" lon="0.016132"><ele>25.75</ele></trkpt>
      <trkpt lat="51.483456" lon="0.01611"><ele>26</ele></trkpt>
      <trkpt lat="51.48345" lon="0.016094"><ele>26</ele></trkpt>
      <trkpt lat="51.483444" lon="0.016039"><ele>26.25</ele></trkpt>
      <trkpt lat="51.483437" lon="0.015974"><ele>26.5</ele></trkpt>
      <trkpt lat="51.483438" lon="0.015955"><ele>26.75</ele></trkpt>
      <trkpt lat="51.483387" lon="0.01552"><ele>29.25</ele></trkpt>
      <trkpt lat="51.483376" lon="0.015366"><ele>29.5</ele></trkpt>
      <trkpt lat="51.483349" lon="0.014743"><ele>30.5</ele></trkpt>
      <trkpt lat="51.483324" lon="0.014517"><ele>30.25</ele></trkpt>
      <trkpt lat="51.483161" lon="0.013747"><ele>29</ele></trkpt>
      <trkpt lat="51.483143" lon="0.013661"><ele>28.75</ele></trkpt>
      <trkpt lat="51.482851" lon="0.012251"><ele>30.25</ele></trkpt>
      <trkpt lat="51.482824" lon="0.01208"><ele>30</ele></trkpt>
      <trkpt lat="51.482775" lon="0.011623"><ele>28.5</ele></trkpt>
      <trkpt lat="51.482763" lon="0.011252"><ele>26</ele></trkpt>
      <trkpt lat="51.482761" lon="0.011159"><ele>25.25</ele></trkpt>
      <trkpt lat="51.482767" lon="0.011138"><ele>25</ele></trkpt>
      <trkpt lat="51.482813" lon="0.011122"><ele>24.75</ele></trkpt>
      <trkpt lat="51.482812" lon="0.011048"><ele>24</ele></trkpt>
      <trkpt lat="51.482811" lon="0.010978"><ele>23.5</ele></trkpt>
      <trkpt lat="51.483035" lon="0.010912"><ele>19.5</ele></trkpt>
      <trkpt lat="51.483045" lon="0.010905"><ele>19.25</ele></trkpt>
      <trkpt lat="51.483051" lon="0.010859"><ele>18.5</ele></trkpt>
      <trkpt lat="51.482869" lon="0.009157"><ele>21</ele></trkpt>
      <trkpt lat="51.482869" lon="0.009101"><ele>21</ele></trkpt>
      <trkpt lat="51.482876" lon="0.009053"><ele>21</ele></trkpt>
      <trkpt lat="51.482907" lon="0.008907"><ele>21</ele></trkpt>
      <trkpt lat="51.482842" lon="0.008502"><ele>20.75</ele></trkpt>
      <trkpt lat="51.482851" lon="0.008499"><ele>20.5</ele></trkpt>
      <trkpt lat="51.482886" lon="0.008489"><ele>20</ele></trkpt>
      <trkpt lat="51.482883" lon="0.008443"><ele>20</ele></trkpt>
      <trkpt lat="51.48288" lon="0.00839"><ele>19.75</ele></trkpt>
      <trkpt lat="51.482942" lon="0.008384"><ele>18.5</ele></trkpt>
      <trkpt lat="51.48294" lon="0.008337"><ele>18.5</ele></trkpt>
      <trkpt lat="51.482939" lon="0.008309"><ele>18.25</ele></trkpt>
      <trkpt lat="51.482921" lon="0.008117"><ele>17.5</ele></trkpt>
      <trkpt lat="51.482755" lon="0.007119"><ele>16</ele></trkpt>
      <trkpt lat="51.48269" lon="0.006773"><ele>13</ele></trkpt>
      <trkpt lat="51.482517" lon="0.005862"><ele>8</ele></trkpt>
      <trkpt lat="51.482488" lon="0.005668"><ele>8</ele></trkpt>
      <trkpt lat="51.482376" lon="0.004924"><ele>9.25</ele></trkpt>
      <trkpt lat="51.48244" lon="0.004857"><ele>8.75</ele></trkpt>
      <trkpt lat="51.482586" lon="0.004821"><ele>7.25</ele></trkpt>
      <trkpt lat="51.482608" lon="0.004817"><ele>7</ele></trkpt>
      <trkpt lat="51.482597" lon="0.004229"><ele>7.25</ele></trkpt>
      <trkpt lat="51.482604" lon="0.003872"><ele>7</ele></trkpt>
      <trkpt lat="51.482625" lon="0.003438"><ele>6.75</ele></trkpt>
      <trkpt lat="51.482645" lon="0.003193"><ele>6.5</ele></trkpt>
      <trkpt lat="51.482679" lon="0.002829"><ele>6.25</ele></trkpt>
      <trkpt lat="51.482637" lon="0.002749"><ele>6.25</ele></trkpt>
      <trkpt lat="51.482625" lon="0.002774"><ele>6.5</ele></trkpt>
      <trkpt lat="51.482656" lon="0.002832"><ele>6.25</ele></trkpt>
      <trkpt lat="51.482649" lon="0.002901"><ele>6.25</ele></trkpt>
      <trkpt lat="51.482637" lon="0.002898"><ele>6.5</ele></trkpt>
      <trkpt lat="51.48263" lon="0.002896"><ele>6.75</ele></trkpt>
      <trkpt lat="51.482637" lon="0.002898"><ele>6.5</ele></trkpt>
      <trkpt lat="51.482649" lon="0.002901"><ele>6.25</ele></trkpt>
      <trkpt lat="51.482656" lon="0.002832"><ele>6.25</ele></trkpt>
      <trkpt lat="51.482625" lon="0.002774"><ele>6.5</ele></trkpt>
      <trkpt lat="51.482619" lon="0.002785"><ele>6.5</ele></trkpt>
      <trkpt lat="51.482559" lon="0.002675"><ele>6.5</ele></trkpt>
      <trkpt lat="51.48253" lon="0.002623"><ele>6.75</ele></trkpt>
      <trkpt lat="51.482574" lon="0.002501"><ele>6.25</ele></trkpt>
      <trkpt lat="51.482612" lon="0.002298"><ele>7.25</ele></trkpt>
      <trkpt lat="51.482623" lon="0.002165"><ele>7.75</ele></trkpt>
      <trkpt lat="51.482623" lon="0.00206"><ele>8.25</ele></trkpt>
      <trkpt lat="51.482596" lon="0.001773"><ele>9.25</ele></trkpt>
      <trkpt lat="51.482584" lon="0.001659"><ele>9.25</ele></trkpt>
      <trkpt lat="51.482482" lon="0.001685"><ele>11</ele></trkpt>
      <trkpt lat="51.482417" lon="0.001715"><ele>11.5</ele></trkpt>
      <trkpt lat="51.482406" lon="0.001667"><ele>11.5</ele></trkpt>
      <trkpt lat="51.482394" lon="0.001614"><ele>11.5</ele></trkpt>
      <trkpt lat="51.482382" lon="0.001556"><ele>11.5</ele></trkpt>
      <trkpt lat="51.482349" lon="0.001522"><ele>11.75</ele></trkpt>
      <trkpt lat="51.482257" lon="0.001018"><ele>11.25</ele></trkpt>
      <trkpt lat="51.482191" lon="0.000648"><ele>11</ele></trkpt>
      <trkpt lat="51.482136" lon="0.000382"><ele>11</ele></trkpt>
      <trkpt lat="51.482087" lon="0.000205"><ele>10.75</ele></trkpt>
      <trkpt lat="51.481859" lon="-0.000631"><ele>10</ele></trkpt>
      <trkpt lat="51.481838" lon="-0.000707"><ele>9.75</ele></trkpt>
      <trkpt lat="51.481763" lon="-0.00102"><ele>9.5</ele></trkpt>
      <trkpt lat="51.48172" lon="-0.001251"><ele>9.75</ele></trkpt>
      <trkpt lat="51.481686" lon="-0.001496"><ele>9.75</ele></trkpt>
      <trkpt lat="51.48167" lon="-0.001657"><ele>9.75</ele></trkpt>
      <trkpt lat="51.481632" lon="-0.002027"><ele>10</ele></trkpt>
      <trkpt lat="51.481607" lon="-0.002021"><ele>10</ele></trkpt>
      <trkpt lat="51.481596" lon="-0.002018"><ele>10.25</ele></trkpt>
      <trkpt lat="51.481578" lon="-0.002187"><ele>10.25</ele></trkpt>
      <trkpt lat="51.481581" lon="-0.002222"><ele>10.25</ele></trkpt>
      <trkpt lat="51.481566" lon="-0.00225"><ele>10.25</ele></trkpt>
      <trkpt lat="51.481504" lon="-0.002457"><ele>10</ele></trkpt>
      <trkpt lat="51.4814" lon="-0.002388"><ele>10.25</ele></trkpt>
      <trkpt lat="51.481371" lon="-0.002375"><ele>10.25</ele></trkpt>
      <trkpt lat="51.481332" lon="-0.002373"><ele>10.25</ele></trkpt>
      <trkpt lat="51.481293" lon="-0.002386"><ele>10.25</ele></trkpt>
      <trkpt lat="51.481236" lon="-0.002433"><ele>10</ele></trkpt>
      <trkpt lat="51.481186" lon="-0.002529"><ele>10</ele></trkpt>
      <trkpt lat="51.480576" lon="-0.00434"><ele>10.75</ele></trkpt>
      <trkpt lat="51.480456" lon="-0.004686"><ele>10.25</ele></trkpt>
      <trkpt lat="51.480207" lon="-0.005449"><ele>9</ele></trkpt>
      <trkpt lat="51.479768" lon="-0.006742"><ele>10</ele></trkpt>
      <trkpt lat="51.479744" lon="-0.006812"><ele>10</ele></trkpt>
      <trkpt lat="51.479655" lon="-0.006736"><ele>10</ele></trkpt>
      <trkpt lat="51.479626" lon="-0.006824"><ele>10.25</ele></trkpt>
      <trkpt lat="51.479605" lon="-0.006889"><ele>10.25</ele></trkpt>
      <trkpt lat="51.479597" lon="-0.006915"><ele>10.25</ele></trkpt>
      <trkpt lat="51.479597" lon="-0.006999"><ele>10.25</ele></trkpt>
      <trkpt lat="51.479622" lon="-0.00709"><ele>10.25</ele></trkpt>
      <trkpt lat="51.47966" lon="-0.007157"><ele>10</ele></trkpt>
      <trkpt lat="51.47948" lon="-0.007962"><ele>9</ele></trkpt>
      <trkpt lat="51.479486" lon="-0.007967"><ele>9</ele></trkpt>
      <trkpt lat="51.479509" lon="-0.00799"><ele>8.75</ele></trkpt>
      <trkpt lat="51.479493" lon="-0.008057"><ele>8.5</ele></trkpt>
      <trkpt lat="51.47947" lon="-0.008156"><ele>8.5</ele></trkpt>
      <trkpt lat="51.479434" lon="-0.008212"><ele>9</ele></trkpt>
      <trkpt lat="51.479419" lon="-0.008235"><ele>9</ele></trkpt>
      <trkpt lat="51.479182" lon="-0.008605"><ele>9</ele></trkpt>
      <trkpt lat="51.479107" lon="-0.008724"><ele>9</ele></trkpt>
      <trkpt lat="51.479139" lon="-0.008776"><ele>9</ele></trkpt>
      <trkpt lat="51.479237" lon="-0.008938"><ele>8.5</ele></trkpt>
      <trkpt lat="51.479244" lon="-0.009035"><ele>8.5</ele></trkpt>
      <trkpt lat="51.479248" lon="-0.009084"><ele>8.5</ele></trkpt>
      <trkpt lat="51.479457" lon="-0.00942"><ele>7.75</ele></trkpt>
      <trkpt lat="51.479357" lon="-0.00958"><ele>7.75</ele></trkpt>
      <trkpt lat="51.479257" lon="-0.009741"><ele>7.5</ele></trkpt>
      <trkpt lat="51.479259" lon="-0.009806"><ele>7.25</ele></trkpt>
      <trkpt lat="51.47922" lon="-0.009863"><ele>7.25</ele></trkpt>
      <trkpt lat="51.479129" lon="-0.009958"><ele>7.25</ele></trkpt>
      <trkpt lat="51.479167" lon="-0.010101"><ele>7</ele></trkpt>
      <trkpt lat="51.47909" lon="-0.01017"><ele>7.25</ele></trkpt>
      <trkpt lat="51.478865" lon="-0.010441"><ele>7.25</ele></trkpt>
      <trkpt lat="51.478782" lon="-0.010551"><ele>7.25</ele></trkpt>
      <trkpt lat="51.478732" lon="-0.010598"><ele>7.5</ele></trkpt>
      <trkpt lat="51.478748" lon="-0.010625"><ele>7.5</ele></trkpt>
      <trkpt lat="51.478776" lon="-0.010668"><ele>7.5</ele></trkpt>
      <trkpt lat="51.478748" lon="-0.010713"><ele>7.75</ele></trkpt>
      <trkpt lat="51.478675" lon="-0.010829"><ele>7.75</ele></trkpt>
      <trkpt lat="51.478528" lon="-0.011085"><ele>8</ele></trkpt>
      <trkpt lat="51.478573" lon="-0.011142"><ele>8</ele></trkpt>
      <trkpt lat="51.478523" lon="-0.011229"><ele>8</ele></trkpt>
      <trkpt lat="51.478348" lon="-0.011534"><ele>8.75</ele></trkpt>
      <trkpt lat="51.478077" lon="-0.012073"><ele>8.25</ele></trkpt>
      <trkpt lat="51.477998" lon="-0.01227"><ele>8</ele></trkpt>
      <trkpt lat="51.477986" lon="-0.012311"><ele>8</ele></trkpt>
      <trkpt lat="51.477974" lon="-0.01235"><ele>8</ele></trkpt>
      <trkpt lat="51.477903" lon="-0.012681"><ele>8</ele></trkpt>
      <trkpt lat="51.477875" lon="-0.012811"><ele>8</ele></trkpt>
      <trkpt lat="51.477879" lon="-0.012841"><ele>8</ele></trkpt>
      <trkpt lat="51.477898" lon="-0.012867"><ele>8</ele></trkpt>
      <trkpt lat="51.477969" lon="-0.01291"><ele>8</ele></trkpt>
      <trkpt lat="51.478002" lon="-0.012951"><ele>8</ele></trkpt>
      <trkpt lat="51.478029" lon="-0.013019"><ele>8</ele></trkpt>
      <trkpt lat="51.478035" lon="-0.013092"><ele>7.75</ele></trkpt>
      <trkpt lat="51.478033" lon="-0.01317"><ele>7.75</ele></trkpt>
      <trkpt lat="51.478025" lon="-0.013211"><ele>7.75</ele></trkpt>
      <trkpt lat="51.478048" lon="-0.013223"><ele>7.75</ele></trkpt>
      <trkpt lat="51.478152" lon="-0.013279"><ele>7.5</ele></trkpt>
      <trkpt lat="51.478048" lon="-0.013223"><ele>7.75</ele></trkpt>
      <trkpt lat="51.478025" lon="-0.013211"><ele>7.75</ele></trkpt>
      <trkpt lat="51.47798" lon="-0.013425"><ele>7.25</ele></trkpt>
      <trkpt lat="51.477893" lon="-0.013531"><ele>7</ele></trkpt>
      <trkpt lat="51.477837" lon="-0.013575"><ele>7</ele></trkpt>
      <trkpt lat="51.477796" lon="-0.013596"><ele>7</ele></trkpt>
      <trkpt lat="51.47775" lon="-0.013576"><ele>7</ele></trkpt>
      <trkpt lat="51.477707" lon="-0.013553"><ele>7</ele></trkpt>
      <trkpt lat="51.477581" lon="-0.014087"><ele>6.75</ele></trkpt>
      <trkpt lat="51.477566" lon="-0.014143"><ele>6.75</ele></trkpt>
      <trkpt lat="51.477555" lon="-0.014184"><ele>6.75</ele></trkpt>
      <trkpt lat="51.477495" lon="-0.014395"><ele>7</ele></trkpt>
      <trkpt lat="51.477486" lon="-0.014426"><ele>7</ele></trkpt>
      <trkpt lat="51.47748" lon="-0.014449"><ele>6.75</ele></trkpt>
      <trkpt lat="51.477425" lon="-0.014639"><ele>6.25</ele></trkpt>
      <trkpt lat="51.477417" lon="-0.01467"><ele>6.25</ele></trkpt>
      <trkpt lat="51.477405" lon="-0.014712"><ele>6.25</ele></trkpt>
      <trkpt lat="51.477396" lon="-0.014744"><ele>6.25</ele></trkpt>
      <trkpt lat="51.477389" lon="-0.01477"><ele>6.25</ele></trkpt>
      <trkpt lat="51.477362" lon="-0.01487"><ele>6</ele></trkpt>
      <trkpt lat="51.477363" lon="-0.014895"><ele>6</ele></trkpt>
      <trkpt lat="51.477354" lon="-0.014903"><ele>6</ele></trkpt>
      <trkpt lat="51.477336" lon="-0.014966"><ele>6</ele></trkpt>
      <trkpt lat="51.477559" lon="-0.015203"><ele>5</ele></trkpt>
      <trkpt lat="51.477651" lon="-0.0153"><ele>4.75</ele></trkpt>
      <trkpt lat="51.477426" lon="-0.016038"><ele>4</ele></trkpt>
      <trkpt lat="51.477409" lon="-0.016095"><ele>4</ele></trkpt>
      <trkpt lat="51.477344" lon="-0.016454"><ele>4</ele></trkpt>
      <trkpt lat="51.477259" lon="-0.016725"><ele>4</ele></trkpt>
      <trkpt lat="51.477224" lon="-0.016941"><ele>4</ele></trkpt>
      <trkpt lat="51.477131" lon="-0.017239"><ele>4.25</ele></trkpt>
      <trkpt lat="51.477214" lon="-0.017334"><ele>4</ele></trkpt>
      <trkpt lat="51.47727" lon="-0.017386"><ele>4</ele></trkpt>
      <trkpt lat="51.477382" lon="-0.017446"><ele>4</ele></trkpt>
      <trkpt lat="51.477582" lon="-0.017512"><ele>4</ele></trkpt>
      <trkpt lat="51.477754" lon="-0.017572"><ele>4</ele></trkpt>
      <trkpt lat="51.477835" lon="-0.017593"><ele>4</ele></trkpt>
      <trkpt lat="51.477834" lon="-0.017672"><ele>4</ele></trkpt>
      <trkpt lat="51.477851" lon="-0.017677"><ele>4</ele></trkpt>
      <trkpt lat="51.47785" lon="-0.01771"><ele>4</ele></trkpt>
      <trkpt lat="51.477849" lon="-0.01775"><ele>4</ele></trkpt>
      <trkpt lat="51.477848" lon="-0.017764"><ele>4</ele></trkpt>
      <trkpt lat="51.477844" lon="-0.017841"><ele>4</ele></trkpt>
      <trkpt lat="51.477786" lon="-0.018218"><ele>4</ele></trkpt>
      <trkpt lat="51.477854" lon="-0.018424"><ele>4.25</ele></trkpt>
      <trkpt lat="51.477986" lon="-0.01896"><ele>4</ele></trkpt>
      <trkpt lat="51.477995" lon="-0.019073"><ele>3</ele></trkpt>
      <trkpt lat="51.478027" lon="-0.019438"><ele>3</ele></trkpt>
      <trkpt lat="51.478018" lon="-0.019523"><ele>3.25</ele></trkpt>
      <trkpt lat="51.478067" lon="-0.019846"><ele>4.25</ele></trkpt>
      <trkpt lat="51.478165" lon="-0.020932"><ele>4.25</ele></trkpt>
      <trkpt lat="51.478172" lon="-0.020951"><ele>4.25</ele></trkpt>
      <trkpt lat="51.478172" lon="-0.020952"><ele>4.25</ele></trkpt>
      <trkpt lat="51.478176" lon="-0.020987"><ele>4.25</ele></trkpt>
      <trkpt lat="51.47817" lon="-0.020988"><ele>4.25</ele></trkpt>
      <trkpt lat="51.478029" lon="-0.021032"><ele>4</ele></trkpt>
      <trkpt lat="51.477961" lon="-0.021043"><ele>3.75</ele></trkpt>
      <trkpt lat="51.477917" lon="-0.021051"><ele>3.5</ele></trkpt>
      <trkpt lat="51.477918" lon="-0.02114"><ele>3.5</ele></trkpt>
      <trkpt lat="51.477922" lon="-0.021366"><ele>3.5</ele></trkpt>
      <trkpt lat="51.477926" lon="-0.021702"><ele>4</ele></trkpt>
      <trkpt lat="51.47793" lon="-0.021994"><ele>4</ele></trkpt>
      <trkpt lat="51.477918" lon="-0.022097"><ele>4</ele></trkpt>
      <trkpt lat="51.477913" lon="-0.022132"><ele>4</ele></trkpt>
      <trkpt lat="51.477919" lon="-0.022173"><ele>4</ele></trkpt>
      <trkpt lat="51.47793" lon="-0.022232"><ele>4</ele></trkpt>
      <trkpt lat="51.477976" lon="-0.022263"><ele>4</ele></trkpt>
      <trkpt lat="51.47797" lon="-0.022302"><ele>4</ele></trkpt>
      <trkpt lat="51.477954" lon="-0.022414"><ele>4.25</ele></trkpt>
      <trkpt lat="51.477967" lon="-0.022473"><ele>4.25</ele></trkpt>
      <trkpt lat="51.477951" lon="-0.022604"><ele>4.5</ele></trkpt>
      <trkpt lat="51.477949" lon="-0.022639"><ele>4.5</ele></trkpt>
      <trkpt lat="51.477795" lon="-0.02259"><ele>4.75</ele></trkpt>
      <trkpt lat="51.477793" lon="-0.022603"><ele>4.75</ele></trkpt>
      <trkpt lat="51.477791" lon="-0.022621"><ele>4.75</ele></trkpt>
      <trkpt lat="51.477789" lon="-0.022637"><ele>4.75</ele></trkpt>
      <trkpt lat="51.477788" lon="-0.022649"><ele>4.75</ele></trkpt>
      <trkpt lat="51.477778" lon="-0.022646"><ele>4.75</ele></trkpt>
      <trkpt lat="51.477775" lon="-0.022668"><ele>5</ele></trkpt>
      <trkpt lat="51.477768" lon="-0.022729"><ele>5</ele></trkpt>
      <trkpt lat="51.477762" lon="-0.022778"><ele>5</ele></trkpt>
      <trkpt lat="51.47776" lon="-0.0228"><ele>5</ele></trkpt>
      <trkpt lat="51.477692" lon="-0.022778"><ele>5</ele></trkpt>
      <trkpt lat="51.477674" lon="-0.022781"><ele>5</ele></trkpt>
      <trkpt lat="51.477666" lon="-0.022808"><ele>5</ele></trkpt>
      <trkpt lat="51.477662" lon="-0.022986"><ele>5.25</ele></trkpt>
      <trkpt lat="51.477649" lon="-0.022991"><ele>5.25</ele></trkpt>
      <trkpt lat="51.477622" lon="-0.02299"><ele>5.25</ele></trkpt>
      <trkpt lat="51.477618" lon="-0.02322"><ele>5.25</ele></trkpt>
      <trkpt lat="51.477614" lon="-0.023993"><ele>5.5</ele></trkpt>
      <trkpt lat="51.477614" lon="-0.024043"><ele>5.5</ele></trkpt>
      <trkpt lat="51.477614" lon="-0.024109"><ele>5.75</ele></trkpt>
      <trkpt lat="51.477611" lon="-0.024291"><ele>6</ele></trkpt>
      <trkpt lat="51.477609" lon="-0.024721"><ele>6</ele></trkpt>
      <trkpt lat="51.477607" lon="-0.025307"><ele>6</ele></trkpt>
      <trkpt lat="51.477615" lon="-0.025362"><ele>6</ele></trkpt>
      <trkpt lat="51.477618" lon="-0.025477"><ele>6</ele></trkpt>
      <trkpt lat="51.47762" lon="-0.025608"><ele>6</ele></trkpt>
      <trkpt lat="51.477612" lon="-0.025679"><ele>5.75</ele></trkpt>
      <trkpt lat="51.477615" lon="-0.025835"><ele>6</ele></trkpt>
      <trkpt lat="51.47765" lon="-0.025832"><ele>6</ele></trkpt>
      <trkpt lat="51.47766" lon="-0.025832"><ele>6</ele></trkpt>
      <trkpt lat="51.477668" lon="-0.02586"><ele>6</ele></trkpt>
      <trkpt lat="51.477823" lon="-0.025875"><ele>6</ele></trkpt>
      <trkpt lat="51.477848" lon="-0.025906"><ele>6</ele></trkpt>
      <trkpt lat="51.478478" lon="-0.025978"><ele>5.5</ele></trkpt>
      <trkpt lat="51.478478" lon="-0.02599"><ele>5.5</ele></trkpt>
      <trkpt lat="51.478476" lon="-0.026047"><ele>5.5</ele></trkpt>
      <trkpt lat="51.478473" lon="-0.026114"><ele>5.5</ele></trkpt>
      <trkpt lat="51.478473" lon="-0.026124"><ele>5.5</ele></trkpt>
      <trkpt lat="51.478646" lon="-0.026135"><ele>5</ele></trkpt>
      <trkpt lat="51.478645" lon="-0.026166"><ele>5</ele></trkpt>
      <trkpt lat="51.478785" lon="-0.026178"><ele>5</ele></trkpt>
      <trkpt lat="51.478805" lon="-0.026248"><ele>5.25</ele></trkpt>
      <trkpt lat="51.478785" lon="-0.026178"><ele>5</ele></trkpt>
      <trkpt lat="51.478645" lon="-0.026166"><ele>5</ele></trkpt>
      <trkpt lat="51.478646" lon="-0.026135"><ele>5</ele></trkpt>
      <trkpt lat="51.479489" lon="-0.02618"><ele>6</ele></trkpt>
      <trkpt lat="51.479508" lon="-0.026196"><ele>6</ele></trkpt>
      <trkpt lat="51.479531" lon="-0.026201"><ele>6</ele></trkpt>
      <trkpt lat="51.479552" lon="-0.026206"><ele>6</ele></trkpt>
      <trkpt lat="51.479571" lon="-0.026197"><ele>6</ele></trkpt>
      <trkpt lat="51.480011" lon="-0.026274"><ele>6</ele></trkpt>
      <trkpt lat="51.480039" lon="-0.026279"><ele>6</ele></trkpt>
      <trkpt lat="51.480062" lon="-0.026283"><ele>6</ele></trkpt>
      <trkpt lat="51.480476" lon="-0.026343"><ele>6</ele></trkpt>
      <trkpt lat="51.480495" lon="-0.026346"><ele>6</ele></trkpt>
      <trkpt lat="51.480516" lon="-0.026349"><ele>6</ele></trkpt>
      <trkpt lat="51.480951" lon="-0.02642"><ele>5.75</ele></trkpt>
      <trkpt lat="51.480964" lon="-0.026432"><ele>5.75</ele></trkpt>
      <trkpt lat="51.480974" lon="-0.026434"><ele>5.75</ele></trkpt>
      <trkpt lat="51.48101" lon="-0.026439"><ele>5.75</ele></trkpt>
      <trkpt lat="51.481042" lon="-0.026443"><ele>5.75</ele></trkpt>
      <trkpt lat="51.481051" lon="-0.026453"><ele>5.75</ele></trkpt>
      <trkpt lat="51.481294" lon="-0.026478"><ele>6</ele></trkpt>
      <trkpt lat="51.481383" lon="-0.026486"><ele>6</ele></trkpt>
      <trkpt lat="51.481437" lon="-0.026506"><ele>5.75</ele></trkpt>
      <trkpt lat="51.481474" lon="-0.026548"><ele>6</ele></trkpt>
      <trkpt lat="51.481508" lon="-0.026624"><ele>6</ele></trkpt>
      <trkpt lat="51.481643" lon="-0.02713"><ele>5.25</ele></trkpt>
      <trkpt lat="51.481749" lon="-0.027454"><ele>5</ele></trkpt>
      <trkpt lat="51.481759" lon="-0.027445"><ele>5</ele></trkpt>
      <trkpt lat="51.481802" lon="-0.027408"><ele>5</ele></trkpt>
      <trkpt lat="51.48185" lon="-0.027552"><ele>5</ele></trkpt>
      <trkpt lat="51.481938" lon="-0.02778"><ele>5</ele></trkpt>
      <trkpt lat="51.482054" lon="-0.028054"><ele>5</ele></trkpt>
      <trkpt lat="51.482469" lon="-0.029014"><ele>5</ele></trkpt>
      <trkpt lat="51.482657" lon="-0.029404"><ele>5</ele></trkpt>
      <trkpt lat="51.482937" lon="-0.029974"><ele>5</ele></trkpt>
      <trkpt lat="51.482956" lon="-0.030013"><ele>4.75</ele></trkpt>
      <trkpt lat="51.482983" lon="-0.030066"><ele>4.75</ele></trkpt>
      <trkpt lat="51.483229" lon="-0.030587"><ele>4.75</ele></trkpt>
      <trkpt lat="51.483342" lon="-0.030825"><ele>4</ele></trkpt>
      <trkpt lat="51.483385" lon="-0.03091"><ele>4</ele></trkpt>
      <trkpt lat="51.483541" lon="-0.031221"><ele>4</ele></trkpt>
      <trkpt lat="51.483703" lon="-0.031542"><ele>4</ele></trkpt>
      <trkpt lat="51.483727" lon="-0.031594"><ele>4</ele></trkpt>
      <trkpt lat="51.483755" lon="-0.031651"><ele>4</ele></trkpt>
      <trkpt lat="51.483921" lon="-0.031997"><ele>4</ele></trkpt>
      <trkpt lat="51.484022" lon="-0.032202"><ele>4</ele></trkpt>
      <trkpt lat="51.484187" lon="-0.032531"><ele>4</ele></trkpt>
      <trkpt lat="51.484363" lon="-0.032846"><ele>3.75</ele></trkpt>
      <trkpt lat="51.484447" lon="-0.032976"><ele>3.25</ele></trkpt>
      <trkpt lat="51.484513" lon="-0.033075"><ele>3</ele></trkpt>
      <trkpt lat="51.484545" lon="-0.033117"><ele>3.25</ele></trkpt>
      <trkpt lat="51.48458" lon="-0.033162"><ele>3.25</ele></trkpt>
      <trkpt lat="51.484687" lon="-0.033289"><ele>3</ele></trkpt>
      <trkpt lat="51.485227" lon="-0.033936"><ele>2.75</ele></trkpt>
      <trkpt lat="51.485452" lon="-0.034287"><ele>3.25</ele></trkpt>
      <trkpt lat="51.485487" lon="-0.034333"><ele>3.25</ele></trkpt>
      <trkpt lat="51.485499" lon="-0.03435"><ele>3.5</ele></trkpt>
      <trkpt lat="51.485593" lon="-0.034468"><ele>4</ele></trkpt>
      <trkpt lat="51.485783" lon="-0.034712"><ele>4.75</ele></trkpt>
      <trkpt lat="51.485846" lon="-0.034792"><ele>4.75</ele></trkpt>
      <trkpt lat="51.485931" lon="-0.034902"><ele>4.75</ele></trkpt>
      <trkpt lat="51.485996" lon="-0.03501"><ele>4.75</ele></trkpt>
      <trkpt lat="51.486294" lon="-0.035393"><ele>4.25</ele></trkpt>
      <trkpt lat="51.486439" lon="-0.035581"><ele>4.5</ele></trkpt>
      <trkpt lat="51.486605" lon="-0.035854"><ele>3.5</ele></trkpt>
      <trkpt lat="51.486634" lon="-0.035903"><ele>3.5</ele></trkpt>
      <trkpt lat="51.486661" lon="-0.035948"><ele>3.5</ele></trkpt>
      <trkpt lat="51.486786" lon="-0.036157"><ele>3</ele></trkpt>
      <trkpt lat="51.486962" lon="-0.036462"><ele>3</ele></trkpt>
      <trkpt lat="51.487568" lon="-0.037625"><ele>2</ele></trkpt>
      <trkpt lat="51.487666" lon="-0.037764"><ele>2</ele></trkpt>
      <trkpt lat="51.487763" lon="-0.037997"><ele>2</ele></trkpt>
      <trkpt lat="51.487788" lon="-0.038049"><ele>2</ele></trkpt>
      <trkpt lat="51.487813" lon="-0.038101"><ele>2</ele></trkpt>
      <trkpt lat="51.487844" lon="-0.038162"><ele>2</ele></trkpt>
      <trkpt lat="51.488037" lon="-0.038553"><ele>2</ele></trkpt>
      <trkpt lat="51.488436" lon="-0.039352"><ele>2</ele></trkpt>
      <trkpt lat="51.488645" lon="-0.039771"><ele>2</ele></trkpt>
      <trkpt lat="51.488803" lon="-0.040087"><ele>2</ele></trkpt>
      <trkpt lat="51.488842" lon="-0.040164"><ele>2</ele></trkpt>
      <trkpt lat="51.48887" lon="-0.040218"><ele>2</ele></trkpt>
      <trkpt lat="51.488986" lon="-0.040442"><ele>2</ele></trkpt>
      <trkpt lat="51.489011" lon="-0.04049"><ele>2</ele></trkpt>
      <trkpt lat="51.489183" lon="-0.040795"><ele>2</ele></trkpt>
      <trkpt lat="51.489259" lon="-0.040931"><ele>2</ele></trkpt>
      <trkpt lat="51.489315" lon="-0.041032"><ele>2</ele></trkpt>
      <trkpt lat="51.489456" lon="-0.041301"><ele>2</ele></trkpt>
      <trkpt lat="51.489594" lon="-0.041531"><ele>2</ele></trkpt>
      <trkpt lat="51.489638" lon="-0.041605"><ele>2</ele></trkpt>
      <trkpt lat="51.489731" lon="-0.041738"><ele>2</ele></trkpt>
      <trkpt lat="51.489776" lon="-0.041802"><ele>2</ele></trkpt>
      <trkpt lat="51.489824" lon="-0.04187"><ele>2</ele></trkpt>
      <trkpt lat="51.489898" lon="-0.041978"><ele>2</ele></trkpt>
      <trkpt lat="51.489907" lon="-0.041992"><ele>2</ele></trkpt>
      <trkpt lat="51.490005" lon="-0.042145"><ele>2</ele></trkpt>
      <trkpt lat="51.49005" lon="-0.042197"><ele>2</ele></trkpt>
      <trkpt lat="51.490074" lon="-0.042237"><ele>2</ele></trkpt>
      <trkpt lat="51.490163" lon="-0.042361"><ele>2</ele></trkpt>
      <trkpt lat="51.49024" lon="-0.042475"><ele>2</ele></trkpt>
      <trkpt lat="51.490304" lon="-0.042573"><ele>1.75</ele></trkpt>
      <trkpt lat="51.490851" lon="-0.043354"><ele>1.75</ele></trkpt>
      <trkpt lat="51.490975" lon="-0.043537"><ele>1.5</ele></trkpt>
      <trkpt lat="51.491027" lon="-0.043614"><ele>1.5</ele></trkpt>
      <trkpt lat="51.491602" lon="-0.044434"><ele>2</ele></trkpt>
      <trkpt lat="51.491636" lon="-0.044506"><ele>2</ele></trkpt>
      <trkpt lat="51.491676" lon="-0.044566"><ele>2</ele></trkpt>
      <trkpt lat="51.491792" lon="-0.044708"><ele>2</ele></trkpt>
      <trkpt lat="51.491874" lon="-0.044825"><ele>2</ele></trkpt>
      <trkpt lat="51.491892" lon="-0.04486"><ele>2</ele></trkpt>
      <trkpt lat="51.49192" lon="-0.044915"><ele>2</ele></trkpt>
      <trkpt lat="51.491927" lon="-0.044932"><ele>2</ele></trkpt>
      <trkpt lat="51.491981" lon="-0.044974"><ele>2</ele></trkpt>
      <trkpt lat="51.492029" lon="-0.045052"><ele>2</ele></trkpt>
      <trkpt lat="51.492154" lon="-0.045283"><ele>2</ele></trkpt>
      <trkpt lat="51.492207" lon="-0.045382"><ele>2</ele></trkpt>
      <trkpt lat="51.492233" lon="-0.045458"><ele>2</ele></trkpt>
      <trkpt lat="51.492463" lon="-0.045904"><ele>2</ele></trkpt>
      <trkpt lat="51.49255" lon="-0.046032"><ele>1.75</ele></trkpt>
      <trkpt lat="51.492729" lon="-0.046358"><ele>2</ele></trkpt>
      <trkpt lat="51.492806" lon="-0.046514"><ele>2</ele></trkpt>
      <trkpt lat="51.492831" lon="-0.046584"><ele>2</ele></trkpt>
      <trkpt lat="51.492904" lon="-0.046699"><ele>1.75</ele></trkpt>
      <trkpt lat="51.492972" lon="-0.046772"><ele>1.75</ele></trkpt>
      <trkpt lat="51.49302" lon="-0.046902"><ele>1.75</ele></trkpt>
      <trkpt lat="51.493043" lon="-0.046944"><ele>1.75</ele></trkpt>
      <trkpt lat="51.493075" lon="-0.047003"><ele>1.75</ele></trkpt>
      <trkpt lat="51.493117" lon="-0.047079"><ele>1.75</ele></trkpt>
      <trkpt lat="51.493163" lon="-0.047091"><ele>2</ele></trkpt>
      <trkpt lat="51.493234" lon="-0.047152"><ele>2.5</ele></trkpt>
      <trkpt lat="51.493407" lon="-0.047507"><ele>1.75</ele></trkpt>
      <trkpt lat="51.493487" lon="-0.047672"><ele>1.5</ele></trkpt>
      <trkpt lat="51.493527" lon="-0.047752"><ele>1</ele></trkpt>
      <trkpt lat="51.493539" lon="-0.047777"><ele>1</ele></trkpt>
      <trkpt lat="51.493562" lon="-0.047823"><ele>1</ele></trkpt>
      <trkpt lat="51.493592" lon="-0.047876"><ele>1</ele></trkpt>
      <trkpt lat="51.493693" lon="-0.048054"><ele>1.5</ele></trkpt>
      <trkpt lat="51.493753" lon="-0.048174"><ele>1.75</ele></trkpt>
      <trkpt lat="51.493794" lon="-0.048256"><ele>2</ele></trkpt>
      <trkpt lat="51.493811" lon="-0.048291"><ele>2</ele></trkpt>
      <trkpt lat="51.493832" lon="-0.048416"><ele>2.5</ele></trkpt>
      <trkpt lat="51.493888" lon="-0.04853"><ele>2.25</ele></trkpt>
      <trkpt lat="51.493927" lon="-0.04861"><ele>2</ele></trkpt>
      <trkpt lat="51.493955" lon="-0.048673"><ele>1.75</ele></trkpt>
      <trkpt lat="51.494065" lon="-0.048918"><ele>2</ele></trkpt>
      <trkpt lat="51.494095" lon="-0.048979"><ele>2</ele></trkpt>
      <trkpt lat="51.494146" lon="-0.049085"><ele>2</ele></trkpt>
      <trkpt lat="51.494175" lon="-0.049152"><ele>2</ele></trkpt>
      <trkpt lat="51.494199" lon="-0.049209"><ele>2</ele></trkpt>
      <trkpt lat="51.49425" lon="-0.049338"><ele>2</ele></trkpt>
      <trkpt lat="51.494478" lon="-0.049858"><ele>2</ele></trkpt>
      <trkpt lat="51.494502" lon="-0.049908"><ele>2</ele></trkpt>
      <trkpt lat="51.494571" lon="-0.050049"><ele>2</ele></trkpt>
      <trkpt lat="51.494674" lon="-0.050225"><ele>2</ele></trkpt>
      <trkpt lat="51.494684" lon="-0.050242"><ele>2</ele></trkpt>
      <trkpt lat="51.494706" lon="-0.050271"><ele>2</ele></trkpt>
      <trkpt lat="51.494815" lon="-0.050409"><ele>2</ele></trkpt>
      <trkpt lat="51.494857" lon="-0.050461"><ele>2</ele></trkpt>
      <trkpt lat="51.494883" lon="-0.050495"><ele>2</ele></trkpt>
      <trkpt lat="51.495059" lon="-0.050717"><ele>2</ele></trkpt>
      <trkpt lat="51.495084" lon="-0.050745"><ele>2</ele></trkpt>
      <trkpt lat="51.495106" lon="-0.050769"><ele>2</ele></trkpt>
      <trkpt lat="51.495187" lon="-0.05087"><ele>2</ele></trkpt>
      <trkpt lat="51.495216" lon="-0.050905"><ele>2</ele></trkpt>
      <trkpt lat="51.495247" lon="-0.050944"><ele>2</ele></trkpt>
      <trkpt lat="51.495258" lon="-0.050961"><ele>2</ele></trkpt>
      <trkpt lat="51.495301" lon="-0.051001"><ele>2</ele></trkpt>
      <trkpt lat="51.495477" lon="-0.051228"><ele>2</ele></trkpt>
      <trkpt lat="51.495584" lon="-0.051377"><ele>2</ele></trkpt>
      <trkpt lat="51.495617" lon="-0.051423"><ele>2</ele></trkpt>
      <trkpt lat="51.495652" lon="-0.051473"><ele>2</ele></trkpt>
      <trkpt lat="51.495686" lon="-0.051517"><ele>2</ele></trkpt>
      <trkpt lat="51.495702" lon="-0.051538"><ele>2</ele></trkpt>
      <trkpt lat="51.495773" lon="-0.051628"><ele>2</ele></trkpt>
      <trkpt lat="51.495828" lon="-0.051699"><ele>2</ele></trkpt>
      <trkpt lat="51.495867" lon="-0.051756"><ele>2</ele></trkpt>
      <trkpt lat="51.495902" lon="-0.051808"><ele>2</ele></trkpt>
      <trkpt lat="51.49593" lon="-0.051862"><ele>2</ele></trkpt>
      <trkpt lat="51.496041" lon="-0.052044"><ele>2</ele></trkpt>
      <trkpt lat="51.496115" lon="-0.052145"><ele>1.75</ele></trkpt>
      <trkpt lat="51.496166" lon="-0.052206"><ele>2</ele></trkpt>
      <trkpt lat="51.496226" lon="-0.052277"><ele>2</ele></trkpt>
      <trkpt lat="51.496308" lon="-0.052355"><ele>2</ele></trkpt>
      <trkpt lat="51.496389" lon="-0.052481"><ele>1.75</ele></trkpt>
      <trkpt lat="51.496524" lon="-0.052629"><ele>2</ele></trkpt>
      <trkpt lat="51.496589" lon="-0.052703"><ele>2</ele></trkpt>
      <trkpt lat="51.496621" lon="-0.052744"><ele>2</ele></trkpt>
      <trkpt lat="51.496666" lon="-0.05277"><ele>2</ele></trkpt>
      <trkpt lat="51.496681" lon="-0.05279"><ele>2</ele></trkpt>
      <trkpt lat="51.496724" lon="-0.052839"><ele>2</ele></trkpt>
      <trkpt lat="51.496755" lon="-0.052878"><ele>2</ele></trkpt>
      <trkpt lat="51.496791" lon="-0.052922"><ele>2</ele></trkpt>
      <trkpt lat="51.496818" lon="-0.052954"><ele>2</ele></trkpt>
      <trkpt lat="51.496855" lon="-0.052998"><ele>2</ele></trkpt>
      <trkpt lat="51.496865" lon="-0.053009"><ele>2</ele></trkpt>
      <trkpt lat="51.496998" lon="-0.053165"><ele>2.5</ele></trkpt>
      <trkpt lat="51.497037" lon="-0.053214"><ele>2.5</ele></trkpt>
      <trkpt lat="51.497051" lon="-0.053318"><ele>2.75</ele></trkpt>
      <trkpt lat="51.497106" lon="-0.053401"><ele>2.75</ele></trkpt>
      <trkpt lat="51.497127" lon="-0.053433"><ele>2.75</ele></trkpt>
      <trkpt lat="51.497159" lon="-0.053486"><ele>2.5</ele></trkpt>
      <trkpt lat="51.497214" lon="-0.053588"><ele>2</ele></trkpt>
      <trkpt lat="51.497239" lon="-0.053642"><ele>2</ele></trkpt>
      <trkpt lat="51.49729" lon="-0.053742"><ele>2.25</ele></trkpt>
      <trkpt lat="51.497443" lon="-0.053964"><ele>2.25</ele></trkpt>
      <trkpt lat="51.497434" lon="-0.053982"><ele>2.25</ele></trkpt>
      <trkpt lat="51.497425" lon="-0.053999"><ele>2.5</ele></trkpt>
      <trkpt lat="51.497948" lon="-0.054636"><ele>2.75</ele></trkpt>
      <trkpt lat="51.497973" lon="-0.054692"><ele>2.75</ele></trkpt>
      <trkpt lat="51.497983" lon="-0.054701"><ele>2.75</ele></trkpt>
      <trkpt lat="51.498" lon="-0.054724"><ele>3</ele></trkpt>
      <trkpt lat="51.498025" lon="-0.05476"><ele>3</ele></trkpt>
      <trkpt lat="51.498035" lon="-0.054764"><ele>3</ele></trkpt>
      <trkpt lat="51.498053" lon="-0.054772"><ele>3</ele></trkpt>
      <trkpt lat="51.498243" lon="-0.05504"><ele>3</ele></trkpt>
      <trkpt lat="51.498409" lon="-0.055286"><ele>3</ele></trkpt>
      <trkpt lat="51.498529" lon="-0.055496"><ele>3</ele></trkpt>
      <trkpt lat="51.498667" lon="-0.055862"><ele>3</ele></trkpt>
      <trkpt lat="51.498738" lon="-0.056018"><ele>3.25</ele></trkpt>
      <trkpt lat="51.4988" lon="-0.056159"><ele>3.5</ele></trkpt>
      <trkpt lat="51.498844" lon="-0.056261"><ele>3.25</ele></trkpt>
      <trkpt lat="51.498873" lon="-0.056353"><ele>3</ele></trkpt>
      <trkpt lat="51.49889" lon="-0.056495"><ele>3.25</ele></trkpt>
      <trkpt lat="51.498896" lon="-0.056672"><ele>4</ele></trkpt>
      <trkpt lat="51.498883" lon="-0.056801"><ele>3.75</ele></trkpt>
      <trkpt lat="51.498844" lon="-0.057029"><ele>4</ele></trkpt>
      <trkpt lat="51.498824" lon="-0.057228"><ele>4</ele></trkpt>
      <trkpt lat="51.498806" lon="-0.057408"><ele>4</ele></trkpt>
      <trkpt lat="51.498801" lon="-0.057605"><ele>4</ele></trkpt>
      <trkpt lat="51.498804" lon="-0.057752"><ele>4</ele></trkpt>
      <trkpt lat="51.498743" lon="-0.058425"><ele>3</ele></trkpt>
      <trkpt lat="51.498739" lon="-0.058469"><ele>3</ele></trkpt>
      <trkpt lat="51.498733" lon="-0.05853"><ele>3</ele></trkpt>
      <trkpt lat="51.498741" lon="-0.058534"><ele>3</ele></trkpt>
      <trkpt lat="51.498753" lon="-0.058541"><ele>3</ele></trkpt>
      <trkpt lat="51.498748" lon="-0.058657"><ele>3</ele></trkpt>
      <trkpt lat="51.498673" lon="-0.059401"><ele>3</ele></trkpt>
      <trkpt lat="51.498582" lon="-0.060266"><ele>3</ele></trkpt>
      <trkpt lat="51.498563" lon="-0.060336"><ele>3</ele></trkpt>
      <trkpt lat="51.498539" lon="-0.060373"><ele>3</ele></trkpt>
      <trkpt lat="51.49852" lon="-0.060425"><ele>3</ele></trkpt>
      <trkpt lat="51.498516" lon="-0.060457"><ele>3</ele></trkpt>
      <trkpt lat="51.498524" lon="-0.060501"><ele>3</ele></trkpt>
      <trkpt lat="51.498567" lon="-0.060563"><ele>3</ele></trkpt>
      <trkpt lat="51.498618" lon="-0.060683"><ele>3</ele></trkpt>
      <trkpt lat="51.498636" lon="-0.060776"><ele>3</ele></trkpt>
      <trkpt lat="51.498637" lon="-0.060846"><ele>3</ele></trkpt>
      <trkpt lat="51.498625" lon="-0.060939"><ele>3</ele></trkpt>
      <trkpt lat="51.49857" lon="-0.061351"><ele>3</ele></trkpt>
      <trkpt lat="51.498534" lon="-0.061551"><ele>3</ele></trkpt>
      <trkpt lat="51.498441" lon="-0.062197"><ele>2.5</ele></trkpt>
      <trkpt lat="51.498431" lon="-0.062328"><ele>2.75</ele></trkpt>
      <trkpt lat="51.498423" lon="-0.062437"><ele>2.75</ele></trkpt>
      <trkpt lat="51.498402" lon="-0.062581"><ele>2.75</ele></trkpt>
      <trkpt lat="51.498383" lon="-0.062706"><ele>2.75</ele></trkpt>
      <trkpt lat="51.498377" lon="-0.062785"><ele>2.75</ele></trkpt>
      <trkpt lat="51.498363" lon="-0.062847"><ele>2.75</ele></trkpt>
      <trkpt lat="51.498285" lon="-0.063528"><ele>3</ele></trkpt>
      <trkpt lat="51.498248" lon="-0.063792"><ele>3</ele></trkpt>
      <trkpt lat="51.498241" lon="-0.063848"><ele>3</ele></trkpt>
      <trkpt lat="51.49823" lon="-0.06393"><ele>3</ele></trkpt>
      <trkpt lat="51.498227" lon="-0.063952"><ele>3</ele></trkpt>
      <trkpt lat="51.498198" lon="-0.064153"><ele>3</ele></trkpt>
      <trkpt lat="51.498168" lon="-0.064364"><ele>3</ele></trkpt>
      <trkpt lat="51.498092" lon="-0.065144"><ele>3</ele></trkpt>
      <trkpt lat="51.498079" lon="-0.065384"><ele>3</ele></trkpt>
      <trkpt lat="51.498091" lon="-0.065444"><ele>2.75</ele></trkpt>
      <trkpt lat="51.49809" lon="-0.065471"><ele>3</ele></trkpt>
      <trkpt lat="51.498087" lon="-0.065576"><ele>3</ele></trkpt>
      <trkpt lat="51.49807" lon="-0.065618"><ele>3</ele></trkpt>
      <trkpt lat="51.49806" lon="-0.065678"><ele>3</ele></trkpt>
      <trkpt lat="51.498042" lon="-0.066054"><ele>3</ele></trkpt>
      <trkpt lat="51.498042" lon="-0.066115"><ele>3</ele></trkpt>
      <trkpt lat="51.498042" lon="-0.06615"><ele>3</ele></trkpt>
      <trkpt lat="51.49805" lon="-0.066274"><ele>3</ele></trkpt>
      <trkpt lat="51.498051" lon="-0.066332"><ele>3</ele></trkpt>
      <trkpt lat="51.498053" lon="-0.066382"><ele>3</ele></trkpt>
      <trkpt lat="51.498054" lon="-0.066447"><ele>2.75</ele></trkpt>
      <trkpt lat="51.498059" lon="-0.066547"><ele>3</ele></trkpt>
      <trkpt lat="51.498057" lon="-0.066637"><ele>3</ele></trkpt>
      <trkpt lat="51.498058" lon="-0.066683"><ele>3</ele></trkpt>
      <trkpt lat="51.49806" lon="-0.066764"><ele>3</ele></trkpt>
      <trkpt lat="51.49807" lon="-0.066923"><ele>3</ele></trkpt>
      <trkpt lat="51.498106" lon="-0.067292"><ele>3</ele></trkpt>
      <trkpt lat="51.498168" lon="-0.067809"><ele>3</ele></trkpt>
      <trkpt lat="51.49828" lon="-0.068369"><ele>3</ele></trkpt>
      <trkpt lat="51.498401" lon="-0.068844"><ele>3</ele></trkpt>
      <trkpt lat="51.498433" lon="-0.068901"><ele>3</ele></trkpt>
      <trkpt lat="51.498513" lon="-0.069014"><ele>3</ele></trkpt>
      <trkpt lat="51.498547" lon="-0.069095"><ele>3</ele></trkpt>
      <trkpt lat="51.498599" lon="-0.069275"><ele>3</ele></trkpt>
      <trkpt lat="51.49866" lon="-0.069594"><ele>3</ele></trkpt>
      <trkpt lat="51.498704" lon="-0.069715"><ele>3</ele></trkpt>
      <trkpt lat="51.498786" lon="-0.069939"><ele>3</ele></trkpt>
      <trkpt lat="51.498867" lon="-0.07016"><ele>2.25</ele></trkpt>
      <trkpt lat="51.498921" lon="-0.070299"><ele>2</ele></trkpt>
      <trkpt lat="51.498962" lon="-0.070384"><ele>2</ele></trkpt>
      <trkpt lat="51.498992" lon="-0.070477"><ele>2</ele></trkpt>
      <trkpt lat="51.499247" lon="-0.071082"><ele>2.75</ele></trkpt>
      <trkpt lat="51.499458" lon="-0.071513"><ele>3</ele></trkpt>
      <trkpt lat="51.499633" lon="-0.071818"><ele>3</ele></trkpt>
      <trkpt lat="51.499688" lon="-0.07188"><ele>3</ele></trkpt>
      <trkpt lat="51.499786" lon="-0.072037"><ele>3</ele></trkpt>
      <trkpt lat="51.49993" lon="-0.072267"><ele>3</ele></trkpt>
      <trkpt lat="51.500053" lon="-0.072457"><ele>3</ele></trkpt>
      <trkpt lat="51.500078" lon="-0.072499"><ele>3.25</ele></trkpt>
      <trkpt lat="51.500092" lon="-0.072525"><ele>3.25</ele></trkpt>
      <trkpt lat="51.500117" lon="-0.072571"><ele>3.5</ele></trkpt>
      <trkpt lat="51.500132" lon="-0.072598"><ele>3.5</ele></trkpt>
      <trkpt lat="51.500148" lon="-0.072629"><ele>3.5</ele></trkpt>
      <trkpt lat="51.500204" lon="-0.072752"><ele>3.75</ele></trkpt>
      <trkpt lat="51.500218" lon="-0.072794"><ele>4</ele></trkpt>
      <trkpt lat="51.500231" lon="-0.072836"><ele>4</ele></trkpt>
      <trkpt lat="51.500246" lon="-0.072913"><ele>4</ele></trkpt>
      <trkpt lat="51.500251" lon="-0.072997"><ele>4</ele></trkpt>
      <trkpt lat="51.500321" lon="-0.073294"><ele>4</ele></trkpt>
      <trkpt lat="51.500385" lon="-0.07342"><ele>4</ele></trkpt>
      <trkpt lat="51.50044" lon="-0.073602"><ele>4</ele></trkpt>
      <trkpt lat="51.500479" lon="-0.07377"><ele>4</ele></trkpt>
      <trkpt lat="51.500488" lon="-0.073805"><ele>4</ele></trkpt>
      <trkpt lat="51.500491" lon="-0.073817"><ele>4</ele></trkpt>
      <trkpt lat="51.500524" lon="-0.073951"><ele>4</ele></trkpt>
      <trkpt lat="51.500554" lon="-0.074047"><ele>4</ele></trkpt>
      <trkpt lat="51.500588" lon="-0.074147"><ele>4</ele></trkpt>
      <trkpt lat="51.500653" lon="-0.074309"><ele>3.5</ele></trkpt>
      <trkpt lat="51.500743" lon="-0.074523"><ele>3.5</ele></trkpt>
      <trkpt lat="51.501013" lon="-0.075081"><ele>3.5</ele></trkpt>
      <trkpt lat="51.501271" lon="-0.07559"><ele>3.5</ele></trkpt>
      <trkpt lat="51.501298" lon="-0.075609"><ele>3.5</ele></trkpt>
      <trkpt lat="51.501335" lon="-0.07568"><ele>3.75</ele></trkpt>
      <trkpt lat="51.501364" lon="-0.075737"><ele>3.75</ele></trkpt>
      <trkpt lat="51.501392" lon="-0.075801"><ele>3.75</ele></trkpt>
      <trkpt lat="51.501416" lon="-0.075894"><ele>3.75</ele></trkpt>
      <trkpt lat="51.501443" lon="-0.07595"><ele>3.75</ele></trkpt>
      <trkpt lat="51.501629" lon="-0.076277"><ele>3</ele></trkpt>
      <trkpt lat="51.501656" lon="-0.076318"><ele>3</ele></trkpt>
      <trkpt lat="51.501693" lon="-0.076356"><ele>3</ele></trkpt>
      <trkpt lat="51.501809" lon="-0.076524"><ele>3</ele></trkpt>
      <trkpt lat="51.501907" lon="-0.076706"><ele>3.5</ele></trkpt>
      <trkpt lat="51.502037" lon="-0.076901"><ele>3</ele></trkpt>
      <trkpt lat="51.502133" lon="-0.077032"><ele>3</ele></trkpt>
      <trkpt lat="51.50227" lon="-0.07724"><ele>4</ele></trkpt>
      <trkpt lat="51.50229" lon="-0.077288"><ele>4</ele></trkpt>
      <trkpt lat="51.502316" lon="-0.077333"><ele>4.25</ele></trkpt>
      <trkpt lat="51.502317" lon="-0.077382"><ele>4.25</ele></trkpt>
      <trkpt lat="51.502345" lon="-0.077469"><ele>4.25</ele></trkpt>
      <trkpt lat="51.502376" lon="-0.077538"><ele>4.25</ele></trkpt>
      <trkpt lat="51.502432" lon="-0.077657"><ele>4.25</ele></trkpt>
      <trkpt lat="51.50241" lon="-0.077696"><ele>4</ele></trkpt>
      <trkpt lat="51.502401" lon="-0.077709"><ele>4</ele></trkpt>
      <trkpt lat="51.502895" lon="-0.078466"><ele>4</ele></trkpt>
      <trkpt lat="51.502956" lon="-0.078587"><ele>4.5</ele></trkpt>
      <trkpt lat="51.50304" lon="-0.078816"><ele>4.75</ele></trkpt>
      <trkpt lat="51.503058" lon="-0.078864"><ele>5</ele></trkpt>
      <trkpt lat="51.503074" lon="-0.078906"><ele>5</ele></trkpt>
      <trkpt lat="51.503254" lon="-0.0794"><ele>5</ele></trkpt>
      <trkpt lat="51.503289" lon="-0.079493"><ele>4.75</ele></trkpt>
      <trkpt lat="51.503309" lon="-0.079544"><ele>4.75</ele></trkpt>
      <trkpt lat="51.503322" lon="-0.07958"><ele>4.75</ele></trkpt>
      <trkpt lat="51.503453" lon="-0.079987"><ele>4.25</ele></trkpt>
      <trkpt lat="51.503461" lon="-0.08002"><ele>4.25</ele></trkpt>
      <trkpt lat="51.50347" lon="-0.080051"><ele>4.25</ele></trkpt>
      <trkpt lat="51.503663" lon="-0.080804"><ele>5</ele></trkpt>
      <trkpt lat="51.503672" lon="-0.080837"><ele>4.75</ele></trkpt>
      <trkpt lat="51.503686" lon="-0.080883"><ele>4.75</ele></trkpt>
      <trkpt lat="51.503694" lon="-0.080902"><ele>4.75</ele></trkpt>
      <trkpt lat="51.503829" lon="-0.081225"><ele>4</ele></trkpt>
      <trkpt lat="51.503923" lon="-0.081449"><ele>4</ele></trkpt>
      <trkpt lat="51.503931" lon="-0.081461"><ele>4</ele></trkpt>
      <trkpt lat="51.50394" lon="-0.081487"><ele>4</ele></trkpt>
      <trkpt lat="51.503952" lon="-0.081525"><ele>4</ele></trkpt>
      <trkpt lat="51.503958" lon="-0.08154"><ele>4</ele></trkpt>
      <trkpt lat="51.504116" lon="-0.081908"><ele>4</ele></trkpt>
      <trkpt lat="51.504127" lon="-0.081934"><ele>4</ele></trkpt>
      <trkpt lat="51.504139" lon="-0.081961"><ele>4</ele></trkpt>
      <trkpt lat="51.504309" lon="-0.082449"><ele>4</ele></trkpt>
      <trkpt lat="51.504501" lon="-0.083058"><ele>4</ele></trkpt>
      <trkpt lat="51.504527" lon="-0.083148"><ele>4</ele></trkpt>
      <trkpt lat="51.504532" lon="-0.083167"><ele>4</ele></trkpt>
      <trkpt lat="51.504563" lon="-0.083241"><ele>4</ele></trkpt>
      <trkpt lat="51.504594" lon="-0.083316"><ele>4</ele></trkpt>
      <trkpt lat="51.50469" lon="-0.083535"><ele>4</ele></trkpt>
      <trkpt lat="51.504745" lon="-0.083664"><ele>4</ele></trkpt>
      <trkpt lat="51.504772" lon="-0.083746"><ele>4</ele></trkpt>
      <trkpt lat="51.504985" lon="-0.084254"><ele>4</ele></trkpt>
      <trkpt lat="51.505148" lon="-0.084631"><ele>4</ele></trkpt>
      <trkpt lat="51.505221" lon="-0.084777"><ele>4</ele></trkpt>
      <trkpt lat="51.505403" lon="-0.08515"><ele>4</ele></trkpt>
      <trkpt lat="51.505477" lon="-0.085314"><ele>3.75</ele></trkpt>
      <trkpt lat="51.505573" lon="-0.085608"><ele>4</ele></trkpt>
      <trkpt lat="51.505721" lon="-0.086169"><ele>4</ele></trkpt>
      <trkpt lat="51.505775" lon="-0.086424"><ele>4.75</ele></trkpt>
      <trkpt lat="51.505789" lon="-0.086498"><ele>4.75</ele></trkpt>
      <trkpt lat="51.505772" lon="-0.086505"><ele>4.75</ele></trkpt>
      <trkpt lat="51.505753" lon="-0.086512"><ele>4.75</ele></trkpt>
      <trkpt lat="51.505628" lon="-0.086579"><ele>4.75</ele></trkpt>
      <trkpt lat="51.5056" lon="-0.086737"><ele>5</ele></trkpt>
      <trkpt lat="51.505814" lon="-0.086762"><ele>5.25</ele></trkpt>
      <trkpt lat="51.50602" lon="-0.086768"><ele>4.5</ele></trkpt>
      <trkpt lat="51.506039" lon="-0.086769"><ele>4.5</ele></trkpt>
      <trkpt lat="51.506165" lon="-0.087602"><ele>4.5</ele></trkpt>
      <trkpt lat="51.506171" lon="-0.08764"><ele>4.5</ele></trkpt>
      <trkpt lat="51.50619" lon="-0.087751"><ele>4.75</ele></trkpt>
      <trkpt lat="51.506252" lon="-0.087812"><ele>4.75</ele></trkpt>
      <trkpt lat="51.506373" lon="-0.087929"><ele>4.75</ele></trkpt>
      <trkpt lat="51.506412" lon="-0.087967"><ele>4.75</ele></trkpt>
      <trkpt lat="51.506463" lon="-0.088011"><ele>4.75</ele></trkpt>
      <trkpt lat="51.506612" lon="-0.087958"><ele>4.75</ele></trkpt>
      <trkpt lat="51.506652" lon="-0.087944"><ele>4.75</ele></trkpt>
      <trkpt lat="51.506702" lon="-0.087951"><ele>4.75</ele></trkpt>
      <trkpt lat="51.506744" lon="-0.087936"><ele>4.75</ele></trkpt>
      <trkpt lat="51.50676" lon="-0.087931"><ele>5</ele></trkpt>
      <trkpt lat="51.506885" lon="-0.087889"><ele>5</ele></trkpt>
      <trkpt lat="51.508904" lon="-0.08718"><ele>5.75</ele></trkpt>
      <trkpt lat="51.509195" lon="-0.087072"><ele>5.75</ele></trkpt>
      <trkpt lat="51.509225" lon="-0.087061"><ele>6</ele></trkpt>
      <trkpt lat="51.509273" lon="-0.087036"><ele>6</ele></trkpt>
      <trkpt lat="51.509335" lon="-0.087003"><ele>6</ele></trkpt>
      <trkpt lat="51.509338" lon="-0.087035"><ele>6</ele></trkpt>
      <trkpt lat="51.509422" lon="-0.087011"><ele>6</ele></trkpt>
      <trkpt lat="51.509415" lon="-0.086958"><ele>6</ele></trkpt>
      <trkpt lat="51.509504" lon="-0.086933"><ele>6</ele></trkpt>
      <trkpt lat="51.509564" lon="-0.086911"><ele>6</ele></trkpt>
      <trkpt lat="51.509594" lon="-0.087128"><ele>6</ele></trkpt>
      <trkpt lat="51.509622" lon="-0.087341"><ele>6</ele></trkpt>
      <trkpt lat="51.509623" lon="-0.087348"><ele>6</ele></trkpt>
      <trkpt lat="51.509625" lon="-0.087362"><ele>6</ele></trkpt>
      <trkpt lat="51.509662" lon="-0.087348"><ele>6</ele></trkpt>
      <trkpt lat="51.509695" lon="-0.087565"><ele>6</ele></trkpt>
      <trkpt lat="51.50974" lon="-0.087657"><ele>6</ele></trkpt>
      <trkpt lat="51.509755" lon="-0.087758"><ele>6</ele></trkpt>
      <trkpt lat="51.509807" lon="-0.088084"><ele>6.25</ele></trkpt>
      <trkpt lat="51.509838" lon="-0.088267"><ele>6.25</ele></trkpt>
      <trkpt lat="51.509885" lon="-0.088321"><ele>6.5</ele></trkpt>
      <trkpt lat="51.509907" lon="-0.088429"><ele>6.5</ele></trkpt>
      <trkpt lat="51.509924" lon="-0.088499"><ele>6.5</ele></trkpt>
      <trkpt lat="51.509926" lon="-0.088508"><ele>6.5</ele></trkpt>
      <trkpt lat="51.510092" lon="-0.08913"><ele>6.5</ele></trkpt>
      <trkpt lat="51.510215" lon="-0.089589"><ele>6.75</ele></trkpt>
      <trkpt lat="51.510233" lon="-0.089659"><ele>6.75</ele></trkpt>
      <trkpt lat="51.510236" lon="-0.089758"><ele>6.75</ele></trkpt>
      <trkpt lat="51.510284" lon="-0.089946"><ele>7</ele></trkpt>
      <trkpt lat="51.510338" lon="-0.090238"><ele>6.25</ele></trkpt>
      <trkpt lat="51.510345" lon="-0.090274"><ele>6.25</ele></trkpt>
      <trkpt lat="51.510349" lon="-0.090299"><ele>6.25</ele></trkpt>
      <trkpt lat="51.51044" lon="-0.090865"><ele>6.5</ele></trkpt>
      <trkpt lat="51.510474" lon="-0.0909"><ele>6.5</ele></trkpt>
      <trkpt lat="51.510498" lon="-0.091022"><ele>6.25</ele></trkpt>
      <trkpt lat="51.51051" lon="-0.091083"><ele>6</ele></trkpt>
      <trkpt lat="51.510523" lon="-0.091146"><ele>6</ele></trkpt>
      <trkpt lat="51.510529" lon="-0.091172"><ele>6</ele></trkpt>
      <trkpt lat="51.510538" lon="-0.091217"><ele>6</ele></trkpt>
      <trkpt lat="51.51059" lon="-0.091454"><ele>6</ele></trkpt>
      <trkpt lat="51.510728" lon="-0.092203"><ele>6.5</ele></trkpt>
      <trkpt lat="51.510823" lon="-0.092711"><ele>7</ele></trkpt>
      <trkpt lat="51.510873" lon="-0.092956"><ele>7</ele></trkpt>
      <trkpt lat="51.510929" lon="-0.093008"><ele>7.25</ele></trkpt>
      <trkpt lat="51.510958" lon="-0.093174"><ele>7.25</ele></trkpt>
      <trkpt lat="51.510964" lon="-0.093223"><ele>7.25</ele></trkpt>
      <trkpt lat="51.51097" lon="-0.093269"><ele>7.25</ele></trkpt>
      <trkpt lat="51.510989" lon="-0.093433"><ele>7.5</ele></trkpt>
      <trkpt lat="51.511128" lon="-0.094561"><ele>7</ele></trkpt>
      <trkpt lat="51.51119" lon="-0.095044"><ele>7</ele></trkpt>
      <trkpt lat="51.511224" lon="-0.095311"><ele>6.75</ele></trkpt>
      <trkpt lat="51.511245" lon="-0.095548"><ele>6.25</ele></trkpt>
      <trkpt lat="51.511268" lon="-0.095882"><ele>6.5</ele></trkpt>
      <trkpt lat="51.511272" lon="-0.09594"><ele>6.5</ele></trkpt>
      <trkpt lat="51.511305" lon="-0.096378"><ele>6.5</ele></trkpt>
      <trkpt lat="51.511328" lon="-0.096376"><ele>6.75</ele></trkpt>
      <trkpt lat="51.511345" lon="-0.096374"><ele>6.75</ele></trkpt>
      <trkpt lat="51.511349" lon="-0.096459"><ele>6.75</ele></trkpt>
      <trkpt lat="51.511366" lon="-0.096437"><ele>6.75</ele></trkpt>
      <trkpt lat="51.511385" lon="-0.096429"><ele>6.75</ele></trkpt>
      <trkpt lat="51.511405" lon="-0.096435"><ele>7.25</ele></trkpt>
      <trkpt lat="51.511419" lon="-0.096454"><ele>7.5</ele></trkpt>
      <trkpt lat="51.511427" lon="-0.096486"><ele>7.5</ele></trkpt>
      <trkpt lat="51.511475" lon="-0.097017"><ele>8</ele></trkpt>
      <trkpt lat="51.511499" lon="-0.097124"><ele>8.5</ele></trkpt>
      <trkpt lat="51.511517" lon="-0.097164"><ele>8.75</ele></trkpt>
      <trkpt lat="51.511542" lon="-0.097204"><ele>9</ele></trkpt>
      <trkpt lat="51.511618" lon="-0.097267"><ele>10</ele></trkpt>
      <trkpt lat="51.511676" lon="-0.097277"><ele>10.75</ele></trkpt>
      <trkpt lat="51.511812" lon="-0.097263"><ele>11.25</ele></trkpt>
      <trkpt lat="51.511872" lon="-0.098349"><ele>10.75</ele></trkpt>
      <trkpt lat="51.511896" lon="-0.098676"><ele>10.5</ele></trkpt>
      <trkpt lat="51.511867" lon="-0.098849"><ele>10</ele></trkpt>
      <trkpt lat="51.511888" lon="-0.099162"><ele>9.25</ele></trkpt>
      <trkpt lat="51.511891" lon="-0.099196"><ele>9.25</ele></trkpt>
      <trkpt lat="51.511892" lon="-0.099271"><ele>9.25</ele></trkpt>
      <trkpt lat="51.511899" lon="-0.099313"><ele>9.25</ele></trkpt>
      <trkpt lat="51.511914" lon="-0.0994"><ele>9.5</ele></trkpt>
      <trkpt lat="51.511925" lon="-0.099467"><ele>9.5</ele></trkpt>
      <trkpt lat="51.511934" lon="-0.099522"><ele>9.5</ele></trkpt>
      <trkpt lat="51.511947" lon="-0.099739"><ele>8.75</ele></trkpt>
      <trkpt lat="51.511979" lon="-0.100399"><ele>6.75</ele></trkpt>
      <trkpt lat="51.511982" lon="-0.100464"><ele>6.75</ele></trkpt>
      <trkpt lat="51.511985" lon="-0.100527"><ele>6.5</ele></trkpt>
      <trkpt lat="51.511985" lon="-0.100538"><ele>6.5</ele></trkpt>
      <trkpt lat="51.512035" lon="-0.101299"><ele>7.25</ele></trkpt>
      <trkpt lat="51.512039" lon="-0.101344"><ele>7.5</ele></trkpt>
      <trkpt lat="51.512043" lon="-0.101404"><ele>7.5</ele></trkpt>
      <trkpt lat="51.512063" lon="-0.10184"><ele>6.75</ele></trkpt>
      <trkpt lat="51.51206" lon="-0.101871"><ele>6.75</ele></trkpt>
      <trkpt lat="51.512053" lon="-0.101931"><ele>6.75</ele></trkpt>
      <trkpt lat="51.512057" lon="-0.101971"><ele>6.75</ele></trkpt>
      <trkpt lat="51.51206" lon="-0.102015"><ele>6.75</ele></trkpt>
      <trkpt lat="51.512062" lon="-0.102039"><ele>6.75</ele></trkpt>
      <trkpt lat="51.512063" lon="-0.102093"><ele>6.75</ele></trkpt>
      <trkpt lat="51.512063" lon="-0.102146"><ele>6.75</ele></trkpt>
      <trkpt lat="51.512065" lon="-0.102184"><ele>6.75</ele></trkpt>
      <trkpt lat="51.512067" lon="-0.102223"><ele>7</ele></trkpt>
      <trkpt lat="51.512048" lon="-0.102267"><ele>7</ele></trkpt>
      <trkpt lat="51.51203" lon="-0.102311"><ele>7</ele></trkpt>
      <trkpt lat="51.512021" lon="-0.102338"><ele>7</ele></trkpt>
      <trkpt lat="51.51201" lon="-0.102425"><ele>7</ele></trkpt>
      <trkpt lat="51.512002" lon="-0.102481"><ele>7</ele></trkpt>
      <trkpt lat="51.511955" lon="-0.103102"><ele>6</ele></trkpt>
      <trkpt lat="51.511929" lon="-0.103568"><ele>6.75</ele></trkpt>
      <trkpt lat="51.511895" lon="-0.103689"><ele>6.75</ele></trkpt>
      <trkpt lat="51.511852" lon="-0.10381"><ele>7</ele></trkpt>
      <trkpt lat="51.51191" lon="-0.103861"><ele>7</ele></trkpt>
      <trkpt lat="51.511949" lon="-0.103895"><ele>7</ele></trkpt>
      <trkpt lat="51.511959" lon="-0.103904"><ele>7</ele></trkpt>
      <trkpt lat="51.51197" lon="-0.103914"><ele>7</ele></trkpt>
      <trkpt lat="51.511997" lon="-0.103938"><ele>6.75</ele></trkpt>
      <trkpt lat="51.512014" lon="-0.10395"><ele>7</ele></trkpt>
      <trkpt lat="51.512126" lon="-0.103982"><ele>7</ele></trkpt>
      <trkpt lat="51.512375" lon="-0.104082"><ele>7</ele></trkpt>
      <trkpt lat="51.512593" lon="-0.104075"><ele>6.75</ele></trkpt>
      <trkpt lat="51.512996" lon="-0.104079"><ele>6.5</ele></trkpt>
      <trkpt lat="51.513017" lon="-0.10406"><ele>6.5</ele></trkpt>
      <trkpt lat="51.513058" lon="-0.104082"><ele>6.5</ele></trkpt>
      <trkpt lat="51.513681" lon="-0.104153"><ele>7.25</ele></trkpt>
      <trkpt lat="51.513714" lon="-0.104157"><ele>7.25</ele></trkpt>
      <trkpt lat="51.513752" lon="-0.104168"><ele>7.5</ele></trkpt>
      <trkpt lat="51.513914" lon="-0.104217"><ele>8</ele></trkpt>
      <trkpt lat="51.514042" lon="-0.104232"><ele>8.5</ele></trkpt>
      <trkpt lat="51.514067" lon="-0.104181"><ele>8.5</ele></trkpt>
      <trkpt lat="51.51416" lon="-0.104142"><ele>9</ele></trkpt>
      <trkpt lat="51.514217" lon="-0.10414"><ele>8.75</ele></trkpt>
      <trkpt lat="51.514222" lon="-0.104139"><ele>8.75</ele></trkpt>
      <trkpt lat="51.514232" lon="-0.10419"><ele>8.75</ele></trkpt>
      <trkpt lat="51.514272" lon="-0.104229"><ele>8.5</ele></trkpt>
      <trkpt lat="51.514387" lon="-0.104263"><ele>8</ele></trkpt>
      <trkpt lat="51.514607" lon="-0.104303"><ele>7.25</ele></trkpt>
      <trkpt lat="51.514628" lon="-0.104286"><ele>7.25</ele></trkpt>
      <trkpt lat="51.51465" lon="-0.104279"><ele>7.25</ele></trkpt>
      <trkpt lat="51.514672" lon="-0.104287"><ele>7</ele></trkpt>
      <trkpt lat="51.514712" lon="-0.104297"><ele>7</ele></trkpt>
      <trkpt lat="51.514716" lon="-0.104297"><ele>7</ele></trkpt>
      <trkpt lat="51.514714" lon="-0.104343"><ele>7</ele></trkpt>
      <trkpt lat="51.51473" lon="-0.104351"><ele>6.75</ele></trkpt>
      <trkpt lat="51.514924" lon="-0.104376"><ele>6.25</ele></trkpt>
      <trkpt lat="51.515153" lon="-0.104437"><ele>6</ele></trkpt>
      <trkpt lat="51.515231" lon="-0.104439"><ele>6</ele></trkpt>
      <trkpt lat="51.515246" lon="-0.104445"><ele>6</ele></trkpt>
      <trkpt lat="51.515281" lon="-0.104451"><ele>6</ele></trkpt>
      <trkpt lat="51.515297" lon="-0.104455"><ele>6</ele></trkpt>
      <trkpt lat="51.515308" lon="-0.104456"><ele>6</ele></trkpt>
      <trkpt lat="51.515837" lon="-0.104603"><ele>6.25</ele></trkpt>
      <trkpt lat="51.515992" lon="-0.104646"><ele>6</ele></trkpt>
      <trkpt lat="51.516225" lon="-0.104711"><ele>6</ele></trkpt>
      <trkpt lat="51.51641" lon="-0.10473"><ele>6</ele></trkpt>
      <trkpt lat="51.516587" lon="-0.104768"><ele>6.75</ele></trkpt>
      <trkpt lat="51.516642" lon="-0.104789"><ele>6.75</ele></trkpt>
      <trkpt lat="51.516681" lon="-0.104819"><ele>7</ele></trkpt>
      <trkpt lat="51.516961" lon="-0.104871"><ele>9.25</ele></trkpt>
      <trkpt lat="51.517569" lon="-0.104985"><ele>9.25</ele></trkpt>
      <trkpt lat="51.517619" lon="-0.104969"><ele>9.5</ele></trkpt>
      <trkpt lat="51.51769" lon="-0.104999"><ele>9.5</ele></trkpt>
      <trkpt lat="51.517718" lon="-0.105011"><ele>9.75</ele></trkpt>
      <trkpt lat="51.517723" lon="-0.105012"><ele>9.75</ele></trkpt>
      <trkpt lat="51.51773" lon="-0.105013"><ele>9.75</ele></trkpt>
      <trkpt lat="51.517768" lon="-0.10502"><ele>9.75</ele></trkpt>
      <trkpt lat="51.517804" lon="-0.105027"><ele>10</ele></trkpt>
      <trkpt lat="51.517847" lon="-0.105037"><ele>10</ele></trkpt>
      <trkpt lat="51.518078" lon="-0.105087"><ele>11</ele></trkpt>
      <trkpt lat="51.51842" lon="-0.105176"><ele>11.5</ele></trkpt>
      <trkpt lat="51.518482" lon="-0.105181"><ele>11.5</ele></trkpt>
      <trkpt lat="51.518504" lon="-0.105166"><ele>11.75</ele></trkpt>
      <trkpt lat="51.518525" lon="-0.105126"><ele>11.75</ele></trkpt>
      <trkpt lat="51.518547" lon="-0.105145"><ele>11.75</ele></trkpt>
      <trkpt lat="51.518589" lon="-0.105176"><ele>11.75</ele></trkpt>
      <trkpt lat="51.518644" lon="-0.105218"><ele>11.5</ele></trkpt>
      <trkpt lat="51.518666" lon="-0.105234"><ele>11.25</ele></trkpt>
      <trkpt lat="51.518805" lon="-0.10528"><ele>10.5</ele></trkpt>
      <trkpt lat="51.519193" lon="-0.105408"><ele>9</ele></trkpt>
      <trkpt lat="51.519821" lon="-0.105586"><ele>10</ele></trkpt>
      <trkpt lat="51.519824" lon="-0.105574"><ele>10</ele></trkpt>
      <trkpt lat="51.519845" lon="-0.105389"><ele>7.75</ele></trkpt>
      <trkpt lat="51.51996" lon="-0.104996"><ele>7.5</ele></trkpt>
      <trkpt lat="51.520047" lon="-0.104763"><ele>8.25</ele></trkpt>
      <trkpt lat="51.520066" lon="-0.104695"><ele>8.5</ele></trkpt>
      <trkpt lat="51.520125" lon="-0.104743"><ele>8.75</ele></trkpt>
      <trkpt lat="51.520228" lon="-0.104828"><ele>8.5</ele></trkpt>
      <trkpt lat="51.520258" lon="-0.104853"><ele>8.5</ele></trkpt>
      <trkpt lat="51.520268" lon="-0.104963"><ele>7.25</ele></trkpt>
      <trkpt lat="51.520258" lon="-0.104853"><ele>8.5</ele></trkpt>
      <trkpt lat="51.520312" lon="-0.104679"><ele>10.25</ele></trkpt>
      <trkpt lat="51.520355" lon="-0.104714"><ele>10.25</ele></trkpt>
      <trkpt lat="51.52037" lon="-0.104665"><ele>10.25</ele></trkpt>
      <trkpt lat="51.520396" lon="-0.104676"><ele>10.25</ele></trkpt>
      <trkpt lat="51.520589" lon="-0.104823"><ele>9.5</ele></trkpt>
      <trkpt lat="51.520726" lon="-0.104926"><ele>9.25</ele></trkpt>
      <trkpt lat="51.520832" lon="-0.105006"><ele>9.75</ele></trkpt>
      <trkpt lat="51.520922" lon="-0.105075"><ele>9.5</ele></trkpt>
      <trkpt lat="51.520941" lon="-0.105112"><ele>9.25</ele></trkpt>
      <trkpt lat="51.52097" lon="-0.105172"><ele>9</ele></trkpt>
      <trkpt lat="51.521095" lon="-0.105273"><ele>9.75</ele></trkpt>
      <trkpt lat="51.521113" lon="-0.105232"><ele>10</ele></trkpt>
      <trkpt lat="51.52112" lon="-0.105214"><ele>10.25</ele></trkpt>
      <trkpt lat="51.521136" lon="-0.105176"><ele>10.5</ele></trkpt>
      <trkpt lat="51.521152" lon="-0.105194"><ele>10.5</ele></trkpt>
      <trkpt lat="51.521288" lon="-0.105392"><ele>10</ele></trkpt>
      <trkpt lat="51.521306" lon="-0.105419"><ele>10</ele></trkpt>
      <trkpt lat="51.521408" lon="-0.105567"><ele>10</ele></trkpt>
      <trkpt lat="51.521652" lon="-0.105811"><ele>10.75</ele></trkpt>
      <trkpt lat="51.52182" lon="-0.105969"><ele>9.75</ele></trkpt>
      <trkpt lat="51.522169" lon="-0.106172"><ele>11</ele></trkpt>
      <trkpt lat="51.522243" lon="-0.106212"><ele>10.75</ele></trkpt>
      <trkpt lat="51.52231" lon="-0.106246"><ele>10.5</ele></trkpt>
      <trkpt lat="51.522498" lon="-0.106367"><ele>11</ele></trkpt>
      <trkpt lat="51.522542" lon="-0.106402"><ele>11</ele></trkpt>
      <trkpt lat="51.52257" lon="-0.106424"><ele>11</ele></trkpt>
      <trkpt lat="51.522631" lon="-0.106485"><ele>11</ele></trkpt>
      <trkpt lat="51.522665" lon="-0.106523"><ele>11.25</ele></trkpt>
      <trkpt lat="51.522736" lon="-0.106635"><ele>11.75</ele></trkpt>
      <trkpt lat="51.522821" lon="-0.1068"><ele>11</ele></trkpt>
      <trkpt lat="51.522988" lon="-0.107195"><ele>9.75</ele></trkpt>
      <trkpt lat="51.523136" lon="-0.107469"><ele>10</ele></trkpt>
      <trkpt lat="51.5233" lon="-0.107737"><ele>11.75</ele></trkpt>
      <trkpt lat="51.523388" lon="-0.107909"><ele>12.75</ele></trkpt>
      <trkpt lat="51.523453" lon="-0.108061"><ele>13.25</ele></trkpt>
      <trkpt lat="51.52347" lon="-0.10804"><ele>13.25</ele></trkpt>
      <trkpt lat="51.523479" lon="-0.108063"><ele>13.5</ele></trkpt>
      <trkpt lat="51.523587" lon="-0.108362"><ele>14.75</ele></trkpt>
      <trkpt lat="51.523628" lon="-0.108526"><ele>15</ele></trkpt>
      <trkpt lat="51.523794" lon="-0.108803"><ele>16</ele></trkpt>
      <trkpt lat="51.523814" lon="-0.108817"><ele>16.25</ele></trkpt>
      <trkpt lat="51.523825" lon="-0.108824"><ele>16.25</ele></trkpt>
      <trkpt lat="51.523853" lon="-0.108859"><ele>16.5</ele></trkpt>
      <trkpt lat="51.523804" lon="-0.108943"><ele>16.25</ele></trkpt>
      <trkpt lat="51.523989" lon="-0.109226"><ele>17.25</ele></trkpt>
      <trkpt lat="51.52418" lon="-0.109499"><ele>18</ele></trkpt>
      <trkpt lat="51.524307" lon="-0.109665"><ele>18.25</ele></trkpt>
      <trkpt lat="51.524426" lon="-0.109818"><ele>18.75</ele></trkpt>
      <trkpt lat="51.524477" lon="-0.109883"><ele>19</ele></trkpt>
      <trkpt lat="51.524546" lon="-0.109969"><ele>19.25</ele></trkpt>
      <trkpt lat="51.52486" lon="-0.110375"><ele>20.75</ele></trkpt>
      <trkpt lat="51.524938" lon="-0.110475"><ele>21.5</ele></trkpt>
      <trkpt lat="51.525048" lon="-0.110627"><ele>21.5</ele></trkpt>
      <trkpt lat="51.525155" lon="-0.110792"><ele>21</ele></trkpt>
      <trkpt lat="51.525159" lon="-0.110798"><ele>21</ele></trkpt>
      <trkpt lat="51.52545" lon="-0.111266"><ele>20</ele></trkpt>
      <trkpt lat="51.525715" lon="-0.11174"><ele>20</ele></trkpt>
      <trkpt lat="51.525808" lon="-0.111889"><ele>20</ele></trkpt>
      <trkpt lat="51.525849" lon="-0.111963"><ele>19.75</ele></trkpt>
      <trkpt lat="51.525931" lon="-0.112091"><ele>19.25</ele></trkpt>
      <trkpt lat="51.526039" lon="-0.11228"><ele>19</ele></trkpt>
      <trkpt lat="51.526137" lon="-0.112453"><ele>18.75</ele></trkpt>
      <trkpt lat="51.526262" lon="-0.112661"><ele>18</ele></trkpt>
      <trkpt lat="51.526286" lon="-0.112707"><ele>18</ele></trkpt>
      <trkpt lat="51.526311" lon="-0.112758"><ele>18</ele></trkpt>
      <trkpt lat="51.526334" lon="-0.112804"><ele>18</ele></trkpt>
      <trkpt lat="51.526375" lon="-0.112912"><ele>18</ele></trkpt>
      <trkpt lat="51.526397" lon="-0.112978"><ele>18</ele></trkpt>
      <trkpt lat="51.526431" lon="-0.113093"><ele>17.75</ele></trkpt>
      <trkpt lat="51.526454" lon="-0.113175"><ele>17.5</ele></trkpt>
      <trkpt lat="51.526469" lon="-0.113232"><ele>17.25</ele></trkpt>
      <trkpt lat="51.526488" lon="-0.113309"><ele>17</ele></trkpt>
      <trkpt lat="51.526496" lon="-0.113345"><ele>16.75</ele></trkpt>
      <trkpt lat="51.526507" lon="-0.113387"><ele>16.75</ele></trkpt>
      <trkpt lat="51.52651" lon="-0.1134"><ele>16.75</ele></trkpt>
      <trkpt lat="51.526528" lon="-0.113467"><ele>16.75</ele></trkpt>
      <trkpt lat="51.526555" lon="-0.11356"><ele>16.5</ele></trkpt>
      <trkpt lat="51.526643" lon="-0.113771"><ele>15.5</ele></trkpt>
      <trkpt lat="51.526673" lon="-0.113832"><ele>15</ele></trkpt>
      <trkpt lat="51.526761" lon="-0.114012"><ele>14.5</ele></trkpt>
      <trkpt lat="51.5269" lon="-0.114237"><ele>14.75</ele></trkpt>
      <trkpt lat="51.527086" lon="-0.114505"><ele>14.75</ele></trkpt>
      <trkpt lat="51.527305" lon="-0.114863"><ele>13</ele></trkpt>
      <trkpt lat="51.52749" lon="-0.11514"><ele>13.75</ele></trkpt>
      <trkpt lat="51.527661" lon="-0.115346"><ele>14.5</ele></trkpt>
      <trkpt lat="51.527824" lon="-0.115477"><ele>14.75</ele></trkpt>
      <trkpt lat="51.527925" lon="-0.115536"><ele>14.5</ele></trkpt>
      <trkpt lat="51.528076" lon="-0.115594"><ele>14</ele></trkpt>
      <trkpt lat="51.528199" lon="-0.115625"><ele>14</ele></trkpt>
      <trkpt lat="51.528443" lon="-0.115677"><ele>14.5</ele></trkpt>
      <trkpt lat="51.528494" lon="-0.115683"><ele>14.75</ele></trkpt>
      <trkpt lat="51.528621" lon="-0.115701"><ele>14.75</ele></trkpt>
      <trkpt lat="51.52876" lon="-0.115717"><ele>15</ele></trkpt>
      <trkpt lat="51.528826" lon="-0.115695"><ele>15</ele></trkpt>
      <trkpt lat="51.528854" lon="-0.115695"><ele>15</ele></trkpt>
      <trkpt lat="51.528895" lon="-0.115698"><ele>15</ele></trkpt>
      <trkpt lat="51.529015" lon="-0.115741"><ele>15</ele></trkpt>
      <trkpt lat="51.529327" lon="-0.115774"><ele>15</ele></trkpt>
      <trkpt lat="51.529366" lon="-0.115776"><ele>15</ele></trkpt>
      <trkpt lat="51.529478" lon="-0.115797"><ele>15</ele></trkpt>
      <trkpt lat="51.529672" lon="-0.115819"><ele>15</ele></trkpt>
      <trkpt lat="51.52972" lon="-0.11583"><ele>15</ele></trkpt>
      <trkpt lat="51.529848" lon="-0.115963"><ele>14.5</ele></trkpt>
      <trkpt lat="51.52989" lon="-0.116009"><ele>14.25</ele></trkpt>
      <trkpt lat="51.529918" lon="-0.116068"><ele>14</ele></trkpt>
      <trkpt lat="51.529932" lon="-0.116098"><ele>14</ele></trkpt>
      <trkpt lat="51.529937" lon="-0.116107"><ele>14</ele></trkpt>
      <trkpt lat="51.529984" lon="-0.11621"><ele>14</ele></trkpt>
      <trkpt lat="51.530124" lon="-0.116553"><ele>14</ele></trkpt>
      <trkpt lat="51.5302" lon="-0.116774"><ele>14</ele></trkpt>
      <trkpt lat="51.53027" lon="-0.117017"><ele>14</ele></trkpt>
      <trkpt lat="51.5303" lon="-0.117126"><ele>14</ele></trkpt>
      <trkpt lat="51.530482" lon="-0.1178"><ele>14</ele></trkpt>
      <trkpt lat="51.530608" lon="-0.118218"><ele>14.25</ele></trkpt>
      <trkpt lat="51.530651" lon="-0.118419"><ele>14.5</ele></trkpt>
      <trkpt lat="51.530704" lon="-0.11868"><ele>14.5</ele></trkpt>
      <trkpt lat="51.530844" lon="-0.119302"><ele>16</ele></trkpt>
      <trkpt lat="51.530893" lon="-0.11955"><ele>15.5</ele></trkpt>
      <trkpt lat="51.530914" lon="-0.119677"><ele>15.25</ele></trkpt>
      <trkpt lat="51.530925" lon="-0.119783"><ele>15.25</ele></trkpt>
      <trkpt lat="51.530932" lon="-0.119843"><ele>15.25</ele></trkpt>
      <trkpt lat="51.530963" lon="-0.120001"><ele>15.25</ele></trkpt>
      <trkpt lat="51.530957" lon="-0.12008"><ele>15.25</ele></trkpt>
      <trkpt lat="51.530948" lon="-0.120221"><ele>15</ele></trkpt>
      <trkpt lat="51.530914" lon="-0.120742"><ele>15.75</ele></trkpt>
      <trkpt lat="51.530895" lon="-0.120993"><ele>16</ele></trkpt>
      <trkpt lat="51.530889" lon="-0.121108"><ele>16</ele></trkpt>
      <trkpt lat="51.530926" lon="-0.121116"><ele>16</ele></trkpt>
      <trkpt lat="51.530936" lon="-0.121117"><ele>16</ele></trkpt>
      <trkpt lat="51.530877" lon="-0.121877"><ele>15.75</ele></trkpt>
      <trkpt lat="51.530864" lon="-0.122278"><ele>16</ele></trkpt>
      <trkpt lat="51.53086" lon="-0.122384"><ele>16</ele></trkpt>
      <trkpt lat="51.530858" lon="-0.12241"><ele>16</ele></trkpt>
      <trkpt lat="51.530854" lon="-0.122478"><ele>16</ele></trkpt>
      <trkpt lat="51.530848" lon="-0.122571"><ele>16</ele></trkpt>
      <trkpt lat="51.53085" lon="-0.122628"><ele>16</ele></trkpt>
      <trkpt lat="51.530858" lon="-0.123029"><ele>16.75</ele></trkpt>
      <trkpt lat="51.530861" lon="-0.123216"><ele>17</ele></trkpt>
      <trkpt lat="51.530865" lon="-0.123514"><ele>16.75</ele></trkpt>
      <trkpt lat="51.530868" lon="-0.123694"><ele>17</ele></trkpt>
      <trkpt lat="51.530843" lon="-0.123695"><ele>17</ele></trkpt>
      <trkpt lat="51.530838" lon="-0.124032"><ele>16.75</ele></trkpt>
      <trkpt lat="51.530901" lon="-0.124159"><ele>17</ele></trkpt>
      <trkpt lat="51.530926" lon="-0.124278"><ele>17</ele></trkpt>
      <trkpt lat="51.530939" lon="-0.124329"><ele>17</ele></trkpt>
      <trkpt lat="51.531001" lon="-0.124281"><ele>17</ele></trkpt>
      <trkpt lat="51.531054" lon="-0.124449"><ele>16.75</ele></trkpt>
      <trkpt lat="51.531127" lon="-0.12461"><ele>16.75</ele></trkpt>
      <trkpt lat="51.531223" lon="-0.124743"><ele>16.75</ele></trkpt>
      <trkpt lat="51.531267" lon="-0.124792"><ele>16.5</ele></trkpt>
      <trkpt lat="51.531205" lon="-0.124937"><ele>16</ele></trkpt>
      <trkpt lat="51.531199" lon="-0.12495"><ele>16</ele></trkpt>
      <trkpt lat="51.531212" lon="-0.124965"><ele>16</ele></trkpt>
      <trkpt lat="51.5312" lon="-0.124991"><ele>16</ele></trkpt>
      <trkpt lat="51.531169" lon="-0.125077"><ele>16</ele></trkpt>
      <trkpt lat="51.531144" lon="-0.125147"><ele>16</ele></trkpt>
      <trkpt lat="51.531138" lon="-0.125168"><ele>16</ele></trkpt>
      <trkpt lat="51.531119" lon="-0.125234"><ele>16</ele></trkpt>
      <trkpt lat="51.531012" lon="-0.125603"><ele>16</ele></trkpt>
      <trkpt lat="51.531005" lon="-0.126184"><ele>17</ele></trkpt>
      <trkpt lat="51.531126" lon="-0.126276"><ele>17</ele></trkpt>
      <trkpt lat="51.531479" lon="-0.126546"><ele>17</ele></trkpt>
      <trkpt lat="51.531842" lon="-0.126822"><ele>17</ele></trkpt>
      <trkpt lat="51.531801" lon="-0.126972"><ele>17</ele></trkpt>
      <trkpt lat="51.531769" lon="-0.127195"><ele>17</ele></trkpt>
      <trkpt lat="51.531759" lon="-0.12725"><ele>17</ele></trkpt>
      <trkpt lat="51.531752" lon="-0.127285"><ele>17</ele></trkpt>
      <trkpt lat="51.532196" lon="-0.127578"><ele>17.25</ele></trkpt>
      <trkpt lat="51.532429" lon="-0.127747"><ele>17</ele></trkpt>
      <trkpt lat="51.53243" lon="-0.127829"><ele>17.25</ele></trkpt>
      <trkpt lat="51.532481" lon="-0.127858"><ele>17.25</ele></trkpt>
      <trkpt lat="51.532496" lon="-0.127914"><ele>17.25</ele></trkpt>
      <trkpt lat="51.533148" lon="-0.128415"><ele>17</ele></trkpt>
      <trkpt lat="51.533266" lon="-0.128519"><ele>17</ele></trkpt>
      <trkpt lat="51.533343" lon="-0.128604"><ele>17</ele></trkpt>
      <trkpt lat="51.533368" lon="-0.128628"><ele>17</ele></trkpt>
      <trkpt lat="51.5334" lon="-0.128656"><ele>17.25</ele></trkpt>
      <trkpt lat="51.533468" lon="-0.12866"><ele>17.25</ele></trkpt>
      <trkpt lat="51.533541" lon="-0.128751"><ele>17.25</ele></trkpt>
      <trkpt lat="51.533616" lon="-0.128871"><ele>17</ele></trkpt>
      <trkpt lat="51.533644" lon="-0.128911"><ele>17</ele></trkpt>
      <trkpt lat="51.533689" lon="-0.128967"><ele>17.25</ele></trkpt>
      <trkpt lat="51.533768" lon="-0.129033"><ele>17.25</ele></trkpt>
      <trkpt lat="51.533806" lon="-0.129079"><ele>17.25</ele></trkpt>
      <trkpt lat="51.533883" lon="-0.12918"><ele>17</ele></trkpt>
      <trkpt lat="51.53408" lon="-0.129439"><ele>17.75</ele></trkpt>
      <trkpt lat="51.534208" lon="-0.129611"><ele>18.25</ele></trkpt>
      <trkpt lat="51.534249" lon="-0.129679"><ele>18.5</ele></trkpt>
      <trkpt lat="51.53432" lon="-0.129791"><ele>18.75</ele></trkpt>
      <trkpt lat="51.534334" lon="-0.12982"><ele>18.75</ele></trkpt>
      <trkpt lat="51.534343" lon="-0.129839"><ele>18.5</ele></trkpt>
      <trkpt lat="51.534405" lon="-0.129964"><ele>18</ele></trkpt>
      <trkpt lat="51.534746" lon="-0.130765"><ele>18.25</ele></trkpt>
      <trkpt lat="51.534906" lon="-0.131125"><ele>19</ele></trkpt>
      <trkpt lat="51.534998" lon="-0.131343"><ele>19</ele></trkpt>
      <trkpt lat="51.535054" lon="-0.13148"><ele>19.25</ele></trkpt>
      <trkpt lat="51.535058" lon="-0.131492"><ele>19.25</ele></trkpt>
      <trkpt lat="51.53507" lon="-0.13152"><ele>19.25</ele></trkpt>
      <trkpt lat="51.535091" lon="-0.131565"><ele>19</ele></trkpt>
      <trkpt lat="51.535109" lon="-0.131603"><ele>19</ele></trkpt>
      <trkpt lat="51.535332" lon="-0.132141"><ele>19</ele></trkpt>
      <trkpt lat="51.535437" lon="-0.132433"><ele>19</ele></trkpt>
      <trkpt lat="51.53545" lon="-0.132484"><ele>19</ele></trkpt>
      <trkpt lat="51.535433" lon="-0.132528"><ele>19</ele></trkpt>
      <trkpt lat="51.535435" lon="-0.132554"><ele>19</ele></trkpt>
      <trkpt lat="51.535446" lon="-0.132608"><ele>19</ele></trkpt>
      <trkpt lat="51.53545" lon="-0.132631"><ele>19</ele></trkpt>
      <trkpt lat="51.535464" lon="-0.132707"><ele>19</ele></trkpt>
      <trkpt lat="51.53548" lon="-0.132831"><ele>19</ele></trkpt>
      <trkpt lat="51.535487" lon="-0.132885"><ele>19</ele></trkpt>
      <trkpt lat="51.535502" lon="-0.132943"><ele>19</ele></trkpt>
      <trkpt lat="51.535514" lon="-0.132983"><ele>19</ele></trkpt>
      <trkpt lat="51.535553" lon="-0.133066"><ele>19</ele></trkpt>
      <trkpt lat="51.53556" lon="-0.133131"><ele>19</ele></trkpt>
      <trkpt lat="51.535572" lon="-0.133168"><ele>19</ele></trkpt>
      <trkpt lat="51.535598" lon="-0.1332"><ele>19</ele></trkpt>
      <trkpt lat="51.535623" lon="-0.13323"><ele>19</ele></trkpt>
      <trkpt lat="51.535645" lon="-0.133254"><ele>19</ele></trkpt>
      <trkpt lat="51.535687" lon="-0.133305"><ele>19.25</ele></trkpt>
      <trkpt lat="51.535874" lon="-0.13346"><ele>19.75</ele></trkpt>
      <trkpt lat="51.535934" lon="-0.133504"><ele>19.75</ele></trkpt>
      <trkpt lat="51.536401" lon="-0.133882"><ele>20.75</ele></trkpt>
      <trkpt lat="51.536565" lon="-0.134012"><ele>21</ele></trkpt>
      <trkpt lat="51.5367" lon="-0.134125"><ele>21.5</ele></trkpt>
      <trkpt lat="51.537089" lon="-0.134457"><ele>22.5</ele></trkpt>
      <trkpt lat="51.537214" lon="-0.13456"><ele>22.25</ele></trkpt>
      <trkpt lat="51.537257" lon="-0.134613"><ele>22.5</ele></trkpt>
      <trkpt lat="51.53734" lon="-0.134678"><ele>23</ele></trkpt>
      <trkpt lat="51.537376" lon="-0.134712"><ele>23.25</ele></trkpt>
      <trkpt lat="51.537388" lon="-0.134721"><ele>23.5</ele></trkpt>
      <trkpt lat="51.537414" lon="-0.134742"><ele>23.5</ele></trkpt>
      <trkpt lat="51.537423" lon="-0.134749"><ele>23.5</ele></trkpt>
      <trkpt lat="51.537452" lon="-0.134772"><ele>23.5</ele></trkpt>
      <trkpt lat="51.537474" lon="-0.13479"><ele>23.5</ele></trkpt>
      <trkpt lat="51.537515" lon="-0.13481"><ele>23.5</ele></trkpt>
      <trkpt lat="51.537901" lon="-0.135105"><ele>23.25</ele></trkpt>
      <trkpt lat="51.538392" lon="-0.135525"><ele>23.75</ele></trkpt>
      <trkpt lat="51.53843" lon="-0.135536"><ele>23.75</ele></trkpt>
      <trkpt lat="51.538493" lon="-0.135586"><ele>24</ele></trkpt>
      <trkpt lat="51.538544" lon="-0.135629"><ele>24</ele></trkpt>
      <trkpt lat="51.538829" lon="-0.135862"><ele>24</ele></trkpt>
      <trkpt lat="51.538936" lon="-0.135968"><ele>24</ele></trkpt>
      <trkpt lat="51.538958" lon="-0.136007"><ele>24</ele></trkpt>
      <trkpt lat="51.538975" lon="-0.136022"><ele>24</ele></trkpt>
      <trkpt lat="51.538997" lon="-0.136037"><ele>24</ele></trkpt>
      <trkpt lat="51.539037" lon="-0.136041"><ele>24</ele></trkpt>
      <trkpt lat="51.539105" lon="-0.136096"><ele>23.75</ele></trkpt>
      <trkpt lat="51.539115" lon="-0.136104"><ele>24</ele></trkpt>
      <trkpt lat="51.539128" lon="-0.136114"><ele>24</ele></trkpt>
      <trkpt lat="51.539143" lon="-0.136128"><ele>24</ele></trkpt>
      <trkpt lat="51.539209" lon="-0.136185"><ele>24</ele></trkpt>
      <trkpt lat="51.539337" lon="-0.13629"><ele>24</ele></trkpt>
      <trkpt lat="51.53947" lon="-0.1364"><ele>24</ele></trkpt>
      <trkpt lat="51.539535" lon="-0.136459"><ele>24.25</ele></trkpt>
      <trkpt lat="51.539703" lon="-0.136595"><ele>24.75</ele></trkpt>
      <trkpt lat="51.539719" lon="-0.136604"><ele>24.75</ele></trkpt>
      <trkpt lat="51.539781" lon="-0.136653"><ele>25</ele></trkpt>
      <trkpt lat="51.539834" lon="-0.136706"><ele>24.75</ele></trkpt>
      <trkpt lat="51.539889" lon="-0.136752"><ele>24.75</ele></trkpt>
      <trkpt lat="51.539934" lon="-0.136781"><ele>24.75</ele></trkpt>
      <trkpt lat="51.539959" lon="-0.136798"><ele>24.75</ele></trkpt>
      <trkpt lat="51.539989" lon="-0.13681"><ele>24.75</ele></trkpt>
      <trkpt lat="51.540062" lon="-0.136866"><ele>25</ele></trkpt>
      <trkpt lat="51.540575" lon="-0.137286"><ele>25.5</ele></trkpt>
      <trkpt lat="51.540662" lon="-0.137365"><ele>25.25</ele></trkpt>
      <trkpt lat="51.540791" lon="-0.137475"><ele>25.25</ele></trkpt>
      <trkpt lat="51.540834" lon="-0.137506"><ele>25.25</ele></trkpt>
      <trkpt lat="51.540854" lon="-0.137522"><ele>25.25</ele></trkpt>
      <trkpt lat="51.540873" lon="-0.137546"><ele>25.25</ele></trkpt>
      <trkpt lat="51.540893" lon="-0.137565"><ele>25.25</ele></trkpt>
      <trkpt lat="51.540967" lon="-0.13763"><ele>25.75</ele></trkpt>
      <trkpt lat="51.541229" lon="-0.137855"><ele>27.25</ele></trkpt>
      <trkpt lat="51.541258" lon="-0.137878"><ele>27.5</ele></trkpt>
      <trkpt lat="51.541291" lon="-0.137905"><ele>27.5</ele></trkpt>
      <trkpt lat="51.541351" lon="-0.13796"><ele>27.75</ele></trkpt>
      <trkpt lat="51.541586" lon="-0.138161"><ele>27.75</ele></trkpt>
      <trkpt lat="51.541605" lon="-0.138168"><ele>27.75</ele></trkpt>
      <trkpt lat="51.54172" lon="-0.138282"><ele>28</ele></trkpt>
      <trkpt lat="51.541805" lon="-0.13837"><ele>28</ele></trkpt>
      <trkpt lat="51.541918" lon="-0.138474"><ele>28</ele></trkpt>
      <trkpt lat="51.541944" lon="-0.138503"><ele>28</ele></trkpt>
      <trkpt lat="51.542037" lon="-0.138573"><ele>28</ele></trkpt>
      <trkpt lat="51.54274" lon="-0.139196"><ele>28.75</ele></trkpt>
      <trkpt lat="51.542953" lon="-0.139371"><ele>29</ele></trkpt>
      <trkpt lat="51.543283" lon="-0.139668"><ele>28.5</ele></trkpt>
      <trkpt lat="51.543305" lon="-0.13969"><ele>28.75</ele></trkpt>
      <trkpt lat="51.543358" lon="-0.139745"><ele>28.75</ele></trkpt>
      <trkpt lat="51.543368" lon="-0.139754"><ele>28.75</ele></trkpt>
      <trkpt lat="51.543393" lon="-0.139778"><ele>28.75</ele></trkpt>
      <trkpt lat="51.543432" lon="-0.139819"><ele>28.5</ele></trkpt>
      <trkpt lat="51.543452" lon="-0.13984"><ele>28.5</ele></trkpt>
      <trkpt lat="51.543485" lon="-0.139873"><ele>28.25</ele></trkpt>
      <trkpt lat="51.543509" lon="-0.139916"><ele>28.25</ele></trkpt>
      <trkpt lat="51.543726" lon="-0.140134"><ele>28</ele></trkpt>
      <trkpt lat="51.543805" lon="-0.140226"><ele>28</ele></trkpt>
      <trkpt lat="51.544023" lon="-0.1405"><ele>28</ele></trkpt>
      <trkpt lat="51.544045" lon="-0.14053"><ele>28</ele></trkpt>
      <trkpt lat="51.544089" lon="-0.140575"><ele>27.75</ele></trkpt>
      <trkpt lat="51.544139" lon="-0.140607"><ele>27.75</ele></trkpt>
      <trkpt lat="51.544236" lon="-0.140705"><ele>28</ele></trkpt>
      <trkpt lat="51.544335" lon="-0.14079"><ele>28</ele></trkpt>
      <trkpt lat="51.544345" lon="-0.140799"><ele>28</ele></trkpt>
      <trkpt lat="51.544582" lon="-0.14099"><ele>28.25</ele></trkpt>
      <trkpt lat="51.54485" lon="-0.141204"><ele>29</ele></trkpt>
      <trkpt lat="51.544887" lon="-0.141204"><ele>29</ele></trkpt>
      <trkpt lat="51.544939" lon="-0.141249"><ele>29</ele></trkpt>
      <trkpt lat="51.544978" lon="-0.14129"><ele>29</ele></trkpt>
      <trkpt lat="51.545036" lon="-0.141373"><ele>29</ele></trkpt>
      <trkpt lat="51.545076" lon="-0.141476"><ele>29</ele></trkpt>
      <trkpt lat="51.545114" lon="-0.141481"><ele>29</ele></trkpt>
      <trkpt lat="51.545143" lon="-0.141486"><ele>29</ele></trkpt>
      <trkpt lat="51.545168" lon="-0.141492"><ele>29</ele></trkpt>
      <trkpt lat="51.54519" lon="-0.141497"><ele>29</ele></trkpt>
      <trkpt lat="51.54539" lon="-0.141554"><ele>29.25</ele></trkpt>
      <trkpt lat="51.545456" lon="-0.141575"><ele>29.5</ele></trkpt>
      <trkpt lat="51.545498" lon="-0.141616"><ele>29.75</ele></trkpt>
      <trkpt lat="51.545704" lon="-0.141689"><ele>30</ele></trkpt>
      <trkpt lat="51.545791" lon="-0.141721"><ele>30</ele></trkpt>
      <trkpt lat="51.545976" lon="-0.141765"><ele>30</ele></trkpt>
      <trkpt lat="51.546192" lon="-0.14179"><ele>30</ele></trkpt>
      <trkpt lat="51.546217" lon="-0.141793"><ele>30</ele></trkpt>
      <trkpt lat="51.546324" lon="-0.141796"><ele>30</ele></trkpt>
      <trkpt lat="51.546354" lon="-0.141796"><ele>30</ele></trkpt>
      <trkpt lat="51.546362" lon="-0.141795"><ele>30</ele></trkpt>
      <trkpt lat="51.546519" lon="-0.141772"><ele>30.25</ele></trkpt>
      <trkpt lat="51.546627" lon="-0.141753"><ele>30.75</ele></trkpt>
      <trkpt lat="51.546652" lon="-0.141748"><ele>30.75</ele></trkpt>
      <trkpt lat="51.546688" lon="-0.141738"><ele>31</ele></trkpt>
      <trkpt lat="51.546721" lon="-0.141731"><ele>31</ele></trkpt>
      <trkpt lat="51.547309" lon="-0.141554"><ele>32</ele></trkpt>
      <trkpt lat="51.547341" lon="-0.141543"><ele>32</ele></trkpt>
      <trkpt lat="51.547572" lon="-0.14146"><ele>32.25</ele></trkpt>
      <trkpt lat="51.547605" lon="-0.141447"><ele>32.25</ele></trkpt>
      <trkpt lat="51.547645" lon="-0.141427"><ele>32.5</ele></trkpt>
      <trkpt lat="51.547751" lon="-0.141378"><ele>32.75</ele></trkpt>
      <trkpt lat="51.547788" lon="-0.141494"><ele>33</ele></trkpt>
      <trkpt lat="51.547797" lon="-0.141635"><ele>33</ele></trkpt>
      <trkpt lat="51.547777" lon="-0.141718"><ele>32.75</ele></trkpt>
      <trkpt lat="51.547735" lon="-0.141809"><ele>32.75</ele></trkpt>
      <trkpt lat="51.547636" lon="-0.141983"><ele>32.25</ele></trkpt>
      <trkpt lat="51.547607" lon="-0.142031"><ele>32.25</ele></trkpt>
      <trkpt lat="51.547305" lon="-0.142634"><ele>31.25</ele></trkpt>
      <trkpt lat="51.547261" lon="-0.142712"><ele>31</ele></trkpt>
      <trkpt lat="51.547055" lon="-0.143071"><ele>30.25</ele></trkpt>
      <trkpt lat="51.546814" lon="-0.143436"><ele>30</ele></trkpt>
      <trkpt lat="51.546783" lon="-0.143498"><ele>30</ele></trkpt>
      <trkpt lat="51.546711" lon="-0.143566"><ele>30</ele></trkpt>
      <trkpt lat="51.546695" lon="-0.143569"><ele>30</ele></trkpt>
      <trkpt lat="51.546648" lon="-0.143577"><ele>29.75</ele></trkpt>
      <trkpt lat="51.546653" lon="-0.143712"><ele>29.75</ele></trkpt>
      <trkpt lat="51.546646" lon="-0.143751"><ele>29.75</ele></trkpt>
      <trkpt lat="51.546648" lon="-0.143822"><ele>29.75</ele></trkpt>
      <trkpt lat="51.546651" lon="-0.143899"><ele>29.75</ele></trkpt>
      <trkpt lat="51.546651" lon="-0.144186"><ele>29.75</ele></trkpt>
      <trkpt lat="51.546645" lon="-0.144346"><ele>29.75</ele></trkpt>
      <trkpt lat="51.546643" lon="-0.14442"><ele>29.75</ele></trkpt>
      <trkpt lat="51.54664" lon="-0.144491"><ele>29.75</ele></trkpt>
      <trkpt lat="51.546635" lon="-0.144609"><ele>29.75</ele></trkpt>
      <trkpt lat="51.546607" lon="-0.145155"><ele>30</ele></trkpt>
      <trkpt lat="51.546605" lon="-0.14519"><ele>30</ele></trkpt>
      <trkpt lat="51.546601" lon="-0.145239"><ele>30</ele></trkpt>
      <trkpt lat="51.546584" lon="-0.145414"><ele>30</ele></trkpt>
      <trkpt lat="51.546572" lon="-0.145521"><ele>30.25</ele></trkpt>
      <trkpt lat="51.546549" lon="-0.145711"><ele>30</ele></trkpt>
      <trkpt lat="51.546494" lon="-0.146087"><ele>30.5</ele></trkpt>
      <trkpt lat="51.546475" lon="-0.146204"><ele>30.25</ele></trkpt>
      <trkpt lat="51.546462" lon="-0.146287"><ele>30.25</ele></trkpt>
      <trkpt lat="51.546453" lon="-0.146371"><ele>30</ele></trkpt>
      <trkpt lat="51.54643" lon="-0.146494"><ele>30</ele></trkpt>
      <trkpt lat="51.546419" lon="-0.146559"><ele>30</ele></trkpt>
      <trkpt lat="51.546384" lon="-0.146751"><ele>30</ele></trkpt>
      <trkpt lat="51.546379" lon="-0.146777"><ele>30</ele></trkpt>
      <trkpt lat="51.546357" lon="-0.146894"><ele>30</ele></trkpt>
      <trkpt lat="51.546345" lon="-0.146955"><ele>30</ele></trkpt>
      <trkpt lat="51.546292" lon="-0.147191"><ele>30</ele></trkpt>
      <trkpt lat="51.546275" lon="-0.147264"><ele>30</ele></trkpt>
      <trkpt lat="51.546265" lon="-0.147312"><ele>30</ele></trkpt>
      <trkpt lat="51.546259" lon="-0.147337"><ele>30</ele></trkpt>
      <trkpt lat="51.546202" lon="-0.147513"><ele>30</ele></trkpt>
      <trkpt lat="51.546155" lon="-0.147692"><ele>30</ele></trkpt>
      <trkpt lat="51.546134" lon="-0.147798"><ele>30</ele></trkpt>
      <trkpt lat="51.546122" lon="-0.147853"><ele>30</ele></trkpt>
      <trkpt lat="51.546102" lon="-0.147949"><ele>29.75</ele></trkpt>
      <trkpt lat="51.546074" lon="-0.14811"><ele>29.75</ele></trkpt>
      <trkpt lat="51.546052" lon="-0.148236"><ele>29.75</ele></trkpt>
      <trkpt lat="51.546022" lon="-0.148503"><ele>30</ele></trkpt>
      <trkpt lat="51.546012" lon="-0.148662"><ele>30</ele></trkpt>
      <trkpt lat="51.546006" lon="-0.148796"><ele>30</ele></trkpt>
      <trkpt lat="51.546001" lon="-0.148924"><ele>29.75</ele></trkpt>
      <trkpt lat="51.545974" lon="-0.149731"><ele>29.5</ele></trkpt>
      <trkpt lat="51.54596" lon="-0.150129"><ele>30.25</ele></trkpt>
      <trkpt lat="51.545957" lon="-0.150222"><ele>30.25</ele></trkpt>
      <trkpt lat="51.545955" lon="-0.150274"><ele>30.5</ele></trkpt>
      <trkpt lat="51.545953" lon="-0.150332"><ele>30.5</ele></trkpt>
      <trkpt lat="51.545952" lon="-0.150372"><ele>30.5</ele></trkpt>
      <trkpt lat="51.54595" lon="-0.150419"><ele>30.5</ele></trkpt>
      <trkpt lat="51.545949" lon="-0.150439"><ele>30.5</ele></trkpt>
      <trkpt lat="51.54594" lon="-0.150644"><ele>31</ele></trkpt>
      <trkpt lat="51.545939" lon="-0.15067"><ele>31</ele></trkpt>
      <trkpt lat="51.545938" lon="-0.150713"><ele>31.25</ele></trkpt>
      <trkpt lat="51.545934" lon="-0.150895"><ele>32</ele></trkpt>
      <trkpt lat="51.545933" lon="-0.150929"><ele>32</ele></trkpt>
      <trkpt lat="51.54593" lon="-0.150998"><ele>31.75</ele></trkpt>
      <trkpt lat="51.54593" lon="-0.151016"><ele>32</ele></trkpt>
      <trkpt lat="51.545928" lon="-0.151062"><ele>32</ele></trkpt>
      <trkpt lat="51.545926" lon="-0.151118"><ele>32</ele></trkpt>
      <trkpt lat="51.545899" lon="-0.151927"><ele>33</ele></trkpt>
      <trkpt lat="51.545898" lon="-0.15195"><ele>33</ele></trkpt>
      <trkpt lat="51.545894" lon="-0.152024"><ele>33</ele></trkpt>
      <trkpt lat="51.545889" lon="-0.152217"><ele>33</ele></trkpt>
      <trkpt lat="51.545877" lon="-0.152352"><ele>33</ele></trkpt>
      <trkpt lat="51.545866" lon="-0.152649"><ele>33.5</ele></trkpt>
      <trkpt lat="51.545862" lon="-0.152756"><ele>33.75</ele></trkpt>
      <trkpt lat="51.545862" lon="-0.152814"><ele>34</ele></trkpt>
      <trkpt lat="51.545862" lon="-0.152865"><ele>34</ele></trkpt>
      <trkpt lat="51.545863" lon="-0.15294"><ele>34</ele></trkpt>
      <trkpt lat="51.545864" lon="-0.153026"><ele>34</ele></trkpt>
      <trkpt lat="51.545908" lon="-0.153097"><ele>34</ele></trkpt>
      <trkpt lat="51.545897" lon="-0.153437"><ele>35</ele></trkpt>
      <trkpt lat="51.545893" lon="-0.153581"><ele>35</ele></trkpt>
      <trkpt lat="51.545861" lon="-0.154607"><ele>36</ele></trkpt>
      <trkpt lat="51.54587" lon="-0.154674"><ele>36</ele></trkpt>
      <trkpt lat="51.545869" lon="-0.154715"><ele>36</ele></trkpt>
      <trkpt lat="51.545867" lon="-0.154763"><ele>36.25</ele></trkpt>
      <trkpt lat="51.545866" lon="-0.154807"><ele>36.25</ele></trkpt>
      <trkpt lat="51.545853" lon="-0.154855"><ele>36.5</ele></trkpt>
      <trkpt lat="51.545834" lon="-0.155393"><ele>37.25</ele></trkpt>
      <trkpt lat="51.545803" lon="-0.155644"><ele>37.75</ele></trkpt>
      <trkpt lat="51.54579" lon="-0.155734"><ele>37.75</ele></trkpt>
      <trkpt lat="51.545791" lon="-0.155751"><ele>37.75</ele></trkpt>
      <trkpt lat="51.545796" lon="-0.155777"><ele>37.75</ele></trkpt>
      <trkpt lat="51.545804" lon="-0.155819"><ele>37.75</ele></trkpt>
      <trkpt lat="51.545877" lon="-0.155976"><ele>38.5</ele></trkpt>
      <trkpt lat="51.545887" lon="-0.156041"><ele>38.75</ele></trkpt>
      <trkpt lat="51.54603" lon="-0.15626"><ele>40</ele></trkpt>
      <trkpt lat="51.546168" lon="-0.156519"><ele>41.5</ele></trkpt>
      <trkpt lat="51.546249" lon="-0.156686"><ele>42</ele></trkpt>
      <trkpt lat="51.546228" lon="-0.156803"><ele>42.5</ele></trkpt>
      <trkpt lat="51.546255" lon="-0.156867"><ele>43</ele></trkpt>
      <trkpt lat="51.546276" lon="-0.156916"><ele>43.25</ele></trkpt>
      <trkpt lat="51.546352" lon="-0.157113"><ele>44.25</ele></trkpt>
      <trkpt lat="51.546442" lon="-0.157375"><ele>45.75</ele></trkpt>
      <trkpt lat="51.546464" lon="-0.157445"><ele>46.25</ele></trkpt>
      <trkpt lat="51.546478" lon="-0.157486"><ele>46.5</ele></trkpt>
      <trkpt lat="51.546537" lon="-0.157661"><ele>47.75</ele></trkpt>
      <trkpt lat="51.546604" lon="-0.157878"><ele>48.75</ele></trkpt>
      <trkpt lat="51.546631" lon="-0.157967"><ele>49</ele></trkpt>
      <trkpt lat="51.546668" lon="-0.158069"><ele>49</ele></trkpt>
      <trkpt lat="51.546732" lon="-0.158246"><ele>49.75</ele></trkpt>
      <trkpt lat="51.546743" lon="-0.158274"><ele>50</ele></trkpt>
      <trkpt lat="51.546753" lon="-0.158298"><ele>50</ele></trkpt>
      <trkpt lat="51.546777" lon="-0.15836"><ele>50.25</ele></trkpt>
      <trkpt lat="51.546797" lon="-0.158403"><ele>50.5</ele></trkpt>
      <trkpt lat="51.546809" lon="-0.158431"><ele>50.75</ele></trkpt>
      <trkpt lat="51.546949" lon="-0.158743"><ele>52</ele></trkpt>
      <trkpt lat="51.546999" lon="-0.158854"><ele>52.25</ele></trkpt>
      <trkpt lat="51.547037" lon="-0.158938"><ele>52.75</ele></trkpt>
      <trkpt lat="51.546989" lon="-0.158996"><ele>52.75</ele></trkpt>
      <trkpt lat="51.547007" lon="-0.159035"><ele>53</ele></trkpt>
      <trkpt lat="51.54742" lon="-0.159885"><ele>55</ele></trkpt>
      <trkpt lat="51.547427" lon="-0.159905"><ele>55</ele></trkpt>
      <trkpt lat="51.547427" lon="-0.159931"><ele>55</ele></trkpt>
      <trkpt lat="51.547435" lon="-0.159948"><ele>55</ele></trkpt>
      <trkpt lat="51.547462" lon="-0.160005"><ele>55</ele></trkpt>
      <trkpt lat="51.547417" lon="-0.160066"><ele>55</ele></trkpt>
      <trkpt lat="51.547383" lon="-0.160111"><ele>55</ele></trkpt>
      <trkpt lat="51.5473" lon="-0.160198"><ele>55</ele></trkpt>
      <trkpt lat="51.547168" lon="-0.160343"><ele>54.75</ele></trkpt>
      <trkpt lat="51.547137" lon="-0.160374"><ele>54.75</ele></trkpt>
      <trkpt lat="51.546993" lon="-0.160542"><ele>54.75</ele></trkpt>
      <trkpt lat="51.546897" lon="-0.160678"><ele>54.75</ele></trkpt>
      <trkpt lat="51.546798" lon="-0.160825"><ele>54.75</ele></trkpt>
      <trkpt lat="51.546094" lon="-0.161874"><ele>54.75</ele></trkpt>
      <trkpt lat="51.545976" lon="-0.162046"><ele>54.5</ele></trkpt>
      <trkpt lat="51.545839" lon="-0.16225"><ele>54</ele></trkpt>
      <trkpt lat="51.545533" lon="-0.162717"><ele>53.75</ele></trkpt>
      <trkpt lat="51.545477" lon="-0.162805"><ele>53.75</ele></trkpt>
      <trkpt lat="51.545516" lon="-0.162856"><ele>54</ele></trkpt>
      <trkpt lat="51.545543" lon="-0.162895"><ele>54.25</ele></trkpt>
      <trkpt lat="51.545509" lon="-0.16296"><ele>54.25</ele></trkpt>
      <trkpt lat="51.545492" lon="-0.163099"><ele>54.75</ele></trkpt>
      <trkpt lat="51.545435" lon="-0.163538"><ele>55</ele></trkpt>
      <trkpt lat="51.545398" lon="-0.163826"><ele>55.25</ele></trkpt>
      <trkpt lat="51.545232" lon="-0.165102"><ele>57.75</ele></trkpt>
      <trkpt lat="51.545153" lon="-0.1657"><ele>58.75</ele></trkpt>
      <trkpt lat="51.545135" lon="-0.165839"><ele>59</ele></trkpt>
      <trkpt lat="51.545098" lon="-0.166122"><ele>59</ele></trkpt>
      <trkpt lat="51.54499" lon="-0.166984"><ele>58.75</ele></trkpt>
      <trkpt lat="51.544951" lon="-0.167281"><ele>58.75</ele></trkpt>
      <trkpt lat="51.54492" lon="-0.167521"><ele>58.5</ele></trkpt>
      <trkpt lat="51.544891" lon="-0.167736"><ele>58.25</ele></trkpt>
      <trkpt lat="51.544859" lon="-0.167973"><ele>57.75</ele></trkpt>
      <trkpt lat="51.544824" lon="-0.168234"><ele>57</ele></trkpt>
      <trkpt lat="51.544803" lon="-0.168391"><ele>56.5</ele></trkpt>
      <trkpt lat="51.54469" lon="-0.169227"><ele>56.5</ele></trkpt>
      <trkpt lat="51.544652" lon="-0.169509"><ele>56.25</ele></trkpt>
      <trkpt lat="51.544601" lon="-0.169934"><ele>55.25</ele></trkpt>
      <trkpt lat="51.544576" lon="-0.170124"><ele>55.5</ele></trkpt>
      <trkpt lat="51.544461" lon="-0.171011"><ele>56</ele></trkpt>
      <trkpt lat="51.544391" lon="-0.17153"><ele>55.5</ele></trkpt>
      <trkpt lat="51.544248" lon="-0.172581"><ele>54.75</ele></trkpt>
      <trkpt lat="51.544187" lon="-0.173031"><ele>54.75</ele></trkpt>
      <trkpt lat="51.544125" lon="-0.173597"><ele>56</ele></trkpt>
      <trkpt lat="51.544062" lon="-0.173784"><ele>56.75</ele></trkpt>
      <trkpt lat="51.544041" lon="-0.17385"><ele>56.75</ele></trkpt>
      <trkpt lat="51.543926" lon="-0.174222"><ele>57</ele></trkpt>
      <trkpt lat="51.543903" lon="-0.174275"><ele>57</ele></trkpt>
      <trkpt lat="51.543781" lon="-0.174518"><ele>57</ele></trkpt>
      <trkpt lat="51.543824" lon="-0.174606"><ele>57.25</ele></trkpt>
      <trkpt lat="51.543827" lon="-0.174696"><ele>57.5</ele></trkpt>
      <trkpt lat="51.543829" lon="-0.174735"><ele>57.75</ele></trkpt>
      <trkpt lat="51.544128" lon="-0.174722"><ele>57.75</ele></trkpt>
      <trkpt lat="51.544129" lon="-0.174786"><ele>58</ele></trkpt>
      <trkpt lat="51.544051" lon="-0.174789"><ele>58</ele></trkpt>
      <trkpt lat="51.544059" lon="-0.174856"><ele>58</ele></trkpt>
      <trkpt lat="51.544077" lon="-0.174923"><ele>58</ele></trkpt>
      <trkpt lat="51.544081" lon="-0.174976"><ele>58</ele></trkpt>
      <trkpt lat="51.544082" lon="-0.175156"><ele>57.25</ele></trkpt>
      <trkpt lat="51.544087" lon="-0.175202"><ele>57.25</ele></trkpt>
      <trkpt lat="51.544095" lon="-0.175235"><ele>57</ele></trkpt>
      <trkpt lat="51.544129" lon="-0.175284"><ele>56.75</ele></trkpt>
      <trkpt lat="51.544244" lon="-0.17537"><ele>57</ele></trkpt>
      <trkpt lat="51.54442" lon="-0.17552"><ele>57</ele></trkpt>
      <trkpt lat="51.544556" lon="-0.17566"><ele>57.25</ele></trkpt>
      <trkpt lat="51.544726" lon="-0.175875"><ele>56.75</ele></trkpt>
      <trkpt lat="51.544697" lon="-0.175929"><ele>56.5</ele></trkpt>
      <trkpt lat="51.544687" lon="-0.175948"><ele>56.25</ele></trkpt>
      <trkpt lat="51.544664" lon="-0.175991"><ele>56</ele></trkpt>
      <trkpt lat="51.544764" lon="-0.176141"><ele>55.75</ele></trkpt>
      <trkpt lat="51.544826" lon="-0.176248"><ele>55.25</ele></trkpt>
      <trkpt lat="51.544933" lon="-0.176467"><ele>55.25</ele></trkpt>
      <trkpt lat="51.545004" lon="-0.176635"><ele>56</ele></trkpt>
      <trkpt lat="51.545299" lon="-0.177441"><ele>55.25</ele></trkpt>
      <trkpt lat="51.545329" lon="-0.17752"><ele>55</ele></trkpt>
      <trkpt lat="51.5454" lon="-0.177712"><ele>54.5</ele></trkpt>
      <trkpt lat="51.545495" lon="-0.17796"><ele>54.25</ele></trkpt>
      <trkpt lat="51.545604" lon="-0.178232"><ele>54.5</ele></trkpt>
      <trkpt lat="51.54569" lon="-0.178396"><ele>54.25</ele></trkpt>
      <trkpt lat="51.545763" lon="-0.178505"><ele>54.25</ele></trkpt>
      <trkpt lat="51.545884" lon="-0.178663"><ele>54.5</ele></trkpt>
      <trkpt lat="51.546083" lon="-0.178903"><ele>53.75</ele></trkpt>
      <trkpt lat="51.546105" lon="-0.178925"><ele>53.75</ele></trkpt>
      <trkpt lat="51.546092" lon="-0.178958"><ele>53.5</ele></trkpt>
      <trkpt lat="51.546085" lon="-0.178997"><ele>53.5</ele></trkpt>
      <trkpt lat="51.546089" lon="-0.179049"><ele>53.25</ele></trkpt>
      <trkpt lat="51.546096" lon="-0.17906"><ele>53.25</ele></trkpt>
      <trkpt lat="51.546117" lon="-0.179084"><ele>53.25</ele></trkpt>
      <trkpt lat="51.545954" lon="-0.179386"><ele>51.5</ele></trkpt>
      <trkpt lat="51.545896" lon="-0.179554"><ele>51</ele></trkpt>
      <trkpt lat="51.545889" lon="-0.179615"><ele>51</ele></trkpt>
      <trkpt lat="51.545887" lon="-0.179661"><ele>51</ele></trkpt>
      <trkpt lat="51.545901" lon="-0.179685"><ele>51</ele></trkpt>
      <trkpt lat="51.545949" lon="-0.179763"><ele>50.75</ele></trkpt>
      <trkpt lat="51.54613" lon="-0.180053"><ele>50.75</ele></trkpt>
      <trkpt lat="51.546437" lon="-0.180546"><ele>50.75</ele></trkpt>
      <trkpt lat="51.546464" lon="-0.180603"><ele>50.25</ele></trkpt>
      <trkpt lat="51.54647" lon="-0.180661"><ele>49.75</ele></trkpt>
      <trkpt lat="51.54649" lon="-0.180662"><ele>49.75</ele></trkpt>
      <trkpt lat="51.54651" lon="-0.180664"><ele>49.5</ele></trkpt>
      <trkpt lat="51.546511" lon="-0.180717"><ele>49</ele></trkpt>
      <trkpt lat="51.546508" lon="-0.180768"><ele>48.75</ele></trkpt>
      <trkpt lat="51.546505" lon="-0.180813"><ele>48.25</ele></trkpt>
      <trkpt lat="51.546503" lon="-0.180854"><ele>48.25</ele></trkpt>
      <trkpt lat="51.54652" lon="-0.180879"><ele>48.25</ele></trkpt>
      <trkpt lat="51.546573" lon="-0.181017"><ele>48.25</ele></trkpt>
      <trkpt lat="51.546698" lon="-0.181407"><ele>48.25</ele></trkpt>
      <trkpt lat="51.546748" lon="-0.181621"><ele>47.25</ele></trkpt>
      <trkpt lat="51.546805" lon="-0.181929"><ele>47</ele></trkpt>
      <trkpt lat="51.546838" lon="-0.182271"><ele>47</ele></trkpt>
      <trkpt lat="51.546842" lon="-0.182649"><ele>46.5</ele></trkpt>
      <trkpt lat="51.546828" lon="-0.182879"><ele>46.25</ele></trkpt>
      <trkpt lat="51.546778" lon="-0.18328"><ele>46</ele></trkpt>
      <trkpt lat="51.546492" lon="-0.185539"><ele>46</ele></trkpt>
      <trkpt lat="51.546479" lon="-0.185637"><ele>46.25</ele></trkpt>
      <trkpt lat="51.546516" lon="-0.185685"><ele>46.25</ele></trkpt>
      <trkpt lat="51.546464" lon="-0.186094"><ele>47</ele></trkpt>
      <trkpt lat="51.546324" lon="-0.187198"><ele>47.5</ele></trkpt>
      <trkpt lat="51.546295" lon="-0.187405"><ele>47.5</ele></trkpt>
      <trkpt lat="51.546238" lon="-0.187809"><ele>48.25</ele></trkpt>
      <trkpt lat="51.54623" lon="-0.18799"><ele>48.25</ele></trkpt>
      <trkpt lat="51.546248" lon="-0.188176"><ele>48.5</ele></trkpt>
      <trkpt lat="51.546346" lon="-0.188485"><ele>49.25</ele></trkpt>
      <trkpt lat="51.546416" lon="-0.188621"><ele>49.75</ele></trkpt>
      <trkpt lat="51.546491" lon="-0.188758"><ele>49.5</ele></trkpt>
      <trkpt lat="51.546493" lon="-0.188899"><ele>49.25</ele></trkpt>
      <trkpt lat="51.546494" lon="-0.188945"><ele>49.25</ele></trkpt>
      <trkpt lat="51.546461" lon="-0.189262"><ele>49.5</ele></trkpt>
      <trkpt lat="51.546453" lon="-0.189407"><ele>50</ele></trkpt>
      <trkpt lat="51.546432" lon="-0.189776"><ele>51</ele></trkpt>
      <trkpt lat="51.546391" lon="-0.190725"><ele>53.5</ele></trkpt>
      <trkpt lat="51.546377" lon="-0.191049"><ele>54.5</ele></trkpt>
      <trkpt lat="51.546373" lon="-0.191142"><ele>55</ele></trkpt>
      <trkpt lat="51.546461" lon="-0.19113"><ele>54</ele></trkpt>
      <trkpt lat="51.546523" lon="-0.191121"><ele>53</ele></trkpt>
      <trkpt lat="51.546755" lon="-0.191108"><ele>52.5</ele></trkpt>
      <trkpt lat="51.546908" lon="-0.1911"><ele>55.25</ele></trkpt>
      <trkpt lat="51.547014" lon="-0.19109"><ele>55.75</ele></trkpt>
      <trkpt lat="51.547197" lon="-0.191086"><ele>55.75</ele></trkpt>
      <trkpt lat="51.547359" lon="-0.191069"><ele>54.75</ele></trkpt>
      <trkpt lat="51.547401" lon="-0.191064"><ele>54.5</ele></trkpt>
      <trkpt lat="51.547425" lon="-0.191061"><ele>54.25</ele></trkpt>
      <trkpt lat="51.547473" lon="-0.191056"><ele>54</ele></trkpt>
      <trkpt lat="51.547593" lon="-0.191041"><ele>54.5</ele></trkpt>
      <trkpt lat="51.547784" lon="-0.191023"><ele>55.5</ele></trkpt>
      <trkpt lat="51.547831" lon="-0.191019"><ele>55.5</ele></trkpt>
      <trkpt lat="51.547864" lon="-0.191015"><ele>55.5</ele></trkpt>
      <trkpt lat="51.547938" lon="-0.191008"><ele>55.5</ele></trkpt>
      <trkpt lat="51.548011" lon="-0.191002"><ele>55.5</ele></trkpt>
      <trkpt lat="51.548013" lon="-0.19106"><ele>55.75</ele></trkpt>
      <trkpt lat="51.548161" lon="-0.19107"><ele>55</ele></trkpt>
      <trkpt lat="51.548464" lon="-0.191088"><ele>53.5</ele></trkpt>
      <trkpt lat="51.548537" lon="-0.191093"><ele>53.25</ele></trkpt>
      <trkpt lat="51.548537" lon="-0.19118"><ele>53.25</ele></trkpt>
      <trkpt lat="51.54857" lon="-0.191485"><ele>53.75</ele></trkpt>
      <trkpt lat="51.548592" lon="-0.191822"><ele>53.25</ele></trkpt>
      <trkpt lat="51.548612" lon="-0.192123"><ele>53.25</ele></trkpt>
      <trkpt lat="51.548648" lon="-0.192784"><ele>53</ele></trkpt>
      <trkpt lat="51.54865" lon="-0.193348"><ele>51</ele></trkpt>
      <trkpt lat="51.548645" lon="-0.193574"><ele>51</ele></trkpt>
      <trkpt lat="51.5488" lon="-0.194969"><ele>50.5</ele></trkpt>
      <trkpt lat="51.548975" lon="-0.196051"><ele>51</ele></trkpt>
      <trkpt lat="51.549207" lon="-0.197375"><ele>50.25</ele></trkpt>
      <trkpt lat="51.549294" lon="-0.197823"><ele>51</ele></trkpt>
      <trkpt lat="51.549418" lon="-0.198041"><ele>50</ele></trkpt>
      <trkpt lat="51.549693" lon="-0.198174"><ele>50</ele></trkpt>
      <trkpt lat="51.549896" lon="-0.199093"><ele>51.5</ele></trkpt>
      <trkpt lat="51.550081" lon="-0.199727"><ele>54.25</ele></trkpt>
      <trkpt lat="51.550177" lon="-0.200009"><ele>55.25</ele></trkpt>
      <trkpt lat="51.550248" lon="-0.200139"><ele>56.25</ele></trkpt>
      <trkpt lat="51.550432" lon="-0.20052"><ele>58</ele></trkpt>
      <trkpt lat="51.550646" lon="-0.200646"><ele>59.75</ele></trkpt>
      <trkpt lat="51.550706" lon="-0.200676"><ele>60.5</ele></trkpt>
      <trkpt lat="51.550733" lon="-0.200692"><ele>60.75</ele></trkpt>
      <trkpt lat="51.550972" lon="-0.200822"><ele>63.25</ele></trkpt>
      <trkpt lat="51.551224" lon="-0.200959"><ele>65.75</ele></trkpt>
      <trkpt lat="51.551177" lon="-0.201179"><ele>65.75</ele></trkpt>
      <trkpt lat="51.551103" lon="-0.201548"><ele>66.25</ele></trkpt>
      <trkpt lat="51.551078" lon="-0.202021"><ele>66.5</ele></trkpt>
      <trkpt lat="51.551071" lon="-0.202122"><ele>66.5</ele></trkpt>
      <trkpt lat="51.551393" lon="-0.202136"><ele>69.25</ele></trkpt>
      <trkpt lat="51.551432" lon="-0.202179"><ele>69.5</ele></trkpt>
      <trkpt lat="51.551475" lon="-0.202276"><ele>69.75</ele></trkpt>
      <trkpt lat="51.551693" lon="-0.202798"><ele>72.25</ele></trkpt>
      <trkpt lat="51.551932" lon="-0.203365"><ele>71.75</ele></trkpt>
      <trkpt lat="51.552125" lon="-0.203815"><ele>70.5</ele></trkpt>
      <trkpt lat="51.552427" lon="-0.204505"><ele>67</ele></trkpt>
      <trkpt lat="51.552781" lon="-0.205313"><ele>62.75</ele></trkpt>
      <trkpt lat="51.553006" lon="-0.205747"><ele>60.75</ele></trkpt>
      <trkpt lat="51.553211" lon="-0.206123"><ele>58.75</ele></trkpt>
      <trkpt lat="51.553552" lon="-0.2067"><ele>57.5</ele></trkpt>
      <trkpt lat="51.553888" lon="-0.207129"><ele>56.75</ele></trkpt>
      <trkpt lat="51.554023" lon="-0.207273"><ele>56.75</ele></trkpt>
      <trkpt lat="51.554414" lon="-0.207687"><ele>56</ele></trkpt>
      <trkpt lat="51.554514" lon="-0.207769"><ele>56</ele></trkpt>
      <trkpt lat="51.554998" lon="-0.208094"><ele>55.75</ele></trkpt>
      <trkpt lat="51.555583" lon="-0.208423"><ele>56</ele></trkpt>
      <trkpt lat="51.555789" lon="-0.208521"><ele>56.25</ele></trkpt>
      <trkpt lat="51.555899" lon="-0.208601"><ele>56</ele></trkpt>
      <trkpt lat="51.55626" lon="-0.208911"><ele>56</ele></trkpt>
      <trkpt lat="51.556706" lon="-0.209335"><ele>55</ele></trkpt>
      <trkpt lat="51.557137" lon="-0.209807"><ele>55</ele></trkpt>
      <trkpt lat="51.55735" lon="-0.210053"><ele>55</ele></trkpt>
      <trkpt lat="51.558541" lon="-0.211539"><ele>54.25</ele></trkpt>
      <trkpt lat="51.558588" lon="-0.211586"><ele>54.25</ele></trkpt>
      <trkpt lat="51.558595" lon="-0.211751"><ele>53.5</ele></trkpt>
      <trkpt lat="51.558646" lon="-0.211814"><ele>53.5</ele></trkpt>
      <trkpt lat="51.558653" lon="-0.211824"><ele>53.75</ele></trkpt>
      <trkpt lat="51.558674" lon="-0.211812"><ele>53.75</ele></trkpt>
      <trkpt lat="51.558726" lon="-0.211814"><ele>54.25</ele></trkpt>
      <trkpt lat="51.558788" lon="-0.211835"><ele>54.75</ele></trkpt>
      <trkpt lat="51.559013" lon="-0.211958"><ele>56.25</ele></trkpt>
      <trkpt lat="51.55942" lon="-0.212281"><ele>57.75</ele></trkpt>
      <trkpt lat="51.559484" lon="-0.212332"><ele>58</ele></trkpt>
      <trkpt lat="51.559545" lon="-0.212381"><ele>58.25</ele></trkpt>
      <trkpt lat="51.560183" lon="-0.212892"><ele>59.5</ele></trkpt>
      <trkpt lat="51.56041" lon="-0.213069"><ele>59.75</ele></trkpt>
      <trkpt lat="51.560463" lon="-0.213112"><ele>59.5</ele></trkpt>
      <trkpt lat="51.560523" lon="-0.213161"><ele>59.25</ele></trkpt>
      <trkpt lat="51.56095" lon="-0.213482"><ele>58.75</ele></trkpt>
      <trkpt lat="51.561672" lon="-0.214036"><ele>56.75</ele></trkpt>
      <trkpt lat="51.561909" lon="-0.214262"><ele>56.5</ele></trkpt>
      <trkpt lat="51.561977" lon="-0.214309"><ele>56.25</ele></trkpt>
      <trkpt lat="51.562046" lon="-0.214361"><ele>56</ele></trkpt>
      <trkpt lat="51.562086" lon="-0.214375"><ele>56</ele></trkpt>
      <trkpt lat="51.562397" lon="-0.214587"><ele>55.25</ele></trkpt>
      <trkpt lat="51.562437" lon="-0.214618"><ele>55</ele></trkpt>
      <trkpt lat="51.562744" lon="-0.214857"><ele>54</ele></trkpt>
      <trkpt lat="51.563247" lon="-0.215265"><ele>52.25</ele></trkpt>
      <trkpt lat="51.563356" lon="-0.215362"><ele>52</ele></trkpt>
      <trkpt lat="51.563399" lon="-0.215394"><ele>52</ele></trkpt>
      <trkpt lat="51.563393" lon="-0.215443"><ele>52</ele></trkpt>
      <trkpt lat="51.563402" lon="-0.215519"><ele>52</ele></trkpt>
      <trkpt lat="51.563427" lon="-0.215601"><ele>52</ele></trkpt>
      <trkpt lat="51.563471" lon="-0.215679"><ele>52</ele></trkpt>
      <trkpt lat="51.564242" lon="-0.216693"><ele>51</ele></trkpt>
      <trkpt lat="51.56445" lon="-0.216968"><ele>51</ele></trkpt>
      <trkpt lat="51.56505" lon="-0.217766"><ele>52</ele></trkpt>
      <trkpt lat="51.569076" lon="-0.223141"><ele>51.5</ele></trkpt>
      <trkpt lat="51.569115" lon="-0.223146"><ele>51.25</ele></trkpt>
      <trkpt lat="51.569142" lon="-0.223136"><ele>51.25</ele></trkpt>
      <trkpt lat="51.569216" lon="-0.223036"><ele>51.25</ele></trkpt>
      <trkpt lat="51.569258" lon="-0.223137"><ele>50.25</ele></trkpt>
      <trkpt lat="51.569344" lon="-0.223214"><ele>49.25</ele></trkpt>
      <trkpt lat="51.569417" lon="-0.223303"><ele>49</ele></trkpt>
      <trkpt lat="51.569484" lon="-0.223416"><ele>48.25</ele></trkpt>
      <trkpt lat="51.569523" lon="-0.223495"><ele>47.75</ele></trkpt>
      <trkpt lat="51.569539" lon="-0.22358"><ele>47.25</ele></trkpt>
      <trkpt lat="51.569539" lon="-0.223634"><ele>47</ele></trkpt>
      <trkpt lat="51.569625" lon="-0.223807"><ele>45.75</ele></trkpt>
      <trkpt lat="51.569667" lon="-0.224049"><ele>45.25</ele></trkpt>
      <trkpt lat="51.569711" lon="-0.224412"><ele>45</ele></trkpt>
      <trkpt lat="51.569716" lon="-0.224609"><ele>45.5</ele></trkpt>
      <trkpt lat="51.5697" lon="-0.224775"><ele>46.25</ele></trkpt>
      <trkpt lat="51.569658" lon="-0.225092"><ele>48.25</ele></trkpt>
      <trkpt lat="51.569564" lon="-0.225406"><ele>49</ele></trkpt>
      <trkpt lat="51.569354" lon="-0.225822"><ele>49</ele></trkpt>
      <trkpt lat="51.569343" lon="-0.225843"><ele>49</ele></trkpt>
      <trkpt lat="51.569216" lon="-0.226091"><ele>49</ele></trkpt>
      <trkpt lat="51.56917" lon="-0.226032"><ele>48.75</ele></trkpt>
      <trkpt lat="51.569154" lon="-0.226066"><ele>48.75</ele></trkpt>
      <trkpt lat="51.568899" lon="-0.226545"><ele>48.75</ele></trkpt>
      <trkpt lat="51.568899" lon="-0.226545"><ele>49</ele></trkpt>
      <trkpt lat="51.568622" lon="-0.227074"><ele>49</ele></trkpt>
      <trkpt lat="51.568563" lon="-0.227185"><ele>49</ele></trkpt>
      <trkpt lat="51.568469" lon="-0.227365"><ele>49</ele></trkpt>
      <trkpt lat="51.568487" lon="-0.227428"><ele>49</ele></trkpt>
      <trkpt lat="51.568497" lon="-0.227464"><ele>49</ele></trkpt>
      <trkpt lat="51.568964" lon="-0.228221"><ele>47.5</ele></trkpt>
      <trkpt lat="51.568989" lon="-0.228221"><ele>47.5</ele></trkpt>
      <trkpt lat="51.569057" lon="-0.22834"><ele>47.5</ele></trkpt>
      <trkpt lat="51.569079" lon="-0.228403"><ele>47.25</ele></trkpt>
      <trkpt lat="51.569241" lon="-0.229004"><ele>46.75</ele></trkpt>
      <trkpt lat="51.569278" lon="-0.229077"><ele>46.5</ele></trkpt>
      <trkpt lat="51.569318" lon="-0.229118"><ele>46.5</ele></trkpt>
      <trkpt lat="51.569374" lon="-0.229121"><ele>46.75</ele></trkpt>
      <trkpt lat="51.569385" lon="-0.22917"><ele>46.75</ele></trkpt>
      <trkpt lat="51.569391" lon="-0.229198"><ele>46.75</ele></trkpt>
      <trkpt lat="51.569395" lon="-0.229215"><ele>46.75</ele></trkpt>
      <trkpt lat="51.569403" lon="-0.229237"><ele>46.75</ele></trkpt>
      <trkpt lat="51.569419" lon="-0.229278"><ele>46.75</ele></trkpt>
      <trkpt lat="51.569395" lon="-0.229331"><ele>46.5</ele></trkpt>
      <trkpt lat="51.569372" lon="-0.229417"><ele>46.5</ele></trkpt>
      <trkpt lat="51.569379" lon="-0.229508"><ele>46</ele></trkpt>
      <trkpt lat="51.569461" lon="-0.229794"><ele>44.75</ele></trkpt>
      <trkpt lat="51.569584" lon="-0.230116"><ele>44.75</ele></trkpt>
      <trkpt lat="51.569777" lon="-0.230388"><ele>44</ele></trkpt>
      <trkpt lat="51.570091" lon="-0.230796"><ele>43.5</ele></trkpt>
      <trkpt lat="51.570085" lon="-0.230813"><ele>43.25</ele></trkpt>
      <trkpt lat="51.57032" lon="-0.231071"><ele>41.75</ele></trkpt>
      <trkpt lat="51.570377" lon="-0.231106"><ele>41.25</ele></trkpt>
      <trkpt lat="51.570382" lon="-0.231097"><ele>41.5</ele></trkpt>
      <trkpt lat="51.570402" lon="-0.231101"><ele>41.25</ele></trkpt>
      <trkpt lat="51.570532" lon="-0.231155"><ele>41.25</ele></trkpt>
      <trkpt lat="51.571005" lon="-0.231178"><ele>40.75</ele></trkpt>
      <trkpt lat="51.571268" lon="-0.231437"><ele>40.5</ele></trkpt>
      <trkpt lat="51.571576" lon="-0.231748"><ele>40</ele></trkpt>
      <trkpt lat="51.571575" lon="-0.231768"><ele>40</ele></trkpt>
      <trkpt lat="51.571563" lon="-0.231986"><ele>40</ele></trkpt>
      <trkpt lat="51.571565" lon="-0.232126"><ele>40</ele></trkpt>
      <trkpt lat="51.57158" lon="-0.232153"><ele>40</ele></trkpt>
      <trkpt lat="51.571581" lon="-0.232315"><ele>40</ele></trkpt>
      <trkpt lat="51.571607" lon="-0.232469"><ele>40</ele></trkpt>
      <trkpt lat="51.571637" lon="-0.232595"><ele>40</ele></trkpt>
      <trkpt lat="51.571736" lon="-0.232785"><ele>40</ele></trkpt>
      <trkpt lat="51.571872" lon="-0.233083"><ele>39.75</ele></trkpt>
      <trkpt lat="51.571893" lon="-0.233133"><ele>39.75</ele></trkpt>
      <trkpt lat="51.571926" lon="-0.233178"><ele>39.5</ele></trkpt>
      <trkpt lat="51.571985" lon="-0.23326"><ele>39.25</ele></trkpt>
      <trkpt lat="51.572076" lon="-0.233376"><ele>39.25</ele></trkpt>
      <trkpt lat="51.572519" lon="-0.233924"><ele>40</ele></trkpt>
      <trkpt lat="51.572894" lon="-0.234372"><ele>40</ele></trkpt>
      <trkpt lat="51.57374" lon="-0.235408"><ele>41.5</ele></trkpt>
      <trkpt lat="51.574113" lon="-0.235844"><ele>43.75</ele></trkpt>
      <trkpt lat="51.574424" lon="-0.236206"><ele>44.75</ele></trkpt>
      <trkpt lat="51.574714" lon="-0.236544"><ele>46.25</ele></trkpt>
      <trkpt lat="51.574835" lon="-0.236674"><ele>46.75</ele></trkpt>
      <trkpt lat="51.575011" lon="-0.236861"><ele>47.25</ele></trkpt>
      <trkpt lat="51.575212" lon="-0.237075"><ele>48.5</ele></trkpt>
      <trkpt lat="51.57578" lon="-0.237686"><ele>50.25</ele></trkpt>
      <trkpt lat="51.576058" lon="-0.23797"><ele>51</ele></trkpt>
      <trkpt lat="51.576334" lon="-0.238232"><ele>50.25</ele></trkpt>
      <trkpt lat="51.576447" lon="-0.238349"><ele>50</ele></trkpt>
      <trkpt lat="51.576579" lon="-0.238474"><ele>50.25</ele></trkpt>
      <trkpt lat="51.576588" lon="-0.238469"><ele>50.25</ele></trkpt>
      <trkpt lat="51.576617" lon="-0.238511"><ele>50.25</ele></trkpt>
      <trkpt lat="51.576643" lon="-0.238549"><ele>50</ele></trkpt>
      <trkpt lat="51.577586" lon="-0.239509"><ele>49</ele></trkpt>
      <trkpt lat="51.577604" lon="-0.239528"><ele>49.25</ele></trkpt>
      <trkpt lat="51.57763" lon="-0.239555"><ele>49.25</ele></trkpt>
      <trkpt lat="51.577844" lon="-0.239783"><ele>49</ele></trkpt>
      <trkpt lat="51.577865" lon="-0.239788"><ele>49</ele></trkpt>
      <trkpt lat="51.577898" lon="-0.239733"><ele>49.25</ele></trkpt>
      <trkpt lat="51.577909" lon="-0.239748"><ele>49.25</ele></trkpt>
      <trkpt lat="51.577938" lon="-0.239789"><ele>49.25</ele></trkpt>
      <trkpt lat="51.57804" lon="-0.239591"><ele>50.25</ele></trkpt>
      <trkpt lat="51.578095" lon="-0.239649"><ele>50.25</ele></trkpt>
      <trkpt lat="51.578118" lon="-0.23961"><ele>50.5</ele></trkpt>
      <trkpt lat="51.578255" lon="-0.239381"><ele>51.75</ele></trkpt>
      <trkpt lat="51.578348" lon="-0.239277"><ele>52.5</ele></trkpt>
      <trkpt lat="51.57843" lon="-0.239242"><ele>53</ele></trkpt>
      <trkpt lat="51.578526" lon="-0.239236"><ele>53.25</ele></trkpt>
      <trkpt lat="51.578581" lon="-0.239193"><ele>53.75</ele></trkpt>
      <trkpt lat="51.578708" lon="-0.239172"><ele>54.25</ele></trkpt>
      <trkpt lat="51.578793" lon="-0.239182"><ele>54.5</ele></trkpt>
      <trkpt lat="51.578827" lon="-0.239178"><ele>54.5</ele></trkpt>
      <trkpt lat="51.578905" lon="-0.239167"><ele>54.75</ele></trkpt>
      <trkpt lat="51.579069" lon="-0.239082"><ele>54.25</ele></trkpt>
      <trkpt lat="51.579211" lon="-0.239021"><ele>53.75</ele></trkpt>
      <trkpt lat="51.579505" lon="-0.238719"><ele>53</ele></trkpt>
      <trkpt lat="51.579688" lon="-0.238512"><ele>52.5</ele></trkpt>
      <trkpt lat="51.57978" lon="-0.238436"><ele>54.25</ele></trkpt>
      <trkpt lat="51.579817" lon="-0.238397"><ele>54.5</ele></trkpt>
      <trkpt lat="51.579893" lon="-0.238313"><ele>55.25</ele></trkpt>
      <trkpt lat="51.579968" lon="-0.23823"><ele>55.75</ele></trkpt>
      <trkpt lat="51.580179" lon="-0.237944"><ele>58</ele></trkpt>
      <trkpt lat="51.580322" lon="-0.237718"><ele>58</ele></trkpt>
      <trkpt lat="51.58036" lon="-0.237652"><ele>58.25</ele></trkpt>
      <trkpt lat="51.580618" lon="-0.237215"><ele>60.25</ele></trkpt>
      <trkpt lat="51.580931" lon="-0.236755"><ele>62</ele></trkpt>
      <trkpt lat="51.580954" lon="-0.236717"><ele>62.25</ele></trkpt>
      <trkpt lat="51.580982" lon="-0.23667"><ele>62.5</ele></trkpt>
      <trkpt lat="51.581098" lon="-0.236423"><ele>63</ele></trkpt>
      <trkpt lat="51.581305" lon="-0.235949"><ele>64.75</ele></trkpt>
      <trkpt lat="51.581618" lon="-0.235402"><ele>67.25</ele></trkpt>
      <trkpt lat="51.581721" lon="-0.235243"><ele>68</ele></trkpt>
      <trkpt lat="51.581747" lon="-0.23521"><ele>68</ele></trkpt>
      <trkpt lat="51.581782" lon="-0.235167"><ele>68.25</ele></trkpt>
      <trkpt lat="51.582" lon="-0.234904"><ele>69.25</ele></trkpt>
      <trkpt lat="51.582231" lon="-0.234717"><ele>70</ele></trkpt>
      <trkpt lat="51.582445" lon="-0.234557"><ele>70.75</ele></trkpt>
      <trkpt lat="51.582501" lon="-0.234502"><ele>71</ele></trkpt>
      <trkpt lat="51.582528" lon="-0.234475"><ele>71</ele></trkpt>
      <trkpt lat="51.582858" lon="-0.234097"><ele>72.25</ele></trkpt>
      <trkpt lat="51.583022" lon="-0.233906"><ele>72.75</ele></trkpt>
      <trkpt lat="51.583184" lon="-0.233769"><ele>73.5</ele></trkpt>
      <trkpt lat="51.583216" lon="-0.233743"><ele>73.75</ele></trkpt>
      <trkpt lat="51.583253" lon="-0.233713"><ele>73.75</ele></trkpt>
      <trkpt lat="51.583568" lon="-0.233466"><ele>74.75</ele></trkpt>
      <trkpt lat="51.583746" lon="-0.233338"><ele>75.25</ele></trkpt>
      <trkpt lat="51.584124" lon="-0.233122"><ele>76.5</ele></trkpt>
      <trkpt lat="51.584148" lon="-0.233109"><ele>76.75</ele></trkpt>
      <trkpt lat="51.584186" lon="-0.233089"><ele>76.75</ele></trkpt>
      <trkpt lat="51.584593" lon="-0.232896"><ele>78</ele></trkpt>
      <trkpt lat="51.584822" lon="-0.232774"><ele>78.5</ele></trkpt>
      <trkpt lat="51.584847" lon="-0.232755"><ele>78.75</ele></trkpt>
      <trkpt lat="51.584881" lon="-0.23273"><ele>79</ele></trkpt>
      <trkpt lat="51.585049" lon="-0.232539"><ele>79.25</ele></trkpt>
      <trkpt lat="51.585174" lon="-0.232336"><ele>79.75</ele></trkpt>
      <trkpt lat="51.585302" lon="-0.232083"><ele>80</ele></trkpt>
      <trkpt lat="51.585537" lon="-0.231699"><ele>80.75</ele></trkpt>
      <trkpt lat="51.585718" lon="-0.231492"><ele>81</ele></trkpt>
      <trkpt lat="51.585824" lon="-0.231383"><ele>81</ele></trkpt>
      <trkpt lat="51.585877" lon="-0.231354"><ele>81</ele></trkpt>
      <trkpt lat="51.585939" lon="-0.231346"><ele>81.25</ele></trkpt>
      <trkpt lat="51.585991" lon="-0.231361"><ele>81.5</ele></trkpt>
      <trkpt lat="51.586193" lon="-0.231548"><ele>81.5</ele></trkpt>
      <trkpt lat="51.586375" lon="-0.231764"><ele>81</ele></trkpt>
      <trkpt lat="51.586496" lon="-0.231958"><ele>80.5</ele></trkpt>
      <trkpt lat="51.586608" lon="-0.232184"><ele>80</ele></trkpt>
      <trkpt lat="51.586797" lon="-0.232663"><ele>79</ele></trkpt>
      <trkpt lat="51.586864" lon="-0.232875"><ele>78</ele></trkpt>
      <trkpt lat="51.586932" lon="-0.233136"><ele>77</ele></trkpt>
      <trkpt lat="51.58696" lon="-0.233121"><ele>76.75</ele></trkpt>
      <trkpt lat="51.587002" lon="-0.233096"><ele>76.75</ele></trkpt>
      <trkpt lat="51.587177" lon="-0.233832"><ele>74</ele></trkpt>
      <trkpt lat="51.587265" lon="-0.234154"><ele>72.75</ele></trkpt>
      <trkpt lat="51.587303" lon="-0.234265"><ele>72</ele></trkpt>
      <trkpt lat="51.587439" lon="-0.23458"><ele>70.75</ele></trkpt>
      <trkpt lat="51.587521" lon="-0.234745"><ele>70.25</ele></trkpt>
      <trkpt lat="51.587602" lon="-0.23489"><ele>68.5</ele></trkpt>
      <trkpt lat="51.587706" lon="-0.235038"><ele>67</ele></trkpt>
      <trkpt lat="51.587825" lon="-0.235186"><ele>66.75</ele></trkpt>
      <trkpt lat="51.587954" lon="-0.235312"><ele>67.25</ele></trkpt>
      <trkpt lat="51.588081" lon="-0.235413"><ele>67</ele></trkpt>
      <trkpt lat="51.588185" lon="-0.235482"><ele>66.5</ele></trkpt>
      <trkpt lat="51.588316" lon="-0.235547"><ele>66.75</ele></trkpt>
      <trkpt lat="51.588445" lon="-0.235597"><ele>66.25</ele></trkpt>
      <trkpt lat="51.588572" lon="-0.235634"><ele>65.75</ele></trkpt>
      <trkpt lat="51.588684" lon="-0.235663"><ele>65.25</ele></trkpt>
      <trkpt lat="51.588856" lon="-0.235655"><ele>65</ele></trkpt>
      <trkpt lat="51.589215" lon="-0.235572"><ele>64.75</ele></trkpt>
      <trkpt lat="51.590263" lon="-0.235198"><ele>62</ele></trkpt>
      <trkpt lat="51.591885" lon="-0.234633"><ele>57</ele></trkpt>
      <trkpt lat="51.591972" lon="-0.234579"><ele>56.75</ele></trkpt>
      <trkpt lat="51.592559" lon="-0.234365"><ele>54.75</ele></trkpt>
      <trkpt lat="51.592735" lon="-0.234313"><ele>54</ele></trkpt>
      <trkpt lat="51.592948" lon="-0.234243"><ele>54</ele></trkpt>
      <trkpt lat="51.593604" lon="-0.234017"><ele>54</ele></trkpt>
      <trkpt lat="51.593887" lon="-0.233924"><ele>54.75</ele></trkpt>
      <trkpt lat="51.594081" lon="-0.233859"><ele>55</ele></trkpt>
      <trkpt lat="51.594393" lon="-0.233784"><ele>54.25</ele></trkpt>
      <trkpt lat="51.59493" lon="-0.233715"><ele>54</ele></trkpt>
      <trkpt lat="51.59538" lon="-0.233694"><ele>53.25</ele></trkpt>
      <trkpt lat="51.598609" lon="-0.233538"><ele>52</ele></trkpt>
      <trkpt lat="51.599025" lon="-0.23353"><ele>52.5</ele></trkpt>
      <trkpt lat="51.599162" lon="-0.233532"><ele>52.75</ele></trkpt>
      <trkpt lat="51.599299" lon="-0.233533"><ele>53</ele></trkpt>
      <trkpt lat="51.599438" lon="-0.233549"><ele>53</ele></trkpt>
      <trkpt lat="51.599588" lon="-0.233568"><ele>53</ele></trkpt>
      <trkpt lat="51.599718" lon="-0.233586"><ele>53</ele></trkpt>
      <trkpt lat="51.599859" lon="-0.233632"><ele>53</ele></trkpt>
      <trkpt lat="51.600074" lon="-0.233701"><ele>53</ele></trkpt>
      <trkpt lat="51.600344" lon="-0.233832"><ele>53.25</ele></trkpt>
      <trkpt lat="51.600533" lon="-0.233942"><ele>53.75</ele></trkpt>
      <trkpt lat="51.600658" lon="-0.234028"><ele>54</ele></trkpt>
      <trkpt lat="51.600795" lon="-0.234122"><ele>54</ele></trkpt>
      <trkpt lat="51.60083" lon="-0.234152"><ele>54</ele></trkpt>
      <trkpt lat="51.600969" lon="-0.234284"><ele>54.25</ele></trkpt>
      <trkpt lat="51.601013" lon="-0.234308"><ele>54.25</ele></trkpt>
      <trkpt lat="51.601135" lon="-0.234377"><ele>54.25</ele></trkpt>
      <trkpt lat="51.601241" lon="-0.234496"><ele>54.25</ele></trkpt>
      <trkpt lat="51.601329" lon="-0.234596"><ele>54.25</ele></trkpt>
      <trkpt lat="51.601455" lon="-0.23475"><ele>54</ele></trkpt>
      <trkpt lat="51.601612" lon="-0.23495"><ele>54</ele></trkpt>
      <trkpt lat="51.601715" lon="-0.235118"><ele>54</ele></trkpt>
      <trkpt lat="51.601832" lon="-0.235334"><ele>54.5</ele></trkpt>
      <trkpt lat="51.60189" lon="-0.235471"><ele>54.75</ele></trkpt>
      <trkpt lat="51.602178" lon="-0.236014"><ele>54.75</ele></trkpt>
      <trkpt lat="51.602393" lon="-0.236416"><ele>55</ele></trkpt>
      <trkpt lat="51.602689" lon="-0.23696"><ele>55.5</ele></trkpt>
      <trkpt lat="51.602807" lon="-0.237155"><ele>56</ele></trkpt>
      <trkpt lat="51.60303" lon="-0.237492"><ele>55.75</ele></trkpt>
      <trkpt lat="51.603459" lon="-0.238026"><ele>57</ele></trkpt>
      <trkpt lat="51.603516" lon="-0.238083"><ele>56.75</ele></trkpt>
      <trkpt lat="51.604237" lon="-0.238822"><ele>58</ele></trkpt>
      <trkpt lat="51.604743" lon="-0.239304"><ele>59</ele></trkpt>
      <trkpt lat="51.6051" lon="-0.239825"><ele>61.25</ele></trkpt>
      <trkpt lat="51.605121" lon="-0.239796"><ele>61.25</ele></trkpt>
      <trkpt lat="51.60515" lon="-0.239758"><ele>61.5</ele></trkpt>
      <trkpt lat="51.605179" lon="-0.239777"><ele>61.5</ele></trkpt>
      <trkpt lat="51.605321" lon="-0.23994"><ele>62</ele></trkpt>
      <trkpt lat="51.605442" lon="-0.240023"><ele>62.5</ele></trkpt>
      <trkpt lat="51.605541" lon="-0.24006"><ele>62.75</ele></trkpt>
      <trkpt lat="51.605941" lon="-0.240292"><ele>64.25</ele></trkpt>
      <trkpt lat="51.605959" lon="-0.240362"><ele>64.5</ele></trkpt>
      <trkpt lat="51.60597" lon="-0.240407"><ele>64.5</ele></trkpt>
      <trkpt lat="51.605976" lon="-0.240436"><ele>64.75</ele></trkpt>
      <trkpt lat="51.605983" lon="-0.240461"><ele>64.75</ele></trkpt>
      <trkpt lat="51.606826" lon="-0.240573"><ele>67.5</ele></trkpt>
      <trkpt lat="51.607379" lon="-0.240674"><ele>68.5</ele></trkpt>
      <trkpt lat="51.607396" lon="-0.240686"><ele>68.5</ele></trkpt>
      <trkpt lat="51.607626" lon="-0.240732"><ele>67</ele></trkpt>
      <trkpt lat="51.607877" lon="-0.240787"><ele>65.25</ele></trkpt>
      <trkpt lat="51.607874" lon="-0.24082"><ele>65.25</ele></trkpt>
      <trkpt lat="51.607889" lon="-0.240824"><ele>65</ele></trkpt>
      <trkpt lat="51.607911" lon="-0.240832"><ele>64.75</ele></trkpt>
      <trkpt lat="51.607927" lon="-0.240846"><ele>64.75</ele></trkpt>
      <trkpt lat="51.607959" lon="-0.240908"><ele>64.5</ele></trkpt>
      <trkpt lat="51.607967" lon="-0.240924"><ele>64.25</ele></trkpt>
      <trkpt lat="51.607984" lon="-0.240903"><ele>64.25</ele></trkpt>
      <trkpt lat="51.607976" lon="-0.240888"><ele>64.25</ele></trkpt>
      <trkpt lat="51.607948" lon="-0.240832"><ele>64</ele></trkpt>
      <trkpt lat="51.607996" lon="-0.240781"><ele>64</ele></trkpt>
      <trkpt lat="51.608112" lon="-0.240994"><ele>63.25</ele></trkpt>
      <trkpt lat="51.608429" lon="-0.241372"><ele>62.5</ele></trkpt>
      <trkpt lat="51.608514" lon="-0.241474"><ele>62.25</ele></trkpt>
      <trkpt lat="51.6089" lon="-0.241964"><ele>63</ele></trkpt>
      <trkpt lat="51.609084" lon="-0.242256"><ele>64</ele></trkpt>
      <trkpt lat="51.609179" lon="-0.242439"><ele>64</ele></trkpt>
      <trkpt lat="51.609246" lon="-0.242599"><ele>64.5</ele></trkpt>
      <trkpt lat="51.609319" lon="-0.242923"><ele>65.25</ele></trkpt>
      <trkpt lat="51.609418" lon="-0.242907"><ele>65.75</ele></trkpt>
      <trkpt lat="51.609472" lon="-0.242902"><ele>66</ele></trkpt>
      <trkpt lat="51.609534" lon="-0.24291"><ele>66</ele></trkpt>
      <trkpt lat="51.609602" lon="-0.242953"><ele>66</ele></trkpt>
      <trkpt lat="51.609713" lon="-0.243071"><ele>65.75</ele></trkpt>
      <trkpt lat="51.609827" lon="-0.243227"><ele>65</ele></trkpt>
      <trkpt lat="51.610195" lon="-0.2439"><ele>64.25</ele></trkpt>
      <trkpt lat="51.610299" lon="-0.244077"><ele>65</ele></trkpt>
      <trkpt lat="51.610379" lon="-0.244193"><ele>65.25</ele></trkpt>
      <trkpt lat="51.610477" lon="-0.244302"><ele>65.5</ele></trkpt>
      <trkpt lat="51.610569" lon="-0.244357"><ele>66</ele></trkpt>
      <trkpt lat="51.610677" lon="-0.244371"><ele>66.75</ele></trkpt>
      <trkpt lat="51.61083" lon="-0.244339"><ele>67.75</ele></trkpt>
      <trkpt lat="51.611031" lon="-0.244245"><ele>69.25</ele></trkpt>
      <trkpt lat="51.611091" lon="-0.244234"><ele>69.75</ele></trkpt>
      <trkpt lat="51.611156" lon="-0.244241"><ele>70</ele></trkpt>
      <trkpt lat="51.611454" lon="-0.244302"><ele>71</ele></trkpt>
      <trkpt lat="51.611307" lon="-0.245053"><ele>69.5</ele></trkpt>
      <trkpt lat="51.611296" lon="-0.245128"><ele>69</ele></trkpt>
      <trkpt lat="51.611297" lon="-0.245195"><ele>68.75</ele></trkpt>
      <trkpt lat="51.611313" lon="-0.245309"><ele>68.5</ele></trkpt>
      <trkpt lat="51.611343" lon="-0.245406"><ele>68.75</ele></trkpt>
      <trkpt lat="51.611671" lon="-0.246142"><ele>69</ele></trkpt>
      <trkpt lat="51.611745" lon="-0.246273"><ele>69</ele></trkpt>
      <trkpt lat="51.611855" lon="-0.246408"><ele>68.75</ele></trkpt>
      <trkpt lat="51.612301" lon="-0.246911"><ele>69</ele></trkpt>
      <trkpt lat="51.612383" lon="-0.246977"><ele>68.75</ele></trkpt>
      <trkpt lat="51.612884" lon="-0.247261"><ele>68</ele></trkpt>
      <trkpt lat="51.612854" lon="-0.247493"><ele>68</ele></trkpt>
      <trkpt lat="51.612851" lon="-0.24763"><ele>67.75</ele></trkpt>
      <trkpt lat="51.61285" lon="-0.247816"><ele>67.5</ele></trkpt>
      <trkpt lat="51.612856" lon="-0.247879"><ele>67.5</ele></trkpt>
      <trkpt lat="51.612861" lon="-0.247929"><ele>67.5</ele></trkpt>
      <trkpt lat="51.612893" lon="-0.24803"><ele>67.5</ele></trkpt>
      <trkpt lat="51.61294" lon="-0.248096"><ele>67.5</ele></trkpt>
      <trkpt lat="51.613149" lon="-0.248304"><ele>67.25</ele></trkpt>
      <trkpt lat="51.613222" lon="-0.248377"><ele>66.75</ele></trkpt>
      <trkpt lat="51.61332" lon="-0.248474"><ele>66.5</ele></trkpt>
      <trkpt lat="51.613278" lon="-0.248586"><ele>67.25</ele></trkpt>
      <trkpt lat="51.613244" lon="-0.248558"><ele>67.25</ele></trkpt>
      <trkpt lat="51.613215" lon="-0.248687"><ele>68</ele></trkpt>
      <trkpt lat="51.613181" lon="-0.248763"><ele>68</ele></trkpt>
      <trkpt lat="51.613152" lon="-0.248882"><ele>68.25</ele></trkpt>
      <trkpt lat="51.613189" lon="-0.248978"><ele>68.75</ele></trkpt>
      <trkpt lat="51.613095" lon="-0.248872"><ele>68.75</ele></trkpt>
      <trkpt lat="51.613055" lon="-0.24883"><ele>68.75</ele></trkpt>
      <trkpt lat="51.61304" lon="-0.248866"><ele>68.5</ele></trkpt>
      <trkpt lat="51.61303" lon="-0.248893"><ele>68.5</ele></trkpt>
      <trkpt lat="51.613022" lon="-0.248913"><ele>68.25</ele></trkpt>
      <trkpt lat="51.612962" lon="-0.249076"><ele>68</ele></trkpt>
      <trkpt lat="51.612948" lon="-0.249117"><ele>68</ele></trkpt>
      <trkpt lat="51.612962" lon="-0.249076"><ele>68</ele></trkpt>
      <trkpt lat="51.613022" lon="-0.248913"><ele>68.5</ele></trkpt>
      <trkpt lat="51.61303" lon="-0.248893"><ele>68.5</ele></trkpt>
      <trkpt lat="51.61304" lon="-0.248866"><ele>68.5</ele></trkpt>
      <trkpt lat="51.613055" lon="-0.24883"><ele>68.5</ele></trkpt>
      <trkpt lat="51.613095" lon="-0.248872"><ele>68.5</ele></trkpt>
      <trkpt lat="51.613189" lon="-0.248978"><ele>68.5</ele></trkpt>
      <trkpt lat="51.61332" lon="-0.2491"><ele>68</ele></trkpt>
      <trkpt lat="51.613701" lon="-0.249447"><ele>66.5</ele></trkpt>
      <trkpt lat="51.613741" lon="-0.249492"><ele>66</ele></trkpt>
      <trkpt lat="51.613775" lon="-0.249531"><ele>65.5</ele></trkpt>
      <trkpt lat="51.613824" lon="-0.249578"><ele>65.25</ele></trkpt>
      <trkpt lat="51.613857" lon="-0.24961"><ele>65.25</ele></trkpt>
      <trkpt lat="51.613703" lon="-0.250031"><ele>63.75</ele></trkpt>
      <trkpt lat="51.613704" lon="-0.250092"><ele>64</ele></trkpt>
      <trkpt lat="51.613882" lon="-0.25046"><ele>64.5</ele></trkpt>
      <trkpt lat="51.613961" lon="-0.25061"><ele>64.75</ele></trkpt>
      <trkpt lat="51.614057" lon="-0.25082"><ele>65.5</ele></trkpt>
      <trkpt lat="51.614291" lon="-0.251355"><ele>66.25</ele></trkpt>
      <trkpt lat="51.614333" lon="-0.251514"><ele>66.75</ele></trkpt>
      <trkpt lat="51.614362" lon="-0.251515"><ele>66.75</ele></trkpt>
      <trkpt lat="51.614409" lon="-0.251538"><ele>66.75</ele></trkpt>
      <trkpt lat="51.615116" lon="-0.252161"><ele>69.25</ele></trkpt>
      <trkpt lat="51.615944" lon="-0.252946"><ele>70</ele></trkpt>
      <trkpt lat="51.616421" lon="-0.253424"><ele>71</ele></trkpt>
      <trkpt lat="51.616917" lon="-0.253971"><ele>72</ele></trkpt>
      <trkpt lat="51.617031" lon="-0.254106"><ele>72.25</ele></trkpt>
      <trkpt lat="51.617077" lon="-0.254092"><ele>72.25</ele></trkpt>
      <trkpt lat="51.617413" lon="-0.253975"><ele>74</ele></trkpt>
      <trkpt lat="51.617461" lon="-0.253938"><ele>74.5</ele></trkpt>
      <trkpt lat="51.618113" lon="-0.253236"><ele>74</ele></trkpt>
      <trkpt lat="51.618505" lon="-0.253599"><ele>75</ele></trkpt>
      <trkpt lat="51.618709" lon="-0.253826"><ele>75</ele></trkpt>
      <trkpt lat="51.619154" lon="-0.254178"><ele>76.5</ele></trkpt>
      <trkpt lat="51.620057" lon="-0.254991"><ele>76</ele></trkpt>
      <trkpt lat="51.620186" lon="-0.255241"><ele>75.75</ele></trkpt>
      <trkpt lat="51.620439" lon="-0.255468"><ele>77.5</ele></trkpt>
      <trkpt lat="51.620624" lon="-0.255669"><ele>78.25</ele></trkpt>
      <trkpt lat="51.620656" lon="-0.255619"><ele>79.5</ele></trkpt>
      <trkpt lat="51.620708" lon="-0.255575"><ele>80.75</ele></trkpt>
      <trkpt lat="51.620755" lon="-0.255535"><ele>81.25</ele></trkpt>
      <trkpt lat="51.620862" lon="-0.255469"><ele>82</ele></trkpt>
      <trkpt lat="51.620906" lon="-0.255447"><ele>82.25</ele></trkpt>
      <trkpt lat="51.621" lon="-0.255386"><ele>82.75</ele></trkpt>
      <trkpt lat="51.621081" lon="-0.255396"><ele>83.25</ele></trkpt>
      <trkpt lat="51.621189" lon="-0.255368"><ele>83.75</ele></trkpt>
      <trkpt lat="51.621277" lon="-0.25537"><ele>83.75</ele></trkpt>
      <trkpt lat="51.621314" lon="-0.255453"><ele>83.75</ele></trkpt>
      <trkpt lat="51.621426" lon="-0.255538"><ele>83.75</ele></trkpt>
      <trkpt lat="51.621511" lon="-0.255558"><ele>83.5</ele></trkpt>
      <trkpt lat="51.621548" lon="-0.255557"><ele>83.25</ele></trkpt>
      <trkpt lat="51.62164" lon="-0.25552"><ele>82.75</ele></trkpt>
      <trkpt lat="51.621706" lon="-0.255448"><ele>82.75</ele></trkpt>
      <trkpt lat="51.621779" lon="-0.255275"><ele>82.75</ele></trkpt>
      <trkpt lat="51.621876" lon="-0.255085"><ele>83.5</ele></trkpt>
      <trkpt lat="51.621975" lon="-0.254951"><ele>84.25</ele></trkpt>
      <trkpt lat="51.622075" lon="-0.25484"><ele>84.75</ele></trkpt>
      <trkpt lat="51.622174" lon="-0.254764"><ele>84.75</ele></trkpt>
      <trkpt lat="51.622302" lon="-0.254702"><ele>85</ele></trkpt>
      <trkpt lat="51.622393" lon="-0.254818"><ele>85</ele></trkpt>
      <trkpt lat="51.622469" lon="-0.254795"><ele>85</ele></trkpt>
      <trkpt lat="51.622506" lon="-0.254791"><ele>85</ele></trkpt>
      <trkpt lat="51.623233" lon="-0.254706"><ele>84</ele></trkpt>
      <trkpt lat="51.624748" lon="-0.254611"><ele>82.5</ele></trkpt>
      <trkpt lat="51.624805" lon="-0.254617"><ele>82.25</ele></trkpt>
      <trkpt lat="51.624886" lon="-0.254615"><ele>82</ele></trkpt>
      <trkpt lat="51.626379" lon="-0.254534"><ele>79</ele></trkpt>
      <trkpt lat="51.62641" lon="-0.254532"><ele>79</ele></trkpt>
      <trkpt lat="51.626448" lon="-0.254529"><ele>79</ele></trkpt>
      <trkpt lat="51.626474" lon="-0.254528"><ele>79</ele></trkpt>
      <trkpt lat="51.626502" lon="-0.254532"><ele>79</ele></trkpt>
      <trkpt lat="51.626524" lon="-0.254539"><ele>79</ele></trkpt>
      <trkpt lat="51.626554" lon="-0.25454"><ele>79</ele></trkpt>
      <trkpt lat="51.626613" lon="-0.254541"><ele>79.25</ele></trkpt>
      <trkpt lat="51.626645" lon="-0.254513"><ele>79</ele></trkpt>
      <trkpt lat="51.626853" lon="-0.254513"><ele>78.25</ele></trkpt>
      <trkpt lat="51.627054" lon="-0.254501"><ele>77.75</ele></trkpt>
      <trkpt lat="51.627124" lon="-0.25448"><ele>77.75</ele></trkpt>
      <trkpt lat="51.627335" lon="-0.254471"><ele>77.75</ele></trkpt>
      <trkpt lat="51.627345" lon="-0.254507"><ele>77.75</ele></trkpt>
      <trkpt lat="51.627913" lon="-0.254452"><ele>78</ele></trkpt>
      <trkpt lat="51.628033" lon="-0.254441"><ele>78</ele></trkpt>
      <trkpt lat="51.628085" lon="-0.254435"><ele>78</ele></trkpt>
      <trkpt lat="51.628315" lon="-0.254413"><ele>78</ele></trkpt>
      <trkpt lat="51.630241" lon="-0.254303"><ele>79.75</ele></trkpt>
      <trkpt lat="51.630748" lon="-0.254225"><ele>81.25</ele></trkpt>
      <trkpt lat="51.630977" lon="-0.254171"><ele>82</ele></trkpt>
      <trkpt lat="51.63103" lon="-0.254176"><ele>82</ele></trkpt>
      <trkpt lat="51.631321" lon="-0.254132"><ele>82.75</ele></trkpt>
      <trkpt lat="51.631764" lon="-0.253996"><ele>84</ele></trkpt>
      <trkpt lat="51.632017" lon="-0.2539"><ele>84.25</ele></trkpt>
      <trkpt lat="51.632591" lon="-0.253748"><ele>85</ele></trkpt>
      <trkpt lat="51.633029" lon="-0.25367"><ele>86.5</ele></trkpt>
      <trkpt lat="51.633255" lon="-0.253648"><ele>87.25</ele></trkpt>
      <trkpt lat="51.633491" lon="-0.253634"><ele>88.25</ele></trkpt>
      <trkpt lat="51.633644" lon="-0.253636"><ele>88.75</ele></trkpt>
      <trkpt lat="51.634178" lon="-0.253674"><ele>90.5</ele></trkpt>
      <trkpt lat="51.634577" lon="-0.25374"><ele>92.75</ele></trkpt>
      <trkpt lat="51.634815" lon="-0.253813"><ele>94.5</ele></trkpt>
      <trkpt lat="51.635949" lon="-0.254202"><ele>99.75</ele></trkpt>
      <trkpt lat="51.637883" lon="-0.255329"><ele>106</ele></trkpt>
      <trkpt lat="51.639222" lon="-0.255969"><ele>112</ele></trkpt>
      <trkpt lat="51.639436" lon="-0.256129"><ele>112.75</ele></trkpt>
      <trkpt lat="51.639427" lon="-0.256624"><ele>112.75</ele></trkpt>
      <trkpt lat="51.639453" lon="-0.256714"><ele>113</ele></trkpt>
      <trkpt lat="51.639567" lon="-0.257041"><ele>113.5</ele></trkpt>
      <trkpt lat="51.639612" lon="-0.257331"><ele>112.75</ele></trkpt>
      <trkpt lat="51.639602" lon="-0.257717"><ele>111.25</ele></trkpt>
      <trkpt lat="51.639612" lon="-0.25813"><ele>110</ele></trkpt>
      <trkpt lat="51.63969" lon="-0.258436"><ele>110.5</ele></trkpt>
      <trkpt lat="51.639683" lon="-0.258711"><ele>110.25</ele></trkpt>
      <trkpt lat="51.639812" lon="-0.259204"><ele>110.5</ele></trkpt>
      <trkpt lat="51.640427" lon="-0.261549"><ele>113</ele></trkpt>
      <trkpt lat="51.640763" lon="-0.262367"><ele>110.5</ele></trkpt>
      <trkpt lat="51.640929" lon="-0.262687"><ele>108.5</ele></trkpt>
      <trkpt lat="51.64136" lon="-0.263517"><ele>104.25</ele></trkpt>
      <trkpt lat="51.641855" lon="-0.264342"><ele>100</ele></trkpt>
      <trkpt lat="51.641893" lon="-0.26484"><ele>103.75</ele></trkpt>
      <trkpt lat="51.641916" lon="-0.264902"><ele>104.25</ele></trkpt>
      <trkpt lat="51.642238" lon="-0.265779"><ele>109</ele></trkpt>
      <trkpt lat="51.64258" lon="-0.266018"><ele>113.25</ele></trkpt>
      <trkpt lat="51.642882" lon="-0.265592"><ele>115.75</ele></trkpt>
      <trkpt lat="51.642915" lon="-0.265587"><ele>115.75</ele></trkpt>
      <trkpt lat="51.643197" lon="-0.26547"><ele>118</ele></trkpt>
      <trkpt lat="51.643348" lon="-0.265419"><ele>119</ele></trkpt>
      <trkpt lat="51.643859" lon="-0.265274"><ele>122.75</ele></trkpt>
      <trkpt lat="51.643948" lon="-0.265274"><ele>123</ele></trkpt>
      <trkpt lat="51.644079" lon="-0.265284"><ele>123.5</ele></trkpt>
      <trkpt lat="51.645271" lon="-0.265113"><ele>129.25</ele></trkpt>
      <trkpt lat="51.645295" lon="-0.26511"><ele>129.25</ele></trkpt>
      <trkpt lat="51.645322" lon="-0.265106"><ele>129.5</ele></trkpt>
      <trkpt lat="51.645333" lon="-0.265104"><ele>129.5</ele></trkpt>
      <trkpt lat="51.64534" lon="-0.265196"><ele>129.75</ele></trkpt>
      <trkpt lat="51.645426" lon="-0.265492"><ele>131.25</ele></trkpt>
      <trkpt lat="51.645473" lon="-0.265578"><ele>131.5</ele></trkpt>
      <trkpt lat="51.64558" lon="-0.266157"><ele>133.25</ele></trkpt>
      <trkpt lat="51.645633" lon="-0.266479"><ele>134.25</ele></trkpt>
      <trkpt lat="51.645573" lon="-0.267047"><ele>135</ele></trkpt>
      <trkpt lat="51.645613" lon="-0.267713"><ele>136</ele></trkpt>
      <trkpt lat="51.645679" lon="-0.268034"><ele>136</ele></trkpt>
      <trkpt lat="51.645679" lon="-0.268228"><ele>136</ele></trkpt>
      <trkpt lat="51.645771" lon="-0.268593"><ele>136</ele></trkpt>
      <trkpt lat="51.645872" lon="-0.26885"><ele>135.75</ele></trkpt>
      <trkpt lat="51.645993" lon="-0.268975"><ele>135.25</ele></trkpt>
      <trkpt lat="51.646076" lon="-0.269064"><ele>135</ele></trkpt>
      <trkpt lat="51.646116" lon="-0.269038"><ele>134.75</ele></trkpt>
      <trkpt lat="51.646227" lon="-0.268977"><ele>134</ele></trkpt>
      <trkpt lat="51.64621" lon="-0.26928"><ele>134</ele></trkpt>
      <trkpt lat="51.646218" lon="-0.269611"><ele>133.25</ele></trkpt>
      <trkpt lat="51.646248" lon="-0.269847"><ele>132.75</ele></trkpt>
      <trkpt lat="51.646295" lon="-0.270079"><ele>131.5</ele></trkpt>
      <trkpt lat="51.6464" lon="-0.270462"><ele>128.5</ele></trkpt>
      <trkpt lat="51.646593" lon="-0.271122"><ele>121.5</ele></trkpt>
      <trkpt lat="51.646667" lon="-0.271241"><ele>120.5</ele></trkpt>
      <trkpt lat="51.646786" lon="-0.271316"><ele>119.25</ele></trkpt>
      <trkpt lat="51.646889" lon="-0.271297"><ele>118.5</ele></trkpt>
      <trkpt lat="51.646947" lon="-0.271265"><ele>118.25</ele></trkpt>
      <trkpt lat="51.647232" lon="-0.271003"><ele>117.25</ele></trkpt>
      <trkpt lat="51.647252" lon="-0.271056"><ele>116.75</ele></trkpt>
      <trkpt lat="51.647301" lon="-0.271192"><ele>116</ele></trkpt>
      <trkpt lat="51.647381" lon="-0.271378"><ele>114.75</ele></trkpt>
      <trkpt lat="51.647462" lon="-0.271516"><ele>114</ele></trkpt>
      <trkpt lat="51.64769" lon="-0.271843"><ele>111.75</ele></trkpt>
      <trkpt lat="51.647733" lon="-0.271903"><ele>111.25</ele></trkpt>
      <trkpt lat="51.648128" lon="-0.272474"><ele>108.5</ele></trkpt>
      <trkpt lat="51.648359" lon="-0.272839"><ele>106.75</ele></trkpt>
      <trkpt lat="51.648381" lon="-0.272874"><ele>106.75</ele></trkpt>
      <trkpt lat="51.648519" lon="-0.273079"><ele>106.25</ele></trkpt>
      <trkpt lat="51.648694" lon="-0.273366"><ele>104.75</ele></trkpt>
      <trkpt lat="51.648845" lon="-0.273603"><ele>104</ele></trkpt>
      <trkpt lat="51.648906" lon="-0.273683"><ele>103.75</ele></trkpt>
      <trkpt lat="51.648957" lon="-0.273734"><ele>103.75</ele></trkpt>
      <trkpt lat="51.648939" lon="-0.273817"><ele>103.75</ele></trkpt>
      <trkpt lat="51.648937" lon="-0.27412"><ele>103.75</ele></trkpt>
      <trkpt lat="51.648949" lon="-0.274269"><ele>103.25</ele></trkpt>
      <trkpt lat="51.648993" lon="-0.274424"><ele>103</ele></trkpt>
      <trkpt lat="51.649295" lon="-0.274895"><ele>102.25</ele></trkpt>
      <trkpt lat="51.649325" lon="-0.274981"><ele>102.25</ele></trkpt>
      <trkpt lat="51.649315" lon="-0.275079"><ele>102</ele></trkpt>
      <trkpt lat="51.649254" lon="-0.27525"><ele>101.75</ele></trkpt>
      <trkpt lat="51.649829" lon="-0.275772"><ele>98.5</ele></trkpt>
      <trkpt lat="51.649686" lon="-0.2762"><ele>98.75</ele></trkpt>
      <trkpt lat="51.649687" lon="-0.276269"><ele>98.5</ele></trkpt>
      <trkpt lat="51.649706" lon="-0.27632"><ele>98.25</ele></trkpt>
      <trkpt lat="51.649755" lon="-0.276364"><ele>98</ele></trkpt>
      <trkpt lat="51.650043" lon="-0.276626"><ele>97.75</ele></trkpt>
      <trkpt lat="51.650125" lon="-0.2767"><ele>97.5</ele></trkpt>
      <trkpt lat="51.650415" lon="-0.276971"><ele>97</ele></trkpt>
      <trkpt lat="51.650501" lon="-0.277052"><ele>97</ele></trkpt>
      <trkpt lat="51.650752" lon="-0.277279"><ele>96</ele></trkpt>
      <trkpt lat="51.65078" lon="-0.277304"><ele>96</ele></trkpt>
      <trkpt lat="51.650825" lon="-0.277343"><ele>96</ele></trkpt>
      <trkpt lat="51.651097" lon="-0.27759"><ele>95</ele></trkpt>
      <trkpt lat="51.651138" lon="-0.277642"><ele>95</ele></trkpt>
      <trkpt lat="51.65149" lon="-0.277941"><ele>95</ele></trkpt>
      <trkpt lat="51.651547" lon="-0.277998"><ele>95</ele></trkpt>
      <trkpt lat="51.651636" lon="-0.278061"><ele>94.75</ele></trkpt>
      <trkpt lat="51.651829" lon="-0.278075"><ele>94.25</ele></trkpt>
      <trkpt lat="51.651928" lon="-0.278078"><ele>94</ele></trkpt>
      <trkpt lat="51.651925" lon="-0.278142"><ele>94</ele></trkpt>
      <trkpt lat="51.652046" lon="-0.278162"><ele>94</ele></trkpt>
      <trkpt lat="51.6524" lon="-0.278443"><ele>93.5</ele></trkpt>
      <trkpt lat="51.65254" lon="-0.278539"><ele>93.25</ele></trkpt>
      <trkpt lat="51.652617" lon="-0.278563"><ele>93.25</ele></trkpt>
      <trkpt lat="51.652695" lon="-0.278611"><ele>93.5</ele></trkpt>
      <trkpt lat="51.652778" lon="-0.278644"><ele>93.75</ele></trkpt>
      <trkpt lat="51.653091" lon="-0.278892"><ele>93</ele></trkpt>
      <trkpt lat="51.653126" lon="-0.278919"><ele>93</ele></trkpt>
      <trkpt lat="51.653148" lon="-0.278936"><ele>93</ele></trkpt>
      <trkpt lat="51.653172" lon="-0.278953"><ele>93</ele></trkpt>
      <trkpt lat="51.653181" lon="-0.27896"><ele>93</ele></trkpt>
      <trkpt lat="51.653129" lon="-0.279144"><ele>93</ele></trkpt>
      <trkpt lat="51.653132" lon="-0.279204"><ele>93</ele></trkpt>
      <trkpt lat="51.653142" lon="-0.279261"><ele>93</ele></trkpt>
      <trkpt lat="51.653139" lon="-0.279311"><ele>93</ele></trkpt>
      <trkpt lat="51.653129" lon="-0.279349"><ele>93</ele></trkpt>
      <trkpt lat="51.653135" lon="-0.279441"><ele>93</ele></trkpt>
      <trkpt lat="51.653168" lon="-0.279535"><ele>93</ele></trkpt>
      <trkpt lat="51.653205" lon="-0.279592"><ele>93</ele></trkpt>
      <trkpt lat="51.653192" lon="-0.279606"><ele>93</ele></trkpt>
      <trkpt lat="51.653117" lon="-0.279816"><ele>92.5</ele></trkpt>
      <trkpt lat="51.653075" lon="-0.279914"><ele>92.25</ele></trkpt>
      <trkpt lat="51.653117" lon="-0.279816"><ele>92.5</ele></trkpt>
      <trkpt lat="51.653192" lon="-0.279606"><ele>93</ele></trkpt>
      <trkpt lat="51.653205" lon="-0.279592"><ele>93</ele></trkpt>
      <trkpt lat="51.653217" lon="-0.279578"><ele>93</ele></trkpt>
      <trkpt lat="51.653248" lon="-0.279618"><ele>93</ele></trkpt>
      <trkpt lat="51.653282" lon="-0.279641"><ele>93</ele></trkpt>
      <trkpt lat="51.653311" lon="-0.27964"><ele>93</ele></trkpt>
      <trkpt lat="51.653329" lon="-0.279639"><ele>93</ele></trkpt>
      <trkpt lat="51.653386" lon="-0.279688"><ele>93.25</ele></trkpt>
      <trkpt lat="51.653396" lon="-0.279716"><ele>93.25</ele></trkpt>
      <trkpt lat="51.653505" lon="-0.279617"><ele>93.75</ele></trkpt>
      <trkpt lat="51.653517" lon="-0.279758"><ele>94</ele></trkpt>
      <trkpt lat="51.653529" lon="-0.279787"><ele>94</ele></trkpt>
      <trkpt lat="51.653548" lon="-0.279833"><ele>94</ele></trkpt>
      <trkpt lat="51.65357" lon="-0.279873"><ele>94</ele></trkpt>
      <trkpt lat="51.653579" lon="-0.279888"><ele>94</ele></trkpt>
      <trkpt lat="51.653637" lon="-0.279824"><ele>94.5</ele></trkpt>
      <trkpt lat="51.653754" lon="-0.279773"><ele>94.25</ele></trkpt>
      <trkpt lat="51.653827" lon="-0.279784"><ele>94</ele></trkpt>
      <trkpt lat="51.653899" lon="-0.279814"><ele>93.5</ele></trkpt>
      <trkpt lat="51.654161" lon="-0.279996"><ele>92</ele></trkpt>
      <trkpt lat="51.654228" lon="-0.280063"><ele>91.75</ele></trkpt>
      <trkpt lat="51.654268" lon="-0.280086"><ele>92</ele></trkpt>
      <trkpt lat="51.654328" lon="-0.28012"><ele>92</ele></trkpt>
      <trkpt lat="51.654442" lon="-0.280178"><ele>92</ele></trkpt>
      <trkpt lat="51.654684" lon="-0.280302"><ele>92</ele></trkpt>
      <trkpt lat="51.655189" lon="-0.28056"><ele>92</ele></trkpt>
      <trkpt lat="51.655338" lon="-0.280628"><ele>92</ele></trkpt>
      <trkpt lat="51.655572" lon="-0.280724"><ele>93</ele></trkpt>
      <trkpt lat="51.655922" lon="-0.280869"><ele>93.25</ele></trkpt>
      <trkpt lat="51.656278" lon="-0.281022"><ele>94</ele></trkpt>
      <trkpt lat="51.656311" lon="-0.281035"><ele>94</ele></trkpt>
      <trkpt lat="51.656336" lon="-0.281045"><ele>94</ele></trkpt>
      <trkpt lat="51.656466" lon="-0.281099"><ele>94.25</ele></trkpt>
      <trkpt lat="51.656505" lon="-0.281114"><ele>94.25</ele></trkpt>
      <trkpt lat="51.656704" lon="-0.281202"><ele>95</ele></trkpt>
      <trkpt lat="51.656843" lon="-0.281285"><ele>95.5</ele></trkpt>
      <trkpt lat="51.657019" lon="-0.281393"><ele>96.25</ele></trkpt>
      <trkpt lat="51.657026" lon="-0.281364"><ele>96.25</ele></trkpt>
      <trkpt lat="51.657036" lon="-0.281324"><ele>96.25</ele></trkpt>
      <trkpt lat="51.657187" lon="-0.281462"><ele>96.75</ele></trkpt>
      <trkpt lat="51.657302" lon="-0.281596"><ele>97</ele></trkpt>
      <trkpt lat="51.657472" lon="-0.281836"><ele>97.5</ele></trkpt>
      <trkpt lat="51.657712" lon="-0.282214"><ele>98</ele></trkpt>
      <trkpt lat="51.657988" lon="-0.282625"><ele>98</ele></trkpt>
      <trkpt lat="51.658158" lon="-0.282844"><ele>97.25</ele></trkpt>
      <trkpt lat="51.658257" lon="-0.282957"><ele>97</ele></trkpt>
      <trkpt lat="51.658503" lon="-0.283201"><ele>95.75</ele></trkpt>
      <trkpt lat="51.658652" lon="-0.283328"><ele>94.75</ele></trkpt>
      <trkpt lat="51.659038" lon="-0.28364"><ele>92.75</ele></trkpt>
      <trkpt lat="51.659381" lon="-0.283881"><ele>92</ele></trkpt>
      <trkpt lat="51.659583" lon="-0.284007"><ele>91.5</ele></trkpt>
      <trkpt lat="51.659969" lon="-0.284243"><ele>90.25</ele></trkpt>
      <trkpt lat="51.66011" lon="-0.284332"><ele>90.25</ele></trkpt>
      <trkpt lat="51.660422" lon="-0.284512"><ele>89.5</ele></trkpt>
      <trkpt lat="51.660703" lon="-0.28468"><ele>89.25</ele></trkpt>
      <trkpt lat="51.660989" lon="-0.284888"><ele>89.25</ele></trkpt>
      <trkpt lat="51.661116" lon="-0.284975"><ele>89</ele></trkpt>
      <trkpt lat="51.66131" lon="-0.285072"><ele>89.25</ele></trkpt>
      <trkpt lat="51.661443" lon="-0.285127"><ele>89.25</ele></trkpt>
      <trkpt lat="51.66163" lon="-0.285206"><ele>89</ele></trkpt>
      <trkpt lat="51.661891" lon="-0.285345"><ele>89</ele></trkpt>
      <trkpt lat="51.661978" lon="-0.285396"><ele>89</ele></trkpt>
      <trkpt lat="51.662142" lon="-0.285517"><ele>89</ele></trkpt>
      <trkpt lat="51.662228" lon="-0.285583"><ele>88.75</ele></trkpt>
      <trkpt lat="51.662265" lon="-0.285611"><ele>88.75</ele></trkpt>
      <trkpt lat="51.662298" lon="-0.285638"><ele>88.75</ele></trkpt>
      <trkpt lat="51.662364" lon="-0.285691"><ele>88.5</ele></trkpt>
      <trkpt lat="51.662504" lon="-0.285812"><ele>88.75</ele></trkpt>
      <trkpt lat="51.66265" lon="-0.285947"><ele>88.25</ele></trkpt>
      <trkpt lat="51.662734" lon="-0.286038"><ele>88</ele></trkpt>
      <trkpt lat="51.662805" lon="-0.286114"><ele>87.75</ele></trkpt>
      <trkpt lat="51.662956" lon="-0.286315"><ele>87.75</ele></trkpt>
      <trkpt lat="51.663118" lon="-0.28656"><ele>87.75</ele></trkpt>
      <trkpt lat="51.663186" lon="-0.286619"><ele>87.5</ele></trkpt>
      <trkpt lat="51.663216" lon="-0.286722"><ele>87.25</ele></trkpt>
      <trkpt lat="51.663246" lon="-0.286826"><ele>87.25</ele></trkpt>
      <trkpt lat="51.663305" lon="-0.286878"><ele>87</ele></trkpt>
      <trkpt lat="51.663461" lon="-0.287119"><ele>87.25</ele></trkpt>
      <trkpt lat="51.663599" lon="-0.287323"><ele>87</ele></trkpt>
      <trkpt lat="51.663892" lon="-0.287706"><ele>86.75</ele></trkpt>
      <trkpt lat="51.664067" lon="-0.287922"><ele>86</ele></trkpt>
      <trkpt lat="51.66418" lon="-0.288082"><ele>86</ele></trkpt>
      <trkpt lat="51.664214" lon="-0.288131"><ele>86</ele></trkpt>
      <trkpt lat="51.664238" lon="-0.288172"><ele>86</ele></trkpt>
      <trkpt lat="51.664353" lon="-0.288366"><ele>85.75</ele></trkpt>
      <trkpt lat="51.664488" lon="-0.288618"><ele>85</ele></trkpt>
      <trkpt lat="51.665029" lon="-0.289612"><ele>83.75</ele></trkpt>
      <trkpt lat="51.665234" lon="-0.289992"><ele>83</ele></trkpt>
      <trkpt lat="51.665287" lon="-0.29009"><ele>82.75</ele></trkpt>
      <trkpt lat="51.665435" lon="-0.290326"><ele>82.25</ele></trkpt>
      <trkpt lat="51.665485" lon="-0.29042"><ele>82.25</ele></trkpt>
      <trkpt lat="51.665664" lon="-0.290688"><ele>81.75</ele></trkpt>
      <trkpt lat="51.665729" lon="-0.290806"><ele>81.75</ele></trkpt>
      <trkpt lat="51.665787" lon="-0.290842"><ele>81.75</ele></trkpt>
      <trkpt lat="51.66595" lon="-0.291015"><ele>81</ele></trkpt>
      <trkpt lat="51.666545" lon="-0.291667"><ele>81</ele></trkpt>
      <trkpt lat="51.66674" lon="-0.291879"><ele>81.75</ele></trkpt>
      <trkpt lat="51.667407" lon="-0.29263"><ele>82.25</ele></trkpt>
      <trkpt lat="51.667894" lon="-0.293181"><ele>83.25</ele></trkpt>
      <trkpt lat="51.667946" lon="-0.293279"><ele>83.25</ele></trkpt>
      <trkpt lat="51.668023" lon="-0.293326"><ele>83</ele></trkpt>
      <trkpt lat="51.668298" lon="-0.293637"><ele>83</ele></trkpt>
      <trkpt lat="51.668395" lon="-0.29375"><ele>83.25</ele></trkpt>
      <trkpt lat="51.668642" lon="-0.294037"><ele>82.75</ele></trkpt>
      <trkpt lat="51.669226" lon="-0.294749"><ele>81.75</ele></trkpt>
      <trkpt lat="51.669367" lon="-0.294917"><ele>81.25</ele></trkpt>
      <trkpt lat="51.66959" lon="-0.295184"><ele>80.25</ele></trkpt>
      <trkpt lat="51.670927" lon="-0.296766"><ele>77</ele></trkpt>
      <trkpt lat="51.671059" lon="-0.296919"><ele>77</ele></trkpt>
      <trkpt lat="51.671686" lon="-0.297655"><ele>77.25</ele></trkpt>
      <trkpt lat="51.672304" lon="-0.298424"><ele>77.25</ele></trkpt>
      <trkpt lat="51.67241" lon="-0.298568"><ele>77.5</ele></trkpt>
      <trkpt lat="51.672468" lon="-0.298647"><ele>77.75</ele></trkpt>
      <trkpt lat="51.672588" lon="-0.298864"><ele>77.25</ele></trkpt>
      <trkpt lat="51.672638" lon="-0.298972"><ele>77.25</ele></trkpt>
      <trkpt lat="51.672795" lon="-0.299306"><ele>77</ele></trkpt>
      <trkpt lat="51.672932" lon="-0.299569"><ele>77.25</ele></trkpt>
      <trkpt lat="51.673032" lon="-0.299722"><ele>77.75</ele></trkpt>
      <trkpt lat="51.673198" lon="-0.299935"><ele>78</ele></trkpt>
      <trkpt lat="51.673369" lon="-0.30012"><ele>77.5</ele></trkpt>
      <trkpt lat="51.673758" lon="-0.300505"><ele>77</ele></trkpt>
      <trkpt lat="51.67394" lon="-0.300686"><ele>77</ele></trkpt>
      <trkpt lat="51.674156" lon="-0.300844"><ele>77.75</ele></trkpt>
      <trkpt lat="51.674257" lon="-0.300899"><ele>78</ele></trkpt>
      <trkpt lat="51.674461" lon="-0.301012"><ele>79</ele></trkpt>
      <trkpt lat="51.67475" lon="-0.301073"><ele>81</ele></trkpt>
      <trkpt lat="51.675085" lon="-0.301097"><ele>83.5</ele></trkpt>
      <trkpt lat="51.675468" lon="-0.301095"><ele>85.5</ele></trkpt>
      <trkpt lat="51.675574" lon="-0.301094"><ele>86</ele></trkpt>
      <trkpt lat="51.675839" lon="-0.301066"><ele>86</ele></trkpt>
      <trkpt lat="51.676159" lon="-0.301031"><ele>86</ele></trkpt>
      <trkpt lat="51.676431" lon="-0.301046"><ele>85</ele></trkpt>
      <trkpt lat="51.676685" lon="-0.301126"><ele>83.75</ele></trkpt>
      <trkpt lat="51.676933" lon="-0.301252"><ele>82.5</ele></trkpt>
      <trkpt lat="51.677165" lon="-0.301418"><ele>82.5</ele></trkpt>
      <trkpt lat="51.67728" lon="-0.301514"><ele>82.75</ele></trkpt>
      <trkpt lat="51.677648" lon="-0.301825"><ele>84.75</ele></trkpt>
      <trkpt lat="51.67774" lon="-0.301924"><ele>84.75</ele></trkpt>
      <trkpt lat="51.67929" lon="-0.303593"><ele>83</ele></trkpt>
      <trkpt lat="51.679387" lon="-0.303742"><ele>82.5</ele></trkpt>
      <trkpt lat="51.67948" lon="-0.303915"><ele>81.5</ele></trkpt>
      <trkpt lat="51.679547" lon="-0.304065"><ele>80.75</ele></trkpt>
      <trkpt lat="51.679607" lon="-0.304235"><ele>80.25</ele></trkpt>
      <trkpt lat="51.679659" lon="-0.304412"><ele>80.5</ele></trkpt>
      <trkpt lat="51.680075" lon="-0.30663"><ele>81.5</ele></trkpt>
      <trkpt lat="51.680158" lon="-0.307028"><ele>81.25</ele></trkpt>
      <trkpt lat="51.680252" lon="-0.307421"><ele>82.25</ele></trkpt>
      <trkpt lat="51.680325" lon="-0.307687"><ele>82</ele></trkpt>
      <trkpt lat="51.680604" lon="-0.308641"><ele>84</ele></trkpt>
      <trkpt lat="51.680741" lon="-0.309074"><ele>84</ele></trkpt>
      <trkpt lat="51.680895" lon="-0.309488"><ele>84</ele></trkpt>
      <trkpt lat="51.680961" lon="-0.309617"><ele>84.25</ele></trkpt>
      <trkpt lat="51.681218" lon="-0.310056"><ele>85.75</ele></trkpt>
      <trkpt lat="51.681289" lon="-0.310208"><ele>86.25</ele></trkpt>
      <trkpt lat="51.681359" lon="-0.310392"><ele>86.75</ele></trkpt>
      <trkpt lat="51.681662" lon="-0.31136"><ele>85</ele></trkpt>
      <trkpt lat="51.682653" lon="-0.310631"><ele>90</ele></trkpt>
      <trkpt lat="51.682737" lon="-0.310562"><ele>90</ele></trkpt>
      <trkpt lat="51.683007" lon="-0.311253"><ele>86.25</ele></trkpt>
      <trkpt lat="51.683023" lon="-0.311294"><ele>86.25</ele></trkpt>
      <trkpt lat="51.683042" lon="-0.311335"><ele>86</ele></trkpt>
      <trkpt lat="51.683848" lon="-0.313038"><ele>89</ele></trkpt>
      <trkpt lat="51.683951" lon="-0.313223"><ele>88.5</ele></trkpt>
      <trkpt lat="51.684358" lon="-0.313815"><ele>85</ele></trkpt>
      <trkpt lat="51.684499" lon="-0.313988"><ele>83.25</ele></trkpt>
      <trkpt lat="51.684635" lon="-0.314172"><ele>81.5</ele></trkpt>
      <trkpt lat="51.684695" lon="-0.314303"><ele>80.25</ele></trkpt>
      <trkpt lat="51.684719" lon="-0.314426"><ele>79</ele></trkpt>
      <trkpt lat="51.684748" lon="-0.314736"><ele>77</ele></trkpt>
      <trkpt lat="51.684771" lon="-0.314825"><ele>77</ele></trkpt>
      <trkpt lat="51.684807" lon="-0.314905"><ele>77.25</ele></trkpt>
      <trkpt lat="51.684684" lon="-0.315437"><ele>74.5</ele></trkpt>
      <trkpt lat="51.684593" lon="-0.316001"><ele>72.5</ele></trkpt>
      <trkpt lat="51.684556" lon="-0.316279"><ele>71.5</ele></trkpt>
      <trkpt lat="51.684496" lon="-0.316733"><ele>72.75</ele></trkpt>
      <trkpt lat="51.68452" lon="-0.316756"><ele>72.5</ele></trkpt>
      <trkpt lat="51.684562" lon="-0.316793"><ele>72.25</ele></trkpt>
      <trkpt lat="51.684575" lon="-0.316805"><ele>72.25</ele></trkpt>
      <trkpt lat="51.684618" lon="-0.316842"><ele>71.75</ele></trkpt>
      <trkpt lat="51.684658" lon="-0.317026"><ele>71.25</ele></trkpt>
      <trkpt lat="51.68469" lon="-0.317032"><ele>71</ele></trkpt>
      <trkpt lat="51.684713" lon="-0.317048"><ele>70.5</ele></trkpt>
      <trkpt lat="51.685259" lon="-0.317475"><ele>70.75</ele></trkpt>
      <trkpt lat="51.685279" lon="-0.317505"><ele>70.75</ele></trkpt>
      <trkpt lat="51.685328" lon="-0.317323"><ele>70.75</ele></trkpt>
      <trkpt lat="51.685219" lon="-0.317233"><ele>70.75</ele></trkpt>
      <trkpt lat="51.685196" lon="-0.317217"><ele>70.75</ele></trkpt>
      <trkpt lat="51.685219" lon="-0.317233"><ele>70.75</ele></trkpt>
      <trkpt lat="51.685328" lon="-0.317323"><ele>70.75</ele></trkpt>
      <trkpt lat="51.685279" lon="-0.317505"><ele>70.75</ele></trkpt>
      <trkpt lat="51.685308" lon="-0.317547"><ele>70.75</ele></trkpt>
      <trkpt lat="51.685316" lon="-0.317621"><ele>70.75</ele></trkpt>
      <trkpt lat="51.685243" lon="-0.318012"><ele>71.75</ele></trkpt>
      <trkpt lat="51.685232" lon="-0.318073"><ele>72</ele></trkpt>
      <trkpt lat="51.68532" lon="-0.318113"><ele>72</ele></trkpt>
      <trkpt lat="51.685727" lon="-0.318342"><ele>72</ele></trkpt>
      <trkpt lat="51.685827" lon="-0.3184"><ele>72</ele></trkpt>
      <trkpt lat="51.686223" lon="-0.31863"><ele>73.25</ele></trkpt>
      <trkpt lat="51.68648" lon="-0.318765"><ele>74</ele></trkpt>
      <trkpt lat="51.686532" lon="-0.31879"><ele>74</ele></trkpt>
      <trkpt lat="51.686616" lon="-0.318832"><ele>74</ele></trkpt>
      <trkpt lat="51.686705" lon="-0.318876"><ele>73.75</ele></trkpt>
      <trkpt lat="51.686915" lon="-0.319001"><ele>73.5</ele></trkpt>
      <trkpt lat="51.686985" lon="-0.319061"><ele>73.5</ele></trkpt>
      <trkpt lat="51.687052" lon="-0.319075"><ele>73.5</ele></trkpt>
      <trkpt lat="51.687146" lon="-0.319124"><ele>73.5</ele></trkpt>
      <trkpt lat="51.687365" lon="-0.319253"><ele>73.5</ele></trkpt>
      <trkpt lat="51.687427" lon="-0.319288"><ele>73.5</ele></trkpt>
      <trkpt lat="51.688038" lon="-0.319639"><ele>73.75</ele></trkpt>
      <trkpt lat="51.688302" lon="-0.31978"><ele>74</ele></trkpt>
      <trkpt lat="51.688344" lon="-0.319804"><ele>74.25</ele></trkpt>
      <trkpt lat="51.688613" lon="-0.319934"><ele>73.75</ele></trkpt>
      <trkpt lat="51.688652" lon="-0.319953"><ele>73.5</ele></trkpt>
      <trkpt lat="51.688906" lon="-0.320077"><ele>72</ele></trkpt>
      <trkpt lat="51.688963" lon="-0.320108"><ele>72</ele></trkpt>
      <trkpt lat="51.689295" lon="-0.320299"><ele>71.5</ele></trkpt>
      <trkpt lat="51.689619" lon="-0.3205"><ele>70.5</ele></trkpt>
      <trkpt lat="51.68987" lon="-0.320668"><ele>69.5</ele></trkpt>
      <trkpt lat="51.689971" lon="-0.320733"><ele>69</ele></trkpt>
      <trkpt lat="51.690004" lon="-0.320754"><ele>68.75</ele></trkpt>
      <trkpt lat="51.690168" lon="-0.32086"><ele>69</ele></trkpt>
      <trkpt lat="51.690421" lon="-0.321024"><ele>68.25</ele></trkpt>
      <trkpt lat="51.690472" lon="-0.321057"><ele>68.25</ele></trkpt>
      <trkpt lat="51.691067" lon="-0.321442"><ele>68</ele></trkpt>
      <trkpt lat="51.691247" lon="-0.321559"><ele>68</ele></trkpt>
      <trkpt lat="51.691357" lon="-0.321628"><ele>68</ele></trkpt>
      <trkpt lat="51.691579" lon="-0.321758"><ele>67.75</ele></trkpt>
      <trkpt lat="51.691908" lon="-0.321935"><ele>68.75</ele></trkpt>
      <trkpt lat="51.692042" lon="-0.322001"><ele>69</ele></trkpt>
      <trkpt lat="51.692197" lon="-0.322074"><ele>69.25</ele></trkpt>
      <trkpt lat="51.692407" lon="-0.322171"><ele>69.75</ele></trkpt>
      <trkpt lat="51.692515" lon="-0.322218"><ele>70</ele></trkpt>
      <trkpt lat="51.692708" lon="-0.322304"><ele>69.5</ele></trkpt>
      <trkpt lat="51.693056" lon="-0.322458"><ele>69</ele></trkpt>
      <trkpt lat="51.693112" lon="-0.322483"><ele>69.25</ele></trkpt>
      <trkpt lat="51.69323" lon="-0.322537"><ele>69.5</ele></trkpt>
      <trkpt lat="51.693595" lon="-0.322728"><ele>70.75</ele></trkpt>
      <trkpt lat="51.693767" lon="-0.322819"><ele>71.5</ele></trkpt>
      <trkpt lat="51.694709" lon="-0.323361"><ele>76.75</ele></trkpt>
      <trkpt lat="51.694996" lon="-0.323513"><ele>78.25</ele></trkpt>
      <trkpt lat="51.695905" lon="-0.323976"><ele>79.75</ele></trkpt>
      <trkpt lat="51.697471" lon="-0.324862"><ele>83.25</ele></trkpt>
      <trkpt lat="51.69796" lon="-0.325127"><ele>83</ele></trkpt>
      <trkpt lat="51.698095" lon="-0.3252"><ele>82.75</ele></trkpt>
      <trkpt lat="51.698163" lon="-0.325181"><ele>82.5</ele></trkpt>
      <trkpt lat="51.698198" lon="-0.325197"><ele>82.5</ele></trkpt>
      <trkpt lat="51.698272" lon="-0.325231"><ele>82.25</ele></trkpt>
      <trkpt lat="51.698376" lon="-0.325351"><ele>81.75</ele></trkpt>
      <trkpt lat="51.698559" lon="-0.325461"><ele>81</ele></trkpt>
      <trkpt lat="51.698579" lon="-0.325472"><ele>81</ele></trkpt>
      <trkpt lat="51.698612" lon="-0.325491"><ele>80.75</ele></trkpt>
      <trkpt lat="51.699202" lon="-0.325822"><ele>76.75</ele></trkpt>
      <trkpt lat="51.700279" lon="-0.326394"><ele>70.75</ele></trkpt>
      <trkpt lat="51.700751" lon="-0.326649"><ele>68.5</ele></trkpt>
      <trkpt lat="51.701139" lon="-0.326852"><ele>67.75</ele></trkpt>
      <trkpt lat="51.701452" lon="-0.327014"><ele>66</ele></trkpt>
      <trkpt lat="51.701882" lon="-0.327238"><ele>64</ele></trkpt>
      <trkpt lat="51.701907" lon="-0.327249"><ele>64</ele></trkpt>
      <trkpt lat="51.702127" lon="-0.327351"><ele>64</ele></trkpt>
      <trkpt lat="51.70242" lon="-0.327504"><ele>63.75</ele></trkpt>
      <trkpt lat="51.702511" lon="-0.327542"><ele>63.75</ele></trkpt>
      <trkpt lat="51.702904" lon="-0.327748"><ele>63</ele></trkpt>
      <trkpt lat="51.703036" lon="-0.327817"><ele>62.25</ele></trkpt>
      <trkpt lat="51.704362" lon="-0.328491"><ele>69.75</ele></trkpt>
      <trkpt lat="51.704447" lon="-0.328537"><ele>70</ele></trkpt>
      <trkpt lat="51.704732" lon="-0.328692"><ele>71</ele></trkpt>
      <trkpt lat="51.705552" lon="-0.329132"><ele>71</ele></trkpt>
      <trkpt lat="51.706303" lon="-0.329545"><ele>71.25</ele></trkpt>
      <trkpt lat="51.706865" lon="-0.329845"><ele>71.5</ele></trkpt>
      <trkpt lat="51.706973" lon="-0.3299"><ele>71.25</ele></trkpt>
      <trkpt lat="51.707163" lon="-0.330004"><ele>71.75</ele></trkpt>
      <trkpt lat="51.707257" lon="-0.330056"><ele>71.75</ele></trkpt>
      <trkpt lat="51.708255" lon="-0.330545"><ele>71</ele></trkpt>
      <trkpt lat="51.708416" lon="-0.330623"><ele>70.75</ele></trkpt>
      <trkpt lat="51.709684" lon="-0.331311"><ele>71</ele></trkpt>
      <trkpt lat="51.709939" lon="-0.331459"><ele>71.5</ele></trkpt>
      <trkpt lat="51.710174" lon="-0.331616"><ele>67.75</ele></trkpt>
      <trkpt lat="51.710476" lon="-0.331848"><ele>68.25</ele></trkpt>
      <trkpt lat="51.710825" lon="-0.332123"><ele>73.75</ele></trkpt>
      <trkpt lat="51.711241" lon="-0.332428"><ele>74.25</ele></trkpt>
      <trkpt lat="51.711869" lon="-0.332734"><ele>75</ele></trkpt>
      <trkpt lat="51.711944" lon="-0.33277"><ele>75</ele></trkpt>
      <trkpt lat="51.712415" lon="-0.333"><ele>74.25</ele></trkpt>
      <trkpt lat="51.712755" lon="-0.333189"><ele>74</ele></trkpt>
      <trkpt lat="51.713144" lon="-0.333384"><ele>73.75</ele></trkpt>
      <trkpt lat="51.713798" lon="-0.333732"><ele>72.75</ele></trkpt>
      <trkpt lat="51.714083" lon="-0.333845"><ele>72.25</ele></trkpt>
      <trkpt lat="51.714546" lon="-0.334078"><ele>72</ele></trkpt>
      <trkpt lat="51.7148" lon="-0.334167"><ele>72</ele></trkpt>
      <trkpt lat="51.715023" lon="-0.334206"><ele>71.75</ele></trkpt>
      <trkpt lat="51.715256" lon="-0.334167"><ele>71</ele></trkpt>
      <trkpt lat="51.715441" lon="-0.334084"><ele>71</ele></trkpt>
      <trkpt lat="51.715663" lon="-0.333937"><ele>70.5</ele></trkpt>
      <trkpt lat="51.715783" lon="-0.333857"><ele>70.25</ele></trkpt>
      <trkpt lat="51.716057" lon="-0.333651"><ele>70</ele></trkpt>
      <trkpt lat="51.716368" lon="-0.333573"><ele>69</ele></trkpt>
      <trkpt lat="51.716487" lon="-0.333587"><ele>68.5</ele></trkpt>
      <trkpt lat="51.716589" lon="-0.333597"><ele>68.25</ele></trkpt>
      <trkpt lat="51.716731" lon="-0.333687"><ele>68</ele></trkpt>
      <trkpt lat="51.717027" lon="-0.333953"><ele>68</ele></trkpt>
      <trkpt lat="51.717296" lon="-0.334178"><ele>67.75</ele></trkpt>
      <trkpt lat="51.717319" lon="-0.334198"><ele>67.75</ele></trkpt>
      <trkpt lat="51.717865" lon="-0.334687"><ele>68</ele></trkpt>
      <trkpt lat="51.717928" lon="-0.334742"><ele>67.75</ele></trkpt>
      <trkpt lat="51.717957" lon="-0.334768"><ele>67.75</ele></trkpt>
      <trkpt lat="51.71803" lon="-0.334836"><ele>67.5</ele></trkpt>
      <trkpt lat="51.718372" lon="-0.335147"><ele>67.25</ele></trkpt>
      <trkpt lat="51.71842" lon="-0.335191"><ele>67.25</ele></trkpt>
      <trkpt lat="51.71859" lon="-0.335346"><ele>66.75</ele></trkpt>
      <trkpt lat="51.718843" lon="-0.33556"><ele>67</ele></trkpt>
      <trkpt lat="51.719211" lon="-0.335871"><ele>67</ele></trkpt>
      <trkpt lat="51.719397" lon="-0.336027"><ele>67.25</ele></trkpt>
      <trkpt lat="51.719676" lon="-0.336295"><ele>67</ele></trkpt>
      <trkpt lat="51.71994" lon="-0.336556"><ele>67</ele></trkpt>
      <trkpt lat="51.720037" lon="-0.336654"><ele>67</ele></trkpt>
      <trkpt lat="51.720116" lon="-0.336734"><ele>66.75</ele></trkpt>
      <trkpt lat="51.720271" lon="-0.33689"><ele>66.75</ele></trkpt>
      <trkpt lat="51.720364" lon="-0.336971"><ele>66.75</ele></trkpt>
      <trkpt lat="51.720447" lon="-0.337044"><ele>66.75</ele></trkpt>
      <trkpt lat="51.720524" lon="-0.337112"><ele>66.75</ele></trkpt>
      <trkpt lat="51.720775" lon="-0.337324"><ele>66.75</ele></trkpt>
      <trkpt lat="51.721033" lon="-0.337536"><ele>67.5</ele></trkpt>
      <trkpt lat="51.721237" lon="-0.337684"><ele>67.5</ele></trkpt>
      <trkpt lat="51.72131" lon="-0.337742"><ele>67.25</ele></trkpt>
      <trkpt lat="51.721484" lon="-0.33788"><ele>67</ele></trkpt>
      <trkpt lat="51.721574" lon="-0.337975"><ele>67</ele></trkpt>
      <trkpt lat="51.722214" lon="-0.338537"><ele>68</ele></trkpt>
      <trkpt lat="51.722383" lon="-0.338685"><ele>68</ele></trkpt>
      <trkpt lat="51.722419" lon="-0.338716"><ele>68</ele></trkpt>
      <trkpt lat="51.722452" lon="-0.338744"><ele>68</ele></trkpt>
      <trkpt lat="51.722493" lon="-0.33878"><ele>68</ele></trkpt>
      <trkpt lat="51.722914" lon="-0.339171"><ele>69</ele></trkpt>
      <trkpt lat="51.72297" lon="-0.339223"><ele>69</ele></trkpt>
      <trkpt lat="51.723229" lon="-0.339449"><ele>70</ele></trkpt>
      <trkpt lat="51.723663" lon="-0.339818"><ele>70</ele></trkpt>
      <trkpt lat="51.724168" lon="-0.34027"><ele>71</ele></trkpt>
      <trkpt lat="51.724324" lon="-0.340397"><ele>71.25</ele></trkpt>
      <trkpt lat="51.724437" lon="-0.340474"><ele>71.5</ele></trkpt>
      <trkpt lat="51.724732" lon="-0.340624"><ele>72</ele></trkpt>
      <trkpt lat="51.724786" lon="-0.34065"><ele>72.25</ele></trkpt>
      <trkpt lat="51.724891" lon="-0.340694"><ele>73</ele></trkpt>
      <trkpt lat="51.725166" lon="-0.340766"><ele>74.75</ele></trkpt>
      <trkpt lat="51.725405" lon="-0.340765"><ele>76.5</ele></trkpt>
      <trkpt lat="51.725734" lon="-0.340643"><ele>78.75</ele></trkpt>
      <trkpt lat="51.725884" lon="-0.340588"><ele>79.25</ele></trkpt>
      <trkpt lat="51.725953" lon="-0.340577"><ele>79.5</ele></trkpt>
      <trkpt lat="51.726021" lon="-0.340567"><ele>79.5</ele></trkpt>
      <trkpt lat="51.726143" lon="-0.340571"><ele>80</ele></trkpt>
      <trkpt lat="51.72648" lon="-0.340665"><ele>81.5</ele></trkpt>
      <trkpt lat="51.726796" lon="-0.340801"><ele>82.75</ele></trkpt>
      <trkpt lat="51.726925" lon="-0.340871"><ele>83.5</ele></trkpt>
      <trkpt lat="51.726951" lon="-0.340732"><ele>84</ele></trkpt>
      <trkpt lat="51.727068" lon="-0.340783"><ele>84</ele></trkpt>
      <trkpt lat="51.727307" lon="-0.340905"><ele>84</ele></trkpt>
      <trkpt lat="51.727403" lon="-0.340954"><ele>84</ele></trkpt>
      <trkpt lat="51.727515" lon="-0.341011"><ele>84</ele></trkpt>
      <trkpt lat="51.72763" lon="-0.34107"><ele>84</ele></trkpt>
      <trkpt lat="51.727702" lon="-0.341111"><ele>84</ele></trkpt>
      <trkpt lat="51.727736" lon="-0.341129"><ele>83.75</ele></trkpt>
      <trkpt lat="51.727761" lon="-0.341101"><ele>84</ele></trkpt>
      <trkpt lat="51.727801" lon="-0.341075"><ele>84</ele></trkpt>
      <trkpt lat="51.727978" lon="-0.340996"><ele>84.25</ele></trkpt>
      <trkpt lat="51.729383" lon="-0.340409"><ele>85.5</ele></trkpt>
      <trkpt lat="51.729411" lon="-0.340397"><ele>85.5</ele></trkpt>
      <trkpt lat="51.730587" lon="-0.339895"><ele>85</ele></trkpt>
      <trkpt lat="51.730918" lon="-0.339758"><ele>84</ele></trkpt>
      <trkpt lat="51.731114" lon="-0.339666"><ele>83</ele></trkpt>
      <trkpt lat="51.731279" lon="-0.339661"><ele>82.5</ele></trkpt>
      <trkpt lat="51.731346" lon="-0.339677"><ele>82.25</ele></trkpt>
      <trkpt lat="51.731463" lon="-0.339602"><ele>82</ele></trkpt>
      <trkpt lat="51.731532" lon="-0.339865"><ele>81.25</ele></trkpt>
      <trkpt lat="51.731546" lon="-0.339854"><ele>81.25</ele></trkpt>
      <trkpt lat="51.731567" lon="-0.339839"><ele>81.25</ele></trkpt>
      <trkpt lat="51.731596" lon="-0.339819"><ele>81.25</ele></trkpt>
      <trkpt lat="51.731739" lon="-0.339717"><ele>79.5</ele></trkpt>
      <trkpt lat="51.731958" lon="-0.339645"><ele>75.5</ele></trkpt>
      <trkpt lat="51.733166" lon="-0.339359"><ele>74.25</ele></trkpt>
      <trkpt lat="51.73367" lon="-0.335015"><ele>75</ele></trkpt>
      <trkpt lat="51.734014" lon="-0.334824"><ele>75.5</ele></trkpt>
      <trkpt lat="51.733952" lon="-0.334397"><ele>76.25</ele></trkpt>
      <trkpt lat="51.733953" lon="-0.334337"><ele>75.75</ele></trkpt>
      <trkpt lat="51.733971" lon="-0.334237"><ele>75</ele></trkpt>
      <trkpt lat="51.734019" lon="-0.334179"><ele>74.5</ele></trkpt>
      <trkpt lat="51.734456" lon="-0.333951"><ele>74.75</ele></trkpt>
      <trkpt lat="51.734532" lon="-0.333855"><ele>74.25</ele></trkpt>
      <trkpt lat="51.734545" lon="-0.333814"><ele>74.25</ele></trkpt>
      <trkpt lat="51.734848" lon="-0.332809"><ele>74</ele></trkpt>
      <trkpt lat="51.734979" lon="-0.332902"><ele>74</ele></trkpt>
      <trkpt lat="51.735107" lon="-0.332973"><ele>74.5</ele></trkpt>
      <trkpt lat="51.735279" lon="-0.333042"><ele>75.75</ele></trkpt>
      <trkpt lat="51.735448" lon="-0.333088"><ele>76.5</ele></trkpt>
      <trkpt lat="51.735709" lon="-0.3331"><ele>77.5</ele></trkpt>
      <trkpt lat="51.736915" lon="-0.333068"><ele>81.75</ele></trkpt>
      <trkpt lat="51.737352" lon="-0.333128"><ele>83.5</ele></trkpt>
      <trkpt lat="51.737578" lon="-0.333186"><ele>84.25</ele></trkpt>
      <trkpt lat="51.737813" lon="-0.333277"><ele>85</ele></trkpt>
      <trkpt lat="51.738097" lon="-0.333428"><ele>85.25</ele></trkpt>
      <trkpt lat="51.738283" lon="-0.333549"><ele>85.75</ele></trkpt>
      <trkpt lat="51.738402" lon="-0.333626"><ele>86</ele></trkpt>
      <trkpt lat="51.73843" lon="-0.33364"><ele>86</ele></trkpt>
      <trkpt lat="51.73847" lon="-0.333643"><ele>86</ele></trkpt>
      <trkpt lat="51.738524" lon="-0.333641"><ele>86</ele></trkpt>
      <trkpt lat="51.738548" lon="-0.333495"><ele>85.5</ele></trkpt>
      <trkpt lat="51.738698" lon="-0.332931"><ele>83.75</ele></trkpt>
      <trkpt lat="51.738842" lon="-0.332446"><ele>82</ele></trkpt>
      <trkpt lat="51.738979" lon="-0.332564"><ele>81.75</ele></trkpt>
      <trkpt lat="51.740331" lon="-0.333681"><ele>79</ele></trkpt>
      <trkpt lat="51.740752" lon="-0.334078"><ele>78.25</ele></trkpt>
      <trkpt lat="51.740775" lon="-0.334011"><ele>78</ele></trkpt>
      <trkpt lat="51.74079" lon="-0.333963"><ele>78</ele></trkpt>
      <trkpt lat="51.740815" lon="-0.333783"><ele>77.5</ele></trkpt>
      <trkpt lat="51.740827" lon="-0.33359"><ele>76.75</ele></trkpt>
      <trkpt lat="51.740858" lon="-0.333472"><ele>76.25</ele></trkpt>
      <trkpt lat="51.740936" lon="-0.333293"><ele>75.5</ele></trkpt>
      <trkpt lat="51.740971" lon="-0.333322"><ele>75.25</ele></trkpt>
      <trkpt lat="51.741246" lon="-0.333551"><ele>75.25</ele></trkpt>
      <trkpt lat="51.741762" lon="-0.332002"><ele>75</ele></trkpt>
      <trkpt lat="51.741814" lon="-0.331923"><ele>74.75</ele></trkpt>
      <trkpt lat="51.742001" lon="-0.33198"><ele>75</ele></trkpt>
      <trkpt lat="51.742345" lon="-0.331944"><ele>74.75</ele></trkpt>
      <trkpt lat="51.74244" lon="-0.331883"><ele>74.75</ele></trkpt>
      <trkpt lat="51.742519" lon="-0.331832"><ele>74.5</ele></trkpt>
      <trkpt lat="51.742626" lon="-0.331872"><ele>75</ele></trkpt>
      <trkpt lat="51.742674" lon="-0.331876"><ele>75</ele></trkpt>
      <trkpt lat="51.742894" lon="-0.33204"><ele>74.75</ele></trkpt>
      <trkpt lat="51.742839" lon="-0.332044"><ele>75</ele></trkpt>
      <trkpt lat="51.742786" lon="-0.332026"><ele>75.25</ele></trkpt>
      <trkpt lat="51.742717" lon="-0.332003"><ele>75.25</ele></trkpt>
      <trkpt lat="51.74273" lon="-0.331979"><ele>75</ele></trkpt>
      <trkpt lat="51.742832" lon="-0.331778"><ele>75.75</ele></trkpt>
      <trkpt lat="51.743581" lon="-0.33038"><ele>80.25</ele></trkpt>
      <trkpt lat="51.743724" lon="-0.330121"><ele>80.25</ele></trkpt>
      <trkpt lat="51.743794" lon="-0.329995"><ele>80.5</ele></trkpt>
      <trkpt lat="51.744007" lon="-0.329597"><ele>82.25</ele></trkpt>
      <trkpt lat="51.744064" lon="-0.329521"><ele>82.5</ele></trkpt>
      <trkpt lat="51.744179" lon="-0.329425"><ele>82.75</ele></trkpt>
      <trkpt lat="51.744366" lon="-0.329292"><ele>83</ele></trkpt>
      <trkpt lat="51.744419" lon="-0.329226"><ele>83</ele></trkpt>
      <trkpt lat="51.744484" lon="-0.329096"><ele>83</ele></trkpt>
      <trkpt lat="51.744534" lon="-0.328862"><ele>83</ele></trkpt>
      <trkpt lat="51.744584" lon="-0.328884"><ele>83.25</ele></trkpt>
      <trkpt lat="51.744639" lon="-0.328556"><ele>82.5</ele></trkpt>
      <trkpt lat="51.744673" lon="-0.328411"><ele>82.75</ele></trkpt>
      <trkpt lat="51.744699" lon="-0.328337"><ele>82.75</ele></trkpt>
      <trkpt lat="51.744828" lon="-0.328046"><ele>83.25</ele></trkpt>
      <trkpt lat="51.744886" lon="-0.327928"><ele>83.25</ele></trkpt>
      <trkpt lat="51.745001" lon="-0.328089"><ele>84</ele></trkpt>
      <trkpt lat="51.745057" lon="-0.328171"><ele>85</ele></trkpt>
      <trkpt lat="51.745105" lon="-0.328209"><ele>85.5</ele></trkpt>
      <trkpt lat="51.745158" lon="-0.328232"><ele>86.25</ele></trkpt>
      <trkpt lat="51.745212" lon="-0.328235"><ele>86.75</ele></trkpt>
      <trkpt lat="51.745287" lon="-0.328186"><ele>87.5</ele></trkpt>
      <trkpt lat="51.745316" lon="-0.328142"><ele>87.5</ele></trkpt>
      <trkpt lat="51.745373" lon="-0.328052"><ele>87.5</ele></trkpt>
      <trkpt lat="51.745426" lon="-0.327946"><ele>87.5</ele></trkpt>
      <trkpt lat="51.745477" lon="-0.327825"><ele>87.75</ele></trkpt>
      <trkpt lat="51.745484" lon="-0.327781"><ele>87.75</ele></trkpt>
      <trkpt lat="51.745502" lon="-0.32774"><ele>88</ele></trkpt>
      <trkpt lat="51.745522" lon="-0.327715"><ele>88.25</ele></trkpt>
      <trkpt lat="51.745551" lon="-0.327698"><ele>88.5</ele></trkpt>
      <trkpt lat="51.745575" lon="-0.327697"><ele>88.75</ele></trkpt>
      <trkpt lat="51.745605" lon="-0.327711"><ele>89</ele></trkpt>
      <trkpt lat="51.74563" lon="-0.327746"><ele>89.25</ele></trkpt>
      <trkpt lat="51.745722" lon="-0.327619"><ele>89.5</ele></trkpt>
      <trkpt lat="51.745826" lon="-0.32748"><ele>89.75</ele></trkpt>
      <trkpt lat="51.745876" lon="-0.327465"><ele>90</ele></trkpt>
      <trkpt lat="51.746102" lon="-0.327558"><ele>91</ele></trkpt>
      <trkpt lat="51.746257" lon="-0.327659"><ele>92.75</ele></trkpt>
      <trkpt lat="51.746606" lon="-0.327989"><ele>95.5</ele></trkpt>
      <trkpt lat="51.74667" lon="-0.328073"><ele>96</ele></trkpt>
      <trkpt lat="51.746803" lon="-0.328191"><ele>97</ele></trkpt>
      <trkpt lat="51.746842" lon="-0.328271"><ele>97.5</ele></trkpt>
      <trkpt lat="51.746932" lon="-0.32846"><ele>97.75</ele></trkpt>
      <trkpt lat="51.747027" lon="-0.328661"><ele>98.25</ele></trkpt>
      <trkpt lat="51.747185" lon="-0.328988"><ele>98.5</ele></trkpt>
      <trkpt lat="51.747316" lon="-0.329258"><ele>98.25</ele></trkpt>
      <trkpt lat="51.74769" lon="-0.329075"><ele>99.25</ele></trkpt>
      <trkpt lat="51.748435" lon="-0.328617"><ele>100.75</ele></trkpt>
      <trkpt lat="51.74873" lon="-0.328414"><ele>101.5</ele></trkpt>
      <trkpt lat="51.748879" lon="-0.328282"><ele>102</ele></trkpt>
      <trkpt lat="51.74891" lon="-0.328236"><ele>102</ele></trkpt>
      <trkpt lat="51.748919" lon="-0.328222"><ele>102</ele></trkpt>
      <trkpt lat="51.748956" lon="-0.328172"><ele>102</ele></trkpt>
      <trkpt lat="51.74906" lon="-0.328202"><ele>102</ele></trkpt>
      <trkpt lat="51.749236" lon="-0.328253"><ele>101.75</ele></trkpt>
      <trkpt lat="51.749268" lon="-0.328005"><ele>101.25</ele></trkpt>
      <trkpt lat="51.749509" lon="-0.328093"><ele>101.25</ele></trkpt>
      <trkpt lat="51.749702" lon="-0.328113"><ele>101.75</ele></trkpt>
      <trkpt lat="51.749735" lon="-0.328186"><ele>102</ele></trkpt>
      <trkpt lat="51.750042" lon="-0.328208"><ele>102.25</ele></trkpt>
      <trkpt lat="51.750044" lon="-0.328072"><ele>102.25</ele></trkpt>
      <trkpt lat="51.75016" lon="-0.328054"><ele>103.5</ele></trkpt>
      <trkpt lat="51.750167" lon="-0.328081"><ele>103.5</ele></trkpt>
      <trkpt lat="51.750239" lon="-0.328032"><ele>104.25</ele></trkpt>
      <trkpt lat="51.750228" lon="-0.327963"><ele>104</ele></trkpt>
      <trkpt lat="51.750213" lon="-0.327904"><ele>104</ele></trkpt>
      <trkpt lat="51.749939" lon="-0.327205"><ele>102.75</ele></trkpt>
      <trkpt lat="51.749897" lon="-0.327119"><ele>102.75</ele></trkpt>
      <trkpt lat="51.749948" lon="-0.327085"><ele>103.25</ele></trkpt>
      <trkpt lat="51.749995" lon="-0.327052"><ele>103.75</ele></trkpt>
      <trkpt lat="51.749998" lon="-0.327"><ele>104.25</ele></trkpt>
      <trkpt lat="51.750013" lon="-0.326959"><ele>104.5</ele></trkpt>
      <trkpt lat="51.750041" lon="-0.326915"><ele>104.25</ele></trkpt>
      <trkpt lat="51.750098" lon="-0.326889"><ele>103.75</ele></trkpt>
      <trkpt lat="51.750164" lon="-0.32692"><ele>103</ele></trkpt>
      <trkpt lat="51.75022" lon="-0.326999"><ele>102.25</ele></trkpt>
      <trkpt lat="51.750276" lon="-0.327125"><ele>101.25</ele></trkpt>
      <trkpt lat="51.750314" lon="-0.327183"><ele>101</ele></trkpt>
      <trkpt lat="51.750344" lon="-0.327163"><ele>101</ele></trkpt>
      <trkpt lat="51.750428" lon="-0.327152"><ele>101</ele></trkpt>
      <trkpt lat="51.750513" lon="-0.327163"><ele>101</ele></trkpt>
      <trkpt lat="51.750514" lon="-0.3272"><ele>101</ele></trkpt>
      <trkpt lat="51.750521" lon="-0.327353"><ele>101</ele></trkpt>
      <trkpt lat="51.750526" lon="-0.327443"><ele>101</ele></trkpt>
    </trkseg>
  </trk>
</gpx>
