<?xml version="1.0" encoding="UTF-8"?>
<gpx version="1.1" creator="TubeRun route generator" xmlns="http://www.topografix.com/GPX/1/1">
  <metadata>
    <name>Weaver line — TubeRun</name>
    <desc>Above-ground running route tracing the Weaver line and its branches, station to station. Routed on pavements and footways from OpenStreetMap data (BRouter, shortest).</desc>
    <author><name>TubeRun</name></author>
    <copyright author="OpenStreetMap contributors"><license>https://opendatacommons.org/licenses/odbl/1-0/</license></copyright>
    <link href="https://www.openstreetmap.org/copyright"><text>© OpenStreetMap contributors</text></link>
    <time>2026-07-06T18:42:05.461Z</time>
  </metadata>
  <wpt lat="51.517991" lon="-0.081426"><name>Liverpool Street</name></wpt>
  <wpt lat="51.523917" lon="-0.059568"><name>Bethnal Green</name></wpt>
  <wpt lat="51.531973" lon="-0.057279"><name>Cambridge Heath</name></wpt>
  <wpt lat="51.541153" lon="-0.057753"><name>Fields</name></wpt>
  <wpt lat="51.548757" lon="-0.060819"><name>Hackney Downs</name></wpt>
  <wpt lat="51.558502" lon="-0.068267"><name>Rectory Road</name></wpt>
  <wpt lat="51.565233" lon="-0.072887"><name>Stoke Newington</name></wpt>
  <wpt lat="51.574467" lon="-0.076682"><name>Stamford Hill</name></wpt>
  <wpt lat="51.582268" lon="-0.07527"><name>Seven Sisters</name></wpt>
  <wpt lat="51.593959" lon="-0.069867"><name>Bruce Grove</name></wpt>
  <wpt lat="51.605037" lon="-0.070914"><name>White Hart Lane</name></wpt>
  <wpt lat="51.614688" lon="-0.06724"><name>Silver Street</name></wpt>
  <wpt lat="51.624929" lon="-0.061112"><name>Edmonton Green</name></wpt>
  <wpt lat="51.648705" lon="-0.052437"><name>Southbury</name></wpt>
  <wpt lat="51.672628" lon="-0.047217"><name>Turkey Street</name></wpt>
  <wpt lat="51.692457" lon="-0.034831"><name>Theobalds Grove</name></wpt>
  <wpt lat="51.702876" lon="-0.02396"><name>Cheshunt</name></wpt>
  <wpt lat="51.641519" lon="-0.069221"><name>Bush Hill Park</name></wpt>
  <wpt lat="51.652026" lon="-0.079328"><name>Enfield Town</name></wpt>
  <wpt lat="51.561644" lon="-0.057025"><name>Clapton</name></wpt>
  <wpt lat="51.580981" lon="-0.032918"><name>St James Street</name></wpt>
  <wpt lat="51.582919" lon="-0.019815"><name>Walthamstow Central</name></wpt>
  <wpt lat="51.58658" lon="-0.002405"><name>Wood Street</name></wpt>
  <wpt lat="51.60835" lon="-0.000222"><name>Highams Park</name></wpt>
  <wpt lat="51.633087" lon="0.009897"><name>Chingford</name></wpt>
  <trk>
    <name>Weaver line</name>
    <trkseg>
      <trkpt lat="51.548696" lon="-0.060784"><ele>16.5</ele></trkpt>
      <trkpt lat="51.548649" lon="-0.060987"><ele>16.75</ele></trkpt>
      <trkpt lat="51.548793" lon="-0.061105"><ele>16.25</ele></trkpt>
      <trkpt lat="51.548776" lon="-0.061151"><ele>16.25</ele></trkpt>
      <trkpt lat="51.548795" lon="-0.061171"><ele>16.25</ele></trkpt>
      <trkpt lat="51.54889" lon="-0.061244"><ele>15.75</ele></trkpt>
      <trkpt lat="51.54893" lon="-0.06112"><ele>15.75</ele></trkpt>
      <trkpt lat="51.54902" lon="-0.060842"><ele>15.5</ele></trkpt>
      <trkpt lat="51.54908" lon="-0.060691"><ele>15.25</ele></trkpt>
      <trkpt lat="51.549126" lon="-0.060714"><ele>15</ele></trkpt>
      <trkpt lat="51.549175" lon="-0.060608"><ele>14.75</ele></trkpt>
      <trkpt lat="51.549232" lon="-0.060498"><ele>14.5</ele></trkpt>
      <trkpt lat="51.549396" lon="-0.060197"><ele>13.75</ele></trkpt>
      <trkpt lat="51.549411" lon="-0.060171"><ele>13.75</ele></trkpt>
      <trkpt lat="51.549426" lon="-0.060143"><ele>13.75</ele></trkpt>
      <trkpt lat="51.54946" lon="-0.060079"><ele>13.75</ele></trkpt>
      <trkpt lat="51.549466" lon="-0.060066"><ele>13.75</ele></trkpt>
      <trkpt lat="51.549548" lon="-0.059877"><ele>13.75</ele></trkpt>
      <trkpt lat="51.549555" lon="-0.059859"><ele>13.75</ele></trkpt>
      <trkpt lat="51.549553" lon="-0.059827"><ele>13.75</ele></trkpt>
      <trkpt lat="51.549547" lon="-0.059653"><ele>13.75</ele></trkpt>
      <trkpt lat="51.549584" lon="-0.059627"><ele>13.75</ele></trkpt>
      <trkpt lat="51.549607" lon="-0.059608"><ele>13.75</ele></trkpt>
      <trkpt lat="51.549626" lon="-0.059578"><ele>13.5</ele></trkpt>
      <trkpt lat="51.549669" lon="-0.059489"><ele>13.25</ele></trkpt>
      <trkpt lat="51.54969" lon="-0.059452"><ele>13</ele></trkpt>
      <trkpt lat="51.549698" lon="-0.059441"><ele>13</ele></trkpt>
      <trkpt lat="51.549701" lon="-0.059436"><ele>13</ele></trkpt>
      <trkpt lat="51.549757" lon="-0.059376"><ele>13</ele></trkpt>
      <trkpt lat="51.549818" lon="-0.059336"><ele>13.25</ele></trkpt>
      <trkpt lat="51.549888" lon="-0.059294"><ele>13.5</ele></trkpt>
      <trkpt lat="51.550039" lon="-0.059204"><ele>14</ele></trkpt>
      <trkpt lat="51.550279" lon="-0.059082"><ele>15</ele></trkpt>
      <trkpt lat="51.550775" lon="-0.058853"><ele>16</ele></trkpt>
      <trkpt lat="51.550848" lon="-0.058819"><ele>16.25</ele></trkpt>
      <trkpt lat="51.551064" lon="-0.058721"><ele>16.75</ele></trkpt>
      <trkpt lat="51.551074" lon="-0.058716"><ele>16.75</ele></trkpt>
      <trkpt lat="51.551086" lon="-0.058711"><ele>16.75</ele></trkpt>
      <trkpt lat="51.551272" lon="-0.058627"><ele>17.5</ele></trkpt>
      <trkpt lat="51.551306" lon="-0.058611"><ele>17.5</ele></trkpt>
      <trkpt lat="51.551336" lon="-0.058598"><ele>17.75</ele></trkpt>
      <trkpt lat="51.551713" lon="-0.058426"><ele>18.25</ele></trkpt>
      <trkpt lat="51.551757" lon="-0.058407"><ele>18.5</ele></trkpt>
      <trkpt lat="51.551824" lon="-0.058375"><ele>18.5</ele></trkpt>
      <trkpt lat="51.551927" lon="-0.058327"><ele>18.75</ele></trkpt>
      <trkpt lat="51.552104" lon="-0.058245"><ele>19.5</ele></trkpt>
      <trkpt lat="51.552279" lon="-0.058163"><ele>20</ele></trkpt>
      <trkpt lat="51.552356" lon="-0.058128"><ele>20</ele></trkpt>
      <trkpt lat="51.552466" lon="-0.058077"><ele>20</ele></trkpt>
      <trkpt lat="51.552518" lon="-0.058052"><ele>20</ele></trkpt>
      <trkpt lat="51.552566" lon="-0.05803"><ele>20.25</ele></trkpt>
      <trkpt lat="51.552684" lon="-0.057965"><ele>20.75</ele></trkpt>
      <trkpt lat="51.552741" lon="-0.05792"><ele>20.75</ele></trkpt>
      <trkpt lat="51.552826" lon="-0.057835"><ele>21</ele></trkpt>
      <trkpt lat="51.552895" lon="-0.057763"><ele>20.75</ele></trkpt>
      <trkpt lat="51.552996" lon="-0.057654"><ele>20.5</ele></trkpt>
      <trkpt lat="51.553025" lon="-0.057622"><ele>20.5</ele></trkpt>
      <trkpt lat="51.553065" lon="-0.057579"><ele>20.25</ele></trkpt>
      <trkpt lat="51.553269" lon="-0.057373"><ele>20.5</ele></trkpt>
      <trkpt lat="51.553314" lon="-0.057342"><ele>20.25</ele></trkpt>
      <trkpt lat="51.553605" lon="-0.057162"><ele>20.75</ele></trkpt>
      <trkpt lat="51.553735" lon="-0.057104"><ele>21</ele></trkpt>
      <trkpt lat="51.553869" lon="-0.057068"><ele>21</ele></trkpt>
      <trkpt lat="51.554412" lon="-0.057005"><ele>20.25</ele></trkpt>
      <trkpt lat="51.554571" lon="-0.056991"><ele>20</ele></trkpt>
      <trkpt lat="51.555276" lon="-0.056924"><ele>20</ele></trkpt>
      <trkpt lat="51.555435" lon="-0.056885"><ele>20</ele></trkpt>
      <trkpt lat="51.55558" lon="-0.056812"><ele>20</ele></trkpt>
      <trkpt lat="51.555664" lon="-0.056731"><ele>20.25</ele></trkpt>
      <trkpt lat="51.555735" lon="-0.056635"><ele>20.5</ele></trkpt>
      <trkpt lat="51.555778" lon="-0.056535"><ele>20.75</ele></trkpt>
      <trkpt lat="51.555912" lon="-0.056065"><ele>20.75</ele></trkpt>
      <trkpt lat="51.555945" lon="-0.055959"><ele>20.5</ele></trkpt>
      <trkpt lat="51.556052" lon="-0.055629"><ele>20.25</ele></trkpt>
      <trkpt lat="51.556069" lon="-0.055572"><ele>20</ele></trkpt>
      <trkpt lat="51.556086" lon="-0.055518"><ele>20</ele></trkpt>
      <trkpt lat="51.556139" lon="-0.055355"><ele>20</ele></trkpt>
      <trkpt lat="51.55623" lon="-0.055425"><ele>20</ele></trkpt>
      <trkpt lat="51.556237" lon="-0.055432"><ele>20</ele></trkpt>
      <trkpt lat="51.556266" lon="-0.055455"><ele>20</ele></trkpt>
      <trkpt lat="51.556376" lon="-0.055533"><ele>20</ele></trkpt>
      <trkpt lat="51.55655" lon="-0.055657"><ele>20</ele></trkpt>
      <trkpt lat="51.556669" lon="-0.055711"><ele>20</ele></trkpt>
      <trkpt lat="51.556822" lon="-0.055771"><ele>20.5</ele></trkpt>
      <trkpt lat="51.557113" lon="-0.055822"><ele>21</ele></trkpt>
      <trkpt lat="51.557196" lon="-0.055833"><ele>21</ele></trkpt>
      <trkpt lat="51.557257" lon="-0.055841"><ele>21</ele></trkpt>
      <trkpt lat="51.557434" lon="-0.055863"><ele>21</ele></trkpt>
      <trkpt lat="51.557656" lon="-0.055881"><ele>21</ele></trkpt>
      <trkpt lat="51.557785" lon="-0.055876"><ele>21</ele></trkpt>
      <trkpt lat="51.557863" lon="-0.055941"><ele>21</ele></trkpt>
      <trkpt lat="51.557955" lon="-0.05595"><ele>21</ele></trkpt>
      <trkpt lat="51.558024" lon="-0.055965"><ele>21</ele></trkpt>
      <trkpt lat="51.558095" lon="-0.05601"><ele>21</ele></trkpt>
      <trkpt lat="51.558161" lon="-0.056061"><ele>21</ele></trkpt>
      <trkpt lat="51.558233" lon="-0.056209"><ele>21</ele></trkpt>
      <trkpt lat="51.558268" lon="-0.056261"><ele>21</ele></trkpt>
      <trkpt lat="51.558362" lon="-0.056333"><ele>21</ele></trkpt>
      <trkpt lat="51.55841" lon="-0.056355"><ele>21</ele></trkpt>
      <trkpt lat="51.558443" lon="-0.056364"><ele>21</ele></trkpt>
      <trkpt lat="51.558491" lon="-0.056359"><ele>21</ele></trkpt>
      <trkpt lat="51.558574" lon="-0.056323"><ele>21</ele></trkpt>
      <trkpt lat="51.558605" lon="-0.056308"><ele>21</ele></trkpt>
      <trkpt lat="51.558661" lon="-0.056254"><ele>21</ele></trkpt>
      <trkpt lat="51.558711" lon="-0.056185"><ele>21</ele></trkpt>
      <trkpt lat="51.558806" lon="-0.056106"><ele>21</ele></trkpt>
      <trkpt lat="51.558882" lon="-0.056068"><ele>21</ele></trkpt>
      <trkpt lat="51.558903" lon="-0.056058"><ele>21</ele></trkpt>
      <trkpt lat="51.558979" lon="-0.056054"><ele>21</ele></trkpt>
      <trkpt lat="51.558995" lon="-0.056057"><ele>21</ele></trkpt>
      <trkpt lat="51.55906" lon="-0.056003"><ele>21</ele></trkpt>
      <trkpt lat="51.559175" lon="-0.056089"><ele>21</ele></trkpt>
      <trkpt lat="51.559229" lon="-0.056126"><ele>21.25</ele></trkpt>
      <trkpt lat="51.559261" lon="-0.056015"><ele>21</ele></trkpt>
      <trkpt lat="51.559278" lon="-0.056034"><ele>21.25</ele></trkpt>
      <trkpt lat="51.559583" lon="-0.056295"><ele>21.5</ele></trkpt>
      <trkpt lat="51.55967" lon="-0.056355"><ele>21</ele></trkpt>
      <trkpt lat="51.559866" lon="-0.056421"><ele>21</ele></trkpt>
      <trkpt lat="51.560109" lon="-0.056503"><ele>21</ele></trkpt>
      <trkpt lat="51.560175" lon="-0.056525"><ele>21</ele></trkpt>
      <trkpt lat="51.560532" lon="-0.056651"><ele>21</ele></trkpt>
      <trkpt lat="51.560571" lon="-0.056668"><ele>21</ele></trkpt>
      <trkpt lat="51.560606" lon="-0.056687"><ele>21</ele></trkpt>
      <trkpt lat="51.561137" lon="-0.056937"><ele>20</ele></trkpt>
      <trkpt lat="51.561169" lon="-0.056952"><ele>19.75</ele></trkpt>
      <trkpt lat="51.561201" lon="-0.056968"><ele>19.75</ele></trkpt>
      <trkpt lat="51.561209" lon="-0.056973"><ele>19.75</ele></trkpt>
      <trkpt lat="51.561211" lon="-0.056991"><ele>19.75</ele></trkpt>
      <trkpt lat="51.561222" lon="-0.057003"><ele>19.5</ele></trkpt>
      <trkpt lat="51.561392" lon="-0.057071"><ele>18</ele></trkpt>
      <trkpt lat="51.561395" lon="-0.057054"><ele>18.25</ele></trkpt>
      <trkpt lat="51.561416" lon="-0.057036"><ele>18.5</ele></trkpt>
      <trkpt lat="51.561442" lon="-0.057046"><ele>18.25</ele></trkpt>
      <trkpt lat="51.561547" lon="-0.057085"><ele>18</ele></trkpt>
      <trkpt lat="51.561569" lon="-0.057095"><ele>18</ele></trkpt>
      <trkpt lat="51.561585" lon="-0.057076"><ele>17.75</ele></trkpt>
      <trkpt lat="51.561636" lon="-0.057011"><ele>16.25</ele></trkpt>
      <trkpt lat="51.561585" lon="-0.057076"><ele>17.75</ele></trkpt>
      <trkpt lat="51.561569" lon="-0.057095"><ele>18</ele></trkpt>
      <trkpt lat="51.561547" lon="-0.057085"><ele>18</ele></trkpt>
      <trkpt lat="51.561442" lon="-0.057046"><ele>18.25</ele></trkpt>
      <trkpt lat="51.561416" lon="-0.057036"><ele>18.5</ele></trkpt>
      <trkpt lat="51.561395" lon="-0.057054"><ele>18.25</ele></trkpt>
      <trkpt lat="51.561392" lon="-0.057071"><ele>18</ele></trkpt>
      <trkpt lat="51.561415" lon="-0.05708"><ele>18.25</ele></trkpt>
      <trkpt lat="51.561435" lon="-0.057087"><ele>18.5</ele></trkpt>
      <trkpt lat="51.561521" lon="-0.057117"><ele>19.75</ele></trkpt>
      <trkpt lat="51.56177" lon="-0.05719"><ele>20</ele></trkpt>
      <trkpt lat="51.561787" lon="-0.057184"><ele>20</ele></trkpt>
      <trkpt lat="51.561797" lon="-0.057169"><ele>20</ele></trkpt>
      <trkpt lat="51.561832" lon="-0.057016"><ele>19.25</ele></trkpt>
      <trkpt lat="51.561874" lon="-0.056732"><ele>18</ele></trkpt>
      <trkpt lat="51.561919" lon="-0.056397"><ele>18</ele></trkpt>
      <trkpt lat="51.561927" lon="-0.05634"><ele>18.25</ele></trkpt>
      <trkpt lat="51.561976" lon="-0.056319"><ele>18</ele></trkpt>
      <trkpt lat="51.562092" lon="-0.055522"><ele>16.75</ele></trkpt>
      <trkpt lat="51.562155" lon="-0.05514"><ele>16.75</ele></trkpt>
      <trkpt lat="51.56218" lon="-0.055"><ele>16.75</ele></trkpt>
      <trkpt lat="51.562523" lon="-0.053118"><ele>12</ele></trkpt>
      <trkpt lat="51.562673" lon="-0.052355"><ele>10</ele></trkpt>
      <trkpt lat="51.562688" lon="-0.052283"><ele>10</ele></trkpt>
      <trkpt lat="51.562714" lon="-0.052167"><ele>9.75</ele></trkpt>
      <trkpt lat="51.562737" lon="-0.052008"><ele>9.25</ele></trkpt>
      <trkpt lat="51.56286" lon="-0.051245"><ele>9</ele></trkpt>
      <trkpt lat="51.562886" lon="-0.051076"><ele>8.75</ele></trkpt>
      <trkpt lat="51.563022" lon="-0.05023"><ele>8</ele></trkpt>
      <trkpt lat="51.563031" lon="-0.050165"><ele>8</ele></trkpt>
      <trkpt lat="51.563123" lon="-0.049383"><ele>7</ele></trkpt>
      <trkpt lat="51.563155" lon="-0.049129"><ele>7</ele></trkpt>
      <trkpt lat="51.563136" lon="-0.049083"><ele>7</ele></trkpt>
      <trkpt lat="51.563123" lon="-0.049031"><ele>7</ele></trkpt>
      <trkpt lat="51.563124" lon="-0.049008"><ele>7</ele></trkpt>
      <trkpt lat="51.563153" lon="-0.048758"><ele>7</ele></trkpt>
      <trkpt lat="51.56326" lon="-0.047841"><ele>6.75</ele></trkpt>
      <trkpt lat="51.563271" lon="-0.047741"><ele>6.75</ele></trkpt>
      <trkpt lat="51.563284" lon="-0.047615"><ele>6.75</ele></trkpt>
      <trkpt lat="51.563303" lon="-0.047554"><ele>6.75</ele></trkpt>
      <trkpt lat="51.563338" lon="-0.047527"><ele>7</ele></trkpt>
      <trkpt lat="51.563377" lon="-0.047482"><ele>6.75</ele></trkpt>
      <trkpt lat="51.563445" lon="-0.047382"><ele>6.5</ele></trkpt>
      <trkpt lat="51.563499" lon="-0.04728"><ele>6.5</ele></trkpt>
      <trkpt lat="51.563612" lon="-0.047087"><ele>6.5</ele></trkpt>
      <trkpt lat="51.563663" lon="-0.047023"><ele>6.25</ele></trkpt>
      <trkpt lat="51.563727" lon="-0.046959"><ele>6.25</ele></trkpt>
      <trkpt lat="51.563873" lon="-0.046859"><ele>6.5</ele></trkpt>
      <trkpt lat="51.563977" lon="-0.046818"><ele>6.5</ele></trkpt>
      <trkpt lat="51.56409" lon="-0.046811"><ele>6.5</ele></trkpt>
      <trkpt lat="51.564147" lon="-0.046825"><ele>6.5</ele></trkpt>
      <trkpt lat="51.564192" lon="-0.046821"><ele>6.5</ele></trkpt>
      <trkpt lat="51.564263" lon="-0.04684"><ele>6.25</ele></trkpt>
      <trkpt lat="51.564296" lon="-0.046858"><ele>6.25</ele></trkpt>
      <trkpt lat="51.5643" lon="-0.046846"><ele>6.25</ele></trkpt>
      <trkpt lat="51.56443" lon="-0.046477"><ele>7.5</ele></trkpt>
      <trkpt lat="51.564435" lon="-0.046465"><ele>7.5</ele></trkpt>
      <trkpt lat="51.564502" lon="-0.046269"><ele>8.25</ele></trkpt>
      <trkpt lat="51.564549" lon="-0.046144"><ele>8.25</ele></trkpt>
      <trkpt lat="51.564586" lon="-0.046111"><ele>8.25</ele></trkpt>
      <trkpt lat="51.564522" lon="-0.046022"><ele>8.25</ele></trkpt>
      <trkpt lat="51.564529" lon="-0.045948"><ele>8.25</ele></trkpt>
      <trkpt lat="51.564555" lon="-0.045877"><ele>8</ele></trkpt>
      <trkpt lat="51.564709" lon="-0.045459"><ele>8</ele></trkpt>
      <trkpt lat="51.564859" lon="-0.044906"><ele>8</ele></trkpt>
      <trkpt lat="51.564907" lon="-0.044526"><ele>8</ele></trkpt>
      <trkpt lat="51.564966" lon="-0.043594"><ele>7</ele></trkpt>
      <trkpt lat="51.564955" lon="-0.043061"><ele>7</ele></trkpt>
      <trkpt lat="51.564915" lon="-0.042762"><ele>6.75</ele></trkpt>
      <trkpt lat="51.56489" lon="-0.042639"><ele>6.5</ele></trkpt>
      <trkpt lat="51.564851" lon="-0.042546"><ele>6.5</ele></trkpt>
      <trkpt lat="51.564871" lon="-0.042502"><ele>6.25</ele></trkpt>
      <trkpt lat="51.564982" lon="-0.042199"><ele>7.75</ele></trkpt>
      <trkpt lat="51.565149" lon="-0.042338"><ele>7.25</ele></trkpt>
      <trkpt lat="51.56522" lon="-0.042144"><ele>7.25</ele></trkpt>
      <trkpt lat="51.56547" lon="-0.041444"><ele>8</ele></trkpt>
      <trkpt lat="51.565474" lon="-0.041431"><ele>8</ele></trkpt>
      <trkpt lat="51.565478" lon="-0.04142"><ele>8</ele></trkpt>
      <trkpt lat="51.565542" lon="-0.04123"><ele>8</ele></trkpt>
      <trkpt lat="51.565729" lon="-0.040679"><ele>8</ele></trkpt>
      <trkpt lat="51.565843" lon="-0.040292"><ele>6.75</ele></trkpt>
      <trkpt lat="51.56645" lon="-0.040721"><ele>7.25</ele></trkpt>
      <trkpt lat="51.56665" lon="-0.040815"><ele>7.75</ele></trkpt>
      <trkpt lat="51.56703" lon="-0.040992"><ele>6.5</ele></trkpt>
      <trkpt lat="51.567539" lon="-0.041207"><ele>7</ele></trkpt>
      <trkpt lat="51.567864" lon="-0.041326"><ele>6.75</ele></trkpt>
      <trkpt lat="51.567983" lon="-0.041404"><ele>6.5</ele></trkpt>
      <trkpt lat="51.568032" lon="-0.04146"><ele>6.5</ele></trkpt>
      <trkpt lat="51.568065" lon="-0.041386"><ele>5.75</ele></trkpt>
      <trkpt lat="51.56819" lon="-0.041072"><ele>5.5</ele></trkpt>
      <trkpt lat="51.568286" lon="-0.040881"><ele>6.75</ele></trkpt>
      <trkpt lat="51.568313" lon="-0.040871"><ele>6.75</ele></trkpt>
      <trkpt lat="51.568409" lon="-0.040901"><ele>6.75</ele></trkpt>
      <trkpt lat="51.568479" lon="-0.041048"><ele>6.75</ele></trkpt>
      <trkpt lat="51.568681" lon="-0.040802"><ele>6.75</ele></trkpt>
      <trkpt lat="51.568611" lon="-0.040654"><ele>6.75</ele></trkpt>
      <trkpt lat="51.568602" lon="-0.040613"><ele>6.75</ele></trkpt>
      <trkpt lat="51.568613" lon="-0.040556"><ele>6.75</ele></trkpt>
      <trkpt lat="51.568716" lon="-0.040649"><ele>6.5</ele></trkpt>
      <trkpt lat="51.568721" lon="-0.040639"><ele>6.5</ele></trkpt>
      <trkpt lat="51.568748" lon="-0.040585"><ele>6.5</ele></trkpt>
      <trkpt lat="51.568776" lon="-0.040531"><ele>6.25</ele></trkpt>
      <trkpt lat="51.568781" lon="-0.040522"><ele>6.25</ele></trkpt>
      <trkpt lat="51.568806" lon="-0.040494"><ele>6.25</ele></trkpt>
      <trkpt lat="51.568829" lon="-0.040485"><ele>6.25</ele></trkpt>
      <trkpt lat="51.568852" lon="-0.040466"><ele>6.25</ele></trkpt>
      <trkpt lat="51.569529" lon="-0.040131"><ele>6.5</ele></trkpt>
      <trkpt lat="51.56966" lon="-0.040068"><ele>6.75</ele></trkpt>
      <trkpt lat="51.569687" lon="-0.040051"><ele>6.75</ele></trkpt>
      <trkpt lat="51.569705" lon="-0.040041"><ele>6.75</ele></trkpt>
      <trkpt lat="51.569721" lon="-0.040042"><ele>6.75</ele></trkpt>
      <trkpt lat="51.569748" lon="-0.040062"><ele>6.75</ele></trkpt>
      <trkpt lat="51.569776" lon="-0.040082"><ele>6.5</ele></trkpt>
      <trkpt lat="51.569826" lon="-0.040049"><ele>6.75</ele></trkpt>
      <trkpt lat="51.569892" lon="-0.040036"><ele>6.75</ele></trkpt>
      <trkpt lat="51.570734" lon="-0.039624"><ele>6.75</ele></trkpt>
      <trkpt lat="51.570753" lon="-0.039598"><ele>6.75</ele></trkpt>
      <trkpt lat="51.571244" lon="-0.038178"><ele>6.25</ele></trkpt>
      <trkpt lat="51.571272" lon="-0.038143"><ele>6.5</ele></trkpt>
      <trkpt lat="51.571324" lon="-0.038124"><ele>6.75</ele></trkpt>
      <trkpt lat="51.571345" lon="-0.038131"><ele>6.75</ele></trkpt>
      <trkpt lat="51.572127" lon="-0.038755"><ele>7</ele></trkpt>
      <trkpt lat="51.572265" lon="-0.038879"><ele>7</ele></trkpt>
      <trkpt lat="51.572294" lon="-0.03889"><ele>7</ele></trkpt>
      <trkpt lat="51.572459" lon="-0.038821"><ele>7</ele></trkpt>
      <trkpt lat="51.572487" lon="-0.038809"><ele>7</ele></trkpt>
      <trkpt lat="51.572526" lon="-0.038793"><ele>6.75</ele></trkpt>
      <trkpt lat="51.572697" lon="-0.038726"><ele>7</ele></trkpt>
      <trkpt lat="51.572734" lon="-0.03871"><ele>7</ele></trkpt>
      <trkpt lat="51.572754" lon="-0.038739"><ele>7</ele></trkpt>
      <trkpt lat="51.572763" lon="-0.03879"><ele>7</ele></trkpt>
      <trkpt lat="51.57277" lon="-0.038838"><ele>7</ele></trkpt>
      <trkpt lat="51.572857" lon="-0.038798"><ele>7</ele></trkpt>
      <trkpt lat="51.572928" lon="-0.038765"><ele>7</ele></trkpt>
      <trkpt lat="51.573042" lon="-0.038703"><ele>6.75</ele></trkpt>
      <trkpt lat="51.573113" lon="-0.038599"><ele>7</ele></trkpt>
      <trkpt lat="51.573123" lon="-0.038553"><ele>6.75</ele></trkpt>
      <trkpt lat="51.573224" lon="-0.038549"><ele>7</ele></trkpt>
      <trkpt lat="51.573264" lon="-0.038539"><ele>7</ele></trkpt>
      <trkpt lat="51.57332" lon="-0.03851"><ele>7</ele></trkpt>
      <trkpt lat="51.573455" lon="-0.038429"><ele>7</ele></trkpt>
      <trkpt lat="51.57355" lon="-0.038329"><ele>7</ele></trkpt>
      <trkpt lat="51.573786" lon="-0.038079"><ele>6.75</ele></trkpt>
      <trkpt lat="51.573965" lon="-0.037977"><ele>7</ele></trkpt>
      <trkpt lat="51.574223" lon="-0.037857"><ele>6.75</ele></trkpt>
      <trkpt lat="51.574554" lon="-0.037704"><ele>6.5</ele></trkpt>
      <trkpt lat="51.575133" lon="-0.037446"><ele>7</ele></trkpt>
      <trkpt lat="51.575401" lon="-0.037327"><ele>6.75</ele></trkpt>
      <trkpt lat="51.575474" lon="-0.03725"><ele>6.75</ele></trkpt>
      <trkpt lat="51.575626" lon="-0.037059"><ele>6.75</ele></trkpt>
      <trkpt lat="51.576092" lon="-0.036364"><ele>7</ele></trkpt>
      <trkpt lat="51.57617" lon="-0.036242"><ele>7</ele></trkpt>
      <trkpt lat="51.576499" lon="-0.035751"><ele>7</ele></trkpt>
      <trkpt lat="51.576561" lon="-0.035662"><ele>7</ele></trkpt>
      <trkpt lat="51.576586" lon="-0.035623"><ele>7</ele></trkpt>
      <trkpt lat="51.576616" lon="-0.035579"><ele>7</ele></trkpt>
      <trkpt lat="51.576683" lon="-0.035481"><ele>7</ele></trkpt>
      <trkpt lat="51.576825" lon="-0.035275"><ele>7</ele></trkpt>
      <trkpt lat="51.576968" lon="-0.035073"><ele>7.75</ele></trkpt>
      <trkpt lat="51.577075" lon="-0.034922"><ele>8</ele></trkpt>
      <trkpt lat="51.577132" lon="-0.034809"><ele>8.25</ele></trkpt>
      <trkpt lat="51.577179" lon="-0.034721"><ele>8.75</ele></trkpt>
      <trkpt lat="51.577231" lon="-0.034623"><ele>9.25</ele></trkpt>
      <trkpt lat="51.577496" lon="-0.034027"><ele>10.25</ele></trkpt>
      <trkpt lat="51.57762" lon="-0.033714"><ele>11</ele></trkpt>
      <trkpt lat="51.577971" lon="-0.032821"><ele>11.5</ele></trkpt>
      <trkpt lat="51.578083" lon="-0.032485"><ele>12</ele></trkpt>
      <trkpt lat="51.578403" lon="-0.03273"><ele>12</ele></trkpt>
      <trkpt lat="51.57846" lon="-0.032736"><ele>12</ele></trkpt>
      <trkpt lat="51.578505" lon="-0.032726"><ele>12</ele></trkpt>
      <trkpt lat="51.578658" lon="-0.032689"><ele>12.25</ele></trkpt>
      <trkpt lat="51.578999" lon="-0.032635"><ele>12.25</ele></trkpt>
      <trkpt lat="51.579435" lon="-0.032556"><ele>12</ele></trkpt>
      <trkpt lat="51.579485" lon="-0.03254"><ele>12</ele></trkpt>
      <trkpt lat="51.57953" lon="-0.032526"><ele>12</ele></trkpt>
      <trkpt lat="51.579605" lon="-0.032509"><ele>12</ele></trkpt>
      <trkpt lat="51.57972" lon="-0.032501"><ele>12</ele></trkpt>
      <trkpt lat="51.579732" lon="-0.032502"><ele>12</ele></trkpt>
      <trkpt lat="51.579775" lon="-0.032506"><ele>12</ele></trkpt>
      <trkpt lat="51.579778" lon="-0.032506"><ele>12</ele></trkpt>
      <trkpt lat="51.579796" lon="-0.032504"><ele>12.25</ele></trkpt>
      <trkpt lat="51.57983" lon="-0.032503"><ele>12.25</ele></trkpt>
      <trkpt lat="51.579835" lon="-0.032537"><ele>12.25</ele></trkpt>
      <trkpt lat="51.579848" lon="-0.032571"><ele>12.25</ele></trkpt>
      <trkpt lat="51.579885" lon="-0.032608"><ele>12.25</ele></trkpt>
      <trkpt lat="51.579965" lon="-0.032658"><ele>12.25</ele></trkpt>
      <trkpt lat="51.580241" lon="-0.032777"><ele>12</ele></trkpt>
      <trkpt lat="51.580403" lon="-0.032836"><ele>11.75</ele></trkpt>
      <trkpt lat="51.58045" lon="-0.032853"><ele>11.75</ele></trkpt>
      <trkpt lat="51.580632" lon="-0.032911"><ele>12</ele></trkpt>
      <trkpt lat="51.580759" lon="-0.032956"><ele>12</ele></trkpt>
      <trkpt lat="51.580798" lon="-0.032982"><ele>12</ele></trkpt>
      <trkpt lat="51.580817" lon="-0.032908"><ele>12</ele></trkpt>
      <trkpt lat="51.580828" lon="-0.032914"><ele>12</ele></trkpt>
      <trkpt lat="51.581036" lon="-0.033069"><ele>12</ele></trkpt>
      <trkpt lat="51.581071" lon="-0.032946"><ele>12</ele></trkpt>
      <trkpt lat="51.581023" lon="-0.032898"><ele>12</ele></trkpt>
      <trkpt lat="51.581071" lon="-0.032946"><ele>12</ele></trkpt>
      <trkpt lat="51.581153" lon="-0.032714"><ele>12</ele></trkpt>
      <trkpt lat="51.581248" lon="-0.032373"><ele>12.25</ele></trkpt>
      <trkpt lat="51.581266" lon="-0.03239"><ele>12.25</ele></trkpt>
      <trkpt lat="51.581284" lon="-0.032405"><ele>12.25</ele></trkpt>
      <trkpt lat="51.581305" lon="-0.032334"><ele>12.5</ele></trkpt>
      <trkpt lat="51.581357" lon="-0.032146"><ele>13</ele></trkpt>
      <trkpt lat="51.581406" lon="-0.031975"><ele>13</ele></trkpt>
      <trkpt lat="51.581424" lon="-0.031903"><ele>13</ele></trkpt>
      <trkpt lat="51.581438" lon="-0.031853"><ele>13</ele></trkpt>
      <trkpt lat="51.581487" lon="-0.031667"><ele>13</ele></trkpt>
      <trkpt lat="51.581495" lon="-0.031631"><ele>13.25</ele></trkpt>
      <trkpt lat="51.58155" lon="-0.031402"><ele>14.5</ele></trkpt>
      <trkpt lat="51.581553" lon="-0.03139"><ele>14.5</ele></trkpt>
      <trkpt lat="51.581573" lon="-0.031305"><ele>14</ele></trkpt>
      <trkpt lat="51.58158" lon="-0.03128"><ele>14</ele></trkpt>
      <trkpt lat="51.581889" lon="-0.029917"><ele>14.25</ele></trkpt>
      <trkpt lat="51.582001" lon="-0.029232"><ele>15.25</ele></trkpt>
      <trkpt lat="51.582046" lon="-0.028898"><ele>16</ele></trkpt>
      <trkpt lat="51.582078" lon="-0.028585"><ele>16.25</ele></trkpt>
      <trkpt lat="51.582098" lon="-0.028306"><ele>14.5</ele></trkpt>
      <trkpt lat="51.582094" lon="-0.028242"><ele>14</ele></trkpt>
      <trkpt lat="51.582088" lon="-0.028144"><ele>13.25</ele></trkpt>
      <trkpt lat="51.582123" lon="-0.028114"><ele>13</ele></trkpt>
      <trkpt lat="51.582144" lon="-0.028084"><ele>12.75</ele></trkpt>
      <trkpt lat="51.58215" lon="-0.028075"><ele>12.75</ele></trkpt>
      <trkpt lat="51.582171" lon="-0.02803"><ele>12.75</ele></trkpt>
      <trkpt lat="51.582191" lon="-0.027982"><ele>13</ele></trkpt>
      <trkpt lat="51.582215" lon="-0.027824"><ele>13.75</ele></trkpt>
      <trkpt lat="51.582231" lon="-0.02763"><ele>14.5</ele></trkpt>
      <trkpt lat="51.582236" lon="-0.027558"><ele>14.75</ele></trkpt>
      <trkpt lat="51.582242" lon="-0.027501"><ele>15</ele></trkpt>
      <trkpt lat="51.582362" lon="-0.026411"><ele>17.75</ele></trkpt>
      <trkpt lat="51.58241" lon="-0.025968"><ele>17.5</ele></trkpt>
      <trkpt lat="51.58244" lon="-0.02567"><ele>15.75</ele></trkpt>
      <trkpt lat="51.582479" lon="-0.025312"><ele>16.75</ele></trkpt>
      <trkpt lat="51.582482" lon="-0.025288"><ele>16.75</ele></trkpt>
      <trkpt lat="51.582497" lon="-0.025156"><ele>17.25</ele></trkpt>
      <trkpt lat="51.58261" lon="-0.024202"><ele>19.5</ele></trkpt>
      <trkpt lat="51.582638" lon="-0.023994"><ele>19.75</ele></trkpt>
      <trkpt lat="51.582645" lon="-0.023942"><ele>19.75</ele></trkpt>
      <trkpt lat="51.582684" lon="-0.023613"><ele>19.5</ele></trkpt>
      <trkpt lat="51.582716" lon="-0.023367"><ele>20</ele></trkpt>
      <trkpt lat="51.582757" lon="-0.023053"><ele>21</ele></trkpt>
      <trkpt lat="51.582808" lon="-0.022649"><ele>21.5</ele></trkpt>
      <trkpt lat="51.582882" lon="-0.022042"><ele>22.5</ele></trkpt>
      <trkpt lat="51.582902" lon="-0.021876"><ele>23</ele></trkpt>
      <trkpt lat="51.582907" lon="-0.021826"><ele>23</ele></trkpt>
      <trkpt lat="51.582932" lon="-0.021624"><ele>23.5</ele></trkpt>
      <trkpt lat="51.58288" lon="-0.021596"><ele>23.25</ele></trkpt>
      <trkpt lat="51.582959" lon="-0.020949"><ele>23.5</ele></trkpt>
      <trkpt lat="51.583005" lon="-0.020621"><ele>23.75</ele></trkpt>
      <trkpt lat="51.583051" lon="-0.020223"><ele>24.75</ele></trkpt>
      <trkpt lat="51.583019" lon="-0.020212"><ele>24.75</ele></trkpt>
      <trkpt lat="51.583021" lon="-0.020141"><ele>24.75</ele></trkpt>
      <trkpt lat="51.583048" lon="-0.019848"><ele>24.75</ele></trkpt>
      <trkpt lat="51.583055" lon="-0.019779"><ele>24.75</ele></trkpt>
      <trkpt lat="51.583097" lon="-0.019441"><ele>25</ele></trkpt>
      <trkpt lat="51.583115" lon="-0.019399"><ele>25</ele></trkpt>
      <trkpt lat="51.583157" lon="-0.019358"><ele>25.25</ele></trkpt>
      <trkpt lat="51.583191" lon="-0.01903"><ele>25.5</ele></trkpt>
      <trkpt lat="51.583206" lon="-0.019036"><ele>25.75</ele></trkpt>
      <trkpt lat="51.583233" lon="-0.019046"><ele>26</ele></trkpt>
      <trkpt lat="51.583241" lon="-0.018974"><ele>26</ele></trkpt>
      <trkpt lat="51.583255" lon="-0.018868"><ele>26</ele></trkpt>
      <trkpt lat="51.583288" lon="-0.018725"><ele>27</ele></trkpt>
      <trkpt lat="51.583333" lon="-0.018586"><ele>27.75</ele></trkpt>
      <trkpt lat="51.583354" lon="-0.018563"><ele>27.75</ele></trkpt>
      <trkpt lat="51.58337" lon="-0.018526"><ele>27.5</ele></trkpt>
      <trkpt lat="51.583374" lon="-0.018519"><ele>27.5</ele></trkpt>
      <trkpt lat="51.583405" lon="-0.01845"><ele>27.25</ele></trkpt>
      <trkpt lat="51.58342" lon="-0.018397"><ele>27</ele></trkpt>
      <trkpt lat="51.583426" lon="-0.018365"><ele>27</ele></trkpt>
      <trkpt lat="51.583451" lon="-0.018162"><ele>27</ele></trkpt>
      <trkpt lat="51.58354" lon="-0.017597"><ele>27</ele></trkpt>
      <trkpt lat="51.583766" lon="-0.016322"><ele>29.5</ele></trkpt>
      <trkpt lat="51.583787" lon="-0.016159"><ele>29.75</ele></trkpt>
      <trkpt lat="51.5838" lon="-0.016046"><ele>30</ele></trkpt>
      <trkpt lat="51.58386" lon="-0.015208"><ele>31.75</ele></trkpt>
      <trkpt lat="51.583874" lon="-0.015033"><ele>31.75</ele></trkpt>
      <trkpt lat="51.583888" lon="-0.014869"><ele>32.25</ele></trkpt>
      <trkpt lat="51.58397" lon="-0.013865"><ele>35</ele></trkpt>
      <trkpt lat="51.583948" lon="-0.013766"><ele>35</ele></trkpt>
      <trkpt lat="51.58401" lon="-0.013531"><ele>35.5</ele></trkpt>
      <trkpt lat="51.58425" lon="-0.012776"><ele>37</ele></trkpt>
      <trkpt lat="51.584307" lon="-0.012605"><ele>37</ele></trkpt>
      <trkpt lat="51.584326" lon="-0.012543"><ele>37</ele></trkpt>
      <trkpt lat="51.584468" lon="-0.012193"><ele>38</ele></trkpt>
      <trkpt lat="51.584445" lon="-0.012165"><ele>38</ele></trkpt>
      <trkpt lat="51.58452" lon="-0.01173"><ele>38</ele></trkpt>
      <trkpt lat="51.584534" lon="-0.011675"><ele>38</ele></trkpt>
      <trkpt lat="51.584622" lon="-0.011232"><ele>38</ele></trkpt>
      <trkpt lat="51.584676" lon="-0.010989"><ele>37.5</ele></trkpt>
      <trkpt lat="51.584708" lon="-0.010842"><ele>37</ele></trkpt>
      <trkpt lat="51.584744" lon="-0.010704"><ele>37</ele></trkpt>
      <trkpt lat="51.584826" lon="-0.010452"><ele>37</ele></trkpt>
      <trkpt lat="51.584882" lon="-0.010279"><ele>37</ele></trkpt>
      <trkpt lat="51.584995" lon="-0.009939"><ele>36</ele></trkpt>
      <trkpt lat="51.585055" lon="-0.009761"><ele>36</ele></trkpt>
      <trkpt lat="51.585091" lon="-0.009653"><ele>35.75</ele></trkpt>
      <trkpt lat="51.585136" lon="-0.009517"><ele>35.5</ele></trkpt>
      <trkpt lat="51.585233" lon="-0.009217"><ele>35</ele></trkpt>
      <trkpt lat="51.585278" lon="-0.009078"><ele>34.5</ele></trkpt>
      <trkpt lat="51.585335" lon="-0.008926"><ele>34.25</ele></trkpt>
      <trkpt lat="51.585382" lon="-0.008828"><ele>34.25</ele></trkpt>
      <trkpt lat="51.585453" lon="-0.008736"><ele>34.25</ele></trkpt>
      <trkpt lat="51.585486" lon="-0.00867"><ele>34</ele></trkpt>
      <trkpt lat="51.585558" lon="-0.0085"><ele>33.5</ele></trkpt>
      <trkpt lat="51.585591" lon="-0.008358"><ele>33</ele></trkpt>
      <trkpt lat="51.585608" lon="-0.008213"><ele>32.5</ele></trkpt>
      <trkpt lat="51.585609" lon="-0.00814"><ele>32.25</ele></trkpt>
      <trkpt lat="51.585724" lon="-0.008134"><ele>32.25</ele></trkpt>
      <trkpt lat="51.585829" lon="-0.008121"><ele>32</ele></trkpt>
      <trkpt lat="51.585824" lon="-0.007971"><ele>31.75</ele></trkpt>
      <trkpt lat="51.585818" lon="-0.007817"><ele>31.75</ele></trkpt>
      <trkpt lat="51.58582" lon="-0.007653"><ele>31.5</ele></trkpt>
      <trkpt lat="51.585841" lon="-0.007441"><ele>30.75</ele></trkpt>
      <trkpt lat="51.585921" lon="-0.006842"><ele>28.5</ele></trkpt>
      <trkpt lat="51.585961" lon="-0.006543"><ele>27.75</ele></trkpt>
      <trkpt lat="51.585989" lon="-0.006327"><ele>27.25</ele></trkpt>
      <trkpt lat="51.586072" lon="-0.005693"><ele>26</ele></trkpt>
      <trkpt lat="51.586099" lon="-0.005488"><ele>25.75</ele></trkpt>
      <trkpt lat="51.586173" lon="-0.004895"><ele>25</ele></trkpt>
      <trkpt lat="51.586195" lon="-0.004613"><ele>25</ele></trkpt>
      <trkpt lat="51.586266" lon="-0.00407"><ele>25</ele></trkpt>
      <trkpt lat="51.586346" lon="-0.003468"><ele>25.5</ele></trkpt>
      <trkpt lat="51.586381" lon="-0.003269"><ele>25.25</ele></trkpt>
      <trkpt lat="51.58642" lon="-0.003134"><ele>25.5</ele></trkpt>
      <trkpt lat="51.586472" lon="-0.003021"><ele>25.75</ele></trkpt>
      <trkpt lat="51.586558" lon="-0.002857"><ele>25.5</ele></trkpt>
      <trkpt lat="51.586515" lon="-0.002795"><ele>26</ele></trkpt>
      <trkpt lat="51.586484" lon="-0.002745"><ele>26</ele></trkpt>
      <trkpt lat="51.586574" lon="-0.002582"><ele>25.5</ele></trkpt>
      <trkpt lat="51.58663" lon="-0.002477"><ele>25.75</ele></trkpt>
      <trkpt lat="51.586574" lon="-0.002582"><ele>25.5</ele></trkpt>
      <trkpt lat="51.586484" lon="-0.002745"><ele>26</ele></trkpt>
      <trkpt lat="51.586515" lon="-0.002795"><ele>26</ele></trkpt>
      <trkpt lat="51.586558" lon="-0.002857"><ele>25.5</ele></trkpt>
      <trkpt lat="51.586617" lon="-0.002951"><ele>25</ele></trkpt>
      <trkpt lat="51.586685" lon="-0.003051"><ele>25</ele></trkpt>
      <trkpt lat="51.586794" lon="-0.003213"><ele>25</ele></trkpt>
      <trkpt lat="51.586855" lon="-0.003295"><ele>25</ele></trkpt>
      <trkpt lat="51.586936" lon="-0.003373"><ele>25</ele></trkpt>
      <trkpt lat="51.587024" lon="-0.003439"><ele>25</ele></trkpt>
      <trkpt lat="51.587313" lon="-0.003594"><ele>25</ele></trkpt>
      <trkpt lat="51.587338" lon="-0.003608"><ele>25</ele></trkpt>
      <trkpt lat="51.587417" lon="-0.003649"><ele>25</ele></trkpt>
      <trkpt lat="51.587869" lon="-0.003879"><ele>25.75</ele></trkpt>
      <trkpt lat="51.588014" lon="-0.003959"><ele>25.75</ele></trkpt>
      <trkpt lat="51.588223" lon="-0.004069"><ele>25.5</ele></trkpt>
      <trkpt lat="51.588397" lon="-0.004156"><ele>26</ele></trkpt>
      <trkpt lat="51.588479" lon="-0.004186"><ele>26</ele></trkpt>
      <trkpt lat="51.588555" lon="-0.004202"><ele>26</ele></trkpt>
      <trkpt lat="51.588635" lon="-0.004218"><ele>26</ele></trkpt>
      <trkpt lat="51.588887" lon="-0.00425"><ele>26</ele></trkpt>
      <trkpt lat="51.589" lon="-0.004257"><ele>26</ele></trkpt>
      <trkpt lat="51.589096" lon="-0.004269"><ele>26</ele></trkpt>
      <trkpt lat="51.589201" lon="-0.00429"><ele>26</ele></trkpt>
      <trkpt lat="51.589305" lon="-0.004299"><ele>26</ele></trkpt>
      <trkpt lat="51.589627" lon="-0.004283"><ele>26.5</ele></trkpt>
      <trkpt lat="51.589708" lon="-0.004283"><ele>26.75</ele></trkpt>
      <trkpt lat="51.590173" lon="-0.004397"><ele>26.25</ele></trkpt>
      <trkpt lat="51.5902" lon="-0.004405"><ele>26.25</ele></trkpt>
      <trkpt lat="51.590307" lon="-0.004438"><ele>26</ele></trkpt>
      <trkpt lat="51.590347" lon="-0.004448"><ele>26</ele></trkpt>
      <trkpt lat="51.590388" lon="-0.004461"><ele>26</ele></trkpt>
      <trkpt lat="51.590436" lon="-0.004476"><ele>26</ele></trkpt>
      <trkpt lat="51.591245" lon="-0.004757"><ele>24.5</ele></trkpt>
      <trkpt lat="51.591292" lon="-0.004774"><ele>24.25</ele></trkpt>
      <trkpt lat="51.591319" lon="-0.004783"><ele>24.25</ele></trkpt>
      <trkpt lat="51.591419" lon="-0.004819"><ele>24</ele></trkpt>
      <trkpt lat="51.591529" lon="-0.004862"><ele>24</ele></trkpt>
      <trkpt lat="51.591652" lon="-0.004878"><ele>24</ele></trkpt>
      <trkpt lat="51.59174" lon="-0.004892"><ele>23.75</ele></trkpt>
      <trkpt lat="51.591835" lon="-0.004932"><ele>23.5</ele></trkpt>
      <trkpt lat="51.591874" lon="-0.004951"><ele>23.25</ele></trkpt>
      <trkpt lat="51.591978" lon="-0.004992"><ele>23</ele></trkpt>
      <trkpt lat="51.592073" lon="-0.005016"><ele>23</ele></trkpt>
      <trkpt lat="51.592363" lon="-0.005046"><ele>23</ele></trkpt>
      <trkpt lat="51.592472" lon="-0.005057"><ele>23</ele></trkpt>
      <trkpt lat="51.59263" lon="-0.005074"><ele>22.75</ele></trkpt>
      <trkpt lat="51.593033" lon="-0.005093"><ele>22</ele></trkpt>
      <trkpt lat="51.5932" lon="-0.005103"><ele>21.75</ele></trkpt>
      <trkpt lat="51.593581" lon="-0.005144"><ele>21</ele></trkpt>
      <trkpt lat="51.594029" lon="-0.005195"><ele>20</ele></trkpt>
      <trkpt lat="51.594167" lon="-0.005225"><ele>19.75</ele></trkpt>
      <trkpt lat="51.594226" lon="-0.005253"><ele>19.75</ele></trkpt>
      <trkpt lat="51.594681" lon="-0.005542"><ele>19</ele></trkpt>
      <trkpt lat="51.594766" lon="-0.005597"><ele>19</ele></trkpt>
      <trkpt lat="51.59603" lon="-0.006431"><ele>18</ele></trkpt>
      <trkpt lat="51.596124" lon="-0.006484"><ele>18</ele></trkpt>
      <trkpt lat="51.596243" lon="-0.00651"><ele>18.25</ele></trkpt>
      <trkpt lat="51.596376" lon="-0.006528"><ele>18.25</ele></trkpt>
      <trkpt lat="51.596753" lon="-0.006619"><ele>18</ele></trkpt>
      <trkpt lat="51.596805" lon="-0.006072"><ele>19</ele></trkpt>
      <trkpt lat="51.596861" lon="-0.005491"><ele>20</ele></trkpt>
      <trkpt lat="51.596957" lon="-0.004305"><ele>23</ele></trkpt>
      <trkpt lat="51.596964" lon="-0.004276"><ele>23</ele></trkpt>
      <trkpt lat="51.596992" lon="-0.004261"><ele>23</ele></trkpt>
      <trkpt lat="51.599103" lon="-0.004228"><ele>25</ele></trkpt>
      <trkpt lat="51.599828" lon="-0.004217"><ele>25</ele></trkpt>
      <trkpt lat="51.599887" lon="-0.004201"><ele>25</ele></trkpt>
      <trkpt lat="51.600252" lon="-0.004041"><ele>16.5</ele></trkpt>
      <trkpt lat="51.600273" lon="-0.00403"><ele>15.5</ele></trkpt>
      <trkpt lat="51.600513" lon="-0.003935"><ele>19.5</ele></trkpt>
      <trkpt lat="51.60056" lon="-0.003906"><ele>20.75</ele></trkpt>
      <trkpt lat="51.600617" lon="-0.003872"><ele>21.75</ele></trkpt>
      <trkpt lat="51.600799" lon="-0.003765"><ele>23.75</ele></trkpt>
      <trkpt lat="51.600807" lon="-0.00376"><ele>23.75</ele></trkpt>
      <trkpt lat="51.600849" lon="-0.003744"><ele>24</ele></trkpt>
      <trkpt lat="51.600863" lon="-0.00374"><ele>24</ele></trkpt>
      <trkpt lat="51.600875" lon="-0.003736"><ele>24</ele></trkpt>
      <trkpt lat="51.600889" lon="-0.003745"><ele>24</ele></trkpt>
      <trkpt lat="51.600952" lon="-0.003692"><ele>24</ele></trkpt>
      <trkpt lat="51.603833" lon="-0.002561"><ele>22.25</ele></trkpt>
      <trkpt lat="51.604076" lon="-0.00248"><ele>21.25</ele></trkpt>
      <trkpt lat="51.604423" lon="-0.002407"><ele>20</ele></trkpt>
      <trkpt lat="51.604444" lon="-0.002401"><ele>20</ele></trkpt>
      <trkpt lat="51.604517" lon="-0.002371"><ele>20</ele></trkpt>
      <trkpt lat="51.604565" lon="-0.002351"><ele>20</ele></trkpt>
      <trkpt lat="51.606136" lon="-0.001553"><ele>25</ele></trkpt>
      <trkpt lat="51.606971" lon="-0.001259"><ele>26.25</ele></trkpt>
      <trkpt lat="51.607189" lon="-0.001193"><ele>26</ele></trkpt>
      <trkpt lat="51.607229" lon="-0.001177"><ele>25.75</ele></trkpt>
      <trkpt lat="51.607335" lon="-0.001088"><ele>26</ele></trkpt>
      <trkpt lat="51.607623" lon="-0.000683"><ele>26</ele></trkpt>
      <trkpt lat="51.607651" lon="-0.000649"><ele>26</ele></trkpt>
      <trkpt lat="51.607654" lon="-0.000614"><ele>26</ele></trkpt>
      <trkpt lat="51.607649" lon="-0.000575"><ele>26</ele></trkpt>
      <trkpt lat="51.607664" lon="-0.000569"><ele>26</ele></trkpt>
      <trkpt lat="51.607694" lon="-0.000556"><ele>26</ele></trkpt>
      <trkpt lat="51.607701" lon="-0.000553"><ele>26</ele></trkpt>
      <trkpt lat="51.607715" lon="-0.000548"><ele>26</ele></trkpt>
      <trkpt lat="51.607743" lon="-0.000538"><ele>26</ele></trkpt>
      <trkpt lat="51.607751" lon="-0.000536"><ele>26</ele></trkpt>
      <trkpt lat="51.607737" lon="-0.000505"><ele>26</ele></trkpt>
      <trkpt lat="51.607724" lon="-0.000452"><ele>26.25</ele></trkpt>
      <trkpt lat="51.607713" lon="-0.000405"><ele>26.5</ele></trkpt>
      <trkpt lat="51.6077" lon="-0.000354"><ele>26.5</ele></trkpt>
      <trkpt lat="51.607697" lon="-0.000329"><ele>26.75</ele></trkpt>
      <trkpt lat="51.607702" lon="-0.00028"><ele>26.75</ele></trkpt>
      <trkpt lat="51.607696" lon="-0.000234"><ele>27</ele></trkpt>
      <trkpt lat="51.608104" lon="-0.000105"><ele>27.5</ele></trkpt>
      <trkpt lat="51.608174" lon="-0.000054"><ele>27.75</ele></trkpt>
      <trkpt lat="51.608195" lon="-0.000188"><ele>27.25</ele></trkpt>
      <trkpt lat="51.608199" lon="-0.000208"><ele>27.25</ele></trkpt>
      <trkpt lat="51.608344" lon="-0.000171"><ele>26.75</ele></trkpt>
      <trkpt lat="51.608199" lon="-0.000208"><ele>27.25</ele></trkpt>
      <trkpt lat="51.608195" lon="-0.000188"><ele>27.25</ele></trkpt>
      <trkpt lat="51.608174" lon="-0.000054"><ele>27.75</ele></trkpt>
      <trkpt lat="51.608104" lon="-0.000105"><ele>27.5</ele></trkpt>
      <trkpt lat="51.607696" lon="-0.000234"><ele>27</ele></trkpt>
      <trkpt lat="51.60769" lon="-0.000188"><ele>27</ele></trkpt>
      <trkpt lat="51.607686" lon="-0.000162"><ele>27.25</ele></trkpt>
      <trkpt lat="51.60808" lon="-0.000032"><ele>27.75</ele></trkpt>
      <trkpt lat="51.608118" lon="0.000011"><ele>28</ele></trkpt>
      <trkpt lat="51.608151" lon="0.000089"><ele>28.25</ele></trkpt>
      <trkpt lat="51.608189" lon="0.000107"><ele>28.25</ele></trkpt>
      <trkpt lat="51.608916" lon="0.000293"><ele>28</ele></trkpt>
      <trkpt lat="51.609098" lon="0.000428"><ele>28.5</ele></trkpt>
      <trkpt lat="51.609938" lon="0.001231"><ele>30.75</ele></trkpt>
      <trkpt lat="51.610143" lon="0.001398"><ele>31</ele></trkpt>
      <trkpt lat="51.610288" lon="0.001546"><ele>31.5</ele></trkpt>
      <trkpt lat="51.6107" lon="0.001922"><ele>31.75</ele></trkpt>
      <trkpt lat="51.610724" lon="0.001941"><ele>31.75</ele></trkpt>
      <trkpt lat="51.610775" lon="0.001986"><ele>32</ele></trkpt>
      <trkpt lat="51.611152" lon="0.002356"><ele>33.25</ele></trkpt>
      <trkpt lat="51.61129" lon="0.002556"><ele>33.5</ele></trkpt>
      <trkpt lat="51.61177" lon="0.003228"><ele>33</ele></trkpt>
      <trkpt lat="51.612567" lon="0.004312"><ele>29.75</ele></trkpt>
      <trkpt lat="51.612599" lon="0.004355"><ele>29.75</ele></trkpt>
      <trkpt lat="51.612642" lon="0.004411"><ele>29.5</ele></trkpt>
      <trkpt lat="51.612983" lon="0.004871"><ele>30</ele></trkpt>
      <trkpt lat="51.613488" lon="0.005578"><ele>30.5</ele></trkpt>
      <trkpt lat="51.613552" lon="0.005659"><ele>30.75</ele></trkpt>
      <trkpt lat="51.613767" lon="0.005833"><ele>31.5</ele></trkpt>
      <trkpt lat="51.613811" lon="0.005852"><ele>31.75</ele></trkpt>
      <trkpt lat="51.613882" lon="0.005892"><ele>32</ele></trkpt>
      <trkpt lat="51.613964" lon="0.005939"><ele>32.75</ele></trkpt>
      <trkpt lat="51.614247" lon="0.006175"><ele>34.75</ele></trkpt>
      <trkpt lat="51.614469" lon="0.006398"><ele>37</ele></trkpt>
      <trkpt lat="51.614564" lon="0.006508"><ele>37</ele></trkpt>
      <trkpt lat="51.614583" lon="0.006542"><ele>37.25</ele></trkpt>
      <trkpt lat="51.614622" lon="0.00661"><ele>37.5</ele></trkpt>
      <trkpt lat="51.614865" lon="0.006988"><ele>36.25</ele></trkpt>
      <trkpt lat="51.615263" lon="0.007431"><ele>33.25</ele></trkpt>
      <trkpt lat="51.615491" lon="0.007685"><ele>31.5</ele></trkpt>
      <trkpt lat="51.616061" lon="0.008486"><ele>29.25</ele></trkpt>
      <trkpt lat="51.616199" lon="0.008765"><ele>29.25</ele></trkpt>
      <trkpt lat="51.616213" lon="0.008799"><ele>29.25</ele></trkpt>
      <trkpt lat="51.616825" lon="0.008142"><ele>29.5</ele></trkpt>
      <trkpt lat="51.617022" lon="0.008039"><ele>30</ele></trkpt>
      <trkpt lat="51.617461" lon="0.007963"><ele>30</ele></trkpt>
      <trkpt lat="51.61787" lon="0.007952"><ele>30</ele></trkpt>
      <trkpt lat="51.618152" lon="0.007944"><ele>30</ele></trkpt>
      <trkpt lat="51.61864" lon="0.008046"><ele>30</ele></trkpt>
      <trkpt lat="51.618687" lon="0.008055"><ele>30</ele></trkpt>
      <trkpt lat="51.618699" lon="0.008029"><ele>30</ele></trkpt>
      <trkpt lat="51.618711" lon="0.008029"><ele>30</ele></trkpt>
      <trkpt lat="51.618747" lon="0.008034"><ele>30</ele></trkpt>
      <trkpt lat="51.618746" lon="0.008084"><ele>30</ele></trkpt>
      <trkpt lat="51.618797" lon="0.008143"><ele>30</ele></trkpt>
      <trkpt lat="51.618854" lon="0.008293"><ele>30</ele></trkpt>
      <trkpt lat="51.618897" lon="0.008304"><ele>30</ele></trkpt>
      <trkpt lat="51.618956" lon="0.008352"><ele>30</ele></trkpt>
      <trkpt lat="51.619023" lon="0.008481"><ele>29.75</ele></trkpt>
      <trkpt lat="51.619113" lon="0.008568"><ele>29.75</ele></trkpt>
      <trkpt lat="51.619152" lon="0.00859"><ele>30</ele></trkpt>
      <trkpt lat="51.619185" lon="0.008608"><ele>30</ele></trkpt>
      <trkpt lat="51.619231" lon="0.008633"><ele>30</ele></trkpt>
      <trkpt lat="51.619275" lon="0.008702"><ele>30.25</ele></trkpt>
      <trkpt lat="51.619423" lon="0.008696"><ele>30.75</ele></trkpt>
      <trkpt lat="51.619523" lon="0.008707"><ele>31.25</ele></trkpt>
      <trkpt lat="51.619584" lon="0.008705"><ele>31.5</ele></trkpt>
      <trkpt lat="51.619833" lon="0.008691"><ele>32.25</ele></trkpt>
      <trkpt lat="51.620131" lon="0.00867"><ele>33.25</ele></trkpt>
      <trkpt lat="51.620803" lon="0.008615"><ele>35.75</ele></trkpt>
      <trkpt lat="51.621101" lon="0.008563"><ele>37.75</ele></trkpt>
      <trkpt lat="51.621828" lon="0.008377"><ele>44</ele></trkpt>
      <trkpt lat="51.621864" lon="0.008368"><ele>44.25</ele></trkpt>
      <trkpt lat="51.621905" lon="0.008357"><ele>44.5</ele></trkpt>
      <trkpt lat="51.622077" lon="0.008305"><ele>46</ele></trkpt>
      <trkpt lat="51.622657" lon="0.008168"><ele>50.25</ele></trkpt>
      <trkpt lat="51.622807" lon="0.008155"><ele>51</ele></trkpt>
      <trkpt lat="51.622849" lon="0.008151"><ele>51.25</ele></trkpt>
      <trkpt lat="51.62309" lon="0.008203"><ele>52.5</ele></trkpt>
      <trkpt lat="51.623277" lon="0.008243"><ele>53.5</ele></trkpt>
      <trkpt lat="51.623686" lon="0.008331"><ele>55.25</ele></trkpt>
      <trkpt lat="51.623766" lon="0.008348"><ele>55.5</ele></trkpt>
      <trkpt lat="51.624048" lon="0.00834"><ele>56.5</ele></trkpt>
      <trkpt lat="51.624245" lon="0.008275"><ele>57.25</ele></trkpt>
      <trkpt lat="51.625615" lon="0.00779"><ele>53.25</ele></trkpt>
      <trkpt lat="51.626303" lon="0.007564"><ele>47.25</ele></trkpt>
      <trkpt lat="51.626387" lon="0.007544"><ele>46.75</ele></trkpt>
      <trkpt lat="51.626724" lon="0.007464"><ele>45.75</ele></trkpt>
      <trkpt lat="51.626861" lon="0.007431"><ele>45.25</ele></trkpt>
      <trkpt lat="51.626973" lon="0.007405"><ele>45.25</ele></trkpt>
      <trkpt lat="51.62699" lon="0.007305"><ele>45.75</ele></trkpt>
      <trkpt lat="51.626996" lon="0.00723"><ele>45.75</ele></trkpt>
      <trkpt lat="51.627004" lon="0.007023"><ele>46</ele></trkpt>
      <trkpt lat="51.627078" lon="0.006999"><ele>46</ele></trkpt>
      <trkpt lat="51.627109" lon="0.006983"><ele>46</ele></trkpt>
      <trkpt lat="51.627215" lon="0.006888"><ele>46</ele></trkpt>
      <trkpt lat="51.627421" lon="0.006644"><ele>46.5</ele></trkpt>
      <trkpt lat="51.627462" lon="0.006562"><ele>46.75</ele></trkpt>
      <trkpt lat="51.627532" lon="0.006635"><ele>47</ele></trkpt>
      <trkpt lat="51.627833" lon="0.006884"><ele>48.25</ele></trkpt>
      <trkpt lat="51.627912" lon="0.006924"><ele>48.5</ele></trkpt>
      <trkpt lat="51.628374" lon="0.007301"><ele>48.75</ele></trkpt>
      <trkpt lat="51.628398" lon="0.007335"><ele>48.75</ele></trkpt>
      <trkpt lat="51.628472" lon="0.007359"><ele>49</ele></trkpt>
      <trkpt lat="51.628618" lon="0.007478"><ele>49</ele></trkpt>
      <trkpt lat="51.628798" lon="0.007617"><ele>49.5</ele></trkpt>
      <trkpt lat="51.628923" lon="0.008028"><ele>49</ele></trkpt>
      <trkpt lat="51.629022" lon="0.008288"><ele>48.5</ele></trkpt>
      <trkpt lat="51.629085" lon="0.008412"><ele>48.5</ele></trkpt>
      <trkpt lat="51.629158" lon="0.008309"><ele>49</ele></trkpt>
      <trkpt lat="51.629585" lon="0.007689"><ele>51.75</ele></trkpt>
      <trkpt lat="51.629604" lon="0.007639"><ele>52</ele></trkpt>
      <trkpt lat="51.629882" lon="0.007942"><ele>51.75</ele></trkpt>
      <trkpt lat="51.630299" lon="0.008387"><ele>52</ele></trkpt>
      <trkpt lat="51.63126" lon="0.009422"><ele>54</ele></trkpt>
      <trkpt lat="51.632297" lon="0.010542"><ele>58</ele></trkpt>
      <trkpt lat="51.632734" lon="0.011015"><ele>56.25</ele></trkpt>
      <trkpt lat="51.632759" lon="0.011045"><ele>56</ele></trkpt>
      <trkpt lat="51.632797" lon="0.011084"><ele>55.75</ele></trkpt>
      <trkpt lat="51.633149" lon="0.010258"><ele>55.25</ele></trkpt>
      <trkpt lat="51.633245" lon="0.010354"><ele>54.5</ele></trkpt>
      <trkpt lat="51.633329" lon="0.010143"><ele>54.5</ele></trkpt>
      <trkpt lat="51.633367" lon="0.010077"><ele>54.5</ele></trkpt>
      <trkpt lat="51.633395" lon="0.010027"><ele>54.25</ele></trkpt>
      <trkpt lat="51.633343" lon="0.00998"><ele>54.75</ele></trkpt>
      <trkpt lat="51.633314" lon="0.009947"><ele>55</ele></trkpt>
      <trkpt lat="51.633172" lon="0.009801"><ele>55.25</ele></trkpt>
      <trkpt lat="51.633164" lon="0.009813"><ele>55.25</ele></trkpt>
      <trkpt lat="51.633122" lon="0.00992"><ele>55</ele></trkpt>
    </trkseg>
    <trkseg>
      <trkpt lat="51.5179" lon="-0.081523"><ele>10</ele></trkpt>
      <trkpt lat="51.51786" lon="-0.081545"><ele>10</ele></trkpt>
      <trkpt lat="51.517836" lon="-0.081426"><ele>10</ele></trkpt>
      <trkpt lat="51.51783" lon="-0.081401"><ele>10</ele></trkpt>
      <trkpt lat="51.517826" lon="-0.08138"><ele>10</ele></trkpt>
      <trkpt lat="51.517811" lon="-0.081307"><ele>10.5</ele></trkpt>
      <trkpt lat="51.517888" lon="-0.081267"><ele>11.25</ele></trkpt>
      <trkpt lat="51.518717" lon="-0.080828"><ele>12.75</ele></trkpt>
      <trkpt lat="51.518753" lon="-0.080752"><ele>13</ele></trkpt>
      <trkpt lat="51.519516" lon="-0.080383"><ele>13.5</ele></trkpt>
      <trkpt lat="51.519765" lon="-0.080275"><ele>16.25</ele></trkpt>
      <trkpt lat="51.519944" lon="-0.080197"><ele>16.5</ele></trkpt>
      <trkpt lat="51.519966" lon="-0.080096"><ele>15.25</ele></trkpt>
      <trkpt lat="51.520069" lon="-0.080042"><ele>14.5</ele></trkpt>
      <trkpt lat="51.520176" lon="-0.079985"><ele>14.5</ele></trkpt>
      <trkpt lat="51.520283" lon="-0.079934"><ele>15.25</ele></trkpt>
      <trkpt lat="51.520396" lon="-0.079885"><ele>15.5</ele></trkpt>
      <trkpt lat="51.520495" lon="-0.07984"><ele>15.75</ele></trkpt>
      <trkpt lat="51.520531" lon="-0.079826"><ele>15.75</ele></trkpt>
      <trkpt lat="51.520506" lon="-0.079552"><ele>15.25</ele></trkpt>
      <trkpt lat="51.520494" lon="-0.07932"><ele>14.75</ele></trkpt>
      <trkpt lat="51.520486" lon="-0.079221"><ele>14.75</ele></trkpt>
      <trkpt lat="51.520475" lon="-0.079107"><ele>14.5</ele></trkpt>
      <trkpt lat="51.520468" lon="-0.079002"><ele>14.25</ele></trkpt>
      <trkpt lat="51.52051" lon="-0.078999"><ele>14.25</ele></trkpt>
      <trkpt lat="51.52063" lon="-0.078972"><ele>14</ele></trkpt>
      <trkpt lat="51.520694" lon="-0.078956"><ele>14</ele></trkpt>
      <trkpt lat="51.520788" lon="-0.078916"><ele>14</ele></trkpt>
      <trkpt lat="51.521167" lon="-0.078755"><ele>14</ele></trkpt>
      <trkpt lat="51.521321" lon="-0.078692"><ele>14</ele></trkpt>
      <trkpt lat="51.521395" lon="-0.078651"><ele>14</ele></trkpt>
      <trkpt lat="51.521464" lon="-0.078559"><ele>14</ele></trkpt>
      <trkpt lat="51.521499" lon="-0.078533"><ele>14</ele></trkpt>
      <trkpt lat="51.521603" lon="-0.078436"><ele>14</ele></trkpt>
      <trkpt lat="51.521639" lon="-0.078406"><ele>14</ele></trkpt>
      <trkpt lat="51.5218" lon="-0.07828"><ele>13.75</ele></trkpt>
      <trkpt lat="51.522168" lon="-0.078077"><ele>13.75</ele></trkpt>
      <trkpt lat="51.522459" lon="-0.077946"><ele>13.75</ele></trkpt>
      <trkpt lat="51.522521" lon="-0.077909"><ele>14</ele></trkpt>
      <trkpt lat="51.522616" lon="-0.077848"><ele>14.25</ele></trkpt>
      <trkpt lat="51.522656" lon="-0.077743"><ele>14.25</ele></trkpt>
      <trkpt lat="51.522713" lon="-0.077694"><ele>14.5</ele></trkpt>
      <trkpt lat="51.522728" lon="-0.077683"><ele>14.5</ele></trkpt>
      <trkpt lat="51.522799" lon="-0.077647"><ele>14.75</ele></trkpt>
      <trkpt lat="51.522866" lon="-0.077611"><ele>14.75</ele></trkpt>
      <trkpt lat="51.522964" lon="-0.077559"><ele>14.75</ele></trkpt>
      <trkpt lat="51.522997" lon="-0.077538"><ele>14.75</ele></trkpt>
      <trkpt lat="51.523036" lon="-0.077504"><ele>14.75</ele></trkpt>
      <trkpt lat="51.523102" lon="-0.077461"><ele>15</ele></trkpt>
      <trkpt lat="51.523208" lon="-0.077432"><ele>15</ele></trkpt>
      <trkpt lat="51.523527" lon="-0.077276"><ele>15</ele></trkpt>
      <trkpt lat="51.523594" lon="-0.077248"><ele>15</ele></trkpt>
      <trkpt lat="51.523607" lon="-0.077095"><ele>15</ele></trkpt>
      <trkpt lat="51.523611" lon="-0.077049"><ele>15</ele></trkpt>
      <trkpt lat="51.523615" lon="-0.077002"><ele>15</ele></trkpt>
      <trkpt lat="51.523645" lon="-0.076948"><ele>14.75</ele></trkpt>
      <trkpt lat="51.52364" lon="-0.076395"><ele>15</ele></trkpt>
      <trkpt lat="51.52364" lon="-0.075728"><ele>15</ele></trkpt>
      <trkpt lat="51.523645" lon="-0.075485"><ele>15</ele></trkpt>
      <trkpt lat="51.523663" lon="-0.075204"><ele>14.75</ele></trkpt>
      <trkpt lat="51.523694" lon="-0.074932"><ele>15</ele></trkpt>
      <trkpt lat="51.52375" lon="-0.07456"><ele>15</ele></trkpt>
      <trkpt lat="51.523694" lon="-0.074503"><ele>15</ele></trkpt>
      <trkpt lat="51.523662" lon="-0.074463"><ele>15</ele></trkpt>
      <trkpt lat="51.523631" lon="-0.074407"><ele>15</ele></trkpt>
      <trkpt lat="51.523607" lon="-0.074315"><ele>14.75</ele></trkpt>
      <trkpt lat="51.523601" lon="-0.073677"><ele>14.75</ele></trkpt>
      <trkpt lat="51.523579" lon="-0.072808"><ele>14.75</ele></trkpt>
      <trkpt lat="51.523583" lon="-0.072771"><ele>15</ele></trkpt>
      <trkpt lat="51.523569" lon="-0.072724"><ele>15</ele></trkpt>
      <trkpt lat="51.523567" lon="-0.072657"><ele>15</ele></trkpt>
      <trkpt lat="51.523546" lon="-0.071908"><ele>14.75</ele></trkpt>
      <trkpt lat="51.523528" lon="-0.071501"><ele>14.5</ele></trkpt>
      <trkpt lat="51.523526" lon="-0.071464"><ele>14.5</ele></trkpt>
      <trkpt lat="51.523455" lon="-0.071453"><ele>14.25</ele></trkpt>
      <trkpt lat="51.523464" lon="-0.071393"><ele>14.25</ele></trkpt>
      <trkpt lat="51.523566" lon="-0.07024"><ele>13.75</ele></trkpt>
      <trkpt lat="51.523604" lon="-0.06981"><ele>13.75</ele></trkpt>
      <trkpt lat="51.523605" lon="-0.069781"><ele>13.75</ele></trkpt>
      <trkpt lat="51.523633" lon="-0.069461"><ele>14</ele></trkpt>
      <trkpt lat="51.523651" lon="-0.069217"><ele>14</ele></trkpt>
      <trkpt lat="51.523648" lon="-0.068946"><ele>13.25</ele></trkpt>
      <trkpt lat="51.523646" lon="-0.068608"><ele>13</ele></trkpt>
      <trkpt lat="51.523657" lon="-0.068467"><ele>13</ele></trkpt>
      <trkpt lat="51.523634" lon="-0.06846"><ele>13</ele></trkpt>
      <trkpt lat="51.523766" lon="-0.067649"><ele>13.5</ele></trkpt>
      <trkpt lat="51.523807" lon="-0.067316"><ele>13.5</ele></trkpt>
      <trkpt lat="51.523834" lon="-0.067187"><ele>13.5</ele></trkpt>
      <trkpt lat="51.523834" lon="-0.067169"><ele>13.5</ele></trkpt>
      <trkpt lat="51.523843" lon="-0.067113"><ele>13.5</ele></trkpt>
      <trkpt lat="51.523847" lon="-0.067084"><ele>13.25</ele></trkpt>
      <trkpt lat="51.523854" lon="-0.067064"><ele>13.25</ele></trkpt>
      <trkpt lat="51.523922" lon="-0.066614"><ele>14</ele></trkpt>
      <trkpt lat="51.523972" lon="-0.066213"><ele>13.75</ele></trkpt>
      <trkpt lat="51.523982" lon="-0.065804"><ele>13.25</ele></trkpt>
      <trkpt lat="51.523944" lon="-0.06541"><ele>13</ele></trkpt>
      <trkpt lat="51.52393" lon="-0.065323"><ele>13</ele></trkpt>
      <trkpt lat="51.52391" lon="-0.065002"><ele>12</ele></trkpt>
      <trkpt lat="51.523796" lon="-0.064224"><ele>11.5</ele></trkpt>
      <trkpt lat="51.52378" lon="-0.064141"><ele>11.5</ele></trkpt>
      <trkpt lat="51.523756" lon="-0.064058"><ele>11.5</ele></trkpt>
      <trkpt lat="51.523735" lon="-0.064023"><ele>11.25</ele></trkpt>
      <trkpt lat="51.523735" lon="-0.064"><ele>11.25</ele></trkpt>
      <trkpt lat="51.523737" lon="-0.06394"><ele>11.25</ele></trkpt>
      <trkpt lat="51.523742" lon="-0.06387"><ele>11.25</ele></trkpt>
      <trkpt lat="51.523756" lon="-0.063763"><ele>11.5</ele></trkpt>
      <trkpt lat="51.523778" lon="-0.063528"><ele>11.5</ele></trkpt>
      <trkpt lat="51.523786" lon="-0.063352"><ele>11.5</ele></trkpt>
      <trkpt lat="51.523788" lon="-0.063315"><ele>11.5</ele></trkpt>
      <trkpt lat="51.523793" lon="-0.063239"><ele>11.75</ele></trkpt>
      <trkpt lat="51.52381" lon="-0.063126"><ele>11.75</ele></trkpt>
      <trkpt lat="51.523875" lon="-0.062326"><ele>12</ele></trkpt>
      <trkpt lat="51.52392" lon="-0.061779"><ele>12</ele></trkpt>
      <trkpt lat="51.523997" lon="-0.060466"><ele>12</ele></trkpt>
      <trkpt lat="51.524002" lon="-0.060377"><ele>12</ele></trkpt>
      <trkpt lat="51.524032" lon="-0.060316"><ele>12</ele></trkpt>
      <trkpt lat="51.524126" lon="-0.060318"><ele>12</ele></trkpt>
      <trkpt lat="51.52414" lon="-0.060289"><ele>11.75</ele></trkpt>
      <trkpt lat="51.524144" lon="-0.060255"><ele>12</ele></trkpt>
      <trkpt lat="51.524148" lon="-0.05997"><ele>12</ele></trkpt>
      <trkpt lat="51.524183" lon="-0.059501"><ele>12</ele></trkpt>
      <trkpt lat="51.524173" lon="-0.059417"><ele>12</ele></trkpt>
      <trkpt lat="51.524172" lon="-0.059354"><ele>12</ele></trkpt>
      <trkpt lat="51.524173" lon="-0.059299"><ele>12</ele></trkpt>
      <trkpt lat="51.523982" lon="-0.05926"><ele>12</ele></trkpt>
      <trkpt lat="51.523928" lon="-0.059255"><ele>12</ele></trkpt>
      <trkpt lat="51.523982" lon="-0.05926"><ele>12</ele></trkpt>
      <trkpt lat="51.524173" lon="-0.059299"><ele>12</ele></trkpt>
      <trkpt lat="51.524227" lon="-0.059305"><ele>12</ele></trkpt>
      <trkpt lat="51.524252" lon="-0.059304"><ele>12</ele></trkpt>
      <trkpt lat="51.524271" lon="-0.059303"><ele>12</ele></trkpt>
      <trkpt lat="51.524448" lon="-0.059289"><ele>12.5</ele></trkpt>
      <trkpt lat="51.524767" lon="-0.05926"><ele>12.5</ele></trkpt>
      <trkpt lat="51.52496" lon="-0.059242"><ele>12.5</ele></trkpt>
      <trkpt lat="51.525138" lon="-0.059226"><ele>12.75</ele></trkpt>
      <trkpt lat="51.525596" lon="-0.059183"><ele>13.75</ele></trkpt>
      <trkpt lat="51.525724" lon="-0.05917"><ele>13.75</ele></trkpt>
      <trkpt lat="51.526126" lon="-0.059128"><ele>13.75</ele></trkpt>
      <trkpt lat="51.526405" lon="-0.059099"><ele>14</ele></trkpt>
      <trkpt lat="51.526527" lon="-0.059096"><ele>14.25</ele></trkpt>
      <trkpt lat="51.526611" lon="-0.059093"><ele>14.75</ele></trkpt>
      <trkpt lat="51.52671" lon="-0.059094"><ele>14.75</ele></trkpt>
      <trkpt lat="51.526891" lon="-0.059129"><ele>14.75</ele></trkpt>
      <trkpt lat="51.526993" lon="-0.059159"><ele>14.75</ele></trkpt>
      <trkpt lat="51.526998" lon="-0.059117"><ele>14.5</ele></trkpt>
      <trkpt lat="51.527" lon="-0.059098"><ele>14.5</ele></trkpt>
      <trkpt lat="51.527012" lon="-0.058994"><ele>14.25</ele></trkpt>
      <trkpt lat="51.527053" lon="-0.059008"><ele>14.25</ele></trkpt>
      <trkpt lat="51.527082" lon="-0.059018"><ele>14</ele></trkpt>
      <trkpt lat="51.527088" lon="-0.058981"><ele>14</ele></trkpt>
      <trkpt lat="51.527111" lon="-0.058798"><ele>14</ele></trkpt>
      <trkpt lat="51.527165" lon="-0.058303"><ele>14.25</ele></trkpt>
      <trkpt lat="51.52724" lon="-0.058315"><ele>14</ele></trkpt>
      <trkpt lat="51.527245" lon="-0.058262"><ele>14</ele></trkpt>
      <trkpt lat="51.527246" lon="-0.058253"><ele>14.25</ele></trkpt>
      <trkpt lat="51.52761" lon="-0.058309"><ele>14</ele></trkpt>
      <trkpt lat="51.528176" lon="-0.05838"><ele>14</ele></trkpt>
      <trkpt lat="51.52822" lon="-0.058387"><ele>14</ele></trkpt>
      <trkpt lat="51.528473" lon="-0.05843"><ele>14</ele></trkpt>
      <trkpt lat="51.528539" lon="-0.057978"><ele>14</ele></trkpt>
      <trkpt lat="51.528546" lon="-0.057933"><ele>14</ele></trkpt>
      <trkpt lat="51.528875" lon="-0.057982"><ele>14</ele></trkpt>
      <trkpt lat="51.529355" lon="-0.058069"><ele>14</ele></trkpt>
      <trkpt lat="51.529389" lon="-0.058075"><ele>14</ele></trkpt>
      <trkpt lat="51.529455" lon="-0.057595"><ele>13.75</ele></trkpt>
      <trkpt lat="51.529475" lon="-0.057451"><ele>14</ele></trkpt>
      <trkpt lat="51.529493" lon="-0.057419"><ele>14</ele></trkpt>
      <trkpt lat="51.529519" lon="-0.0574"><ele>14</ele></trkpt>
      <trkpt lat="51.529566" lon="-0.057391"><ele>14</ele></trkpt>
      <trkpt lat="51.530396" lon="-0.057741"><ele>13.75</ele></trkpt>
      <trkpt lat="51.530435" lon="-0.057773"><ele>13.75</ele></trkpt>
      <trkpt lat="51.530465" lon="-0.057688"><ele>13.75</ele></trkpt>
      <trkpt lat="51.53068" lon="-0.057052"><ele>13.75</ele></trkpt>
      <trkpt lat="51.530768" lon="-0.056738"><ele>14</ele></trkpt>
      <trkpt lat="51.530819" lon="-0.056558"><ele>14</ele></trkpt>
      <trkpt lat="51.53085" lon="-0.056572"><ele>14</ele></trkpt>
      <trkpt lat="51.53089" lon="-0.056574"><ele>14</ele></trkpt>
      <trkpt lat="51.5312" lon="-0.056756"><ele>14</ele></trkpt>
      <trkpt lat="51.531225" lon="-0.056771"><ele>14</ele></trkpt>
      <trkpt lat="51.531249" lon="-0.056786"><ele>14</ele></trkpt>
      <trkpt lat="51.531275" lon="-0.056781"><ele>14</ele></trkpt>
      <trkpt lat="51.531623" lon="-0.056901"><ele>14</ele></trkpt>
      <trkpt lat="51.532002" lon="-0.057009"><ele>15.5</ele></trkpt>
      <trkpt lat="51.532418" lon="-0.057126"><ele>15.5</ele></trkpt>
      <trkpt lat="51.532425" lon="-0.057109"><ele>15.5</ele></trkpt>
      <trkpt lat="51.53243" lon="-0.057073"><ele>15.5</ele></trkpt>
      <trkpt lat="51.532487" lon="-0.057104"><ele>15.75</ele></trkpt>
      <trkpt lat="51.532548" lon="-0.057132"><ele>16</ele></trkpt>
      <trkpt lat="51.532635" lon="-0.057158"><ele>16</ele></trkpt>
      <trkpt lat="51.532731" lon="-0.057181"><ele>16</ele></trkpt>
      <trkpt lat="51.532761" lon="-0.057187"><ele>16</ele></trkpt>
      <trkpt lat="51.532806" lon="-0.057147"><ele>16</ele></trkpt>
      <trkpt lat="51.532831" lon="-0.057152"><ele>16</ele></trkpt>
      <trkpt lat="51.533187" lon="-0.057237"><ele>15.75</ele></trkpt>
      <trkpt lat="51.533323" lon="-0.057259"><ele>15.75</ele></trkpt>
      <trkpt lat="51.533489" lon="-0.057284"><ele>15.75</ele></trkpt>
      <trkpt lat="51.533526" lon="-0.057289"><ele>15.75</ele></trkpt>
      <trkpt lat="51.533887" lon="-0.057312"><ele>16</ele></trkpt>
      <trkpt lat="51.534246" lon="-0.057298"><ele>16.5</ele></trkpt>
      <trkpt lat="51.534325" lon="-0.057293"><ele>16</ele></trkpt>
      <trkpt lat="51.534356" lon="-0.057291"><ele>15.75</ele></trkpt>
      <trkpt lat="51.534421" lon="-0.05729"><ele>15.5</ele></trkpt>
      <trkpt lat="51.534481" lon="-0.057286"><ele>15.5</ele></trkpt>
      <trkpt lat="51.534509" lon="-0.057282"><ele>15.5</ele></trkpt>
      <trkpt lat="51.534601" lon="-0.057274"><ele>16</ele></trkpt>
      <trkpt lat="51.534877" lon="-0.057211"><ele>16.75</ele></trkpt>
      <trkpt lat="51.535132" lon="-0.05719"><ele>16.75</ele></trkpt>
      <trkpt lat="51.535153" lon="-0.057189"><ele>16.75</ele></trkpt>
      <trkpt lat="51.535193" lon="-0.057219"><ele>16.75</ele></trkpt>
      <trkpt lat="51.535225" lon="-0.057219"><ele>16.75</ele></trkpt>
      <trkpt lat="51.535498" lon="-0.057214"><ele>17</ele></trkpt>
      <trkpt lat="51.53554" lon="-0.057211"><ele>17</ele></trkpt>
      <trkpt lat="51.53563" lon="-0.057205"><ele>17</ele></trkpt>
      <trkpt lat="51.535693" lon="-0.057202"><ele>17</ele></trkpt>
      <trkpt lat="51.535803" lon="-0.057198"><ele>17</ele></trkpt>
      <trkpt lat="51.536002" lon="-0.057183"><ele>17</ele></trkpt>
      <trkpt lat="51.536052" lon="-0.057128"><ele>17</ele></trkpt>
      <trkpt lat="51.536162" lon="-0.057123"><ele>17</ele></trkpt>
      <trkpt lat="51.536303" lon="-0.057098"><ele>17</ele></trkpt>
      <trkpt lat="51.536528" lon="-0.057043"><ele>17</ele></trkpt>
      <trkpt lat="51.536837" lon="-0.056971"><ele>17</ele></trkpt>
      <trkpt lat="51.536858" lon="-0.056966"><ele>17</ele></trkpt>
      <trkpt lat="51.53733" lon="-0.056896"><ele>17</ele></trkpt>
      <trkpt lat="51.537379" lon="-0.056893"><ele>17</ele></trkpt>
      <trkpt lat="51.537543" lon="-0.056905"><ele>17</ele></trkpt>
      <trkpt lat="51.537598" lon="-0.05691"><ele>17</ele></trkpt>
      <trkpt lat="51.537659" lon="-0.056927"><ele>17</ele></trkpt>
      <trkpt lat="51.537756" lon="-0.05699"><ele>17</ele></trkpt>
      <trkpt lat="51.537841" lon="-0.057005"><ele>17</ele></trkpt>
      <trkpt lat="51.537887" lon="-0.057019"><ele>17</ele></trkpt>
      <trkpt lat="51.537977" lon="-0.057082"><ele>17</ele></trkpt>
      <trkpt lat="51.538031" lon="-0.057113"><ele>17</ele></trkpt>
      <trkpt lat="51.538106" lon="-0.057136"><ele>17</ele></trkpt>
      <trkpt lat="51.538104" lon="-0.057184"><ele>17</ele></trkpt>
      <trkpt lat="51.538291" lon="-0.057212"><ele>17</ele></trkpt>
      <trkpt lat="51.538291" lon="-0.057247"><ele>16.75</ele></trkpt>
      <trkpt lat="51.538355" lon="-0.057259"><ele>16.75</ele></trkpt>
      <trkpt lat="51.538408" lon="-0.057249"><ele>17</ele></trkpt>
      <trkpt lat="51.538489" lon="-0.057212"><ele>17.5</ele></trkpt>
      <trkpt lat="51.538703" lon="-0.057063"><ele>17.25</ele></trkpt>
      <trkpt lat="51.538727" lon="-0.057045"><ele>17.25</ele></trkpt>
      <trkpt lat="51.538753" lon="-0.057586"><ele>18</ele></trkpt>
      <trkpt lat="51.538763" lon="-0.058011"><ele>18</ele></trkpt>
      <trkpt lat="51.538922" lon="-0.058015"><ele>17.75</ele></trkpt>
      <trkpt lat="51.539273" lon="-0.057978"><ele>17.25</ele></trkpt>
      <trkpt lat="51.539449" lon="-0.057944"><ele>18</ele></trkpt>
      <trkpt lat="51.539602" lon="-0.057911"><ele>18</ele></trkpt>
      <trkpt lat="51.54004" lon="-0.057787"><ele>18</ele></trkpt>
      <trkpt lat="51.540161" lon="-0.057752"><ele>18</ele></trkpt>
      <trkpt lat="51.540373" lon="-0.057686"><ele>18</ele></trkpt>
      <trkpt lat="51.540555" lon="-0.057629"><ele>18</ele></trkpt>
      <trkpt lat="51.540686" lon="-0.057592"><ele>18</ele></trkpt>
      <trkpt lat="51.54086" lon="-0.057544"><ele>18</ele></trkpt>
      <trkpt lat="51.54087" lon="-0.057633"><ele>18.5</ele></trkpt>
      <trkpt lat="51.540962" lon="-0.057603"><ele>18.5</ele></trkpt>
      <trkpt lat="51.540964" lon="-0.057623"><ele>18.5</ele></trkpt>
      <trkpt lat="51.540979" lon="-0.057766"><ele>18.75</ele></trkpt>
      <trkpt lat="51.541149" lon="-0.057727"><ele>19</ele></trkpt>
      <trkpt lat="51.540979" lon="-0.057766"><ele>18.75</ele></trkpt>
      <trkpt lat="51.541006" lon="-0.058019"><ele>19</ele></trkpt>
      <trkpt lat="51.540987" lon="-0.058024"><ele>19</ele></trkpt>
      <trkpt lat="51.540922" lon="-0.058032"><ele>19</ele></trkpt>
      <trkpt lat="51.540928" lon="-0.058078"><ele>19</ele></trkpt>
      <trkpt lat="51.540916" lon="-0.058812"><ele>19</ele></trkpt>
      <trkpt lat="51.540984" lon="-0.058811"><ele>19</ele></trkpt>
      <trkpt lat="51.54107" lon="-0.058804"><ele>19</ele></trkpt>
      <trkpt lat="51.541071" lon="-0.058893"><ele>19</ele></trkpt>
      <trkpt lat="51.541069" lon="-0.058986"><ele>19</ele></trkpt>
      <trkpt lat="51.541106" lon="-0.05898"><ele>19</ele></trkpt>
      <trkpt lat="51.541142" lon="-0.058978"><ele>19</ele></trkpt>
      <trkpt lat="51.541221" lon="-0.059092"><ele>19</ele></trkpt>
      <trkpt lat="51.54143" lon="-0.059397"><ele>18.75</ele></trkpt>
      <trkpt lat="51.541967" lon="-0.060356"><ele>18</ele></trkpt>
      <trkpt lat="51.542045" lon="-0.060479"><ele>18</ele></trkpt>
      <trkpt lat="51.542251" lon="-0.060755"><ele>18</ele></trkpt>
      <trkpt lat="51.54245" lon="-0.060822"><ele>18</ele></trkpt>
      <trkpt lat="51.542769" lon="-0.060844"><ele>18</ele></trkpt>
      <trkpt lat="51.542881" lon="-0.060826"><ele>17.75</ele></trkpt>
      <trkpt lat="51.542999" lon="-0.060784"><ele>17.75</ele></trkpt>
      <trkpt lat="51.543021" lon="-0.060776"><ele>17.75</ele></trkpt>
      <trkpt lat="51.543381" lon="-0.060879"><ele>16</ele></trkpt>
      <trkpt lat="51.543474" lon="-0.060906"><ele>16</ele></trkpt>
      <trkpt lat="51.543483" lon="-0.060949"><ele>16</ele></trkpt>
      <trkpt lat="51.543512" lon="-0.060958"><ele>16</ele></trkpt>
      <trkpt lat="51.543497" lon="-0.0611"><ele>16.25</ele></trkpt>
      <trkpt lat="51.543528" lon="-0.061111"><ele>16.25</ele></trkpt>
      <trkpt lat="51.543538" lon="-0.061114"><ele>16.25</ele></trkpt>
      <trkpt lat="51.543576" lon="-0.061128"><ele>16</ele></trkpt>
      <trkpt lat="51.543657" lon="-0.061159"><ele>16</ele></trkpt>
      <trkpt lat="51.543739" lon="-0.061186"><ele>16</ele></trkpt>
      <trkpt lat="51.544019" lon="-0.061277"><ele>16</ele></trkpt>
      <trkpt lat="51.544101" lon="-0.061324"><ele>16</ele></trkpt>
      <trkpt lat="51.544572" lon="-0.061578"><ele>15</ele></trkpt>
      <trkpt lat="51.544952" lon="-0.061775"><ele>14.75</ele></trkpt>
      <trkpt lat="51.545209" lon="-0.061915"><ele>14.75</ele></trkpt>
      <trkpt lat="51.545341" lon="-0.061998"><ele>14.75</ele></trkpt>
      <trkpt lat="51.545447" lon="-0.062065"><ele>14.75</ele></trkpt>
      <trkpt lat="51.545471" lon="-0.062066"><ele>14.75</ele></trkpt>
      <trkpt lat="51.545499" lon="-0.062085"><ele>14.75</ele></trkpt>
      <trkpt lat="51.545518" lon="-0.062111"><ele>14.75</ele></trkpt>
      <trkpt lat="51.545553" lon="-0.062125"><ele>14.75</ele></trkpt>
      <trkpt lat="51.545585" lon="-0.06214"><ele>14.75</ele></trkpt>
      <trkpt lat="51.545619" lon="-0.062144"><ele>14.75</ele></trkpt>
      <trkpt lat="51.545638" lon="-0.062158"><ele>14.5</ele></trkpt>
      <trkpt lat="51.545658" lon="-0.062173"><ele>14.5</ele></trkpt>
      <trkpt lat="51.545735" lon="-0.062225"><ele>14.25</ele></trkpt>
      <trkpt lat="51.545856" lon="-0.062313"><ele>14</ele></trkpt>
      <trkpt lat="51.545914" lon="-0.062358"><ele>14</ele></trkpt>
      <trkpt lat="51.545941" lon="-0.062378"><ele>14</ele></trkpt>
      <trkpt lat="51.545947" lon="-0.062382"><ele>14</ele></trkpt>
      <trkpt lat="51.545976" lon="-0.062404"><ele>14.25</ele></trkpt>
      <trkpt lat="51.546029" lon="-0.062442"><ele>14.5</ele></trkpt>
      <trkpt lat="51.546148" lon="-0.062528"><ele>14.75</ele></trkpt>
      <trkpt lat="51.54631" lon="-0.062634"><ele>14.75</ele></trkpt>
      <trkpt lat="51.546399" lon="-0.062699"><ele>15</ele></trkpt>
      <trkpt lat="51.546547" lon="-0.062806"><ele>15.5</ele></trkpt>
      <trkpt lat="51.546696" lon="-0.062913"><ele>16</ele></trkpt>
      <trkpt lat="51.547206" lon="-0.063281"><ele>17.5</ele></trkpt>
      <trkpt lat="51.547262" lon="-0.06332"><ele>17.75</ele></trkpt>
      <trkpt lat="51.547402" lon="-0.063414"><ele>17.75</ele></trkpt>
      <trkpt lat="51.547544" lon="-0.063536"><ele>17.75</ele></trkpt>
      <trkpt lat="51.547782" lon="-0.063703"><ele>17.75</ele></trkpt>
      <trkpt lat="51.54799" lon="-0.063842"><ele>18</ele></trkpt>
      <trkpt lat="51.548085" lon="-0.063865"><ele>18</ele></trkpt>
      <trkpt lat="51.548126" lon="-0.063862"><ele>18</ele></trkpt>
      <trkpt lat="51.548142" lon="-0.063828"><ele>18</ele></trkpt>
      <trkpt lat="51.548209" lon="-0.063824"><ele>18</ele></trkpt>
      <trkpt lat="51.548209" lon="-0.06381"><ele>18</ele></trkpt>
      <trkpt lat="51.548209" lon="-0.06379"><ele>18</ele></trkpt>
      <trkpt lat="51.548227" lon="-0.063777"><ele>18</ele></trkpt>
      <trkpt lat="51.548234" lon="-0.063746"><ele>18</ele></trkpt>
      <trkpt lat="51.548229" lon="-0.063641"><ele>18</ele></trkpt>
      <trkpt lat="51.548234" lon="-0.063458"><ele>18</ele></trkpt>
      <trkpt lat="51.54826" lon="-0.063269"><ele>18</ele></trkpt>
      <trkpt lat="51.548307" lon="-0.063046"><ele>18</ele></trkpt>
      <trkpt lat="51.548407" lon="-0.062674"><ele>18</ele></trkpt>
      <trkpt lat="51.548625" lon="-0.062032"><ele>17</ele></trkpt>
      <trkpt lat="51.548676" lon="-0.061881"><ele>17</ele></trkpt>
      <trkpt lat="51.548713" lon="-0.061771"><ele>17</ele></trkpt>
      <trkpt lat="51.548723" lon="-0.061742"><ele>17</ele></trkpt>
      <trkpt lat="51.548739" lon="-0.061694"><ele>17</ele></trkpt>
      <trkpt lat="51.54889" lon="-0.061244"><ele>15.75</ele></trkpt>
      <trkpt lat="51.548795" lon="-0.061171"><ele>16.25</ele></trkpt>
      <trkpt lat="51.548776" lon="-0.061151"><ele>16.25</ele></trkpt>
      <trkpt lat="51.548793" lon="-0.061105"><ele>16.25</ele></trkpt>
      <trkpt lat="51.548649" lon="-0.060987"><ele>16.75</ele></trkpt>
      <trkpt lat="51.548696" lon="-0.060784"><ele>16.5</ele></trkpt>
    </trkseg>
    <trkseg>
      <trkpt lat="51.548696" lon="-0.060784"><ele>16.5</ele></trkpt>
      <trkpt lat="51.548649" lon="-0.060987"><ele>16.75</ele></trkpt>
      <trkpt lat="51.548793" lon="-0.061105"><ele>16.25</ele></trkpt>
      <trkpt lat="51.548776" lon="-0.061151"><ele>16.25</ele></trkpt>
      <trkpt lat="51.548795" lon="-0.061171"><ele>16.25</ele></trkpt>
      <trkpt lat="51.54889" lon="-0.061244"><ele>15.75</ele></trkpt>
      <trkpt lat="51.548739" lon="-0.061694"><ele>17</ele></trkpt>
      <trkpt lat="51.548723" lon="-0.061742"><ele>17</ele></trkpt>
      <trkpt lat="51.548731" lon="-0.061746"><ele>17</ele></trkpt>
      <trkpt lat="51.548764" lon="-0.061771"><ele>17</ele></trkpt>
      <trkpt lat="51.548771" lon="-0.061752"><ele>17</ele></trkpt>
      <trkpt lat="51.548811" lon="-0.061784"><ele>17</ele></trkpt>
      <trkpt lat="51.548818" lon="-0.06179"><ele>17</ele></trkpt>
      <trkpt lat="51.548867" lon="-0.061832"><ele>17</ele></trkpt>
      <trkpt lat="51.549064" lon="-0.061989"><ele>17</ele></trkpt>
      <trkpt lat="51.54912" lon="-0.06207"><ele>17</ele></trkpt>
      <trkpt lat="51.549128" lon="-0.062092"><ele>17</ele></trkpt>
      <trkpt lat="51.549334" lon="-0.061927"><ele>15.5</ele></trkpt>
      <trkpt lat="51.549401" lon="-0.061718"><ele>15</ele></trkpt>
      <trkpt lat="51.549444" lon="-0.061547"><ele>14.75</ele></trkpt>
      <trkpt lat="51.549502" lon="-0.061451"><ele>14.75</ele></trkpt>
      <trkpt lat="51.549627" lon="-0.061486"><ele>14.25</ele></trkpt>
      <trkpt lat="51.549706" lon="-0.061508"><ele>14</ele></trkpt>
      <trkpt lat="51.549821" lon="-0.06209"><ele>14</ele></trkpt>
      <trkpt lat="51.549943" lon="-0.062613"><ele>14.75</ele></trkpt>
      <trkpt lat="51.550097" lon="-0.063099"><ele>15</ele></trkpt>
      <trkpt lat="51.550213" lon="-0.063424"><ele>15</ele></trkpt>
      <trkpt lat="51.550279" lon="-0.063602"><ele>15</ele></trkpt>
      <trkpt lat="51.550337" lon="-0.063732"><ele>15.25</ele></trkpt>
      <trkpt lat="51.550362" lon="-0.063789"><ele>15.25</ele></trkpt>
      <trkpt lat="51.55045" lon="-0.063986"><ele>15.5</ele></trkpt>
      <trkpt lat="51.550613" lon="-0.064305"><ele>15.75</ele></trkpt>
      <trkpt lat="51.550793" lon="-0.064631"><ele>15.75</ele></trkpt>
      <trkpt lat="51.551016" lon="-0.064984"><ele>15.75</ele></trkpt>
      <trkpt lat="51.551213" lon="-0.065252"><ele>15.75</ele></trkpt>
      <trkpt lat="51.551459" lon="-0.065555"><ele>16.25</ele></trkpt>
      <trkpt lat="51.551537" lon="-0.065629"><ele>16.5</ele></trkpt>
      <trkpt lat="51.551574" lon="-0.06567"><ele>16.5</ele></trkpt>
      <trkpt lat="51.551593" lon="-0.065693"><ele>16.5</ele></trkpt>
      <trkpt lat="51.551685" lon="-0.065783"><ele>16.75</ele></trkpt>
      <trkpt lat="51.551788" lon="-0.065875"><ele>17</ele></trkpt>
      <trkpt lat="51.551815" lon="-0.065897"><ele>17</ele></trkpt>
      <trkpt lat="51.551851" lon="-0.065925"><ele>17</ele></trkpt>
      <trkpt lat="51.55198" lon="-0.066028"><ele>16.75</ele></trkpt>
      <trkpt lat="51.552151" lon="-0.066193"><ele>17.25</ele></trkpt>
      <trkpt lat="51.552264" lon="-0.066286"><ele>17.25</ele></trkpt>
      <trkpt lat="51.552631" lon="-0.066601"><ele>17.75</ele></trkpt>
      <trkpt lat="51.552712" lon="-0.066668"><ele>18</ele></trkpt>
      <trkpt lat="51.55291" lon="-0.066847"><ele>18</ele></trkpt>
      <trkpt lat="51.55314" lon="-0.067047"><ele>18.5</ele></trkpt>
      <trkpt lat="51.554019" lon="-0.067819"><ele>19.75</ele></trkpt>
      <trkpt lat="51.554267" lon="-0.068037"><ele>19.75</ele></trkpt>
      <trkpt lat="51.554301" lon="-0.067947"><ele>19.75</ele></trkpt>
      <trkpt lat="51.554323" lon="-0.067965"><ele>19.75</ele></trkpt>
      <trkpt lat="51.554417" lon="-0.068048"><ele>19.75</ele></trkpt>
      <trkpt lat="51.554456" lon="-0.068082"><ele>20</ele></trkpt>
      <trkpt lat="51.554601" lon="-0.068209"><ele>19.75</ele></trkpt>
      <trkpt lat="51.554631" lon="-0.068217"><ele>19.75</ele></trkpt>
      <trkpt lat="51.55471" lon="-0.068208"><ele>19.5</ele></trkpt>
      <trkpt lat="51.554725" lon="-0.068204"><ele>19.5</ele></trkpt>
      <trkpt lat="51.554747" lon="-0.068198"><ele>19.25</ele></trkpt>
      <trkpt lat="51.554788" lon="-0.068188"><ele>19.25</ele></trkpt>
      <trkpt lat="51.555321" lon="-0.068061"><ele>19</ele></trkpt>
      <trkpt lat="51.555499" lon="-0.068035"><ele>18.75</ele></trkpt>
      <trkpt lat="51.55553" lon="-0.068035"><ele>18.75</ele></trkpt>
      <trkpt lat="51.555572" lon="-0.068039"><ele>18.75</ele></trkpt>
      <trkpt lat="51.555611" lon="-0.068044"><ele>18.75</ele></trkpt>
      <trkpt lat="51.555625" lon="-0.068044"><ele>18.75</ele></trkpt>
      <trkpt lat="51.555639" lon="-0.068045"><ele>18.75</ele></trkpt>
      <trkpt lat="51.555678" lon="-0.06806"><ele>19</ele></trkpt>
      <trkpt lat="51.555803" lon="-0.068079"><ele>19</ele></trkpt>
      <trkpt lat="51.55619" lon="-0.068136"><ele>20</ele></trkpt>
      <trkpt lat="51.556296" lon="-0.068152"><ele>20</ele></trkpt>
      <trkpt lat="51.556405" lon="-0.068191"><ele>20</ele></trkpt>
      <trkpt lat="51.55679" lon="-0.068284"><ele>20.75</ele></trkpt>
      <trkpt lat="51.55693" lon="-0.068345"><ele>21</ele></trkpt>
      <trkpt lat="51.557144" lon="-0.068469"><ele>21</ele></trkpt>
      <trkpt lat="51.557413" lon="-0.068634"><ele>20.75</ele></trkpt>
      <trkpt lat="51.557595" lon="-0.068777"><ele>21</ele></trkpt>
      <trkpt lat="51.557619" lon="-0.068793"><ele>21</ele></trkpt>
      <trkpt lat="51.557638" lon="-0.068805"><ele>21</ele></trkpt>
      <trkpt lat="51.558038" lon="-0.069106"><ele>21.75</ele></trkpt>
      <trkpt lat="51.558055" lon="-0.069117"><ele>21.75</ele></trkpt>
      <trkpt lat="51.558097" lon="-0.069147"><ele>22</ele></trkpt>
      <trkpt lat="51.558118" lon="-0.069077"><ele>22</ele></trkpt>
      <trkpt lat="51.558168" lon="-0.068929"><ele>22.25</ele></trkpt>
      <trkpt lat="51.558207" lon="-0.06881"><ele>22.5</ele></trkpt>
      <trkpt lat="51.558346" lon="-0.068371"><ele>22</ele></trkpt>
      <trkpt lat="51.558406" lon="-0.06841"><ele>21.5</ele></trkpt>
      <trkpt lat="51.558412" lon="-0.068392"><ele>21.25</ele></trkpt>
      <trkpt lat="51.558441" lon="-0.068415"><ele>21.25</ele></trkpt>
      <trkpt lat="51.558445" lon="-0.068403"><ele>21</ele></trkpt>
      <trkpt lat="51.558455" lon="-0.068371"><ele>20.75</ele></trkpt>
      <trkpt lat="51.558465" lon="-0.068342"><ele>20.5</ele></trkpt>
      <trkpt lat="51.558491" lon="-0.06826"><ele>20.5</ele></trkpt>
      <trkpt lat="51.558465" lon="-0.068342"><ele>20.5</ele></trkpt>
      <trkpt lat="51.558455" lon="-0.068371"><ele>20.75</ele></trkpt>
      <trkpt lat="51.558445" lon="-0.068403"><ele>21</ele></trkpt>
      <trkpt lat="51.558441" lon="-0.068415"><ele>21.25</ele></trkpt>
      <trkpt lat="51.558412" lon="-0.068392"><ele>21.25</ele></trkpt>
      <trkpt lat="51.558406" lon="-0.06841"><ele>21.5</ele></trkpt>
      <trkpt lat="51.5584" lon="-0.068431"><ele>21.75</ele></trkpt>
      <trkpt lat="51.558164" lon="-0.069196"><ele>22</ele></trkpt>
      <trkpt lat="51.558172" lon="-0.069202"><ele>22</ele></trkpt>
      <trkpt lat="51.558161" lon="-0.069236"><ele>22</ele></trkpt>
      <trkpt lat="51.558138" lon="-0.069314"><ele>21.75</ele></trkpt>
      <trkpt lat="51.558163" lon="-0.069335"><ele>22</ele></trkpt>
      <trkpt lat="51.558212" lon="-0.069368"><ele>22</ele></trkpt>
      <trkpt lat="51.55847" lon="-0.069515"><ele>22.25</ele></trkpt>
      <trkpt lat="51.559069" lon="-0.069846"><ele>23</ele></trkpt>
      <trkpt lat="51.559372" lon="-0.069993"><ele>23</ele></trkpt>
      <trkpt lat="51.55963" lon="-0.070114"><ele>22.75</ele></trkpt>
      <trkpt lat="51.560104" lon="-0.070278"><ele>23</ele></trkpt>
      <trkpt lat="51.560173" lon="-0.070301"><ele>23</ele></trkpt>
      <trkpt lat="51.560234" lon="-0.070323"><ele>23</ele></trkpt>
      <trkpt lat="51.560318" lon="-0.070364"><ele>23</ele></trkpt>
      <trkpt lat="51.56035" lon="-0.070375"><ele>23</ele></trkpt>
      <trkpt lat="51.560395" lon="-0.070391"><ele>23</ele></trkpt>
      <trkpt lat="51.560735" lon="-0.070506"><ele>23</ele></trkpt>
      <trkpt lat="51.560848" lon="-0.070548"><ele>23</ele></trkpt>
      <trkpt lat="51.561093" lon="-0.070627"><ele>22.75</ele></trkpt>
      <trkpt lat="51.561602" lon="-0.070768"><ele>22</ele></trkpt>
      <trkpt lat="51.561819" lon="-0.070809"><ele>22</ele></trkpt>
      <trkpt lat="51.562138" lon="-0.070892"><ele>22</ele></trkpt>
      <trkpt lat="51.562403" lon="-0.071006"><ele>22</ele></trkpt>
      <trkpt lat="51.562511" lon="-0.071086"><ele>21.75</ele></trkpt>
      <trkpt lat="51.562526" lon="-0.071097"><ele>22</ele></trkpt>
      <trkpt lat="51.56261" lon="-0.0712"><ele>22</ele></trkpt>
      <trkpt lat="51.562737" lon="-0.0714"><ele>22</ele></trkpt>
      <trkpt lat="51.562765" lon="-0.071458"><ele>22</ele></trkpt>
      <trkpt lat="51.562788" lon="-0.071496"><ele>21.75</ele></trkpt>
      <trkpt lat="51.562832" lon="-0.071538"><ele>21.75</ele></trkpt>
      <trkpt lat="51.56308" lon="-0.072361"><ele>22.25</ele></trkpt>
      <trkpt lat="51.563148" lon="-0.072537"><ele>22.5</ele></trkpt>
      <trkpt lat="51.56332" lon="-0.072877"><ele>22.25</ele></trkpt>
      <trkpt lat="51.563373" lon="-0.073022"><ele>22.75</ele></trkpt>
      <trkpt lat="51.563421" lon="-0.073075"><ele>23</ele></trkpt>
      <trkpt lat="51.563468" lon="-0.07313"><ele>23</ele></trkpt>
      <trkpt lat="51.563495" lon="-0.073123"><ele>23</ele></trkpt>
      <trkpt lat="51.563534" lon="-0.073111"><ele>23</ele></trkpt>
      <trkpt lat="51.563745" lon="-0.073086"><ele>22.5</ele></trkpt>
      <trkpt lat="51.563892" lon="-0.073083"><ele>22</ele></trkpt>
      <trkpt lat="51.564058" lon="-0.073098"><ele>22</ele></trkpt>
      <trkpt lat="51.564102" lon="-0.073098"><ele>22</ele></trkpt>
      <trkpt lat="51.564144" lon="-0.073098"><ele>22</ele></trkpt>
      <trkpt lat="51.564345" lon="-0.073106"><ele>22.5</ele></trkpt>
      <trkpt lat="51.564601" lon="-0.073115"><ele>23</ele></trkpt>
      <trkpt lat="51.564784" lon="-0.073098"><ele>23.25</ele></trkpt>
      <trkpt lat="51.565164" lon="-0.073081"><ele>23.5</ele></trkpt>
      <trkpt lat="51.565166" lon="-0.072978"><ele>23</ele></trkpt>
      <trkpt lat="51.565201" lon="-0.072981"><ele>23</ele></trkpt>
      <trkpt lat="51.5653" lon="-0.072978"><ele>23</ele></trkpt>
      <trkpt lat="51.565251" lon="-0.072889"><ele>22.25</ele></trkpt>
      <trkpt lat="51.565238" lon="-0.072911"><ele>22.5</ele></trkpt>
      <trkpt lat="51.565227" lon="-0.072896"><ele>22.5</ele></trkpt>
      <trkpt lat="51.565238" lon="-0.072911"><ele>22.5</ele></trkpt>
      <trkpt lat="51.565251" lon="-0.072889"><ele>22.25</ele></trkpt>
      <trkpt lat="51.5653" lon="-0.072978"><ele>23</ele></trkpt>
      <trkpt lat="51.565409" lon="-0.072974"><ele>24.25</ele></trkpt>
      <trkpt lat="51.565449" lon="-0.072961"><ele>24.75</ele></trkpt>
      <trkpt lat="51.565457" lon="-0.07296"><ele>25</ele></trkpt>
      <trkpt lat="51.565478" lon="-0.072959"><ele>25.25</ele></trkpt>
      <trkpt lat="51.565502" lon="-0.072957"><ele>25.5</ele></trkpt>
      <trkpt lat="51.565509" lon="-0.072957"><ele>25.5</ele></trkpt>
      <trkpt lat="51.565534" lon="-0.072972"><ele>26</ele></trkpt>
      <trkpt lat="51.565535" lon="-0.072988"><ele>25.75</ele></trkpt>
      <trkpt lat="51.56554" lon="-0.07308"><ele>25.25</ele></trkpt>
      <trkpt lat="51.56556" lon="-0.073079"><ele>25.5</ele></trkpt>
      <trkpt lat="51.565601" lon="-0.073074"><ele>25.75</ele></trkpt>
      <trkpt lat="51.565929" lon="-0.073035"><ele>27.25</ele></trkpt>
      <trkpt lat="51.566233" lon="-0.072999"><ele>28.25</ele></trkpt>
      <trkpt lat="51.566395" lon="-0.072976"><ele>29</ele></trkpt>
      <trkpt lat="51.566626" lon="-0.072991"><ele>29</ele></trkpt>
      <trkpt lat="51.566664" lon="-0.072925"><ele>29</ele></trkpt>
      <trkpt lat="51.566684" lon="-0.072923"><ele>29</ele></trkpt>
      <trkpt lat="51.566739" lon="-0.072919"><ele>29</ele></trkpt>
      <trkpt lat="51.566798" lon="-0.072915"><ele>29</ele></trkpt>
      <trkpt lat="51.566858" lon="-0.072972"><ele>29</ele></trkpt>
      <trkpt lat="51.566975" lon="-0.072969"><ele>29</ele></trkpt>
      <trkpt lat="51.567338" lon="-0.072956"><ele>29.25</ele></trkpt>
      <trkpt lat="51.567547" lon="-0.072941"><ele>30</ele></trkpt>
      <trkpt lat="51.567848" lon="-0.072925"><ele>30</ele></trkpt>
      <trkpt lat="51.567904" lon="-0.072921"><ele>30</ele></trkpt>
      <trkpt lat="51.567983" lon="-0.072919"><ele>30</ele></trkpt>
      <trkpt lat="51.568023" lon="-0.072918"><ele>30</ele></trkpt>
      <trkpt lat="51.568062" lon="-0.072915"><ele>29.75</ele></trkpt>
      <trkpt lat="51.56811" lon="-0.072913"><ele>30</ele></trkpt>
      <trkpt lat="51.568141" lon="-0.072912"><ele>30</ele></trkpt>
      <trkpt lat="51.568169" lon="-0.07291"><ele>30</ele></trkpt>
      <trkpt lat="51.5686" lon="-0.072889"><ele>30.75</ele></trkpt>
      <trkpt lat="51.568735" lon="-0.072889"><ele>31</ele></trkpt>
      <trkpt lat="51.569262" lon="-0.072873"><ele>32</ele></trkpt>
      <trkpt lat="51.56953" lon="-0.072861"><ele>32</ele></trkpt>
      <trkpt lat="51.569559" lon="-0.07286"><ele>32</ele></trkpt>
      <trkpt lat="51.569577" lon="-0.072859"><ele>32</ele></trkpt>
      <trkpt lat="51.569663" lon="-0.072855"><ele>32</ele></trkpt>
      <trkpt lat="51.569716" lon="-0.072852"><ele>32</ele></trkpt>
      <trkpt lat="51.569829" lon="-0.072846"><ele>32.25</ele></trkpt>
      <trkpt lat="51.570081" lon="-0.072845"><ele>33</ele></trkpt>
      <trkpt lat="51.570265" lon="-0.072845"><ele>33</ele></trkpt>
      <trkpt lat="51.570305" lon="-0.072844"><ele>33</ele></trkpt>
      <trkpt lat="51.570337" lon="-0.072842"><ele>33</ele></trkpt>
      <trkpt lat="51.570424" lon="-0.072838"><ele>33</ele></trkpt>
      <trkpt lat="51.570504" lon="-0.072836"><ele>33</ele></trkpt>
      <trkpt lat="51.570616" lon="-0.072831"><ele>33</ele></trkpt>
      <trkpt lat="51.570695" lon="-0.072829"><ele>33</ele></trkpt>
      <trkpt lat="51.57072" lon="-0.072829"><ele>33</ele></trkpt>
      <trkpt lat="51.570771" lon="-0.072828"><ele>33</ele></trkpt>
      <trkpt lat="51.571109" lon="-0.072825"><ele>33</ele></trkpt>
      <trkpt lat="51.571736" lon="-0.072788"><ele>32.75</ele></trkpt>
      <trkpt lat="51.572004" lon="-0.07277"><ele>32.75</ele></trkpt>
      <trkpt lat="51.572143" lon="-0.072782"><ele>32.25</ele></trkpt>
      <trkpt lat="51.572282" lon="-0.072779"><ele>32</ele></trkpt>
      <trkpt lat="51.572421" lon="-0.07276"><ele>32</ele></trkpt>
      <trkpt lat="51.572647" lon="-0.07271"><ele>32</ele></trkpt>
      <trkpt lat="51.572755" lon="-0.072682"><ele>32</ele></trkpt>
      <trkpt lat="51.572879" lon="-0.07265"><ele>32</ele></trkpt>
      <trkpt lat="51.572886" lon="-0.072728"><ele>32</ele></trkpt>
      <trkpt lat="51.573325" lon="-0.072634"><ele>31</ele></trkpt>
      <trkpt lat="51.573381" lon="-0.072655"><ele>31</ele></trkpt>
      <trkpt lat="51.573442" lon="-0.072738"><ele>31</ele></trkpt>
      <trkpt lat="51.573461" lon="-0.07281"><ele>30.75</ele></trkpt>
      <trkpt lat="51.573694" lon="-0.073696"><ele>31</ele></trkpt>
      <trkpt lat="51.57375" lon="-0.073674"><ele>31</ele></trkpt>
      <trkpt lat="51.573763" lon="-0.07374"><ele>31</ele></trkpt>
      <trkpt lat="51.573834" lon="-0.074107"><ele>31</ele></trkpt>
      <trkpt lat="51.573836" lon="-0.07412"><ele>31</ele></trkpt>
      <trkpt lat="51.573911" lon="-0.074512"><ele>30.75</ele></trkpt>
      <trkpt lat="51.573953" lon="-0.074728"><ele>30.75</ele></trkpt>
      <trkpt lat="51.574013" lon="-0.075033"><ele>30</ele></trkpt>
      <trkpt lat="51.574067" lon="-0.075323"><ele>30.25</ele></trkpt>
      <trkpt lat="51.57427" lon="-0.076406"><ele>28</ele></trkpt>
      <trkpt lat="51.574285" lon="-0.076504"><ele>26.75</ele></trkpt>
      <trkpt lat="51.574296" lon="-0.076576"><ele>26</ele></trkpt>
      <trkpt lat="51.57434" lon="-0.076557"><ele>25.75</ele></trkpt>
      <trkpt lat="51.574359" lon="-0.076549"><ele>25.5</ele></trkpt>
      <trkpt lat="51.574368" lon="-0.076598"><ele>24.75</ele></trkpt>
      <trkpt lat="51.574377" lon="-0.076594"><ele>24.75</ele></trkpt>
      <trkpt lat="51.574392" lon="-0.076586"><ele>24.75</ele></trkpt>
      <trkpt lat="51.57443" lon="-0.076813"><ele>24.75</ele></trkpt>
      <trkpt lat="51.574448" lon="-0.076794"><ele>24.75</ele></trkpt>
      <trkpt lat="51.574492" lon="-0.076751"><ele>24.75</ele></trkpt>
      <trkpt lat="51.574448" lon="-0.076794"><ele>24.75</ele></trkpt>
      <trkpt lat="51.57443" lon="-0.076813"><ele>24.75</ele></trkpt>
      <trkpt lat="51.574392" lon="-0.076586"><ele>24.75</ele></trkpt>
      <trkpt lat="51.574377" lon="-0.076594"><ele>24.75</ele></trkpt>
      <trkpt lat="51.574368" lon="-0.076598"><ele>24.75</ele></trkpt>
      <trkpt lat="51.574359" lon="-0.076549"><ele>25.5</ele></trkpt>
      <trkpt lat="51.574332" lon="-0.076408"><ele>27.5</ele></trkpt>
      <trkpt lat="51.574324" lon="-0.076366"><ele>27.75</ele></trkpt>
      <trkpt lat="51.574862" lon="-0.075966"><ele>25</ele></trkpt>
      <trkpt lat="51.574934" lon="-0.075882"><ele>25</ele></trkpt>
      <trkpt lat="51.575003" lon="-0.075663"><ele>24.75</ele></trkpt>
      <trkpt lat="51.575046" lon="-0.075572"><ele>24.75</ele></trkpt>
      <trkpt lat="51.575097" lon="-0.075492"><ele>24.75</ele></trkpt>
      <trkpt lat="51.575241" lon="-0.075333"><ele>24.25</ele></trkpt>
      <trkpt lat="51.575299" lon="-0.075293"><ele>23.75</ele></trkpt>
      <trkpt lat="51.57536" lon="-0.075278"><ele>23.25</ele></trkpt>
      <trkpt lat="51.575396" lon="-0.075268"><ele>23</ele></trkpt>
      <trkpt lat="51.575438" lon="-0.075261"><ele>22.75</ele></trkpt>
      <trkpt lat="51.575583" lon="-0.075198"><ele>22</ele></trkpt>
      <trkpt lat="51.575772" lon="-0.075092"><ele>21.25</ele></trkpt>
      <trkpt lat="51.576061" lon="-0.074948"><ele>20</ele></trkpt>
      <trkpt lat="51.576077" lon="-0.074486"><ele>20</ele></trkpt>
      <trkpt lat="51.576105" lon="-0.073857"><ele>20</ele></trkpt>
      <trkpt lat="51.576133" lon="-0.073181"><ele>19.75</ele></trkpt>
      <trkpt lat="51.576152" lon="-0.072739"><ele>19.75</ele></trkpt>
      <trkpt lat="51.576192" lon="-0.072751"><ele>19.5</ele></trkpt>
      <trkpt lat="51.576215" lon="-0.072732"><ele>19.5</ele></trkpt>
      <trkpt lat="51.576395" lon="-0.072801"><ele>18.75</ele></trkpt>
      <trkpt lat="51.576666" lon="-0.072907"><ele>18</ele></trkpt>
      <trkpt lat="51.577058" lon="-0.073038"><ele>16.5</ele></trkpt>
      <trkpt lat="51.5771" lon="-0.073055"><ele>16.25</ele></trkpt>
      <trkpt lat="51.577132" lon="-0.073096"><ele>16.25</ele></trkpt>
      <trkpt lat="51.577201" lon="-0.07312"><ele>16</ele></trkpt>
      <trkpt lat="51.577283" lon="-0.073148"><ele>15.75</ele></trkpt>
      <trkpt lat="51.577356" lon="-0.073151"><ele>15.5</ele></trkpt>
      <trkpt lat="51.577828" lon="-0.073266"><ele>13.75</ele></trkpt>
      <trkpt lat="51.578148" lon="-0.073243"><ele>13.25</ele></trkpt>
      <trkpt lat="51.578208" lon="-0.073238"><ele>13.25</ele></trkpt>
      <trkpt lat="51.578238" lon="-0.073236"><ele>13</ele></trkpt>
      <trkpt lat="51.578321" lon="-0.073219"><ele>13</ele></trkpt>
      <trkpt lat="51.579011" lon="-0.073075"><ele>11.5</ele></trkpt>
      <trkpt lat="51.579297" lon="-0.073017"><ele>11</ele></trkpt>
      <trkpt lat="51.579645" lon="-0.072947"><ele>11</ele></trkpt>
      <trkpt lat="51.57969" lon="-0.072938"><ele>11</ele></trkpt>
      <trkpt lat="51.579723" lon="-0.072932"><ele>10.75</ele></trkpt>
      <trkpt lat="51.579752" lon="-0.072926"><ele>10.75</ele></trkpt>
      <trkpt lat="51.580033" lon="-0.072862"><ele>10.75</ele></trkpt>
      <trkpt lat="51.580529" lon="-0.072775"><ele>11</ele></trkpt>
      <trkpt lat="51.580554" lon="-0.073183"><ele>10</ele></trkpt>
      <trkpt lat="51.580622" lon="-0.073173"><ele>10</ele></trkpt>
      <trkpt lat="51.580626" lon="-0.073256"><ele>10</ele></trkpt>
      <trkpt lat="51.580657" lon="-0.073253"><ele>10</ele></trkpt>
      <trkpt lat="51.580689" lon="-0.073265"><ele>10</ele></trkpt>
      <trkpt lat="51.580748" lon="-0.073367"><ele>10</ele></trkpt>
      <trkpt lat="51.5807" lon="-0.073445"><ele>10</ele></trkpt>
      <trkpt lat="51.580678" lon="-0.073549"><ele>10</ele></trkpt>
      <trkpt lat="51.58071" lon="-0.074006"><ele>10</ele></trkpt>
      <trkpt lat="51.580743" lon="-0.074145"><ele>10</ele></trkpt>
      <trkpt lat="51.580779" lon="-0.074231"><ele>10</ele></trkpt>
      <trkpt lat="51.580836" lon="-0.074348"><ele>9.75</ele></trkpt>
      <trkpt lat="51.58091" lon="-0.074428"><ele>10</ele></trkpt>
      <trkpt lat="51.581005" lon="-0.07449"><ele>10</ele></trkpt>
      <trkpt lat="51.581122" lon="-0.074536"><ele>10</ele></trkpt>
      <trkpt lat="51.581265" lon="-0.074579"><ele>10.25</ele></trkpt>
      <trkpt lat="51.581383" lon="-0.074656"><ele>10</ele></trkpt>
      <trkpt lat="51.581533" lon="-0.074798"><ele>10.5</ele></trkpt>
      <trkpt lat="51.581743" lon="-0.075006"><ele>11</ele></trkpt>
      <trkpt lat="51.581792" lon="-0.075066"><ele>11.5</ele></trkpt>
      <trkpt lat="51.581831" lon="-0.075113"><ele>12.25</ele></trkpt>
      <trkpt lat="51.581854" lon="-0.075057"><ele>11.75</ele></trkpt>
      <trkpt lat="51.58188" lon="-0.074992"><ele>11</ele></trkpt>
      <trkpt lat="51.581927" lon="-0.075043"><ele>11.5</ele></trkpt>
      <trkpt lat="51.581938" lon="-0.075055"><ele>11.75</ele></trkpt>
      <trkpt lat="51.581964" lon="-0.074991"><ele>11</ele></trkpt>
      <trkpt lat="51.581978" lon="-0.075005"><ele>11.25</ele></trkpt>
      <trkpt lat="51.581993" lon="-0.07502"><ele>11.5</ele></trkpt>
      <trkpt lat="51.582018" lon="-0.075032"><ele>12</ele></trkpt>
      <trkpt lat="51.582043" lon="-0.075031"><ele>12</ele></trkpt>
      <trkpt lat="51.582165" lon="-0.074996"><ele>12.5</ele></trkpt>
      <trkpt lat="51.58217" lon="-0.075047"><ele>13.25</ele></trkpt>
    </trkseg>
    <trkseg>
      <trkpt lat="51.58217" lon="-0.075047"><ele>13.25</ele></trkpt>
      <trkpt lat="51.582165" lon="-0.074996"><ele>12.5</ele></trkpt>
      <trkpt lat="51.582043" lon="-0.075031"><ele>12</ele></trkpt>
      <trkpt lat="51.582018" lon="-0.075032"><ele>12</ele></trkpt>
      <trkpt lat="51.581993" lon="-0.07502"><ele>11.5</ele></trkpt>
      <trkpt lat="51.581978" lon="-0.075005"><ele>11.25</ele></trkpt>
      <trkpt lat="51.581964" lon="-0.074991"><ele>11</ele></trkpt>
      <trkpt lat="51.582267" lon="-0.074291"><ele>11.25</ele></trkpt>
      <trkpt lat="51.582289" lon="-0.074242"><ele>11.25</ele></trkpt>
      <trkpt lat="51.582323" lon="-0.074163"><ele>11.25</ele></trkpt>
      <trkpt lat="51.582634" lon="-0.073446"><ele>12</ele></trkpt>
      <trkpt lat="51.582652" lon="-0.073403"><ele>12</ele></trkpt>
      <trkpt lat="51.582686" lon="-0.073327"><ele>11.75</ele></trkpt>
      <trkpt lat="51.582913" lon="-0.072801"><ele>11</ele></trkpt>
      <trkpt lat="51.582991" lon="-0.072659"><ele>11</ele></trkpt>
      <trkpt lat="51.58306" lon="-0.072571"><ele>11</ele></trkpt>
      <trkpt lat="51.583093" lon="-0.072568"><ele>11</ele></trkpt>
      <trkpt lat="51.583111" lon="-0.072587"><ele>11</ele></trkpt>
      <trkpt lat="51.583213" lon="-0.072564"><ele>11</ele></trkpt>
      <trkpt lat="51.583251" lon="-0.072544"><ele>11</ele></trkpt>
      <trkpt lat="51.583282" lon="-0.072515"><ele>11</ele></trkpt>
      <trkpt lat="51.583392" lon="-0.072475"><ele>11</ele></trkpt>
      <trkpt lat="51.5835" lon="-0.072461"><ele>11</ele></trkpt>
      <trkpt lat="51.58353" lon="-0.072466"><ele>11</ele></trkpt>
      <trkpt lat="51.583657" lon="-0.072443"><ele>11</ele></trkpt>
      <trkpt lat="51.583678" lon="-0.072441"><ele>11</ele></trkpt>
      <trkpt lat="51.583841" lon="-0.072426"><ele>11</ele></trkpt>
      <trkpt lat="51.58387" lon="-0.07242"><ele>11</ele></trkpt>
      <trkpt lat="51.583886" lon="-0.072419"><ele>11</ele></trkpt>
      <trkpt lat="51.583904" lon="-0.072416"><ele>10.75</ele></trkpt>
      <trkpt lat="51.58392" lon="-0.072412"><ele>10.75</ele></trkpt>
      <trkpt lat="51.583947" lon="-0.072407"><ele>10.75</ele></trkpt>
      <trkpt lat="51.584014" lon="-0.072215"><ele>10.5</ele></trkpt>
      <trkpt lat="51.584075" lon="-0.072196"><ele>10.25</ele></trkpt>
      <trkpt lat="51.584121" lon="-0.07219"><ele>10</ele></trkpt>
      <trkpt lat="51.584234" lon="-0.072169"><ele>10</ele></trkpt>
      <trkpt lat="51.584303" lon="-0.072078"><ele>10</ele></trkpt>
      <trkpt lat="51.584346" lon="-0.072072"><ele>10</ele></trkpt>
      <trkpt lat="51.584877" lon="-0.07193"><ele>10.5</ele></trkpt>
      <trkpt lat="51.585203" lon="-0.071826"><ele>11</ele></trkpt>
      <trkpt lat="51.585246" lon="-0.071816"><ele>11</ele></trkpt>
      <trkpt lat="51.585306" lon="-0.071732"><ele>11</ele></trkpt>
      <trkpt lat="51.585401" lon="-0.071702"><ele>11</ele></trkpt>
      <trkpt lat="51.585462" lon="-0.071687"><ele>11</ele></trkpt>
      <trkpt lat="51.58553" lon="-0.071737"><ele>11</ele></trkpt>
      <trkpt lat="51.585568" lon="-0.071728"><ele>11</ele></trkpt>
      <trkpt lat="51.585824" lon="-0.071635"><ele>11.75</ele></trkpt>
      <trkpt lat="51.586304" lon="-0.071478"><ele>13</ele></trkpt>
      <trkpt lat="51.586335" lon="-0.071466"><ele>13</ele></trkpt>
      <trkpt lat="51.586377" lon="-0.071447"><ele>13</ele></trkpt>
      <trkpt lat="51.586391" lon="-0.071444"><ele>13</ele></trkpt>
      <trkpt lat="51.586445" lon="-0.071422"><ele>13</ele></trkpt>
      <trkpt lat="51.586492" lon="-0.071411"><ele>13</ele></trkpt>
      <trkpt lat="51.586535" lon="-0.071461"><ele>13.25</ele></trkpt>
      <trkpt lat="51.586573" lon="-0.071455"><ele>13</ele></trkpt>
      <trkpt lat="51.586647" lon="-0.071411"><ele>13</ele></trkpt>
      <trkpt lat="51.586669" lon="-0.071381"><ele>13</ele></trkpt>
      <trkpt lat="51.586703" lon="-0.071292"><ele>13.5</ele></trkpt>
      <trkpt lat="51.586756" lon="-0.071265"><ele>13.75</ele></trkpt>
      <trkpt lat="51.587007" lon="-0.071135"><ele>14</ele></trkpt>
      <trkpt lat="51.587362" lon="-0.071004"><ele>14.5</ele></trkpt>
      <trkpt lat="51.587455" lon="-0.070968"><ele>14.75</ele></trkpt>
      <trkpt lat="51.587661" lon="-0.070893"><ele>15</ele></trkpt>
      <trkpt lat="51.587822" lon="-0.07084"><ele>15</ele></trkpt>
      <trkpt lat="51.587904" lon="-0.070806"><ele>15</ele></trkpt>
      <trkpt lat="51.588192" lon="-0.070688"><ele>15.25</ele></trkpt>
      <trkpt lat="51.588229" lon="-0.070672"><ele>15.5</ele></trkpt>
      <trkpt lat="51.588256" lon="-0.070685"><ele>15.5</ele></trkpt>
      <trkpt lat="51.588296" lon="-0.070703"><ele>15.75</ele></trkpt>
      <trkpt lat="51.588322" lon="-0.070694"><ele>15.75</ele></trkpt>
      <trkpt lat="51.588361" lon="-0.070679"><ele>16</ele></trkpt>
      <trkpt lat="51.58851" lon="-0.070614"><ele>16</ele></trkpt>
      <trkpt lat="51.588643" lon="-0.070572"><ele>16</ele></trkpt>
      <trkpt lat="51.588847" lon="-0.070526"><ele>16</ele></trkpt>
      <trkpt lat="51.588947" lon="-0.070506"><ele>15.75</ele></trkpt>
      <trkpt lat="51.589089" lon="-0.070473"><ele>15.25</ele></trkpt>
      <trkpt lat="51.589094" lon="-0.07052"><ele>15.25</ele></trkpt>
      <trkpt lat="51.589279" lon="-0.070475"><ele>15</ele></trkpt>
      <trkpt lat="51.589688" lon="-0.070375"><ele>13.75</ele></trkpt>
      <trkpt lat="51.589708" lon="-0.070371"><ele>13.5</ele></trkpt>
      <trkpt lat="51.589742" lon="-0.070363"><ele>13.5</ele></trkpt>
      <trkpt lat="51.58999" lon="-0.070315"><ele>12.25</ele></trkpt>
      <trkpt lat="51.590021" lon="-0.070309"><ele>12</ele></trkpt>
      <trkpt lat="51.590045" lon="-0.070304"><ele>12</ele></trkpt>
      <trkpt lat="51.590469" lon="-0.070226"><ele>11.25</ele></trkpt>
      <trkpt lat="51.590506" lon="-0.070223"><ele>11</ele></trkpt>
      <trkpt lat="51.590541" lon="-0.07022"><ele>11</ele></trkpt>
      <trkpt lat="51.590849" lon="-0.070184"><ele>10.75</ele></trkpt>
      <trkpt lat="51.591782" lon="-0.070034"><ele>10</ele></trkpt>
      <trkpt lat="51.591813" lon="-0.070031"><ele>10</ele></trkpt>
      <trkpt lat="51.591841" lon="-0.070026"><ele>10</ele></trkpt>
      <trkpt lat="51.592238" lon="-0.069959"><ele>9.75</ele></trkpt>
      <trkpt lat="51.592256" lon="-0.069958"><ele>10</ele></trkpt>
      <trkpt lat="51.592293" lon="-0.069952"><ele>10</ele></trkpt>
      <trkpt lat="51.592329" lon="-0.069942"><ele>10</ele></trkpt>
      <trkpt lat="51.59237" lon="-0.069914"><ele>10</ele></trkpt>
      <trkpt lat="51.592424" lon="-0.069907"><ele>10</ele></trkpt>
      <trkpt lat="51.592824" lon="-0.069815"><ele>10</ele></trkpt>
      <trkpt lat="51.593393" lon="-0.069706"><ele>11</ele></trkpt>
      <trkpt lat="51.59354" lon="-0.069686"><ele>11</ele></trkpt>
      <trkpt lat="51.593561" lon="-0.069703"><ele>11</ele></trkpt>
      <trkpt lat="51.5936" lon="-0.069707"><ele>11</ele></trkpt>
      <trkpt lat="51.593941" lon="-0.069638"><ele>10.5</ele></trkpt>
      <trkpt lat="51.593984" lon="-0.069632"><ele>10.25</ele></trkpt>
      <trkpt lat="51.594016" lon="-0.069638"><ele>10.25</ele></trkpt>
      <trkpt lat="51.594061" lon="-0.069683"><ele>10.25</ele></trkpt>
      <trkpt lat="51.594072" lon="-0.069753"><ele>10.5</ele></trkpt>
      <trkpt lat="51.594051" lon="-0.069759"><ele>10.5</ele></trkpt>
      <trkpt lat="51.594044" lon="-0.069761"><ele>10.75</ele></trkpt>
      <trkpt lat="51.593985" lon="-0.069781"><ele>11.25</ele></trkpt>
      <trkpt lat="51.59396" lon="-0.069789"><ele>11.5</ele></trkpt>
      <trkpt lat="51.593948" lon="-0.069793"><ele>12.5</ele></trkpt>
      <trkpt lat="51.59396" lon="-0.069789"><ele>11.5</ele></trkpt>
      <trkpt lat="51.593985" lon="-0.069781"><ele>11.25</ele></trkpt>
      <trkpt lat="51.594044" lon="-0.069761"><ele>10.75</ele></trkpt>
      <trkpt lat="51.594051" lon="-0.069759"><ele>10.5</ele></trkpt>
      <trkpt lat="51.594072" lon="-0.069753"><ele>10.5</ele></trkpt>
      <trkpt lat="51.594061" lon="-0.069683"><ele>10.25</ele></trkpt>
      <trkpt lat="51.594071" lon="-0.069674"><ele>10.25</ele></trkpt>
      <trkpt lat="51.59412" lon="-0.069645"><ele>10</ele></trkpt>
      <trkpt lat="51.594165" lon="-0.069619"><ele>10</ele></trkpt>
      <trkpt lat="51.594175" lon="-0.069614"><ele>10</ele></trkpt>
      <trkpt lat="51.594187" lon="-0.069568"><ele>10</ele></trkpt>
      <trkpt lat="51.594203" lon="-0.069558"><ele>10.25</ele></trkpt>
      <trkpt lat="51.594201" lon="-0.069541"><ele>10</ele></trkpt>
      <trkpt lat="51.594192" lon="-0.069462"><ele>10</ele></trkpt>
      <trkpt lat="51.594242" lon="-0.069448"><ele>10</ele></trkpt>
      <trkpt lat="51.594278" lon="-0.069434"><ele>10</ele></trkpt>
      <trkpt lat="51.59451" lon="-0.069341"><ele>10</ele></trkpt>
      <trkpt lat="51.594709" lon="-0.069261"><ele>10</ele></trkpt>
      <trkpt lat="51.594728" lon="-0.069253"><ele>10</ele></trkpt>
      <trkpt lat="51.594826" lon="-0.069215"><ele>10</ele></trkpt>
      <trkpt lat="51.594933" lon="-0.069167"><ele>10</ele></trkpt>
      <trkpt lat="51.594971" lon="-0.06915"><ele>10</ele></trkpt>
      <trkpt lat="51.595112" lon="-0.069087"><ele>10</ele></trkpt>
      <trkpt lat="51.595346" lon="-0.068968"><ele>10</ele></trkpt>
      <trkpt lat="51.595357" lon="-0.068962"><ele>10</ele></trkpt>
      <trkpt lat="51.595663" lon="-0.068793"><ele>10</ele></trkpt>
      <trkpt lat="51.59587" lon="-0.068693"><ele>10</ele></trkpt>
      <trkpt lat="51.596061" lon="-0.068604"><ele>10</ele></trkpt>
      <trkpt lat="51.596209" lon="-0.068538"><ele>10.25</ele></trkpt>
      <trkpt lat="51.596435" lon="-0.068468"><ele>11</ele></trkpt>
      <trkpt lat="51.596622" lon="-0.068404"><ele>11</ele></trkpt>
      <trkpt lat="51.596778" lon="-0.068348"><ele>11</ele></trkpt>
      <trkpt lat="51.596869" lon="-0.068316"><ele>11</ele></trkpt>
      <trkpt lat="51.596972" lon="-0.068274"><ele>11</ele></trkpt>
      <trkpt lat="51.59718" lon="-0.068202"><ele>11</ele></trkpt>
      <trkpt lat="51.597504" lon="-0.068083"><ele>10.75</ele></trkpt>
      <trkpt lat="51.597679" lon="-0.068042"><ele>11</ele></trkpt>
      <trkpt lat="51.59813" lon="-0.068019"><ele>11</ele></trkpt>
      <trkpt lat="51.598261" lon="-0.068012"><ele>11</ele></trkpt>
      <trkpt lat="51.598387" lon="-0.068017"><ele>11</ele></trkpt>
      <trkpt lat="51.598435" lon="-0.068019"><ele>11</ele></trkpt>
      <trkpt lat="51.598464" lon="-0.06802"><ele>11</ele></trkpt>
      <trkpt lat="51.59858" lon="-0.068021"><ele>11</ele></trkpt>
      <trkpt lat="51.598713" lon="-0.068023"><ele>11</ele></trkpt>
      <trkpt lat="51.598758" lon="-0.068021"><ele>11</ele></trkpt>
      <trkpt lat="51.598805" lon="-0.068017"><ele>11</ele></trkpt>
      <trkpt lat="51.598934" lon="-0.068006"><ele>11</ele></trkpt>
      <trkpt lat="51.599272" lon="-0.067976"><ele>11</ele></trkpt>
      <trkpt lat="51.59996" lon="-0.067914"><ele>11</ele></trkpt>
      <trkpt lat="51.59996" lon="-0.068033"><ele>11</ele></trkpt>
      <trkpt lat="51.600615" lon="-0.067975"><ele>11</ele></trkpt>
      <trkpt lat="51.600727" lon="-0.067961"><ele>11</ele></trkpt>
      <trkpt lat="51.601231" lon="-0.067921"><ele>11</ele></trkpt>
      <trkpt lat="51.601428" lon="-0.067913"><ele>10.75</ele></trkpt>
      <trkpt lat="51.60145" lon="-0.067913"><ele>11</ele></trkpt>
      <trkpt lat="51.602228" lon="-0.067909"><ele>11</ele></trkpt>
      <trkpt lat="51.602298" lon="-0.06791"><ele>11</ele></trkpt>
      <trkpt lat="51.602316" lon="-0.067918"><ele>11</ele></trkpt>
      <trkpt lat="51.602341" lon="-0.06792"><ele>11</ele></trkpt>
      <trkpt lat="51.602365" lon="-0.067921"><ele>11.25</ele></trkpt>
      <trkpt lat="51.602399" lon="-0.067897"><ele>11.25</ele></trkpt>
      <trkpt lat="51.602487" lon="-0.067901"><ele>11.25</ele></trkpt>
      <trkpt lat="51.602732" lon="-0.067899"><ele>11.25</ele></trkpt>
      <trkpt lat="51.603402" lon="-0.068004"><ele>11</ele></trkpt>
      <trkpt lat="51.603673" lon="-0.068041"><ele>11</ele></trkpt>
      <trkpt lat="51.604134" lon="-0.068115"><ele>11</ele></trkpt>
      <trkpt lat="51.604684" lon="-0.068202"><ele>11</ele></trkpt>
      <trkpt lat="51.604659" lon="-0.068474"><ele>11.5</ele></trkpt>
      <trkpt lat="51.604621" lon="-0.068709"><ele>12</ele></trkpt>
      <trkpt lat="51.604619" lon="-0.06872"><ele>12</ele></trkpt>
      <trkpt lat="51.604511" lon="-0.069272"><ele>12</ele></trkpt>
      <trkpt lat="51.605161" lon="-0.069576"><ele>12</ele></trkpt>
      <trkpt lat="51.605248" lon="-0.06959"><ele>12</ele></trkpt>
      <trkpt lat="51.605248" lon="-0.069749"><ele>11.75</ele></trkpt>
      <trkpt lat="51.605234" lon="-0.069844"><ele>12</ele></trkpt>
      <trkpt lat="51.605225" lon="-0.069961"><ele>12</ele></trkpt>
      <trkpt lat="51.605229" lon="-0.070145"><ele>12</ele></trkpt>
      <trkpt lat="51.605252" lon="-0.070352"><ele>12</ele></trkpt>
      <trkpt lat="51.605277" lon="-0.070465"><ele>12</ele></trkpt>
      <trkpt lat="51.605268" lon="-0.070525"><ele>12</ele></trkpt>
      <trkpt lat="51.605261" lon="-0.070571"><ele>12</ele></trkpt>
      <trkpt lat="51.605266" lon="-0.070625"><ele>12</ele></trkpt>
      <trkpt lat="51.60527" lon="-0.070665"><ele>12</ele></trkpt>
      <trkpt lat="51.605277" lon="-0.070725"><ele>12</ele></trkpt>
      <trkpt lat="51.60528" lon="-0.070758"><ele>12</ele></trkpt>
      <trkpt lat="51.605285" lon="-0.070802"><ele>12</ele></trkpt>
      <trkpt lat="51.605333" lon="-0.070862"><ele>12.25</ele></trkpt>
      <trkpt lat="51.605246" lon="-0.070895"><ele>12</ele></trkpt>
      <trkpt lat="51.605233" lon="-0.070892"><ele>12</ele></trkpt>
      <trkpt lat="51.605062" lon="-0.070866"><ele>12</ele></trkpt>
      <trkpt lat="51.60506" lon="-0.07089"><ele>12</ele></trkpt>
      <trkpt lat="51.605062" lon="-0.070866"><ele>12</ele></trkpt>
      <trkpt lat="51.605233" lon="-0.070892"><ele>12</ele></trkpt>
      <trkpt lat="51.605246" lon="-0.070895"><ele>12</ele></trkpt>
      <trkpt lat="51.605333" lon="-0.070862"><ele>12.25</ele></trkpt>
      <trkpt lat="51.605346" lon="-0.070858"><ele>12.25</ele></trkpt>
      <trkpt lat="51.605375" lon="-0.07085"><ele>12.25</ele></trkpt>
      <trkpt lat="51.605388" lon="-0.070968"><ele>12.75</ele></trkpt>
      <trkpt lat="51.605396" lon="-0.071104"><ele>13.5</ele></trkpt>
      <trkpt lat="51.605401" lon="-0.071265"><ele>13</ele></trkpt>
      <trkpt lat="51.605464" lon="-0.071267"><ele>13.5</ele></trkpt>
      <trkpt lat="51.605778" lon="-0.071277"><ele>14</ele></trkpt>
      <trkpt lat="51.606237" lon="-0.071379"><ele>13</ele></trkpt>
      <trkpt lat="51.60652" lon="-0.071424"><ele>13</ele></trkpt>
      <trkpt lat="51.606597" lon="-0.071436"><ele>13.25</ele></trkpt>
      <trkpt lat="51.60718" lon="-0.071289"><ele>13.5</ele></trkpt>
      <trkpt lat="51.607914" lon="-0.071067"><ele>13</ele></trkpt>
      <trkpt lat="51.608351" lon="-0.070895"><ele>13.25</ele></trkpt>
      <trkpt lat="51.608732" lon="-0.070718"><ele>14</ele></trkpt>
      <trkpt lat="51.608823" lon="-0.070717"><ele>14</ele></trkpt>
      <trkpt lat="51.609065" lon="-0.070715"><ele>14</ele></trkpt>
      <trkpt lat="51.609258" lon="-0.070668"><ele>14</ele></trkpt>
      <trkpt lat="51.609736" lon="-0.070426"><ele>14</ele></trkpt>
      <trkpt lat="51.610379" lon="-0.0701"><ele>14</ele></trkpt>
      <trkpt lat="51.610665" lon="-0.069938"><ele>14</ele></trkpt>
      <trkpt lat="51.611974" lon="-0.069822"><ele>15.75</ele></trkpt>
      <trkpt lat="51.61202" lon="-0.069817"><ele>15.75</ele></trkpt>
      <trkpt lat="51.612019" lon="-0.069581"><ele>16.5</ele></trkpt>
      <trkpt lat="51.612026" lon="-0.069505"><ele>16.75</ele></trkpt>
      <trkpt lat="51.612055" lon="-0.06943"><ele>17</ele></trkpt>
      <trkpt lat="51.612074" lon="-0.069415"><ele>17</ele></trkpt>
      <trkpt lat="51.612096" lon="-0.069415"><ele>17</ele></trkpt>
      <trkpt lat="51.612103" lon="-0.069357"><ele>17</ele></trkpt>
      <trkpt lat="51.61211" lon="-0.069336"><ele>17</ele></trkpt>
      <trkpt lat="51.612435" lon="-0.069465"><ele>16</ele></trkpt>
      <trkpt lat="51.612466" lon="-0.069479"><ele>16</ele></trkpt>
      <trkpt lat="51.61252" lon="-0.069152"><ele>16</ele></trkpt>
      <trkpt lat="51.612538" lon="-0.069072"><ele>16</ele></trkpt>
      <trkpt lat="51.612572" lon="-0.069021"><ele>16</ele></trkpt>
      <trkpt lat="51.613736" lon="-0.068436"><ele>16</ele></trkpt>
      <trkpt lat="51.613768" lon="-0.06801"><ele>15.5</ele></trkpt>
      <trkpt lat="51.613828" lon="-0.067861"><ele>15.75</ele></trkpt>
      <trkpt lat="51.614512" lon="-0.067552"><ele>15</ele></trkpt>
      <trkpt lat="51.614545" lon="-0.067512"><ele>14.75</ele></trkpt>
      <trkpt lat="51.614556" lon="-0.06726"><ele>13.75</ele></trkpt>
      <trkpt lat="51.61455" lon="-0.067213"><ele>13.5</ele></trkpt>
      <trkpt lat="51.614533" lon="-0.067191"><ele>13.5</ele></trkpt>
      <trkpt lat="51.614518" lon="-0.067185"><ele>13.5</ele></trkpt>
      <trkpt lat="51.614522" lon="-0.067164"><ele>13.5</ele></trkpt>
      <trkpt lat="51.614528" lon="-0.067134"><ele>13.5</ele></trkpt>
      <trkpt lat="51.614542" lon="-0.067137"><ele>13.5</ele></trkpt>
      <trkpt lat="51.614589" lon="-0.067153"><ele>13.25</ele></trkpt>
      <trkpt lat="51.614631" lon="-0.067167"><ele>13.25</ele></trkpt>
      <trkpt lat="51.614626" lon="-0.067363"><ele>13.5</ele></trkpt>
      <trkpt lat="51.614633" lon="-0.067641"><ele>13.75</ele></trkpt>
      <trkpt lat="51.61467" lon="-0.067748"><ele>13.25</ele></trkpt>
      <trkpt lat="51.614681" lon="-0.067902"><ele>13.5</ele></trkpt>
      <trkpt lat="51.614687" lon="-0.067968"><ele>13.75</ele></trkpt>
      <trkpt lat="51.614786" lon="-0.067969"><ele>13.75</ele></trkpt>
      <trkpt lat="51.614784" lon="-0.067882"><ele>13.5</ele></trkpt>
      <trkpt lat="51.614788" lon="-0.067863"><ele>13.5</ele></trkpt>
      <trkpt lat="51.614745" lon="-0.067806"><ele>13.25</ele></trkpt>
      <trkpt lat="51.614727" lon="-0.06776"><ele>13</ele></trkpt>
      <trkpt lat="51.614713" lon="-0.067705"><ele>13</ele></trkpt>
      <trkpt lat="51.614689" lon="-0.067496"><ele>13.25</ele></trkpt>
      <trkpt lat="51.614686" lon="-0.067392"><ele>13.25</ele></trkpt>
      <trkpt lat="51.614692" lon="-0.067242"><ele>13</ele></trkpt>
      <trkpt lat="51.614708" lon="-0.066912"><ele>13</ele></trkpt>
      <trkpt lat="51.614725" lon="-0.066713"><ele>13</ele></trkpt>
      <trkpt lat="51.614736" lon="-0.066547"><ele>13</ele></trkpt>
      <trkpt lat="51.61474" lon="-0.066478"><ele>13</ele></trkpt>
      <trkpt lat="51.614728" lon="-0.066054"><ele>13</ele></trkpt>
      <trkpt lat="51.614735" lon="-0.065952"><ele>13</ele></trkpt>
      <trkpt lat="51.614769" lon="-0.06579"><ele>13.25</ele></trkpt>
      <trkpt lat="51.61485" lon="-0.065532"><ele>14</ele></trkpt>
      <trkpt lat="51.614883" lon="-0.065395"><ele>14</ele></trkpt>
      <trkpt lat="51.614903" lon="-0.065173"><ele>13.75</ele></trkpt>
      <trkpt lat="51.61489" lon="-0.06475"><ele>13</ele></trkpt>
      <trkpt lat="51.614913" lon="-0.064653"><ele>13</ele></trkpt>
      <trkpt lat="51.614927" lon="-0.064629"><ele>13</ele></trkpt>
      <trkpt lat="51.614908" lon="-0.064591"><ele>13</ele></trkpt>
      <trkpt lat="51.614957" lon="-0.064522"><ele>13</ele></trkpt>
      <trkpt lat="51.614988" lon="-0.064422"><ele>13</ele></trkpt>
      <trkpt lat="51.615063" lon="-0.064318"><ele>13</ele></trkpt>
      <trkpt lat="51.615129" lon="-0.0643"><ele>13</ele></trkpt>
      <trkpt lat="51.615283" lon="-0.06426"><ele>13.5</ele></trkpt>
      <trkpt lat="51.615474" lon="-0.064194"><ele>13.25</ele></trkpt>
      <trkpt lat="51.615634" lon="-0.064144"><ele>13</ele></trkpt>
      <trkpt lat="51.615745" lon="-0.064113"><ele>13</ele></trkpt>
      <trkpt lat="51.615811" lon="-0.064088"><ele>13</ele></trkpt>
      <trkpt lat="51.616207" lon="-0.063957"><ele>13</ele></trkpt>
      <trkpt lat="51.61659" lon="-0.063838"><ele>13</ele></trkpt>
      <trkpt lat="51.616733" lon="-0.063783"><ele>13</ele></trkpt>
      <trkpt lat="51.617002" lon="-0.063651"><ele>13</ele></trkpt>
      <trkpt lat="51.617029" lon="-0.063637"><ele>13</ele></trkpt>
      <trkpt lat="51.617073" lon="-0.063614"><ele>13</ele></trkpt>
      <trkpt lat="51.617381" lon="-0.063462"><ele>13</ele></trkpt>
      <trkpt lat="51.617414" lon="-0.063447"><ele>13</ele></trkpt>
      <trkpt lat="51.617458" lon="-0.063427"><ele>13</ele></trkpt>
      <trkpt lat="51.617508" lon="-0.063407"><ele>13</ele></trkpt>
      <trkpt lat="51.617928" lon="-0.063234"><ele>13</ele></trkpt>
      <trkpt lat="51.618116" lon="-0.063147"><ele>13</ele></trkpt>
      <trkpt lat="51.618233" lon="-0.063094"><ele>13</ele></trkpt>
      <trkpt lat="51.618716" lon="-0.062898"><ele>13</ele></trkpt>
      <trkpt lat="51.618763" lon="-0.06288"><ele>13</ele></trkpt>
      <trkpt lat="51.618992" lon="-0.062805"><ele>13</ele></trkpt>
      <trkpt lat="51.619186" lon="-0.062732"><ele>12.75</ele></trkpt>
      <trkpt lat="51.619479" lon="-0.062609"><ele>12.75</ele></trkpt>
      <trkpt lat="51.619718" lon="-0.062508"><ele>12</ele></trkpt>
      <trkpt lat="51.619773" lon="-0.062486"><ele>12</ele></trkpt>
      <trkpt lat="51.619925" lon="-0.062419"><ele>12.75</ele></trkpt>
      <trkpt lat="51.619968" lon="-0.062402"><ele>12.75</ele></trkpt>
      <trkpt lat="51.620021" lon="-0.062378"><ele>13</ele></trkpt>
      <trkpt lat="51.620164" lon="-0.062308"><ele>13</ele></trkpt>
      <trkpt lat="51.620504" lon="-0.062141"><ele>13</ele></trkpt>
      <trkpt lat="51.620546" lon="-0.062122"><ele>13</ele></trkpt>
      <trkpt lat="51.620907" lon="-0.061947"><ele>13</ele></trkpt>
      <trkpt lat="51.62134" lon="-0.06175"><ele>13</ele></trkpt>
      <trkpt lat="51.621423" lon="-0.061711"><ele>13</ele></trkpt>
      <trkpt lat="51.621687" lon="-0.061626"><ele>12.75</ele></trkpt>
      <trkpt lat="51.621799" lon="-0.061604"><ele>13</ele></trkpt>
      <trkpt lat="51.622017" lon="-0.06155"><ele>13</ele></trkpt>
      <trkpt lat="51.622031" lon="-0.061548"><ele>13</ele></trkpt>
      <trkpt lat="51.622131" lon="-0.06152"><ele>13</ele></trkpt>
      <trkpt lat="51.62222" lon="-0.061499"><ele>13</ele></trkpt>
      <trkpt lat="51.622725" lon="-0.061394"><ele>13.75</ele></trkpt>
      <trkpt lat="51.622987" lon="-0.061287"><ele>14</ele></trkpt>
      <trkpt lat="51.623143" lon="-0.061211"><ele>14</ele></trkpt>
      <trkpt lat="51.623185" lon="-0.061191"><ele>14</ele></trkpt>
      <trkpt lat="51.62323" lon="-0.061166"><ele>14</ele></trkpt>
      <trkpt lat="51.623246" lon="-0.06116"><ele>14</ele></trkpt>
      <trkpt lat="51.623304" lon="-0.061215"><ele>14</ele></trkpt>
      <trkpt lat="51.623633" lon="-0.061075"><ele>13.75</ele></trkpt>
      <trkpt lat="51.623669" lon="-0.061054"><ele>13.75</ele></trkpt>
      <trkpt lat="51.623775" lon="-0.061005"><ele>13.75</ele></trkpt>
      <trkpt lat="51.623917" lon="-0.060945"><ele>13.25</ele></trkpt>
      <trkpt lat="51.623971" lon="-0.060967"><ele>13.25</ele></trkpt>
      <trkpt lat="51.624278" lon="-0.060838"><ele>13</ele></trkpt>
      <trkpt lat="51.6244" lon="-0.060789"><ele>13</ele></trkpt>
      <trkpt lat="51.624513" lon="-0.060755"><ele>13.25</ele></trkpt>
      <trkpt lat="51.624554" lon="-0.060719"><ele>13.5</ele></trkpt>
      <trkpt lat="51.624572" lon="-0.060729"><ele>13.5</ele></trkpt>
      <trkpt lat="51.624586" lon="-0.060739"><ele>13.5</ele></trkpt>
      <trkpt lat="51.6247" lon="-0.06074"><ele>13.75</ele></trkpt>
      <trkpt lat="51.624724" lon="-0.060794"><ele>14</ele></trkpt>
      <trkpt lat="51.624823" lon="-0.060839"><ele>14</ele></trkpt>
      <trkpt lat="51.624922" lon="-0.060834"><ele>14</ele></trkpt>
      <trkpt lat="51.624926" lon="-0.060865"><ele>14.25</ele></trkpt>
      <trkpt lat="51.624945" lon="-0.06104"><ele>16</ele></trkpt>
      <trkpt lat="51.624951" lon="-0.061089"><ele>16.5</ele></trkpt>
      <trkpt lat="51.624926" lon="-0.061097"><ele>16.25</ele></trkpt>
    </trkseg>
    <trkseg>
      <trkpt lat="51.624926" lon="-0.061097"><ele>16.25</ele></trkpt>
      <trkpt lat="51.624951" lon="-0.061089"><ele>16.5</ele></trkpt>
      <trkpt lat="51.624945" lon="-0.06104"><ele>16</ele></trkpt>
      <trkpt lat="51.624926" lon="-0.060865"><ele>14.25</ele></trkpt>
      <trkpt lat="51.624922" lon="-0.060834"><ele>14</ele></trkpt>
      <trkpt lat="51.624895" lon="-0.060808"><ele>14</ele></trkpt>
      <trkpt lat="51.624876" lon="-0.06077"><ele>14</ele></trkpt>
      <trkpt lat="51.624878" lon="-0.060729"><ele>14</ele></trkpt>
      <trkpt lat="51.624879" lon="-0.060718"><ele>14</ele></trkpt>
      <trkpt lat="51.624915" lon="-0.060744"><ele>14</ele></trkpt>
      <trkpt lat="51.624996" lon="-0.060751"><ele>14</ele></trkpt>
      <trkpt lat="51.625052" lon="-0.060734"><ele>13.75</ele></trkpt>
      <trkpt lat="51.625084" lon="-0.060725"><ele>14</ele></trkpt>
      <trkpt lat="51.625119" lon="-0.060699"><ele>14</ele></trkpt>
      <trkpt lat="51.625166" lon="-0.060633"><ele>14</ele></trkpt>
      <trkpt lat="51.625304" lon="-0.060208"><ele>13.75</ele></trkpt>
      <trkpt lat="51.625321" lon="-0.060177"><ele>13.75</ele></trkpt>
      <trkpt lat="51.625388" lon="-0.059958"><ele>14</ele></trkpt>
      <trkpt lat="51.625405" lon="-0.059897"><ele>14</ele></trkpt>
      <trkpt lat="51.625463" lon="-0.059679"><ele>14</ele></trkpt>
      <trkpt lat="51.625488" lon="-0.05956"><ele>14</ele></trkpt>
      <trkpt lat="51.62553" lon="-0.059416"><ele>14</ele></trkpt>
      <trkpt lat="51.625565" lon="-0.059429"><ele>14</ele></trkpt>
      <trkpt lat="51.625596" lon="-0.05944"><ele>14</ele></trkpt>
      <trkpt lat="51.625735" lon="-0.059489"><ele>14</ele></trkpt>
      <trkpt lat="51.625942" lon="-0.059543"><ele>14</ele></trkpt>
      <trkpt lat="51.626229" lon="-0.059575"><ele>14.25</ele></trkpt>
      <trkpt lat="51.626399" lon="-0.059679"><ele>14</ele></trkpt>
      <trkpt lat="51.626622" lon="-0.059808"><ele>14</ele></trkpt>
      <trkpt lat="51.627299" lon="-0.06022"><ele>14</ele></trkpt>
      <trkpt lat="51.627938" lon="-0.060623"><ele>15</ele></trkpt>
      <trkpt lat="51.628263" lon="-0.060829"><ele>15</ele></trkpt>
      <trkpt lat="51.628317" lon="-0.060847"><ele>15</ele></trkpt>
      <trkpt lat="51.628642" lon="-0.060838"><ele>15</ele></trkpt>
      <trkpt lat="51.628639" lon="-0.061164"><ele>15</ele></trkpt>
      <trkpt lat="51.62863" lon="-0.061532"><ele>15</ele></trkpt>
      <trkpt lat="51.628644" lon="-0.061591"><ele>15</ele></trkpt>
      <trkpt lat="51.628668" lon="-0.061642"><ele>15</ele></trkpt>
      <trkpt lat="51.628876" lon="-0.06177"><ele>15</ele></trkpt>
      <trkpt lat="51.629255" lon="-0.062019"><ele>15</ele></trkpt>
      <trkpt lat="51.629306" lon="-0.061926"><ele>15</ele></trkpt>
      <trkpt lat="51.630216" lon="-0.061355"><ele>15</ele></trkpt>
      <trkpt lat="51.630948" lon="-0.060935"><ele>15</ele></trkpt>
      <trkpt lat="51.630989" lon="-0.060913"><ele>15</ele></trkpt>
      <trkpt lat="51.631054" lon="-0.06104"><ele>15</ele></trkpt>
      <trkpt lat="51.631075" lon="-0.061077"><ele>15</ele></trkpt>
      <trkpt lat="51.631114" lon="-0.061016"><ele>15</ele></trkpt>
      <trkpt lat="51.631493" lon="-0.061668"><ele>15</ele></trkpt>
      <trkpt lat="51.631833" lon="-0.062175"><ele>15</ele></trkpt>
      <trkpt lat="51.63213" lon="-0.06252"><ele>16</ele></trkpt>
      <trkpt lat="51.632189" lon="-0.062599"><ele>16</ele></trkpt>
      <trkpt lat="51.63221" lon="-0.062608"><ele>16</ele></trkpt>
      <trkpt lat="51.632248" lon="-0.062597"><ele>16</ele></trkpt>
      <trkpt lat="51.63231" lon="-0.062694"><ele>16</ele></trkpt>
      <trkpt lat="51.632325" lon="-0.062662"><ele>16</ele></trkpt>
      <trkpt lat="51.632415" lon="-0.062579"><ele>16</ele></trkpt>
      <trkpt lat="51.632458" lon="-0.062567"><ele>16</ele></trkpt>
      <trkpt lat="51.632537" lon="-0.062567"><ele>16</ele></trkpt>
      <trkpt lat="51.632629" lon="-0.062564"><ele>16</ele></trkpt>
      <trkpt lat="51.632963" lon="-0.062585"><ele>16</ele></trkpt>
      <trkpt lat="51.633374" lon="-0.062554"><ele>16</ele></trkpt>
      <trkpt lat="51.634028" lon="-0.062562"><ele>16.5</ele></trkpt>
      <trkpt lat="51.635189" lon="-0.062514"><ele>17</ele></trkpt>
      <trkpt lat="51.635568" lon="-0.062457"><ele>17</ele></trkpt>
      <trkpt lat="51.63591" lon="-0.062357"><ele>17.5</ele></trkpt>
      <trkpt lat="51.63619" lon="-0.062211"><ele>18</ele></trkpt>
      <trkpt lat="51.636473" lon="-0.062038"><ele>18.75</ele></trkpt>
      <trkpt lat="51.63674" lon="-0.061843"><ele>19</ele></trkpt>
      <trkpt lat="51.636782" lon="-0.061811"><ele>19</ele></trkpt>
      <trkpt lat="51.636816" lon="-0.061777"><ele>19</ele></trkpt>
      <trkpt lat="51.637567" lon="-0.060952"><ele>19</ele></trkpt>
      <trkpt lat="51.638046" lon="-0.060306"><ele>19</ele></trkpt>
      <trkpt lat="51.638315" lon="-0.059921"><ele>19</ele></trkpt>
      <trkpt lat="51.638436" lon="-0.05967"><ele>19</ele></trkpt>
      <trkpt lat="51.638683" lon="-0.059104"><ele>19</ele></trkpt>
      <trkpt lat="51.639158" lon="-0.057807"><ele>19</ele></trkpt>
      <trkpt lat="51.639581" lon="-0.056587"><ele>18.25</ele></trkpt>
      <trkpt lat="51.639908" lon="-0.055728"><ele>18</ele></trkpt>
      <trkpt lat="51.640016" lon="-0.055263"><ele>18</ele></trkpt>
      <trkpt lat="51.640053" lon="-0.055013"><ele>18</ele></trkpt>
      <trkpt lat="51.640068" lon="-0.054826"><ele>17.5</ele></trkpt>
      <trkpt lat="51.640382" lon="-0.054888"><ele>18</ele></trkpt>
      <trkpt lat="51.640713" lon="-0.054944"><ele>18.5</ele></trkpt>
      <trkpt lat="51.640969" lon="-0.054985"><ele>19</ele></trkpt>
      <trkpt lat="51.641333" lon="-0.054964"><ele>19.75</ele></trkpt>
      <trkpt lat="51.641649" lon="-0.054914"><ele>20</ele></trkpt>
      <trkpt lat="51.641791" lon="-0.054896"><ele>20</ele></trkpt>
      <trkpt lat="51.641892" lon="-0.054877"><ele>20</ele></trkpt>
      <trkpt lat="51.642371" lon="-0.054714"><ele>19.75</ele></trkpt>
      <trkpt lat="51.642514" lon="-0.054657"><ele>19.5</ele></trkpt>
      <trkpt lat="51.642554" lon="-0.054627"><ele>19.5</ele></trkpt>
      <trkpt lat="51.642583" lon="-0.054578"><ele>19.25</ele></trkpt>
      <trkpt lat="51.642609" lon="-0.054509"><ele>19</ele></trkpt>
      <trkpt lat="51.642614" lon="-0.054427"><ele>18.75</ele></trkpt>
      <trkpt lat="51.642604" lon="-0.054335"><ele>18.5</ele></trkpt>
      <trkpt lat="51.64258" lon="-0.054118"><ele>18</ele></trkpt>
      <trkpt lat="51.642579" lon="-0.053983"><ele>18</ele></trkpt>
      <trkpt lat="51.642976" lon="-0.053821"><ele>18</ele></trkpt>
      <trkpt lat="51.644235" lon="-0.053298"><ele>18</ele></trkpt>
      <trkpt lat="51.644209" lon="-0.05317"><ele>18</ele></trkpt>
      <trkpt lat="51.64417" lon="-0.052968"><ele>18</ele></trkpt>
      <trkpt lat="51.6442" lon="-0.052949"><ele>18</ele></trkpt>
      <trkpt lat="51.644328" lon="-0.052866"><ele>18</ele></trkpt>
      <trkpt lat="51.644334" lon="-0.052806"><ele>18</ele></trkpt>
      <trkpt lat="51.644425" lon="-0.052756"><ele>18</ele></trkpt>
      <trkpt lat="51.64455" lon="-0.052696"><ele>18</ele></trkpt>
      <trkpt lat="51.644807" lon="-0.052605"><ele>18</ele></trkpt>
      <trkpt lat="51.64492" lon="-0.052569"><ele>18</ele></trkpt>
      <trkpt lat="51.645638" lon="-0.05235"><ele>19</ele></trkpt>
      <trkpt lat="51.646196" lon="-0.05216"><ele>19.25</ele></trkpt>
      <trkpt lat="51.646754" lon="-0.051981"><ele>20</ele></trkpt>
      <trkpt lat="51.646897" lon="-0.051932"><ele>20</ele></trkpt>
      <trkpt lat="51.647022" lon="-0.051882"><ele>20</ele></trkpt>
      <trkpt lat="51.647134" lon="-0.051838"><ele>20</ele></trkpt>
      <trkpt lat="51.647149" lon="-0.051804"><ele>20</ele></trkpt>
      <trkpt lat="51.647188" lon="-0.051821"><ele>20</ele></trkpt>
      <trkpt lat="51.647434" lon="-0.05173"><ele>20.75</ele></trkpt>
      <trkpt lat="51.64807" lon="-0.051488"><ele>21</ele></trkpt>
      <trkpt lat="51.648534" lon="-0.051285"><ele>21</ele></trkpt>
      <trkpt lat="51.648632" lon="-0.051251"><ele>21</ele></trkpt>
      <trkpt lat="51.648746" lon="-0.051213"><ele>20.5</ele></trkpt>
      <trkpt lat="51.648814" lon="-0.052224"><ele>20.5</ele></trkpt>
      <trkpt lat="51.648824" lon="-0.052403"><ele>20.5</ele></trkpt>
      <trkpt lat="51.648829" lon="-0.0525"><ele>20.5</ele></trkpt>
      <trkpt lat="51.648819" lon="-0.052503"><ele>20.5</ele></trkpt>
      <trkpt lat="51.648805" lon="-0.052507"><ele>20.5</ele></trkpt>
      <trkpt lat="51.648802" lon="-0.052476"><ele>20.5</ele></trkpt>
      <trkpt lat="51.648788" lon="-0.052479"><ele>20.5</ele></trkpt>
      <trkpt lat="51.648772" lon="-0.052484"><ele>20.5</ele></trkpt>
      <trkpt lat="51.648774" lon="-0.052508"><ele>20.5</ele></trkpt>
      <trkpt lat="51.648752" lon="-0.052514"><ele>20.5</ele></trkpt>
      <trkpt lat="51.648714" lon="-0.052526"><ele>20.5</ele></trkpt>
      <trkpt lat="51.648752" lon="-0.052514"><ele>20.5</ele></trkpt>
      <trkpt lat="51.648774" lon="-0.052508"><ele>20.5</ele></trkpt>
      <trkpt lat="51.648772" lon="-0.052484"><ele>20.5</ele></trkpt>
      <trkpt lat="51.648788" lon="-0.052479"><ele>20.5</ele></trkpt>
      <trkpt lat="51.648802" lon="-0.052476"><ele>20.5</ele></trkpt>
      <trkpt lat="51.648805" lon="-0.052507"><ele>20.5</ele></trkpt>
      <trkpt lat="51.648819" lon="-0.052503"><ele>20.5</ele></trkpt>
      <trkpt lat="51.648829" lon="-0.0525"><ele>20.5</ele></trkpt>
      <trkpt lat="51.648824" lon="-0.052403"><ele>20.5</ele></trkpt>
      <trkpt lat="51.648814" lon="-0.052224"><ele>20.5</ele></trkpt>
      <trkpt lat="51.648746" lon="-0.051213"><ele>20.5</ele></trkpt>
      <trkpt lat="51.648784" lon="-0.051202"><ele>20.5</ele></trkpt>
      <trkpt lat="51.648778" lon="-0.051124"><ele>20</ele></trkpt>
      <trkpt lat="51.648717" lon="-0.050093"><ele>18.25</ele></trkpt>
      <trkpt lat="51.648775" lon="-0.050078"><ele>18.25</ele></trkpt>
      <trkpt lat="51.649327" lon="-0.049933"><ele>18.5</ele></trkpt>
      <trkpt lat="51.650494" lon="-0.0496"><ele>19</ele></trkpt>
      <trkpt lat="51.650471" lon="-0.048695"><ele>18.75</ele></trkpt>
      <trkpt lat="51.650468" lon="-0.048511"><ele>18.5</ele></trkpt>
      <trkpt lat="51.650467" lon="-0.048461"><ele>18.5</ele></trkpt>
      <trkpt lat="51.650465" lon="-0.048412"><ele>18.5</ele></trkpt>
      <trkpt lat="51.650464" lon="-0.048281"><ele>18.5</ele></trkpt>
      <trkpt lat="51.650454" lon="-0.046786"><ele>18</ele></trkpt>
      <trkpt lat="51.650462" lon="-0.046697"><ele>18</ele></trkpt>
      <trkpt lat="51.650794" lon="-0.046857"><ele>18</ele></trkpt>
      <trkpt lat="51.650897" lon="-0.046905"><ele>18</ele></trkpt>
      <trkpt lat="51.650951" lon="-0.046931"><ele>18</ele></trkpt>
      <trkpt lat="51.651004" lon="-0.046955"><ele>18</ele></trkpt>
      <trkpt lat="51.651679" lon="-0.047279"><ele>19</ele></trkpt>
      <trkpt lat="51.651796" lon="-0.047338"><ele>19</ele></trkpt>
      <trkpt lat="51.651876" lon="-0.047377"><ele>19</ele></trkpt>
      <trkpt lat="51.65204" lon="-0.047453"><ele>19</ele></trkpt>
      <trkpt lat="51.652079" lon="-0.047472"><ele>19</ele></trkpt>
      <trkpt lat="51.652125" lon="-0.047494"><ele>19</ele></trkpt>
      <trkpt lat="51.652211" lon="-0.047539"><ele>19</ele></trkpt>
      <trkpt lat="51.652266" lon="-0.047569"><ele>19</ele></trkpt>
      <trkpt lat="51.652503" lon="-0.047705"><ele>19</ele></trkpt>
      <trkpt lat="51.652558" lon="-0.047738"><ele>19</ele></trkpt>
      <trkpt lat="51.652784" lon="-0.047893"><ele>20</ele></trkpt>
      <trkpt lat="51.652919" lon="-0.048005"><ele>20</ele></trkpt>
      <trkpt lat="51.652952" lon="-0.048033"><ele>20</ele></trkpt>
      <trkpt lat="51.652982" lon="-0.04806"><ele>20</ele></trkpt>
      <trkpt lat="51.653124" lon="-0.048187"><ele>20</ele></trkpt>
      <trkpt lat="51.653198" lon="-0.048183"><ele>20</ele></trkpt>
      <trkpt lat="51.653387" lon="-0.048328"><ele>20.75</ele></trkpt>
      <trkpt lat="51.653475" lon="-0.048378"><ele>21</ele></trkpt>
      <trkpt lat="51.653637" lon="-0.048438"><ele>21</ele></trkpt>
      <trkpt lat="51.65383" lon="-0.048456"><ele>21</ele></trkpt>
      <trkpt lat="51.653993" lon="-0.048437"><ele>21</ele></trkpt>
      <trkpt lat="51.654296" lon="-0.048379"><ele>21</ele></trkpt>
      <trkpt lat="51.6547" lon="-0.048264"><ele>21</ele></trkpt>
      <trkpt lat="51.654741" lon="-0.048318"><ele>21</ele></trkpt>
      <trkpt lat="51.654797" lon="-0.048293"><ele>21</ele></trkpt>
      <trkpt lat="51.65483" lon="-0.048279"><ele>21.25</ele></trkpt>
      <trkpt lat="51.654861" lon="-0.048263"><ele>21.25</ele></trkpt>
      <trkpt lat="51.654994" lon="-0.048199"><ele>21.5</ele></trkpt>
      <trkpt lat="51.655002" lon="-0.048194"><ele>21.25</ele></trkpt>
      <trkpt lat="51.655056" lon="-0.04816"><ele>21.25</ele></trkpt>
      <trkpt lat="51.655221" lon="-0.048057"><ele>21</ele></trkpt>
      <trkpt lat="51.655273" lon="-0.04802"><ele>21</ele></trkpt>
      <trkpt lat="51.655416" lon="-0.047901"><ele>21.25</ele></trkpt>
      <trkpt lat="51.65574" lon="-0.047703"><ele>21</ele></trkpt>
      <trkpt lat="51.655802" lon="-0.047676"><ele>21</ele></trkpt>
      <trkpt lat="51.655828" lon="-0.047665"><ele>21</ele></trkpt>
      <trkpt lat="51.656018" lon="-0.047584"><ele>21</ele></trkpt>
      <trkpt lat="51.656214" lon="-0.047506"><ele>21</ele></trkpt>
      <trkpt lat="51.65625" lon="-0.047493"><ele>21</ele></trkpt>
      <trkpt lat="51.656499" lon="-0.047388"><ele>21</ele></trkpt>
      <trkpt lat="51.656586" lon="-0.047352"><ele>21</ele></trkpt>
      <trkpt lat="51.656772" lon="-0.047293"><ele>21</ele></trkpt>
      <trkpt lat="51.656804" lon="-0.047285"><ele>21</ele></trkpt>
      <trkpt lat="51.656812" lon="-0.047283"><ele>21</ele></trkpt>
      <trkpt lat="51.656927" lon="-0.04727"><ele>21</ele></trkpt>
      <trkpt lat="51.656987" lon="-0.047269"><ele>21</ele></trkpt>
      <trkpt lat="51.657024" lon="-0.047269"><ele>21</ele></trkpt>
      <trkpt lat="51.657046" lon="-0.047268"><ele>21</ele></trkpt>
      <trkpt lat="51.657089" lon="-0.04727"><ele>21</ele></trkpt>
      <trkpt lat="51.657175" lon="-0.047275"><ele>21</ele></trkpt>
      <trkpt lat="51.657249" lon="-0.047282"><ele>21</ele></trkpt>
      <trkpt lat="51.657354" lon="-0.04729"><ele>21</ele></trkpt>
      <trkpt lat="51.657414" lon="-0.047294"><ele>21</ele></trkpt>
      <trkpt lat="51.657631" lon="-0.047293"><ele>21</ele></trkpt>
      <trkpt lat="51.657794" lon="-0.04728"><ele>21</ele></trkpt>
      <trkpt lat="51.657847" lon="-0.047274"><ele>21</ele></trkpt>
      <trkpt lat="51.657881" lon="-0.047272"><ele>21</ele></trkpt>
      <trkpt lat="51.658038" lon="-0.047268"><ele>21</ele></trkpt>
      <trkpt lat="51.658153" lon="-0.047259"><ele>21</ele></trkpt>
      <trkpt lat="51.658403" lon="-0.047206"><ele>21</ele></trkpt>
      <trkpt lat="51.658427" lon="-0.047197"><ele>21</ele></trkpt>
      <trkpt lat="51.658597" lon="-0.04716"><ele>21</ele></trkpt>
      <trkpt lat="51.658712" lon="-0.04714"><ele>20.5</ele></trkpt>
      <trkpt lat="51.65877" lon="-0.047129"><ele>20.25</ele></trkpt>
      <trkpt lat="51.658834" lon="-0.047116"><ele>20</ele></trkpt>
      <trkpt lat="51.659024" lon="-0.047063"><ele>20</ele></trkpt>
      <trkpt lat="51.659107" lon="-0.047035"><ele>20</ele></trkpt>
      <trkpt lat="51.659288" lon="-0.046964"><ele>20</ele></trkpt>
      <trkpt lat="51.659616" lon="-0.046793"><ele>20</ele></trkpt>
      <trkpt lat="51.659709" lon="-0.046775"><ele>20</ele></trkpt>
      <trkpt lat="51.659745" lon="-0.046764"><ele>20</ele></trkpt>
      <trkpt lat="51.659882" lon="-0.046731"><ele>20</ele></trkpt>
      <trkpt lat="51.66026" lon="-0.046578"><ele>19.5</ele></trkpt>
      <trkpt lat="51.660338" lon="-0.046549"><ele>19.5</ele></trkpt>
      <trkpt lat="51.660425" lon="-0.046517"><ele>19.25</ele></trkpt>
      <trkpt lat="51.660503" lon="-0.046486"><ele>19.25</ele></trkpt>
      <trkpt lat="51.660639" lon="-0.046435"><ele>19</ele></trkpt>
      <trkpt lat="51.660753" lon="-0.046388"><ele>19</ele></trkpt>
      <trkpt lat="51.660905" lon="-0.046325"><ele>19</ele></trkpt>
      <trkpt lat="51.661041" lon="-0.046263"><ele>19</ele></trkpt>
      <trkpt lat="51.66143" lon="-0.046076"><ele>19</ele></trkpt>
      <trkpt lat="51.661528" lon="-0.046029"><ele>19.5</ele></trkpt>
      <trkpt lat="51.661957" lon="-0.04584"><ele>20</ele></trkpt>
      <trkpt lat="51.66227" lon="-0.045695"><ele>19.75</ele></trkpt>
      <trkpt lat="51.662427" lon="-0.045626"><ele>20</ele></trkpt>
      <trkpt lat="51.662646" lon="-0.045545"><ele>20</ele></trkpt>
      <trkpt lat="51.662748" lon="-0.0455"><ele>20</ele></trkpt>
      <trkpt lat="51.663012" lon="-0.045379"><ele>20.25</ele></trkpt>
      <trkpt lat="51.663352" lon="-0.045212"><ele>20.75</ele></trkpt>
      <trkpt lat="51.6634" lon="-0.045188"><ele>20.5</ele></trkpt>
      <trkpt lat="51.663526" lon="-0.045121"><ele>20.25</ele></trkpt>
      <trkpt lat="51.663636" lon="-0.045036"><ele>20</ele></trkpt>
      <trkpt lat="51.663981" lon="-0.044722"><ele>20</ele></trkpt>
      <trkpt lat="51.664093" lon="-0.04462"><ele>20</ele></trkpt>
      <trkpt lat="51.664194" lon="-0.044533"><ele>20</ele></trkpt>
      <trkpt lat="51.664498" lon="-0.044281"><ele>19.75</ele></trkpt>
      <trkpt lat="51.664701" lon="-0.044146"><ele>19</ele></trkpt>
      <trkpt lat="51.664788" lon="-0.044094"><ele>19</ele></trkpt>
      <trkpt lat="51.664986" lon="-0.043978"><ele>19.25</ele></trkpt>
      <trkpt lat="51.664999" lon="-0.043971"><ele>19.25</ele></trkpt>
      <trkpt lat="51.665366" lon="-0.043752"><ele>19</ele></trkpt>
      <trkpt lat="51.665389" lon="-0.043738"><ele>19</ele></trkpt>
      <trkpt lat="51.665493" lon="-0.043669"><ele>19</ele></trkpt>
      <trkpt lat="51.665583" lon="-0.043609"><ele>19</ele></trkpt>
      <trkpt lat="51.665709" lon="-0.043512"><ele>19</ele></trkpt>
      <trkpt lat="51.665887" lon="-0.043388"><ele>19</ele></trkpt>
      <trkpt lat="51.665949" lon="-0.043347"><ele>19</ele></trkpt>
      <trkpt lat="51.666371" lon="-0.043035"><ele>19</ele></trkpt>
      <trkpt lat="51.666391" lon="-0.043021"><ele>19</ele></trkpt>
      <trkpt lat="51.666503" lon="-0.042932"><ele>19</ele></trkpt>
      <trkpt lat="51.666539" lon="-0.042904"><ele>19</ele></trkpt>
      <trkpt lat="51.666604" lon="-0.042851"><ele>19</ele></trkpt>
      <trkpt lat="51.666708" lon="-0.042769"><ele>19</ele></trkpt>
      <trkpt lat="51.666787" lon="-0.042704"><ele>19</ele></trkpt>
      <trkpt lat="51.666985" lon="-0.042542"><ele>19</ele></trkpt>
      <trkpt lat="51.667283" lon="-0.042301"><ele>19</ele></trkpt>
      <trkpt lat="51.667323" lon="-0.042267"><ele>19</ele></trkpt>
      <trkpt lat="51.667363" lon="-0.042232"><ele>19</ele></trkpt>
      <trkpt lat="51.66752" lon="-0.042083"><ele>18.75</ele></trkpt>
      <trkpt lat="51.667586" lon="-0.042023"><ele>19</ele></trkpt>
      <trkpt lat="51.667855" lon="-0.041816"><ele>19</ele></trkpt>
      <trkpt lat="51.667905" lon="-0.041771"><ele>19</ele></trkpt>
      <trkpt lat="51.668068" lon="-0.041636"><ele>19</ele></trkpt>
      <trkpt lat="51.66812" lon="-0.041595"><ele>19</ele></trkpt>
      <trkpt lat="51.668143" lon="-0.041578"><ele>19</ele></trkpt>
      <trkpt lat="51.668171" lon="-0.041557"><ele>19</ele></trkpt>
      <trkpt lat="51.668189" lon="-0.041615"><ele>19</ele></trkpt>
      <trkpt lat="51.668203" lon="-0.041659"><ele>19</ele></trkpt>
      <trkpt lat="51.668214" lon="-0.04169"><ele>19</ele></trkpt>
      <trkpt lat="51.668263" lon="-0.041649"><ele>19</ele></trkpt>
      <trkpt lat="51.66832" lon="-0.041617"><ele>19</ele></trkpt>
      <trkpt lat="51.669115" lon="-0.045033"><ele>24.75</ele></trkpt>
      <trkpt lat="51.669155" lon="-0.045781"><ele>25</ele></trkpt>
      <trkpt lat="51.669577" lon="-0.045756"><ele>25.25</ele></trkpt>
      <trkpt lat="51.670561" lon="-0.04572"><ele>23.75</ele></trkpt>
      <trkpt lat="51.671323" lon="-0.045732"><ele>22</ele></trkpt>
      <trkpt lat="51.671425" lon="-0.045678"><ele>21.75</ele></trkpt>
      <trkpt lat="51.671662" lon="-0.045501"><ele>21</ele></trkpt>
      <trkpt lat="51.671687" lon="-0.045482"><ele>20.75</ele></trkpt>
      <trkpt lat="51.671971" lon="-0.046484"><ele>21</ele></trkpt>
      <trkpt lat="51.672063" lon="-0.046784"><ele>21</ele></trkpt>
      <trkpt lat="51.672089" lon="-0.046764"><ele>20.75</ele></trkpt>
      <trkpt lat="51.672097" lon="-0.046759"><ele>20.75</ele></trkpt>
      <trkpt lat="51.672111" lon="-0.046808"><ele>20.75</ele></trkpt>
      <trkpt lat="51.672152" lon="-0.046929"><ele>20.5</ele></trkpt>
      <trkpt lat="51.672169" lon="-0.046998"><ele>20.75</ele></trkpt>
      <trkpt lat="51.672198" lon="-0.047069"><ele>21</ele></trkpt>
      <trkpt lat="51.672252" lon="-0.047025"><ele>20.75</ele></trkpt>
      <trkpt lat="51.672319" lon="-0.047006"><ele>21.25</ele></trkpt>
      <trkpt lat="51.672383" lon="-0.046994"><ele>21.75</ele></trkpt>
      <trkpt lat="51.672409" lon="-0.0471"><ele>22</ele></trkpt>
      <trkpt lat="51.672438" lon="-0.047093"><ele>22</ele></trkpt>
      <trkpt lat="51.672507" lon="-0.047074"><ele>22.5</ele></trkpt>
      <trkpt lat="51.67251" lon="-0.04711"><ele>22.5</ele></trkpt>
      <trkpt lat="51.672528" lon="-0.047266"><ele>22.5</ele></trkpt>
      <trkpt lat="51.67255" lon="-0.047259"><ele>22.75</ele></trkpt>
      <trkpt lat="51.67263" lon="-0.047234"><ele>24.75</ele></trkpt>
      <trkpt lat="51.67255" lon="-0.047259"><ele>22.75</ele></trkpt>
      <trkpt lat="51.672528" lon="-0.047266"><ele>22.5</ele></trkpt>
      <trkpt lat="51.67251" lon="-0.04711"><ele>22.5</ele></trkpt>
      <trkpt lat="51.672507" lon="-0.047074"><ele>22.5</ele></trkpt>
      <trkpt lat="51.672438" lon="-0.047093"><ele>22</ele></trkpt>
      <trkpt lat="51.672409" lon="-0.0471"><ele>22</ele></trkpt>
      <trkpt lat="51.672383" lon="-0.046994"><ele>21.75</ele></trkpt>
      <trkpt lat="51.672319" lon="-0.047006"><ele>21.25</ele></trkpt>
      <trkpt lat="51.672252" lon="-0.047025"><ele>20.75</ele></trkpt>
      <trkpt lat="51.672198" lon="-0.047069"><ele>21</ele></trkpt>
      <trkpt lat="51.672169" lon="-0.046998"><ele>20.75</ele></trkpt>
      <trkpt lat="51.672243" lon="-0.046974"><ele>20.25</ele></trkpt>
      <trkpt lat="51.672308" lon="-0.046956"><ele>20.75</ele></trkpt>
      <trkpt lat="51.672388" lon="-0.046937"><ele>21.75</ele></trkpt>
      <trkpt lat="51.672456" lon="-0.04692"><ele>22.5</ele></trkpt>
      <trkpt lat="51.672842" lon="-0.04681"><ele>26</ele></trkpt>
      <trkpt lat="51.672973" lon="-0.046809"><ele>26.25</ele></trkpt>
      <trkpt lat="51.672964" lon="-0.046654"><ele>25.5</ele></trkpt>
      <trkpt lat="51.672977" lon="-0.046582"><ele>25.25</ele></trkpt>
      <trkpt lat="51.67319" lon="-0.046408"><ele>25.5</ele></trkpt>
      <trkpt lat="51.673483" lon="-0.04621"><ele>25.75</ele></trkpt>
      <trkpt lat="51.673608" lon="-0.046147"><ele>26</ele></trkpt>
      <trkpt lat="51.673728" lon="-0.046065"><ele>26.25</ele></trkpt>
      <trkpt lat="51.67381" lon="-0.046026"><ele>26.25</ele></trkpt>
      <trkpt lat="51.673883" lon="-0.046033"><ele>26.5</ele></trkpt>
      <trkpt lat="51.673944" lon="-0.046057"><ele>26.5</ele></trkpt>
      <trkpt lat="51.673976" lon="-0.046087"><ele>26.5</ele></trkpt>
      <trkpt lat="51.674031" lon="-0.046101"><ele>26.25</ele></trkpt>
      <trkpt lat="51.67409" lon="-0.046092"><ele>26.25</ele></trkpt>
      <trkpt lat="51.6743" lon="-0.04599"><ele>26</ele></trkpt>
      <trkpt lat="51.674518" lon="-0.045971"><ele>26</ele></trkpt>
      <trkpt lat="51.67464" lon="-0.04594"><ele>26.25</ele></trkpt>
      <trkpt lat="51.674821" lon="-0.045863"><ele>26</ele></trkpt>
      <trkpt lat="51.674979" lon="-0.045755"><ele>26</ele></trkpt>
      <trkpt lat="51.675144" lon="-0.045674"><ele>26</ele></trkpt>
      <trkpt lat="51.675376" lon="-0.045626"><ele>26</ele></trkpt>
      <trkpt lat="51.675609" lon="-0.045599"><ele>26</ele></trkpt>
      <trkpt lat="51.675753" lon="-0.045556"><ele>26</ele></trkpt>
      <trkpt lat="51.675918" lon="-0.045479"><ele>25.5</ele></trkpt>
      <trkpt lat="51.67622" lon="-0.04546"><ele>25</ele></trkpt>
      <trkpt lat="51.676504" lon="-0.045476"><ele>25</ele></trkpt>
      <trkpt lat="51.676743" lon="-0.045517"><ele>25</ele></trkpt>
      <trkpt lat="51.676953" lon="-0.045433"><ele>25</ele></trkpt>
      <trkpt lat="51.677078" lon="-0.045399"><ele>25</ele></trkpt>
      <trkpt lat="51.677261" lon="-0.045299"><ele>24.75</ele></trkpt>
      <trkpt lat="51.67745" lon="-0.045227"><ele>24.75</ele></trkpt>
      <trkpt lat="51.677643" lon="-0.045197"><ele>24.25</ele></trkpt>
      <trkpt lat="51.677782" lon="-0.045212"><ele>23.75</ele></trkpt>
      <trkpt lat="51.678063" lon="-0.045204"><ele>23.5</ele></trkpt>
      <trkpt lat="51.67811" lon="-0.045224"><ele>23.75</ele></trkpt>
      <trkpt lat="51.678772" lon="-0.045028"><ele>23.25</ele></trkpt>
      <trkpt lat="51.679867" lon="-0.04468"><ele>22</ele></trkpt>
      <trkpt lat="51.68071" lon="-0.04439"><ele>21.75</ele></trkpt>
      <trkpt lat="51.68074" lon="-0.044302"><ele>22.25</ele></trkpt>
      <trkpt lat="51.680772" lon="-0.044054"><ele>22.5</ele></trkpt>
      <trkpt lat="51.680825" lon="-0.043728"><ele>21.75</ele></trkpt>
      <trkpt lat="51.680929" lon="-0.042787"><ele>21.5</ele></trkpt>
      <trkpt lat="51.680953" lon="-0.04259"><ele>21.75</ele></trkpt>
      <trkpt lat="51.681011" lon="-0.04247"><ele>22</ele></trkpt>
      <trkpt lat="51.681029" lon="-0.042448"><ele>22.25</ele></trkpt>
      <trkpt lat="51.68105" lon="-0.042422"><ele>22.25</ele></trkpt>
      <trkpt lat="51.681099" lon="-0.042394"><ele>22.5</ele></trkpt>
      <trkpt lat="51.68111" lon="-0.042164"><ele>21.75</ele></trkpt>
      <trkpt lat="51.681128" lon="-0.041835"><ele>21.5</ele></trkpt>
      <trkpt lat="51.681137" lon="-0.041378"><ele>20.75</ele></trkpt>
      <trkpt lat="51.681231" lon="-0.041374"><ele>20.75</ele></trkpt>
      <trkpt lat="51.681557" lon="-0.041423"><ele>20.25</ele></trkpt>
      <trkpt lat="51.68164" lon="-0.041424"><ele>20</ele></trkpt>
      <trkpt lat="51.681772" lon="-0.041449"><ele>20.5</ele></trkpt>
      <trkpt lat="51.682059" lon="-0.041343"><ele>21</ele></trkpt>
      <trkpt lat="51.682094" lon="-0.04132"><ele>21</ele></trkpt>
      <trkpt lat="51.682292" lon="-0.041195"><ele>21</ele></trkpt>
      <trkpt lat="51.682269" lon="-0.040488"><ele>20</ele></trkpt>
      <trkpt lat="51.682292" lon="-0.040029"><ele>20.25</ele></trkpt>
      <trkpt lat="51.682311" lon="-0.040026"><ele>20.25</ele></trkpt>
      <trkpt lat="51.682347" lon="-0.04002"><ele>20.25</ele></trkpt>
      <trkpt lat="51.682943" lon="-0.0399"><ele>21</ele></trkpt>
      <trkpt lat="51.683263" lon="-0.039839"><ele>21</ele></trkpt>
      <trkpt lat="51.683238" lon="-0.039223"><ele>21</ele></trkpt>
      <trkpt lat="51.68327" lon="-0.039218"><ele>21</ele></trkpt>
      <trkpt lat="51.683471" lon="-0.039187"><ele>21</ele></trkpt>
      <trkpt lat="51.683565" lon="-0.039173"><ele>21</ele></trkpt>
      <trkpt lat="51.683546" lon="-0.038593"><ele>21</ele></trkpt>
      <trkpt lat="51.684577" lon="-0.038432"><ele>21</ele></trkpt>
      <trkpt lat="51.686071" lon="-0.038192"><ele>22</ele></trkpt>
      <trkpt lat="51.686057" lon="-0.037738"><ele>21.75</ele></trkpt>
      <trkpt lat="51.68609" lon="-0.037735"><ele>21.75</ele></trkpt>
      <trkpt lat="51.686517" lon="-0.037687"><ele>22</ele></trkpt>
      <trkpt lat="51.686622" lon="-0.037678"><ele>22</ele></trkpt>
      <trkpt lat="51.686682" lon="-0.03767"><ele>22</ele></trkpt>
      <trkpt lat="51.686842" lon="-0.037664"><ele>22</ele></trkpt>
      <trkpt lat="51.686838" lon="-0.037225"><ele>22</ele></trkpt>
      <trkpt lat="51.686842" lon="-0.037143"><ele>22</ele></trkpt>
      <trkpt lat="51.686851" lon="-0.037066"><ele>22</ele></trkpt>
      <trkpt lat="51.686889" lon="-0.036955"><ele>22</ele></trkpt>
      <trkpt lat="51.686912" lon="-0.036803"><ele>21.25</ele></trkpt>
      <trkpt lat="51.68694" lon="-0.036571"><ele>21</ele></trkpt>
      <trkpt lat="51.686939" lon="-0.036387"><ele>21</ele></trkpt>
      <trkpt lat="51.686961" lon="-0.035724"><ele>21</ele></trkpt>
      <trkpt lat="51.686963" lon="-0.035249"><ele>21</ele></trkpt>
      <trkpt lat="51.686968" lon="-0.035134"><ele>21</ele></trkpt>
      <trkpt lat="51.686941" lon="-0.034402"><ele>21</ele></trkpt>
      <trkpt lat="51.687233" lon="-0.03439"><ele>21</ele></trkpt>
      <trkpt lat="51.687933" lon="-0.034365"><ele>21.5</ele></trkpt>
      <trkpt lat="51.688315" lon="-0.034326"><ele>21.5</ele></trkpt>
      <trkpt lat="51.688469" lon="-0.034315"><ele>21.75</ele></trkpt>
      <trkpt lat="51.688513" lon="-0.034308"><ele>21.75</ele></trkpt>
      <trkpt lat="51.688602" lon="-0.034301"><ele>21.75</ele></trkpt>
      <trkpt lat="51.688668" lon="-0.034297"><ele>22</ele></trkpt>
      <trkpt lat="51.688874" lon="-0.034286"><ele>22</ele></trkpt>
      <trkpt lat="51.688932" lon="-0.034265"><ele>21.75</ele></trkpt>
      <trkpt lat="51.688969" lon="-0.034235"><ele>22</ele></trkpt>
      <trkpt lat="51.689019" lon="-0.034232"><ele>22</ele></trkpt>
      <trkpt lat="51.689092" lon="-0.034185"><ele>22</ele></trkpt>
      <trkpt lat="51.689137" lon="-0.034168"><ele>22</ele></trkpt>
      <trkpt lat="51.689194" lon="-0.034141"><ele>22</ele></trkpt>
      <trkpt lat="51.68922" lon="-0.034167"><ele>21.75</ele></trkpt>
      <trkpt lat="51.689312" lon="-0.03419"><ele>21.75</ele></trkpt>
      <trkpt lat="51.689354" lon="-0.034187"><ele>21.75</ele></trkpt>
      <trkpt lat="51.689418" lon="-0.034159"><ele>22</ele></trkpt>
      <trkpt lat="51.689465" lon="-0.034114"><ele>21.75</ele></trkpt>
      <trkpt lat="51.689492" lon="-0.034067"><ele>21.75</ele></trkpt>
      <trkpt lat="51.689515" lon="-0.033996"><ele>21.75</ele></trkpt>
      <trkpt lat="51.689641" lon="-0.033812"><ele>21</ele></trkpt>
      <trkpt lat="51.689667" lon="-0.033779"><ele>21</ele></trkpt>
      <trkpt lat="51.689788" lon="-0.033702"><ele>21</ele></trkpt>
      <trkpt lat="51.68983" lon="-0.033689"><ele>21</ele></trkpt>
      <trkpt lat="51.689861" lon="-0.033624"><ele>21</ele></trkpt>
      <trkpt lat="51.689897" lon="-0.033632"><ele>21</ele></trkpt>
      <trkpt lat="51.690002" lon="-0.033654"><ele>21</ele></trkpt>
      <trkpt lat="51.690041" lon="-0.033664"><ele>21</ele></trkpt>
      <trkpt lat="51.690202" lon="-0.033706"><ele>21</ele></trkpt>
      <trkpt lat="51.690364" lon="-0.033744"><ele>21</ele></trkpt>
      <trkpt lat="51.690459" lon="-0.033772"><ele>21</ele></trkpt>
      <trkpt lat="51.690527" lon="-0.033789"><ele>21</ele></trkpt>
      <trkpt lat="51.690759" lon="-0.033858"><ele>21</ele></trkpt>
      <trkpt lat="51.690872" lon="-0.033893"><ele>21</ele></trkpt>
      <trkpt lat="51.69092" lon="-0.033911"><ele>21</ele></trkpt>
      <trkpt lat="51.690998" lon="-0.033936"><ele>21</ele></trkpt>
      <trkpt lat="51.691221" lon="-0.03402"><ele>21</ele></trkpt>
      <trkpt lat="51.69132" lon="-0.034055"><ele>21</ele></trkpt>
      <trkpt lat="51.691486" lon="-0.034115"><ele>21</ele></trkpt>
      <trkpt lat="51.691616" lon="-0.034159"><ele>21</ele></trkpt>
      <trkpt lat="51.691793" lon="-0.034219"><ele>21</ele></trkpt>
      <trkpt lat="51.691924" lon="-0.03423"><ele>21</ele></trkpt>
      <trkpt lat="51.692035" lon="-0.034226"><ele>21</ele></trkpt>
      <trkpt lat="51.692247" lon="-0.034353"><ele>21.5</ele></trkpt>
      <trkpt lat="51.692321" lon="-0.034328"><ele>21.5</ele></trkpt>
      <trkpt lat="51.692373" lon="-0.034322"><ele>21.5</ele></trkpt>
      <trkpt lat="51.692589" lon="-0.034349"><ele>21.75</ele></trkpt>
      <trkpt lat="51.692672" lon="-0.034365"><ele>21.75</ele></trkpt>
      <trkpt lat="51.692696" lon="-0.03437"><ele>21.75</ele></trkpt>
      <trkpt lat="51.692694" lon="-0.034419"><ele>21.75</ele></trkpt>
      <trkpt lat="51.692694" lon="-0.034451"><ele>22</ele></trkpt>
      <trkpt lat="51.692734" lon="-0.034464"><ele>22</ele></trkpt>
      <trkpt lat="51.692763" lon="-0.034504"><ele>22</ele></trkpt>
      <trkpt lat="51.692779" lon="-0.03457"><ele>22</ele></trkpt>
      <trkpt lat="51.692799" lon="-0.034568"><ele>22</ele></trkpt>
      <trkpt lat="51.692829" lon="-0.034566"><ele>22</ele></trkpt>
      <trkpt lat="51.69283" lon="-0.034599"><ele>22</ele></trkpt>
      <trkpt lat="51.692856" lon="-0.034659"><ele>22</ele></trkpt>
      <trkpt lat="51.692871" lon="-0.035021"><ele>22</ele></trkpt>
      <trkpt lat="51.692668" lon="-0.035079"><ele>22</ele></trkpt>
      <trkpt lat="51.69263" lon="-0.035071"><ele>22</ele></trkpt>
      <trkpt lat="51.69259" lon="-0.03504"><ele>22</ele></trkpt>
      <trkpt lat="51.692473" lon="-0.034919"><ele>22</ele></trkpt>
      <trkpt lat="51.69259" lon="-0.03504"><ele>22</ele></trkpt>
      <trkpt lat="51.69263" lon="-0.035071"><ele>22</ele></trkpt>
      <trkpt lat="51.692668" lon="-0.035079"><ele>22</ele></trkpt>
      <trkpt lat="51.692871" lon="-0.035021"><ele>22</ele></trkpt>
      <trkpt lat="51.692856" lon="-0.034659"><ele>22</ele></trkpt>
      <trkpt lat="51.69283" lon="-0.034599"><ele>22</ele></trkpt>
      <trkpt lat="51.692829" lon="-0.034566"><ele>22</ele></trkpt>
      <trkpt lat="51.692828" lon="-0.03454"><ele>22</ele></trkpt>
      <trkpt lat="51.692855" lon="-0.034441"><ele>22</ele></trkpt>
      <trkpt lat="51.693386" lon="-0.034525"><ele>22</ele></trkpt>
      <trkpt lat="51.693547" lon="-0.03453"><ele>22</ele></trkpt>
      <trkpt lat="51.693636" lon="-0.034536"><ele>22</ele></trkpt>
      <trkpt lat="51.693778" lon="-0.034545"><ele>22</ele></trkpt>
      <trkpt lat="51.693888" lon="-0.034557"><ele>22</ele></trkpt>
      <trkpt lat="51.694072" lon="-0.034584"><ele>22</ele></trkpt>
      <trkpt lat="51.694356" lon="-0.034592"><ele>22</ele></trkpt>
      <trkpt lat="51.694578" lon="-0.034586"><ele>22</ele></trkpt>
      <trkpt lat="51.694668" lon="-0.034585"><ele>22</ele></trkpt>
      <trkpt lat="51.694704" lon="-0.034584"><ele>22</ele></trkpt>
      <trkpt lat="51.694738" lon="-0.034583"><ele>22</ele></trkpt>
      <trkpt lat="51.69523" lon="-0.034572"><ele>22.25</ele></trkpt>
      <trkpt lat="51.695495" lon="-0.034564"><ele>22.25</ele></trkpt>
      <trkpt lat="51.695655" lon="-0.034557"><ele>22.25</ele></trkpt>
      <trkpt lat="51.695886" lon="-0.034534"><ele>22.25</ele></trkpt>
      <trkpt lat="51.695987" lon="-0.034533"><ele>22</ele></trkpt>
      <trkpt lat="51.696007" lon="-0.034533"><ele>22</ele></trkpt>
      <trkpt lat="51.696139" lon="-0.034528"><ele>22</ele></trkpt>
      <trkpt lat="51.69636" lon="-0.034519"><ele>22</ele></trkpt>
      <trkpt lat="51.696386" lon="-0.034521"><ele>22</ele></trkpt>
      <trkpt lat="51.696551" lon="-0.034519"><ele>22</ele></trkpt>
      <trkpt lat="51.69721" lon="-0.034514"><ele>22.75</ele></trkpt>
      <trkpt lat="51.697363" lon="-0.034505"><ele>23</ele></trkpt>
      <trkpt lat="51.697363" lon="-0.034433"><ele>23</ele></trkpt>
      <trkpt lat="51.697362" lon="-0.034355"><ele>23</ele></trkpt>
      <trkpt lat="51.697361" lon="-0.033892"><ele>23</ele></trkpt>
      <trkpt lat="51.69736" lon="-0.033805"><ele>23</ele></trkpt>
      <trkpt lat="51.697355" lon="-0.03364"><ele>23</ele></trkpt>
      <trkpt lat="51.697353" lon="-0.033525"><ele>23</ele></trkpt>
      <trkpt lat="51.697345" lon="-0.033149"><ele>22.25</ele></trkpt>
      <trkpt lat="51.69735" lon="-0.033036"><ele>22</ele></trkpt>
      <trkpt lat="51.697369" lon="-0.0329"><ele>22</ele></trkpt>
      <trkpt lat="51.697472" lon="-0.032488"><ele>22</ele></trkpt>
      <trkpt lat="51.697516" lon="-0.03225"><ele>22</ele></trkpt>
      <trkpt lat="51.697511" lon="-0.032087"><ele>22</ele></trkpt>
      <trkpt lat="51.697554" lon="-0.032084"><ele>22</ele></trkpt>
      <trkpt lat="51.697567" lon="-0.032083"><ele>22</ele></trkpt>
      <trkpt lat="51.697564" lon="-0.032013"><ele>22</ele></trkpt>
      <trkpt lat="51.697607" lon="-0.032022"><ele>22</ele></trkpt>
      <trkpt lat="51.697653" lon="-0.032015"><ele>22</ele></trkpt>
      <trkpt lat="51.697801" lon="-0.032018"><ele>22</ele></trkpt>
      <trkpt lat="51.697786" lon="-0.031673"><ele>21</ele></trkpt>
      <trkpt lat="51.697783" lon="-0.031564"><ele>21</ele></trkpt>
      <trkpt lat="51.697799" lon="-0.03152"><ele>21</ele></trkpt>
      <trkpt lat="51.697772" lon="-0.031424"><ele>21</ele></trkpt>
      <trkpt lat="51.697767" lon="-0.031372"><ele>21</ele></trkpt>
      <trkpt lat="51.697748" lon="-0.031063"><ele>21</ele></trkpt>
      <trkpt lat="51.698001" lon="-0.031012"><ele>21</ele></trkpt>
      <trkpt lat="51.698099" lon="-0.030929"><ele>21</ele></trkpt>
      <trkpt lat="51.698131" lon="-0.030884"><ele>21</ele></trkpt>
      <trkpt lat="51.698144" lon="-0.030897"><ele>21</ele></trkpt>
      <trkpt lat="51.69821" lon="-0.030889"><ele>21</ele></trkpt>
      <trkpt lat="51.698338" lon="-0.03078"><ele>21</ele></trkpt>
      <trkpt lat="51.698376" lon="-0.030748"><ele>20.75</ele></trkpt>
      <trkpt lat="51.698505" lon="-0.030688"><ele>21</ele></trkpt>
      <trkpt lat="51.6986" lon="-0.030672"><ele>21</ele></trkpt>
      <trkpt lat="51.699246" lon="-0.030584"><ele>21</ele></trkpt>
      <trkpt lat="51.699272" lon="-0.03058"><ele>21</ele></trkpt>
      <trkpt lat="51.699266" lon="-0.030278"><ele>21</ele></trkpt>
      <trkpt lat="51.699248" lon="-0.030041"><ele>21</ele></trkpt>
      <trkpt lat="51.69922" lon="-0.029742"><ele>21</ele></trkpt>
      <trkpt lat="51.699212" lon="-0.029494"><ele>20.25</ele></trkpt>
      <trkpt lat="51.699214" lon="-0.029229"><ele>20</ele></trkpt>
      <trkpt lat="51.699224" lon="-0.028789"><ele>20</ele></trkpt>
      <trkpt lat="51.699247" lon="-0.028437"><ele>20</ele></trkpt>
      <trkpt lat="51.699301" lon="-0.027918"><ele>20</ele></trkpt>
      <trkpt lat="51.699316" lon="-0.027722"><ele>20</ele></trkpt>
      <trkpt lat="51.69933" lon="-0.02764"><ele>20</ele></trkpt>
      <trkpt lat="51.699335" lon="-0.027604"><ele>20</ele></trkpt>
      <trkpt lat="51.699373" lon="-0.027501"><ele>20</ele></trkpt>
      <trkpt lat="51.699427" lon="-0.027426"><ele>20</ele></trkpt>
      <trkpt lat="51.699453" lon="-0.027389"><ele>20</ele></trkpt>
      <trkpt lat="51.699508" lon="-0.0275"><ele>20</ele></trkpt>
      <trkpt lat="51.69958" lon="-0.027575"><ele>20</ele></trkpt>
      <trkpt lat="51.699684" lon="-0.027618"><ele>20</ele></trkpt>
      <trkpt lat="51.699756" lon="-0.027622"><ele>20</ele></trkpt>
      <trkpt lat="51.699977" lon="-0.027577"><ele>20</ele></trkpt>
      <trkpt lat="51.700223" lon="-0.027548"><ele>20</ele></trkpt>
      <trkpt lat="51.700483" lon="-0.027522"><ele>20</ele></trkpt>
      <trkpt lat="51.70079" lon="-0.027483"><ele>20</ele></trkpt>
      <trkpt lat="51.700847" lon="-0.027482"><ele>20</ele></trkpt>
      <trkpt lat="51.701139" lon="-0.027433"><ele>20</ele></trkpt>
      <trkpt lat="51.701423" lon="-0.027399"><ele>20</ele></trkpt>
      <trkpt lat="51.701743" lon="-0.027362"><ele>20.5</ele></trkpt>
      <trkpt lat="51.701971" lon="-0.02734"><ele>20.25</ele></trkpt>
      <trkpt lat="51.702152" lon="-0.027325"><ele>20.25</ele></trkpt>
      <trkpt lat="51.702431" lon="-0.027322"><ele>20.75</ele></trkpt>
      <trkpt lat="51.702796" lon="-0.027349"><ele>21</ele></trkpt>
      <trkpt lat="51.702812" lon="-0.02709"><ele>21</ele></trkpt>
      <trkpt lat="51.702849" lon="-0.026791"><ele>21</ele></trkpt>
      <trkpt lat="51.702928" lon="-0.02644"><ele>20.5</ele></trkpt>
      <trkpt lat="51.702982" lon="-0.026164"><ele>20.75</ele></trkpt>
      <trkpt lat="51.703017" lon="-0.025897"><ele>21</ele></trkpt>
      <trkpt lat="51.703055" lon="-0.025552"><ele>20.75</ele></trkpt>
      <trkpt lat="51.70309" lon="-0.025144"><ele>20</ele></trkpt>
      <trkpt lat="51.703134" lon="-0.024732"><ele>20.75</ele></trkpt>
      <trkpt lat="51.703165" lon="-0.024467"><ele>21</ele></trkpt>
      <trkpt lat="51.703184" lon="-0.024263"><ele>20.5</ele></trkpt>
      <trkpt lat="51.70319" lon="-0.024193"><ele>20.5</ele></trkpt>
      <trkpt lat="51.703163" lon="-0.024186"><ele>20.5</ele></trkpt>
      <trkpt lat="51.703138" lon="-0.02418"><ele>20.5</ele></trkpt>
      <trkpt lat="51.703145" lon="-0.02413"><ele>20.75</ele></trkpt>
      <trkpt lat="51.703147" lon="-0.024109"><ele>20.75</ele></trkpt>
      <trkpt lat="51.702979" lon="-0.024079"><ele>21.25</ele></trkpt>
      <trkpt lat="51.702976" lon="-0.024006"><ele>21.5</ele></trkpt>
      <trkpt lat="51.702878" lon="-0.024018"><ele>21.5</ele></trkpt>
    </trkseg>
    <trkseg>
      <trkpt lat="51.624926" lon="-0.061097"><ele>16.25</ele></trkpt>
      <trkpt lat="51.624951" lon="-0.061089"><ele>16.5</ele></trkpt>
      <trkpt lat="51.624945" lon="-0.06104"><ele>16</ele></trkpt>
      <trkpt lat="51.624926" lon="-0.060865"><ele>14.25</ele></trkpt>
      <trkpt lat="51.624922" lon="-0.060834"><ele>14</ele></trkpt>
      <trkpt lat="51.624949" lon="-0.060831"><ele>14</ele></trkpt>
      <trkpt lat="51.624974" lon="-0.060811"><ele>14</ele></trkpt>
      <trkpt lat="51.625011" lon="-0.060836"><ele>14</ele></trkpt>
      <trkpt lat="51.625077" lon="-0.060946"><ele>15.25</ele></trkpt>
      <trkpt lat="51.62512" lon="-0.0611"><ele>17.25</ele></trkpt>
      <trkpt lat="51.625132" lon="-0.061177"><ele>17</ele></trkpt>
      <trkpt lat="51.625141" lon="-0.061173"><ele>17</ele></trkpt>
      <trkpt lat="51.625176" lon="-0.061155"><ele>17.25</ele></trkpt>
      <trkpt lat="51.625182" lon="-0.061195"><ele>16.75</ele></trkpt>
      <trkpt lat="51.625189" lon="-0.061246"><ele>16.5</ele></trkpt>
      <trkpt lat="51.625238" lon="-0.061628"><ele>15</ele></trkpt>
      <trkpt lat="51.625264" lon="-0.061996"><ele>15</ele></trkpt>
      <trkpt lat="51.625288" lon="-0.062193"><ele>15.75</ele></trkpt>
      <trkpt lat="51.625342" lon="-0.062517"><ele>16</ele></trkpt>
      <trkpt lat="51.625549" lon="-0.063383"><ele>16.75</ele></trkpt>
      <trkpt lat="51.625706" lon="-0.064006"><ele>17</ele></trkpt>
      <trkpt lat="51.625738" lon="-0.064126"><ele>17</ele></trkpt>
      <trkpt lat="51.625828" lon="-0.064416"><ele>17.75</ele></trkpt>
      <trkpt lat="51.625906" lon="-0.064623"><ele>17.75</ele></trkpt>
      <trkpt lat="51.626023" lon="-0.064531"><ele>17.5</ele></trkpt>
      <trkpt lat="51.62626" lon="-0.0644"><ele>17</ele></trkpt>
      <trkpt lat="51.626409" lon="-0.064391"><ele>16.75</ele></trkpt>
      <trkpt lat="51.626562" lon="-0.064377"><ele>16.25</ele></trkpt>
      <trkpt lat="51.626706" lon="-0.064374"><ele>16</ele></trkpt>
      <trkpt lat="51.626738" lon="-0.064373"><ele>16</ele></trkpt>
      <trkpt lat="51.627198" lon="-0.064323"><ele>16</ele></trkpt>
      <trkpt lat="51.627465" lon="-0.064305"><ele>16</ele></trkpt>
      <trkpt lat="51.627725" lon="-0.064288"><ele>16</ele></trkpt>
      <trkpt lat="51.628299" lon="-0.06422"><ele>15</ele></trkpt>
      <trkpt lat="51.628451" lon="-0.064202"><ele>15</ele></trkpt>
      <trkpt lat="51.62901" lon="-0.064136"><ele>16</ele></trkpt>
      <trkpt lat="51.629318" lon="-0.0641"><ele>16</ele></trkpt>
      <trkpt lat="51.629883" lon="-0.064451"><ele>16</ele></trkpt>
      <trkpt lat="51.630477" lon="-0.064862"><ele>16.75</ele></trkpt>
      <trkpt lat="51.631242" lon="-0.065376"><ele>17</ele></trkpt>
      <trkpt lat="51.631534" lon="-0.06557"><ele>17.5</ele></trkpt>
      <trkpt lat="51.631797" lon="-0.065762"><ele>18</ele></trkpt>
      <trkpt lat="51.631878" lon="-0.065809"><ele>18</ele></trkpt>
      <trkpt lat="51.631975" lon="-0.065844"><ele>18</ele></trkpt>
      <trkpt lat="51.632134" lon="-0.065856"><ele>18</ele></trkpt>
      <trkpt lat="51.632596" lon="-0.065861"><ele>19</ele></trkpt>
      <trkpt lat="51.632736" lon="-0.065835"><ele>19</ele></trkpt>
      <trkpt lat="51.632817" lon="-0.065854"><ele>19</ele></trkpt>
      <trkpt lat="51.632915" lon="-0.065831"><ele>19</ele></trkpt>
      <trkpt lat="51.632931" lon="-0.065827"><ele>19</ele></trkpt>
      <trkpt lat="51.633135" lon="-0.06577"><ele>18.75</ele></trkpt>
      <trkpt lat="51.633168" lon="-0.065775"><ele>18.75</ele></trkpt>
      <trkpt lat="51.633469" lon="-0.065808"><ele>18.75</ele></trkpt>
      <trkpt lat="51.633579" lon="-0.065823"><ele>18.75</ele></trkpt>
      <trkpt lat="51.633695" lon="-0.065859"><ele>19</ele></trkpt>
      <trkpt lat="51.633786" lon="-0.065924"><ele>19</ele></trkpt>
      <trkpt lat="51.633836" lon="-0.066005"><ele>19</ele></trkpt>
      <trkpt lat="51.633884" lon="-0.066105"><ele>19</ele></trkpt>
      <trkpt lat="51.633921" lon="-0.066245"><ele>19.5</ele></trkpt>
      <trkpt lat="51.633946" lon="-0.066394"><ele>20</ele></trkpt>
      <trkpt lat="51.633984" lon="-0.06662"><ele>20.25</ele></trkpt>
      <trkpt lat="51.634073" lon="-0.06715"><ele>21</ele></trkpt>
      <trkpt lat="51.634163" lon="-0.067775"><ele>21</ele></trkpt>
      <trkpt lat="51.634187" lon="-0.067998"><ele>21.75</ele></trkpt>
      <trkpt lat="51.634222" lon="-0.06857"><ele>22</ele></trkpt>
      <trkpt lat="51.634271" lon="-0.068804"><ele>22</ele></trkpt>
      <trkpt lat="51.634301" lon="-0.069166"><ele>22.25</ele></trkpt>
      <trkpt lat="51.634315" lon="-0.069327"><ele>22</ele></trkpt>
      <trkpt lat="51.634341" lon="-0.069504"><ele>22</ele></trkpt>
      <trkpt lat="51.634357" lon="-0.069652"><ele>22</ele></trkpt>
      <trkpt lat="51.634377" lon="-0.069777"><ele>22</ele></trkpt>
      <trkpt lat="51.634389" lon="-0.069893"><ele>22</ele></trkpt>
      <trkpt lat="51.634407" lon="-0.070081"><ele>22</ele></trkpt>
      <trkpt lat="51.634446" lon="-0.070078"><ele>21.75</ele></trkpt>
      <trkpt lat="51.634464" lon="-0.070075"><ele>21.75</ele></trkpt>
      <trkpt lat="51.634482" lon="-0.070442"><ele>22.5</ele></trkpt>
      <trkpt lat="51.634511" lon="-0.070501"><ele>22.5</ele></trkpt>
      <trkpt lat="51.634558" lon="-0.070509"><ele>22.25</ele></trkpt>
      <trkpt lat="51.63456" lon="-0.070517"><ele>22.5</ele></trkpt>
      <trkpt lat="51.634566" lon="-0.07056"><ele>22.5</ele></trkpt>
      <trkpt lat="51.635131" lon="-0.070526"><ele>21</ele></trkpt>
      <trkpt lat="51.635248" lon="-0.070462"><ele>21</ele></trkpt>
      <trkpt lat="51.635316" lon="-0.070404"><ele>21</ele></trkpt>
      <trkpt lat="51.635729" lon="-0.069961"><ele>20.25</ele></trkpt>
      <trkpt lat="51.636278" lon="-0.069464"><ele>20</ele></trkpt>
      <trkpt lat="51.638425" lon="-0.067691"><ele>20</ele></trkpt>
      <trkpt lat="51.638563" lon="-0.067601"><ele>20.5</ele></trkpt>
      <trkpt lat="51.639006" lon="-0.067971"><ele>21</ele></trkpt>
      <trkpt lat="51.639235" lon="-0.068165"><ele>21</ele></trkpt>
      <trkpt lat="51.639613" lon="-0.068488"><ele>21.25</ele></trkpt>
      <trkpt lat="51.639645" lon="-0.068543"><ele>21.5</ele></trkpt>
      <trkpt lat="51.639717" lon="-0.068779"><ele>21.75</ele></trkpt>
      <trkpt lat="51.639809" lon="-0.069142"><ele>22.75</ele></trkpt>
      <trkpt lat="51.640081" lon="-0.06895"><ele>23</ele></trkpt>
      <trkpt lat="51.640167" lon="-0.068904"><ele>23</ele></trkpt>
      <trkpt lat="51.64023" lon="-0.068899"><ele>23</ele></trkpt>
      <trkpt lat="51.640302" lon="-0.068931"><ele>23</ele></trkpt>
      <trkpt lat="51.640376" lon="-0.069024"><ele>23</ele></trkpt>
      <trkpt lat="51.640448" lon="-0.069174"><ele>23</ele></trkpt>
      <trkpt lat="51.640535" lon="-0.069457"><ele>23.75</ele></trkpt>
      <trkpt lat="51.640592" lon="-0.0695"><ele>23.75</ele></trkpt>
      <trkpt lat="51.640608" lon="-0.069515"><ele>23.75</ele></trkpt>
      <trkpt lat="51.640644" lon="-0.069557"><ele>23.75</ele></trkpt>
      <trkpt lat="51.640709" lon="-0.069626"><ele>23.5</ele></trkpt>
      <trkpt lat="51.640749" lon="-0.069544"><ele>23.75</ele></trkpt>
      <trkpt lat="51.640781" lon="-0.069556"><ele>23.5</ele></trkpt>
      <trkpt lat="51.640908" lon="-0.069444"><ele>23.5</ele></trkpt>
      <trkpt lat="51.640993" lon="-0.069388"><ele>23.5</ele></trkpt>
      <trkpt lat="51.641092" lon="-0.069355"><ele>23</ele></trkpt>
      <trkpt lat="51.641166" lon="-0.069353"><ele>22.75</ele></trkpt>
      <trkpt lat="51.641254" lon="-0.069369"><ele>22.75</ele></trkpt>
      <trkpt lat="51.641346" lon="-0.069401"><ele>22.75</ele></trkpt>
      <trkpt lat="51.641486" lon="-0.069502"><ele>22.5</ele></trkpt>
      <trkpt lat="51.641525" lon="-0.069375"><ele>22.5</ele></trkpt>
      <trkpt lat="51.641531" lon="-0.069355"><ele>22.25</ele></trkpt>
      <trkpt lat="51.641487" lon="-0.069319"><ele>22.25</ele></trkpt>
      <trkpt lat="51.641531" lon="-0.069355"><ele>22.25</ele></trkpt>
      <trkpt lat="51.641525" lon="-0.069375"><ele>22.5</ele></trkpt>
      <trkpt lat="51.641486" lon="-0.069502"><ele>22.5</ele></trkpt>
      <trkpt lat="51.641628" lon="-0.069651"><ele>22.75</ele></trkpt>
      <trkpt lat="51.641669" lon="-0.069726"><ele>22.75</ele></trkpt>
      <trkpt lat="51.641582" lon="-0.069826"><ele>22.5</ele></trkpt>
      <trkpt lat="51.641682" lon="-0.070008"><ele>22</ele></trkpt>
      <trkpt lat="51.641911" lon="-0.070645"><ele>22</ele></trkpt>
      <trkpt lat="51.642824" lon="-0.071336"><ele>21.75</ele></trkpt>
      <trkpt lat="51.64293" lon="-0.071416"><ele>21.5</ele></trkpt>
      <trkpt lat="51.643013" lon="-0.071474"><ele>21.25</ele></trkpt>
      <trkpt lat="51.643412" lon="-0.071777"><ele>21.5</ele></trkpt>
      <trkpt lat="51.643828" lon="-0.071996"><ele>22</ele></trkpt>
      <trkpt lat="51.645849" lon="-0.073663"><ele>24</ele></trkpt>
      <trkpt lat="51.645717" lon="-0.074783"><ele>24</ele></trkpt>
      <trkpt lat="51.645964" lon="-0.074868"><ele>23.75</ele></trkpt>
      <trkpt lat="51.646293" lon="-0.074942"><ele>24.5</ele></trkpt>
      <trkpt lat="51.647552" lon="-0.075403"><ele>26.5</ele></trkpt>
      <trkpt lat="51.647585" lon="-0.07605"><ele>27</ele></trkpt>
      <trkpt lat="51.64792" lon="-0.076045"><ele>27.5</ele></trkpt>
      <trkpt lat="51.647966" lon="-0.075975"><ele>27.5</ele></trkpt>
      <trkpt lat="51.648019" lon="-0.075969"><ele>27.75</ele></trkpt>
      <trkpt lat="51.648133" lon="-0.076158"><ele>28.25</ele></trkpt>
      <trkpt lat="51.648741" lon="-0.076974"><ele>30</ele></trkpt>
      <trkpt lat="51.649402" lon="-0.077932"><ele>30.75</ele></trkpt>
      <trkpt lat="51.650609" lon="-0.079574"><ele>32</ele></trkpt>
      <trkpt lat="51.650687" lon="-0.079662"><ele>32</ele></trkpt>
      <trkpt lat="51.650713" lon="-0.079521"><ele>32</ele></trkpt>
      <trkpt lat="51.650762" lon="-0.079391"><ele>32</ele></trkpt>
      <trkpt lat="51.650827" lon="-0.079305"><ele>32.25</ele></trkpt>
      <trkpt lat="51.651083" lon="-0.079262"><ele>32.5</ele></trkpt>
      <trkpt lat="51.651334" lon="-0.079326"><ele>32.25</ele></trkpt>
      <trkpt lat="51.651513" lon="-0.079372"><ele>32.25</ele></trkpt>
      <trkpt lat="51.651536" lon="-0.07938"><ele>32.5</ele></trkpt>
      <trkpt lat="51.651807" lon="-0.07947"><ele>32.5</ele></trkpt>
      <trkpt lat="51.651987" lon="-0.079553"><ele>32.25</ele></trkpt>
      <trkpt lat="51.652079" lon="-0.079596"><ele>32.75</ele></trkpt>
      <trkpt lat="51.652195" lon="-0.079402"><ele>32.75</ele></trkpt>
      <trkpt lat="51.652186" lon="-0.079389"><ele>32.75</ele></trkpt>
      <trkpt lat="51.6521" lon="-0.079263"><ele>32.25</ele></trkpt>
      <trkpt lat="51.652056" lon="-0.07934"><ele>32</ele></trkpt>
      <trkpt lat="51.652036" lon="-0.079311"><ele>31.25</ele></trkpt>
    </trkseg>
  </trk>
</gpx>
